ISO-10303-21;
HEADER;
FILE_DESCRIPTION(('Open CASCADE Model'),'2;1');
FILE_NAME('body_thin_p15','2026-09-16T00:00:00Z',('Author'),(
    'Open CASCADE'),'Open CASCADE STEP processor 7.9','build123d',
  'Unknown');
FILE_SCHEMA(('AUTOMOTIVE_DESIGN { 1 0 10303 214 1 1 1 1 }'));
ENDSEC;
DATA;
#1 = APPLICATION_PROTOCOL_DEFINITION('international standard',
  'automotive_design',2000,#2);
#2 = APPLICATION_CONTEXT(
  'core data for automotive mechanical design processes');
#3 = SHAPE_DEFINITION_REPRESENTATION(#4,#10);
#4 = PRODUCT_DEFINITION_SHAPE('','',#5);
#5 = PRODUCT_DEFINITION('design','',#6,#9);
#6 = PRODUCT_DEFINITION_FORMATION('','',#7);
#7 = PRODUCT('body_thin_p15','body_thin_p15','',(#8));
#8 = PRODUCT_CONTEXT('',#2,'mechanical');
#9 = PRODUCT_DEFINITION_CONTEXT('part definition',#2,'design');
#10 = ADVANCED_BREP_SHAPE_REPRESENTATION('',(#11,#15),#6101);
#11 = AXIS2_PLACEMENT_3D('',#12,#13,#14);
#12 = CARTESIAN_POINT('',(0.,0.,0.));
#13 = DIRECTION('',(0.,0.,1.));
#14 = DIRECTION('',(1.,0.,-0.));
#15 = MANIFOLD_SOLID_BREP('',#16);
#16 = CLOSED_SHELL('',(#17,#179,#307,#445,#839,#911,#1043,#1216,#1328,
    #1375,#1402,#1429,#1454,#1479,#1486,#1566,#1649,#1720,#1806,#1837,
    #2385,#2389,#2694,#2698,#2702,#2764,#2909,#3266,#3461,#3758,#3806,
    #3994,#4043,#4093,#4249,#4327,#4398,#4426,#4499,#4526,#4553,#4629,
    #4702,#4729,#4756,#4923,#4999,#5072,#5099,#5126,#5153,#5184,#5201,
    #5651,#5828,#5853,#5880,#5885,#5889,#5967,#6038,#6066,#6094));
#17 = ADVANCED_FACE('',(#18),#32,.F.);
#18 = FACE_BOUND('',#19,.F.);
#19 = EDGE_LOOP('',(#20,#55,#84,#152));
#20 = ORIENTED_EDGE('',*,*,#21,.F.);
#21 = EDGE_CURVE('',#22,#24,#26,.T.);
#22 = VERTEX_POINT('',#23);
#23 = CARTESIAN_POINT('',(2.30926389122E-14,1.499264985772,
    -4.694932995887E-02));
#24 = VERTEX_POINT('',#25);
#25 = CARTESIAN_POINT('',(2.273370725705E-14,5.997060293389,
    -0.187797330805));
#26 = SURFACE_CURVE('',#27,(#31,#43),.PCURVE_S1.);
#27 = LINE('',#28,#29);
#28 = CARTESIAN_POINT('',(2.30926389122E-14,3.498285171144,
    -0.10954844297));
#29 = VECTOR('',#30,1.);
#30 = DIRECTION('',(-4.830536482182E-35,0.999510048898,
    -3.129955513418E-02));
#31 = PCURVE('',#32,#37);
#32 = CYLINDRICAL_SURFACE('',#33,97.102505946136);
#33 = AXIS2_PLACEMENT_3D('',#34,#35,#36);
#34 = CARTESIAN_POINT('',(-94.10250594613,2.74865263447,-24.04807568958)
  );
#35 = DIRECTION('',(0.,0.999510048898,-3.129955513418E-02));
#36 = DIRECTION('',(0.969104813817,7.720012263015E-03,0.24652841874));
#37 = DEFINITIONAL_REPRESENTATION('',(#38),#42);
#38 = LINE('',#39,#40);
#39 = CARTESIAN_POINT('',(0.,0.));
#40 = VECTOR('',#41,1.);
#41 = DIRECTION('',(0.,1.));
#42 = ( GEOMETRIC_REPRESENTATION_CONTEXT(2) 
PARAMETRIC_REPRESENTATION_CONTEXT() REPRESENTATION_CONTEXT('2D SPACE',''
  ) );
#43 = PCURVE('',#44,#49);
#44 = PLANE('',#45);
#45 = AXIS2_PLACEMENT_3D('',#46,#47,#48);
#46 = CARTESIAN_POINT('',(8.237390917448,3.672852822128,1.982531435019)
  );
#47 = DIRECTION('',(-0.246649264819,3.033254955087E-02,0.968629999846));
#48 = DIRECTION('',(0.969104813817,7.720012263015E-03,0.24652841874));
#49 = DEFINITIONAL_REPRESENTATION('',(#50),#54);
#50 = LINE('',#51,#52);
#51 = CARTESIAN_POINT('',(-8.5,-0.109000951885));
#52 = VECTOR('',#53,1.);
#53 = DIRECTION('',(3.422932115802E-34,1.));
#54 = ( GEOMETRIC_REPRESENTATION_CONTEXT(2) 
PARAMETRIC_REPRESENTATION_CONTEXT() REPRESENTATION_CONTEXT('2D SPACE',''
  ) );
#55 = ORIENTED_EDGE('',*,*,#56,.T.);
#56 = EDGE_CURVE('',#22,#57,#59,.T.);
#57 = VERTEX_POINT('',#58);
#58 = CARTESIAN_POINT('',(1.992504314785,0.312955234252,-37.93018801076)
  );
#59 = SURFACE_CURVE('',#60,(#65,#72),.PCURVE_S1.);
#60 = CIRCLE('',#61,97.102505946136);
#61 = AXIS2_PLACEMENT_3D('',#62,#63,#64);
#62 = CARTESIAN_POINT('',(-94.10250594613,0.749632449099,-23.98547657657
    ));
#63 = DIRECTION('',(-4.265092953875E-19,0.999510048898,
    -3.129955513418E-02));
#64 = DIRECTION('',(0.969104813817,7.720012263015E-03,0.24652841874));
#65 = PCURVE('',#32,#66);
#66 = DEFINITIONAL_REPRESENTATION('',(#67),#71);
#67 = LINE('',#68,#69);
#68 = CARTESIAN_POINT('',(0.,-2.000000087618));
#69 = VECTOR('',#70,1.);
#70 = DIRECTION('',(1.,0.));
#71 = ( GEOMETRIC_REPRESENTATION_CONTEXT(2) 
PARAMETRIC_REPRESENTATION_CONTEXT() REPRESENTATION_CONTEXT('2D SPACE',''
  ) );
#72 = PCURVE('',#73,#78);
#73 = TOROIDAL_SURFACE('',#74,98.602505946136,1.5);
#74 = AXIS2_PLACEMENT_3D('',#75,#76,#77);
#75 = CARTESIAN_POINT('',(-94.10250594613,0.749632449099,-23.98547657657
    ));
#76 = DIRECTION('',(-0.,-0.999510048898,3.129955513418E-02));
#77 = DIRECTION('',(0.969104813817,7.720012263015E-03,0.24652841874));
#78 = DEFINITIONAL_REPRESENTATION('',(#79),#83);
#79 = LINE('',#80,#81);
#80 = CARTESIAN_POINT('',(-0.,3.14159265359));
#81 = VECTOR('',#82,1.);
#82 = DIRECTION('',(-1.,0.));
#83 = ( GEOMETRIC_REPRESENTATION_CONTEXT(2) 
PARAMETRIC_REPRESENTATION_CONTEXT() REPRESENTATION_CONTEXT('2D SPACE',''
  ) );
#84 = ORIENTED_EDGE('',*,*,#85,.T.);
#85 = EDGE_CURVE('',#57,#86,#88,.T.);
#86 = VERTEX_POINT('',#87);
#87 = CARTESIAN_POINT('',(1.992504314785,4.810750541868,-38.0710360116)
  );
#88 = SURFACE_CURVE('',#89,(#93,#100),.PCURVE_S1.);
#89 = LINE('',#90,#91);
#90 = CARTESIAN_POINT('',(1.992504314785,2.311975419623,-37.99278712377)
  );
#91 = VECTOR('',#92,1.);
#92 = DIRECTION('',(5.601135714758E-34,0.999510048898,
    -3.129955513418E-02));
#93 = PCURVE('',#32,#94);
#94 = DEFINITIONAL_REPRESENTATION('',(#95),#99);
#95 = LINE('',#96,#97);
#96 = CARTESIAN_POINT('',(0.393398704058,0.));
#97 = VECTOR('',#98,1.);
#98 = DIRECTION('',(0.,1.));
#99 = ( GEOMETRIC_REPRESENTATION_CONTEXT(2) 
PARAMETRIC_REPRESENTATION_CONTEXT() REPRESENTATION_CONTEXT('2D SPACE',''
  ) );
#100 = PCURVE('',#101,#147);
#101 = ( BOUNDED_SURFACE() B_SPLINE_SURFACE(8,4,(
    (#102,#103,#104,#105,#106)
    ,(#107,#108,#109,#110,#111)
    ,(#112,#113,#114,#115,#116)
    ,(#117,#118,#119,#120,#121)
    ,(#122,#123,#124,#125,#126)
    ,(#127,#128,#129,#130,#131)
    ,(#132,#133,#134,#135,#136)
    ,(#137,#138,#139,#140,#141)
    ,(#142,#143,#144,#145,#146
)),.UNSPECIFIED.,.F.,.F.,.F.) B_SPLINE_SURFACE_WITH_KNOTS((9,9),(5,5),(
    0.,1.),(0.,1.),.PIECEWISE_BEZIER_KNOTS.) 
GEOMETRIC_REPRESENTATION_ITEM() RATIONAL_B_SPLINE_SURFACE((
    (1.,1.,1.,1.,1.)
    ,(1.,1.,1.,1.,1.)
    ,(1.,1.,1.,1.,1.)
    ,(1.,1.,1.,1.,1.)
    ,(1.,1.,1.,1.,1.)
    ,(1.,1.,1.,1.,1.)
    ,(1.,1.,1.,1.,1.)
    ,(1.,1.,1.,1.,1.)
,(1.,1.,1.,1.,1.))) REPRESENTATION_ITEM('') SURFACE() );
#102 = CARTESIAN_POINT('',(1.992504314785,5.810260590766,-38.10233556674
    ));
#103 = CARTESIAN_POINT('',(2.491801365288,5.727380338136,-40.74900722082
    ));
#104 = CARTESIAN_POINT('',(2.894237881851,5.642970721359,-43.44451710364
    ));
#105 = CARTESIAN_POINT('',(3.195456938214,5.557206996458,-46.18326864507
    ));
#106 = CARTESIAN_POINT('',(3.391866848361,5.470285226019,-48.95900084475
    ));
#107 = CARTESIAN_POINT('',(1.992504314785,5.123097421202,-38.08081712224
    ));
#108 = CARTESIAN_POINT('',(2.491801365288,5.040217168572,-40.72748877633
    ));
#109 = CARTESIAN_POINT('',(2.894237881851,4.955807551795,-43.42299865914
    ));
#110 = CARTESIAN_POINT('',(3.195456938214,4.870043826894,-46.16175020057
    ));
#111 = CARTESIAN_POINT('',(3.391866848361,4.783122056455,-48.93748240025
    ));
#112 = CARTESIAN_POINT('',(1.992504314785,4.435934251638,-38.05929867774
    ));
#113 = CARTESIAN_POINT('',(2.491801365288,4.353053999007,-40.70597033183
    ));
#114 = CARTESIAN_POINT('',(2.894237881851,4.268644382231,-43.40148021464
    ));
#115 = CARTESIAN_POINT('',(3.195456938214,4.182880657329,-46.14023175608
    ));
#116 = CARTESIAN_POINT('',(3.391866848361,4.095958886891,-48.91596395575
    ));
#117 = CARTESIAN_POINT('',(1.992504314785,3.748771082073,-38.03778023325
    ));
#118 = CARTESIAN_POINT('',(2.491801365288,3.665890829443,-40.68445188733
    ));
#119 = CARTESIAN_POINT('',(2.894237881851,3.581481212666,-43.37996177015
    ));
#120 = CARTESIAN_POINT('',(3.195456938214,3.495717487765,-46.11871331158
    ));
#121 = CARTESIAN_POINT('',(3.391866848361,3.408795717326,-48.89444551126
    ));
#122 = CARTESIAN_POINT('',(1.992504314785,3.061607912509,-38.01626178875
    ));
#123 = CARTESIAN_POINT('',(2.491801365288,2.978727659879,-40.66293344283
    ));
#124 = CARTESIAN_POINT('',(2.894237881851,2.894318043102,-43.35844332565
    ));
#125 = CARTESIAN_POINT('',(3.195456938214,2.808554318201,-46.09719486708
    ));
#126 = CARTESIAN_POINT('',(3.391866848361,2.721632547762,-48.87292706676
    ));
#127 = CARTESIAN_POINT('',(1.992504314785,2.374444742945,-37.99474334425
    ));
#128 = CARTESIAN_POINT('',(2.491801365288,2.291564490314,-40.64141499834
    ));
#129 = CARTESIAN_POINT('',(2.894237881851,2.207154873538,-43.33692488115
    ));
#130 = CARTESIAN_POINT('',(3.195456938214,2.121391148636,-46.07567642258
    ));
#131 = CARTESIAN_POINT('',(3.391866848361,2.034469378198,-48.85140862226
    ));
#132 = CARTESIAN_POINT('',(1.992504314785,1.68728157338,-37.97322489975)
  );
#133 = CARTESIAN_POINT('',(2.491801365288,1.60440132075,-40.61989655384)
  );
#134 = CARTESIAN_POINT('',(2.894237881851,1.519991703973,-43.31540643665
    ));
#135 = CARTESIAN_POINT('',(3.195456938214,1.434227979072,-46.05415797809
    ));
#136 = CARTESIAN_POINT('',(3.391866848361,1.347306208633,-48.82989017776
    ));
#137 = CARTESIAN_POINT('',(1.992504314785,1.000118403816,-37.95170645526
    ));
#138 = CARTESIAN_POINT('',(2.491801365288,0.917238151186,-40.59837810934
    ));
#139 = CARTESIAN_POINT('',(2.894237881851,0.832828534409,-43.29388799216
    ));
#140 = CARTESIAN_POINT('',(3.195456938214,0.747064809508,-46.03263953359
    ));
#141 = CARTESIAN_POINT('',(3.391866848361,0.660143039069,-48.80837173327
    ));
#142 = CARTESIAN_POINT('',(1.992504314785,0.312955234252,-37.93018801076
    ));
#143 = CARTESIAN_POINT('',(2.491801365288,0.230074981621,-40.57685966484
    ));
#144 = CARTESIAN_POINT('',(2.894237881851,0.145665364845,-43.27236954766
    ));
#145 = CARTESIAN_POINT('',(3.195456938214,5.990163994346E-02,
    -46.01112108909));
#146 = CARTESIAN_POINT('',(3.391866848361,-2.702013049529E-02,
    -48.78685328877));
#147 = DEFINITIONAL_REPRESENTATION('',(#148),#151);
#148 = B_SPLINE_CURVE_WITH_KNOTS('',1,(#149,#150),.UNSPECIFIED.,.F.,.F.,
  (2,2),(-2.000000087618,3.5),.PIECEWISE_BEZIER_KNOTS.);
#149 = CARTESIAN_POINT('',(1.,0.));
#150 = CARTESIAN_POINT('',(0.,0.));
#151 = ( GEOMETRIC_REPRESENTATION_CONTEXT(2) 
PARAMETRIC_REPRESENTATION_CONTEXT() REPRESENTATION_CONTEXT('2D SPACE',''
  ) );
#152 = ORIENTED_EDGE('',*,*,#153,.F.);
#153 = EDGE_CURVE('',#24,#86,#154,.T.);
#154 = SURFACE_CURVE('',#155,(#160,#167),.PCURVE_S1.);
#155 = CIRCLE('',#156,97.102505946136);
#156 = AXIS2_PLACEMENT_3D('',#157,#158,#159);
#157 = CARTESIAN_POINT('',(-94.10250594613,5.247427756715,
    -24.12632457741));
#158 = DIRECTION('',(-4.265092953875E-19,0.999510048898,
    -3.129955513418E-02));
#159 = DIRECTION('',(0.969104813817,7.720012263015E-03,0.24652841874));
#160 = PCURVE('',#32,#161);
#161 = DEFINITIONAL_REPRESENTATION('',(#162),#166);
#162 = LINE('',#163,#164);
#163 = CARTESIAN_POINT('',(0.,2.5));
#164 = VECTOR('',#165,1.);
#165 = DIRECTION('',(1.,0.));
#166 = ( GEOMETRIC_REPRESENTATION_CONTEXT(2) 
PARAMETRIC_REPRESENTATION_CONTEXT() REPRESENTATION_CONTEXT('2D SPACE',''
  ) );
#167 = PCURVE('',#168,#173);
#168 = PLANE('',#169);
#169 = AXIS2_PLACEMENT_3D('',#170,#171,#172);
#170 = CARTESIAN_POINT('',(-94.10250594613,5.247427756715,
    -24.12632457741));
#171 = DIRECTION('',(0.,0.999510048898,-3.129955513418E-02));
#172 = DIRECTION('',(0.969104813817,7.720012263015E-03,0.24652841874));
#173 = DEFINITIONAL_REPRESENTATION('',(#174),#178);
#174 = CIRCLE('',#175,97.102505946136);
#175 = AXIS2_PLACEMENT_2D('',#176,#177);
#176 = CARTESIAN_POINT('',(0.,0.));
#177 = DIRECTION('',(1.,6.374728447478E-17));
#178 = ( GEOMETRIC_REPRESENTATION_CONTEXT(2) 
PARAMETRIC_REPRESENTATION_CONTEXT() REPRESENTATION_CONTEXT('2D SPACE',''
  ) );
#179 = ADVANCED_FACE('',(#180),#73,.T.);
#180 = FACE_BOUND('',#181,.F.);
#181 = EDGE_LOOP('',(#182,#213,#280,#281));
#182 = ORIENTED_EDGE('',*,*,#183,.T.);
#183 = EDGE_CURVE('',#184,#186,#188,.T.);
#184 = VERTEX_POINT('',#185);
#185 = CARTESIAN_POINT('',(1.453657220726,1.157997460715E-02,
    0.369792629482));
#186 = VERTEX_POINT('',#187);
#187 = CARTESIAN_POINT('',(3.476940931399,-1.193055407235,
    -38.09865090744));
#188 = SURFACE_CURVE('',#189,(#194,#201),.PCURVE_S1.);
#189 = CIRCLE('',#190,98.602505946136);
#190 = AXIS2_PLACEMENT_3D('',#191,#192,#193);
#191 = CARTESIAN_POINT('',(-94.10250594613,-0.749632580461,
    -23.93852724524));
#192 = DIRECTION('',(-4.265092953875E-19,0.999510048898,
    -3.129955513418E-02));
#193 = DIRECTION('',(0.969104813817,7.720012263015E-03,0.24652841874));
#194 = PCURVE('',#73,#195);
#195 = DEFINITIONAL_REPRESENTATION('',(#196),#200);
#196 = LINE('',#197,#198);
#197 = CARTESIAN_POINT('',(-0.,1.570796326795));
#198 = VECTOR('',#199,1.);
#199 = DIRECTION('',(-1.,0.));
#200 = ( GEOMETRIC_REPRESENTATION_CONTEXT(2) 
PARAMETRIC_REPRESENTATION_CONTEXT() REPRESENTATION_CONTEXT('2D SPACE',''
  ) );
#201 = PCURVE('',#202,#207);
#202 = PLANE('',#203);
#203 = AXIS2_PLACEMENT_3D('',#204,#205,#206);
#204 = CARTESIAN_POINT('',(-94.10250594613,-0.749632536674,
    -23.93852724661));
#205 = DIRECTION('',(0.,0.999510048898,-3.129955513418E-02));
#206 = DIRECTION('',(0.969104813817,7.720012263015E-03,0.24652841874));
#207 = DEFINITIONAL_REPRESENTATION('',(#208),#212);
#208 = CIRCLE('',#209,98.602505946136);
#209 = AXIS2_PLACEMENT_2D('',#210,#211);
#210 = CARTESIAN_POINT('',(0.,0.));
#211 = DIRECTION('',(1.,-2.79361742537E-17));
#212 = ( GEOMETRIC_REPRESENTATION_CONTEXT(2) 
PARAMETRIC_REPRESENTATION_CONTEXT() REPRESENTATION_CONTEXT('2D SPACE',''
  ) );
#213 = ORIENTED_EDGE('',*,*,#214,.T.);
#214 = EDGE_CURVE('',#186,#57,#215,.T.);
#215 = SURFACE_CURVE('',#216,(#221,#228),.PCURVE_S1.);
#216 = CIRCLE('',#217,1.5);
#217 = AXIS2_PLACEMENT_3D('',#218,#219,#220);
#218 = CARTESIAN_POINT('',(3.476940931399,0.306209622324,-38.14560023877
    ));
#219 = DIRECTION('',(-0.14367854747,-3.097480381659E-02,-0.989139543505)
  );
#220 = DIRECTION('',(-0.989624411076,4.49707461813E-03,0.143608152007));
#221 = PCURVE('',#73,#222);
#222 = DEFINITIONAL_REPRESENTATION('',(#223),#227);
#223 = LINE('',#224,#225);
#224 = CARTESIAN_POINT('',(-0.393398704058,-3.14159265359));
#225 = VECTOR('',#226,1.);
#226 = DIRECTION('',(-0.,1.));
#227 = ( GEOMETRIC_REPRESENTATION_CONTEXT(2) 
PARAMETRIC_REPRESENTATION_CONTEXT() REPRESENTATION_CONTEXT('2D SPACE',''
  ) );
#228 = PCURVE('',#229,#275);
#229 = ( BOUNDED_SURFACE() B_SPLINE_SURFACE(8,4,(
    (#230,#231,#232,#233,#234)
    ,(#235,#236,#237,#238,#239)
    ,(#240,#241,#242,#243,#244)
    ,(#245,#246,#247,#248,#249)
    ,(#250,#251,#252,#253,#254)
    ,(#255,#256,#257,#258,#259)
    ,(#260,#261,#262,#263,#264)
    ,(#265,#266,#267,#268,#269)
    ,(#270,#271,#272,#273,#274
)),.UNSPECIFIED.,.F.,.F.,.F.) B_SPLINE_SURFACE_WITH_KNOTS((9,9),(5,5),(
    1.,2.),(0.,1.),.PIECEWISE_BEZIER_KNOTS.) 
GEOMETRIC_REPRESENTATION_ITEM() RATIONAL_B_SPLINE_SURFACE((
    (1.,1.,1.,1.,1.)
    ,(1.,1.,1.,1.,1.)
    ,(1.,1.,1.,1.,1.)
    ,(1.,1.,1.,1.,1.)
    ,(1.,1.,1.,1.,1.)
    ,(1.,1.,1.,1.,1.)
    ,(1.,1.,1.,1.,1.)
    ,(1.,1.,1.,1.,1.)
,(1.,1.,1.,1.,1.))) REPRESENTATION_ITEM('') SURFACE() );
#230 = CARTESIAN_POINT('',(1.992504314785,0.312955234252,-37.93018801076
    ));
#231 = CARTESIAN_POINT('',(2.491801365288,0.230074981621,-40.57685966484
    ));
#232 = CARTESIAN_POINT('',(2.894237881851,0.145665364845,-43.27236954766
    ));
#233 = CARTESIAN_POINT('',(3.195456938214,5.990163994346E-02,
    -46.01112108909));
#234 = CARTESIAN_POINT('',(3.391866848361,-2.702013049529E-02,
    -48.78685328877));
#235 = CARTESIAN_POINT('',(1.992504314785,1.857522548847E-02,
    -37.92096953084));
#236 = CARTESIAN_POINT('',(2.491801365289,-6.430502714166E-02,
    -40.56764118492));
#237 = CARTESIAN_POINT('',(2.894237881851,-0.148714643918,
    -43.26315106774));
#238 = CARTESIAN_POINT('',(3.195456938215,-0.23447836882,-46.00190260917
    ));
#239 = CARTESIAN_POINT('',(3.391866848361,-0.321400139258,
    -48.77763480885));
#240 = CARTESIAN_POINT('',(2.057909763276,-0.276102092921,
    -37.92124228074));
#241 = CARTESIAN_POINT('',(2.556957564804,-0.359036079655,
    -40.56962986259));
#242 = CARTESIAN_POINT('',(2.95908464656,-0.443499179774,-43.26684766551
    ));
#243 = CARTESIAN_POINT('',(3.259934462047,-0.529316030719,
    -46.00729571713));
#244 = CARTESIAN_POINT('',(3.455916132385,-0.616290465431,
    -48.78470968098));
#245 = CARTESIAN_POINT('',(2.188720017861,-0.553781835414,
    -37.93154775471));
#246 = CARTESIAN_POINT('',(2.687269323888,-0.636823289825,
    -40.58336717526));
#247 = CARTESIAN_POINT('',(3.088777539068,-0.721393356107,
    -43.28400080159));
#248 = CARTESIAN_POINT('',(3.388888876429,-0.807316458616,
    -46.02784185693));
#249 = CARTESIAN_POINT('',(3.584014071357,-0.894396221358,-48.8086193326
    ));
#250 = CARTESIAN_POINT('',(2.379558165166,-0.797148457702,
    -37.95164715783));
#251 = CARTESIAN_POINT('',(2.877380219661,-0.880346695943,
    -40.60847326337));
#252 = CARTESIAN_POINT('',(3.277985574811,-0.965072814394,
    -43.31409021011));
#253 = CARTESIAN_POINT('',(3.577019551702,-1.051150926555,
    -46.06288129438));
#254 = CARTESIAN_POINT('',(3.770895240762,-1.138384351607,
    -48.84856577345));
#255 = CARTESIAN_POINT('',(2.619659139773,-0.990984013694,
    -37.98045334716));
#256 = CARTESIAN_POINT('',(3.116566210529,-1.074379507833,
    -40.64357855988));
#257 = CARTESIAN_POINT('',(3.516035641984,-1.159301961654,
    -43.35546521792));
#258 = CARTESIAN_POINT('',(3.813714149317,-1.245575097549,
    -46.11048412815));
#259 = CARTESIAN_POINT('',(4.006017785932,-1.333001851194,
    -48.90234230109));
#260 = CARTESIAN_POINT('',(2.894003943468,-1.124347653003,
    -38.01612733327));
#261 = CARTESIAN_POINT('',(3.389865533111,-1.207968536193,
    -40.68645004832));
#262 = CARTESIAN_POINT('',(3.788037032461,-1.293115327247,
    -43.40550062029));
#263 = CARTESIAN_POINT('',(4.084166749625,-1.37961130167,-46.16763558531
    ));
#264 = CARTESIAN_POINT('',(4.274674123559,-1.467258956938,
    -48.96654796048));
#265 = CARTESIAN_POINT('',(3.185472483307,-1.191730953218,-38.056354814)
  );
#266 = CARTESIAN_POINT('',(3.680223336207,-1.275591293531,
    -40.73432427675));
#267 = CARTESIAN_POINT('',(4.077015890631,-1.36097642424,-43.46098591153
    ));
#268 = CARTESIAN_POINT('',(4.371500147034,-1.44770914607,-46.23068109301
    ));
#269 = CARTESIAN_POINT('',(4.560099141245,-1.535591490942,
    -49.03708797144));
#270 = CARTESIAN_POINT('',(3.476940931399,-1.193055363448,
    -38.09865090881));
#271 = CARTESIAN_POINT('',(3.970581047907,-1.277155160809,
    -40.78426711684));
#272 = CARTESIAN_POINT('',(4.365994657838,-1.362778631097,
    -43.51853981203));
#273 = CARTESIAN_POINT('',(4.658833453997,-1.44974810026,-46.29579520759
    ));
#274 = CARTESIAN_POINT('',(4.845524069087,-1.537865134662,
    -49.10969658692));
#275 = DEFINITIONAL_REPRESENTATION('',(#276),#279);
#276 = B_SPLINE_CURVE_WITH_KNOTS('',1,(#277,#278),.UNSPECIFIED.,.F.,.F.,
  (2,2),(4.712388980385,6.28318530718),.PIECEWISE_BEZIER_KNOTS.);
#277 = CARTESIAN_POINT('',(2.,0.));
#278 = CARTESIAN_POINT('',(1.,0.));
#279 = ( GEOMETRIC_REPRESENTATION_CONTEXT(2) 
PARAMETRIC_REPRESENTATION_CONTEXT() REPRESENTATION_CONTEXT('2D SPACE',''
  ) );
#280 = ORIENTED_EDGE('',*,*,#56,.F.);
#281 = ORIENTED_EDGE('',*,*,#282,.F.);
#282 = EDGE_CURVE('',#184,#22,#283,.T.);
#283 = SURFACE_CURVE('',#284,(#289,#296),.PCURVE_S1.);
#284 = CIRCLE('',#285,1.5);
#285 = AXIS2_PLACEMENT_3D('',#286,#287,#288);
#286 = CARTESIAN_POINT('',(1.453657220726,1.510845004167,0.322843298151)
  );
#287 = DIRECTION('',(0.246649264819,-3.033254955087E-02,-0.968629999846)
  );
#288 = DIRECTION('',(-0.969104813817,-7.720012263015E-03,-0.24652841874)
  );
#289 = PCURVE('',#73,#290);
#290 = DEFINITIONAL_REPRESENTATION('',(#291),#295);
#291 = LINE('',#292,#293);
#292 = CARTESIAN_POINT('',(-0.,-3.14159265359));
#293 = VECTOR('',#294,1.);
#294 = DIRECTION('',(-0.,1.));
#295 = ( GEOMETRIC_REPRESENTATION_CONTEXT(2) 
PARAMETRIC_REPRESENTATION_CONTEXT() REPRESENTATION_CONTEXT('2D SPACE',''
  ) );
#296 = PCURVE('',#44,#297);
#297 = DEFINITIONAL_REPRESENTATION('',(#298),#306);
#298 = ( BOUNDED_CURVE() B_SPLINE_CURVE(2,(#299,#300,#301,#302,#303,#304
,#305),.UNSPECIFIED.,.T.,.F.) B_SPLINE_CURVE_WITH_KNOTS((1,2,2,2,2,1),(
    -2.094395102393,0.,2.094395102393,4.188790204786,6.28318530718,
8.377580409573),.UNSPECIFIED.) CURVE() GEOMETRIC_REPRESENTATION_ITEM() 
RATIONAL_B_SPLINE_CURVE((1.,0.5,1.,0.5,1.,0.5,1.)) REPRESENTATION_ITEM(
  '') );
#299 = CARTESIAN_POINT('',(-8.5,-2.109001039503));
#300 = CARTESIAN_POINT('',(-8.5,0.489075171851));
#301 = CARTESIAN_POINT('',(-6.25,-0.809962933826));
#302 = CARTESIAN_POINT('',(-4.,-2.109001039503));
#303 = CARTESIAN_POINT('',(-6.25,-3.408039145179));
#304 = CARTESIAN_POINT('',(-8.5,-4.707077250856));
#305 = CARTESIAN_POINT('',(-8.5,-2.109001039503));
#306 = ( GEOMETRIC_REPRESENTATION_CONTEXT(2) 
PARAMETRIC_REPRESENTATION_CONTEXT() REPRESENTATION_CONTEXT('2D SPACE',''
  ) );
#307 = ADVANCED_FACE('',(#308),#229,.F.);
#308 = FACE_BOUND('',#309,.F.);
#309 = EDGE_LOOP('',(#310,#311,#382,#422));
#310 = ORIENTED_EDGE('',*,*,#214,.F.);
#311 = ORIENTED_EDGE('',*,*,#312,.T.);
#312 = EDGE_CURVE('',#186,#313,#315,.T.);
#313 = VERTEX_POINT('',#314);
#314 = CARTESIAN_POINT('',(4.845524069087,-1.53786517845,-49.10969658555
    ));
#315 = SURFACE_CURVE('',#316,(#322,#329),.PCURVE_S1.);
#316 = ( BOUNDED_CURVE() B_SPLINE_CURVE(4,(#317,#318,#319,#320,#321),
.UNSPECIFIED.,.F.,.F.) B_SPLINE_CURVE_WITH_KNOTS((5,5),(0.,1.),
.PIECEWISE_BEZIER_KNOTS.) CURVE() GEOMETRIC_REPRESENTATION_ITEM() 
RATIONAL_B_SPLINE_CURVE((1.,1.,1.,1.,1.)) REPRESENTATION_ITEM('') );
#317 = CARTESIAN_POINT('',(3.476940931399,-1.193055363448,
    -38.09865090881));
#318 = CARTESIAN_POINT('',(3.970581047907,-1.277155160809,
    -40.78426711684));
#319 = CARTESIAN_POINT('',(4.365994657838,-1.362778631097,
    -43.51853981203));
#320 = CARTESIAN_POINT('',(4.658833453997,-1.44974810026,-46.29579520759
    ));
#321 = CARTESIAN_POINT('',(4.845524069087,-1.537865134662,
    -49.10969658692));
#322 = PCURVE('',#229,#323);
#323 = DEFINITIONAL_REPRESENTATION('',(#324),#328);
#324 = LINE('',#325,#326);
#325 = CARTESIAN_POINT('',(2.,0.));
#326 = VECTOR('',#327,1.);
#327 = DIRECTION('',(0.,1.));
#328 = ( GEOMETRIC_REPRESENTATION_CONTEXT(2) 
PARAMETRIC_REPRESENTATION_CONTEXT() REPRESENTATION_CONTEXT('2D SPACE',''
  ) );
#329 = PCURVE('',#330,#376);
#330 = ( BOUNDED_SURFACE() B_SPLINE_SURFACE(8,4,(
    (#331,#332,#333,#334,#335)
    ,(#336,#337,#338,#339,#340)
    ,(#341,#342,#343,#344,#345)
    ,(#346,#347,#348,#349,#350)
    ,(#351,#352,#353,#354,#355)
    ,(#356,#357,#358,#359,#360)
    ,(#361,#362,#363,#364,#365)
    ,(#366,#367,#368,#369,#370)
    ,(#371,#372,#373,#374,#375
)),.UNSPECIFIED.,.F.,.F.,.F.) B_SPLINE_SURFACE_WITH_KNOTS((9,9),(5,5),(
    2.,3.),(0.,1.),.PIECEWISE_BEZIER_KNOTS.) 
GEOMETRIC_REPRESENTATION_ITEM() RATIONAL_B_SPLINE_SURFACE((
    (1.,1.,1.,1.,1.)
    ,(1.,1.,1.,1.,1.)
    ,(1.,1.,1.,1.,1.)
    ,(1.,1.,1.,1.,1.)
    ,(1.,1.,1.,1.,1.)
    ,(1.,1.,1.,1.,1.)
    ,(1.,1.,1.,1.,1.)
    ,(1.,1.,1.,1.,1.)
,(1.,1.,1.,1.,1.))) REPRESENTATION_ITEM('') SURFACE() );
#331 = CARTESIAN_POINT('',(3.476940931399,-1.193055363448,
    -38.09865090881));
#332 = CARTESIAN_POINT('',(3.970581047907,-1.277155160809,
    -40.78426711684));
#333 = CARTESIAN_POINT('',(4.365994657838,-1.362778631097,
    -43.51853981203));
#334 = CARTESIAN_POINT('',(4.658833453997,-1.44974810026,-46.29579520759
    ));
#335 = CARTESIAN_POINT('',(4.845524069087,-1.537865134662,
    -49.10969658692));
#336 = CARTESIAN_POINT('',(5.208783650781,-1.20092524403,-38.34996517482
    ));
#337 = CARTESIAN_POINT('',(5.479449337185,-1.285464588663,
    -41.04961774578));
#338 = CARTESIAN_POINT('',(5.652403454752,-1.371046520162,
    -43.78256395449));
#339 = CARTESIAN_POINT('',(5.724536472195,-1.457495224615,
    -46.54318941526));
#340 = CARTESIAN_POINT('',(5.693490781177,-1.544620145392,
    -49.32540895332));
#341 = CARTESIAN_POINT('',(6.940626370164,-1.208795124611,
    -38.60127944083));
#342 = CARTESIAN_POINT('',(6.988317626463,-1.293774016516,
    -41.31496837472));
#343 = CARTESIAN_POINT('',(6.938812251665,-1.379314409227,
    -44.04658809694));
#344 = CARTESIAN_POINT('',(6.790239490393,-1.46524234897,-46.79058362294
    ));
#345 = CARTESIAN_POINT('',(6.541457493268,-1.551375156123,
    -49.54112131972));
#346 = CARTESIAN_POINT('',(8.672469089546,-1.216665005193,
    -38.85259370685));
#347 = CARTESIAN_POINT('',(8.497185915741,-1.30208344437,-41.58031900366
    ));
#348 = CARTESIAN_POINT('',(8.225221048579,-1.387582298292,-44.3106122394
    ));
#349 = CARTESIAN_POINT('',(7.85594250859,-1.472989473325,-47.03797783061
    ));
#350 = CARTESIAN_POINT('',(7.389424205358,-1.558130166853,
    -49.75683368611));
#351 = CARTESIAN_POINT('',(10.404311808929,-1.224534885775,
    -39.10390797286));
#352 = CARTESIAN_POINT('',(10.006054205019,-1.310392872224,
    -41.84566963259));
#353 = CARTESIAN_POINT('',(9.511629845492,-1.395850187357,
    -44.57463638186));
#354 = CARTESIAN_POINT('',(8.921645526788,-1.48073659768,-47.28537203829
    ));
#355 = CARTESIAN_POINT('',(8.237390917448,-1.564885177583,
    -49.97254605251));
#356 = CARTESIAN_POINT('',(12.136154528311,-1.232404766357,
    -39.35522223887));
#357 = CARTESIAN_POINT('',(11.514922494297,-1.318702300077,
    -42.11102026153));
#358 = CARTESIAN_POINT('',(10.798038642406,-1.404118076422,
    -44.83866052432));
#359 = CARTESIAN_POINT('',(9.987348544986,-1.488483722035,
    -47.53276624596));
#360 = CARTESIAN_POINT('',(9.085357629538,-1.571640188313,
    -50.18825841891));
#361 = CARTESIAN_POINT('',(13.867997247694,-1.240274646938,
    -39.60653650489));
#362 = CARTESIAN_POINT('',(13.023790783575,-1.327011727931,
    -42.37637089047));
#363 = CARTESIAN_POINT('',(12.084447439319,-1.412385965487,
    -45.10268466677));
#364 = CARTESIAN_POINT('',(11.053051563183,-1.49623084639,
    -47.78016045363));
#365 = CARTESIAN_POINT('',(9.933324341629,-1.578395199043,
    -50.40397078531));
#366 = CARTESIAN_POINT('',(15.599839967076,-1.24814452752,-39.8578507709
    ));
#367 = CARTESIAN_POINT('',(14.532659072853,-1.335321155785,
    -42.64172151941));
#368 = CARTESIAN_POINT('',(13.370856236233,-1.420653854552,
    -45.36670880923));
#369 = CARTESIAN_POINT('',(12.118754581381,-1.503977970745,
    -48.02755466131));
#370 = CARTESIAN_POINT('',(10.781291053719,-1.585150209773,
    -50.6196831517));
#371 = CARTESIAN_POINT('',(17.331682686459,-1.256014495677,
    -40.10916503417));
#372 = CARTESIAN_POINT('',(16.041527362131,-1.343630671213,
    -42.90707214561));
#373 = CARTESIAN_POINT('',(14.657265033146,-1.428921831192,
    -45.63073294895));
#374 = CARTESIAN_POINT('',(13.184457599579,-1.511725182675,
    -48.27494886624));
#375 = CARTESIAN_POINT('',(11.629257765809,-1.591905308078,
    -50.83539551536));
#376 = DEFINITIONAL_REPRESENTATION('',(#377),#381);
#377 = LINE('',#378,#379);
#378 = CARTESIAN_POINT('',(2.,0.));
#379 = VECTOR('',#380,1.);
#380 = DIRECTION('',(0.,1.));
#381 = ( GEOMETRIC_REPRESENTATION_CONTEXT(2) 
PARAMETRIC_REPRESENTATION_CONTEXT() REPRESENTATION_CONTEXT('2D SPACE',''
  ) );
#382 = ORIENTED_EDGE('',*,*,#383,.F.);
#383 = EDGE_CURVE('',#384,#313,#386,.T.);
#384 = VERTEX_POINT('',#385);
#385 = CARTESIAN_POINT('',(3.391866848361,-2.702013049529E-02,
    -48.78685328877));
#386 = SURFACE_CURVE('',#387,(#397,#404),.PCURVE_S1.);
#387 = B_SPLINE_CURVE_WITH_KNOTS('',8,(#388,#389,#390,#391,#392,#393,
    #394,#395,#396),.UNSPECIFIED.,.F.,.F.,(9,9),(1.,2.),
  .PIECEWISE_BEZIER_KNOTS.);
#388 = CARTESIAN_POINT('',(3.391866848361,-2.702013049529E-02,
    -48.78685328877));
#389 = CARTESIAN_POINT('',(3.391866848361,-0.321400139258,
    -48.77763480885));
#390 = CARTESIAN_POINT('',(3.455916132385,-0.616290465431,
    -48.78470968098));
#391 = CARTESIAN_POINT('',(3.584014071357,-0.894396221358,-48.8086193326
    ));
#392 = CARTESIAN_POINT('',(3.770895240762,-1.138384351607,
    -48.84856577345));
#393 = CARTESIAN_POINT('',(4.006017785932,-1.333001851194,
    -48.90234230109));
#394 = CARTESIAN_POINT('',(4.274674123559,-1.467258956938,
    -48.96654796048));
#395 = CARTESIAN_POINT('',(4.560099141245,-1.535591490942,
    -49.03708797144));
#396 = CARTESIAN_POINT('',(4.845524069087,-1.537865134662,
    -49.10969658692));
#397 = PCURVE('',#229,#398);
#398 = DEFINITIONAL_REPRESENTATION('',(#399),#403);
#399 = LINE('',#400,#401);
#400 = CARTESIAN_POINT('',(0.,1.));
#401 = VECTOR('',#402,1.);
#402 = DIRECTION('',(1.,0.));
#403 = ( GEOMETRIC_REPRESENTATION_CONTEXT(2) 
PARAMETRIC_REPRESENTATION_CONTEXT() REPRESENTATION_CONTEXT('2D SPACE',''
  ) );
#404 = PCURVE('',#405,#410);
#405 = PLANE('',#406);
#406 = AXIS2_PLACEMENT_3D('',#407,#408,#409);
#407 = CARTESIAN_POINT('',(3.391866848361,5.470285226019,-48.95900084475
    ));
#408 = DIRECTION('',(0.246649264819,3.033254955088E-02,0.968629999846));
#409 = DIRECTION('',(0.81262839776,-0.551054139808,-0.189669244094));
#410 = DEFINITIONAL_REPRESENTATION('',(#411),#421);
#411 = B_SPLINE_CURVE_WITH_KNOTS('',8,(#412,#413,#414,#415,#416,#417,
    #418,#419,#420),.UNSPECIFIED.,.F.,.F.,(9,9),(1.,2.),
  .PIECEWISE_BEZIER_KNOTS.);
#412 = CARTESIAN_POINT('',(2.996661777678,-4.611943099605));
#413 = CARTESIAN_POINT('',(3.157132638066,-4.858912071134));
#414 = CARTESIAN_POINT('',(3.373023325795,-5.069871498564));
#415 = CARTESIAN_POINT('',(3.634905602356,-5.230312260569));
#416 = CARTESIAN_POINT('',(3.928797828098,-5.32868836013));
#417 = CARTESIAN_POINT('',(4.23730961743,-5.358200614544));
#418 = CARTESIAN_POINT('',(4.541788159428,-5.317996356662));
#419 = CARTESIAN_POINT('',(4.824766830533,-5.212945222592));
#420 = CARTESIAN_POINT('',(5.071735754324,-5.052474288734));
#421 = ( GEOMETRIC_REPRESENTATION_CONTEXT(2) 
PARAMETRIC_REPRESENTATION_CONTEXT() REPRESENTATION_CONTEXT('2D SPACE',''
  ) );
#422 = ORIENTED_EDGE('',*,*,#423,.F.);
#423 = EDGE_CURVE('',#57,#384,#424,.T.);
#424 = SURFACE_CURVE('',#425,(#431,#438),.PCURVE_S1.);
#425 = ( BOUNDED_CURVE() B_SPLINE_CURVE(4,(#426,#427,#428,#429,#430),
.UNSPECIFIED.,.F.,.F.) B_SPLINE_CURVE_WITH_KNOTS((5,5),(0.,1.),
.PIECEWISE_BEZIER_KNOTS.) CURVE() GEOMETRIC_REPRESENTATION_ITEM() 
RATIONAL_B_SPLINE_CURVE((1.,1.,1.,1.,1.)) REPRESENTATION_ITEM('') );
#426 = CARTESIAN_POINT('',(1.992504314785,0.312955234252,-37.93018801076
    ));
#427 = CARTESIAN_POINT('',(2.491801365288,0.230074981621,-40.57685966484
    ));
#428 = CARTESIAN_POINT('',(2.894237881851,0.145665364845,-43.27236954766
    ));
#429 = CARTESIAN_POINT('',(3.195456938214,5.990163994346E-02,
    -46.01112108909));
#430 = CARTESIAN_POINT('',(3.391866848361,-2.702013049529E-02,
    -48.78685328877));
#431 = PCURVE('',#229,#432);
#432 = DEFINITIONAL_REPRESENTATION('',(#433),#437);
#433 = LINE('',#434,#435);
#434 = CARTESIAN_POINT('',(1.,0.));
#435 = VECTOR('',#436,1.);
#436 = DIRECTION('',(0.,1.));
#437 = ( GEOMETRIC_REPRESENTATION_CONTEXT(2) 
PARAMETRIC_REPRESENTATION_CONTEXT() REPRESENTATION_CONTEXT('2D SPACE',''
  ) );
#438 = PCURVE('',#101,#439);
#439 = DEFINITIONAL_REPRESENTATION('',(#440),#444);
#440 = LINE('',#441,#442);
#441 = CARTESIAN_POINT('',(1.,0.));
#442 = VECTOR('',#443,1.);
#443 = DIRECTION('',(0.,1.));
#444 = ( GEOMETRIC_REPRESENTATION_CONTEXT(2) 
PARAMETRIC_REPRESENTATION_CONTEXT() REPRESENTATION_CONTEXT('2D SPACE',''
  ) );
#445 = ADVANCED_FACE('',(#446,#725),#405,.F.);
#446 = FACE_BOUND('',#447,.F.);
#447 = EDGE_LOOP('',(#448,#483,#484,#519,#600,#681));
#448 = ORIENTED_EDGE('',*,*,#449,.T.);
#449 = EDGE_CURVE('',#450,#384,#452,.T.);
#450 = VERTEX_POINT('',#451);
#451 = CARTESIAN_POINT('',(3.391866848361,5.470285226019,-48.95900084475
    ));
#452 = SURFACE_CURVE('',#453,(#463,#476),.PCURVE_S1.);
#453 = B_SPLINE_CURVE_WITH_KNOTS('',8,(#454,#455,#456,#457,#458,#459,
    #460,#461,#462),.UNSPECIFIED.,.F.,.F.,(9,9),(0.,1.),
  .PIECEWISE_BEZIER_KNOTS.);
#454 = CARTESIAN_POINT('',(3.391866848361,5.470285226019,-48.95900084475
    ));
#455 = CARTESIAN_POINT('',(3.391866848361,4.783122056455,-48.93748240025
    ));
#456 = CARTESIAN_POINT('',(3.391866848361,4.095958886891,-48.91596395575
    ));
#457 = CARTESIAN_POINT('',(3.391866848361,3.408795717326,-48.89444551126
    ));
#458 = CARTESIAN_POINT('',(3.391866848361,2.721632547762,-48.87292706676
    ));
#459 = CARTESIAN_POINT('',(3.391866848361,2.034469378198,-48.85140862226
    ));
#460 = CARTESIAN_POINT('',(3.391866848361,1.347306208633,-48.82989017776
    ));
#461 = CARTESIAN_POINT('',(3.391866848361,0.660143039069,-48.80837173327
    ));
#462 = CARTESIAN_POINT('',(3.391866848361,-2.702013049529E-02,
    -48.78685328877));
#463 = PCURVE('',#405,#464);
#464 = DEFINITIONAL_REPRESENTATION('',(#465),#475);
#465 = B_SPLINE_CURVE_WITH_KNOTS('',8,(#466,#467,#468,#469,#470,#471,
    #472,#473,#474),.UNSPECIFIED.,.F.,.F.,(9,9),(0.,1.),
  .PIECEWISE_BEZIER_KNOTS.);
#466 = CARTESIAN_POINT('',(0.,0.));
#467 = CARTESIAN_POINT('',(0.37458272221,-0.576492887451));
#468 = CARTESIAN_POINT('',(0.74916544442,-1.152985774901));
#469 = CARTESIAN_POINT('',(1.123748166629,-1.729478662352));
#470 = CARTESIAN_POINT('',(1.498330888839,-2.305971549803));
#471 = CARTESIAN_POINT('',(1.872913611049,-2.882464437253));
#472 = CARTESIAN_POINT('',(2.247496333259,-3.458957324704));
#473 = CARTESIAN_POINT('',(2.622079055468,-4.035450212155));
#474 = CARTESIAN_POINT('',(2.996661777678,-4.611943099605));
#475 = ( GEOMETRIC_REPRESENTATION_CONTEXT(2) 
PARAMETRIC_REPRESENTATION_CONTEXT() REPRESENTATION_CONTEXT('2D SPACE',''
  ) );
#476 = PCURVE('',#101,#477);
#477 = DEFINITIONAL_REPRESENTATION('',(#478),#482);
#478 = LINE('',#479,#480);
#479 = CARTESIAN_POINT('',(0.,1.));
#480 = VECTOR('',#481,1.);
#481 = DIRECTION('',(1.,0.));
#482 = ( GEOMETRIC_REPRESENTATION_CONTEXT(2) 
PARAMETRIC_REPRESENTATION_CONTEXT() REPRESENTATION_CONTEXT('2D SPACE',''
  ) );
#483 = ORIENTED_EDGE('',*,*,#383,.T.);
#484 = ORIENTED_EDGE('',*,*,#485,.T.);
#485 = EDGE_CURVE('',#313,#486,#488,.T.);
#486 = VERTEX_POINT('',#487);
#487 = CARTESIAN_POINT('',(11.629257765809,-1.591905264291,
    -50.83539551673));
#488 = SURFACE_CURVE('',#489,(#499,#512),.PCURVE_S1.);
#489 = B_SPLINE_CURVE_WITH_KNOTS('',8,(#490,#491,#492,#493,#494,#495,
    #496,#497,#498),.UNSPECIFIED.,.F.,.F.,(9,9),(2.,3.),
  .PIECEWISE_BEZIER_KNOTS.);
#490 = CARTESIAN_POINT('',(4.845524069087,-1.537865134662,
    -49.10969658692));
#491 = CARTESIAN_POINT('',(5.693490781177,-1.544620145392,
    -49.32540895332));
#492 = CARTESIAN_POINT('',(6.541457493268,-1.551375156123,
    -49.54112131972));
#493 = CARTESIAN_POINT('',(7.389424205358,-1.558130166853,
    -49.75683368611));
#494 = CARTESIAN_POINT('',(8.237390917448,-1.564885177583,
    -49.97254605251));
#495 = CARTESIAN_POINT('',(9.085357629538,-1.571640188313,
    -50.18825841891));
#496 = CARTESIAN_POINT('',(9.933324341629,-1.578395199043,
    -50.40397078531));
#497 = CARTESIAN_POINT('',(10.781291053719,-1.585150209773,
    -50.6196831517));
#498 = CARTESIAN_POINT('',(11.629257765809,-1.591905308078,
    -50.83539551536));
#499 = PCURVE('',#405,#500);
#500 = DEFINITIONAL_REPRESENTATION('',(#501),#511);
#501 = B_SPLINE_CURVE_WITH_KNOTS('',8,(#502,#503,#504,#505,#506,#507,
    #508,#509,#510),.UNSPECIFIED.,.F.,.F.,(9,9),(2.,3.),
  .PIECEWISE_BEZIER_KNOTS.);
#502 = CARTESIAN_POINT('',(5.071735754324,-5.052474288734));
#503 = CARTESIAN_POINT('',(5.805453963027,-4.57573264988));
#504 = CARTESIAN_POINT('',(6.53917217173,-4.098991011025));
#505 = CARTESIAN_POINT('',(7.272890380434,-3.622249372171));
#506 = CARTESIAN_POINT('',(8.006608589137,-3.145507733317));
#507 = CARTESIAN_POINT('',(8.74032679784,-2.668766094463));
#508 = CARTESIAN_POINT('',(9.474045006543,-2.192024455609));
#509 = CARTESIAN_POINT('',(10.207763215247,-1.715282816755));
#510 = CARTESIAN_POINT('',(10.941481471688,-1.238541251372));
#511 = ( GEOMETRIC_REPRESENTATION_CONTEXT(2) 
PARAMETRIC_REPRESENTATION_CONTEXT() REPRESENTATION_CONTEXT('2D SPACE',''
  ) );
#512 = PCURVE('',#330,#513);
#513 = DEFINITIONAL_REPRESENTATION('',(#514),#518);
#514 = LINE('',#515,#516);
#515 = CARTESIAN_POINT('',(0.,1.));
#516 = VECTOR('',#517,1.);
#517 = DIRECTION('',(1.,0.));
#518 = ( GEOMETRIC_REPRESENTATION_CONTEXT(2) 
PARAMETRIC_REPRESENTATION_CONTEXT() REPRESENTATION_CONTEXT('2D SPACE',''
  ) );
#519 = ORIENTED_EDGE('',*,*,#520,.T.);
#520 = EDGE_CURVE('',#486,#521,#523,.T.);
#521 = VERTEX_POINT('',#522);
#522 = CARTESIAN_POINT('',(13.082914986535,-0.104220253125,
    -51.25213747617));
#523 = SURFACE_CURVE('',#524,(#534,#547),.PCURVE_S1.);
#524 = B_SPLINE_CURVE_WITH_KNOTS('',8,(#525,#526,#527,#528,#529,#530,
    #531,#532,#533),.UNSPECIFIED.,.F.,.F.,(9,9),(3.,4.),
  .PIECEWISE_BEZIER_KNOTS.);
#525 = CARTESIAN_POINT('',(11.629257765809,-1.591905308078,
    -50.83539551536));
#526 = CARTESIAN_POINT('',(11.914682693651,-1.594179039373,
    -50.9080041281));
#527 = CARTESIAN_POINT('',(12.200107711337,-1.53039396939,
    -50.98268138833));
#528 = CARTESIAN_POINT('',(12.468764048965,-1.400417164788,
    -51.05516150565));
#529 = CARTESIAN_POINT('',(12.703886594134,-1.209545697428,
    -51.12100958094));
#530 = CARTESIAN_POINT('',(12.890767763539,-0.968535005531,
    -51.17614371038));
#531 = CARTESIAN_POINT('',(13.018865702511,-0.692470138568,
    -51.21740715848));
#532 = CARTESIAN_POINT('',(13.082914986535,-0.398600261889,
    -51.24291899625));
#533 = CARTESIAN_POINT('',(13.082914986535,-0.104220253125,
    -51.25213747617));
#534 = PCURVE('',#405,#535);
#535 = DEFINITIONAL_REPRESENTATION('',(#536),#546);
#536 = B_SPLINE_CURVE_WITH_KNOTS('',8,(#537,#538,#539,#540,#541,#542,
    #543,#544,#545),.UNSPECIFIED.,.F.,.F.,(9,9),(3.,4.),
  .PIECEWISE_BEZIER_KNOTS.);
#537 = CARTESIAN_POINT('',(10.941481471688,-1.238541251372));
#538 = CARTESIAN_POINT('',(11.188450443217,-1.078070390984));
#539 = CARTESIAN_POINT('',(11.399409870647,-0.862179703255));
#540 = CARTESIAN_POINT('',(11.559850632652,-0.600297426694));
#541 = CARTESIAN_POINT('',(11.658226732213,-0.306405200951));
#542 = CARTESIAN_POINT('',(11.687738986627,2.106588380261E-03));
#543 = CARTESIAN_POINT('',(11.647534728745,0.306585130378));
#544 = CARTESIAN_POINT('',(11.542483594674,0.589563801484));
#545 = CARTESIAN_POINT('',(11.382012734287,0.836532773012));
#546 = ( GEOMETRIC_REPRESENTATION_CONTEXT(2) 
PARAMETRIC_REPRESENTATION_CONTEXT() REPRESENTATION_CONTEXT('2D SPACE',''
  ) );
#547 = PCURVE('',#548,#594);
#548 = ( BOUNDED_SURFACE() B_SPLINE_SURFACE(8,4,(
    (#549,#550,#551,#552,#553)
    ,(#554,#555,#556,#557,#558)
    ,(#559,#560,#561,#562,#563)
    ,(#564,#565,#566,#567,#568)
    ,(#569,#570,#571,#572,#573)
    ,(#574,#575,#576,#577,#578)
    ,(#579,#580,#581,#582,#583)
    ,(#584,#585,#586,#587,#588)
    ,(#589,#590,#591,#592,#593
)),.UNSPECIFIED.,.F.,.F.,.F.) B_SPLINE_SURFACE_WITH_KNOTS((9,9),(5,5),(
    3.,4.),(0.,1.),.PIECEWISE_BEZIER_KNOTS.) 
GEOMETRIC_REPRESENTATION_ITEM() RATIONAL_B_SPLINE_SURFACE((
    (1.,1.,1.,1.,1.)
    ,(1.,1.,1.,1.,1.)
    ,(1.,1.,1.,1.,1.)
    ,(1.,1.,1.,1.,1.)
    ,(1.,1.,1.,1.,1.)
    ,(1.,1.,1.,1.,1.)
    ,(1.,1.,1.,1.,1.)
    ,(1.,1.,1.,1.,1.)
,(1.,1.,1.,1.,1.))) REPRESENTATION_ITEM('') SURFACE() );
#549 = CARTESIAN_POINT('',(17.331682686459,-1.256014495677,
    -40.10916503417));
#550 = CARTESIAN_POINT('',(16.041527362131,-1.343630671213,
    -42.90707214561));
#551 = CARTESIAN_POINT('',(14.657265033146,-1.428921831192,
    -45.63073294895));
#552 = CARTESIAN_POINT('',(13.184457599579,-1.511725182675,
    -48.27494886624));
#553 = CARTESIAN_POINT('',(11.629257765809,-1.591905308078,
    -50.83539551536));
#554 = CARTESIAN_POINT('',(17.623151134551,-1.257338993481,
    -40.15146112623));
#555 = CARTESIAN_POINT('',(16.33188507383,-1.345194626066,
    -42.95701498295));
#556 = CARTESIAN_POINT('',(14.946243800353,-1.430724125624,
    -45.68828684671));
#557 = CARTESIAN_POINT('',(13.471790906542,-1.513764224439,
    -48.34006297808));
#558 = CARTESIAN_POINT('',(11.914682693651,-1.594179039373,
    -50.9080041281));
#559 = CARTESIAN_POINT('',(17.91461967439,-1.192604689709,
    -40.19582585625));
#560 = CARTESIAN_POINT('',(16.622242876927,-1.280699779417,
    -43.00902646066));
#561 = CARTESIAN_POINT('',(15.235222658523,-1.36646761863,
    -45.74790938722));
#562 = CARTESIAN_POINT('',(13.759124303951,-1.449744464852,
    -48.40724573506));
#563 = CARTESIAN_POINT('',(12.200107711337,-1.53039396939,
    -50.98268138833));
#564 = CARTESIAN_POINT('',(18.188964478084,-1.061734418672,
    -40.23977430028));
#565 = CARTESIAN_POINT('',(16.895542199508,-1.15005489743,
    -43.06017240703));
#566 = CARTESIAN_POINT('',(15.507224049001,-1.236047073876,
    -45.80621924751));
#567 = CARTESIAN_POINT('',(14.029576904258,-1.319546758628,
    -48.47267165014));
#568 = CARTESIAN_POINT('',(12.468764048965,-1.400417164788,
    -51.05516150565));
#569 = CARTESIAN_POINT('',(18.429065452691,-0.870081007717,
    -40.28065203725));
#570 = CARTESIAN_POINT('',(17.134728190376,-0.958598742373,
    -43.10734925118));
#571 = CARTESIAN_POINT('',(15.745274116174,-1.044787254189,
    -45.85966580297));
#572 = CARTESIAN_POINT('',(14.266271501874,-1.128481962674,
    -48.53234603156));
#573 = CARTESIAN_POINT('',(12.703886594134,-1.209545697428,
    -51.12100958094));
#574 = CARTESIAN_POINT('',(18.619903599996,-0.628448807859,
    -40.31593912897));
#575 = CARTESIAN_POINT('',(17.324839086151,-0.717123326345,
    -43.14764302789));
#576 = CARTESIAN_POINT('',(15.934482151915,-0.80346789033,
    -45.90494290009));
#577 = CARTESIAN_POINT('',(14.454402177147,-0.887317608467,
    -48.5825731576));
#578 = CARTESIAN_POINT('',(12.890767763539,-0.968535005531,
    -51.17614371038));
#579 = CARTESIAN_POINT('',(18.750713854582,-0.351957927462,
    -40.34359839942));
#580 = CARTESIAN_POINT('',(17.455150845233,-0.440739913626,
    -43.17873413703));
#581 = CARTESIAN_POINT('',(16.064175044425,-0.527191443774,
    -45.93944983265));
#582 = CARTESIAN_POINT('',(14.583356591529,-0.611147413474,
    -48.62047309388));
#583 = CARTESIAN_POINT('',(13.018865702511,-0.692470138568,
    -51.21740715848));
#584 = CARTESIAN_POINT('',(18.816119303072,-5.787504301972E-02,
    -40.36230811496));
#585 = CARTESIAN_POINT('',(17.520307044749,-0.146710763287,
    -43.19915978034));
#586 = CARTESIAN_POINT('',(16.129021809133,-0.233215776777,
    -45.96158339605));
#587 = CARTESIAN_POINT('',(14.647834115361,-0.317224872522,
    -48.64430316748));
#588 = CARTESIAN_POINT('',(13.082914986535,-0.398600261889,
    -51.24291899625));
#589 = CARTESIAN_POINT('',(18.816119303072,0.236504965743,
    -40.37152659488));
#590 = CARTESIAN_POINT('',(17.520307044749,0.147669245476,
    -43.20837826026));
#591 = CARTESIAN_POINT('',(16.129021809133,6.116423198573E-02,
    -45.97080187597));
#592 = CARTESIAN_POINT('',(14.647834115361,-2.284486375859E-02,
    -48.6535216474));
#593 = CARTESIAN_POINT('',(13.082914986535,-0.104220253125,
    -51.25213747617));
#594 = DEFINITIONAL_REPRESENTATION('',(#595),#599);
#595 = LINE('',#596,#597);
#596 = CARTESIAN_POINT('',(0.,1.));
#597 = VECTOR('',#598,1.);
#598 = DIRECTION('',(1.,0.));
#599 = ( GEOMETRIC_REPRESENTATION_CONTEXT(2) 
PARAMETRIC_REPRESENTATION_CONTEXT() REPRESENTATION_CONTEXT('2D SPACE',''
  ) );
#600 = ORIENTED_EDGE('',*,*,#601,.T.);
#601 = EDGE_CURVE('',#521,#602,#604,.T.);
#602 = VERTEX_POINT('',#603);
#603 = CARTESIAN_POINT('',(13.082914986535,5.393085103389,
    -51.42428503215));
#604 = SURFACE_CURVE('',#605,(#615,#628),.PCURVE_S1.);
#605 = B_SPLINE_CURVE_WITH_KNOTS('',8,(#606,#607,#608,#609,#610,#611,
    #612,#613,#614),.UNSPECIFIED.,.F.,.F.,(9,9),(4.,5.),
  .PIECEWISE_BEZIER_KNOTS.);
#606 = CARTESIAN_POINT('',(13.082914986535,-0.104220253125,
    -51.25213747617));
#607 = CARTESIAN_POINT('',(13.082914986535,0.582942916439,
    -51.27365592067));
#608 = CARTESIAN_POINT('',(13.082914986535,1.270106086003,
    -51.29517436517));
#609 = CARTESIAN_POINT('',(13.082914986535,1.957269255568,
    -51.31669280966));
#610 = CARTESIAN_POINT('',(13.082914986535,2.644432425132,
    -51.33821125416));
#611 = CARTESIAN_POINT('',(13.082914986535,3.331595594696,
    -51.35972969866));
#612 = CARTESIAN_POINT('',(13.082914986535,4.018758764261,
    -51.38124814316));
#613 = CARTESIAN_POINT('',(13.082914986535,4.705921933825,
    -51.40276658765));
#614 = CARTESIAN_POINT('',(13.082914986535,5.393085103389,
    -51.42428503215));
#615 = PCURVE('',#405,#616);
#616 = DEFINITIONAL_REPRESENTATION('',(#617),#627);
#617 = B_SPLINE_CURVE_WITH_KNOTS('',8,(#618,#619,#620,#621,#622,#623,
    #624,#625,#626),.UNSPECIFIED.,.F.,.F.,(9,9),(4.,5.),
  .PIECEWISE_BEZIER_KNOTS.);
#618 = CARTESIAN_POINT('',(11.382012734287,0.836532773012));
#619 = CARTESIAN_POINT('',(11.007430012077,1.413025660463));
#620 = CARTESIAN_POINT('',(10.632847289867,1.989518547914));
#621 = CARTESIAN_POINT('',(10.258264567658,2.566011435364));
#622 = CARTESIAN_POINT('',(9.883681845448,3.142504322815));
#623 = CARTESIAN_POINT('',(9.509099123238,3.718997210266));
#624 = CARTESIAN_POINT('',(9.134516401028,4.295490097716));
#625 = CARTESIAN_POINT('',(8.759933678819,4.871982985167));
#626 = CARTESIAN_POINT('',(8.385350956609,5.448475872618));
#627 = ( GEOMETRIC_REPRESENTATION_CONTEXT(2) 
PARAMETRIC_REPRESENTATION_CONTEXT() REPRESENTATION_CONTEXT('2D SPACE',''
  ) );
#628 = PCURVE('',#629,#675);
#629 = ( BOUNDED_SURFACE() B_SPLINE_SURFACE(8,4,(
    (#630,#631,#632,#633,#634)
    ,(#635,#636,#637,#638,#639)
    ,(#640,#641,#642,#643,#644)
    ,(#645,#646,#647,#648,#649)
    ,(#650,#651,#652,#653,#654)
    ,(#655,#656,#657,#658,#659)
    ,(#660,#661,#662,#663,#664)
    ,(#665,#666,#667,#668,#669)
    ,(#670,#671,#672,#673,#674
)),.UNSPECIFIED.,.F.,.F.,.F.) B_SPLINE_SURFACE_WITH_KNOTS((9,9),(5,5),(
    4.,5.),(0.,1.),.PIECEWISE_BEZIER_KNOTS.) 
GEOMETRIC_REPRESENTATION_ITEM() RATIONAL_B_SPLINE_SURFACE((
    (1.,1.,1.,1.,1.)
    ,(1.,1.,1.,1.,1.)
    ,(1.,1.,1.,1.,1.)
    ,(1.,1.,1.,1.,1.)
    ,(1.,1.,1.,1.,1.)
    ,(1.,1.,1.,1.,1.)
    ,(1.,1.,1.,1.,1.)
    ,(1.,1.,1.,1.,1.)
,(1.,1.,1.,1.,1.))) REPRESENTATION_ITEM('') SURFACE() );
#630 = CARTESIAN_POINT('',(18.816119303072,0.236504965743,
    -40.37152659488));
#631 = CARTESIAN_POINT('',(17.520307044749,0.147669245476,
    -43.20837826026));
#632 = CARTESIAN_POINT('',(16.129021809133,6.116423198573E-02,
    -45.97080187597));
#633 = CARTESIAN_POINT('',(14.647834115361,-2.284486375859E-02,
    -48.6535216474));
#634 = CARTESIAN_POINT('',(13.082914986535,-0.104220253125,
    -51.25213747617));
#635 = CARTESIAN_POINT('',(18.816119303072,0.923668135308,
    -40.39304503938));
#636 = CARTESIAN_POINT('',(17.520307044749,0.834832415041,
    -43.22989670476));
#637 = CARTESIAN_POINT('',(16.129021809133,0.74832740155,-45.99232032047
    ));
#638 = CARTESIAN_POINT('',(14.647834115361,0.664318305806,-48.6750400919
    ));
#639 = CARTESIAN_POINT('',(13.082914986535,0.582942916439,
    -51.27365592067));
#640 = CARTESIAN_POINT('',(18.816119303072,1.610831304872,
    -40.41456348388));
#641 = CARTESIAN_POINT('',(17.520307044749,1.521995584605,
    -43.25141514926));
#642 = CARTESIAN_POINT('',(16.129021809133,1.435490571114,
    -46.01383876497));
#643 = CARTESIAN_POINT('',(14.647834115361,1.35148147537,-48.69655853639
    ));
#644 = CARTESIAN_POINT('',(13.082914986535,1.270106086003,
    -51.29517436517));
#645 = CARTESIAN_POINT('',(18.816119303072,2.297994474436,
    -40.43608192837));
#646 = CARTESIAN_POINT('',(17.520307044749,2.209158754169,
    -43.27293359376));
#647 = CARTESIAN_POINT('',(16.129021809133,2.122653740679,
    -46.03535720947));
#648 = CARTESIAN_POINT('',(14.647834115361,2.038644644934,
    -48.71807698089));
#649 = CARTESIAN_POINT('',(13.082914986535,1.957269255568,
    -51.31669280966));
#650 = CARTESIAN_POINT('',(18.816119303072,2.985157644001,
    -40.45760037287));
#651 = CARTESIAN_POINT('',(17.520307044749,2.896321923734,
    -43.29445203825));
#652 = CARTESIAN_POINT('',(16.129021809133,2.809816910243,
    -46.05687565396));
#653 = CARTESIAN_POINT('',(14.647834115361,2.725807814499,
    -48.73959542539));
#654 = CARTESIAN_POINT('',(13.082914986535,2.644432425132,
    -51.33821125416));
#655 = CARTESIAN_POINT('',(18.816119303072,3.672320813565,
    -40.47911881737));
#656 = CARTESIAN_POINT('',(17.520307044749,3.583485093298,
    -43.31597048275));
#657 = CARTESIAN_POINT('',(16.129021809133,3.496980079807,
    -46.07839409846));
#658 = CARTESIAN_POINT('',(14.647834115361,3.412970984063,
    -48.76111386989));
#659 = CARTESIAN_POINT('',(13.082914986535,3.331595594696,
    -51.35972969866));
#660 = CARTESIAN_POINT('',(18.816119303072,4.359483983129,
    -40.50063726187));
#661 = CARTESIAN_POINT('',(17.520307044749,4.270648262862,
    -43.33748892725));
#662 = CARTESIAN_POINT('',(16.129021809133,4.184143249372,
    -46.09991254296));
#663 = CARTESIAN_POINT('',(14.647834115361,4.100134153627,
    -48.78263231438));
#664 = CARTESIAN_POINT('',(13.082914986535,4.018758764261,
    -51.38124814316));
#665 = CARTESIAN_POINT('',(18.816119303072,5.046647152694,
    -40.52215570636));
#666 = CARTESIAN_POINT('',(17.520307044749,4.957811432427,
    -43.35900737175));
#667 = CARTESIAN_POINT('',(16.129021809133,4.871306418936,
    -46.12143098746));
#668 = CARTESIAN_POINT('',(14.647834115361,4.787297323192,
    -48.80415075888));
#669 = CARTESIAN_POINT('',(13.082914986535,4.705921933825,
    -51.40276658765));
#670 = CARTESIAN_POINT('',(18.816119303072,5.733810322258,
    -40.54367415086));
#671 = CARTESIAN_POINT('',(17.520307044749,5.644974601991,
    -43.38052581624));
#672 = CARTESIAN_POINT('',(16.129021809133,5.5584695885,-46.14294943195)
  );
#673 = CARTESIAN_POINT('',(14.647834115361,5.474460492756,
    -48.82566920338));
#674 = CARTESIAN_POINT('',(13.082914986535,5.393085103389,
    -51.42428503215));
#675 = DEFINITIONAL_REPRESENTATION('',(#676),#680);
#676 = LINE('',#677,#678);
#677 = CARTESIAN_POINT('',(0.,1.));
#678 = VECTOR('',#679,1.);
#679 = DIRECTION('',(1.,0.));
#680 = ( GEOMETRIC_REPRESENTATION_CONTEXT(2) 
PARAMETRIC_REPRESENTATION_CONTEXT() REPRESENTATION_CONTEXT('2D SPACE',''
  ) );
#681 = ORIENTED_EDGE('',*,*,#682,.T.);
#682 = EDGE_CURVE('',#602,#450,#683,.T.);
#683 = SURFACE_CURVE('',#684,(#694,#707),.PCURVE_S1.);
#684 = B_SPLINE_CURVE_WITH_KNOTS('',8,(#685,#686,#687,#688,#689,#690,
    #691,#692,#693),.UNSPECIFIED.,.F.,.F.,(9,9),(5.,6.),
  .PIECEWISE_BEZIER_KNOTS.);
#685 = CARTESIAN_POINT('',(13.082914986535,5.393085103389,
    -51.42428503215));
#686 = CARTESIAN_POINT('',(11.871533969264,5.402735118718,
    -51.11612450873));
#687 = CARTESIAN_POINT('',(10.660152951992,5.412385134047,-50.8079639853
    ));
#688 = CARTESIAN_POINT('',(9.44877193472,5.422035149375,-50.49980346188)
  );
#689 = CARTESIAN_POINT('',(8.237390917448,5.431685164704,-50.19164293845
    ));
#690 = CARTESIAN_POINT('',(7.026009900176,5.441335180033,-49.88348241502
    ));
#691 = CARTESIAN_POINT('',(5.814628882905,5.450985195362,-49.5753218916)
  );
#692 = CARTESIAN_POINT('',(4.603247865633,5.460635210691,-49.26716136817
    ));
#693 = CARTESIAN_POINT('',(3.391866848361,5.470285226019,-48.95900084475
    ));
#694 = PCURVE('',#405,#695);
#695 = DEFINITIONAL_REPRESENTATION('',(#696),#706);
#696 = B_SPLINE_CURVE_WITH_KNOTS('',8,(#697,#698,#699,#700,#701,#702,
    #703,#704,#705),.UNSPECIFIED.,.F.,.F.,(9,9),(5.,6.),
  .PIECEWISE_BEZIER_KNOTS.);
#697 = CARTESIAN_POINT('',(8.385350956609,5.448475872618));
#698 = CARTESIAN_POINT('',(7.337182087033,4.767416388541));
#699 = CARTESIAN_POINT('',(6.289013217457,4.086356904463));
#700 = CARTESIAN_POINT('',(5.240844347881,3.405297420386));
#701 = CARTESIAN_POINT('',(4.192675478304,2.724237936309));
#702 = CARTESIAN_POINT('',(3.144506608728,2.043178452232));
#703 = CARTESIAN_POINT('',(2.096337739152,1.362118968154));
#704 = CARTESIAN_POINT('',(1.048168869576,0.681059484077));
#705 = CARTESIAN_POINT('',(-1.7763568394E-15,0.));
#706 = ( GEOMETRIC_REPRESENTATION_CONTEXT(2) 
PARAMETRIC_REPRESENTATION_CONTEXT() REPRESENTATION_CONTEXT('2D SPACE',''
  ) );
#707 = PCURVE('',#708,#713);
#708 = PLANE('',#709);
#709 = AXIS2_PLACEMENT_3D('',#710,#711,#712);
#710 = CARTESIAN_POINT('',(-94.10250594613,6.246937805614,
    -24.15762413255));
#711 = DIRECTION('',(0.,0.999510048898,-3.129955513418E-02));
#712 = DIRECTION('',(0.969104813817,7.720012263015E-03,0.24652841874));
#713 = DEFINITIONAL_REPRESENTATION('',(#714),#724);
#714 = B_SPLINE_CURVE_WITH_KNOTS('',8,(#715,#716,#717,#718,#719,#720,
    #721,#722,#723),.UNSPECIFIED.,.F.,.F.,(9,9),(5.,6.),
  .PIECEWISE_BEZIER_KNOTS.);
#715 = CARTESIAN_POINT('',(97.145308847663,52.874410544774));
#716 = CARTESIAN_POINT('',(96.047398497253,52.276838070122));
#717 = CARTESIAN_POINT('',(94.949488146842,51.67926559547));
#718 = CARTESIAN_POINT('',(93.851577796432,51.081693120817));
#719 = CARTESIAN_POINT('',(92.753667446022,50.484120646165));
#720 = CARTESIAN_POINT('',(91.655757095611,49.886548171513));
#721 = CARTESIAN_POINT('',(90.557846745201,49.288975696861));
#722 = CARTESIAN_POINT('',(89.459936394791,48.691403222209));
#723 = CARTESIAN_POINT('',(88.362026044381,48.093830747556));
#724 = ( GEOMETRIC_REPRESENTATION_CONTEXT(2) 
PARAMETRIC_REPRESENTATION_CONTEXT() REPRESENTATION_CONTEXT('2D SPACE',''
  ) );
#725 = FACE_BOUND('',#726,.F.);
#726 = EDGE_LOOP('',(#727,#757,#785,#813));
#727 = ORIENTED_EDGE('',*,*,#728,.F.);
#728 = EDGE_CURVE('',#729,#731,#733,.T.);
#729 = VERTEX_POINT('',#730);
#730 = CARTESIAN_POINT('',(4.845524069087,3.459685109828,-49.26619436259
    ));
#731 = VERTEX_POINT('',#732);
#732 = CARTESIAN_POINT('',(11.629257765809,3.405645023987,
    -50.99189329377));
#733 = SURFACE_CURVE('',#734,(#738,#745),.PCURVE_S1.);
#734 = LINE('',#735,#736);
#735 = CARTESIAN_POINT('',(8.237390917448,3.432665066908,-50.12904382818
    ));
#736 = VECTOR('',#737,1.);
#737 = DIRECTION('',(0.969104813817,-7.720012263015E-03,-0.24652841874)
  );
#738 = PCURVE('',#405,#739);
#739 = DEFINITIONAL_REPRESENTATION('',(#740),#744);
#740 = LINE('',#741,#742);
#741 = CARTESIAN_POINT('',(5.282370652828,1.047167744987));
#742 = VECTOR('',#743,1.);
#743 = DIRECTION('',(0.838535095661,0.544847587262));
#744 = ( GEOMETRIC_REPRESENTATION_CONTEXT(2) 
PARAMETRIC_REPRESENTATION_CONTEXT() REPRESENTATION_CONTEXT('2D SPACE',''
  ) );
#745 = PCURVE('',#746,#751);
#746 = B_SPLINE_SURFACE_WITH_KNOTS('',1,1,(
    (#747,#748)
    ,(#749,#750
    )),.UNSPECIFIED.,.F.,.F.,.F.,(2,2),(2,2),(-3.5,3.5),(0.,1.),
  .PIECEWISE_BEZIER_KNOTS.);
#747 = CARTESIAN_POINT('',(5.247032671533,3.510820895078,-47.63324044371
    ));
#748 = CARTESIAN_POINT('',(4.845524069087,3.459685109828,-49.26619436259
    ));
#749 = CARTESIAN_POINT('',(12.058293216798,3.460286604648,
    -49.24698641814));
#750 = CARTESIAN_POINT('',(11.629257765809,3.405645023987,
    -50.99189329377));
#751 = DEFINITIONAL_REPRESENTATION('',(#752),#756);
#752 = LINE('',#753,#754);
#753 = CARTESIAN_POINT('',(0.,1.));
#754 = VECTOR('',#755,1.);
#755 = DIRECTION('',(1.,0.));
#756 = ( GEOMETRIC_REPRESENTATION_CONTEXT(2) 
PARAMETRIC_REPRESENTATION_CONTEXT() REPRESENTATION_CONTEXT('2D SPACE',''
  ) );
#757 = ORIENTED_EDGE('',*,*,#758,.T.);
#758 = EDGE_CURVE('',#729,#759,#761,.T.);
#759 = VERTEX_POINT('',#760);
#760 = CARTESIAN_POINT('',(4.845524069087,4.359244153837,-49.29436396221
    ));
#761 = SURFACE_CURVE('',#762,(#766,#773),.PCURVE_S1.);
#762 = LINE('',#763,#764);
#763 = CARTESIAN_POINT('',(4.845524069087,3.909464631833,-49.2802791624)
  );
#764 = VECTOR('',#765,1.);
#765 = DIRECTION('',(0.,0.999510048898,-3.129955513418E-02));
#766 = PCURVE('',#405,#767);
#767 = DEFINITIONAL_REPRESENTATION('',(#768),#772);
#768 = LINE('',#769,#770);
#769 = CARTESIAN_POINT('',(2.102316403747,-0.482458017382));
#770 = VECTOR('',#771,1.);
#771 = DIRECTION('',(-0.544847587262,0.838535095661));
#772 = ( GEOMETRIC_REPRESENTATION_CONTEXT(2) 
PARAMETRIC_REPRESENTATION_CONTEXT() REPRESENTATION_CONTEXT('2D SPACE',''
  ) );
#773 = PCURVE('',#774,#779);
#774 = PLANE('',#775);
#775 = AXIS2_PLACEMENT_3D('',#776,#777,#778);
#776 = CARTESIAN_POINT('',(4.845524069087,3.909464631833,-49.2802791624)
  );
#777 = DIRECTION('',(0.971103974642,-7.469851817184E-03,-0.238539874546)
  );
#778 = DIRECTION('',(0.,-0.999510048898,3.129955513418E-02));
#779 = DEFINITIONAL_REPRESENTATION('',(#780),#784);
#780 = LINE('',#781,#782);
#781 = CARTESIAN_POINT('',(0.,0.));
#782 = VECTOR('',#783,1.);
#783 = DIRECTION('',(-1.,0.));
#784 = ( GEOMETRIC_REPRESENTATION_CONTEXT(2) 
PARAMETRIC_REPRESENTATION_CONTEXT() REPRESENTATION_CONTEXT('2D SPACE',''
  ) );
#785 = ORIENTED_EDGE('',*,*,#786,.T.);
#786 = EDGE_CURVE('',#759,#787,#789,.T.);
#787 = VERTEX_POINT('',#788);
#788 = CARTESIAN_POINT('',(11.629257765809,4.305204067996,
    -51.02006289339));
#789 = SURFACE_CURVE('',#790,(#794,#801),.PCURVE_S1.);
#790 = LINE('',#791,#792);
#791 = CARTESIAN_POINT('',(8.237390917448,4.332224110916,-50.1572134278)
  );
#792 = VECTOR('',#793,1.);
#793 = DIRECTION('',(0.969104813817,-7.720012263015E-03,-0.24652841874)
  );
#794 = PCURVE('',#405,#795);
#795 = DEFINITIONAL_REPRESENTATION('',(#796),#800);
#796 = LINE('',#797,#798);
#797 = CARTESIAN_POINT('',(4.792007824292,1.801849331082));
#798 = VECTOR('',#799,1.);
#799 = DIRECTION('',(0.838535095661,0.544847587262));
#800 = ( GEOMETRIC_REPRESENTATION_CONTEXT(2) 
PARAMETRIC_REPRESENTATION_CONTEXT() REPRESENTATION_CONTEXT('2D SPACE',''
  ) );
#801 = PCURVE('',#802,#807);
#802 = B_SPLINE_SURFACE_WITH_KNOTS('',1,1,(
    (#803,#804)
    ,(#805,#806
    )),.UNSPECIFIED.,.F.,.F.,.F.,(2,2),(2,2),(-3.5,3.5),(0.,1.),
  .PIECEWISE_BEZIER_KNOTS.);
#803 = CARTESIAN_POINT('',(12.058293216798,4.359845648656,
    -49.27515601776));
#804 = CARTESIAN_POINT('',(11.629257765809,4.305204067996,
    -51.02006289339));
#805 = CARTESIAN_POINT('',(5.247032671533,4.410379939087,-47.66141004333
    ));
#806 = CARTESIAN_POINT('',(4.845524069087,4.359244153837,-49.29436396221
    ));
#807 = DEFINITIONAL_REPRESENTATION('',(#808),#812);
#808 = LINE('',#809,#810);
#809 = CARTESIAN_POINT('',(0.,1.));
#810 = VECTOR('',#811,1.);
#811 = DIRECTION('',(-1.,0.));
#812 = ( GEOMETRIC_REPRESENTATION_CONTEXT(2) 
PARAMETRIC_REPRESENTATION_CONTEXT() REPRESENTATION_CONTEXT('2D SPACE',''
  ) );
#813 = ORIENTED_EDGE('',*,*,#814,.F.);
#814 = EDGE_CURVE('',#731,#787,#815,.T.);
#815 = SURFACE_CURVE('',#816,(#820,#827),.PCURVE_S1.);
#816 = LINE('',#817,#818);
#817 = CARTESIAN_POINT('',(11.629257765809,3.855424545992,
    -51.00597809358));
#818 = VECTOR('',#819,1.);
#819 = DIRECTION('',(0.,0.999510048898,-3.129955513418E-02));
#820 = PCURVE('',#405,#821);
#821 = DEFINITIONAL_REPRESENTATION('',(#822),#826);
#822 = LINE('',#823,#824);
#823 = CARTESIAN_POINT('',(7.972062073373,3.331475093451));
#824 = VECTOR('',#825,1.);
#825 = DIRECTION('',(-0.544847587262,0.838535095661));
#826 = ( GEOMETRIC_REPRESENTATION_CONTEXT(2) 
PARAMETRIC_REPRESENTATION_CONTEXT() REPRESENTATION_CONTEXT('2D SPACE',''
  ) );
#827 = PCURVE('',#828,#833);
#828 = PLANE('',#829);
#829 = AXIS2_PLACEMENT_3D('',#830,#831,#832);
#830 = CARTESIAN_POINT('',(11.629257765809,3.855424545992,
    -51.00597809358));
#831 = DIRECTION('',(-0.971103974642,7.469851817184E-03,0.238539874546)
  );
#832 = DIRECTION('',(0.,0.999510048898,-3.129955513418E-02));
#833 = DEFINITIONAL_REPRESENTATION('',(#834),#838);
#834 = LINE('',#835,#836);
#835 = CARTESIAN_POINT('',(0.,0.));
#836 = VECTOR('',#837,1.);
#837 = DIRECTION('',(1.,0.));
#838 = ( GEOMETRIC_REPRESENTATION_CONTEXT(2) 
PARAMETRIC_REPRESENTATION_CONTEXT() REPRESENTATION_CONTEXT('2D SPACE',''
  ) );
#839 = ADVANCED_FACE('',(#840),#774,.T.);
#840 = FACE_BOUND('',#841,.T.);
#841 = EDGE_LOOP('',(#842,#872,#891,#892));
#842 = ORIENTED_EDGE('',*,*,#843,.F.);
#843 = EDGE_CURVE('',#844,#846,#848,.T.);
#844 = VERTEX_POINT('',#845);
#845 = CARTESIAN_POINT('',(5.247032671533,3.510820895078,-47.63324044371
    ));
#846 = VERTEX_POINT('',#847);
#847 = CARTESIAN_POINT('',(5.247032671533,4.410379939087,-47.66141004333
    ));
#848 = SURFACE_CURVE('',#849,(#853,#860),.PCURVE_S1.);
#849 = LINE('',#850,#851);
#850 = CARTESIAN_POINT('',(5.247032671533,3.960600417083,-47.64732524352
    ));
#851 = VECTOR('',#852,1.);
#852 = DIRECTION('',(0.,0.999510048898,-3.129955513418E-02));
#853 = PCURVE('',#774,#854);
#854 = DEFINITIONAL_REPRESENTATION('',(#855),#859);
#855 = LINE('',#856,#857);
#856 = CARTESIAN_POINT('',(0.,-1.682368130808));
#857 = VECTOR('',#858,1.);
#858 = DIRECTION('',(-1.,0.));
#859 = ( GEOMETRIC_REPRESENTATION_CONTEXT(2) 
PARAMETRIC_REPRESENTATION_CONTEXT() REPRESENTATION_CONTEXT('2D SPACE',''
  ) );
#860 = PCURVE('',#861,#866);
#861 = PLANE('',#862);
#862 = AXIS2_PLACEMENT_3D('',#863,#864,#865);
#863 = CARTESIAN_POINT('',(5.247032671533,3.910624914638,-47.64576026576
    ));
#864 = DIRECTION('',(0.974674637168,-6.999447767472E-03,-0.223518141083)
  );
#865 = DIRECTION('',(0.,-0.999510048898,3.129955513418E-02));
#866 = DEFINITIONAL_REPRESENTATION('',(#867),#871);
#867 = LINE('',#868,#869);
#868 = CARTESIAN_POINT('',(-5.E-02,0.));
#869 = VECTOR('',#870,1.);
#870 = DIRECTION('',(-1.,0.));
#871 = ( GEOMETRIC_REPRESENTATION_CONTEXT(2) 
PARAMETRIC_REPRESENTATION_CONTEXT() REPRESENTATION_CONTEXT('2D SPACE',''
  ) );
#872 = ORIENTED_EDGE('',*,*,#873,.T.);
#873 = EDGE_CURVE('',#844,#729,#874,.T.);
#874 = SURFACE_CURVE('',#875,(#878,#884),.PCURVE_S1.);
#875 = B_SPLINE_CURVE_WITH_KNOTS('',1,(#876,#877),.UNSPECIFIED.,.F.,.F.,
  (2,2),(0.,1.),.PIECEWISE_BEZIER_KNOTS.);
#876 = CARTESIAN_POINT('',(5.247032671533,3.510820895078,-47.63324044371
    ));
#877 = CARTESIAN_POINT('',(4.845524069087,3.459685109828,-49.26619436259
    ));
#878 = PCURVE('',#774,#879);
#879 = DEFINITIONAL_REPRESENTATION('',(#880),#883);
#880 = B_SPLINE_CURVE_WITH_KNOTS('',1,(#881,#882),.UNSPECIFIED.,.F.,.F.,
  (2,2),(0.,1.),.PIECEWISE_BEZIER_KNOTS.);
#881 = CARTESIAN_POINT('',(0.45,-1.682368130808));
#882 = CARTESIAN_POINT('',(0.45,0.));
#883 = ( GEOMETRIC_REPRESENTATION_CONTEXT(2) 
PARAMETRIC_REPRESENTATION_CONTEXT() REPRESENTATION_CONTEXT('2D SPACE',''
  ) );
#884 = PCURVE('',#746,#885);
#885 = DEFINITIONAL_REPRESENTATION('',(#886),#890);
#886 = LINE('',#887,#888);
#887 = CARTESIAN_POINT('',(-3.5,0.));
#888 = VECTOR('',#889,1.);
#889 = DIRECTION('',(0.,1.));
#890 = ( GEOMETRIC_REPRESENTATION_CONTEXT(2) 
PARAMETRIC_REPRESENTATION_CONTEXT() REPRESENTATION_CONTEXT('2D SPACE',''
  ) );
#891 = ORIENTED_EDGE('',*,*,#758,.T.);
#892 = ORIENTED_EDGE('',*,*,#893,.F.);
#893 = EDGE_CURVE('',#846,#759,#894,.T.);
#894 = SURFACE_CURVE('',#895,(#898,#904),.PCURVE_S1.);
#895 = B_SPLINE_CURVE_WITH_KNOTS('',1,(#896,#897),.UNSPECIFIED.,.F.,.F.,
  (2,2),(0.,1.),.PIECEWISE_BEZIER_KNOTS.);
#896 = CARTESIAN_POINT('',(5.247032671533,4.410379939087,-47.66141004333
    ));
#897 = CARTESIAN_POINT('',(4.845524069087,4.359244153837,-49.29436396221
    ));
#898 = PCURVE('',#774,#899);
#899 = DEFINITIONAL_REPRESENTATION('',(#900),#903);
#900 = B_SPLINE_CURVE_WITH_KNOTS('',1,(#901,#902),.UNSPECIFIED.,.F.,.F.,
  (2,2),(0.,1.),.PIECEWISE_BEZIER_KNOTS.);
#901 = CARTESIAN_POINT('',(-0.45,-1.682368130808));
#902 = CARTESIAN_POINT('',(-0.45,0.));
#903 = ( GEOMETRIC_REPRESENTATION_CONTEXT(2) 
PARAMETRIC_REPRESENTATION_CONTEXT() REPRESENTATION_CONTEXT('2D SPACE',''
  ) );
#904 = PCURVE('',#802,#905);
#905 = DEFINITIONAL_REPRESENTATION('',(#906),#910);
#906 = LINE('',#907,#908);
#907 = CARTESIAN_POINT('',(3.5,0.));
#908 = VECTOR('',#909,1.);
#909 = DIRECTION('',(0.,1.));
#910 = ( GEOMETRIC_REPRESENTATION_CONTEXT(2) 
PARAMETRIC_REPRESENTATION_CONTEXT() REPRESENTATION_CONTEXT('2D SPACE',''
  ) );
#911 = ADVANCED_FACE('',(#912),#861,.T.);
#912 = FACE_BOUND('',#913,.T.);
#913 = EDGE_LOOP('',(#914,#944,#970,#996,#997,#1025));
#914 = ORIENTED_EDGE('',*,*,#915,.F.);
#915 = EDGE_CURVE('',#916,#918,#920,.T.);
#916 = VERTEX_POINT('',#917);
#917 = CARTESIAN_POINT('',(5.576229656938,3.355827335462,-46.19288835385
    ));
#918 = VERTEX_POINT('',#919);
#919 = CARTESIAN_POINT('',(5.576229656938,4.55523939414,-46.23044782001)
  );
#920 = SURFACE_CURVE('',#921,(#925,#932),.PCURVE_S1.);
#921 = LINE('',#922,#923);
#922 = CARTESIAN_POINT('',(5.576229656938,3.955533364801,-46.21166808693
    ));
#923 = VECTOR('',#924,1.);
#924 = DIRECTION('',(0.,0.999510048898,-3.129955513418E-02));
#925 = PCURVE('',#861,#926);
#926 = DEFINITIONAL_REPRESENTATION('',(#927),#931);
#927 = LINE('',#928,#929);
#928 = CARTESIAN_POINT('',(0.,-1.472076017564));
#929 = VECTOR('',#930,1.);
#930 = DIRECTION('',(-1.,0.));
#931 = ( GEOMETRIC_REPRESENTATION_CONTEXT(2) 
PARAMETRIC_REPRESENTATION_CONTEXT() REPRESENTATION_CONTEXT('2D SPACE',''
  ) );
#932 = PCURVE('',#933,#938);
#933 = PLANE('',#934);
#934 = AXIS2_PLACEMENT_3D('',#935,#936,#937);
#935 = CARTESIAN_POINT('',(5.576229656938,3.355827335462,-46.19288835385
    ));
#936 = DIRECTION('',(0.21659564852,3.055654757739E-02,0.975783081654));
#937 = DIRECTION('',(0.96222496433,0.162199155391,-0.218665388231));
#938 = DEFINITIONAL_REPRESENTATION('',(#939),#943);
#939 = LINE('',#940,#941);
#940 = CARTESIAN_POINT('',(0.101378289067,0.591373352888));
#941 = VECTOR('',#942,1.);
#942 = DIRECTION('',(0.168963815111,0.985622254813));
#943 = ( GEOMETRIC_REPRESENTATION_CONTEXT(2) 
PARAMETRIC_REPRESENTATION_CONTEXT() REPRESENTATION_CONTEXT('2D SPACE',''
  ) );
#944 = ORIENTED_EDGE('',*,*,#945,.T.);
#945 = EDGE_CURVE('',#916,#946,#948,.T.);
#946 = VERTEX_POINT('',#947);
#947 = CARTESIAN_POINT('',(5.247032671533,3.310918885299,-47.62698053268
    ));
#948 = SURFACE_CURVE('',#949,(#952,#958),.PCURVE_S1.);
#949 = B_SPLINE_CURVE_WITH_KNOTS('',1,(#950,#951),.UNSPECIFIED.,.F.,.F.,
  (2,2),(0.,1.),.PIECEWISE_BEZIER_KNOTS.);
#950 = CARTESIAN_POINT('',(5.576229656938,3.355827335462,-46.19288835385
    ));
#951 = CARTESIAN_POINT('',(5.247032671533,3.310918885299,-47.62698053268
    ));
#952 = PCURVE('',#861,#953);
#953 = DEFINITIONAL_REPRESENTATION('',(#954),#957);
#954 = B_SPLINE_CURVE_WITH_KNOTS('',1,(#955,#956),.UNSPECIFIED.,.F.,.F.,
  (2,2),(0.,1.),.PIECEWISE_BEZIER_KNOTS.);
#955 = CARTESIAN_POINT('',(0.6,-1.472076017564));
#956 = CARTESIAN_POINT('',(0.6,0.));
#957 = ( GEOMETRIC_REPRESENTATION_CONTEXT(2) 
PARAMETRIC_REPRESENTATION_CONTEXT() REPRESENTATION_CONTEXT('2D SPACE',''
  ) );
#958 = PCURVE('',#959,#964);
#959 = B_SPLINE_SURFACE_WITH_KNOTS('',1,1,(
    (#960,#961)
    ,(#962,#963
    )),.UNSPECIFIED.,.F.,.F.,.F.,(2,2),(2,2),(-3.5,3.5),(0.,1.),
  .PIECEWISE_BEZIER_KNOTS.);
#960 = CARTESIAN_POINT('',(5.576229656938,3.355827335462,-46.19288835385
    ));
#961 = CARTESIAN_POINT('',(5.247032671533,3.310918885299,-47.62698053268
    ));
#962 = CARTESIAN_POINT('',(12.410059470964,3.308371903364,
    -47.70831504455));
#963 = CARTESIAN_POINT('',(12.058293216798,3.260384594868,
    -49.24072650712));
#964 = DEFINITIONAL_REPRESENTATION('',(#965),#969);
#965 = LINE('',#966,#967);
#966 = CARTESIAN_POINT('',(-3.5,0.));
#967 = VECTOR('',#968,1.);
#968 = DIRECTION('',(0.,1.));
#969 = ( GEOMETRIC_REPRESENTATION_CONTEXT(2) 
PARAMETRIC_REPRESENTATION_CONTEXT() REPRESENTATION_CONTEXT('2D SPACE',''
  ) );
#970 = ORIENTED_EDGE('',*,*,#971,.T.);
#971 = EDGE_CURVE('',#946,#844,#972,.T.);
#972 = SURFACE_CURVE('',#973,(#977,#984),.PCURVE_S1.);
#973 = LINE('',#974,#975);
#974 = CARTESIAN_POINT('',(5.247032671533,3.910624914638,-47.64576026576
    ));
#975 = VECTOR('',#976,1.);
#976 = DIRECTION('',(0.,0.999510048898,-3.129955513418E-02));
#977 = PCURVE('',#861,#978);
#978 = DEFINITIONAL_REPRESENTATION('',(#979),#983);
#979 = LINE('',#980,#981);
#980 = CARTESIAN_POINT('',(0.,0.));
#981 = VECTOR('',#982,1.);
#982 = DIRECTION('',(-1.,0.));
#983 = ( GEOMETRIC_REPRESENTATION_CONTEXT(2) 
PARAMETRIC_REPRESENTATION_CONTEXT() REPRESENTATION_CONTEXT('2D SPACE',''
  ) );
#984 = PCURVE('',#985,#990);
#985 = PLANE('',#986);
#986 = AXIS2_PLACEMENT_3D('',#987,#988,#989);
#987 = CARTESIAN_POINT('',(5.247032671533,3.310918885299,-47.62698053268
    ));
#988 = DIRECTION('',(0.230648145518,3.045563213854E-02,0.972560480094));
#989 = DIRECTION('',(0.959047139535,0.161765642349,-0.232509055963));
#990 = DEFINITIONAL_REPRESENTATION('',(#991),#995);
#991 = LINE('',#992,#993);
#992 = CARTESIAN_POINT('',(0.101378289067,0.591373352888));
#993 = VECTOR('',#994,1.);
#994 = DIRECTION('',(0.168963815111,0.985622254813));
#995 = ( GEOMETRIC_REPRESENTATION_CONTEXT(2) 
PARAMETRIC_REPRESENTATION_CONTEXT() REPRESENTATION_CONTEXT('2D SPACE',''
  ) );
#996 = ORIENTED_EDGE('',*,*,#843,.T.);
#997 = ORIENTED_EDGE('',*,*,#998,.T.);
#998 = EDGE_CURVE('',#846,#999,#1001,.T.);
#999 = VERTEX_POINT('',#1000);
#1000 = CARTESIAN_POINT('',(5.247032671533,4.510330943977,
    -47.66453999884));
#1001 = SURFACE_CURVE('',#1002,(#1006,#1013),.PCURVE_S1.);
#1002 = LINE('',#1003,#1004);
#1003 = CARTESIAN_POINT('',(5.247032671533,3.910624914638,
    -47.64576026576));
#1004 = VECTOR('',#1005,1.);
#1005 = DIRECTION('',(0.,0.999510048898,-3.129955513418E-02));
#1006 = PCURVE('',#861,#1007);
#1007 = DEFINITIONAL_REPRESENTATION('',(#1008),#1012);
#1008 = LINE('',#1009,#1010);
#1009 = CARTESIAN_POINT('',(0.,0.));
#1010 = VECTOR('',#1011,1.);
#1011 = DIRECTION('',(-1.,0.));
#1012 = ( GEOMETRIC_REPRESENTATION_CONTEXT(2) 
PARAMETRIC_REPRESENTATION_CONTEXT() REPRESENTATION_CONTEXT('2D SPACE',''
  ) );
#1013 = PCURVE('',#1014,#1019);
#1014 = PLANE('',#1015);
#1015 = AXIS2_PLACEMENT_3D('',#1016,#1017,#1018);
#1016 = CARTESIAN_POINT('',(-0.591190652981,9.551196294551,
    -46.43782693929));
#1017 = DIRECTION('',(-0.230648145518,-3.045563213854E-02,
    -0.972560480094));
#1018 = DIRECTION('',(0.940999519998,-0.261350099369,-0.214979136017));
#1019 = DEFINITIONAL_REPRESENTATION('',(#1020),#1024);
#1020 = LINE('',#1021,#1022);
#1021 = CARTESIAN_POINT('',(7.227609699542,3.888657612993));
#1022 = VECTOR('',#1023,1.);
#1023 = DIRECTION('',(-0.25449329928,-0.967074537263));
#1024 = ( GEOMETRIC_REPRESENTATION_CONTEXT(2) 
PARAMETRIC_REPRESENTATION_CONTEXT() REPRESENTATION_CONTEXT('2D SPACE',''
  ) );
#1025 = ORIENTED_EDGE('',*,*,#1026,.F.);
#1026 = EDGE_CURVE('',#918,#999,#1027,.T.);
#1027 = SURFACE_CURVE('',#1028,(#1031,#1037),.PCURVE_S1.);
#1028 = B_SPLINE_CURVE_WITH_KNOTS('',1,(#1029,#1030),.UNSPECIFIED.,.F.,
  .F.,(2,2),(0.,1.),.PIECEWISE_BEZIER_KNOTS.);
#1029 = CARTESIAN_POINT('',(5.576229656938,4.55523939414,-46.23044782001
    ));
#1030 = CARTESIAN_POINT('',(5.247032671533,4.510330943977,
    -47.66453999884));
#1031 = PCURVE('',#861,#1032);
#1032 = DEFINITIONAL_REPRESENTATION('',(#1033),#1036);
#1033 = B_SPLINE_CURVE_WITH_KNOTS('',1,(#1034,#1035),.UNSPECIFIED.,.F.,
  .F.,(2,2),(0.,1.),.PIECEWISE_BEZIER_KNOTS.);
#1034 = CARTESIAN_POINT('',(-0.6,-1.472076017564));
#1035 = CARTESIAN_POINT('',(-0.6,0.));
#1036 = ( GEOMETRIC_REPRESENTATION_CONTEXT(2) 
PARAMETRIC_REPRESENTATION_CONTEXT() REPRESENTATION_CONTEXT('2D SPACE',''
  ) );
#1037 = PCURVE('',#168,#1038);
#1038 = DEFINITIONAL_REPRESENTATION('',(#1039),#1042);
#1039 = B_SPLINE_CURVE_WITH_KNOTS('',1,(#1040,#1041),.UNSPECIFIED.,.F.,
  .F.,(2,2),(0.,1.),.PIECEWISE_BEZIER_KNOTS.);
#1040 = CARTESIAN_POINT('',(91.14450425489,46.017399585495));
#1041 = CARTESIAN_POINT('',(90.471586700678,47.326670285817));
#1042 = ( GEOMETRIC_REPRESENTATION_CONTEXT(2) 
PARAMETRIC_REPRESENTATION_CONTEXT() REPRESENTATION_CONTEXT('2D SPACE',''
  ) );
#1043 = ADVANCED_FACE('',(#1044),#1014,.F.);
#1044 = FACE_BOUND('',#1045,.F.);
#1045 = EDGE_LOOP('',(#1046,#1066,#1095,#1117,#1146,#1166,#1194,#1215));
#1046 = ORIENTED_EDGE('',*,*,#1047,.F.);
#1047 = EDGE_CURVE('',#1048,#999,#1050,.T.);
#1048 = VERTEX_POINT('',#1049);
#1049 = CARTESIAN_POINT('',(3.253260363196,4.525123193988,
    -47.19216898688));
#1050 = SURFACE_CURVE('',#1051,(#1054,#1060),.PCURVE_S1.);
#1051 = B_SPLINE_CURVE_WITH_KNOTS('',1,(#1052,#1053),.UNSPECIFIED.,.F.,
  .F.,(2,2),(1.,2.),.PIECEWISE_BEZIER_KNOTS.);
#1052 = CARTESIAN_POINT('',(-0.591190652981,4.55364605006,
    -46.28132916362));
#1053 = CARTESIAN_POINT('',(17.896516541312,4.416481547463,
    -50.6614968085));
#1054 = PCURVE('',#1014,#1055);
#1055 = DEFINITIONAL_REPRESENTATION('',(#1056),#1059);
#1056 = B_SPLINE_CURVE_WITH_KNOTS('',1,(#1057,#1058),.UNSPECIFIED.,.F.,
  .F.,(2,2),(1.,2.),.PIECEWISE_BEZIER_KNOTS.);
#1057 = CARTESIAN_POINT('',(1.272466496398,4.835372686313));
#1058 = CARTESIAN_POINT('',(19.646882704389,0.));
#1059 = ( GEOMETRIC_REPRESENTATION_CONTEXT(2) 
PARAMETRIC_REPRESENTATION_CONTEXT() REPRESENTATION_CONTEXT('2D SPACE',''
  ) );
#1060 = PCURVE('',#168,#1061);
#1061 = DEFINITIONAL_REPRESENTATION('',(#1062),#1065);
#1062 = B_SPLINE_CURVE_WITH_KNOTS('',1,(#1063,#1064),.UNSPECIFIED.,.F.,
  .F.,(2,2),(1.,2.),.PIECEWISE_BEZIER_KNOTS.);
#1063 = CARTESIAN_POINT('',(85.155071545894,44.54554342626));
#1064 = CARTESIAN_POINT('',(101.99070286937,53.352445148191));
#1065 = ( GEOMETRIC_REPRESENTATION_CONTEXT(2) 
PARAMETRIC_REPRESENTATION_CONTEXT() REPRESENTATION_CONTEXT('2D SPACE',''
  ) );
#1066 = ORIENTED_EDGE('',*,*,#1067,.T.);
#1067 = EDGE_CURVE('',#1048,#1068,#1070,.T.);
#1068 = VERTEX_POINT('',#1069);
#1069 = CARTESIAN_POINT('',(3.253260363196,5.524633242887,
    -47.22346854202));
#1070 = SURFACE_CURVE('',#1071,(#1077,#1086),.PCURVE_S1.);
#1071 = B_SPLINE_CURVE_WITH_KNOTS('',4,(#1072,#1073,#1074,#1075,#1076),
  .UNSPECIFIED.,.F.,.F.,(5,5),(0.,1.),.PIECEWISE_BEZIER_KNOTS.);
#1072 = CARTESIAN_POINT('',(3.253260363196,3.485900919754,
    -47.15962584747));
#1073 = CARTESIAN_POINT('',(3.253260363196,3.995584000537,-47.1755865211
    ));
#1074 = CARTESIAN_POINT('',(3.253260363196,4.50526708132,-47.19154719474
    ));
#1075 = CARTESIAN_POINT('',(3.253260363196,5.014950162104,
    -47.20750786838));
#1076 = CARTESIAN_POINT('',(3.253260363196,5.524633242887,
    -47.22346854202));
#1077 = PCURVE('',#1014,#1078);
#1078 = DEFINITIONAL_REPRESENTATION('',(#1079),#1085);
#1079 = B_SPLINE_CURVE_WITH_KNOTS('',4,(#1080,#1081,#1082,#1083,#1084),
  .UNSPECIFIED.,.F.,.F.,(5,5),(0.,1.),.PIECEWISE_BEZIER_KNOTS.);
#1080 = CARTESIAN_POINT('',(5.357963815445,4.835372686313));
#1081 = CARTESIAN_POINT('',(5.228189303464,4.342229540787));
#1082 = CARTESIAN_POINT('',(5.098414791483,3.84908639526));
#1083 = CARTESIAN_POINT('',(4.968640279503,3.355943249734));
#1084 = CARTESIAN_POINT('',(4.838865767522,2.862800104208));
#1085 = ( GEOMETRIC_REPRESENTATION_CONTEXT(2) 
PARAMETRIC_REPRESENTATION_CONTEXT() REPRESENTATION_CONTEXT('2D SPACE',''
  ) );
#1086 = PCURVE('',#101,#1087);
#1087 = DEFINITIONAL_REPRESENTATION('',(#1088),#1094);
#1088 = B_SPLINE_CURVE_WITH_KNOTS('',4,(#1089,#1090,#1091,#1092,#1093),
  .UNSPECIFIED.,.F.,.F.,(5,5),(0.,1.),.PIECEWISE_BEZIER_KNOTS.);
#1089 = CARTESIAN_POINT('',(0.370860301714,0.843186900684));
#1090 = CARTESIAN_POINT('',(0.278145226286,0.843186900684));
#1091 = CARTESIAN_POINT('',(0.185430150857,0.843186900684));
#1092 = CARTESIAN_POINT('',(9.271507542856E-02,0.843186900684));
#1093 = CARTESIAN_POINT('',(0.,0.843186900684));
#1094 = ( GEOMETRIC_REPRESENTATION_CONTEXT(2) 
PARAMETRIC_REPRESENTATION_CONTEXT() REPRESENTATION_CONTEXT('2D SPACE',''
  ) );
#1095 = ORIENTED_EDGE('',*,*,#1096,.T.);
#1096 = EDGE_CURVE('',#1068,#1097,#1099,.T.);
#1097 = VERTEX_POINT('',#1098);
#1098 = CARTESIAN_POINT('',(14.052065534604,5.444514452362,
    -49.78195654262));
#1099 = SURFACE_CURVE('',#1100,(#1104,#1111),.PCURVE_S1.);
#1100 = LINE('',#1101,#1102);
#1101 = CARTESIAN_POINT('',(-47.34684829955,5.900046952286,
    -35.23512642565));
#1102 = VECTOR('',#1103,1.);
#1103 = DIRECTION('',(0.973037220752,-7.219184347225E-03,-0.230535139205
    ));
#1104 = PCURVE('',#1014,#1105);
#1105 = DEFINITIONAL_REPRESENTATION('',(#1106),#1110);
#1106 = LINE('',#1107,#1108);
#1107 = CARTESIAN_POINT('',(-45.4511700367,16.097020052687));
#1108 = VECTOR('',#1109,1.);
#1109 = DIRECTION('',(0.967074537263,-0.25449329928));
#1110 = ( GEOMETRIC_REPRESENTATION_CONTEXT(2) 
PARAMETRIC_REPRESENTATION_CONTEXT() REPRESENTATION_CONTEXT('2D SPACE',''
  ) );
#1111 = PCURVE('',#708,#1112);
#1112 = DEFINITIONAL_REPRESENTATION('',(#1113),#1116);
#1113 = B_SPLINE_CURVE_WITH_KNOTS('',1,(#1114,#1115),.UNSPECIFIED.,.F.,
  .F.,(2,2),(51.670489715693,66.019941650233),.PIECEWISE_BEZIER_KNOTS.);
#1114 = CARTESIAN_POINT('',(88.362026044381,46.223136178929));
#1115 = CARTESIAN_POINT('',(101.07687248985,52.874410544774));
#1116 = ( GEOMETRIC_REPRESENTATION_CONTEXT(2) 
PARAMETRIC_REPRESENTATION_CONTEXT() REPRESENTATION_CONTEXT('2D SPACE',''
  ) );
#1117 = ORIENTED_EDGE('',*,*,#1118,.T.);
#1118 = EDGE_CURVE('',#1097,#1119,#1121,.T.);
#1119 = VERTEX_POINT('',#1120);
#1120 = CARTESIAN_POINT('',(14.052065534604,4.445004403464,
    -49.75065698748));
#1121 = SURFACE_CURVE('',#1122,(#1128,#1137),.PCURVE_S1.);
#1122 = B_SPLINE_CURVE_WITH_KNOTS('',4,(#1123,#1124,#1125,#1126,#1127),
  .UNSPECIFIED.,.F.,.F.,(5,5),(0.,1.),.PIECEWISE_BEZIER_KNOTS.);
#1123 = CARTESIAN_POINT('',(14.052065534604,5.444514452362,
    -49.78195654262));
#1124 = CARTESIAN_POINT('',(14.052065534604,4.205054946933,
    -49.74314299475));
#1125 = CARTESIAN_POINT('',(14.052065534604,2.965595441505,
    -49.70432944688));
#1126 = CARTESIAN_POINT('',(14.052065534604,1.726135936076,
    -49.66551589902));
#1127 = CARTESIAN_POINT('',(14.052065534604,0.486676430647,
    -49.62670235115));
#1128 = PCURVE('',#1014,#1129);
#1129 = DEFINITIONAL_REPRESENTATION('',(#1130),#1136);
#1130 = B_SPLINE_CURVE_WITH_KNOTS('',4,(#1131,#1132,#1133,#1134,#1135),
  .UNSPECIFIED.,.F.,.F.,(5,5),(0.,1.),.PIECEWISE_BEZIER_KNOTS.);
#1131 = CARTESIAN_POINT('',(15.571496844117,3.842350510364E-02));
#1132 = CARTESIAN_POINT('',(15.887085606039,1.237660800406));
#1133 = CARTESIAN_POINT('',(16.20267436796,2.436898095708));
#1134 = CARTESIAN_POINT('',(16.518263129882,3.636135391011));
#1135 = CARTESIAN_POINT('',(16.833851891804,4.835372686313));
#1136 = ( GEOMETRIC_REPRESENTATION_CONTEXT(2) 
PARAMETRIC_REPRESENTATION_CONTEXT() REPRESENTATION_CONTEXT('2D SPACE',''
  ) );
#1137 = PCURVE('',#629,#1138);
#1138 = DEFINITIONAL_REPRESENTATION('',(#1139),#1145);
#1139 = B_SPLINE_CURVE_WITH_KNOTS('',4,(#1140,#1141,#1142,#1143,#1144),
  .UNSPECIFIED.,.F.,.F.,(5,5),(0.,1.),.PIECEWISE_BEZIER_KNOTS.);
#1140 = CARTESIAN_POINT('',(5.,0.843186899907));
#1141 = CARTESIAN_POINT('',(4.774533262199,0.843186899907));
#1142 = CARTESIAN_POINT('',(4.549066524398,0.843186899907));
#1143 = CARTESIAN_POINT('',(4.323599786597,0.843186899907));
#1144 = CARTESIAN_POINT('',(4.098133048796,0.843186899907));
#1145 = ( GEOMETRIC_REPRESENTATION_CONTEXT(2) 
PARAMETRIC_REPRESENTATION_CONTEXT() REPRESENTATION_CONTEXT('2D SPACE',''
  ) );
#1146 = ORIENTED_EDGE('',*,*,#1147,.F.);
#1147 = EDGE_CURVE('',#1148,#1119,#1150,.T.);
#1148 = VERTEX_POINT('',#1149);
#1149 = CARTESIAN_POINT('',(12.058293216798,4.459796653546,
    -49.27828597328));
#1150 = SURFACE_CURVE('',#1151,(#1154,#1160),.PCURVE_S1.);
#1151 = B_SPLINE_CURVE_WITH_KNOTS('',1,(#1152,#1153),.UNSPECIFIED.,.F.,
  .F.,(2,2),(1.,2.),.PIECEWISE_BEZIER_KNOTS.);
#1152 = CARTESIAN_POINT('',(-0.591190652981,4.55364605006,
    -46.28132916362));
#1153 = CARTESIAN_POINT('',(17.896516541312,4.416481547463,
    -50.6614968085));
#1154 = PCURVE('',#1014,#1155);
#1155 = DEFINITIONAL_REPRESENTATION('',(#1156),#1159);
#1156 = B_SPLINE_CURVE_WITH_KNOTS('',1,(#1157,#1158),.UNSPECIFIED.,.F.,
  .F.,(2,2),(1.,2.),.PIECEWISE_BEZIER_KNOTS.);
#1157 = CARTESIAN_POINT('',(1.272466496398,4.835372686313));
#1158 = CARTESIAN_POINT('',(19.646882704389,0.));
#1159 = ( GEOMETRIC_REPRESENTATION_CONTEXT(2) 
PARAMETRIC_REPRESENTATION_CONTEXT() REPRESENTATION_CONTEXT('2D SPACE',''
  ) );
#1160 = PCURVE('',#168,#1161);
#1161 = DEFINITIONAL_REPRESENTATION('',(#1162),#1165);
#1162 = B_SPLINE_CURVE_WITH_KNOTS('',1,(#1163,#1164),.UNSPECIFIED.,.F.,
  .F.,(2,2),(1.,2.),.PIECEWISE_BEZIER_KNOTS.);
#1163 = CARTESIAN_POINT('',(85.155071545894,44.54554342626));
#1164 = CARTESIAN_POINT('',(101.99070286937,53.352445148191));
#1165 = ( GEOMETRIC_REPRESENTATION_CONTEXT(2) 
PARAMETRIC_REPRESENTATION_CONTEXT() REPRESENTATION_CONTEXT('2D SPACE',''
  ) );
#1166 = ORIENTED_EDGE('',*,*,#1167,.F.);
#1167 = EDGE_CURVE('',#1168,#1148,#1170,.T.);
#1168 = VERTEX_POINT('',#1169);
#1169 = CARTESIAN_POINT('',(12.058293216798,4.359845648656,
    -49.27515601776));
#1170 = SURFACE_CURVE('',#1171,(#1175,#1182),.PCURVE_S1.);
#1171 = LINE('',#1172,#1173);
#1172 = CARTESIAN_POINT('',(12.058293216798,3.860090624207,
    -49.2595062402));
#1173 = VECTOR('',#1174,1.);
#1174 = DIRECTION('',(0.,0.999510048898,-3.129955513418E-02));
#1175 = PCURVE('',#1014,#1176);
#1176 = DEFINITIONAL_REPRESENTATION('',(#1177),#1181);
#1177 = LINE('',#1178,#1179);
#1178 = CARTESIAN_POINT('',(13.99713146038,2.107204518035));
#1179 = VECTOR('',#1180,1.);
#1180 = DIRECTION('',(-0.25449329928,-0.967074537263));
#1181 = ( GEOMETRIC_REPRESENTATION_CONTEXT(2) 
PARAMETRIC_REPRESENTATION_CONTEXT() REPRESENTATION_CONTEXT('2D SPACE',''
  ) );
#1182 = PCURVE('',#1183,#1188);
#1183 = PLANE('',#1184);
#1184 = AXIS2_PLACEMENT_3D('',#1185,#1186,#1187);
#1185 = CARTESIAN_POINT('',(12.058293216798,3.860090624207,
    -49.2595062402));
#1186 = DIRECTION('',(-0.974674637168,6.999447767472E-03,0.223518141083)
  );
#1187 = DIRECTION('',(0.,0.999510048898,-3.129955513418E-02));
#1188 = DEFINITIONAL_REPRESENTATION('',(#1189),#1193);
#1189 = LINE('',#1190,#1191);
#1190 = CARTESIAN_POINT('',(0.,0.));
#1191 = VECTOR('',#1192,1.);
#1192 = DIRECTION('',(1.,0.));
#1193 = ( GEOMETRIC_REPRESENTATION_CONTEXT(2) 
PARAMETRIC_REPRESENTATION_CONTEXT() REPRESENTATION_CONTEXT('2D SPACE',''
  ) );
#1194 = ORIENTED_EDGE('',*,*,#1195,.F.);
#1195 = EDGE_CURVE('',#846,#1168,#1196,.T.);
#1196 = SURFACE_CURVE('',#1197,(#1201,#1208),.PCURVE_S1.);
#1197 = LINE('',#1198,#1199);
#1198 = CARTESIAN_POINT('',(8.652662944165,4.385112793871,
    -48.46828303055));
#1199 = VECTOR('',#1200,1.);
#1200 = DIRECTION('',(0.973037220752,-7.219184347225E-03,-0.230535139205
    ));
#1201 = PCURVE('',#1014,#1202);
#1202 = DEFINITIONAL_REPRESENTATION('',(#1203),#1207);
#1203 = LINE('',#1204,#1205);
#1204 = CARTESIAN_POINT('',(10.485123930321,2.514393796883));
#1205 = VECTOR('',#1206,1.);
#1206 = DIRECTION('',(0.967074537263,-0.25449329928));
#1207 = ( GEOMETRIC_REPRESENTATION_CONTEXT(2) 
PARAMETRIC_REPRESENTATION_CONTEXT() REPRESENTATION_CONTEXT('2D SPACE',''
  ) );
#1208 = PCURVE('',#802,#1209);
#1209 = DEFINITIONAL_REPRESENTATION('',(#1210),#1214);
#1210 = LINE('',#1211,#1212);
#1211 = CARTESIAN_POINT('',(0.,0.));
#1212 = VECTOR('',#1213,1.);
#1213 = DIRECTION('',(-1.,0.));
#1214 = ( GEOMETRIC_REPRESENTATION_CONTEXT(2) 
PARAMETRIC_REPRESENTATION_CONTEXT() REPRESENTATION_CONTEXT('2D SPACE',''
  ) );
#1215 = ORIENTED_EDGE('',*,*,#998,.T.);
#1216 = ADVANCED_FACE('',(#1217),#1183,.T.);
#1217 = FACE_BOUND('',#1218,.T.);
#1218 = EDGE_LOOP('',(#1219,#1244,#1262,#1263,#1286,#1309));
#1219 = ORIENTED_EDGE('',*,*,#1220,.T.);
#1220 = EDGE_CURVE('',#1221,#1223,#1225,.T.);
#1221 = VERTEX_POINT('',#1222);
#1222 = CARTESIAN_POINT('',(12.410059470964,3.308371903364,
    -47.70831504455));
#1223 = VERTEX_POINT('',#1224);
#1224 = CARTESIAN_POINT('',(12.410059470964,4.507783962041,
    -47.74587451071));
#1225 = SURFACE_CURVE('',#1226,(#1230,#1237),.PCURVE_S1.);
#1226 = LINE('',#1227,#1228);
#1227 = CARTESIAN_POINT('',(12.410059470964,3.908077932703,
    -47.72709477763));
#1228 = VECTOR('',#1229,1.);
#1229 = DIRECTION('',(0.,0.999510048898,-3.129955513418E-02));
#1230 = PCURVE('',#1183,#1231);
#1231 = DEFINITIONAL_REPRESENTATION('',(#1232),#1236);
#1232 = LINE('',#1233,#1234);
#1233 = CARTESIAN_POINT('',(0.,-1.572999418293));
#1234 = VECTOR('',#1235,1.);
#1235 = DIRECTION('',(1.,0.));
#1236 = ( GEOMETRIC_REPRESENTATION_CONTEXT(2) 
PARAMETRIC_REPRESENTATION_CONTEXT() REPRESENTATION_CONTEXT('2D SPACE',''
  ) );
#1237 = PCURVE('',#933,#1238);
#1238 = DEFINITIONAL_REPRESENTATION('',(#1239),#1243);
#1239 = LINE('',#1240,#1241);
#1240 = CARTESIAN_POINT('',(7.000734072759,-0.591373352888));
#1241 = VECTOR('',#1242,1.);
#1242 = DIRECTION('',(0.168963815111,0.985622254813));
#1243 = ( GEOMETRIC_REPRESENTATION_CONTEXT(2) 
PARAMETRIC_REPRESENTATION_CONTEXT() REPRESENTATION_CONTEXT('2D SPACE',''
  ) );
#1244 = ORIENTED_EDGE('',*,*,#1245,.T.);
#1245 = EDGE_CURVE('',#1223,#1148,#1246,.T.);
#1246 = SURFACE_CURVE('',#1247,(#1250,#1256),.PCURVE_S1.);
#1247 = B_SPLINE_CURVE_WITH_KNOTS('',1,(#1248,#1249),.UNSPECIFIED.,.F.,
  .F.,(2,2),(0.,1.),.PIECEWISE_BEZIER_KNOTS.);
#1248 = CARTESIAN_POINT('',(12.410059470964,4.507783962041,
    -47.74587451071));
#1249 = CARTESIAN_POINT('',(12.058293216798,4.459796653546,
    -49.27828597328));
#1250 = PCURVE('',#1183,#1251);
#1251 = DEFINITIONAL_REPRESENTATION('',(#1252),#1255);
#1252 = B_SPLINE_CURVE_WITH_KNOTS('',1,(#1253,#1254),.UNSPECIFIED.,.F.,
  .F.,(2,2),(0.,1.),.PIECEWISE_BEZIER_KNOTS.);
#1253 = CARTESIAN_POINT('',(0.6,-1.572999418293));
#1254 = CARTESIAN_POINT('',(0.6,0.));
#1255 = ( GEOMETRIC_REPRESENTATION_CONTEXT(2) 
PARAMETRIC_REPRESENTATION_CONTEXT() REPRESENTATION_CONTEXT('2D SPACE',''
  ) );
#1256 = PCURVE('',#168,#1257);
#1257 = DEFINITIONAL_REPRESENTATION('',(#1258),#1261);
#1258 = B_SPLINE_CURVE_WITH_KNOTS('',1,(#1259,#1260),.UNSPECIFIED.,.F.,
  .F.,(2,2),(0.,1.),.PIECEWISE_BEZIER_KNOTS.);
#1259 = CARTESIAN_POINT('',(97.393239522179,49.17228588445));
#1260 = CARTESIAN_POINT('',(96.674187714593,50.571318288634));
#1261 = ( GEOMETRIC_REPRESENTATION_CONTEXT(2) 
PARAMETRIC_REPRESENTATION_CONTEXT() REPRESENTATION_CONTEXT('2D SPACE',''
  ) );
#1262 = ORIENTED_EDGE('',*,*,#1167,.F.);
#1263 = ORIENTED_EDGE('',*,*,#1264,.F.);
#1264 = EDGE_CURVE('',#1265,#1168,#1267,.T.);
#1265 = VERTEX_POINT('',#1266);
#1266 = CARTESIAN_POINT('',(12.058293216798,3.460286604648,
    -49.24698641814));
#1267 = SURFACE_CURVE('',#1268,(#1272,#1279),.PCURVE_S1.);
#1268 = LINE('',#1269,#1270);
#1269 = CARTESIAN_POINT('',(12.058293216798,3.910066126652,
    -49.26107121795));
#1270 = VECTOR('',#1271,1.);
#1271 = DIRECTION('',(0.,0.999510048898,-3.129955513418E-02));
#1272 = PCURVE('',#1183,#1273);
#1273 = DEFINITIONAL_REPRESENTATION('',(#1274),#1278);
#1274 = LINE('',#1275,#1276);
#1275 = CARTESIAN_POINT('',(5.E-02,0.));
#1276 = VECTOR('',#1277,1.);
#1277 = DIRECTION('',(1.,0.));
#1278 = ( GEOMETRIC_REPRESENTATION_CONTEXT(2) 
PARAMETRIC_REPRESENTATION_CONTEXT() REPRESENTATION_CONTEXT('2D SPACE',''
  ) );
#1279 = PCURVE('',#828,#1280);
#1280 = DEFINITIONAL_REPRESENTATION('',(#1281),#1285);
#1281 = LINE('',#1282,#1283);
#1282 = CARTESIAN_POINT('',(0.,-1.797708854393));
#1283 = VECTOR('',#1284,1.);
#1284 = DIRECTION('',(1.,0.));
#1285 = ( GEOMETRIC_REPRESENTATION_CONTEXT(2) 
PARAMETRIC_REPRESENTATION_CONTEXT() REPRESENTATION_CONTEXT('2D SPACE',''
  ) );
#1286 = ORIENTED_EDGE('',*,*,#1287,.F.);
#1287 = EDGE_CURVE('',#1288,#1265,#1290,.T.);
#1288 = VERTEX_POINT('',#1289);
#1289 = CARTESIAN_POINT('',(12.058293216798,3.260384594868,
    -49.24072650712));
#1290 = SURFACE_CURVE('',#1291,(#1295,#1302),.PCURVE_S1.);
#1291 = LINE('',#1292,#1293);
#1292 = CARTESIAN_POINT('',(12.058293216798,3.860090624207,
    -49.2595062402));
#1293 = VECTOR('',#1294,1.);
#1294 = DIRECTION('',(0.,0.999510048898,-3.129955513418E-02));
#1295 = PCURVE('',#1183,#1296);
#1296 = DEFINITIONAL_REPRESENTATION('',(#1297),#1301);
#1297 = LINE('',#1298,#1299);
#1298 = CARTESIAN_POINT('',(0.,0.));
#1299 = VECTOR('',#1300,1.);
#1300 = DIRECTION('',(1.,0.));
#1301 = ( GEOMETRIC_REPRESENTATION_CONTEXT(2) 
PARAMETRIC_REPRESENTATION_CONTEXT() REPRESENTATION_CONTEXT('2D SPACE',''
  ) );
#1302 = PCURVE('',#985,#1303);
#1303 = DEFINITIONAL_REPRESENTATION('',(#1304),#1308);
#1304 = LINE('',#1305,#1306);
#1305 = CARTESIAN_POINT('',(7.000734072759,-0.591373352888));
#1306 = VECTOR('',#1307,1.);
#1307 = DIRECTION('',(0.168963815111,0.985622254813));
#1308 = ( GEOMETRIC_REPRESENTATION_CONTEXT(2) 
PARAMETRIC_REPRESENTATION_CONTEXT() REPRESENTATION_CONTEXT('2D SPACE',''
  ) );
#1309 = ORIENTED_EDGE('',*,*,#1310,.F.);
#1310 = EDGE_CURVE('',#1221,#1288,#1311,.T.);
#1311 = SURFACE_CURVE('',#1312,(#1315,#1321),.PCURVE_S1.);
#1312 = B_SPLINE_CURVE_WITH_KNOTS('',1,(#1313,#1314),.UNSPECIFIED.,.F.,
  .F.,(2,2),(0.,1.),.PIECEWISE_BEZIER_KNOTS.);
#1313 = CARTESIAN_POINT('',(12.410059470964,3.308371903364,
    -47.70831504455));
#1314 = CARTESIAN_POINT('',(12.058293216798,3.260384594868,
    -49.24072650712));
#1315 = PCURVE('',#1183,#1316);
#1316 = DEFINITIONAL_REPRESENTATION('',(#1317),#1320);
#1317 = B_SPLINE_CURVE_WITH_KNOTS('',1,(#1318,#1319),.UNSPECIFIED.,.F.,
  .F.,(2,2),(0.,1.),.PIECEWISE_BEZIER_KNOTS.);
#1318 = CARTESIAN_POINT('',(-0.6,-1.572999418293));
#1319 = CARTESIAN_POINT('',(-0.6,0.));
#1320 = ( GEOMETRIC_REPRESENTATION_CONTEXT(2) 
PARAMETRIC_REPRESENTATION_CONTEXT() REPRESENTATION_CONTEXT('2D SPACE',''
  ) );
#1321 = PCURVE('',#959,#1322);
#1322 = DEFINITIONAL_REPRESENTATION('',(#1323),#1327);
#1323 = LINE('',#1324,#1325);
#1324 = CARTESIAN_POINT('',(3.5,0.));
#1325 = VECTOR('',#1326,1.);
#1326 = DIRECTION('',(0.,1.));
#1327 = ( GEOMETRIC_REPRESENTATION_CONTEXT(2) 
PARAMETRIC_REPRESENTATION_CONTEXT() REPRESENTATION_CONTEXT('2D SPACE',''
  ) );
#1328 = ADVANCED_FACE('',(#1329),#985,.T.);
#1329 = FACE_BOUND('',#1330,.T.);
#1330 = EDGE_LOOP('',(#1331,#1332,#1353,#1354));
#1331 = ORIENTED_EDGE('',*,*,#971,.F.);
#1332 = ORIENTED_EDGE('',*,*,#1333,.T.);
#1333 = EDGE_CURVE('',#946,#1288,#1334,.T.);
#1334 = SURFACE_CURVE('',#1335,(#1339,#1346),.PCURVE_S1.);
#1335 = LINE('',#1336,#1337);
#1336 = CARTESIAN_POINT('',(8.652662944165,3.285651740083,-48.4338535199
    ));
#1337 = VECTOR('',#1338,1.);
#1338 = DIRECTION('',(0.973037220752,-7.219184347225E-03,-0.230535139205
    ));
#1339 = PCURVE('',#985,#1340);
#1340 = DEFINITIONAL_REPRESENTATION('',(#1341),#1345);
#1341 = LINE('',#1342,#1343);
#1342 = CARTESIAN_POINT('',(3.449677891846,-0.591373352888));
#1343 = VECTOR('',#1344,1.);
#1344 = DIRECTION('',(0.985622254813,-0.168963815111));
#1345 = ( GEOMETRIC_REPRESENTATION_CONTEXT(2) 
PARAMETRIC_REPRESENTATION_CONTEXT() REPRESENTATION_CONTEXT('2D SPACE',''
  ) );
#1346 = PCURVE('',#959,#1347);
#1347 = DEFINITIONAL_REPRESENTATION('',(#1348),#1352);
#1348 = LINE('',#1349,#1350);
#1349 = CARTESIAN_POINT('',(0.,1.));
#1350 = VECTOR('',#1351,1.);
#1351 = DIRECTION('',(1.,0.));
#1352 = ( GEOMETRIC_REPRESENTATION_CONTEXT(2) 
PARAMETRIC_REPRESENTATION_CONTEXT() REPRESENTATION_CONTEXT('2D SPACE',''
  ) );
#1353 = ORIENTED_EDGE('',*,*,#1287,.T.);
#1354 = ORIENTED_EDGE('',*,*,#1355,.F.);
#1355 = EDGE_CURVE('',#844,#1265,#1356,.T.);
#1356 = SURFACE_CURVE('',#1357,(#1361,#1368),.PCURVE_S1.);
#1357 = LINE('',#1358,#1359);
#1358 = CARTESIAN_POINT('',(8.652662944165,3.485553749863,
    -48.44011343093));
#1359 = VECTOR('',#1360,1.);
#1360 = DIRECTION('',(0.973037220752,-7.219184347225E-03,-0.230535139205
    ));
#1361 = PCURVE('',#985,#1362);
#1362 = DEFINITIONAL_REPRESENTATION('',(#1363),#1367);
#1363 = LINE('',#1364,#1365);
#1364 = CARTESIAN_POINT('',(3.483470654869,-0.394248901925));
#1365 = VECTOR('',#1366,1.);
#1366 = DIRECTION('',(0.985622254813,-0.168963815111));
#1367 = ( GEOMETRIC_REPRESENTATION_CONTEXT(2) 
PARAMETRIC_REPRESENTATION_CONTEXT() REPRESENTATION_CONTEXT('2D SPACE',''
  ) );
#1368 = PCURVE('',#746,#1369);
#1369 = DEFINITIONAL_REPRESENTATION('',(#1370),#1374);
#1370 = LINE('',#1371,#1372);
#1371 = CARTESIAN_POINT('',(0.,0.));
#1372 = VECTOR('',#1373,1.);
#1373 = DIRECTION('',(1.,0.));
#1374 = ( GEOMETRIC_REPRESENTATION_CONTEXT(2) 
PARAMETRIC_REPRESENTATION_CONTEXT() REPRESENTATION_CONTEXT('2D SPACE',''
  ) );
#1375 = ADVANCED_FACE('',(#1376),#959,.T.);
#1376 = FACE_BOUND('',#1377,.T.);
#1377 = EDGE_LOOP('',(#1378,#1399,#1400,#1401));
#1378 = ORIENTED_EDGE('',*,*,#1379,.T.);
#1379 = EDGE_CURVE('',#916,#1221,#1380,.T.);
#1380 = SURFACE_CURVE('',#1381,(#1385,#1392),.PCURVE_S1.);
#1381 = LINE('',#1382,#1383);
#1382 = CARTESIAN_POINT('',(8.993144563951,3.332099619413,-46.9506016992
    ));
#1383 = VECTOR('',#1384,1.);
#1384 = DIRECTION('',(0.976261402004,-6.779347442661E-03,-0.216489527243
    ));
#1385 = PCURVE('',#959,#1386);
#1386 = DEFINITIONAL_REPRESENTATION('',(#1387),#1391);
#1387 = LINE('',#1388,#1389);
#1388 = CARTESIAN_POINT('',(0.,0.));
#1389 = VECTOR('',#1390,1.);
#1390 = DIRECTION('',(1.,0.));
#1391 = ( GEOMETRIC_REPRESENTATION_CONTEXT(2) 
PARAMETRIC_REPRESENTATION_CONTEXT() REPRESENTATION_CONTEXT('2D SPACE',''
  ) );
#1392 = PCURVE('',#933,#1393);
#1393 = DEFINITIONAL_REPRESENTATION('',(#1394),#1398);
#1394 = LINE('',#1395,#1396);
#1395 = CARTESIAN_POINT('',(3.449677891846,-0.591373352888));
#1396 = VECTOR('',#1397,1.);
#1397 = DIRECTION('',(0.985622254813,-0.168963815111));
#1398 = ( GEOMETRIC_REPRESENTATION_CONTEXT(2) 
PARAMETRIC_REPRESENTATION_CONTEXT() REPRESENTATION_CONTEXT('2D SPACE',''
  ) );
#1399 = ORIENTED_EDGE('',*,*,#1310,.T.);
#1400 = ORIENTED_EDGE('',*,*,#1333,.F.);
#1401 = ORIENTED_EDGE('',*,*,#945,.F.);
#1402 = ADVANCED_FACE('',(#1403),#933,.F.);
#1403 = FACE_BOUND('',#1404,.F.);
#1404 = EDGE_LOOP('',(#1405,#1406,#1407,#1408));
#1405 = ORIENTED_EDGE('',*,*,#915,.F.);
#1406 = ORIENTED_EDGE('',*,*,#1379,.T.);
#1407 = ORIENTED_EDGE('',*,*,#1220,.T.);
#1408 = ORIENTED_EDGE('',*,*,#1409,.F.);
#1409 = EDGE_CURVE('',#918,#1223,#1410,.T.);
#1410 = SURFACE_CURVE('',#1411,(#1415,#1422),.PCURVE_S1.);
#1411 = LINE('',#1412,#1413);
#1412 = CARTESIAN_POINT('',(8.993144563951,4.531511678091,
    -46.98816116536));
#1413 = VECTOR('',#1414,1.);
#1414 = DIRECTION('',(0.976261402004,-6.779347442661E-03,-0.216489527243
    ));
#1415 = PCURVE('',#933,#1416);
#1416 = DEFINITIONAL_REPRESENTATION('',(#1417),#1421);
#1417 = LINE('',#1418,#1419);
#1418 = CARTESIAN_POINT('',(3.652434469979,0.591373352888));
#1419 = VECTOR('',#1420,1.);
#1420 = DIRECTION('',(0.985622254813,-0.168963815111));
#1421 = ( GEOMETRIC_REPRESENTATION_CONTEXT(2) 
PARAMETRIC_REPRESENTATION_CONTEXT() REPRESENTATION_CONTEXT('2D SPACE',''
  ) );
#1422 = PCURVE('',#168,#1423);
#1423 = DEFINITIONAL_REPRESENTATION('',(#1424),#1428);
#1424 = LINE('',#1425,#1426);
#1425 = CARTESIAN_POINT('',(94.268871888535,47.594842734973));
#1426 = VECTOR('',#1427,1.);
#1427 = DIRECTION('',(0.892676466756,0.450698042708));
#1428 = ( GEOMETRIC_REPRESENTATION_CONTEXT(2) 
PARAMETRIC_REPRESENTATION_CONTEXT() REPRESENTATION_CONTEXT('2D SPACE',''
  ) );
#1429 = ADVANCED_FACE('',(#1430),#802,.T.);
#1430 = FACE_BOUND('',#1431,.T.);
#1431 = EDGE_LOOP('',(#1432,#1433,#1434,#1435));
#1432 = ORIENTED_EDGE('',*,*,#1195,.F.);
#1433 = ORIENTED_EDGE('',*,*,#893,.T.);
#1434 = ORIENTED_EDGE('',*,*,#786,.T.);
#1435 = ORIENTED_EDGE('',*,*,#1436,.F.);
#1436 = EDGE_CURVE('',#1168,#787,#1437,.T.);
#1437 = SURFACE_CURVE('',#1438,(#1441,#1448),.PCURVE_S1.);
#1438 = B_SPLINE_CURVE_WITH_KNOTS('',1,(#1439,#1440),.UNSPECIFIED.,.F.,
  .F.,(2,2),(0.,1.),.PIECEWISE_BEZIER_KNOTS.);
#1439 = CARTESIAN_POINT('',(12.058293216798,4.359845648656,
    -49.27515601776));
#1440 = CARTESIAN_POINT('',(11.629257765809,4.305204067996,
    -51.02006289339));
#1441 = PCURVE('',#802,#1442);
#1442 = DEFINITIONAL_REPRESENTATION('',(#1443),#1447);
#1443 = LINE('',#1444,#1445);
#1444 = CARTESIAN_POINT('',(-3.5,0.));
#1445 = VECTOR('',#1446,1.);
#1446 = DIRECTION('',(0.,1.));
#1447 = ( GEOMETRIC_REPRESENTATION_CONTEXT(2) 
PARAMETRIC_REPRESENTATION_CONTEXT() REPRESENTATION_CONTEXT('2D SPACE',''
  ) );
#1448 = PCURVE('',#828,#1449);
#1449 = DEFINITIONAL_REPRESENTATION('',(#1450),#1453);
#1450 = B_SPLINE_CURVE_WITH_KNOTS('',1,(#1451,#1452),.UNSPECIFIED.,.F.,
  .F.,(2,2),(0.,1.),.PIECEWISE_BEZIER_KNOTS.);
#1451 = CARTESIAN_POINT('',(0.45,-1.797708854393));
#1452 = CARTESIAN_POINT('',(0.45,0.));
#1453 = ( GEOMETRIC_REPRESENTATION_CONTEXT(2) 
PARAMETRIC_REPRESENTATION_CONTEXT() REPRESENTATION_CONTEXT('2D SPACE',''
  ) );
#1454 = ADVANCED_FACE('',(#1455),#828,.T.);
#1455 = FACE_BOUND('',#1456,.T.);
#1456 = EDGE_LOOP('',(#1457,#1458,#1459,#1460));
#1457 = ORIENTED_EDGE('',*,*,#1264,.T.);
#1458 = ORIENTED_EDGE('',*,*,#1436,.T.);
#1459 = ORIENTED_EDGE('',*,*,#814,.F.);
#1460 = ORIENTED_EDGE('',*,*,#1461,.F.);
#1461 = EDGE_CURVE('',#1265,#731,#1462,.T.);
#1462 = SURFACE_CURVE('',#1463,(#1466,#1472),.PCURVE_S1.);
#1463 = B_SPLINE_CURVE_WITH_KNOTS('',1,(#1464,#1465),.UNSPECIFIED.,.F.,
  .F.,(2,2),(0.,1.),.PIECEWISE_BEZIER_KNOTS.);
#1464 = CARTESIAN_POINT('',(12.058293216798,3.460286604648,
    -49.24698641814));
#1465 = CARTESIAN_POINT('',(11.629257765809,3.405645023987,
    -50.99189329377));
#1466 = PCURVE('',#828,#1467);
#1467 = DEFINITIONAL_REPRESENTATION('',(#1468),#1471);
#1468 = B_SPLINE_CURVE_WITH_KNOTS('',1,(#1469,#1470),.UNSPECIFIED.,.F.,
  .F.,(2,2),(0.,1.),.PIECEWISE_BEZIER_KNOTS.);
#1469 = CARTESIAN_POINT('',(-0.45,-1.797708854393));
#1470 = CARTESIAN_POINT('',(-0.45,0.));
#1471 = ( GEOMETRIC_REPRESENTATION_CONTEXT(2) 
PARAMETRIC_REPRESENTATION_CONTEXT() REPRESENTATION_CONTEXT('2D SPACE',''
  ) );
#1472 = PCURVE('',#746,#1473);
#1473 = DEFINITIONAL_REPRESENTATION('',(#1474),#1478);
#1474 = LINE('',#1475,#1476);
#1475 = CARTESIAN_POINT('',(3.5,0.));
#1476 = VECTOR('',#1477,1.);
#1477 = DIRECTION('',(0.,1.));
#1478 = ( GEOMETRIC_REPRESENTATION_CONTEXT(2) 
PARAMETRIC_REPRESENTATION_CONTEXT() REPRESENTATION_CONTEXT('2D SPACE',''
  ) );
#1479 = ADVANCED_FACE('',(#1480),#746,.T.);
#1480 = FACE_BOUND('',#1481,.T.);
#1481 = EDGE_LOOP('',(#1482,#1483,#1484,#1485));
#1482 = ORIENTED_EDGE('',*,*,#1355,.T.);
#1483 = ORIENTED_EDGE('',*,*,#1461,.T.);
#1484 = ORIENTED_EDGE('',*,*,#728,.F.);
#1485 = ORIENTED_EDGE('',*,*,#873,.F.);
#1486 = ADVANCED_FACE('',(#1487),#548,.F.);
#1487 = FACE_BOUND('',#1488,.F.);
#1488 = EDGE_LOOP('',(#1489,#1519,#1542,#1543));
#1489 = ORIENTED_EDGE('',*,*,#1490,.F.);
#1490 = EDGE_CURVE('',#1491,#1493,#1495,.T.);
#1491 = VERTEX_POINT('',#1492);
#1492 = CARTESIAN_POINT('',(18.816119303072,0.236504965743,
    -40.37152659488));
#1493 = VERTEX_POINT('',#1494);
#1494 = CARTESIAN_POINT('',(17.331682686459,-1.256014451889,
    -40.10916503554));
#1495 = SURFACE_CURVE('',#1496,(#1501,#1507),.PCURVE_S1.);
#1496 = CIRCLE('',#1497,1.5);
#1497 = AXIS2_PLACEMENT_3D('',#1498,#1499,#1500);
#1498 = CARTESIAN_POINT('',(17.331682686459,0.243250577671,
    -40.15611436687));
#1499 = DIRECTION('',(-0.14367854747,-3.097480381659E-02,-0.989139543505
    ));
#1500 = DIRECTION('',(-0.989624411076,4.49707461813E-03,0.143608152007)
  );
#1501 = PCURVE('',#548,#1502);
#1502 = DEFINITIONAL_REPRESENTATION('',(#1503),#1506);
#1503 = B_SPLINE_CURVE_WITH_KNOTS('',1,(#1504,#1505),.UNSPECIFIED.,.F.,
  .F.,(2,2),(3.14159265359,4.712388980385),.PIECEWISE_BEZIER_KNOTS.);
#1504 = CARTESIAN_POINT('',(4.,0.));
#1505 = CARTESIAN_POINT('',(3.,0.));
#1506 = ( GEOMETRIC_REPRESENTATION_CONTEXT(2) 
PARAMETRIC_REPRESENTATION_CONTEXT() REPRESENTATION_CONTEXT('2D SPACE',''
  ) );
#1507 = PCURVE('',#1508,#1513);
#1508 = TOROIDAL_SURFACE('',#1509,112.60250594613,1.5);
#1509 = AXIS2_PLACEMENT_3D('',#1510,#1511,#1512);
#1510 = CARTESIAN_POINT('',(-94.10250594613,0.749632449099,
    -23.98547657657));
#1511 = DIRECTION('',(-0.,-0.999510048898,3.129955513418E-02));
#1512 = DIRECTION('',(0.969104813817,7.720012263015E-03,0.24652841874));
#1513 = DEFINITIONAL_REPRESENTATION('',(#1514),#1518);
#1514 = LINE('',#1515,#1516);
#1515 = CARTESIAN_POINT('',(-0.393398704058,-3.14159265359));
#1516 = VECTOR('',#1517,1.);
#1517 = DIRECTION('',(-0.,1.));
#1518 = ( GEOMETRIC_REPRESENTATION_CONTEXT(2) 
PARAMETRIC_REPRESENTATION_CONTEXT() REPRESENTATION_CONTEXT('2D SPACE',''
  ) );
#1519 = ORIENTED_EDGE('',*,*,#1520,.T.);
#1520 = EDGE_CURVE('',#1491,#521,#1521,.T.);
#1521 = SURFACE_CURVE('',#1522,(#1528,#1535),.PCURVE_S1.);
#1522 = ( BOUNDED_CURVE() B_SPLINE_CURVE(4,(#1523,#1524,#1525,#1526,
#1527),.UNSPECIFIED.,.F.,.F.) B_SPLINE_CURVE_WITH_KNOTS((5,5),(0.,1.),
.PIECEWISE_BEZIER_KNOTS.) CURVE() GEOMETRIC_REPRESENTATION_ITEM() 
RATIONAL_B_SPLINE_CURVE((1.,1.,1.,1.,1.)) REPRESENTATION_ITEM('') );
#1523 = CARTESIAN_POINT('',(18.816119303072,0.236504965743,
    -40.37152659488));
#1524 = CARTESIAN_POINT('',(17.520307044749,0.147669245476,
    -43.20837826026));
#1525 = CARTESIAN_POINT('',(16.129021809133,6.116423198573E-02,
    -45.97080187597));
#1526 = CARTESIAN_POINT('',(14.647834115361,-2.284486375859E-02,
    -48.6535216474));
#1527 = CARTESIAN_POINT('',(13.082914986535,-0.104220253125,
    -51.25213747617));
#1528 = PCURVE('',#548,#1529);
#1529 = DEFINITIONAL_REPRESENTATION('',(#1530),#1534);
#1530 = LINE('',#1531,#1532);
#1531 = CARTESIAN_POINT('',(4.,0.));
#1532 = VECTOR('',#1533,1.);
#1533 = DIRECTION('',(0.,1.));
#1534 = ( GEOMETRIC_REPRESENTATION_CONTEXT(2) 
PARAMETRIC_REPRESENTATION_CONTEXT() REPRESENTATION_CONTEXT('2D SPACE',''
  ) );
#1535 = PCURVE('',#629,#1536);
#1536 = DEFINITIONAL_REPRESENTATION('',(#1537),#1541);
#1537 = LINE('',#1538,#1539);
#1538 = CARTESIAN_POINT('',(4.,0.));
#1539 = VECTOR('',#1540,1.);
#1540 = DIRECTION('',(0.,1.));
#1541 = ( GEOMETRIC_REPRESENTATION_CONTEXT(2) 
PARAMETRIC_REPRESENTATION_CONTEXT() REPRESENTATION_CONTEXT('2D SPACE',''
  ) );
#1542 = ORIENTED_EDGE('',*,*,#520,.F.);
#1543 = ORIENTED_EDGE('',*,*,#1544,.F.);
#1544 = EDGE_CURVE('',#1493,#486,#1545,.T.);
#1545 = SURFACE_CURVE('',#1546,(#1552,#1559),.PCURVE_S1.);
#1546 = ( BOUNDED_CURVE() B_SPLINE_CURVE(4,(#1547,#1548,#1549,#1550,
#1551),.UNSPECIFIED.,.F.,.F.) B_SPLINE_CURVE_WITH_KNOTS((5,5),(0.,1.),
.PIECEWISE_BEZIER_KNOTS.) CURVE() GEOMETRIC_REPRESENTATION_ITEM() 
RATIONAL_B_SPLINE_CURVE((1.,1.,1.,1.,1.)) REPRESENTATION_ITEM('') );
#1547 = CARTESIAN_POINT('',(17.331682686459,-1.256014495677,
    -40.10916503417));
#1548 = CARTESIAN_POINT('',(16.041527362131,-1.343630671213,
    -42.90707214561));
#1549 = CARTESIAN_POINT('',(14.657265033146,-1.428921831192,
    -45.63073294895));
#1550 = CARTESIAN_POINT('',(13.184457599579,-1.511725182675,
    -48.27494886624));
#1551 = CARTESIAN_POINT('',(11.629257765809,-1.591905308078,
    -50.83539551536));
#1552 = PCURVE('',#548,#1553);
#1553 = DEFINITIONAL_REPRESENTATION('',(#1554),#1558);
#1554 = LINE('',#1555,#1556);
#1555 = CARTESIAN_POINT('',(3.,0.));
#1556 = VECTOR('',#1557,1.);
#1557 = DIRECTION('',(0.,1.));
#1558 = ( GEOMETRIC_REPRESENTATION_CONTEXT(2) 
PARAMETRIC_REPRESENTATION_CONTEXT() REPRESENTATION_CONTEXT('2D SPACE',''
  ) );
#1559 = PCURVE('',#330,#1560);
#1560 = DEFINITIONAL_REPRESENTATION('',(#1561),#1565);
#1561 = LINE('',#1562,#1563);
#1562 = CARTESIAN_POINT('',(3.,0.));
#1563 = VECTOR('',#1564,1.);
#1564 = DIRECTION('',(0.,1.));
#1565 = ( GEOMETRIC_REPRESENTATION_CONTEXT(2) 
PARAMETRIC_REPRESENTATION_CONTEXT() REPRESENTATION_CONTEXT('2D SPACE',''
  ) );
#1566 = ADVANCED_FACE('',(#1567),#1508,.T.);
#1567 = FACE_BOUND('',#1568,.F.);
#1568 = EDGE_LOOP('',(#1569,#1598,#1599,#1623));
#1569 = ORIENTED_EDGE('',*,*,#1570,.T.);
#1570 = EDGE_CURVE('',#1571,#1491,#1573,.T.);
#1571 = VERTEX_POINT('',#1572);
#1572 = CARTESIAN_POINT('',(16.474781834896,1.630505194244,
    4.144033788625));
#1573 = SURFACE_CURVE('',#1574,(#1579,#1586),.PCURVE_S1.);
#1574 = CIRCLE('',#1575,114.10250594613);
#1575 = AXIS2_PLACEMENT_3D('',#1576,#1577,#1578);
#1576 = CARTESIAN_POINT('',(-94.10250594613,0.749632449099,
    -23.98547657657));
#1577 = DIRECTION('',(-3.993001575333E-19,0.999510048898,
    -3.129955513418E-02));
#1578 = DIRECTION('',(0.969104813817,7.720012263015E-03,0.24652841874));
#1579 = PCURVE('',#1508,#1580);
#1580 = DEFINITIONAL_REPRESENTATION('',(#1581),#1585);
#1581 = LINE('',#1582,#1583);
#1582 = CARTESIAN_POINT('',(-0.,3.77563691223E-16));
#1583 = VECTOR('',#1584,1.);
#1584 = DIRECTION('',(-1.,0.));
#1585 = ( GEOMETRIC_REPRESENTATION_CONTEXT(2) 
PARAMETRIC_REPRESENTATION_CONTEXT() REPRESENTATION_CONTEXT('2D SPACE',''
  ) );
#1586 = PCURVE('',#1587,#1592);
#1587 = CYLINDRICAL_SURFACE('',#1588,114.10250594613);
#1588 = AXIS2_PLACEMENT_3D('',#1589,#1590,#1591);
#1589 = CARTESIAN_POINT('',(-94.10250594613,2.74865263447,
    -24.04807568958));
#1590 = DIRECTION('',(0.,0.999510048898,-3.129955513418E-02));
#1591 = DIRECTION('',(0.969104813817,7.720012263015E-03,0.24652841874));
#1592 = DEFINITIONAL_REPRESENTATION('',(#1593),#1597);
#1593 = LINE('',#1594,#1595);
#1594 = CARTESIAN_POINT('',(0.,-2.000000087618));
#1595 = VECTOR('',#1596,1.);
#1596 = DIRECTION('',(1.,0.));
#1597 = ( GEOMETRIC_REPRESENTATION_CONTEXT(2) 
PARAMETRIC_REPRESENTATION_CONTEXT() REPRESENTATION_CONTEXT('2D SPACE',''
  ) );
#1598 = ORIENTED_EDGE('',*,*,#1490,.T.);
#1599 = ORIENTED_EDGE('',*,*,#1600,.F.);
#1600 = EDGE_CURVE('',#1601,#1493,#1603,.T.);
#1601 = VERTEX_POINT('',#1602);
#1602 = CARTESIAN_POINT('',(15.02112461417,0.119660146289,3.821190491844
    ));
#1603 = SURFACE_CURVE('',#1604,(#1609,#1616),.PCURVE_S1.);
#1604 = CIRCLE('',#1605,112.60250594613);
#1605 = AXIS2_PLACEMENT_3D('',#1606,#1607,#1608);
#1606 = CARTESIAN_POINT('',(-94.10250594613,-0.749632580461,
    -23.93852724524));
#1607 = DIRECTION('',(-3.993001575333E-19,0.999510048898,
    -3.129955513418E-02));
#1608 = DIRECTION('',(0.969104813817,7.720012263015E-03,0.24652841874));
#1609 = PCURVE('',#1508,#1610);
#1610 = DEFINITIONAL_REPRESENTATION('',(#1611),#1615);
#1611 = LINE('',#1612,#1613);
#1612 = CARTESIAN_POINT('',(-0.,1.570796326795));
#1613 = VECTOR('',#1614,1.);
#1614 = DIRECTION('',(-1.,0.));
#1615 = ( GEOMETRIC_REPRESENTATION_CONTEXT(2) 
PARAMETRIC_REPRESENTATION_CONTEXT() REPRESENTATION_CONTEXT('2D SPACE',''
  ) );
#1616 = PCURVE('',#202,#1617);
#1617 = DEFINITIONAL_REPRESENTATION('',(#1618),#1622);
#1618 = CIRCLE('',#1619,112.60250594613);
#1619 = AXIS2_PLACEMENT_2D('',#1620,#1621);
#1620 = CARTESIAN_POINT('',(0.,0.));
#1621 = DIRECTION('',(1.,-3.834054038704E-17));
#1622 = ( GEOMETRIC_REPRESENTATION_CONTEXT(2) 
PARAMETRIC_REPRESENTATION_CONTEXT() REPRESENTATION_CONTEXT('2D SPACE',''
  ) );
#1623 = ORIENTED_EDGE('',*,*,#1624,.F.);
#1624 = EDGE_CURVE('',#1571,#1601,#1625,.T.);
#1625 = SURFACE_CURVE('',#1626,(#1631,#1638),.PCURVE_S1.);
#1626 = CIRCLE('',#1627,1.5);
#1627 = AXIS2_PLACEMENT_3D('',#1628,#1629,#1630);
#1628 = CARTESIAN_POINT('',(15.02112461417,1.618925175849,3.774241160514
    ));
#1629 = DIRECTION('',(0.246649264819,-3.033254955087E-02,-0.968629999846
    ));
#1630 = DIRECTION('',(-0.969104813817,-7.720012263015E-03,-0.24652841874
    ));
#1631 = PCURVE('',#1508,#1632);
#1632 = DEFINITIONAL_REPRESENTATION('',(#1633),#1637);
#1633 = LINE('',#1634,#1635);
#1634 = CARTESIAN_POINT('',(-0.,-3.14159265359));
#1635 = VECTOR('',#1636,1.);
#1636 = DIRECTION('',(-0.,1.));
#1637 = ( GEOMETRIC_REPRESENTATION_CONTEXT(2) 
PARAMETRIC_REPRESENTATION_CONTEXT() REPRESENTATION_CONTEXT('2D SPACE',''
  ) );
#1638 = PCURVE('',#44,#1639);
#1639 = DEFINITIONAL_REPRESENTATION('',(#1640),#1648);
#1640 = ( BOUNDED_CURVE() B_SPLINE_CURVE(2,(#1641,#1642,#1643,#1644,
#1645,#1646,#1647),.UNSPECIFIED.,.T.,.F.) B_SPLINE_CURVE_WITH_KNOTS((1,2
    ,2,2,2,1),(-2.094395102393,0.,2.094395102393,4.188790204786,
6.28318530718,8.377580409573),.UNSPECIFIED.) CURVE() 
GEOMETRIC_REPRESENTATION_ITEM() RATIONAL_B_SPLINE_CURVE((1.,0.5,1.,0.5,
1.,0.5,1.)) REPRESENTATION_ITEM('') );
#1641 = CARTESIAN_POINT('',(5.5,-2.109001039503));
#1642 = CARTESIAN_POINT('',(5.5,0.489075171851));
#1643 = CARTESIAN_POINT('',(7.75,-0.809962933826));
#1644 = CARTESIAN_POINT('',(10.,-2.109001039503));
#1645 = CARTESIAN_POINT('',(7.75,-3.408039145179));
#1646 = CARTESIAN_POINT('',(5.5,-4.707077250856));
#1647 = CARTESIAN_POINT('',(5.5,-2.109001039503));
#1648 = ( GEOMETRIC_REPRESENTATION_CONTEXT(2) 
PARAMETRIC_REPRESENTATION_CONTEXT() REPRESENTATION_CONTEXT('2D SPACE',''
  ) );
#1649 = ADVANCED_FACE('',(#1650),#1587,.T.);
#1650 = FACE_BOUND('',#1651,.T.);
#1651 = EDGE_LOOP('',(#1652,#1675,#1676,#1698));
#1652 = ORIENTED_EDGE('',*,*,#1653,.F.);
#1653 = EDGE_CURVE('',#1571,#1654,#1656,.T.);
#1654 = VERTEX_POINT('',#1655);
#1655 = CARTESIAN_POINT('',(16.474781834896,6.12830050186,4.003185787778
    ));
#1656 = SURFACE_CURVE('',#1657,(#1661,#1668),.PCURVE_S1.);
#1657 = LINE('',#1658,#1659);
#1658 = CARTESIAN_POINT('',(16.474781834896,3.629525379615,
    4.081434675614));
#1659 = VECTOR('',#1660,1.);
#1660 = DIRECTION('',(-4.830536482182E-35,0.999510048898,
    -3.129955513418E-02));
#1661 = PCURVE('',#1587,#1662);
#1662 = DEFINITIONAL_REPRESENTATION('',(#1663),#1667);
#1663 = LINE('',#1664,#1665);
#1664 = CARTESIAN_POINT('',(0.,0.));
#1665 = VECTOR('',#1666,1.);
#1666 = DIRECTION('',(0.,1.));
#1667 = ( GEOMETRIC_REPRESENTATION_CONTEXT(2) 
PARAMETRIC_REPRESENTATION_CONTEXT() REPRESENTATION_CONTEXT('2D SPACE',''
  ) );
#1668 = PCURVE('',#44,#1669);
#1669 = DEFINITIONAL_REPRESENTATION('',(#1670),#1674);
#1670 = LINE('',#1671,#1672);
#1671 = CARTESIAN_POINT('',(8.5,-0.109000951885));
#1672 = VECTOR('',#1673,1.);
#1673 = DIRECTION('',(3.422932115802E-34,1.));
#1674 = ( GEOMETRIC_REPRESENTATION_CONTEXT(2) 
PARAMETRIC_REPRESENTATION_CONTEXT() REPRESENTATION_CONTEXT('2D SPACE',''
  ) );
#1675 = ORIENTED_EDGE('',*,*,#1570,.T.);
#1676 = ORIENTED_EDGE('',*,*,#1677,.T.);
#1677 = EDGE_CURVE('',#1491,#1678,#1680,.T.);
#1678 = VERTEX_POINT('',#1679);
#1679 = CARTESIAN_POINT('',(18.816119303072,4.73430027336,
    -40.51237459573));
#1680 = SURFACE_CURVE('',#1681,(#1685,#1692),.PCURVE_S1.);
#1681 = LINE('',#1682,#1683);
#1682 = CARTESIAN_POINT('',(18.816119303072,2.235525151115,
    -40.43412570789));
#1683 = VECTOR('',#1684,1.);
#1684 = DIRECTION('',(5.601135714758E-34,0.999510048898,
    -3.129955513418E-02));
#1685 = PCURVE('',#1587,#1686);
#1686 = DEFINITIONAL_REPRESENTATION('',(#1687),#1691);
#1687 = LINE('',#1688,#1689);
#1688 = CARTESIAN_POINT('',(0.393398704058,0.));
#1689 = VECTOR('',#1690,1.);
#1690 = DIRECTION('',(0.,1.));
#1691 = ( GEOMETRIC_REPRESENTATION_CONTEXT(2) 
PARAMETRIC_REPRESENTATION_CONTEXT() REPRESENTATION_CONTEXT('2D SPACE',''
  ) );
#1692 = PCURVE('',#629,#1693);
#1693 = DEFINITIONAL_REPRESENTATION('',(#1694),#1697);
#1694 = B_SPLINE_CURVE_WITH_KNOTS('',1,(#1695,#1696),.UNSPECIFIED.,.F.,
  .F.,(2,2),(-2.000000087618,3.5),.PIECEWISE_BEZIER_KNOTS.);
#1695 = CARTESIAN_POINT('',(4.,0.));
#1696 = CARTESIAN_POINT('',(5.,0.));
#1697 = ( GEOMETRIC_REPRESENTATION_CONTEXT(2) 
PARAMETRIC_REPRESENTATION_CONTEXT() REPRESENTATION_CONTEXT('2D SPACE',''
  ) );
#1698 = ORIENTED_EDGE('',*,*,#1699,.F.);
#1699 = EDGE_CURVE('',#1654,#1678,#1700,.T.);
#1700 = SURFACE_CURVE('',#1701,(#1706,#1713),.PCURVE_S1.);
#1701 = CIRCLE('',#1702,114.10250594613);
#1702 = AXIS2_PLACEMENT_3D('',#1703,#1704,#1705);
#1703 = CARTESIAN_POINT('',(-94.10250594613,5.247427756715,
    -24.12632457741));
#1704 = DIRECTION('',(-4.265092953875E-19,0.999510048898,
    -3.129955513418E-02));
#1705 = DIRECTION('',(0.969104813817,7.720012263015E-03,0.24652841874));
#1706 = PCURVE('',#1587,#1707);
#1707 = DEFINITIONAL_REPRESENTATION('',(#1708),#1712);
#1708 = LINE('',#1709,#1710);
#1709 = CARTESIAN_POINT('',(0.,2.5));
#1710 = VECTOR('',#1711,1.);
#1711 = DIRECTION('',(1.,0.));
#1712 = ( GEOMETRIC_REPRESENTATION_CONTEXT(2) 
PARAMETRIC_REPRESENTATION_CONTEXT() REPRESENTATION_CONTEXT('2D SPACE',''
  ) );
#1713 = PCURVE('',#168,#1714);
#1714 = DEFINITIONAL_REPRESENTATION('',(#1715),#1719);
#1715 = CIRCLE('',#1716,114.10250594613);
#1716 = AXIS2_PLACEMENT_2D('',#1717,#1718);
#1717 = CARTESIAN_POINT('',(0.,0.));
#1718 = DIRECTION('',(1.,6.374728447478E-17));
#1719 = ( GEOMETRIC_REPRESENTATION_CONTEXT(2) 
PARAMETRIC_REPRESENTATION_CONTEXT() REPRESENTATION_CONTEXT('2D SPACE',''
  ) );
#1720 = ADVANCED_FACE('',(#1721),#629,.F.);
#1721 = FACE_BOUND('',#1722,.F.);
#1722 = EDGE_LOOP('',(#1723,#1724,#1725,#1779,#1780,#1805));
#1723 = ORIENTED_EDGE('',*,*,#1520,.F.);
#1724 = ORIENTED_EDGE('',*,*,#1677,.T.);
#1725 = ORIENTED_EDGE('',*,*,#1726,.T.);
#1726 = EDGE_CURVE('',#1678,#1119,#1727,.T.);
#1727 = SURFACE_CURVE('',#1728,(#1743,#1761),.PCURVE_S1.);
#1728 = B_SPLINE_CURVE_WITH_KNOTS('',4,(#1729,#1730,#1731,#1732,#1733,
    #1734,#1735,#1736,#1737,#1738,#1739,#1740,#1741,#1742),
  .UNSPECIFIED.,.F.,.F.,(5,3,3,3,5),(0.,0.252582146419,0.503451118593,
    0.75259444432,1.),.UNSPECIFIED.);
#1729 = CARTESIAN_POINT('',(18.816119303072,4.73430027336,
    -40.51237459573));
#1730 = CARTESIAN_POINT('',(18.493255681177,4.712166031139,
    -41.21920245415));
#1731 = CARTESIAN_POINT('',(18.163745517564,4.690127150422,
    -41.92298506858));
#1732 = CARTESIAN_POINT('',(17.827605463866,4.668186948961,
    -42.62361649099));
#1733 = CARTESIAN_POINT('',(17.144429651412,4.624658744875,
    -44.01363233015));
#1734 = CARTESIAN_POINT('',(16.797483264984,4.603069362691,
    -44.70306080125));
#1735 = CARTESIAN_POINT('',(16.444035287713,4.581583932259,
    -45.38916971013));
#1736 = CARTESIAN_POINT('',(15.72665675792,4.538974690257,
    -46.74983970607));
#1737 = CARTESIAN_POINT('',(15.362815041686,4.517849407762,
    -47.42444776515));
#1738 = CARTESIAN_POINT('',(14.992604897606,4.496833199889,
    -48.09557266991));
#1739 = CARTESIAN_POINT('',(14.242124523408,4.455171333653,
    -49.42598946914));
#1740 = CARTESIAN_POINT('',(13.861942478694,4.434524113077,
    -50.0853312508));
#1741 = CARTESIAN_POINT('',(13.475529987189,4.413990932833,
    -50.74103130474));
#1742 = CARTESIAN_POINT('',(13.082914986535,4.393575054491,
    -51.39298547702));
#1743 = PCURVE('',#629,#1744);
#1744 = DEFINITIONAL_REPRESENTATION('',(#1745),#1760);
#1745 = B_SPLINE_CURVE_WITH_KNOTS('',4,(#1746,#1747,#1748,#1749,#1750,
    #1751,#1752,#1753,#1754,#1755,#1756,#1757,#1758,#1759),
  .UNSPECIFIED.,.F.,.F.,(5,3,3,3,5),(0.,0.252582146419,0.503451118593,
    0.75259444432,1.),.UNSPECIFIED.);
#1746 = CARTESIAN_POINT('',(4.818181821078,0.));
#1747 = CARTESIAN_POINT('',(4.818181821078,6.22898147131E-02));
#1748 = CARTESIAN_POINT('',(4.818181821078,0.12471845194));
#1749 = CARTESIAN_POINT('',(4.818181821078,0.187287849513));
#1750 = CARTESIAN_POINT('',(4.818181821078,0.312286796428));
#1751 = CARTESIAN_POINT('',(4.818181821078,0.374714416246));
#1752 = CARTESIAN_POINT('',(4.818181821078,0.437284811461));
#1753 = CARTESIAN_POINT('',(4.818181821078,0.562283791059));
#1754 = CARTESIAN_POINT('',(4.818181821078,0.624710390786));
#1755 = CARTESIAN_POINT('',(4.818181821078,0.687281775457));
#1756 = CARTESIAN_POINT('',(4.818181821078,0.812280766097));
#1757 = CARTESIAN_POINT('',(4.818181821078,0.874706331341));
#1758 = CARTESIAN_POINT('',(4.818181821078,0.937278707663));
#1759 = CARTESIAN_POINT('',(4.818181821078,1.));
#1760 = ( GEOMETRIC_REPRESENTATION_CONTEXT(2) 
PARAMETRIC_REPRESENTATION_CONTEXT() REPRESENTATION_CONTEXT('2D SPACE',''
  ) );
#1761 = PCURVE('',#168,#1762);
#1762 = DEFINITIONAL_REPRESENTATION('',(#1763),#1778);
#1763 = B_SPLINE_CURVE_WITH_KNOTS('',4,(#1764,#1765,#1766,#1767,#1768,
    #1769,#1770,#1771,#1772,#1773,#1774,#1775,#1776,#1777),
  .UNSPECIFIED.,.F.,.F.,(5,3,3,3,5),(0.,0.252582146419,0.503451118593,
    0.75259444432,1.),.UNSPECIFIED.);
#1764 = CARTESIAN_POINT('',(105.38639494777,43.738879993652));
#1765 = CARTESIAN_POINT('',(104.89908222671,44.344571975067));
#1766 = CARTESIAN_POINT('',(104.40607978545,44.94567198461));
#1767 = CARTESIAN_POINT('',(103.90742990598,45.54208140432));
#1768 = CARTESIAN_POINT('',(102.90234649233,46.721307955916));
#1769 = CARTESIAN_POINT('',(102.39598869799,47.304189845635));
#1770 = CARTESIAN_POINT('',(101.88414934961,47.882249542072));
#1771 = CARTESIAN_POINT('',(100.85316159666,49.024586880002));
#1772 = CARTESIAN_POINT('',(100.33408769248,49.588931976029));
#1773 = CARTESIAN_POINT('',(99.809701652799,50.148329107721));
#1774 = CARTESIAN_POINT('',(98.754100329589,51.253169009822));
#1775 = CARTESIAN_POINT('',(98.222958196292,51.7986819007));
#1776 = CARTESIAN_POINT('',(97.686676776786,52.33912711061));
#1777 = CARTESIAN_POINT('',(97.145308847663,52.874410544774));
#1778 = ( GEOMETRIC_REPRESENTATION_CONTEXT(2) 
PARAMETRIC_REPRESENTATION_CONTEXT() REPRESENTATION_CONTEXT('2D SPACE',''
  ) );
#1779 = ORIENTED_EDGE('',*,*,#1118,.F.);
#1780 = ORIENTED_EDGE('',*,*,#1781,.T.);
#1781 = EDGE_CURVE('',#1097,#602,#1782,.T.);
#1782 = SURFACE_CURVE('',#1783,(#1789,#1796),.PCURVE_S1.);
#1783 = ( BOUNDED_CURVE() B_SPLINE_CURVE(4,(#1784,#1785,#1786,#1787,
#1788),.UNSPECIFIED.,.F.,.F.) B_SPLINE_CURVE_WITH_KNOTS((5,5),(0.,1.),
.PIECEWISE_BEZIER_KNOTS.) CURVE() GEOMETRIC_REPRESENTATION_ITEM() 
RATIONAL_B_SPLINE_CURVE((1.,1.,1.,1.,1.)) REPRESENTATION_ITEM('') );
#1784 = CARTESIAN_POINT('',(18.816119303072,5.733810322258,
    -40.54367415086));
#1785 = CARTESIAN_POINT('',(17.520307044749,5.644974601991,
    -43.38052581624));
#1786 = CARTESIAN_POINT('',(16.129021809133,5.5584695885,-46.14294943195
    ));
#1787 = CARTESIAN_POINT('',(14.647834115361,5.474460492756,
    -48.82566920338));
#1788 = CARTESIAN_POINT('',(13.082914986535,5.393085103389,
    -51.42428503215));
#1789 = PCURVE('',#629,#1790);
#1790 = DEFINITIONAL_REPRESENTATION('',(#1791),#1795);
#1791 = LINE('',#1792,#1793);
#1792 = CARTESIAN_POINT('',(5.,0.));
#1793 = VECTOR('',#1794,1.);
#1794 = DIRECTION('',(0.,1.));
#1795 = ( GEOMETRIC_REPRESENTATION_CONTEXT(2) 
PARAMETRIC_REPRESENTATION_CONTEXT() REPRESENTATION_CONTEXT('2D SPACE',''
  ) );
#1796 = PCURVE('',#708,#1797);
#1797 = DEFINITIONAL_REPRESENTATION('',(#1798),#1804);
#1798 = ( BOUNDED_CURVE() B_SPLINE_CURVE(4,(#1799,#1800,#1801,#1802,
#1803),.UNSPECIFIED.,.F.,.F.) B_SPLINE_CURVE_WITH_KNOTS((5,5),(0.,1.),
.PIECEWISE_BEZIER_KNOTS.) CURVE() GEOMETRIC_REPRESENTATION_ITEM() 
RATIONAL_B_SPLINE_CURVE((1.,1.,1.,1.,1.)) REPRESENTATION_ITEM('') );
#1799 = CARTESIAN_POINT('',(105.38639494777,43.738879993652));
#1800 = CARTESIAN_POINT('',(103.43056668231,46.169823094883));
#1801 = CARTESIAN_POINT('',(101.40058171745,48.505053918433));
#1802 = CARTESIAN_POINT('',(99.303140378827,50.740831124548));
#1803 = CARTESIAN_POINT('',(97.145308847663,52.874410544774));
#1804 = ( GEOMETRIC_REPRESENTATION_CONTEXT(2) 
PARAMETRIC_REPRESENTATION_CONTEXT() REPRESENTATION_CONTEXT('2D SPACE',''
  ) );
#1805 = ORIENTED_EDGE('',*,*,#601,.F.);
#1806 = ADVANCED_FACE('',(#1807),#708,.T.);
#1807 = FACE_BOUND('',#1808,.F.);
#1808 = EDGE_LOOP('',(#1809,#1810,#1835,#1836));
#1809 = ORIENTED_EDGE('',*,*,#1096,.F.);
#1810 = ORIENTED_EDGE('',*,*,#1811,.T.);
#1811 = EDGE_CURVE('',#1068,#450,#1812,.T.);
#1812 = SURFACE_CURVE('',#1813,(#1819,#1828),.PCURVE_S1.);
#1813 = ( BOUNDED_CURVE() B_SPLINE_CURVE(4,(#1814,#1815,#1816,#1817,
#1818),.UNSPECIFIED.,.F.,.F.) B_SPLINE_CURVE_WITH_KNOTS((5,5),(0.,1.),
.PIECEWISE_BEZIER_KNOTS.) CURVE() GEOMETRIC_REPRESENTATION_ITEM() 
RATIONAL_B_SPLINE_CURVE((1.,1.,1.,1.,1.)) REPRESENTATION_ITEM('') );
#1814 = CARTESIAN_POINT('',(1.992504314785,5.810260590766,
    -38.10233556674));
#1815 = CARTESIAN_POINT('',(2.491801365288,5.727380338136,
    -40.74900722082));
#1816 = CARTESIAN_POINT('',(2.894237881851,5.642970721359,
    -43.44451710364));
#1817 = CARTESIAN_POINT('',(3.195456938214,5.557206996458,
    -46.18326864507));
#1818 = CARTESIAN_POINT('',(3.391866848361,5.470285226019,
    -48.95900084475));
#1819 = PCURVE('',#708,#1820);
#1820 = DEFINITIONAL_REPRESENTATION('',(#1821),#1827);
#1821 = ( BOUNDED_CURVE() B_SPLINE_CURVE(4,(#1822,#1823,#1824,#1825,
#1826),.UNSPECIFIED.,.F.,.F.) B_SPLINE_CURVE_WITH_KNOTS((5,5),(0.,1.),
.PIECEWISE_BEZIER_KNOTS.) CURVE() GEOMETRIC_REPRESENTATION_ITEM() 
RATIONAL_B_SPLINE_CURVE((1.,1.,1.,1.,1.)) REPRESENTATION_ITEM('') );
#1822 = CARTESIAN_POINT('',(89.684998214581,37.222275001268));
#1823 = CARTESIAN_POINT('',(89.515749775376,39.91158578496));
#1824 = CARTESIAN_POINT('',(89.240581508447,42.624358552168));
#1825 = CARTESIAN_POINT('',(88.856652162143,45.354092348559));
#1826 = CARTESIAN_POINT('',(88.362026044381,48.093830747556));
#1827 = ( GEOMETRIC_REPRESENTATION_CONTEXT(2) 
PARAMETRIC_REPRESENTATION_CONTEXT() REPRESENTATION_CONTEXT('2D SPACE',''
  ) );
#1828 = PCURVE('',#101,#1829);
#1829 = DEFINITIONAL_REPRESENTATION('',(#1830),#1834);
#1830 = LINE('',#1831,#1832);
#1831 = CARTESIAN_POINT('',(0.,0.));
#1832 = VECTOR('',#1833,1.);
#1833 = DIRECTION('',(0.,1.));
#1834 = ( GEOMETRIC_REPRESENTATION_CONTEXT(2) 
PARAMETRIC_REPRESENTATION_CONTEXT() REPRESENTATION_CONTEXT('2D SPACE',''
  ) );
#1835 = ORIENTED_EDGE('',*,*,#682,.F.);
#1836 = ORIENTED_EDGE('',*,*,#1781,.F.);
#1837 = ADVANCED_FACE('',(#1838,#1863),#330,.F.);
#1838 = FACE_BOUND('',#1839,.F.);
#1839 = EDGE_LOOP('',(#1840,#1860,#1861,#1862));
#1840 = ORIENTED_EDGE('',*,*,#1841,.T.);
#1841 = EDGE_CURVE('',#186,#1493,#1842,.T.);
#1842 = SURFACE_CURVE('',#1843,(#1847,#1853),.PCURVE_S1.);
#1843 = LINE('',#1844,#1845);
#1844 = CARTESIAN_POINT('',(10.404311808929,-1.224534885775,
    -39.10390797286));
#1845 = VECTOR('',#1846,1.);
#1846 = DIRECTION('',(0.989624411076,-4.49707461813E-03,-0.143608152007)
  );
#1847 = PCURVE('',#330,#1848);
#1848 = DEFINITIONAL_REPRESENTATION('',(#1849),#1852);
#1849 = B_SPLINE_CURVE_WITH_KNOTS('',1,(#1850,#1851),.UNSPECIFIED.,.F.,
  .F.,(2,2),(-7.,7.),.PIECEWISE_BEZIER_KNOTS.);
#1850 = CARTESIAN_POINT('',(2.,0.));
#1851 = CARTESIAN_POINT('',(3.,0.));
#1852 = ( GEOMETRIC_REPRESENTATION_CONTEXT(2) 
PARAMETRIC_REPRESENTATION_CONTEXT() REPRESENTATION_CONTEXT('2D SPACE',''
  ) );
#1853 = PCURVE('',#202,#1854);
#1854 = DEFINITIONAL_REPRESENTATION('',(#1855),#1859);
#1855 = LINE('',#1856,#1857);
#1856 = CARTESIAN_POINT('',(97.535696581179,40.48057749746));
#1857 = VECTOR('',#1858,1.);
#1858 = DIRECTION('',(0.923611572541,0.383329705434));
#1859 = ( GEOMETRIC_REPRESENTATION_CONTEXT(2) 
PARAMETRIC_REPRESENTATION_CONTEXT() REPRESENTATION_CONTEXT('2D SPACE',''
  ) );
#1860 = ORIENTED_EDGE('',*,*,#1544,.T.);
#1861 = ORIENTED_EDGE('',*,*,#485,.F.);
#1862 = ORIENTED_EDGE('',*,*,#312,.F.);
#1863 = FACE_BOUND('',#1864,.F.);
#1864 = EDGE_LOOP('',(#1865));
#1865 = ORIENTED_EDGE('',*,*,#1866,.T.);
#1866 = EDGE_CURVE('',#1867,#1867,#1869,.T.);
#1867 = VERTEX_POINT('',#1868);
#1868 = CARTESIAN_POINT('',(9.012883433031,-1.313810175476,
    -41.95479670597));
#1869 = SURFACE_CURVE('',#1870,(#2038,#2209),.PCURVE_S1.);
#1870 = B_SPLINE_CURVE_WITH_KNOTS('',6,(#1871,#1872,#1873,#1874,#1875,
    #1876,#1877,#1878,#1879,#1880,#1881,#1882,#1883,#1884,#1885,#1886,
    #1887,#1888,#1889,#1890,#1891,#1892,#1893,#1894,#1895,#1896,#1897,
    #1898,#1899,#1900,#1901,#1902,#1903,#1904,#1905,#1906,#1907,#1908,
    #1909,#1910,#1911,#1912,#1913,#1914,#1915,#1916,#1917,#1918,#1919,
    #1920,#1921,#1922,#1923,#1924,#1925,#1926,#1927,#1928,#1929,#1930,
    #1931,#1932,#1933,#1934,#1935,#1936,#1937,#1938,#1939,#1940,#1941,
    #1942,#1943,#1944,#1945,#1946,#1947,#1948,#1949,#1950,#1951,#1952,
    #1953,#1954,#1955,#1956,#1957,#1958,#1959,#1960,#1961,#1962,#1963,
    #1964,#1965,#1966,#1967,#1968,#1969,#1970,#1971,#1972,#1973,#1974,
    #1975,#1976,#1977,#1978,#1979,#1980,#1981,#1982,#1983,#1984,#1985,
    #1986,#1987,#1988,#1989,#1990,#1991,#1992,#1993,#1994,#1995,#1996,
    #1997,#1998,#1999,#2000,#2001,#2002,#2003,#2004,#2005,#2006,#2007,
    #2008,#2009,#2010,#2011,#2012,#2013,#2014,#2015,#2016,#2017,#2018,
    #2019,#2020,#2021,#2022,#2023,#2024,#2025,#2026,#2027,#2028,#2029,
    #2030,#2031,#2032,#2033,#2034,#2035,#2036,#2037),.UNSPECIFIED.,.T.,
  .F.,(7,5,5,5,5,5,5,5,5,5,5,5,5,5,5,5,5,5,5,5,5,5,5,5,5,5,5,5,5,5,5,5,5
    ,7),(0.,3.172178745382E-02,7.933459788018E-02,0.105308657,
    0.126557676555,0.144456420451,0.159656922876,0.202330064165,
    0.24987373146,0.267808802304,0.290092500191,0.314905287319,
    0.342261049199,0.39088289479,0.429063805703,0.461347796392,
    0.493317544204,0.504907297457,0.531814425657,0.581514308381,
    0.609462272313,0.634244544374,0.655579003048,0.672070576148,
    0.716018314913,0.758706469131,0.774195942714,0.793671894564,
    0.816435741525,0.843140418376,0.890654252573,0.929056735904,
    0.96108327746,1.),.UNSPECIFIED.);
#1871 = CARTESIAN_POINT('',(9.012883433031,-1.313810175476,
    -41.95479670597));
#1872 = CARTESIAN_POINT('',(8.94198166401,-1.314307659087,
    -41.97068318987));
#1873 = CARTESIAN_POINT('',(8.870869818544,-1.31489309568,-41.9893783363
    ));
#1874 = CARTESIAN_POINT('',(8.799647337599,-1.315569440849,
    -42.01097652827));
#1875 = CARTESIAN_POINT('',(8.728478475974,-1.31633942426,
    -42.03556493409));
#1876 = CARTESIAN_POINT('',(8.657593684504,-1.317204657303,
    -42.06319501137));
#1877 = CARTESIAN_POINT('',(8.481703241794,-1.319606353744,
    -42.13989002286));
#1878 = CARTESIAN_POINT('',(8.37737082424,-1.321262243639,
    -42.19276868483));
#1879 = CARTESIAN_POINT('',(8.275171563333,-1.323132478544,
    -42.25249217224));
#1880 = CARTESIAN_POINT('',(8.17600449614,-1.325210980681,
    -42.31886639923));
#1881 = CARTESIAN_POINT('',(8.080652442462,-1.327486862311,
    -42.39154368019));
#1882 = CARTESIAN_POINT('',(7.940205245748,-1.331288302604,
    -42.51293766682));
#1883 = CARTESIAN_POINT('',(7.891958863656,-1.332684933596,
    -42.55753723721));
#1884 = CARTESIAN_POINT('',(7.845143460087,-1.33413432941,
    -42.60382178267));
#1885 = CARTESIAN_POINT('',(7.799851686192,-1.335634237096,
    -42.65171935817));
#1886 = CARTESIAN_POINT('',(7.756166286342,-1.337182277021,
    -42.70115397329));
#1887 = CARTESIAN_POINT('',(7.679797162779,-1.340079807531,
    -42.79368279204));
#1888 = CARTESIAN_POINT('',(7.646557908219,-1.34141418638,
    -42.83629442226));
#1889 = CARTESIAN_POINT('',(7.614483550326,-1.342777791084,
    -42.87983934163));
#1890 = CARTESIAN_POINT('',(7.583610995312,-1.344169239718,
    -42.92427342022));
#1891 = CARTESIAN_POINT('',(7.553973801123,-1.345587116504,
    -42.96955144702));
#1892 = CARTESIAN_POINT('',(7.501703831221,-1.34824533601,
    -43.05443818415));
#1893 = CARTESIAN_POINT('',(7.478703509003,-1.349478424151,
    -43.09381522907));
#1894 = CARTESIAN_POINT('',(7.456619324909,-1.350728371454,
    -43.13373064911));
#1895 = CARTESIAN_POINT('',(7.435467981487,-1.35199430032,-43.1741564193
    ));
#1896 = CARTESIAN_POINT('',(7.415264769716,-1.35327532033,
    -43.21506410528));
#1897 = CARTESIAN_POINT('',(7.379682985563,-1.355670483146,
    -43.29155047364));
#1898 = CARTESIAN_POINT('',(7.364036244988,-1.356780671033,
    -43.3270028609));
#1899 = CARTESIAN_POINT('',(7.349091864007,-1.357900538945,
    -43.36276436699));
#1900 = CARTESIAN_POINT('',(7.334857688739,-1.359029528543,
    -43.3988171621));
#1901 = CARTESIAN_POINT('',(7.321340894687,-1.360167076111,
    -43.43514324472));
#1902 = CARTESIAN_POINT('',(7.272633807538,-1.364528535112,
    -43.5744206907));
#1903 = CARTESIAN_POINT('',(7.242424699565,-1.367807433502,
    -43.67912799011));
#1904 = CARTESIAN_POINT('',(7.218064835047,-1.371136696686,
    -43.78544362284));
#1905 = CARTESIAN_POINT('',(7.199658180746,-1.374503456569,
    -43.89295666322));
#1906 = CARTESIAN_POINT('',(7.187269394759,-1.377894649269,
    -44.00124993342));
#1907 = CARTESIAN_POINT('',(7.173855898789,-1.385087841685,
    -44.23095505457));
#1908 = CARTESIAN_POINT('',(7.174289555448,-1.388892613496,
    -44.3524554287));
#1909 = CARTESIAN_POINT('',(7.182261372866,-1.392693102309,
    -44.47381903091));
#1910 = CARTESIAN_POINT('',(7.197747344993,-1.396471019164,
    -44.59446182741));
#1911 = CARTESIAN_POINT('',(7.22066212591,-1.400208177182,
    -44.71380304413));
#1912 = CARTESIAN_POINT('',(7.262248039625,-1.405274215309,
    -44.87558029603));
#1913 = CARTESIAN_POINT('',(7.274674766593,-1.406653483549,
    -44.91962540977));
#1914 = CARTESIAN_POINT('',(7.288129617914,-1.408023435447,
    -44.96337301842));
#1915 = CARTESIAN_POINT('',(7.302603353197,-1.409383117085,
    -45.00679265981));
#1916 = CARTESIAN_POINT('',(7.318085430223,-1.410731582972,
    -45.04985414102));
#1917 = CARTESIAN_POINT('',(7.355038057368,-1.413728218292,
    -45.14554774116));
#1918 = CARTESIAN_POINT('',(7.377050384591,-1.415369781919,
    -45.19796891245));
#1919 = CARTESIAN_POINT('',(7.400578325641,-1.416990788051,
    -45.24973360723));
#1920 = CARTESIAN_POINT('',(7.42559589037,-1.418589467307,-45.3007853226
    ));
#1921 = CARTESIAN_POINT('',(7.452073759446,-1.420164079805,
    -45.3510684978));
#1922 = CARTESIAN_POINT('',(7.511051948004,-1.423437535667,
    -45.45560199717));
#1923 = CARTESIAN_POINT('',(7.543894561067,-1.425130200286,
    -45.50965501128));
#1924 = CARTESIAN_POINT('',(7.578462207925,-1.426788542438,
    -45.56261198263));
#1925 = CARTESIAN_POINT('',(7.614703953534,-1.428410261032,
    -45.61439942891));
#1926 = CARTESIAN_POINT('',(7.652562843423,-1.429993120475,
    -45.66494595939));
#1927 = CARTESIAN_POINT('',(7.73542826905,-1.433234797582,
    -45.76846464602));
#1928 = CARTESIAN_POINT('',(7.780769371205,-1.434884771463,
    -45.82115438762));
#1929 = CARTESIAN_POINT('',(7.827914409288,-1.436481984456,
    -45.87215927977));
#1930 = CARTESIAN_POINT('',(7.876767963052,-1.438023637338,
    -45.92138993298));
#1931 = CARTESIAN_POINT('',(7.927222837962,-1.439507090732,
    -45.96876206222));
#1932 = CARTESIAN_POINT('',(8.071469543061,-1.443458887226,
    -46.09495747543));
#1933 = CARTESIAN_POINT('',(8.168479069075,-1.445796903698,
    -46.16961895024));
#1934 = CARTESIAN_POINT('',(8.269485252583,-1.447929497438,
    -46.23772052071));
#1935 = CARTESIAN_POINT('',(8.373659977358,-1.449845158317,
    -46.29889462599));
#1936 = CARTESIAN_POINT('',(8.480051752146,-1.451537554695,
    -46.35293907342));
#1937 = CARTESIAN_POINT('',(8.672243686278,-1.454160369999,
    -46.43669522221));
#1938 = CARTESIAN_POINT('',(8.757579116094,-1.455176638986,
    -46.46914843224));
#1939 = CARTESIAN_POINT('',(8.84323513337,-1.456055138338,
    -46.49720215029));
#1940 = CARTESIAN_POINT('',(8.9288273423,-1.456799436872,-46.5209703419)
  );
#1941 = CARTESIAN_POINT('',(9.014130446442,-1.457415085244,
    -46.5406302599));
#1942 = CARTESIAN_POINT('',(9.170863264465,-1.458323470752,
    -46.56963835081));
#1943 = CARTESIAN_POINT('',(9.242407466549,-1.458651422902,
    -46.58011106891));
#1944 = CARTESIAN_POINT('',(9.31366196102,-1.458894494574,
    -46.58787324057));
#1945 = CARTESIAN_POINT('',(9.384682298084,-1.45905555857,
    -46.59301660498));
#1946 = CARTESIAN_POINT('',(9.45557695187,-1.459136344334,
    -46.59559638958));
#1947 = CARTESIAN_POINT('',(9.596690964787,-1.459137196234,
    -46.59562358872));
#1948 = CARTESIAN_POINT('',(9.666900719132,-1.459058819478,
    -46.59312072749));
#1949 = CARTESIAN_POINT('',(9.73723738271,-1.458901702183,
    -46.58810339061));
#1950 = CARTESIAN_POINT('',(9.807806995257,-1.458664167759,
    -46.58051803839));
#1951 = CARTESIAN_POINT('',(9.878665317576,-1.458343426611,
    -46.57027558872));
#1952 = CARTESIAN_POINT('',(9.975575121748,-1.457788570914,
    -46.55255699762));
#1953 = CARTESIAN_POINT('',(10.001393996368,-1.457629582882,
    -46.54747992279));
#1954 = CARTESIAN_POINT('',(10.027245751248,-1.457459081867,
    -46.54203519599));
#1955 = CARTESIAN_POINT('',(10.053127438344,-1.457276917257,
    -46.53621800758));
#1956 = CARTESIAN_POINT('',(10.079034638411,-1.457082941662,
    -46.53002365089));
#1957 = CARTESIAN_POINT('',(10.165153971068,-1.456398915756,
    -46.50818017921));
#1958 = CARTESIAN_POINT('',(10.225455439197,-1.455856364934,
    -46.49085452935));
#1959 = CARTESIAN_POINT('',(10.285786107235,-1.455247640084,
    -46.47141569889));
#1960 = CARTESIAN_POINT('',(10.346032395183,-1.454571293332,
    -46.4498174518));
#1961 = CARTESIAN_POINT('',(10.406052805583,-1.453826460359,
    -46.42603218723));
#1962 = CARTESIAN_POINT('',(10.575827682503,-1.45151095954,
    -46.35208970481));
#1963 = CARTESIAN_POINT('',(10.684662557166,-1.449774938856,
    -46.29665216136));
#1964 = CARTESIAN_POINT('',(10.79116030722,-1.447805077999,
    -46.23374723957));
#1965 = CARTESIAN_POINT('',(10.894297246577,-1.44560836496,
    -46.16359809199));
#1966 = CARTESIAN_POINT('',(10.993189082961,-1.443197455937,
    -46.086608878));
#1967 = CARTESIAN_POINT('',(11.139895609692,-1.439120937989,
    -45.9564306322));
#1968 = CARTESIAN_POINT('',(11.191129021832,-1.437590760471,
    -45.90756642358));
#1969 = CARTESIAN_POINT('',(11.24066446769,-1.436000302853,
    -45.85677724964));
#1970 = CARTESIAN_POINT('',(11.2883892531,-1.434352436761,
    -45.80415481201));
#1971 = CARTESIAN_POINT('',(11.334203601461,-1.432650199812,
    -45.74979611305));
#1972 = CARTESIAN_POINT('',(11.416871947702,-1.42934185307,
    -45.6441484105));
#1973 = CARTESIAN_POINT('',(11.454152816682,-1.42774669751,
    -45.59320921582));
#1974 = CARTESIAN_POINT('',(11.489800721783,-1.426113444407,
    -45.54105342667));
#1975 = CARTESIAN_POINT('',(11.5237604704,-1.424444347149,
    -45.48775300203));
#1976 = CARTESIAN_POINT('',(11.555982859352,-1.422741718559,
    -45.43338179886));
#1977 = CARTESIAN_POINT('',(11.612631297654,-1.41951535502,
    -45.33035212645));
#1978 = CARTESIAN_POINT('',(11.637518201603,-1.417999684105,
    -45.28195117135));
#1979 = CARTESIAN_POINT('',(11.661057702575,-1.416462428344,
    -45.23286093298));
#1980 = CARTESIAN_POINT('',(11.683224896693,-1.414905120239,
    -45.18313034972));
#1981 = CARTESIAN_POINT('',(11.703997660354,-1.413329314591,
    -45.13280907214));
#1982 = CARTESIAN_POINT('',(11.738321182565,-1.410505408508,
    -45.0426313519));
#1983 = CARTESIAN_POINT('',(11.752440911389,-1.409264118004,
    -45.00299237523));
#1984 = CARTESIAN_POINT('',(11.765706888077,-1.408013443934,
    -44.96305374698));
#1985 = CARTESIAN_POINT('',(11.778111078258,-1.406754119299,
    -44.92283887452));
#1986 = CARTESIAN_POINT('',(11.789646361819,-1.405486883153,
    -44.88237135854));
#1987 = CARTESIAN_POINT('',(11.828714399827,-1.400816375811,
    -44.73322486353));
#1988 = CARTESIAN_POINT('',(11.850907740131,-1.397369355782,
    -44.62314882423));
#1989 = CARTESIAN_POINT('',(11.866768972933,-1.39388553805,
    -44.51189769999));
#1990 = CARTESIAN_POINT('',(11.8762257173,-1.390379200053,
    -44.39992742185));
#1991 = CARTESIAN_POINT('',(11.879249664968,-1.386864711826,
    -44.28769687774));
#1992 = CARTESIAN_POINT('',(11.872558522568,-1.379948775191,
    -44.06684556831));
#1993 = CARTESIAN_POINT('',(11.863206033954,-1.376546935696,
    -43.95821231413));
#1994 = CARTESIAN_POINT('',(11.847811839652,-1.373164133907,
    -43.8501870045));
#1995 = CARTESIAN_POINT('',(11.826427870854,-1.36981346017,
    -43.74318766216));
#1996 = CARTESIAN_POINT('',(11.799145106318,-1.366507850979,
    -43.63762739685));
#1997 = CARTESIAN_POINT('',(11.754102084135,-1.362081550247,
    -43.49627932694));
#1998 = CARTESIAN_POINT('',(11.741350226573,-1.360910678421,
    -43.45888908109));
#1999 = CARTESIAN_POINT('',(11.72784521521,-1.359748019828,
    -43.42176111399));
#2000 = CARTESIAN_POINT('',(11.713594013356,-1.358594176134,
    -43.38491463906));
#2001 = CARTESIAN_POINT('',(11.698604300909,-1.357449743849,
    -43.34836870508));
#2002 = CARTESIAN_POINT('',(11.663118884298,-1.354888920169,
    -43.26659218198));
#2003 = CARTESIAN_POINT('',(11.642199033904,-1.353478339392,
    -43.22154714727));
#2004 = CARTESIAN_POINT('',(11.620141575107,-1.352084748318,
    -43.17704465634));
#2005 = CARTESIAN_POINT('',(11.596965115942,-1.350709306523,
    -43.13312173865));
#2006 = CARTESIAN_POINT('',(11.572690220549,-1.349353156835,
    -43.08981488889));
#2007 = CARTESIAN_POINT('',(11.517708919469,-1.34645619805,
    -42.99730433491));
#2008 = CARTESIAN_POINT('',(11.486608712114,-1.344922862322,
    -42.94833928287));
#2009 = CARTESIAN_POINT('',(11.454074619947,-1.343419220286,
    -42.90032245963));
#2010 = CARTESIAN_POINT('',(11.420146852423,-1.341947030653,
    -42.85331002734));
#2011 = CARTESIAN_POINT('',(11.3848699956,-1.340508008717,-42.8073567616
    ));
#2012 = CARTESIAN_POINT('',(11.30538389731,-1.337456554847,
    -42.7099126107));
#2013 = CARTESIAN_POINT('',(11.260685831887,-1.335857232972,
    -42.65884037795));
#2014 = CARTESIAN_POINT('',(11.214278224034,-1.334308541951,
    -42.60938497462));
#2015 = CARTESIAN_POINT('',(11.166250462344,-1.332813090256,
    -42.56162969882));
#2016 = CARTESIAN_POINT('',(11.116703022708,-1.331373345409,
    -42.5156533476));
#2017 = CARTESIAN_POINT('',(10.975088756152,-1.327533058297,
    -42.39301884778));
#2018 = CARTESIAN_POINT('',(10.87995679593,-1.325257565252,
    -42.32035398081));
#2019 = CARTESIAN_POINT('',(10.781013280507,-1.323178695908,
    -42.25396803207));
#2020 = CARTESIAN_POINT('',(10.679037401084,-1.321307333512,
    -42.19420854375));
#2021 = CARTESIAN_POINT('',(10.574924139305,-1.31964958363,
    -42.14127048909));
#2022 = CARTESIAN_POINT('',(10.38442778683,-1.317038639867,
    -42.05789344584));
#2023 = CARTESIAN_POINT('',(10.298453252446,-1.316011024596,
    -42.02507790834));
#2024 = CARTESIAN_POINT('',(10.212143941865,-1.315123337851,
    -41.9967308037));
#2025 = CARTESIAN_POINT('',(10.125897608918,-1.314371985182,
    -41.9727373479));
#2026 = CARTESIAN_POINT('',(10.039947660001,-1.31375128656,
    -41.95291615676));
#2027 = CARTESIAN_POINT('',(9.883033056321,-1.31284277465,
    -41.92390402836));
#2028 = CARTESIAN_POINT('',(9.811942069075,-1.312516768285,
    -41.91349344561));
#2029 = CARTESIAN_POINT('',(9.741140517513,-1.312274594536,
    -41.90575994689));
#2030 = CARTESIAN_POINT('',(9.670574610642,-1.312113418132,
    -41.90061299155));
#2031 = CARTESIAN_POINT('',(9.600138454977,-1.312031513262,
    -41.89799746812));
#2032 = CARTESIAN_POINT('',(9.44411099362,-1.312025758057,
    -41.89781368459));
#2033 = CARTESIAN_POINT('',(9.358535043592,-1.31213968721,
    -41.90145186259));
#2034 = CARTESIAN_POINT('',(9.272737150663,-1.312370597632,
    -41.9088256832));
#2035 = CARTESIAN_POINT('',(9.186529726899,-1.312721936051,
    -41.92004521313));
#2036 = CARTESIAN_POINT('',(9.099865490296,-1.313199864216,
    -41.93530721973));
#2037 = CARTESIAN_POINT('',(9.012883433031,-1.313810175476,
    -41.95479670597));
#2038 = PCURVE('',#330,#2039);
#2039 = DEFINITIONAL_REPRESENTATION('',(#2040),#2208);
#2040 = B_SPLINE_CURVE_WITH_KNOTS('',6,(#2041,#2042,#2043,#2044,#2045,
    #2046,#2047,#2048,#2049,#2050,#2051,#2052,#2053,#2054,#2055,#2056,
    #2057,#2058,#2059,#2060,#2061,#2062,#2063,#2064,#2065,#2066,#2067,
    #2068,#2069,#2070,#2071,#2072,#2073,#2074,#2075,#2076,#2077,#2078,
    #2079,#2080,#2081,#2082,#2083,#2084,#2085,#2086,#2087,#2088,#2089,
    #2090,#2091,#2092,#2093,#2094,#2095,#2096,#2097,#2098,#2099,#2100,
    #2101,#2102,#2103,#2104,#2105,#2106,#2107,#2108,#2109,#2110,#2111,
    #2112,#2113,#2114,#2115,#2116,#2117,#2118,#2119,#2120,#2121,#2122,
    #2123,#2124,#2125,#2126,#2127,#2128,#2129,#2130,#2131,#2132,#2133,
    #2134,#2135,#2136,#2137,#2138,#2139,#2140,#2141,#2142,#2143,#2144,
    #2145,#2146,#2147,#2148,#2149,#2150,#2151,#2152,#2153,#2154,#2155,
    #2156,#2157,#2158,#2159,#2160,#2161,#2162,#2163,#2164,#2165,#2166,
    #2167,#2168,#2169,#2170,#2171,#2172,#2173,#2174,#2175,#2176,#2177,
    #2178,#2179,#2180,#2181,#2182,#2183,#2184,#2185,#2186,#2187,#2188,
    #2189,#2190,#2191,#2192,#2193,#2194,#2195,#2196,#2197,#2198,#2199,
    #2200,#2201,#2202,#2203,#2204,#2205,#2206,#2207),.UNSPECIFIED.,.T.,
  .F.,(7,5,5,5,5,5,5,5,5,5,5,5,5,5,5,5,5,5,5,5,5,5,5,5,5,5,5,5,5,5,5,5,5
    ,7),(0.,3.172178745382E-02,7.933459788018E-02,0.105308657,
    0.126557676555,0.144456420451,0.159656922876,0.202330064165,
    0.24987373146,0.267808802304,0.290092500191,0.314905287319,
    0.342261049199,0.39088289479,0.429063805703,0.461347796392,
    0.493317544204,0.504907297457,0.531814425657,0.581514308381,
    0.609462272313,0.634244544374,0.655579003048,0.672070576148,
    0.716018314913,0.758706469131,0.774195942714,0.793671894564,
    0.816435741525,0.843140418376,0.890654252573,0.929056735904,
    0.96108327746,1.),.UNSPECIFIED.);
#2041 = CARTESIAN_POINT('',(2.42352044792,0.275014367178));
#2042 = CARTESIAN_POINT('',(2.417850922724,0.277549015961));
#2043 = CARTESIAN_POINT('',(2.412173599524,0.280342628535));
#2044 = CARTESIAN_POINT('',(2.406494001026,0.283402820949));
#2045 = CARTESIAN_POINT('',(2.400822804717,0.28673555547));
#2046 = CARTESIAN_POINT('',(2.395175946035,0.290342499769));
#2047 = CARTESIAN_POINT('',(2.381163009511,0.30003846142));
#2048 = CARTESIAN_POINT('',(2.372850026883,0.306466940842));
#2049 = CARTESIAN_POINT('',(2.364698800559,0.313491894182));
#2050 = CARTESIAN_POINT('',(2.356775097797,0.321082748158));
#2051 = CARTESIAN_POINT('',(2.349139034617,0.329195785213));
#2052 = CARTESIAN_POINT('',(2.337866331218,0.342463391966));
#2053 = CARTESIAN_POINT('',(2.33398882518,0.347287296853));
#2054 = CARTESIAN_POINT('',(2.330221284388,0.352244279126));
#2055 = CARTESIAN_POINT('',(2.326571732694,0.357326144743));
#2056 = CARTESIAN_POINT('',(2.323047766535,0.362524413059));
#2057 = CARTESIAN_POINT('',(2.316882393876,0.372171304317));
#2058 = CARTESIAN_POINT('',(2.314197066024,0.376584266518));
#2059 = CARTESIAN_POINT('',(2.311604608822,0.381064634739));
#2060 = CARTESIAN_POINT('',(2.30910886852,0.385607603177));
#2061 = CARTESIAN_POINT('',(2.306713578493,0.390208294355));
#2062 = CARTESIAN_POINT('',(2.302492390348,0.398781524647));
#2063 = CARTESIAN_POINT('',(2.30063626544,0.40273873729));
#2064 = CARTESIAN_POINT('',(2.298856153399,0.406730443165));
#2065 = CARTESIAN_POINT('',(2.297154177651,0.410753664315));
#2066 = CARTESIAN_POINT('',(2.29553241617,0.414805398718));
#2067 = CARTESIAN_POINT('',(2.292685469113,0.422345199381));
#2068 = CARTESIAN_POINT('',(2.291437354819,0.425826161598));
#2069 = CARTESIAN_POINT('',(2.290249804578,0.429323654175));
#2070 = CARTESIAN_POINT('',(2.289124038637,0.432835816622));
#2071 = CARTESIAN_POINT('',(2.288061251505,0.436360780725));
#2072 = CARTESIAN_POINT('',(2.284259080496,0.449823153345));
#2073 = CARTESIAN_POINT('',(2.281961109062,0.459835786096));
#2074 = CARTESIAN_POINT('',(2.280194488268,0.469893015371));
#2075 = CARTESIAN_POINT('',(2.278983378463,0.479953069003));
#2076 = CARTESIAN_POINT('',(2.278349375981,0.489974301878));
#2077 = CARTESIAN_POINT('',(2.27826735475,0.510991431288));
#2078 = CARTESIAN_POINT('',(2.278962958933,0.521968205058));
#2079 = CARTESIAN_POINT('',(2.280422291468,0.532788820494));
#2080 = CARTESIAN_POINT('',(2.282664793208,0.543397588931));
#2081 = CARTESIAN_POINT('',(2.285701983825,0.553740758393));
#2082 = CARTESIAN_POINT('',(2.290980941716,0.567549368421));
#2083 = CARTESIAN_POINT('',(2.292540132948,0.571286568739));
#2084 = CARTESIAN_POINT('',(2.294212646775,0.574975954111));
#2085 = CARTESIAN_POINT('',(2.295998327556,0.578614846023));
#2086 = CARTESIAN_POINT('',(2.297896790252,0.582200630692));
#2087 = CARTESIAN_POINT('',(2.302405558044,0.590116820025));
#2088 = CARTESIAN_POINT('',(2.305076834063,0.5944169703));
#2089 = CARTESIAN_POINT('',(2.307920081201,0.598626315157));
#2090 = CARTESIAN_POINT('',(2.310933483074,0.602740150598));
#2091 = CARTESIAN_POINT('',(2.314114574195,0.606753963357));
#2092 = CARTESIAN_POINT('',(2.321185622219,0.615016603622));
#2093 = CARTESIAN_POINT('',(2.325115023301,0.619240417952));
#2094 = CARTESIAN_POINT('',(2.329244150391,0.623328889544));
#2095 = CARTESIAN_POINT('',(2.333567525046,0.62727640511));
#2096 = CARTESIAN_POINT('',(2.338078483207,0.631077722424));
#2097 = CARTESIAN_POINT('',(2.347940599601,0.6387523192));
#2098 = CARTESIAN_POINT('',(2.353330441865,0.642593044508));
#2099 = CARTESIAN_POINT('',(2.358928133585,0.646243682632));
#2100 = CARTESIAN_POINT('',(2.364721106229,0.64969832856));
#2101 = CARTESIAN_POINT('',(2.370694738958,0.652951852078));
#2102 = CARTESIAN_POINT('',(2.387741154858,0.661418062856));
#2103 = CARTESIAN_POINT('',(2.399170209209,0.666188704181));
#2104 = CARTESIAN_POINT('',(2.411022371065,0.670286563439));
#2105 = CARTESIAN_POINT('',(2.423180049925,0.673697931126));
#2106 = CARTESIAN_POINT('',(2.435509311679,0.676426709403));
#2107 = CARTESIAN_POINT('',(2.457594762268,0.680118609971));
#2108 = CARTESIAN_POINT('',(2.467337186524,0.681335427965));
#2109 = CARTESIAN_POINT('',(2.477042784835,0.682154935798));
#2110 = CARTESIAN_POINT('',(2.486659141358,0.682596229305));
#2111 = CARTESIAN_POINT('',(2.496154288958,0.682680667812));
#2112 = CARTESIAN_POINT('',(2.513424464065,0.682210374178));
#2113 = CARTESIAN_POINT('',(2.521239386678,0.681752296553));
#2114 = CARTESIAN_POINT('',(2.528950113775,0.681062273942));
#2115 = CARTESIAN_POINT('',(2.536559130933,0.680147962522));
#2116 = CARTESIAN_POINT('',(2.54407409494,0.679012745801));
#2117 = CARTESIAN_POINT('',(2.558861293184,0.67630941541));
#2118 = CARTESIAN_POINT('',(2.566134171126,0.674745807299));
#2119 = CARTESIAN_POINT('',(2.573331229803,0.672961936439));
#2120 = CARTESIAN_POINT('',(2.58045726503,0.670951696267));
#2121 = CARTESIAN_POINT('',(2.587510836798,0.668706856195));
#2122 = CARTESIAN_POINT('',(2.597009176336,0.665317552344));
#2123 = CARTESIAN_POINT('',(2.599525473338,0.664383909212));
#2124 = CARTESIAN_POINT('',(2.602030354113,0.663418035277));
#2125 = CARTESIAN_POINT('',(2.604523158666,0.662419597254));
#2126 = CARTESIAN_POINT('',(2.607003083905,0.661388298739));
#2127 = CARTESIAN_POINT('',(2.615194556761,0.657852693356));
#2128 = CARTESIAN_POINT('',(2.620845725418,0.655202880459));
#2129 = CARTESIAN_POINT('',(2.626410334961,0.652371543646));
#2130 = CARTESIAN_POINT('',(2.63187307692,0.649357169117));
#2131 = CARTESIAN_POINT('',(2.637216873586,0.646160351075));
#2132 = CARTESIAN_POINT('',(2.652042208415,0.636549044434));
#2133 = CARTESIAN_POINT('',(2.661195999766,0.629701724604));
#2134 = CARTESIAN_POINT('',(2.669774019939,0.622263451633));
#2135 = CARTESIAN_POINT('',(2.677681025479,0.614273691111));
#2136 = CARTESIAN_POINT('',(2.684852360332,0.605783751511));
#2137 = CARTESIAN_POINT('',(2.694843592907,0.591826525275));
#2138 = CARTESIAN_POINT('',(2.698194758531,0.586661937419));
#2139 = CARTESIAN_POINT('',(2.701294025129,0.581365842893));
#2140 = CARTESIAN_POINT('',(2.704136858545,0.575947976677));
#2141 = CARTESIAN_POINT('',(2.706720690405,0.570418204905));
#2142 = CARTESIAN_POINT('',(2.711105127615,0.559792413805));
#2143 = CARTESIAN_POINT('',(2.712961257216,0.554718224895));
#2144 = CARTESIAN_POINT('',(2.714612314321,0.549570656259));
#2145 = CARTESIAN_POINT('',(2.716058474908,0.544356600188));
#2146 = CARTESIAN_POINT('',(2.717300685607,0.539082964702));
#2147 = CARTESIAN_POINT('',(2.719235955684,0.529171398313));
#2148 = CARTESIAN_POINT('',(2.719981336222,0.524547096211));
#2149 = CARTESIAN_POINT('',(2.720577874515,0.519888178314));
#2150 = CARTESIAN_POINT('',(2.721026917551,0.515199054364));
#2151 = CARTESIAN_POINT('',(2.721330090101,0.51048413278));
#2152 = CARTESIAN_POINT('',(2.721612360166,0.50208664327));
#2153 = CARTESIAN_POINT('',(2.721649391586,0.498412685621));
#2154 = CARTESIAN_POINT('',(2.721601260017,0.494727979913));
#2155 = CARTESIAN_POINT('',(2.721468905339,0.491034556872));
#2156 = CARTESIAN_POINT('',(2.721253336275,0.487334445746));
#2157 = CARTESIAN_POINT('',(2.720162285795,0.473756975906));
#2158 = CARTESIAN_POINT('',(2.71878561133,0.463851119349));
#2159 = CARTESIAN_POINT('',(2.716845947053,0.453950541475));
#2160 = CARTESIAN_POINT('',(2.714366353811,0.444093286474));
#2161 = CARTESIAN_POINT('',(2.7113716992,0.43431700447));
#2162 = CARTESIAN_POINT('',(2.704503641324,0.415277704907));
#2163 = CARTESIAN_POINT('',(2.700657849005,0.406007902258));
#2164 = CARTESIAN_POINT('',(2.69637406537,0.396883648083));
#2165 = CARTESIAN_POINT('',(2.691676689335,0.387938381073));
#2166 = CARTESIAN_POINT('',(2.686590610338,0.379204803656));
#2167 = CARTESIAN_POINT('',(2.67916359741,0.36763420455));
#2168 = CARTESIAN_POINT('',(2.677138331597,0.364585662018));
#2169 = CARTESIAN_POINT('',(2.67506640338,0.361570706246));
#2170 = CARTESIAN_POINT('',(2.672949021366,0.358590840181));
#2171 = CARTESIAN_POINT('',(2.670787400733,0.355647548822));
#2172 = CARTESIAN_POINT('',(2.665810724922,0.34908933447));
#2173 = CARTESIAN_POINT('',(2.662970680296,0.345496510634));
#2174 = CARTESIAN_POINT('',(2.660065054457,0.341966746713));
#2175 = CARTESIAN_POINT('',(2.657096300659,0.338502905983));
#2176 = CARTESIAN_POINT('',(2.654066900293,0.335107796009));
#2177 = CARTESIAN_POINT('',(2.647370592982,0.327899452494));
#2178 = CARTESIAN_POINT('',(2.64368241106,0.324112382924));
#2179 = CARTESIAN_POINT('',(2.639918813655,0.320427367577));
#2180 = CARTESIAN_POINT('',(2.636083912079,0.316848668081));
#2181 = CARTESIAN_POINT('',(2.632181932424,0.313380400045));
#2182 = CARTESIAN_POINT('',(2.623566135159,0.30609205159));
#2183 = CARTESIAN_POINT('',(2.618828743455,0.30231501432));
#2184 = CARTESIAN_POINT('',(2.614012077714,0.298701774262));
#2185 = CARTESIAN_POINT('',(2.609123549357,0.295258410983));
#2186 = CARTESIAN_POINT('',(2.604171029542,0.291990518681));
#2187 = CARTESIAN_POINT('',(2.590252368704,0.283409569873));
#2188 = CARTESIAN_POINT('',(2.581164102524,0.278486050785));
#2189 = CARTESIAN_POINT('',(2.571948291526,0.274162094655));
#2190 = CARTESIAN_POINT('',(2.562659737789,0.270458675743));
#2191 = CARTESIAN_POINT('',(2.55335783108,0.267382149447));
#2192 = CARTESIAN_POINT('',(2.536617115722,0.262934010075));
#2193 = CARTESIAN_POINT('',(2.529161333446,0.261348124441));
#2194 = CARTESIAN_POINT('',(2.521764234339,0.26015999585));
#2195 = CARTESIAN_POINT('',(2.514447885872,0.259354950884));
#2196 = CARTESIAN_POINT('',(2.507221288406,0.258914731962));
#2197 = CARTESIAN_POINT('',(2.494130121979,0.25874843776));
#2198 = CARTESIAN_POINT('',(2.48823799587,0.25891594736));
#2199 = CARTESIAN_POINT('',(2.482403597897,0.259317598804));
#2200 = CARTESIAN_POINT('',(2.476618003666,0.259946842618));
#2201 = CARTESIAN_POINT('',(2.470868742442,0.260801048431));
#2202 = CARTESIAN_POINT('',(2.458183247888,0.263197691339));
#2203 = CARTESIAN_POINT('',(2.451259020733,0.264848371864));
#2204 = CARTESIAN_POINT('',(2.444344284502,0.266839563111));
#2205 = CARTESIAN_POINT('',(2.437419288683,0.269185175934));
#2206 = CARTESIAN_POINT('',(2.430475802802,0.27190486838));
#2207 = CARTESIAN_POINT('',(2.42352044792,0.275014367178));
#2208 = ( GEOMETRIC_REPRESENTATION_CONTEXT(2) 
PARAMETRIC_REPRESENTATION_CONTEXT() REPRESENTATION_CONTEXT('2D SPACE',''
  ) );
#2209 = PCURVE('',#2210,#2215);
#2210 = SPHERICAL_SURFACE('',#2211,2.72037037037);
#2211 = AXIS2_PLACEMENT_3D('',#2212,#2213,#2214);
#2212 = CARTESIAN_POINT('',(9.526932204739,-1.588386253617E-02,
    -44.28965346785));
#2213 = DIRECTION('',(0.,3.129955513418E-02,0.999510048898));
#2214 = DIRECTION('',(1.,0.,0.));
#2215 = DEFINITIONAL_REPRESENTATION('',(#2216),#2384);
#2216 = B_SPLINE_CURVE_WITH_KNOTS('',6,(#2217,#2218,#2219,#2220,#2221,
    #2222,#2223,#2224,#2225,#2226,#2227,#2228,#2229,#2230,#2231,#2232,
    #2233,#2234,#2235,#2236,#2237,#2238,#2239,#2240,#2241,#2242,#2243,
    #2244,#2245,#2246,#2247,#2248,#2249,#2250,#2251,#2252,#2253,#2254,
    #2255,#2256,#2257,#2258,#2259,#2260,#2261,#2262,#2263,#2264,#2265,
    #2266,#2267,#2268,#2269,#2270,#2271,#2272,#2273,#2274,#2275,#2276,
    #2277,#2278,#2279,#2280,#2281,#2282,#2283,#2284,#2285,#2286,#2287,
    #2288,#2289,#2290,#2291,#2292,#2293,#2294,#2295,#2296,#2297,#2298,
    #2299,#2300,#2301,#2302,#2303,#2304,#2305,#2306,#2307,#2308,#2309,
    #2310,#2311,#2312,#2313,#2314,#2315,#2316,#2317,#2318,#2319,#2320,
    #2321,#2322,#2323,#2324,#2325,#2326,#2327,#2328,#2329,#2330,#2331,
    #2332,#2333,#2334,#2335,#2336,#2337,#2338,#2339,#2340,#2341,#2342,
    #2343,#2344,#2345,#2346,#2347,#2348,#2349,#2350,#2351,#2352,#2353,
    #2354,#2355,#2356,#2357,#2358,#2359,#2360,#2361,#2362,#2363,#2364,
    #2365,#2366,#2367,#2368,#2369,#2370,#2371,#2372,#2373,#2374,#2375,
    #2376,#2377,#2378,#2379,#2380,#2381,#2382,#2383),.UNSPECIFIED.,.T.,
  .F.,(7,5,5,5,5,5,5,5,5,5,5,5,5,5,5,5,5,5,5,5,5,5,5,5,5,5,5,5,5,5,5,5,5
    ,7),(0.,3.172178745382E-02,7.933459788018E-02,0.105308657,
    0.126557676555,0.144456420451,0.159656922876,0.202330064165,
    0.24987373146,0.267808802304,0.290092500191,0.314905287319,
    0.342261049199,0.39088289479,0.429063805703,0.461347796392,
    0.493317544204,0.504907297457,0.531814425657,0.581514308381,
    0.609462272313,0.634244544374,0.655579003048,0.672070576148,
    0.716018314913,0.758706469131,0.774195942714,0.793671894564,
    0.816435741525,0.843140418376,0.890654252573,0.929056735904,
    0.96108327746,1.),.UNSPECIFIED.);
#2217 = CARTESIAN_POINT('',(4.35351602694,1.002710503814));
#2218 = CARTESIAN_POINT('',(4.308159174996,0.991850885567));
#2219 = CARTESIAN_POINT('',(4.264519965914,0.979293079466));
#2220 = CARTESIAN_POINT('',(4.222877132733,0.965100101835));
#2221 = CARTESIAN_POINT('',(4.183419723079,0.949362324859));
#2222 = CARTESIAN_POINT('',(4.146230535764,0.932195140831));
#2223 = CARTESIAN_POINT('',(4.058927174891,0.886014991551));
#2224 = CARTESIAN_POINT('',(4.01165930238,0.855369972083));
#2225 = CARTESIAN_POINT('',(3.969560129129,0.822235046455));
#2226 = CARTESIAN_POINT('',(3.932190003676,0.787071267714));
#2227 = CARTESIAN_POINT('',(3.899056225619,0.750253326773));
#2228 = CARTESIAN_POINT('',(3.85367169092,0.691275544847));
#2229 = CARTESIAN_POINT('',(3.838772130974,0.670056274701));
#2230 = CARTESIAN_POINT('',(3.824915119918,0.648483521297));
#2231 = CARTESIAN_POINT('',(3.812027024059,0.626598850889));
#2232 = CARTESIAN_POINT('',(3.800039821386,0.604437879059));
#2233 = CARTESIAN_POINT('',(3.779773964259,0.563700371118));
#2234 = CARTESIAN_POINT('',(3.77121732659,0.545205263736));
#2235 = CARTESIAN_POINT('',(3.763189887394,0.526562251856));
#2236 = CARTESIAN_POINT('',(3.755661491233,0.507786071509));
#2237 = CARTESIAN_POINT('',(3.748605040643,0.488889692192));
#2238 = CARTESIAN_POINT('',(3.736429903031,0.453875467844));
#2239 = CARTESIAN_POINT('',(3.731181068355,0.437789361852));
#2240 = CARTESIAN_POINT('',(3.726235634809,0.421632744399));
#2241 = CARTESIAN_POINT('',(3.721580588614,0.405411782697));
#2242 = CARTESIAN_POINT('',(3.717204259506,0.389132065655));
#2243 = CARTESIAN_POINT('',(3.709607655088,0.358927416779));
#2244 = CARTESIAN_POINT('',(3.706312533488,0.345017492833));
#2245 = CARTESIAN_POINT('',(3.703204617216,0.331071918094));
#2246 = CARTESIAN_POINT('',(3.700278159186,0.31709357878));
#2247 = CARTESIAN_POINT('',(3.697528003952,0.303085161274));
#2248 = CARTESIAN_POINT('',(3.687711069047,0.249645151845));
#2249 = CARTESIAN_POINT('',(3.68182587809,0.210023638079));
#2250 = CARTESIAN_POINT('',(3.677192919285,0.170240280508));
#2251 = CARTESIAN_POINT('',(3.673743730026,0.13034073116));
#2252 = CARTESIAN_POINT('',(3.67143821042,9.036554327203E-02));
#2253 = CARTESIAN_POINT('',(3.668948060188,5.778018651355E-03));
#2254 = CARTESIAN_POINT('',(3.669035465026,-3.884361249122E-02));
#2255 = CARTESIAN_POINT('',(3.670501818147,-8.345360985334E-02));
#2256 = CARTESIAN_POINT('',(3.673363016763,-0.127999359373));
#2257 = CARTESIAN_POINT('',(3.677675032073,-0.172424132055));
#2258 = CARTESIAN_POINT('',(3.685748795109,-0.233346417113));
#2259 = CARTESIAN_POINT('',(3.688180914306,-0.25000651542));
#2260 = CARTESIAN_POINT('',(3.690839032936,-0.266636084204));
#2261 = CARTESIAN_POINT('',(3.693729502777,-0.283231234999));
#2262 = CARTESIAN_POINT('',(3.69685968865,-0.299787791291));
#2263 = CARTESIAN_POINT('',(3.7044353628,-0.336818730925));
#2264 = CARTESIAN_POINT('',(3.709015838343,-0.357269625695));
#2265 = CARTESIAN_POINT('',(3.713995372271,-0.377645491217));
#2266 = CARTESIAN_POINT('',(3.719392897784,-0.397936703636));
#2267 = CARTESIAN_POINT('',(3.725230304055,-0.418132496843));
#2268 = CARTESIAN_POINT('',(3.738549829162,-0.46058936938));
#2269 = CARTESIAN_POINT('',(3.746143589809,-0.482824485199));
#2270 = CARTESIAN_POINT('',(3.754348030356,-0.504910014132));
#2271 = CARTESIAN_POINT('',(3.763202983617,-0.526826692033));
#2272 = CARTESIAN_POINT('',(3.772753803032,-0.548552286419));
#2273 = CARTESIAN_POINT('',(3.794404282754,-0.593775319594));
#2274 = CARTESIAN_POINT('',(3.806664957766,-0.617225880632));
#2275 = CARTESIAN_POINT('',(3.819901466117,-0.6403789817));
#2276 = CARTESIAN_POINT('',(3.834191129207,-0.66319437352));
#2277 = CARTESIAN_POINT('',(3.849618353105,-0.685624788175));
#2278 = CARTESIAN_POINT('',(3.895873324133,-0.746699817055));
#2279 = CARTESIAN_POINT('',(3.929356082934,-0.784402185874));
#2280 = CARTESIAN_POINT('',(3.967213199005,-0.820395793879));
#2281 = CARTESIAN_POINT('',(4.009967068068,-0.854288200837));
#2282 = CARTESIAN_POINT('',(4.058091402956,-0.885592948269));
#2283 = CARTESIAN_POINT('',(4.153514741218,-0.936032390925));
#2284 = CARTESIAN_POINT('',(4.198781863027,-0.956342090386));
#2285 = CARTESIAN_POINT('',(4.247316360697,-0.974545472134));
#2286 = CARTESIAN_POINT('',(4.298949371649,-0.990449388288));
#2287 = CARTESIAN_POINT('',(4.353278834509,-1.003918672922));
#2288 = CARTESIAN_POINT('',(4.45749166914,-1.024134598793));
#2289 = CARTESIAN_POINT('',(4.506769849641,-1.031599049643));
#2290 = CARTESIAN_POINT('',(4.557264582772,-1.03722004569));
#2291 = CARTESIAN_POINT('',(4.608586895757,-1.040975640263));
#2292 = CARTESIAN_POINT('',(4.660318936693,-1.042858869903));
#2293 = CARTESIAN_POINT('',(4.763294015882,-1.042878727657));
#2294 = CARTESIAN_POINT('',(4.814530445378,-1.04105164194));
#2295 = CARTESIAN_POINT('',(4.86537675634,-1.037387815517));
#2296 = CARTESIAN_POINT('',(4.91542686397,-1.031893299979));
#2297 = CARTESIAN_POINT('',(4.964301723568,-1.024588429612));
#2298 = CARTESIAN_POINT('',(5.028871550418,-1.012227418585));
#2299 = CARTESIAN_POINT('',(5.045855816039,-1.008706400736));
#2300 = CARTESIAN_POINT('',(5.06262918747,-1.004955339214));
#2301 = CARTESIAN_POINT('',(5.079177681873,-1.00097682752));
#2302 = CARTESIAN_POINT('',(5.095488582177,-0.996773937727));
#2303 = CARTESIAN_POINT('',(5.148840134206,-0.982079982239));
#2304 = CARTESIAN_POINT('',(5.184790041696,-0.970618984822));
#2305 = CARTESIAN_POINT('',(5.219252272837,-0.958012625903));
#2306 = CARTESIAN_POINT('',(5.252132642412,-0.944320504377));
#2307 = CARTESIAN_POINT('',(5.28338416129,-0.929613454956));
#2308 = CARTESIAN_POINT('',(5.36770462625,-0.885076792715));
#2309 = CARTESIAN_POINT('',(5.416838896682,-0.852984958822));
#2310 = CARTESIAN_POINT('',(5.460349884109,-0.818192332154));
#2311 = CARTESIAN_POINT('',(5.498755547603,-0.78122174996));
#2312 = CARTESIAN_POINT('',(5.532617019622,-0.742490781933));
#2313 = CARTESIAN_POINT('',(5.579240804829,-0.67977002118));
#2314 = CARTESIAN_POINT('',(5.594753362688,-0.65674449001));
#2315 = CARTESIAN_POINT('',(5.609092190215,-0.63332707436));
#2316 = CARTESIAN_POINT('',(5.62234659471,-0.609567391316));
#2317 = CARTESIAN_POINT('',(5.634597931041,-0.58550747331));
#2318 = CARTESIAN_POINT('',(5.655954810673,-0.53961376114));
#2319 = CARTESIAN_POINT('',(5.665259593064,-0.517836730044));
#2320 = CARTESIAN_POINT('',(5.673881528558,-0.495876372993));
#2321 = CARTESIAN_POINT('',(5.681864874534,-0.473754265019));
#2322 = CARTESIAN_POINT('',(5.689248421875,-0.451489078628));
#2323 = CARTESIAN_POINT('',(5.701934148321,-0.409819426561));
#2324 = CARTESIAN_POINT('',(5.707383102454,-0.39044807475));
#2325 = CARTESIAN_POINT('',(5.7124336348,-0.370992695185));
#2326 = CARTESIAN_POINT('',(5.717104554957,-0.351462504275));
#2327 = CARTESIAN_POINT('',(5.721412204686,-0.331865768026));
#2328 = CARTESIAN_POINT('',(5.728430194436,-0.297015706665));
#2329 = CARTESIAN_POINT('',(5.731281196891,-0.281786265131));
#2330 = CARTESIAN_POINT('',(5.73392991302,-0.266524878775));
#2331 = CARTESIAN_POINT('',(5.736382060651,-0.251234745756));
#2332 = CARTESIAN_POINT('',(5.738642627695,-0.235918861051));
#2333 = CARTESIAN_POINT('',(5.746240779028,-0.179704138169));
#2334 = CARTESIAN_POINT('',(5.750435634979,-0.138665047939));
#2335 = CARTESIAN_POINT('',(5.753381124486,-9.751631245848E-02));
#2336 = CARTESIAN_POINT('',(5.755125499686,-5.630286686247E-02));
#2337 = CARTESIAN_POINT('',(5.755687355155,-1.506621578606E-02));
#2338 = CARTESIAN_POINT('',(5.754447476633,6.618564000487E-02));
#2339 = CARTESIAN_POINT('',(5.752713008658,0.106202473143));
#2340 = CARTESIAN_POINT('',(5.749846516052,0.146161277175));
#2341 = CARTESIAN_POINT('',(5.745815505396,0.186022764319));
#2342 = CARTESIAN_POINT('',(5.740559819945,0.225743219003));
#2343 = CARTESIAN_POINT('',(5.731603385577,0.279612050235));
#2344 = CARTESIAN_POINT('',(5.729045474136,0.293928809529));
#2345 = CARTESIAN_POINT('',(5.726309887662,0.308217553996));
#2346 = CARTESIAN_POINT('',(5.723391648831,0.322475593527));
#2347 = CARTESIAN_POINT('',(5.720285167992,0.336700041838));
#2348 = CARTESIAN_POINT('',(5.712833769472,0.368727055116));
#2349 = CARTESIAN_POINT('',(5.708375835047,0.386508267511));
#2350 = CARTESIAN_POINT('',(5.703598156458,0.404225373409));
#2351 = CARTESIAN_POINT('',(5.69848662163,0.421871533953));
#2352 = CARTESIAN_POINT('',(5.693025289855,0.439439151675));
#2353 = CARTESIAN_POINT('',(5.680383469661,0.477351652781));
#2354 = CARTESIAN_POINT('',(5.67306830788,0.497664569687));
#2355 = CARTESIAN_POINT('',(5.66522252107,0.517845388079));
#2356 = CARTESIAN_POINT('',(5.656813720347,0.537878616903));
#2357 = CARTESIAN_POINT('',(5.647805513325,0.557746507184));
#2358 = CARTESIAN_POINT('',(5.626839251594,0.600518998143));
#2359 = CARTESIAN_POINT('',(5.614640425132,0.623353644815));
#2360 = CARTESIAN_POINT('',(5.601495964723,0.645900277522));
#2361 = CARTESIAN_POINT('',(5.58733234614,0.668120497957));
#2362 = CARTESIAN_POINT('',(5.572069706865,0.689969295066));
#2363 = CARTESIAN_POINT('',(5.526363182844,0.749513858178));
#2364 = CARTESIAN_POINT('',(5.493351542214,0.786299159265));
#2365 = CARTESIAN_POINT('',(5.456124245386,0.821439891635));
#2366 = CARTESIAN_POINT('',(5.414191467014,0.854563622568));
#2367 = CARTESIAN_POINT('',(5.367114856936,0.885212283503));
#2368 = CARTESIAN_POINT('',(5.272753220313,0.935365032801));
#2369 = CARTESIAN_POINT('',(5.227229028691,0.95588451752));
#2370 = CARTESIAN_POINT('',(5.178383123234,0.974269690779));
#2371 = CARTESIAN_POINT('',(5.126386374613,0.99032156381));
#2372 = CARTESIAN_POINT('',(5.071651150095,1.003901369998));
#2373 = CARTESIAN_POINT('',(4.967299179097,1.024121879399));
#2374 = CARTESIAN_POINT('',(4.918336635943,1.031541281922));
#2375 = CARTESIAN_POINT('',(4.868175012408,1.037140341855));
#2376 = CARTESIAN_POINT('',(4.817196099326,1.040897798889));
#2377 = CARTESIAN_POINT('',(4.765809544906,1.042807115617));
#2378 = CARTESIAN_POINT('',(4.65195213272,1.042941293393));
#2379 = CARTESIAN_POINT('',(4.58948649608,1.040285068962));
#2380 = CARTESIAN_POINT('',(4.527715087478,1.034900284863));
#2381 = CARTESIAN_POINT('',(4.467387121898,1.02679952767));
#2382 = CARTESIAN_POINT('',(4.409159663869,1.016033047796));
#2383 = CARTESIAN_POINT('',(4.35351602694,1.002710503814));
#2384 = ( GEOMETRIC_REPRESENTATION_CONTEXT(2) 
PARAMETRIC_REPRESENTATION_CONTEXT() REPRESENTATION_CONTEXT('2D SPACE',''
  ) );
#2385 = ADVANCED_FACE('',(#2386),#2210,.T.);
#2386 = FACE_BOUND('',#2387,.T.);
#2387 = EDGE_LOOP('',(#2388));
#2388 = ORIENTED_EDGE('',*,*,#1866,.T.);
#2389 = ADVANCED_FACE('',(#2390,#2416,#2555),#202,.F.);
#2390 = FACE_BOUND('',#2391,.T.);
#2391 = EDGE_LOOP('',(#2392,#2393,#2394,#2395));
#2392 = ORIENTED_EDGE('',*,*,#183,.T.);
#2393 = ORIENTED_EDGE('',*,*,#1841,.T.);
#2394 = ORIENTED_EDGE('',*,*,#1600,.F.);
#2395 = ORIENTED_EDGE('',*,*,#2396,.F.);
#2396 = EDGE_CURVE('',#184,#1601,#2397,.T.);
#2397 = SURFACE_CURVE('',#2398,(#2402,#2409),.PCURVE_S1.);
#2398 = LINE('',#2399,#2400);
#2399 = CARTESIAN_POINT('',(8.237390917448,6.562010423562E-02,
    2.095491559292));
#2400 = VECTOR('',#2401,1.);
#2401 = DIRECTION('',(0.969104813817,7.720012263015E-03,0.24652841874));
#2402 = PCURVE('',#202,#2403);
#2403 = DEFINITIONAL_REPRESENTATION('',(#2404),#2408);
#2404 = LINE('',#2405,#2406);
#2405 = CARTESIAN_POINT('',(105.60250594613,-3.841220189208E-15));
#2406 = VECTOR('',#2407,1.);
#2407 = DIRECTION('',(1.,-1.866192869585E-17));
#2408 = ( GEOMETRIC_REPRESENTATION_CONTEXT(2) 
PARAMETRIC_REPRESENTATION_CONTEXT() REPRESENTATION_CONTEXT('2D SPACE',''
  ) );
#2409 = PCURVE('',#44,#2410);
#2410 = DEFINITIONAL_REPRESENTATION('',(#2411),#2415);
#2411 = LINE('',#2412,#2413);
#2412 = CARTESIAN_POINT('',(1.831010241244E-15,-3.609000951885));
#2413 = VECTOR('',#2414,1.);
#2414 = DIRECTION('',(1.,3.422932115802E-34));
#2415 = ( GEOMETRIC_REPRESENTATION_CONTEXT(2) 
PARAMETRIC_REPRESENTATION_CONTEXT() REPRESENTATION_CONTEXT('2D SPACE',''
  ) );
#2416 = FACE_BOUND('',#2417,.T.);
#2417 = EDGE_LOOP('',(#2418));
#2418 = ORIENTED_EDGE('',*,*,#2419,.F.);
#2419 = EDGE_CURVE('',#2420,#2420,#2422,.T.);
#2420 = VERTEX_POINT('',#2421);
#2421 = CARTESIAN_POINT('',(8.873564732879,-0.750149807973,
    -23.95504562392));
#2422 = SURFACE_CURVE('',#2423,(#2428,#2439),.PCURVE_S1.);
#2423 = CIRCLE('',#2424,2.35);
#2424 = AXIS2_PLACEMENT_3D('',#2425,#2426,#2427);
#2425 = CARTESIAN_POINT('',(8.873564732879,-0.676595853407,
    -21.60619700901));
#2426 = DIRECTION('',(0.,-0.999510048898,3.129955513418E-02));
#2427 = DIRECTION('',(0.,-3.129955513418E-02,-0.999510048898));
#2428 = PCURVE('',#202,#2429);
#2429 = DEFINITIONAL_REPRESENTATION('',(#2430),#2438);
#2430 = ( BOUNDED_CURVE() B_SPLINE_CURVE(2,(#2431,#2432,#2433,#2434,
#2435,#2436,#2437),.UNSPECIFIED.,.T.,.F.) B_SPLINE_CURVE_WITH_KNOTS((1,2
    ,2,2,2,1),(-2.094395102393,0.,2.094395102393,4.188790204786,
6.28318530718,8.377580409573),.UNSPECIFIED.) CURVE() 
GEOMETRIC_REPRESENTATION_ITEM() RATIONAL_B_SPLINE_CURVE((1.,0.5,1.,0.5,
1.,0.5,1.)) REPRESENTATION_ITEM('') );
#2431 = CARTESIAN_POINT('',(99.790529560258,25.414988012927));
#2432 = CARTESIAN_POINT('',(103.73509568242,26.418929299971));
#2433 = CARTESIAN_POINT('',(102.63225127983,22.500864187743));
#2434 = CARTESIAN_POINT('',(101.52940687723,18.582799075514));
#2435 = CARTESIAN_POINT('',(98.687685157661,21.496922900699));
#2436 = CARTESIAN_POINT('',(95.845963438088,24.411046725883));
#2437 = CARTESIAN_POINT('',(99.790529560258,25.414988012927));
#2438 = ( GEOMETRIC_REPRESENTATION_CONTEXT(2) 
PARAMETRIC_REPRESENTATION_CONTEXT() REPRESENTATION_CONTEXT('2D SPACE',''
  ) );
#2439 = PCURVE('',#2440,#2445);
#2440 = SPHERICAL_SURFACE('',#2441,2.72037037037);
#2441 = AXIS2_PLACEMENT_3D('',#2442,#2443,#2444);
#2442 = CARTESIAN_POINT('',(8.873564732879,0.69310310249,-21.64908899197
    ));
#2443 = DIRECTION('',(0.,3.129955513418E-02,0.999510048898));
#2444 = DIRECTION('',(1.,0.,0.));
#2445 = DEFINITIONAL_REPRESENTATION('',(#2446),#2554);
#2446 = B_SPLINE_CURVE_WITH_KNOTS('',8,(#2447,#2448,#2449,#2450,#2451,
    #2452,#2453,#2454,#2455,#2456,#2457,#2458,#2459,#2460,#2461,#2462,
    #2463,#2464,#2465,#2466,#2467,#2468,#2469,#2470,#2471,#2472,#2473,
    #2474,#2475,#2476,#2477,#2478,#2479,#2480,#2481,#2482,#2483,#2484,
    #2485,#2486,#2487,#2488,#2489,#2490,#2491,#2492,#2493,#2494,#2495,
    #2496,#2497,#2498,#2499,#2500,#2501,#2502,#2503,#2504,#2505,#2506,
    #2507,#2508,#2509,#2510,#2511,#2512,#2513,#2514,#2515,#2516,#2517,
    #2518,#2519,#2520,#2521,#2522,#2523,#2524,#2525,#2526,#2527,#2528,
    #2529,#2530,#2531,#2532,#2533,#2534,#2535,#2536,#2537,#2538,#2539,
    #2540,#2541,#2542,#2543,#2544,#2545,#2546,#2547,#2548,#2549,#2550,
    #2551,#2552,#2553),.UNSPECIFIED.,.T.,.F.,(9,7,7,7,7,7,7,7,7,7,7,7,7,
    7,7,9),(0.,0.196349540849,0.576776776245,0.933427309428,
    1.602147059147,2.187276840151,2.69926539853,2.923260392821,
    3.133255699968,3.330126300419,3.699258676264,4.345240333993,
    5.314212820586,5.798699063883,6.040942185531,6.28318530718),
  .UNSPECIFIED.);
#2447 = CARTESIAN_POINT('',(4.712388980385,-1.042868879543));
#2448 = CARTESIAN_POINT('',(4.754478096489,-1.042868879543));
#2449 = CARTESIAN_POINT('',(4.796567090869,-1.04168832363));
#2450 = CARTESIAN_POINT('',(4.838390743118,-1.039327016469));
#2451 = CARTESIAN_POINT('',(4.87968182843,-1.035800183818));
#2452 = CARTESIAN_POINT('',(4.920195683996,-1.031137524718));
#2453 = CARTESIAN_POINT('',(4.959726052144,-1.025381048211));
#2454 = CARTESIAN_POINT('',(4.998112200237,-1.018581694597));
#2455 = CARTESIAN_POINT('',(5.107167231653,-0.995707519046));
#2456 = CARTESIAN_POINT('',(5.174363212695,-0.976913147328));
#2457 = CARTESIAN_POINT('',(5.235972866146,-0.954814825932));
#2458 = CARTESIAN_POINT('',(5.291759410184,-0.929887430589));
#2459 = CARTESIAN_POINT('',(5.342036428963,-0.902574672655));
#2460 = CARTESIAN_POINT('',(5.387230074085,-0.873246111488));
#2461 = CARTESIAN_POINT('',(5.42782724418,-0.842213193282));
#2462 = CARTESIAN_POINT('',(5.498479040263,-0.77928237373));
#2463 = CARTESIAN_POINT('',(5.529034050657,-0.747559772911));
#2464 = CARTESIAN_POINT('',(5.556342118321,-0.714776944251));
#2465 = CARTESIAN_POINT('',(5.58077397725,-0.681104447215));
#2466 = CARTESIAN_POINT('',(5.602651939763,-0.646679353805));
#2467 = CARTESIAN_POINT('',(5.622248091209,-0.611613385105));
#2468 = CARTESIAN_POINT('',(5.63979467519,-0.575999651288));
#2469 = CARTESIAN_POINT('',(5.684906973225,-0.472260279387));
#2470 = CARTESIAN_POINT('',(5.707805359671,-0.40295359303));
#2471 = CARTESIAN_POINT('',(5.725464952099,-0.332512036061));
#2472 = CARTESIAN_POINT('',(5.73871101699,-0.261272377844));
#2473 = CARTESIAN_POINT('',(5.748066777918,-0.189488936345));
#2474 = CARTESIAN_POINT('',(5.753845050035,-0.117374558185));
#2475 = CARTESIAN_POINT('',(5.756184981218,-4.511913598927E-02));
#2476 = CARTESIAN_POINT('',(5.754045540388,9.025667565432E-02));
#2477 = CARTESIAN_POINT('',(5.75038194779,0.15338968229));
#2478 = CARTESIAN_POINT('',(5.744025470756,0.216350749924));
#2479 = CARTESIAN_POINT('',(5.734840678377,0.279003560902));
#2480 = CARTESIAN_POINT('',(5.722584869658,0.341199707947));
#2481 = CARTESIAN_POINT('',(5.706883428263,0.402762454564));
#2482 = CARTESIAN_POINT('',(5.687180068732,0.463459594677));
#2483 = CARTESIAN_POINT('',(5.641208641454,0.575033001234));
#2484 = CARTESIAN_POINT('',(5.616069039776,0.626188257998));
#2485 = CARTESIAN_POINT('',(5.586698303476,0.676211313482));
#2486 = CARTESIAN_POINT('',(5.55240399216,0.724826724696));
#2487 = CARTESIAN_POINT('',(5.512300148545,0.771669248517));
#2488 = CARTESIAN_POINT('',(5.465305114302,0.816266952322));
#2489 = CARTESIAN_POINT('',(5.410052080497,0.857937521948));
#2490 = CARTESIAN_POINT('',(5.317395796169,0.912375714618));
#2491 = CARTESIAN_POINT('',(5.287434245887,0.928216444303));
#2492 = CARTESIAN_POINT('',(5.255632573702,0.943256579319));
#2493 = CARTESIAN_POINT('',(5.221925458075,0.957416303362));
#2494 = CARTESIAN_POINT('',(5.186275515375,0.970609103639));
#2495 = CARTESIAN_POINT('',(5.14868858689,0.982743818088));
#2496 = CARTESIAN_POINT('',(5.109229363691,0.993728788771));
#2497 = CARTESIAN_POINT('',(5.029419835961,1.012618120786));
#2498 = CARTESIAN_POINT('',(4.989279174674,1.020672047974));
#2499 = CARTESIAN_POINT('',(4.947729225697,1.027569500498));
#2500 = CARTESIAN_POINT('',(4.904938644322,1.033243640031));
#2501 = CARTESIAN_POINT('',(4.861138098568,1.037637510821));
#2502 = CARTESIAN_POINT('',(4.816613896575,1.040708944125));
#2503 = CARTESIAN_POINT('',(4.771688023753,1.04243404869));
#2504 = CARTESIAN_POINT('',(4.684493870272,1.043161073434));
#2505 = CARTESIAN_POINT('',(4.642235238679,1.042326433151));
#2506 = CARTESIAN_POINT('',(4.600175543606,1.04030199112));
#2507 = CARTESIAN_POINT('',(4.558587411068,1.037099902094));
#2508 = CARTESIAN_POINT('',(4.517723803056,1.032747266119));
#2509 = CARTESIAN_POINT('',(4.47780107908,1.027284168641));
#2510 = CARTESIAN_POINT('',(4.438990560611,1.020760345485));
#2511 = CARTESIAN_POINT('',(4.330971169303,0.999111961284));
#2512 = CARTESIAN_POINT('',(4.264878303619,0.981456746147));
#2513 = CARTESIAN_POINT('',(4.20397595441,0.960626319043));
#2514 = CARTESIAN_POINT('',(4.148553011973,0.937052435143));
#2515 = CARTESIAN_POINT('',(4.098379771328,0.91114791716));
#2516 = CARTESIAN_POINT('',(4.053090936836,0.883261645746));
#2517 = CARTESIAN_POINT('',(4.012251769463,0.85369061424));
#2518 = CARTESIAN_POINT('',(3.911006338859,0.768416567304));
#2519 = CARTESIAN_POINT('',(3.858897097784,0.709748205208));
#2520 = CARTESIAN_POINT('',(3.81680867669,0.648003689602));
#2521 = CARTESIAN_POINT('',(3.782499289627,0.58404530576));
#2522 = CARTESIAN_POINT('',(3.754595420205,0.518425178468));
#2523 = CARTESIAN_POINT('',(3.732000086011,0.451561720834));
#2524 = CARTESIAN_POINT('',(3.713984768222,0.383763115579));
#2525 = CARTESIAN_POINT('',(3.679097614034,0.212560981763));
#2526 = CARTESIAN_POINT('',(3.667302308096,0.10830455825));
#2527 = CARTESIAN_POINT('',(3.662907217258,3.362048556903E-03));
#2528 = CARTESIAN_POINT('',(3.665342790365,-0.101712871291));
#2529 = CARTESIAN_POINT('',(3.674697706946,-0.20640462135));
#2530 = CARTESIAN_POINT('',(3.69171961769,-0.310124426759));
#2531 = CARTESIAN_POINT('',(3.718065376505,-0.412140120916));
#2532 = CARTESIAN_POINT('',(3.776897385444,-0.560460643468));
#2533 = CARTESIAN_POINT('',(3.799726807676,-0.609116969223));
#2534 = CARTESIAN_POINT('',(3.826218848585,-0.656810134529));
#2535 = CARTESIAN_POINT('',(3.856932021849,-0.703317877362));
#2536 = CARTESIAN_POINT('',(3.892575728166,-0.748352036646));
#2537 = CARTESIAN_POINT('',(3.934012845854,-0.791542227772));
#2538 = CARTESIAN_POINT('',(3.982329945418,-0.832371229644));
#2539 = CARTESIAN_POINT('',(4.066492457666,-0.889063185005));
#2540 = CARTESIAN_POINT('',(4.096494638747,-0.907201960807));
#2541 = CARTESIAN_POINT('',(4.128557792564,-0.924497882059));
#2542 = CARTESIAN_POINT('',(4.162786175384,-0.940857561124));
#2543 = CARTESIAN_POINT('',(4.199259279661,-0.956177303927));
#2544 = CARTESIAN_POINT('',(4.238011921474,-0.970344898058));
#2545 = CARTESIAN_POINT('',(4.279010473089,-0.98324441969));
#2546 = CARTESIAN_POINT('',(4.365240008201,-1.006283698923));
#2547 = CARTESIAN_POINT('',(4.410471306324,-1.016423303823));
#2548 = CARTESIAN_POINT('',(4.457690594143,-1.025072114826));
#2549 = CARTESIAN_POINT('',(4.506679736889,-1.032121431158));
#2550 = CARTESIAN_POINT('',(4.557107150656,-1.037477585281));
#2551 = CARTESIAN_POINT('',(4.608535679252,-1.041072078812));
#2552 = CARTESIAN_POINT('',(4.660462203126,-1.042868879543));
#2553 = CARTESIAN_POINT('',(4.712388980385,-1.042868879543));
#2554 = ( GEOMETRIC_REPRESENTATION_CONTEXT(2) 
PARAMETRIC_REPRESENTATION_CONTEXT() REPRESENTATION_CONTEXT('2D SPACE',''
  ) );
#2555 = FACE_BOUND('',#2556,.T.);
#2556 = EDGE_LOOP('',(#2557));
#2557 = ORIENTED_EDGE('',*,*,#2558,.F.);
#2558 = EDGE_CURVE('',#2559,#2559,#2561,.T.);
#2559 = VERTEX_POINT('',#2560);
#2560 = CARTESIAN_POINT('',(12.941403735214,-1.132046965443,
    -36.15042811103));
#2561 = SURFACE_CURVE('',#2562,(#2567,#2578),.PCURVE_S1.);
#2562 = CIRCLE('',#2563,2.35);
#2563 = AXIS2_PLACEMENT_3D('',#2564,#2565,#2566);
#2564 = CARTESIAN_POINT('',(12.941403735214,-1.058493010878,
    -33.80157949612));
#2565 = DIRECTION('',(0.,-0.999510048898,3.129955513418E-02));
#2566 = DIRECTION('',(0.,-3.129955513418E-02,-0.999510048898));
#2567 = PCURVE('',#202,#2568);
#2568 = DEFINITIONAL_REPRESENTATION('',(#2569),#2577);
#2569 = ( BOUNDED_CURVE() B_SPLINE_CURVE(2,(#2570,#2571,#2572,#2573,
#2574,#2575,#2576),.UNSPECIFIED.,.T.,.F.) B_SPLINE_CURVE_WITH_KNOTS((1,2
    ,2,2,2,1),(-2.094395102393,0.,2.094395102393,4.188790204786,
6.28318530718,8.377580409573),.UNSPECIFIED.) CURVE() 
GEOMETRIC_REPRESENTATION_ITEM() RATIONAL_B_SPLINE_CURVE((1.,0.5,1.,0.5,
1.,0.5,1.)) REPRESENTATION_ITEM('') );
#2570 = CARTESIAN_POINT('',(100.72323530803,38.242714763321));
#2571 = CARTESIAN_POINT('',(104.6678014302,39.246656050365));
#2572 = CARTESIAN_POINT('',(103.56495702761,35.328590938136));
#2573 = CARTESIAN_POINT('',(102.46211262501,31.410525825908));
#2574 = CARTESIAN_POINT('',(99.62039090544,34.324649651093));
#2575 = CARTESIAN_POINT('',(96.778669185868,37.238773476277));
#2576 = CARTESIAN_POINT('',(100.72323530803,38.242714763321));
#2577 = ( GEOMETRIC_REPRESENTATION_CONTEXT(2) 
PARAMETRIC_REPRESENTATION_CONTEXT() REPRESENTATION_CONTEXT('2D SPACE',''
  ) );
#2578 = PCURVE('',#2579,#2584);
#2579 = SPHERICAL_SURFACE('',#2580,2.72037037037);
#2580 = AXIS2_PLACEMENT_3D('',#2581,#2582,#2583);
#2581 = CARTESIAN_POINT('',(12.941403735214,0.311205945019,
    -33.84447147908));
#2582 = DIRECTION('',(0.,3.129955513418E-02,0.999510048898));
#2583 = DIRECTION('',(1.,0.,0.));
#2584 = DEFINITIONAL_REPRESENTATION('',(#2585),#2693);
#2585 = B_SPLINE_CURVE_WITH_KNOTS('',8,(#2586,#2587,#2588,#2589,#2590,
    #2591,#2592,#2593,#2594,#2595,#2596,#2597,#2598,#2599,#2600,#2601,
    #2602,#2603,#2604,#2605,#2606,#2607,#2608,#2609,#2610,#2611,#2612,
    #2613,#2614,#2615,#2616,#2617,#2618,#2619,#2620,#2621,#2622,#2623,
    #2624,#2625,#2626,#2627,#2628,#2629,#2630,#2631,#2632,#2633,#2634,
    #2635,#2636,#2637,#2638,#2639,#2640,#2641,#2642,#2643,#2644,#2645,
    #2646,#2647,#2648,#2649,#2650,#2651,#2652,#2653,#2654,#2655,#2656,
    #2657,#2658,#2659,#2660,#2661,#2662,#2663,#2664,#2665,#2666,#2667,
    #2668,#2669,#2670,#2671,#2672,#2673,#2674,#2675,#2676,#2677,#2678,
    #2679,#2680,#2681,#2682,#2683,#2684,#2685,#2686,#2687,#2688,#2689,
    #2690,#2691,#2692),.UNSPECIFIED.,.T.,.F.,(9,7,7,7,7,7,7,7,7,7,7,7,7,
    7,7,9),(0.,0.196349540849,0.576776776245,0.933427309428,
    1.602147059147,2.187276840151,2.69926539853,2.923260392821,
    3.133255699968,3.330126300419,3.699258676264,4.345240333993,
    5.314212820586,5.798699063883,6.040942185531,6.28318530718),
  .UNSPECIFIED.);
#2586 = CARTESIAN_POINT('',(4.712388980385,-1.042868879543));
#2587 = CARTESIAN_POINT('',(4.754478096489,-1.042868879543));
#2588 = CARTESIAN_POINT('',(4.796567090869,-1.04168832363));
#2589 = CARTESIAN_POINT('',(4.838390743118,-1.039327016469));
#2590 = CARTESIAN_POINT('',(4.87968182843,-1.035800183818));
#2591 = CARTESIAN_POINT('',(4.920195683996,-1.031137524718));
#2592 = CARTESIAN_POINT('',(4.959726052144,-1.025381048211));
#2593 = CARTESIAN_POINT('',(4.998112200237,-1.018581694597));
#2594 = CARTESIAN_POINT('',(5.107167231653,-0.995707519046));
#2595 = CARTESIAN_POINT('',(5.174363212695,-0.976913147328));
#2596 = CARTESIAN_POINT('',(5.235972866146,-0.954814825931));
#2597 = CARTESIAN_POINT('',(5.291759410184,-0.929887430592));
#2598 = CARTESIAN_POINT('',(5.342036428963,-0.902574672656));
#2599 = CARTESIAN_POINT('',(5.387230074085,-0.873246111488));
#2600 = CARTESIAN_POINT('',(5.42782724418,-0.842213193282));
#2601 = CARTESIAN_POINT('',(5.498479040263,-0.77928237373));
#2602 = CARTESIAN_POINT('',(5.529034050657,-0.747559772911));
#2603 = CARTESIAN_POINT('',(5.556342118321,-0.714776944251));
#2604 = CARTESIAN_POINT('',(5.58077397725,-0.681104447215));
#2605 = CARTESIAN_POINT('',(5.602651939763,-0.646679353805));
#2606 = CARTESIAN_POINT('',(5.622248091209,-0.611613385105));
#2607 = CARTESIAN_POINT('',(5.63979467519,-0.575999651288));
#2608 = CARTESIAN_POINT('',(5.684906973225,-0.472260279387));
#2609 = CARTESIAN_POINT('',(5.707805359671,-0.402953593031));
#2610 = CARTESIAN_POINT('',(5.725464952099,-0.332512036061));
#2611 = CARTESIAN_POINT('',(5.73871101699,-0.261272377844));
#2612 = CARTESIAN_POINT('',(5.748066777918,-0.189488936345));
#2613 = CARTESIAN_POINT('',(5.753845050035,-0.117374558185));
#2614 = CARTESIAN_POINT('',(5.756184981218,-4.511913598927E-02));
#2615 = CARTESIAN_POINT('',(5.754045540388,9.025667565432E-02));
#2616 = CARTESIAN_POINT('',(5.75038194779,0.15338968229));
#2617 = CARTESIAN_POINT('',(5.744025470756,0.216350749924));
#2618 = CARTESIAN_POINT('',(5.734840678377,0.279003560902));
#2619 = CARTESIAN_POINT('',(5.722584869658,0.341199707947));
#2620 = CARTESIAN_POINT('',(5.706883428263,0.402762454564));
#2621 = CARTESIAN_POINT('',(5.687180068732,0.463459594677));
#2622 = CARTESIAN_POINT('',(5.641208641454,0.575033001234));
#2623 = CARTESIAN_POINT('',(5.616069039776,0.626188257997));
#2624 = CARTESIAN_POINT('',(5.586698303476,0.676211313483));
#2625 = CARTESIAN_POINT('',(5.55240399216,0.724826724693));
#2626 = CARTESIAN_POINT('',(5.512300148545,0.771669248519));
#2627 = CARTESIAN_POINT('',(5.465305114302,0.816266952322));
#2628 = CARTESIAN_POINT('',(5.410052080497,0.857937521948));
#2629 = CARTESIAN_POINT('',(5.317395796169,0.912375714618));
#2630 = CARTESIAN_POINT('',(5.287434245887,0.928216444303));
#2631 = CARTESIAN_POINT('',(5.255632573702,0.943256579319));
#2632 = CARTESIAN_POINT('',(5.221925458075,0.957416303362));
#2633 = CARTESIAN_POINT('',(5.186275515375,0.970609103639));
#2634 = CARTESIAN_POINT('',(5.14868858689,0.982743818088));
#2635 = CARTESIAN_POINT('',(5.109229363691,0.993728788771));
#2636 = CARTESIAN_POINT('',(5.029419835961,1.012618120786));
#2637 = CARTESIAN_POINT('',(4.989279174674,1.020672047974));
#2638 = CARTESIAN_POINT('',(4.947729225697,1.027569500498));
#2639 = CARTESIAN_POINT('',(4.904938644322,1.033243640031));
#2640 = CARTESIAN_POINT('',(4.861138098568,1.037637510821));
#2641 = CARTESIAN_POINT('',(4.816613896575,1.040708944125));
#2642 = CARTESIAN_POINT('',(4.771688023753,1.04243404869));
#2643 = CARTESIAN_POINT('',(4.684493870272,1.043161073434));
#2644 = CARTESIAN_POINT('',(4.642235238679,1.042326433151));
#2645 = CARTESIAN_POINT('',(4.600175543606,1.04030199112));
#2646 = CARTESIAN_POINT('',(4.558587411068,1.037099902094));
#2647 = CARTESIAN_POINT('',(4.517723803056,1.032747266119));
#2648 = CARTESIAN_POINT('',(4.47780107908,1.027284168641));
#2649 = CARTESIAN_POINT('',(4.438990560611,1.020760345485));
#2650 = CARTESIAN_POINT('',(4.330971169303,0.999111961284));
#2651 = CARTESIAN_POINT('',(4.264878303619,0.981456746147));
#2652 = CARTESIAN_POINT('',(4.20397595441,0.960626319042));
#2653 = CARTESIAN_POINT('',(4.148553011973,0.937052435145));
#2654 = CARTESIAN_POINT('',(4.098379771328,0.911147917159));
#2655 = CARTESIAN_POINT('',(4.053090936836,0.883261645746));
#2656 = CARTESIAN_POINT('',(4.012251769463,0.85369061424));
#2657 = CARTESIAN_POINT('',(3.911006338859,0.768416567304));
#2658 = CARTESIAN_POINT('',(3.858897097784,0.709748205207));
#2659 = CARTESIAN_POINT('',(3.81680867669,0.648003689604));
#2660 = CARTESIAN_POINT('',(3.782499289627,0.584045305757));
#2661 = CARTESIAN_POINT('',(3.754595420205,0.518425178469));
#2662 = CARTESIAN_POINT('',(3.732000086011,0.451561720833));
#2663 = CARTESIAN_POINT('',(3.713984768222,0.383763115579));
#2664 = CARTESIAN_POINT('',(3.679097614034,0.212560981763));
#2665 = CARTESIAN_POINT('',(3.667302308097,0.10830455825));
#2666 = CARTESIAN_POINT('',(3.662907217257,3.362048557055E-03));
#2667 = CARTESIAN_POINT('',(3.665342790375,-0.101712871291));
#2668 = CARTESIAN_POINT('',(3.674697706937,-0.20640462135));
#2669 = CARTESIAN_POINT('',(3.691719617691,-0.310124426759));
#2670 = CARTESIAN_POINT('',(3.718065376505,-0.412140120916));
#2671 = CARTESIAN_POINT('',(3.776897385444,-0.560460643468));
#2672 = CARTESIAN_POINT('',(3.79972680768,-0.609116969223));
#2673 = CARTESIAN_POINT('',(3.826218848564,-0.656810134525));
#2674 = CARTESIAN_POINT('',(3.856932021871,-0.703317877367));
#2675 = CARTESIAN_POINT('',(3.892575728151,-0.748352036642));
#2676 = CARTESIAN_POINT('',(3.934012845858,-0.791542227773));
#2677 = CARTESIAN_POINT('',(3.982329945418,-0.832371229644));
#2678 = CARTESIAN_POINT('',(4.066492457666,-0.889063185005));
#2679 = CARTESIAN_POINT('',(4.096494638747,-0.907201960807));
#2680 = CARTESIAN_POINT('',(4.128557792564,-0.924497882059));
#2681 = CARTESIAN_POINT('',(4.162786175384,-0.940857561124));
#2682 = CARTESIAN_POINT('',(4.199259279661,-0.956177303927));
#2683 = CARTESIAN_POINT('',(4.238011921474,-0.970344898058));
#2684 = CARTESIAN_POINT('',(4.279010473089,-0.98324441969));
#2685 = CARTESIAN_POINT('',(4.365240008201,-1.006283698923));
#2686 = CARTESIAN_POINT('',(4.410471306324,-1.016423303823));
#2687 = CARTESIAN_POINT('',(4.457690594143,-1.025072114826));
#2688 = CARTESIAN_POINT('',(4.506679736889,-1.032121431158));
#2689 = CARTESIAN_POINT('',(4.557107150656,-1.037477585281));
#2690 = CARTESIAN_POINT('',(4.608535679252,-1.041072078812));
#2691 = CARTESIAN_POINT('',(4.660462203126,-1.042868879543));
#2692 = CARTESIAN_POINT('',(4.712388980385,-1.042868879543));
#2693 = ( GEOMETRIC_REPRESENTATION_CONTEXT(2) 
PARAMETRIC_REPRESENTATION_CONTEXT() REPRESENTATION_CONTEXT('2D SPACE',''
  ) );
#2694 = ADVANCED_FACE('',(#2695),#2579,.T.);
#2695 = FACE_BOUND('',#2696,.T.);
#2696 = EDGE_LOOP('',(#2697));
#2697 = ORIENTED_EDGE('',*,*,#2558,.T.);
#2698 = ADVANCED_FACE('',(#2699),#2440,.T.);
#2699 = FACE_BOUND('',#2700,.T.);
#2700 = EDGE_LOOP('',(#2701));
#2701 = ORIENTED_EDGE('',*,*,#2419,.T.);
#2702 = ADVANCED_FACE('',(#2703),#101,.F.);
#2703 = FACE_BOUND('',#2704,.F.);
#2704 = EDGE_LOOP('',(#2705,#2706,#2707,#2708,#2709,#2710));
#2705 = ORIENTED_EDGE('',*,*,#85,.F.);
#2706 = ORIENTED_EDGE('',*,*,#423,.T.);
#2707 = ORIENTED_EDGE('',*,*,#449,.F.);
#2708 = ORIENTED_EDGE('',*,*,#1811,.F.);
#2709 = ORIENTED_EDGE('',*,*,#1067,.F.);
#2710 = ORIENTED_EDGE('',*,*,#2711,.F.);
#2711 = EDGE_CURVE('',#86,#1048,#2712,.T.);
#2712 = SURFACE_CURVE('',#2713,(#2728,#2746),.PCURVE_S1.);
#2713 = B_SPLINE_CURVE_WITH_KNOTS('',4,(#2714,#2715,#2716,#2717,#2718,
    #2719,#2720,#2721,#2722,#2723,#2724,#2725,#2726,#2727),
  .UNSPECIFIED.,.F.,.F.,(5,3,3,3,5),(0.,0.246961111266,0.495954196881,
    0.746970301868,1.),.UNSPECIFIED.);
#2714 = CARTESIAN_POINT('',(1.992504314785,4.810750541868,-38.0710360116
    ));
#2715 = CARTESIAN_POINT('',(2.117845708633,4.789944638095,
    -38.73544513208));
#2716 = CARTESIAN_POINT('',(2.236734939351,4.769100139927,
    -39.40108671367));
#2717 = CARTESIAN_POINT('',(2.349184486715,4.748220178272,
    -40.06786077503));
#2718 = CARTESIAN_POINT('',(2.562106569303,4.706223381538,
    -41.40897313834));
#2719 = CARTESIAN_POINT('',(2.662472938815,4.685106011041,
    -42.08332853821));
#2720 = CARTESIAN_POINT('',(2.756323824631,4.663958836356,
    -42.75863569552));
#2721 = CARTESIAN_POINT('',(2.931739860936,4.621438967387,
    -44.11645168142));
#2722 = CARTESIAN_POINT('',(3.013198989365,4.600065836807,
    -44.79897444253));
#2723 = CARTESIAN_POINT('',(3.088072553891,4.578668663528,
    -45.48226497551));
#2724 = CARTESIAN_POINT('',(3.225237356449,4.535660540675,
    -46.85567270582));
#2725 = CARTESIAN_POINT('',(3.287422836126,4.51404925317,-47.54580069448
    ));
#2726 = CARTESIAN_POINT('',(3.342958336253,4.492419779773,
    -48.23650942565));
#2727 = CARTESIAN_POINT('',(3.391866848361,4.470775177121,
    -48.92770128961));
#2728 = PCURVE('',#101,#2729);
#2729 = DEFINITIONAL_REPRESENTATION('',(#2730),#2745);
#2730 = B_SPLINE_CURVE_WITH_KNOTS('',4,(#2731,#2732,#2733,#2734,#2735,
    #2736,#2737,#2738,#2739,#2740,#2741,#2742,#2743,#2744),
  .UNSPECIFIED.,.F.,.F.,(5,3,3,3,5),(0.,0.246961111266,0.495954196881,
    0.746970301868,1.),.UNSPECIFIED.);
#2731 = CARTESIAN_POINT('',(0.181818178922,0.));
#2732 = CARTESIAN_POINT('',(0.181818178922,6.275892963975E-02));
#2733 = CARTESIAN_POINT('',(0.181818178922,0.125343558423));
#2734 = CARTESIAN_POINT('',(0.181818178922,0.187756436857));
#2735 = CARTESIAN_POINT('',(0.181818178922,0.312755697718));
#2736 = CARTESIAN_POINT('',(0.181818178922,0.375339283033));
#2737 = CARTESIAN_POINT('',(0.181818178922,0.437753251989));
#2738 = CARTESIAN_POINT('',(0.181818178922,0.562752490476));
#2739 = CARTESIAN_POINT('',(0.181818178922,0.625335032171));
#2740 = CARTESIAN_POINT('',(0.181818178922,0.687750079731));
#2741 = CARTESIAN_POINT('',(0.181818178922,0.812749274734));
#2742 = CARTESIAN_POINT('',(0.181818178922,0.87533076271));
#2743 = CARTESIAN_POINT('',(0.181818178922,0.937746888546));
#2744 = CARTESIAN_POINT('',(0.181818178922,1.));
#2745 = ( GEOMETRIC_REPRESENTATION_CONTEXT(2) 
PARAMETRIC_REPRESENTATION_CONTEXT() REPRESENTATION_CONTEXT('2D SPACE',''
  ) );
#2746 = PCURVE('',#168,#2747);
#2747 = DEFINITIONAL_REPRESENTATION('',(#2748),#2763);
#2748 = B_SPLINE_CURVE_WITH_KNOTS('',4,(#2749,#2750,#2751,#2752,#2753,
    #2754,#2755,#2756,#2757,#2758,#2759,#2760,#2761,#2762),
  .UNSPECIFIED.,.F.,.F.,(5,3,3,3,5),(0.,0.246961111266,0.495954196881,
    0.746970301868,1.),.UNSPECIFIED.);
#2749 = CARTESIAN_POINT('',(89.684998214581,37.222275001268));
#2750 = CARTESIAN_POINT('',(89.64251081103,37.897388066281));
#2751 = CARTESIAN_POINT('',(89.593466450491,38.572104679484));
#2752 = CARTESIAN_POINT('',(89.53790189959,39.24633097909));
#2753 = CARTESIAN_POINT('',(89.413299188727,40.599163592415));
#2754 = CARTESIAN_POINT('',(89.344153923809,41.277760298224));
#2755 = CARTESIAN_POINT('',(89.268459606929,41.955672769621));
#2756 = CARTESIAN_POINT('',(89.103387650279,43.315450040259));
#2757 = CARTESIAN_POINT('',(89.01390382589,43.997302197924));
#2758 = CARTESIAN_POINT('',(88.917848436623,44.678274447248));
#2759 = CARTESIAN_POINT('',(88.711859447794,46.043734520574));
#2760 = CARTESIAN_POINT('',(88.601820694322,46.728206722413));
#2761 = CARTESIAN_POINT('',(88.485194103729,47.411601787929));
#2762 = CARTESIAN_POINT('',(88.362026044381,48.093830747556));
#2763 = ( GEOMETRIC_REPRESENTATION_CONTEXT(2) 
PARAMETRIC_REPRESENTATION_CONTEXT() REPRESENTATION_CONTEXT('2D SPACE',''
  ) );
#2764 = ADVANCED_FACE('',(#2765,#2797),#168,.T.);
#2765 = FACE_BOUND('',#2766,.F.);
#2766 = EDGE_LOOP('',(#2767,#2788,#2789,#2790,#2791,#2792,#2793,#2794,
    #2795,#2796));
#2767 = ORIENTED_EDGE('',*,*,#2768,.F.);
#2768 = EDGE_CURVE('',#24,#1654,#2769,.T.);
#2769 = SURFACE_CURVE('',#2770,(#2774,#2781),.PCURVE_S1.);
#2770 = LINE('',#2771,#2772);
#2771 = CARTESIAN_POINT('',(8.237390917448,6.062680397625,1.907694228487
    ));
#2772 = VECTOR('',#2773,1.);
#2773 = DIRECTION('',(0.969104813817,7.720012263015E-03,0.24652841874));
#2774 = PCURVE('',#168,#2775);
#2775 = DEFINITIONAL_REPRESENTATION('',(#2776),#2780);
#2776 = LINE('',#2777,#2778);
#2777 = CARTESIAN_POINT('',(105.60250594613,5.859516904726E-16));
#2778 = VECTOR('',#2779,1.);
#2779 = DIRECTION('',(1.,9.951160596024E-18));
#2780 = ( GEOMETRIC_REPRESENTATION_CONTEXT(2) 
PARAMETRIC_REPRESENTATION_CONTEXT() REPRESENTATION_CONTEXT('2D SPACE',''
  ) );
#2781 = PCURVE('',#44,#2782);
#2782 = DEFINITIONAL_REPRESENTATION('',(#2783),#2787);
#2783 = LINE('',#2784,#2785);
#2784 = CARTESIAN_POINT('',(-9.15505120622E-15,2.390999048115));
#2785 = VECTOR('',#2786,1.);
#2786 = DIRECTION('',(1.,0.));
#2787 = ( GEOMETRIC_REPRESENTATION_CONTEXT(2) 
PARAMETRIC_REPRESENTATION_CONTEXT() REPRESENTATION_CONTEXT('2D SPACE',''
  ) );
#2788 = ORIENTED_EDGE('',*,*,#153,.T.);
#2789 = ORIENTED_EDGE('',*,*,#2711,.T.);
#2790 = ORIENTED_EDGE('',*,*,#1047,.T.);
#2791 = ORIENTED_EDGE('',*,*,#1026,.F.);
#2792 = ORIENTED_EDGE('',*,*,#1409,.T.);
#2793 = ORIENTED_EDGE('',*,*,#1245,.T.);
#2794 = ORIENTED_EDGE('',*,*,#1147,.T.);
#2795 = ORIENTED_EDGE('',*,*,#1726,.F.);
#2796 = ORIENTED_EDGE('',*,*,#1699,.F.);
#2797 = FACE_BOUND('',#2798,.F.);
#2798 = EDGE_LOOP('',(#2799,#2830,#2856,#2885));
#2799 = ORIENTED_EDGE('',*,*,#2800,.F.);
#2800 = EDGE_CURVE('',#2801,#2803,#2805,.T.);
#2801 = VERTEX_POINT('',#2802);
#2802 = CARTESIAN_POINT('',(1.817930415032,5.962349656055,
    -1.296235794875));
#2803 = VERTEX_POINT('',#2804);
#2804 = CARTESIAN_POINT('',(3.476940931399,4.804004929941,
    -38.28644823961));
#2805 = SURFACE_CURVE('',#2806,(#2811,#2818),.PCURVE_S1.);
#2806 = CIRCLE('',#2807,98.602505946136);
#2807 = AXIS2_PLACEMENT_3D('',#2808,#2809,#2810);
#2808 = CARTESIAN_POINT('',(-94.10250594613,5.247427756715,
    -24.12632457741));
#2809 = DIRECTION('',(4.006155916739E-20,0.999510048898,
    -3.129955513418E-02));
#2810 = DIRECTION('',(0.972799174228,7.250544927632E-03,0.231536598015)
  );
#2811 = PCURVE('',#168,#2812);
#2812 = DEFINITIONAL_REPRESENTATION('',(#2813),#2817);
#2813 = CIRCLE('',#2814,98.602505946136);
#2814 = AXIS2_PLACEMENT_2D('',#2815,#2816);
#2815 = CARTESIAN_POINT('',(0.,0.));
#2816 = DIRECTION('',(0.999880688306,1.54469787269E-02));
#2817 = ( GEOMETRIC_REPRESENTATION_CONTEXT(2) 
PARAMETRIC_REPRESENTATION_CONTEXT() REPRESENTATION_CONTEXT('2D SPACE',''
  ) );
#2818 = PCURVE('',#2819,#2824);
#2819 = CYLINDRICAL_SURFACE('',#2820,98.602505946136);
#2820 = AXIS2_PLACEMENT_3D('',#2821,#2822,#2823);
#2821 = CARTESIAN_POINT('',(-94.10250594613,3.998040195593,
    -24.08720013349));
#2822 = DIRECTION('',(0.,0.999510048898,-3.129955513418E-02));
#2823 = DIRECTION('',(0.972799174228,7.250544927632E-03,0.231536598015)
  );
#2824 = DEFINITIONAL_REPRESENTATION('',(#2825),#2829);
#2825 = LINE('',#2826,#2827);
#2826 = CARTESIAN_POINT('',(9.592508433212E-18,1.25));
#2827 = VECTOR('',#2828,1.);
#2828 = DIRECTION('',(1.,0.));
#2829 = ( GEOMETRIC_REPRESENTATION_CONTEXT(2) 
PARAMETRIC_REPRESENTATION_CONTEXT() REPRESENTATION_CONTEXT('2D SPACE',''
  ) );
#2830 = ORIENTED_EDGE('',*,*,#2831,.F.);
#2831 = EDGE_CURVE('',#2832,#2801,#2834,.T.);
#2832 = VERTEX_POINT('',#2833);
#2833 = CARTESIAN_POINT('',(15.437118854218,6.063857285042,
    1.945276577337));
#2834 = SURFACE_CURVE('',#2835,(#2839,#2845),.PCURVE_S1.);
#2835 = LINE('',#2836,#2837);
#2836 = CARTESIAN_POINT('',(-42.73749065575,5.630265613632,
    -11.90090209309));
#2837 = VECTOR('',#2838,1.);
#2838 = DIRECTION('',(-0.972799174228,-7.250544927632E-03,
    -0.231536598015));
#2839 = PCURVE('',#168,#2840);
#2840 = DEFINITIONAL_REPRESENTATION('',(#2841),#2844);
#2841 = B_SPLINE_CURVE_WITH_KNOTS('',1,(#2842,#2843),.UNSPECIFIED.,.F.,
  .F.,(2,2),(-59.80125297306,-45.80125297306),.PIECEWISE_BEZIER_KNOTS.);
#2842 = CARTESIAN_POINT('',(112.58907115045,1.739368513946));
#2843 = CARTESIAN_POINT('',(98.590741514165,1.523110811769));
#2844 = ( GEOMETRIC_REPRESENTATION_CONTEXT(2) 
PARAMETRIC_REPRESENTATION_CONTEXT() REPRESENTATION_CONTEXT('2D SPACE',''
  ) );
#2845 = PCURVE('',#2846,#2851);
#2846 = PLANE('',#2847);
#2847 = AXIS2_PLACEMENT_3D('',#2848,#2849,#2850);
#2848 = CARTESIAN_POINT('',(8.627524634625,4.763715909426,0.363644835149
    ));
#2849 = DIRECTION('',(-0.231650095235,3.044818138822E-02,0.9723225502));
#2850 = DIRECTION('',(0.972799174228,7.250544927632E-03,0.231536598015)
  );
#2851 = DEFINITIONAL_REPRESENTATION('',(#2852),#2855);
#2852 = B_SPLINE_CURVE_WITH_KNOTS('',1,(#2853,#2854),.UNSPECIFIED.,.F.,
  .F.,(2,2),(-59.80125297306,-45.80125297306),.PIECEWISE_BEZIER_KNOTS.);
#2853 = CARTESIAN_POINT('',(7.,1.25));
#2854 = CARTESIAN_POINT('',(-7.,1.25));
#2855 = ( GEOMETRIC_REPRESENTATION_CONTEXT(2) 
PARAMETRIC_REPRESENTATION_CONTEXT() REPRESENTATION_CONTEXT('2D SPACE',''
  ) );
#2856 = ORIENTED_EDGE('',*,*,#2857,.T.);
#2857 = EDGE_CURVE('',#2832,#2858,#2860,.T.);
#2858 = VERTEX_POINT('',#2859);
#2859 = CARTESIAN_POINT('',(17.331682686459,4.741045885287,
    -40.29696236772));
#2860 = SURFACE_CURVE('',#2861,(#2866,#2873),.PCURVE_S1.);
#2861 = CIRCLE('',#2862,112.60250594613);
#2862 = AXIS2_PLACEMENT_3D('',#2863,#2864,#2865);
#2863 = CARTESIAN_POINT('',(-94.10250594613,5.247427756715,
    -24.12632457741));
#2864 = DIRECTION('',(4.006155916739E-20,0.999510048898,
    -3.129955513418E-02));
#2865 = DIRECTION('',(0.972799174228,7.250544927632E-03,0.231536598015)
  );
#2866 = PCURVE('',#168,#2867);
#2867 = DEFINITIONAL_REPRESENTATION('',(#2868),#2872);
#2868 = CIRCLE('',#2869,112.60250594613);
#2869 = AXIS2_PLACEMENT_2D('',#2870,#2871);
#2870 = CARTESIAN_POINT('',(0.,0.));
#2871 = DIRECTION('',(0.999880688306,1.54469787269E-02));
#2872 = ( GEOMETRIC_REPRESENTATION_CONTEXT(2) 
PARAMETRIC_REPRESENTATION_CONTEXT() REPRESENTATION_CONTEXT('2D SPACE',''
  ) );
#2873 = PCURVE('',#2874,#2879);
#2874 = CYLINDRICAL_SURFACE('',#2875,112.60250594613);
#2875 = AXIS2_PLACEMENT_3D('',#2876,#2877,#2878);
#2876 = CARTESIAN_POINT('',(-94.10250594613,3.998040195593,
    -24.08720013349));
#2877 = DIRECTION('',(0.,0.999510048898,-3.129955513418E-02));
#2878 = DIRECTION('',(0.972799174228,7.250544927632E-03,0.231536598015)
  );
#2879 = DEFINITIONAL_REPRESENTATION('',(#2880),#2884);
#2880 = LINE('',#2881,#2882);
#2881 = CARTESIAN_POINT('',(9.592508433212E-18,1.25));
#2882 = VECTOR('',#2883,1.);
#2883 = DIRECTION('',(1.,0.));
#2884 = ( GEOMETRIC_REPRESENTATION_CONTEXT(2) 
PARAMETRIC_REPRESENTATION_CONTEXT() REPRESENTATION_CONTEXT('2D SPACE',''
  ) );
#2885 = ORIENTED_EDGE('',*,*,#2886,.T.);
#2886 = EDGE_CURVE('',#2858,#2803,#2887,.T.);
#2887 = SURFACE_CURVE('',#2888,(#2892,#2898),.PCURVE_S1.);
#2888 = LINE('',#2889,#2890);
#2889 = CARTESIAN_POINT('',(-41.8490970686,5.009976582165,
    -31.70901494054));
#2890 = VECTOR('',#2891,1.);
#2891 = DIRECTION('',(-0.989624411076,4.49707461813E-03,0.143608152007)
  );
#2892 = PCURVE('',#168,#2893);
#2893 = DEFINITIONAL_REPRESENTATION('',(#2894),#2897);
#2894 = B_SPLINE_CURVE_WITH_KNOTS('',1,(#2895,#2896),.UNSPECIFIED.,.F.,
  .F.,(2,2),(-59.80125297306,-45.80125297306),.PIECEWISE_BEZIER_KNOTS.);
#2895 = CARTESIAN_POINT('',(104.00097758896,43.1638854355));
#2896 = CARTESIAN_POINT('',(91.070415573392,37.79726955942));
#2897 = ( GEOMETRIC_REPRESENTATION_CONTEXT(2) 
PARAMETRIC_REPRESENTATION_CONTEXT() REPRESENTATION_CONTEXT('2D SPACE',''
  ) );
#2898 = PCURVE('',#2899,#2904);
#2899 = PLANE('',#2900);
#2900 = AXIS2_PLACEMENT_3D('',#2901,#2902,#2903);
#2901 = CARTESIAN_POINT('',(10.404311808929,3.523137846491,
    -39.25258085975));
#2902 = DIRECTION('',(0.14367854747,3.097480381659E-02,0.989139543505));
#2903 = DIRECTION('',(0.989624411076,-4.49707461813E-03,-0.143608152007)
  );
#2904 = DEFINITIONAL_REPRESENTATION('',(#2905),#2908);
#2905 = B_SPLINE_CURVE_WITH_KNOTS('',1,(#2906,#2907),.UNSPECIFIED.,.F.,
  .F.,(2,2),(-59.80125297306,-45.80125297306),.PIECEWISE_BEZIER_KNOTS.);
#2906 = CARTESIAN_POINT('',(7.,1.25));
#2907 = CARTESIAN_POINT('',(-7.,1.25));
#2908 = ( GEOMETRIC_REPRESENTATION_CONTEXT(2) 
PARAMETRIC_REPRESENTATION_CONTEXT() REPRESENTATION_CONTEXT('2D SPACE',''
  ) );
#2909 = ADVANCED_FACE('',(#2910),#2874,.F.);
#2910 = FACE_BOUND('',#2911,.F.);
#2911 = EDGE_LOOP('',(#2912,#2935,#2964,#2992,#3021,#3049,#3078,#3106,
    #3135,#3163,#3192,#3220,#3244,#3265));
#2912 = ORIENTED_EDGE('',*,*,#2913,.F.);
#2913 = EDGE_CURVE('',#2914,#2832,#2916,.T.);
#2914 = VERTEX_POINT('',#2915);
#2915 = CARTESIAN_POINT('',(15.437118854218,1.566062065,2.086124575441)
  );
#2916 = SURFACE_CURVE('',#2917,(#2921,#2928),.PCURVE_S1.);
#2917 = LINE('',#2918,#2919);
#2918 = CARTESIAN_POINT('',(15.437118854218,4.814469723919,
    1.984401021255));
#2919 = VECTOR('',#2920,1.);
#2920 = DIRECTION('',(0.,0.999510048898,-3.129955513418E-02));
#2921 = PCURVE('',#2874,#2922);
#2922 = DEFINITIONAL_REPRESENTATION('',(#2923),#2927);
#2923 = LINE('',#2924,#2925);
#2924 = CARTESIAN_POINT('',(0.,0.));
#2925 = VECTOR('',#2926,1.);
#2926 = DIRECTION('',(0.,1.));
#2927 = ( GEOMETRIC_REPRESENTATION_CONTEXT(2) 
PARAMETRIC_REPRESENTATION_CONTEXT() REPRESENTATION_CONTEXT('2D SPACE',''
  ) );
#2928 = PCURVE('',#2846,#2929);
#2929 = DEFINITIONAL_REPRESENTATION('',(#2930),#2934);
#2930 = LINE('',#2931,#2932);
#2931 = CARTESIAN_POINT('',(7.,0.));
#2932 = VECTOR('',#2933,1.);
#2933 = DIRECTION('',(0.,1.));
#2934 = ( GEOMETRIC_REPRESENTATION_CONTEXT(2) 
PARAMETRIC_REPRESENTATION_CONTEXT() REPRESENTATION_CONTEXT('2D SPACE',''
  ) );
#2935 = ORIENTED_EDGE('',*,*,#2936,.T.);
#2936 = EDGE_CURVE('',#2914,#2937,#2939,.T.);
#2937 = VERTEX_POINT('',#2938);
#2938 = CARTESIAN_POINT('',(18.232061895855,0.992621151599,
    -16.22595535467));
#2939 = SURFACE_CURVE('',#2940,(#2945,#2952),.PCURVE_S1.);
#2940 = CIRCLE('',#2941,112.60250594613);
#2941 = AXIS2_PLACEMENT_3D('',#2942,#2943,#2944);
#2942 = CARTESIAN_POINT('',(-94.10250594613,0.749632536674,
    -23.98547657931));
#2943 = DIRECTION('',(-7.951162755377E-21,0.999510048898,
    -3.129955513418E-02));
#2944 = DIRECTION('',(0.972799174228,7.250544927632E-03,0.231536598015)
  );
#2945 = PCURVE('',#2874,#2946);
#2946 = DEFINITIONAL_REPRESENTATION('',(#2947),#2951);
#2947 = LINE('',#2948,#2949);
#2948 = CARTESIAN_POINT('',(0.,-3.25));
#2949 = VECTOR('',#2950,1.);
#2950 = DIRECTION('',(1.,0.));
#2951 = ( GEOMETRIC_REPRESENTATION_CONTEXT(2) 
PARAMETRIC_REPRESENTATION_CONTEXT() REPRESENTATION_CONTEXT('2D SPACE',''
  ) );
#2952 = PCURVE('',#2953,#2958);
#2953 = PLANE('',#2954);
#2954 = AXIS2_PLACEMENT_3D('',#2955,#2956,#2957);
#2955 = CARTESIAN_POINT('',(-94.10250594613,0.749632536674,
    -23.98547657931));
#2956 = DIRECTION('',(0.,0.999510048898,-3.129955513418E-02));
#2957 = DIRECTION('',(0.972799174228,7.250544927632E-03,0.231536598015)
  );
#2958 = DEFINITIONAL_REPRESENTATION('',(#2959),#2963);
#2959 = CIRCLE('',#2960,112.60250594613);
#2960 = AXIS2_PLACEMENT_2D('',#2961,#2962);
#2961 = CARTESIAN_POINT('',(0.,0.));
#2962 = DIRECTION('',(1.,2.563512987363E-17));
#2963 = ( GEOMETRIC_REPRESENTATION_CONTEXT(2) 
PARAMETRIC_REPRESENTATION_CONTEXT() REPRESENTATION_CONTEXT('2D SPACE',''
  ) );
#2964 = ORIENTED_EDGE('',*,*,#2965,.T.);
#2965 = EDGE_CURVE('',#2937,#2966,#2968,.T.);
#2966 = VERTEX_POINT('',#2967);
#2967 = CARTESIAN_POINT('',(18.232061895855,3.991151298293,
    -16.31985402007));
#2968 = SURFACE_CURVE('',#2969,(#2973,#2980),.PCURVE_S1.);
#2969 = LINE('',#2970,#2971);
#2970 = CARTESIAN_POINT('',(18.232061895855,2.491886224946,
    -16.27290468737));
#2971 = VECTOR('',#2972,1.);
#2972 = DIRECTION('',(0.,0.999510048898,-3.129955513418E-02));
#2973 = PCURVE('',#2874,#2974);
#2974 = DEFINITIONAL_REPRESENTATION('',(#2975),#2979);
#2975 = LINE('',#2976,#2977);
#2976 = CARTESIAN_POINT('',(0.164774326307,-1.75));
#2977 = VECTOR('',#2978,1.);
#2978 = DIRECTION('',(0.,1.));
#2979 = ( GEOMETRIC_REPRESENTATION_CONTEXT(2) 
PARAMETRIC_REPRESENTATION_CONTEXT() REPRESENTATION_CONTEXT('2D SPACE',''
  ) );
#2980 = PCURVE('',#2981,#2986);
#2981 = PLANE('',#2982);
#2982 = AXIS2_PLACEMENT_3D('',#2983,#2984,#2985);
#2983 = CARTESIAN_POINT('',(11.248718423286,2.476780696963,
    -16.75527981851));
#2984 = DIRECTION('',(-6.894451245988E-02,3.122507772008E-02,
    0.99713171082));
#2985 = DIRECTION('',(0.997620496081,2.157932568937E-03,
    6.891073302004E-02));
#2986 = DEFINITIONAL_REPRESENTATION('',(#2987),#2991);
#2987 = LINE('',#2988,#2989);
#2988 = CARTESIAN_POINT('',(7.,0.));
#2989 = VECTOR('',#2990,1.);
#2990 = DIRECTION('',(0.,1.));
#2991 = ( GEOMETRIC_REPRESENTATION_CONTEXT(2) 
PARAMETRIC_REPRESENTATION_CONTEXT() REPRESENTATION_CONTEXT('2D SPACE',''
  ) );
#2992 = ORIENTED_EDGE('',*,*,#2993,.T.);
#2993 = EDGE_CURVE('',#2966,#2994,#2996,.T.);
#2994 = VERTEX_POINT('',#2995);
#2995 = CARTESIAN_POINT('',(18.29220858952,3.962175871625,
    -17.24514608897));
#2996 = SURFACE_CURVE('',#2997,(#3002,#3009),.PCURVE_S1.);
#2997 = CIRCLE('',#2998,112.60250594613);
#2998 = AXIS2_PLACEMENT_3D('',#2999,#3000,#3001);
#2999 = CARTESIAN_POINT('',(-94.10250594613,3.748162683368,
    -24.07937524471));
#3000 = DIRECTION('',(-4.219869890238E-21,0.999510048898,
    -3.129955513418E-02));
#3001 = DIRECTION('',(0.997620496081,2.157932568937E-03,
    6.891073302004E-02));
#3002 = PCURVE('',#2874,#3003);
#3003 = DEFINITIONAL_REPRESENTATION('',(#3004),#3008);
#3004 = LINE('',#3005,#3006);
#3005 = CARTESIAN_POINT('',(0.164774326307,-0.25));
#3006 = VECTOR('',#3007,1.);
#3007 = DIRECTION('',(1.,0.));
#3008 = ( GEOMETRIC_REPRESENTATION_CONTEXT(2) 
PARAMETRIC_REPRESENTATION_CONTEXT() REPRESENTATION_CONTEXT('2D SPACE',''
  ) );
#3009 = PCURVE('',#3010,#3015);
#3010 = PLANE('',#3011);
#3011 = AXIS2_PLACEMENT_3D('',#3012,#3013,#3014);
#3012 = CARTESIAN_POINT('',(-94.10250594613,3.748162683368,
    -24.07937524471));
#3013 = DIRECTION('',(0.,0.999510048898,-3.129955513418E-02));
#3014 = DIRECTION('',(0.997620496081,2.157932568937E-03,
    6.891073302004E-02));
#3015 = DEFINITIONAL_REPRESENTATION('',(#3016),#3020);
#3016 = CIRCLE('',#3017,112.60250594613);
#3017 = AXIS2_PLACEMENT_2D('',#3018,#3019);
#3018 = CARTESIAN_POINT('',(0.,0.));
#3019 = DIRECTION('',(1.,3.155092907524E-17));
#3020 = ( GEOMETRIC_REPRESENTATION_CONTEXT(2) 
PARAMETRIC_REPRESENTATION_CONTEXT() REPRESENTATION_CONTEXT('2D SPACE',''
  ) );
#3021 = ORIENTED_EDGE('',*,*,#3022,.F.);
#3022 = EDGE_CURVE('',#3023,#2994,#3025,.T.);
#3023 = VERTEX_POINT('',#3024);
#3024 = CARTESIAN_POINT('',(18.29220858952,3.762273861846,
    -17.23888617794));
#3025 = SURFACE_CURVE('',#3026,(#3030,#3037),.PCURVE_S1.);
#3026 = LINE('',#3027,#3028);
#3027 = CARTESIAN_POINT('',(18.29220858952,2.462910798278,
    -17.19819675627));
#3028 = VECTOR('',#3029,1.);
#3029 = DIRECTION('',(0.,0.999510048898,-3.129955513418E-02));
#3030 = PCURVE('',#2874,#3031);
#3031 = DEFINITIONAL_REPRESENTATION('',(#3032),#3036);
#3032 = LINE('',#3033,#3034);
#3033 = CARTESIAN_POINT('',(0.173013042622,-1.75));
#3034 = VECTOR('',#3035,1.);
#3035 = DIRECTION('',(0.,1.));
#3036 = ( GEOMETRIC_REPRESENTATION_CONTEXT(2) 
PARAMETRIC_REPRESENTATION_CONTEXT() REPRESENTATION_CONTEXT('2D SPACE',''
  ) );
#3037 = PCURVE('',#3038,#3043);
#3038 = PLANE('',#3039);
#3039 = AXIS2_PLACEMENT_3D('',#3040,#3041,#3042);
#3040 = CARTESIAN_POINT('',(11.305126062903,2.449606544476,
    -17.62305057003));
#3041 = DIRECTION('',(-6.072315334164E-02,3.124179639556E-02,
    0.997665599691));
#3042 = DIRECTION('',(0.99815464666,1.900607685938E-03,
    6.069340196575E-02));
#3043 = DEFINITIONAL_REPRESENTATION('',(#3044),#3048);
#3044 = LINE('',#3045,#3046);
#3045 = CARTESIAN_POINT('',(7.,0.));
#3046 = VECTOR('',#3047,1.);
#3047 = DIRECTION('',(0.,1.));
#3048 = ( GEOMETRIC_REPRESENTATION_CONTEXT(2) 
PARAMETRIC_REPRESENTATION_CONTEXT() REPRESENTATION_CONTEXT('2D SPACE',''
  ) );
#3049 = ORIENTED_EDGE('',*,*,#3050,.T.);
#3050 = EDGE_CURVE('',#3023,#3051,#3053,.T.);
#3051 = VERTEX_POINT('',#3052);
#3052 = CARTESIAN_POINT('',(18.384418526775,3.7079073306,-18.97500971295
    ));
#3053 = SURFACE_CURVE('',#3054,(#3059,#3066),.PCURVE_S1.);
#3054 = CIRCLE('',#3055,112.60250594613);
#3055 = AXIS2_PLACEMENT_3D('',#3056,#3057,#3058);
#3056 = CARTESIAN_POINT('',(-94.10250594613,3.548260673588,
    -24.07311533368));
#3057 = DIRECTION('',(-1.212564804542E-20,0.999510048898,
    -3.129955513418E-02));
#3058 = DIRECTION('',(0.99815464666,1.900607685938E-03,
    6.069340196575E-02));
#3059 = PCURVE('',#2874,#3060);
#3060 = DEFINITIONAL_REPRESENTATION('',(#3061),#3065);
#3061 = LINE('',#3062,#3063);
#3062 = CARTESIAN_POINT('',(0.173013042622,-0.45));
#3063 = VECTOR('',#3064,1.);
#3064 = DIRECTION('',(1.,0.));
#3065 = ( GEOMETRIC_REPRESENTATION_CONTEXT(2) 
PARAMETRIC_REPRESENTATION_CONTEXT() REPRESENTATION_CONTEXT('2D SPACE',''
  ) );
#3066 = PCURVE('',#3067,#3072);
#3067 = PLANE('',#3068);
#3068 = AXIS2_PLACEMENT_3D('',#3069,#3070,#3071);
#3069 = CARTESIAN_POINT('',(-94.10250594613,3.548260673588,
    -24.07311533368));
#3070 = DIRECTION('',(0.,0.999510048898,-3.129955513418E-02));
#3071 = DIRECTION('',(0.99815464666,1.900607685938E-03,
    6.069340196575E-02));
#3072 = DEFINITIONAL_REPRESENTATION('',(#3073),#3077);
#3073 = CIRCLE('',#3074,112.60250594613);
#3074 = AXIS2_PLACEMENT_2D('',#3075,#3076);
#3075 = CARTESIAN_POINT('',(0.,0.));
#3076 = DIRECTION('',(1.,3.155092907524E-17));
#3077 = ( GEOMETRIC_REPRESENTATION_CONTEXT(2) 
PARAMETRIC_REPRESENTATION_CONTEXT() REPRESENTATION_CONTEXT('2D SPACE',''
  ) );
#3078 = ORIENTED_EDGE('',*,*,#3079,.F.);
#3079 = EDGE_CURVE('',#3080,#3051,#3082,.T.);
#3080 = VERTEX_POINT('',#3081);
#3081 = CARTESIAN_POINT('',(18.384418526775,0.909279193685,
    -18.88737095857));
#3082 = SURFACE_CURVE('',#3083,(#3087,#3094),.PCURVE_S1.);
#3083 = LINE('',#3084,#3085);
#3084 = CARTESIAN_POINT('',(18.384418526775,2.308593262143,
    -18.93119033576));
#3085 = VECTOR('',#3086,1.);
#3086 = DIRECTION('',(0.,0.999510048898,-3.129955513418E-02));
#3087 = PCURVE('',#2874,#3088);
#3088 = DEFINITIONAL_REPRESENTATION('',(#3089),#3093);
#3089 = LINE('',#3090,#3091);
#3090 = CARTESIAN_POINT('',(0.188460635714,-1.85));
#3091 = VECTOR('',#3092,1.);
#3092 = DIRECTION('',(0.,1.));
#3093 = ( GEOMETRIC_REPRESENTATION_CONTEXT(2) 
PARAMETRIC_REPRESENTATION_CONTEXT() REPRESENTATION_CONTEXT('2D SPACE',''
  ) );
#3094 = PCURVE('',#3095,#3100);
#3095 = PLANE('',#3096);
#3096 = AXIS2_PLACEMENT_3D('',#3097,#3098,#3099);
#3097 = CARTESIAN_POINT('',(17.635188368478,2.307529919975,
    -18.96514676669));
#3098 = DIRECTION('',(-4.529743476627E-02,3.126742753041E-02,
    0.998484096207));
#3099 = DIRECTION('',(0.998973544396,1.417789556904E-03,
    4.527524123819E-02));
#3100 = DEFINITIONAL_REPRESENTATION('',(#3101),#3105);
#3101 = LINE('',#3102,#3103);
#3102 = CARTESIAN_POINT('',(0.75,0.));
#3103 = VECTOR('',#3104,1.);
#3104 = DIRECTION('',(0.,1.));
#3105 = ( GEOMETRIC_REPRESENTATION_CONTEXT(2) 
PARAMETRIC_REPRESENTATION_CONTEXT() REPRESENTATION_CONTEXT('2D SPACE',''
  ) );
#3106 = ORIENTED_EDGE('',*,*,#3107,.T.);
#3107 = EDGE_CURVE('',#3080,#3108,#3110,.T.);
#3108 = VERTEX_POINT('',#3109);
#3109 = CARTESIAN_POINT('',(17.61242415737,0.307988452165,
    -38.08879845116));
#3110 = SURFACE_CURVE('',#3111,(#3116,#3123),.PCURVE_S1.);
#3111 = CIRCLE('',#3112,112.60250594613);
#3112 = AXIS2_PLACEMENT_3D('',#3113,#3114,#3115);
#3113 = CARTESIAN_POINT('',(-94.10250594613,0.749632536674,
    -23.98547657931));
#3114 = DIRECTION('',(-7.951162755377E-21,0.999510048898,
    -3.129955513418E-02));
#3115 = DIRECTION('',(0.972799174228,7.250544927632E-03,0.231536598015)
  );
#3116 = PCURVE('',#2874,#3117);
#3117 = DEFINITIONAL_REPRESENTATION('',(#3118),#3122);
#3118 = LINE('',#3119,#3120);
#3119 = CARTESIAN_POINT('',(0.,-3.25));
#3120 = VECTOR('',#3121,1.);
#3121 = DIRECTION('',(1.,0.));
#3122 = ( GEOMETRIC_REPRESENTATION_CONTEXT(2) 
PARAMETRIC_REPRESENTATION_CONTEXT() REPRESENTATION_CONTEXT('2D SPACE',''
  ) );
#3123 = PCURVE('',#3124,#3129);
#3124 = PLANE('',#3125);
#3125 = AXIS2_PLACEMENT_3D('',#3126,#3127,#3128);
#3126 = CARTESIAN_POINT('',(-94.10250594613,0.749632536674,
    -23.98547657931));
#3127 = DIRECTION('',(0.,0.999510048898,-3.129955513418E-02));
#3128 = DIRECTION('',(0.972799174228,7.250544927632E-03,0.231536598015)
  );
#3129 = DEFINITIONAL_REPRESENTATION('',(#3130),#3134);
#3130 = CIRCLE('',#3131,112.60250594613);
#3131 = AXIS2_PLACEMENT_2D('',#3132,#3133);
#3132 = CARTESIAN_POINT('',(0.,0.));
#3133 = DIRECTION('',(1.,2.563512987363E-17));
#3134 = ( GEOMETRIC_REPRESENTATION_CONTEXT(2) 
PARAMETRIC_REPRESENTATION_CONTEXT() REPRESENTATION_CONTEXT('2D SPACE',''
  ) );
#3135 = ORIENTED_EDGE('',*,*,#3136,.T.);
#3136 = EDGE_CURVE('',#3108,#3137,#3139,.T.);
#3137 = VERTEX_POINT('',#3138);
#3138 = CARTESIAN_POINT('',(17.61242415737,3.10661658908,-38.17643720553
    ));
#3139 = SURFACE_CURVE('',#3140,(#3144,#3151),.PCURVE_S1.);
#3140 = LINE('',#3141,#3142);
#3141 = CARTESIAN_POINT('',(17.61242415737,1.707302520622,
    -38.13261782834));
#3142 = VECTOR('',#3143,1.);
#3143 = DIRECTION('',(0.,0.999510048898,-3.129955513418E-02));
#3144 = PCURVE('',#2874,#3145);
#3145 = DEFINITIONAL_REPRESENTATION('',(#3146),#3150);
#3146 = LINE('',#3147,#3148);
#3147 = CARTESIAN_POINT('',(0.359413999257,-1.85));
#3148 = VECTOR('',#3149,1.);
#3149 = DIRECTION('',(0.,1.));
#3150 = ( GEOMETRIC_REPRESENTATION_CONTEXT(2) 
PARAMETRIC_REPRESENTATION_CONTEXT() REPRESENTATION_CONTEXT('2D SPACE',''
  ) );
#3151 = PCURVE('',#3152,#3157);
#3152 = PLANE('',#3153);
#3153 = AXIS2_PLACEMENT_3D('',#3154,#3155,#3156);
#3154 = CARTESIAN_POINT('',(16.868335943048,1.710244134227,
    -38.03868127413));
#3155 = DIRECTION('',(0.125310134784,3.105284011848E-02,0.991631529975)
  );
#3156 = DIRECTION('',(0.992117619096,-3.922151472544E-03,-0.125248738945
    ));
#3157 = DEFINITIONAL_REPRESENTATION('',(#3158),#3162);
#3158 = LINE('',#3159,#3160);
#3159 = CARTESIAN_POINT('',(0.75,0.));
#3160 = VECTOR('',#3161,1.);
#3161 = DIRECTION('',(0.,1.));
#3162 = ( GEOMETRIC_REPRESENTATION_CONTEXT(2) 
PARAMETRIC_REPRESENTATION_CONTEXT() REPRESENTATION_CONTEXT('2D SPACE',''
  ) );
#3163 = ORIENTED_EDGE('',*,*,#3164,.T.);
#3164 = EDGE_CURVE('',#3137,#3165,#3167,.T.);
#3165 = VERTEX_POINT('',#3166);
#3166 = CARTESIAN_POINT('',(17.381134756945,3.052656950013,
    -39.89956717499));
#3167 = SURFACE_CURVE('',#3168,(#3173,#3180),.PCURVE_S1.);
#3168 = CIRCLE('',#3169,112.60250594613);
#3169 = AXIS2_PLACEMENT_3D('',#3170,#3171,#3172);
#3170 = CARTESIAN_POINT('',(-94.10250594613,3.548260673588,
    -24.07311533368));
#3171 = DIRECTION('',(-1.257586312666E-19,0.999510048898,
    -3.129955513418E-02));
#3172 = DIRECTION('',(0.992117619096,-3.922151472544E-03,-0.125248738945
    ));
#3173 = PCURVE('',#2874,#3174);
#3174 = DEFINITIONAL_REPRESENTATION('',(#3175),#3179);
#3175 = LINE('',#3176,#3177);
#3176 = CARTESIAN_POINT('',(0.359413999257,-0.45));
#3177 = VECTOR('',#3178,1.);
#3178 = DIRECTION('',(1.,0.));
#3179 = ( GEOMETRIC_REPRESENTATION_CONTEXT(2) 
PARAMETRIC_REPRESENTATION_CONTEXT() REPRESENTATION_CONTEXT('2D SPACE',''
  ) );
#3180 = PCURVE('',#3181,#3186);
#3181 = PLANE('',#3182);
#3182 = AXIS2_PLACEMENT_3D('',#3183,#3184,#3185);
#3183 = CARTESIAN_POINT('',(-94.10250594613,3.548260673588,
    -24.07311533368));
#3184 = DIRECTION('',(0.,0.999510048898,-3.129955513418E-02));
#3185 = DIRECTION('',(0.992117619096,-3.922151472544E-03,-0.125248738945
    ));
#3186 = DEFINITIONAL_REPRESENTATION('',(#3187),#3191);
#3187 = CIRCLE('',#3188,112.60250594613);
#3188 = AXIS2_PLACEMENT_2D('',#3189,#3190);
#3189 = CARTESIAN_POINT('',(0.,0.));
#3190 = DIRECTION('',(1.,-6.310185815047E-17));
#3191 = ( GEOMETRIC_REPRESENTATION_CONTEXT(2) 
PARAMETRIC_REPRESENTATION_CONTEXT() REPRESENTATION_CONTEXT('2D SPACE',''
  ) );
#3192 = ORIENTED_EDGE('',*,*,#3193,.F.);
#3193 = EDGE_CURVE('',#3194,#3165,#3196,.T.);
#3194 = VERTEX_POINT('',#3195);
#3195 = CARTESIAN_POINT('',(17.381134756945,0.254028813098,
    -39.81192842061));
#3196 = SURFACE_CURVE('',#3197,(#3201,#3208),.PCURVE_S1.);
#3197 = LINE('',#3198,#3199);
#3198 = CARTESIAN_POINT('',(17.381134756945,1.653342881555,
    -39.8557477978));
#3199 = VECTOR('',#3200,1.);
#3200 = DIRECTION('',(0.,0.999510048898,-3.129955513418E-02));
#3201 = PCURVE('',#2874,#3202);
#3202 = DEFINITIONAL_REPRESENTATION('',(#3203),#3207);
#3203 = LINE('',#3204,#3205);
#3204 = CARTESIAN_POINT('',(0.374861592349,-1.85));
#3205 = VECTOR('',#3206,1.);
#3206 = DIRECTION('',(0.,1.));
#3207 = ( GEOMETRIC_REPRESENTATION_CONTEXT(2) 
PARAMETRIC_REPRESENTATION_CONTEXT() REPRESENTATION_CONTEXT('2D SPACE',''
  ) );
#3208 = PCURVE('',#3209,#3214);
#3209 = PLANE('',#3210);
#3210 = AXIS2_PLACEMENT_3D('',#3211,#3212,#3213);
#3211 = CARTESIAN_POINT('',(16.638587068288,1.656643898611,
    -39.75033416796));
#3212 = DIRECTION('',(0.140620403576,3.098854976117E-02,0.989578502132)
  );
#3213 = DIRECTION('',(0.990063584876,-4.401356074729E-03,-0.140551506455
    ));
#3214 = DEFINITIONAL_REPRESENTATION('',(#3215),#3219);
#3215 = LINE('',#3216,#3217);
#3216 = CARTESIAN_POINT('',(0.75,0.));
#3217 = VECTOR('',#3218,1.);
#3218 = DIRECTION('',(0.,1.));
#3219 = ( GEOMETRIC_REPRESENTATION_CONTEXT(2) 
PARAMETRIC_REPRESENTATION_CONTEXT() REPRESENTATION_CONTEXT('2D SPACE',''
  ) );
#3220 = ORIENTED_EDGE('',*,*,#3221,.T.);
#3221 = EDGE_CURVE('',#3194,#3222,#3224,.T.);
#3222 = VERTEX_POINT('',#3223);
#3223 = CARTESIAN_POINT('',(17.331682686459,0.243250665245,
    -40.15611436961));
#3224 = SURFACE_CURVE('',#3225,(#3230,#3237),.PCURVE_S1.);
#3225 = CIRCLE('',#3226,112.60250594613);
#3226 = AXIS2_PLACEMENT_3D('',#3227,#3228,#3229);
#3227 = CARTESIAN_POINT('',(-94.10250594613,0.749632536674,
    -23.98547657931));
#3228 = DIRECTION('',(-7.951162755377E-21,0.999510048898,
    -3.129955513418E-02));
#3229 = DIRECTION('',(0.972799174228,7.250544927632E-03,0.231536598015)
  );
#3230 = PCURVE('',#2874,#3231);
#3231 = DEFINITIONAL_REPRESENTATION('',(#3232),#3236);
#3232 = LINE('',#3233,#3234);
#3233 = CARTESIAN_POINT('',(0.,-3.25));
#3234 = VECTOR('',#3235,1.);
#3235 = DIRECTION('',(1.,0.));
#3236 = ( GEOMETRIC_REPRESENTATION_CONTEXT(2) 
PARAMETRIC_REPRESENTATION_CONTEXT() REPRESENTATION_CONTEXT('2D SPACE',''
  ) );
#3237 = PCURVE('',#3124,#3238);
#3238 = DEFINITIONAL_REPRESENTATION('',(#3239),#3243);
#3239 = CIRCLE('',#3240,112.60250594613);
#3240 = AXIS2_PLACEMENT_2D('',#3241,#3242);
#3241 = CARTESIAN_POINT('',(0.,0.));
#3242 = DIRECTION('',(1.,2.563512987363E-17));
#3243 = ( GEOMETRIC_REPRESENTATION_CONTEXT(2) 
PARAMETRIC_REPRESENTATION_CONTEXT() REPRESENTATION_CONTEXT('2D SPACE',''
  ) );
#3244 = ORIENTED_EDGE('',*,*,#3245,.T.);
#3245 = EDGE_CURVE('',#3222,#2858,#3246,.T.);
#3246 = SURFACE_CURVE('',#3247,(#3251,#3258),.PCURVE_S1.);
#3247 = LINE('',#3248,#3249);
#3248 = CARTESIAN_POINT('',(17.331682686459,3.491658324164,
    -40.2578379238));
#3249 = VECTOR('',#3250,1.);
#3250 = DIRECTION('',(0.,0.999510048898,-3.129955513418E-02));
#3251 = PCURVE('',#2874,#3252);
#3252 = DEFINITIONAL_REPRESENTATION('',(#3253),#3257);
#3253 = LINE('',#3254,#3255);
#3254 = CARTESIAN_POINT('',(0.377951110967,0.));
#3255 = VECTOR('',#3256,1.);
#3256 = DIRECTION('',(0.,1.));
#3257 = ( GEOMETRIC_REPRESENTATION_CONTEXT(2) 
PARAMETRIC_REPRESENTATION_CONTEXT() REPRESENTATION_CONTEXT('2D SPACE',''
  ) );
#3258 = PCURVE('',#2899,#3259);
#3259 = DEFINITIONAL_REPRESENTATION('',(#3260),#3264);
#3260 = LINE('',#3261,#3262);
#3261 = CARTESIAN_POINT('',(7.,0.));
#3262 = VECTOR('',#3263,1.);
#3263 = DIRECTION('',(0.,1.));
#3264 = ( GEOMETRIC_REPRESENTATION_CONTEXT(2) 
PARAMETRIC_REPRESENTATION_CONTEXT() REPRESENTATION_CONTEXT('2D SPACE',''
  ) );
#3265 = ORIENTED_EDGE('',*,*,#2857,.F.);
#3266 = ADVANCED_FACE('',(#3267),#2953,.T.);
#3267 = FACE_BOUND('',#3268,.F.);
#3268 = EDGE_LOOP('',(#3269,#3294,#3318,#3339,#3340,#3363,#3400,#3426));
#3269 = ORIENTED_EDGE('',*,*,#3270,.F.);
#3270 = EDGE_CURVE('',#3271,#3273,#3275,.T.);
#3271 = VERTEX_POINT('',#3272);
#3272 = CARTESIAN_POINT('',(1.817930415032,1.464554436013,
    -1.155387796772));
#3273 = VERTEX_POINT('',#3274);
#3274 = CARTESIAN_POINT('',(3.114586818259,1.474218779648,
    -0.846769717777));
#3275 = SURFACE_CURVE('',#3276,(#3280,#3287),.PCURVE_S1.);
#3276 = LINE('',#3277,#3278);
#3277 = CARTESIAN_POINT('',(8.627524634625,1.515308250507,0.465368389335
    ));
#3278 = VECTOR('',#3279,1.);
#3279 = DIRECTION('',(0.972799174228,7.250544927632E-03,0.231536598015)
  );
#3280 = PCURVE('',#2953,#3281);
#3281 = DEFINITIONAL_REPRESENTATION('',(#3282),#3286);
#3282 = LINE('',#3283,#3284);
#3283 = CARTESIAN_POINT('',(105.60250594613,3.10862446895E-15));
#3284 = VECTOR('',#3285,1.);
#3285 = DIRECTION('',(1.,4.516366822151E-17));
#3286 = ( GEOMETRIC_REPRESENTATION_CONTEXT(2) 
PARAMETRIC_REPRESENTATION_CONTEXT() REPRESENTATION_CONTEXT('2D SPACE',''
  ) );
#3287 = PCURVE('',#2846,#3288);
#3288 = DEFINITIONAL_REPRESENTATION('',(#3289),#3293);
#3289 = LINE('',#3290,#3291);
#3290 = CARTESIAN_POINT('',(0.,-3.25));
#3291 = VECTOR('',#3292,1.);
#3292 = DIRECTION('',(1.,0.));
#3293 = ( GEOMETRIC_REPRESENTATION_CONTEXT(2) 
PARAMETRIC_REPRESENTATION_CONTEXT() REPRESENTATION_CONTEXT('2D SPACE',''
  ) );
#3294 = ORIENTED_EDGE('',*,*,#3295,.T.);
#3295 = EDGE_CURVE('',#3271,#3296,#3298,.T.);
#3296 = VERTEX_POINT('',#3297);
#3297 = CARTESIAN_POINT('',(4.265374950716,0.962410095634,
    -17.19070561695));
#3298 = SURFACE_CURVE('',#3299,(#3304,#3311),.PCURVE_S1.);
#3299 = CIRCLE('',#3300,98.602505946136);
#3300 = AXIS2_PLACEMENT_3D('',#3301,#3302,#3303);
#3301 = CARTESIAN_POINT('',(-94.10250594613,0.749632536674,
    -23.98547657931));
#3302 = DIRECTION('',(4.006155916739E-20,0.999510048898,
    -3.129955513418E-02));
#3303 = DIRECTION('',(0.972799174228,7.250544927632E-03,0.231536598015)
  );
#3304 = PCURVE('',#2953,#3305);
#3305 = DEFINITIONAL_REPRESENTATION('',(#3306),#3310);
#3306 = CIRCLE('',#3307,98.602505946136);
#3307 = AXIS2_PLACEMENT_2D('',#3308,#3309);
#3308 = CARTESIAN_POINT('',(0.,0.));
#3309 = DIRECTION('',(1.,2.702299737246E-17));
#3310 = ( GEOMETRIC_REPRESENTATION_CONTEXT(2) 
PARAMETRIC_REPRESENTATION_CONTEXT() REPRESENTATION_CONTEXT('2D SPACE',''
  ) );
#3311 = PCURVE('',#2819,#3312);
#3312 = DEFINITIONAL_REPRESENTATION('',(#3313),#3317);
#3313 = LINE('',#3314,#3315);
#3314 = CARTESIAN_POINT('',(0.,-3.25));
#3315 = VECTOR('',#3316,1.);
#3316 = DIRECTION('',(1.,0.));
#3317 = ( GEOMETRIC_REPRESENTATION_CONTEXT(2) 
PARAMETRIC_REPRESENTATION_CONTEXT() REPRESENTATION_CONTEXT('2D SPACE',''
  ) );
#3318 = ORIENTED_EDGE('',*,*,#3319,.T.);
#3319 = EDGE_CURVE('',#3296,#2937,#3320,.T.);
#3320 = SURFACE_CURVE('',#3321,(#3325,#3332),.PCURVE_S1.);
#3321 = LINE('',#3322,#3323);
#3322 = CARTESIAN_POINT('',(11.248718423286,0.977515623616,
    -16.70833048581));
#3323 = VECTOR('',#3324,1.);
#3324 = DIRECTION('',(0.997620496081,2.157932568937E-03,
    6.891073302004E-02));
#3325 = PCURVE('',#2953,#3326);
#3326 = DEFINITIONAL_REPRESENTATION('',(#3327),#3331);
#3327 = LINE('',#3328,#3329);
#3328 = CARTESIAN_POINT('',(104.17216199674,17.321949284879));
#3329 = VECTOR('',#3330,1.);
#3330 = DIRECTION('',(0.986455397658,0.164029718137));
#3331 = ( GEOMETRIC_REPRESENTATION_CONTEXT(2) 
PARAMETRIC_REPRESENTATION_CONTEXT() REPRESENTATION_CONTEXT('2D SPACE',''
  ) );
#3332 = PCURVE('',#2981,#3333);
#3333 = DEFINITIONAL_REPRESENTATION('',(#3334),#3338);
#3334 = LINE('',#3335,#3336);
#3335 = CARTESIAN_POINT('',(0.,-1.5));
#3336 = VECTOR('',#3337,1.);
#3337 = DIRECTION('',(1.,0.));
#3338 = ( GEOMETRIC_REPRESENTATION_CONTEXT(2) 
PARAMETRIC_REPRESENTATION_CONTEXT() REPRESENTATION_CONTEXT('2D SPACE',''
  ) );
#3339 = ORIENTED_EDGE('',*,*,#2936,.F.);
#3340 = ORIENTED_EDGE('',*,*,#3341,.F.);
#3341 = EDGE_CURVE('',#3342,#2914,#3344,.T.);
#3342 = VERTEX_POINT('',#3343);
#3343 = CARTESIAN_POINT('',(4.873584251716,1.487329080578,
    -0.428109533383));
#3344 = SURFACE_CURVE('',#3345,(#3349,#3356),.PCURVE_S1.);
#3345 = LINE('',#3346,#3347);
#3346 = CARTESIAN_POINT('',(8.627524634625,1.515308250507,0.465368389335
    ));
#3347 = VECTOR('',#3348,1.);
#3348 = DIRECTION('',(0.972799174228,7.250544927632E-03,0.231536598015)
  );
#3349 = PCURVE('',#2953,#3350);
#3350 = DEFINITIONAL_REPRESENTATION('',(#3351),#3355);
#3351 = LINE('',#3352,#3353);
#3352 = CARTESIAN_POINT('',(105.60250594613,3.10862446895E-15));
#3353 = VECTOR('',#3354,1.);
#3354 = DIRECTION('',(1.,4.516366822151E-17));
#3355 = ( GEOMETRIC_REPRESENTATION_CONTEXT(2) 
PARAMETRIC_REPRESENTATION_CONTEXT() REPRESENTATION_CONTEXT('2D SPACE',''
  ) );
#3356 = PCURVE('',#2846,#3357);
#3357 = DEFINITIONAL_REPRESENTATION('',(#3358),#3362);
#3358 = LINE('',#3359,#3360);
#3359 = CARTESIAN_POINT('',(0.,-3.25));
#3360 = VECTOR('',#3361,1.);
#3361 = DIRECTION('',(1.,0.));
#3362 = ( GEOMETRIC_REPRESENTATION_CONTEXT(2) 
PARAMETRIC_REPRESENTATION_CONTEXT() REPRESENTATION_CONTEXT('2D SPACE',''
  ) );
#3363 = ORIENTED_EDGE('',*,*,#3364,.T.);
#3364 = EDGE_CURVE('',#3342,#3365,#3367,.T.);
#3365 = VERTEX_POINT('',#3366);
#3366 = CARTESIAN_POINT('',(4.779640282914,1.461613376902,
    -1.249306643983));
#3367 = SURFACE_CURVE('',#3368,(#3375,#3385),.PCURVE_S1.);
#3368 = B_SPLINE_CURVE_WITH_KNOTS('',5,(#3369,#3370,#3371,#3372,#3373,
    #3374),.UNSPECIFIED.,.F.,.F.,(6,6),(0.,1.),
  .PIECEWISE_BEZIER_KNOTS.);
#3369 = CARTESIAN_POINT('',(4.89983507199,1.546951976033,1.47586906619)
  );
#3370 = CARTESIAN_POINT('',(4.930170867173,1.529863807765,0.930180930104
    ));
#3371 = CARTESIAN_POINT('',(4.933504979524,1.512729493743,0.383019190201
    ));
#3372 = CARTESIAN_POINT('',(4.909582735599,1.495604526192,
    -0.163844082503));
#3373 = CARTESIAN_POINT('',(4.858293843758,1.478546123751,
    -0.708581686107));
#3374 = CARTESIAN_POINT('',(4.779640282914,1.461613376902,
    -1.249306643983));
#3375 = PCURVE('',#2953,#3376);
#3376 = DEFINITIONAL_REPRESENTATION('',(#3377),#3384);
#3377 = B_SPLINE_CURVE_WITH_KNOTS('',5,(#3378,#3379,#3380,#3381,#3382,
    #3383),.UNSPECIFIED.,.F.,.F.,(6,6),(0.,1.),
  .PIECEWISE_BEZIER_KNOTS.);
#3378 = CARTESIAN_POINT('',(102.21040994109,-1.847015731184));
#3379 = CARTESIAN_POINT('',(102.11344990445,-1.3088832576));
#3380 = CARTESIAN_POINT('',(101.98988112526,-0.77557150314));
#3381 = CARTESIAN_POINT('',(101.83986655904,-0.248864177179));
#3382 = CARTESIAN_POINT('',(101.66372239314,0.269434799399));
#3383 = CARTESIAN_POINT('',(101.46188788525,0.777489335886));
#3384 = ( GEOMETRIC_REPRESENTATION_CONTEXT(2) 
PARAMETRIC_REPRESENTATION_CONTEXT() REPRESENTATION_CONTEXT('2D SPACE',''
  ) );
#3385 = PCURVE('',#3386,#3391);
#3386 = TOROIDAL_SURFACE('',#3387,13.5,1.75);
#3387 = AXIS2_PLACEMENT_3D('',#3388,#3389,#3390);
#3388 = CARTESIAN_POINT('',(-9.5,3.,0.));
#3389 = DIRECTION('',(-0.,1.,-0.));
#3390 = DIRECTION('',(0.996194698092,0.,-8.715574274766E-02));
#3391 = DEFINITIONAL_REPRESENTATION('',(#3392),#3399);
#3392 = B_SPLINE_CURVE_WITH_KNOTS('',5,(#3393,#3394,#3395,#3396,#3397,
    #3398),.UNSPECIFIED.,.F.,.F.,(6,6),(0.697427049678,1.),
  .PIECEWISE_BEZIER_KNOTS.);
#3393 = CARTESIAN_POINT('',(-5.749079960156E-02,5.239262522305));
#3394 = CARTESIAN_POINT('',(-4.600927919393E-02,5.233399016065));
#3395 = CARTESIAN_POINT('',(-3.451961204166E-02,5.227469177303));
#3396 = CARTESIAN_POINT('',(-2.30216283005E-02,5.221471062051));
#3397 = CARTESIAN_POINT('',(-1.15151522158E-02,5.215402426137));
#3398 = CARTESIAN_POINT('',(-7.280150981149E-18,5.209260642397));
#3399 = ( GEOMETRIC_REPRESENTATION_CONTEXT(2) 
PARAMETRIC_REPRESENTATION_CONTEXT() REPRESENTATION_CONTEXT('2D SPACE',''
  ) );
#3400 = ORIENTED_EDGE('',*,*,#3401,.T.);
#3401 = EDGE_CURVE('',#3365,#3402,#3404,.T.);
#3402 = VERTEX_POINT('',#3403);
#3403 = CARTESIAN_POINT('',(3.109263607836,1.466189705483,
    -1.103167621096));
#3404 = SURFACE_CURVE('',#3405,(#3409,#3415),.PCURVE_S1.);
#3405 = LINE('',#3406,#3407);
#3406 = CARTESIAN_POINT('',(-43.71511686281,1.594474393511,
    2.993434846711));
#3407 = VECTOR('',#3408,1.);
#3408 = DIRECTION('',(-0.996190987819,2.729263020766E-03,
    8.715541814087E-02));
#3409 = PCURVE('',#2953,#3410);
#3410 = DEFINITIONAL_REPRESENTATION('',(#3411),#3414);
#3411 = B_SPLINE_CURVE_WITH_KNOTS('',1,(#3412,#3413),.UNSPECIFIED.,.F.,
  .F.,(2,2),(-49.59599776833,-46.21660616069),.PIECEWISE_BEZIER_KNOTS.);
#3412 = CARTESIAN_POINT('',(102.33090163859,1.066515771545));
#3413 = CARTESIAN_POINT('',(99.124216161846,6.486414330694E-15));
#3414 = ( GEOMETRIC_REPRESENTATION_CONTEXT(2) 
PARAMETRIC_REPRESENTATION_CONTEXT() REPRESENTATION_CONTEXT('2D SPACE',''
  ) );
#3415 = PCURVE('',#3416,#3421);
#3416 = PLANE('',#3417);
#3417 = AXIS2_PLACEMENT_3D('',#3418,#3419,#3420);
#3418 = CARTESIAN_POINT('',(3.948628424239,3.,-1.176602527093));
#3419 = DIRECTION('',(8.715574274766E-02,0.,0.996194698092));
#3420 = DIRECTION('',(0.996194698092,0.,-8.715574274766E-02));
#3421 = DEFINITIONAL_REPRESENTATION('',(#3422),#3425);
#3422 = B_SPLINE_CURVE_WITH_KNOTS('',1,(#3423,#3424),.UNSPECIFIED.,.F.,
  .F.,(2,2),(-49.59599776833,-46.21660616069),.PIECEWISE_BEZIER_KNOTS.);
#3423 = CARTESIAN_POINT('',(1.75,-1.540886129176));
#3424 = CARTESIAN_POINT('',(-1.629379021277,-1.531662880629));
#3425 = ( GEOMETRIC_REPRESENTATION_CONTEXT(2) 
PARAMETRIC_REPRESENTATION_CONTEXT() REPRESENTATION_CONTEXT('2D SPACE',''
  ) );
#3426 = ORIENTED_EDGE('',*,*,#3427,.F.);
#3427 = EDGE_CURVE('',#3273,#3402,#3428,.T.);
#3428 = SURFACE_CURVE('',#3429,(#3436,#3446),.PCURVE_S1.);
#3429 = B_SPLINE_CURVE_WITH_KNOTS('',5,(#3430,#3431,#3432,#3433,#3434,
    #3435),.UNSPECIFIED.,.F.,.F.,(6,6),(0.,1.),
  .PIECEWISE_BEZIER_KNOTS.);
#3430 = CARTESIAN_POINT('',(3.00420207424,1.532823291942,1.024688157518)
  );
#3431 = CARTESIAN_POINT('',(3.059307103134,1.519577372789,0.601697183888
    ));
#3432 = CARTESIAN_POINT('',(3.097329032965,1.506262029603,0.176489245244
    ));
#3433 = CARTESIAN_POINT('',(3.118254395916,1.492906699482,
    -0.249995623469));
#3434 = CARTESIAN_POINT('',(3.122166512992,1.479539995398,
    -0.676843704709));
#3435 = CARTESIAN_POINT('',(3.109263607836,1.466189705483,
    -1.103167621096));
#3436 = PCURVE('',#2953,#3437);
#3437 = DEFINITIONAL_REPRESENTATION('',(#3438),#3445);
#3438 = B_SPLINE_CURVE_WITH_KNOTS('',5,(#3439,#3440,#3441,#3442,#3443,
    #3444),.UNSPECIFIED.,.F.,.F.,(6,6),(0.,1.),
  .PIECEWISE_BEZIER_KNOTS.);
#3439 = CARTESIAN_POINT('',(100.2617723929,-1.847015731184));
#3440 = CARTESIAN_POINT('',(100.21734458834,-1.422563669652));
#3441 = CARTESIAN_POINT('',(100.15578454723,-0.999911190733));
#3442 = CARTESIAN_POINT('',(100.077297034,-0.57997632773));
#3443 = CARTESIAN_POINT('',(99.982174869778,-0.163629078707));
#3444 = CARTESIAN_POINT('',(99.870816548167,0.248312811726));
#3445 = ( GEOMETRIC_REPRESENTATION_CONTEXT(2) 
PARAMETRIC_REPRESENTATION_CONTEXT() REPRESENTATION_CONTEXT('2D SPACE',''
  ) );
#3446 = PCURVE('',#3447,#3452);
#3447 = TOROIDAL_SURFACE('',#3448,13.5,1.75);
#3448 = AXIS2_PLACEMENT_3D('',#3449,#3450,#3451);
#3449 = CARTESIAN_POINT('',(-9.5,3.,0.));
#3450 = DIRECTION('',(-0.,1.,-0.));
#3451 = DIRECTION('',(0.996194698092,0.,-8.715574274766E-02));
#3452 = DEFINITIONAL_REPRESENTATION('',(#3453),#3460);
#3453 = B_SPLINE_CURVE_WITH_KNOTS('',5,(#3454,#3455,#3456,#3457,#3458,
    #3459),.UNSPECIFIED.,.F.,.F.,(6,6),(0.,1.),
  .PIECEWISE_BEZIER_KNOTS.);
#3454 = CARTESIAN_POINT('',(-0.169031266243,4.135909314609));
#3455 = CARTESIAN_POINT('',(-0.135070285327,4.149795630982));
#3456 = CARTESIAN_POINT('',(-0.101182264917,4.1641254117));
#3457 = CARTESIAN_POINT('',(-6.737173529048E-02,4.178921098047));
#3458 = CARTESIAN_POINT('',(-3.364239208937E-02,4.194214080401));
#3459 = CARTESIAN_POINT('',(-7.280150981149E-18,4.210058785554));
#3460 = ( GEOMETRIC_REPRESENTATION_CONTEXT(2) 
PARAMETRIC_REPRESENTATION_CONTEXT() REPRESENTATION_CONTEXT('2D SPACE',''
  ) );
#3461 = ADVANCED_FACE('',(#3462),#3386,.T.);
#3462 = FACE_BOUND('',#3463,.F.);
#3463 = EDGE_LOOP('',(#3464,#3735,#3757));
#3464 = ORIENTED_EDGE('',*,*,#3465,.T.);
#3465 = EDGE_CURVE('',#3342,#3466,#3468,.T.);
#3466 = VERTEX_POINT('',#3467);
#3467 = CARTESIAN_POINT('',(2.576477098341,4.079485660862,
    -1.056554841435));
#3468 = SURFACE_CURVE('',#3469,(#3542,#3659),.PCURVE_S1.);
#3469 = B_SPLINE_CURVE_WITH_KNOTS('',6,(#3470,#3471,#3472,#3473,#3474,
    #3475,#3476,#3477,#3478,#3479,#3480,#3481,#3482,#3483,#3484,#3485,
    #3486,#3487,#3488,#3489,#3490,#3491,#3492,#3493,#3494,#3495,#3496,
    #3497,#3498,#3499,#3500,#3501,#3502,#3503,#3504,#3505,#3506,#3507,
    #3508,#3509,#3510,#3511,#3512,#3513,#3514,#3515,#3516,#3517,#3518,
    #3519,#3520,#3521,#3522,#3523,#3524,#3525,#3526,#3527,#3528,#3529,
    #3530,#3531,#3532,#3533,#3534,#3535,#3536,#3537,#3538,#3539,#3540,
    #3541),.UNSPECIFIED.,.F.,.F.,(7,5,5,5,5,5,5,5,5,5,5,5,5,5,7),(0.,
    1.453998765311E-02,0.122187036269,0.189636422296,0.342327447393,
    0.386254648999,0.564892856972,0.672553296798,0.781106305788,
    0.847583850206,0.988289152231,1.100419144659,1.145607611337,
    1.211945109376,1.315892580413),.UNSPECIFIED.);
#3470 = CARTESIAN_POINT('',(4.873584248953,1.487329085672,
    -0.428109534201));
#3471 = CARTESIAN_POINT('',(4.883442891216,1.493023971478,
    -0.425939105774));
#3472 = CARTESIAN_POINT('',(4.893258672385,1.498796203517,
    -0.423781310839));
#3473 = CARTESIAN_POINT('',(4.903030824351,1.504645419474,
    -0.421636321046));
#3474 = CARTESIAN_POINT('',(4.912758581292,1.510571245815,
    -0.419504307152));
#3475 = CARTESIAN_POINT('',(4.922441179776,1.516573297663,
    -0.417385438987));
#3476 = CARTESIAN_POINT('',(5.003423178207,1.567648875268,
    -0.399691383456));
#3477 = CARTESIAN_POINT('',(5.072253293991,1.616804036206,
    -0.384832304422));
#3478 = CARTESIAN_POINT('',(5.138258586871,1.669955053901,-0.37077135258
    ));
#3479 = CARTESIAN_POINT('',(5.201142913161,1.726909242493,
    -0.357573048471));
#3480 = CARTESIAN_POINT('',(5.260626848349,1.787441167737,
    -0.345296903884));
#3481 = CARTESIAN_POINT('',(5.351429131311,1.891297929993,-0.32691606107
    ));
#3482 = CARTESIAN_POINT('',(5.384970955212,1.932607928607,
    -0.320218538351));
#3483 = CARTESIAN_POINT('',(5.417012620935,1.975157263978,
    -0.313917229147));
#3484 = CARTESIAN_POINT('',(5.447494572478,2.01887780097,-0.308024188678
    ));
#3485 = CARTESIAN_POINT('',(5.476361479191,2.063696978067,
    -0.302550326888));
#3486 = CARTESIAN_POINT('',(5.565138947633,2.213311668483,
    -0.286084789002));
#3487 = CARTESIAN_POINT('',(5.618183769615,2.322331865969,
    -0.276861130337));
#3488 = CARTESIAN_POINT('',(5.662092108253,2.435688601976,
    -0.269949983037));
#3489 = CARTESIAN_POINT('',(5.696416735625,2.552392939802,
    -0.265426928057));
#3490 = CARTESIAN_POINT('',(5.72085039166,2.671394036457,-0.263332261251
    ));
#3491 = CARTESIAN_POINT('',(5.739409641574,2.826155840212,
    -0.263756979841));
#3492 = CARTESIAN_POINT('',(5.742726780944,2.860830700521,
    -0.264052530721));
#3493 = CARTESIAN_POINT('',(5.745211569431,2.895578562231,
    -0.264548670306));
#3494 = CARTESIAN_POINT('',(5.746862074932,2.930373430028,
    -0.265245044867));
#3495 = CARTESIAN_POINT('',(5.747677533169,2.965189268073,-0.26614102118
    ));
#3496 = CARTESIAN_POINT('',(5.747580326334,3.141564373379,
    -0.271687348549));
#3497 = CARTESIAN_POINT('',(5.733698910121,3.283065064045,
    -0.279425593519));
#3498 = CARTESIAN_POINT('',(5.706034375279,3.422703723933,
    -0.290389275657));
#3499 = CARTESIAN_POINT('',(5.664953453513,3.558781581835,
    -0.304437826457));
#3500 = CARTESIAN_POINT('',(5.611071874323,3.689704475756,
    -0.321374630986));
#3501 = CARTESIAN_POINT('',(5.505649340243,3.88893148021,-0.352729699345
    ));
#3502 = CARTESIAN_POINT('',(5.461679876177,3.961455845533,
    -0.365476257127));
#3503 = CARTESIAN_POINT('',(5.413576445583,4.031274095425,
    -0.379122966249));
#3504 = CARTESIAN_POINT('',(5.361558438793,4.098102062154,
    -0.393608659579));
#3505 = CARTESIAN_POINT('',(5.305869075381,4.161683295855,-0.40886736079
    ));
#3506 = CARTESIAN_POINT('',(5.187184963635,4.282391563577,
    -0.440923115347));
#3507 = CARTESIAN_POINT('',(5.124132003993,4.33946222981,-0.457732272041
    ));
#3508 = CARTESIAN_POINT('',(5.057882840391,4.392765871249,
    -0.475184941422));
#3509 = CARTESIAN_POINT('',(4.988723103125,4.442100719994,
    -0.493206755422));
#3510 = CARTESIAN_POINT('',(4.916951514288,4.487295616683,
    -0.511721185431));
#3511 = CARTESIAN_POINT('',(4.797514104078,4.553262595878,
    -0.542242191029));
#3512 = CARTESIAN_POINT('',(4.751287116937,4.576711306424,
    -0.553989791208));
#3513 = CARTESIAN_POINT('',(4.704266878686,4.598521677285,
    -0.565875074333));
#3514 = CARTESIAN_POINT('',(4.656524997107,4.618665333232,
    -0.577880091703));
#3515 = CARTESIAN_POINT('',(4.608133921735,4.637117960978,
    -0.589986821278));
#3516 = CARTESIAN_POINT('',(4.455524225516,4.689293777691,
    -0.627979058922));
#3517 = CARTESIAN_POINT('',(4.349300511073,4.717061770054,
    -0.654155782305));
#3518 = CARTESIAN_POINT('',(4.24119080375,4.736970667916,-0.680535725591
    ));
#3519 = CARTESIAN_POINT('',(4.131896711472,4.748906073852,
    -0.706948152501));
#3520 = CARTESIAN_POINT('',(4.022123479496,4.752826279206,
    -0.733223736421));
#3521 = CARTESIAN_POINT('',(3.825277943627,4.745513653685,
    -0.779892026664));
#3522 = CARTESIAN_POINT('',(3.738121866319,4.737196632629,
    -0.800395999793));
#3523 = CARTESIAN_POINT('',(3.651465686251,4.723818657884,
    -0.820622392115));
#3524 = CARTESIAN_POINT('',(3.565664979062,4.705420238595,
    -0.840487758377));
#3525 = CARTESIAN_POINT('',(3.481074000887,4.682069403928,
    -0.859909829475));
#3526 = CARTESIAN_POINT('',(3.364585219372,4.642493979579,-0.88642329214
    ));
#3527 = CARTESIAN_POINT('',(3.331378518114,4.630337482078,
    -0.893953912782));
#3528 = CARTESIAN_POINT('',(3.298448668863,4.617398483337,
    -0.901394071126));
#3529 = CARTESIAN_POINT('',(3.265818677403,4.603684031974,
    -0.908738506905));
#3530 = CARTESIAN_POINT('',(3.233511471015,4.589201952465,
    -0.915982002853));
#3531 = CARTESIAN_POINT('',(3.154629723689,4.551586620011,
    -0.933597192187));
#3532 = CARTESIAN_POINT('',(3.108454326351,4.527576672196,-0.94384633836
    ));
#3533 = CARTESIAN_POINT('',(3.063096144593,4.501958142895,
    -0.953850415191));
#3534 = CARTESIAN_POINT('',(3.018626892269,4.474762115324,
    -0.963593310646));
#3535 = CARTESIAN_POINT('',(2.975117558964,4.446023614721,
    -0.973059208689));
#3536 = CARTESIAN_POINT('',(2.866075753307,4.368393929061,
    -0.996606808104));
#3537 = CARTESIAN_POINT('',(2.802041812688,4.317314269205,
    -1.010262961293));
#3538 = CARTESIAN_POINT('',(2.74080733962,4.262694035198,-1.023141285181
    ));
#3539 = CARTESIAN_POINT('',(2.68263599273,4.20470889613,-1.035184465721)
  );
#3540 = CARTESIAN_POINT('',(2.627780212893,4.14356174515,-1.046338713945
    ));
#3541 = CARTESIAN_POINT('',(2.576477098341,4.079485660862,
    -1.056554841435));
#3542 = PCURVE('',#3386,#3543);
#3543 = DEFINITIONAL_REPRESENTATION('',(#3544),#3658);
#3544 = B_SPLINE_CURVE_WITH_KNOTS('',3,(#3545,#3546,#3547,#3548,#3549,
    #3550,#3551,#3552,#3553,#3554,#3555,#3556,#3557,#3558,#3559,#3560,
    #3561,#3562,#3563,#3564,#3565,#3566,#3567,#3568,#3569,#3570,#3571,
    #3572,#3573,#3574,#3575,#3576,#3577,#3578,#3579,#3580,#3581,#3582,
    #3583,#3584,#3585,#3586,#3587,#3588,#3589,#3590,#3591,#3592,#3593,
    #3594,#3595,#3596,#3597,#3598,#3599,#3600,#3601,#3602,#3603,#3604,
    #3605,#3606,#3607,#3608,#3609,#3610,#3611,#3612,#3613,#3614,#3615,
    #3616,#3617,#3618,#3619,#3620,#3621,#3622,#3623,#3624,#3625,#3626,
    #3627,#3628,#3629,#3630,#3631,#3632,#3633,#3634,#3635,#3636,#3637,
    #3638,#3639,#3640,#3641,#3642,#3643,#3644,#3645,#3646,#3647,#3648,
    #3649,#3650,#3651,#3652,#3653,#3654,#3655,#3656,#3657),
  .UNSPECIFIED.,.F.,.F.,(4,1,1,1,1,1,1,1,1,1,1,1,1,1,1,1,1,1,1,1,1,1,1,1
    ,1,1,1,1,1,1,1,1,1,1,1,1,1,1,1,1,1,1,1,1,1,1,1,1,1,1,1,1,1,1,1,1,1,1
    ,1,1,1,1,1,1,1,1,1,1,1,1,1,1,1,1,1,1,1,1,1,1,1,1,1,1,1,1,1,1,1,1,1,1
    ,1,1,1,1,1,1,1,1,1,1,1,1,1,1,1,1,1,1,4),(0.,1.196265982193E-02,
    2.392531964387E-02,3.58879794658E-02,4.785063928773E-02,
    5.981329910967E-02,7.17759589316E-02,8.373861875353E-02,
    9.570127857547E-02,0.107663938397,0.119626598219,0.131589258041,
    0.143551917863,0.155514577685,0.167477237507,0.179439897329,
    0.191402557151,0.203365216973,0.215327876795,0.227290536617,
    0.239253196439,0.251215856261,0.263178516083,0.275141175904,
    0.287103835726,0.299066495548,0.31102915537,0.322991815192,
    0.334954475014,0.346917134836,0.358879794658,0.37084245448,
    0.382805114302,0.394767774124,0.406730433946,0.418693093768,
    0.43065575359,0.442618413412,0.454581073233,0.466543733055,
    0.478506392877,0.490469052699,0.502431712521,0.514394372343,
    0.526357032165,0.538319691987,0.550282351809,0.562245011631,
    0.574207671453,0.586170331275,0.598132991097,0.610095650919,
    0.622058310741,0.634020970562,0.645983630384,0.657946290206,
    0.669908950028,0.68187160985,0.693834269672,0.705796929494,
    0.717759589316,0.729722249138,0.74168490896,0.753647568782,
    0.765610228604,0.777572888426,0.789535548248,0.80149820807,
    0.813460867891,0.825423527713,0.837386187535,0.849348847357,
    0.861311507179,0.873274167001,0.885236826823,0.897199486645,
    0.909162146467,0.921124806289,0.933087466111,0.945050125933,
    0.957012785755,0.968975445577,0.980938105399,0.99290076522,
    1.004863425042,1.016826084864,1.028788744686,1.040751404508,
    1.05271406433,1.064676724152,1.076639383974,1.088602043796,
    1.100564703618,1.11252736344,1.124490023262,1.136452683084,
    1.148415342906,1.160378002728,1.172340662549,1.184303322371,
    1.196265982193,1.208228642015,1.220191301837,1.232153961659,
    1.244116621481,1.256079281303,1.268041941125,1.280004600947,
    1.291967260769,1.303929920591,1.315892580413),
  .QUASI_UNIFORM_KNOTS.);
#3545 = CARTESIAN_POINT('',(-5.749079912708E-02,5.239262517163));
#3546 = CARTESIAN_POINT('',(-5.777263632326E-02,5.249911704486));
#3547 = CARTESIAN_POINT('',(-5.83278637883E-02,5.271220232543));
#3548 = CARTESIAN_POINT('',(-5.913490576007E-02,5.303213528694));
#3549 = CARTESIAN_POINT('',(-5.991568449294E-02,5.335237534549));
#3550 = CARTESIAN_POINT('',(-6.066975546625E-02,5.367291889418));
#3551 = CARTESIAN_POINT('',(-6.139669848272E-02,5.399376345197));
#3552 = CARTESIAN_POINT('',(-6.209611549459E-02,5.431490572579));
#3553 = CARTESIAN_POINT('',(-6.276762993508E-02,5.463634181929));
#3554 = CARTESIAN_POINT('',(-6.341088563288E-02,5.495806681478));
#3555 = CARTESIAN_POINT('',(-6.40255460629E-02,5.528007458235));
#3556 = CARTESIAN_POINT('',(-6.461129285921E-02,5.560235719445));
#3557 = CARTESIAN_POINT('',(-6.516782714749E-02,5.592490560098));
#3558 = CARTESIAN_POINT('',(-6.569487456139E-02,5.624771269197));
#3559 = CARTESIAN_POINT('',(-6.619217428754E-02,5.657076760333));
#3560 = CARTESIAN_POINT('',(-6.665948765491E-02,5.689405991006));
#3561 = CARTESIAN_POINT('',(-6.709659555782E-02,5.721757912586));
#3562 = CARTESIAN_POINT('',(-6.750329217347E-02,5.754131017704));
#3563 = CARTESIAN_POINT('',(-6.787940524514E-02,5.786525015918));
#3564 = CARTESIAN_POINT('',(-6.822476458347E-02,5.818938297128));
#3565 = CARTESIAN_POINT('',(-6.853921688265E-02,5.851368947556));
#3566 = CARTESIAN_POINT('',(-6.882263148834E-02,5.883815319011));
#3567 = CARTESIAN_POINT('',(-6.907489698895E-02,5.916275823641));
#3568 = CARTESIAN_POINT('',(-6.929592060495E-02,5.948748938901));
#3569 = CARTESIAN_POINT('',(-6.948562716119E-02,5.98123315771));
#3570 = CARTESIAN_POINT('',(-6.964395849768E-02,6.013726954766));
#3571 = CARTESIAN_POINT('',(-6.977087308885E-02,6.046228745578));
#3572 = CARTESIAN_POINT('',(-6.986634591905E-02,6.07873685632));
#3573 = CARTESIAN_POINT('',(-6.993036864391E-02,6.111249450933));
#3574 = CARTESIAN_POINT('',(-6.996294986839E-02,6.14376460707));
#3575 = CARTESIAN_POINT('',(-6.996411619317E-02,6.176279823722));
#3576 = CARTESIAN_POINT('',(-6.993391137973E-02,6.208794183634));
#3577 = CARTESIAN_POINT('',(-6.987239363213E-02,6.241306024049));
#3578 = CARTESIAN_POINT('',(-6.977963774328E-02,6.273813551221));
#3579 = CARTESIAN_POINT('',(-6.96557337011E-02,6.306315310723));
#3580 = CARTESIAN_POINT('',(-6.950078166174E-02,6.338810645912));
#3581 = CARTESIAN_POINT('',(-6.931490645726E-02,6.371296870344));
#3582 = CARTESIAN_POINT('',(-6.909824727632E-02,6.403772103751));
#3583 = CARTESIAN_POINT('',(-6.885095893261E-02,6.436234561664));
#3584 = CARTESIAN_POINT('',(-6.857321071786E-02,6.468682687802));
#3585 = CARTESIAN_POINT('',(-6.826518619444E-02,6.501115065248));
#3586 = CARTESIAN_POINT('',(-6.792708302427E-02,6.533530390728));
#3587 = CARTESIAN_POINT('',(-6.755911307519E-02,6.565927434884));
#3588 = CARTESIAN_POINT('',(-6.716150273394E-02,6.59830500861));
#3589 = CARTESIAN_POINT('',(-6.673449346468E-02,6.630661927964));
#3590 = CARTESIAN_POINT('',(-6.627834253203E-02,6.662996983189));
#3591 = CARTESIAN_POINT('',(-6.579332418356E-02,6.6953088927));
#3592 = CARTESIAN_POINT('',(-6.527973020936E-02,6.727596308712));
#3593 = CARTESIAN_POINT('',(-6.473787393576E-02,6.759857622648));
#3594 = CARTESIAN_POINT('',(-6.416808253567E-02,6.792091507013));
#3595 = CARTESIAN_POINT('',(-6.357065681161E-02,6.824298936017));
#3596 = CARTESIAN_POINT('',(-6.294595152378E-02,6.856478671993));
#3597 = CARTESIAN_POINT('',(-6.229432495869E-02,6.88863021));
#3598 = CARTESIAN_POINT('',(-6.161615193755E-02,6.920753029403));
#3599 = CARTESIAN_POINT('',(-6.091182126607E-02,6.952846756666));
#3600 = CARTESIAN_POINT('',(-6.018173747066E-02,6.984911083104));
#3601 = CARTESIAN_POINT('',(-5.942632116624E-02,7.016945761303));
#3602 = CARTESIAN_POINT('',(-5.864601081798E-02,7.048950543764));
#3603 = CARTESIAN_POINT('',(-5.784126049015E-02,7.080925287781));
#3604 = CARTESIAN_POINT('',(-5.701253117173E-02,7.11287032707));
#3605 = CARTESIAN_POINT('',(-5.616031104843E-02,7.144785653162));
#3606 = CARTESIAN_POINT('',(-5.528510065144E-02,7.176671526038));
#3607 = CARTESIAN_POINT('',(-5.438741768287E-02,7.208528297443));
#3608 = CARTESIAN_POINT('',(-5.346779700099E-02,7.240356429761));
#3609 = CARTESIAN_POINT('',(-5.25267919234E-02,7.272156464127));
#3610 = CARTESIAN_POINT('',(-5.15649751438E-02,7.303929005413));
#3611 = CARTESIAN_POINT('',(-5.058293990737E-02,7.335674701574));
#3612 = CARTESIAN_POINT('',(-4.958130055381E-02,7.367394241283));
#3613 = CARTESIAN_POINT('',(-4.856068284902E-02,7.399088691598));
#3614 = CARTESIAN_POINT('',(-4.752174039928E-02,7.430758978716));
#3615 = CARTESIAN_POINT('',(-4.64651458787E-02,7.462406178431));
#3616 = CARTESIAN_POINT('',(-4.539159435467E-02,7.494031441015));
#3617 = CARTESIAN_POINT('',(-4.43018056139E-02,7.525635950474));
#3618 = CARTESIAN_POINT('',(-4.319651999289E-02,7.557221049723));
#3619 = CARTESIAN_POINT('',(-4.207650445487E-02,7.588788091041));
#3620 = CARTESIAN_POINT('',(-4.094255156344E-02,7.620338484024));
#3621 = CARTESIAN_POINT('',(-3.97954785575E-02,7.651873738098));
#3622 = CARTESIAN_POINT('',(-3.863612900263E-02,7.683395436695));
#3623 = CARTESIAN_POINT('',(-3.746537371644E-02,7.71490523003));
#3624 = CARTESIAN_POINT('',(-3.628411184262E-02,7.746404823575));
#3625 = CARTESIAN_POINT('',(-3.509327185342E-02,7.777895968141));
#3626 = CARTESIAN_POINT('',(-3.389381246065E-02,7.809380452005));
#3627 = CARTESIAN_POINT('',(-3.268672370667E-02,7.840860088461));
#3628 = CARTESIAN_POINT('',(-3.14730271396E-02,7.872336725935));
#3629 = CARTESIAN_POINT('',(-3.025377915164E-02,7.903812179573));
#3630 = CARTESIAN_POINT('',(-2.903005870314E-02,7.935288550783));
#3631 = CARTESIAN_POINT('',(-2.780298546651E-02,7.966767775106));
#3632 = CARTESIAN_POINT('',(-2.657371244306E-02,7.998251821609));
#3633 = CARTESIAN_POINT('',(-2.53434264699E-02,8.029742682801));
#3634 = CARTESIAN_POINT('',(-2.411334877926E-02,8.061242362594));
#3635 = CARTESIAN_POINT('',(-2.288473542415E-02,8.092752864829));
#3636 = CARTESIAN_POINT('',(-2.165887764759E-02,8.124276181562));
#3637 = CARTESIAN_POINT('',(-2.043710202987E-02,8.155814283327));
#3638 = CARTESIAN_POINT('',(-1.922077095538E-02,8.187369104819));
#3639 = CARTESIAN_POINT('',(-1.801128135227E-02,8.218942551515));
#3640 = CARTESIAN_POINT('',(-1.68100636431E-02,8.250536494398));
#3641 = CARTESIAN_POINT('',(-1.561858205854E-02,8.282152749995));
#3642 = CARTESIAN_POINT('',(-1.443833358885E-02,8.313793070628));
#3643 = CARTESIAN_POINT('',(-1.32708452013E-02,8.345459164877));
#3644 = CARTESIAN_POINT('',(-1.211767662299E-02,8.377152614912));
#3645 = CARTESIAN_POINT('',(-1.098041413468E-02,8.408874931733));
#3646 = CARTESIAN_POINT('',(-9.860669184369E-03,8.440627537255));
#3647 = CARTESIAN_POINT('',(-8.760077243055E-03,8.472411732722));
#3648 = CARTESIAN_POINT('',(-7.68029528812E-03,8.504228726263));
#3649 = CARTESIAN_POINT('',(-6.622993693988E-03,8.536079675223));
#3650 = CARTESIAN_POINT('',(-5.589865236063E-03,8.567965356675));
#3651 = CARTESIAN_POINT('',(-4.582609583831E-03,8.599886499061));
#3652 = CARTESIAN_POINT('',(-3.602931572633E-03,8.631843687425));
#3653 = CARTESIAN_POINT('',(-2.652536237138E-03,8.663837365461));
#3654 = CARTESIAN_POINT('',(-1.733123688181E-03,8.695867796806));
#3655 = CARTESIAN_POINT('',(-8.463865260641E-04,8.727935071219));
#3656 = CARTESIAN_POINT('',(-2.781261766011E-04,8.749337659107));
#3657 = CARTESIAN_POINT('',(0.,8.760045030509));
#3658 = ( GEOMETRIC_REPRESENTATION_CONTEXT(2) 
PARAMETRIC_REPRESENTATION_CONTEXT() REPRESENTATION_CONTEXT('2D SPACE',''
  ) );
#3659 = PCURVE('',#2846,#3660);
#3660 = DEFINITIONAL_REPRESENTATION('',(#3661),#3734);
#3661 = B_SPLINE_CURVE_WITH_KNOTS('',6,(#3662,#3663,#3664,#3665,#3666,
    #3667,#3668,#3669,#3670,#3671,#3672,#3673,#3674,#3675,#3676,#3677,
    #3678,#3679,#3680,#3681,#3682,#3683,#3684,#3685,#3686,#3687,#3688,
    #3689,#3690,#3691,#3692,#3693,#3694,#3695,#3696,#3697,#3698,#3699,
    #3700,#3701,#3702,#3703,#3704,#3705,#3706,#3707,#3708,#3709,#3710,
    #3711,#3712,#3713,#3714,#3715,#3716,#3717,#3718,#3719,#3720,#3721,
    #3722,#3723,#3724,#3725,#3726,#3727,#3728,#3729,#3730,#3731,#3732,
    #3733),.UNSPECIFIED.,.F.,.F.,(7,5,5,5,5,5,5,5,5,5,5,5,5,5,7),(0.,
    1.453998765311E-02,0.122187036269,0.189636422296,0.342327447393,
    0.386254648999,0.564892856972,0.672553296798,0.781106305788,
    0.847583850206,0.988289152231,1.100419144659,1.145607611337,
    1.211945109376,1.315892580413),.UNSPECIFIED.);
#3662 = CARTESIAN_POINT('',(-3.85890581029,-3.249999994883));
#3663 = CARTESIAN_POINT('',(-3.848771506598,-3.244375832737));
#3664 = CARTESIAN_POINT('',(-3.838681262456,-3.238673966831));
#3665 = CARTESIAN_POINT('',(-3.82863586745,-3.23289475393));
#3666 = CARTESIAN_POINT('',(-3.818636108817,-3.22703856204));
#3667 = CARTESIAN_POINT('',(-3.808682771334,-3.221105770535));
#3668 = CARTESIAN_POINT('',(-3.725436402941,-3.170609033532));
#3669 = CARTESIAN_POINT('',(-3.654681700832,-3.121943038783));
#3670 = CARTESIAN_POINT('',(-3.586830807628,-3.069258164025));
#3671 = CARTESIAN_POINT('',(-3.522188147604,-3.012744981248));
#3672 = CARTESIAN_POINT('',(-3.461040958377,-2.952626951552));
#3673 = CARTESIAN_POINT('',(-3.367699716558,-2.849396386234));
#3674 = CARTESIAN_POINT('',(-3.333220016339,-2.808316256981));
#3675 = CARTESIAN_POINT('',(-3.300282420818,-2.765984996878));
#3676 = CARTESIAN_POINT('',(-3.268948151269,-2.722470330356));
#3677 = CARTESIAN_POINT('',(-3.239274085461,-2.677844441904));
#3678 = CARTESIAN_POINT('',(-3.14801427481,-2.528818419382));
#3679 = CARTESIAN_POINT('',(-3.093486245401,-2.420140332874));
#3680 = CARTESIAN_POINT('',(-3.048350168191,-2.307055451961));
#3681 = CARTESIAN_POINT('',(-3.01306577622,-2.190549863163));
#3682 = CARTESIAN_POINT('',(-2.987948920981,-2.071672633365));
#3683 = CARTESIAN_POINT('',(-2.968870728477,-1.916973361823));
#3684 = CARTESIAN_POINT('',(-2.96546083725,-1.882306239889));
#3685 = CARTESIAN_POINT('',(-2.962906570601,-1.847559873984));
#3686 = CARTESIAN_POINT('',(-2.961209914657,-1.812760257757));
#3687 = CARTESIAN_POINT('',(-2.960371655067,-1.77793343411));
#3688 = CARTESIAN_POINT('',(-2.960471579941,-1.601471146402));
#3689 = CARTESIAN_POINT('',(-2.974741139971,-1.45979758053));
#3690 = CARTESIAN_POINT('',(-3.003179213907,-1.319884178384));
#3691 = CARTESIAN_POINT('',(-3.045408815715,-1.183433278588));
#3692 = CARTESIAN_POINT('',(-3.100796999234,-1.052044416036));
#3693 = CARTESIAN_POINT('',(-3.209167294844,-0.851933623382));
#3694 = CARTESIAN_POINT('',(-3.254366206635,-0.779045829863));
#3695 = CARTESIAN_POINT('',(-3.30381467644,-0.708834651575));
#3696 = CARTESIAN_POINT('',(-3.357287179469,-0.641586031525));
#3697 = CARTESIAN_POINT('',(-3.414533695387,-0.57755835896));
#3698 = CARTESIAN_POINT('',(-3.536536380925,-0.455905901529));
#3699 = CARTESIAN_POINT('',(-3.601352389525,-0.398337078006));
#3700 = CARTESIAN_POINT('',(-3.669453972418,-0.344513291956));
#3701 = CARTESIAN_POINT('',(-3.740547512686,-0.294638540114));
#3702 = CARTESIAN_POINT('',(-3.814325935549,-0.248886293292));
#3703 = CARTESIAN_POINT('',(-3.937102982831,-0.181996340794));
#3704 = CARTESIAN_POINT('',(-3.9846225412,-0.15819142431));
#3705 = CARTESIAN_POINT('',(-4.03295753109,-0.13601973539));
#3706 = CARTESIAN_POINT('',(-4.082034342465,-0.115510197146));
#3707 = CARTESIAN_POINT('',(-4.131778499999,-9.66876750357E-02));
#3708 = CARTESIAN_POINT('',(-4.288655376812,-4.334828178394E-02));
#3709 = CARTESIAN_POINT('',(-4.397849254908,-1.477457458296E-02));
#3710 = CARTESIAN_POINT('',(-4.508981860884,5.950249381612E-03));
#3711 = CARTESIAN_POINT('',(-4.621331968875,1.870650476479E-02));
#3712 = CARTESIAN_POINT('',(-4.734174613981,2.344720349794E-02));
#3713 = CARTESIAN_POINT('',(-4.936524226402,1.759885752841E-02));
#3714 = CARTESIAN_POINT('',(-5.026117309555,9.927676643474E-03));
#3715 = CARTESIAN_POINT('',(-5.115196517642,-2.810666465701E-03));
#3716 = CARTESIAN_POINT('',(-5.203396332632,-2.057829430306E-02));
#3717 = CARTESIAN_POINT('',(-5.290352592892,-4.330978601738E-02));
#3718 = CARTESIAN_POINT('',(-5.410098563696,-8.203596075698E-02));
#3719 = CARTESIAN_POINT('',(-5.444233770775,-9.395079709239E-02));
#3720 = CARTESIAN_POINT('',(-5.478084384676,-0.106650582711));
#3721 = CARTESIAN_POINT('',(-5.511626756344,-0.120128437091));
#3722 = CARTESIAN_POINT('',(-5.544837317418,-0.134376702888));
#3723 = CARTESIAN_POINT('',(-5.625924708748,-0.171422258078));
#3724 = CARTESIAN_POINT('',(-5.673391234791,-0.195099648477));
#3725 = CARTESIAN_POINT('',(-5.720017694763,-0.220392502797));
#3726 = CARTESIAN_POINT('',(-5.76573036959,-0.247270257351));
#3727 = CARTESIAN_POINT('',(-5.81045628472,-0.275698399097));
#3728 = CARTESIAN_POINT('',(-5.922547051804,-0.35255302062));
#3729 = CARTESIAN_POINT('',(-5.98837147098,-0.403180222421));
#3730 = CARTESIAN_POINT('',(-6.051318145576,-0.457370609375));
#3731 = CARTESIAN_POINT('',(-6.111116044702,-0.514950392367));
#3732 = CARTESIAN_POINT('',(-6.167505668881,-0.575718461226));
#3733 = CARTESIAN_POINT('',(-6.220243290285,-0.639443391121));
#3734 = ( GEOMETRIC_REPRESENTATION_CONTEXT(2) 
PARAMETRIC_REPRESENTATION_CONTEXT() REPRESENTATION_CONTEXT('2D SPACE',''
  ) );
#3735 = ORIENTED_EDGE('',*,*,#3736,.F.);
#3736 = EDGE_CURVE('',#3365,#3466,#3737,.T.);
#3737 = SURFACE_CURVE('',#3738,(#3743,#3750),.PCURVE_S1.);
#3738 = CIRCLE('',#3739,1.75);
#3739 = AXIS2_PLACEMENT_3D('',#3740,#3741,#3742);
#3740 = CARTESIAN_POINT('',(3.948628424239,3.,-1.176602527093));
#3741 = DIRECTION('',(8.715574274766E-02,-1.169377152175E-17,
    0.996194698092));
#3742 = DIRECTION('',(0.474863919243,-0.879078070342,-4.154520965126E-02
    ));
#3743 = PCURVE('',#3386,#3744);
#3744 = DEFINITIONAL_REPRESENTATION('',(#3745),#3749);
#3745 = LINE('',#3746,#3747);
#3746 = CARTESIAN_POINT('',(-7.280150981149E-18,5.209260642397));
#3747 = VECTOR('',#3748,1.);
#3748 = DIRECTION('',(-0.,1.));
#3749 = ( GEOMETRIC_REPRESENTATION_CONTEXT(2) 
PARAMETRIC_REPRESENTATION_CONTEXT() REPRESENTATION_CONTEXT('2D SPACE',''
  ) );
#3750 = PCURVE('',#3416,#3751);
#3751 = DEFINITIONAL_REPRESENTATION('',(#3752),#3756);
#3752 = CIRCLE('',#3753,1.75);
#3753 = AXIS2_PLACEMENT_2D('',#3754,#3755);
#3754 = CARTESIAN_POINT('',(0.,0.));
#3755 = DIRECTION('',(0.47667782227,-0.879078070342));
#3756 = ( GEOMETRIC_REPRESENTATION_CONTEXT(2) 
PARAMETRIC_REPRESENTATION_CONTEXT() REPRESENTATION_CONTEXT('2D SPACE',''
  ) );
#3757 = ORIENTED_EDGE('',*,*,#3364,.F.);
#3758 = ADVANCED_FACE('',(#3759),#3416,.F.);
#3759 = FACE_BOUND('',#3760,.F.);
#3760 = EDGE_LOOP('',(#3761,#3762,#3783,#3805));
#3761 = ORIENTED_EDGE('',*,*,#3736,.T.);
#3762 = ORIENTED_EDGE('',*,*,#3763,.F.);
#3763 = EDGE_CURVE('',#3764,#3466,#3766,.T.);
#3764 = VERTEX_POINT('',#3765);
#3765 = CARTESIAN_POINT('',(2.396157619461,2.20383019957,-1.04077893122)
  );
#3766 = SURFACE_CURVE('',#3767,(#3771,#3777),.PCURVE_S1.);
#3767 = LINE('',#3768,#3769);
#3768 = CARTESIAN_POINT('',(2.591119438117,4.231793025201,
    -1.057835880173));
#3769 = VECTOR('',#3770,1.);
#3770 = DIRECTION('',(9.569222199059E-02,0.995375762476,
    -8.371984611782E-03));
#3771 = PCURVE('',#3416,#3772);
#3772 = DEFINITIONAL_REPRESENTATION('',(#3773),#3776);
#3773 = B_SPLINE_CURVE_WITH_KNOTS('',1,(#3774,#3775),.UNSPECIFIED.,.F.,
  .F.,(2,2),(-2.776294149414,0.520614419533),.PIECEWISE_BEZIER_KNOTS.);
#3774 = CARTESIAN_POINT('',(-1.629379021277,-1.531662880629));
#3775 = CARTESIAN_POINT('',(-1.312685399773,1.75));
#3776 = ( GEOMETRIC_REPRESENTATION_CONTEXT(2) 
PARAMETRIC_REPRESENTATION_CONTEXT() REPRESENTATION_CONTEXT('2D SPACE',''
  ) );
#3777 = PCURVE('',#2846,#3778);
#3778 = DEFINITIONAL_REPRESENTATION('',(#3779),#3782);
#3779 = B_SPLINE_CURVE_WITH_KNOTS('',1,(#3780,#3781),.UNSPECIFIED.,.F.,
  .F.,(2,2),(-2.776294149414,0.520614419533),.PIECEWISE_BEZIER_KNOTS.);
#3780 = CARTESIAN_POINT('',(-6.478289784291,-3.25));
#3781 = CARTESIAN_POINT('',(-6.153979777641,3.091894620762E-02));
#3782 = ( GEOMETRIC_REPRESENTATION_CONTEXT(2) 
PARAMETRIC_REPRESENTATION_CONTEXT() REPRESENTATION_CONTEXT('2D SPACE',''
  ) );
#3783 = ORIENTED_EDGE('',*,*,#3784,.T.);
#3784 = EDGE_CURVE('',#3764,#3402,#3785,.T.);
#3785 = SURFACE_CURVE('',#3786,(#3791,#3798),.PCURVE_S1.);
#3786 = CIRCLE('',#3787,1.75);
#3787 = AXIS2_PLACEMENT_3D('',#3788,#3789,#3790);
#3788 = CARTESIAN_POINT('',(3.948628424239,3.,-1.176602527093));
#3789 = DIRECTION('',(8.715574274766E-02,-0.,0.996194698092));
#3790 = DIRECTION('',(0.996194698092,0.,-8.715574274766E-02));
#3791 = PCURVE('',#3416,#3792);
#3792 = DEFINITIONAL_REPRESENTATION('',(#3793),#3797);
#3793 = CIRCLE('',#3794,1.75);
#3794 = AXIS2_PLACEMENT_2D('',#3795,#3796);
#3795 = CARTESIAN_POINT('',(9.767429518139E-17,-1.239108604125E-16));
#3796 = DIRECTION('',(1.,0.));
#3797 = ( GEOMETRIC_REPRESENTATION_CONTEXT(2) 
PARAMETRIC_REPRESENTATION_CONTEXT() REPRESENTATION_CONTEXT('2D SPACE',''
  ) );
#3798 = PCURVE('',#3447,#3799);
#3799 = DEFINITIONAL_REPRESENTATION('',(#3800),#3804);
#3800 = LINE('',#3801,#3802);
#3801 = CARTESIAN_POINT('',(-7.280150981149E-18,3.08148791102E-33));
#3802 = VECTOR('',#3803,1.);
#3803 = DIRECTION('',(-0.,1.));
#3804 = ( GEOMETRIC_REPRESENTATION_CONTEXT(2) 
PARAMETRIC_REPRESENTATION_CONTEXT() REPRESENTATION_CONTEXT('2D SPACE',''
  ) );
#3805 = ORIENTED_EDGE('',*,*,#3401,.F.);
#3806 = ADVANCED_FACE('',(#3807),#3447,.T.);
#3807 = FACE_BOUND('',#3808,.F.);
#3808 = EDGE_LOOP('',(#3809,#3810,#3811));
#3809 = ORIENTED_EDGE('',*,*,#3427,.T.);
#3810 = ORIENTED_EDGE('',*,*,#3784,.F.);
#3811 = ORIENTED_EDGE('',*,*,#3812,.F.);
#3812 = EDGE_CURVE('',#3273,#3764,#3813,.T.);
#3813 = SURFACE_CURVE('',#3814,(#3872,#3933),.PCURVE_S1.);
#3814 = B_SPLINE_CURVE_WITH_KNOTS('',6,(#3815,#3816,#3817,#3818,#3819,
    #3820,#3821,#3822,#3823,#3824,#3825,#3826,#3827,#3828,#3829,#3830,
    #3831,#3832,#3833,#3834,#3835,#3836,#3837,#3838,#3839,#3840,#3841,
    #3842,#3843,#3844,#3845,#3846,#3847,#3848,#3849,#3850,#3851,#3852,
    #3853,#3854,#3855,#3856,#3857,#3858,#3859,#3860,#3861,#3862,#3863,
    #3864,#3865,#3866,#3867,#3868,#3869,#3870,#3871),.UNSPECIFIED.,.F.,
  .F.,(7,5,5,5,5,5,5,5,5,5,5,7),(0.,4.392720160632E-02,0.196618226704,
    0.26406761273,0.371714661346,0.477903722026,0.542004437494,
    0.677935111808,0.78768326391,0.832873488888,0.89684473971,1.),
  .UNSPECIFIED.);
#3815 = CARTESIAN_POINT('',(5.747658347689,3.,-0.267235686524));
#3816 = CARTESIAN_POINT('',(5.747677533169,2.965189268073,-0.26614102118
    ));
#3817 = CARTESIAN_POINT('',(5.746862074932,2.930373430028,
    -0.265245044867));
#3818 = CARTESIAN_POINT('',(5.745211569431,2.895578562231,
    -0.264548670306));
#3819 = CARTESIAN_POINT('',(5.742726780944,2.860830700521,
    -0.264052530721));
#3820 = CARTESIAN_POINT('',(5.739409641574,2.826155840212,
    -0.263756979841));
#3821 = CARTESIAN_POINT('',(5.72085039166,2.671394036457,-0.263332261251
    ));
#3822 = CARTESIAN_POINT('',(5.696416735625,2.552392939802,
    -0.265426928057));
#3823 = CARTESIAN_POINT('',(5.662092108253,2.435688601976,
    -0.269949983037));
#3824 = CARTESIAN_POINT('',(5.618183769615,2.322331865969,
    -0.276861130337));
#3825 = CARTESIAN_POINT('',(5.565138947633,2.213311668483,
    -0.286084789002));
#3826 = CARTESIAN_POINT('',(5.476361479191,2.063696978067,
    -0.302550326888));
#3827 = CARTESIAN_POINT('',(5.447494572478,2.01887780097,-0.308024188678
    ));
#3828 = CARTESIAN_POINT('',(5.417012620935,1.975157263978,
    -0.313917229147));
#3829 = CARTESIAN_POINT('',(5.384970955212,1.932607928607,
    -0.320218538351));
#3830 = CARTESIAN_POINT('',(5.351429131311,1.891297929993,-0.32691606107
    ));
#3831 = CARTESIAN_POINT('',(5.260626848349,1.787441167737,
    -0.345296903884));
#3832 = CARTESIAN_POINT('',(5.201142913161,1.726909242493,
    -0.357573048471));
#3833 = CARTESIAN_POINT('',(5.138258586871,1.669955053901,-0.37077135258
    ));
#3834 = CARTESIAN_POINT('',(5.072253293991,1.616804036206,
    -0.384832304422));
#3835 = CARTESIAN_POINT('',(5.003423178207,1.567648875268,
    -0.399691383456));
#3836 = CARTESIAN_POINT('',(4.861698851338,1.478262937704,-0.43065725437
    ));
#3837 = CARTESIAN_POINT('',(4.788870624659,1.437919223882,
    -0.446744789238));
#3838 = CARTESIAN_POINT('',(4.713889591689,1.401774426726,
    -0.463476706116));
#3839 = CARTESIAN_POINT('',(4.637059256129,1.369950316749,
    -0.480784510273));
#3840 = CARTESIAN_POINT('',(4.558688093347,1.34253861366,-0.498597581471
    ));
#3841 = CARTESIAN_POINT('',(4.43103672466,1.305758873326,-0.52785801105)
  );
#3842 = CARTESIAN_POINT('',(4.382537649324,1.293545363148,
    -0.539030163999));
#3843 = CARTESIAN_POINT('',(4.333658451421,1.282976925572,
    -0.550344394182));
#3844 = CARTESIAN_POINT('',(4.284467264027,1.274063913877,
    -0.561784793508));
#3845 = CARTESIAN_POINT('',(4.235032107089,1.266813133092,
    -0.573335369725));
#3846 = CARTESIAN_POINT('',(4.080216343382,1.249383780972,
    -0.609673511142));
#3847 = CARTESIAN_POINT('',(3.974219485177,1.245029451843,-0.63479028015
    ));
#3848 = CARTESIAN_POINT('',(3.868077654387,1.248196449684,
    -0.660177117605));
#3849 = CARTESIAN_POINT('',(3.762428775687,1.258849754131,
    -0.685680945068));
#3850 = CARTESIAN_POINT('',(3.65790009543,1.27689337611,-0.711149318917)
  );
#3851 = CARTESIAN_POINT('',(3.472113430478,1.322588779374,
    -0.756842839599));
#3852 = CARTESIAN_POINT('',(3.390250568512,1.34772045329,-0.777133177957
    ));
#3853 = CARTESIAN_POINT('',(3.309841865765,1.37749136845,-0.79722234885)
  );
#3854 = CARTESIAN_POINT('',(3.231204916999,1.411798098397,
    -0.817031448415));
#3855 = CARTESIAN_POINT('',(3.154651380312,1.450513450077,
    -0.836482242918));
#3856 = CARTESIAN_POINT('',(3.049948822272,1.511181159588,
    -0.863326811071));
#3857 = CARTESIAN_POINT('',(3.019815728663,1.529597706295,
    -0.871082554633));
#3858 = CARTESIAN_POINT('',(2.990109033394,1.548725544242,
    -0.878758985325));
#3859 = CARTESIAN_POINT('',(2.960849859617,1.56855338057,-0.886350717048
    ));
#3860 = CARTESIAN_POINT('',(2.932059116549,1.589069189275,-0.89385239171
    ));
#3861 = CARTESIAN_POINT('',(2.863693750176,1.640258207035,
    -0.911743014658));
#3862 = CARTESIAN_POINT('',(2.824610089908,1.671609249131,
    -0.922036220176));
#3863 = CARTESIAN_POINT('',(2.786565363134,1.704277179018,
    -0.932123144143));
#3864 = CARTESIAN_POINT('',(2.749617202385,1.738222628063,
    -0.941988823124));
#3865 = CARTESIAN_POINT('',(2.713822028265,1.773403017485,
    -0.951618481893));
#3866 = CARTESIAN_POINT('',(2.623462671125,1.86841936309,-0.976121491319
    ));
#3867 = CARTESIAN_POINT('',(2.570831277473,1.930158732354,-0.99059397153
    ));
#3868 = CARTESIAN_POINT('',(2.521572493958,1.994797157374,
    -1.004353730963));
#3869 = CARTESIAN_POINT('',(2.475907123656,2.062119262764,
    -1.017341420133));
#3870 = CARTESIAN_POINT('',(2.434040463325,2.131885559781,
    -1.029500628738));
#3871 = CARTESIAN_POINT('',(2.396157619461,2.20383019957,-1.04077893122)
  );
#3872 = PCURVE('',#3447,#3873);
#3873 = DEFINITIONAL_REPRESENTATION('',(#3874),#3932);
#3874 = B_SPLINE_CURVE_WITH_KNOTS('',6,(#3875,#3876,#3877,#3878,#3879,
    #3880,#3881,#3882,#3883,#3884,#3885,#3886,#3887,#3888,#3889,#3890,
    #3891,#3892,#3893,#3894,#3895,#3896,#3897,#3898,#3899,#3900,#3901,
    #3902,#3903,#3904,#3905,#3906,#3907,#3908,#3909,#3910,#3911,#3912,
    #3913,#3914,#3915,#3916,#3917,#3918,#3919,#3920,#3921,#3922,#3923,
    #3924,#3925,#3926,#3927,#3928,#3929,#3930,#3931),.UNSPECIFIED.,.F.,
  .F.,(7,5,5,5,5,5,5,5,5,5,5,7),(0.,4.392720160632E-02,0.196618226704,
    0.26406761273,0.371714661346,0.477903722026,0.542004437494,
    0.677935111808,0.78768326391,0.832873488888,0.89684473971,1.),
  .UNSPECIFIED.);
#3875 = CARTESIAN_POINT('',(-6.974191404472E-02,6.28318530718));
#3876 = CARTESIAN_POINT('',(-6.98137064025E-02,6.263293460364));
#3877 = CARTESIAN_POINT('',(-6.987151287497E-02,6.243398705899));
#3878 = CARTESIAN_POINT('',(-6.991529081428E-02,6.22350174654));
#3879 = CARTESIAN_POINT('',(-6.994500570294E-02,6.203603291728));
#3880 = CARTESIAN_POINT('',(-6.99606311538E-02,6.183704057588));
#3881 = CARTESIAN_POINT('',(-6.996742463341E-02,6.094634799822));
#3882 = CARTESIAN_POINT('',(-6.980224342652E-02,6.02545808335));
#3883 = CARTESIAN_POINT('',(-6.946578681634E-02,5.956318272119));
#3884 = CARTESIAN_POINT('',(-6.895865753747E-02,5.88723766255));
#3885 = CARTESIAN_POINT('',(-6.828231958697E-02,5.818237272556));
#3886 = CARTESIAN_POINT('',(-6.706802518978E-02,5.718925263086));
#3887 = CARTESIAN_POINT('',(-6.666358507504E-02,5.688518282833));
#3888 = CARTESIAN_POINT('',(-6.622701915385E-02,5.65813476111));
#3889 = CARTESIAN_POINT('',(-6.57586440985E-02,5.627776467112));
#3890 = CARTESIAN_POINT('',(-6.525882972474E-02,5.597444962125));
#3891 = CARTESIAN_POINT('',(-6.388081023168E-02,5.518778408403));
#3892 = CARTESIAN_POINT('',(-6.295460552079E-02,5.470486160557));
#3893 = CARTESIAN_POINT('',(-6.195113593762E-02,5.422271597084));
#3894 = CARTESIAN_POINT('',(-6.087245272734E-02,5.374137494962));
#3895 = CARTESIAN_POINT('',(-5.972098526005E-02,5.326084942332));
#3896 = CARTESIAN_POINT('',(-5.729479508793E-02,5.230795989099));
#3897 = CARTESIAN_POINT('',(-5.60219245238E-02,5.183556202985));
#3898 = CARTESIAN_POINT('',(-5.468376399618E-02,5.136397060018));
#3899 = CARTESIAN_POINT('',(-5.328340740404E-02,5.089316185061));
#3900 = CARTESIAN_POINT('',(-5.182436728628E-02,5.042309531905));
#3901 = CARTESIAN_POINT('',(-4.939690903588E-02,4.967039726647));
#3902 = CARTESIAN_POINT('',(-4.846323524473E-02,4.93873188385));
#3903 = CARTESIAN_POINT('',(-4.751050785941E-02,4.910448187584));
#3904 = CARTESIAN_POINT('',(-4.653966467339E-02,4.882187263593));
#3905 = CARTESIAN_POINT('',(-4.555170830294E-02,4.853947539297));
#3906 = CARTESIAN_POINT('',(-4.241863970761E-02,4.765883858756));
#3907 = CARTESIAN_POINT('',(-4.021741598203E-02,4.706127670348));
#3908 = CARTESIAN_POINT('',(-3.795424267652E-02,4.646442204366));
#3909 = CARTESIAN_POINT('',(-3.564069247067E-02,4.586806125734));
#3910 = CARTESIAN_POINT('',(-3.328990160113E-02,4.527195521537));
#3911 = CARTESIAN_POINT('',(-2.900074036929E-02,4.419458602333));
#3912 = CARTESIAN_POINT('',(-2.70701287659E-02,4.37133161996));
#3913 = CARTESIAN_POINT('',(-2.513275966807E-02,4.323191669176));
#3914 = CARTESIAN_POINT('',(-2.319717328654E-02,4.275025268044));
#3915 = CARTESIAN_POINT('',(-2.12726239699E-02,4.226819020443));
#3916 = CARTESIAN_POINT('',(-1.858527137165E-02,4.158688180437));
#3917 = CARTESIAN_POINT('',(-1.780502268552E-02,4.138807767277));
#3918 = CARTESIAN_POINT('',(-1.70290294789E-02,4.11891747861));
#3919 = CARTESIAN_POINT('',(-1.625800434019E-02,4.099016453216));
#3920 = CARTESIAN_POINT('',(-1.549267711348E-02,4.079103866637));
#3921 = CARTESIAN_POINT('',(-1.365952176675E-02,4.030973206512));
#3922 = CARTESIAN_POINT('',(-1.259815887649E-02,4.002742739172));
#3923 = CARTESIAN_POINT('',(-1.155183395721E-02,3.974485295604));
#3924 = CARTESIAN_POINT('',(-1.052271821018E-02,3.946198894745));
#3925 = CARTESIAN_POINT('',(-9.513026308494E-03,3.917881808028));
#3926 = CARTESIAN_POINT('',(-6.931825420237E-03,3.843818678752));
#3927 = CARTESIAN_POINT('',(-5.394990165827E-03,3.798020755346));
#3928 = CARTESIAN_POINT('',(-3.923943266487E-03,3.752133705846));
#3929 = CARTESIAN_POINT('',(-2.528269494882E-03,3.706153559665));
#3930 = CARTESIAN_POINT('',(-1.21734890942E-03,3.660079083237));
#3931 = CARTESIAN_POINT('',(-7.280150981149E-18,3.613913404312));
#3932 = ( GEOMETRIC_REPRESENTATION_CONTEXT(2) 
PARAMETRIC_REPRESENTATION_CONTEXT() REPRESENTATION_CONTEXT('2D SPACE',''
  ) );
#3933 = PCURVE('',#2846,#3934);
#3934 = DEFINITIONAL_REPRESENTATION('',(#3935),#3993);
#3935 = B_SPLINE_CURVE_WITH_KNOTS('',6,(#3936,#3937,#3938,#3939,#3940,
    #3941,#3942,#3943,#3944,#3945,#3946,#3947,#3948,#3949,#3950,#3951,
    #3952,#3953,#3954,#3955,#3956,#3957,#3958,#3959,#3960,#3961,#3962,
    #3963,#3964,#3965,#3966,#3967,#3968,#3969,#3970,#3971,#3972,#3973,
    #3974,#3975,#3976,#3977,#3978,#3979,#3980,#3981,#3982,#3983,#3984,
    #3985,#3986,#3987,#3988,#3989,#3990,#3991,#3992),.UNSPECIFIED.,.F.,
  .F.,(7,5,5,5,5,5,5,5,5,5,5,7),(0.,4.392720160632E-02,0.196618226704,
    0.26406761273,0.371714661346,0.477903722026,0.542004437494,
    0.677935111808,0.78768326391,0.832873488888,0.89684473971,1.),
  .UNSPECIFIED.);
#3936 = CARTESIAN_POINT('',(-2.960391377,-1.743105495201));
#3937 = CARTESIAN_POINT('',(-2.960371655067,-1.77793343411));
#3938 = CARTESIAN_POINT('',(-2.961209914657,-1.812760257757));
#3939 = CARTESIAN_POINT('',(-2.962906570601,-1.847559873984));
#3940 = CARTESIAN_POINT('',(-2.96546083725,-1.882306239889));
#3941 = CARTESIAN_POINT('',(-2.968870728477,-1.916973361823));
#3942 = CARTESIAN_POINT('',(-2.987948920981,-2.071672633365));
#3943 = CARTESIAN_POINT('',(-3.01306577622,-2.190549863163));
#3944 = CARTESIAN_POINT('',(-3.048350168191,-2.307055451961));
#3945 = CARTESIAN_POINT('',(-3.093486245401,-2.420140332874));
#3946 = CARTESIAN_POINT('',(-3.14801427481,-2.528818419382));
#3947 = CARTESIAN_POINT('',(-3.239274085461,-2.677844441904));
#3948 = CARTESIAN_POINT('',(-3.268948151269,-2.722470330356));
#3949 = CARTESIAN_POINT('',(-3.300282420818,-2.765984996878));
#3950 = CARTESIAN_POINT('',(-3.333220016339,-2.808316256981));
#3951 = CARTESIAN_POINT('',(-3.367699716558,-2.849396386234));
#3952 = CARTESIAN_POINT('',(-3.461040958377,-2.952626951552));
#3953 = CARTESIAN_POINT('',(-3.522188147604,-3.012744981248));
#3954 = CARTESIAN_POINT('',(-3.586830807628,-3.069258164025));
#3955 = CARTESIAN_POINT('',(-3.654681700832,-3.121943038783));
#3956 = CARTESIAN_POINT('',(-3.725436402941,-3.170609033532));
#3957 = CARTESIAN_POINT('',(-3.871123540249,-3.258981958374));
#3958 = CARTESIAN_POINT('',(-3.945988146026,-3.298802373065));
#3959 = CARTESIAN_POINT('',(-4.02306575357,-3.334405759482));
#3960 = CARTESIAN_POINT('',(-4.102044372791,-3.365672550631));
#3961 = CARTESIAN_POINT('',(-4.182606902919,-3.392513282122));
#3962 = CARTESIAN_POINT('',(-4.313827582447,-3.428359163752));
#3963 = CARTESIAN_POINT('',(-4.363682759775,-3.44021700649));
#3964 = CARTESIAN_POINT('',(-4.41392868843,-3.450426135678));
#3965 = CARTESIAN_POINT('',(-4.464495330238,-3.458976701024));
#3966 = CARTESIAN_POINT('',(-4.515312763319,-3.465862401383));
#3967 = CARTESIAN_POINT('',(-4.674457392353,-3.482145846313));
#3968 = CARTESIAN_POINT('',(-4.783418070994,-3.485711898337));
#3969 = CARTESIAN_POINT('',(-4.892527775856,-3.481751855451));
#3970 = CARTESIAN_POINT('',(-5.001130744998,-3.470305512148));
#3971 = CARTESIAN_POINT('',(-5.108582193382,-3.45147358189));
#3972 = CARTESIAN_POINT('',(-5.299563713385,-3.40437038027));
#3973 = CARTESIAN_POINT('',(-5.38371557549,-3.378615941081));
#3974 = CARTESIAN_POINT('',(-5.466372618051,-3.348230830101));
#3975 = CARTESIAN_POINT('',(-5.547208365911,-3.313320892771));
#3976 = CARTESIAN_POINT('',(-5.625902446576,-3.274015708505));
#3977 = CARTESIAN_POINT('',(-5.733532634608,-3.212537500164));
#3978 = CARTESIAN_POINT('',(-5.764508291668,-3.193887225341));
#3979 = CARTESIAN_POINT('',(-5.795045627693,-3.174528490234));
#3980 = CARTESIAN_POINT('',(-5.8251229289,-3.154472750751));
#3981 = CARTESIAN_POINT('',(-5.85471870142,-3.133732194709));
#3982 = CARTESIAN_POINT('',(-5.924995659074,-3.082008288525));
#3983 = CARTESIAN_POINT('',(-5.965172153158,-3.050350434153));
#3984 = CARTESIAN_POINT('',(-6.004280663714,-3.017382793722));
#3985 = CARTESIAN_POINT('',(-6.042261946724,-2.983145184924));
#3986 = CARTESIAN_POINT('',(-6.079058003987,-2.947680628137));
#3987 = CARTESIAN_POINT('',(-6.171943935158,-2.851943902601));
#3988 = CARTESIAN_POINT('',(-6.226046976203,-2.789781800416));
#3989 = CARTESIAN_POINT('',(-6.276683104214,-2.724744370715));
#3990 = CARTESIAN_POINT('',(-6.323625342151,-2.657048740971));
#3991 = CARTESIAN_POINT('',(-6.366662652873,-2.586936048208));
#3992 = CARTESIAN_POINT('',(-6.405604754046,-2.514673651924));
#3993 = ( GEOMETRIC_REPRESENTATION_CONTEXT(2) 
PARAMETRIC_REPRESENTATION_CONTEXT() REPRESENTATION_CONTEXT('2D SPACE',''
  ) );
#3994 = ADVANCED_FACE('',(#3995),#2981,.T.);
#3995 = FACE_BOUND('',#3996,.T.);
#3996 = EDGE_LOOP('',(#3997,#4020,#4021,#4022));
#3997 = ORIENTED_EDGE('',*,*,#3998,.F.);
#3998 = EDGE_CURVE('',#3296,#3999,#4001,.T.);
#3999 = VERTEX_POINT('',#4000);
#4000 = CARTESIAN_POINT('',(4.265374950716,3.960940242328,
    -17.28460428235));
#4001 = SURFACE_CURVE('',#4002,(#4006,#4013),.PCURVE_S1.);
#4002 = LINE('',#4003,#4004);
#4003 = CARTESIAN_POINT('',(4.265374950716,2.461675168981,
    -17.23765494965));
#4004 = VECTOR('',#4005,1.);
#4005 = DIRECTION('',(0.,0.999510048898,-3.129955513418E-02));
#4006 = PCURVE('',#2981,#4007);
#4007 = DEFINITIONAL_REPRESENTATION('',(#4008),#4012);
#4008 = LINE('',#4009,#4010);
#4009 = CARTESIAN_POINT('',(-7.,0.));
#4010 = VECTOR('',#4011,1.);
#4011 = DIRECTION('',(0.,1.));
#4012 = ( GEOMETRIC_REPRESENTATION_CONTEXT(2) 
PARAMETRIC_REPRESENTATION_CONTEXT() REPRESENTATION_CONTEXT('2D SPACE',''
  ) );
#4013 = PCURVE('',#2819,#4014);
#4014 = DEFINITIONAL_REPRESENTATION('',(#4015),#4019);
#4015 = LINE('',#4016,#4017);
#4016 = CARTESIAN_POINT('',(0.164774326307,-1.75));
#4017 = VECTOR('',#4018,1.);
#4018 = DIRECTION('',(0.,1.));
#4019 = ( GEOMETRIC_REPRESENTATION_CONTEXT(2) 
PARAMETRIC_REPRESENTATION_CONTEXT() REPRESENTATION_CONTEXT('2D SPACE',''
  ) );
#4020 = ORIENTED_EDGE('',*,*,#3319,.T.);
#4021 = ORIENTED_EDGE('',*,*,#2965,.T.);
#4022 = ORIENTED_EDGE('',*,*,#4023,.F.);
#4023 = EDGE_CURVE('',#3999,#2966,#4024,.T.);
#4024 = SURFACE_CURVE('',#4025,(#4029,#4036),.PCURVE_S1.);
#4025 = LINE('',#4026,#4027);
#4026 = CARTESIAN_POINT('',(11.248718423286,3.976045770311,
    -16.80222915121));
#4027 = VECTOR('',#4028,1.);
#4028 = DIRECTION('',(0.997620496081,2.157932568937E-03,
    6.891073302004E-02));
#4029 = PCURVE('',#2981,#4030);
#4030 = DEFINITIONAL_REPRESENTATION('',(#4031),#4035);
#4031 = LINE('',#4032,#4033);
#4032 = CARTESIAN_POINT('',(0.,1.5));
#4033 = VECTOR('',#4034,1.);
#4034 = DIRECTION('',(1.,0.));
#4035 = ( GEOMETRIC_REPRESENTATION_CONTEXT(2) 
PARAMETRIC_REPRESENTATION_CONTEXT() REPRESENTATION_CONTEXT('2D SPACE',''
  ) );
#4036 = PCURVE('',#3010,#4037);
#4037 = DEFINITIONAL_REPRESENTATION('',(#4038),#4042);
#4038 = LINE('',#4039,#4040);
#4039 = CARTESIAN_POINT('',(105.60250594613,3.552713678801E-15));
#4040 = VECTOR('',#4041,1.);
#4041 = DIRECTION('',(1.,1.543665586241E-17));
#4042 = ( GEOMETRIC_REPRESENTATION_CONTEXT(2) 
PARAMETRIC_REPRESENTATION_CONTEXT() REPRESENTATION_CONTEXT('2D SPACE',''
  ) );
#4043 = ADVANCED_FACE('',(#4044),#3010,.T.);
#4044 = FACE_BOUND('',#4045,.F.);
#4045 = EDGE_LOOP('',(#4046,#4070,#4091,#4092));
#4046 = ORIENTED_EDGE('',*,*,#4047,.T.);
#4047 = EDGE_CURVE('',#3999,#4048,#4050,.T.);
#4048 = VERTEX_POINT('',#4049);
#4049 = CARTESIAN_POINT('',(4.318043536285,3.935567364022,
    -18.09485371649));
#4050 = SURFACE_CURVE('',#4051,(#4056,#4063),.PCURVE_S1.);
#4051 = CIRCLE('',#4052,98.602505946136);
#4052 = AXIS2_PLACEMENT_3D('',#4053,#4054,#4055);
#4053 = CARTESIAN_POINT('',(-94.10250594613,3.748162683368,
    -24.07937524471));
#4054 = DIRECTION('',(-2.975947746177E-21,0.999510048898,
    -3.129955513418E-02));
#4055 = DIRECTION('',(0.997620496081,2.157932568937E-03,
    6.891073302004E-02));
#4056 = PCURVE('',#3010,#4057);
#4057 = DEFINITIONAL_REPRESENTATION('',(#4058),#4062);
#4058 = CIRCLE('',#4059,98.602505946136);
#4059 = AXIS2_PLACEMENT_2D('',#4060,#4061);
#4060 = CARTESIAN_POINT('',(0.,0.));
#4061 = DIRECTION('',(1.,3.603066316328E-17));
#4062 = ( GEOMETRIC_REPRESENTATION_CONTEXT(2) 
PARAMETRIC_REPRESENTATION_CONTEXT() REPRESENTATION_CONTEXT('2D SPACE',''
  ) );
#4063 = PCURVE('',#2819,#4064);
#4064 = DEFINITIONAL_REPRESENTATION('',(#4065),#4069);
#4065 = LINE('',#4066,#4067);
#4066 = CARTESIAN_POINT('',(0.164774326307,-0.25));
#4067 = VECTOR('',#4068,1.);
#4068 = DIRECTION('',(1.,0.));
#4069 = ( GEOMETRIC_REPRESENTATION_CONTEXT(2) 
PARAMETRIC_REPRESENTATION_CONTEXT() REPRESENTATION_CONTEXT('2D SPACE',''
  ) );
#4070 = ORIENTED_EDGE('',*,*,#4071,.T.);
#4071 = EDGE_CURVE('',#4048,#2994,#4072,.T.);
#4072 = SURFACE_CURVE('',#4073,(#4077,#4084),.PCURVE_S1.);
#4073 = LINE('',#4074,#4075);
#4074 = CARTESIAN_POINT('',(11.305126062903,3.948871617824,
    -17.66999990273));
#4075 = VECTOR('',#4076,1.);
#4076 = DIRECTION('',(0.99815464666,1.900607685938E-03,
    6.069340196575E-02));
#4077 = PCURVE('',#3010,#4078);
#4078 = DEFINITIONAL_REPRESENTATION('',(#4079),#4083);
#4079 = LINE('',#4080,#4081);
#4080 = CARTESIAN_POINT('',(105.59892200498,0.8700192463));
#4081 = VECTOR('',#4082,1.);
#4082 = DIRECTION('',(0.999966061969,8.238623113204E-03));
#4083 = ( GEOMETRIC_REPRESENTATION_CONTEXT(2) 
PARAMETRIC_REPRESENTATION_CONTEXT() REPRESENTATION_CONTEXT('2D SPACE',''
  ) );
#4084 = PCURVE('',#3038,#4085);
#4085 = DEFINITIONAL_REPRESENTATION('',(#4086),#4090);
#4086 = LINE('',#4087,#4088);
#4087 = CARTESIAN_POINT('',(0.,1.5));
#4088 = VECTOR('',#4089,1.);
#4089 = DIRECTION('',(1.,0.));
#4090 = ( GEOMETRIC_REPRESENTATION_CONTEXT(2) 
PARAMETRIC_REPRESENTATION_CONTEXT() REPRESENTATION_CONTEXT('2D SPACE',''
  ) );
#4091 = ORIENTED_EDGE('',*,*,#2993,.F.);
#4092 = ORIENTED_EDGE('',*,*,#4023,.F.);
#4093 = ADVANCED_FACE('',(#4094),#3038,.F.);
#4094 = FACE_BOUND('',#4095,.F.);
#4095 = EDGE_LOOP('',(#4096,#4119,#4147,#4175,#4198,#4226,#4247,#4248));
#4096 = ORIENTED_EDGE('',*,*,#4097,.F.);
#4097 = EDGE_CURVE('',#4098,#4048,#4100,.T.);
#4098 = VERTEX_POINT('',#4099);
#4099 = CARTESIAN_POINT('',(4.318043536285,3.735665354242,
    -18.08859380547));
#4100 = SURFACE_CURVE('',#4101,(#4105,#4112),.PCURVE_S1.);
#4101 = LINE('',#4102,#4103);
#4102 = CARTESIAN_POINT('',(4.318043536285,2.436302290675,
    -18.04790438379));
#4103 = VECTOR('',#4104,1.);
#4104 = DIRECTION('',(0.,0.999510048898,-3.129955513418E-02));
#4105 = PCURVE('',#3038,#4106);
#4106 = DEFINITIONAL_REPRESENTATION('',(#4107),#4111);
#4107 = LINE('',#4108,#4109);
#4108 = CARTESIAN_POINT('',(-7.,0.));
#4109 = VECTOR('',#4110,1.);
#4110 = DIRECTION('',(0.,1.));
#4111 = ( GEOMETRIC_REPRESENTATION_CONTEXT(2) 
PARAMETRIC_REPRESENTATION_CONTEXT() REPRESENTATION_CONTEXT('2D SPACE',''
  ) );
#4112 = PCURVE('',#2819,#4113);
#4113 = DEFINITIONAL_REPRESENTATION('',(#4114),#4118);
#4114 = LINE('',#4115,#4116);
#4115 = CARTESIAN_POINT('',(0.173013042622,-1.75));
#4116 = VECTOR('',#4117,1.);
#4117 = DIRECTION('',(0.,1.));
#4118 = ( GEOMETRIC_REPRESENTATION_CONTEXT(2) 
PARAMETRIC_REPRESENTATION_CONTEXT() REPRESENTATION_CONTEXT('2D SPACE',''
  ) );
#4119 = ORIENTED_EDGE('',*,*,#4120,.T.);
#4120 = EDGE_CURVE('',#4098,#4121,#4123,.T.);
#4121 = VERTEX_POINT('',#4122);
#4122 = CARTESIAN_POINT('',(5.815275506275,3.738516265771,
    -17.99755370252));
#4123 = SURFACE_CURVE('',#4124,(#4128,#4135),.PCURVE_S1.);
#4124 = LINE('',#4125,#4126);
#4125 = CARTESIAN_POINT('',(5.06665952128,3.737090810007,-18.04307375399
    ));
#4126 = VECTOR('',#4127,1.);
#4127 = DIRECTION('',(0.99815464666,1.900607685938E-03,
    6.069340196575E-02));
#4128 = PCURVE('',#3038,#4129);
#4129 = DEFINITIONAL_REPRESENTATION('',(#4130),#4134);
#4130 = LINE('',#4131,#4132);
#4131 = CARTESIAN_POINT('',(-6.25,1.3));
#4132 = VECTOR('',#4133,1.);
#4133 = DIRECTION('',(1.,0.));
#4134 = ( GEOMETRIC_REPRESENTATION_CONTEXT(2) 
PARAMETRIC_REPRESENTATION_CONTEXT() REPRESENTATION_CONTEXT('2D SPACE',''
  ) );
#4135 = PCURVE('',#4136,#4141);
#4136 = PLANE('',#4137);
#4137 = AXIS2_PLACEMENT_3D('',#4138,#4139,#4140);
#4138 = CARTESIAN_POINT('',(-94.10250594613,3.548260673588,
    -24.07311533368));
#4139 = DIRECTION('',(0.,0.999510048898,-3.129955513418E-02));
#4140 = DIRECTION('',(0.99815464666,1.900607685938E-03,
    6.069340196575E-02));
#4141 = DEFINITIONAL_REPRESENTATION('',(#4142),#4146);
#4142 = LINE('',#4143,#4144);
#4143 = CARTESIAN_POINT('',(99.352505946136,-0.));
#4144 = VECTOR('',#4145,1.);
#4145 = DIRECTION('',(1.,-9.505577944875E-18));
#4146 = ( GEOMETRIC_REPRESENTATION_CONTEXT(2) 
PARAMETRIC_REPRESENTATION_CONTEXT() REPRESENTATION_CONTEXT('2D SPACE',''
  ) );
#4147 = ORIENTED_EDGE('',*,*,#4148,.F.);
#4148 = EDGE_CURVE('',#4149,#4121,#4151,.T.);
#4149 = VERTEX_POINT('',#4150);
#4150 = CARTESIAN_POINT('',(5.815275506275,0.939888128856,
    -17.90991494814));
#4151 = SURFACE_CURVE('',#4152,(#4156,#4163),.PCURVE_S1.);
#4152 = LINE('',#4153,#4154);
#4153 = CARTESIAN_POINT('',(5.815275506275,2.339202197314,
    -17.95373432533));
#4154 = VECTOR('',#4155,1.);
#4155 = DIRECTION('',(0.,0.999510048898,-3.129955513418E-02));
#4156 = PCURVE('',#3038,#4157);
#4157 = DEFINITIONAL_REPRESENTATION('',(#4158),#4162);
#4158 = LINE('',#4159,#4160);
#4159 = CARTESIAN_POINT('',(-5.5,-0.1));
#4160 = VECTOR('',#4161,1.);
#4161 = DIRECTION('',(0.,1.));
#4162 = ( GEOMETRIC_REPRESENTATION_CONTEXT(2) 
PARAMETRIC_REPRESENTATION_CONTEXT() REPRESENTATION_CONTEXT('2D SPACE',''
  ) );
#4163 = PCURVE('',#4164,#4169);
#4164 = CYLINDRICAL_SURFACE('',#4165,100.10250594613);
#4165 = AXIS2_PLACEMENT_3D('',#4166,#4167,#4168);
#4166 = CARTESIAN_POINT('',(-94.10250594613,2.148946605131,
    -24.0292959565));
#4167 = DIRECTION('',(0.,0.999510048898,-3.129955513418E-02));
#4168 = DIRECTION('',(0.99815464666,1.900607685938E-03,
    6.069340196575E-02));
#4169 = DEFINITIONAL_REPRESENTATION('',(#4170),#4174);
#4170 = LINE('',#4171,#4172);
#4171 = CARTESIAN_POINT('',(0.,0.));
#4172 = VECTOR('',#4173,1.);
#4173 = DIRECTION('',(0.,1.));
#4174 = ( GEOMETRIC_REPRESENTATION_CONTEXT(2) 
PARAMETRIC_REPRESENTATION_CONTEXT() REPRESENTATION_CONTEXT('2D SPACE',''
  ) );
#4175 = ORIENTED_EDGE('',*,*,#4176,.T.);
#4176 = EDGE_CURVE('',#4149,#4177,#4179,.T.);
#4177 = VERTEX_POINT('',#4178);
#4178 = CARTESIAN_POINT('',(16.794976619531,0.960794813402,
    -17.24228752652));
#4179 = SURFACE_CURVE('',#4180,(#4184,#4191),.PCURVE_S1.);
#4180 = LINE('',#4181,#4182);
#4181 = CARTESIAN_POINT('',(11.305126062903,0.950341471129,
    -17.57610123733));
#4182 = VECTOR('',#4183,1.);
#4183 = DIRECTION('',(0.99815464666,1.900607685938E-03,
    6.069340196575E-02));
#4184 = PCURVE('',#3038,#4185);
#4185 = DEFINITIONAL_REPRESENTATION('',(#4186),#4190);
#4186 = LINE('',#4187,#4188);
#4187 = CARTESIAN_POINT('',(0.,-1.5));
#4188 = VECTOR('',#4189,1.);
#4189 = DIRECTION('',(1.,0.));
#4190 = ( GEOMETRIC_REPRESENTATION_CONTEXT(2) 
PARAMETRIC_REPRESENTATION_CONTEXT() REPRESENTATION_CONTEXT('2D SPACE',''
  ) );
#4191 = PCURVE('',#3124,#4192);
#4192 = DEFINITIONAL_REPRESENTATION('',(#4193),#4197);
#4193 = LINE('',#4194,#4195);
#4194 = CARTESIAN_POINT('',(104.0259175869,18.1795965936));
#4195 = VECTOR('',#4196,1.);
#4196 = DIRECTION('',(0.985070540276,0.17215118553));
#4197 = ( GEOMETRIC_REPRESENTATION_CONTEXT(2) 
PARAMETRIC_REPRESENTATION_CONTEXT() REPRESENTATION_CONTEXT('2D SPACE',''
  ) );
#4198 = ORIENTED_EDGE('',*,*,#4199,.T.);
#4199 = EDGE_CURVE('',#4177,#4200,#4202,.T.);
#4200 = VERTEX_POINT('',#4201);
#4201 = CARTESIAN_POINT('',(16.794976619531,3.759422950317,
    -17.32992628089));
#4202 = SURFACE_CURVE('',#4203,(#4207,#4214),.PCURVE_S1.);
#4203 = LINE('',#4204,#4205);
#4204 = CARTESIAN_POINT('',(16.794976619531,2.360108881859,
    -17.28610690371));
#4205 = VECTOR('',#4206,1.);
#4206 = DIRECTION('',(0.,0.999510048898,-3.129955513418E-02));
#4207 = PCURVE('',#3038,#4208);
#4208 = DEFINITIONAL_REPRESENTATION('',(#4209),#4213);
#4209 = LINE('',#4210,#4211);
#4210 = CARTESIAN_POINT('',(5.5,-0.1));
#4211 = VECTOR('',#4212,1.);
#4212 = DIRECTION('',(0.,1.));
#4213 = ( GEOMETRIC_REPRESENTATION_CONTEXT(2) 
PARAMETRIC_REPRESENTATION_CONTEXT() REPRESENTATION_CONTEXT('2D SPACE',''
  ) );
#4214 = PCURVE('',#4215,#4220);
#4215 = CYLINDRICAL_SURFACE('',#4216,111.10250594613);
#4216 = AXIS2_PLACEMENT_3D('',#4217,#4218,#4219);
#4217 = CARTESIAN_POINT('',(-94.10250594613,2.148946605131,
    -24.0292959565));
#4218 = DIRECTION('',(0.,0.999510048898,-3.129955513418E-02));
#4219 = DIRECTION('',(0.99815464666,1.900607685938E-03,
    6.069340196575E-02));
#4220 = DEFINITIONAL_REPRESENTATION('',(#4221),#4225);
#4221 = LINE('',#4222,#4223);
#4222 = CARTESIAN_POINT('',(0.,0.));
#4223 = VECTOR('',#4224,1.);
#4224 = DIRECTION('',(0.,1.));
#4225 = ( GEOMETRIC_REPRESENTATION_CONTEXT(2) 
PARAMETRIC_REPRESENTATION_CONTEXT() REPRESENTATION_CONTEXT('2D SPACE',''
  ) );
#4226 = ORIENTED_EDGE('',*,*,#4227,.T.);
#4227 = EDGE_CURVE('',#4200,#3023,#4228,.T.);
#4228 = SURFACE_CURVE('',#4229,(#4233,#4240),.PCURVE_S1.);
#4229 = LINE('',#4230,#4231);
#4230 = CARTESIAN_POINT('',(17.543592604526,3.760848406081,
    -17.28440622942));
#4231 = VECTOR('',#4232,1.);
#4232 = DIRECTION('',(0.99815464666,1.900607685938E-03,
    6.069340196575E-02));
#4233 = PCURVE('',#3038,#4234);
#4234 = DEFINITIONAL_REPRESENTATION('',(#4235),#4239);
#4235 = LINE('',#4236,#4237);
#4236 = CARTESIAN_POINT('',(6.25,1.3));
#4237 = VECTOR('',#4238,1.);
#4238 = DIRECTION('',(1.,0.));
#4239 = ( GEOMETRIC_REPRESENTATION_CONTEXT(2) 
PARAMETRIC_REPRESENTATION_CONTEXT() REPRESENTATION_CONTEXT('2D SPACE',''
  ) );
#4240 = PCURVE('',#3067,#4241);
#4241 = DEFINITIONAL_REPRESENTATION('',(#4242),#4246);
#4242 = LINE('',#4243,#4244);
#4243 = CARTESIAN_POINT('',(111.85250594613,3.552713678801E-15));
#4244 = VECTOR('',#4245,1.);
#4245 = DIRECTION('',(1.,-1.644447184878E-17));
#4246 = ( GEOMETRIC_REPRESENTATION_CONTEXT(2) 
PARAMETRIC_REPRESENTATION_CONTEXT() REPRESENTATION_CONTEXT('2D SPACE',''
  ) );
#4247 = ORIENTED_EDGE('',*,*,#3022,.T.);
#4248 = ORIENTED_EDGE('',*,*,#4071,.F.);
#4249 = ADVANCED_FACE('',(#4250),#4136,.T.);
#4250 = FACE_BOUND('',#4251,.F.);
#4251 = EDGE_LOOP('',(#4252,#4276,#4304,#4326));
#4252 = ORIENTED_EDGE('',*,*,#4253,.T.);
#4253 = EDGE_CURVE('',#4098,#4254,#4256,.T.);
#4254 = VERTEX_POINT('',#4255);
#4255 = CARTESIAN_POINT('',(4.398788905227,3.688058276803,
    -19.60886309028));
#4256 = SURFACE_CURVE('',#4257,(#4262,#4269),.PCURVE_S1.);
#4257 = CIRCLE('',#4258,98.602505946136);
#4258 = AXIS2_PLACEMENT_3D('',#4259,#4260,#4261);
#4259 = CARTESIAN_POINT('',(-94.10250594613,3.548260673588,
    -24.07311533368));
#4260 = DIRECTION('',(-9.08849378128E-21,0.999510048898,
    -3.129955513418E-02));
#4261 = DIRECTION('',(0.99815464666,1.900607685938E-03,
    6.069340196575E-02));
#4262 = PCURVE('',#4136,#4263);
#4263 = DEFINITIONAL_REPRESENTATION('',(#4264),#4268);
#4264 = CIRCLE('',#4265,98.602505946136);
#4265 = AXIS2_PLACEMENT_2D('',#4266,#4267);
#4266 = CARTESIAN_POINT('',(0.,0.));
#4267 = DIRECTION('',(1.,-0.));
#4268 = ( GEOMETRIC_REPRESENTATION_CONTEXT(2) 
PARAMETRIC_REPRESENTATION_CONTEXT() REPRESENTATION_CONTEXT('2D SPACE',''
  ) );
#4269 = PCURVE('',#2819,#4270);
#4270 = DEFINITIONAL_REPRESENTATION('',(#4271),#4275);
#4271 = LINE('',#4272,#4273);
#4272 = CARTESIAN_POINT('',(0.173013042622,-0.45));
#4273 = VECTOR('',#4274,1.);
#4274 = DIRECTION('',(1.,0.));
#4275 = ( GEOMETRIC_REPRESENTATION_CONTEXT(2) 
PARAMETRIC_REPRESENTATION_CONTEXT() REPRESENTATION_CONTEXT('2D SPACE',''
  ) );
#4276 = ORIENTED_EDGE('',*,*,#4277,.T.);
#4277 = EDGE_CURVE('',#4254,#4278,#4280,.T.);
#4278 = VERTEX_POINT('',#4279);
#4279 = CARTESIAN_POINT('',(5.897249221822,3.690184961139,
    -19.54095022843));
#4280 = SURFACE_CURVE('',#4281,(#4285,#4292),.PCURVE_S1.);
#4281 = LINE('',#4282,#4283);
#4282 = CARTESIAN_POINT('',(5.148019063524,3.689121618971,
    -19.57490665935));
#4283 = VECTOR('',#4284,1.);
#4284 = DIRECTION('',(0.998973544396,1.417789556904E-03,
    4.527524123819E-02));
#4285 = PCURVE('',#4136,#4286);
#4286 = DEFINITIONAL_REPRESENTATION('',(#4287),#4291);
#4287 = LINE('',#4288,#4289);
#4288 = CARTESIAN_POINT('',(99.340652030395,1.534696045814));
#4289 = VECTOR('',#4290,1.);
#4290 = DIRECTION('',(0.999880688306,1.54469787269E-02));
#4291 = ( GEOMETRIC_REPRESENTATION_CONTEXT(2) 
PARAMETRIC_REPRESENTATION_CONTEXT() REPRESENTATION_CONTEXT('2D SPACE',''
  ) );
#4292 = PCURVE('',#4293,#4298);
#4293 = PLANE('',#4294);
#4294 = AXIS2_PLACEMENT_3D('',#4295,#4296,#4297);
#4295 = CARTESIAN_POINT('',(5.148019063524,2.289807550514,
    -19.53108728217));
#4296 = DIRECTION('',(-4.529743476627E-02,3.126742753041E-02,
    0.998484096207));
#4297 = DIRECTION('',(0.998973544396,1.417789556904E-03,
    4.527524123819E-02));
#4298 = DEFINITIONAL_REPRESENTATION('',(#4299),#4303);
#4299 = LINE('',#4300,#4301);
#4300 = CARTESIAN_POINT('',(0.,1.4));
#4301 = VECTOR('',#4302,1.);
#4302 = DIRECTION('',(1.,0.));
#4303 = ( GEOMETRIC_REPRESENTATION_CONTEXT(2) 
PARAMETRIC_REPRESENTATION_CONTEXT() REPRESENTATION_CONTEXT('2D SPACE',''
  ) );
#4304 = ORIENTED_EDGE('',*,*,#4305,.F.);
#4305 = EDGE_CURVE('',#4121,#4278,#4306,.T.);
#4306 = SURFACE_CURVE('',#4307,(#4312,#4319),.PCURVE_S1.);
#4307 = CIRCLE('',#4308,100.10250594613);
#4308 = AXIS2_PLACEMENT_3D('',#4309,#4310,#4311);
#4309 = CARTESIAN_POINT('',(-94.10250594613,3.548260673588,
    -24.07311533368));
#4310 = DIRECTION('',(-1.11132632907E-20,0.999510048898,
    -3.129955513418E-02));
#4311 = DIRECTION('',(0.99815464666,1.900607685938E-03,
    6.069340196575E-02));
#4312 = PCURVE('',#4136,#4313);
#4313 = DEFINITIONAL_REPRESENTATION('',(#4314),#4318);
#4314 = CIRCLE('',#4315,100.10250594613);
#4315 = AXIS2_PLACEMENT_2D('',#4316,#4317);
#4316 = CARTESIAN_POINT('',(0.,0.));
#4317 = DIRECTION('',(1.,3.549075665211E-17));
#4318 = ( GEOMETRIC_REPRESENTATION_CONTEXT(2) 
PARAMETRIC_REPRESENTATION_CONTEXT() REPRESENTATION_CONTEXT('2D SPACE',''
  ) );
#4319 = PCURVE('',#4164,#4320);
#4320 = DEFINITIONAL_REPRESENTATION('',(#4321),#4325);
#4321 = LINE('',#4322,#4323);
#4322 = CARTESIAN_POINT('',(0.,1.4));
#4323 = VECTOR('',#4324,1.);
#4324 = DIRECTION('',(1.,0.));
#4325 = ( GEOMETRIC_REPRESENTATION_CONTEXT(2) 
PARAMETRIC_REPRESENTATION_CONTEXT() REPRESENTATION_CONTEXT('2D SPACE',''
  ) );
#4326 = ORIENTED_EDGE('',*,*,#4120,.F.);
#4327 = ADVANCED_FACE('',(#4328),#4293,.F.);
#4328 = FACE_BOUND('',#4329,.F.);
#4329 = EDGE_LOOP('',(#4330,#4353,#4376,#4397));
#4330 = ORIENTED_EDGE('',*,*,#4331,.F.);
#4331 = EDGE_CURVE('',#4332,#4254,#4334,.T.);
#4332 = VERTEX_POINT('',#4333);
#4333 = CARTESIAN_POINT('',(4.398788905227,0.889430139889,
    -19.52122433591));
#4334 = SURFACE_CURVE('',#4335,(#4339,#4346),.PCURVE_S1.);
#4335 = LINE('',#4336,#4337);
#4336 = CARTESIAN_POINT('',(4.398788905227,2.288744208346,
    -19.56504371309));
#4337 = VECTOR('',#4338,1.);
#4338 = DIRECTION('',(0.,0.999510048898,-3.129955513418E-02));
#4339 = PCURVE('',#4293,#4340);
#4340 = DEFINITIONAL_REPRESENTATION('',(#4341),#4345);
#4341 = LINE('',#4342,#4343);
#4342 = CARTESIAN_POINT('',(-0.75,0.));
#4343 = VECTOR('',#4344,1.);
#4344 = DIRECTION('',(0.,1.));
#4345 = ( GEOMETRIC_REPRESENTATION_CONTEXT(2) 
PARAMETRIC_REPRESENTATION_CONTEXT() REPRESENTATION_CONTEXT('2D SPACE',''
  ) );
#4346 = PCURVE('',#2819,#4347);
#4347 = DEFINITIONAL_REPRESENTATION('',(#4348),#4352);
#4348 = LINE('',#4349,#4350);
#4349 = CARTESIAN_POINT('',(0.188460635714,-1.85));
#4350 = VECTOR('',#4351,1.);
#4351 = DIRECTION('',(0.,1.));
#4352 = ( GEOMETRIC_REPRESENTATION_CONTEXT(2) 
PARAMETRIC_REPRESENTATION_CONTEXT() REPRESENTATION_CONTEXT('2D SPACE',''
  ) );
#4353 = ORIENTED_EDGE('',*,*,#4354,.T.);
#4354 = EDGE_CURVE('',#4332,#4355,#4357,.T.);
#4355 = VERTEX_POINT('',#4356);
#4356 = CARTESIAN_POINT('',(5.897249221822,0.891556824224,
    -19.45331147405));
#4357 = SURFACE_CURVE('',#4358,(#4362,#4369),.PCURVE_S1.);
#4358 = LINE('',#4359,#4360);
#4359 = CARTESIAN_POINT('',(5.148019063524,0.890493482056,
    -19.48726790498));
#4360 = VECTOR('',#4361,1.);
#4361 = DIRECTION('',(0.998973544396,1.417789556904E-03,
    4.527524123819E-02));
#4362 = PCURVE('',#4293,#4363);
#4363 = DEFINITIONAL_REPRESENTATION('',(#4364),#4368);
#4364 = LINE('',#4365,#4366);
#4365 = CARTESIAN_POINT('',(0.,-1.4));
#4366 = VECTOR('',#4367,1.);
#4367 = DIRECTION('',(1.,0.));
#4368 = ( GEOMETRIC_REPRESENTATION_CONTEXT(2) 
PARAMETRIC_REPRESENTATION_CONTEXT() REPRESENTATION_CONTEXT('2D SPACE',''
  ) );
#4369 = PCURVE('',#3124,#4370);
#4370 = DEFINITIONAL_REPRESENTATION('',(#4371),#4375);
#4371 = LINE('',#4372,#4373);
#4372 = CARTESIAN_POINT('',(97.593350023279,18.613394881398));
#4373 = VECTOR('',#4374,1.);
#4374 = DIRECTION('',(0.982293794141,0.187347009561));
#4375 = ( GEOMETRIC_REPRESENTATION_CONTEXT(2) 
PARAMETRIC_REPRESENTATION_CONTEXT() REPRESENTATION_CONTEXT('2D SPACE',''
  ) );
#4376 = ORIENTED_EDGE('',*,*,#4377,.T.);
#4377 = EDGE_CURVE('',#4355,#4278,#4378,.T.);
#4378 = SURFACE_CURVE('',#4379,(#4383,#4390),.PCURVE_S1.);
#4379 = LINE('',#4380,#4381);
#4380 = CARTESIAN_POINT('',(5.897249221822,2.290870892681,
    -19.49713085124));
#4381 = VECTOR('',#4382,1.);
#4382 = DIRECTION('',(0.,0.999510048898,-3.129955513418E-02));
#4383 = PCURVE('',#4293,#4384);
#4384 = DEFINITIONAL_REPRESENTATION('',(#4385),#4389);
#4385 = LINE('',#4386,#4387);
#4386 = CARTESIAN_POINT('',(0.75,0.));
#4387 = VECTOR('',#4388,1.);
#4388 = DIRECTION('',(0.,1.));
#4389 = ( GEOMETRIC_REPRESENTATION_CONTEXT(2) 
PARAMETRIC_REPRESENTATION_CONTEXT() REPRESENTATION_CONTEXT('2D SPACE',''
  ) );
#4390 = PCURVE('',#4164,#4391);
#4391 = DEFINITIONAL_REPRESENTATION('',(#4392),#4396);
#4392 = LINE('',#4393,#4394);
#4393 = CARTESIAN_POINT('',(1.544759309129E-02,0.));
#4394 = VECTOR('',#4395,1.);
#4395 = DIRECTION('',(0.,1.));
#4396 = ( GEOMETRIC_REPRESENTATION_CONTEXT(2) 
PARAMETRIC_REPRESENTATION_CONTEXT() REPRESENTATION_CONTEXT('2D SPACE',''
  ) );
#4397 = ORIENTED_EDGE('',*,*,#4277,.F.);
#4398 = ADVANCED_FACE('',(#4399),#4164,.T.);
#4399 = FACE_BOUND('',#4400,.T.);
#4400 = EDGE_LOOP('',(#4401,#4423,#4424,#4425));
#4401 = ORIENTED_EDGE('',*,*,#4402,.T.);
#4402 = EDGE_CURVE('',#4149,#4355,#4403,.T.);
#4403 = SURFACE_CURVE('',#4404,(#4409,#4416),.PCURVE_S1.);
#4404 = CIRCLE('',#4405,100.10250594613);
#4405 = AXIS2_PLACEMENT_3D('',#4406,#4407,#4408);
#4406 = CARTESIAN_POINT('',(-94.10250594613,0.749632536674,
    -23.98547657931));
#4407 = DIRECTION('',(-1.11132632907E-20,0.999510048898,
    -3.129955513418E-02));
#4408 = DIRECTION('',(0.99815464666,1.900607685938E-03,
    6.069340196575E-02));
#4409 = PCURVE('',#4164,#4410);
#4410 = DEFINITIONAL_REPRESENTATION('',(#4411),#4415);
#4411 = LINE('',#4412,#4413);
#4412 = CARTESIAN_POINT('',(0.,-1.4));
#4413 = VECTOR('',#4414,1.);
#4414 = DIRECTION('',(1.,0.));
#4415 = ( GEOMETRIC_REPRESENTATION_CONTEXT(2) 
PARAMETRIC_REPRESENTATION_CONTEXT() REPRESENTATION_CONTEXT('2D SPACE',''
  ) );
#4416 = PCURVE('',#3124,#4417);
#4417 = DEFINITIONAL_REPRESENTATION('',(#4418),#4422);
#4418 = CIRCLE('',#4419,100.10250594613);
#4419 = AXIS2_PLACEMENT_2D('',#4420,#4421);
#4420 = CARTESIAN_POINT('',(0.,0.));
#4421 = DIRECTION('',(0.985070540276,0.17215118553));
#4422 = ( GEOMETRIC_REPRESENTATION_CONTEXT(2) 
PARAMETRIC_REPRESENTATION_CONTEXT() REPRESENTATION_CONTEXT('2D SPACE',''
  ) );
#4423 = ORIENTED_EDGE('',*,*,#4377,.T.);
#4424 = ORIENTED_EDGE('',*,*,#4305,.F.);
#4425 = ORIENTED_EDGE('',*,*,#4148,.F.);
#4426 = ADVANCED_FACE('',(#4427),#4215,.F.);
#4427 = FACE_BOUND('',#4428,.F.);
#4428 = EDGE_LOOP('',(#4429,#4453,#4476,#4498));
#4429 = ORIENTED_EDGE('',*,*,#4430,.T.);
#4430 = EDGE_CURVE('',#4177,#4431,#4433,.T.);
#4431 = VERTEX_POINT('',#4432);
#4432 = CARTESIAN_POINT('',(16.88595821018,0.90715250935,-18.95528382043
    ));
#4433 = SURFACE_CURVE('',#4434,(#4439,#4446),.PCURVE_S1.);
#4434 = CIRCLE('',#4435,111.10250594613);
#4435 = AXIS2_PLACEMENT_3D('',#4436,#4437,#4438);
#4436 = CARTESIAN_POINT('',(-94.10250594613,0.749632536674,
    -23.98547657931));
#4437 = DIRECTION('',(-9.594686158636E-21,0.999510048898,
    -3.129955513418E-02));
#4438 = DIRECTION('',(0.99815464666,1.900607685938E-03,
    6.069340196575E-02));
#4439 = PCURVE('',#4215,#4440);
#4440 = DEFINITIONAL_REPRESENTATION('',(#4441),#4445);
#4441 = LINE('',#4442,#4443);
#4442 = CARTESIAN_POINT('',(0.,-1.4));
#4443 = VECTOR('',#4444,1.);
#4444 = DIRECTION('',(1.,0.));
#4445 = ( GEOMETRIC_REPRESENTATION_CONTEXT(2) 
PARAMETRIC_REPRESENTATION_CONTEXT() REPRESENTATION_CONTEXT('2D SPACE',''
  ) );
#4446 = PCURVE('',#3124,#4447);
#4447 = DEFINITIONAL_REPRESENTATION('',(#4448),#4452);
#4448 = CIRCLE('',#4449,111.10250594613);
#4449 = AXIS2_PLACEMENT_2D('',#4450,#4451);
#4450 = CARTESIAN_POINT('',(0.,0.));
#4451 = DIRECTION('',(0.985070540276,0.17215118553));
#4452 = ( GEOMETRIC_REPRESENTATION_CONTEXT(2) 
PARAMETRIC_REPRESENTATION_CONTEXT() REPRESENTATION_CONTEXT('2D SPACE',''
  ) );
#4453 = ORIENTED_EDGE('',*,*,#4454,.T.);
#4454 = EDGE_CURVE('',#4431,#4455,#4457,.T.);
#4455 = VERTEX_POINT('',#4456);
#4456 = CARTESIAN_POINT('',(16.88595821018,3.705780646265,
    -19.04292257481));
#4457 = SURFACE_CURVE('',#4458,(#4462,#4469),.PCURVE_S1.);
#4458 = LINE('',#4459,#4460);
#4459 = CARTESIAN_POINT('',(16.88595821018,2.306466577807,
    -18.99910319762));
#4460 = VECTOR('',#4461,1.);
#4461 = DIRECTION('',(0.,0.999510048898,-3.129955513418E-02));
#4462 = PCURVE('',#4215,#4463);
#4463 = DEFINITIONAL_REPRESENTATION('',(#4464),#4468);
#4464 = LINE('',#4465,#4466);
#4465 = CARTESIAN_POINT('',(1.544759309129E-02,0.));
#4466 = VECTOR('',#4467,1.);
#4467 = DIRECTION('',(0.,1.));
#4468 = ( GEOMETRIC_REPRESENTATION_CONTEXT(2) 
PARAMETRIC_REPRESENTATION_CONTEXT() REPRESENTATION_CONTEXT('2D SPACE',''
  ) );
#4469 = PCURVE('',#3095,#4470);
#4470 = DEFINITIONAL_REPRESENTATION('',(#4471),#4475);
#4471 = LINE('',#4472,#4473);
#4472 = CARTESIAN_POINT('',(-0.75,0.));
#4473 = VECTOR('',#4474,1.);
#4474 = DIRECTION('',(0.,1.));
#4475 = ( GEOMETRIC_REPRESENTATION_CONTEXT(2) 
PARAMETRIC_REPRESENTATION_CONTEXT() REPRESENTATION_CONTEXT('2D SPACE',''
  ) );
#4476 = ORIENTED_EDGE('',*,*,#4477,.F.);
#4477 = EDGE_CURVE('',#4200,#4455,#4478,.T.);
#4478 = SURFACE_CURVE('',#4479,(#4484,#4491),.PCURVE_S1.);
#4479 = CIRCLE('',#4480,111.10250594613);
#4480 = AXIS2_PLACEMENT_3D('',#4481,#4482,#4483);
#4481 = CARTESIAN_POINT('',(-94.10250594613,3.548260673588,
    -24.07311533368));
#4482 = DIRECTION('',(-9.594686158636E-21,0.999510048898,
    -3.129955513418E-02));
#4483 = DIRECTION('',(0.99815464666,1.900607685938E-03,
    6.069340196575E-02));
#4484 = PCURVE('',#4215,#4485);
#4485 = DEFINITIONAL_REPRESENTATION('',(#4486),#4490);
#4486 = LINE('',#4487,#4488);
#4487 = CARTESIAN_POINT('',(0.,1.4));
#4488 = VECTOR('',#4489,1.);
#4489 = DIRECTION('',(1.,0.));
#4490 = ( GEOMETRIC_REPRESENTATION_CONTEXT(2) 
PARAMETRIC_REPRESENTATION_CONTEXT() REPRESENTATION_CONTEXT('2D SPACE',''
  ) );
#4491 = PCURVE('',#3067,#4492);
#4492 = DEFINITIONAL_REPRESENTATION('',(#4493),#4497);
#4493 = CIRCLE('',#4494,111.10250594613);
#4494 = AXIS2_PLACEMENT_2D('',#4495,#4496);
#4495 = CARTESIAN_POINT('',(0.,0.));
#4496 = DIRECTION('',(1.,-0.));
#4497 = ( GEOMETRIC_REPRESENTATION_CONTEXT(2) 
PARAMETRIC_REPRESENTATION_CONTEXT() REPRESENTATION_CONTEXT('2D SPACE',''
  ) );
#4498 = ORIENTED_EDGE('',*,*,#4199,.F.);
#4499 = ADVANCED_FACE('',(#4500),#3067,.T.);
#4500 = FACE_BOUND('',#4501,.F.);
#4501 = EDGE_LOOP('',(#4502,#4503,#4524,#4525));
#4502 = ORIENTED_EDGE('',*,*,#4477,.T.);
#4503 = ORIENTED_EDGE('',*,*,#4504,.T.);
#4504 = EDGE_CURVE('',#4455,#3051,#4505,.T.);
#4505 = SURFACE_CURVE('',#4506,(#4510,#4517),.PCURVE_S1.);
#4506 = LINE('',#4507,#4508);
#4507 = CARTESIAN_POINT('',(17.635188368478,3.706843988432,
    -19.00896614388));
#4508 = VECTOR('',#4509,1.);
#4509 = DIRECTION('',(0.998973544396,1.417789556904E-03,
    4.527524123819E-02));
#4510 = PCURVE('',#3067,#4511);
#4511 = DEFINITIONAL_REPRESENTATION('',(#4512),#4516);
#4512 = LINE('',#4513,#4514);
#4513 = CARTESIAN_POINT('',(111.83916063422,1.7277832799));
#4514 = VECTOR('',#4515,1.);
#4515 = DIRECTION('',(0.999880688306,1.54469787269E-02));
#4516 = ( GEOMETRIC_REPRESENTATION_CONTEXT(2) 
PARAMETRIC_REPRESENTATION_CONTEXT() REPRESENTATION_CONTEXT('2D SPACE',''
  ) );
#4517 = PCURVE('',#3095,#4518);
#4518 = DEFINITIONAL_REPRESENTATION('',(#4519),#4523);
#4519 = LINE('',#4520,#4521);
#4520 = CARTESIAN_POINT('',(0.,1.4));
#4521 = VECTOR('',#4522,1.);
#4522 = DIRECTION('',(1.,0.));
#4523 = ( GEOMETRIC_REPRESENTATION_CONTEXT(2) 
PARAMETRIC_REPRESENTATION_CONTEXT() REPRESENTATION_CONTEXT('2D SPACE',''
  ) );
#4524 = ORIENTED_EDGE('',*,*,#3050,.F.);
#4525 = ORIENTED_EDGE('',*,*,#4227,.F.);
#4526 = ADVANCED_FACE('',(#4527),#3095,.F.);
#4527 = FACE_BOUND('',#4528,.F.);
#4528 = EDGE_LOOP('',(#4529,#4530,#4551,#4552));
#4529 = ORIENTED_EDGE('',*,*,#4454,.F.);
#4530 = ORIENTED_EDGE('',*,*,#4531,.T.);
#4531 = EDGE_CURVE('',#4431,#3080,#4532,.T.);
#4532 = SURFACE_CURVE('',#4533,(#4537,#4544),.PCURVE_S1.);
#4533 = LINE('',#4534,#4535);
#4534 = CARTESIAN_POINT('',(17.635188368478,0.908215851518,
    -18.9213273895));
#4535 = VECTOR('',#4536,1.);
#4536 = DIRECTION('',(0.998973544396,1.417789556904E-03,
    4.527524123819E-02));
#4537 = PCURVE('',#3095,#4538);
#4538 = DEFINITIONAL_REPRESENTATION('',(#4539),#4543);
#4539 = LINE('',#4540,#4541);
#4540 = CARTESIAN_POINT('',(0.,-1.4));
#4541 = VECTOR('',#4542,1.);
#4542 = DIRECTION('',(1.,0.));
#4543 = ( GEOMETRIC_REPRESENTATION_CONTEXT(2) 
PARAMETRIC_REPRESENTATION_CONTEXT() REPRESENTATION_CONTEXT('2D SPACE',''
  ) );
#4544 = PCURVE('',#3124,#4545);
#4545 = DEFINITIONAL_REPRESENTATION('',(#4546),#4550);
#4546 = LINE('',#4547,#4548);
#4547 = CARTESIAN_POINT('',(109.87202245004,20.955232500911));
#4548 = VECTOR('',#4549,1.);
#4549 = DIRECTION('',(0.982293794141,0.187347009561));
#4550 = ( GEOMETRIC_REPRESENTATION_CONTEXT(2) 
PARAMETRIC_REPRESENTATION_CONTEXT() REPRESENTATION_CONTEXT('2D SPACE',''
  ) );
#4551 = ORIENTED_EDGE('',*,*,#3079,.T.);
#4552 = ORIENTED_EDGE('',*,*,#4504,.F.);
#4553 = ADVANCED_FACE('',(#4554),#3152,.T.);
#4554 = FACE_BOUND('',#4555,.T.);
#4555 = EDGE_LOOP('',(#4556,#4586,#4607,#4608));
#4556 = ORIENTED_EDGE('',*,*,#4557,.F.);
#4557 = EDGE_CURVE('',#4558,#4560,#4562,.T.);
#4558 = VERTEX_POINT('',#4559);
#4559 = CARTESIAN_POINT('',(16.124247728726,0.313871679374,
    -37.90092534274));
#4560 = VERTEX_POINT('',#4561);
#4561 = CARTESIAN_POINT('',(16.124247728726,3.112499816289,
    -37.98856409711));
#4562 = SURFACE_CURVE('',#4563,(#4567,#4574),.PCURVE_S1.);
#4563 = LINE('',#4564,#4565);
#4564 = CARTESIAN_POINT('',(16.124247728726,1.713185747831,
    -37.94474471993));
#4565 = VECTOR('',#4566,1.);
#4566 = DIRECTION('',(0.,0.999510048898,-3.129955513418E-02));
#4567 = PCURVE('',#3152,#4568);
#4568 = DEFINITIONAL_REPRESENTATION('',(#4569),#4573);
#4569 = LINE('',#4570,#4571);
#4570 = CARTESIAN_POINT('',(-0.75,0.));
#4571 = VECTOR('',#4572,1.);
#4572 = DIRECTION('',(0.,1.));
#4573 = ( GEOMETRIC_REPRESENTATION_CONTEXT(2) 
PARAMETRIC_REPRESENTATION_CONTEXT() REPRESENTATION_CONTEXT('2D SPACE',''
  ) );
#4574 = PCURVE('',#4575,#4580);
#4575 = CYLINDRICAL_SURFACE('',#4576,111.10250594613);
#4576 = AXIS2_PLACEMENT_3D('',#4577,#4578,#4579);
#4577 = CARTESIAN_POINT('',(-94.10250594613,2.148946605131,
    -24.0292959565));
#4578 = DIRECTION('',(0.,0.999510048898,-3.129955513418E-02));
#4579 = DIRECTION('',(0.992117619096,-3.922151472544E-03,-0.125248738945
    ));
#4580 = DEFINITIONAL_REPRESENTATION('',(#4581),#4585);
#4581 = LINE('',#4582,#4583);
#4582 = CARTESIAN_POINT('',(0.,0.));
#4583 = VECTOR('',#4584,1.);
#4584 = DIRECTION('',(0.,1.));
#4585 = ( GEOMETRIC_REPRESENTATION_CONTEXT(2) 
PARAMETRIC_REPRESENTATION_CONTEXT() REPRESENTATION_CONTEXT('2D SPACE',''
  ) );
#4586 = ORIENTED_EDGE('',*,*,#4587,.T.);
#4587 = EDGE_CURVE('',#4558,#3108,#4588,.T.);
#4588 = SURFACE_CURVE('',#4589,(#4593,#4600),.PCURVE_S1.);
#4589 = LINE('',#4590,#4591);
#4590 = CARTESIAN_POINT('',(16.868335943048,0.310930065769,
    -37.99486189695));
#4591 = VECTOR('',#4592,1.);
#4592 = DIRECTION('',(0.992117619096,-3.922151472544E-03,-0.125248738945
    ));
#4593 = PCURVE('',#3152,#4594);
#4594 = DEFINITIONAL_REPRESENTATION('',(#4595),#4599);
#4595 = LINE('',#4596,#4597);
#4596 = CARTESIAN_POINT('',(0.,-1.4));
#4597 = VECTOR('',#4598,1.);
#4598 = DIRECTION('',(1.,0.));
#4599 = ( GEOMETRIC_REPRESENTATION_CONTEXT(2) 
PARAMETRIC_REPRESENTATION_CONTEXT() REPRESENTATION_CONTEXT('2D SPACE',''
  ) );
#4600 = PCURVE('',#3124,#4601);
#4601 = DEFINITIONAL_REPRESENTATION('',(#4602),#4606);
#4602 = LINE('',#4603,#4604);
#4603 = CARTESIAN_POINT('',(104.70547710443,39.341405043087));
#4604 = VECTOR('',#4605,1.);
#4605 = DIRECTION('',(0.936103095936,0.351725736588));
#4606 = ( GEOMETRIC_REPRESENTATION_CONTEXT(2) 
PARAMETRIC_REPRESENTATION_CONTEXT() REPRESENTATION_CONTEXT('2D SPACE',''
  ) );
#4607 = ORIENTED_EDGE('',*,*,#3136,.T.);
#4608 = ORIENTED_EDGE('',*,*,#4609,.F.);
#4609 = EDGE_CURVE('',#4560,#3137,#4610,.T.);
#4610 = SURFACE_CURVE('',#4611,(#4615,#4622),.PCURVE_S1.);
#4611 = LINE('',#4612,#4613);
#4612 = CARTESIAN_POINT('',(16.868335943048,3.109558202684,
    -38.08250065132));
#4613 = VECTOR('',#4614,1.);
#4614 = DIRECTION('',(0.992117619096,-3.922151472544E-03,-0.125248738945
    ));
#4615 = PCURVE('',#3152,#4616);
#4616 = DEFINITIONAL_REPRESENTATION('',(#4617),#4621);
#4617 = LINE('',#4618,#4619);
#4618 = CARTESIAN_POINT('',(0.,1.4));
#4619 = VECTOR('',#4620,1.);
#4620 = DIRECTION('',(1.,0.));
#4621 = ( GEOMETRIC_REPRESENTATION_CONTEXT(2) 
PARAMETRIC_REPRESENTATION_CONTEXT() REPRESENTATION_CONTEXT('2D SPACE',''
  ) );
#4622 = PCURVE('',#3181,#4623);
#4623 = DEFINITIONAL_REPRESENTATION('',(#4624),#4628);
#4624 = LINE('',#4625,#4626);
#4625 = CARTESIAN_POINT('',(111.85250594613,-7.105427357601E-15));
#4626 = VECTOR('',#4627,1.);
#4627 = DIRECTION('',(1.,-8.71340109015E-17));
#4628 = ( GEOMETRIC_REPRESENTATION_CONTEXT(2) 
PARAMETRIC_REPRESENTATION_CONTEXT() REPRESENTATION_CONTEXT('2D SPACE',''
  ) );
#4629 = ADVANCED_FACE('',(#4630),#4575,.F.);
#4630 = FACE_BOUND('',#4631,.F.);
#4631 = EDGE_LOOP('',(#4632,#4656,#4679,#4701));
#4632 = ORIENTED_EDGE('',*,*,#4633,.T.);
#4633 = EDGE_CURVE('',#4558,#4634,#4636,.T.);
#4634 = VERTEX_POINT('',#4635);
#4635 = CARTESIAN_POINT('',(15.896039379631,0.26063084721,
    -39.60110116093));
#4636 = SURFACE_CURVE('',#4637,(#4642,#4649),.PCURVE_S1.);
#4637 = CIRCLE('',#4638,111.10250594613);
#4638 = AXIS2_PLACEMENT_3D('',#4639,#4640,#4641);
#4639 = CARTESIAN_POINT('',(-94.10250594613,0.749632536674,
    -23.98547657931));
#4640 = DIRECTION('',(-1.475341033816E-19,0.999510048898,
    -3.129955513418E-02));
#4641 = DIRECTION('',(0.992117619096,-3.922151472544E-03,-0.125248738945
    ));
#4642 = PCURVE('',#4575,#4643);
#4643 = DEFINITIONAL_REPRESENTATION('',(#4644),#4648);
#4644 = LINE('',#4645,#4646);
#4645 = CARTESIAN_POINT('',(0.,-1.4));
#4646 = VECTOR('',#4647,1.);
#4647 = DIRECTION('',(1.,0.));
#4648 = ( GEOMETRIC_REPRESENTATION_CONTEXT(2) 
PARAMETRIC_REPRESENTATION_CONTEXT() REPRESENTATION_CONTEXT('2D SPACE',''
  ) );
#4649 = PCURVE('',#3124,#4650);
#4650 = DEFINITIONAL_REPRESENTATION('',(#4651),#4655);
#4651 = CIRCLE('',#4652,111.10250594613);
#4652 = AXIS2_PLACEMENT_2D('',#4653,#4654);
#4653 = CARTESIAN_POINT('',(0.,0.));
#4654 = DIRECTION('',(0.936103095936,0.351725736588));
#4655 = ( GEOMETRIC_REPRESENTATION_CONTEXT(2) 
PARAMETRIC_REPRESENTATION_CONTEXT() REPRESENTATION_CONTEXT('2D SPACE',''
  ) );
#4656 = ORIENTED_EDGE('',*,*,#4657,.T.);
#4657 = EDGE_CURVE('',#4634,#4658,#4660,.T.);
#4658 = VERTEX_POINT('',#4659);
#4659 = CARTESIAN_POINT('',(15.896039379631,3.059258984125,
    -39.68873991531));
#4660 = SURFACE_CURVE('',#4661,(#4665,#4672),.PCURVE_S1.);
#4661 = LINE('',#4662,#4663);
#4662 = CARTESIAN_POINT('',(15.896039379631,1.659944915667,
    -39.64492053812));
#4663 = VECTOR('',#4664,1.);
#4664 = DIRECTION('',(0.,0.999510048898,-3.129955513418E-02));
#4665 = PCURVE('',#4575,#4666);
#4666 = DEFINITIONAL_REPRESENTATION('',(#4667),#4671);
#4667 = LINE('',#4668,#4669);
#4668 = CARTESIAN_POINT('',(1.544759309129E-02,0.));
#4669 = VECTOR('',#4670,1.);
#4670 = DIRECTION('',(0.,1.));
#4671 = ( GEOMETRIC_REPRESENTATION_CONTEXT(2) 
PARAMETRIC_REPRESENTATION_CONTEXT() REPRESENTATION_CONTEXT('2D SPACE',''
  ) );
#4672 = PCURVE('',#3209,#4673);
#4673 = DEFINITIONAL_REPRESENTATION('',(#4674),#4678);
#4674 = LINE('',#4675,#4676);
#4675 = CARTESIAN_POINT('',(-0.75,0.));
#4676 = VECTOR('',#4677,1.);
#4677 = DIRECTION('',(0.,1.));
#4678 = ( GEOMETRIC_REPRESENTATION_CONTEXT(2) 
PARAMETRIC_REPRESENTATION_CONTEXT() REPRESENTATION_CONTEXT('2D SPACE',''
  ) );
#4679 = ORIENTED_EDGE('',*,*,#4680,.F.);
#4680 = EDGE_CURVE('',#4560,#4658,#4681,.T.);
#4681 = SURFACE_CURVE('',#4682,(#4687,#4694),.PCURVE_S1.);
#4682 = CIRCLE('',#4683,111.10250594613);
#4683 = AXIS2_PLACEMENT_3D('',#4684,#4685,#4686);
#4684 = CARTESIAN_POINT('',(-94.10250594613,3.548260673588,
    -24.07311533368));
#4685 = DIRECTION('',(-1.475341033816E-19,0.999510048898,
    -3.129955513418E-02));
#4686 = DIRECTION('',(0.992117619096,-3.922151472544E-03,-0.125248738945
    ));
#4687 = PCURVE('',#4575,#4688);
#4688 = DEFINITIONAL_REPRESENTATION('',(#4689),#4693);
#4689 = LINE('',#4690,#4691);
#4690 = CARTESIAN_POINT('',(0.,1.4));
#4691 = VECTOR('',#4692,1.);
#4692 = DIRECTION('',(1.,0.));
#4693 = ( GEOMETRIC_REPRESENTATION_CONTEXT(2) 
PARAMETRIC_REPRESENTATION_CONTEXT() REPRESENTATION_CONTEXT('2D SPACE',''
  ) );
#4694 = PCURVE('',#3181,#4695);
#4695 = DEFINITIONAL_REPRESENTATION('',(#4696),#4700);
#4696 = CIRCLE('',#4697,111.10250594613);
#4697 = AXIS2_PLACEMENT_2D('',#4698,#4699);
#4698 = CARTESIAN_POINT('',(0.,0.));
#4699 = DIRECTION('',(1.,-0.));
#4700 = ( GEOMETRIC_REPRESENTATION_CONTEXT(2) 
PARAMETRIC_REPRESENTATION_CONTEXT() REPRESENTATION_CONTEXT('2D SPACE',''
  ) );
#4701 = ORIENTED_EDGE('',*,*,#4557,.F.);
#4702 = ADVANCED_FACE('',(#4703),#3181,.T.);
#4703 = FACE_BOUND('',#4704,.F.);
#4704 = EDGE_LOOP('',(#4705,#4706,#4727,#4728));
#4705 = ORIENTED_EDGE('',*,*,#4680,.T.);
#4706 = ORIENTED_EDGE('',*,*,#4707,.T.);
#4707 = EDGE_CURVE('',#4658,#3165,#4708,.T.);
#4708 = SURFACE_CURVE('',#4709,(#4713,#4720),.PCURVE_S1.);
#4709 = LINE('',#4710,#4711);
#4710 = CARTESIAN_POINT('',(16.638587068288,3.055957967069,
    -39.79415354515));
#4711 = VECTOR('',#4712,1.);
#4712 = DIRECTION('',(0.990063584876,-4.401356074729E-03,-0.140551506455
    ));
#4713 = PCURVE('',#3181,#4714);
#4714 = DEFINITIONAL_REPRESENTATION('',(#4715),#4719);
#4715 = LINE('',#4716,#4717);
#4716 = CARTESIAN_POINT('',(111.83916063422,1.7277832799));
#4717 = VECTOR('',#4718,1.);
#4718 = DIRECTION('',(0.999880688306,1.54469787269E-02));
#4719 = ( GEOMETRIC_REPRESENTATION_CONTEXT(2) 
PARAMETRIC_REPRESENTATION_CONTEXT() REPRESENTATION_CONTEXT('2D SPACE',''
  ) );
#4720 = PCURVE('',#3209,#4721);
#4721 = DEFINITIONAL_REPRESENTATION('',(#4722),#4726);
#4722 = LINE('',#4723,#4724);
#4723 = CARTESIAN_POINT('',(0.,1.4));
#4724 = VECTOR('',#4725,1.);
#4725 = DIRECTION('',(1.,0.));
#4726 = ( GEOMETRIC_REPRESENTATION_CONTEXT(2) 
PARAMETRIC_REPRESENTATION_CONTEXT() REPRESENTATION_CONTEXT('2D SPACE',''
  ) );
#4727 = ORIENTED_EDGE('',*,*,#3164,.F.);
#4728 = ORIENTED_EDGE('',*,*,#4609,.F.);
#4729 = ADVANCED_FACE('',(#4730),#3209,.F.);
#4730 = FACE_BOUND('',#4731,.F.);
#4731 = EDGE_LOOP('',(#4732,#4733,#4754,#4755));
#4732 = ORIENTED_EDGE('',*,*,#4657,.F.);
#4733 = ORIENTED_EDGE('',*,*,#4734,.T.);
#4734 = EDGE_CURVE('',#4634,#3194,#4735,.T.);
#4735 = SURFACE_CURVE('',#4736,(#4740,#4747),.PCURVE_S1.);
#4736 = LINE('',#4737,#4738);
#4737 = CARTESIAN_POINT('',(16.638587068288,0.257329830154,
    -39.70651479077));
#4738 = VECTOR('',#4739,1.);
#4739 = DIRECTION('',(0.990063584876,-4.401356074729E-03,-0.140551506455
    ));
#4740 = PCURVE('',#3209,#4741);
#4741 = DEFINITIONAL_REPRESENTATION('',(#4742),#4746);
#4742 = LINE('',#4743,#4744);
#4743 = CARTESIAN_POINT('',(0.,-1.4));
#4744 = VECTOR('',#4745,1.);
#4745 = DIRECTION('',(1.,0.));
#4746 = ( GEOMETRIC_REPRESENTATION_CONTEXT(2) 
PARAMETRIC_REPRESENTATION_CONTEXT() REPRESENTATION_CONTEXT('2D SPACE',''
  ) );
#4747 = PCURVE('',#3124,#4748);
#4748 = DEFINITIONAL_REPRESENTATION('',(#4749),#4753);
#4749 = LINE('',#4750,#4751);
#4750 = CARTESIAN_POINT('',(104.08527866984,40.954094430847));
#4751 = VECTOR('',#4752,1.);
#4752 = DIRECTION('',(0.93055830792,0.366143736204));
#4753 = ( GEOMETRIC_REPRESENTATION_CONTEXT(2) 
PARAMETRIC_REPRESENTATION_CONTEXT() REPRESENTATION_CONTEXT('2D SPACE',''
  ) );
#4754 = ORIENTED_EDGE('',*,*,#3193,.T.);
#4755 = ORIENTED_EDGE('',*,*,#4707,.F.);
#4756 = ADVANCED_FACE('',(#4757),#3124,.T.);
#4757 = FACE_BOUND('',#4758,.F.);
#4758 = EDGE_LOOP('',(#4759,#4760,#4761,#4762,#4786,#4814,#4843,#4871,
    #4895,#4916,#4917,#4918,#4919,#4920,#4921,#4922));
#4759 = ORIENTED_EDGE('',*,*,#4176,.F.);
#4760 = ORIENTED_EDGE('',*,*,#4402,.T.);
#4761 = ORIENTED_EDGE('',*,*,#4354,.F.);
#4762 = ORIENTED_EDGE('',*,*,#4763,.T.);
#4763 = EDGE_CURVE('',#4332,#4764,#4766,.T.);
#4764 = VERTEX_POINT('',#4765);
#4765 = CARTESIAN_POINT('',(3.722777490028,0.36289857278,-36.33531610592
    ));
#4766 = SURFACE_CURVE('',#4767,(#4772,#4779),.PCURVE_S1.);
#4767 = CIRCLE('',#4768,98.602505946136);
#4768 = AXIS2_PLACEMENT_3D('',#4769,#4770,#4771);
#4769 = CARTESIAN_POINT('',(-94.10250594613,0.749632536674,
    -23.98547657931));
#4770 = DIRECTION('',(4.006155916739E-20,0.999510048898,
    -3.129955513418E-02));
#4771 = DIRECTION('',(0.972799174228,7.250544927632E-03,0.231536598015)
  );
#4772 = PCURVE('',#3124,#4773);
#4773 = DEFINITIONAL_REPRESENTATION('',(#4774),#4778);
#4774 = CIRCLE('',#4775,98.602505946136);
#4775 = AXIS2_PLACEMENT_2D('',#4776,#4777);
#4776 = CARTESIAN_POINT('',(0.,0.));
#4777 = DIRECTION('',(1.,2.702299737246E-17));
#4778 = ( GEOMETRIC_REPRESENTATION_CONTEXT(2) 
PARAMETRIC_REPRESENTATION_CONTEXT() REPRESENTATION_CONTEXT('2D SPACE',''
  ) );
#4779 = PCURVE('',#2819,#4780);
#4780 = DEFINITIONAL_REPRESENTATION('',(#4781),#4785);
#4781 = LINE('',#4782,#4783);
#4782 = CARTESIAN_POINT('',(0.,-3.25));
#4783 = VECTOR('',#4784,1.);
#4784 = DIRECTION('',(1.,0.));
#4785 = ( GEOMETRIC_REPRESENTATION_CONTEXT(2) 
PARAMETRIC_REPRESENTATION_CONTEXT() REPRESENTATION_CONTEXT('2D SPACE',''
  ) );
#4786 = ORIENTED_EDGE('',*,*,#4787,.T.);
#4787 = EDGE_CURVE('',#4764,#4788,#4790,.T.);
#4788 = VERTEX_POINT('',#4789);
#4789 = CARTESIAN_POINT('',(5.210953918672,0.357015345572,
    -36.52318921434));
#4790 = SURFACE_CURVE('',#4791,(#4795,#4802),.PCURVE_S1.);
#4791 = LINE('',#4792,#4793);
#4792 = CARTESIAN_POINT('',(4.46686570435,0.359956959176,-36.42925266013
    ));
#4793 = VECTOR('',#4794,1.);
#4794 = DIRECTION('',(0.992117619096,-3.922151472544E-03,-0.125248738945
    ));
#4795 = PCURVE('',#3124,#4796);
#4796 = DEFINITIONAL_REPRESENTATION('',(#4797),#4801);
#4797 = LINE('',#4798,#4799);
#4798 = CARTESIAN_POINT('',(93.004188405224,34.94483333574));
#4799 = VECTOR('',#4800,1.);
#4800 = DIRECTION('',(0.936103095936,0.351725736588));
#4801 = ( GEOMETRIC_REPRESENTATION_CONTEXT(2) 
PARAMETRIC_REPRESENTATION_CONTEXT() REPRESENTATION_CONTEXT('2D SPACE',''
  ) );
#4802 = PCURVE('',#4803,#4808);
#4803 = PLANE('',#4804);
#4804 = AXIS2_PLACEMENT_3D('',#4805,#4806,#4807);
#4805 = CARTESIAN_POINT('',(4.46686570435,1.759271027634,-36.47307203732
    ));
#4806 = DIRECTION('',(0.125310134784,3.105284011848E-02,0.991631529975)
  );
#4807 = DIRECTION('',(0.992117619096,-3.922151472544E-03,-0.125248738945
    ));
#4808 = DEFINITIONAL_REPRESENTATION('',(#4809),#4813);
#4809 = LINE('',#4810,#4811);
#4810 = CARTESIAN_POINT('',(0.,-1.4));
#4811 = VECTOR('',#4812,1.);
#4812 = DIRECTION('',(1.,0.));
#4813 = ( GEOMETRIC_REPRESENTATION_CONTEXT(2) 
PARAMETRIC_REPRESENTATION_CONTEXT() REPRESENTATION_CONTEXT('2D SPACE',''
  ) );
#4814 = ORIENTED_EDGE('',*,*,#4815,.T.);
#4815 = EDGE_CURVE('',#4788,#4816,#4818,.T.);
#4816 = VERTEX_POINT('',#4817);
#4817 = CARTESIAN_POINT('',(5.005339945992,0.309045764032,
    -38.05503458993));
#4818 = SURFACE_CURVE('',#4819,(#4824,#4831),.PCURVE_S1.);
#4819 = CIRCLE('',#4820,100.10250594613);
#4820 = AXIS2_PLACEMENT_3D('',#4821,#4822,#4823);
#4821 = CARTESIAN_POINT('',(-94.10250594613,0.749632536674,
    -23.98547657931));
#4822 = DIRECTION('',(-1.402756126766E-19,0.999510048898,
    -3.129955513418E-02));
#4823 = DIRECTION('',(0.992117619096,-3.922151472544E-03,-0.125248738945
    ));
#4824 = PCURVE('',#3124,#4825);
#4825 = DEFINITIONAL_REPRESENTATION('',(#4826),#4830);
#4826 = CIRCLE('',#4827,100.10250594613);
#4827 = AXIS2_PLACEMENT_2D('',#4828,#4829);
#4828 = CARTESIAN_POINT('',(0.,0.));
#4829 = DIRECTION('',(0.936103095936,0.351725736588));
#4830 = ( GEOMETRIC_REPRESENTATION_CONTEXT(2) 
PARAMETRIC_REPRESENTATION_CONTEXT() REPRESENTATION_CONTEXT('2D SPACE',''
  ) );
#4831 = PCURVE('',#4832,#4837);
#4832 = CYLINDRICAL_SURFACE('',#4833,100.10250594613);
#4833 = AXIS2_PLACEMENT_3D('',#4834,#4835,#4836);
#4834 = CARTESIAN_POINT('',(-94.10250594613,2.148946605131,
    -24.0292959565));
#4835 = DIRECTION('',(0.,0.999510048898,-3.129955513418E-02));
#4836 = DIRECTION('',(0.992117619096,-3.922151472544E-03,-0.125248738945
    ));
#4837 = DEFINITIONAL_REPRESENTATION('',(#4838),#4842);
#4838 = LINE('',#4839,#4840);
#4839 = CARTESIAN_POINT('',(0.,-1.4));
#4840 = VECTOR('',#4841,1.);
#4841 = DIRECTION('',(1.,0.));
#4842 = ( GEOMETRIC_REPRESENTATION_CONTEXT(2) 
PARAMETRIC_REPRESENTATION_CONTEXT() REPRESENTATION_CONTEXT('2D SPACE',''
  ) );
#4843 = ORIENTED_EDGE('',*,*,#4844,.F.);
#4844 = EDGE_CURVE('',#4845,#4816,#4847,.T.);
#4845 = VERTEX_POINT('',#4846);
#4846 = CARTESIAN_POINT('',(3.520244568677,0.315647798144,
    -37.84420733025));
#4847 = SURFACE_CURVE('',#4848,(#4852,#4859),.PCURVE_S1.);
#4848 = LINE('',#4849,#4850);
#4849 = CARTESIAN_POINT('',(4.262792257335,0.312346781088,
    -37.94962096009));
#4850 = VECTOR('',#4851,1.);
#4851 = DIRECTION('',(0.990063584876,-4.401356074729E-03,-0.140551506455
    ));
#4852 = PCURVE('',#3124,#4853);
#4853 = DEFINITIONAL_REPRESENTATION('',(#4854),#4858);
#4854 = LINE('',#4855,#4856);
#4855 = CARTESIAN_POINT('',(92.453299820847,36.377297728303));
#4856 = VECTOR('',#4857,1.);
#4857 = DIRECTION('',(0.93055830792,0.366143736204));
#4858 = ( GEOMETRIC_REPRESENTATION_CONTEXT(2) 
PARAMETRIC_REPRESENTATION_CONTEXT() REPRESENTATION_CONTEXT('2D SPACE',''
  ) );
#4859 = PCURVE('',#4860,#4865);
#4860 = PLANE('',#4861);
#4861 = AXIS2_PLACEMENT_3D('',#4862,#4863,#4864);
#4862 = CARTESIAN_POINT('',(4.262792257335,1.711660849545,
    -37.99344033728));
#4863 = DIRECTION('',(0.140620403576,3.098854976117E-02,0.989578502132)
  );
#4864 = DIRECTION('',(0.990063584876,-4.401356074729E-03,-0.140551506455
    ));
#4865 = DEFINITIONAL_REPRESENTATION('',(#4866),#4870);
#4866 = LINE('',#4867,#4868);
#4867 = CARTESIAN_POINT('',(0.,-1.4));
#4868 = VECTOR('',#4869,1.);
#4869 = DIRECTION('',(1.,0.));
#4870 = ( GEOMETRIC_REPRESENTATION_CONTEXT(2) 
PARAMETRIC_REPRESENTATION_CONTEXT() REPRESENTATION_CONTEXT('2D SPACE',''
  ) );
#4871 = ORIENTED_EDGE('',*,*,#4872,.T.);
#4872 = EDGE_CURVE('',#4845,#4873,#4875,.T.);
#4873 = VERTEX_POINT('',#4874);
#4874 = CARTESIAN_POINT('',(3.476940931399,0.306209709899,
    -38.14560024151));
#4875 = SURFACE_CURVE('',#4876,(#4881,#4888),.PCURVE_S1.);
#4876 = CIRCLE('',#4877,98.602505946136);
#4877 = AXIS2_PLACEMENT_3D('',#4878,#4879,#4880);
#4878 = CARTESIAN_POINT('',(-94.10250594613,0.749632536674,
    -23.98547657931));
#4879 = DIRECTION('',(4.006155916739E-20,0.999510048898,
    -3.129955513418E-02));
#4880 = DIRECTION('',(0.972799174228,7.250544927632E-03,0.231536598015)
  );
#4881 = PCURVE('',#3124,#4882);
#4882 = DEFINITIONAL_REPRESENTATION('',(#4883),#4887);
#4883 = CIRCLE('',#4884,98.602505946136);
#4884 = AXIS2_PLACEMENT_2D('',#4885,#4886);
#4885 = CARTESIAN_POINT('',(0.,0.));
#4886 = DIRECTION('',(1.,2.702299737246E-17));
#4887 = ( GEOMETRIC_REPRESENTATION_CONTEXT(2) 
PARAMETRIC_REPRESENTATION_CONTEXT() REPRESENTATION_CONTEXT('2D SPACE',''
  ) );
#4888 = PCURVE('',#2819,#4889);
#4889 = DEFINITIONAL_REPRESENTATION('',(#4890),#4894);
#4890 = LINE('',#4891,#4892);
#4891 = CARTESIAN_POINT('',(0.,-3.25));
#4892 = VECTOR('',#4893,1.);
#4893 = DIRECTION('',(1.,0.));
#4894 = ( GEOMETRIC_REPRESENTATION_CONTEXT(2) 
PARAMETRIC_REPRESENTATION_CONTEXT() REPRESENTATION_CONTEXT('2D SPACE',''
  ) );
#4895 = ORIENTED_EDGE('',*,*,#4896,.T.);
#4896 = EDGE_CURVE('',#4873,#3222,#4897,.T.);
#4897 = SURFACE_CURVE('',#4898,(#4902,#4909),.PCURVE_S1.);
#4898 = LINE('',#4899,#4900);
#4899 = CARTESIAN_POINT('',(10.404311808929,0.274730187572,
    -39.15085730556));
#4900 = VECTOR('',#4901,1.);
#4901 = DIRECTION('',(0.989624411076,-4.49707461813E-03,-0.143608152007)
  );
#4902 = PCURVE('',#3124,#4903);
#4903 = DEFINITIONAL_REPRESENTATION('',(#4904),#4908);
#4904 = LINE('',#4905,#4906);
#4905 = CARTESIAN_POINT('',(98.149362051496,38.969115861001));
#4906 = VECTOR('',#4907,1.);
#4907 = DIRECTION('',(0.929422660685,0.369016961405));
#4908 = ( GEOMETRIC_REPRESENTATION_CONTEXT(2) 
PARAMETRIC_REPRESENTATION_CONTEXT() REPRESENTATION_CONTEXT('2D SPACE',''
  ) );
#4909 = PCURVE('',#2899,#4910);
#4910 = DEFINITIONAL_REPRESENTATION('',(#4911),#4915);
#4911 = LINE('',#4912,#4913);
#4912 = CARTESIAN_POINT('',(0.,-3.25));
#4913 = VECTOR('',#4914,1.);
#4914 = DIRECTION('',(1.,0.));
#4915 = ( GEOMETRIC_REPRESENTATION_CONTEXT(2) 
PARAMETRIC_REPRESENTATION_CONTEXT() REPRESENTATION_CONTEXT('2D SPACE',''
  ) );
#4916 = ORIENTED_EDGE('',*,*,#3221,.F.);
#4917 = ORIENTED_EDGE('',*,*,#4734,.F.);
#4918 = ORIENTED_EDGE('',*,*,#4633,.F.);
#4919 = ORIENTED_EDGE('',*,*,#4587,.T.);
#4920 = ORIENTED_EDGE('',*,*,#3107,.F.);
#4921 = ORIENTED_EDGE('',*,*,#4531,.F.);
#4922 = ORIENTED_EDGE('',*,*,#4430,.F.);
#4923 = ADVANCED_FACE('',(#4924),#4803,.T.);
#4924 = FACE_BOUND('',#4925,.T.);
#4925 = EDGE_LOOP('',(#4926,#4949,#4950,#4973));
#4926 = ORIENTED_EDGE('',*,*,#4927,.F.);
#4927 = EDGE_CURVE('',#4764,#4928,#4930,.T.);
#4928 = VERTEX_POINT('',#4929);
#4929 = CARTESIAN_POINT('',(3.722777490028,3.161526709695,-36.4229548603
    ));
#4930 = SURFACE_CURVE('',#4931,(#4935,#4942),.PCURVE_S1.);
#4931 = LINE('',#4932,#4933);
#4932 = CARTESIAN_POINT('',(3.722777490028,1.762212641238,
    -36.37913548311));
#4933 = VECTOR('',#4934,1.);
#4934 = DIRECTION('',(0.,0.999510048898,-3.129955513418E-02));
#4935 = PCURVE('',#4803,#4936);
#4936 = DEFINITIONAL_REPRESENTATION('',(#4937),#4941);
#4937 = LINE('',#4938,#4939);
#4938 = CARTESIAN_POINT('',(-0.75,0.));
#4939 = VECTOR('',#4940,1.);
#4940 = DIRECTION('',(0.,1.));
#4941 = ( GEOMETRIC_REPRESENTATION_CONTEXT(2) 
PARAMETRIC_REPRESENTATION_CONTEXT() REPRESENTATION_CONTEXT('2D SPACE',''
  ) );
#4942 = PCURVE('',#2819,#4943);
#4943 = DEFINITIONAL_REPRESENTATION('',(#4944),#4948);
#4944 = LINE('',#4945,#4946);
#4945 = CARTESIAN_POINT('',(0.359413999257,-1.85));
#4946 = VECTOR('',#4947,1.);
#4947 = DIRECTION('',(0.,1.));
#4948 = ( GEOMETRIC_REPRESENTATION_CONTEXT(2) 
PARAMETRIC_REPRESENTATION_CONTEXT() REPRESENTATION_CONTEXT('2D SPACE',''
  ) );
#4949 = ORIENTED_EDGE('',*,*,#4787,.T.);
#4950 = ORIENTED_EDGE('',*,*,#4951,.T.);
#4951 = EDGE_CURVE('',#4788,#4952,#4954,.T.);
#4952 = VERTEX_POINT('',#4953);
#4953 = CARTESIAN_POINT('',(5.210953918672,3.155643482487,
    -36.61082796871));
#4954 = SURFACE_CURVE('',#4955,(#4959,#4966),.PCURVE_S1.);
#4955 = LINE('',#4956,#4957);
#4956 = CARTESIAN_POINT('',(5.210953918672,1.756329414029,
    -36.56700859153));
#4957 = VECTOR('',#4958,1.);
#4958 = DIRECTION('',(0.,0.999510048898,-3.129955513418E-02));
#4959 = PCURVE('',#4803,#4960);
#4960 = DEFINITIONAL_REPRESENTATION('',(#4961),#4965);
#4961 = LINE('',#4962,#4963);
#4962 = CARTESIAN_POINT('',(0.75,0.));
#4963 = VECTOR('',#4964,1.);
#4964 = DIRECTION('',(0.,1.));
#4965 = ( GEOMETRIC_REPRESENTATION_CONTEXT(2) 
PARAMETRIC_REPRESENTATION_CONTEXT() REPRESENTATION_CONTEXT('2D SPACE',''
  ) );
#4966 = PCURVE('',#4832,#4967);
#4967 = DEFINITIONAL_REPRESENTATION('',(#4968),#4972);
#4968 = LINE('',#4969,#4970);
#4969 = CARTESIAN_POINT('',(0.,0.));
#4970 = VECTOR('',#4971,1.);
#4971 = DIRECTION('',(0.,1.));
#4972 = ( GEOMETRIC_REPRESENTATION_CONTEXT(2) 
PARAMETRIC_REPRESENTATION_CONTEXT() REPRESENTATION_CONTEXT('2D SPACE',''
  ) );
#4973 = ORIENTED_EDGE('',*,*,#4974,.F.);
#4974 = EDGE_CURVE('',#4928,#4952,#4975,.T.);
#4975 = SURFACE_CURVE('',#4976,(#4980,#4987),.PCURVE_S1.);
#4976 = LINE('',#4977,#4978);
#4977 = CARTESIAN_POINT('',(4.46686570435,3.158585096091,-36.5168914145)
  );
#4978 = VECTOR('',#4979,1.);
#4979 = DIRECTION('',(0.992117619096,-3.922151472544E-03,-0.125248738945
    ));
#4980 = PCURVE('',#4803,#4981);
#4981 = DEFINITIONAL_REPRESENTATION('',(#4982),#4986);
#4982 = LINE('',#4983,#4984);
#4983 = CARTESIAN_POINT('',(0.,1.4));
#4984 = VECTOR('',#4985,1.);
#4985 = DIRECTION('',(1.,0.));
#4986 = ( GEOMETRIC_REPRESENTATION_CONTEXT(2) 
PARAMETRIC_REPRESENTATION_CONTEXT() REPRESENTATION_CONTEXT('2D SPACE',''
  ) );
#4987 = PCURVE('',#4988,#4993);
#4988 = PLANE('',#4989);
#4989 = AXIS2_PLACEMENT_3D('',#4990,#4991,#4992);
#4990 = CARTESIAN_POINT('',(-94.10250594613,3.548260673588,
    -24.07311533368));
#4991 = DIRECTION('',(0.,0.999510048898,-3.129955513418E-02));
#4992 = DIRECTION('',(0.992117619096,-3.922151472544E-03,-0.125248738945
    ));
#4993 = DEFINITIONAL_REPRESENTATION('',(#4994),#4998);
#4994 = LINE('',#4995,#4996);
#4995 = CARTESIAN_POINT('',(99.352505946136,-0.));
#4996 = VECTOR('',#4997,1.);
#4997 = DIRECTION('',(1.,-8.71340109015E-17));
#4998 = ( GEOMETRIC_REPRESENTATION_CONTEXT(2) 
PARAMETRIC_REPRESENTATION_CONTEXT() REPRESENTATION_CONTEXT('2D SPACE',''
  ) );
#4999 = ADVANCED_FACE('',(#5000),#4988,.T.);
#5000 = FACE_BOUND('',#5001,.F.);
#5001 = EDGE_LOOP('',(#5002,#5026,#5049,#5071));
#5002 = ORIENTED_EDGE('',*,*,#5003,.T.);
#5003 = EDGE_CURVE('',#4928,#5004,#5006,.T.);
#5004 = VERTEX_POINT('',#5005);
#5005 = CARTESIAN_POINT('',(3.520244568677,3.114275935059,
    -37.93184608462));
#5006 = SURFACE_CURVE('',#5007,(#5012,#5019),.PCURVE_S1.);
#5007 = CIRCLE('',#5008,98.602505946136);
#5008 = AXIS2_PLACEMENT_3D('',#5009,#5010,#5011);
#5009 = CARTESIAN_POINT('',(-94.10250594613,3.548260673588,
    -24.07311533368));
#5010 = DIRECTION('',(-1.475341033816E-19,0.999510048898,
    -3.129955513418E-02));
#5011 = DIRECTION('',(0.992117619096,-3.922151472544E-03,-0.125248738945
    ));
#5012 = PCURVE('',#4988,#5013);
#5013 = DEFINITIONAL_REPRESENTATION('',(#5014),#5018);
#5014 = CIRCLE('',#5015,98.602505946136);
#5015 = AXIS2_PLACEMENT_2D('',#5016,#5017);
#5016 = CARTESIAN_POINT('',(0.,0.));
#5017 = DIRECTION('',(1.,-0.));
#5018 = ( GEOMETRIC_REPRESENTATION_CONTEXT(2) 
PARAMETRIC_REPRESENTATION_CONTEXT() REPRESENTATION_CONTEXT('2D SPACE',''
  ) );
#5019 = PCURVE('',#2819,#5020);
#5020 = DEFINITIONAL_REPRESENTATION('',(#5021),#5025);
#5021 = LINE('',#5022,#5023);
#5022 = CARTESIAN_POINT('',(0.359413999257,-0.45));
#5023 = VECTOR('',#5024,1.);
#5024 = DIRECTION('',(1.,0.));
#5025 = ( GEOMETRIC_REPRESENTATION_CONTEXT(2) 
PARAMETRIC_REPRESENTATION_CONTEXT() REPRESENTATION_CONTEXT('2D SPACE',''
  ) );
#5026 = ORIENTED_EDGE('',*,*,#5027,.T.);
#5027 = EDGE_CURVE('',#5004,#5028,#5030,.T.);
#5028 = VERTEX_POINT('',#5029);
#5029 = CARTESIAN_POINT('',(5.005339945992,3.107673900947,
    -38.14267334431));
#5030 = SURFACE_CURVE('',#5031,(#5035,#5042),.PCURVE_S1.);
#5031 = LINE('',#5032,#5033);
#5032 = CARTESIAN_POINT('',(4.262792257335,3.110974918003,
    -38.03725971446));
#5033 = VECTOR('',#5034,1.);
#5034 = DIRECTION('',(0.990063584876,-4.401356074729E-03,-0.140551506455
    ));
#5035 = PCURVE('',#4988,#5036);
#5036 = DEFINITIONAL_REPRESENTATION('',(#5037),#5041);
#5037 = LINE('',#5038,#5039);
#5038 = CARTESIAN_POINT('',(99.340652030395,1.534696045814));
#5039 = VECTOR('',#5040,1.);
#5040 = DIRECTION('',(0.999880688306,1.54469787269E-02));
#5041 = ( GEOMETRIC_REPRESENTATION_CONTEXT(2) 
PARAMETRIC_REPRESENTATION_CONTEXT() REPRESENTATION_CONTEXT('2D SPACE',''
  ) );
#5042 = PCURVE('',#4860,#5043);
#5043 = DEFINITIONAL_REPRESENTATION('',(#5044),#5048);
#5044 = LINE('',#5045,#5046);
#5045 = CARTESIAN_POINT('',(0.,1.4));
#5046 = VECTOR('',#5047,1.);
#5047 = DIRECTION('',(1.,0.));
#5048 = ( GEOMETRIC_REPRESENTATION_CONTEXT(2) 
PARAMETRIC_REPRESENTATION_CONTEXT() REPRESENTATION_CONTEXT('2D SPACE',''
  ) );
#5049 = ORIENTED_EDGE('',*,*,#5050,.F.);
#5050 = EDGE_CURVE('',#4952,#5028,#5051,.T.);
#5051 = SURFACE_CURVE('',#5052,(#5057,#5064),.PCURVE_S1.);
#5052 = CIRCLE('',#5053,100.10250594613);
#5053 = AXIS2_PLACEMENT_3D('',#5054,#5055,#5056);
#5054 = CARTESIAN_POINT('',(-94.10250594613,3.548260673588,
    -24.07311533368));
#5055 = DIRECTION('',(-1.402756126766E-19,0.999510048898,
    -3.129955513418E-02));
#5056 = DIRECTION('',(0.992117619096,-3.922151472544E-03,-0.125248738945
    ));
#5057 = PCURVE('',#4988,#5058);
#5058 = DEFINITIONAL_REPRESENTATION('',(#5059),#5063);
#5059 = CIRCLE('',#5060,100.10250594613);
#5060 = AXIS2_PLACEMENT_2D('',#5061,#5062);
#5061 = CARTESIAN_POINT('',(0.,0.));
#5062 = DIRECTION('',(1.,-7.098151330422E-17));
#5063 = ( GEOMETRIC_REPRESENTATION_CONTEXT(2) 
PARAMETRIC_REPRESENTATION_CONTEXT() REPRESENTATION_CONTEXT('2D SPACE',''
  ) );
#5064 = PCURVE('',#4832,#5065);
#5065 = DEFINITIONAL_REPRESENTATION('',(#5066),#5070);
#5066 = LINE('',#5067,#5068);
#5067 = CARTESIAN_POINT('',(0.,1.4));
#5068 = VECTOR('',#5069,1.);
#5069 = DIRECTION('',(1.,0.));
#5070 = ( GEOMETRIC_REPRESENTATION_CONTEXT(2) 
PARAMETRIC_REPRESENTATION_CONTEXT() REPRESENTATION_CONTEXT('2D SPACE',''
  ) );
#5071 = ORIENTED_EDGE('',*,*,#4974,.F.);
#5072 = ADVANCED_FACE('',(#5073),#4832,.T.);
#5073 = FACE_BOUND('',#5074,.T.);
#5074 = EDGE_LOOP('',(#5075,#5076,#5097,#5098));
#5075 = ORIENTED_EDGE('',*,*,#4815,.T.);
#5076 = ORIENTED_EDGE('',*,*,#5077,.T.);
#5077 = EDGE_CURVE('',#4816,#5028,#5078,.T.);
#5078 = SURFACE_CURVE('',#5079,(#5083,#5090),.PCURVE_S1.);
#5079 = LINE('',#5080,#5081);
#5080 = CARTESIAN_POINT('',(5.005339945992,1.708359832489,
    -38.09885396712));
#5081 = VECTOR('',#5082,1.);
#5082 = DIRECTION('',(0.,0.999510048898,-3.129955513418E-02));
#5083 = PCURVE('',#4832,#5084);
#5084 = DEFINITIONAL_REPRESENTATION('',(#5085),#5089);
#5085 = LINE('',#5086,#5087);
#5086 = CARTESIAN_POINT('',(1.544759309129E-02,0.));
#5087 = VECTOR('',#5088,1.);
#5088 = DIRECTION('',(0.,1.));
#5089 = ( GEOMETRIC_REPRESENTATION_CONTEXT(2) 
PARAMETRIC_REPRESENTATION_CONTEXT() REPRESENTATION_CONTEXT('2D SPACE',''
  ) );
#5090 = PCURVE('',#4860,#5091);
#5091 = DEFINITIONAL_REPRESENTATION('',(#5092),#5096);
#5092 = LINE('',#5093,#5094);
#5093 = CARTESIAN_POINT('',(0.75,0.));
#5094 = VECTOR('',#5095,1.);
#5095 = DIRECTION('',(0.,1.));
#5096 = ( GEOMETRIC_REPRESENTATION_CONTEXT(2) 
PARAMETRIC_REPRESENTATION_CONTEXT() REPRESENTATION_CONTEXT('2D SPACE',''
  ) );
#5097 = ORIENTED_EDGE('',*,*,#5050,.F.);
#5098 = ORIENTED_EDGE('',*,*,#4951,.F.);
#5099 = ADVANCED_FACE('',(#5100),#4860,.F.);
#5100 = FACE_BOUND('',#5101,.F.);
#5101 = EDGE_LOOP('',(#5102,#5123,#5124,#5125));
#5102 = ORIENTED_EDGE('',*,*,#5103,.F.);
#5103 = EDGE_CURVE('',#4845,#5004,#5104,.T.);
#5104 = SURFACE_CURVE('',#5105,(#5109,#5116),.PCURVE_S1.);
#5105 = LINE('',#5106,#5107);
#5106 = CARTESIAN_POINT('',(3.520244568677,1.714961866602,
    -37.88802670744));
#5107 = VECTOR('',#5108,1.);
#5108 = DIRECTION('',(0.,0.999510048898,-3.129955513418E-02));
#5109 = PCURVE('',#4860,#5110);
#5110 = DEFINITIONAL_REPRESENTATION('',(#5111),#5115);
#5111 = LINE('',#5112,#5113);
#5112 = CARTESIAN_POINT('',(-0.75,0.));
#5113 = VECTOR('',#5114,1.);
#5114 = DIRECTION('',(0.,1.));
#5115 = ( GEOMETRIC_REPRESENTATION_CONTEXT(2) 
PARAMETRIC_REPRESENTATION_CONTEXT() REPRESENTATION_CONTEXT('2D SPACE',''
  ) );
#5116 = PCURVE('',#2819,#5117);
#5117 = DEFINITIONAL_REPRESENTATION('',(#5118),#5122);
#5118 = LINE('',#5119,#5120);
#5119 = CARTESIAN_POINT('',(0.374861592349,-1.85));
#5120 = VECTOR('',#5121,1.);
#5121 = DIRECTION('',(0.,1.));
#5122 = ( GEOMETRIC_REPRESENTATION_CONTEXT(2) 
PARAMETRIC_REPRESENTATION_CONTEXT() REPRESENTATION_CONTEXT('2D SPACE',''
  ) );
#5123 = ORIENTED_EDGE('',*,*,#4844,.T.);
#5124 = ORIENTED_EDGE('',*,*,#5077,.T.);
#5125 = ORIENTED_EDGE('',*,*,#5027,.F.);
#5126 = ADVANCED_FACE('',(#5127),#2899,.T.);
#5127 = FACE_BOUND('',#5128,.T.);
#5128 = EDGE_LOOP('',(#5129,#5150,#5151,#5152));
#5129 = ORIENTED_EDGE('',*,*,#5130,.F.);
#5130 = EDGE_CURVE('',#4873,#2803,#5131,.T.);
#5131 = SURFACE_CURVE('',#5132,(#5136,#5143),.PCURVE_S1.);
#5132 = LINE('',#5133,#5134);
#5133 = CARTESIAN_POINT('',(3.476940931399,3.554617368818,-38.2473237957
    ));
#5134 = VECTOR('',#5135,1.);
#5135 = DIRECTION('',(0.,0.999510048898,-3.129955513418E-02));
#5136 = PCURVE('',#2899,#5137);
#5137 = DEFINITIONAL_REPRESENTATION('',(#5138),#5142);
#5138 = LINE('',#5139,#5140);
#5139 = CARTESIAN_POINT('',(-7.,0.));
#5140 = VECTOR('',#5141,1.);
#5141 = DIRECTION('',(0.,1.));
#5142 = ( GEOMETRIC_REPRESENTATION_CONTEXT(2) 
PARAMETRIC_REPRESENTATION_CONTEXT() REPRESENTATION_CONTEXT('2D SPACE',''
  ) );
#5143 = PCURVE('',#2819,#5144);
#5144 = DEFINITIONAL_REPRESENTATION('',(#5145),#5149);
#5145 = LINE('',#5146,#5147);
#5146 = CARTESIAN_POINT('',(0.377951110967,0.));
#5147 = VECTOR('',#5148,1.);
#5148 = DIRECTION('',(0.,1.));
#5149 = ( GEOMETRIC_REPRESENTATION_CONTEXT(2) 
PARAMETRIC_REPRESENTATION_CONTEXT() REPRESENTATION_CONTEXT('2D SPACE',''
  ) );
#5150 = ORIENTED_EDGE('',*,*,#4896,.T.);
#5151 = ORIENTED_EDGE('',*,*,#3245,.T.);
#5152 = ORIENTED_EDGE('',*,*,#2886,.T.);
#5153 = ADVANCED_FACE('',(#5154),#2846,.F.);
#5154 = FACE_BOUND('',#5155,.F.);
#5155 = EDGE_LOOP('',(#5156,#5177,#5178,#5179,#5180,#5181,#5182,#5183));
#5156 = ORIENTED_EDGE('',*,*,#5157,.F.);
#5157 = EDGE_CURVE('',#3271,#2801,#5158,.T.);
#5158 = SURFACE_CURVE('',#5159,(#5163,#5170),.PCURVE_S1.);
#5159 = LINE('',#5160,#5161);
#5160 = CARTESIAN_POINT('',(1.817930415032,4.712962094932,
    -1.257111350958));
#5161 = VECTOR('',#5162,1.);
#5162 = DIRECTION('',(0.,0.999510048898,-3.129955513418E-02));
#5163 = PCURVE('',#2846,#5164);
#5164 = DEFINITIONAL_REPRESENTATION('',(#5165),#5169);
#5165 = LINE('',#5166,#5167);
#5166 = CARTESIAN_POINT('',(-7.,0.));
#5167 = VECTOR('',#5168,1.);
#5168 = DIRECTION('',(0.,1.));
#5169 = ( GEOMETRIC_REPRESENTATION_CONTEXT(2) 
PARAMETRIC_REPRESENTATION_CONTEXT() REPRESENTATION_CONTEXT('2D SPACE',''
  ) );
#5170 = PCURVE('',#2819,#5171);
#5171 = DEFINITIONAL_REPRESENTATION('',(#5172),#5176);
#5172 = LINE('',#5173,#5174);
#5173 = CARTESIAN_POINT('',(0.,0.));
#5174 = VECTOR('',#5175,1.);
#5175 = DIRECTION('',(0.,1.));
#5176 = ( GEOMETRIC_REPRESENTATION_CONTEXT(2) 
PARAMETRIC_REPRESENTATION_CONTEXT() REPRESENTATION_CONTEXT('2D SPACE',''
  ) );
#5177 = ORIENTED_EDGE('',*,*,#3270,.T.);
#5178 = ORIENTED_EDGE('',*,*,#3812,.T.);
#5179 = ORIENTED_EDGE('',*,*,#3763,.T.);
#5180 = ORIENTED_EDGE('',*,*,#3465,.F.);
#5181 = ORIENTED_EDGE('',*,*,#3341,.T.);
#5182 = ORIENTED_EDGE('',*,*,#2913,.T.);
#5183 = ORIENTED_EDGE('',*,*,#2831,.T.);
#5184 = ADVANCED_FACE('',(#5185),#2819,.T.);
#5185 = FACE_BOUND('',#5186,.T.);
#5186 = EDGE_LOOP('',(#5187,#5188,#5189,#5190,#5191,#5192,#5193,#5194,
    #5195,#5196,#5197,#5198,#5199,#5200));
#5187 = ORIENTED_EDGE('',*,*,#5157,.F.);
#5188 = ORIENTED_EDGE('',*,*,#3295,.T.);
#5189 = ORIENTED_EDGE('',*,*,#3998,.T.);
#5190 = ORIENTED_EDGE('',*,*,#4047,.T.);
#5191 = ORIENTED_EDGE('',*,*,#4097,.F.);
#5192 = ORIENTED_EDGE('',*,*,#4253,.T.);
#5193 = ORIENTED_EDGE('',*,*,#4331,.F.);
#5194 = ORIENTED_EDGE('',*,*,#4763,.T.);
#5195 = ORIENTED_EDGE('',*,*,#4927,.T.);
#5196 = ORIENTED_EDGE('',*,*,#5003,.T.);
#5197 = ORIENTED_EDGE('',*,*,#5103,.F.);
#5198 = ORIENTED_EDGE('',*,*,#4872,.T.);
#5199 = ORIENTED_EDGE('',*,*,#5130,.T.);
#5200 = ORIENTED_EDGE('',*,*,#2800,.F.);
#5201 = ADVANCED_FACE('',(#5202,#5210,#5324),#44,.T.);
#5202 = FACE_BOUND('',#5203,.T.);
#5203 = EDGE_LOOP('',(#5204,#5205,#5206,#5207,#5208,#5209));
#5204 = ORIENTED_EDGE('',*,*,#21,.F.);
#5205 = ORIENTED_EDGE('',*,*,#282,.F.);
#5206 = ORIENTED_EDGE('',*,*,#2396,.T.);
#5207 = ORIENTED_EDGE('',*,*,#1624,.F.);
#5208 = ORIENTED_EDGE('',*,*,#1653,.T.);
#5209 = ORIENTED_EDGE('',*,*,#2768,.F.);
#5210 = FACE_BOUND('',#5211,.T.);
#5211 = EDGE_LOOP('',(#5212,#5242,#5270,#5298));
#5212 = ORIENTED_EDGE('',*,*,#5213,.F.);
#5213 = EDGE_CURVE('',#5214,#5216,#5218,.T.);
#5214 = VERTEX_POINT('',#5215);
#5215 = CARTESIAN_POINT('',(7.268286103631,1.35726315554,1.808273718877)
  );
#5216 = VERTEX_POINT('',#5217);
#5217 = CARTESIAN_POINT('',(14.052019800353,1.411303241381,
    3.533972650058));
#5218 = SURFACE_CURVE('',#5219,(#5223,#5230),.PCURVE_S1.);
#5219 = LINE('',#5220,#5221);
#5220 = CARTESIAN_POINT('',(10.660152951992,1.384283198461,
    2.671123184468));
#5221 = VECTOR('',#5222,1.);
#5222 = DIRECTION('',(0.969104813817,7.720012263015E-03,0.24652841874));
#5223 = PCURVE('',#44,#5224);
#5224 = DEFINITIONAL_REPRESENTATION('',(#5225),#5229);
#5225 = LINE('',#5226,#5227);
#5226 = CARTESIAN_POINT('',(2.5,-2.309000951885));
#5227 = VECTOR('',#5228,1.);
#5228 = DIRECTION('',(1.,0.));
#5229 = ( GEOMETRIC_REPRESENTATION_CONTEXT(2) 
PARAMETRIC_REPRESENTATION_CONTEXT() REPRESENTATION_CONTEXT('2D SPACE',''
  ) );
#5230 = PCURVE('',#5231,#5236);
#5231 = PLANE('',#5232);
#5232 = AXIS2_PLACEMENT_3D('',#5233,#5234,#5235);
#5233 = CARTESIAN_POINT('',(-94.10250594613,0.549730526894,
    -23.97921666828));
#5234 = DIRECTION('',(0.,0.999510048898,-3.129955513418E-02));
#5235 = DIRECTION('',(0.969104813817,7.720012263015E-03,0.24652841874));
#5236 = DEFINITIONAL_REPRESENTATION('',(#5237),#5241);
#5237 = LINE('',#5238,#5239);
#5238 = CARTESIAN_POINT('',(108.10250594613,-2.274691239273E-15));
#5239 = VECTOR('',#5240,1.);
#5240 = DIRECTION('',(1.,-1.780441501961E-17));
#5241 = ( GEOMETRIC_REPRESENTATION_CONTEXT(2) 
PARAMETRIC_REPRESENTATION_CONTEXT() REPRESENTATION_CONTEXT('2D SPACE',''
  ) );
#5242 = ORIENTED_EDGE('',*,*,#5243,.T.);
#5243 = EDGE_CURVE('',#5214,#5244,#5246,.T.);
#5244 = VERTEX_POINT('',#5245);
#5245 = CARTESIAN_POINT('',(7.268286103631,2.356773204438,1.776974163743
    ));
#5246 = SURFACE_CURVE('',#5247,(#5251,#5258),.PCURVE_S1.);
#5247 = LINE('',#5248,#5249);
#5248 = CARTESIAN_POINT('',(7.268286103631,1.857018179989,1.79262394131)
  );
#5249 = VECTOR('',#5250,1.);
#5250 = DIRECTION('',(0.,0.999510048898,-3.129955513418E-02));
#5251 = PCURVE('',#44,#5252);
#5252 = DEFINITIONAL_REPRESENTATION('',(#5253),#5257);
#5253 = LINE('',#5254,#5255);
#5254 = CARTESIAN_POINT('',(-1.,-1.809000951885));
#5255 = VECTOR('',#5256,1.);
#5256 = DIRECTION('',(0.,1.));
#5257 = ( GEOMETRIC_REPRESENTATION_CONTEXT(2) 
PARAMETRIC_REPRESENTATION_CONTEXT() REPRESENTATION_CONTEXT('2D SPACE',''
  ) );
#5258 = PCURVE('',#5259,#5264);
#5259 = CYLINDRICAL_SURFACE('',#5260,104.60250594613);
#5260 = AXIS2_PLACEMENT_3D('',#5261,#5262,#5263);
#5261 = CARTESIAN_POINT('',(-94.10250594613,1.049485551343,
    -23.99486644585));
#5262 = DIRECTION('',(0.,0.999510048898,-3.129955513418E-02));
#5263 = DIRECTION('',(0.969104813817,7.720012263015E-03,0.24652841874));
#5264 = DEFINITIONAL_REPRESENTATION('',(#5265),#5269);
#5265 = LINE('',#5266,#5267);
#5266 = CARTESIAN_POINT('',(0.,0.));
#5267 = VECTOR('',#5268,1.);
#5268 = DIRECTION('',(0.,1.));
#5269 = ( GEOMETRIC_REPRESENTATION_CONTEXT(2) 
PARAMETRIC_REPRESENTATION_CONTEXT() REPRESENTATION_CONTEXT('2D SPACE',''
  ) );
#5270 = ORIENTED_EDGE('',*,*,#5271,.T.);
#5271 = EDGE_CURVE('',#5244,#5272,#5274,.T.);
#5272 = VERTEX_POINT('',#5273);
#5273 = CARTESIAN_POINT('',(14.052019800353,2.410813290279,
    3.502673094924));
#5274 = SURFACE_CURVE('',#5275,(#5279,#5286),.PCURVE_S1.);
#5275 = LINE('',#5276,#5277);
#5276 = CARTESIAN_POINT('',(10.660152951992,2.383793247359,
    2.639823629334));
#5277 = VECTOR('',#5278,1.);
#5278 = DIRECTION('',(0.969104813817,7.720012263015E-03,0.24652841874));
#5279 = PCURVE('',#44,#5280);
#5280 = DEFINITIONAL_REPRESENTATION('',(#5281),#5285);
#5281 = LINE('',#5282,#5283);
#5282 = CARTESIAN_POINT('',(2.5,-1.309000951885));
#5283 = VECTOR('',#5284,1.);
#5284 = DIRECTION('',(1.,0.));
#5285 = ( GEOMETRIC_REPRESENTATION_CONTEXT(2) 
PARAMETRIC_REPRESENTATION_CONTEXT() REPRESENTATION_CONTEXT('2D SPACE',''
  ) );
#5286 = PCURVE('',#5287,#5292);
#5287 = PLANE('',#5288);
#5288 = AXIS2_PLACEMENT_3D('',#5289,#5290,#5291);
#5289 = CARTESIAN_POINT('',(-94.10250594613,1.549240575792,
    -24.01051622342));
#5290 = DIRECTION('',(0.,0.999510048898,-3.129955513418E-02));
#5291 = DIRECTION('',(0.969104813817,7.720012263015E-03,0.24652841874));
#5292 = DEFINITIONAL_REPRESENTATION('',(#5293),#5297);
#5293 = LINE('',#5294,#5295);
#5294 = CARTESIAN_POINT('',(108.10250594613,-2.274691239273E-15));
#5295 = VECTOR('',#5296,1.);
#5296 = DIRECTION('',(1.,-1.780441501961E-17));
#5297 = ( GEOMETRIC_REPRESENTATION_CONTEXT(2) 
PARAMETRIC_REPRESENTATION_CONTEXT() REPRESENTATION_CONTEXT('2D SPACE',''
  ) );
#5298 = ORIENTED_EDGE('',*,*,#5299,.F.);
#5299 = EDGE_CURVE('',#5216,#5272,#5300,.T.);
#5300 = SURFACE_CURVE('',#5301,(#5305,#5312),.PCURVE_S1.);
#5301 = LINE('',#5302,#5303);
#5302 = CARTESIAN_POINT('',(14.052019800353,1.91105826583,3.518322872491
    ));
#5303 = VECTOR('',#5304,1.);
#5304 = DIRECTION('',(0.,0.999510048898,-3.129955513418E-02));
#5305 = PCURVE('',#44,#5306);
#5306 = DEFINITIONAL_REPRESENTATION('',(#5307),#5311);
#5307 = LINE('',#5308,#5309);
#5308 = CARTESIAN_POINT('',(6.,-1.809000951885));
#5309 = VECTOR('',#5310,1.);
#5310 = DIRECTION('',(0.,1.));
#5311 = ( GEOMETRIC_REPRESENTATION_CONTEXT(2) 
PARAMETRIC_REPRESENTATION_CONTEXT() REPRESENTATION_CONTEXT('2D SPACE',''
  ) );
#5312 = PCURVE('',#5313,#5318);
#5313 = CYLINDRICAL_SURFACE('',#5314,111.60250594613);
#5314 = AXIS2_PLACEMENT_3D('',#5315,#5316,#5317);
#5315 = CARTESIAN_POINT('',(-94.10250594613,1.049485551343,
    -23.99486644585));
#5316 = DIRECTION('',(0.,0.999510048898,-3.129955513418E-02));
#5317 = DIRECTION('',(0.969104813817,7.720012263015E-03,0.24652841874));
#5318 = DEFINITIONAL_REPRESENTATION('',(#5319),#5323);
#5319 = LINE('',#5320,#5321);
#5320 = CARTESIAN_POINT('',(0.,0.));
#5321 = VECTOR('',#5322,1.);
#5322 = DIRECTION('',(0.,1.));
#5323 = ( GEOMETRIC_REPRESENTATION_CONTEXT(2) 
PARAMETRIC_REPRESENTATION_CONTEXT() REPRESENTATION_CONTEXT('2D SPACE',''
  ) );
#5324 = FACE_BOUND('',#5325,.T.);
#5325 = EDGE_LOOP('',(#5326));
#5326 = ORIENTED_EDGE('',*,*,#5327,.F.);
#5327 = EDGE_CURVE('',#5328,#5328,#5330,.T.);
#5328 = VERTEX_POINT('',#5329);
#5329 = CARTESIAN_POINT('',(5.689695343746,3.,1.354863596148));
#5330 = SURFACE_CURVE('',#5331,(#5434,#5540),.PCURVE_S1.);
#5331 = B_SPLINE_CURVE_WITH_KNOTS('',5,(#5332,#5333,#5334,#5335,#5336,
    #5337,#5338,#5339,#5340,#5341,#5342,#5343,#5344,#5345,#5346,#5347,
    #5348,#5349,#5350,#5351,#5352,#5353,#5354,#5355,#5356,#5357,#5358,
    #5359,#5360,#5361,#5362,#5363,#5364,#5365,#5366,#5367,#5368,#5369,
    #5370,#5371,#5372,#5373,#5374,#5375,#5376,#5377,#5378,#5379,#5380,
    #5381,#5382,#5383,#5384,#5385,#5386,#5387,#5388,#5389,#5390,#5391,
    #5392,#5393,#5394,#5395,#5396,#5397,#5398,#5399,#5400,#5401,#5402,
    #5403,#5404,#5405,#5406,#5407,#5408,#5409,#5410,#5411,#5412,#5413,
    #5414,#5415,#5416,#5417,#5418,#5419,#5420,#5421,#5422,#5423,#5424,
    #5425,#5426,#5427,#5428,#5429,#5430,#5431,#5432,#5433),
  .UNSPECIFIED.,.T.,.F.,(6,4,4,4,4,4,4,4,4,4,4,4,4,4,4,4,4,4,4,4,4,4,4,4
    ,4,6),(0.,6.96605970908E-02,0.115598892641,0.160687662552,
    0.187805049059,0.24515145715,0.288422029088,0.305511341853,
    0.330610684013,0.369666938403,0.406596358516,0.428502345588,
    0.477206485691,0.525699502412,0.547606209656,0.583539232658,
    0.621595928422,0.645692396481,0.703034883503,0.759374314602,
    0.78548535905,0.829566650331,0.875495857019,0.904378343802,
    0.969982075801,1.),.UNSPECIFIED.);
#5332 = CARTESIAN_POINT('',(5.689695343746,3.,1.354863596148));
#5333 = CARTESIAN_POINT('',(5.690116747886,3.15414884059,1.350143746128)
  );
#5334 = CARTESIAN_POINT('',(5.673871878838,3.308249964941,1.341181536616
    ));
#5335 = CARTESIAN_POINT('',(5.640981683717,3.459716251576,1.328063316973
    ));
#5336 = CARTESIAN_POINT('',(5.592038279158,3.606091788373,1.311016768778
    ));
#5337 = CARTESIAN_POINT('',(5.486017653095,3.836792223991,1.276795609125
    ));
#5338 = CARTESIAN_POINT('',(5.437382933359,3.925281213803,1.26164037489)
  );
#5339 = CARTESIAN_POINT('',(5.382563291984,4.009938553892,1.245030217029
    ));
#5340 = CARTESIAN_POINT('',(5.321956237632,4.090188263543,1.227084392828
    ));
#5341 = CARTESIAN_POINT('',(5.191339871417,4.239459308679,1.189150194962
    ));
#5342 = CARTESIAN_POINT('',(5.121521720564,4.308663119311,1.169204783817
    ));
#5343 = CARTESIAN_POINT('',(5.04703491237,4.372651039452,1.148233893754)
  );
#5344 = CARTESIAN_POINT('',(4.968381147788,4.43101826127,1.126377953033)
  );
#5345 = CARTESIAN_POINT('',(4.836634947543,4.514960992815,1.090201806824
    ));
#5346 = CARTESIAN_POINT('',(4.78584876836,4.544334381462,1.076349929918)
  );
#5347 = CARTESIAN_POINT('',(4.733873984338,4.571484756051,1.062265003421
    ));
#5348 = CARTESIAN_POINT('',(4.680834406592,4.596351502305,1.047980452382
    ));
#5349 = CARTESIAN_POINT('',(4.51271204338,4.666536571686,1.002972400404)
  );
#5350 = CARTESIAN_POINT('',(4.394373183444,4.703753012117,0.971673491294
    ));
#5351 = CARTESIAN_POINT('',(4.273059409524,4.730059176363,0.939958712498
    ));
#5352 = CARTESIAN_POINT('',(4.150035732561,4.745201133762,0.908158134717
    ));
#5353 = CARTESIAN_POINT('',(3.933454627594,4.752105864639,0.85279230007)
  );
#5354 = CARTESIAN_POINT('',(3.840073738758,4.748695247418,0.829120851873
    ));
#5355 = CARTESIAN_POINT('',(3.747007794358,4.738887116756,0.805729937736
    ));
#5356 = CARTESIAN_POINT('',(3.654807725524,4.722733498386,0.782758216059
    ));
#5357 = CARTESIAN_POINT('',(3.528165000149,4.691518074607,0.751487770456
    ));
#5358 = CARTESIAN_POINT('',(3.492529601978,4.681709431168,0.742720827868
    ));
#5359 = CARTESIAN_POINT('',(3.457147984597,4.670937455121,0.734048673981
    ));
#5360 = CARTESIAN_POINT('',(3.422053377408,4.659211312455,0.725479483207
    ));
#5361 = CARTESIAN_POINT('',(3.336204565081,4.627934026625,0.704598624027
    ));
#5362 = CARTESIAN_POINT('',(3.285820440284,4.607291350759,0.692415373092
    ));
#5363 = CARTESIAN_POINT('',(3.236230691903,4.584648212137,0.680497044259
    ));
#5364 = CARTESIAN_POINT('',(3.187537350445,4.56004684393,0.668868295764)
  );
#5365 = CARTESIAN_POINT('',(3.065620167922,4.492286777312,0.639945541086
    ));
#5366 = CARTESIAN_POINT('',(2.993811007782,4.446415851294,0.623096698471
    ));
#5367 = CARTESIAN_POINT('',(2.92478987035,4.396113480848,0.607096560479)
  );
#5368 = CARTESIAN_POINT('',(2.858911232849,4.341614065194,0.592028050023
    ));
#5369 = CARTESIAN_POINT('',(2.737500614424,4.227962024091,0.564671387921
    ));
#5370 = CARTESIAN_POINT('',(2.681598900317,4.169223954262,0.552276106673
    ));
#5371 = CARTESIAN_POINT('',(2.629082152739,4.107220371668,0.540845023142
    ));
#5372 = CARTESIAN_POINT('',(2.580202130956,4.042221905985,0.530433769869
    ));
#5373 = CARTESIAN_POINT('',(2.508476394352,3.934380432658,0.515546771355
    ));
#5374 = CARTESIAN_POINT('',(2.483128710825,3.893281187423,0.510379325978
    ));
#5375 = CARTESIAN_POINT('',(2.459185027604,3.851298346137,0.505597061078
    ));
#5376 = CARTESIAN_POINT('',(2.43668692343,3.808498767393,0.501208470478)
  );
#5377 = CARTESIAN_POINT('',(2.368947261841,3.668136678409,0.488354854843
    ));
#5378 = CARTESIAN_POINT('',(2.329548916235,3.567626756228,0.481470027009
    ));
#5379 = CARTESIAN_POINT('',(2.297887240051,3.464205769733,0.476646402966
    ));
#5380 = CARTESIAN_POINT('',(2.274233552987,3.358707917792,0.473926947959
    ));
#5381 = CARTESIAN_POINT('',(2.243272319501,3.14579232533,0.472710495114)
  );
#5382 = CARTESIAN_POINT('',(2.235893009126,3.038376087426,0.474195176448
    ));
#5383 = CARTESIAN_POINT('',(2.236706051089,2.930645150804,0.477775790486
    ));
#5384 = CARTESIAN_POINT('',(2.245689511247,2.823465311919,0.483419639653
    ));
#5385 = CARTESIAN_POINT('',(2.270348400588,2.66991023627,0.494507272567)
  );
#5386 = CARTESIAN_POINT('',(2.279655015344,2.622413621615,0.498364434854
    ));
#5387 = CARTESIAN_POINT('',(2.290579591261,2.575281309412,0.502622182202
    ));
#5388 = CARTESIAN_POINT('',(2.303101318071,2.528589269644,0.507272836552
    ));
#5389 = CARTESIAN_POINT('',(2.340309532541,2.406667209292,0.520565410273
    ));
#5390 = CARTESIAN_POINT('',(2.367652310554,2.332305765256,0.529856520689
    ));
#5391 = CARTESIAN_POINT('',(2.39910508409,2.259654209394,0.540140644027)
  );
#5392 = CARTESIAN_POINT('',(2.43451735432,2.189018131126,0.55136988818)
  );
#5393 = CARTESIAN_POINT('',(2.515209239292,2.048306321817,0.576323422592
    ));
#5394 = CARTESIAN_POINT('',(2.560949814931,1.978509568345,0.590156354505
    ));
#5395 = CARTESIAN_POINT('',(2.610708560459,1.911628244909,0.604921165694
    ));
#5396 = CARTESIAN_POINT('',(2.664235680587,1.847966058851,0.620544738413
    ));
#5397 = CARTESIAN_POINT('',(2.757350088128,1.749693876777,0.647332517029
    ));
#5398 = CARTESIAN_POINT('',(2.794848566768,1.712993124794,0.658030306245
    ));
#5399 = CARTESIAN_POINT('',(2.83367447756,1.677759797219,0.669020156868)
  );
#5400 = CARTESIAN_POINT('',(2.873752998242,1.644056695661,0.680281049738
    ));
#5401 = CARTESIAN_POINT('',(3.013174215024,1.535514701819,0.719181864324
    ));
#5402 = CARTESIAN_POINT('',(3.117993895488,1.468076167787,0.74798468873)
  );
#5403 = CARTESIAN_POINT('',(3.228399956828,1.410397446409,0.777904386179
    ));
#5404 = CARTESIAN_POINT('',(3.34323526249,1.363056291894,0.808628214304)
  );
#5405 = CARTESIAN_POINT('',(3.577235652419,1.290457327211,0.870486855732
    ));
#5406 = CARTESIAN_POINT('',(3.696294801044,1.264826128018,0.901606386515
    ));
#5407 = CARTESIAN_POINT('',(3.817275521151,1.249904721679,0.932879844878
    ));
#5408 = CARTESIAN_POINT('',(3.938969303168,1.245863669283,0.96399415818)
  );
#5409 = CARTESIAN_POINT('',(4.116299890062,1.255819425586,1.008837365001
    ));
#5410 = CARTESIAN_POINT('',(4.172346962019,1.261301393347,1.022937369169
    ));
#5411 = CARTESIAN_POINT('',(4.228160364432,1.269108857715,1.036905049681
    ));
#5412 = CARTESIAN_POINT('',(4.283618144266,1.279228385143,1.050709773425
    ));
#5413 = CARTESIAN_POINT('',(4.431417991929,1.312584814208,1.087300564784
    ));
#5414 = CARTESIAN_POINT('',(4.522879217809,1.340056167756,1.109729735813
    ));
#5415 = CARTESIAN_POINT('',(4.612394235615,1.37393884514,1.131462559848)
  );
#5416 = CARTESIAN_POINT('',(4.699394716319,1.414039548707,1.152360372253
    ));
#5417 = CARTESIAN_POINT('',(4.870788278206,1.508057776709,1.193059383723
    ));
#5418 = CARTESIAN_POINT('',(4.954923283977,1.56248494184,1.212778907833)
  );
#5419 = CARTESIAN_POINT('',(5.035115893995,1.623052715619,1.231302258657
    ));
#5420 = CARTESIAN_POINT('',(5.110796838182,1.689358632854,1.248497081992
    ));
#5421 = CARTESIAN_POINT('',(5.225878548059,1.805905318948,1.274151522809
    ));
#5422 = CARTESIAN_POINT('',(5.268320603382,1.852975400626,1.283484855619
    ));
#5423 = CARTESIAN_POINT('',(5.308647432812,1.901998235876,1.292218422877
    ));
#5424 = CARTESIAN_POINT('',(5.346743219859,1.952839747648,1.300326932002
    ));
#5425 = CARTESIAN_POINT('',(5.463731321327,2.124634826358,1.324736713328
    ));
#5426 = CARTESIAN_POINT('',(5.532917961961,2.252557792256,1.338348313576
    ));
#5427 = CARTESIAN_POINT('',(5.588834077605,2.387387157811,1.348364470834
    ));
#5428 = CARTESIAN_POINT('',(5.630641874942,2.527170838313,1.354632981063
    ));
#5429 = CARTESIAN_POINT('',(5.670418640222,2.735040877546,1.358252197532
    ));
#5430 = CARTESIAN_POINT('',(5.679866958226,2.800891782342,1.358595976743
    ));
#5431 = CARTESIAN_POINT('',(5.686238235732,2.867137269684,1.358143870557
    ));
#5432 = CARTESIAN_POINT('',(5.689513928274,2.933574737984,1.356897501312
    ));
#5433 = CARTESIAN_POINT('',(5.689695343746,3.,1.354863596148));
#5434 = PCURVE('',#44,#5435);
#5435 = DEFINITIONAL_REPRESENTATION('',(#5436),#5539);
#5436 = B_SPLINE_CURVE_WITH_KNOTS('',5,(#5437,#5438,#5439,#5440,#5441,
    #5442,#5443,#5444,#5445,#5446,#5447,#5448,#5449,#5450,#5451,#5452,
    #5453,#5454,#5455,#5456,#5457,#5458,#5459,#5460,#5461,#5462,#5463,
    #5464,#5465,#5466,#5467,#5468,#5469,#5470,#5471,#5472,#5473,#5474,
    #5475,#5476,#5477,#5478,#5479,#5480,#5481,#5482,#5483,#5484,#5485,
    #5486,#5487,#5488,#5489,#5490,#5491,#5492,#5493,#5494,#5495,#5496,
    #5497,#5498,#5499,#5500,#5501,#5502,#5503,#5504,#5505,#5506,#5507,
    #5508,#5509,#5510,#5511,#5512,#5513,#5514,#5515,#5516,#5517,#5518,
    #5519,#5520,#5521,#5522,#5523,#5524,#5525,#5526,#5527,#5528,#5529,
    #5530,#5531,#5532,#5533,#5534,#5535,#5536,#5537,#5538),
  .UNSPECIFIED.,.F.,.F.,(6,4,4,4,4,4,4,4,4,4,4,4,4,4,4,4,4,4,4,4,4,4,4,4
    ,4,6),(0.,6.96605970908E-02,0.115598892641,0.160687662552,
    0.187805049059,0.24515145715,0.288422029088,0.305511341853,
    0.330610684013,0.369666938403,0.406596358516,0.428502345588,
    0.477206485691,0.525699502412,0.547606209656,0.583539232658,
    0.621595928422,0.645692396481,0.703034883503,0.759374314602,
    0.78548535905,0.829566650331,0.875495857019,0.904378343802,
    0.969982075801,1.),.UNSPECIFIED.);
#5437 = CARTESIAN_POINT('',(-2.628916436465,-0.652877433017));
#5438 = CARTESIAN_POINT('',(-2.628481597907,-0.498656388616));
#5439 = CARTESIAN_POINT('',(-2.645244355471,-0.344350253109));
#5440 = CARTESIAN_POINT('',(-2.679183094245,-0.19254758311));
#5441 = CARTESIAN_POINT('',(-2.72968682084,-4.571021379287E-02));
#5442 = CARTESIAN_POINT('',(-2.839087398107,0.185948296966));
#5443 = CARTESIAN_POINT('',(-2.889272598966,0.274868283589));
#5444 = CARTESIAN_POINT('',(-2.945839897564,0.360004036273));
#5445 = CARTESIAN_POINT('',(-3.008379112608,0.440776123804));
#5446 = CARTESIAN_POINT('',(-3.143159545387,0.591161356944));
#5447 = CARTESIAN_POINT('',(-3.215203507874,0.660955543589));
#5448 = CARTESIAN_POINT('',(-3.2920649651,0.725568492308));
#5449 = CARTESIAN_POINT('',(-3.373226221819,0.784591198263));
#5450 = CARTESIAN_POINT('',(-3.509172507883,0.869625099257));
#5451 = CARTESIAN_POINT('',(-3.561577756994,0.899417653964));
#5452 = CARTESIAN_POINT('',(-3.61520950382,0.926995578131));
#5453 = CARTESIAN_POINT('',(-3.66993999013,0.952297240988));
#5454 = CARTESIAN_POINT('',(-3.843422115917,1.023856655122));
#5455 = CARTESIAN_POINT('',(-3.965533633938,1.062034503248));
#5456 = CARTESIAN_POINT('',(-4.090714906583,1.089320437227));
#5457 = CARTESIAN_POINT('',(-4.2176605942,1.105450319745));
#5458 = CARTESIAN_POINT('',(-4.441146332666,1.114084593636));
#5459 = CARTESIAN_POINT('',(-4.537504216256,1.111416553248));
#5460 = CARTESIAN_POINT('',(-4.63353711494,1.102345353297));
#5461 = CARTESIAN_POINT('',(-4.728676533834,1.08691865408));
#5462 = CARTESIAN_POINT('',(-4.859356645592,1.056697275368));
#5463 = CARTESIAN_POINT('',(-4.896128104843,1.047167839088));
#5464 = CARTESIAN_POINT('',(-4.93263769274,1.036672575341));
#5465 = CARTESIAN_POINT('',(-4.968851120522,1.02522038977));
#5466 = CARTESIAN_POINT('',(-5.057436804035,0.994611989884));
#5467 = CARTESIAN_POINT('',(-5.109427181214,0.974360758255));
#5468 = CARTESIAN_POINT('',(-5.160597857155,0.952101752053));
#5469 = CARTESIAN_POINT('',(-5.210843548606,0.927876411968));
#5470 = CARTESIAN_POINT('',(-5.336647466597,0.861054813825));
#5471 = CARTESIAN_POINT('',(-5.410745912004,0.815733723596));
#5472 = CARTESIAN_POINT('',(-5.48196745218,0.765956796053));
#5473 = CARTESIAN_POINT('',(-5.549946309122,0.711955720121));
#5474 = CARTESIAN_POINT('',(-5.675227513688,0.599215614315));
#5475 = CARTESIAN_POINT('',(-5.732911381635,0.540894290057));
#5476 = CARTESIAN_POINT('',(-5.787102369884,0.479278874015));
#5477 = CARTESIAN_POINT('',(-5.837540693052,0.414638121999));
#5478 = CARTESIAN_POINT('',(-5.91155305537,0.307315442151));
#5479 = CARTESIAN_POINT('',(-5.93770882631,0.266398072277));
#5480 = CARTESIAN_POINT('',(-5.962415837233,0.224585483294));
#5481 = CARTESIAN_POINT('',(-5.985631183864,0.181944235186));
#5482 = CARTESIAN_POINT('',(-6.055530394582,4.20532292122E-02));
#5483 = CARTESIAN_POINT('',(-6.096184764516,-5.819195597285E-02));
#5484 = CARTESIAN_POINT('',(-6.128855819011,-0.161411293955));
#5485 = CARTESIAN_POINT('',(-6.153263588663,-0.266772339375));
#5486 = CARTESIAN_POINT('',(-6.185211870257,-0.479545539176));
#5487 = CARTESIAN_POINT('',(-6.192826433997,-0.586955618241));
#5488 = CARTESIAN_POINT('',(-6.191987472151,-0.694745843598));
#5489 = CARTESIAN_POINT('',(-6.182717618128,-0.802049819571));
#5490 = CARTESIAN_POINT('',(-6.157272600221,-0.955876698719));
#5491 = CARTESIAN_POINT('',(-6.147669289389,-1.003470769819));
#5492 = CARTESIAN_POINT('',(-6.136396436586,-1.050713255092));
#5493 = CARTESIAN_POINT('',(-6.123475515513,-1.097527981456));
#5494 = CARTESIAN_POINT('',(-6.085081098377,-1.219806357603));
#5495 = CARTESIAN_POINT('',(-6.056866629083,-1.294422175791));
#5496 = CARTESIAN_POINT('',(-6.024411137078,-1.367360024429));
#5497 = CARTESIAN_POINT('',(-5.987869919116,-1.438312964818));
#5498 = CARTESIAN_POINT('',(-5.904605566466,-1.579736866748));
#5499 = CARTESIAN_POINT('',(-5.85740677539,-1.649932387838));
#5500 = CARTESIAN_POINT('',(-5.806061714651,-1.717243074718));
#5501 = CARTESIAN_POINT('',(-5.750828143044,-1.781363080294));
#5502 = CARTESIAN_POINT('',(-5.654745236208,-1.880425559358));
#5503 = CARTESIAN_POINT('',(-5.616051301243,-1.917443165811));
#5504 = CARTESIAN_POINT('',(-5.575987615418,-1.953003208213));
#5505 = CARTESIAN_POINT('',(-5.534631386339,-1.987042257837));
#5506 = CARTESIAN_POINT('',(-5.390765403223,-2.0967486496));
#5507 = CARTESIAN_POINT('',(-5.282604057856,-2.165055657638));
#5508 = CARTESIAN_POINT('',(-5.168678237072,-2.223642592483));
#5509 = CARTESIAN_POINT('',(-5.050181967087,-2.2719221943));
#5510 = CARTESIAN_POINT('',(-4.808721614612,-2.346421736997));
#5511 = CARTESIAN_POINT('',(-4.685866845008,-2.373014405626));
#5512 = CARTESIAN_POINT('',(-4.561029243974,-2.38890734654));
#5513 = CARTESIAN_POINT('',(-4.435455848525,-2.393920283183));
#5514 = CARTESIAN_POINT('',(-4.252471939699,-2.385372977138));
#5515 = CARTESIAN_POINT('',(-4.194638079876,-2.380335019131));
#5516 = CARTESIAN_POINT('',(-4.13704533901,-2.372968562224));
#5517 = CARTESIAN_POINT('',(-4.079819558018,-2.363286074582));
#5518 = CARTESIAN_POINT('',(-3.927307832191,-2.331091264028));
#5519 = CARTESIAN_POINT('',(-3.832930810659,-2.304335393175));
#5520 = CARTESIAN_POINT('',(-3.740562042566,-2.27114954437));
#5521 = CARTESIAN_POINT('',(-3.65078797534,-2.231722580419));
#5522 = CARTESIAN_POINT('',(-3.473930364643,-2.139024277705));
#5523 = CARTESIAN_POINT('',(-3.38711312406,-2.085240991555));
#5524 = CARTESIAN_POINT('',(-3.304363963315,-2.025282665664));
#5525 = CARTESIAN_POINT('',(-3.226270300888,-1.959547425408));
#5526 = CARTESIAN_POINT('',(-3.10751977129,-1.843860814075));
#5527 = CARTESIAN_POINT('',(-3.06372465778,-1.7971059236));
#5528 = CARTESIAN_POINT('',(-3.022112203838,-1.748380463912));
#5529 = CARTESIAN_POINT('',(-2.982801918197,-1.697817654724));
#5530 = CARTESIAN_POINT('',(-2.862084220999,-1.526870762498));
#5531 = CARTESIAN_POINT('',(-2.790691901358,-1.399436509631));
#5532 = CARTESIAN_POINT('',(-2.732993172751,-1.264986705138));
#5533 = CARTESIAN_POINT('',(-2.689852537454,-1.125467713387));
#5534 = CARTESIAN_POINT('',(-2.648807683778,-0.917812800174));
#5535 = CARTESIAN_POINT('',(-2.63905815218,-0.852004919237));
#5536 = CARTESIAN_POINT('',(-2.632483757528,-0.785777738222));
#5537 = CARTESIAN_POINT('',(-2.629103635486,-0.71933381023));
#5538 = CARTESIAN_POINT('',(-2.628916436465,-0.652877433017));
#5539 = ( GEOMETRIC_REPRESENTATION_CONTEXT(2) 
PARAMETRIC_REPRESENTATION_CONTEXT() REPRESENTATION_CONTEXT('2D SPACE',''
  ) );
#5540 = PCURVE('',#5541,#5546);
#5541 = TOROIDAL_SURFACE('',#5542,13.5,1.75);
#5542 = AXIS2_PLACEMENT_3D('',#5543,#5544,#5545);
#5543 = CARTESIAN_POINT('',(-9.5,3.,0.));
#5544 = DIRECTION('',(-0.,1.,-0.));
#5545 = DIRECTION('',(0.996194698092,0.,-8.715574274766E-02));
#5546 = DEFINITIONAL_REPRESENTATION('',(#5547),#5650);
#5547 = B_SPLINE_CURVE_WITH_KNOTS('',5,(#5548,#5549,#5550,#5551,#5552,
    #5553,#5554,#5555,#5556,#5557,#5558,#5559,#5560,#5561,#5562,#5563,
    #5564,#5565,#5566,#5567,#5568,#5569,#5570,#5571,#5572,#5573,#5574,
    #5575,#5576,#5577,#5578,#5579,#5580,#5581,#5582,#5583,#5584,#5585,
    #5586,#5587,#5588,#5589,#5590,#5591,#5592,#5593,#5594,#5595,#5596,
    #5597,#5598,#5599,#5600,#5601,#5602,#5603,#5604,#5605,#5606,#5607,
    #5608,#5609,#5610,#5611,#5612,#5613,#5614,#5615,#5616,#5617,#5618,
    #5619,#5620,#5621,#5622,#5623,#5624,#5625,#5626,#5627,#5628,#5629,
    #5630,#5631,#5632,#5633,#5634,#5635,#5636,#5637,#5638,#5639,#5640,
    #5641,#5642,#5643,#5644,#5645,#5646,#5647,#5648,#5649),
  .UNSPECIFIED.,.F.,.F.,(6,4,4,4,4,4,4,4,4,4,4,4,4,4,4,4,4,4,4,4,4,4,4,4
    ,4,6),(0.,6.96605970908E-02,0.115598892641,0.160687662552,
    0.187805049059,0.24515145715,0.288422029088,0.305511341853,
    0.330610684013,0.369666938403,0.406596358516,0.428502345588,
    0.477206485691,0.525699502412,0.547606209656,0.583539232658,
    0.621595928422,0.645692396481,0.703034883503,0.759374314602,
    0.78548535905,0.829566650331,0.875495857019,0.904378343802,
    0.969982075801,1.),.UNSPECIFIED.);
#5548 = CARTESIAN_POINT('',(-0.176227270359,3.08148791102E-33));
#5549 = CARTESIAN_POINT('',(-0.175916543412,8.808505028635E-02));
#5550 = CARTESIAN_POINT('',(-0.175425806914,0.17614279371));
#5551 = CARTESIAN_POINT('',(-0.174758921954,0.264119239823));
#5552 = CARTESIAN_POINT('',(-0.173921368034,0.3520259008));
#5553 = CARTESIAN_POINT('',(-0.172262215276,0.497721216714));
#5554 = CARTESIAN_POINT('',(-0.17153229751,0.555575953492));
#5555 = CARTESIAN_POINT('',(-0.170734125678,0.613383093576));
#5556 = CARTESIAN_POINT('',(-0.169870577945,0.67114076149));
#5557 = CARTESIAN_POINT('',(-0.168036702243,0.785490270113));
#5558 = CARTESIAN_POINT('',(-0.167068669313,0.842083936858));
#5559 = CARTESIAN_POINT('',(-0.166044216862,0.898630333205));
#5560 = CARTESIAN_POINT('',(-0.164967254504,0.955131686546));
#5561 = CARTESIAN_POINT('',(-0.163165839232,1.045548849683));
#5562 = CARTESIAN_POINT('',(-0.162471981757,1.079490706135));
#5563 = CARTESIAN_POINT('',(-0.161761799719,1.113418720375));
#5564 = CARTESIAN_POINT('',(-0.161036406191,1.14733405405));
#5565 = CARTESIAN_POINT('',(-0.158733418305,1.25293659698));
#5566 = CARTESIAN_POINT('',(-0.157107217712,1.324586519174));
#5567 = CARTESIAN_POINT('',(-0.155430133783,1.396195538087));
#5568 = CARTESIAN_POINT('',(-0.153715988779,1.467788549471));
#5569 = CARTESIAN_POINT('',(-0.150673295506,1.59339824176));
#5570 = CARTESIAN_POINT('',(-0.149353342182,1.647416798903));
#5571 = CARTESIAN_POINT('',(-0.148029216109,1.701443733438));
#5572 = CARTESIAN_POINT('',(-0.146709089375,1.755487505114));
#5573 = CARTESIAN_POINT('',(-0.144885835321,1.830910502427));
#5574 = CARTESIAN_POINT('',(-0.144371666995,1.852268452199));
#5575 = CARTESIAN_POINT('',(-0.143860095681,1.873630815501));
#5576 = CARTESIAN_POINT('',(-0.143351698601,1.894998067466));
#5577 = CARTESIAN_POINT('',(-0.142105919105,1.947760917413));
#5578 = CARTESIAN_POINT('',(-0.141372896296,1.979162683455));
#5579 = CARTESIAN_POINT('',(-0.140649896907,2.010577392266));
#5580 = CARTESIAN_POINT('',(-0.139938878103,2.042006282229));
#5581 = CARTESIAN_POINT('',(-0.138157263367,2.122379534059));
#5582 = CARTESIAN_POINT('',(-0.137106521244,2.171345462924));
#5583 = CARTESIAN_POINT('',(-0.136097330055,2.220352176451));
#5584 = CARTESIAN_POINT('',(-0.135137392845,2.269401854355));
#5585 = CARTESIAN_POINT('',(-0.133380619587,2.364914473676));
#5586 = CARTESIAN_POINT('',(-0.132577666744,2.411372772474));
#5587 = CARTESIAN_POINT('',(-0.131832093952,2.457869965294));
#5588 = CARTESIAN_POINT('',(-0.131149916396,2.504404482074));
#5589 = CARTESIAN_POINT('',(-0.130172835695,2.578596716029));
#5590 = CARTESIAN_POINT('',(-0.129833262213,2.606232414295));
#5591 = CARTESIAN_POINT('',(-0.129519041949,2.63387936271));
#5592 = CARTESIAN_POINT('',(-0.129231183183,2.661536654597));
#5593 = CARTESIAN_POINT('',(-0.128391172701,2.750714880586));
#5594 = CARTESIAN_POINT('',(-0.127946327815,2.812272563661));
#5595 = CARTESIAN_POINT('',(-0.127646037899,2.873863280868));
#5596 = CARTESIAN_POINT('',(-0.127495920483,2.935471558301));
#5597 = CARTESIAN_POINT('',(-0.127498463626,3.058420181373));
#5598 = CARTESIAN_POINT('',(-0.12764976012,3.119761210181));
#5599 = CARTESIAN_POINT('',(-0.127951978066,3.18108466539));
#5600 = CARTESIAN_POINT('',(-0.128401315585,3.24237498243));
#5601 = CARTESIAN_POINT('',(-0.12925491373,3.331285753959));
#5602 = CARTESIAN_POINT('',(-0.129548846707,3.358943247936));
#5603 = CARTESIAN_POINT('',(-0.129870319848,3.386590182357));
#5604 = CARTESIAN_POINT('',(-0.130218410749,3.414225609394));
#5605 = CARTESIAN_POINT('',(-0.131204897964,3.487158388642));
#5606 = CARTESIAN_POINT('',(-0.13188652095,3.532435042333));
#5607 = CARTESIAN_POINT('',(-0.132632091656,3.577675485238));
#5608 = CARTESIAN_POINT('',(-0.133436083805,3.622878152931));
#5609 = CARTESIAN_POINT('',(-0.13519904868,3.715877494481));
#5610 = CARTESIAN_POINT('',(-0.136164464898,3.763669542039));
#5611 = CARTESIAN_POINT('',(-0.137181110675,3.811419597281));
#5612 = CARTESIAN_POINT('',(-0.138241355461,3.859129759938));
#5613 = CARTESIAN_POINT('',(-0.14003129745,3.93698995873));
#5614 = CARTESIAN_POINT('',(-0.14073960343,3.967161519166));
#5615 = CARTESIAN_POINT('',(-0.141460288542,3.997319612876));
#5616 = CARTESIAN_POINT('',(-0.142191414819,4.027465412293));
#5617 = CARTESIAN_POINT('',(-0.144691257898,4.12931238821));
#5618 = CARTESIAN_POINT('',(-0.146499856162,4.200964089764));
#5619 = CARTESIAN_POINT('',(-0.148331154691,4.27256914319));
#5620 = CARTESIAN_POINT('',(-0.150161718649,4.344156187483));
#5621 = CARTESIAN_POINT('',(-0.153749428953,4.48607518551));
#5622 = CARTESIAN_POINT('',(-0.155507369508,4.556410319457));
#5623 = CARTESIAN_POINT('',(-0.157226020399,4.626762555351));
#5624 = CARTESIAN_POINT('',(-0.158889645055,4.697156385445));
#5625 = CARTESIAN_POINT('',(-0.161224846549,4.800248291193));
#5626 = CARTESIAN_POINT('',(-0.161949786334,4.832907339879));
#5627 = CARTESIAN_POINT('',(-0.162658861151,4.865578839063));
#5628 = CARTESIAN_POINT('',(-0.163350927177,4.898263880764));
#5629 = CARTESIAN_POINT('',(-0.165162914066,4.986167290428));
#5630 = CARTESIAN_POINT('',(-0.166249476377,5.041412287138));
#5631 = CARTESIAN_POINT('',(-0.16727981844,5.096702382158));
#5632 = CARTESIAN_POINT('',(-0.168250013585,5.152039560219));
#5633 = CARTESIAN_POINT('',(-0.170102108411,5.265129610782));
#5634 = CARTESIAN_POINT('',(-0.170978567221,5.322886546554));
#5635 = CARTESIAN_POINT('',(-0.171783017472,5.380694298064));
#5636 = CARTESIAN_POINT('',(-0.172512885638,5.438550462662));
#5637 = CARTESIAN_POINT('',(-0.173577412236,5.532860754608));
#5638 = CARTESIAN_POINT('',(-0.173958202183,5.569288403258));
#5639 = CARTESIAN_POINT('',(-0.174308361757,5.60573227903));
#5640 = CARTESIAN_POINT('',(-0.174627553432,5.642191001243));
#5641 = CARTESIAN_POINT('',(-0.175569687447,5.761505353477));
#5642 = CARTESIAN_POINT('',(-0.176062867967,5.844423207094));
#5643 = CARTESIAN_POINT('',(-0.176392219854,5.927376678107));
#5644 = CARTESIAN_POINT('',(-0.176557522742,6.010368426247));
#5645 = CARTESIAN_POINT('',(-0.176561312284,6.13132415937));
#5646 = CARTESIAN_POINT('',(-0.176528445719,6.169295149298));
#5647 = CARTESIAN_POINT('',(-0.176461660003,6.207263851274));
#5648 = CARTESIAN_POINT('',(-0.176361170728,6.24522797222));
#5649 = CARTESIAN_POINT('',(-0.176227270359,6.28318530718));
#5650 = ( GEOMETRIC_REPRESENTATION_CONTEXT(2) 
PARAMETRIC_REPRESENTATION_CONTEXT() REPRESENTATION_CONTEXT('2D SPACE',''
  ) );
#5651 = ADVANCED_FACE('',(#5652,#5707),#5541,.T.);
#5652 = FACE_BOUND('',#5653,.F.);
#5653 = EDGE_LOOP('',(#5654,#5655,#5679,#5706));
#5654 = ORIENTED_EDGE('',*,*,#5327,.F.);
#5655 = ORIENTED_EDGE('',*,*,#5656,.T.);
#5656 = EDGE_CURVE('',#5328,#5657,#5659,.T.);
#5657 = VERTEX_POINT('',#5658);
#5658 = CARTESIAN_POINT('',(-21.9920686754,3.,8.747040654353));
#5659 = SEAM_CURVE('',#5660,(#5665,#5672),.PCURVE_S1.);
#5660 = CIRCLE('',#5661,15.25);
#5661 = AXIS2_PLACEMENT_3D('',#5662,#5663,#5664);
#5662 = CARTESIAN_POINT('',(-9.5,3.,0.));
#5663 = DIRECTION('',(0.,-1.,0.));
#5664 = DIRECTION('',(0.996194698092,0.,-8.715574274766E-02));
#5665 = PCURVE('',#5541,#5666);
#5666 = DEFINITIONAL_REPRESENTATION('',(#5667),#5671);
#5667 = LINE('',#5668,#5669);
#5668 = CARTESIAN_POINT('',(-7.280150981149E-18,6.28318530718));
#5669 = VECTOR('',#5670,1.);
#5670 = DIRECTION('',(-1.,0.));
#5671 = ( GEOMETRIC_REPRESENTATION_CONTEXT(2) 
PARAMETRIC_REPRESENTATION_CONTEXT() REPRESENTATION_CONTEXT('2D SPACE',''
  ) );
#5672 = PCURVE('',#5541,#5673);
#5673 = DEFINITIONAL_REPRESENTATION('',(#5674),#5678);
#5674 = LINE('',#5675,#5676);
#5675 = CARTESIAN_POINT('',(-7.280150981149E-18,3.08148791102E-33));
#5676 = VECTOR('',#5677,1.);
#5677 = DIRECTION('',(-1.,0.));
#5678 = ( GEOMETRIC_REPRESENTATION_CONTEXT(2) 
PARAMETRIC_REPRESENTATION_CONTEXT() REPRESENTATION_CONTEXT('2D SPACE',''
  ) );
#5679 = ORIENTED_EDGE('',*,*,#5680,.T.);
#5680 = EDGE_CURVE('',#5657,#5657,#5681,.T.);
#5681 = SURFACE_CURVE('',#5682,(#5687,#5694),.PCURVE_S1.);
#5682 = CIRCLE('',#5683,1.75);
#5683 = AXIS2_PLACEMENT_3D('',#5684,#5685,#5686);
#5684 = CARTESIAN_POINT('',(-20.5585525979,3.,7.743281890739));
#5685 = DIRECTION('',(-0.573576436351,0.,-0.819152044289));
#5686 = DIRECTION('',(-0.819152044289,0.,0.573576436351));
#5687 = PCURVE('',#5541,#5688);
#5688 = DEFINITIONAL_REPRESENTATION('',(#5689),#5693);
#5689 = LINE('',#5690,#5691);
#5690 = CARTESIAN_POINT('',(-2.617993877991,1.087377813798E-15));
#5691 = VECTOR('',#5692,1.);
#5692 = DIRECTION('',(-0.,1.));
#5693 = ( GEOMETRIC_REPRESENTATION_CONTEXT(2) 
PARAMETRIC_REPRESENTATION_CONTEXT() REPRESENTATION_CONTEXT('2D SPACE',''
  ) );
#5694 = PCURVE('',#5695,#5700);
#5695 = PLANE('',#5696);
#5696 = AXIS2_PLACEMENT_3D('',#5697,#5698,#5699);
#5697 = CARTESIAN_POINT('',(-20.5585525979,3.,7.743281890739));
#5698 = DIRECTION('',(-0.573576436351,0.,-0.819152044289));
#5699 = DIRECTION('',(-0.819152044289,0.,0.573576436351));
#5700 = DEFINITIONAL_REPRESENTATION('',(#5701),#5705);
#5701 = CIRCLE('',#5702,1.75);
#5702 = AXIS2_PLACEMENT_2D('',#5703,#5704);
#5703 = CARTESIAN_POINT('',(9.767429518139E-17,-1.239108604125E-16));
#5704 = DIRECTION('',(1.,0.));
#5705 = ( GEOMETRIC_REPRESENTATION_CONTEXT(2) 
PARAMETRIC_REPRESENTATION_CONTEXT() REPRESENTATION_CONTEXT('2D SPACE',''
  ) );
#5706 = ORIENTED_EDGE('',*,*,#5656,.F.);
#5707 = FACE_BOUND('',#5708,.F.);
#5708 = EDGE_LOOP('',(#5709,#5740,#5773,#5802));
#5709 = ORIENTED_EDGE('',*,*,#5710,.F.);
#5710 = EDGE_CURVE('',#5711,#5713,#5715,.T.);
#5711 = VERTEX_POINT('',#5712);
#5712 = CARTESIAN_POINT('',(-16.98484692283,3.95,12.964135157226));
#5713 = VERTEX_POINT('',#5714);
#5714 = CARTESIAN_POINT('',(-15.51515307716,3.95,10.418550744954));
#5715 = SURFACE_CURVE('',#5716,(#5721,#5728),.PCURVE_S1.);
#5716 = CIRCLE('',#5717,1.75);
#5717 = AXIS2_PLACEMENT_3D('',#5718,#5719,#5720);
#5718 = CARTESIAN_POINT('',(-16.25,3.,11.69134295109));
#5719 = DIRECTION('',(-0.866025403784,0.,-0.5));
#5720 = DIRECTION('',(0.5,0.,-0.866025403784));
#5721 = PCURVE('',#5541,#5722);
#5722 = DEFINITIONAL_REPRESENTATION('',(#5723),#5727);
#5723 = LINE('',#5724,#5725);
#5724 = CARTESIAN_POINT('',(-2.181661564993,-3.14159265359));
#5725 = VECTOR('',#5726,1.);
#5726 = DIRECTION('',(-0.,1.));
#5727 = ( GEOMETRIC_REPRESENTATION_CONTEXT(2) 
PARAMETRIC_REPRESENTATION_CONTEXT() REPRESENTATION_CONTEXT('2D SPACE',''
  ) );
#5728 = PCURVE('',#5729,#5734);
#5729 = PLANE('',#5730);
#5730 = AXIS2_PLACEMENT_3D('',#5731,#5732,#5733);
#5731 = CARTESIAN_POINT('',(-16.25,7.95,11.69134295109));
#5732 = DIRECTION('',(-0.866025403784,0.,-0.5));
#5733 = DIRECTION('',(-0.5,0.,0.866025403784));
#5734 = DEFINITIONAL_REPRESENTATION('',(#5735),#5739);
#5735 = CIRCLE('',#5736,1.75);
#5736 = AXIS2_PLACEMENT_2D('',#5737,#5738);
#5737 = CARTESIAN_POINT('',(3.076740298214E-15,-4.95));
#5738 = DIRECTION('',(-1.,0.));
#5739 = ( GEOMETRIC_REPRESENTATION_CONTEXT(2) 
PARAMETRIC_REPRESENTATION_CONTEXT() REPRESENTATION_CONTEXT('2D SPACE',''
  ) );
#5740 = ORIENTED_EDGE('',*,*,#5741,.T.);
#5741 = EDGE_CURVE('',#5711,#5742,#5744,.T.);
#5742 = VERTEX_POINT('',#5743);
#5743 = CARTESIAN_POINT('',(3.464135157226,3.95,7.484846922835));
#5744 = SURFACE_CURVE('',#5745,(#5750,#5757),.PCURVE_S1.);
#5745 = CIRCLE('',#5746,14.96969384567);
#5746 = AXIS2_PLACEMENT_3D('',#5747,#5748,#5749);
#5747 = CARTESIAN_POINT('',(-9.5,3.95,0.));
#5748 = DIRECTION('',(-0.,1.,0.));
#5749 = DIRECTION('',(0.996194698092,0.,-8.715574274766E-02));
#5750 = PCURVE('',#5541,#5751);
#5751 = DEFINITIONAL_REPRESENTATION('',(#5752),#5756);
#5752 = LINE('',#5753,#5754);
#5753 = CARTESIAN_POINT('',(-6.28318530718,0.57383545252));
#5754 = VECTOR('',#5755,1.);
#5755 = DIRECTION('',(1.,-0.));
#5756 = ( GEOMETRIC_REPRESENTATION_CONTEXT(2) 
PARAMETRIC_REPRESENTATION_CONTEXT() REPRESENTATION_CONTEXT('2D SPACE',''
  ) );
#5757 = PCURVE('',#5758,#5763);
#5758 = PLANE('',#5759);
#5759 = AXIS2_PLACEMENT_3D('',#5760,#5761,#5762);
#5760 = CARTESIAN_POINT('',(-9.5,3.95,0.));
#5761 = DIRECTION('',(0.,-1.,0.));
#5762 = DIRECTION('',(0.866025403784,0.,0.5));
#5763 = DEFINITIONAL_REPRESENTATION('',(#5764),#5772);
#5764 = ( BOUNDED_CURVE() B_SPLINE_CURVE(2,(#5765,#5766,#5767,#5768,
#5769,#5770,#5771),.UNSPECIFIED.,.T.,.F.) B_SPLINE_CURVE_WITH_KNOTS((1,2
    ,2,2,2,1),(-2.094395102393,0.,2.094395102393,4.188790204786,
6.28318530718,8.377580409573),.UNSPECIFIED.) CURVE() 
GEOMETRIC_REPRESENTATION_ITEM() RATIONAL_B_SPLINE_CURVE((1.,0.5,1.,0.5,
1.,0.5,1.)) REPRESENTATION_ITEM('') );
#5765 = CARTESIAN_POINT('',(12.262455316061,-8.586263649266));
#5766 = CARTESIAN_POINT('',(-2.609389571649,-29.82545928222));
#5767 = CARTESIAN_POINT('',(-13.56715010188,-6.326465991847));
#5768 = CARTESIAN_POINT('',(-24.52491063212,17.172527298531));
#5769 = CARTESIAN_POINT('',(1.304694785824,14.912729641113));
#5770 = CARTESIAN_POINT('',(27.13430020377,12.652931983695));
#5771 = CARTESIAN_POINT('',(12.262455316061,-8.586263649266));
#5772 = ( GEOMETRIC_REPRESENTATION_CONTEXT(2) 
PARAMETRIC_REPRESENTATION_CONTEXT() REPRESENTATION_CONTEXT('2D SPACE',''
  ) );
#5773 = ORIENTED_EDGE('',*,*,#5774,.T.);
#5774 = EDGE_CURVE('',#5742,#5775,#5777,.T.);
#5775 = VERTEX_POINT('',#5776);
#5776 = CARTESIAN_POINT('',(0.918550744954,3.95,6.015153077165));
#5777 = SURFACE_CURVE('',#5778,(#5783,#5790),.PCURVE_S1.);
#5778 = CIRCLE('',#5779,1.75);
#5779 = AXIS2_PLACEMENT_3D('',#5780,#5781,#5782);
#5780 = CARTESIAN_POINT('',(2.19134295109,3.,6.75));
#5781 = DIRECTION('',(-0.5,0.,0.866025403784));
#5782 = DIRECTION('',(-0.866025403784,0.,-0.5));
#5783 = PCURVE('',#5541,#5784);
#5784 = DEFINITIONAL_REPRESENTATION('',(#5785),#5789);
#5785 = LINE('',#5786,#5787);
#5786 = CARTESIAN_POINT('',(-0.610865238198,-3.14159265359));
#5787 = VECTOR('',#5788,1.);
#5788 = DIRECTION('',(-0.,1.));
#5789 = ( GEOMETRIC_REPRESENTATION_CONTEXT(2) 
PARAMETRIC_REPRESENTATION_CONTEXT() REPRESENTATION_CONTEXT('2D SPACE',''
  ) );
#5790 = PCURVE('',#5791,#5796);
#5791 = PLANE('',#5792);
#5792 = AXIS2_PLACEMENT_3D('',#5793,#5794,#5795);
#5793 = CARTESIAN_POINT('',(2.19134295109,7.95,6.75));
#5794 = DIRECTION('',(-0.5,0.,0.866025403784));
#5795 = DIRECTION('',(0.866025403784,0.,0.5));
#5796 = DEFINITIONAL_REPRESENTATION('',(#5797),#5801);
#5797 = CIRCLE('',#5798,1.75);
#5798 = AXIS2_PLACEMENT_2D('',#5799,#5800);
#5799 = CARTESIAN_POINT('',(1.922962686384E-15,-4.95));
#5800 = DIRECTION('',(-1.,0.));
#5801 = ( GEOMETRIC_REPRESENTATION_CONTEXT(2) 
PARAMETRIC_REPRESENTATION_CONTEXT() REPRESENTATION_CONTEXT('2D SPACE',''
  ) );
#5802 = ORIENTED_EDGE('',*,*,#5803,.F.);
#5803 = EDGE_CURVE('',#5713,#5775,#5804,.T.);
#5804 = SURFACE_CURVE('',#5805,(#5810,#5817),.PCURVE_S1.);
#5805 = CIRCLE('',#5806,12.03030615433);
#5806 = AXIS2_PLACEMENT_3D('',#5807,#5808,#5809);
#5807 = CARTESIAN_POINT('',(-9.5,3.95,0.));
#5808 = DIRECTION('',(-0.,1.,0.));
#5809 = DIRECTION('',(0.996194698092,0.,-8.715574274766E-02));
#5810 = PCURVE('',#5541,#5811);
#5811 = DEFINITIONAL_REPRESENTATION('',(#5812),#5816);
#5812 = LINE('',#5813,#5814);
#5813 = CARTESIAN_POINT('',(-6.28318530718,2.56775720107));
#5814 = VECTOR('',#5815,1.);
#5815 = DIRECTION('',(1.,-0.));
#5816 = ( GEOMETRIC_REPRESENTATION_CONTEXT(2) 
PARAMETRIC_REPRESENTATION_CONTEXT() REPRESENTATION_CONTEXT('2D SPACE',''
  ) );
#5817 = PCURVE('',#5758,#5818);
#5818 = DEFINITIONAL_REPRESENTATION('',(#5819),#5827);
#5819 = ( BOUNDED_CURVE() B_SPLINE_CURVE(2,(#5820,#5821,#5822,#5823,
#5824,#5825,#5826),.UNSPECIFIED.,.T.,.F.) B_SPLINE_CURVE_WITH_KNOTS((1,2
    ,2,2,2,1),(-2.094395102393,0.,2.094395102393,4.188790204786,
6.28318530718,8.377580409573),.UNSPECIFIED.) CURVE() 
GEOMETRIC_REPRESENTATION_ITEM() RATIONAL_B_SPLINE_CURVE((1.,0.5,1.,0.5,
1.,0.5,1.)) REPRESENTATION_ITEM('') );
#5820 = CARTESIAN_POINT('',(9.854649879742,-6.900300132213));
#5821 = CARTESIAN_POINT('',(-2.097020536725,-23.96905441472));
#5822 = CARTESIAN_POINT('',(-10.9031601481,-5.084227075151));
#5823 = CARTESIAN_POINT('',(-19.70929975948,13.800600264425));
#5824 = CARTESIAN_POINT('',(1.048510268362,11.984527207364));
#5825 = CARTESIAN_POINT('',(21.806320296209,10.168454150303));
#5826 = CARTESIAN_POINT('',(9.854649879742,-6.900300132213));
#5827 = ( GEOMETRIC_REPRESENTATION_CONTEXT(2) 
PARAMETRIC_REPRESENTATION_CONTEXT() REPRESENTATION_CONTEXT('2D SPACE',''
  ) );
#5828 = ADVANCED_FACE('',(#5829),#5791,.T.);
#5829 = FACE_BOUND('',#5830,.T.);
#5830 = EDGE_LOOP('',(#5831,#5832));
#5831 = ORIENTED_EDGE('',*,*,#5774,.T.);
#5832 = ORIENTED_EDGE('',*,*,#5833,.T.);
#5833 = EDGE_CURVE('',#5775,#5742,#5834,.T.);
#5834 = SURFACE_CURVE('',#5835,(#5839,#5846),.PCURVE_S1.);
#5835 = LINE('',#5836,#5837);
#5836 = CARTESIAN_POINT('',(2.19134295109,3.95,6.75));
#5837 = VECTOR('',#5838,1.);
#5838 = DIRECTION('',(0.866025403784,0.,0.5));
#5839 = PCURVE('',#5791,#5840);
#5840 = DEFINITIONAL_REPRESENTATION('',(#5841),#5845);
#5841 = LINE('',#5842,#5843);
#5842 = CARTESIAN_POINT('',(0.,-4.));
#5843 = VECTOR('',#5844,1.);
#5844 = DIRECTION('',(1.,0.));
#5845 = ( GEOMETRIC_REPRESENTATION_CONTEXT(2) 
PARAMETRIC_REPRESENTATION_CONTEXT() REPRESENTATION_CONTEXT('2D SPACE',''
  ) );
#5846 = PCURVE('',#5758,#5847);
#5847 = DEFINITIONAL_REPRESENTATION('',(#5848),#5852);
#5848 = LINE('',#5849,#5850);
#5849 = CARTESIAN_POINT('',(13.5,8.881784197001E-16));
#5850 = VECTOR('',#5851,1.);
#5851 = DIRECTION('',(1.,-4.807406715959E-17));
#5852 = ( GEOMETRIC_REPRESENTATION_CONTEXT(2) 
PARAMETRIC_REPRESENTATION_CONTEXT() REPRESENTATION_CONTEXT('2D SPACE',''
  ) );
#5853 = ADVANCED_FACE('',(#5854),#5758,.F.);
#5854 = FACE_BOUND('',#5855,.T.);
#5855 = EDGE_LOOP('',(#5856,#5857,#5858,#5879));
#5856 = ORIENTED_EDGE('',*,*,#5833,.F.);
#5857 = ORIENTED_EDGE('',*,*,#5803,.F.);
#5858 = ORIENTED_EDGE('',*,*,#5859,.T.);
#5859 = EDGE_CURVE('',#5713,#5711,#5860,.T.);
#5860 = SURFACE_CURVE('',#5861,(#5865,#5872),.PCURVE_S1.);
#5861 = LINE('',#5862,#5863);
#5862 = CARTESIAN_POINT('',(-16.25,3.95,11.69134295109));
#5863 = VECTOR('',#5864,1.);
#5864 = DIRECTION('',(-0.5,0.,0.866025403784));
#5865 = PCURVE('',#5758,#5866);
#5866 = DEFINITIONAL_REPRESENTATION('',(#5867),#5871);
#5867 = LINE('',#5868,#5869);
#5868 = CARTESIAN_POINT('',(-0.,13.5));
#5869 = VECTOR('',#5870,1.);
#5870 = DIRECTION('',(1.665334536938E-16,1.));
#5871 = ( GEOMETRIC_REPRESENTATION_CONTEXT(2) 
PARAMETRIC_REPRESENTATION_CONTEXT() REPRESENTATION_CONTEXT('2D SPACE',''
  ) );
#5872 = PCURVE('',#5729,#5873);
#5873 = DEFINITIONAL_REPRESENTATION('',(#5874),#5878);
#5874 = LINE('',#5875,#5876);
#5875 = CARTESIAN_POINT('',(0.,-4.));
#5876 = VECTOR('',#5877,1.);
#5877 = DIRECTION('',(1.,0.));
#5878 = ( GEOMETRIC_REPRESENTATION_CONTEXT(2) 
PARAMETRIC_REPRESENTATION_CONTEXT() REPRESENTATION_CONTEXT('2D SPACE',''
  ) );
#5879 = ORIENTED_EDGE('',*,*,#5741,.T.);
#5880 = ADVANCED_FACE('',(#5881),#5729,.F.);
#5881 = FACE_BOUND('',#5882,.F.);
#5882 = EDGE_LOOP('',(#5883,#5884));
#5883 = ORIENTED_EDGE('',*,*,#5710,.T.);
#5884 = ORIENTED_EDGE('',*,*,#5859,.T.);
#5885 = ADVANCED_FACE('',(#5886),#5695,.T.);
#5886 = FACE_BOUND('',#5887,.T.);
#5887 = EDGE_LOOP('',(#5888));
#5888 = ORIENTED_EDGE('',*,*,#5680,.T.);
#5889 = ADVANCED_FACE('',(#5890),#5287,.F.);
#5890 = FACE_BOUND('',#5891,.T.);
#5891 = EDGE_LOOP('',(#5892,#5916,#5944,#5966));
#5892 = ORIENTED_EDGE('',*,*,#5893,.T.);
#5893 = EDGE_CURVE('',#5244,#5894,#5896,.T.);
#5894 = VERTEX_POINT('',#5895);
#5895 = CARTESIAN_POINT('',(7.39979161104,2.34042488412,1.254912097036)
  );
#5896 = SURFACE_CURVE('',#5897,(#5902,#5909),.PCURVE_S1.);
#5897 = CIRCLE('',#5898,104.60250594613);
#5898 = AXIS2_PLACEMENT_3D('',#5899,#5900,#5901);
#5899 = CARTESIAN_POINT('',(-94.10250594613,1.549240575792,
    -24.01051622342));
#5900 = DIRECTION('',(-3.993001575333E-19,0.999510048898,
    -3.129955513418E-02));
#5901 = DIRECTION('',(0.969104813817,7.720012263015E-03,0.24652841874));
#5902 = PCURVE('',#5287,#5903);
#5903 = DEFINITIONAL_REPRESENTATION('',(#5904),#5908);
#5904 = CIRCLE('',#5905,104.60250594613);
#5905 = AXIS2_PLACEMENT_2D('',#5906,#5907);
#5906 = CARTESIAN_POINT('',(0.,0.));
#5907 = DIRECTION('',(1.,-2.365058034209E-17));
#5908 = ( GEOMETRIC_REPRESENTATION_CONTEXT(2) 
PARAMETRIC_REPRESENTATION_CONTEXT() REPRESENTATION_CONTEXT('2D SPACE',''
  ) );
#5909 = PCURVE('',#5259,#5910);
#5910 = DEFINITIONAL_REPRESENTATION('',(#5911),#5915);
#5911 = LINE('',#5912,#5913);
#5912 = CARTESIAN_POINT('',(0.,0.5));
#5913 = VECTOR('',#5914,1.);
#5914 = DIRECTION('',(1.,0.));
#5915 = ( GEOMETRIC_REPRESENTATION_CONTEXT(2) 
PARAMETRIC_REPRESENTATION_CONTEXT() REPRESENTATION_CONTEXT('2D SPACE',''
  ) );
#5916 = ORIENTED_EDGE('',*,*,#5917,.T.);
#5917 = EDGE_CURVE('',#5894,#5918,#5920,.T.);
#5918 = VERTEX_POINT('',#5919);
#5919 = CARTESIAN_POINT('',(14.192325656698,2.393370940319,
    2.945674633205));
#5920 = SURFACE_CURVE('',#5921,(#5925,#5932),.PCURVE_S1.);
#5921 = LINE('',#5922,#5923);
#5922 = CARTESIAN_POINT('',(10.796058633869,2.36689791222,2.10029336512)
  );
#5923 = VECTOR('',#5924,1.);
#5924 = DIRECTION('',(0.970362006523,7.563722314031E-03,0.241537505167)
  );
#5925 = PCURVE('',#5287,#5926);
#5926 = DEFINITIONAL_REPRESENTATION('',(#5927),#5931);
#5927 = LINE('',#5928,#5929);
#5928 = CARTESIAN_POINT('',(108.10107282157,0.556638714852));
#5929 = VECTOR('',#5930,1.);
#5930 = DIRECTION('',(0.999986742911,5.149174942617E-03));
#5931 = ( GEOMETRIC_REPRESENTATION_CONTEXT(2) 
PARAMETRIC_REPRESENTATION_CONTEXT() REPRESENTATION_CONTEXT('2D SPACE',''
  ) );
#5932 = PCURVE('',#5933,#5938);
#5933 = PLANE('',#5934);
#5934 = AXIS2_PLACEMENT_3D('',#5935,#5936,#5937);
#5935 = CARTESIAN_POINT('',(10.796058633869,1.86714288777,2.115943142687
    ));
#5936 = DIRECTION('',(-0.241655904744,3.037189912326E-02,0.969886576588)
  );
#5937 = DIRECTION('',(0.970362006523,7.563722314031E-03,0.241537505167)
  );
#5938 = DEFINITIONAL_REPRESENTATION('',(#5939),#5943);
#5939 = LINE('',#5940,#5941);
#5940 = CARTESIAN_POINT('',(0.,0.5));
#5941 = VECTOR('',#5942,1.);
#5942 = DIRECTION('',(1.,0.));
#5943 = ( GEOMETRIC_REPRESENTATION_CONTEXT(2) 
PARAMETRIC_REPRESENTATION_CONTEXT() REPRESENTATION_CONTEXT('2D SPACE',''
  ) );
#5944 = ORIENTED_EDGE('',*,*,#5945,.F.);
#5945 = EDGE_CURVE('',#5272,#5918,#5946,.T.);
#5946 = SURFACE_CURVE('',#5947,(#5952,#5959),.PCURVE_S1.);
#5947 = CIRCLE('',#5948,111.60250594613);
#5948 = AXIS2_PLACEMENT_3D('',#5949,#5950,#5951);
#5949 = CARTESIAN_POINT('',(-94.10250594613,1.549240575792,
    -24.01051622342));
#5950 = DIRECTION('',(-3.720910196791E-19,0.999510048898,
    -3.129955513418E-02));
#5951 = DIRECTION('',(0.969104813817,7.720012263015E-03,0.24652841874));
#5952 = PCURVE('',#5287,#5953);
#5953 = DEFINITIONAL_REPRESENTATION('',(#5954),#5958);
#5954 = CIRCLE('',#5955,111.60250594613);
#5955 = AXIS2_PLACEMENT_2D('',#5956,#5957);
#5956 = CARTESIAN_POINT('',(0.,0.));
#5957 = DIRECTION('',(1.,-2.05866086351E-17));
#5958 = ( GEOMETRIC_REPRESENTATION_CONTEXT(2) 
PARAMETRIC_REPRESENTATION_CONTEXT() REPRESENTATION_CONTEXT('2D SPACE',''
  ) );
#5959 = PCURVE('',#5313,#5960);
#5960 = DEFINITIONAL_REPRESENTATION('',(#5961),#5965);
#5961 = LINE('',#5962,#5963);
#5962 = CARTESIAN_POINT('',(0.,0.5));
#5963 = VECTOR('',#5964,1.);
#5964 = DIRECTION('',(1.,0.));
#5965 = ( GEOMETRIC_REPRESENTATION_CONTEXT(2) 
PARAMETRIC_REPRESENTATION_CONTEXT() REPRESENTATION_CONTEXT('2D SPACE',''
  ) );
#5966 = ORIENTED_EDGE('',*,*,#5271,.F.);
#5967 = ADVANCED_FACE('',(#5968),#5933,.T.);
#5968 = FACE_BOUND('',#5969,.T.);
#5969 = EDGE_LOOP('',(#5970,#5993,#6016,#6037));
#5970 = ORIENTED_EDGE('',*,*,#5971,.F.);
#5971 = EDGE_CURVE('',#5972,#5894,#5974,.T.);
#5972 = VERTEX_POINT('',#5973);
#5973 = CARTESIAN_POINT('',(7.39979161104,1.340914835222,1.28621165217)
  );
#5974 = SURFACE_CURVE('',#5975,(#5979,#5986),.PCURVE_S1.);
#5975 = LINE('',#5976,#5977);
#5976 = CARTESIAN_POINT('',(7.39979161104,1.840669859671,1.270561874603)
  );
#5977 = VECTOR('',#5978,1.);
#5978 = DIRECTION('',(0.,0.999510048898,-3.129955513418E-02));
#5979 = PCURVE('',#5933,#5980);
#5980 = DEFINITIONAL_REPRESENTATION('',(#5981),#5985);
#5981 = LINE('',#5982,#5983);
#5982 = CARTESIAN_POINT('',(-3.5,0.));
#5983 = VECTOR('',#5984,1.);
#5984 = DIRECTION('',(0.,1.));
#5985 = ( GEOMETRIC_REPRESENTATION_CONTEXT(2) 
PARAMETRIC_REPRESENTATION_CONTEXT() REPRESENTATION_CONTEXT('2D SPACE',''
  ) );
#5986 = PCURVE('',#5259,#5987);
#5987 = DEFINITIONAL_REPRESENTATION('',(#5988),#5992);
#5988 = LINE('',#5989,#5990);
#5989 = CARTESIAN_POINT('',(5.149197697095E-03,0.));
#5990 = VECTOR('',#5991,1.);
#5991 = DIRECTION('',(0.,1.));
#5992 = ( GEOMETRIC_REPRESENTATION_CONTEXT(2) 
PARAMETRIC_REPRESENTATION_CONTEXT() REPRESENTATION_CONTEXT('2D SPACE',''
  ) );
#5993 = ORIENTED_EDGE('',*,*,#5994,.T.);
#5994 = EDGE_CURVE('',#5972,#5995,#5997,.T.);
#5995 = VERTEX_POINT('',#5996);
#5996 = CARTESIAN_POINT('',(14.192325656698,1.393860891421,
    2.976974188339));
#5997 = SURFACE_CURVE('',#5998,(#6002,#6009),.PCURVE_S1.);
#5998 = LINE('',#5999,#6000);
#5999 = CARTESIAN_POINT('',(10.796058633869,1.367387863321,
    2.131592920255));
#6000 = VECTOR('',#6001,1.);
#6001 = DIRECTION('',(0.970362006523,7.563722314031E-03,0.241537505167)
  );
#6002 = PCURVE('',#5933,#6003);
#6003 = DEFINITIONAL_REPRESENTATION('',(#6004),#6008);
#6004 = LINE('',#6005,#6006);
#6005 = CARTESIAN_POINT('',(0.,-0.5));
#6006 = VECTOR('',#6007,1.);
#6007 = DIRECTION('',(1.,0.));
#6008 = ( GEOMETRIC_REPRESENTATION_CONTEXT(2) 
PARAMETRIC_REPRESENTATION_CONTEXT() REPRESENTATION_CONTEXT('2D SPACE',''
  ) );
#6009 = PCURVE('',#5231,#6010);
#6010 = DEFINITIONAL_REPRESENTATION('',(#6011),#6015);
#6011 = LINE('',#6012,#6013);
#6012 = CARTESIAN_POINT('',(108.10107282157,0.556638714852));
#6013 = VECTOR('',#6014,1.);
#6014 = DIRECTION('',(0.999986742911,5.149174942617E-03));
#6015 = ( GEOMETRIC_REPRESENTATION_CONTEXT(2) 
PARAMETRIC_REPRESENTATION_CONTEXT() REPRESENTATION_CONTEXT('2D SPACE',''
  ) );
#6016 = ORIENTED_EDGE('',*,*,#6017,.T.);
#6017 = EDGE_CURVE('',#5995,#5918,#6018,.T.);
#6018 = SURFACE_CURVE('',#6019,(#6023,#6030),.PCURVE_S1.);
#6019 = LINE('',#6020,#6021);
#6020 = CARTESIAN_POINT('',(14.192325656698,1.89361591587,2.961324410772
    ));
#6021 = VECTOR('',#6022,1.);
#6022 = DIRECTION('',(0.,0.999510048898,-3.129955513418E-02));
#6023 = PCURVE('',#5933,#6024);
#6024 = DEFINITIONAL_REPRESENTATION('',(#6025),#6029);
#6025 = LINE('',#6026,#6027);
#6026 = CARTESIAN_POINT('',(3.5,0.));
#6027 = VECTOR('',#6028,1.);
#6028 = DIRECTION('',(0.,1.));
#6029 = ( GEOMETRIC_REPRESENTATION_CONTEXT(2) 
PARAMETRIC_REPRESENTATION_CONTEXT() REPRESENTATION_CONTEXT('2D SPACE',''
  ) );
#6030 = PCURVE('',#5313,#6031);
#6031 = DEFINITIONAL_REPRESENTATION('',(#6032),#6036);
#6032 = LINE('',#6033,#6034);
#6033 = CARTESIAN_POINT('',(5.149197697095E-03,0.));
#6034 = VECTOR('',#6035,1.);
#6035 = DIRECTION('',(0.,1.));
#6036 = ( GEOMETRIC_REPRESENTATION_CONTEXT(2) 
PARAMETRIC_REPRESENTATION_CONTEXT() REPRESENTATION_CONTEXT('2D SPACE',''
  ) );
#6037 = ORIENTED_EDGE('',*,*,#5917,.F.);
#6038 = ADVANCED_FACE('',(#6039),#5313,.F.);
#6039 = FACE_BOUND('',#6040,.F.);
#6040 = EDGE_LOOP('',(#6041,#6063,#6064,#6065));
#6041 = ORIENTED_EDGE('',*,*,#6042,.T.);
#6042 = EDGE_CURVE('',#5216,#5995,#6043,.T.);
#6043 = SURFACE_CURVE('',#6044,(#6049,#6056),.PCURVE_S1.);
#6044 = CIRCLE('',#6045,111.60250594613);
#6045 = AXIS2_PLACEMENT_3D('',#6046,#6047,#6048);
#6046 = CARTESIAN_POINT('',(-94.10250594613,0.549730526894,
    -23.97921666828));
#6047 = DIRECTION('',(-3.720910196791E-19,0.999510048898,
    -3.129955513418E-02));
#6048 = DIRECTION('',(0.969104813817,7.720012263015E-03,0.24652841874));
#6049 = PCURVE('',#5313,#6050);
#6050 = DEFINITIONAL_REPRESENTATION('',(#6051),#6055);
#6051 = LINE('',#6052,#6053);
#6052 = CARTESIAN_POINT('',(0.,-0.5));
#6053 = VECTOR('',#6054,1.);
#6054 = DIRECTION('',(1.,0.));
#6055 = ( GEOMETRIC_REPRESENTATION_CONTEXT(2) 
PARAMETRIC_REPRESENTATION_CONTEXT() REPRESENTATION_CONTEXT('2D SPACE',''
  ) );
#6056 = PCURVE('',#5231,#6057);
#6057 = DEFINITIONAL_REPRESENTATION('',(#6058),#6062);
#6058 = CIRCLE('',#6059,111.60250594613);
#6059 = AXIS2_PLACEMENT_2D('',#6060,#6061);
#6060 = CARTESIAN_POINT('',(0.,0.));
#6061 = DIRECTION('',(1.,-2.05866086351E-17));
#6062 = ( GEOMETRIC_REPRESENTATION_CONTEXT(2) 
PARAMETRIC_REPRESENTATION_CONTEXT() REPRESENTATION_CONTEXT('2D SPACE',''
  ) );
#6063 = ORIENTED_EDGE('',*,*,#6017,.T.);
#6064 = ORIENTED_EDGE('',*,*,#5945,.F.);
#6065 = ORIENTED_EDGE('',*,*,#5299,.F.);
#6066 = ADVANCED_FACE('',(#6067),#5259,.T.);
#6067 = FACE_BOUND('',#6068,.T.);
#6068 = EDGE_LOOP('',(#6069,#6091,#6092,#6093));
#6069 = ORIENTED_EDGE('',*,*,#6070,.T.);
#6070 = EDGE_CURVE('',#5214,#5972,#6071,.T.);
#6071 = SURFACE_CURVE('',#6072,(#6077,#6084),.PCURVE_S1.);
#6072 = CIRCLE('',#6073,104.60250594613);
#6073 = AXIS2_PLACEMENT_3D('',#6074,#6075,#6076);
#6074 = CARTESIAN_POINT('',(-94.10250594613,0.549730526894,
    -23.97921666828));
#6075 = DIRECTION('',(-3.993001575333E-19,0.999510048898,
    -3.129955513418E-02));
#6076 = DIRECTION('',(0.969104813817,7.720012263015E-03,0.24652841874));
#6077 = PCURVE('',#5259,#6078);
#6078 = DEFINITIONAL_REPRESENTATION('',(#6079),#6083);
#6079 = LINE('',#6080,#6081);
#6080 = CARTESIAN_POINT('',(0.,-0.5));
#6081 = VECTOR('',#6082,1.);
#6082 = DIRECTION('',(1.,0.));
#6083 = ( GEOMETRIC_REPRESENTATION_CONTEXT(2) 
PARAMETRIC_REPRESENTATION_CONTEXT() REPRESENTATION_CONTEXT('2D SPACE',''
  ) );
#6084 = PCURVE('',#5231,#6085);
#6085 = DEFINITIONAL_REPRESENTATION('',(#6086),#6090);
#6086 = CIRCLE('',#6087,104.60250594613);
#6087 = AXIS2_PLACEMENT_2D('',#6088,#6089);
#6088 = CARTESIAN_POINT('',(0.,0.));
#6089 = DIRECTION('',(1.,-2.365058034209E-17));
#6090 = ( GEOMETRIC_REPRESENTATION_CONTEXT(2) 
PARAMETRIC_REPRESENTATION_CONTEXT() REPRESENTATION_CONTEXT('2D SPACE',''
  ) );
#6091 = ORIENTED_EDGE('',*,*,#5971,.T.);
#6092 = ORIENTED_EDGE('',*,*,#5893,.F.);
#6093 = ORIENTED_EDGE('',*,*,#5243,.F.);
#6094 = ADVANCED_FACE('',(#6095),#5231,.T.);
#6095 = FACE_BOUND('',#6096,.F.);
#6096 = EDGE_LOOP('',(#6097,#6098,#6099,#6100));
#6097 = ORIENTED_EDGE('',*,*,#6070,.T.);
#6098 = ORIENTED_EDGE('',*,*,#5994,.T.);
#6099 = ORIENTED_EDGE('',*,*,#6042,.F.);
#6100 = ORIENTED_EDGE('',*,*,#5213,.F.);
#6101 = ( GEOMETRIC_REPRESENTATION_CONTEXT(3) 
GLOBAL_UNCERTAINTY_ASSIGNED_CONTEXT((#6105)) 
GLOBAL_UNIT_ASSIGNED_CONTEXT((#6102,#6103,#6104)) REPRESENTATION_CONTEXT
('Context #1','3D Context with UNIT and UNCERTAINTY') );
#6102 = ( LENGTH_UNIT() NAMED_UNIT(*) SI_UNIT(.MILLI.,.METRE.) );
#6103 = ( NAMED_UNIT(*) PLANE_ANGLE_UNIT() SI_UNIT($,.RADIAN.) );
#6104 = ( NAMED_UNIT(*) SI_UNIT($,.STERADIAN.) SOLID_ANGLE_UNIT() );
#6105 = UNCERTAINTY_MEASURE_WITH_UNIT(LENGTH_MEASURE(5.E-07),#6102,
  'distance_accuracy_value','confusion accuracy');
#6106 = PRODUCT_RELATED_PRODUCT_CATEGORY('part',$,(#7));
ENDSEC;
END-ISO-10303-21;
