ISO-10303-21;
HEADER;
FILE_DESCRIPTION(('Open CASCADE Model'),'2;1');
FILE_NAME('body_full_p15','2026-09-16T00:00:00Z',('Author'),(
    'Open CASCADE'),'Open CASCADE STEP processor 7.9','build123d',
  'Unknown');
FILE_SCHEMA(('AUTOMOTIVE_DESIGN { 1 0 10303 214 1 1 1 1 }'));
ENDSEC;
DATA;
#1 = APPLICATION_PROTOCOL_DEFINITION('international standard',
  'automotive_design',2000,#2);
#2 = APPLICATION_CONTEXT(
  'core data for automotive mechanical design processes');
#3 = SHAPE_DEFINITION_REPRESENTATION(#4,#10);
#4 = PRODUCT_DEFINITION_SHAPE('','',#5);
#5 = PRODUCT_DEFINITION('design','',#6,#9);
#6 = PRODUCT_DEFINITION_FORMATION('','',#7);
#7 = PRODUCT('body_full_p15','body_full_p15','',(#8));
#8 = PRODUCT_CONTEXT('',#2,'mechanical');
#9 = PRODUCT_DEFINITION_CONTEXT('part definition',#2,'design');
#10 = ADVANCED_BREP_SHAPE_REPRESENTATION('',(#11,#15),#6847);
#11 = AXIS2_PLACEMENT_3D('',#12,#13,#14);
#12 = CARTESIAN_POINT('',(0.,0.,0.));
#13 = DIRECTION('',(0.,0.,1.));
#14 = DIRECTION('',(1.,0.,-0.));
#15 = MANIFOLD_SOLID_BREP('',#16);
#16 = CLOSED_SHELL('',(#17,#1285,#1852,#1934,#2041,#2126,#2233,#2346,
    #2429,#2495,#2614,#2618,#2622,#2626,#2759,#2862,#2911,#2961,#3460,
    #3510,#3536,#3599,#3668,#3707,#3935,#3963,#4260,#4288,#4338,#4589,
    #4614,#4621,#4715,#4818,#4867,#4938,#5295,#5344,#5393,#5681,#5688,
    #5692,#5717,#5744,#5749,#5814,#5839,#5886,#5910,#5917,#5924,#5951,
    #5958,#6237,#6286,#6336,#6363,#6412,#6462,#6555,#6582,#6609,#6616,
    #6665,#6715,#6742,#6791,#6819,#6826,#6833,#6840));
#17 = ADVANCED_FACE('',(#18,#868,#1007,#1146),#32,.F.);
#18 = FACE_BOUND('',#19,.T.);
#19 = EDGE_LOOP('',(#20,#55,#84,#202,#360,#428,#651,#760,#789,#812));
#20 = ORIENTED_EDGE('',*,*,#21,.F.);
#21 = EDGE_CURVE('',#22,#24,#26,.T.);
#22 = VERTEX_POINT('',#23);
#23 = CARTESIAN_POINT('',(1.453657220726,1.158001839452E-02,
    0.36979262811));
#24 = VERTEX_POINT('',#25);
#25 = CARTESIAN_POINT('',(2.786915734038,2.220092536535E-02,
    0.708957296753));
#26 = SURFACE_CURVE('',#27,(#31,#43),.PCURVE_S1.);
#27 = LINE('',#28,#29);
#28 = CARTESIAN_POINT('',(8.237390917448,6.562010423562E-02,
    2.095491559292));
#29 = VECTOR('',#30,1.);
#30 = DIRECTION('',(0.969104813817,7.720012263015E-03,0.24652841874));
#31 = PCURVE('',#32,#37);
#32 = PLANE('',#33);
#33 = AXIS2_PLACEMENT_3D('',#34,#35,#36);
#34 = CARTESIAN_POINT('',(-94.10250594613,-0.749632536674,
    -23.93852724661));
#35 = DIRECTION('',(0.,0.999510048898,-3.129955513418E-02));
#36 = DIRECTION('',(0.969104813817,7.720012263015E-03,0.24652841874));
#37 = DEFINITIONAL_REPRESENTATION('',(#38),#42);
#38 = LINE('',#39,#40);
#39 = CARTESIAN_POINT('',(105.60250594613,5.859516904726E-16));
#40 = VECTOR('',#41,1.);
#41 = DIRECTION('',(1.,9.951160596024E-18));
#42 = ( GEOMETRIC_REPRESENTATION_CONTEXT(2) 
PARAMETRIC_REPRESENTATION_CONTEXT() REPRESENTATION_CONTEXT('2D SPACE',''
  ) );
#43 = PCURVE('',#44,#49);
#44 = PLANE('',#45);
#45 = AXIS2_PLACEMENT_3D('',#46,#47,#48);
#46 = CARTESIAN_POINT('',(8.237390917448,4.563415324277,1.954643561188)
  );
#47 = DIRECTION('',(-0.246649264819,3.033254955087E-02,0.968629999846));
#48 = DIRECTION('',(0.969104813817,7.720012263015E-03,0.24652841874));
#49 = DEFINITIONAL_REPRESENTATION('',(#50),#54);
#50 = LINE('',#51,#52);
#51 = CARTESIAN_POINT('',(0.,-4.5));
#52 = VECTOR('',#53,1.);
#53 = DIRECTION('',(1.,0.));
#54 = ( GEOMETRIC_REPRESENTATION_CONTEXT(2) 
PARAMETRIC_REPRESENTATION_CONTEXT() REPRESENTATION_CONTEXT('2D SPACE',''
  ) );
#55 = ORIENTED_EDGE('',*,*,#56,.T.);
#56 = EDGE_CURVE('',#22,#57,#59,.T.);
#57 = VERTEX_POINT('',#58);
#58 = CARTESIAN_POINT('',(3.512559979663,-1.185307372218,-37.85122901864
    ));
#59 = SURFACE_CURVE('',#60,(#65,#72),.PCURVE_S1.);
#60 = CIRCLE('',#61,98.602505946136);
#61 = AXIS2_PLACEMENT_3D('',#62,#63,#64);
#62 = CARTESIAN_POINT('',(-94.10250594613,-0.749632536674,
    -23.93852724661));
#63 = DIRECTION('',(-3.720910196791E-19,0.999510048898,
    -3.129955513418E-02));
#64 = DIRECTION('',(0.969104813817,7.720012263015E-03,0.24652841874));
#65 = PCURVE('',#32,#66);
#66 = DEFINITIONAL_REPRESENTATION('',(#67),#71);
#67 = CIRCLE('',#68,98.602505946136);
#68 = AXIS2_PLACEMENT_2D('',#69,#70);
#69 = CARTESIAN_POINT('',(0.,0.));
#70 = DIRECTION('',(1.,5.383953416829E-18));
#71 = ( GEOMETRIC_REPRESENTATION_CONTEXT(2) 
PARAMETRIC_REPRESENTATION_CONTEXT() REPRESENTATION_CONTEXT('2D SPACE',''
  ) );
#72 = PCURVE('',#73,#78);
#73 = TOROIDAL_SURFACE('',#74,98.602505946136,1.5);
#74 = AXIS2_PLACEMENT_3D('',#75,#76,#77);
#75 = CARTESIAN_POINT('',(-94.10250594613,0.749632536674,-23.98547657931
    ));
#76 = DIRECTION('',(0.,-0.999510048898,3.129955513418E-02));
#77 = DIRECTION('',(0.969104813817,7.720012263015E-03,0.24652841874));
#78 = DEFINITIONAL_REPRESENTATION('',(#79),#83);
#79 = LINE('',#80,#81);
#80 = CARTESIAN_POINT('',(-0.,1.570796326795));
#81 = VECTOR('',#82,1.);
#82 = DIRECTION('',(-1.,0.));
#83 = ( GEOMETRIC_REPRESENTATION_CONTEXT(2) 
PARAMETRIC_REPRESENTATION_CONTEXT() REPRESENTATION_CONTEXT('2D SPACE',''
  ) );
#84 = ORIENTED_EDGE('',*,*,#85,.T.);
#85 = EDGE_CURVE('',#57,#86,#88,.T.);
#86 = VERTEX_POINT('',#87);
#87 = CARTESIAN_POINT('',(4.644466917784,-1.433821739721,-45.7872078704)
  );
#88 = SURFACE_CURVE('',#89,(#112,#128),.PCURVE_S1.);
#89 = B_SPLINE_CURVE_WITH_KNOTS('',11,(#90,#91,#92,#93,#94,#95,#96,#97,
    #98,#99,#100,#101,#102,#103,#104,#105,#106,#107,#108,#109,#110,#111)
  ,.UNSPECIFIED.,.F.,.F.,(12,10,12),(-6.275945627756,-4.534888081805,
    8.399304520154),.UNSPECIFIED.);
#90 = CARTESIAN_POINT('',(2.145017846999,-0.989586891395,-31.60115336998
    ));
#91 = CARTESIAN_POINT('',(2.182842807994,-0.994565479503,-31.76013802077
    ));
#92 = CARTESIAN_POINT('',(2.220426234508,-0.999512276416,-31.91810746165
    ));
#93 = CARTESIAN_POINT('',(2.257768126542,-1.004427282134,-32.07506169263
    ));
#94 = CARTESIAN_POINT('',(2.294868484094,-1.009310496658,-32.2310007137)
  );
#95 = CARTESIAN_POINT('',(2.331727307165,-1.014161919987,-32.38592452486
    ));
#96 = CARTESIAN_POINT('',(2.368344595755,-1.018981552122,-32.53983312611
    ));
#97 = CARTESIAN_POINT('',(2.404720349863,-1.023769393062,-32.69272651746
    ));
#98 = CARTESIAN_POINT('',(2.440854569491,-1.028525442807,-32.8446046989)
  );
#99 = CARTESIAN_POINT('',(2.476747254638,-1.033249701358,-32.99546767043
    ));
#100 = CARTESIAN_POINT('',(2.512398405303,-1.037942168715,
    -33.14531543206));
#101 = CARTESIAN_POINT('',(2.810863540103,-1.077226676393,
    -34.39981441844));
#102 = CARTESIAN_POINT('',(3.059941135581,-1.112071404214,
    -35.51253488554));
#103 = CARTESIAN_POINT('',(3.294459068154,-1.147160750029,
    -36.63306690589));
#104 = CARTESIAN_POINT('',(3.516328266046,-1.182369593949,-37.7574149408
    ));
#105 = CARTESIAN_POINT('',(3.719253612091,-1.217983750293,
    -38.89470609384));
#106 = CARTESIAN_POINT('',(3.91634232913,-1.253498074696,-40.02880924545
    ));
#107 = CARTESIAN_POINT('',(4.086227643209,-1.289581484847,
    -41.18108540045));
#108 = CARTESIAN_POINT('',(4.25389280499,-1.325250988334,-42.32014399161
    ));
#109 = CARTESIAN_POINT('',(4.398570492084,-1.362005870772,
    -43.49386272932));
#110 = CARTESIAN_POINT('',(4.533314457607,-1.398803981303,
    -44.66896189921));
#111 = CARTESIAN_POINT('',(4.644466917784,-1.433821739721,-45.7872078704
    ));
#112 = PCURVE('',#32,#113);
#113 = DEFINITIONAL_REPRESENTATION('',(#114),#127);
#114 = B_SPLINE_CURVE_WITH_KNOTS('',11,(#115,#116,#117,#118,#119,#120,
    #121,#122,#123,#124,#125,#126),.UNSPECIFIED.,.F.,.F.,(12,12),(
    -4.534888081805,8.399304520154),.PIECEWISE_BEZIER_KNOTS.);
#115 = CARTESIAN_POINT('',(91.355596401951,32.909750334259));
#116 = CARTESIAN_POINT('',(91.337679277149,34.046664692058));
#117 = CARTESIAN_POINT('',(91.304475354951,35.186970853161));
#118 = CARTESIAN_POINT('',(91.255233935062,36.331259808869));
#119 = CARTESIAN_POINT('',(91.192792886832,37.476128894244));
#120 = CARTESIAN_POINT('',(91.108799285326,38.628874879305));
#121 = CARTESIAN_POINT('',(91.019936081935,39.777090241935));
#122 = CARTESIAN_POINT('',(90.900225374923,40.936216083522));
#123 = CARTESIAN_POINT('',(90.781624807893,42.0819788423));
#124 = CARTESIAN_POINT('',(90.632193878354,43.255677537513));
#125 = CARTESIAN_POINT('',(90.472795481881,44.428264526795));
#126 = CARTESIAN_POINT('',(90.304564117544,45.539908972179));
#127 = ( GEOMETRIC_REPRESENTATION_CONTEXT(2) 
PARAMETRIC_REPRESENTATION_CONTEXT() REPRESENTATION_CONTEXT('2D SPACE',''
  ) );
#128 = PCURVE('',#129,#196);
#129 = ( BOUNDED_SURFACE() B_SPLINE_SURFACE(2,11,(
    (#130,#131,#132,#133,#134,#135,#136,#137,#138,#139,#140,#141,#142
      ,#143,#144,#145,#146,#147,#148,#149,#150,#151)
    ,(#152,#153,#154,#155,#156,#157,#158,#159,#160,#161,#162,#163,#164
      ,#165,#166,#167,#168,#169,#170,#171,#172,#173)
    ,(#174,#175,#176,#177,#178,#179,#180,#181,#182,#183,#184,#185,#186
      ,#187,#188,#189,#190,#191,#192,#193,#194,#195
)),.UNSPECIFIED.,.F.,.F.,.F.) B_SPLINE_SURFACE_WITH_KNOTS((3,3),(12,10,
    12),(0.,12.934192601959),(-6.275945627756,-4.534888081805,
8.399304520154),.UNSPECIFIED.) GEOMETRIC_REPRESENTATION_ITEM() 
RATIONAL_B_SPLINE_SURFACE((
    (1.,1.,1.,1.,1.,1.,1.,1.,1.,1.,1.,1.,1.,1.,1.,1.,1.,1.,1.,1.,1.,1.)
    ,(0.707106781187,0.707106781187,0.707106781187,0.707106781187
      ,0.707106781187,0.707106781187,0.707106781187,0.707106781187
      ,0.707106781187,0.707106781187,0.707106781187,0.707106781187
      ,0.707106781186,0.707106781187,0.707106781186,0.707106781187
      ,0.707106781186,0.707106781187,0.707106781186,0.707106781187
      ,0.707106781187,0.707106781187)
    ,(1.,1.,1.,1.,1.,1.,1.,1.,1.,1.,1.,1.,1.,1.,1.,1.,1.,1.,1.,1.,1.,1.
))) REPRESENTATION_ITEM('') SURFACE() );
#130 = CARTESIAN_POINT('',(2.145017846999,-0.989586891395,
    -31.60115336998));
#131 = CARTESIAN_POINT('',(2.182842807994,-0.994565479503,
    -31.76013802077));
#132 = CARTESIAN_POINT('',(2.220426234508,-0.999512276416,
    -31.91810746165));
#133 = CARTESIAN_POINT('',(2.257768126542,-1.004427282134,
    -32.07506169263));
#134 = CARTESIAN_POINT('',(2.294868484094,-1.009310496658,-32.2310007137
    ));
#135 = CARTESIAN_POINT('',(2.331727307165,-1.014161919987,
    -32.38592452486));
#136 = CARTESIAN_POINT('',(2.368344595755,-1.018981552122,
    -32.53983312611));
#137 = CARTESIAN_POINT('',(2.404720349863,-1.023769393062,
    -32.69272651746));
#138 = CARTESIAN_POINT('',(2.440854569491,-1.028525442807,-32.8446046989
    ));
#139 = CARTESIAN_POINT('',(2.476747254638,-1.033249701358,
    -32.99546767043));
#140 = CARTESIAN_POINT('',(2.512398405303,-1.037942168715,
    -33.14531543206));
#141 = CARTESIAN_POINT('',(2.810863540103,-1.077226676393,
    -34.39981441844));
#142 = CARTESIAN_POINT('',(3.059941135581,-1.112071404214,
    -35.51253488554));
#143 = CARTESIAN_POINT('',(3.294459068154,-1.147160750029,
    -36.63306690589));
#144 = CARTESIAN_POINT('',(3.516328266046,-1.182369593949,-37.7574149408
    ));
#145 = CARTESIAN_POINT('',(3.719253612091,-1.217983750293,
    -38.89470609384));
#146 = CARTESIAN_POINT('',(3.91634232913,-1.253498074696,-40.02880924545
    ));
#147 = CARTESIAN_POINT('',(4.086227643209,-1.289581484847,
    -41.18108540045));
#148 = CARTESIAN_POINT('',(4.25389280499,-1.325250988334,-42.32014399161
    ));
#149 = CARTESIAN_POINT('',(4.398570492084,-1.362005870772,
    -43.49386272932));
#150 = CARTESIAN_POINT('',(4.533314457607,-1.398803981303,
    -44.66896189921));
#151 = CARTESIAN_POINT('',(4.644466917784,-1.433821739721,-45.7872078704
    ));
#152 = CARTESIAN_POINT('',(0.685701715196,-1.000447368176,
    -31.94796838482));
#153 = CARTESIAN_POINT('',(0.724097275223,-1.005501050176,
    -32.10935106012));
#154 = CARTESIAN_POINT('',(0.762137193799,-1.010507922108,
    -32.26923891756));
#155 = CARTESIAN_POINT('',(0.799821470923,-1.015467983971,
    -32.42763195714));
#156 = CARTESIAN_POINT('',(0.837150106596,-1.020381235765,
    -32.58453017885));
#157 = CARTESIAN_POINT('',(0.874123100817,-1.025247677491,
    -32.73993358271));
#158 = CARTESIAN_POINT('',(0.910740453588,-1.030067309148,
    -32.89384216871));
#159 = CARTESIAN_POINT('',(0.947002164906,-1.034840130736,
    -33.04625593685));
#160 = CARTESIAN_POINT('',(0.982908234774,-1.039566142256,
    -33.19717488713));
#161 = CARTESIAN_POINT('',(1.01845866319,-1.044245343707,-33.34659901955
    ));
#162 = CARTESIAN_POINT('',(1.053653450155,-1.048877735089,
    -33.49452833411));
#163 = CARTESIAN_POINT('',(1.347310128268,-1.087529273636,-34.7288142854
    ));
#164 = CARTESIAN_POINT('',(1.592332942443,-1.121814689214,-35.823673853)
  );
#165 = CARTESIAN_POINT('',(1.823515036697,-1.156342792988,
    -36.92628334837));
#166 = CARTESIAN_POINT('',(2.04031224539,-1.190981128881,-38.03241296117
    ));
#167 = CARTESIAN_POINT('',(2.243734989761,-1.226075140832,
    -39.15309398848));
#168 = CARTESIAN_POINT('',(2.431372904633,-1.260931927928,
    -40.26619955258));
#169 = CARTESIAN_POINT('',(2.60632305356,-1.296513107918,-41.40243764927
    ));
#170 = CARTESIAN_POINT('',(2.765229516524,-1.331811206389,
    -42.52963591061));
#171 = CARTESIAN_POINT('',(2.910144025308,-1.367598786443,
    -43.67246512133));
#172 = CARTESIAN_POINT('',(3.039467079822,-1.403205840588,
    -44.80952947504));
#173 = CARTESIAN_POINT('',(3.154974774971,-1.439369196839,
    -45.96435860344));
#174 = CARTESIAN_POINT('',(0.685701715196,0.498817705171,-31.99491771752
    ));
#175 = CARTESIAN_POINT('',(0.724097275223,0.493764023171,-32.15630039282
    ));
#176 = CARTESIAN_POINT('',(0.762137193799,0.488757151239,-32.31618825026
    ));
#177 = CARTESIAN_POINT('',(0.799821470923,0.483797089376,-32.47458128984
    ));
#178 = CARTESIAN_POINT('',(0.837150106596,0.478883837582,-32.63147951156
    ));
#179 = CARTESIAN_POINT('',(0.874123100817,0.474017395856,-32.78688291541
    ));
#180 = CARTESIAN_POINT('',(0.910740453588,0.469197764199,-32.94079150141
    ));
#181 = CARTESIAN_POINT('',(0.947002164906,0.464424942611,-33.09320526955
    ));
#182 = CARTESIAN_POINT('',(0.982908234774,0.459698931092,-33.24412421983
    ));
#183 = CARTESIAN_POINT('',(1.01845866319,0.455019729641,-33.39354835225)
  );
#184 = CARTESIAN_POINT('',(1.053653450155,0.450387338258,-33.54147766681
    ));
#185 = CARTESIAN_POINT('',(1.347310128268,0.411735799711,-34.7757636181)
  );
#186 = CARTESIAN_POINT('',(1.592332942443,0.377450384133,-35.8706231857)
  );
#187 = CARTESIAN_POINT('',(1.823515036697,0.34292228036,-36.97323268107)
  );
#188 = CARTESIAN_POINT('',(2.040312245389,0.308283944466,-38.07936229386
    ));
#189 = CARTESIAN_POINT('',(2.243734989762,0.273189932516,-39.20004332121
    ));
#190 = CARTESIAN_POINT('',(2.431372904632,0.238333145419,-40.31314888526
    ));
#191 = CARTESIAN_POINT('',(2.606323053561,0.202751965429,-41.44938698199
    ));
#192 = CARTESIAN_POINT('',(2.765229516524,0.167453866958,-42.57658524331
    ));
#193 = CARTESIAN_POINT('',(2.910144025308,0.131666286904,-43.71941445404
    ));
#194 = CARTESIAN_POINT('',(3.039467079822,9.605923275882E-02,
    -44.85647880774));
#195 = CARTESIAN_POINT('',(3.154974774971,5.989587650779E-02,
    -46.01130793614));
#196 = DEFINITIONAL_REPRESENTATION('',(#197),#201);
#197 = LINE('',#198,#199);
#198 = CARTESIAN_POINT('',(0.,0.));
#199 = VECTOR('',#200,1.);
#200 = DIRECTION('',(0.,1.));
#201 = ( GEOMETRIC_REPRESENTATION_CONTEXT(2) 
PARAMETRIC_REPRESENTATION_CONTEXT() REPRESENTATION_CONTEXT('2D SPACE',''
  ) );
#202 = ORIENTED_EDGE('',*,*,#203,.T.);
#203 = EDGE_CURVE('',#86,#204,#206,.T.);
#204 = VERTEX_POINT('',#205);
#205 = CARTESIAN_POINT('',(6.545069812936,-1.502965972996,
    -47.99523784672));
#206 = SURFACE_CURVE('',#207,(#236,#268),.PCURVE_S1.);
#207 = ( BOUNDED_CURVE() B_SPLINE_CURVE(14,(#208,#209,#210,#211,#212,
    #213,#214,#215,#216,#217,#218,#219,#220,#221,#222,#223,#224,#225,
    #226,#227,#228,#229,#230,#231,#232,#233,#234,#235),.UNSPECIFIED.,.F.
,.F.) B_SPLINE_CURVE_WITH_KNOTS((15,13,15),(8.399304520154,
10.766193866606,13.13340616411),.UNSPECIFIED.) CURVE() 
GEOMETRIC_REPRESENTATION_ITEM() RATIONAL_B_SPLINE_CURVE((1.,
    1.000000000001,0.999999999997,1.000000000007,0.999999999985,
    1.000000000023,0.99999999997,1.000000000032,0.999999999972,
    1.00000000002,0.999999999988,1.000000000005,0.999999999998,1.,1.,1.,
    1.,1.,1.,1.000000000001,0.999999999999,1.000000000001,0.999999999999
,1.000000000001,1.,1.,1.,1.)) REPRESENTATION_ITEM('') );
#208 = CARTESIAN_POINT('',(4.644466917784,-1.433821739721,-45.7872078704
    ));
#209 = CARTESIAN_POINT('',(4.660448595194,-1.43885664869,-45.94799105368
    ));
#210 = CARTESIAN_POINT('',(4.674401326035,-1.441363448752,
    -46.02804241038));
#211 = CARTESIAN_POINT('',(4.695667384571,-1.444211256242,
    -46.11898338998));
#212 = CARTESIAN_POINT('',(4.711201737633,-1.447635747527,
    -46.22834000654));
#213 = CARTESIAN_POINT('',(4.753190365603,-1.451202555892,-46.3422413317
    ));
#214 = CARTESIAN_POINT('',(4.781782277651,-1.454134043194,-46.4358545156
    ));
#215 = CARTESIAN_POINT('',(4.820944702249,-1.457368199158,
    -46.53913302478));
#216 = CARTESIAN_POINT('',(4.871453564499,-1.460694616058,-46.645357765)
  );
#217 = CARTESIAN_POINT('',(4.916694352275,-1.463618776382,
    -46.73873697185));
#218 = CARTESIAN_POINT('',(4.974889203693,-1.466753634391,
    -46.83884453136));
#219 = CARTESIAN_POINT('',(5.033676380896,-1.469671202717,
    -46.93201323133));
#220 = CARTESIAN_POINT('',(5.098477528654,-1.472542218087,
    -47.02369532394));
#221 = CARTESIAN_POINT('',(5.167292613355,-1.475303845166,
    -47.11188424563));
#222 = CARTESIAN_POINT('',(5.313161196549,-1.480609083043,
    -47.28130002637));
#223 = CARTESIAN_POINT('',(5.390123847496,-1.483151389076,
    -47.36248521948));
#224 = CARTESIAN_POINT('',(5.471475434438,-1.485579014812,
    -47.44000824842));
#225 = CARTESIAN_POINT('',(5.553624875057,-1.487856394154,
    -47.51273335669));
#226 = CARTESIAN_POINT('',(5.64773211968,-1.490072186666,-47.58349177085
    ));
#227 = CARTESIAN_POINT('',(5.724913739787,-1.491977967454,
    -47.64435036888));
#228 = CARTESIAN_POINT('',(5.838417695569,-1.494026194902,
    -47.70975781356));
#229 = CARTESIAN_POINT('',(5.910394005969,-1.49555524094,-47.75858588381
    ));
#230 = CARTESIAN_POINT('',(6.026438180178,-1.497248439787,
    -47.81265595786));
#231 = CARTESIAN_POINT('',(6.113107316161,-1.49863822923,-47.85703705234
    ));
#232 = CARTESIAN_POINT('',(6.217044172236,-1.499793035173,
    -47.89391425841));
#233 = CARTESIAN_POINT('',(6.30310138574,-1.500849777322,-47.92765992645
    ));
#234 = CARTESIAN_POINT('',(6.397110514415,-1.501795840735,-47.9578712149
    ));
#235 = CARTESIAN_POINT('',(6.545069812936,-1.502965972996,
    -47.99523784672));
#236 = PCURVE('',#32,#237);
#237 = DEFINITIONAL_REPRESENTATION('',(#238),#267);
#238 = B_SPLINE_CURVE_WITH_KNOTS('',14,(#239,#240,#241,#242,#243,#244,
    #245,#246,#247,#248,#249,#250,#251,#252,#253,#254,#255,#256,#257,
    #258,#259,#260,#261,#262,#263,#264,#265,#266),.UNSPECIFIED.,.F.,.F.,
  (15,13,15),(8.399304520154,10.766193866606,13.13340616411),
  .UNSPECIFIED.);
#239 = CARTESIAN_POINT('',(90.304564117544,45.539908972179));
#240 = CARTESIAN_POINT('',(90.280375544612,45.699742977611));
#241 = CARTESIAN_POINT('',(90.274142916042,45.780800591517));
#242 = CARTESIAN_POINT('',(90.272310435613,45.874220392057));
#243 = CARTESIAN_POINT('',(90.260378899079,45.984081900669));
#244 = CARTESIAN_POINT('',(90.272962834699,46.104874797955));
#245 = CARTESIAN_POINT('',(90.277570447964,46.202692426817));
#246 = CARTESIAN_POINT('',(90.290036892763,46.312488576128));
#247 = CARTESIAN_POINT('',(90.312772171386,46.427939915222));
#248 = CARTESIAN_POINT('',(90.33357203843,46.529637123404));
#249 = CARTESIAN_POINT('',(90.365265386545,46.641053112473));
#250 = CARTESIAN_POINT('',(90.399245068643,46.745887422619));
#251 = CARTESIAN_POINT('',(90.43941976662,46.850763688234));
#252 = CARTESIAN_POINT('',(90.48434640144,46.953243080795));
#253 = CARTESIAN_POINT('',(90.583901586533,47.153483588632));
#254 = CARTESIAN_POINT('',(90.638452378125,47.251181898145));
#255 = CARTESIAN_POINT('',(90.698160221689,47.346411974789));
#256 = CARTESIAN_POINT('',(90.759825252458,47.437186874385));
#257 = CARTESIAN_POINT('',(90.833563970793,47.529004290166));
#258 = CARTESIAN_POINT('',(90.893342963143,47.607048351444));
#259 = CARTESIAN_POINT('',(90.98719958756,47.698461759175));
#260 = CARTESIAN_POINT('',(91.044902864546,47.763557377459));
#261 = CARTESIAN_POINT('',(91.144018951586,47.844604841932));
#262 = CARTESIAN_POINT('',(91.217058497848,47.909012736469));
#263 = CARTESIAN_POINT('',(91.30868401121,47.970404081649));
#264 = CARTESIAN_POINT('',(91.383755046738,48.024349150331));
#265 = CARTESIAN_POINT('',(91.46740450112,48.076828689605));
#266 = CARTESIAN_POINT('',(91.601571599469,48.149552675487));
#267 = ( GEOMETRIC_REPRESENTATION_CONTEXT(2) 
PARAMETRIC_REPRESENTATION_CONTEXT() REPRESENTATION_CONTEXT('2D SPACE',''
  ) );
#268 = PCURVE('',#269,#354);
#269 = ( BOUNDED_SURFACE() B_SPLINE_SURFACE(2,14,(
    (#270,#271,#272,#273,#274,#275,#276,#277,#278,#279,#280,#281,#282
      ,#283,#284,#285,#286,#287,#288,#289,#290,#291,#292,#293,#294,#295
      ,#296,#297)
    ,(#298,#299,#300,#301,#302,#303,#304,#305,#306,#307,#308,#309,#310
      ,#311,#312,#313,#314,#315,#316,#317,#318,#319,#320,#321,#322,#323
      ,#324,#325)
    ,(#326,#327,#328,#329,#330,#331,#332,#333,#334,#335,#336,#337,#338
      ,#339,#340,#341,#342,#343,#344,#345,#346,#347,#348,#349,#350,#351
      ,#352,#353
)),.UNSPECIFIED.,.F.,.F.,.F.) B_SPLINE_SURFACE_WITH_KNOTS((3,3),(15,13,
    15),(0.,4.734101643956),(8.399304520154,10.766193866606,
13.13340616411),.UNSPECIFIED.) GEOMETRIC_REPRESENTATION_ITEM() 
RATIONAL_B_SPLINE_SURFACE((
    (1.,1.000000000001,0.999999999997,1.000000000007,0.999999999985
      ,1.000000000023,0.99999999997,1.000000000032,0.999999999972
      ,1.00000000002,0.999999999988,1.000000000005,0.999999999998,1.,1.
      ,1.,1.,1.,1.,1.000000000001,0.999999999999,1.000000000001
      ,0.999999999999,1.000000000001,1.,1.,1.,1.)
    ,(0.707106781187,0.707106781187,0.707106781185,0.707106781191
      ,0.707106781178,0.7071067812,0.707106781169,0.707106781205
      ,0.707106781171,0.707106781197,0.70710678118,0.707106781189
      ,0.707106781186,0.707106781187,0.707106781186,0.707106781187
      ,0.707106781184,0.707106781191,0.707106781179,0.707106781197
      ,0.707106781175,0.707106781198,0.707106781178,0.707106781192
      ,0.707106781184,0.707106781187,0.707106781186,0.707106781187)
    ,(1.,1.000000000001,0.999999999997,1.000000000007,0.999999999985
      ,1.000000000023,0.99999999997,1.000000000032,0.999999999972
      ,1.00000000002,0.999999999988,1.000000000005,0.999999999998,1.,1.
      ,1.,1.,1.,1.,1.000000000001,0.999999999999,1.000000000001
,0.999999999999,1.000000000001,1.,1.,1.,1.
))) REPRESENTATION_ITEM('') SURFACE() );
#270 = CARTESIAN_POINT('',(4.644466917784,-1.433821739721,-45.7872078704
    ));
#271 = CARTESIAN_POINT('',(4.660448595194,-1.43885664869,-45.94799105368
    ));
#272 = CARTESIAN_POINT('',(4.674401326035,-1.441363448752,
    -46.02804241038));
#273 = CARTESIAN_POINT('',(4.695667384571,-1.444211256242,
    -46.11898338998));
#274 = CARTESIAN_POINT('',(4.711201737633,-1.447635747527,
    -46.22834000654));
#275 = CARTESIAN_POINT('',(4.753190365603,-1.451202555892,-46.3422413317
    ));
#276 = CARTESIAN_POINT('',(4.781782277651,-1.454134043194,-46.4358545156
    ));
#277 = CARTESIAN_POINT('',(4.820944702249,-1.457368199158,
    -46.53913302478));
#278 = CARTESIAN_POINT('',(4.871453564499,-1.460694616058,-46.645357765)
  );
#279 = CARTESIAN_POINT('',(4.916694352275,-1.463618776382,
    -46.73873697185));
#280 = CARTESIAN_POINT('',(4.974889203693,-1.466753634391,
    -46.83884453136));
#281 = CARTESIAN_POINT('',(5.033676380896,-1.469671202717,
    -46.93201323133));
#282 = CARTESIAN_POINT('',(5.098477528654,-1.472542218087,
    -47.02369532394));
#283 = CARTESIAN_POINT('',(5.167292613355,-1.475303845166,
    -47.11188424563));
#284 = CARTESIAN_POINT('',(5.313161196549,-1.480609083043,
    -47.28130002637));
#285 = CARTESIAN_POINT('',(5.390123847496,-1.483151389076,
    -47.36248521948));
#286 = CARTESIAN_POINT('',(5.471475434438,-1.485579014812,
    -47.44000824842));
#287 = CARTESIAN_POINT('',(5.553624875057,-1.487856394154,
    -47.51273335669));
#288 = CARTESIAN_POINT('',(5.64773211968,-1.490072186666,-47.58349177085
    ));
#289 = CARTESIAN_POINT('',(5.724913739787,-1.491977967454,
    -47.64435036888));
#290 = CARTESIAN_POINT('',(5.838417695569,-1.494026194902,
    -47.70975781356));
#291 = CARTESIAN_POINT('',(5.910394005969,-1.49555524094,-47.75858588381
    ));
#292 = CARTESIAN_POINT('',(6.026438180178,-1.497248439787,
    -47.81265595786));
#293 = CARTESIAN_POINT('',(6.113107316161,-1.49863822923,-47.85703705234
    ));
#294 = CARTESIAN_POINT('',(6.217044172236,-1.499793035173,
    -47.89391425841));
#295 = CARTESIAN_POINT('',(6.30310138574,-1.500849777322,-47.92765992645
    ));
#296 = CARTESIAN_POINT('',(6.397110514415,-1.501795840735,-47.9578712149
    ));
#297 = CARTESIAN_POINT('',(6.545069812936,-1.502965972996,
    -47.99523784672));
#298 = CARTESIAN_POINT('',(3.154974774971,-1.439369196839,
    -45.96435860344));
#299 = CARTESIAN_POINT('',(3.171582654988,-1.444568821686,
    -46.13040177121));
#300 = CARTESIAN_POINT('',(3.195674328981,-1.449751758402,
    -46.29591202551));
#301 = CARTESIAN_POINT('',(3.227558804285,-1.454989624024,
    -46.46317636214));
#302 = CARTESIAN_POINT('',(3.267273134335,-1.460190363076,
    -46.62925511047));
#303 = CARTESIAN_POINT('',(3.315586813249,-1.46545871439,-46.79749296766
    ));
#304 = CARTESIAN_POINT('',(3.371546924485,-1.470595425876,-46.9615270799
    ));
#305 = CARTESIAN_POINT('',(3.435900528294,-1.475729897095,-47.1254896527
    ));
#306 = CARTESIAN_POINT('',(3.508537807125,-1.480812283191,
    -47.28778895524));
#307 = CARTESIAN_POINT('',(3.588881722935,-1.485739436701,
    -47.44513111009));
#308 = CARTESIAN_POINT('',(3.677316686637,-1.490619691726,
    -47.60097562338));
#309 = CARTESIAN_POINT('',(3.773204834492,-1.49533377189,-47.75151356159
    ));
#310 = CARTESIAN_POINT('',(3.876434072262,-1.499917916939,
    -47.89790219303));
#311 = CARTESIAN_POINT('',(3.986587660613,-1.504337206311,
    -48.03902637574));
#312 = CARTESIAN_POINT('',(4.219973203605,-1.512825447561,
    -48.31008717483));
#313 = CARTESIAN_POINT('',(4.343206618795,-1.516893907255,
    -48.44000807407));
#314 = CARTESIAN_POINT('',(4.472557328535,-1.520771776208,
    -48.56384270905));
#315 = CARTESIAN_POINT('',(4.607627287309,-1.524445055092,
    -48.68114402996));
#316 = CARTESIAN_POINT('',(4.747706778114,-1.527903901861,
    -48.79159774344));
#317 = CARTESIAN_POINT('',(4.892864298688,-1.531133372622,
    -48.89472663703));
#318 = CARTESIAN_POINT('',(5.041212661776,-1.53413339324,-48.99052834179
    ));
#319 = CARTESIAN_POINT('',(5.194546425195,-1.536887465741,
    -49.07847601841));
#320 = CARTESIAN_POINT('',(5.348698019456,-1.539396865226,
    -49.15861038391));
#321 = CARTESIAN_POINT('',(5.507470078582,-1.541663138692,
    -49.23098084095));
#322 = CARTESIAN_POINT('',(5.665763831346,-1.54366921644,-49.29504229025
    ));
#323 = CARTESIAN_POINT('',(5.826228672319,-1.545434984572,
    -49.35142976879));
#324 = CARTESIAN_POINT('',(5.986668540376,-1.546955636728,
    -49.39998979159));
#325 = CARTESIAN_POINT('',(6.148537330212,-1.548245104106,
    -49.44116723311));
#326 = CARTESIAN_POINT('',(3.154974774971,5.989587650779E-02,
    -46.01130793614));
#327 = CARTESIAN_POINT('',(3.171582654988,5.469625166151E-02,
    -46.17735110391));
#328 = CARTESIAN_POINT('',(3.19567432898,4.951331494627E-02,
    -46.34286135821));
#329 = CARTESIAN_POINT('',(3.22755880429,4.427544932184E-02,
    -46.51012569484));
#330 = CARTESIAN_POINT('',(3.267273134325,3.907471027434E-02,
    -46.67620444317));
#331 = CARTESIAN_POINT('',(3.315586813265,3.380635895264E-02,
    -46.84444230036));
#332 = CARTESIAN_POINT('',(3.371546924464,2.866964747599E-02,
    -47.0084764126));
#333 = CARTESIAN_POINT('',(3.435900528317,2.353517624759E-02,
    -47.17243898541));
#334 = CARTESIAN_POINT('',(3.508537807106,1.845279016023E-02,
    -47.33473828793));
#335 = CARTESIAN_POINT('',(3.588881722949,1.35256366441E-02,
    -47.4920804428));
#336 = CARTESIAN_POINT('',(3.67731668663,8.645381622269E-03,
    -47.64792495608));
#337 = CARTESIAN_POINT('',(3.773204834495,3.931301456652E-03,
    -47.79846289429));
#338 = CARTESIAN_POINT('',(3.876434072261,-6.528435910207E-04,
    -47.94485152573));
#339 = CARTESIAN_POINT('',(3.986587660613,-5.072132964246E-03,
    -48.08597570844));
#340 = CARTESIAN_POINT('',(4.219973203605,-1.356037421323E-02,
    -48.35703650753));
#341 = CARTESIAN_POINT('',(4.343206618795,-1.762883390858E-02,
    -48.48695740677));
#342 = CARTESIAN_POINT('',(4.472557328535,-2.150670285909E-02,
    -48.61079204175));
#343 = CARTESIAN_POINT('',(4.607627287308,-2.517998174893E-02,
    -48.72809336266));
#344 = CARTESIAN_POINT('',(4.747706778114,-2.863882850659E-02,
    -48.83854707615));
#345 = CARTESIAN_POINT('',(4.89286429869,-3.186829928451E-02,
    -48.94167596972));
#346 = CARTESIAN_POINT('',(5.041212661772,-3.486831988255E-02,
    -49.0374776745));
#347 = CARTESIAN_POINT('',(5.1945464252,-3.762239240275E-02,
    -49.12542535111));
#348 = CARTESIAN_POINT('',(5.34869801945,-4.013179187149E-02,
    -49.20555971662));
#349 = CARTESIAN_POINT('',(5.507470078587,-4.239806534878E-02,
    -49.27793017364));
#350 = CARTESIAN_POINT('',(5.665763831343,-4.440414309064E-02,
    -49.34199162295));
#351 = CARTESIAN_POINT('',(5.82622867232,-4.61699112253E-02,
    -49.39837910149));
#352 = CARTESIAN_POINT('',(5.986668540376,-4.769056338105E-02,
    -49.44693912429));
#353 = CARTESIAN_POINT('',(6.148537330212,-4.898003075834E-02,
    -49.48811656581));
#354 = DEFINITIONAL_REPRESENTATION('',(#355),#359);
#355 = LINE('',#356,#357);
#356 = CARTESIAN_POINT('',(0.,0.));
#357 = VECTOR('',#358,1.);
#358 = DIRECTION('',(0.,1.));
#359 = ( GEOMETRIC_REPRESENTATION_CONTEXT(2) 
PARAMETRIC_REPRESENTATION_CONTEXT() REPRESENTATION_CONTEXT('2D SPACE',''
  ) );
#360 = ORIENTED_EDGE('',*,*,#361,.T.);
#361 = EDGE_CURVE('',#204,#362,#364,.T.);
#362 = VERTEX_POINT('',#363);
#363 = CARTESIAN_POINT('',(10.504571020883,-1.534506609017,
    -49.00244649605));
#364 = SURFACE_CURVE('',#365,(#376,#390),.PCURVE_S1.);
#365 = ( BOUNDED_CURVE() B_SPLINE_CURVE(9,(#366,#367,#368,#369,#370,#371
    ,#372,#373,#374,#375),.UNSPECIFIED.,.F.,.F.) 
B_SPLINE_CURVE_WITH_KNOTS((10,10),(13.13340616411,17.343629352475),
.PIECEWISE_BEZIER_KNOTS.) CURVE() GEOMETRIC_REPRESENTATION_ITEM() 
RATIONAL_B_SPLINE_CURVE((1.,1.,1.,1.,1.,1.,1.,1.,1.,1.)) 
REPRESENTATION_ITEM('') );
#366 = CARTESIAN_POINT('',(6.545069812936,-1.502965972996,
    -47.99523784672));
#367 = CARTESIAN_POINT('',(6.954420666642,-1.506203313566,
    -48.09861805188));
#368 = CARTESIAN_POINT('',(7.401086361528,-1.509799183541,
    -48.21344742115));
#369 = CARTESIAN_POINT('',(7.854965736068,-1.513372276034,
    -48.32754942155));
#370 = CARTESIAN_POINT('',(8.299675437616,-1.51694341108,-48.44158891348
    ));
#371 = CARTESIAN_POINT('',(8.7481190673,-1.520516529139,-48.55569173028)
  );
#372 = CARTESIAN_POINT('',(9.193366188981,-1.524033696577,
    -48.66800783775));
#373 = CARTESIAN_POINT('',(9.64694625779,-1.527689833166,-48.78476174193
    ));
#374 = CARTESIAN_POINT('',(10.094935730839,-1.531222130486,
    -48.89756100223));
#375 = CARTESIAN_POINT('',(10.504571020883,-1.534506609017,
    -49.00244649605));
#376 = PCURVE('',#32,#377);
#377 = DEFINITIONAL_REPRESENTATION('',(#378),#389);
#378 = B_SPLINE_CURVE_WITH_KNOTS('',9,(#379,#380,#381,#382,#383,#384,
    #385,#386,#387,#388),.UNSPECIFIED.,.F.,.F.,(10,10),(13.13340616411,
    17.343629352475),.PIECEWISE_BEZIER_KNOTS.);
#379 = CARTESIAN_POINT('',(91.601571599469,48.149552675487));
#380 = CARTESIAN_POINT('',(91.972764331521,48.350754127508));
#381 = CARTESIAN_POINT('',(92.377293743603,48.572260136615));
#382 = CARTESIAN_POINT('',(92.788993460325,48.794840152303));
#383 = CARTESIAN_POINT('',(93.191822228002,49.015097867914));
#384 = CARTESIAN_POINT('',(93.598253936759,49.236337952701));
#385 = CARTESIAN_POINT('',(94.002028800754,49.455057263738));
#386 = CARTESIAN_POINT('',(94.412784048098,49.680134688384));
#387 = CARTESIAN_POINT('',(94.819097310313,49.899998853622));
#388 = CARTESIAN_POINT('',(95.190194230647,50.102729959232));
#389 = ( GEOMETRIC_REPRESENTATION_CONTEXT(2) 
PARAMETRIC_REPRESENTATION_CONTEXT() REPRESENTATION_CONTEXT('2D SPACE',''
  ) );
#390 = PCURVE('',#391,#422);
#391 = ( BOUNDED_SURFACE() B_SPLINE_SURFACE(2,9,(
    (#392,#393,#394,#395,#396,#397,#398,#399,#400,#401)
    ,(#402,#403,#404,#405,#406,#407,#408,#409,#410,#411)
    ,(#412,#413,#414,#415,#416,#417,#418,#419,#420,#421
)),.UNSPECIFIED.,.F.,.F.,.F.) B_SPLINE_SURFACE_WITH_KNOTS((3,3),(10,10),
  (0.,4.210223188365),(13.13340616411,17.343629352475),
.PIECEWISE_BEZIER_KNOTS.) GEOMETRIC_REPRESENTATION_ITEM() 
RATIONAL_B_SPLINE_SURFACE((
    (1.,1.,1.,1.,1.,1.,1.,1.,1.,1.)
    ,(0.707106781187,0.707106781187,0.707106781186,0.707106781187
      ,0.707106781186,0.707106781187,0.707106781187,0.707106781187
      ,0.707106781187,0.707106781187)
,(1.,1.,1.,1.,1.,1.,1.,1.,1.,1.))) REPRESENTATION_ITEM('') SURFACE() );
#392 = CARTESIAN_POINT('',(6.545069812936,-1.502965972996,
    -47.99523784672));
#393 = CARTESIAN_POINT('',(6.954420666642,-1.506203313566,
    -48.09861805188));
#394 = CARTESIAN_POINT('',(7.401086361528,-1.509799183541,
    -48.21344742115));
#395 = CARTESIAN_POINT('',(7.854965736068,-1.513372276034,
    -48.32754942155));
#396 = CARTESIAN_POINT('',(8.299675437616,-1.51694341108,-48.44158891348
    ));
#397 = CARTESIAN_POINT('',(8.7481190673,-1.520516529139,-48.55569173028)
  );
#398 = CARTESIAN_POINT('',(9.193366188981,-1.524033696577,
    -48.66800783775));
#399 = CARTESIAN_POINT('',(9.64694625779,-1.527689833166,-48.78476174193
    ));
#400 = CARTESIAN_POINT('',(10.094935730839,-1.531222130486,
    -48.89756100223));
#401 = CARTESIAN_POINT('',(10.504571020883,-1.534506609017,
    -49.00244649605));
#402 = CARTESIAN_POINT('',(6.148537330212,-1.548245104106,
    -49.44116723311));
#403 = CARTESIAN_POINT('',(6.596370808537,-1.55181260258,-49.55509059588
    ));
#404 = CARTESIAN_POINT('',(7.040070264417,-1.555347168905,
    -49.66796231388));
#405 = CARTESIAN_POINT('',(7.48623250919,-1.55890135412,-49.78146053527)
  );
#406 = CARTESIAN_POINT('',(7.930422675137,-1.562439829504,
    -49.89445708391));
#407 = CARTESIAN_POINT('',(8.3775483207,-1.566001689292,-50.00820038268)
  );
#408 = CARTESIAN_POINT('',(8.821751644337,-1.569540269492,
    -50.12120027847));
#409 = CARTESIAN_POINT('',(9.267840280459,-1.573093868331,
    -50.23467977472));
#410 = CARTESIAN_POINT('',(9.711434331026,-1.576627594984,
    -50.34752467889));
#411 = CARTESIAN_POINT('',(10.159129020659,-1.580193987849,
    -50.46141273552));
#412 = CARTESIAN_POINT('',(6.148537330212,-4.898003075834E-02,
    -49.48811656581));
#413 = CARTESIAN_POINT('',(6.596370808537,-5.254752923236E-02,
    -49.60203992859));
#414 = CARTESIAN_POINT('',(7.040070264417,-5.608209555755E-02,
    -49.71491164658));
#415 = CARTESIAN_POINT('',(7.48623250919,-5.963628077239E-02,
    -49.82840986797));
#416 = CARTESIAN_POINT('',(7.930422675137,-6.317475615648E-02,
    -49.94140641661));
#417 = CARTESIAN_POINT('',(8.3775483207,-6.673661594457E-02,
    -50.05514971538));
#418 = CARTESIAN_POINT('',(8.821751644337,-7.027519614448E-02,
    -50.16814961117));
#419 = CARTESIAN_POINT('',(9.267840280459,-7.382879498344E-02,
    -50.28162910742));
#420 = CARTESIAN_POINT('',(9.711434331026,-7.73625216365E-02,
    -50.39447401159));
#421 = CARTESIAN_POINT('',(10.159129020659,-8.092891450213E-02,
    -50.50836206822));
#422 = DEFINITIONAL_REPRESENTATION('',(#423),#427);
#423 = LINE('',#424,#425);
#424 = CARTESIAN_POINT('',(0.,0.));
#425 = VECTOR('',#426,1.);
#426 = DIRECTION('',(0.,1.));
#427 = ( GEOMETRIC_REPRESENTATION_CONTEXT(2) 
PARAMETRIC_REPRESENTATION_CONTEXT() REPRESENTATION_CONTEXT('2D SPACE',''
  ) );
#428 = ORIENTED_EDGE('',*,*,#429,.T.);
#429 = EDGE_CURVE('',#362,#430,#432,.T.);
#430 = VERTEX_POINT('',#431);
#431 = CARTESIAN_POINT('',(13.333987964357,-1.496717317637,
    -47.79569527187));
#432 = SURFACE_CURVE('',#433,(#475,#520),.PCURVE_S1.);
#433 = ( BOUNDED_CURVE() B_SPLINE_CURVE(14,(#434,#435,#436,#437,#438,
    #439,#440,#441,#442,#443,#444,#445,#446,#447,#448,#449,#450,#451,
    #452,#453,#454,#455,#456,#457,#458,#459,#460,#461,#462,#463,#464,
    #465,#466,#467,#468,#469,#470,#471,#472,#473,#474),.UNSPECIFIED.,.F.
,.F.) B_SPLINE_CURVE_WITH_KNOTS((15,13,13,15),(17.343629352475,
    19.860996773959,21.601125469679,22.378913137998),.UNSPECIFIED.) 
CURVE() GEOMETRIC_REPRESENTATION_ITEM() RATIONAL_B_SPLINE_CURVE((1.,
    0.999999999999,1.000000000004,0.999999999988,1.000000000024,
    0.999999999962,1.000000000048,0.999999999949,1.000000000044,
    0.999999999968,1.000000000019,0.999999999991,1.000000000004,
    0.999999999999,1.000000000001,0.999999999994,1.000000000017,
    0.999999999965,1.000000000056,0.999999999927,1.000000000078,
    0.999999999932,1.000000000049,0.999999999971,1.000000000014,
    0.999999999995,1.000000000001,0.999999999999,1.000000000002,
    0.999999999993,1.000000000014,0.999999999978,1.000000000027,
    0.999999999971,1.000000000025,0.999999999982,1.00000000001,
0.999999999995,1.000000000002,1.,1.)) REPRESENTATION_ITEM('') );
#434 = CARTESIAN_POINT('',(10.504571020883,-1.534506609017,
    -49.00244649605));
#435 = CARTESIAN_POINT('',(10.662024886142,-1.535769082863,
    -49.04276193472));
#436 = CARTESIAN_POINT('',(10.751006633509,-1.536251298382,
    -49.05816085191));
#437 = CARTESIAN_POINT('',(10.850829111175,-1.536672591414,
    -49.07161428971));
#438 = CARTESIAN_POINT('',(10.970209857126,-1.537276114346,
    -49.09088699935));
#439 = CARTESIAN_POINT('',(11.091044674246,-1.537378267649,
    -49.09414913032));
#440 = CARTESIAN_POINT('',(11.204568674111,-1.537351952203,
    -49.09330878145));
#441 = CARTESIAN_POINT('',(11.319800782777,-1.537285472585,
    -49.09118584214));
#442 = CARTESIAN_POINT('',(11.440718370682,-1.536907127297,
    -49.07910388426));
#443 = CARTESIAN_POINT('',(11.559164869061,-1.536313800377,
    -49.06015677065));
#444 = CARTESIAN_POINT('',(11.673761679972,-1.535651325161,
    -49.03900149777));
#445 = CARTESIAN_POINT('',(11.7920899629,-1.534680713308,-49.00800628713
    ));
#446 = CARTESIAN_POINT('',(11.905952858419,-1.53358264361,
    -48.97294087835));
#447 = CARTESIAN_POINT('',(12.018764889127,-1.532282296578,
    -48.93141600936));
#448 = CARTESIAN_POINT('',(12.205205332847,-1.529785937333,
    -48.8516980664));
#449 = CARTESIAN_POINT('',(12.280242357728,-1.528680587779,
    -48.81640018494));
#450 = CARTESIAN_POINT('',(12.353970952746,-1.527491901541,
    -48.77844105627));
#451 = CARTESIAN_POINT('',(12.426252471496,-1.526222174905,
    -48.73789400937));
#452 = CARTESIAN_POINT('',(12.496954393402,-1.524874101866,
    -48.69484507316));
#453 = CARTESIAN_POINT('',(12.565951073256,-1.52345064581,
    -48.64938887989));
#454 = CARTESIAN_POINT('',(12.633123771192,-1.52195498351,
    -48.60162687504));
#455 = CARTESIAN_POINT('',(12.69835996275,-1.520390521258,
    -48.55166783473));
#456 = CARTESIAN_POINT('',(12.761551929169,-1.518760983377,
    -48.49963068964));
#457 = CARTESIAN_POINT('',(12.822594628124,-1.517070572821,
    -48.44564965616));
#458 = CARTESIAN_POINT('',(12.881382844335,-1.51532420417,
    -48.38988167444));
#459 = CARTESIAN_POINT('',(12.937807620826,-1.513527808732,
    -48.33251615334));
#460 = CARTESIAN_POINT('',(12.991751970065,-1.511688711995,
    -48.27378702246));
#461 = CARTESIAN_POINT('',(13.066030646038,-1.508979071855,
    -48.18725823515));
#462 = CARTESIAN_POINT('',(13.088428300045,-1.508136770453,
    -48.16036044983));
#463 = CARTESIAN_POINT('',(13.110542647828,-1.507275213608,
    -48.13284776722));
#464 = CARTESIAN_POINT('',(13.130909854807,-1.506473459556,
    -48.10724480816));
#465 = CARTESIAN_POINT('',(13.154487112908,-1.505465166248,
    -48.07504628988));
#466 = CARTESIAN_POINT('',(13.169016656704,-1.504910320427,
    -48.05732801994));
#467 = CARTESIAN_POINT('',(13.197357457597,-1.503579753566,
    -48.01483812028));
#468 = CARTESIAN_POINT('',(13.206274057759,-1.503262805247,
    -48.00471679365));
#469 = CARTESIAN_POINT('',(13.234091994608,-1.50189950083,
    -47.96118146331));
#470 = CARTESIAN_POINT('',(13.246108321873,-1.501358987277,
    -47.94392087544));
#471 = CARTESIAN_POINT('',(13.268054032106,-1.500258483464,
    -47.90877773623));
#472 = CARTESIAN_POINT('',(13.28631340572,-1.499326170206,
    -47.87900554091));
#473 = CARTESIAN_POINT('',(13.30826516842,-1.498148278222,
    -47.84139111253));
#474 = CARTESIAN_POINT('',(13.333987964357,-1.496717317637,
    -47.79569527187));
#475 = PCURVE('',#32,#476);
#476 = DEFINITIONAL_REPRESENTATION('',(#477),#519);
#477 = B_SPLINE_CURVE_WITH_KNOTS('',14,(#478,#479,#480,#481,#482,#483,
    #484,#485,#486,#487,#488,#489,#490,#491,#492,#493,#494,#495,#496,
    #497,#498,#499,#500,#501,#502,#503,#504,#505,#506,#507,#508,#509,
    #510,#511,#512,#513,#514,#515,#516,#517,#518),.UNSPECIFIED.,.F.,.F.,
  (15,13,13,15),(17.343629352475,19.860996773959,21.601125469679,
    22.378913137998),.UNSPECIFIED.);
#478 = CARTESIAN_POINT('',(95.190194230647,50.102729959232));
#479 = CARTESIAN_POINT('',(95.33283488169,50.180654876692));
#480 = CARTESIAN_POINT('',(95.415267528409,50.21753263953));
#481 = CARTESIAN_POINT('',(95.508686063617,50.255197961688));
#482 = CARTESIAN_POINT('',(95.619622592215,50.30332956809));
#483 = CARTESIAN_POINT('',(95.735919193637,50.336296279815));
#484 = CARTESIAN_POINT('',(95.846143228228,50.363482110613));
#485 = CARTESIAN_POINT('',(95.958339089773,50.389845660458));
#486 = CARTESIAN_POINT('',(96.078502380478,50.407955477231));
#487 = CARTESIAN_POINT('',(96.197965028788,50.418799474636));
#488 = CARTESIAN_POINT('',(96.314241844126,50.426552970347));
#489 = CARTESIAN_POINT('',(96.436563043923,50.42568622062));
#490 = CARTESIAN_POINT('',(96.555561221986,50.4197717067));
#491 = CARTESIAN_POINT('',(96.675135002613,50.407335034195));
#492 = CARTESIAN_POINT('',(96.875487344642,50.376027520657));
#493 = CARTESIAN_POINT('',(96.956916550233,50.360311232354));
#494 = CARTESIAN_POINT('',(97.037734469424,50.341691930556));
#495 = CARTESIAN_POINT('',(97.117788633748,50.320206511345));
#496 = CARTESIAN_POINT('',(97.196929409018,50.29590571144));
#497 = CARTESIAN_POINT('',(97.275011643148,50.268850275707));
#498 = CARTESIAN_POINT('',(97.351895281396,50.239109301954));
#499 = CARTESIAN_POINT('',(97.427444374707,50.206760473828));
#500 = CARTESIAN_POINT('',(97.501525240693,50.171892564057));
#501 = CARTESIAN_POINT('',(97.574002914911,50.134609773923));
#502 = CARTESIAN_POINT('',(97.644736736922,50.095038334489));
#503 = CARTESIAN_POINT('',(97.713574356984,50.053335009241));
#504 = CARTESIAN_POINT('',(97.780344683703,50.009697761086));
#505 = CARTESIAN_POINT('',(97.873681229576,49.944121972302));
#506 = CARTESIAN_POINT('',(97.902024475192,49.92356678635));
#507 = CARTESIAN_POINT('',(97.930244904729,49.902345530737));
#508 = CARTESIAN_POINT('',(97.956300911189,49.882544974457));
#509 = CARTESIAN_POINT('',(97.987095376685,49.857141252051));
#510 = CARTESIAN_POINT('',(98.005548371644,49.843545676843));
#511 = CARTESIAN_POINT('',(98.043498813902,49.809338562285));
#512 = CARTESIAN_POINT('',(98.05463757935,49.801724401832));
#513 = CARTESIAN_POINT('',(98.092339293759,49.766374695138));
#514 = CARTESIAN_POINT('',(98.108243774498,49.752602995569));
#515 = CARTESIAN_POINT('',(98.138183745333,49.723941808585));
#516 = CARTESIAN_POINT('',(98.163225882342,49.699578948789));
#517 = CARTESIAN_POINT('',(98.193781560004,49.668523142658));
#518 = CARTESIAN_POINT('',(98.229986015767,49.630561884563));
#519 = ( GEOMETRIC_REPRESENTATION_CONTEXT(2) 
PARAMETRIC_REPRESENTATION_CONTEXT() REPRESENTATION_CONTEXT('2D SPACE',''
  ) );
#520 = PCURVE('',#521,#645);
#521 = ( BOUNDED_SURFACE() B_SPLINE_SURFACE(2,14,(
    (#522,#523,#524,#525,#526,#527,#528,#529,#530,#531,#532,#533,#534
      ,#535,#536,#537,#538,#539,#540,#541,#542,#543,#544,#545,#546,#547
      ,#548,#549,#550,#551,#552,#553,#554,#555,#556,#557,#558,#559,#560
      ,#561,#562)
    ,(#563,#564,#565,#566,#567,#568,#569,#570,#571,#572,#573,#574,#575
      ,#576,#577,#578,#579,#580,#581,#582,#583,#584,#585,#586,#587,#588
      ,#589,#590,#591,#592,#593,#594,#595,#596,#597,#598,#599,#600,#601
      ,#602,#603)
    ,(#604,#605,#606,#607,#608,#609,#610,#611,#612,#613,#614,#615,#616
      ,#617,#618,#619,#620,#621,#622,#623,#624,#625,#626,#627,#628,#629
      ,#630,#631,#632,#633,#634,#635,#636,#637,#638,#639,#640,#641,#642
      ,#643,#644
)),.UNSPECIFIED.,.F.,.F.,.F.) B_SPLINE_SURFACE_WITH_KNOTS((3,3),(15,13,
    13,15),(0.,5.035283785523),(17.343629352475,19.860996773959,
    21.601125469679,22.378913137998),.UNSPECIFIED.) 
GEOMETRIC_REPRESENTATION_ITEM() RATIONAL_B_SPLINE_SURFACE((
    (1.,0.999999999999,1.000000000004,0.999999999988,1.000000000024
      ,0.999999999962,1.000000000048,0.999999999949,1.000000000044
      ,0.999999999968,1.000000000019,0.999999999991,1.000000000004
      ,0.999999999999,1.000000000001,0.999999999994,1.000000000017
      ,0.999999999965,1.000000000056,0.999999999927,1.000000000078
      ,0.999999999932,1.000000000049,0.999999999971,1.000000000014
      ,0.999999999995,1.000000000001,0.999999999999,1.000000000002
      ,0.999999999993,1.000000000014,0.999999999978,1.000000000027
      ,0.999999999971,1.000000000025,0.999999999982,1.00000000001
      ,0.999999999995,1.000000000002,1.,1.)
    ,(0.707106781187,0.707106781186,0.70710678119,0.707106781177
      ,0.707106781205,0.707106781156,0.707106781226,0.707106781145
      ,0.707106781224,0.707106781159,0.707106781203,0.707106781179
      ,0.707106781189,0.707106781186,0.707106781187,0.707106781183
      ,0.707106781197,0.707106781164,0.707106781222,0.70710678114
      ,0.707106781235,0.707106781144,0.707106781217,0.707106781169
      ,0.707106781195,0.707106781184,0.707106781187,0.707106781186
      ,0.707106781188,0.707106781183,0.707106781193,0.707106781176
      ,0.707106781199,0.707106781173,0.707106781198,0.707106781178
      ,0.707106781192,0.707106781184,0.707106781187,0.707106781186
      ,0.707106781187)
    ,(1.,0.999999999999,1.000000000004,0.999999999988,1.000000000024
      ,0.999999999962,1.000000000048,0.999999999949,1.000000000044
      ,0.999999999968,1.000000000019,0.999999999991,1.000000000004
      ,0.999999999999,1.000000000001,0.999999999994,1.000000000017
      ,0.999999999965,1.000000000056,0.999999999927,1.000000000078
      ,0.999999999932,1.000000000049,0.999999999971,1.000000000014
      ,0.999999999995,1.000000000001,0.999999999999,1.000000000002
      ,0.999999999993,1.000000000014,0.999999999978,1.000000000027
      ,0.999999999971,1.000000000025,0.999999999982,1.00000000001
,0.999999999995,1.000000000002,1.,1.
  ))) REPRESENTATION_ITEM('') SURFACE() );
#522 = CARTESIAN_POINT('',(10.504571020883,-1.534506609017,
    -49.00244649605));
#523 = CARTESIAN_POINT('',(10.662024886142,-1.535769082863,
    -49.04276193472));
#524 = CARTESIAN_POINT('',(10.751006633509,-1.536251298382,
    -49.05816085191));
#525 = CARTESIAN_POINT('',(10.850829111175,-1.536672591414,
    -49.07161428971));
#526 = CARTESIAN_POINT('',(10.970209857126,-1.537276114346,
    -49.09088699935));
#527 = CARTESIAN_POINT('',(11.091044674246,-1.537378267649,
    -49.09414913032));
#528 = CARTESIAN_POINT('',(11.204568674111,-1.537351952203,
    -49.09330878145));
#529 = CARTESIAN_POINT('',(11.319800782777,-1.537285472585,
    -49.09118584214));
#530 = CARTESIAN_POINT('',(11.440718370682,-1.536907127297,
    -49.07910388426));
#531 = CARTESIAN_POINT('',(11.559164869061,-1.536313800377,
    -49.06015677065));
#532 = CARTESIAN_POINT('',(11.673761679972,-1.535651325161,
    -49.03900149777));
#533 = CARTESIAN_POINT('',(11.7920899629,-1.534680713308,-49.00800628713
    ));
#534 = CARTESIAN_POINT('',(11.905952858419,-1.53358264361,
    -48.97294087835));
#535 = CARTESIAN_POINT('',(12.018764889127,-1.532282296578,
    -48.93141600936));
#536 = CARTESIAN_POINT('',(12.205205332847,-1.529785937333,
    -48.8516980664));
#537 = CARTESIAN_POINT('',(12.280242357728,-1.528680587779,
    -48.81640018494));
#538 = CARTESIAN_POINT('',(12.353970952746,-1.527491901541,
    -48.77844105627));
#539 = CARTESIAN_POINT('',(12.426252471496,-1.526222174905,
    -48.73789400937));
#540 = CARTESIAN_POINT('',(12.496954393402,-1.524874101866,
    -48.69484507316));
#541 = CARTESIAN_POINT('',(12.565951073256,-1.52345064581,
    -48.64938887989));
#542 = CARTESIAN_POINT('',(12.633123771192,-1.52195498351,
    -48.60162687504));
#543 = CARTESIAN_POINT('',(12.69835996275,-1.520390521258,
    -48.55166783473));
#544 = CARTESIAN_POINT('',(12.761551929169,-1.518760983377,
    -48.49963068964));
#545 = CARTESIAN_POINT('',(12.822594628124,-1.517070572821,
    -48.44564965616));
#546 = CARTESIAN_POINT('',(12.881382844335,-1.51532420417,
    -48.38988167444));
#547 = CARTESIAN_POINT('',(12.937807620826,-1.513527808732,
    -48.33251615334));
#548 = CARTESIAN_POINT('',(12.991751970065,-1.511688711995,
    -48.27378702246));
#549 = CARTESIAN_POINT('',(13.066030646038,-1.508979071855,
    -48.18725823515));
#550 = CARTESIAN_POINT('',(13.088428300045,-1.508136770453,
    -48.16036044983));
#551 = CARTESIAN_POINT('',(13.110542647828,-1.507275213608,
    -48.13284776722));
#552 = CARTESIAN_POINT('',(13.130909854807,-1.506473459556,
    -48.10724480816));
#553 = CARTESIAN_POINT('',(13.154487112908,-1.505465166248,
    -48.07504628988));
#554 = CARTESIAN_POINT('',(13.169016656704,-1.504910320427,
    -48.05732801994));
#555 = CARTESIAN_POINT('',(13.197357457597,-1.503579753566,
    -48.01483812028));
#556 = CARTESIAN_POINT('',(13.206274057759,-1.503262805247,
    -48.00471679365));
#557 = CARTESIAN_POINT('',(13.234091994608,-1.50189950083,
    -47.96118146331));
#558 = CARTESIAN_POINT('',(13.246108321873,-1.501358987277,
    -47.94392087544));
#559 = CARTESIAN_POINT('',(13.268054032106,-1.500258483464,
    -47.90877773623));
#560 = CARTESIAN_POINT('',(13.28631340572,-1.499326170206,
    -47.87900554091));
#561 = CARTESIAN_POINT('',(13.30826516842,-1.498148278222,
    -47.84139111253));
#562 = CARTESIAN_POINT('',(13.333987964357,-1.496717317637,
    -47.79569527187));
#563 = CARTESIAN_POINT('',(10.159129020659,-1.580193987849,
    -50.46141273552));
#564 = CARTESIAN_POINT('',(10.331211995568,-1.581564822725,
    -50.50518854087));
#565 = CARTESIAN_POINT('',(10.505884747089,-1.582682190698,
    -50.54087021471));
#566 = CARTESIAN_POINT('',(10.685053826549,-1.583557918891,
    -50.56883544058));
#567 = CARTESIAN_POINT('',(10.86729949275,-1.584165302258,
    -50.58823142806));
#568 = CARTESIAN_POINT('',(11.0527586191,-1.584494111354,-50.59873151323
    ));
#569 = CARTESIAN_POINT('',(11.239643061504,-1.584533107646,
    -50.59997680849));
#570 = CARTESIAN_POINT('',(11.427588876212,-1.584274937907,
    -50.59173249796));
#571 = CARTESIAN_POINT('',(11.616662588489,-1.583714979416,
    -50.57385096155));
#572 = CARTESIAN_POINT('',(11.805409451241,-1.582847725254,
    -50.5461563426));
#573 = CARTESIAN_POINT('',(11.992732159634,-1.581671855762,
    -50.50860649991));
#574 = CARTESIAN_POINT('',(12.1789293493,-1.580192123946,-50.46135321421
    ));
#575 = CARTESIAN_POINT('',(12.362301888527,-1.5784097589,-50.40443573514
    ));
#576 = CARTESIAN_POINT('',(12.542592120457,-1.576333348611,
    -50.33812830873));
#577 = CARTESIAN_POINT('',(12.84089083022,-1.572339252964,
    -50.21058212736));
#578 = CARTESIAN_POINT('',(12.960950595088,-1.570570530835,
    -50.15410031686));
#579 = CARTESIAN_POINT('',(13.078918281869,-1.568668636886,
    -50.09336583978));
#580 = CARTESIAN_POINT('',(13.194571023795,-1.56663720678,
    -50.02849479624));
#581 = CARTESIAN_POINT('',(13.307695495169,-1.564480400128,
    -49.95962001783));
#582 = CARTESIAN_POINT('',(13.418089311893,-1.562202867088,
    -49.88689000145));
#583 = CARTESIAN_POINT('',(13.525562278066,-1.559809714377,
    -49.81046782306));
#584 = CARTESIAN_POINT('',(13.629937477101,-1.557306470581,
    -49.73053003113));
#585 = CARTESIAN_POINT('',(13.731052209002,-1.554699050934,
    -49.6472655205));
#586 = CARTESIAN_POINT('',(13.828758772406,-1.551993721359,
    -49.56087438547));
#587 = CARTESIAN_POINT('',(13.922925092315,-1.549197061987,
    -49.47156675363));
#588 = CARTESIAN_POINT('',(14.013435193087,-1.546315929958,
    -49.37956159883));
#589 = CARTESIAN_POINT('',(14.100189516757,-1.543357421656,
    -49.28508553471));
#590 = CARTESIAN_POINT('',(14.220165970877,-1.538975142499,
    -49.14514322448));
#591 = CARTESIAN_POINT('',(14.256460035515,-1.537607446957,
    -49.10146766963));
#592 = CARTESIAN_POINT('',(14.291979626541,-1.536226415208,
    -49.05736624051));
#593 = CARTESIAN_POINT('',(14.326719816753,-1.534832609091,
    -49.01285687889));
#594 = CARTESIAN_POINT('',(14.360668909004,-1.533427012503,
    -48.96797100394));
#595 = CARTESIAN_POINT('',(14.393836064727,-1.532009494483,
    -48.92270443404));
#596 = CARTESIAN_POINT('',(14.426190259996,-1.530582203998,
    -48.87712579299));
#597 = CARTESIAN_POINT('',(14.457767011838,-1.529143635452,
    -48.83118700227));
#598 = CARTESIAN_POINT('',(14.488520542434,-1.527696868488,
    -48.78498640561));
#599 = CARTESIAN_POINT('',(14.518493468047,-1.526240104988,
    -48.73846658292));
#600 = CARTESIAN_POINT('',(14.547663670129,-1.524775211457,
    -48.69168713831));
#601 = CARTESIAN_POINT('',(14.576060302519,-1.523301062341,
    -48.64461212882));
#602 = CARTESIAN_POINT('',(14.603688718558,-1.521817933663,
    -48.59725036885));
#603 = CARTESIAN_POINT('',(14.630605794485,-1.520322706776,
    -48.54950226852));
#604 = CARTESIAN_POINT('',(10.159129020659,-8.092891450213E-02,
    -50.50836206822));
#605 = CARTESIAN_POINT('',(10.331211995569,-8.229974937735E-02,
    -50.55213787357));
#606 = CARTESIAN_POINT('',(10.505884747088,-8.341711735084E-02,
    -50.58781954741));
#607 = CARTESIAN_POINT('',(10.685053826551,-8.429284554276E-02,
    -50.61578477328));
#608 = CARTESIAN_POINT('',(10.867299492746,-8.490022891281E-02,
    -50.63518076076));
#609 = CARTESIAN_POINT('',(11.052758619106,-8.522903800352E-02,
    -50.64568084593));
#610 = CARTESIAN_POINT('',(11.239643061497,-8.526803430431E-02,
    -50.6469261412));
#611 = CARTESIAN_POINT('',(11.427588876218,-8.500986455299E-02,
    -50.63868183065));
#612 = CARTESIAN_POINT('',(11.616662588484,-8.444990607537E-02,
    -50.62080029426));
#613 = CARTESIAN_POINT('',(11.805409451244,-8.358265190228E-02,
    -50.5931056753));
#614 = CARTESIAN_POINT('',(11.992732159633,-8.240678241805E-02,
    -50.55555583262));
#615 = CARTESIAN_POINT('',(12.1789293493,-8.092705059733E-02,
    -50.50830254691));
#616 = CARTESIAN_POINT('',(12.362301888527,-7.914468555274E-02,
    -50.45138506784));
#617 = CARTESIAN_POINT('',(12.542592120457,-7.70682752641E-02,
    -50.38507764143));
#618 = CARTESIAN_POINT('',(12.84089083022,-7.307417961688E-02,
    -50.25753146007));
#619 = CARTESIAN_POINT('',(12.960950595089,-7.130545748763E-02,
    -50.20104964956));
#620 = CARTESIAN_POINT('',(13.078918281866,-6.940356353829E-02,
    -50.14031517248));
#621 = CARTESIAN_POINT('',(13.194571023801,-6.737213343421E-02,
    -50.07544412894));
#622 = CARTESIAN_POINT('',(13.307695495157,-6.521532677752E-02,
    -50.00656935052));
#623 = CARTESIAN_POINT('',(13.41808931191,-6.293779374414E-02,
    -49.93383933416));
#624 = CARTESIAN_POINT('',(13.525562278045,-6.054464102556E-02,
    -49.85741715576));
#625 = CARTESIAN_POINT('',(13.629937477121,-5.804139723752E-02,
    -49.77747936383));
#626 = CARTESIAN_POINT('',(13.731052208985,-5.5433977584E-02,
    -49.6942148532));
#627 = CARTESIAN_POINT('',(13.828758772417,-5.27286480138E-02,
    -49.60782371817));
#628 = CARTESIAN_POINT('',(13.92292509231,-4.993198863906E-02,
    -49.51851608633));
#629 = CARTESIAN_POINT('',(14.013435193089,-4.705085661088E-02,
    -49.42651093153));
#630 = CARTESIAN_POINT('',(14.100189516756,-4.40923483083E-02,
    -49.33203486741));
#631 = CARTESIAN_POINT('',(14.220165970877,-3.971006915135E-02,
    -49.19209255718));
#632 = CARTESIAN_POINT('',(14.256460035513,-3.834237360994E-02,
    -49.14841700233));
#633 = CARTESIAN_POINT('',(14.291979626547,-3.69613418608E-02,
    -49.10431557321));
#634 = CARTESIAN_POINT('',(14.326719816739,-3.556753574351E-02,
    -49.05980621159));
#635 = CARTESIAN_POINT('',(14.360668909028,-3.416193915672E-02,
    -49.01492033664));
#636 = CARTESIAN_POINT('',(14.393836064694,-3.27444211349E-02,
    -48.96965376675));
#637 = CARTESIAN_POINT('',(14.426190260033,-3.13171306525E-02,
    -48.92407512568));
#638 = CARTESIAN_POINT('',(14.457767011803,-2.987856210266E-02,
    -48.87813633498));
#639 = CARTESIAN_POINT('',(14.488520542461,-2.843179514243E-02,
    -48.8319357383));
#640 = CARTESIAN_POINT('',(14.518493468031,-2.697503163934E-02,
    -48.78541591562));
#641 = CARTESIAN_POINT('',(14.547663670137,-2.551013811017E-02,
    -48.738636471));
#642 = CARTESIAN_POINT('',(14.576060302516,-2.403598899323E-02,
    -48.69156146153));
#643 = CARTESIAN_POINT('',(14.603688718558,-2.255286031548E-02,
    -48.64419970155));
#644 = CARTESIAN_POINT('',(14.630605794485,-2.105763342871E-02,
    -48.59645160123));
#645 = DEFINITIONAL_REPRESENTATION('',(#646),#650);
#646 = LINE('',#647,#648);
#647 = CARTESIAN_POINT('',(0.,0.));
#648 = VECTOR('',#649,1.);
#649 = DIRECTION('',(0.,1.));
#650 = ( GEOMETRIC_REPRESENTATION_CONTEXT(2) 
PARAMETRIC_REPRESENTATION_CONTEXT() REPRESENTATION_CONTEXT('2D SPACE',''
  ) );
#651 = ORIENTED_EDGE('',*,*,#652,.T.);
#652 = EDGE_CURVE('',#430,#653,#655,.T.);
#653 = VERTEX_POINT('',#654);
#654 = CARTESIAN_POINT('',(17.362311645359,-1.249366751079,
    -39.89688086969));
#655 = SURFACE_CURVE('',#656,(#677,#692),.PCURVE_S1.);
#656 = B_SPLINE_CURVE_WITH_KNOTS('',10,(#657,#658,#659,#660,#661,#662,
    #663,#664,#665,#666,#667,#668,#669,#670,#671,#672,#673,#674,#675,
    #676),.UNSPECIFIED.,.F.,.F.,(11,9,11),(22.378913137998,
    36.758499211025,38.464832552187),.UNSPECIFIED.);
#657 = CARTESIAN_POINT('',(13.333987964357,-1.496717317637,
    -47.79569527187));
#658 = CARTESIAN_POINT('',(13.999769182804,-1.459679871011,
    -46.61295321916));
#659 = CARTESIAN_POINT('',(14.676900830092,-1.42090914785,-45.3748612643
    ));
#660 = CARTESIAN_POINT('',(15.334197578677,-1.381582336061,
    -44.11901135188));
#661 = CARTESIAN_POINT('',(15.969291960673,-1.342583902765,
    -42.87364777391));
#662 = CARTESIAN_POINT('',(16.593661496062,-1.302454172627,
    -41.59215772204));
#663 = CARTESIAN_POINT('',(17.200567608583,-1.262255221449,
    -40.30845718745));
#664 = CARTESIAN_POINT('',(17.790738598546,-1.22144385411,
    -39.00519994978));
#665 = CARTESIAN_POINT('',(18.364512169056,-1.180258621247,
    -37.69000380926));
#666 = CARTESIAN_POINT('',(18.921076738882,-1.138630253975,
    -36.36065675531));
#667 = CARTESIAN_POINT('',(19.524276225313,-1.091592540938,
    -34.85856937238));
#668 = CARTESIAN_POINT('',(19.588454218379,-1.086587917941,
    -34.69875333172));
#669 = CARTESIAN_POINT('',(19.652825090042,-1.081568254203,
    -34.53845698478));
#670 = CARTESIAN_POINT('',(19.717388840302,-1.076533549721,
    -34.37768033155));
#671 = CARTESIAN_POINT('',(19.782145469158,-1.071483804498,
    -34.21642337203));
#672 = CARTESIAN_POINT('',(19.847094976611,-1.066419018532,
    -34.05468610622));
#673 = CARTESIAN_POINT('',(19.91223736266,-1.061339191824,
    -33.89246853413));
#674 = CARTESIAN_POINT('',(19.977572627306,-1.056244324373,
    -33.72977065574));
#675 = CARTESIAN_POINT('',(20.043100770548,-1.05113441618,
    -33.56659247107));
#676 = CARTESIAN_POINT('',(20.108821792387,-1.046009467245,
    -33.40293398011));
#677 = PCURVE('',#32,#678);
#678 = DEFINITIONAL_REPRESENTATION('',(#679),#691);
#679 = B_SPLINE_CURVE_WITH_KNOTS('',10,(#680,#681,#682,#683,#684,#685,
    #686,#687,#688,#689,#690),.UNSPECIFIED.,.F.,.F.,(11,11),(
    22.378913137998,36.758499211025),.PIECEWISE_BEZIER_KNOTS.);
#680 = CARTESIAN_POINT('',(98.229986015767,49.630561884563));
#681 = CARTESIAN_POINT('',(99.167063257091,48.648013458102));
#682 = CARTESIAN_POINT('',(100.12879895839,47.614598456163));
#683 = CARTESIAN_POINT('',(101.07569469814,46.559073433023));
#684 = CARTESIAN_POINT('',(101.99848630292,45.508239551188));
#685 = CARTESIAN_POINT('',(102.91979934346,44.419732892299));
#686 = CARTESIAN_POINT('',(103.8247339779,43.324775653466));
#687 = CARTESIAN_POINT('',(104.71827653557,42.206728923512));
#688 = CARTESIAN_POINT('',(105.59887444013,41.073062062337));
#689 = CARTESIAN_POINT('',(106.46628704263,39.921430173139));
#690 = CARTESIAN_POINT('',(107.32019333894,38.752522045411));
#691 = ( GEOMETRIC_REPRESENTATION_CONTEXT(2) 
PARAMETRIC_REPRESENTATION_CONTEXT() REPRESENTATION_CONTEXT('2D SPACE',''
  ) );
#692 = PCURVE('',#693,#754);
#693 = ( BOUNDED_SURFACE() B_SPLINE_SURFACE(2,10,(
    (#694,#695,#696,#697,#698,#699,#700,#701,#702,#703,#704,#705,#706
      ,#707,#708,#709,#710,#711,#712,#713)
    ,(#714,#715,#716,#717,#718,#719,#720,#721,#722,#723,#724,#725,#726
      ,#727,#728,#729,#730,#731,#732,#733)
    ,(#734,#735,#736,#737,#738,#739,#740,#741,#742,#743,#744,#745,#746
      ,#747,#748,#749,#750,#751,#752,#753
)),.UNSPECIFIED.,.F.,.F.,.F.) B_SPLINE_SURFACE_WITH_KNOTS((3,3),(11,9,11
    ),(0.,14.379586073027),(22.378913137998,36.758499211025,
38.464832552187),.UNSPECIFIED.) GEOMETRIC_REPRESENTATION_ITEM() 
RATIONAL_B_SPLINE_SURFACE((
    (1.,1.,1.,1.,1.,1.,1.,1.,1.,1.,1.,1.,1.,1.,1.,1.,1.,1.,1.,1.)
    ,(0.707106781187,0.707106781187,0.707106781187,0.707106781187
      ,0.707106781187,0.707106781187,0.707106781187,0.707106781187
      ,0.707106781187,0.707106781187,0.707106781187,0.707106781187
      ,0.707106781187,0.707106781187,0.707106781187,0.707106781187
      ,0.707106781187,0.707106781187,0.707106781187,0.707106781187)
    ,(1.,1.,1.,1.,1.,1.,1.,1.,1.,1.,1.,1.,1.,1.,1.,1.,1.,1.,1.,1.
))) REPRESENTATION_ITEM('') SURFACE() );
#694 = CARTESIAN_POINT('',(13.333987964357,-1.496717317637,
    -47.79569527187));
#695 = CARTESIAN_POINT('',(13.999769182804,-1.459679871011,
    -46.61295321916));
#696 = CARTESIAN_POINT('',(14.676900830092,-1.42090914785,-45.3748612643
    ));
#697 = CARTESIAN_POINT('',(15.334197578677,-1.381582336061,
    -44.11901135188));
#698 = CARTESIAN_POINT('',(15.969291960673,-1.342583902765,
    -42.87364777391));
#699 = CARTESIAN_POINT('',(16.593661496062,-1.302454172627,
    -41.59215772204));
#700 = CARTESIAN_POINT('',(17.200567608583,-1.262255221449,
    -40.30845718745));
#701 = CARTESIAN_POINT('',(17.790738598546,-1.22144385411,
    -39.00519994978));
#702 = CARTESIAN_POINT('',(18.364512169056,-1.180258621247,
    -37.69000380926));
#703 = CARTESIAN_POINT('',(18.921076738882,-1.138630253975,
    -36.36065675531));
#704 = CARTESIAN_POINT('',(19.524276225313,-1.091592540938,
    -34.85856937238));
#705 = CARTESIAN_POINT('',(19.588454218379,-1.086587917941,
    -34.69875333172));
#706 = CARTESIAN_POINT('',(19.652825090042,-1.081568254203,
    -34.53845698478));
#707 = CARTESIAN_POINT('',(19.717388840302,-1.076533549721,
    -34.37768033155));
#708 = CARTESIAN_POINT('',(19.782145469158,-1.071483804498,
    -34.21642337203));
#709 = CARTESIAN_POINT('',(19.847094976611,-1.066419018532,
    -34.05468610622));
#710 = CARTESIAN_POINT('',(19.91223736266,-1.061339191824,
    -33.89246853413));
#711 = CARTESIAN_POINT('',(19.977572627306,-1.056244324373,
    -33.72977065574));
#712 = CARTESIAN_POINT('',(20.043100770548,-1.05113441618,
    -33.56659247107));
#713 = CARTESIAN_POINT('',(20.108821792387,-1.046009467245,
    -33.40293398011));
#714 = CARTESIAN_POINT('',(14.630605794485,-1.520322706776,
    -48.54950226852));
#715 = CARTESIAN_POINT('',(15.327298473292,-1.481621860223,
    -47.31364173106));
#716 = CARTESIAN_POINT('',(16.001574619564,-1.442839722773,
    -46.07518527593));
#717 = CARTESIAN_POINT('',(16.668131419362,-1.403189784192,
    -44.80901673518));
#718 = CARTESIAN_POINT('',(17.313447048897,-1.363335357058,
    -43.53631812197));
#719 = CARTESIAN_POINT('',(17.947099189052,-1.322813785861,
    -42.2423151422));
#720 = CARTESIAN_POINT('',(18.560960652462,-1.282003997739,
    -40.93910833477));
#721 = CARTESIAN_POINT('',(19.160265811706,-1.240640243282,
    -39.61821134235));
#722 = CARTESIAN_POINT('',(19.741558468071,-1.198888426887,
    -38.28492210333));
#723 = CARTESIAN_POINT('',(20.305779599258,-1.156691577482,
    -36.93742132157));
#724 = CARTESIAN_POINT('',(20.917162703261,-1.1090158169,-35.41495873109
    ));
#725 = CARTESIAN_POINT('',(20.982015904855,-1.103958552982,
    -35.25346167196));
#726 = CARTESIAN_POINT('',(21.046869106448,-1.098901289063,
    -35.09196461283));
#727 = CARTESIAN_POINT('',(21.111722308041,-1.093844025145,
    -34.9304675537));
#728 = CARTESIAN_POINT('',(21.176575509635,-1.088786761227,
    -34.76897049457));
#729 = CARTESIAN_POINT('',(21.241428711228,-1.083729497308,
    -34.60747343544));
#730 = CARTESIAN_POINT('',(21.306281912822,-1.07867223339,
    -34.44597637631));
#731 = CARTESIAN_POINT('',(21.371135114415,-1.073614969472,
    -34.28447931717));
#732 = CARTESIAN_POINT('',(21.435988316009,-1.068557705554,
    -34.12298225804));
#733 = CARTESIAN_POINT('',(21.500841517602,-1.063500441635,
    -33.96148519891));
#734 = CARTESIAN_POINT('',(14.630605794485,-2.105763342871E-02,
    -48.59645160123));
#735 = CARTESIAN_POINT('',(15.327298473292,1.764321312415E-02,
    -47.36059106376));
#736 = CARTESIAN_POINT('',(16.001574619563,5.642535057388E-02,
    -46.12213460862));
#737 = CARTESIAN_POINT('',(16.668131419364,9.607528915529E-02,
    -44.85596606789));
#738 = CARTESIAN_POINT('',(17.313447048894,0.135929716289,
    -43.58326745467));
#739 = CARTESIAN_POINT('',(17.947099189056,0.176451287487,-42.2892644749
    ));
#740 = CARTESIAN_POINT('',(18.560960652459,0.217261075608,
    -40.98605766746));
#741 = CARTESIAN_POINT('',(19.160265811708,0.258624830066,
    -39.66516067505));
#742 = CARTESIAN_POINT('',(19.741558468071,0.300376646461,
    -38.33187143602));
#743 = CARTESIAN_POINT('',(20.305779599258,0.342573495866,
    -36.98437065427));
#744 = CARTESIAN_POINT('',(20.917162703261,0.390249256447,
    -35.46190806379));
#745 = CARTESIAN_POINT('',(20.982015904855,0.395306520366,
    -35.30041100466));
#746 = CARTESIAN_POINT('',(21.046869106448,0.400363784284,
    -35.13891394553));
#747 = CARTESIAN_POINT('',(21.111722308041,0.405421048202,-34.9774168864
    ));
#748 = CARTESIAN_POINT('',(21.176575509635,0.410478312121,
    -34.81591982727));
#749 = CARTESIAN_POINT('',(21.241428711228,0.415535576039,
    -34.65442276814));
#750 = CARTESIAN_POINT('',(21.306281912822,0.420592839957,
    -34.49292570901));
#751 = CARTESIAN_POINT('',(21.371135114415,0.425650103875,
    -34.33142864988));
#752 = CARTESIAN_POINT('',(21.435988316009,0.430707367794,
    -34.16993159075));
#753 = CARTESIAN_POINT('',(21.500841517602,0.435764631712,
    -34.00843453161));
#754 = DEFINITIONAL_REPRESENTATION('',(#755),#759);
#755 = LINE('',#756,#757);
#756 = CARTESIAN_POINT('',(0.,0.));
#757 = VECTOR('',#758,1.);
#758 = DIRECTION('',(0.,1.));
#759 = ( GEOMETRIC_REPRESENTATION_CONTEXT(2) 
PARAMETRIC_REPRESENTATION_CONTEXT() REPRESENTATION_CONTEXT('2D SPACE',''
  ) );
#760 = ORIENTED_EDGE('',*,*,#761,.F.);
#761 = EDGE_CURVE('',#762,#653,#764,.T.);
#762 = VERTEX_POINT('',#763);
#763 = CARTESIAN_POINT('',(15.02112461417,0.119660190077,3.821190490473)
  );
#764 = SURFACE_CURVE('',#765,(#770,#777),.PCURVE_S1.);
#765 = CIRCLE('',#766,112.60250594613);
#766 = AXIS2_PLACEMENT_3D('',#767,#768,#769);
#767 = CARTESIAN_POINT('',(-94.10250594613,-0.749632536674,
    -23.93852724661));
#768 = DIRECTION('',(-3.44881881825E-19,0.999510048898,
    -3.129955513418E-02));
#769 = DIRECTION('',(0.969104813817,7.720012263015E-03,0.24652841874));
#770 = PCURVE('',#32,#771);
#771 = DEFINITIONAL_REPRESENTATION('',(#772),#776);
#772 = CIRCLE('',#773,112.60250594613);
#773 = AXIS2_PLACEMENT_2D('',#774,#775);
#774 = CARTESIAN_POINT('',(0.,0.));
#775 = DIRECTION('',(1.,-2.183399697841E-17));
#776 = ( GEOMETRIC_REPRESENTATION_CONTEXT(2) 
PARAMETRIC_REPRESENTATION_CONTEXT() REPRESENTATION_CONTEXT('2D SPACE',''
  ) );
#777 = PCURVE('',#778,#783);
#778 = TOROIDAL_SURFACE('',#779,112.60250594613,1.5);
#779 = AXIS2_PLACEMENT_3D('',#780,#781,#782);
#780 = CARTESIAN_POINT('',(-94.10250594613,0.749632536674,
    -23.98547657931));
#781 = DIRECTION('',(0.,0.999510048898,-3.129955513418E-02));
#782 = DIRECTION('',(0.969104813817,7.720012263015E-03,0.24652841874));
#783 = DEFINITIONAL_REPRESENTATION('',(#784),#788);
#784 = LINE('',#785,#786);
#785 = CARTESIAN_POINT('',(0.,4.712388980385));
#786 = VECTOR('',#787,1.);
#787 = DIRECTION('',(1.,0.));
#788 = ( GEOMETRIC_REPRESENTATION_CONTEXT(2) 
PARAMETRIC_REPRESENTATION_CONTEXT() REPRESENTATION_CONTEXT('2D SPACE',''
  ) );
#789 = ORIENTED_EDGE('',*,*,#790,.F.);
#790 = EDGE_CURVE('',#791,#762,#793,.T.);
#791 = VERTEX_POINT('',#792);
#792 = CARTESIAN_POINT('',(5.535244412523,4.409446133606E-02,
    1.408098518244));
#793 = SURFACE_CURVE('',#794,(#798,#805),.PCURVE_S1.);
#794 = LINE('',#795,#796);
#795 = CARTESIAN_POINT('',(8.237390917448,6.562010423562E-02,
    2.095491559292));
#796 = VECTOR('',#797,1.);
#797 = DIRECTION('',(0.969104813817,7.720012263015E-03,0.24652841874));
#798 = PCURVE('',#32,#799);
#799 = DEFINITIONAL_REPRESENTATION('',(#800),#804);
#800 = LINE('',#801,#802);
#801 = CARTESIAN_POINT('',(105.60250594613,5.859516904726E-16));
#802 = VECTOR('',#803,1.);
#803 = DIRECTION('',(1.,9.951160596024E-18));
#804 = ( GEOMETRIC_REPRESENTATION_CONTEXT(2) 
PARAMETRIC_REPRESENTATION_CONTEXT() REPRESENTATION_CONTEXT('2D SPACE',''
  ) );
#805 = PCURVE('',#44,#806);
#806 = DEFINITIONAL_REPRESENTATION('',(#807),#811);
#807 = LINE('',#808,#809);
#808 = CARTESIAN_POINT('',(0.,-4.5));
#809 = VECTOR('',#810,1.);
#810 = DIRECTION('',(1.,0.));
#811 = ( GEOMETRIC_REPRESENTATION_CONTEXT(2) 
PARAMETRIC_REPRESENTATION_CONTEXT() REPRESENTATION_CONTEXT('2D SPACE',''
  ) );
#812 = ORIENTED_EDGE('',*,*,#813,.F.);
#813 = EDGE_CURVE('',#24,#791,#814,.T.);
#814 = SURFACE_CURVE('',#815,(#824,#836),.PCURVE_S1.);
#815 = ( BOUNDED_CURVE() B_SPLINE_CURVE(7,(#816,#817,#818,#819,#820,#821
,#822,#823),.UNSPECIFIED.,.F.,.F.) B_SPLINE_CURVE_WITH_KNOTS((8,8),(
7.641546960435,9.21494429824),.PIECEWISE_BEZIER_KNOTS.) CURVE() 
GEOMETRIC_REPRESENTATION_ITEM() RATIONAL_B_SPLINE_CURVE((1.,1.,1.,1.,1.,
1.,1.,1.)) REPRESENTATION_ITEM('') );
#816 = CARTESIAN_POINT('',(2.786915734038,2.220092536535E-02,
    0.708957296753));
#817 = CARTESIAN_POINT('',(3.212054584269,2.558763554414E-02,
    0.817107423549));
#818 = CARTESIAN_POINT('',(3.586928469987,2.857392861952E-02,
    0.912470757788));
#819 = CARTESIAN_POINT('',(3.944278868094,3.142062736279E-02,
    1.003376330978));
#820 = CARTESIAN_POINT('',(4.297152454075,3.423166325097E-02,
    1.093143057886));
#821 = CARTESIAN_POINT('',(4.665003732341,3.71620133418E-02,
    1.186719926631));
#822 = CARTESIAN_POINT('',(5.062050059525,4.032493490728E-02,
    1.287723658953));
#823 = CARTESIAN_POINT('',(5.535244412523,4.409446133606E-02,
    1.408098518244));
#824 = PCURVE('',#32,#825);
#825 = DEFINITIONAL_REPRESENTATION('',(#826),#835);
#826 = B_SPLINE_CURVE_WITH_KNOTS('',7,(#827,#828,#829,#830,#831,#832,
    #833,#834),.UNSPECIFIED.,.F.,.F.,(8,8),(7.641546960435,9.21494429824
    ),.PIECEWISE_BEZIER_KNOTS.);
#827 = CARTESIAN_POINT('',(99.978268912435,5.299840045201E-16));
#828 = CARTESIAN_POINT('',(100.41696124392,5.280839765564E-16));
#829 = CARTESIAN_POINT('',(100.80378615736,5.456833465852E-16));
#830 = CARTESIAN_POINT('',(101.17252893215,5.518073446694E-16));
#831 = CARTESIAN_POINT('',(101.53665217346,5.130396540127E-16));
#832 = CARTESIAN_POINT('',(101.91623059782,5.81986281002E-16));
#833 = CARTESIAN_POINT('',(102.32593481301,5.395106327753E-16));
#834 = CARTESIAN_POINT('',(102.81421466288,5.582049561244E-16));
#835 = ( GEOMETRIC_REPRESENTATION_CONTEXT(2) 
PARAMETRIC_REPRESENTATION_CONTEXT() REPRESENTATION_CONTEXT('2D SPACE',''
  ) );
#836 = PCURVE('',#837,#862);
#837 = ( BOUNDED_SURFACE() B_SPLINE_SURFACE(2,7,(
    (#838,#839,#840,#841,#842,#843,#844,#845)
    ,(#846,#847,#848,#849,#850,#851,#852,#853)
    ,(#854,#855,#856,#857,#858,#859,#860,#861
)),.UNSPECIFIED.,.F.,.F.,.F.) B_SPLINE_SURFACE_WITH_KNOTS((3,3),(8,8),(
    0.,1.573397337805),(7.641546960435,9.21494429824),
.PIECEWISE_BEZIER_KNOTS.) GEOMETRIC_REPRESENTATION_ITEM() 
RATIONAL_B_SPLINE_SURFACE((
    (1.,1.,1.,1.,1.,1.,1.,1.)
    ,(0.709619676023,0.750570290076,0.771039504494,0.780023986533
      ,0.779147996978,0.765628821327,0.741945611997,0.688734202598)
,(1.,1.,1.,1.,1.,1.,1.,1.))) REPRESENTATION_ITEM('') SURFACE() );
#838 = CARTESIAN_POINT('',(2.966163454796,1.460932340643,2.247099490408)
  );
#839 = CARTESIAN_POINT('',(3.150409074134,1.356352277411,2.314278436348)
  );
#840 = CARTESIAN_POINT('',(3.360200441747,1.277145558947,2.356190799707)
  );
#841 = CARTESIAN_POINT('',(3.581979566541,1.23055513804,2.411942130395)
  );
#842 = CARTESIAN_POINT('',(3.808163622099,1.219254186658,2.483488292179)
  );
#843 = CARTESIAN_POINT('',(4.033667865956,1.24459591551,2.564879299899)
  );
#844 = CARTESIAN_POINT('',(4.250563708676,1.307523983228,2.661865414364)
  );
#845 = CARTESIAN_POINT('',(4.462219520761,1.407121067148,2.720189535305)
  );
#846 = CARTESIAN_POINT('',(3.329638795254,1.405905266613,0.803824236213)
  );
#847 = CARTESIAN_POINT('',(3.470660350512,1.32696733565,1.027132191843)
  );
#848 = CARTESIAN_POINT('',(3.662201436917,1.258262675002,1.155294004834)
  );
#849 = CARTESIAN_POINT('',(3.87787263948,1.222327498185,1.246018459454)
  );
#850 = CARTESIAN_POINT('',(4.11018379373,1.222476306565,1.313367664312)
  );
#851 = CARTESIAN_POINT('',(4.343186531417,1.257887364709,1.346205547818)
  );
#852 = CARTESIAN_POINT('',(4.581206134406,1.333044170243,1.339540775969)
  );
#853 = CARTESIAN_POINT('',(4.814186162437,1.430392358581,1.181078461988)
  );
#854 = CARTESIAN_POINT('',(2.786915734038,2.220092536535E-02,
    0.708957296753));
#855 = CARTESIAN_POINT('',(3.212054584269,2.558763554414E-02,
    0.817107423549));
#856 = CARTESIAN_POINT('',(3.586928469987,2.857392861952E-02,
    0.912470757788));
#857 = CARTESIAN_POINT('',(3.944278868094,3.142062736279E-02,
    1.003376330978));
#858 = CARTESIAN_POINT('',(4.297152454075,3.423166325097E-02,
    1.093143057886));
#859 = CARTESIAN_POINT('',(4.665003732341,3.71620133418E-02,
    1.186719926631));
#860 = CARTESIAN_POINT('',(5.062050059525,4.032493490728E-02,
    1.287723658953));
#861 = CARTESIAN_POINT('',(5.535244412523,4.409446133606E-02,
    1.408098518244));
#862 = DEFINITIONAL_REPRESENTATION('',(#863),#867);
#863 = LINE('',#864,#865);
#864 = CARTESIAN_POINT('',(1.573397337805,0.));
#865 = VECTOR('',#866,1.);
#866 = DIRECTION('',(0.,1.));
#867 = ( GEOMETRIC_REPRESENTATION_CONTEXT(2) 
PARAMETRIC_REPRESENTATION_CONTEXT() REPRESENTATION_CONTEXT('2D SPACE',''
  ) );
#868 = FACE_BOUND('',#869,.T.);
#869 = EDGE_LOOP('',(#870));
#870 = ORIENTED_EDGE('',*,*,#871,.F.);
#871 = EDGE_CURVE('',#872,#872,#874,.T.);
#872 = VERTEX_POINT('',#873);
#873 = CARTESIAN_POINT('',(8.873564732879,-0.750149807973,
    -23.95504562392));
#874 = SURFACE_CURVE('',#875,(#880,#891),.PCURVE_S1.);
#875 = CIRCLE('',#876,2.35);
#876 = AXIS2_PLACEMENT_3D('',#877,#878,#879);
#877 = CARTESIAN_POINT('',(8.873564732879,-0.676595853407,
    -21.60619700901));
#878 = DIRECTION('',(0.,-0.999510048898,3.129955513418E-02));
#879 = DIRECTION('',(0.,-3.129955513418E-02,-0.999510048898));
#880 = PCURVE('',#32,#881);
#881 = DEFINITIONAL_REPRESENTATION('',(#882),#890);
#882 = ( BOUNDED_CURVE() B_SPLINE_CURVE(2,(#883,#884,#885,#886,#887,#888
,#889),.UNSPECIFIED.,.T.,.F.) B_SPLINE_CURVE_WITH_KNOTS((1,2,2,2,2,1),(
    -2.094395102393,0.,2.094395102393,4.188790204786,6.28318530718,
8.377580409573),.UNSPECIFIED.) CURVE() GEOMETRIC_REPRESENTATION_ITEM() 
RATIONAL_B_SPLINE_CURVE((1.,0.5,1.,0.5,1.,0.5,1.)) REPRESENTATION_ITEM(
  '') );
#883 = CARTESIAN_POINT('',(99.790529560258,25.414988012927));
#884 = CARTESIAN_POINT('',(103.73509568242,26.418929299971));
#885 = CARTESIAN_POINT('',(102.63225127983,22.500864187743));
#886 = CARTESIAN_POINT('',(101.52940687723,18.582799075514));
#887 = CARTESIAN_POINT('',(98.687685157661,21.496922900699));
#888 = CARTESIAN_POINT('',(95.845963438088,24.411046725883));
#889 = CARTESIAN_POINT('',(99.790529560258,25.414988012927));
#890 = ( GEOMETRIC_REPRESENTATION_CONTEXT(2) 
PARAMETRIC_REPRESENTATION_CONTEXT() REPRESENTATION_CONTEXT('2D SPACE',''
  ) );
#891 = PCURVE('',#892,#897);
#892 = SPHERICAL_SURFACE('',#893,2.72037037037);
#893 = AXIS2_PLACEMENT_3D('',#894,#895,#896);
#894 = CARTESIAN_POINT('',(8.873564732879,0.69310310249,-21.64908899197)
  );
#895 = DIRECTION('',(0.,3.129955513418E-02,0.999510048898));
#896 = DIRECTION('',(1.,0.,0.));
#897 = DEFINITIONAL_REPRESENTATION('',(#898),#1006);
#898 = B_SPLINE_CURVE_WITH_KNOTS('',8,(#899,#900,#901,#902,#903,#904,
    #905,#906,#907,#908,#909,#910,#911,#912,#913,#914,#915,#916,#917,
    #918,#919,#920,#921,#922,#923,#924,#925,#926,#927,#928,#929,#930,
    #931,#932,#933,#934,#935,#936,#937,#938,#939,#940,#941,#942,#943,
    #944,#945,#946,#947,#948,#949,#950,#951,#952,#953,#954,#955,#956,
    #957,#958,#959,#960,#961,#962,#963,#964,#965,#966,#967,#968,#969,
    #970,#971,#972,#973,#974,#975,#976,#977,#978,#979,#980,#981,#982,
    #983,#984,#985,#986,#987,#988,#989,#990,#991,#992,#993,#994,#995,
    #996,#997,#998,#999,#1000,#1001,#1002,#1003,#1004,#1005),
  .UNSPECIFIED.,.T.,.F.,(9,7,7,7,7,7,7,7,7,7,7,7,7,7,7,9),(0.,
    0.196349540849,0.576776776245,0.933427309428,1.602147059147,
    2.187276840151,2.69926539853,2.923260392821,3.133255699968,
    3.330126300419,3.699258676264,4.345240333993,5.314212820586,
    5.798699063883,6.040942185531,6.28318530718),.UNSPECIFIED.);
#899 = CARTESIAN_POINT('',(4.712388980385,-1.042868879543));
#900 = CARTESIAN_POINT('',(4.754478096489,-1.042868879543));
#901 = CARTESIAN_POINT('',(4.796567090869,-1.04168832363));
#902 = CARTESIAN_POINT('',(4.838390743118,-1.039327016469));
#903 = CARTESIAN_POINT('',(4.87968182843,-1.035800183818));
#904 = CARTESIAN_POINT('',(4.920195683996,-1.031137524718));
#905 = CARTESIAN_POINT('',(4.959726052144,-1.025381048211));
#906 = CARTESIAN_POINT('',(4.998112200237,-1.018581694597));
#907 = CARTESIAN_POINT('',(5.107167231653,-0.995707519046));
#908 = CARTESIAN_POINT('',(5.174363212695,-0.976913147328));
#909 = CARTESIAN_POINT('',(5.235972866146,-0.954814825932));
#910 = CARTESIAN_POINT('',(5.291759410184,-0.929887430589));
#911 = CARTESIAN_POINT('',(5.342036428963,-0.902574672655));
#912 = CARTESIAN_POINT('',(5.387230074085,-0.873246111488));
#913 = CARTESIAN_POINT('',(5.42782724418,-0.842213193282));
#914 = CARTESIAN_POINT('',(5.498479040263,-0.77928237373));
#915 = CARTESIAN_POINT('',(5.529034050657,-0.747559772911));
#916 = CARTESIAN_POINT('',(5.556342118321,-0.714776944251));
#917 = CARTESIAN_POINT('',(5.58077397725,-0.681104447215));
#918 = CARTESIAN_POINT('',(5.602651939763,-0.646679353805));
#919 = CARTESIAN_POINT('',(5.622248091209,-0.611613385105));
#920 = CARTESIAN_POINT('',(5.63979467519,-0.575999651288));
#921 = CARTESIAN_POINT('',(5.684906973225,-0.472260279387));
#922 = CARTESIAN_POINT('',(5.707805359671,-0.40295359303));
#923 = CARTESIAN_POINT('',(5.725464952099,-0.332512036061));
#924 = CARTESIAN_POINT('',(5.73871101699,-0.261272377844));
#925 = CARTESIAN_POINT('',(5.748066777918,-0.189488936345));
#926 = CARTESIAN_POINT('',(5.753845050035,-0.117374558185));
#927 = CARTESIAN_POINT('',(5.756184981218,-4.511913598927E-02));
#928 = CARTESIAN_POINT('',(5.754045540388,9.025667565432E-02));
#929 = CARTESIAN_POINT('',(5.75038194779,0.15338968229));
#930 = CARTESIAN_POINT('',(5.744025470756,0.216350749924));
#931 = CARTESIAN_POINT('',(5.734840678377,0.279003560902));
#932 = CARTESIAN_POINT('',(5.722584869658,0.341199707947));
#933 = CARTESIAN_POINT('',(5.706883428263,0.402762454564));
#934 = CARTESIAN_POINT('',(5.687180068732,0.463459594677));
#935 = CARTESIAN_POINT('',(5.641208641454,0.575033001234));
#936 = CARTESIAN_POINT('',(5.616069039776,0.626188257998));
#937 = CARTESIAN_POINT('',(5.586698303476,0.676211313482));
#938 = CARTESIAN_POINT('',(5.55240399216,0.724826724696));
#939 = CARTESIAN_POINT('',(5.512300148545,0.771669248517));
#940 = CARTESIAN_POINT('',(5.465305114302,0.816266952322));
#941 = CARTESIAN_POINT('',(5.410052080497,0.857937521948));
#942 = CARTESIAN_POINT('',(5.317395796169,0.912375714618));
#943 = CARTESIAN_POINT('',(5.287434245887,0.928216444303));
#944 = CARTESIAN_POINT('',(5.255632573702,0.943256579319));
#945 = CARTESIAN_POINT('',(5.221925458075,0.957416303362));
#946 = CARTESIAN_POINT('',(5.186275515375,0.970609103639));
#947 = CARTESIAN_POINT('',(5.14868858689,0.982743818088));
#948 = CARTESIAN_POINT('',(5.109229363691,0.993728788771));
#949 = CARTESIAN_POINT('',(5.029419835961,1.012618120786));
#950 = CARTESIAN_POINT('',(4.989279174674,1.020672047974));
#951 = CARTESIAN_POINT('',(4.947729225697,1.027569500498));
#952 = CARTESIAN_POINT('',(4.904938644322,1.033243640031));
#953 = CARTESIAN_POINT('',(4.861138098568,1.037637510821));
#954 = CARTESIAN_POINT('',(4.816613896575,1.040708944125));
#955 = CARTESIAN_POINT('',(4.771688023753,1.04243404869));
#956 = CARTESIAN_POINT('',(4.684493870272,1.043161073434));
#957 = CARTESIAN_POINT('',(4.642235238679,1.042326433151));
#958 = CARTESIAN_POINT('',(4.600175543606,1.04030199112));
#959 = CARTESIAN_POINT('',(4.558587411068,1.037099902094));
#960 = CARTESIAN_POINT('',(4.517723803056,1.032747266119));
#961 = CARTESIAN_POINT('',(4.47780107908,1.027284168641));
#962 = CARTESIAN_POINT('',(4.438990560611,1.020760345485));
#963 = CARTESIAN_POINT('',(4.330971169303,0.999111961284));
#964 = CARTESIAN_POINT('',(4.264878303619,0.981456746147));
#965 = CARTESIAN_POINT('',(4.20397595441,0.960626319043));
#966 = CARTESIAN_POINT('',(4.148553011973,0.937052435143));
#967 = CARTESIAN_POINT('',(4.098379771328,0.91114791716));
#968 = CARTESIAN_POINT('',(4.053090936836,0.883261645746));
#969 = CARTESIAN_POINT('',(4.012251769463,0.85369061424));
#970 = CARTESIAN_POINT('',(3.911006338859,0.768416567304));
#971 = CARTESIAN_POINT('',(3.858897097784,0.709748205208));
#972 = CARTESIAN_POINT('',(3.81680867669,0.648003689602));
#973 = CARTESIAN_POINT('',(3.782499289627,0.58404530576));
#974 = CARTESIAN_POINT('',(3.754595420205,0.518425178468));
#975 = CARTESIAN_POINT('',(3.732000086011,0.451561720834));
#976 = CARTESIAN_POINT('',(3.713984768222,0.383763115579));
#977 = CARTESIAN_POINT('',(3.679097614034,0.212560981763));
#978 = CARTESIAN_POINT('',(3.667302308096,0.10830455825));
#979 = CARTESIAN_POINT('',(3.662907217258,3.362048556903E-03));
#980 = CARTESIAN_POINT('',(3.665342790365,-0.101712871291));
#981 = CARTESIAN_POINT('',(3.674697706946,-0.20640462135));
#982 = CARTESIAN_POINT('',(3.69171961769,-0.310124426759));
#983 = CARTESIAN_POINT('',(3.718065376505,-0.412140120916));
#984 = CARTESIAN_POINT('',(3.776897385444,-0.560460643468));
#985 = CARTESIAN_POINT('',(3.799726807676,-0.609116969223));
#986 = CARTESIAN_POINT('',(3.826218848585,-0.656810134529));
#987 = CARTESIAN_POINT('',(3.856932021849,-0.703317877362));
#988 = CARTESIAN_POINT('',(3.892575728166,-0.748352036646));
#989 = CARTESIAN_POINT('',(3.934012845854,-0.791542227772));
#990 = CARTESIAN_POINT('',(3.982329945418,-0.832371229644));
#991 = CARTESIAN_POINT('',(4.066492457666,-0.889063185005));
#992 = CARTESIAN_POINT('',(4.096494638747,-0.907201960807));
#993 = CARTESIAN_POINT('',(4.128557792564,-0.924497882059));
#994 = CARTESIAN_POINT('',(4.162786175384,-0.940857561124));
#995 = CARTESIAN_POINT('',(4.199259279661,-0.956177303927));
#996 = CARTESIAN_POINT('',(4.238011921474,-0.970344898058));
#997 = CARTESIAN_POINT('',(4.279010473089,-0.98324441969));
#998 = CARTESIAN_POINT('',(4.365240008201,-1.006283698923));
#999 = CARTESIAN_POINT('',(4.410471306324,-1.016423303823));
#1000 = CARTESIAN_POINT('',(4.457690594143,-1.025072114826));
#1001 = CARTESIAN_POINT('',(4.506679736889,-1.032121431158));
#1002 = CARTESIAN_POINT('',(4.557107150656,-1.037477585281));
#1003 = CARTESIAN_POINT('',(4.608535679252,-1.041072078812));
#1004 = CARTESIAN_POINT('',(4.660462203126,-1.042868879543));
#1005 = CARTESIAN_POINT('',(4.712388980385,-1.042868879543));
#1006 = ( GEOMETRIC_REPRESENTATION_CONTEXT(2) 
PARAMETRIC_REPRESENTATION_CONTEXT() REPRESENTATION_CONTEXT('2D SPACE',''
  ) );
#1007 = FACE_BOUND('',#1008,.T.);
#1008 = EDGE_LOOP('',(#1009));
#1009 = ORIENTED_EDGE('',*,*,#1010,.F.);
#1010 = EDGE_CURVE('',#1011,#1011,#1013,.T.);
#1011 = VERTEX_POINT('',#1012);
#1012 = CARTESIAN_POINT('',(12.941403735214,-1.132046965443,
    -36.15042811103));
#1013 = SURFACE_CURVE('',#1014,(#1019,#1030),.PCURVE_S1.);
#1014 = CIRCLE('',#1015,2.35);
#1015 = AXIS2_PLACEMENT_3D('',#1016,#1017,#1018);
#1016 = CARTESIAN_POINT('',(12.941403735214,-1.058493010878,
    -33.80157949612));
#1017 = DIRECTION('',(0.,-0.999510048898,3.129955513418E-02));
#1018 = DIRECTION('',(0.,-3.129955513418E-02,-0.999510048898));
#1019 = PCURVE('',#32,#1020);
#1020 = DEFINITIONAL_REPRESENTATION('',(#1021),#1029);
#1021 = ( BOUNDED_CURVE() B_SPLINE_CURVE(2,(#1022,#1023,#1024,#1025,
#1026,#1027,#1028),.UNSPECIFIED.,.T.,.F.) B_SPLINE_CURVE_WITH_KNOTS((1,2
    ,2,2,2,1),(-2.094395102393,0.,2.094395102393,4.188790204786,
6.28318530718,8.377580409573),.UNSPECIFIED.) CURVE() 
GEOMETRIC_REPRESENTATION_ITEM() RATIONAL_B_SPLINE_CURVE((1.,0.5,1.,0.5,
1.,0.5,1.)) REPRESENTATION_ITEM('') );
#1022 = CARTESIAN_POINT('',(100.72323530803,38.242714763321));
#1023 = CARTESIAN_POINT('',(104.6678014302,39.246656050365));
#1024 = CARTESIAN_POINT('',(103.56495702761,35.328590938136));
#1025 = CARTESIAN_POINT('',(102.46211262501,31.410525825908));
#1026 = CARTESIAN_POINT('',(99.62039090544,34.324649651093));
#1027 = CARTESIAN_POINT('',(96.778669185868,37.238773476277));
#1028 = CARTESIAN_POINT('',(100.72323530803,38.242714763321));
#1029 = ( GEOMETRIC_REPRESENTATION_CONTEXT(2) 
PARAMETRIC_REPRESENTATION_CONTEXT() REPRESENTATION_CONTEXT('2D SPACE',''
  ) );
#1030 = PCURVE('',#1031,#1036);
#1031 = SPHERICAL_SURFACE('',#1032,2.72037037037);
#1032 = AXIS2_PLACEMENT_3D('',#1033,#1034,#1035);
#1033 = CARTESIAN_POINT('',(12.941403735214,0.311205945019,
    -33.84447147908));
#1034 = DIRECTION('',(0.,3.129955513418E-02,0.999510048898));
#1035 = DIRECTION('',(1.,0.,0.));
#1036 = DEFINITIONAL_REPRESENTATION('',(#1037),#1145);
#1037 = B_SPLINE_CURVE_WITH_KNOTS('',8,(#1038,#1039,#1040,#1041,#1042,
    #1043,#1044,#1045,#1046,#1047,#1048,#1049,#1050,#1051,#1052,#1053,
    #1054,#1055,#1056,#1057,#1058,#1059,#1060,#1061,#1062,#1063,#1064,
    #1065,#1066,#1067,#1068,#1069,#1070,#1071,#1072,#1073,#1074,#1075,
    #1076,#1077,#1078,#1079,#1080,#1081,#1082,#1083,#1084,#1085,#1086,
    #1087,#1088,#1089,#1090,#1091,#1092,#1093,#1094,#1095,#1096,#1097,
    #1098,#1099,#1100,#1101,#1102,#1103,#1104,#1105,#1106,#1107,#1108,
    #1109,#1110,#1111,#1112,#1113,#1114,#1115,#1116,#1117,#1118,#1119,
    #1120,#1121,#1122,#1123,#1124,#1125,#1126,#1127,#1128,#1129,#1130,
    #1131,#1132,#1133,#1134,#1135,#1136,#1137,#1138,#1139,#1140,#1141,
    #1142,#1143,#1144),.UNSPECIFIED.,.T.,.F.,(9,7,7,7,7,7,7,7,7,7,7,7,7,
    7,7,9),(0.,0.196349540849,0.576776776245,0.933427309428,
    1.602147059147,2.187276840151,2.69926539853,2.923260392821,
    3.133255699968,3.330126300419,3.699258676264,4.345240333993,
    5.314212820586,5.798699063883,6.040942185531,6.28318530718),
  .UNSPECIFIED.);
#1038 = CARTESIAN_POINT('',(4.712388980385,-1.042868879543));
#1039 = CARTESIAN_POINT('',(4.754478096489,-1.042868879543));
#1040 = CARTESIAN_POINT('',(4.796567090869,-1.04168832363));
#1041 = CARTESIAN_POINT('',(4.838390743118,-1.039327016469));
#1042 = CARTESIAN_POINT('',(4.87968182843,-1.035800183818));
#1043 = CARTESIAN_POINT('',(4.920195683996,-1.031137524718));
#1044 = CARTESIAN_POINT('',(4.959726052144,-1.025381048211));
#1045 = CARTESIAN_POINT('',(4.998112200237,-1.018581694597));
#1046 = CARTESIAN_POINT('',(5.107167231653,-0.995707519046));
#1047 = CARTESIAN_POINT('',(5.174363212695,-0.976913147328));
#1048 = CARTESIAN_POINT('',(5.235972866146,-0.954814825931));
#1049 = CARTESIAN_POINT('',(5.291759410184,-0.929887430592));
#1050 = CARTESIAN_POINT('',(5.342036428963,-0.902574672656));
#1051 = CARTESIAN_POINT('',(5.387230074085,-0.873246111488));
#1052 = CARTESIAN_POINT('',(5.42782724418,-0.842213193282));
#1053 = CARTESIAN_POINT('',(5.498479040263,-0.77928237373));
#1054 = CARTESIAN_POINT('',(5.529034050657,-0.747559772911));
#1055 = CARTESIAN_POINT('',(5.556342118321,-0.714776944251));
#1056 = CARTESIAN_POINT('',(5.58077397725,-0.681104447215));
#1057 = CARTESIAN_POINT('',(5.602651939763,-0.646679353805));
#1058 = CARTESIAN_POINT('',(5.622248091209,-0.611613385105));
#1059 = CARTESIAN_POINT('',(5.63979467519,-0.575999651288));
#1060 = CARTESIAN_POINT('',(5.684906973225,-0.472260279387));
#1061 = CARTESIAN_POINT('',(5.707805359671,-0.402953593031));
#1062 = CARTESIAN_POINT('',(5.725464952099,-0.332512036061));
#1063 = CARTESIAN_POINT('',(5.73871101699,-0.261272377844));
#1064 = CARTESIAN_POINT('',(5.748066777918,-0.189488936345));
#1065 = CARTESIAN_POINT('',(5.753845050035,-0.117374558185));
#1066 = CARTESIAN_POINT('',(5.756184981218,-4.511913598927E-02));
#1067 = CARTESIAN_POINT('',(5.754045540388,9.025667565432E-02));
#1068 = CARTESIAN_POINT('',(5.75038194779,0.15338968229));
#1069 = CARTESIAN_POINT('',(5.744025470756,0.216350749924));
#1070 = CARTESIAN_POINT('',(5.734840678377,0.279003560902));
#1071 = CARTESIAN_POINT('',(5.722584869658,0.341199707947));
#1072 = CARTESIAN_POINT('',(5.706883428263,0.402762454564));
#1073 = CARTESIAN_POINT('',(5.687180068732,0.463459594677));
#1074 = CARTESIAN_POINT('',(5.641208641454,0.575033001234));
#1075 = CARTESIAN_POINT('',(5.616069039776,0.626188257997));
#1076 = CARTESIAN_POINT('',(5.586698303476,0.676211313483));
#1077 = CARTESIAN_POINT('',(5.55240399216,0.724826724693));
#1078 = CARTESIAN_POINT('',(5.512300148545,0.771669248519));
#1079 = CARTESIAN_POINT('',(5.465305114302,0.816266952322));
#1080 = CARTESIAN_POINT('',(5.410052080497,0.857937521948));
#1081 = CARTESIAN_POINT('',(5.317395796169,0.912375714618));
#1082 = CARTESIAN_POINT('',(5.287434245887,0.928216444303));
#1083 = CARTESIAN_POINT('',(5.255632573702,0.943256579319));
#1084 = CARTESIAN_POINT('',(5.221925458075,0.957416303362));
#1085 = CARTESIAN_POINT('',(5.186275515375,0.970609103639));
#1086 = CARTESIAN_POINT('',(5.14868858689,0.982743818088));
#1087 = CARTESIAN_POINT('',(5.109229363691,0.993728788771));
#1088 = CARTESIAN_POINT('',(5.029419835961,1.012618120786));
#1089 = CARTESIAN_POINT('',(4.989279174674,1.020672047974));
#1090 = CARTESIAN_POINT('',(4.947729225697,1.027569500498));
#1091 = CARTESIAN_POINT('',(4.904938644322,1.033243640031));
#1092 = CARTESIAN_POINT('',(4.861138098568,1.037637510821));
#1093 = CARTESIAN_POINT('',(4.816613896575,1.040708944125));
#1094 = CARTESIAN_POINT('',(4.771688023753,1.04243404869));
#1095 = CARTESIAN_POINT('',(4.684493870272,1.043161073434));
#1096 = CARTESIAN_POINT('',(4.642235238679,1.042326433151));
#1097 = CARTESIAN_POINT('',(4.600175543606,1.04030199112));
#1098 = CARTESIAN_POINT('',(4.558587411068,1.037099902094));
#1099 = CARTESIAN_POINT('',(4.517723803056,1.032747266119));
#1100 = CARTESIAN_POINT('',(4.47780107908,1.027284168641));
#1101 = CARTESIAN_POINT('',(4.438990560611,1.020760345485));
#1102 = CARTESIAN_POINT('',(4.330971169303,0.999111961284));
#1103 = CARTESIAN_POINT('',(4.264878303619,0.981456746147));
#1104 = CARTESIAN_POINT('',(4.20397595441,0.960626319042));
#1105 = CARTESIAN_POINT('',(4.148553011973,0.937052435145));
#1106 = CARTESIAN_POINT('',(4.098379771328,0.911147917159));
#1107 = CARTESIAN_POINT('',(4.053090936836,0.883261645746));
#1108 = CARTESIAN_POINT('',(4.012251769463,0.85369061424));
#1109 = CARTESIAN_POINT('',(3.911006338859,0.768416567304));
#1110 = CARTESIAN_POINT('',(3.858897097784,0.709748205207));
#1111 = CARTESIAN_POINT('',(3.81680867669,0.648003689604));
#1112 = CARTESIAN_POINT('',(3.782499289627,0.584045305757));
#1113 = CARTESIAN_POINT('',(3.754595420205,0.518425178469));
#1114 = CARTESIAN_POINT('',(3.732000086011,0.451561720833));
#1115 = CARTESIAN_POINT('',(3.713984768222,0.383763115579));
#1116 = CARTESIAN_POINT('',(3.679097614034,0.212560981763));
#1117 = CARTESIAN_POINT('',(3.667302308097,0.10830455825));
#1118 = CARTESIAN_POINT('',(3.662907217257,3.362048557055E-03));
#1119 = CARTESIAN_POINT('',(3.665342790375,-0.101712871291));
#1120 = CARTESIAN_POINT('',(3.674697706937,-0.20640462135));
#1121 = CARTESIAN_POINT('',(3.691719617691,-0.310124426759));
#1122 = CARTESIAN_POINT('',(3.718065376505,-0.412140120916));
#1123 = CARTESIAN_POINT('',(3.776897385444,-0.560460643468));
#1124 = CARTESIAN_POINT('',(3.79972680768,-0.609116969223));
#1125 = CARTESIAN_POINT('',(3.826218848564,-0.656810134525));
#1126 = CARTESIAN_POINT('',(3.856932021871,-0.703317877367));
#1127 = CARTESIAN_POINT('',(3.892575728151,-0.748352036642));
#1128 = CARTESIAN_POINT('',(3.934012845858,-0.791542227773));
#1129 = CARTESIAN_POINT('',(3.982329945418,-0.832371229644));
#1130 = CARTESIAN_POINT('',(4.066492457666,-0.889063185005));
#1131 = CARTESIAN_POINT('',(4.096494638747,-0.907201960807));
#1132 = CARTESIAN_POINT('',(4.128557792564,-0.924497882059));
#1133 = CARTESIAN_POINT('',(4.162786175384,-0.940857561124));
#1134 = CARTESIAN_POINT('',(4.199259279661,-0.956177303927));
#1135 = CARTESIAN_POINT('',(4.238011921474,-0.970344898058));
#1136 = CARTESIAN_POINT('',(4.279010473089,-0.98324441969));
#1137 = CARTESIAN_POINT('',(4.365240008201,-1.006283698923));
#1138 = CARTESIAN_POINT('',(4.410471306324,-1.016423303823));
#1139 = CARTESIAN_POINT('',(4.457690594143,-1.025072114826));
#1140 = CARTESIAN_POINT('',(4.506679736889,-1.032121431158));
#1141 = CARTESIAN_POINT('',(4.557107150656,-1.037477585281));
#1142 = CARTESIAN_POINT('',(4.608535679252,-1.041072078812));
#1143 = CARTESIAN_POINT('',(4.660462203126,-1.042868879543));
#1144 = CARTESIAN_POINT('',(4.712388980385,-1.042868879543));
#1145 = ( GEOMETRIC_REPRESENTATION_CONTEXT(2) 
PARAMETRIC_REPRESENTATION_CONTEXT() REPRESENTATION_CONTEXT('2D SPACE',''
  ) );
#1146 = FACE_BOUND('',#1147,.T.);
#1147 = EDGE_LOOP('',(#1148));
#1148 = ORIENTED_EDGE('',*,*,#1149,.F.);
#1149 = EDGE_CURVE('',#1150,#1150,#1152,.T.);
#1150 = VERTEX_POINT('',#1151);
#1151 = CARTESIAN_POINT('',(9.526932204739,-1.459136772999,
    -46.5956100998));
#1152 = SURFACE_CURVE('',#1153,(#1158,#1169),.PCURVE_S1.);
#1153 = CIRCLE('',#1154,2.35);
#1154 = AXIS2_PLACEMENT_3D('',#1155,#1156,#1157);
#1155 = CARTESIAN_POINT('',(9.526932204739,-1.385582818434,
    -44.24676148489));
#1156 = DIRECTION('',(0.,-0.999510048898,3.129955513418E-02));
#1157 = DIRECTION('',(0.,-3.129955513418E-02,-0.999510048898));
#1158 = PCURVE('',#32,#1159);
#1159 = DEFINITIONAL_REPRESENTATION('',(#1160),#1168);
#1160 = ( BOUNDED_CURVE() B_SPLINE_CURVE(2,(#1161,#1162,#1163,#1164,
#1165,#1166,#1167),.UNSPECIFIED.,.T.,.F.) B_SPLINE_CURVE_WITH_KNOTS((1,2
    ,2,2,2,1),(-2.094395102393,0.,2.094395102393,4.188790204786,
6.28318530718,8.377580409573),.UNSPECIFIED.) CURVE() 
GEOMETRIC_REPRESENTATION_ITEM() RATIONAL_B_SPLINE_CURVE((1.,0.5,1.,0.5,
1.,0.5,1.)) REPRESENTATION_ITEM('') );
#1161 = CARTESIAN_POINT('',(94.836695174741,47.52797596655));
#1162 = CARTESIAN_POINT('',(98.781261296911,48.531917253594));
#1163 = CARTESIAN_POINT('',(97.678416894314,44.613852141365));
#1164 = CARTESIAN_POINT('',(96.575572491717,40.695787029137));
#1165 = CARTESIAN_POINT('',(93.733850772144,43.609910854322));
#1166 = CARTESIAN_POINT('',(90.892129052572,46.524034679506));
#1167 = CARTESIAN_POINT('',(94.836695174741,47.52797596655));
#1168 = ( GEOMETRIC_REPRESENTATION_CONTEXT(2) 
PARAMETRIC_REPRESENTATION_CONTEXT() REPRESENTATION_CONTEXT('2D SPACE',''
  ) );
#1169 = PCURVE('',#1170,#1175);
#1170 = SPHERICAL_SURFACE('',#1171,2.72037037037);
#1171 = AXIS2_PLACEMENT_3D('',#1172,#1173,#1174);
#1172 = CARTESIAN_POINT('',(9.526932204739,-1.588386253617E-02,
    -44.28965346785));
#1173 = DIRECTION('',(0.,3.129955513418E-02,0.999510048898));
#1174 = DIRECTION('',(1.,0.,0.));
#1175 = DEFINITIONAL_REPRESENTATION('',(#1176),#1284);
#1176 = B_SPLINE_CURVE_WITH_KNOTS('',8,(#1177,#1178,#1179,#1180,#1181,
    #1182,#1183,#1184,#1185,#1186,#1187,#1188,#1189,#1190,#1191,#1192,
    #1193,#1194,#1195,#1196,#1197,#1198,#1199,#1200,#1201,#1202,#1203,
    #1204,#1205,#1206,#1207,#1208,#1209,#1210,#1211,#1212,#1213,#1214,
    #1215,#1216,#1217,#1218,#1219,#1220,#1221,#1222,#1223,#1224,#1225,
    #1226,#1227,#1228,#1229,#1230,#1231,#1232,#1233,#1234,#1235,#1236,
    #1237,#1238,#1239,#1240,#1241,#1242,#1243,#1244,#1245,#1246,#1247,
    #1248,#1249,#1250,#1251,#1252,#1253,#1254,#1255,#1256,#1257,#1258,
    #1259,#1260,#1261,#1262,#1263,#1264,#1265,#1266,#1267,#1268,#1269,
    #1270,#1271,#1272,#1273,#1274,#1275,#1276,#1277,#1278,#1279,#1280,
    #1281,#1282,#1283),.UNSPECIFIED.,.T.,.F.,(9,7,7,7,7,7,7,7,7,7,7,7,7,
    7,7,9),(0.,0.196349540849,0.576776776245,0.933427309428,
    1.602147059147,2.187276840151,2.69926539853,2.923260392821,
    3.133255699968,3.330126300419,3.699258676264,4.345240333993,
    5.314212820586,5.798699063883,6.040942185531,6.28318530718),
  .UNSPECIFIED.);
#1177 = CARTESIAN_POINT('',(4.712388980385,-1.042868879543));
#1178 = CARTESIAN_POINT('',(4.754478096489,-1.042868879543));
#1179 = CARTESIAN_POINT('',(4.796567090869,-1.04168832363));
#1180 = CARTESIAN_POINT('',(4.838390743118,-1.039327016469));
#1181 = CARTESIAN_POINT('',(4.87968182843,-1.035800183818));
#1182 = CARTESIAN_POINT('',(4.920195683996,-1.031137524718));
#1183 = CARTESIAN_POINT('',(4.959726052144,-1.025381048211));
#1184 = CARTESIAN_POINT('',(4.998112200237,-1.018581694597));
#1185 = CARTESIAN_POINT('',(5.107167231653,-0.995707519046));
#1186 = CARTESIAN_POINT('',(5.174363212695,-0.976913147328));
#1187 = CARTESIAN_POINT('',(5.235972866146,-0.954814825931));
#1188 = CARTESIAN_POINT('',(5.291759410184,-0.929887430592));
#1189 = CARTESIAN_POINT('',(5.342036428963,-0.902574672656));
#1190 = CARTESIAN_POINT('',(5.387230074085,-0.873246111488));
#1191 = CARTESIAN_POINT('',(5.42782724418,-0.842213193282));
#1192 = CARTESIAN_POINT('',(5.498479040263,-0.77928237373));
#1193 = CARTESIAN_POINT('',(5.529034050657,-0.747559772911));
#1194 = CARTESIAN_POINT('',(5.556342118321,-0.714776944251));
#1195 = CARTESIAN_POINT('',(5.58077397725,-0.681104447215));
#1196 = CARTESIAN_POINT('',(5.602651939763,-0.646679353805));
#1197 = CARTESIAN_POINT('',(5.622248091209,-0.611613385105));
#1198 = CARTESIAN_POINT('',(5.63979467519,-0.575999651288));
#1199 = CARTESIAN_POINT('',(5.684906973225,-0.472260279387));
#1200 = CARTESIAN_POINT('',(5.707805359671,-0.402953593031));
#1201 = CARTESIAN_POINT('',(5.725464952099,-0.332512036061));
#1202 = CARTESIAN_POINT('',(5.73871101699,-0.261272377844));
#1203 = CARTESIAN_POINT('',(5.748066777918,-0.189488936345));
#1204 = CARTESIAN_POINT('',(5.753845050035,-0.117374558185));
#1205 = CARTESIAN_POINT('',(5.756184981218,-4.511913598927E-02));
#1206 = CARTESIAN_POINT('',(5.754045540388,9.025667565432E-02));
#1207 = CARTESIAN_POINT('',(5.75038194779,0.15338968229));
#1208 = CARTESIAN_POINT('',(5.744025470756,0.216350749924));
#1209 = CARTESIAN_POINT('',(5.734840678377,0.279003560902));
#1210 = CARTESIAN_POINT('',(5.722584869658,0.341199707947));
#1211 = CARTESIAN_POINT('',(5.706883428263,0.402762454564));
#1212 = CARTESIAN_POINT('',(5.687180068732,0.463459594677));
#1213 = CARTESIAN_POINT('',(5.641208641454,0.575033001234));
#1214 = CARTESIAN_POINT('',(5.616069039776,0.626188257997));
#1215 = CARTESIAN_POINT('',(5.586698303476,0.676211313484));
#1216 = CARTESIAN_POINT('',(5.55240399216,0.724826724692));
#1217 = CARTESIAN_POINT('',(5.512300148545,0.77166924852));
#1218 = CARTESIAN_POINT('',(5.465305114302,0.816266952321));
#1219 = CARTESIAN_POINT('',(5.410052080497,0.857937521948));
#1220 = CARTESIAN_POINT('',(5.317395796169,0.912375714618));
#1221 = CARTESIAN_POINT('',(5.287434245887,0.928216444303));
#1222 = CARTESIAN_POINT('',(5.255632573702,0.943256579319));
#1223 = CARTESIAN_POINT('',(5.221925458075,0.957416303362));
#1224 = CARTESIAN_POINT('',(5.186275515375,0.970609103639));
#1225 = CARTESIAN_POINT('',(5.14868858689,0.982743818088));
#1226 = CARTESIAN_POINT('',(5.109229363691,0.993728788771));
#1227 = CARTESIAN_POINT('',(5.029419835961,1.012618120786));
#1228 = CARTESIAN_POINT('',(4.989279174674,1.020672047974));
#1229 = CARTESIAN_POINT('',(4.947729225697,1.027569500498));
#1230 = CARTESIAN_POINT('',(4.904938644322,1.033243640031));
#1231 = CARTESIAN_POINT('',(4.861138098568,1.037637510821));
#1232 = CARTESIAN_POINT('',(4.816613896575,1.040708944125));
#1233 = CARTESIAN_POINT('',(4.771688023753,1.04243404869));
#1234 = CARTESIAN_POINT('',(4.684493870272,1.043161073434));
#1235 = CARTESIAN_POINT('',(4.642235238679,1.042326433151));
#1236 = CARTESIAN_POINT('',(4.600175543606,1.04030199112));
#1237 = CARTESIAN_POINT('',(4.558587411068,1.037099902094));
#1238 = CARTESIAN_POINT('',(4.517723803056,1.032747266119));
#1239 = CARTESIAN_POINT('',(4.47780107908,1.027284168641));
#1240 = CARTESIAN_POINT('',(4.438990560611,1.020760345485));
#1241 = CARTESIAN_POINT('',(4.330971169303,0.999111961284));
#1242 = CARTESIAN_POINT('',(4.264878303619,0.981456746147));
#1243 = CARTESIAN_POINT('',(4.20397595441,0.960626319045));
#1244 = CARTESIAN_POINT('',(4.148553011973,0.937052435144));
#1245 = CARTESIAN_POINT('',(4.098379771328,0.91114791716));
#1246 = CARTESIAN_POINT('',(4.053090936836,0.883261645746));
#1247 = CARTESIAN_POINT('',(4.012251769463,0.85369061424));
#1248 = CARTESIAN_POINT('',(3.911006338859,0.768416567304));
#1249 = CARTESIAN_POINT('',(3.858897097784,0.709748205207));
#1250 = CARTESIAN_POINT('',(3.81680867669,0.648003689605));
#1251 = CARTESIAN_POINT('',(3.782499289627,0.584045305754));
#1252 = CARTESIAN_POINT('',(3.754595420205,0.51842517847));
#1253 = CARTESIAN_POINT('',(3.732000086011,0.451561720833));
#1254 = CARTESIAN_POINT('',(3.713984768222,0.383763115579));
#1255 = CARTESIAN_POINT('',(3.679097614034,0.212560981763));
#1256 = CARTESIAN_POINT('',(3.667302308096,0.10830455825));
#1257 = CARTESIAN_POINT('',(3.662907217258,3.362048556957E-03));
#1258 = CARTESIAN_POINT('',(3.665342790365,-0.101712871291));
#1259 = CARTESIAN_POINT('',(3.674697706946,-0.20640462135));
#1260 = CARTESIAN_POINT('',(3.69171961769,-0.310124426759));
#1261 = CARTESIAN_POINT('',(3.718065376505,-0.412140120916));
#1262 = CARTESIAN_POINT('',(3.776897385444,-0.560460643468));
#1263 = CARTESIAN_POINT('',(3.799726807676,-0.609116969223));
#1264 = CARTESIAN_POINT('',(3.826218848585,-0.656810134528));
#1265 = CARTESIAN_POINT('',(3.856932021849,-0.703317877363));
#1266 = CARTESIAN_POINT('',(3.892575728166,-0.748352036644));
#1267 = CARTESIAN_POINT('',(3.934012845854,-0.791542227772));
#1268 = CARTESIAN_POINT('',(3.982329945418,-0.832371229644));
#1269 = CARTESIAN_POINT('',(4.066492457666,-0.889063185005));
#1270 = CARTESIAN_POINT('',(4.096494638747,-0.907201960807));
#1271 = CARTESIAN_POINT('',(4.128557792564,-0.924497882059));
#1272 = CARTESIAN_POINT('',(4.162786175384,-0.940857561124));
#1273 = CARTESIAN_POINT('',(4.199259279661,-0.956177303927));
#1274 = CARTESIAN_POINT('',(4.238011921474,-0.970344898058));
#1275 = CARTESIAN_POINT('',(4.279010473089,-0.98324441969));
#1276 = CARTESIAN_POINT('',(4.365240008201,-1.006283698923));
#1277 = CARTESIAN_POINT('',(4.410471306324,-1.016423303823));
#1278 = CARTESIAN_POINT('',(4.457690594143,-1.025072114826));
#1279 = CARTESIAN_POINT('',(4.506679736889,-1.032121431158));
#1280 = CARTESIAN_POINT('',(4.557107150656,-1.037477585281));
#1281 = CARTESIAN_POINT('',(4.608535679252,-1.041072078812));
#1282 = CARTESIAN_POINT('',(4.660462203126,-1.042868879543));
#1283 = CARTESIAN_POINT('',(4.712388980385,-1.042868879543));
#1284 = ( GEOMETRIC_REPRESENTATION_CONTEXT(2) 
PARAMETRIC_REPRESENTATION_CONTEXT() REPRESENTATION_CONTEXT('2D SPACE',''
  ) );
#1285 = ADVANCED_FACE('',(#1286),#44,.T.);
#1286 = FACE_BOUND('',#1287,.T.);
#1287 = EDGE_LOOP('',(#1288,#1289,#1512,#1540,#1568,#1596,#1624,#1662,
    #1723,#1724,#1747,#1775,#1803,#1831));
#1288 = ORIENTED_EDGE('',*,*,#21,.T.);
#1289 = ORIENTED_EDGE('',*,*,#1290,.F.);
#1290 = EDGE_CURVE('',#1291,#24,#1293,.T.);
#1291 = VERTEX_POINT('',#1292);
#1292 = CARTESIAN_POINT('',(7.268286103631,3.480450892807,1.741786311656
    ));
#1293 = SURFACE_CURVE('',#1294,(#1336,#1381),.PCURVE_S1.);
#1294 = ( BOUNDED_CURVE() B_SPLINE_CURVE(14,(#1295,#1296,#1297,#1298,
    #1299,#1300,#1301,#1302,#1303,#1304,#1305,#1306,#1307,#1308,#1309,
    #1310,#1311,#1312,#1313,#1314,#1315,#1316,#1317,#1318,#1319,#1320,
    #1321,#1322,#1323,#1324,#1325,#1326,#1327,#1328,#1329,#1330,#1331,
    #1332,#1333,#1334,#1335),.UNSPECIFIED.,.F.,.F.) 
B_SPLINE_CURVE_WITH_KNOTS((15,13,13,15),(0.242473257909,2.083005653995,
4.100093829468,7.641546960435),.UNSPECIFIED.) CURVE() 
GEOMETRIC_REPRESENTATION_ITEM() RATIONAL_B_SPLINE_CURVE((1.,1.,
    1.000000000001,0.999999999997,1.000000000006,0.999999999991,
    1.000000000012,0.999999999988,1.00000000001,0.999999999993,
    1.000000000004,0.999999999998,1.000000000001,1.,1.,1.,0.999999999999
    ,1.000000000003,0.999999999994,1.000000000009,0.99999999999,
    1.000000000009,0.999999999993,1.000000000004,0.999999999998,
    1.000000000001,1.,1.,1.000000000001,0.999999999998,1.000000000005,
    0.999999999992,1.000000000011,0.999999999988,1.000000000011,
    0.999999999991,1.000000000005,0.999999999997,1.000000000001,1.,1.)) 
REPRESENTATION_ITEM('') );
#1295 = CARTESIAN_POINT('',(7.268286103631,3.480450892807,1.741786311656
    ));
#1296 = CARTESIAN_POINT('',(7.22922972057,3.733877454746,1.723905075354)
  );
#1297 = CARTESIAN_POINT('',(7.169292268187,3.98310449977,1.700838248743)
  );
#1298 = CARTESIAN_POINT('',(7.088906960523,4.226089515601,1.672760105306
    ));
#1299 = CARTESIAN_POINT('',(6.988865141149,4.460776070318,1.639936547549
    ));
#1300 = CARTESIAN_POINT('',(6.870141457406,4.685266907267,1.602675169354
    ));
#1301 = CARTESIAN_POINT('',(6.733850146204,4.897865167723,1.561312833917
    ));
#1302 = CARTESIAN_POINT('',(6.581256524742,5.097057308687,1.516219134512
    ));
#1303 = CARTESIAN_POINT('',(6.413790137043,5.281489335723,1.467800486522
    ));
#1304 = CARTESIAN_POINT('',(6.233028373479,5.449966026505,1.416495980488
    ));
#1305 = CARTESIAN_POINT('',(6.040641735804,5.601480871408,1.362762507143
    ));
#1306 = CARTESIAN_POINT('',(5.838314287381,5.735262514844,1.30705304662)
  );
#1307 = CARTESIAN_POINT('',(5.627675184376,5.850801530971,1.249798395373
    ));
#1308 = CARTESIAN_POINT('',(5.41029954878,5.947799424342,1.191408985458)
  );
#1309 = CARTESIAN_POINT('',(4.944081148956,6.111617819241,1.067562464948
    ));
#1310 = CARTESIAN_POINT('',(4.694207181854,6.174672908999,1.00196068519)
  );
#1311 = CARTESIAN_POINT('',(4.4404298848,6.214817945175,0.936082398273)
  );
#1312 = CARTESIAN_POINT('',(4.184879834239,6.232006459858,0.870471583435
    ));
#1313 = CARTESIAN_POINT('',(3.929613623203,6.226416665165,0.805646345134
    ));
#1314 = CARTESIAN_POINT('',(3.676604094451,6.198420021406,0.742097410373
    ));
#1315 = CARTESIAN_POINT('',(3.427732883121,6.148554346575,0.680287071778
    ));
#1316 = CARTESIAN_POINT('',(3.184785269482,6.07750146773,0.620648576864)
  );
#1317 = CARTESIAN_POINT('',(2.949447340745,5.986069413511,0.563585962858
    ));
#1318 = CARTESIAN_POINT('',(2.723305463436,5.87517914869,0.509474337844)
  );
#1319 = CARTESIAN_POINT('',(2.507848064523,5.745855849802,0.458660607443
    ));
#1320 = CARTESIAN_POINT('',(2.30446972312,5.599224722754,0.411464647719)
  );
#1321 = CARTESIAN_POINT('',(2.114477571233,5.436511361675,0.368180923796
    ));
#1322 = CARTESIAN_POINT('',(1.631185140037,4.947467330315,0.260431039371
    ));
#1323 = CARTESIAN_POINT('',(1.36828055926,4.590378396436,0.204667947384)
  );
#1324 = CARTESIAN_POINT('',(1.157068259967,4.195430182216,0.163253194508
    ));
#1325 = CARTESIAN_POINT('',(1.002099638091,3.767702554784,0.137186660138
    ));
#1326 = CARTESIAN_POINT('',(0.912040290779,3.327937809543,0.128025385021
    ));
#1327 = CARTESIAN_POINT('',(0.879799250609,2.857803834921,0.134537813174
    ));
#1328 = CARTESIAN_POINT('',(0.924080873405,2.417588113763,0.159598873454
    ));
#1329 = CARTESIAN_POINT('',(1.022652656275,1.954866010053,0.19918901519)
  );
#1330 = CARTESIAN_POINT('',(1.191218419487,1.54174783169,0.255048888555)
  );
#1331 = CARTESIAN_POINT('',(1.414450139305,1.139638060128,0.324484022918
    ));
#1332 = CARTESIAN_POINT('',(1.692746184988,0.785260042624,0.406445869894
    ));
#1333 = CARTESIAN_POINT('',(2.019147652119,0.47415353618,0.499302105453)
  );
#1334 = CARTESIAN_POINT('',(2.386711911984,0.217903275853,0.600922102976
    ));
#1335 = CARTESIAN_POINT('',(2.786915734038,2.220092536535E-02,
    0.708957296753));
#1336 = PCURVE('',#44,#1337);
#1337 = DEFINITIONAL_REPRESENTATION('',(#1338),#1380);
#1338 = B_SPLINE_CURVE_WITH_KNOTS('',14,(#1339,#1340,#1341,#1342,#1343,
    #1344,#1345,#1346,#1347,#1348,#1349,#1350,#1351,#1352,#1353,#1354,
    #1355,#1356,#1357,#1358,#1359,#1360,#1361,#1362,#1363,#1364,#1365,
    #1366,#1367,#1368,#1369,#1370,#1371,#1372,#1373,#1374,#1375,#1376,
    #1377,#1378,#1379),.UNSPECIFIED.,.F.,.F.,(15,13,13,15),(
    0.242473257909,2.083005653995,4.100093829468,7.641546960435),
  .UNSPECIFIED.);
#1339 = CARTESIAN_POINT('',(-1.,-1.075771494636));
#1340 = CARTESIAN_POINT('',(-1.040301505579,-0.821909424579));
#1341 = CARTESIAN_POINT('',(-1.102149771655,-0.572082507209));
#1342 = CARTESIAN_POINT('',(-1.185097773282,-0.328337708757));
#1343 = CARTESIAN_POINT('',(-1.288328938709,-9.273877621473E-02));
#1344 = CARTESIAN_POINT('',(-1.410837548812,0.132808335748));
#1345 = CARTESIAN_POINT('',(-1.551473844493,0.346597056176));
#1346 = CARTESIAN_POINT('',(-1.708932170319,0.547103015425));
#1347 = CARTESIAN_POINT('',(-1.881737407938,0.732960161971));
#1348 = CARTESIAN_POINT('',(-2.068261879845,0.90296011559));
#1349 = CARTESIAN_POINT('',(-2.26678182825,1.056082559466));
#1350 = CARTESIAN_POINT('',(-2.475559501787,1.191542337754));
#1351 = CARTESIAN_POINT('',(-2.692913806495,1.308816790534));
#1352 = CARTESIAN_POINT('',(-2.917219405331,1.407594722233));
#1353 = CARTESIAN_POINT('',(-3.398300907741,1.575209195126));
#1354 = CARTESIAN_POINT('',(-3.656140889072,1.640286697494));
#1355 = CARTESIAN_POINT('',(-3.918008639013,1.682474025643));
#1356 = CARTESIAN_POINT('',(-4.181705658084,1.701707708104));
#1357 = CARTESIAN_POINT('',(-4.445109788754,1.698149653266));
#1358 = CARTESIAN_POINT('',(-4.706185293889,1.672155779871));
#1359 = CARTESIAN_POINT('',(-4.962990551402,1.624249172893));
#1360 = CARTESIAN_POINT('',(-5.213683366296,1.555097764834));
#1361 = CARTESIAN_POINT('',(-5.456523898431,1.465496542293));
#1362 = CARTESIAN_POINT('',(-5.68987520793,1.356354278062));
#1363 = CARTESIAN_POINT('',(-5.912201416429,1.228684788428));
#1364 = CARTESIAN_POINT('',(-6.122063485537,1.083602716004));
#1365 = CARTESIAN_POINT('',(-6.318112611675,0.922323837819));
#1366 = CARTESIAN_POINT('',(-6.816812467774,0.43689193757));
#1367 = CARTESIAN_POINT('',(-7.088098480423,8.172331977863E-02));
#1368 = CARTESIAN_POINT('',(-7.306044254993,-0.311735125783));
#1369 = CARTESIAN_POINT('',(-7.465953296494,-0.738437316679));
#1370 = CARTESIAN_POINT('',(-7.558883747356,-1.177699854826));
#1371 = CARTESIAN_POINT('',(-7.592152636085,-1.647807322958));
#1372 = CARTESIAN_POINT('',(-7.546459309397,-2.088591759886));
#1373 = CARTESIAN_POINT('',(-7.44474504546,-2.552326306317));
#1374 = CARTESIAN_POINT('',(-7.270805383979,-2.966990466065));
#1375 = CARTESIAN_POINT('',(-7.040457008231,-3.371076512389));
#1376 = CARTESIAN_POINT('',(-6.753288848785,-3.727846271299));
#1377 = CARTESIAN_POINT('',(-6.41648166088,-4.041706709651));
#1378 = CARTESIAN_POINT('',(-6.037199405106,-4.301012080589));
#1379 = CARTESIAN_POINT('',(-5.624237033701,-4.5));
#1380 = ( GEOMETRIC_REPRESENTATION_CONTEXT(2) 
PARAMETRIC_REPRESENTATION_CONTEXT() REPRESENTATION_CONTEXT('2D SPACE',''
  ) );
#1381 = PCURVE('',#1382,#1506);
#1382 = ( BOUNDED_SURFACE() B_SPLINE_SURFACE(2,14,(
    (#1383,#1384,#1385,#1386,#1387,#1388,#1389,#1390,#1391,#1392,#1393
      ,#1394,#1395,#1396,#1397,#1398,#1399,#1400,#1401,#1402,#1403,#1404
      ,#1405,#1406,#1407,#1408,#1409,#1410,#1411,#1412,#1413,#1414,#1415
      ,#1416,#1417,#1418,#1419,#1420,#1421,#1422,#1423)
    ,(#1424,#1425,#1426,#1427,#1428,#1429,#1430,#1431,#1432,#1433,#1434
      ,#1435,#1436,#1437,#1438,#1439,#1440,#1441,#1442,#1443,#1444,#1445
      ,#1446,#1447,#1448,#1449,#1450,#1451,#1452,#1453,#1454,#1455,#1456
      ,#1457,#1458,#1459,#1460,#1461,#1462,#1463,#1464)
    ,(#1465,#1466,#1467,#1468,#1469,#1470,#1471,#1472,#1473,#1474,#1475
      ,#1476,#1477,#1478,#1479,#1480,#1481,#1482,#1483,#1484,#1485,#1486
      ,#1487,#1488,#1489,#1490,#1491,#1492,#1493,#1494,#1495,#1496,#1497
      ,#1498,#1499,#1500,#1501,#1502,#1503,#1504,#1505
)),.UNSPECIFIED.,.F.,.F.,.F.) B_SPLINE_SURFACE_WITH_KNOTS((3,3),(15,13,
    13,15),(0.,7.399073702527),(0.242473257909,2.083005653995,
    4.100093829468,7.641546960435),.UNSPECIFIED.) 
GEOMETRIC_REPRESENTATION_ITEM() RATIONAL_B_SPLINE_SURFACE((
    (1.,1.,1.000000000001,0.999999999997,1.000000000006,0.999999999991
      ,1.000000000012,0.999999999988,1.00000000001,0.999999999993
      ,1.000000000004,0.999999999998,1.000000000001,1.,1.,1.
      ,0.999999999999,1.000000000003,0.999999999994,1.000000000009
      ,0.99999999999,1.000000000009,0.999999999993,1.000000000004
      ,0.999999999998,1.000000000001,1.,1.,1.000000000001,0.999999999998
      ,1.000000000005,0.999999999992,1.000000000011,0.999999999988
      ,1.000000000011,0.999999999991,1.000000000005,0.999999999997
      ,1.000000000001,1.,1.)
    ,(0.688947810671,0.68990645652,0.690973782765,0.692145308727
      ,0.693416623604,0.694783106677,0.696239777975,0.697781229953
      ,0.699401597597,0.701094531348,0.70285314394,0.704669909385
      ,0.706536498944,0.708443546058,0.712502921475,0.714661249595
      ,0.716841628531,0.719028953095,0.721206602345,0.723356453437
      ,0.72545901441,0.727493676318,0.729439084087,0.731273626879
      ,0.73297604713,0.73452616902,0.735905745786,0.739195201515
      ,0.740717517401,0.741579858172,0.741723551368,0.741100939797
      ,0.739739532992,0.737606378476,0.734796500854,0.731293139356
      ,0.727310783952,0.722967290528,0.718467305193,0.713969206881
      ,0.709619676023)
    ,(1.,1.,1.000000000001,0.999999999997,1.000000000006,0.999999999991
      ,1.000000000012,0.999999999988,1.00000000001,0.999999999993
      ,1.000000000004,0.999999999998,1.000000000001,1.,1.,1.
      ,0.999999999999,1.000000000003,0.999999999994,1.000000000009
      ,0.99999999999,1.000000000009,0.999999999993,1.000000000004
      ,0.999999999998,1.000000000001,1.,1.,1.000000000001,0.999999999998
      ,1.000000000005,0.999999999992,1.000000000011,0.999999999988
      ,1.000000000011,0.999999999991,1.000000000005,0.999999999997
,1.000000000001,1.,1.))) REPRESENTATION_ITEM('') SURFACE() );
#1383 = CARTESIAN_POINT('',(7.268286103631,3.480450892807,1.741786311656
    ));
#1384 = CARTESIAN_POINT('',(7.22922972057,3.733877454746,1.723905075354)
  );
#1385 = CARTESIAN_POINT('',(7.169292268187,3.98310449977,1.700838248743)
  );
#1386 = CARTESIAN_POINT('',(7.088906960523,4.226089515601,1.672760105306
    ));
#1387 = CARTESIAN_POINT('',(6.988865141149,4.460776070318,1.639936547549
    ));
#1388 = CARTESIAN_POINT('',(6.870141457406,4.685266907267,1.602675169354
    ));
#1389 = CARTESIAN_POINT('',(6.733850146204,4.897865167723,1.561312833917
    ));
#1390 = CARTESIAN_POINT('',(6.581256524742,5.097057308687,1.516219134512
    ));
#1391 = CARTESIAN_POINT('',(6.413790137043,5.281489335723,1.467800486522
    ));
#1392 = CARTESIAN_POINT('',(6.233028373479,5.449966026505,1.416495980488
    ));
#1393 = CARTESIAN_POINT('',(6.040641735804,5.601480871408,1.362762507143
    ));
#1394 = CARTESIAN_POINT('',(5.838314287381,5.735262514844,1.30705304662)
  );
#1395 = CARTESIAN_POINT('',(5.627675184376,5.850801530971,1.249798395373
    ));
#1396 = CARTESIAN_POINT('',(5.41029954878,5.947799424342,1.191408985458)
  );
#1397 = CARTESIAN_POINT('',(4.944081148956,6.111617819241,1.067562464948
    ));
#1398 = CARTESIAN_POINT('',(4.694207181854,6.174672908999,1.00196068519)
  );
#1399 = CARTESIAN_POINT('',(4.4404298848,6.214817945175,0.936082398273)
  );
#1400 = CARTESIAN_POINT('',(4.184879834239,6.232006459858,0.870471583435
    ));
#1401 = CARTESIAN_POINT('',(3.929613623203,6.226416665165,0.805646345134
    ));
#1402 = CARTESIAN_POINT('',(3.676604094451,6.198420021406,0.742097410373
    ));
#1403 = CARTESIAN_POINT('',(3.427732883121,6.148554346575,0.680287071778
    ));
#1404 = CARTESIAN_POINT('',(3.184785269482,6.07750146773,0.620648576864)
  );
#1405 = CARTESIAN_POINT('',(2.949447340745,5.986069413511,0.563585962858
    ));
#1406 = CARTESIAN_POINT('',(2.723305463436,5.87517914869,0.509474337844)
  );
#1407 = CARTESIAN_POINT('',(2.507848064523,5.745855849802,0.458660607443
    ));
#1408 = CARTESIAN_POINT('',(2.30446972312,5.599224722754,0.411464647719)
  );
#1409 = CARTESIAN_POINT('',(2.114477571233,5.436511361675,0.368180923796
    ));
#1410 = CARTESIAN_POINT('',(1.631185140037,4.947467330315,0.260431039371
    ));
#1411 = CARTESIAN_POINT('',(1.36828055926,4.590378396436,0.204667947384)
  );
#1412 = CARTESIAN_POINT('',(1.157068259967,4.195430182216,0.163253194508
    ));
#1413 = CARTESIAN_POINT('',(1.002099638091,3.767702554784,0.137186660138
    ));
#1414 = CARTESIAN_POINT('',(0.912040290779,3.327937809543,0.128025385021
    ));
#1415 = CARTESIAN_POINT('',(0.879799250609,2.857803834921,0.134537813174
    ));
#1416 = CARTESIAN_POINT('',(0.924080873405,2.417588113763,0.159598873454
    ));
#1417 = CARTESIAN_POINT('',(1.022652656275,1.954866010053,0.19918901519)
  );
#1418 = CARTESIAN_POINT('',(1.191218419487,1.54174783169,0.255048888555)
  );
#1419 = CARTESIAN_POINT('',(1.414450139305,1.139638060128,0.324484022918
    ));
#1420 = CARTESIAN_POINT('',(1.692746184988,0.785260042624,0.406445869894
    ));
#1421 = CARTESIAN_POINT('',(2.019147652119,0.47415353618,0.499302105453)
  );
#1422 = CARTESIAN_POINT('',(2.386711911984,0.217903275853,0.600922102976
    ));
#1423 = CARTESIAN_POINT('',(2.786915734038,2.220092536535E-02,
    0.708957296753));
#1424 = CARTESIAN_POINT('',(5.753290160311,3.252952858956,1.36313601144)
  );
#1425 = CARTESIAN_POINT('',(5.734089019427,3.388606364271,1.353998710349
    ));
#1426 = CARTESIAN_POINT('',(5.703708416487,3.522403788131,1.342072824953
    ));
#1427 = CARTESIAN_POINT('',(5.662361268654,3.653256621787,1.327446658433
    ));
#1428 = CARTESIAN_POINT('',(5.610356069699,3.780134239885,1.310231038709
    ));
#1429 = CARTESIAN_POINT('',(5.548113472724,3.902045620248,1.290564113499
    ));
#1430 = CARTESIAN_POINT('',(5.476163547132,4.018048743406,1.268610357425
    ));
#1431 = CARTESIAN_POINT('',(5.395131941705,4.127270990081,1.244556409987
    ));
#1432 = CARTESIAN_POINT('',(5.305721498746,4.228928628711,1.218605783432
    ));
#1433 = CARTESIAN_POINT('',(5.208694147912,4.322338217959,1.190973895364
    ));
#1434 = CARTESIAN_POINT('',(5.104856192878,4.40691741199,1.161884296782)
  );
#1435 = CARTESIAN_POINT('',(4.995048398456,4.482177206672,1.131566390855
    ));
#1436 = CARTESIAN_POINT('',(4.880140620042,4.547712094711,1.100254373559
    ));
#1437 = CARTESIAN_POINT('',(4.761029094075,4.603198883912,1.068186580802
    ));
#1438 = CARTESIAN_POINT('',(4.505259994652,4.697694753476,1.00009911604)
  );
#1439 = CARTESIAN_POINT('',(4.368002674415,4.734767083107,0.963987375325
    ));
#1440 = CARTESIAN_POINT('',(4.22803111719,4.759369725195,0.927574975801)
  );
#1441 = CARTESIAN_POINT('',(4.086515469592,4.771352265448,0.891164590574
    ));
#1442 = CARTESIAN_POINT('',(3.944621343206,4.770680964771,0.855054084293
    ));
#1443 = CARTESIAN_POINT('',(3.803503596687,4.75743798988,0.819534953929)
  );
#1444 = CARTESIAN_POINT('',(3.664298723487,4.731819248502,0.784890458198
    ));
#1445 = CARTESIAN_POINT('',(3.528116095883,4.69413101025,0.751393493798)
  );
#1446 = CARTESIAN_POINT('',(3.396028273931,4.644785555267,0.71930426393)
  );
#1447 = CARTESIAN_POINT('',(3.269060530227,4.584296139213,0.688867768642
    ));
#1448 = CARTESIAN_POINT('',(3.148179666937,4.513271598994,0.660311126082
    ));
#1449 = CARTESIAN_POINT('',(3.034282118473,4.432410940754,0.633840712535
    ));
#1450 = CARTESIAN_POINT('',(2.928181239236,4.342498255321,0.609639084588
    ));
#1451 = CARTESIAN_POINT('',(2.66001890002,4.072928144672,0.549796528514)
  );
#1452 = CARTESIAN_POINT('',(2.515045917796,3.8759985654,0.519047838852)
  );
#1453 = CARTESIAN_POINT('',(2.399643216446,3.657834183931,0.496493809409
    ));
#1454 = CARTESIAN_POINT('',(2.316966463801,3.423865091134,0.482767947979
    ));
#1455 = CARTESIAN_POINT('',(2.269419360393,3.177743246408,0.478367965474
    ));
#1456 = CARTESIAN_POINT('',(2.258201463572,2.93028546072,0.483260586546)
  );
#1457 = CARTESIAN_POINT('',(2.283454639394,2.677646335533,0.497602353814
    ));
#1458 = CARTESIAN_POINT('',(2.345096118948,2.438705703349,0.520780971233
    ));
#1459 = CARTESIAN_POINT('',(2.441335875774,2.205850507301,0.552579033485
    ));
#1460 = CARTESIAN_POINT('',(2.569611343908,1.994972170774,0.591846377581
    ));
#1461 = CARTESIAN_POINT('',(2.726615564817,1.804447298887,0.637791765172
    ));
#1462 = CARTESIAN_POINT('',(2.908502701489,1.640973816962,0.689226158119
    ));
#1463 = CARTESIAN_POINT('',(3.111073532834,1.507127656607,0.744999613333
    ));
#1464 = CARTESIAN_POINT('',(3.329638795254,1.405905266613,0.803824236213
    ));
#1465 = CARTESIAN_POINT('',(5.441370974313,3.312293123124,2.908946241704
    ));
#1466 = CARTESIAN_POINT('',(5.418112822181,3.453375913644,2.894514778077
    ));
#1467 = CARTESIAN_POINT('',(5.382914979467,3.591739778768,2.876658235964
    ));
#1468 = CARTESIAN_POINT('',(5.336127604116,3.726127542684,2.855522012487
    ));
#1469 = CARTESIAN_POINT('',(5.278229114487,3.855367656161,2.831281013881
    ));
#1470 = CARTESIAN_POINT('',(5.209834033381,3.978365359416,2.804143173698
    ));
#1471 = CARTESIAN_POINT('',(5.131682502789,4.094116815034,2.774347039403
    ));
#1472 = CARTESIAN_POINT('',(5.044618795047,4.201731256911,2.742155968232
    ));
#1473 = CARTESIAN_POINT('',(4.949564848248,4.300450401593,2.707850982986
    ));
#1474 = CARTESIAN_POINT('',(4.847493554696,4.389658572003,2.671723850029
    ));
#1475 = CARTESIAN_POINT('',(4.739405234098,4.468881182528,2.634071451202
    ));
#1476 = CARTESIAN_POINT('',(4.626309423407,4.537773439157,2.595192033014
    ));
#1477 = CARTESIAN_POINT('',(4.509212818558,4.596105306982,2.555383426187
    ));
#1478 = CARTESIAN_POINT('',(4.389112903618,4.643753001565,2.514942839779
    ));
#1479 = CARTESIAN_POINT('',(4.133163816611,4.72121521402,2.429480399572)
  );
#1480 = CARTESIAN_POINT('',(3.996904123137,4.748880729242,2.384389811671
    ));
#1481 = CARTESIAN_POINT('',(3.859501188319,4.763697945346,2.339281822958
    ));
#1482 = CARTESIAN_POINT('',(3.722191898831,4.765815393113,2.294532388035
    ));
#1483 = CARTESIAN_POINT('',(3.586150109938,4.75552139762,2.250504743206)
  );
#1484 = CARTESIAN_POINT('',(3.452474190878,4.733225651939,2.207547011815
    ));
#1485 = CARTESIAN_POINT('',(3.322177270769,4.699441163054,2.165989845696
    ));
#1486 = CARTESIAN_POINT('',(3.196180184916,4.654766568081,2.126144102544
    ));
#1487 = CARTESIAN_POINT('',(3.075307121596,4.599868823368,2.088298559412
    ));
#1488 = CARTESIAN_POINT('',(2.960283969348,4.535466263511,2.05271766216)
  );
#1489 = CARTESIAN_POINT('',(2.851739364623,4.462312033206,2.019639310961
    ));
#1490 = CARTESIAN_POINT('',(2.750208440014,4.381177889476,1.989272681834
    ));
#1491 = CARTESIAN_POINT('',(2.656139272839,4.292838376035,1.961796084186
    ));
#1492 = CARTESIAN_POINT('',(2.418493116056,4.031642426523,1.894442764169
    ));
#1493 = CARTESIAN_POINT('',(2.291226182027,3.845377464252,1.86088880015)
  );
#1494 = CARTESIAN_POINT('',(2.190113845575,3.643281321113,1.837500623892
    ));
#1495 = CARTESIAN_POINT('',(2.11647918707,3.430212629537,1.824754169332)
  );
#1496 = CARTESIAN_POINT('',(2.070698562552,3.206734747489,1.822958422238
    ));
#1497 = CARTESIAN_POINT('',(2.054130867565,2.984554027288,1.831965696513
    ));
#1498 = CARTESIAN_POINT('',(2.065202631464,2.751251731444,1.85188872793)
  );
#1499 = CARTESIAN_POINT('',(2.107281943216,2.530804059517,1.882373894556
    ));
#1500 = CARTESIAN_POINT('',(2.178428351122,2.306085762882,1.923481333249
    ));
#1501 = CARTESIAN_POINT('',(2.280682571294,2.097831111503,1.974048368342
    ));
#1502 = CARTESIAN_POINT('',(2.412589368546,1.901724893238,2.033272260193
    ));
#1503 = CARTESIAN_POINT('',(2.572922547059,1.727281087877,2.099608088131
    ));
#1504 = CARTESIAN_POINT('',(2.758810483683,1.57862841889,2.171495228624)
  );
#1505 = CARTESIAN_POINT('',(2.966163454796,1.460932340643,2.247099490408
    ));
#1506 = DEFINITIONAL_REPRESENTATION('',(#1507),#1511);
#1507 = LINE('',#1508,#1509);
#1508 = CARTESIAN_POINT('',(0.,0.));
#1509 = VECTOR('',#1510,1.);
#1510 = DIRECTION('',(0.,1.));
#1511 = ( GEOMETRIC_REPRESENTATION_CONTEXT(2) 
PARAMETRIC_REPRESENTATION_CONTEXT() REPRESENTATION_CONTEXT('2D SPACE',''
  ) );
#1512 = ORIENTED_EDGE('',*,*,#1513,.T.);
#1513 = EDGE_CURVE('',#1291,#1514,#1516,.T.);
#1514 = VERTEX_POINT('',#1515);
#1515 = CARTESIAN_POINT('',(7.268286103631,4.355793302235,1.714375053475
    ));
#1516 = SURFACE_CURVE('',#1517,(#1521,#1528),.PCURVE_S1.);
#1517 = LINE('',#1518,#1519);
#1518 = CARTESIAN_POINT('',(7.268286103631,3.856038277786,1.730024831042
    ));
#1519 = VECTOR('',#1520,1.);
#1520 = DIRECTION('',(0.,0.999510048898,-3.129955513418E-02));
#1521 = PCURVE('',#44,#1522);
#1522 = DEFINITIONAL_REPRESENTATION('',(#1523),#1527);
#1523 = LINE('',#1524,#1525);
#1524 = CARTESIAN_POINT('',(-1.,-0.7));
#1525 = VECTOR('',#1526,1.);
#1526 = DIRECTION('',(0.,1.));
#1527 = ( GEOMETRIC_REPRESENTATION_CONTEXT(2) 
PARAMETRIC_REPRESENTATION_CONTEXT() REPRESENTATION_CONTEXT('2D SPACE',''
  ) );
#1528 = PCURVE('',#1529,#1534);
#1529 = CYLINDRICAL_SURFACE('',#1530,104.60250594613);
#1530 = AXIS2_PLACEMENT_3D('',#1531,#1532,#1533);
#1531 = CARTESIAN_POINT('',(-94.10250594613,3.048505649139,
    -24.05746555612));
#1532 = DIRECTION('',(0.,0.999510048898,-3.129955513418E-02));
#1533 = DIRECTION('',(0.969104813817,7.720012263015E-03,0.24652841874));
#1534 = DEFINITIONAL_REPRESENTATION('',(#1535),#1539);
#1535 = LINE('',#1536,#1537);
#1536 = CARTESIAN_POINT('',(0.,0.));
#1537 = VECTOR('',#1538,1.);
#1538 = DIRECTION('',(0.,1.));
#1539 = ( GEOMETRIC_REPRESENTATION_CONTEXT(2) 
PARAMETRIC_REPRESENTATION_CONTEXT() REPRESENTATION_CONTEXT('2D SPACE',''
  ) );
#1540 = ORIENTED_EDGE('',*,*,#1541,.T.);
#1541 = EDGE_CURVE('',#1514,#1542,#1544,.T.);
#1542 = VERTEX_POINT('',#1543);
#1543 = CARTESIAN_POINT('',(14.052019800353,4.409833388076,
    3.440073984656));
#1544 = SURFACE_CURVE('',#1545,(#1549,#1556),.PCURVE_S1.);
#1545 = LINE('',#1546,#1547);
#1546 = CARTESIAN_POINT('',(10.660152951992,4.382813345155,
    2.577224519065));
#1547 = VECTOR('',#1548,1.);
#1548 = DIRECTION('',(0.969104813817,7.720012263015E-03,0.24652841874));
#1549 = PCURVE('',#44,#1550);
#1550 = DEFINITIONAL_REPRESENTATION('',(#1551),#1555);
#1551 = LINE('',#1552,#1553);
#1552 = CARTESIAN_POINT('',(2.5,-0.2));
#1553 = VECTOR('',#1554,1.);
#1554 = DIRECTION('',(1.,0.));
#1555 = ( GEOMETRIC_REPRESENTATION_CONTEXT(2) 
PARAMETRIC_REPRESENTATION_CONTEXT() REPRESENTATION_CONTEXT('2D SPACE',''
  ) );
#1556 = PCURVE('',#1557,#1562);
#1557 = PLANE('',#1558);
#1558 = AXIS2_PLACEMENT_3D('',#1559,#1560,#1561);
#1559 = CARTESIAN_POINT('',(-94.10250594613,3.548260673588,
    -24.07311533368));
#1560 = DIRECTION('',(0.,0.999510048898,-3.129955513418E-02));
#1561 = DIRECTION('',(0.969104813817,7.720012263015E-03,0.24652841874));
#1562 = DEFINITIONAL_REPRESENTATION('',(#1563),#1567);
#1563 = LINE('',#1564,#1565);
#1564 = CARTESIAN_POINT('',(108.10250594613,-2.274691239273E-15));
#1565 = VECTOR('',#1566,1.);
#1566 = DIRECTION('',(1.,-1.780441501961E-17));
#1567 = ( GEOMETRIC_REPRESENTATION_CONTEXT(2) 
PARAMETRIC_REPRESENTATION_CONTEXT() REPRESENTATION_CONTEXT('2D SPACE',''
  ) );
#1568 = ORIENTED_EDGE('',*,*,#1569,.F.);
#1569 = EDGE_CURVE('',#1570,#1542,#1572,.T.);
#1570 = VERTEX_POINT('',#1571);
#1571 = CARTESIAN_POINT('',(14.052019800353,3.410323339178,3.47137353979
    ));
#1572 = SURFACE_CURVE('',#1573,(#1577,#1584),.PCURVE_S1.);
#1573 = LINE('',#1574,#1575);
#1574 = CARTESIAN_POINT('',(14.052019800353,3.910078363627,
    3.455723762223));
#1575 = VECTOR('',#1576,1.);
#1576 = DIRECTION('',(0.,0.999510048898,-3.129955513418E-02));
#1577 = PCURVE('',#44,#1578);
#1578 = DEFINITIONAL_REPRESENTATION('',(#1579),#1583);
#1579 = LINE('',#1580,#1581);
#1580 = CARTESIAN_POINT('',(6.,-0.7));
#1581 = VECTOR('',#1582,1.);
#1582 = DIRECTION('',(0.,1.));
#1583 = ( GEOMETRIC_REPRESENTATION_CONTEXT(2) 
PARAMETRIC_REPRESENTATION_CONTEXT() REPRESENTATION_CONTEXT('2D SPACE',''
  ) );
#1584 = PCURVE('',#1585,#1590);
#1585 = CYLINDRICAL_SURFACE('',#1586,111.60250594613);
#1586 = AXIS2_PLACEMENT_3D('',#1587,#1588,#1589);
#1587 = CARTESIAN_POINT('',(-94.10250594613,3.048505649139,
    -24.05746555612));
#1588 = DIRECTION('',(0.,0.999510048898,-3.129955513418E-02));
#1589 = DIRECTION('',(0.969104813817,7.720012263015E-03,0.24652841874));
#1590 = DEFINITIONAL_REPRESENTATION('',(#1591),#1595);
#1591 = LINE('',#1592,#1593);
#1592 = CARTESIAN_POINT('',(0.,0.));
#1593 = VECTOR('',#1594,1.);
#1594 = DIRECTION('',(0.,1.));
#1595 = ( GEOMETRIC_REPRESENTATION_CONTEXT(2) 
PARAMETRIC_REPRESENTATION_CONTEXT() REPRESENTATION_CONTEXT('2D SPACE',''
  ) );
#1596 = ORIENTED_EDGE('',*,*,#1597,.F.);
#1597 = EDGE_CURVE('',#1598,#1570,#1600,.T.);
#1598 = VERTEX_POINT('',#1599);
#1599 = CARTESIAN_POINT('',(7.285019791277,3.356416556022,1.749931454201
    ));
#1600 = SURFACE_CURVE('',#1601,(#1605,#1612),.PCURVE_S1.);
#1601 = LINE('',#1602,#1603);
#1602 = CARTESIAN_POINT('',(10.660152951992,3.383303296257,
    2.608524074199));
#1603 = VECTOR('',#1604,1.);
#1604 = DIRECTION('',(0.969104813817,7.720012263015E-03,0.24652841874));
#1605 = PCURVE('',#44,#1606);
#1606 = DEFINITIONAL_REPRESENTATION('',(#1607),#1611);
#1607 = LINE('',#1608,#1609);
#1608 = CARTESIAN_POINT('',(2.5,-1.2));
#1609 = VECTOR('',#1610,1.);
#1610 = DIRECTION('',(1.,0.));
#1611 = ( GEOMETRIC_REPRESENTATION_CONTEXT(2) 
PARAMETRIC_REPRESENTATION_CONTEXT() REPRESENTATION_CONTEXT('2D SPACE',''
  ) );
#1612 = PCURVE('',#1613,#1618);
#1613 = PLANE('',#1614);
#1614 = AXIS2_PLACEMENT_3D('',#1615,#1616,#1617);
#1615 = CARTESIAN_POINT('',(-94.10250594613,2.54875062469,
    -24.04181577855));
#1616 = DIRECTION('',(0.,0.999510048898,-3.129955513418E-02));
#1617 = DIRECTION('',(0.969104813817,7.720012263015E-03,0.24652841874));
#1618 = DEFINITIONAL_REPRESENTATION('',(#1619),#1623);
#1619 = LINE('',#1620,#1621);
#1620 = CARTESIAN_POINT('',(108.10250594613,-2.274691239273E-15));
#1621 = VECTOR('',#1622,1.);
#1622 = DIRECTION('',(1.,-1.780441501961E-17));
#1623 = ( GEOMETRIC_REPRESENTATION_CONTEXT(2) 
PARAMETRIC_REPRESENTATION_CONTEXT() REPRESENTATION_CONTEXT('2D SPACE',''
  ) );
#1624 = ORIENTED_EDGE('',*,*,#1625,.F.);
#1625 = EDGE_CURVE('',#1626,#1598,#1628,.T.);
#1626 = VERTEX_POINT('',#1627);
#1627 = CARTESIAN_POINT('',(7.306767126938,2.920807168789,1.769110199107
    ));
#1628 = SURFACE_CURVE('',#1629,(#1634,#1642),.PCURVE_S1.);
#1629 = ( BOUNDED_CURVE() B_SPLINE_CURVE(3,(#1630,#1631,#1632,#1633),
.UNSPECIFIED.,.F.,.F.) B_SPLINE_CURVE_WITH_KNOTS((4,4),(
-4.45636393836E-02,0.178352956031),.PIECEWISE_BEZIER_KNOTS.) CURVE() 
GEOMETRIC_REPRESENTATION_ITEM() RATIONAL_B_SPLINE_CURVE((1.,1.,1.,1.)) 
REPRESENTATION_ITEM('') );
#1630 = CARTESIAN_POINT('',(7.306767126938,2.920807168789,1.769110199107
    ));
#1631 = CARTESIAN_POINT('',(7.309019982727,3.066531851283,1.765120506522
    ));
#1632 = CARTESIAN_POINT('',(7.301720446372,3.212218604203,1.758699606975
    ));
#1633 = CARTESIAN_POINT('',(7.285019791277,3.356416556022,1.749931454201
    ));
#1634 = PCURVE('',#44,#1635);
#1635 = DEFINITIONAL_REPRESENTATION('',(#1636),#1641);
#1636 = B_SPLINE_CURVE_WITH_KNOTS('',3,(#1637,#1638,#1639,#1640),
  .UNSPECIFIED.,.F.,.F.,(4,4),(-4.45636393836E-02,0.178352956031),
  .PIECEWISE_BEZIER_KNOTS.);
#1637 = CARTESIAN_POINT('',(-0.960292196718,-1.635996246117));
#1638 = CARTESIAN_POINT('',(-0.957967519596,-1.490218085989));
#1639 = CARTESIAN_POINT('',(-0.965499766109,-1.344401741155));
#1640 = CARTESIAN_POINT('',(-0.982732840238,-1.2));
#1641 = ( GEOMETRIC_REPRESENTATION_CONTEXT(2) 
PARAMETRIC_REPRESENTATION_CONTEXT() REPRESENTATION_CONTEXT('2D SPACE',''
  ) );
#1642 = PCURVE('',#1643,#1656);
#1643 = ( BOUNDED_SURFACE() B_SPLINE_SURFACE(2,3,(
    (#1644,#1645,#1646,#1647)
    ,(#1648,#1649,#1650,#1651)
    ,(#1652,#1653,#1654,#1655
)),.UNSPECIFIED.,.F.,.F.,.F.) B_SPLINE_SURFACE_WITH_KNOTS((3,3),(4,4),(
    0.,0.222916595414),(-4.45636393836E-02,0.178352956031),
.PIECEWISE_BEZIER_KNOTS.) GEOMETRIC_REPRESENTATION_ITEM() 
RATIONAL_B_SPLINE_SURFACE((
    (1.,1.,1.,1.)
    ,(0.687101189739,0.687513896628,0.687978529032,0.688492316164)
,(1.,1.,1.,1.))) REPRESENTATION_ITEM('') SURFACE() );
#1644 = CARTESIAN_POINT('',(7.306767126938,2.920807168789,1.769110199107
    ));
#1645 = CARTESIAN_POINT('',(7.309019982727,3.066531851283,1.765120506522
    ));
#1646 = CARTESIAN_POINT('',(7.301720446372,3.212218604203,1.758699606975
    ));
#1647 = CARTESIAN_POINT('',(7.285019791277,3.356416556022,1.749931454201
    ));
#1648 = CARTESIAN_POINT('',(5.770251568849,2.953803751766,1.37682284136)
  );
#1649 = CARTESIAN_POINT('',(5.772370187647,3.031457849921,1.374930590437
    ));
#1650 = CARTESIAN_POINT('',(5.769420803154,3.109259930759,1.371743203107
    ));
#1651 = CARTESIAN_POINT('',(5.761427008633,3.186510972161,1.367288576899
    ));
#1652 = CARTESIAN_POINT('',(5.465351926778,3.,2.932702117107));
#1653 = CARTESIAN_POINT('',(5.466156044019,3.081481201363,2.928598769062
    ));
#1654 = CARTESIAN_POINT('',(5.461464133069,3.162831551651,2.922877457491
    ));
#1655 = CARTESIAN_POINT('',(5.451391296949,3.243201490337,2.915604594039
    ));
#1656 = DEFINITIONAL_REPRESENTATION('',(#1657),#1661);
#1657 = LINE('',#1658,#1659);
#1658 = CARTESIAN_POINT('',(0.,0.));
#1659 = VECTOR('',#1660,1.);
#1660 = DIRECTION('',(0.,1.));
#1661 = ( GEOMETRIC_REPRESENTATION_CONTEXT(2) 
PARAMETRIC_REPRESENTATION_CONTEXT() REPRESENTATION_CONTEXT('2D SPACE',''
  ) );
#1662 = ORIENTED_EDGE('',*,*,#1663,.F.);
#1663 = EDGE_CURVE('',#791,#1626,#1664,.T.);
#1664 = SURFACE_CURVE('',#1665,(#1675,#1688),.PCURVE_S1.);
#1665 = ( BOUNDED_CURVE() B_SPLINE_CURVE(8,(#1666,#1667,#1668,#1669,
    #1670,#1671,#1672,#1673,#1674),.UNSPECIFIED.,.F.,.F.) 
B_SPLINE_CURVE_WITH_KNOTS((9,9),(9.214944298119,11.046755068165),
.PIECEWISE_BEZIER_KNOTS.) CURVE() GEOMETRIC_REPRESENTATION_ITEM() 
RATIONAL_B_SPLINE_CURVE((1.,1.,1.,1.,1.,1.,1.,1.,1.)) 
REPRESENTATION_ITEM('') );
#1666 = CARTESIAN_POINT('',(5.535244412268,4.409446133402E-02,
    1.408098518179));
#1667 = CARTESIAN_POINT('',(5.918270327312,0.2383121507,1.499549270975)
  );
#1668 = CARTESIAN_POINT('',(6.275792627141,0.495050538317,1.582548024429
    ));
#1669 = CARTESIAN_POINT('',(6.595870707461,0.810203133262,1.654182850425
    ));
#1670 = CARTESIAN_POINT('',(6.866923574589,1.177994302818,1.711685660102
    ));
#1671 = CARTESIAN_POINT('',(7.078425881171,1.585363810298,1.752785288094
    ));
#1672 = CARTESIAN_POINT('',(7.223952445385,2.022272877648,1.776160007175
    ));
#1673 = CARTESIAN_POINT('',(7.299824835094,2.471749009237,1.781404643527
    ));
#1674 = CARTESIAN_POINT('',(7.306767126938,2.920807168789,1.769110199107
    ));
#1675 = PCURVE('',#44,#1676);
#1676 = DEFINITIONAL_REPRESENTATION('',(#1677),#1687);
#1677 = B_SPLINE_CURVE_WITH_KNOTS('',8,(#1678,#1679,#1680,#1681,#1682,
    #1683,#1684,#1685,#1686),.UNSPECIFIED.,.F.,.F.,(9,9),(9.214944298119
    ,11.046755068165),.PIECEWISE_BEZIER_KNOTS.);
#1678 = CARTESIAN_POINT('',(-2.788291283516,-4.5));
#1679 = CARTESIAN_POINT('',(-2.393054453007,-4.308739835684));
#1680 = CARTESIAN_POINT('',(-2.024134296249,-4.054725061383));
#1681 = CARTESIAN_POINT('',(-1.693852085535,-3.741969013984));
#1682 = CARTESIAN_POINT('',(-1.414158018121,-3.376157856479));
#1683 = CARTESIAN_POINT('',(-1.195912990785,-2.97027434021));
#1684 = CARTESIAN_POINT('',(-1.045747020976,-2.534310955248));
#1685 = CARTESIAN_POINT('',(-0.967455809719,-2.085219199769));
#1686 = CARTESIAN_POINT('',(-0.960292196718,-1.635996246117));
#1687 = ( GEOMETRIC_REPRESENTATION_CONTEXT(2) 
PARAMETRIC_REPRESENTATION_CONTEXT() REPRESENTATION_CONTEXT('2D SPACE',''
  ) );
#1688 = PCURVE('',#1689,#1717);
#1689 = ( BOUNDED_SURFACE() B_SPLINE_SURFACE(2,8,(
    (#1690,#1691,#1692,#1693,#1694,#1695,#1696,#1697,#1698)
    ,(#1699,#1700,#1701,#1702,#1703,#1704,#1705,#1706,#1707)
    ,(#1708,#1709,#1710,#1711,#1712,#1713,#1714,#1715,#1716
)),.UNSPECIFIED.,.F.,.F.,.F.) B_SPLINE_SURFACE_WITH_KNOTS((3,3),(9,9),(
    0.,1.831810770046),(9.214944298119,11.046755068165),
.PIECEWISE_BEZIER_KNOTS.) GEOMETRIC_REPRESENTATION_ITEM() 
RATIONAL_B_SPLINE_SURFACE((
    (1.,1.,1.,1.,1.,1.,1.,1.,1.)
    ,(0.688734202627,0.686931970011,0.685601236785,0.68475026443
      ,0.684369603964,0.68443763463,0.68493292272,0.685829412079
      ,0.687101189739)
,(1.,1.,1.,1.,1.,1.,1.,1.,1.))) REPRESENTATION_ITEM('') SURFACE() );
#1690 = CARTESIAN_POINT('',(5.535244412268,4.409446133402E-02,
    1.408098518179));
#1691 = CARTESIAN_POINT('',(5.918270327312,0.2383121507,1.499549270975)
  );
#1692 = CARTESIAN_POINT('',(6.275792627141,0.495050538317,1.582548024429
    ));
#1693 = CARTESIAN_POINT('',(6.595870707461,0.810203133262,1.654182850425
    ));
#1694 = CARTESIAN_POINT('',(6.866923574589,1.177994302818,1.711685660102
    ));
#1695 = CARTESIAN_POINT('',(7.078425881171,1.585363810298,1.752785288094
    ));
#1696 = CARTESIAN_POINT('',(7.223952445385,2.022272877648,1.776160007175
    ));
#1697 = CARTESIAN_POINT('',(7.299824835094,2.471749009237,1.781404643527
    ));
#1698 = CARTESIAN_POINT('',(7.306767126938,2.920807168789,1.769110199107
    ));
#1699 = CARTESIAN_POINT('',(4.814186162302,1.430392358525,1.18107846208)
  );
#1700 = CARTESIAN_POINT('',(5.019450880583,1.534126532927,1.230098077289
    ));
#1701 = CARTESIAN_POINT('',(5.210401345242,1.67023454985,1.274458966962)
  );
#1702 = CARTESIAN_POINT('',(5.381209586341,1.836593614843,1.312743588041
    ));
#1703 = CARTESIAN_POINT('',(5.526292458594,2.029819175258,1.343636250769
    ));
#1704 = CARTESIAN_POINT('',(5.640588929519,2.244766401829,1.366009337632
    ));
#1705 = CARTESIAN_POINT('',(5.720397066434,2.475218239265,1.379114885179
    ));
#1706 = CARTESIAN_POINT('',(5.763706900095,2.713920885437,1.382668232473
    ));
#1707 = CARTESIAN_POINT('',(5.770251568849,2.953803751766,1.37682284136)
  );
#1708 = CARTESIAN_POINT('',(4.462219520647,1.407121067094,2.720189535273
    ));
#1709 = CARTESIAN_POINT('',(4.677835254485,1.508581537855,2.779604856861
    ));
#1710 = CARTESIAN_POINT('',(4.88059575988,1.646820823916,2.832560512828)
  );
#1711 = CARTESIAN_POINT('',(5.063008849522,1.819901472218,2.877195185613
    ));
#1712 = CARTESIAN_POINT('',(5.217750753187,2.023905256777,2.911820955927
    ));
#1713 = CARTESIAN_POINT('',(5.338400280309,2.252160859557,2.935107891034
    ));
#1714 = CARTESIAN_POINT('',(5.420721307056,2.496858093228,2.946310296093
    ));
#1715 = CARTESIAN_POINT('',(5.462873997837,2.748911456208,2.945346796715
    ));
#1716 = CARTESIAN_POINT('',(5.465351926778,3.,2.932702117107));
#1717 = DEFINITIONAL_REPRESENTATION('',(#1718),#1722);
#1718 = LINE('',#1719,#1720);
#1719 = CARTESIAN_POINT('',(0.,0.));
#1720 = VECTOR('',#1721,1.);
#1721 = DIRECTION('',(0.,1.));
#1722 = ( GEOMETRIC_REPRESENTATION_CONTEXT(2) 
PARAMETRIC_REPRESENTATION_CONTEXT() REPRESENTATION_CONTEXT('2D SPACE',''
  ) );
#1723 = ORIENTED_EDGE('',*,*,#790,.T.);
#1724 = ORIENTED_EDGE('',*,*,#1725,.T.);
#1725 = EDGE_CURVE('',#762,#1726,#1728,.T.);
#1726 = VERTEX_POINT('',#1727);
#1727 = CARTESIAN_POINT('',(16.474781834896,1.630505281818,
    4.144033785882));
#1728 = SURFACE_CURVE('',#1729,(#1734,#1741),.PCURVE_S1.);
#1729 = CIRCLE('',#1730,1.5);
#1730 = AXIS2_PLACEMENT_3D('',#1731,#1732,#1733);
#1731 = CARTESIAN_POINT('',(15.02112461417,1.618925263424,3.774241157772
    ));
#1732 = DIRECTION('',(-0.246649264819,3.033254955087E-02,0.968629999846)
  );
#1733 = DIRECTION('',(-0.969104813817,-7.720012263015E-03,-0.24652841874
    ));
#1734 = PCURVE('',#44,#1735);
#1735 = DEFINITIONAL_REPRESENTATION('',(#1736),#1740);
#1736 = ( BOUNDED_CURVE() B_SPLINE_CURVE(2,(#1737,#1738,#1739),
.UNSPECIFIED.,.F.,.F.) B_SPLINE_CURVE_WITH_KNOTS((3,3),(1.570796326795,
3.14159265359),.PIECEWISE_BEZIER_KNOTS.) CURVE() 
GEOMETRIC_REPRESENTATION_ITEM() RATIONAL_B_SPLINE_CURVE((1.,
0.707106781187,1.)) REPRESENTATION_ITEM('') );
#1737 = CARTESIAN_POINT('',(7.,-4.5));
#1738 = CARTESIAN_POINT('',(8.5,-4.5));
#1739 = CARTESIAN_POINT('',(8.5,-3.));
#1740 = ( GEOMETRIC_REPRESENTATION_CONTEXT(2) 
PARAMETRIC_REPRESENTATION_CONTEXT() REPRESENTATION_CONTEXT('2D SPACE',''
  ) );
#1741 = PCURVE('',#778,#1742);
#1742 = DEFINITIONAL_REPRESENTATION('',(#1743),#1746);
#1743 = B_SPLINE_CURVE_WITH_KNOTS('',1,(#1744,#1745),.UNSPECIFIED.,.F.,
  .F.,(2,2),(1.570796326795,3.14159265359),.PIECEWISE_BEZIER_KNOTS.);
#1744 = CARTESIAN_POINT('',(1.817642135431E-17,4.712388980385));
#1745 = CARTESIAN_POINT('',(1.817642135431E-17,6.28318530718));
#1746 = ( GEOMETRIC_REPRESENTATION_CONTEXT(2) 
PARAMETRIC_REPRESENTATION_CONTEXT() REPRESENTATION_CONTEXT('2D SPACE',''
  ) );
#1747 = ORIENTED_EDGE('',*,*,#1748,.T.);
#1748 = EDGE_CURVE('',#1726,#1749,#1751,.T.);
#1749 = VERTEX_POINT('',#1750);
#1750 = CARTESIAN_POINT('',(16.474781834896,8.127320599657,3.94058667751
    ));
#1751 = SURFACE_CURVE('',#1752,(#1756,#1763),.PCURVE_S1.);
#1752 = LINE('',#1753,#1754);
#1753 = CARTESIAN_POINT('',(16.474781834896,4.629035428513,4.05013512048
    ));
#1754 = VECTOR('',#1755,1.);
#1755 = DIRECTION('',(0.,0.999510048898,-3.129955513418E-02));
#1756 = PCURVE('',#44,#1757);
#1757 = DEFINITIONAL_REPRESENTATION('',(#1758),#1762);
#1758 = LINE('',#1759,#1760);
#1759 = CARTESIAN_POINT('',(8.5,0.));
#1760 = VECTOR('',#1761,1.);
#1761 = DIRECTION('',(0.,1.));
#1762 = ( GEOMETRIC_REPRESENTATION_CONTEXT(2) 
PARAMETRIC_REPRESENTATION_CONTEXT() REPRESENTATION_CONTEXT('2D SPACE',''
  ) );
#1763 = PCURVE('',#1764,#1769);
#1764 = CYLINDRICAL_SURFACE('',#1765,114.10250594613);
#1765 = AXIS2_PLACEMENT_3D('',#1766,#1767,#1768);
#1766 = CARTESIAN_POINT('',(-94.10250594613,3.748162683368,
    -24.07937524471));
#1767 = DIRECTION('',(0.,0.999510048898,-3.129955513418E-02));
#1768 = DIRECTION('',(0.969104813817,7.720012263015E-03,0.24652841874));
#1769 = DEFINITIONAL_REPRESENTATION('',(#1770),#1774);
#1770 = LINE('',#1771,#1772);
#1771 = CARTESIAN_POINT('',(0.,0.));
#1772 = VECTOR('',#1773,1.);
#1773 = DIRECTION('',(0.,1.));
#1774 = ( GEOMETRIC_REPRESENTATION_CONTEXT(2) 
PARAMETRIC_REPRESENTATION_CONTEXT() REPRESENTATION_CONTEXT('2D SPACE',''
  ) );
#1775 = ORIENTED_EDGE('',*,*,#1776,.F.);
#1776 = EDGE_CURVE('',#1777,#1749,#1779,.T.);
#1777 = VERTEX_POINT('',#1778);
#1778 = CARTESIAN_POINT('',(1.224020884649E-14,7.996080391185,
    -0.250396441073));
#1779 = SURFACE_CURVE('',#1780,(#1784,#1791),.PCURVE_S1.);
#1780 = LINE('',#1781,#1782);
#1781 = CARTESIAN_POINT('',(8.237390917448,8.061700495421,1.845095118218
    ));
#1782 = VECTOR('',#1783,1.);
#1783 = DIRECTION('',(0.969104813817,7.720012263015E-03,0.24652841874));
#1784 = PCURVE('',#44,#1785);
#1785 = DEFINITIONAL_REPRESENTATION('',(#1786),#1790);
#1786 = LINE('',#1787,#1788);
#1787 = CARTESIAN_POINT('',(0.,3.5));
#1788 = VECTOR('',#1789,1.);
#1789 = DIRECTION('',(1.,0.));
#1790 = ( GEOMETRIC_REPRESENTATION_CONTEXT(2) 
PARAMETRIC_REPRESENTATION_CONTEXT() REPRESENTATION_CONTEXT('2D SPACE',''
  ) );
#1791 = PCURVE('',#1792,#1797);
#1792 = PLANE('',#1793);
#1793 = AXIS2_PLACEMENT_3D('',#1794,#1795,#1796);
#1794 = CARTESIAN_POINT('',(-94.10250594613,7.246447854512,
    -24.18892368768));
#1795 = DIRECTION('',(0.,0.999510048898,-3.129955513418E-02));
#1796 = DIRECTION('',(0.969104813817,7.720012263015E-03,0.24652841874));
#1797 = DEFINITIONAL_REPRESENTATION('',(#1798),#1802);
#1798 = LINE('',#1799,#1800);
#1799 = CARTESIAN_POINT('',(105.60250594613,5.859516904726E-16));
#1800 = VECTOR('',#1801,1.);
#1801 = DIRECTION('',(1.,9.951160596024E-18));
#1802 = ( GEOMETRIC_REPRESENTATION_CONTEXT(2) 
PARAMETRIC_REPRESENTATION_CONTEXT() REPRESENTATION_CONTEXT('2D SPACE',''
  ) );
#1803 = ORIENTED_EDGE('',*,*,#1804,.F.);
#1804 = EDGE_CURVE('',#1805,#1777,#1807,.T.);
#1805 = VERTEX_POINT('',#1806);
#1806 = CARTESIAN_POINT('',(1.42108547152E-14,1.499265073347,
    -4.694933270126E-02));
#1807 = SURFACE_CURVE('',#1808,(#1812,#1819),.PCURVE_S1.);
#1808 = LINE('',#1809,#1810);
#1809 = CARTESIAN_POINT('',(1.24344978758E-14,4.497795220042,
    -0.140847998104));
#1810 = VECTOR('',#1811,1.);
#1811 = DIRECTION('',(0.,0.999510048898,-3.129955513418E-02));
#1812 = PCURVE('',#44,#1813);
#1813 = DEFINITIONAL_REPRESENTATION('',(#1814),#1818);
#1814 = LINE('',#1815,#1816);
#1815 = CARTESIAN_POINT('',(-8.5,0.));
#1816 = VECTOR('',#1817,1.);
#1817 = DIRECTION('',(0.,1.));
#1818 = ( GEOMETRIC_REPRESENTATION_CONTEXT(2) 
PARAMETRIC_REPRESENTATION_CONTEXT() REPRESENTATION_CONTEXT('2D SPACE',''
  ) );
#1819 = PCURVE('',#1820,#1825);
#1820 = CYLINDRICAL_SURFACE('',#1821,97.102505946136);
#1821 = AXIS2_PLACEMENT_3D('',#1822,#1823,#1824);
#1822 = CARTESIAN_POINT('',(-94.10250594613,3.748162683368,
    -24.07937524471));
#1823 = DIRECTION('',(0.,0.999510048898,-3.129955513418E-02));
#1824 = DIRECTION('',(0.969104813817,7.720012263015E-03,0.24652841874));
#1825 = DEFINITIONAL_REPRESENTATION('',(#1826),#1830);
#1826 = LINE('',#1827,#1828);
#1827 = CARTESIAN_POINT('',(0.,0.));
#1828 = VECTOR('',#1829,1.);
#1829 = DIRECTION('',(0.,1.));
#1830 = ( GEOMETRIC_REPRESENTATION_CONTEXT(2) 
PARAMETRIC_REPRESENTATION_CONTEXT() REPRESENTATION_CONTEXT('2D SPACE',''
  ) );
#1831 = ORIENTED_EDGE('',*,*,#1832,.F.);
#1832 = EDGE_CURVE('',#22,#1805,#1833,.T.);
#1833 = SURFACE_CURVE('',#1834,(#1839,#1846),.PCURVE_S1.);
#1834 = CIRCLE('',#1835,1.5);
#1835 = AXIS2_PLACEMENT_3D('',#1836,#1837,#1838);
#1836 = CARTESIAN_POINT('',(1.453657220726,1.510845091742,0.322843295409
    ));
#1837 = DIRECTION('',(0.246649264819,-3.033254955087E-02,-0.968629999846
    ));
#1838 = DIRECTION('',(-0.969104813817,-7.720012263015E-03,-0.24652841874
    ));
#1839 = PCURVE('',#44,#1840);
#1840 = DEFINITIONAL_REPRESENTATION('',(#1841),#1845);
#1841 = ( BOUNDED_CURVE() B_SPLINE_CURVE(2,(#1842,#1843,#1844),
.UNSPECIFIED.,.F.,.F.) B_SPLINE_CURVE_WITH_KNOTS((3,3),(4.712388980385,
6.28318530718),.PIECEWISE_BEZIER_KNOTS.) CURVE() 
GEOMETRIC_REPRESENTATION_ITEM() RATIONAL_B_SPLINE_CURVE((1.,
0.707106781187,1.)) REPRESENTATION_ITEM('') );
#1842 = CARTESIAN_POINT('',(-7.,-4.5));
#1843 = CARTESIAN_POINT('',(-8.5,-4.5));
#1844 = CARTESIAN_POINT('',(-8.5,-3.));
#1845 = ( GEOMETRIC_REPRESENTATION_CONTEXT(2) 
PARAMETRIC_REPRESENTATION_CONTEXT() REPRESENTATION_CONTEXT('2D SPACE',''
  ) );
#1846 = PCURVE('',#73,#1847);
#1847 = DEFINITIONAL_REPRESENTATION('',(#1848),#1851);
#1848 = B_SPLINE_CURVE_WITH_KNOTS('',1,(#1849,#1850),.UNSPECIFIED.,.F.,
  .F.,(2,2),(-1.570796326795,-9.579154261317E-18),
  .PIECEWISE_BEZIER_KNOTS.);
#1849 = CARTESIAN_POINT('',(0.,-4.712388980385));
#1850 = CARTESIAN_POINT('',(0.,-3.14159265359));
#1851 = ( GEOMETRIC_REPRESENTATION_CONTEXT(2) 
PARAMETRIC_REPRESENTATION_CONTEXT() REPRESENTATION_CONTEXT('2D SPACE',''
  ) );
#1852 = ADVANCED_FACE('',(#1853),#837,.T.);
#1853 = FACE_BOUND('',#1854,.T.);
#1854 = EDGE_LOOP('',(#1855,#1876,#1877,#1898));
#1855 = ORIENTED_EDGE('',*,*,#1856,.F.);
#1856 = EDGE_CURVE('',#24,#1857,#1859,.T.);
#1857 = VERTEX_POINT('',#1858);
#1858 = CARTESIAN_POINT('',(2.966163454796,1.460932340643,2.247099490408
    ));
#1859 = SURFACE_CURVE('',#1860,(#1864,#1870),.PCURVE_S1.);
#1860 = ( BOUNDED_CURVE() B_SPLINE_CURVE(2,(#1861,#1862,#1863),
.UNSPECIFIED.,.F.,.F.) B_SPLINE_CURVE_WITH_KNOTS((3,3),(0.,
7.399073702527),.PIECEWISE_BEZIER_KNOTS.) CURVE() 
GEOMETRIC_REPRESENTATION_ITEM() RATIONAL_B_SPLINE_CURVE((1.,
0.709619676023,1.)) REPRESENTATION_ITEM('') );
#1861 = CARTESIAN_POINT('',(2.786915734038,2.220092536535E-02,
    0.708957296753));
#1862 = CARTESIAN_POINT('',(3.329638795254,1.405905266613,0.803824236213
    ));
#1863 = CARTESIAN_POINT('',(2.966163454796,1.460932340643,2.247099490408
    ));
#1864 = PCURVE('',#837,#1865);
#1865 = DEFINITIONAL_REPRESENTATION('',(#1866),#1869);
#1866 = B_SPLINE_CURVE_WITH_KNOTS('',1,(#1867,#1868),.UNSPECIFIED.,.F.,
  .F.,(2,2),(0.,7.399073702527),.PIECEWISE_BEZIER_KNOTS.);
#1867 = CARTESIAN_POINT('',(1.573397337805,7.641546960435));
#1868 = CARTESIAN_POINT('',(0.,7.641546960435));
#1869 = ( GEOMETRIC_REPRESENTATION_CONTEXT(2) 
PARAMETRIC_REPRESENTATION_CONTEXT() REPRESENTATION_CONTEXT('2D SPACE',''
  ) );
#1870 = PCURVE('',#1382,#1871);
#1871 = DEFINITIONAL_REPRESENTATION('',(#1872),#1875);
#1872 = B_SPLINE_CURVE_WITH_KNOTS('',1,(#1873,#1874),.UNSPECIFIED.,.F.,
  .F.,(2,2),(0.,7.399073702527),.PIECEWISE_BEZIER_KNOTS.);
#1873 = CARTESIAN_POINT('',(0.,7.641546960435));
#1874 = CARTESIAN_POINT('',(7.399073702527,7.641546960435));
#1875 = ( GEOMETRIC_REPRESENTATION_CONTEXT(2) 
PARAMETRIC_REPRESENTATION_CONTEXT() REPRESENTATION_CONTEXT('2D SPACE',''
  ) );
#1876 = ORIENTED_EDGE('',*,*,#813,.T.);
#1877 = ORIENTED_EDGE('',*,*,#1878,.T.);
#1878 = EDGE_CURVE('',#791,#1879,#1881,.T.);
#1879 = VERTEX_POINT('',#1880);
#1880 = CARTESIAN_POINT('',(4.462219520761,1.407121067148,2.720189535305
    ));
#1881 = SURFACE_CURVE('',#1882,(#1886,#1892),.PCURVE_S1.);
#1882 = ( BOUNDED_CURVE() B_SPLINE_CURVE(2,(#1883,#1884,#1885),
.UNSPECIFIED.,.F.,.F.) B_SPLINE_CURVE_WITH_KNOTS((3,3),(0.,
1.573397337805),.PIECEWISE_BEZIER_KNOTS.) CURVE() 
GEOMETRIC_REPRESENTATION_ITEM() RATIONAL_B_SPLINE_CURVE((1.,
0.688734202598,1.)) REPRESENTATION_ITEM('') );
#1883 = CARTESIAN_POINT('',(5.535244412523,4.409446133606E-02,
    1.408098518244));
#1884 = CARTESIAN_POINT('',(4.814186162437,1.430392358581,1.181078461988
    ));
#1885 = CARTESIAN_POINT('',(4.462219520761,1.407121067148,2.720189535305
    ));
#1886 = PCURVE('',#837,#1887);
#1887 = DEFINITIONAL_REPRESENTATION('',(#1888),#1891);
#1888 = B_SPLINE_CURVE_WITH_KNOTS('',1,(#1889,#1890),.UNSPECIFIED.,.F.,
  .F.,(2,2),(0.,1.573397337805),.PIECEWISE_BEZIER_KNOTS.);
#1889 = CARTESIAN_POINT('',(1.573397337805,9.21494429824));
#1890 = CARTESIAN_POINT('',(0.,9.21494429824));
#1891 = ( GEOMETRIC_REPRESENTATION_CONTEXT(2) 
PARAMETRIC_REPRESENTATION_CONTEXT() REPRESENTATION_CONTEXT('2D SPACE',''
  ) );
#1892 = PCURVE('',#1689,#1893);
#1893 = DEFINITIONAL_REPRESENTATION('',(#1894),#1897);
#1894 = B_SPLINE_CURVE_WITH_KNOTS('',1,(#1895,#1896),.UNSPECIFIED.,.F.,
  .F.,(2,2),(0.,1.573397337805),.PIECEWISE_BEZIER_KNOTS.);
#1895 = CARTESIAN_POINT('',(0.,9.214944298119));
#1896 = CARTESIAN_POINT('',(1.831810770046,9.214944298119));
#1897 = ( GEOMETRIC_REPRESENTATION_CONTEXT(2) 
PARAMETRIC_REPRESENTATION_CONTEXT() REPRESENTATION_CONTEXT('2D SPACE',''
  ) );
#1898 = ORIENTED_EDGE('',*,*,#1899,.F.);
#1899 = EDGE_CURVE('',#1857,#1879,#1900,.T.);
#1900 = SURFACE_CURVE('',#1901,(#1910,#1917),.PCURVE_S1.);
#1901 = ( BOUNDED_CURVE() B_SPLINE_CURVE(7,(#1902,#1903,#1904,#1905,
    #1906,#1907,#1908,#1909),.UNSPECIFIED.,.F.,.F.) 
B_SPLINE_CURVE_WITH_KNOTS((8,8),(7.641546960435,9.21494429824),
.PIECEWISE_BEZIER_KNOTS.) CURVE() GEOMETRIC_REPRESENTATION_ITEM() 
RATIONAL_B_SPLINE_CURVE((1.,1.,1.,1.,1.,1.,1.,1.)) REPRESENTATION_ITEM(
  '') );
#1902 = CARTESIAN_POINT('',(2.966163454796,1.460932340643,2.247099490408
    ));
#1903 = CARTESIAN_POINT('',(3.150409074134,1.356352277411,2.314278436348
    ));
#1904 = CARTESIAN_POINT('',(3.360200441747,1.277145558947,2.356190799707
    ));
#1905 = CARTESIAN_POINT('',(3.581979566541,1.23055513804,2.411942130395)
  );
#1906 = CARTESIAN_POINT('',(3.808163622099,1.219254186658,2.483488292179
    ));
#1907 = CARTESIAN_POINT('',(4.033667865956,1.24459591551,2.564879299899)
  );
#1908 = CARTESIAN_POINT('',(4.250563708676,1.307523983228,2.661865414364
    ));
#1909 = CARTESIAN_POINT('',(4.462219520761,1.407121067148,2.720189535305
    ));
#1910 = PCURVE('',#837,#1911);
#1911 = DEFINITIONAL_REPRESENTATION('',(#1912),#1916);
#1912 = LINE('',#1913,#1914);
#1913 = CARTESIAN_POINT('',(0.,0.));
#1914 = VECTOR('',#1915,1.);
#1915 = DIRECTION('',(0.,1.));
#1916 = ( GEOMETRIC_REPRESENTATION_CONTEXT(2) 
PARAMETRIC_REPRESENTATION_CONTEXT() REPRESENTATION_CONTEXT('2D SPACE',''
  ) );
#1917 = PCURVE('',#1918,#1923);
#1918 = TOROIDAL_SURFACE('',#1919,13.5,1.75);
#1919 = AXIS2_PLACEMENT_3D('',#1920,#1921,#1922);
#1920 = CARTESIAN_POINT('',(-9.5,3.,0.));
#1921 = DIRECTION('',(-0.,1.,-0.));
#1922 = DIRECTION('',(0.996194698092,0.,-8.715574274766E-02));
#1923 = DEFINITIONAL_REPRESENTATION('',(#1924),#1933);
#1924 = B_SPLINE_CURVE_WITH_KNOTS('',7,(#1925,#1926,#1927,#1928,#1929,
    #1930,#1931,#1932),.UNSPECIFIED.,.F.,.F.,(8,8),(7.641546960435,
    9.21494429824),.PIECEWISE_BEZIER_KNOTS.);
#1925 = CARTESIAN_POINT('',(-0.265607257048,4.216334341959));
#1926 = CARTESIAN_POINT('',(-0.268246291721,4.341891336202));
#1927 = CARTESIAN_POINT('',(-0.268468549596,4.470972588672));
#1928 = CARTESIAN_POINT('',(-0.269653691148,4.601524780952));
#1929 = CARTESIAN_POINT('',(-0.271840236605,4.73341797321));
#1930 = CARTESIAN_POINT('',(-0.274682936704,4.866684124192));
#1931 = CARTESIAN_POINT('',(-0.278502015569,5.001952628339));
#1932 = CARTESIAN_POINT('',(-0.279681153215,5.139378686227));
#1933 = ( GEOMETRIC_REPRESENTATION_CONTEXT(2) 
PARAMETRIC_REPRESENTATION_CONTEXT() REPRESENTATION_CONTEXT('2D SPACE',''
  ) );
#1934 = ADVANCED_FACE('',(#1935),#73,.T.);
#1935 = FACE_BOUND('',#1936,.F.);
#1936 = EDGE_LOOP('',(#1937,#1961,#1962,#1963));
#1937 = ORIENTED_EDGE('',*,*,#1938,.F.);
#1938 = EDGE_CURVE('',#1805,#1939,#1941,.T.);
#1939 = VERTEX_POINT('',#1940);
#1940 = CARTESIAN_POINT('',(1.992504314785,0.312955321826,-37.9301880135
    ));
#1941 = SURFACE_CURVE('',#1942,(#1947,#1954),.PCURVE_S1.);
#1942 = CIRCLE('',#1943,97.102505946136);
#1943 = AXIS2_PLACEMENT_3D('',#1944,#1945,#1946);
#1944 = CARTESIAN_POINT('',(-94.10250594613,0.749632536674,
    -23.98547657931));
#1945 = DIRECTION('',(-3.720910196791E-19,0.999510048898,
    -3.129955513418E-02));
#1946 = DIRECTION('',(0.969104813817,7.720012263015E-03,0.24652841874));
#1947 = PCURVE('',#73,#1948);
#1948 = DEFINITIONAL_REPRESENTATION('',(#1949),#1953);
#1949 = LINE('',#1950,#1951);
#1950 = CARTESIAN_POINT('',(-0.,3.14159265359));
#1951 = VECTOR('',#1952,1.);
#1952 = DIRECTION('',(-1.,0.));
#1953 = ( GEOMETRIC_REPRESENTATION_CONTEXT(2) 
PARAMETRIC_REPRESENTATION_CONTEXT() REPRESENTATION_CONTEXT('2D SPACE',''
  ) );
#1954 = PCURVE('',#1820,#1955);
#1955 = DEFINITIONAL_REPRESENTATION('',(#1956),#1960);
#1956 = LINE('',#1957,#1958);
#1957 = CARTESIAN_POINT('',(0.,-3.));
#1958 = VECTOR('',#1959,1.);
#1959 = DIRECTION('',(1.,0.));
#1960 = ( GEOMETRIC_REPRESENTATION_CONTEXT(2) 
PARAMETRIC_REPRESENTATION_CONTEXT() REPRESENTATION_CONTEXT('2D SPACE',''
  ) );
#1961 = ORIENTED_EDGE('',*,*,#1832,.F.);
#1962 = ORIENTED_EDGE('',*,*,#56,.T.);
#1963 = ORIENTED_EDGE('',*,*,#1964,.T.);
#1964 = EDGE_CURVE('',#57,#1939,#1965,.T.);
#1965 = SURFACE_CURVE('',#1966,(#1989,#2015),.PCURVE_S1.);
#1966 = B_SPLINE_CURVE_WITH_KNOTS('',6,(#1967,#1968,#1969,#1970,#1971,
    #1972,#1973,#1974,#1975,#1976,#1977,#1978,#1979,#1980,#1981,#1982,
    #1983,#1984,#1985,#1986,#1987,#1988),.UNSPECIFIED.,.F.,.F.,(7,5,5,5,
    7),(0.,0.276880305133,0.542388471928,0.767627190651,1.),
  .UNSPECIFIED.);
#1967 = CARTESIAN_POINT('',(3.512559979986,-1.185307372273,
    -37.85122902037));
#1968 = CARTESIAN_POINT('',(3.412969804812,-1.185373099652,
    -37.85332341335));
#1969 = CARTESIAN_POINT('',(3.3102574294,-1.177713902207,-37.85572588365
    ));
#1970 = CARTESIAN_POINT('',(3.205392336902,-1.161425798767,
    -37.85844434428));
#1971 = CARTESIAN_POINT('',(3.099677920545,-1.135745959757,
    -37.86147531857));
#1972 = CARTESIAN_POINT('',(2.994741469761,-1.10028905679,
    -37.86479656817));
#1973 = CARTESIAN_POINT('',(2.793992731857,-1.011899782821,
    -37.87179497724));
#1974 = CARTESIAN_POINT('',(2.697980627807,-0.959743679312,
    -37.87545199926));
#1975 = CARTESIAN_POINT('',(2.605706484945,-0.898796504454,
    -37.87930594083));
#1976 = CARTESIAN_POINT('',(2.518700155208,-0.829565980023,
    -37.88330858552));
#1977 = CARTESIAN_POINT('',(2.438291167771,-0.75302790456,
    -37.88740124289));
#1978 = CARTESIAN_POINT('',(2.303625511622,-0.60034126637,
    -37.89502320344));
#1979 = CARTESIAN_POINT('',(2.247251163612,-0.525893202515,
    -37.89854385632));
#1980 = CARTESIAN_POINT('',(2.196893879415,-0.447830532764,
    -37.90205089789));
#1981 = CARTESIAN_POINT('',(2.152944532915,-0.367044692796,
    -37.90550810673));
#1982 = CARTESIAN_POINT('',(2.115545466726,-0.284464300545,
    -37.90888335091));
#1983 = CARTESIAN_POINT('',(2.052748548688,-0.114814200083,
    -37.91552123081));
#1984 = CARTESIAN_POINT('',(2.027767798053,-2.768418719896E-02,
    -37.9187769551));
#1985 = CARTESIAN_POINT('',(2.009628741339,5.947066857096E-02,
    -37.9218890751));
#1986 = CARTESIAN_POINT('',(1.998030705778,0.145756605954,
    -37.92483592436));
#1987 = CARTESIAN_POINT('',(1.992504260359,0.230440867702,
    -37.92760445688));
#1988 = CARTESIAN_POINT('',(1.992504260355,0.312955310092,
    -37.93018838822));
#1989 = PCURVE('',#73,#1990);
#1990 = DEFINITIONAL_REPRESENTATION('',(#1991),#2014);
#1991 = B_SPLINE_CURVE_WITH_KNOTS('',6,(#1992,#1993,#1994,#1995,#1996,
    #1997,#1998,#1999,#2000,#2001,#2002,#2003,#2004,#2005,#2006,#2007,
    #2008,#2009,#2010,#2011,#2012,#2013),.UNSPECIFIED.,.F.,.F.,(7,5,5,5,
    7),(0.,0.276880305133,0.542388471928,0.767627190651,1.),
  .UNSPECIFIED.);
#1992 = CARTESIAN_POINT('',(-0.390862331124,1.570796326804));
#1993 = CARTESIAN_POINT('',(-0.391025951563,1.636327672527));
#1994 = CARTESIAN_POINT('',(-0.391195097734,1.703911370669));
#1995 = CARTESIAN_POINT('',(-0.391368223991,1.773415568976));
#1996 = CARTESIAN_POINT('',(-0.391543216905,1.844647829345));
#1997 = CARTESIAN_POINT('',(-0.391717379128,1.917346714032));
#1998 = CARTESIAN_POINT('',(-0.392051377245,2.062015742042));
#1999 = CARTESIAN_POINT('',(-0.392211511208,2.13389496325));
#2000 = CARTESIAN_POINT('',(-0.392365786991,2.206557859392));
#2001 = CARTESIAN_POINT('',(-0.392511587739,2.279687294195));
#2002 = CARTESIAN_POINT('',(-0.392646596971,2.352944171324));
#2003 = CARTESIAN_POINT('',(-0.392873072363,2.487964913963));
#2004 = CARTESIAN_POINT('',(-0.392968038392,2.549787834241));
#2005 = CARTESIAN_POINT('',(-0.393052991526,2.611259275933));
#2006 = CARTESIAN_POINT('',(-0.393127219765,2.67218121629));
#2007 = CARTESIAN_POINT('',(-0.393190439453,2.73237263698));
#2008 = CARTESIAN_POINT('',(-0.393296658768,2.852857010808));
#2009 = CARTESIAN_POINT('',(-0.393338955446,2.913093557869));
#2010 = CARTESIAN_POINT('',(-0.393369687522,2.972212422343));
#2011 = CARTESIAN_POINT('',(-0.393389342397,3.030069779273));
#2012 = CARTESIAN_POINT('',(-0.393398707959,3.086556060035));
#2013 = CARTESIAN_POINT('',(-0.393398707959,3.141592653534));
#2014 = ( GEOMETRIC_REPRESENTATION_CONTEXT(2) 
PARAMETRIC_REPRESENTATION_CONTEXT() REPRESENTATION_CONTEXT('2D SPACE',''
  ) );
#2015 = PCURVE('',#129,#2016);
#2016 = DEFINITIONAL_REPRESENTATION('',(#2017),#2040);
#2017 = B_SPLINE_CURVE_WITH_KNOTS('',6,(#2018,#2019,#2020,#2021,#2022,
    #2023,#2024,#2025,#2026,#2027,#2028,#2029,#2030,#2031,#2032,#2033,
    #2034,#2035,#2036,#2037,#2038,#2039),.UNSPECIFIED.,.F.,.F.,(7,5,5,5,
    7),(0.,0.276880305133,0.542388471928,0.767627190651,1.),
  .UNSPECIFIED.);
#2018 = CARTESIAN_POINT('',(0.,0.255689511603));
#2019 = CARTESIAN_POINT('',(0.599340244775,0.239205760292));
#2020 = CARTESIAN_POINT('',(1.197928567668,0.222163684241));
#2021 = CARTESIAN_POINT('',(1.795776231803,0.204718698455));
#2022 = CARTESIAN_POINT('',(2.392944091477,0.187083675871));
#2023 = CARTESIAN_POINT('',(2.989545777572,0.169530387383));
#2024 = CARTESIAN_POINT('',(4.157366150355,0.135864209213));
#2025 = CARTESIAN_POINT('',(4.728635494022,0.119721418966));
#2026 = CARTESIAN_POINT('',(5.29960424675,0.104167559625));
#2027 = CARTESIAN_POINT('',(5.87042107215,8.946670283834E-02));
#2028 = CARTESIAN_POINT('',(6.441248951995,7.585279229277E-02));
#2029 = CARTESIAN_POINT('',(7.496569973608,5.301412266493E-02));
#2030 = CARTESIAN_POINT('',(7.981035048697,4.343669003599E-02));
#2031 = CARTESIAN_POINT('',(8.465679254803,3.486853319943E-02));
#2032 = CARTESIAN_POINT('',(8.950586533672,2.73816898739E-02));
#2033 = CARTESIAN_POINT('',(9.435824745605,2.100495830253E-02));
#2034 = CARTESIAN_POINT('',(10.422424152311,1.029072447582E-02));
#2035 = CARTESIAN_POINT('',(10.923815486894,6.024116839171E-03));
#2036 = CARTESIAN_POINT('',(11.425656904179,2.923983752566E-03));
#2037 = CARTESIAN_POINT('',(11.927990536247,9.412545002186E-04));
#2038 = CARTESIAN_POINT('',(12.430835881726,-3.517680979049E-06));
#2039 = CARTESIAN_POINT('',(12.934192601959,-3.517681770803E-06));
#2040 = ( GEOMETRIC_REPRESENTATION_CONTEXT(2) 
PARAMETRIC_REPRESENTATION_CONTEXT() REPRESENTATION_CONTEXT('2D SPACE',''
  ) );
#2041 = ADVANCED_FACE('',(#2042),#129,.T.);
#2042 = FACE_BOUND('',#2043,.T.);
#2043 = EDGE_LOOP('',(#2044,#2045,#2106,#2125));
#2044 = ORIENTED_EDGE('',*,*,#1964,.T.);
#2045 = ORIENTED_EDGE('',*,*,#2046,.T.);
#2046 = EDGE_CURVE('',#1939,#2047,#2049,.T.);
#2047 = VERTEX_POINT('',#2048);
#2048 = CARTESIAN_POINT('',(3.154974774971,5.989587650779E-02,
    -46.01130793614));
#2049 = SURFACE_CURVE('',#2050,(#2073,#2080),.PCURVE_S1.);
#2050 = B_SPLINE_CURVE_WITH_KNOTS('',11,(#2051,#2052,#2053,#2054,#2055,
    #2056,#2057,#2058,#2059,#2060,#2061,#2062,#2063,#2064,#2065,#2066,
    #2067,#2068,#2069,#2070,#2071,#2072),.UNSPECIFIED.,.F.,.F.,(12,10,12
    ),(-6.275945627756,-4.534888081805,8.399304520154),.UNSPECIFIED.);
#2051 = CARTESIAN_POINT('',(0.685701715196,0.498817705171,
    -31.99491771752));
#2052 = CARTESIAN_POINT('',(0.724097275223,0.493764023171,
    -32.15630039282));
#2053 = CARTESIAN_POINT('',(0.762137193799,0.488757151239,
    -32.31618825026));
#2054 = CARTESIAN_POINT('',(0.799821470923,0.483797089376,
    -32.47458128984));
#2055 = CARTESIAN_POINT('',(0.837150106596,0.478883837582,
    -32.63147951156));
#2056 = CARTESIAN_POINT('',(0.874123100817,0.474017395856,
    -32.78688291541));
#2057 = CARTESIAN_POINT('',(0.910740453588,0.469197764199,
    -32.94079150141));
#2058 = CARTESIAN_POINT('',(0.947002164906,0.464424942611,
    -33.09320526955));
#2059 = CARTESIAN_POINT('',(0.982908234774,0.459698931092,
    -33.24412421983));
#2060 = CARTESIAN_POINT('',(1.01845866319,0.455019729641,-33.39354835225
    ));
#2061 = CARTESIAN_POINT('',(1.053653450155,0.450387338258,
    -33.54147766681));
#2062 = CARTESIAN_POINT('',(1.347310128268,0.411735799711,-34.7757636181
    ));
#2063 = CARTESIAN_POINT('',(1.592332942443,0.377450384133,-35.8706231857
    ));
#2064 = CARTESIAN_POINT('',(1.823515036697,0.34292228036,-36.97323268107
    ));
#2065 = CARTESIAN_POINT('',(2.040312245389,0.308283944466,
    -38.07936229386));
#2066 = CARTESIAN_POINT('',(2.243734989762,0.273189932516,
    -39.20004332121));
#2067 = CARTESIAN_POINT('',(2.431372904632,0.238333145419,
    -40.31314888526));
#2068 = CARTESIAN_POINT('',(2.606323053561,0.202751965429,
    -41.44938698199));
#2069 = CARTESIAN_POINT('',(2.765229516524,0.167453866958,
    -42.57658524331));
#2070 = CARTESIAN_POINT('',(2.910144025308,0.131666286904,
    -43.71941445404));
#2071 = CARTESIAN_POINT('',(3.039467079822,9.605923275882E-02,
    -44.85647880774));
#2072 = CARTESIAN_POINT('',(3.154974774971,5.989587650779E-02,
    -46.01130793614));
#2073 = PCURVE('',#129,#2074);
#2074 = DEFINITIONAL_REPRESENTATION('',(#2075),#2079);
#2075 = LINE('',#2076,#2077);
#2076 = CARTESIAN_POINT('',(12.934192601959,0.));
#2077 = VECTOR('',#2078,1.);
#2078 = DIRECTION('',(0.,1.));
#2079 = ( GEOMETRIC_REPRESENTATION_CONTEXT(2) 
PARAMETRIC_REPRESENTATION_CONTEXT() REPRESENTATION_CONTEXT('2D SPACE',''
  ) );
#2080 = PCURVE('',#2081,#2092);
#2081 = ( BOUNDED_SURFACE() B_SPLINE_SURFACE(1,4,(
    (#2082,#2083,#2084,#2085,#2086)
    ,(#2087,#2088,#2089,#2090,#2091
)),.UNSPECIFIED.,.F.,.F.,.F.) B_SPLINE_SURFACE_WITH_KNOTS((2,2),(5,5),(
    0.,1.),(0.,1.),.PIECEWISE_BEZIER_KNOTS.) 
GEOMETRIC_REPRESENTATION_ITEM() RATIONAL_B_SPLINE_SURFACE((
    (1.,1.,1.,1.,1.)
,(1.,1.,1.,1.,1.))) REPRESENTATION_ITEM('') SURFACE() );
#2082 = CARTESIAN_POINT('',(1.992504314785,7.809280688563,
    -38.16493467701));
#2083 = CARTESIAN_POINT('',(2.493050165172,7.726193179607,
    -40.81822478875));
#2084 = CARTESIAN_POINT('',(2.895425146905,7.641705421257,
    -43.51623001971));
#2085 = CARTESIAN_POINT('',(3.195952462383,7.556007708732,
    -46.25287354289));
#2086 = CARTESIAN_POINT('',(3.391866848361,7.469305323816,
    -49.02159995502));
#2087 = CARTESIAN_POINT('',(1.992504314785,-1.186309751521,
    -37.8832386808));
#2088 = CARTESIAN_POINT('',(2.493050165172,-1.269397260477,
    -40.53652879254));
#2089 = CARTESIAN_POINT('',(2.895425146905,-1.353885018826,
    -43.23453402351));
#2090 = CARTESIAN_POINT('',(3.195952462383,-1.439582731351,
    -45.97117754669));
#2091 = CARTESIAN_POINT('',(3.391866848361,-1.526285116268,
    -48.73990395881));
#2092 = DEFINITIONAL_REPRESENTATION('',(#2093),#2105);
#2093 = B_SPLINE_CURVE_WITH_KNOTS('',10,(#2094,#2095,#2096,#2097,#2098,
    #2099,#2100,#2101,#2102,#2103,#2104),.UNSPECIFIED.,.F.,.F.,(11,11),(
    -3.864935774988E-06,8.399304520154),.PIECEWISE_BEZIER_KNOTS.);
#2094 = CARTESIAN_POINT('',(0.833333333333,-3.330669828449E-16));
#2095 = CARTESIAN_POINT('',(0.833333333333,7.482469606474E-02));
#2096 = CARTESIAN_POINT('',(0.833333333333,0.149649295266));
#2097 = CARTESIAN_POINT('',(0.833333333334,0.224471343435));
#2098 = CARTESIAN_POINT('',(0.833333333333,0.299300881323));
#2099 = CARTESIAN_POINT('',(0.833333333334,0.374116108741));
#2100 = CARTESIAN_POINT('',(0.833333333333,0.448975213992));
#2101 = CARTESIAN_POINT('',(0.833333333333,0.52367905482));
#2102 = CARTESIAN_POINT('',(0.833333333333,0.598481424797));
#2103 = CARTESIAN_POINT('',(0.833333333333,0.673067483648));
#2104 = CARTESIAN_POINT('',(0.833333333333,0.748245040465));
#2105 = ( GEOMETRIC_REPRESENTATION_CONTEXT(2) 
PARAMETRIC_REPRESENTATION_CONTEXT() REPRESENTATION_CONTEXT('2D SPACE',''
  ) );
#2106 = ORIENTED_EDGE('',*,*,#2107,.F.);
#2107 = EDGE_CURVE('',#86,#2047,#2108,.T.);
#2108 = SURFACE_CURVE('',#2109,(#2113,#2119),.PCURVE_S1.);
#2109 = ( BOUNDED_CURVE() B_SPLINE_CURVE(2,(#2110,#2111,#2112),
.UNSPECIFIED.,.F.,.F.) B_SPLINE_CURVE_WITH_KNOTS((3,3),(0.,
12.934192601959),.PIECEWISE_BEZIER_KNOTS.) CURVE() 
GEOMETRIC_REPRESENTATION_ITEM() RATIONAL_B_SPLINE_CURVE((1.,
0.707106781187,1.)) REPRESENTATION_ITEM('') );
#2110 = CARTESIAN_POINT('',(4.644466917784,-1.433821739721,
    -45.7872078704));
#2111 = CARTESIAN_POINT('',(3.154974774971,-1.439369196839,
    -45.96435860344));
#2112 = CARTESIAN_POINT('',(3.154974774971,5.989587650779E-02,
    -46.01130793614));
#2113 = PCURVE('',#129,#2114);
#2114 = DEFINITIONAL_REPRESENTATION('',(#2115),#2118);
#2115 = B_SPLINE_CURVE_WITH_KNOTS('',1,(#2116,#2117),.UNSPECIFIED.,.F.,
  .F.,(2,2),(0.,12.934192601959),.PIECEWISE_BEZIER_KNOTS.);
#2116 = CARTESIAN_POINT('',(0.,8.399304520154));
#2117 = CARTESIAN_POINT('',(12.934192601959,8.399304520154));
#2118 = ( GEOMETRIC_REPRESENTATION_CONTEXT(2) 
PARAMETRIC_REPRESENTATION_CONTEXT() REPRESENTATION_CONTEXT('2D SPACE',''
  ) );
#2119 = PCURVE('',#269,#2120);
#2120 = DEFINITIONAL_REPRESENTATION('',(#2121),#2124);
#2121 = B_SPLINE_CURVE_WITH_KNOTS('',1,(#2122,#2123),.UNSPECIFIED.,.F.,
  .F.,(2,2),(0.,12.934192601959),.PIECEWISE_BEZIER_KNOTS.);
#2122 = CARTESIAN_POINT('',(0.,8.399304520154));
#2123 = CARTESIAN_POINT('',(4.734101643956,8.399304520154));
#2124 = ( GEOMETRIC_REPRESENTATION_CONTEXT(2) 
PARAMETRIC_REPRESENTATION_CONTEXT() REPRESENTATION_CONTEXT('2D SPACE',''
  ) );
#2125 = ORIENTED_EDGE('',*,*,#85,.F.);
#2126 = ADVANCED_FACE('',(#2127),#778,.T.);
#2127 = FACE_BOUND('',#2128,.T.);
#2128 = EDGE_LOOP('',(#2129,#2153,#2154,#2155));
#2129 = ORIENTED_EDGE('',*,*,#2130,.F.);
#2130 = EDGE_CURVE('',#1726,#2131,#2133,.T.);
#2131 = VERTEX_POINT('',#2132);
#2132 = CARTESIAN_POINT('',(18.816119303072,0.236505053318,
    -40.37152659762));
#2133 = SURFACE_CURVE('',#2134,(#2139,#2146),.PCURVE_S1.);
#2134 = CIRCLE('',#2135,114.10250594613);
#2135 = AXIS2_PLACEMENT_3D('',#2136,#2137,#2138);
#2136 = CARTESIAN_POINT('',(-94.10250594613,0.749632536674,
    -23.98547657931));
#2137 = DIRECTION('',(-3.44881881825E-19,0.999510048898,
    -3.129955513418E-02));
#2138 = DIRECTION('',(0.969104813817,7.720012263015E-03,0.24652841874));
#2139 = PCURVE('',#778,#2140);
#2140 = DEFINITIONAL_REPRESENTATION('',(#2141),#2145);
#2141 = LINE('',#2142,#2143);
#2142 = CARTESIAN_POINT('',(0.,6.28318530718));
#2143 = VECTOR('',#2144,1.);
#2144 = DIRECTION('',(1.,0.));
#2145 = ( GEOMETRIC_REPRESENTATION_CONTEXT(2) 
PARAMETRIC_REPRESENTATION_CONTEXT() REPRESENTATION_CONTEXT('2D SPACE',''
  ) );
#2146 = PCURVE('',#1764,#2147);
#2147 = DEFINITIONAL_REPRESENTATION('',(#2148),#2152);
#2148 = LINE('',#2149,#2150);
#2149 = CARTESIAN_POINT('',(0.,-3.));
#2150 = VECTOR('',#2151,1.);
#2151 = DIRECTION('',(1.,0.));
#2152 = ( GEOMETRIC_REPRESENTATION_CONTEXT(2) 
PARAMETRIC_REPRESENTATION_CONTEXT() REPRESENTATION_CONTEXT('2D SPACE',''
  ) );
#2153 = ORIENTED_EDGE('',*,*,#1725,.F.);
#2154 = ORIENTED_EDGE('',*,*,#761,.T.);
#2155 = ORIENTED_EDGE('',*,*,#2156,.T.);
#2156 = EDGE_CURVE('',#653,#2131,#2157,.T.);
#2157 = SURFACE_CURVE('',#2158,(#2181,#2207),.PCURVE_S1.);
#2158 = B_SPLINE_CURVE_WITH_KNOTS('',6,(#2159,#2160,#2161,#2162,#2163,
    #2164,#2165,#2166,#2167,#2168,#2169,#2170,#2171,#2172,#2173,#2174,
    #2175,#2176,#2177,#2178,#2179,#2180),.UNSPECIFIED.,.F.,.F.,(7,5,5,5,
    7),(0.,0.270220201443,0.52976509301,0.760750185443,1.),
  .UNSPECIFIED.);
#2159 = CARTESIAN_POINT('',(17.362311645251,-1.249366751102,
    -39.89688087044));
#2160 = CARTESIAN_POINT('',(17.455235547713,-1.250222997683,
    -39.92422001573));
#2161 = CARTESIAN_POINT('',(17.551017697143,-1.243756514399,
    -39.95262994131));
#2162 = CARTESIAN_POINT('',(17.648799213946,-1.229114733379,
    -39.98188435707));
#2163 = CARTESIAN_POINT('',(17.747429204873,-1.205568919409,
    -40.01166714864));
#2164 = CARTESIAN_POINT('',(17.845470135015,-1.172724682277,
    -40.04156732095));
#2165 = CARTESIAN_POINT('',(18.03359246799,-1.090214563516,
    -40.09954989149));
#2166 = CARTESIAN_POINT('',(18.12383673716,-1.041263515601,
    -40.12765788864));
#2167 = CARTESIAN_POINT('',(18.210835483592,-0.9838331063,-40.1550754118
    ));
#2168 = CARTESIAN_POINT('',(18.293209997762,-0.918345483917,
    -40.18138328462));
#2169 = CARTESIAN_POINT('',(18.369740584163,-0.84565995149,
    -40.20619548934));
#2170 = CARTESIAN_POINT('',(18.501635982369,-0.696797558636,
    -40.24969624702));
#2171 = CARTESIAN_POINT('',(18.55840386511,-0.621884130994,
    -40.26875842944));
#2172 = CARTESIAN_POINT('',(18.609196083138,-0.542942349808,
    -40.28618702637));
#2173 = CARTESIAN_POINT('',(18.653575500368,-0.460924626041,
    -40.30182353281));
#2174 = CARTESIAN_POINT('',(18.691371420584,-0.376836486706,
    -40.31558623054));
#2175 = CARTESIAN_POINT('',(18.755008310902,-0.203366140533,
    -40.33975707114));
#2176 = CARTESIAN_POINT('',(18.780373661611,-0.113901341463,
    -40.35002774637));
#2177 = CARTESIAN_POINT('',(18.798777969838,-2.428469711128E-02,
    -40.35825340931));
#2178 = CARTESIAN_POINT('',(18.810529257398,6.449544569573E-02,
    -40.36449382713));
#2179 = CARTESIAN_POINT('',(18.816119340074,0.151632472217,
    -40.3688685664));
#2180 = CARTESIAN_POINT('',(18.816119340078,0.236505061296,
    -40.37152634286));
#2181 = PCURVE('',#778,#2182);
#2182 = DEFINITIONAL_REPRESENTATION('',(#2183),#2206);
#2183 = B_SPLINE_CURVE_WITH_KNOTS('',6,(#2184,#2185,#2186,#2187,#2188,
    #2189,#2190,#2191,#2192,#2193,#2194,#2195,#2196,#2197,#2198,#2199,
    #2200,#2201,#2202,#2203,#2204,#2205),.UNSPECIFIED.,.F.,.F.,(7,5,5,5,
    7),(0.,0.270220201443,0.52976509301,0.760750185443,1.),
  .UNSPECIFIED.);
#2184 = CARTESIAN_POINT('',(0.391493014431,4.712388980385));
#2185 = CARTESIAN_POINT('',(0.391616460111,4.776297920092));
#2186 = CARTESIAN_POINT('',(0.391743448084,4.84217402476));
#2187 = CARTESIAN_POINT('',(0.391872809181,4.909896464893));
#2188 = CARTESIAN_POINT('',(0.392002999729,4.979288264999));
#2189 = CARTESIAN_POINT('',(0.392132125691,5.050107920617));
#2190 = CARTESIAN_POINT('',(0.392379381491,5.191177653789));
#2191 = CARTESIAN_POINT('',(0.392497746091,5.261341022787));
#2192 = CARTESIAN_POINT('',(0.392611618431,5.332295826384));
#2193 = CARTESIAN_POINT('',(0.392719229926,5.403745105715));
#2194 = CARTESIAN_POINT('',(0.392819040216,5.475369365194));
#2195 = CARTESIAN_POINT('',(0.392990816203,5.610469613464));
#2196 = CARTESIAN_POINT('',(0.393064638254,5.673975888796));
#2197 = CARTESIAN_POINT('',(0.393130603175,5.737148536585));
#2198 = CARTESIAN_POINT('',(0.39318818,5.799769652841));
#2199 = CARTESIAN_POINT('',(0.39323717748,5.861640080571));
#2200 = CARTESIAN_POINT('',(0.39331962764,5.985714409206));
#2201 = CARTESIAN_POINT('',(0.393352462065,6.047851727945));
#2202 = CARTESIAN_POINT('',(0.393376272025,6.108807131145));
#2203 = CARTESIAN_POINT('',(0.393391471467,6.168421673205));
#2204 = CARTESIAN_POINT('',(0.393398701801,6.226575845203));
#2205 = CARTESIAN_POINT('',(0.393398701801,6.283185307124));
#2206 = ( GEOMETRIC_REPRESENTATION_CONTEXT(2) 
PARAMETRIC_REPRESENTATION_CONTEXT() REPRESENTATION_CONTEXT('2D SPACE',''
  ) );
#2207 = PCURVE('',#693,#2208);
#2208 = DEFINITIONAL_REPRESENTATION('',(#2209),#2232);
#2209 = B_SPLINE_CURVE_WITH_KNOTS('',6,(#2210,#2211,#2212,#2213,#2214,
    #2215,#2216,#2217,#2218,#2219,#2220,#2221,#2222,#2223,#2224,#2225,
    #2226,#2227,#2228,#2229,#2230,#2231),.UNSPECIFIED.,.F.,.F.,(7,5,5,5,
    7),(0.,0.270220201443,0.52976509301,0.760750185443,1.),
  .UNSPECIFIED.);
#2210 = CARTESIAN_POINT('',(1.461419143624E-09,31.443569787394));
#2211 = CARTESIAN_POINT('',(0.649819928216,31.457570073816));
#2212 = CARTESIAN_POINT('',(1.298999110615,31.471970980521));
#2213 = CARTESIAN_POINT('',(1.947545791854,31.486639828662));
#2214 = CARTESIAN_POINT('',(2.595507585141,31.501401455484));
#2215 = CARTESIAN_POINT('',(3.242974438584,31.516041152309));
#2216 = CARTESIAN_POINT('',(4.511543256063,31.544071664409));
#2217 = CARTESIAN_POINT('',(5.13268827214,31.557489183756));
#2218 = CARTESIAN_POINT('',(5.753553646138,31.570396468135));
#2219 = CARTESIAN_POINT('',(6.37426054142,31.582593210187));
#2220 = CARTESIAN_POINT('',(6.994944462397,31.593905053108));
#2221 = CARTESIAN_POINT('',(8.168164933744,31.613371999183));
#2222 = CARTESIAN_POINT('',(8.720693031765,31.621737601316));
#2223 = CARTESIAN_POINT('',(9.273367462484,31.629212460119));
#2224 = CARTESIAN_POINT('',(9.826272821362,31.635736565145));
#2225 = CARTESIAN_POINT('',(10.379478449074,31.641288373196));
#2226 = CARTESIAN_POINT('',(11.506379437515,31.650630441731));
#2227 = CARTESIAN_POINT('',(12.080106035034,31.654350641992));
#2228 = CARTESIAN_POINT('',(12.65425698777,31.657048296577));
#2229 = CARTESIAN_POINT('',(13.228876919427,31.658770370166));
#2230 = CARTESIAN_POINT('',(13.80398656537,31.659589555791));
#2231 = CARTESIAN_POINT('',(14.379586073027,31.659589555792));
#2232 = ( GEOMETRIC_REPRESENTATION_CONTEXT(2) 
PARAMETRIC_REPRESENTATION_CONTEXT() REPRESENTATION_CONTEXT('2D SPACE',''
  ) );
#2233 = ADVANCED_FACE('',(#2234),#269,.T.);
#2234 = FACE_BOUND('',#2235,.T.);
#2235 = EDGE_LOOP('',(#2236,#2237,#2326,#2345));
#2236 = ORIENTED_EDGE('',*,*,#2107,.T.);
#2237 = ORIENTED_EDGE('',*,*,#2238,.T.);
#2238 = EDGE_CURVE('',#2047,#2239,#2241,.T.);
#2239 = VERTEX_POINT('',#2240);
#2240 = CARTESIAN_POINT('',(6.148537330212,-4.898003075834E-02,
    -49.48811656581));
#2241 = SURFACE_CURVE('',#2242,(#2271,#2278),.PCURVE_S1.);
#2242 = ( BOUNDED_CURVE() B_SPLINE_CURVE(14,(#2243,#2244,#2245,#2246,
    #2247,#2248,#2249,#2250,#2251,#2252,#2253,#2254,#2255,#2256,#2257,
    #2258,#2259,#2260,#2261,#2262,#2263,#2264,#2265,#2266,#2267,#2268,
#2269,#2270),.UNSPECIFIED.,.F.,.F.) B_SPLINE_CURVE_WITH_KNOTS((15,13,15)
,(8.399304520154,10.766193866606,13.13340616411),.UNSPECIFIED.) CURVE() 
GEOMETRIC_REPRESENTATION_ITEM() RATIONAL_B_SPLINE_CURVE((1.,
    1.000000000001,0.999999999997,1.000000000007,0.999999999985,
    1.000000000023,0.99999999997,1.000000000032,0.999999999972,
    1.00000000002,0.999999999988,1.000000000005,0.999999999998,1.,1.,1.,
    1.,1.,1.,1.000000000001,0.999999999999,1.000000000001,0.999999999999
,1.000000000001,1.,1.,1.,1.)) REPRESENTATION_ITEM('') );
#2243 = CARTESIAN_POINT('',(3.154974774971,5.989587650779E-02,
    -46.01130793614));
#2244 = CARTESIAN_POINT('',(3.171582654988,5.469625166151E-02,
    -46.17735110391));
#2245 = CARTESIAN_POINT('',(3.19567432898,4.951331494627E-02,
    -46.34286135821));
#2246 = CARTESIAN_POINT('',(3.22755880429,4.427544932184E-02,
    -46.51012569484));
#2247 = CARTESIAN_POINT('',(3.267273134325,3.907471027434E-02,
    -46.67620444317));
#2248 = CARTESIAN_POINT('',(3.315586813265,3.380635895264E-02,
    -46.84444230036));
#2249 = CARTESIAN_POINT('',(3.371546924464,2.866964747599E-02,
    -47.0084764126));
#2250 = CARTESIAN_POINT('',(3.435900528317,2.353517624759E-02,
    -47.17243898541));
#2251 = CARTESIAN_POINT('',(3.508537807106,1.845279016023E-02,
    -47.33473828793));
#2252 = CARTESIAN_POINT('',(3.588881722949,1.35256366441E-02,
    -47.4920804428));
#2253 = CARTESIAN_POINT('',(3.67731668663,8.645381622269E-03,
    -47.64792495608));
#2254 = CARTESIAN_POINT('',(3.773204834495,3.931301456652E-03,
    -47.79846289429));
#2255 = CARTESIAN_POINT('',(3.876434072261,-6.528435910207E-04,
    -47.94485152573));
#2256 = CARTESIAN_POINT('',(3.986587660613,-5.072132964246E-03,
    -48.08597570844));
#2257 = CARTESIAN_POINT('',(4.219973203605,-1.356037421323E-02,
    -48.35703650753));
#2258 = CARTESIAN_POINT('',(4.343206618795,-1.762883390858E-02,
    -48.48695740677));
#2259 = CARTESIAN_POINT('',(4.472557328535,-2.150670285909E-02,
    -48.61079204175));
#2260 = CARTESIAN_POINT('',(4.607627287308,-2.517998174893E-02,
    -48.72809336266));
#2261 = CARTESIAN_POINT('',(4.747706778114,-2.863882850659E-02,
    -48.83854707615));
#2262 = CARTESIAN_POINT('',(4.89286429869,-3.186829928451E-02,
    -48.94167596972));
#2263 = CARTESIAN_POINT('',(5.041212661772,-3.486831988255E-02,
    -49.0374776745));
#2264 = CARTESIAN_POINT('',(5.1945464252,-3.762239240275E-02,
    -49.12542535111));
#2265 = CARTESIAN_POINT('',(5.34869801945,-4.013179187149E-02,
    -49.20555971662));
#2266 = CARTESIAN_POINT('',(5.507470078587,-4.239806534878E-02,
    -49.27793017364));
#2267 = CARTESIAN_POINT('',(5.665763831343,-4.440414309064E-02,
    -49.34199162295));
#2268 = CARTESIAN_POINT('',(5.82622867232,-4.61699112253E-02,
    -49.39837910149));
#2269 = CARTESIAN_POINT('',(5.986668540376,-4.769056338105E-02,
    -49.44693912429));
#2270 = CARTESIAN_POINT('',(6.148537330212,-4.898003075834E-02,
    -49.48811656581));
#2271 = PCURVE('',#269,#2272);
#2272 = DEFINITIONAL_REPRESENTATION('',(#2273),#2277);
#2273 = LINE('',#2274,#2275);
#2274 = CARTESIAN_POINT('',(4.734101643956,0.));
#2275 = VECTOR('',#2276,1.);
#2276 = DIRECTION('',(0.,1.));
#2277 = ( GEOMETRIC_REPRESENTATION_CONTEXT(2) 
PARAMETRIC_REPRESENTATION_CONTEXT() REPRESENTATION_CONTEXT('2D SPACE',''
  ) );
#2278 = PCURVE('',#2279,#2295);
#2279 = ( BOUNDED_SURFACE() B_SPLINE_SURFACE(2,2,(
    (#2280,#2281,#2282,#2283,#2284)
    ,(#2285,#2286,#2287,#2288,#2289)
    ,(#2290,#2291,#2292,#2293,#2294
)),.UNSPECIFIED.,.F.,.F.,.F.) B_SPLINE_SURFACE_WITH_KNOTS((3,3),(3,1,1,3
    ),(0.,9.),(-0.5508,-2.731158960101E-15,9.,9.5508),.UNSPECIFIED.) 
GEOMETRIC_REPRESENTATION_ITEM() RATIONAL_B_SPLINE_SURFACE((
    (1.,1.,1.,1.,1.)
    ,(0.819093735262,0.819093735262,0.819093735262,0.819093735262
      ,0.819093735262)
,(1.,1.,1.,1.,1.))) REPRESENTATION_ITEM('') SURFACE() );
#2280 = CARTESIAN_POINT('',(3.154974774971,8.106751378177,
    -46.26329439461));
#2281 = CARTESIAN_POINT('',(3.154974774971,7.831486310711,
    -46.25467449713));
#2282 = CARTESIAN_POINT('',(3.154974774971,3.058426023202,
    -46.10520660154));
#2283 = CARTESIAN_POINT('',(3.154974774971,-1.714634264306,
    -45.95573870595));
#2284 = CARTESIAN_POINT('',(3.154974774971,-1.989899331773,
    -45.94711880847));
#2285 = CARTESIAN_POINT('',(3.4336520659,8.019502592389,-49.04946939856)
  );
#2286 = CARTESIAN_POINT('',(3.4336520659,7.744237524922,-49.04084950108)
  );
#2287 = CARTESIAN_POINT('',(3.4336520659,2.971177237414,-48.89138160549)
  );
#2288 = CARTESIAN_POINT('',(3.4336520659,-1.801883050094,-48.7419137099)
  );
#2289 = CARTESIAN_POINT('',(3.4336520659,-2.077148117561,-48.73329381242
    ));
#2290 = CARTESIAN_POINT('',(6.148537330212,7.997875470911,
    -49.74010302429));
#2291 = CARTESIAN_POINT('',(6.148537330212,7.722610403444,-49.7314831268
    ));
#2292 = CARTESIAN_POINT('',(6.148537330212,2.949550115936,
    -49.58201523121));
#2293 = CARTESIAN_POINT('',(6.148537330212,-1.823510171572,
    -49.43254733563));
#2294 = CARTESIAN_POINT('',(6.148537330212,-2.098775239039,
    -49.42392743814));
#2295 = DEFINITIONAL_REPRESENTATION('',(#2296),#2325);
#2296 = B_SPLINE_CURVE_WITH_KNOTS('',14,(#2297,#2298,#2299,#2300,#2301,
    #2302,#2303,#2304,#2305,#2306,#2307,#2308,#2309,#2310,#2311,#2312,
    #2313,#2314,#2315,#2316,#2317,#2318,#2319,#2320,#2321,#2322,#2323,
    #2324),.UNSPECIFIED.,.F.,.F.,(15,13,15),(8.399304520154,
    10.766193866606,13.13340616411),.UNSPECIFIED.);
#2297 = CARTESIAN_POINT('',(1.202582400653E-14,7.5));
#2298 = CARTESIAN_POINT('',(0.327409689594,7.500000000004));
#2299 = CARTESIAN_POINT('',(0.650600052663,7.49999999998));
#2300 = CARTESIAN_POINT('',(0.975234798268,7.500000000056));
#2301 = CARTESIAN_POINT('',(1.29651389592,7.499999999886));
#2302 = CARTESIAN_POINT('',(1.622231355092,7.500000000183));
#2303 = CARTESIAN_POINT('',(1.941192441913,7.499999999765));
#2304 = CARTESIAN_POINT('',(2.262671093003,7.500000000247));
#2305 = CARTESIAN_POINT('',(2.584855389087,7.499999999788));
#2306 = CARTESIAN_POINT('',(2.902599488324,7.50000000015));
#2307 = CARTESIAN_POINT('',(3.223879560241,7.499999999915));
#2308 = CARTESIAN_POINT('',(3.542499689897,7.500000000038));
#2309 = CARTESIAN_POINT('',(3.861873010418,7.499999999988));
#2310 = CARTESIAN_POINT('',(4.180921718897,7.500000000002));
#2311 = CARTESIAN_POINT('',(4.819116701264,7.5));
#2312 = CARTESIAN_POINT('',(5.138237808778,7.499999999998));
#2313 = CARTESIAN_POINT('',(5.457434175848,7.500000000007));
#2314 = CARTESIAN_POINT('',(5.776918897093,7.499999999984));
#2315 = CARTESIAN_POINT('',(6.096344808098,7.500000000027));
#2316 = CARTESIAN_POINT('',(6.417052078,7.499999999965));
#2317 = CARTESIAN_POINT('',(6.736406621956,7.500000000037));
#2318 = CARTESIAN_POINT('',(7.059343383899,7.499999999968));
#2319 = CARTESIAN_POINT('',(7.378705919004,7.500000000023));
#2320 = CARTESIAN_POINT('',(7.703446326185,7.499999999986));
#2321 = CARTESIAN_POINT('',(8.024569839843,7.500000000006));
#2322 = CARTESIAN_POINT('',(8.348667881496,7.499999999998));
#2323 = CARTESIAN_POINT('',(8.672440236374,7.5));
#2324 = CARTESIAN_POINT('',(9.,7.5));
#2325 = ( GEOMETRIC_REPRESENTATION_CONTEXT(2) 
PARAMETRIC_REPRESENTATION_CONTEXT() REPRESENTATION_CONTEXT('2D SPACE',''
  ) );
#2326 = ORIENTED_EDGE('',*,*,#2327,.F.);
#2327 = EDGE_CURVE('',#204,#2239,#2328,.T.);
#2328 = SURFACE_CURVE('',#2329,(#2333,#2339),.PCURVE_S1.);
#2329 = ( BOUNDED_CURVE() B_SPLINE_CURVE(2,(#2330,#2331,#2332),
.UNSPECIFIED.,.F.,.F.) B_SPLINE_CURVE_WITH_KNOTS((3,3),(0.,
4.734101643956),.PIECEWISE_BEZIER_KNOTS.) CURVE() 
GEOMETRIC_REPRESENTATION_ITEM() RATIONAL_B_SPLINE_CURVE((1.,
0.707106781187,1.)) REPRESENTATION_ITEM('') );
#2330 = CARTESIAN_POINT('',(6.545069812936,-1.502965972996,
    -47.99523784672));
#2331 = CARTESIAN_POINT('',(6.148537330212,-1.548245104106,
    -49.44116723311));
#2332 = CARTESIAN_POINT('',(6.148537330212,-4.898003075834E-02,
    -49.48811656581));
#2333 = PCURVE('',#269,#2334);
#2334 = DEFINITIONAL_REPRESENTATION('',(#2335),#2338);
#2335 = B_SPLINE_CURVE_WITH_KNOTS('',1,(#2336,#2337),.UNSPECIFIED.,.F.,
  .F.,(2,2),(0.,4.734101643956),.PIECEWISE_BEZIER_KNOTS.);
#2336 = CARTESIAN_POINT('',(0.,13.13340616411));
#2337 = CARTESIAN_POINT('',(4.734101643956,13.13340616411));
#2338 = ( GEOMETRIC_REPRESENTATION_CONTEXT(2) 
PARAMETRIC_REPRESENTATION_CONTEXT() REPRESENTATION_CONTEXT('2D SPACE',''
  ) );
#2339 = PCURVE('',#391,#2340);
#2340 = DEFINITIONAL_REPRESENTATION('',(#2341),#2344);
#2341 = B_SPLINE_CURVE_WITH_KNOTS('',1,(#2342,#2343),.UNSPECIFIED.,.F.,
  .F.,(2,2),(0.,4.734101643956),.PIECEWISE_BEZIER_KNOTS.);
#2342 = CARTESIAN_POINT('',(0.,13.13340616411));
#2343 = CARTESIAN_POINT('',(4.210223188365,13.13340616411));
#2344 = ( GEOMETRIC_REPRESENTATION_CONTEXT(2) 
PARAMETRIC_REPRESENTATION_CONTEXT() REPRESENTATION_CONTEXT('2D SPACE',''
  ) );
#2345 = ORIENTED_EDGE('',*,*,#203,.F.);
#2346 = ADVANCED_FACE('',(#2347),#693,.T.);
#2347 = FACE_BOUND('',#2348,.T.);
#2348 = EDGE_LOOP('',(#2349,#2370,#2427,#2428));
#2349 = ORIENTED_EDGE('',*,*,#2350,.T.);
#2350 = EDGE_CURVE('',#430,#2351,#2353,.T.);
#2351 = VERTEX_POINT('',#2352);
#2352 = CARTESIAN_POINT('',(14.630605794485,-2.105763342871E-02,
    -48.59645160123));
#2353 = SURFACE_CURVE('',#2354,(#2358,#2364),.PCURVE_S1.);
#2354 = ( BOUNDED_CURVE() B_SPLINE_CURVE(2,(#2355,#2356,#2357),
.UNSPECIFIED.,.F.,.F.) B_SPLINE_CURVE_WITH_KNOTS((3,3),(0.,
5.035283785523),.PIECEWISE_BEZIER_KNOTS.) CURVE() 
GEOMETRIC_REPRESENTATION_ITEM() RATIONAL_B_SPLINE_CURVE((1.,
0.707106781187,1.)) REPRESENTATION_ITEM('') );
#2355 = CARTESIAN_POINT('',(13.333987964357,-1.496717317637,
    -47.79569527187));
#2356 = CARTESIAN_POINT('',(14.630605794485,-1.520322706776,
    -48.54950226852));
#2357 = CARTESIAN_POINT('',(14.630605794485,-2.105763342871E-02,
    -48.59645160123));
#2358 = PCURVE('',#693,#2359);
#2359 = DEFINITIONAL_REPRESENTATION('',(#2360),#2363);
#2360 = B_SPLINE_CURVE_WITH_KNOTS('',1,(#2361,#2362),.UNSPECIFIED.,.F.,
  .F.,(2,2),(0.,5.035283785523),.PIECEWISE_BEZIER_KNOTS.);
#2361 = CARTESIAN_POINT('',(0.,22.378913137998));
#2362 = CARTESIAN_POINT('',(14.379586073027,22.378913137998));
#2363 = ( GEOMETRIC_REPRESENTATION_CONTEXT(2) 
PARAMETRIC_REPRESENTATION_CONTEXT() REPRESENTATION_CONTEXT('2D SPACE',''
  ) );
#2364 = PCURVE('',#521,#2365);
#2365 = DEFINITIONAL_REPRESENTATION('',(#2366),#2369);
#2366 = B_SPLINE_CURVE_WITH_KNOTS('',1,(#2367,#2368),.UNSPECIFIED.,.F.,
  .F.,(2,2),(0.,5.035283785523),.PIECEWISE_BEZIER_KNOTS.);
#2367 = CARTESIAN_POINT('',(0.,22.378913137998));
#2368 = CARTESIAN_POINT('',(5.035283785523,22.378913137998));
#2369 = ( GEOMETRIC_REPRESENTATION_CONTEXT(2) 
PARAMETRIC_REPRESENTATION_CONTEXT() REPRESENTATION_CONTEXT('2D SPACE',''
  ) );
#2370 = ORIENTED_EDGE('',*,*,#2371,.T.);
#2371 = EDGE_CURVE('',#2351,#2131,#2372,.T.);
#2372 = SURFACE_CURVE('',#2373,(#2394,#2401),.PCURVE_S1.);
#2373 = B_SPLINE_CURVE_WITH_KNOTS('',10,(#2374,#2375,#2376,#2377,#2378,
    #2379,#2380,#2381,#2382,#2383,#2384,#2385,#2386,#2387,#2388,#2389,
    #2390,#2391,#2392,#2393),.UNSPECIFIED.,.F.,.F.,(11,9,11),(
    22.378913137998,36.758499211025,38.464832552187),.UNSPECIFIED.);
#2374 = CARTESIAN_POINT('',(14.630605794485,-2.105763342871E-02,
    -48.59645160123));
#2375 = CARTESIAN_POINT('',(15.327298473292,1.764321312415E-02,
    -47.36059106376));
#2376 = CARTESIAN_POINT('',(16.001574619563,5.642535057388E-02,
    -46.12213460862));
#2377 = CARTESIAN_POINT('',(16.668131419364,9.607528915529E-02,
    -44.85596606789));
#2378 = CARTESIAN_POINT('',(17.313447048894,0.135929716289,
    -43.58326745467));
#2379 = CARTESIAN_POINT('',(17.947099189056,0.176451287487,
    -42.2892644749));
#2380 = CARTESIAN_POINT('',(18.560960652459,0.217261075608,
    -40.98605766746));
#2381 = CARTESIAN_POINT('',(19.160265811708,0.258624830066,
    -39.66516067505));
#2382 = CARTESIAN_POINT('',(19.741558468071,0.300376646461,
    -38.33187143602));
#2383 = CARTESIAN_POINT('',(20.305779599258,0.342573495866,
    -36.98437065427));
#2384 = CARTESIAN_POINT('',(20.917162703261,0.390249256447,
    -35.46190806379));
#2385 = CARTESIAN_POINT('',(20.982015904855,0.395306520366,
    -35.30041100466));
#2386 = CARTESIAN_POINT('',(21.046869106448,0.400363784284,
    -35.13891394553));
#2387 = CARTESIAN_POINT('',(21.111722308041,0.405421048202,
    -34.9774168864));
#2388 = CARTESIAN_POINT('',(21.176575509635,0.410478312121,
    -34.81591982727));
#2389 = CARTESIAN_POINT('',(21.241428711228,0.415535576039,
    -34.65442276814));
#2390 = CARTESIAN_POINT('',(21.306281912822,0.420592839957,
    -34.49292570901));
#2391 = CARTESIAN_POINT('',(21.371135114415,0.425650103875,
    -34.33142864988));
#2392 = CARTESIAN_POINT('',(21.435988316009,0.430707367794,
    -34.16993159075));
#2393 = CARTESIAN_POINT('',(21.500841517602,0.435764631712,
    -34.00843453161));
#2394 = PCURVE('',#693,#2395);
#2395 = DEFINITIONAL_REPRESENTATION('',(#2396),#2400);
#2396 = LINE('',#2397,#2398);
#2397 = CARTESIAN_POINT('',(14.379586073027,0.));
#2398 = VECTOR('',#2399,1.);
#2399 = DIRECTION('',(0.,1.));
#2400 = ( GEOMETRIC_REPRESENTATION_CONTEXT(2) 
PARAMETRIC_REPRESENTATION_CONTEXT() REPRESENTATION_CONTEXT('2D SPACE',''
  ) );
#2401 = PCURVE('',#2402,#2413);
#2402 = ( BOUNDED_SURFACE() B_SPLINE_SURFACE(1,4,(
    (#2403,#2404,#2405,#2406,#2407)
    ,(#2408,#2409,#2410,#2411,#2412
)),.UNSPECIFIED.,.F.,.F.,.F.) B_SPLINE_SURFACE_WITH_KNOTS((2,2),(5,5),(
    2.,3.),(0.,1.),.PIECEWISE_BEZIER_KNOTS.) 
GEOMETRIC_REPRESENTATION_ITEM() RATIONAL_B_SPLINE_SURFACE((
    (1.,1.,1.,1.,1.)
,(1.,1.,1.,1.,1.))) REPRESENTATION_ITEM('') SURFACE() );
#2403 = CARTESIAN_POINT('',(18.816119303072,-1.262760020029,
    -40.32457726492));
#2404 = CARTESIAN_POINT('',(17.517066744224,-1.35181790171,
    -43.16852336231));
#2405 = CARTESIAN_POINT('',(16.12420092359,-1.438386729899,
    -45.93298481633));
#2406 = CARTESIAN_POINT('',(14.643884264163,-1.522315224631,
    -48.61313070062));
#2407 = CARTESIAN_POINT('',(13.082914986535,-1.603485238898,
    -51.20518814621));
#2408 = CARTESIAN_POINT('',(18.816119303072,7.732830420054,
    -40.60627326113));
#2409 = CARTESIAN_POINT('',(17.517066744224,7.643772538373,
    -43.45021935852));
#2410 = CARTESIAN_POINT('',(16.12420092359,7.557203710184,
    -46.21468081254));
#2411 = CARTESIAN_POINT('',(14.643884264163,7.473275215453,
    -48.89482669682));
#2412 = CARTESIAN_POINT('',(13.082914986535,7.392105201186,
    -51.48688414242));
#2413 = DEFINITIONAL_REPRESENTATION('',(#2414),#2426);
#2414 = B_SPLINE_CURVE_WITH_KNOTS('',10,(#2415,#2416,#2417,#2418,#2419,
    #2420,#2421,#2422,#2423,#2424,#2425),.UNSPECIFIED.,.F.,.F.,(11,11),(
    22.378913137998,31.659589335075),.PIECEWISE_BEZIER_KNOTS.);
#2415 = CARTESIAN_POINT('',(2.166666666667,0.747099527784));
#2416 = CARTESIAN_POINT('',(2.166666666667,0.672081895959));
#2417 = CARTESIAN_POINT('',(2.166666666667,0.597570125825));
#2418 = CARTESIAN_POINT('',(2.166666666666,0.522910920107));
#2419 = CARTESIAN_POINT('',(2.166666666667,0.448230271946));
#2420 = CARTESIAN_POINT('',(2.166666666666,0.373529804238));
#2421 = CARTESIAN_POINT('',(2.166666666667,0.298822255819));
#2422 = CARTESIAN_POINT('',(2.166666666667,0.224115606647));
#2423 = CARTESIAN_POINT('',(2.166666666667,0.149410136688));
#2424 = CARTESIAN_POINT('',(2.166666666667,7.47051731148E-02));
#2425 = CARTESIAN_POINT('',(2.166666666667,-1.665267926965E-16));
#2426 = ( GEOMETRIC_REPRESENTATION_CONTEXT(2) 
PARAMETRIC_REPRESENTATION_CONTEXT() REPRESENTATION_CONTEXT('2D SPACE',''
  ) );
#2427 = ORIENTED_EDGE('',*,*,#2156,.F.);
#2428 = ORIENTED_EDGE('',*,*,#652,.F.);
#2429 = ADVANCED_FACE('',(#2430),#391,.T.);
#2430 = FACE_BOUND('',#2431,.T.);
#2431 = EDGE_LOOP('',(#2432,#2433,#2475,#2494));
#2432 = ORIENTED_EDGE('',*,*,#2327,.T.);
#2433 = ORIENTED_EDGE('',*,*,#2434,.T.);
#2434 = EDGE_CURVE('',#2239,#2435,#2437,.T.);
#2435 = VERTEX_POINT('',#2436);
#2436 = CARTESIAN_POINT('',(10.159129020659,-8.092891450213E-02,
    -50.50836206822));
#2437 = SURFACE_CURVE('',#2438,(#2449,#2456),.PCURVE_S1.);
#2438 = ( BOUNDED_CURVE() B_SPLINE_CURVE(9,(#2439,#2440,#2441,#2442,
    #2443,#2444,#2445,#2446,#2447,#2448),.UNSPECIFIED.,.F.,.F.) 
B_SPLINE_CURVE_WITH_KNOTS((10,10),(13.13340616411,17.343629352475),
.PIECEWISE_BEZIER_KNOTS.) CURVE() GEOMETRIC_REPRESENTATION_ITEM() 
RATIONAL_B_SPLINE_CURVE((1.,1.,1.,1.,1.,1.,1.,1.,1.,1.)) 
REPRESENTATION_ITEM('') );
#2439 = CARTESIAN_POINT('',(6.148537330212,-4.898003075834E-02,
    -49.48811656581));
#2440 = CARTESIAN_POINT('',(6.596370808537,-5.254752923236E-02,
    -49.60203992859));
#2441 = CARTESIAN_POINT('',(7.040070264417,-5.608209555755E-02,
    -49.71491164658));
#2442 = CARTESIAN_POINT('',(7.48623250919,-5.963628077239E-02,
    -49.82840986797));
#2443 = CARTESIAN_POINT('',(7.930422675137,-6.317475615648E-02,
    -49.94140641661));
#2444 = CARTESIAN_POINT('',(8.3775483207,-6.673661594457E-02,
    -50.05514971538));
#2445 = CARTESIAN_POINT('',(8.821751644337,-7.027519614448E-02,
    -50.16814961117));
#2446 = CARTESIAN_POINT('',(9.267840280459,-7.382879498344E-02,
    -50.28162910742));
#2447 = CARTESIAN_POINT('',(9.711434331026,-7.73625216365E-02,
    -50.39447401159));
#2448 = CARTESIAN_POINT('',(10.159129020659,-8.092891450213E-02,
    -50.50836206822));
#2449 = PCURVE('',#391,#2450);
#2450 = DEFINITIONAL_REPRESENTATION('',(#2451),#2455);
#2451 = LINE('',#2452,#2453);
#2452 = CARTESIAN_POINT('',(4.210223188365,0.));
#2453 = VECTOR('',#2454,1.);
#2454 = DIRECTION('',(0.,1.));
#2455 = ( GEOMETRIC_REPRESENTATION_CONTEXT(2) 
PARAMETRIC_REPRESENTATION_CONTEXT() REPRESENTATION_CONTEXT('2D SPACE',''
  ) );
#2456 = PCURVE('',#2457,#2462);
#2457 = PLANE('',#2458);
#2458 = AXIS2_PLACEMENT_3D('',#2459,#2460,#2461);
#2459 = CARTESIAN_POINT('',(3.391866848361,7.469305323816,
    -49.02159995502));
#2460 = DIRECTION('',(-0.246649264819,-3.033254955087E-02,
    -0.968629999846));
#2461 = DIRECTION('',(0.72032993521,-0.674375211539,-0.162304832033));
#2462 = DEFINITIONAL_REPRESENTATION('',(#2463),#2474);
#2463 = B_SPLINE_CURVE_WITH_KNOTS('',9,(#2464,#2465,#2466,#2467,#2468,
    #2469,#2470,#2471,#2472,#2473),.UNSPECIFIED.,.F.,.F.,(10,10),(
    13.13340616411,17.343629352475),.PIECEWISE_BEZIER_KNOTS.);
#2464 = CARTESIAN_POINT('',(7.131575446146,3.671800133774));
#2465 = CARTESIAN_POINT('',(7.475059451371,3.362664529071));
#2466 = CARTESIAN_POINT('',(7.815372700821,3.056382604565));
#2467 = CARTESIAN_POINT('',(8.157574885858,2.748400638035));
#2468 = CARTESIAN_POINT('',(8.498264505246,2.441779980582));
#2469 = CARTESIAN_POINT('',(8.841205609498,2.133132986759));
#2470 = CARTESIAN_POINT('',(9.181905320709,1.826503246666));
#2471 = CARTESIAN_POINT('',(9.524051048612,1.518572091554));
#2472 = CARTESIAN_POINT('',(9.864283453193,1.212362927431));
#2473 = CARTESIAN_POINT('',(10.207661008815,0.903323127371));
#2474 = ( GEOMETRIC_REPRESENTATION_CONTEXT(2) 
PARAMETRIC_REPRESENTATION_CONTEXT() REPRESENTATION_CONTEXT('2D SPACE',''
  ) );
#2475 = ORIENTED_EDGE('',*,*,#2476,.F.);
#2476 = EDGE_CURVE('',#362,#2435,#2477,.T.);
#2477 = SURFACE_CURVE('',#2478,(#2482,#2488),.PCURVE_S1.);
#2478 = ( BOUNDED_CURVE() B_SPLINE_CURVE(2,(#2479,#2480,#2481),
.UNSPECIFIED.,.F.,.F.) B_SPLINE_CURVE_WITH_KNOTS((3,3),(0.,
4.210223188365),.PIECEWISE_BEZIER_KNOTS.) CURVE() 
GEOMETRIC_REPRESENTATION_ITEM() RATIONAL_B_SPLINE_CURVE((1.,
0.707106781187,1.)) REPRESENTATION_ITEM('') );
#2479 = CARTESIAN_POINT('',(10.504571020883,-1.534506609017,
    -49.00244649605));
#2480 = CARTESIAN_POINT('',(10.159129020659,-1.580193987849,
    -50.46141273552));
#2481 = CARTESIAN_POINT('',(10.159129020659,-8.092891450213E-02,
    -50.50836206822));
#2482 = PCURVE('',#391,#2483);
#2483 = DEFINITIONAL_REPRESENTATION('',(#2484),#2487);
#2484 = B_SPLINE_CURVE_WITH_KNOTS('',1,(#2485,#2486),.UNSPECIFIED.,.F.,
  .F.,(2,2),(0.,4.210223188365),.PIECEWISE_BEZIER_KNOTS.);
#2485 = CARTESIAN_POINT('',(0.,17.343629352475));
#2486 = CARTESIAN_POINT('',(4.210223188365,17.343629352475));
#2487 = ( GEOMETRIC_REPRESENTATION_CONTEXT(2) 
PARAMETRIC_REPRESENTATION_CONTEXT() REPRESENTATION_CONTEXT('2D SPACE',''
  ) );
#2488 = PCURVE('',#521,#2489);
#2489 = DEFINITIONAL_REPRESENTATION('',(#2490),#2493);
#2490 = B_SPLINE_CURVE_WITH_KNOTS('',1,(#2491,#2492),.UNSPECIFIED.,.F.,
  .F.,(2,2),(0.,4.210223188365),.PIECEWISE_BEZIER_KNOTS.);
#2491 = CARTESIAN_POINT('',(0.,17.343629352475));
#2492 = CARTESIAN_POINT('',(5.035283785523,17.343629352475));
#2493 = ( GEOMETRIC_REPRESENTATION_CONTEXT(2) 
PARAMETRIC_REPRESENTATION_CONTEXT() REPRESENTATION_CONTEXT('2D SPACE',''
  ) );
#2494 = ORIENTED_EDGE('',*,*,#361,.F.);
#2495 = ADVANCED_FACE('',(#2496),#521,.T.);
#2496 = FACE_BOUND('',#2497,.T.);
#2497 = EDGE_LOOP('',(#2498,#2499,#2612,#2613));
#2498 = ORIENTED_EDGE('',*,*,#2476,.T.);
#2499 = ORIENTED_EDGE('',*,*,#2500,.T.);
#2500 = EDGE_CURVE('',#2435,#2351,#2501,.T.);
#2501 = SURFACE_CURVE('',#2502,(#2544,#2551),.PCURVE_S1.);
#2502 = ( BOUNDED_CURVE() B_SPLINE_CURVE(14,(#2503,#2504,#2505,#2506,
    #2507,#2508,#2509,#2510,#2511,#2512,#2513,#2514,#2515,#2516,#2517,
    #2518,#2519,#2520,#2521,#2522,#2523,#2524,#2525,#2526,#2527,#2528,
    #2529,#2530,#2531,#2532,#2533,#2534,#2535,#2536,#2537,#2538,#2539,
    #2540,#2541,#2542,#2543),.UNSPECIFIED.,.F.,.F.) 
B_SPLINE_CURVE_WITH_KNOTS((15,13,13,15),(17.343629352475,19.860996773959
,21.601125469679,22.378913137998),.UNSPECIFIED.) CURVE() 
GEOMETRIC_REPRESENTATION_ITEM() RATIONAL_B_SPLINE_CURVE((1.,
    0.999999999999,1.000000000004,0.999999999988,1.000000000024,
    0.999999999962,1.000000000048,0.999999999949,1.000000000044,
    0.999999999968,1.000000000019,0.999999999991,1.000000000004,
    0.999999999999,1.000000000001,0.999999999994,1.000000000017,
    0.999999999965,1.000000000056,0.999999999927,1.000000000078,
    0.999999999932,1.000000000049,0.999999999971,1.000000000014,
    0.999999999995,1.000000000001,0.999999999999,1.000000000002,
    0.999999999993,1.000000000014,0.999999999978,1.000000000027,
    0.999999999971,1.000000000025,0.999999999982,1.00000000001,
0.999999999995,1.000000000002,1.,1.)) REPRESENTATION_ITEM('') );
#2503 = CARTESIAN_POINT('',(10.159129020659,-8.092891450213E-02,
    -50.50836206822));
#2504 = CARTESIAN_POINT('',(10.331211995569,-8.229974937735E-02,
    -50.55213787357));
#2505 = CARTESIAN_POINT('',(10.505884747088,-8.341711735084E-02,
    -50.58781954741));
#2506 = CARTESIAN_POINT('',(10.685053826551,-8.429284554276E-02,
    -50.61578477328));
#2507 = CARTESIAN_POINT('',(10.867299492746,-8.490022891281E-02,
    -50.63518076076));
#2508 = CARTESIAN_POINT('',(11.052758619106,-8.522903800352E-02,
    -50.64568084593));
#2509 = CARTESIAN_POINT('',(11.239643061497,-8.526803430431E-02,
    -50.6469261412));
#2510 = CARTESIAN_POINT('',(11.427588876218,-8.500986455299E-02,
    -50.63868183065));
#2511 = CARTESIAN_POINT('',(11.616662588484,-8.444990607537E-02,
    -50.62080029426));
#2512 = CARTESIAN_POINT('',(11.805409451244,-8.358265190228E-02,
    -50.5931056753));
#2513 = CARTESIAN_POINT('',(11.992732159633,-8.240678241805E-02,
    -50.55555583262));
#2514 = CARTESIAN_POINT('',(12.1789293493,-8.092705059733E-02,
    -50.50830254691));
#2515 = CARTESIAN_POINT('',(12.362301888527,-7.914468555274E-02,
    -50.45138506784));
#2516 = CARTESIAN_POINT('',(12.542592120457,-7.70682752641E-02,
    -50.38507764143));
#2517 = CARTESIAN_POINT('',(12.84089083022,-7.307417961688E-02,
    -50.25753146007));
#2518 = CARTESIAN_POINT('',(12.960950595089,-7.130545748763E-02,
    -50.20104964956));
#2519 = CARTESIAN_POINT('',(13.078918281866,-6.940356353829E-02,
    -50.14031517248));
#2520 = CARTESIAN_POINT('',(13.194571023801,-6.737213343421E-02,
    -50.07544412894));
#2521 = CARTESIAN_POINT('',(13.307695495157,-6.521532677752E-02,
    -50.00656935052));
#2522 = CARTESIAN_POINT('',(13.41808931191,-6.293779374414E-02,
    -49.93383933416));
#2523 = CARTESIAN_POINT('',(13.525562278045,-6.054464102556E-02,
    -49.85741715576));
#2524 = CARTESIAN_POINT('',(13.629937477121,-5.804139723752E-02,
    -49.77747936383));
#2525 = CARTESIAN_POINT('',(13.731052208985,-5.5433977584E-02,
    -49.6942148532));
#2526 = CARTESIAN_POINT('',(13.828758772417,-5.27286480138E-02,
    -49.60782371817));
#2527 = CARTESIAN_POINT('',(13.92292509231,-4.993198863906E-02,
    -49.51851608633));
#2528 = CARTESIAN_POINT('',(14.013435193089,-4.705085661088E-02,
    -49.42651093153));
#2529 = CARTESIAN_POINT('',(14.100189516756,-4.40923483083E-02,
    -49.33203486741));
#2530 = CARTESIAN_POINT('',(14.220165970877,-3.971006915135E-02,
    -49.19209255718));
#2531 = CARTESIAN_POINT('',(14.256460035513,-3.834237360994E-02,
    -49.14841700233));
#2532 = CARTESIAN_POINT('',(14.291979626547,-3.69613418608E-02,
    -49.10431557321));
#2533 = CARTESIAN_POINT('',(14.326719816739,-3.556753574351E-02,
    -49.05980621159));
#2534 = CARTESIAN_POINT('',(14.360668909028,-3.416193915672E-02,
    -49.01492033664));
#2535 = CARTESIAN_POINT('',(14.393836064694,-3.27444211349E-02,
    -48.96965376675));
#2536 = CARTESIAN_POINT('',(14.426190260033,-3.13171306525E-02,
    -48.92407512568));
#2537 = CARTESIAN_POINT('',(14.457767011803,-2.987856210266E-02,
    -48.87813633498));
#2538 = CARTESIAN_POINT('',(14.488520542461,-2.843179514243E-02,
    -48.8319357383));
#2539 = CARTESIAN_POINT('',(14.518493468031,-2.697503163934E-02,
    -48.78541591562));
#2540 = CARTESIAN_POINT('',(14.547663670137,-2.551013811017E-02,
    -48.738636471));
#2541 = CARTESIAN_POINT('',(14.576060302516,-2.403598899323E-02,
    -48.69156146153));
#2542 = CARTESIAN_POINT('',(14.603688718558,-2.255286031548E-02,
    -48.64419970155));
#2543 = CARTESIAN_POINT('',(14.630605794485,-2.105763342871E-02,
    -48.59645160123));
#2544 = PCURVE('',#521,#2545);
#2545 = DEFINITIONAL_REPRESENTATION('',(#2546),#2550);
#2546 = LINE('',#2547,#2548);
#2547 = CARTESIAN_POINT('',(5.035283785523,0.));
#2548 = VECTOR('',#2549,1.);
#2549 = DIRECTION('',(0.,1.));
#2550 = ( GEOMETRIC_REPRESENTATION_CONTEXT(2) 
PARAMETRIC_REPRESENTATION_CONTEXT() REPRESENTATION_CONTEXT('2D SPACE',''
  ) );
#2551 = PCURVE('',#2552,#2568);
#2552 = ( BOUNDED_SURFACE() B_SPLINE_SURFACE(2,2,(
    (#2553,#2554,#2555,#2556,#2557)
    ,(#2558,#2559,#2560,#2561,#2562)
    ,(#2563,#2564,#2565,#2566,#2567
)),.UNSPECIFIED.,.F.,.F.,.F.) B_SPLINE_SURFACE_WITH_KNOTS((3,3),(3,1,1,3
    ),(0.,9.),(-0.5508,1.454180830877E-14,9.,9.5508),.UNSPECIFIED.) 
GEOMETRIC_REPRESENTATION_ITEM() RATIONAL_B_SPLINE_SURFACE((
    (1.,1.,1.,1.,1.)
    ,(0.793990212245,0.793990212245,0.793990212245,0.793990212245
      ,0.793990212245)
,(1.,1.,1.,1.,1.))) REPRESENTATION_ITEM('') SURFACE() );
#2553 = CARTESIAN_POINT('',(10.159129020659,-2.130724122782,
    -50.44417294055));
#2554 = CARTESIAN_POINT('',(10.159129020659,-1.855459055316,
    -50.45279283803));
#2555 = CARTESIAN_POINT('',(10.159129020659,2.917601232192,
    -50.60226073362));
#2556 = CARTESIAN_POINT('',(10.159129020659,7.690661519701,
    -50.75172862921));
#2557 = CARTESIAN_POINT('',(10.159129020659,7.965926587167,
    -50.76034852669));
#2558 = CARTESIAN_POINT('',(13.127167693206,-2.154367896523,
    -51.1992056989));
#2559 = CARTESIAN_POINT('',(13.127167693206,-1.879102829057,
    -51.20782559638));
#2560 = CARTESIAN_POINT('',(13.127167693206,2.893957458451,
    -51.35729349197));
#2561 = CARTESIAN_POINT('',(13.127167693206,7.66701774596,
    -51.50676138756));
#2562 = CARTESIAN_POINT('',(13.127167693206,7.942282813426,
    -51.51538128504));
#2563 = CARTESIAN_POINT('',(14.630605794485,-2.070852841709,
    -48.53226247356));
#2564 = CARTESIAN_POINT('',(14.630605794485,-1.795587774243,
    -48.54088237104));
#2565 = CARTESIAN_POINT('',(14.630605794485,2.977472513266,
    -48.69035026663));
#2566 = CARTESIAN_POINT('',(14.630605794485,7.750532800774,
    -48.83981816222));
#2567 = CARTESIAN_POINT('',(14.630605794485,8.025797868241,
    -48.8484380597));
#2568 = DEFINITIONAL_REPRESENTATION('',(#2569),#2611);
#2569 = B_SPLINE_CURVE_WITH_KNOTS('',14,(#2570,#2571,#2572,#2573,#2574,
    #2575,#2576,#2577,#2578,#2579,#2580,#2581,#2582,#2583,#2584,#2585,
    #2586,#2587,#2588,#2589,#2590,#2591,#2592,#2593,#2594,#2595,#2596,
    #2597,#2598,#2599,#2600,#2601,#2602,#2603,#2604,#2605,#2606,#2607,
    #2608,#2609,#2610),.UNSPECIFIED.,.F.,.F.,(15,13,13,15),(
    17.343629352475,19.860996773959,21.601125469679,22.378913137998),
  .UNSPECIFIED.);
#2570 = CARTESIAN_POINT('',(-9.406266754476E-17,1.5));
#2571 = CARTESIAN_POINT('',(0.328598604713,1.499999999999));
#2572 = CARTESIAN_POINT('',(0.652822547169,1.500000000007));
#2573 = CARTESIAN_POINT('',(0.977566264481,1.499999999981));
#2574 = CARTESIAN_POINT('',(1.300905073588,1.500000000039));
#2575 = CARTESIAN_POINT('',(1.624325085309,1.499999999939));
#2576 = CARTESIAN_POINT('',(1.945915061418,1.500000000078));
#2577 = CARTESIAN_POINT('',(2.266309682208,1.499999999918));
#2578 = CARTESIAN_POINT('',(2.587017918868,1.500000000071));
#2579 = CARTESIAN_POINT('',(2.906898287975,1.499999999949));
#2580 = CARTESIAN_POINT('',(3.225459501952,1.50000000003));
#2581 = CARTESIAN_POINT('',(3.544716036558,1.499999999985));
#2582 = CARTESIAN_POINT('',(3.863092961089,1.500000000006));
#2583 = CARTESIAN_POINT('',(4.181559048266,1.499999999999));
#2584 = CARTESIAN_POINT('',(4.720117571667,1.500000000001));
#2585 = CARTESIAN_POINT('',(4.940239312374,1.499999999992));
#2586 = CARTESIAN_POINT('',(5.160401980633,1.500000000024));
#2587 = CARTESIAN_POINT('',(5.380645591857,1.499999999949));
#2588 = CARTESIAN_POINT('',(5.601010462835,1.500000000082));
#2589 = CARTESIAN_POINT('',(5.821536802103,1.499999999893));
#2590 = CARTESIAN_POINT('',(6.042264184063,1.500000000114));
#2591 = CARTESIAN_POINT('',(6.263230870126,1.4999999999));
#2592 = CARTESIAN_POINT('',(6.484473025643,1.500000000073));
#2593 = CARTESIAN_POINT('',(6.706023777046,1.499999999957));
#2594 = CARTESIAN_POINT('',(6.927912163841,1.50000000002));
#2595 = CARTESIAN_POINT('',(7.150161939045,1.499999999993));
#2596 = CARTESIAN_POINT('',(7.372790252051,1.500000000002));
#2597 = CARTESIAN_POINT('',(7.695487928086,1.499999999999));
#2598 = CARTESIAN_POINT('',(7.795247362819,1.500000000004));
#2599 = CARTESIAN_POINT('',(7.895084268793,1.499999999989));
#2600 = CARTESIAN_POINT('',(7.995005833886,1.500000000022));
#2601 = CARTESIAN_POINT('',(8.094990770206,1.499999999965));
#2602 = CARTESIAN_POINT('',(8.195093563081,1.500000000046));
#2603 = CARTESIAN_POINT('',(8.295213968024,1.499999999951));
#2604 = CARTESIAN_POINT('',(8.395499818375,1.500000000044));
#2605 = CARTESIAN_POINT('',(8.495787687156,1.499999999968));
#2606 = CARTESIAN_POINT('',(8.596245126874,1.500000000019));
#2607 = CARTESIAN_POINT('',(8.696790405263,1.499999999991));
#2608 = CARTESIAN_POINT('',(8.797543649683,1.500000000003));
#2609 = CARTESIAN_POINT('',(8.898529525254,1.499999999999));
#2610 = CARTESIAN_POINT('',(9.,1.5));
#2611 = ( GEOMETRIC_REPRESENTATION_CONTEXT(2) 
PARAMETRIC_REPRESENTATION_CONTEXT() REPRESENTATION_CONTEXT('2D SPACE',''
  ) );
#2612 = ORIENTED_EDGE('',*,*,#2350,.F.);
#2613 = ORIENTED_EDGE('',*,*,#429,.F.);
#2614 = ADVANCED_FACE('',(#2615),#892,.T.);
#2615 = FACE_BOUND('',#2616,.T.);
#2616 = EDGE_LOOP('',(#2617));
#2617 = ORIENTED_EDGE('',*,*,#871,.T.);
#2618 = ADVANCED_FACE('',(#2619),#1031,.T.);
#2619 = FACE_BOUND('',#2620,.T.);
#2620 = EDGE_LOOP('',(#2621));
#2621 = ORIENTED_EDGE('',*,*,#1010,.T.);
#2622 = ADVANCED_FACE('',(#2623),#1170,.T.);
#2623 = FACE_BOUND('',#2624,.T.);
#2624 = EDGE_LOOP('',(#2625));
#2625 = ORIENTED_EDGE('',*,*,#1149,.T.);
#2626 = ADVANCED_FACE('',(#2627),#1382,.F.);
#2627 = FACE_BOUND('',#2628,.F.);
#2628 = EDGE_LOOP('',(#2629,#2663,#2757,#2758));
#2629 = ORIENTED_EDGE('',*,*,#2630,.T.);
#2630 = EDGE_CURVE('',#1291,#2631,#2633,.T.);
#2631 = VERTEX_POINT('',#2632);
#2632 = CARTESIAN_POINT('',(5.441370974313,3.312293123124,2.908946241704
    ));
#2633 = SURFACE_CURVE('',#2634,(#2638,#2644),.PCURVE_S1.);
#2634 = ( BOUNDED_CURVE() B_SPLINE_CURVE(2,(#2635,#2636,#2637),
.UNSPECIFIED.,.F.,.F.) B_SPLINE_CURVE_WITH_KNOTS((3,3),(0.,
6.323429745772E-02),.PIECEWISE_BEZIER_KNOTS.) CURVE() 
GEOMETRIC_REPRESENTATION_ITEM() RATIONAL_B_SPLINE_CURVE((1.,
0.688947810671,1.)) REPRESENTATION_ITEM('') );
#2635 = CARTESIAN_POINT('',(7.268286103631,3.480450892807,1.741786311656
    ));
#2636 = CARTESIAN_POINT('',(5.753290160311,3.252952858956,1.36313601144)
  );
#2637 = CARTESIAN_POINT('',(5.441370974313,3.312293123124,2.908946241704
    ));
#2638 = PCURVE('',#1382,#2639);
#2639 = DEFINITIONAL_REPRESENTATION('',(#2640),#2643);
#2640 = B_SPLINE_CURVE_WITH_KNOTS('',1,(#2641,#2642),.UNSPECIFIED.,.F.,
  .F.,(2,2),(0.,6.323429745772E-02),.PIECEWISE_BEZIER_KNOTS.);
#2641 = CARTESIAN_POINT('',(0.,0.242473257909));
#2642 = CARTESIAN_POINT('',(7.399073702527,0.242473257909));
#2643 = ( GEOMETRIC_REPRESENTATION_CONTEXT(2) 
PARAMETRIC_REPRESENTATION_CONTEXT() REPRESENTATION_CONTEXT('2D SPACE',''
  ) );
#2644 = PCURVE('',#2645,#2658);
#2645 = ( BOUNDED_SURFACE() B_SPLINE_SURFACE(2,3,(
    (#2646,#2647,#2648,#2649)
    ,(#2650,#2651,#2652,#2653)
    ,(#2654,#2655,#2656,#2657
)),.UNSPECIFIED.,.F.,.F.,.F.) B_SPLINE_SURFACE_WITH_KNOTS((3,3),(4,4),(
    0.,6.323429745772E-02),(0.179238960451,0.242473257909),
.PIECEWISE_BEZIER_KNOTS.) GEOMETRIC_REPRESENTATION_ITEM() 
RATIONAL_B_SPLINE_SURFACE((
    (1.,1.,1.,1.)
    ,(0.692629352284,0.691594732684,0.690370014473,0.688947810671)
,(1.,1.,1.,1.))) REPRESENTATION_ITEM('') SURFACE() );
#2646 = CARTESIAN_POINT('',(5.451288458203,3.244156553303,2.915430302264
    ));
#2647 = CARTESIAN_POINT('',(5.448409012336,3.266954509948,2.913413870803
    ));
#2648 = CARTESIAN_POINT('',(5.445099964321,3.289673255769,2.911260044768
    ));
#2649 = CARTESIAN_POINT('',(5.441370974313,3.312293123124,2.908946241704
    ));
#2650 = CARTESIAN_POINT('',(5.757814698006,3.188072206175,1.384750248223
    ));
#2651 = CARTESIAN_POINT('',(5.756527520545,3.209829456796,1.37850610712)
  );
#2652 = CARTESIAN_POINT('',(5.755011305236,3.231475913773,1.371316692937
    ));
#2653 = CARTESIAN_POINT('',(5.753290160311,3.252952858956,1.36313601144)
  );
#2654 = CARTESIAN_POINT('',(7.268286103631,3.356283253337,1.745674608609
    ));
#2655 = CARTESIAN_POINT('',(7.268286103631,3.397508182624,1.744383654157
    ));
#2656 = CARTESIAN_POINT('',(7.268286103631,3.438878581139,1.743088144351
    ));
#2657 = CARTESIAN_POINT('',(7.268286103631,3.480450892807,1.741786311656
    ));
#2658 = DEFINITIONAL_REPRESENTATION('',(#2659),#2662);
#2659 = B_SPLINE_CURVE_WITH_KNOTS('',1,(#2660,#2661),.UNSPECIFIED.,.F.,
  .F.,(2,2),(0.,6.323429745772E-02),.PIECEWISE_BEZIER_KNOTS.);
#2660 = CARTESIAN_POINT('',(6.323429745772E-02,0.242473257909));
#2661 = CARTESIAN_POINT('',(0.,0.242473257909));
#2662 = ( GEOMETRIC_REPRESENTATION_CONTEXT(2) 
PARAMETRIC_REPRESENTATION_CONTEXT() REPRESENTATION_CONTEXT('2D SPACE',''
  ) );
#2663 = ORIENTED_EDGE('',*,*,#2664,.T.);
#2664 = EDGE_CURVE('',#2631,#1857,#2665,.T.);
#2665 = SURFACE_CURVE('',#2666,(#2708,#2715),.PCURVE_S1.);
#2666 = ( BOUNDED_CURVE() B_SPLINE_CURVE(14,(#2667,#2668,#2669,#2670,
    #2671,#2672,#2673,#2674,#2675,#2676,#2677,#2678,#2679,#2680,#2681,
    #2682,#2683,#2684,#2685,#2686,#2687,#2688,#2689,#2690,#2691,#2692,
    #2693,#2694,#2695,#2696,#2697,#2698,#2699,#2700,#2701,#2702,#2703,
    #2704,#2705,#2706,#2707),.UNSPECIFIED.,.F.,.F.) 
B_SPLINE_CURVE_WITH_KNOTS((15,13,13,15),(0.242473257909,2.083005653995,
4.100093829468,7.641546960435),.UNSPECIFIED.) CURVE() 
GEOMETRIC_REPRESENTATION_ITEM() RATIONAL_B_SPLINE_CURVE((1.,1.,
    1.000000000001,0.999999999997,1.000000000006,0.999999999991,
    1.000000000012,0.999999999988,1.00000000001,0.999999999993,
    1.000000000004,0.999999999998,1.000000000001,1.,1.,1.,0.999999999999
    ,1.000000000003,0.999999999994,1.000000000009,0.99999999999,
    1.000000000009,0.999999999993,1.000000000004,0.999999999998,
    1.000000000001,1.,1.,1.000000000001,0.999999999998,1.000000000005,
    0.999999999992,1.000000000011,0.999999999988,1.000000000011,
    0.999999999991,1.000000000005,0.999999999997,1.000000000001,1.,1.)) 
REPRESENTATION_ITEM('') );
#2667 = CARTESIAN_POINT('',(5.441370974313,3.312293123124,2.908946241704
    ));
#2668 = CARTESIAN_POINT('',(5.418112822181,3.453375913644,2.894514778077
    ));
#2669 = CARTESIAN_POINT('',(5.382914979467,3.591739778768,2.876658235964
    ));
#2670 = CARTESIAN_POINT('',(5.336127604116,3.726127542684,2.855522012487
    ));
#2671 = CARTESIAN_POINT('',(5.278229114487,3.855367656161,2.831281013881
    ));
#2672 = CARTESIAN_POINT('',(5.209834033381,3.978365359416,2.804143173698
    ));
#2673 = CARTESIAN_POINT('',(5.131682502789,4.094116815034,2.774347039403
    ));
#2674 = CARTESIAN_POINT('',(5.044618795047,4.201731256911,2.742155968232
    ));
#2675 = CARTESIAN_POINT('',(4.949564848248,4.300450401593,2.707850982986
    ));
#2676 = CARTESIAN_POINT('',(4.847493554696,4.389658572003,2.671723850029
    ));
#2677 = CARTESIAN_POINT('',(4.739405234098,4.468881182528,2.634071451202
    ));
#2678 = CARTESIAN_POINT('',(4.626309423407,4.537773439157,2.595192033014
    ));
#2679 = CARTESIAN_POINT('',(4.509212818558,4.596105306982,2.555383426187
    ));
#2680 = CARTESIAN_POINT('',(4.389112903618,4.643753001565,2.514942839779
    ));
#2681 = CARTESIAN_POINT('',(4.133163816611,4.72121521402,2.429480399572)
  );
#2682 = CARTESIAN_POINT('',(3.996904123137,4.748880729242,2.384389811671
    ));
#2683 = CARTESIAN_POINT('',(3.859501188319,4.763697945346,2.339281822958
    ));
#2684 = CARTESIAN_POINT('',(3.722191898831,4.765815393113,2.294532388035
    ));
#2685 = CARTESIAN_POINT('',(3.586150109938,4.75552139762,2.250504743206)
  );
#2686 = CARTESIAN_POINT('',(3.452474190878,4.733225651939,2.207547011815
    ));
#2687 = CARTESIAN_POINT('',(3.322177270769,4.699441163054,2.165989845696
    ));
#2688 = CARTESIAN_POINT('',(3.196180184916,4.654766568081,2.126144102544
    ));
#2689 = CARTESIAN_POINT('',(3.075307121596,4.599868823368,2.088298559412
    ));
#2690 = CARTESIAN_POINT('',(2.960283969348,4.535466263511,2.05271766216)
  );
#2691 = CARTESIAN_POINT('',(2.851739364623,4.462312033206,2.019639310961
    ));
#2692 = CARTESIAN_POINT('',(2.750208440014,4.381177889476,1.989272681834
    ));
#2693 = CARTESIAN_POINT('',(2.656139272839,4.292838376035,1.961796084186
    ));
#2694 = CARTESIAN_POINT('',(2.418493116056,4.031642426523,1.894442764169
    ));
#2695 = CARTESIAN_POINT('',(2.291226182027,3.845377464252,1.86088880015)
  );
#2696 = CARTESIAN_POINT('',(2.190113845575,3.643281321113,1.837500623892
    ));
#2697 = CARTESIAN_POINT('',(2.11647918707,3.430212629537,1.824754169332)
  );
#2698 = CARTESIAN_POINT('',(2.070698562552,3.206734747489,1.822958422238
    ));
#2699 = CARTESIAN_POINT('',(2.054130867565,2.984554027288,1.831965696513
    ));
#2700 = CARTESIAN_POINT('',(2.065202631464,2.751251731444,1.85188872793)
  );
#2701 = CARTESIAN_POINT('',(2.107281943216,2.530804059517,1.882373894556
    ));
#2702 = CARTESIAN_POINT('',(2.178428351122,2.306085762882,1.923481333249
    ));
#2703 = CARTESIAN_POINT('',(2.280682571294,2.097831111503,1.974048368342
    ));
#2704 = CARTESIAN_POINT('',(2.412589368546,1.901724893238,2.033272260193
    ));
#2705 = CARTESIAN_POINT('',(2.572922547059,1.727281087877,2.099608088131
    ));
#2706 = CARTESIAN_POINT('',(2.758810483683,1.57862841889,2.171495228624)
  );
#2707 = CARTESIAN_POINT('',(2.966163454796,1.460932340643,2.247099490408
    ));
#2708 = PCURVE('',#1382,#2709);
#2709 = DEFINITIONAL_REPRESENTATION('',(#2710),#2714);
#2710 = LINE('',#2711,#2712);
#2711 = CARTESIAN_POINT('',(7.399073702527,0.));
#2712 = VECTOR('',#2713,1.);
#2713 = DIRECTION('',(0.,1.));
#2714 = ( GEOMETRIC_REPRESENTATION_CONTEXT(2) 
PARAMETRIC_REPRESENTATION_CONTEXT() REPRESENTATION_CONTEXT('2D SPACE',''
  ) );
#2715 = PCURVE('',#1918,#2716);
#2716 = DEFINITIONAL_REPRESENTATION('',(#2717),#2756);
#2717 = B_SPLINE_CURVE_WITH_KNOTS('',10,(#2718,#2719,#2720,#2721,#2722,
    #2723,#2724,#2725,#2726,#2727,#2728,#2729,#2730,#2731,#2732,#2733,
    #2734,#2735,#2736,#2737,#2738,#2739,#2740,#2741,#2742,#2743,#2744,
    #2745,#2746,#2747,#2748,#2749,#2750,#2751,#2752,#2753,#2754,#2755),
  .UNSPECIFIED.,.F.,.F.,(11,9,9,9,11),(0.242473257909,2.09224168354,
    3.942010109172,5.791778534804,7.641546960435),.UNSPECIFIED.);
#2718 = CARTESIAN_POINT('',(-0.279551770318,0.179414206208));
#2719 = CARTESIAN_POINT('',(-0.278653235746,0.294697294172));
#2720 = CARTESIAN_POINT('',(-0.277605022596,0.409434195087));
#2721 = CARTESIAN_POINT('',(-0.276415552312,0.523457528617));
#2722 = CARTESIAN_POINT('',(-0.275092754955,0.636691887881));
#2723 = CARTESIAN_POINT('',(-0.273645984447,0.748999468151));
#2724 = CARTESIAN_POINT('',(-0.272086036813,0.860246458868));
#2725 = CARTESIAN_POINT('',(-0.270425005799,0.970371152451));
#2726 = CARTESIAN_POINT('',(-0.268676860546,1.079361686956));
#2727 = CARTESIAN_POINT('',(-0.266858780328,1.187178303243));
#2728 = CARTESIAN_POINT('',(-0.263126083042,1.400385618533));
#2729 = CARTESIAN_POINT('',(-0.261211413767,1.505778629859));
#2730 = CARTESIAN_POINT('',(-0.259269676488,1.609934078367));
#2731 = CARTESIAN_POINT('',(-0.257325476621,1.712848407812));
#2732 = CARTESIAN_POINT('',(-0.25540755547,1.814533070776));
#2733 = CARTESIAN_POINT('',(-0.253548734137,1.915009935793));
#2734 = CARTESIAN_POINT('',(-0.25178501822,2.014310452975));
#2735 = CARTESIAN_POINT('',(-0.250153863327,2.112478578212));
#2736 = CARTESIAN_POINT('',(-0.248691601376,2.209577455869));
#2737 = CARTESIAN_POINT('',(-0.246168454046,2.401822264225));
#2738 = CARTESIAN_POINT('',(-0.24510758597,2.496964817005));
#2739 = CARTESIAN_POINT('',(-0.244278839749,2.591245954661));
#2740 = CARTESIAN_POINT('',(-0.243711470714,2.684698645171));
#2741 = CARTESIAN_POINT('',(-0.243424197248,2.777620605704));
#2742 = CARTESIAN_POINT('',(-0.2434326444,2.870070139612));
#2743 = CARTESIAN_POINT('',(-0.243738514877,2.962342690506));
#2744 = CARTESIAN_POINT('',(-0.244341094001,3.054695383849));
#2745 = CARTESIAN_POINT('',(-0.245227958648,3.147352571827));
#2746 = CARTESIAN_POINT('',(-0.247529300766,3.333722073189));
#2747 = CARTESIAN_POINT('',(-0.248943756902,3.427435335822));
#2748 = CARTESIAN_POINT('',(-0.25060126289,3.521884645983));
#2749 = CARTESIAN_POINT('',(-0.25247213539,3.617301393539));
#2750 = CARTESIAN_POINT('',(-0.254516960979,3.713810675484));
#2751 = CARTESIAN_POINT('',(-0.256687734467,3.811554225306));
#2752 = CARTESIAN_POINT('',(-0.258931669954,3.910644246537));
#2753 = CARTESIAN_POINT('',(-0.261196576799,4.011108889574));
#2754 = CARTESIAN_POINT('',(-0.263435445754,4.113006370955));
#2755 = CARTESIAN_POINT('',(-0.265607257048,4.216334341959));
#2756 = ( GEOMETRIC_REPRESENTATION_CONTEXT(2) 
PARAMETRIC_REPRESENTATION_CONTEXT() REPRESENTATION_CONTEXT('2D SPACE',''
  ) );
#2757 = ORIENTED_EDGE('',*,*,#1856,.F.);
#2758 = ORIENTED_EDGE('',*,*,#1290,.F.);
#2759 = ADVANCED_FACE('',(#2760),#1529,.T.);
#2760 = FACE_BOUND('',#2761,.T.);
#2761 = EDGE_LOOP('',(#2762,#2763,#2788,#2812,#2840));
#2762 = ORIENTED_EDGE('',*,*,#1513,.F.);
#2763 = ORIENTED_EDGE('',*,*,#2764,.F.);
#2764 = EDGE_CURVE('',#2765,#1291,#2767,.T.);
#2765 = VERTEX_POINT('',#2766);
#2766 = CARTESIAN_POINT('',(7.268286103631,3.356283253337,1.745674608609
    ));
#2767 = SURFACE_CURVE('',#2768,(#2773,#2781),.PCURVE_S1.);
#2768 = ( BOUNDED_CURVE() B_SPLINE_CURVE(3,(#2769,#2770,#2771,#2772),
.UNSPECIFIED.,.F.,.F.) B_SPLINE_CURVE_WITH_KNOTS((4,4),(0.179238960451,
0.242473257909),.PIECEWISE_BEZIER_KNOTS.) CURVE() 
GEOMETRIC_REPRESENTATION_ITEM() RATIONAL_B_SPLINE_CURVE((1.,1.,1.,1.)) 
REPRESENTATION_ITEM('') );
#2769 = CARTESIAN_POINT('',(7.268286103631,3.356283253337,1.745674608609
    ));
#2770 = CARTESIAN_POINT('',(7.268286103631,3.397508182624,1.744383654157
    ));
#2771 = CARTESIAN_POINT('',(7.268286103631,3.438878581139,1.743088144351
    ));
#2772 = CARTESIAN_POINT('',(7.268286103631,3.480450892807,1.741786311656
    ));
#2773 = PCURVE('',#1529,#2774);
#2774 = DEFINITIONAL_REPRESENTATION('',(#2775),#2780);
#2775 = B_SPLINE_CURVE_WITH_KNOTS('',3,(#2776,#2777,#2778,#2779),
  .UNSPECIFIED.,.F.,.F.,(4,4),(0.179238960451,0.242473257909),
  .PIECEWISE_BEZIER_KNOTS.);
#2776 = CARTESIAN_POINT('',(0.,-0.5));
#2777 = CARTESIAN_POINT('',(1.498492851435E-21,-0.458754862612));
#2778 = CARTESIAN_POINT('',(-1.078650336952E-21,-0.417364184689));
#2779 = CARTESIAN_POINT('',(1.72414531162E-39,-0.375771494636));
#2780 = ( GEOMETRIC_REPRESENTATION_CONTEXT(2) 
PARAMETRIC_REPRESENTATION_CONTEXT() REPRESENTATION_CONTEXT('2D SPACE',''
  ) );
#2781 = PCURVE('',#2645,#2782);
#2782 = DEFINITIONAL_REPRESENTATION('',(#2783),#2787);
#2783 = LINE('',#2784,#2785);
#2784 = CARTESIAN_POINT('',(6.323429745772E-02,0.));
#2785 = VECTOR('',#2786,1.);
#2786 = DIRECTION('',(0.,1.));
#2787 = ( GEOMETRIC_REPRESENTATION_CONTEXT(2) 
PARAMETRIC_REPRESENTATION_CONTEXT() REPRESENTATION_CONTEXT('2D SPACE',''
  ) );
#2788 = ORIENTED_EDGE('',*,*,#2789,.T.);
#2789 = EDGE_CURVE('',#2765,#2790,#2792,.T.);
#2790 = VERTEX_POINT('',#2791);
#2791 = CARTESIAN_POINT('',(7.39979161104,3.339934933019,1.223612541901)
  );
#2792 = SURFACE_CURVE('',#2793,(#2798,#2805),.PCURVE_S1.);
#2793 = CIRCLE('',#2794,104.60250594613);
#2794 = AXIS2_PLACEMENT_3D('',#2795,#2796,#2797);
#2795 = CARTESIAN_POINT('',(-94.10250594613,2.54875062469,
    -24.04181577855));
#2796 = DIRECTION('',(-3.993001575333E-19,0.999510048898,
    -3.129955513418E-02));
#2797 = DIRECTION('',(0.969104813817,7.720012263015E-03,0.24652841874));
#2798 = PCURVE('',#1529,#2799);
#2799 = DEFINITIONAL_REPRESENTATION('',(#2800),#2804);
#2800 = LINE('',#2801,#2802);
#2801 = CARTESIAN_POINT('',(0.,-0.5));
#2802 = VECTOR('',#2803,1.);
#2803 = DIRECTION('',(1.,0.));
#2804 = ( GEOMETRIC_REPRESENTATION_CONTEXT(2) 
PARAMETRIC_REPRESENTATION_CONTEXT() REPRESENTATION_CONTEXT('2D SPACE',''
  ) );
#2805 = PCURVE('',#1613,#2806);
#2806 = DEFINITIONAL_REPRESENTATION('',(#2807),#2811);
#2807 = CIRCLE('',#2808,104.60250594613);
#2808 = AXIS2_PLACEMENT_2D('',#2809,#2810);
#2809 = CARTESIAN_POINT('',(0.,0.));
#2810 = DIRECTION('',(1.,-2.365058034209E-17));
#2811 = ( GEOMETRIC_REPRESENTATION_CONTEXT(2) 
PARAMETRIC_REPRESENTATION_CONTEXT() REPRESENTATION_CONTEXT('2D SPACE',''
  ) );
#2812 = ORIENTED_EDGE('',*,*,#2813,.T.);
#2813 = EDGE_CURVE('',#2790,#2814,#2816,.T.);
#2814 = VERTEX_POINT('',#2815);
#2815 = CARTESIAN_POINT('',(7.39979161104,4.339444981917,1.192312986767)
  );
#2816 = SURFACE_CURVE('',#2817,(#2821,#2828),.PCURVE_S1.);
#2817 = LINE('',#2818,#2819);
#2818 = CARTESIAN_POINT('',(7.39979161104,3.839689957468,1.207962764334)
  );
#2819 = VECTOR('',#2820,1.);
#2820 = DIRECTION('',(0.,0.999510048898,-3.129955513418E-02));
#2821 = PCURVE('',#1529,#2822);
#2822 = DEFINITIONAL_REPRESENTATION('',(#2823),#2827);
#2823 = LINE('',#2824,#2825);
#2824 = CARTESIAN_POINT('',(5.149197697095E-03,0.));
#2825 = VECTOR('',#2826,1.);
#2826 = DIRECTION('',(0.,1.));
#2827 = ( GEOMETRIC_REPRESENTATION_CONTEXT(2) 
PARAMETRIC_REPRESENTATION_CONTEXT() REPRESENTATION_CONTEXT('2D SPACE',''
  ) );
#2828 = PCURVE('',#2829,#2834);
#2829 = PLANE('',#2830);
#2830 = AXIS2_PLACEMENT_3D('',#2831,#2832,#2833);
#2831 = CARTESIAN_POINT('',(10.796058633869,3.866162985567,
    2.053344032419));
#2832 = DIRECTION('',(-0.241655904744,3.037189912326E-02,0.969886576588)
  );
#2833 = DIRECTION('',(0.970362006523,7.563722314031E-03,0.241537505167)
  );
#2834 = DEFINITIONAL_REPRESENTATION('',(#2835),#2839);
#2835 = LINE('',#2836,#2837);
#2836 = CARTESIAN_POINT('',(-3.5,0.));
#2837 = VECTOR('',#2838,1.);
#2838 = DIRECTION('',(0.,1.));
#2839 = ( GEOMETRIC_REPRESENTATION_CONTEXT(2) 
PARAMETRIC_REPRESENTATION_CONTEXT() REPRESENTATION_CONTEXT('2D SPACE',''
  ) );
#2840 = ORIENTED_EDGE('',*,*,#2841,.F.);
#2841 = EDGE_CURVE('',#1514,#2814,#2842,.T.);
#2842 = SURFACE_CURVE('',#2843,(#2848,#2855),.PCURVE_S1.);
#2843 = CIRCLE('',#2844,104.60250594613);
#2844 = AXIS2_PLACEMENT_3D('',#2845,#2846,#2847);
#2845 = CARTESIAN_POINT('',(-94.10250594613,3.548260673588,
    -24.07311533368));
#2846 = DIRECTION('',(-3.993001575333E-19,0.999510048898,
    -3.129955513418E-02));
#2847 = DIRECTION('',(0.969104813817,7.720012263015E-03,0.24652841874));
#2848 = PCURVE('',#1529,#2849);
#2849 = DEFINITIONAL_REPRESENTATION('',(#2850),#2854);
#2850 = LINE('',#2851,#2852);
#2851 = CARTESIAN_POINT('',(0.,0.5));
#2852 = VECTOR('',#2853,1.);
#2853 = DIRECTION('',(1.,0.));
#2854 = ( GEOMETRIC_REPRESENTATION_CONTEXT(2) 
PARAMETRIC_REPRESENTATION_CONTEXT() REPRESENTATION_CONTEXT('2D SPACE',''
  ) );
#2855 = PCURVE('',#1557,#2856);
#2856 = DEFINITIONAL_REPRESENTATION('',(#2857),#2861);
#2857 = CIRCLE('',#2858,104.60250594613);
#2858 = AXIS2_PLACEMENT_2D('',#2859,#2860);
#2859 = CARTESIAN_POINT('',(0.,0.));
#2860 = DIRECTION('',(1.,-2.365058034209E-17));
#2861 = ( GEOMETRIC_REPRESENTATION_CONTEXT(2) 
PARAMETRIC_REPRESENTATION_CONTEXT() REPRESENTATION_CONTEXT('2D SPACE',''
  ) );
#2862 = ADVANCED_FACE('',(#2863),#1820,.F.);
#2863 = FACE_BOUND('',#2864,.F.);
#2864 = EDGE_LOOP('',(#2865,#2866,#2867,#2889));
#2865 = ORIENTED_EDGE('',*,*,#1804,.F.);
#2866 = ORIENTED_EDGE('',*,*,#1938,.T.);
#2867 = ORIENTED_EDGE('',*,*,#2868,.T.);
#2868 = EDGE_CURVE('',#1939,#2869,#2871,.T.);
#2869 = VERTEX_POINT('',#2870);
#2870 = CARTESIAN_POINT('',(1.992504314785,6.809770639664,
    -38.13363512187));
#2871 = SURFACE_CURVE('',#2872,(#2876,#2883),.PCURVE_S1.);
#2872 = LINE('',#2873,#2874);
#2873 = CARTESIAN_POINT('',(1.992504314785,3.311485468521,-38.0240866789
    ));
#2874 = VECTOR('',#2875,1.);
#2875 = DIRECTION('',(0.,0.999510048898,-3.129955513418E-02));
#2876 = PCURVE('',#1820,#2877);
#2877 = DEFINITIONAL_REPRESENTATION('',(#2878),#2882);
#2878 = LINE('',#2879,#2880);
#2879 = CARTESIAN_POINT('',(0.393398704058,0.));
#2880 = VECTOR('',#2881,1.);
#2881 = DIRECTION('',(0.,1.));
#2882 = ( GEOMETRIC_REPRESENTATION_CONTEXT(2) 
PARAMETRIC_REPRESENTATION_CONTEXT() REPRESENTATION_CONTEXT('2D SPACE',''
  ) );
#2883 = PCURVE('',#2081,#2884);
#2884 = DEFINITIONAL_REPRESENTATION('',(#2885),#2888);
#2885 = B_SPLINE_CURVE_WITH_KNOTS('',1,(#2886,#2887),.UNSPECIFIED.,.F.,
  .F.,(2,2),(-4.5,4.5),.PIECEWISE_BEZIER_KNOTS.);
#2886 = CARTESIAN_POINT('',(1.,0.));
#2887 = CARTESIAN_POINT('',(0.,0.));
#2888 = ( GEOMETRIC_REPRESENTATION_CONTEXT(2) 
PARAMETRIC_REPRESENTATION_CONTEXT() REPRESENTATION_CONTEXT('2D SPACE',''
  ) );
#2889 = ORIENTED_EDGE('',*,*,#2890,.F.);
#2890 = EDGE_CURVE('',#1777,#2869,#2891,.T.);
#2891 = SURFACE_CURVE('',#2892,(#2897,#2904),.PCURVE_S1.);
#2892 = CIRCLE('',#2893,97.102505946136);
#2893 = AXIS2_PLACEMENT_3D('',#2894,#2895,#2896);
#2894 = CARTESIAN_POINT('',(-94.10250594613,7.246447854512,
    -24.18892368768));
#2895 = DIRECTION('',(-4.265092953875E-19,0.999510048898,
    -3.129955513418E-02));
#2896 = DIRECTION('',(0.969104813817,7.720012263015E-03,0.24652841874));
#2897 = PCURVE('',#1820,#2898);
#2898 = DEFINITIONAL_REPRESENTATION('',(#2899),#2903);
#2899 = LINE('',#2900,#2901);
#2900 = CARTESIAN_POINT('',(0.,3.5));
#2901 = VECTOR('',#2902,1.);
#2902 = DIRECTION('',(1.,0.));
#2903 = ( GEOMETRIC_REPRESENTATION_CONTEXT(2) 
PARAMETRIC_REPRESENTATION_CONTEXT() REPRESENTATION_CONTEXT('2D SPACE',''
  ) );
#2904 = PCURVE('',#1792,#2905);
#2905 = DEFINITIONAL_REPRESENTATION('',(#2906),#2910);
#2906 = CIRCLE('',#2907,97.102505946136);
#2907 = AXIS2_PLACEMENT_2D('',#2908,#2909);
#2908 = CARTESIAN_POINT('',(0.,0.));
#2909 = DIRECTION('',(1.,6.374728447478E-17));
#2910 = ( GEOMETRIC_REPRESENTATION_CONTEXT(2) 
PARAMETRIC_REPRESENTATION_CONTEXT() REPRESENTATION_CONTEXT('2D SPACE',''
  ) );
#2911 = ADVANCED_FACE('',(#2912),#1557,.F.);
#2912 = FACE_BOUND('',#2913,.T.);
#2913 = EDGE_LOOP('',(#2914,#2915,#2938,#2960));
#2914 = ORIENTED_EDGE('',*,*,#2841,.T.);
#2915 = ORIENTED_EDGE('',*,*,#2916,.T.);
#2916 = EDGE_CURVE('',#2814,#2917,#2919,.T.);
#2917 = VERTEX_POINT('',#2918);
#2918 = CARTESIAN_POINT('',(14.192325656698,4.392391038115,
    2.883075522937));
#2919 = SURFACE_CURVE('',#2920,(#2924,#2931),.PCURVE_S1.);
#2920 = LINE('',#2921,#2922);
#2921 = CARTESIAN_POINT('',(10.796058633869,4.365918010016,
    2.037694254852));
#2922 = VECTOR('',#2923,1.);
#2923 = DIRECTION('',(0.970362006523,7.563722314031E-03,0.241537505167)
  );
#2924 = PCURVE('',#1557,#2925);
#2925 = DEFINITIONAL_REPRESENTATION('',(#2926),#2930);
#2926 = LINE('',#2927,#2928);
#2927 = CARTESIAN_POINT('',(108.10107282157,0.556638714852));
#2928 = VECTOR('',#2929,1.);
#2929 = DIRECTION('',(0.999986742911,5.149174942617E-03));
#2930 = ( GEOMETRIC_REPRESENTATION_CONTEXT(2) 
PARAMETRIC_REPRESENTATION_CONTEXT() REPRESENTATION_CONTEXT('2D SPACE',''
  ) );
#2931 = PCURVE('',#2829,#2932);
#2932 = DEFINITIONAL_REPRESENTATION('',(#2933),#2937);
#2933 = LINE('',#2934,#2935);
#2934 = CARTESIAN_POINT('',(0.,0.5));
#2935 = VECTOR('',#2936,1.);
#2936 = DIRECTION('',(1.,0.));
#2937 = ( GEOMETRIC_REPRESENTATION_CONTEXT(2) 
PARAMETRIC_REPRESENTATION_CONTEXT() REPRESENTATION_CONTEXT('2D SPACE',''
  ) );
#2938 = ORIENTED_EDGE('',*,*,#2939,.F.);
#2939 = EDGE_CURVE('',#1542,#2917,#2940,.T.);
#2940 = SURFACE_CURVE('',#2941,(#2946,#2953),.PCURVE_S1.);
#2941 = CIRCLE('',#2942,111.60250594613);
#2942 = AXIS2_PLACEMENT_3D('',#2943,#2944,#2945);
#2943 = CARTESIAN_POINT('',(-94.10250594613,3.548260673588,
    -24.07311533368));
#2944 = DIRECTION('',(-3.720910196791E-19,0.999510048898,
    -3.129955513418E-02));
#2945 = DIRECTION('',(0.969104813817,7.720012263015E-03,0.24652841874));
#2946 = PCURVE('',#1557,#2947);
#2947 = DEFINITIONAL_REPRESENTATION('',(#2948),#2952);
#2948 = CIRCLE('',#2949,111.60250594613);
#2949 = AXIS2_PLACEMENT_2D('',#2950,#2951);
#2950 = CARTESIAN_POINT('',(0.,0.));
#2951 = DIRECTION('',(1.,-2.05866086351E-17));
#2952 = ( GEOMETRIC_REPRESENTATION_CONTEXT(2) 
PARAMETRIC_REPRESENTATION_CONTEXT() REPRESENTATION_CONTEXT('2D SPACE',''
  ) );
#2953 = PCURVE('',#1585,#2954);
#2954 = DEFINITIONAL_REPRESENTATION('',(#2955),#2959);
#2955 = LINE('',#2956,#2957);
#2956 = CARTESIAN_POINT('',(0.,0.5));
#2957 = VECTOR('',#2958,1.);
#2958 = DIRECTION('',(1.,0.));
#2959 = ( GEOMETRIC_REPRESENTATION_CONTEXT(2) 
PARAMETRIC_REPRESENTATION_CONTEXT() REPRESENTATION_CONTEXT('2D SPACE',''
  ) );
#2960 = ORIENTED_EDGE('',*,*,#1541,.F.);
#2961 = ADVANCED_FACE('',(#2962,#3347),#1792,.T.);
#2962 = FACE_BOUND('',#2963,.F.);
#2963 = EDGE_LOOP('',(#2964,#2965,#2966,#3004,#3084,#3109,#3134,#3162,
    #3187,#3207,#3287,#3325));
#2964 = ORIENTED_EDGE('',*,*,#1776,.F.);
#2965 = ORIENTED_EDGE('',*,*,#2890,.T.);
#2966 = ORIENTED_EDGE('',*,*,#2967,.T.);
#2967 = EDGE_CURVE('',#2869,#2968,#2970,.T.);
#2968 = VERTEX_POINT('',#2969);
#2969 = CARTESIAN_POINT('',(3.154974774971,6.556711194346,
    -46.21475504451));
#2970 = SURFACE_CURVE('',#2971,(#2980,#2992),.PCURVE_S1.);
#2971 = B_SPLINE_CURVE_WITH_KNOTS('',4,(#2972,#2973,#2974,#2975,#2976,
    #2977,#2978,#2979),.UNSPECIFIED.,.F.,.F.,(5,3,5),(0.,0.497415711738,
    1.),.UNSPECIFIED.);
#2972 = CARTESIAN_POINT('',(1.992504314785,6.809770639664,
    -38.13363512187));
#2973 = CARTESIAN_POINT('',(2.180758675565,6.77852158251,-39.13153258434
    ));
#2974 = CARTESIAN_POINT('',(2.354457027216,6.747185633007,
    -40.13220483945));
#2975 = CARTESIAN_POINT('',(2.513642375944,6.715773398813,
    -41.13531314564));
#2976 = CARTESIAN_POINT('',(2.804601299324,6.652489755352,
    -43.15619290889));
#2977 = CARTESIAN_POINT('',(2.936072812041,6.620616966714,-44.1740084144
    ));
#2978 = CARTESIAN_POINT('',(3.052841400651,6.588687316639,
    -45.19363971491));
#2979 = CARTESIAN_POINT('',(3.154975433493,6.556710988174,
    -46.21476162833));
#2980 = PCURVE('',#1792,#2981);
#2981 = DEFINITIONAL_REPRESENTATION('',(#2982),#2991);
#2982 = B_SPLINE_CURVE_WITH_KNOTS('',4,(#2983,#2984,#2985,#2986,#2987,
    #2988,#2989,#2990),.UNSPECIFIED.,.F.,.F.,(5,3,5),(0.,0.497415711738,
    1.),.UNSPECIFIED.);
#2983 = CARTESIAN_POINT('',(89.684998214581,37.222275001268));
#2984 = CARTESIAN_POINT('',(89.621185095244,38.236249083441));
#2985 = CARTESIAN_POINT('',(89.542580941337,39.249323319731));
#2986 = CARTESIAN_POINT('',(89.449311021694,40.261179880589));
#2987 = CARTESIAN_POINT('',(89.232587871963,42.292349004152));
#2988 = CARTESIAN_POINT('',(89.108831042356,43.311629771991));
#2989 = CARTESIAN_POINT('',(88.970377454178,44.329044632676));
#2990 = CARTESIAN_POINT('',(88.817373608756,45.344295159194));
#2991 = ( GEOMETRIC_REPRESENTATION_CONTEXT(2) 
PARAMETRIC_REPRESENTATION_CONTEXT() REPRESENTATION_CONTEXT('2D SPACE',''
  ) );
#2992 = PCURVE('',#2081,#2993);
#2993 = DEFINITIONAL_REPRESENTATION('',(#2994),#3003);
#2994 = B_SPLINE_CURVE_WITH_KNOTS('',4,(#2995,#2996,#2997,#2998,#2999,
    #3000,#3001,#3002),.UNSPECIFIED.,.F.,.F.,(5,3,5),(0.,0.497415711738,
    1.),.UNSPECIFIED.);
#2995 = CARTESIAN_POINT('',(0.111111111111,0.));
#2996 = CARTESIAN_POINT('',(0.111111111111,9.402453373342E-02));
#2997 = CARTESIAN_POINT('',(0.111111111111,0.187714565674));
#2998 = CARTESIAN_POINT('',(0.111111111111,0.281078162145));
#2999 = CARTESIAN_POINT('',(0.111111111111,0.468134292242));
#3000 = CARTESIAN_POINT('',(0.111111111111,0.561820168028));
#3001 = CARTESIAN_POINT('',(0.111111111111,0.655188184429));
#3002 = CARTESIAN_POINT('',(0.111111111111,0.748245640465));
#3003 = ( GEOMETRIC_REPRESENTATION_CONTEXT(2) 
PARAMETRIC_REPRESENTATION_CONTEXT() REPRESENTATION_CONTEXT('2D SPACE',''
  ) );
#3004 = ORIENTED_EDGE('',*,*,#3005,.F.);
#3005 = EDGE_CURVE('',#3006,#2968,#3008,.T.);
#3006 = VERTEX_POINT('',#3007);
#3007 = CARTESIAN_POINT('',(3.418004775986,6.522921015534,
    -47.29379987859));
#3008 = SURFACE_CURVE('',#3009,(#3032,#3058),.PCURVE_S1.);
#3009 = B_SPLINE_CURVE_WITH_KNOTS('',6,(#3010,#3011,#3012,#3013,#3014,
    #3015,#3016,#3017,#3018,#3019,#3020,#3021,#3022,#3023,#3024,#3025,
    #3026,#3027,#3028,#3029,#3030,#3031),.UNSPECIFIED.,.F.,.F.,(7,5,5,5,
    7),(0.,0.248644521839,0.5,0.751355478161,1.),.UNSPECIFIED.);
#3010 = CARTESIAN_POINT('',(6.148537330212,6.44783528708,-49.69156367418
    ));
#3011 = CARTESIAN_POINT('',(5.961681946937,6.44932380084,-49.64402994871
    ));
#3012 = CARTESIAN_POINT('',(5.774868523184,6.451172192956,
    -49.58500398217));
#3013 = CARTESIAN_POINT('',(5.589303731802,6.453390431044,
    -49.51416747186));
#3014 = CARTESIAN_POINT('',(5.406288609063,6.455982163438,
    -49.43140391307));
#3015 = CARTESIAN_POINT('',(5.227163384884,6.458943312119,-49.3368435319
    ));
#3016 = CARTESIAN_POINT('',(4.877399408651,6.465616282852,
    -49.12375100471));
#3017 = CARTESIAN_POINT('',(4.706867490868,6.46933607137,-49.00496446005
    ));
#3018 = CARTESIAN_POINT('',(4.542981996138,6.473408505569,
    -48.87491664028));
#3019 = CARTESIAN_POINT('',(4.387025970878,6.47781301422,-48.73426446044
    ));
#3020 = CARTESIAN_POINT('',(4.24014245219,6.482521390882,-48.58390865614
    ));
#3021 = CARTESIAN_POINT('',(3.966404361918,6.49247724862,-48.26598145837
    ));
#3022 = CARTESIAN_POINT('',(3.839543550391,6.497724956645,
    -48.09840281766));
#3023 = CARTESIAN_POINT('',(3.723634722874,6.503208176061,
    -47.92330343099));
#3024 = CARTESIAN_POINT('',(3.619398655357,6.508887326407,
    -47.74194724827));
#3025 = CARTESIAN_POINT('',(3.527294043115,6.514719631744,
    -47.55570026274));
#3026 = CARTESIAN_POINT('',(3.368600409536,6.526539270586,
    -47.17825567137));
#3027 = CARTESIAN_POINT('',(3.301743786209,6.532524484749,
    -46.98712574396));
#3028 = CARTESIAN_POINT('',(3.247137660446,6.538575040111,
    -46.79390923147));
#3029 = CARTESIAN_POINT('',(3.204711142759,6.544648848762,
    -46.59995015584));
#3030 = CARTESIAN_POINT('',(3.174155089031,6.550706187238,
    -46.40651703353));
#3031 = CARTESIAN_POINT('',(3.154974774971,6.556711194346,
    -46.21475504451));
#3032 = PCURVE('',#1792,#3033);
#3033 = DEFINITIONAL_REPRESENTATION('',(#3034),#3057);
#3034 = B_SPLINE_CURVE_WITH_KNOTS('',6,(#3035,#3036,#3037,#3038,#3039,
    #3040,#3041,#3042,#3043,#3044,#3045,#3046,#3047,#3048,#3049,#3050,
    #3051,#3052,#3053,#3054,#3055,#3056),.UNSPECIFIED.,.F.,.F.,(7,5,5,5,
    7),(0.,0.248644521839,0.5,0.751355478161,1.),.UNSPECIFIED.);
#3035 = CARTESIAN_POINT('',(90.860477820941,49.453692242951));
#3036 = CARTESIAN_POINT('',(90.691125275043,49.361516757127));
#3037 = CARTESIAN_POINT('',(90.524649334606,49.258208975085));
#3038 = CARTESIAN_POINT('',(90.362297939704,49.143757901927));
#3039 = CARTESIAN_POINT('',(90.20536068074,49.018371476664));
#3040 = CARTESIAN_POINT('',(90.055104245059,48.882506530629));
#3041 = CARTESIAN_POINT('',(89.768731171183,48.589627280231));
#3042 = CARTESIAN_POINT('',(89.632780844584,48.43239266668));
#3043 = CARTESIAN_POINT('',(89.506050545339,48.26587868293));
#3044 = CARTESIAN_POINT('',(89.389621572862,48.091038723049));
#3045 = CARTESIAN_POINT('',(89.284379375241,47.909028051378));
#3046 = CARTESIAN_POINT('',(89.097553422918,47.533254944588));
#3047 = CARTESIAN_POINT('',(89.01596540946,47.339483943605));
#3048 = CARTESIAN_POINT('',(88.946846912189,47.141122277605));
#3049 = CARTESIAN_POINT('',(88.89058453345,46.939573225834));
#3050 = CARTESIAN_POINT('',(88.847285710658,46.736274364682));
#3051 = CARTESIAN_POINT('',(88.786637012463,46.331170022367));
#3052 = CARTESIAN_POINT('',(88.769011101668,46.129364157008));
#3053 = CARTESIAN_POINT('',(88.763772113987,45.928556756998));
#3054 = CARTESIAN_POINT('',(88.770519685556,45.730033474101));
#3055 = CARTESIAN_POINT('',(88.788641191299,45.534947986163));
#3056 = CARTESIAN_POINT('',(88.817374595268,45.344288613234));
#3057 = ( GEOMETRIC_REPRESENTATION_CONTEXT(2) 
PARAMETRIC_REPRESENTATION_CONTEXT() REPRESENTATION_CONTEXT('2D SPACE',''
  ) );
#3058 = PCURVE('',#2279,#3059);
#3059 = DEFINITIONAL_REPRESENTATION('',(#3060),#3083);
#3060 = B_SPLINE_CURVE_WITH_KNOTS('',6,(#3061,#3062,#3063,#3064,#3065,
    #3066,#3067,#3068,#3069,#3070,#3071,#3072,#3073,#3074,#3075,#3076,
    #3077,#3078,#3079,#3080,#3081,#3082),.UNSPECIFIED.,.F.,.F.,(7,5,5,5,
    7),(0.,0.248644521839,0.5,0.751355478161,1.),.UNSPECIFIED.);
#3061 = CARTESIAN_POINT('',(9.,1.));
#3062 = CARTESIAN_POINT('',(8.621877044735,1.));
#3063 = CARTESIAN_POINT('',(8.245169719054,1.));
#3064 = CARTESIAN_POINT('',(7.869784283585,1.));
#3065 = CARTESIAN_POINT('',(7.495577084878,1.));
#3066 = CARTESIAN_POINT('',(7.122372657841,1.));
#3067 = CARTESIAN_POINT('',(6.373567385385,1.));
#3068 = CARTESIAN_POINT('',(5.997969775485,1.));
#3069 = CARTESIAN_POINT('',(5.623036606396,1.));
#3070 = CARTESIAN_POINT('',(5.248547639541,1.));
#3071 = CARTESIAN_POINT('',(4.874269547014,1.));
#3072 = CARTESIAN_POINT('',(4.125730452985,1.));
#3073 = CARTESIAN_POINT('',(3.75145236046,1.));
#3074 = CARTESIAN_POINT('',(3.376963393602,1.));
#3075 = CARTESIAN_POINT('',(3.002030224515,1.));
#3076 = CARTESIAN_POINT('',(2.626432614614,1.));
#3077 = CARTESIAN_POINT('',(1.877627342159,1.));
#3078 = CARTESIAN_POINT('',(1.504422915121,1.));
#3079 = CARTESIAN_POINT('',(1.130215716416,1.));
#3080 = CARTESIAN_POINT('',(0.754830280945,1.));
#3081 = CARTESIAN_POINT('',(0.378122955265,1.));
#3082 = CARTESIAN_POINT('',(0.,1.));
#3083 = ( GEOMETRIC_REPRESENTATION_CONTEXT(2) 
PARAMETRIC_REPRESENTATION_CONTEXT() REPRESENTATION_CONTEXT('2D SPACE',''
  ) );
#3084 = ORIENTED_EDGE('',*,*,#3085,.T.);
#3085 = EDGE_CURVE('',#3006,#3086,#3088,.T.);
#3086 = VERTEX_POINT('',#3087);
#3087 = CARTESIAN_POINT('',(5.247032671533,6.509351041773,
    -47.72713910911));
#3088 = SURFACE_CURVE('',#3089,(#3092,#3098),.PCURVE_S1.);
#3089 = B_SPLINE_CURVE_WITH_KNOTS('',1,(#3090,#3091),.UNSPECIFIED.,.F.,
  .F.,(2,2),(1.,2.),.PIECEWISE_BEZIER_KNOTS.);
#3090 = CARTESIAN_POINT('',(-0.591190652981,6.552666147856,
    -46.34392827389));
#3091 = CARTESIAN_POINT('',(17.896516541312,6.415501645259,
    -50.72409591877));
#3092 = PCURVE('',#1792,#3093);
#3093 = DEFINITIONAL_REPRESENTATION('',(#3094),#3097);
#3094 = B_SPLINE_CURVE_WITH_KNOTS('',1,(#3095,#3096),.UNSPECIFIED.,.F.,
  .F.,(2,2),(1.,2.),.PIECEWISE_BEZIER_KNOTS.);
#3095 = CARTESIAN_POINT('',(85.155071545894,44.54554342626));
#3096 = CARTESIAN_POINT('',(101.99070286937,53.352445148191));
#3097 = ( GEOMETRIC_REPRESENTATION_CONTEXT(2) 
PARAMETRIC_REPRESENTATION_CONTEXT() REPRESENTATION_CONTEXT('2D SPACE',''
  ) );
#3098 = PCURVE('',#3099,#3104);
#3099 = PLANE('',#3100);
#3100 = AXIS2_PLACEMENT_3D('',#3101,#3102,#3103);
#3101 = CARTESIAN_POINT('',(-0.591190652981,11.550216392347,
    -46.50042604956));
#3102 = DIRECTION('',(-0.230648145518,-3.045563213854E-02,
    -0.972560480094));
#3103 = DIRECTION('',(0.940999519998,-0.261350099369,-0.214979136017));
#3104 = DEFINITIONAL_REPRESENTATION('',(#3105),#3108);
#3105 = B_SPLINE_CURVE_WITH_KNOTS('',1,(#3106,#3107),.UNSPECIFIED.,.F.,
  .F.,(2,2),(1.,2.),.PIECEWISE_BEZIER_KNOTS.);
#3106 = CARTESIAN_POINT('',(1.272466496398,4.835372686313));
#3107 = CARTESIAN_POINT('',(19.646882704389,1.7763568394E-15));
#3108 = ( GEOMETRIC_REPRESENTATION_CONTEXT(2) 
PARAMETRIC_REPRESENTATION_CONTEXT() REPRESENTATION_CONTEXT('2D SPACE',''
  ) );
#3109 = ORIENTED_EDGE('',*,*,#3110,.F.);
#3110 = EDGE_CURVE('',#3111,#3086,#3113,.T.);
#3111 = VERTEX_POINT('',#3112);
#3112 = CARTESIAN_POINT('',(5.576229656938,6.554259491936,
    -46.29304693028));
#3113 = SURFACE_CURVE('',#3114,(#3117,#3123),.PCURVE_S1.);
#3114 = B_SPLINE_CURVE_WITH_KNOTS('',1,(#3115,#3116),.UNSPECIFIED.,.F.,
  .F.,(2,2),(0.,1.),.PIECEWISE_BEZIER_KNOTS.);
#3115 = CARTESIAN_POINT('',(5.576229656938,6.554259491936,
    -46.29304693028));
#3116 = CARTESIAN_POINT('',(5.247032671533,6.509351041773,
    -47.72713910911));
#3117 = PCURVE('',#1792,#3118);
#3118 = DEFINITIONAL_REPRESENTATION('',(#3119),#3122);
#3119 = B_SPLINE_CURVE_WITH_KNOTS('',1,(#3120,#3121),.UNSPECIFIED.,.F.,
  .F.,(2,2),(0.,1.),.PIECEWISE_BEZIER_KNOTS.);
#3120 = CARTESIAN_POINT('',(91.14450425489,46.017399585495));
#3121 = CARTESIAN_POINT('',(90.471586700678,47.326670285817));
#3122 = ( GEOMETRIC_REPRESENTATION_CONTEXT(2) 
PARAMETRIC_REPRESENTATION_CONTEXT() REPRESENTATION_CONTEXT('2D SPACE',''
  ) );
#3123 = PCURVE('',#3124,#3129);
#3124 = PLANE('',#3125);
#3125 = AXIS2_PLACEMENT_3D('',#3126,#3127,#3128);
#3126 = CARTESIAN_POINT('',(5.247032671533,5.909645012434,
    -47.70835937603));
#3127 = DIRECTION('',(0.974674637168,-6.999447767472E-03,-0.223518141083
    ));
#3128 = DIRECTION('',(0.,-0.999510048898,3.129955513418E-02));
#3129 = DEFINITIONAL_REPRESENTATION('',(#3130),#3133);
#3130 = B_SPLINE_CURVE_WITH_KNOTS('',1,(#3131,#3132),.UNSPECIFIED.,.F.,
  .F.,(2,2),(0.,1.),.PIECEWISE_BEZIER_KNOTS.);
#3131 = CARTESIAN_POINT('',(-0.6,-1.472076017564));
#3132 = CARTESIAN_POINT('',(-0.6,0.));
#3133 = ( GEOMETRIC_REPRESENTATION_CONTEXT(2) 
PARAMETRIC_REPRESENTATION_CONTEXT() REPRESENTATION_CONTEXT('2D SPACE',''
  ) );
#3134 = ORIENTED_EDGE('',*,*,#3135,.T.);
#3135 = EDGE_CURVE('',#3111,#3136,#3138,.T.);
#3136 = VERTEX_POINT('',#3137);
#3137 = CARTESIAN_POINT('',(12.410059470964,6.506804059838,
    -47.80847362098));
#3138 = SURFACE_CURVE('',#3139,(#3143,#3150),.PCURVE_S1.);
#3139 = LINE('',#3140,#3141);
#3140 = CARTESIAN_POINT('',(8.993144563951,6.530531775887,
    -47.05076027563));
#3141 = VECTOR('',#3142,1.);
#3142 = DIRECTION('',(0.976261402004,-6.779347442661E-03,-0.216489527243
    ));
#3143 = PCURVE('',#1792,#3144);
#3144 = DEFINITIONAL_REPRESENTATION('',(#3145),#3149);
#3145 = LINE('',#3146,#3147);
#3146 = CARTESIAN_POINT('',(94.268871888535,47.594842734973));
#3147 = VECTOR('',#3148,1.);
#3148 = DIRECTION('',(0.892676466756,0.450698042708));
#3149 = ( GEOMETRIC_REPRESENTATION_CONTEXT(2) 
PARAMETRIC_REPRESENTATION_CONTEXT() REPRESENTATION_CONTEXT('2D SPACE',''
  ) );
#3150 = PCURVE('',#3151,#3156);
#3151 = PLANE('',#3152);
#3152 = AXIS2_PLACEMENT_3D('',#3153,#3154,#3155);
#3153 = CARTESIAN_POINT('',(5.576229656938,5.354847433259,
    -46.25548746412));
#3154 = DIRECTION('',(0.21659564852,3.055654757739E-02,0.975783081654));
#3155 = DIRECTION('',(0.96222496433,0.162199155391,-0.218665388231));
#3156 = DEFINITIONAL_REPRESENTATION('',(#3157),#3161);
#3157 = LINE('',#3158,#3159);
#3158 = CARTESIAN_POINT('',(3.652434469979,0.591373352888));
#3159 = VECTOR('',#3160,1.);
#3160 = DIRECTION('',(0.985622254813,-0.168963815111));
#3161 = ( GEOMETRIC_REPRESENTATION_CONTEXT(2) 
PARAMETRIC_REPRESENTATION_CONTEXT() REPRESENTATION_CONTEXT('2D SPACE',''
  ) );
#3162 = ORIENTED_EDGE('',*,*,#3163,.T.);
#3163 = EDGE_CURVE('',#3136,#3164,#3166,.T.);
#3164 = VERTEX_POINT('',#3165);
#3165 = CARTESIAN_POINT('',(12.058293216798,6.458816751342,
    -49.34088508355));
#3166 = SURFACE_CURVE('',#3167,(#3170,#3176),.PCURVE_S1.);
#3167 = B_SPLINE_CURVE_WITH_KNOTS('',1,(#3168,#3169),.UNSPECIFIED.,.F.,
  .F.,(2,2),(0.,1.),.PIECEWISE_BEZIER_KNOTS.);
#3168 = CARTESIAN_POINT('',(12.410059470964,6.506804059838,
    -47.80847362098));
#3169 = CARTESIAN_POINT('',(12.058293216798,6.458816751342,
    -49.34088508355));
#3170 = PCURVE('',#1792,#3171);
#3171 = DEFINITIONAL_REPRESENTATION('',(#3172),#3175);
#3172 = B_SPLINE_CURVE_WITH_KNOTS('',1,(#3173,#3174),.UNSPECIFIED.,.F.,
  .F.,(2,2),(0.,1.),.PIECEWISE_BEZIER_KNOTS.);
#3173 = CARTESIAN_POINT('',(97.393239522179,49.17228588445));
#3174 = CARTESIAN_POINT('',(96.674187714593,50.571318288634));
#3175 = ( GEOMETRIC_REPRESENTATION_CONTEXT(2) 
PARAMETRIC_REPRESENTATION_CONTEXT() REPRESENTATION_CONTEXT('2D SPACE',''
  ) );
#3176 = PCURVE('',#3177,#3182);
#3177 = PLANE('',#3178);
#3178 = AXIS2_PLACEMENT_3D('',#3179,#3180,#3181);
#3179 = CARTESIAN_POINT('',(12.058293216798,5.859110722003,
    -49.32210535047));
#3180 = DIRECTION('',(-0.974674637168,6.999447767472E-03,0.223518141083)
  );
#3181 = DIRECTION('',(0.,0.999510048898,-3.129955513418E-02));
#3182 = DEFINITIONAL_REPRESENTATION('',(#3183),#3186);
#3183 = B_SPLINE_CURVE_WITH_KNOTS('',1,(#3184,#3185),.UNSPECIFIED.,.F.,
  .F.,(2,2),(0.,1.),.PIECEWISE_BEZIER_KNOTS.);
#3184 = CARTESIAN_POINT('',(0.6,-1.572999418293));
#3185 = CARTESIAN_POINT('',(0.6,0.));
#3186 = ( GEOMETRIC_REPRESENTATION_CONTEXT(2) 
PARAMETRIC_REPRESENTATION_CONTEXT() REPRESENTATION_CONTEXT('2D SPACE',''
  ) );
#3187 = ORIENTED_EDGE('',*,*,#3188,.T.);
#3188 = EDGE_CURVE('',#3164,#3189,#3191,.T.);
#3189 = VERTEX_POINT('',#3190);
#3190 = CARTESIAN_POINT('',(13.86537611878,6.445409592477,-49.7690250349
    ));
#3191 = SURFACE_CURVE('',#3192,(#3195,#3201),.PCURVE_S1.);
#3192 = B_SPLINE_CURVE_WITH_KNOTS('',1,(#3193,#3194),.UNSPECIFIED.,.F.,
  .F.,(2,2),(1.,2.),.PIECEWISE_BEZIER_KNOTS.);
#3193 = CARTESIAN_POINT('',(-0.591190652981,6.552666147856,
    -46.34392827389));
#3194 = CARTESIAN_POINT('',(17.896516541312,6.415501645259,
    -50.72409591877));
#3195 = PCURVE('',#1792,#3196);
#3196 = DEFINITIONAL_REPRESENTATION('',(#3197),#3200);
#3197 = B_SPLINE_CURVE_WITH_KNOTS('',1,(#3198,#3199),.UNSPECIFIED.,.F.,
  .F.,(2,2),(1.,2.),.PIECEWISE_BEZIER_KNOTS.);
#3198 = CARTESIAN_POINT('',(85.155071545894,44.54554342626));
#3199 = CARTESIAN_POINT('',(101.99070286937,53.352445148191));
#3200 = ( GEOMETRIC_REPRESENTATION_CONTEXT(2) 
PARAMETRIC_REPRESENTATION_CONTEXT() REPRESENTATION_CONTEXT('2D SPACE',''
  ) );
#3201 = PCURVE('',#3099,#3202);
#3202 = DEFINITIONAL_REPRESENTATION('',(#3203),#3206);
#3203 = B_SPLINE_CURVE_WITH_KNOTS('',1,(#3204,#3205),.UNSPECIFIED.,.F.,
  .F.,(2,2),(1.,2.),.PIECEWISE_BEZIER_KNOTS.);
#3204 = CARTESIAN_POINT('',(1.272466496398,4.835372686313));
#3205 = CARTESIAN_POINT('',(19.646882704389,1.7763568394E-15));
#3206 = ( GEOMETRIC_REPRESENTATION_CONTEXT(2) 
PARAMETRIC_REPRESENTATION_CONTEXT() REPRESENTATION_CONTEXT('2D SPACE',''
  ) );
#3207 = ORIENTED_EDGE('',*,*,#3208,.F.);
#3208 = EDGE_CURVE('',#3209,#3189,#3211,.T.);
#3209 = VERTEX_POINT('',#3210);
#3210 = CARTESIAN_POINT('',(14.630605794485,6.475757684409,
    -48.7998987096));
#3211 = SURFACE_CURVE('',#3212,(#3235,#3261),.PCURVE_S1.);
#3212 = B_SPLINE_CURVE_WITH_KNOTS('',6,(#3213,#3214,#3215,#3216,#3217,
    #3218,#3219,#3220,#3221,#3222,#3223,#3224,#3225,#3226,#3227,#3228,
    #3229,#3230,#3231,#3232,#3233,#3234),.UNSPECIFIED.,.F.,.F.,(7,5,5,5,
    7),(0.,0.154371553027,0.49999778168,0.751721427879,1.),
  .UNSPECIFIED.);
#3213 = CARTESIAN_POINT('',(14.630605794485,6.475757684409,
    -48.7998987096));
#3214 = CARTESIAN_POINT('',(14.568106671076,6.472285896836,
    -48.91076567088));
#3215 = CARTESIAN_POINT('',(14.500744587032,6.468854034306,
    -49.02035767852));
#3216 = CARTESIAN_POINT('',(14.428512627428,6.465473371889,-49.128314678
    ));
#3217 = CARTESIAN_POINT('',(14.351445994114,6.462155482791,
    -49.23426709429));
#3218 = CARTESIAN_POINT('',(14.269624846351,6.458911968486,
    -49.33784444953));
#3219 = CARTESIAN_POINT('',(13.989627270203,6.448684159171,
    -49.66445606254));
#3220 = CARTESIAN_POINT('',(13.772858732714,6.442042925225,
    -49.87653511726));
#3221 = CARTESIAN_POINT('',(13.53433784429,6.435959787101,
    -50.07079211733));
#3222 = CARTESIAN_POINT('',(13.276658032852,6.43055364215,
    -50.24343023251));
#3223 = CARTESIAN_POINT('',(13.003447607569,6.425917710115,
    -50.39147261312));
#3224 = CARTESIAN_POINT('',(12.511783907004,6.419334530307,
    -50.60169778545));
#3225 = CARTESIAN_POINT('',(12.298597743393,6.416998691813,
    -50.67628970976));
#3226 = CARTESIAN_POINT('',(12.081045347611,6.415123094741,
    -50.73618443072));
#3227 = CARTESIAN_POINT('',(11.860878892019,6.413718816329,
    -50.78102821135));
#3228 = CARTESIAN_POINT('',(11.639867749855,6.412785516131,
    -50.81083192336));
#3229 = CARTESIAN_POINT('',(11.202551210057,6.411845773282,
    -50.8408413729));
#3230 = CARTESIAN_POINT('',(10.986210759049,6.411826794177,
    -50.84144744563));
#3231 = CARTESIAN_POINT('',(10.772299018103,6.412245205673,
    -50.82808602585));
#3232 = CARTESIAN_POINT('',(10.562317778275,6.413080818763,
    -50.80140182294));
#3233 = CARTESIAN_POINT('',(10.357570604162,6.414305592431,
    -50.76229028978));
#3234 = CARTESIAN_POINT('',(10.159129020659,6.415886403336,
    -50.71180917659));
#3235 = PCURVE('',#1792,#3236);
#3236 = DEFINITIONAL_REPRESENTATION('',(#3237),#3260);
#3237 = B_SPLINE_CURVE_WITH_KNOTS('',6,(#3238,#3239,#3240,#3241,#3242,
    #3243,#3244,#3245,#3246,#3247,#3248,#3249,#3250,#3251,#3252,#3253,
    #3254,#3255,#3256,#3257,#3258,#3259),.UNSPECIFIED.,.F.,.F.,(7,5,5,5,
    7),(0.,0.154371553027,0.49999778168,0.751721427879,1.),
  .UNSPECIFIED.);
#3238 = CARTESIAN_POINT('',(99.300527515813,50.6812478018));
#3239 = CARTESIAN_POINT('',(99.21260065556,50.773326811818));
#3240 = CARTESIAN_POINT('',(99.120275697272,50.862970206799));
#3241 = CARTESIAN_POINT('',(99.023634790379,50.949827179566));
#3242 = CARTESIAN_POINT('',(98.922803249257,51.03354808012));
#3243 = CARTESIAN_POINT('',(98.817950179512,51.113793471832));
#3244 = CARTESIAN_POINT('',(98.466005177299,51.361408317716));
#3245 = CARTESIAN_POINT('',(98.203598959719,51.513570097609));
#3246 = CARTESIAN_POINT('',(97.924510385595,51.643086770865));
#3247 = CARTESIAN_POINT('',(97.63218970285,51.746916674462));
#3248 = CARTESIAN_POINT('',(97.330887721073,51.82306843467));
#3249 = CARTESIAN_POINT('',(96.802536760533,51.905630037658));
#3250 = CARTESIAN_POINT('',(96.577529961287,51.925370654697));
#3251 = CARTESIAN_POINT('',(96.351918656795,51.929784231418));
#3252 = CARTESIAN_POINT('',(96.127488177464,51.918959963578));
#3253 = CARTESIAN_POINT('',(95.905950548603,51.893344806774));
#3254 = CARTESIAN_POINT('',(95.474739547754,51.814577561639));
#3255 = CARTESIAN_POINT('',(95.264933414589,51.761804984361));
#3256 = CARTESIAN_POINT('',(95.060927716537,51.696088847195));
#3257 = CARTESIAN_POINT('',(94.8640187515,51.618424663032));
#3258 = CARTESIAN_POINT('',(94.675248839145,51.53000216819));
#3259 = CARTESIAN_POINT('',(94.4953953782,51.432111226829));
#3260 = ( GEOMETRIC_REPRESENTATION_CONTEXT(2) 
PARAMETRIC_REPRESENTATION_CONTEXT() REPRESENTATION_CONTEXT('2D SPACE',''
  ) );
#3261 = PCURVE('',#2552,#3262);
#3262 = DEFINITIONAL_REPRESENTATION('',(#3263),#3286);
#3263 = B_SPLINE_CURVE_WITH_KNOTS('',6,(#3264,#3265,#3266,#3267,#3268,
    #3269,#3270,#3271,#3272,#3273,#3274,#3275,#3276,#3277,#3278,#3279,
    #3280,#3281,#3282,#3283,#3284,#3285),.UNSPECIFIED.,.F.,.F.,(7,5,5,5,
    7),(0.,0.154371553027,0.49999778168,0.751721427879,1.),
  .UNSPECIFIED.);
#3264 = CARTESIAN_POINT('',(9.,8.));
#3265 = CARTESIAN_POINT('',(8.764394329442,8.));
#3266 = CARTESIAN_POINT('',(8.529476976174,8.));
#3267 = CARTESIAN_POINT('',(8.295219063361,8.));
#3268 = CARTESIAN_POINT('',(8.061582939538,8.));
#3269 = CARTESIAN_POINT('',(7.828525248637,8.));
#3270 = CARTESIAN_POINT('',(7.07539355939,8.));
#3271 = CARTESIAN_POINT('',(6.557384811507,8.));
#3272 = CARTESIAN_POINT('',(6.041580592511,8.));
#3273 = CARTESIAN_POINT('',(5.527261146151,8.));
#3274 = CARTESIAN_POINT('',(5.013603133687,8.));
#3275 = CARTESIAN_POINT('',(4.125936798793,8.));
#3276 = CARTESIAN_POINT('',(3.751861386542,8.));
#3277 = CARTESIAN_POINT('',(3.37751694284,8.));
#3278 = CARTESIAN_POINT('',(3.002602103508,8.));
#3279 = CARTESIAN_POINT('',(2.6268339361,8.));
#3280 = CARTESIAN_POINT('',(1.878323389581,8.));
#3281 = CARTESIAN_POINT('',(1.505589357457,8.));
#3282 = CARTESIAN_POINT('',(1.131584942232,8.));
#3283 = CARTESIAN_POINT('',(0.756090674828,8.));
#3284 = CARTESIAN_POINT('',(0.378931312003,8.));
#3285 = CARTESIAN_POINT('',(0.,8.));
#3286 = ( GEOMETRIC_REPRESENTATION_CONTEXT(2) 
PARAMETRIC_REPRESENTATION_CONTEXT() REPRESENTATION_CONTEXT('2D SPACE',''
  ) );
#3287 = ORIENTED_EDGE('',*,*,#3288,.F.);
#3288 = EDGE_CURVE('',#3289,#3209,#3291,.T.);
#3289 = VERTEX_POINT('',#3290);
#3290 = CARTESIAN_POINT('',(18.816119303072,6.733320371156,
    -40.57497370599));
#3291 = SURFACE_CURVE('',#3292,(#3301,#3313),.PCURVE_S1.);
#3292 = B_SPLINE_CURVE_WITH_KNOTS('',4,(#3293,#3294,#3295,#3296,#3297,
    #3298,#3299,#3300),.UNSPECIFIED.,.F.,.F.,(5,3,5),(0.,0.503026124246,
    1.),.UNSPECIFIED.);
#3293 = CARTESIAN_POINT('',(18.816119303072,6.733320371156,
    -40.57497370599));
#3294 = CARTESIAN_POINT('',(18.333747853309,6.700250901252,
    -41.63100365082));
#3295 = CARTESIAN_POINT('',(17.836541919743,6.667394420618,
    -42.68023206393));
#3296 = CARTESIAN_POINT('',(17.324557534821,6.634761991814,
    -43.7223056771));
#3297 = CARTESIAN_POINT('',(16.27751079448,6.570357576249,
    -45.77897582067));
#3298 = CARTESIAN_POINT('',(15.74280028238,6.538579960166,
    -46.79375211601));
#3299 = CARTESIAN_POINT('',(15.19380259328,6.507042912574,
    -47.80084617358));
#3300 = CARTESIAN_POINT('',(14.630602198131,6.475757484634,
    -48.79990508916));
#3301 = PCURVE('',#1792,#3302);
#3302 = DEFINITIONAL_REPRESENTATION('',(#3303),#3312);
#3303 = B_SPLINE_CURVE_WITH_KNOTS('',4,(#3304,#3305,#3306,#3307,#3308,
    #3309,#3310,#3311),.UNSPECIFIED.,.F.,.F.,(5,3,5),(0.,0.503026124246,
    1.),.UNSPECIFIED.);
#3304 = CARTESIAN_POINT('',(105.38639494777,43.738879993652));
#3305 = CARTESIAN_POINT('',(104.65832976461,44.643808796827));
#3306 = CARTESIAN_POINT('',(103.91756682691,45.538484057307));
#3307 = CARTESIAN_POINT('',(103.16424761207,46.422577073694));
#3308 = CARTESIAN_POINT('',(101.64202473447,48.15842971593));
#3309 = CARTESIAN_POINT('',(100.87341768415,49.01045042014));
#3310 = CARTESIAN_POINT('',(100.09286060893,49.851498659633));
#3311 = CARTESIAN_POINT('',(99.300522456284,50.681253100253));
#3312 = ( GEOMETRIC_REPRESENTATION_CONTEXT(2) 
PARAMETRIC_REPRESENTATION_CONTEXT() REPRESENTATION_CONTEXT('2D SPACE',''
  ) );
#3313 = PCURVE('',#2402,#3314);
#3314 = DEFINITIONAL_REPRESENTATION('',(#3315),#3324);
#3315 = B_SPLINE_CURVE_WITH_KNOTS('',4,(#3316,#3317,#3318,#3319,#3320,
    #3321,#3322,#3323),.UNSPECIFIED.,.F.,.F.,(5,3,5),(0.,0.503026124246,
    1.),.UNSPECIFIED.);
#3316 = CARTESIAN_POINT('',(2.888888888889,0.));
#3317 = CARTESIAN_POINT('',(2.888888888889,9.283139594265E-02));
#3318 = CARTESIAN_POINT('',(2.888888888889,0.186028307748));
#3319 = CARTESIAN_POINT('',(2.888888888889,0.279598491129));
#3320 = CARTESIAN_POINT('',(2.888888888889,0.466371241557));
#3321 = CARTESIAN_POINT('',(2.888888888889,0.559564689159));
#3322 = CARTESIAN_POINT('',(2.888888888889,0.65313823111));
#3323 = CARTESIAN_POINT('',(2.888888888889,0.747100127784));
#3324 = ( GEOMETRIC_REPRESENTATION_CONTEXT(2) 
PARAMETRIC_REPRESENTATION_CONTEXT() REPRESENTATION_CONTEXT('2D SPACE',''
  ) );
#3325 = ORIENTED_EDGE('',*,*,#3326,.F.);
#3326 = EDGE_CURVE('',#1749,#3289,#3327,.T.);
#3327 = SURFACE_CURVE('',#3328,(#3333,#3340),.PCURVE_S1.);
#3328 = CIRCLE('',#3329,114.10250594613);
#3329 = AXIS2_PLACEMENT_3D('',#3330,#3331,#3332);
#3330 = CARTESIAN_POINT('',(-94.10250594613,7.246447854512,
    -24.18892368768));
#3331 = DIRECTION('',(-3.720910196791E-19,0.999510048898,
    -3.129955513418E-02));
#3332 = DIRECTION('',(0.969104813817,7.720012263015E-03,0.24652841874));
#3333 = PCURVE('',#1792,#3334);
#3334 = DEFINITIONAL_REPRESENTATION('',(#3335),#3339);
#3335 = CIRCLE('',#3336,114.10250594613);
#3336 = AXIS2_PLACEMENT_2D('',#3337,#3338);
#3337 = CARTESIAN_POINT('',(0.,0.));
#3338 = DIRECTION('',(1.,9.951160596024E-18));
#3339 = ( GEOMETRIC_REPRESENTATION_CONTEXT(2) 
PARAMETRIC_REPRESENTATION_CONTEXT() REPRESENTATION_CONTEXT('2D SPACE',''
  ) );
#3340 = PCURVE('',#1764,#3341);
#3341 = DEFINITIONAL_REPRESENTATION('',(#3342),#3346);
#3342 = LINE('',#3343,#3344);
#3343 = CARTESIAN_POINT('',(0.,3.5));
#3344 = VECTOR('',#3345,1.);
#3345 = DIRECTION('',(1.,0.));
#3346 = ( GEOMETRIC_REPRESENTATION_CONTEXT(2) 
PARAMETRIC_REPRESENTATION_CONTEXT() REPRESENTATION_CONTEXT('2D SPACE',''
  ) );
#3347 = FACE_BOUND('',#3348,.F.);
#3348 = EDGE_LOOP('',(#3349,#3380,#3407,#3436));
#3349 = ORIENTED_EDGE('',*,*,#3350,.F.);
#3350 = EDGE_CURVE('',#3351,#3353,#3355,.T.);
#3351 = VERTEX_POINT('',#3352);
#3352 = CARTESIAN_POINT('',(1.817930415032,7.961369753851,
    -1.358834905144));
#3353 = VERTEX_POINT('',#3354);
#3354 = CARTESIAN_POINT('',(3.476940931399,6.803025027737,
    -38.34904734988));
#3355 = SURFACE_CURVE('',#3356,(#3361,#3368),.PCURVE_S1.);
#3356 = CIRCLE('',#3357,98.602505946136);
#3357 = AXIS2_PLACEMENT_3D('',#3358,#3359,#3360);
#3358 = CARTESIAN_POINT('',(-94.10250594613,7.246447854512,
    -24.18892368768));
#3359 = DIRECTION('',(4.006155916739E-20,0.999510048898,
    -3.129955513418E-02));
#3360 = DIRECTION('',(0.972799174228,7.250544927632E-03,0.231536598015)
  );
#3361 = PCURVE('',#1792,#3362);
#3362 = DEFINITIONAL_REPRESENTATION('',(#3363),#3367);
#3363 = CIRCLE('',#3364,98.602505946136);
#3364 = AXIS2_PLACEMENT_2D('',#3365,#3366);
#3365 = CARTESIAN_POINT('',(0.,0.));
#3366 = DIRECTION('',(0.999880688306,1.54469787269E-02));
#3367 = ( GEOMETRIC_REPRESENTATION_CONTEXT(2) 
PARAMETRIC_REPRESENTATION_CONTEXT() REPRESENTATION_CONTEXT('2D SPACE',''
  ) );
#3368 = PCURVE('',#3369,#3374);
#3369 = CYLINDRICAL_SURFACE('',#3370,98.602505946136);
#3370 = AXIS2_PLACEMENT_3D('',#3371,#3372,#3373);
#3371 = CARTESIAN_POINT('',(-94.10250594613,4.997550244491,
    -24.11849968863));
#3372 = DIRECTION('',(0.,0.999510048898,-3.129955513418E-02));
#3373 = DIRECTION('',(0.972799174228,7.250544927632E-03,0.231536598015)
  );
#3374 = DEFINITIONAL_REPRESENTATION('',(#3375),#3379);
#3375 = LINE('',#3376,#3377);
#3376 = CARTESIAN_POINT('',(9.592508433212E-18,2.25));
#3377 = VECTOR('',#3378,1.);
#3378 = DIRECTION('',(1.,0.));
#3379 = ( GEOMETRIC_REPRESENTATION_CONTEXT(2) 
PARAMETRIC_REPRESENTATION_CONTEXT() REPRESENTATION_CONTEXT('2D SPACE',''
  ) );
#3380 = ORIENTED_EDGE('',*,*,#3381,.F.);
#3381 = EDGE_CURVE('',#3382,#3351,#3384,.T.);
#3382 = VERTEX_POINT('',#3383);
#3383 = CARTESIAN_POINT('',(15.437118854218,8.062877382838,
    1.882677467069));
#3384 = SURFACE_CURVE('',#3385,(#3389,#3395),.PCURVE_S1.);
#3385 = LINE('',#3386,#3387);
#3386 = CARTESIAN_POINT('',(-42.73749065575,7.629285711428,
    -11.96350120336));
#3387 = VECTOR('',#3388,1.);
#3388 = DIRECTION('',(-0.972799174228,-7.250544927632E-03,
    -0.231536598015));
#3389 = PCURVE('',#1792,#3390);
#3390 = DEFINITIONAL_REPRESENTATION('',(#3391),#3394);
#3391 = B_SPLINE_CURVE_WITH_KNOTS('',1,(#3392,#3393),.UNSPECIFIED.,.F.,
  .F.,(2,2),(-59.80125297306,-45.80125297306),.PIECEWISE_BEZIER_KNOTS.);
#3392 = CARTESIAN_POINT('',(112.58907115045,1.739368513946));
#3393 = CARTESIAN_POINT('',(98.590741514165,1.523110811769));
#3394 = ( GEOMETRIC_REPRESENTATION_CONTEXT(2) 
PARAMETRIC_REPRESENTATION_CONTEXT() REPRESENTATION_CONTEXT('2D SPACE',''
  ) );
#3395 = PCURVE('',#3396,#3401);
#3396 = PLANE('',#3397);
#3397 = AXIS2_PLACEMENT_3D('',#3398,#3399,#3400);
#3398 = CARTESIAN_POINT('',(8.627524634625,5.763225958324,0.332345280014
    ));
#3399 = DIRECTION('',(-0.231650095235,3.044818138822E-02,0.9723225502));
#3400 = DIRECTION('',(0.972799174228,7.250544927632E-03,0.231536598015)
  );
#3401 = DEFINITIONAL_REPRESENTATION('',(#3402),#3406);
#3402 = LINE('',#3403,#3404);
#3403 = CARTESIAN_POINT('',(-52.80125297306,2.25));
#3404 = VECTOR('',#3405,1.);
#3405 = DIRECTION('',(-1.,9.935763051772E-19));
#3406 = ( GEOMETRIC_REPRESENTATION_CONTEXT(2) 
PARAMETRIC_REPRESENTATION_CONTEXT() REPRESENTATION_CONTEXT('2D SPACE',''
  ) );
#3407 = ORIENTED_EDGE('',*,*,#3408,.T.);
#3408 = EDGE_CURVE('',#3382,#3409,#3411,.T.);
#3409 = VERTEX_POINT('',#3410);
#3410 = CARTESIAN_POINT('',(17.331682686459,6.740065983083,
    -40.35956147798));
#3411 = SURFACE_CURVE('',#3412,(#3417,#3424),.PCURVE_S1.);
#3412 = CIRCLE('',#3413,112.60250594613);
#3413 = AXIS2_PLACEMENT_3D('',#3414,#3415,#3416);
#3414 = CARTESIAN_POINT('',(-94.10250594613,7.246447854512,
    -24.18892368768));
#3415 = DIRECTION('',(1.605519820601E-20,0.999510048898,
    -3.129955513418E-02));
#3416 = DIRECTION('',(0.972799174228,7.250544927632E-03,0.231536598015)
  );
#3417 = PCURVE('',#1792,#3418);
#3418 = DEFINITIONAL_REPRESENTATION('',(#3419),#3423);
#3419 = CIRCLE('',#3420,112.60250594613);
#3420 = AXIS2_PLACEMENT_2D('',#3421,#3422);
#3421 = CARTESIAN_POINT('',(0.,0.));
#3422 = DIRECTION('',(0.999880688306,1.54469787269E-02));
#3423 = ( GEOMETRIC_REPRESENTATION_CONTEXT(2) 
PARAMETRIC_REPRESENTATION_CONTEXT() REPRESENTATION_CONTEXT('2D SPACE',''
  ) );
#3424 = PCURVE('',#3425,#3430);
#3425 = CYLINDRICAL_SURFACE('',#3426,112.60250594613);
#3426 = AXIS2_PLACEMENT_3D('',#3427,#3428,#3429);
#3427 = CARTESIAN_POINT('',(-94.10250594613,4.997550244491,
    -24.11849968863));
#3428 = DIRECTION('',(0.,0.999510048898,-3.129955513418E-02));
#3429 = DIRECTION('',(0.972799174228,7.250544927632E-03,0.231536598015)
  );
#3430 = DEFINITIONAL_REPRESENTATION('',(#3431),#3435);
#3431 = LINE('',#3432,#3433);
#3432 = CARTESIAN_POINT('',(9.592508433212E-18,2.25));
#3433 = VECTOR('',#3434,1.);
#3434 = DIRECTION('',(1.,0.));
#3435 = ( GEOMETRIC_REPRESENTATION_CONTEXT(2) 
PARAMETRIC_REPRESENTATION_CONTEXT() REPRESENTATION_CONTEXT('2D SPACE',''
  ) );
#3436 = ORIENTED_EDGE('',*,*,#3437,.T.);
#3437 = EDGE_CURVE('',#3409,#3353,#3438,.T.);
#3438 = SURFACE_CURVE('',#3439,(#3443,#3449),.PCURVE_S1.);
#3439 = LINE('',#3440,#3441);
#3440 = CARTESIAN_POINT('',(-41.8490970686,7.008996679961,
    -31.77161405081));
#3441 = VECTOR('',#3442,1.);
#3442 = DIRECTION('',(-0.989624411076,4.49707461813E-03,0.143608152007)
  );
#3443 = PCURVE('',#1792,#3444);
#3444 = DEFINITIONAL_REPRESENTATION('',(#3445),#3448);
#3445 = B_SPLINE_CURVE_WITH_KNOTS('',1,(#3446,#3447),.UNSPECIFIED.,.F.,
  .F.,(2,2),(-59.80125297306,-45.80125297306),.PIECEWISE_BEZIER_KNOTS.);
#3446 = CARTESIAN_POINT('',(104.00097758896,43.1638854355));
#3447 = CARTESIAN_POINT('',(91.070415573392,37.79726955942));
#3448 = ( GEOMETRIC_REPRESENTATION_CONTEXT(2) 
PARAMETRIC_REPRESENTATION_CONTEXT() REPRESENTATION_CONTEXT('2D SPACE',''
  ) );
#3449 = PCURVE('',#3450,#3455);
#3450 = PLANE('',#3451);
#3451 = AXIS2_PLACEMENT_3D('',#3452,#3453,#3454);
#3452 = CARTESIAN_POINT('',(10.404311808929,4.522647895389,
    -39.28388041488));
#3453 = DIRECTION('',(0.14367854747,3.097480381659E-02,0.989139543505));
#3454 = DIRECTION('',(0.989624411076,-4.49707461813E-03,-0.143608152007)
  );
#3455 = DEFINITIONAL_REPRESENTATION('',(#3456),#3459);
#3456 = B_SPLINE_CURVE_WITH_KNOTS('',1,(#3457,#3458),.UNSPECIFIED.,.F.,
  .F.,(2,2),(-59.80125297306,-45.80125297306),.PIECEWISE_BEZIER_KNOTS.);
#3457 = CARTESIAN_POINT('',(7.,2.25));
#3458 = CARTESIAN_POINT('',(-7.,2.25));
#3459 = ( GEOMETRIC_REPRESENTATION_CONTEXT(2) 
PARAMETRIC_REPRESENTATION_CONTEXT() REPRESENTATION_CONTEXT('2D SPACE',''
  ) );
#3460 = ADVANCED_FACE('',(#3461),#1585,.F.);
#3461 = FACE_BOUND('',#3462,.F.);
#3462 = EDGE_LOOP('',(#3463,#3487,#3508,#3509));
#3463 = ORIENTED_EDGE('',*,*,#3464,.T.);
#3464 = EDGE_CURVE('',#1570,#3465,#3467,.T.);
#3465 = VERTEX_POINT('',#3466);
#3466 = CARTESIAN_POINT('',(14.192325656698,3.392880989217,
    2.914375078071));
#3467 = SURFACE_CURVE('',#3468,(#3473,#3480),.PCURVE_S1.);
#3468 = CIRCLE('',#3469,111.60250594613);
#3469 = AXIS2_PLACEMENT_3D('',#3470,#3471,#3472);
#3470 = CARTESIAN_POINT('',(-94.10250594613,2.54875062469,
    -24.04181577855));
#3471 = DIRECTION('',(-3.720910196791E-19,0.999510048898,
    -3.129955513418E-02));
#3472 = DIRECTION('',(0.969104813817,7.720012263015E-03,0.24652841874));
#3473 = PCURVE('',#1585,#3474);
#3474 = DEFINITIONAL_REPRESENTATION('',(#3475),#3479);
#3475 = LINE('',#3476,#3477);
#3476 = CARTESIAN_POINT('',(0.,-0.5));
#3477 = VECTOR('',#3478,1.);
#3478 = DIRECTION('',(1.,0.));
#3479 = ( GEOMETRIC_REPRESENTATION_CONTEXT(2) 
PARAMETRIC_REPRESENTATION_CONTEXT() REPRESENTATION_CONTEXT('2D SPACE',''
  ) );
#3480 = PCURVE('',#1613,#3481);
#3481 = DEFINITIONAL_REPRESENTATION('',(#3482),#3486);
#3482 = CIRCLE('',#3483,111.60250594613);
#3483 = AXIS2_PLACEMENT_2D('',#3484,#3485);
#3484 = CARTESIAN_POINT('',(0.,0.));
#3485 = DIRECTION('',(1.,-2.05866086351E-17));
#3486 = ( GEOMETRIC_REPRESENTATION_CONTEXT(2) 
PARAMETRIC_REPRESENTATION_CONTEXT() REPRESENTATION_CONTEXT('2D SPACE',''
  ) );
#3487 = ORIENTED_EDGE('',*,*,#3488,.T.);
#3488 = EDGE_CURVE('',#3465,#2917,#3489,.T.);
#3489 = SURFACE_CURVE('',#3490,(#3494,#3501),.PCURVE_S1.);
#3490 = LINE('',#3491,#3492);
#3491 = CARTESIAN_POINT('',(14.192325656698,3.892636013666,
    2.898725300504));
#3492 = VECTOR('',#3493,1.);
#3493 = DIRECTION('',(0.,0.999510048898,-3.129955513418E-02));
#3494 = PCURVE('',#1585,#3495);
#3495 = DEFINITIONAL_REPRESENTATION('',(#3496),#3500);
#3496 = LINE('',#3497,#3498);
#3497 = CARTESIAN_POINT('',(5.149197697095E-03,0.));
#3498 = VECTOR('',#3499,1.);
#3499 = DIRECTION('',(0.,1.));
#3500 = ( GEOMETRIC_REPRESENTATION_CONTEXT(2) 
PARAMETRIC_REPRESENTATION_CONTEXT() REPRESENTATION_CONTEXT('2D SPACE',''
  ) );
#3501 = PCURVE('',#2829,#3502);
#3502 = DEFINITIONAL_REPRESENTATION('',(#3503),#3507);
#3503 = LINE('',#3504,#3505);
#3504 = CARTESIAN_POINT('',(3.5,0.));
#3505 = VECTOR('',#3506,1.);
#3506 = DIRECTION('',(0.,1.));
#3507 = ( GEOMETRIC_REPRESENTATION_CONTEXT(2) 
PARAMETRIC_REPRESENTATION_CONTEXT() REPRESENTATION_CONTEXT('2D SPACE',''
  ) );
#3508 = ORIENTED_EDGE('',*,*,#2939,.F.);
#3509 = ORIENTED_EDGE('',*,*,#1569,.F.);
#3510 = ADVANCED_FACE('',(#3511),#1764,.T.);
#3511 = FACE_BOUND('',#3512,.T.);
#3512 = EDGE_LOOP('',(#3513,#3514,#3515,#3535));
#3513 = ORIENTED_EDGE('',*,*,#1748,.F.);
#3514 = ORIENTED_EDGE('',*,*,#2130,.T.);
#3515 = ORIENTED_EDGE('',*,*,#3516,.T.);
#3516 = EDGE_CURVE('',#2131,#3289,#3517,.T.);
#3517 = SURFACE_CURVE('',#3518,(#3522,#3529),.PCURVE_S1.);
#3518 = LINE('',#3519,#3520);
#3519 = CARTESIAN_POINT('',(18.816119303072,3.235035200013,
    -40.46542526302));
#3520 = VECTOR('',#3521,1.);
#3521 = DIRECTION('',(0.,0.999510048898,-3.129955513418E-02));
#3522 = PCURVE('',#1764,#3523);
#3523 = DEFINITIONAL_REPRESENTATION('',(#3524),#3528);
#3524 = LINE('',#3525,#3526);
#3525 = CARTESIAN_POINT('',(0.393398704058,0.));
#3526 = VECTOR('',#3527,1.);
#3527 = DIRECTION('',(0.,1.));
#3528 = ( GEOMETRIC_REPRESENTATION_CONTEXT(2) 
PARAMETRIC_REPRESENTATION_CONTEXT() REPRESENTATION_CONTEXT('2D SPACE',''
  ) );
#3529 = PCURVE('',#2402,#3530);
#3530 = DEFINITIONAL_REPRESENTATION('',(#3531),#3534);
#3531 = B_SPLINE_CURVE_WITH_KNOTS('',1,(#3532,#3533),.UNSPECIFIED.,.F.,
  .F.,(2,2),(-4.5,4.5),.PIECEWISE_BEZIER_KNOTS.);
#3532 = CARTESIAN_POINT('',(2.,0.));
#3533 = CARTESIAN_POINT('',(3.,0.));
#3534 = ( GEOMETRIC_REPRESENTATION_CONTEXT(2) 
PARAMETRIC_REPRESENTATION_CONTEXT() REPRESENTATION_CONTEXT('2D SPACE',''
  ) );
#3535 = ORIENTED_EDGE('',*,*,#3326,.F.);
#3536 = ADVANCED_FACE('',(#3537),#1613,.T.);
#3537 = FACE_BOUND('',#3538,.F.);
#3538 = EDGE_LOOP('',(#3539,#3540,#3576,#3577,#3598));
#3539 = ORIENTED_EDGE('',*,*,#1597,.F.);
#3540 = ORIENTED_EDGE('',*,*,#3541,.T.);
#3541 = EDGE_CURVE('',#1598,#2765,#3542,.T.);
#3542 = SURFACE_CURVE('',#3543,(#3548,#3556),.PCURVE_S1.);
#3543 = ( BOUNDED_CURVE() B_SPLINE_CURVE(3,(#3544,#3545,#3546,#3547),
.UNSPECIFIED.,.F.,.F.) B_SPLINE_CURVE_WITH_KNOTS((4,4),(0.178352956031,
0.179238960451),.PIECEWISE_BEZIER_KNOTS.) CURVE() 
GEOMETRIC_REPRESENTATION_ITEM() RATIONAL_B_SPLINE_CURVE((1.,1.,1.,1.)) 
REPRESENTATION_ITEM('') );
#3544 = CARTESIAN_POINT('',(7.285019791277,3.356416556022,1.749931454201
    ));
#3545 = CARTESIAN_POINT('',(7.27941351406,3.356371895704,1.748505285806)
  );
#3546 = CARTESIAN_POINT('',(7.273835762407,3.356327462625,1.747086373965
    ));
#3547 = CARTESIAN_POINT('',(7.268286103631,3.356283253337,1.745674608609
    ));
#3548 = PCURVE('',#1613,#3549);
#3549 = DEFINITIONAL_REPRESENTATION('',(#3550),#3555);
#3550 = B_SPLINE_CURVE_WITH_KNOTS('',3,(#3551,#3552,#3553,#3554),
  .UNSPECIFIED.,.F.,.F.,(4,4),(0.178352956031,0.179238960451),
  .PIECEWISE_BEZIER_KNOTS.);
#3551 = CARTESIAN_POINT('',(104.61977310589,-2.212683218383E-15));
#3552 = CARTESIAN_POINT('',(104.61398809984,-2.21270397943E-15));
#3553 = CARTESIAN_POINT('',(104.60823252874,-2.212431919067E-15));
#3554 = CARTESIAN_POINT('',(104.60250594613,-2.212375786705E-15));
#3555 = ( GEOMETRIC_REPRESENTATION_CONTEXT(2) 
PARAMETRIC_REPRESENTATION_CONTEXT() REPRESENTATION_CONTEXT('2D SPACE',''
  ) );
#3556 = PCURVE('',#3557,#3570);
#3557 = ( BOUNDED_SURFACE() B_SPLINE_SURFACE(2,3,(
    (#3558,#3559,#3560,#3561)
    ,(#3562,#3563,#3564,#3565)
    ,(#3566,#3567,#3568,#3569
)),.UNSPECIFIED.,.F.,.F.,.F.) B_SPLINE_SURFACE_WITH_KNOTS((3,3),(4,4),(
    0.,8.860044204503E-04),(0.178352956031,0.179238960451),
.PIECEWISE_BEZIER_KNOTS.) GEOMETRIC_REPRESENTATION_ITEM() 
RATIONAL_B_SPLINE_SURFACE((
    (1.,1.,1.,1.)
    ,(0.688492316164,0.689883260515,0.691262158301,0.692629352284)
,(1.,1.,1.,1.))) REPRESENTATION_ITEM('') SURFACE() );
#3558 = CARTESIAN_POINT('',(5.451391296949,3.243201490337,2.915604594039
    ));
#3559 = CARTESIAN_POINT('',(5.451351261449,3.243520928739,2.915575687312
    ));
#3560 = CARTESIAN_POINT('',(5.451317044075,3.243839272372,2.915517277296
    ));
#3561 = CARTESIAN_POINT('',(5.451288458201,3.244156553304,2.915430302275
    ));
#3562 = CARTESIAN_POINT('',(5.761427008633,3.186510972161,1.367288576899
    ));
#3563 = CARTESIAN_POINT('',(5.760208626942,3.18703415593,1.373197277692)
  );
#3564 = CARTESIAN_POINT('',(5.759004609573,3.187554550572,1.379017109846
    ));
#3565 = CARTESIAN_POINT('',(5.757814698006,3.188072206175,1.384750248223
    ));
#3566 = CARTESIAN_POINT('',(7.285019791277,3.356416556022,1.749931454201
    ));
#3567 = CARTESIAN_POINT('',(7.27941351406,3.356371895704,1.748505285806)
  );
#3568 = CARTESIAN_POINT('',(7.273835762407,3.356327462625,1.747086373965
    ));
#3569 = CARTESIAN_POINT('',(7.268286103631,3.356283253337,1.745674608609
    ));
#3570 = DEFINITIONAL_REPRESENTATION('',(#3571),#3575);
#3571 = LINE('',#3572,#3573);
#3572 = CARTESIAN_POINT('',(8.860044204503E-04,0.));
#3573 = VECTOR('',#3574,1.);
#3574 = DIRECTION('',(0.,1.));
#3575 = ( GEOMETRIC_REPRESENTATION_CONTEXT(2) 
PARAMETRIC_REPRESENTATION_CONTEXT() REPRESENTATION_CONTEXT('2D SPACE',''
  ) );
#3576 = ORIENTED_EDGE('',*,*,#2789,.T.);
#3577 = ORIENTED_EDGE('',*,*,#3578,.T.);
#3578 = EDGE_CURVE('',#2790,#3465,#3579,.T.);
#3579 = SURFACE_CURVE('',#3580,(#3584,#3591),.PCURVE_S1.);
#3580 = LINE('',#3581,#3582);
#3581 = CARTESIAN_POINT('',(10.796058633869,3.366407961118,
    2.068993809986));
#3582 = VECTOR('',#3583,1.);
#3583 = DIRECTION('',(0.970362006523,7.563722314031E-03,0.241537505167)
  );
#3584 = PCURVE('',#1613,#3585);
#3585 = DEFINITIONAL_REPRESENTATION('',(#3586),#3590);
#3586 = LINE('',#3587,#3588);
#3587 = CARTESIAN_POINT('',(108.10107282157,0.556638714852));
#3588 = VECTOR('',#3589,1.);
#3589 = DIRECTION('',(0.999986742911,5.149174942617E-03));
#3590 = ( GEOMETRIC_REPRESENTATION_CONTEXT(2) 
PARAMETRIC_REPRESENTATION_CONTEXT() REPRESENTATION_CONTEXT('2D SPACE',''
  ) );
#3591 = PCURVE('',#2829,#3592);
#3592 = DEFINITIONAL_REPRESENTATION('',(#3593),#3597);
#3593 = LINE('',#3594,#3595);
#3594 = CARTESIAN_POINT('',(0.,-0.5));
#3595 = VECTOR('',#3596,1.);
#3596 = DIRECTION('',(1.,0.));
#3597 = ( GEOMETRIC_REPRESENTATION_CONTEXT(2) 
PARAMETRIC_REPRESENTATION_CONTEXT() REPRESENTATION_CONTEXT('2D SPACE',''
  ) );
#3598 = ORIENTED_EDGE('',*,*,#3464,.F.);
#3599 = ADVANCED_FACE('',(#3600),#1643,.F.);
#3600 = FACE_BOUND('',#3601,.F.);
#3601 = EDGE_LOOP('',(#3602,#3623,#3648,#3667));
#3602 = ORIENTED_EDGE('',*,*,#3603,.T.);
#3603 = EDGE_CURVE('',#1626,#3604,#3606,.T.);
#3604 = VERTEX_POINT('',#3605);
#3605 = CARTESIAN_POINT('',(5.465351926778,3.,2.932702117107));
#3606 = SURFACE_CURVE('',#3607,(#3611,#3617),.PCURVE_S1.);
#3607 = ( BOUNDED_CURVE() B_SPLINE_CURVE(2,(#3608,#3609,#3610),
.UNSPECIFIED.,.F.,.F.) B_SPLINE_CURVE_WITH_KNOTS((3,3),(0.,
0.222916595414),.PIECEWISE_BEZIER_KNOTS.) CURVE() 
GEOMETRIC_REPRESENTATION_ITEM() RATIONAL_B_SPLINE_CURVE((1.,
0.687101189739,1.)) REPRESENTATION_ITEM('') );
#3608 = CARTESIAN_POINT('',(7.306767126938,2.920807168789,1.769110199107
    ));
#3609 = CARTESIAN_POINT('',(5.770251568849,2.953803751766,1.37682284136)
  );
#3610 = CARTESIAN_POINT('',(5.465351926778,3.,2.932702117107));
#3611 = PCURVE('',#1643,#3612);
#3612 = DEFINITIONAL_REPRESENTATION('',(#3613),#3616);
#3613 = B_SPLINE_CURVE_WITH_KNOTS('',1,(#3614,#3615),.UNSPECIFIED.,.F.,
  .F.,(2,2),(0.,0.222916595414),.PIECEWISE_BEZIER_KNOTS.);
#3614 = CARTESIAN_POINT('',(0.,-4.45636393836E-02));
#3615 = CARTESIAN_POINT('',(0.222916595414,-4.45636393836E-02));
#3616 = ( GEOMETRIC_REPRESENTATION_CONTEXT(2) 
PARAMETRIC_REPRESENTATION_CONTEXT() REPRESENTATION_CONTEXT('2D SPACE',''
  ) );
#3617 = PCURVE('',#1689,#3618);
#3618 = DEFINITIONAL_REPRESENTATION('',(#3619),#3622);
#3619 = B_SPLINE_CURVE_WITH_KNOTS('',1,(#3620,#3621),.UNSPECIFIED.,.F.,
  .F.,(2,2),(0.,0.222916595414),.PIECEWISE_BEZIER_KNOTS.);
#3620 = CARTESIAN_POINT('',(0.,11.046755068165));
#3621 = CARTESIAN_POINT('',(1.831810770046,11.046755068165));
#3622 = ( GEOMETRIC_REPRESENTATION_CONTEXT(2) 
PARAMETRIC_REPRESENTATION_CONTEXT() REPRESENTATION_CONTEXT('2D SPACE',''
  ) );
#3623 = ORIENTED_EDGE('',*,*,#3624,.T.);
#3624 = EDGE_CURVE('',#3604,#3625,#3627,.T.);
#3625 = VERTEX_POINT('',#3626);
#3626 = CARTESIAN_POINT('',(5.451391296949,3.243201490337,2.915604594039
    ));
#3627 = SURFACE_CURVE('',#3628,(#3633,#3640),.PCURVE_S1.);
#3628 = ( BOUNDED_CURVE() B_SPLINE_CURVE(3,(#3629,#3630,#3631,#3632),
.UNSPECIFIED.,.F.,.F.) B_SPLINE_CURVE_WITH_KNOTS((4,4),(
-4.45636393836E-02,0.178352956031),.PIECEWISE_BEZIER_KNOTS.) CURVE() 
GEOMETRIC_REPRESENTATION_ITEM() RATIONAL_B_SPLINE_CURVE((1.,1.,1.,1.)) 
REPRESENTATION_ITEM('') );
#3629 = CARTESIAN_POINT('',(5.465351926778,3.,2.932702117107));
#3630 = CARTESIAN_POINT('',(5.466156044019,3.081481201363,2.928598769062
    ));
#3631 = CARTESIAN_POINT('',(5.461464133069,3.162831551651,2.922877457491
    ));
#3632 = CARTESIAN_POINT('',(5.451391296949,3.243201490337,2.915604594039
    ));
#3633 = PCURVE('',#1643,#3634);
#3634 = DEFINITIONAL_REPRESENTATION('',(#3635),#3639);
#3635 = LINE('',#3636,#3637);
#3636 = CARTESIAN_POINT('',(0.222916595414,0.));
#3637 = VECTOR('',#3638,1.);
#3638 = DIRECTION('',(0.,1.));
#3639 = ( GEOMETRIC_REPRESENTATION_CONTEXT(2) 
PARAMETRIC_REPRESENTATION_CONTEXT() REPRESENTATION_CONTEXT('2D SPACE',''
  ) );
#3640 = PCURVE('',#1918,#3641);
#3641 = DEFINITIONAL_REPRESENTATION('',(#3642),#3647);
#3642 = B_SPLINE_CURVE_WITH_KNOTS('',3,(#3643,#3644,#3645,#3646),
  .UNSPECIFIED.,.F.,.F.,(4,4),(-4.45636393836E-02,0.178352956031),
  .PIECEWISE_BEZIER_KNOTS.);
#3643 = CARTESIAN_POINT('',(-0.280780310585,1.151856388049E-15));
#3644 = CARTESIAN_POINT('',(-0.280506120706,4.6560686493E-02));
#3645 = CARTESIAN_POINT('',(-0.280197157117,9.304785228324E-02));
#3646 = CARTESIAN_POINT('',(-0.279855106779,0.1394235487));
#3647 = ( GEOMETRIC_REPRESENTATION_CONTEXT(2) 
PARAMETRIC_REPRESENTATION_CONTEXT() REPRESENTATION_CONTEXT('2D SPACE',''
  ) );
#3648 = ORIENTED_EDGE('',*,*,#3649,.F.);
#3649 = EDGE_CURVE('',#1598,#3625,#3650,.T.);
#3650 = SURFACE_CURVE('',#3651,(#3655,#3661),.PCURVE_S1.);
#3651 = ( BOUNDED_CURVE() B_SPLINE_CURVE(2,(#3652,#3653,#3654),
.UNSPECIFIED.,.F.,.F.) B_SPLINE_CURVE_WITH_KNOTS((3,3),(0.,
0.222916595414),.PIECEWISE_BEZIER_KNOTS.) CURVE() 
GEOMETRIC_REPRESENTATION_ITEM() RATIONAL_B_SPLINE_CURVE((1.,
0.688492316164,1.)) REPRESENTATION_ITEM('') );
#3652 = CARTESIAN_POINT('',(7.285019791277,3.356416556022,1.749931454201
    ));
#3653 = CARTESIAN_POINT('',(5.761427008633,3.186510972161,1.367288576899
    ));
#3654 = CARTESIAN_POINT('',(5.451391296949,3.243201490337,2.915604594039
    ));
#3655 = PCURVE('',#1643,#3656);
#3656 = DEFINITIONAL_REPRESENTATION('',(#3657),#3660);
#3657 = B_SPLINE_CURVE_WITH_KNOTS('',1,(#3658,#3659),.UNSPECIFIED.,.F.,
  .F.,(2,2),(0.,0.222916595414),.PIECEWISE_BEZIER_KNOTS.);
#3658 = CARTESIAN_POINT('',(0.,0.178352956031));
#3659 = CARTESIAN_POINT('',(0.222916595414,0.178352956031));
#3660 = ( GEOMETRIC_REPRESENTATION_CONTEXT(2) 
PARAMETRIC_REPRESENTATION_CONTEXT() REPRESENTATION_CONTEXT('2D SPACE',''
  ) );
#3661 = PCURVE('',#3557,#3662);
#3662 = DEFINITIONAL_REPRESENTATION('',(#3663),#3666);
#3663 = B_SPLINE_CURVE_WITH_KNOTS('',1,(#3664,#3665),.UNSPECIFIED.,.F.,
  .F.,(2,2),(0.,0.222916595414),.PIECEWISE_BEZIER_KNOTS.);
#3664 = CARTESIAN_POINT('',(8.860044204503E-04,0.178352956031));
#3665 = CARTESIAN_POINT('',(0.,0.178352956031));
#3666 = ( GEOMETRIC_REPRESENTATION_CONTEXT(2) 
PARAMETRIC_REPRESENTATION_CONTEXT() REPRESENTATION_CONTEXT('2D SPACE',''
  ) );
#3667 = ORIENTED_EDGE('',*,*,#1625,.F.);
#3668 = ADVANCED_FACE('',(#3669),#1689,.F.);
#3669 = FACE_BOUND('',#3670,.F.);
#3670 = EDGE_LOOP('',(#3671,#3672,#3705,#3706));
#3671 = ORIENTED_EDGE('',*,*,#1878,.T.);
#3672 = ORIENTED_EDGE('',*,*,#3673,.T.);
#3673 = EDGE_CURVE('',#1879,#3604,#3674,.T.);
#3674 = SURFACE_CURVE('',#3675,(#3685,#3692),.PCURVE_S1.);
#3675 = ( BOUNDED_CURVE() B_SPLINE_CURVE(8,(#3676,#3677,#3678,#3679,
    #3680,#3681,#3682,#3683,#3684),.UNSPECIFIED.,.F.,.F.) 
B_SPLINE_CURVE_WITH_KNOTS((9,9),(9.214944298119,11.046755068165),
.PIECEWISE_BEZIER_KNOTS.) CURVE() GEOMETRIC_REPRESENTATION_ITEM() 
RATIONAL_B_SPLINE_CURVE((1.,1.,1.,1.,1.,1.,1.,1.,1.)) 
REPRESENTATION_ITEM('') );
#3676 = CARTESIAN_POINT('',(4.462219520647,1.407121067094,2.720189535273
    ));
#3677 = CARTESIAN_POINT('',(4.677835254485,1.508581537855,2.779604856861
    ));
#3678 = CARTESIAN_POINT('',(4.88059575988,1.646820823916,2.832560512828)
  );
#3679 = CARTESIAN_POINT('',(5.063008849522,1.819901472218,2.877195185613
    ));
#3680 = CARTESIAN_POINT('',(5.217750753187,2.023905256777,2.911820955927
    ));
#3681 = CARTESIAN_POINT('',(5.338400280309,2.252160859557,2.935107891034
    ));
#3682 = CARTESIAN_POINT('',(5.420721307056,2.496858093228,2.946310296093
    ));
#3683 = CARTESIAN_POINT('',(5.462873997837,2.748911456208,2.945346796715
    ));
#3684 = CARTESIAN_POINT('',(5.465351926778,3.,2.932702117107));
#3685 = PCURVE('',#1689,#3686);
#3686 = DEFINITIONAL_REPRESENTATION('',(#3687),#3691);
#3687 = LINE('',#3688,#3689);
#3688 = CARTESIAN_POINT('',(1.831810770046,0.));
#3689 = VECTOR('',#3690,1.);
#3690 = DIRECTION('',(0.,1.));
#3691 = ( GEOMETRIC_REPRESENTATION_CONTEXT(2) 
PARAMETRIC_REPRESENTATION_CONTEXT() REPRESENTATION_CONTEXT('2D SPACE',''
  ) );
#3692 = PCURVE('',#1918,#3693);
#3693 = DEFINITIONAL_REPRESENTATION('',(#3694),#3704);
#3694 = B_SPLINE_CURVE_WITH_KNOTS('',8,(#3695,#3696,#3697,#3698,#3699,
    #3700,#3701,#3702,#3703),.UNSPECIFIED.,.F.,.F.,(9,9),(9.214944298119
    ,11.046755068165),.PIECEWISE_BEZIER_KNOTS.);
#3695 = CARTESIAN_POINT('',(-0.279681153215,5.139378686153));
#3696 = CARTESIAN_POINT('',(-0.280882351645,5.279375882675));
#3697 = CARTESIAN_POINT('',(-0.281767590614,5.420884723329));
#3698 = CARTESIAN_POINT('',(-0.28233364726,5.563597983712));
#3699 = CARTESIAN_POINT('',(-0.282588048688,5.707264131689));
#3700 = CARTESIAN_POINT('',(-0.282545162462,5.851347911413));
#3701 = CARTESIAN_POINT('',(-0.282218801806,5.995675665363));
#3702 = CARTESIAN_POINT('',(-0.281625240907,6.139706139298));
#3703 = CARTESIAN_POINT('',(-0.280780310585,6.28318530718));
#3704 = ( GEOMETRIC_REPRESENTATION_CONTEXT(2) 
PARAMETRIC_REPRESENTATION_CONTEXT() REPRESENTATION_CONTEXT('2D SPACE',''
  ) );
#3705 = ORIENTED_EDGE('',*,*,#3603,.F.);
#3706 = ORIENTED_EDGE('',*,*,#1663,.F.);
#3707 = ADVANCED_FACE('',(#3708,#3814),#1918,.T.);
#3708 = FACE_BOUND('',#3709,.F.);
#3709 = EDGE_LOOP('',(#3710,#3734,#3735,#3760,#3783,#3784,#3785,#3786,
    #3787));
#3710 = ORIENTED_EDGE('',*,*,#3711,.F.);
#3711 = EDGE_CURVE('',#3604,#3712,#3714,.T.);
#3712 = VERTEX_POINT('',#3713);
#3713 = CARTESIAN_POINT('',(-21.9920686754,3.,8.747040654353));
#3714 = SEAM_CURVE('',#3715,(#3720,#3727),.PCURVE_S1.);
#3715 = CIRCLE('',#3716,15.25);
#3716 = AXIS2_PLACEMENT_3D('',#3717,#3718,#3719);
#3717 = CARTESIAN_POINT('',(-9.5,3.,0.));
#3718 = DIRECTION('',(0.,-1.,0.));
#3719 = DIRECTION('',(0.996194698092,0.,-8.715574274766E-02));
#3720 = PCURVE('',#1918,#3721);
#3721 = DEFINITIONAL_REPRESENTATION('',(#3722),#3726);
#3722 = LINE('',#3723,#3724);
#3723 = CARTESIAN_POINT('',(-7.280150981149E-18,6.28318530718));
#3724 = VECTOR('',#3725,1.);
#3725 = DIRECTION('',(-1.,0.));
#3726 = ( GEOMETRIC_REPRESENTATION_CONTEXT(2) 
PARAMETRIC_REPRESENTATION_CONTEXT() REPRESENTATION_CONTEXT('2D SPACE',''
  ) );
#3727 = PCURVE('',#1918,#3728);
#3728 = DEFINITIONAL_REPRESENTATION('',(#3729),#3733);
#3729 = LINE('',#3730,#3731);
#3730 = CARTESIAN_POINT('',(-7.280150981149E-18,3.08148791102E-33));
#3731 = VECTOR('',#3732,1.);
#3732 = DIRECTION('',(-1.,0.));
#3733 = ( GEOMETRIC_REPRESENTATION_CONTEXT(2) 
PARAMETRIC_REPRESENTATION_CONTEXT() REPRESENTATION_CONTEXT('2D SPACE',''
  ) );
#3734 = ORIENTED_EDGE('',*,*,#3624,.T.);
#3735 = ORIENTED_EDGE('',*,*,#3736,.T.);
#3736 = EDGE_CURVE('',#3625,#3737,#3739,.T.);
#3737 = VERTEX_POINT('',#3738);
#3738 = CARTESIAN_POINT('',(5.451288458201,3.244156553304,2.915430302275
    ));
#3739 = SURFACE_CURVE('',#3740,(#3745,#3753),.PCURVE_S1.);
#3740 = ( BOUNDED_CURVE() B_SPLINE_CURVE(3,(#3741,#3742,#3743,#3744),
.UNSPECIFIED.,.F.,.F.) B_SPLINE_CURVE_WITH_KNOTS((4,4),(0.178352956031,
0.179238960451),.PIECEWISE_BEZIER_KNOTS.) CURVE() 
GEOMETRIC_REPRESENTATION_ITEM() RATIONAL_B_SPLINE_CURVE((1.,1.,1.,1.)) 
REPRESENTATION_ITEM('') );
#3741 = CARTESIAN_POINT('',(5.451391296949,3.243201490337,2.915604594039
    ));
#3742 = CARTESIAN_POINT('',(5.451351261449,3.243520928739,2.915575687312
    ));
#3743 = CARTESIAN_POINT('',(5.451317044075,3.243839272372,2.915517277296
    ));
#3744 = CARTESIAN_POINT('',(5.451288458201,3.244156553304,2.915430302275
    ));
#3745 = PCURVE('',#1918,#3746);
#3746 = DEFINITIONAL_REPRESENTATION('',(#3747),#3752);
#3747 = B_SPLINE_CURVE_WITH_KNOTS('',3,(#3748,#3749,#3750,#3751),
  .UNSPECIFIED.,.F.,.F.,(4,4),(0.178352956031,0.179238960451),
  .PIECEWISE_BEZIER_KNOTS.);
#3748 = CARTESIAN_POINT('',(-0.279855106779,0.1394235487));
#3749 = CARTESIAN_POINT('',(-0.279853747266,0.139607873568));
#3750 = CARTESIAN_POINT('',(-0.279850413645,0.139791573876));
#3751 = CARTESIAN_POINT('',(-0.279845168667,0.139974668011));
#3752 = ( GEOMETRIC_REPRESENTATION_CONTEXT(2) 
PARAMETRIC_REPRESENTATION_CONTEXT() REPRESENTATION_CONTEXT('2D SPACE',''
  ) );
#3753 = PCURVE('',#3557,#3754);
#3754 = DEFINITIONAL_REPRESENTATION('',(#3755),#3759);
#3755 = LINE('',#3756,#3757);
#3756 = CARTESIAN_POINT('',(0.,0.));
#3757 = VECTOR('',#3758,1.);
#3758 = DIRECTION('',(0.,1.));
#3759 = ( GEOMETRIC_REPRESENTATION_CONTEXT(2) 
PARAMETRIC_REPRESENTATION_CONTEXT() REPRESENTATION_CONTEXT('2D SPACE',''
  ) );
#3760 = ORIENTED_EDGE('',*,*,#3761,.T.);
#3761 = EDGE_CURVE('',#3737,#2631,#3762,.T.);
#3762 = SURFACE_CURVE('',#3763,(#3768,#3776),.PCURVE_S1.);
#3763 = ( BOUNDED_CURVE() B_SPLINE_CURVE(3,(#3764,#3765,#3766,#3767),
.UNSPECIFIED.,.F.,.F.) B_SPLINE_CURVE_WITH_KNOTS((4,4),(0.179238960451,
0.242473257909),.PIECEWISE_BEZIER_KNOTS.) CURVE() 
GEOMETRIC_REPRESENTATION_ITEM() RATIONAL_B_SPLINE_CURVE((1.,1.,1.,1.)) 
REPRESENTATION_ITEM('') );
#3764 = CARTESIAN_POINT('',(5.451288458203,3.244156553303,2.915430302264
    ));
#3765 = CARTESIAN_POINT('',(5.448409012336,3.266954509948,2.913413870803
    ));
#3766 = CARTESIAN_POINT('',(5.445099964321,3.289673255769,2.911260044768
    ));
#3767 = CARTESIAN_POINT('',(5.441370974313,3.312293123124,2.908946241704
    ));
#3768 = PCURVE('',#1918,#3769);
#3769 = DEFINITIONAL_REPRESENTATION('',(#3770),#3775);
#3770 = B_SPLINE_CURVE_WITH_KNOTS('',3,(#3771,#3772,#3773,#3774),
  .UNSPECIFIED.,.F.,.F.,(4,4),(0.179238960451,0.242473257909),
  .PIECEWISE_BEZIER_KNOTS.);
#3771 = CARTESIAN_POINT('',(-0.279845168667,0.139974668011));
#3772 = CARTESIAN_POINT('',(-0.279751420376,0.153130744408));
#3773 = CARTESIAN_POINT('',(-0.279654158274,0.166277705849));
#3774 = CARTESIAN_POINT('',(-0.279551770318,0.179414206208));
#3775 = ( GEOMETRIC_REPRESENTATION_CONTEXT(2) 
PARAMETRIC_REPRESENTATION_CONTEXT() REPRESENTATION_CONTEXT('2D SPACE',''
  ) );
#3776 = PCURVE('',#2645,#3777);
#3777 = DEFINITIONAL_REPRESENTATION('',(#3778),#3782);
#3778 = LINE('',#3779,#3780);
#3779 = CARTESIAN_POINT('',(0.,0.));
#3780 = VECTOR('',#3781,1.);
#3781 = DIRECTION('',(0.,1.));
#3782 = ( GEOMETRIC_REPRESENTATION_CONTEXT(2) 
PARAMETRIC_REPRESENTATION_CONTEXT() REPRESENTATION_CONTEXT('2D SPACE',''
  ) );
#3783 = ORIENTED_EDGE('',*,*,#2664,.T.);
#3784 = ORIENTED_EDGE('',*,*,#1899,.T.);
#3785 = ORIENTED_EDGE('',*,*,#3673,.T.);
#3786 = ORIENTED_EDGE('',*,*,#3711,.T.);
#3787 = ORIENTED_EDGE('',*,*,#3788,.F.);
#3788 = EDGE_CURVE('',#3712,#3712,#3789,.T.);
#3789 = SURFACE_CURVE('',#3790,(#3795,#3802),.PCURVE_S1.);
#3790 = CIRCLE('',#3791,1.75);
#3791 = AXIS2_PLACEMENT_3D('',#3792,#3793,#3794);
#3792 = CARTESIAN_POINT('',(-20.5585525979,3.,7.743281890739));
#3793 = DIRECTION('',(-0.573576436351,0.,-0.819152044289));
#3794 = DIRECTION('',(-0.819152044289,0.,0.573576436351));
#3795 = PCURVE('',#1918,#3796);
#3796 = DEFINITIONAL_REPRESENTATION('',(#3797),#3801);
#3797 = LINE('',#3798,#3799);
#3798 = CARTESIAN_POINT('',(-2.617993877991,1.087377813798E-15));
#3799 = VECTOR('',#3800,1.);
#3800 = DIRECTION('',(-0.,1.));
#3801 = ( GEOMETRIC_REPRESENTATION_CONTEXT(2) 
PARAMETRIC_REPRESENTATION_CONTEXT() REPRESENTATION_CONTEXT('2D SPACE',''
  ) );
#3802 = PCURVE('',#3803,#3808);
#3803 = PLANE('',#3804);
#3804 = AXIS2_PLACEMENT_3D('',#3805,#3806,#3807);
#3805 = CARTESIAN_POINT('',(-20.5585525979,3.,7.743281890739));
#3806 = DIRECTION('',(-0.573576436351,0.,-0.819152044289));
#3807 = DIRECTION('',(-0.819152044289,0.,0.573576436351));
#3808 = DEFINITIONAL_REPRESENTATION('',(#3809),#3813);
#3809 = CIRCLE('',#3810,1.75);
#3810 = AXIS2_PLACEMENT_2D('',#3811,#3812);
#3811 = CARTESIAN_POINT('',(9.767429518139E-17,-1.239108604125E-16));
#3812 = DIRECTION('',(1.,0.));
#3813 = ( GEOMETRIC_REPRESENTATION_CONTEXT(2) 
PARAMETRIC_REPRESENTATION_CONTEXT() REPRESENTATION_CONTEXT('2D SPACE',''
  ) );
#3814 = FACE_BOUND('',#3815,.F.);
#3815 = EDGE_LOOP('',(#3816,#3847,#3880,#3909));
#3816 = ORIENTED_EDGE('',*,*,#3817,.F.);
#3817 = EDGE_CURVE('',#3818,#3820,#3822,.T.);
#3818 = VERTEX_POINT('',#3819);
#3819 = CARTESIAN_POINT('',(-16.98484692283,3.95,12.964135157226));
#3820 = VERTEX_POINT('',#3821);
#3821 = CARTESIAN_POINT('',(-15.51515307716,3.95,10.418550744954));
#3822 = SURFACE_CURVE('',#3823,(#3828,#3835),.PCURVE_S1.);
#3823 = CIRCLE('',#3824,1.75);
#3824 = AXIS2_PLACEMENT_3D('',#3825,#3826,#3827);
#3825 = CARTESIAN_POINT('',(-16.25,3.,11.69134295109));
#3826 = DIRECTION('',(-0.866025403784,0.,-0.5));
#3827 = DIRECTION('',(0.5,0.,-0.866025403784));
#3828 = PCURVE('',#1918,#3829);
#3829 = DEFINITIONAL_REPRESENTATION('',(#3830),#3834);
#3830 = LINE('',#3831,#3832);
#3831 = CARTESIAN_POINT('',(-2.181661564993,-3.14159265359));
#3832 = VECTOR('',#3833,1.);
#3833 = DIRECTION('',(-0.,1.));
#3834 = ( GEOMETRIC_REPRESENTATION_CONTEXT(2) 
PARAMETRIC_REPRESENTATION_CONTEXT() REPRESENTATION_CONTEXT('2D SPACE',''
  ) );
#3835 = PCURVE('',#3836,#3841);
#3836 = PLANE('',#3837);
#3837 = AXIS2_PLACEMENT_3D('',#3838,#3839,#3840);
#3838 = CARTESIAN_POINT('',(-16.25,7.95,11.69134295109));
#3839 = DIRECTION('',(-0.866025403784,0.,-0.5));
#3840 = DIRECTION('',(-0.5,0.,0.866025403784));
#3841 = DEFINITIONAL_REPRESENTATION('',(#3842),#3846);
#3842 = CIRCLE('',#3843,1.75);
#3843 = AXIS2_PLACEMENT_2D('',#3844,#3845);
#3844 = CARTESIAN_POINT('',(3.076740298214E-15,-4.95));
#3845 = DIRECTION('',(-1.,0.));
#3846 = ( GEOMETRIC_REPRESENTATION_CONTEXT(2) 
PARAMETRIC_REPRESENTATION_CONTEXT() REPRESENTATION_CONTEXT('2D SPACE',''
  ) );
#3847 = ORIENTED_EDGE('',*,*,#3848,.T.);
#3848 = EDGE_CURVE('',#3818,#3849,#3851,.T.);
#3849 = VERTEX_POINT('',#3850);
#3850 = CARTESIAN_POINT('',(3.464135157226,3.95,7.484846922835));
#3851 = SURFACE_CURVE('',#3852,(#3857,#3864),.PCURVE_S1.);
#3852 = CIRCLE('',#3853,14.96969384567);
#3853 = AXIS2_PLACEMENT_3D('',#3854,#3855,#3856);
#3854 = CARTESIAN_POINT('',(-9.5,3.95,0.));
#3855 = DIRECTION('',(-0.,1.,0.));
#3856 = DIRECTION('',(0.996194698092,0.,-8.715574274766E-02));
#3857 = PCURVE('',#1918,#3858);
#3858 = DEFINITIONAL_REPRESENTATION('',(#3859),#3863);
#3859 = LINE('',#3860,#3861);
#3860 = CARTESIAN_POINT('',(-6.28318530718,0.57383545252));
#3861 = VECTOR('',#3862,1.);
#3862 = DIRECTION('',(1.,-0.));
#3863 = ( GEOMETRIC_REPRESENTATION_CONTEXT(2) 
PARAMETRIC_REPRESENTATION_CONTEXT() REPRESENTATION_CONTEXT('2D SPACE',''
  ) );
#3864 = PCURVE('',#3865,#3870);
#3865 = PLANE('',#3866);
#3866 = AXIS2_PLACEMENT_3D('',#3867,#3868,#3869);
#3867 = CARTESIAN_POINT('',(-9.5,3.95,0.));
#3868 = DIRECTION('',(0.,-1.,0.));
#3869 = DIRECTION('',(0.866025403784,0.,0.5));
#3870 = DEFINITIONAL_REPRESENTATION('',(#3871),#3879);
#3871 = ( BOUNDED_CURVE() B_SPLINE_CURVE(2,(#3872,#3873,#3874,#3875,
#3876,#3877,#3878),.UNSPECIFIED.,.T.,.F.) B_SPLINE_CURVE_WITH_KNOTS((1,2
    ,2,2,2,1),(-2.094395102393,0.,2.094395102393,4.188790204786,
6.28318530718,8.377580409573),.UNSPECIFIED.) CURVE() 
GEOMETRIC_REPRESENTATION_ITEM() RATIONAL_B_SPLINE_CURVE((1.,0.5,1.,0.5,
1.,0.5,1.)) REPRESENTATION_ITEM('') );
#3872 = CARTESIAN_POINT('',(12.262455316061,-8.586263649266));
#3873 = CARTESIAN_POINT('',(-2.609389571649,-29.82545928222));
#3874 = CARTESIAN_POINT('',(-13.56715010188,-6.326465991847));
#3875 = CARTESIAN_POINT('',(-24.52491063212,17.172527298531));
#3876 = CARTESIAN_POINT('',(1.304694785824,14.912729641113));
#3877 = CARTESIAN_POINT('',(27.13430020377,12.652931983695));
#3878 = CARTESIAN_POINT('',(12.262455316061,-8.586263649266));
#3879 = ( GEOMETRIC_REPRESENTATION_CONTEXT(2) 
PARAMETRIC_REPRESENTATION_CONTEXT() REPRESENTATION_CONTEXT('2D SPACE',''
  ) );
#3880 = ORIENTED_EDGE('',*,*,#3881,.T.);
#3881 = EDGE_CURVE('',#3849,#3882,#3884,.T.);
#3882 = VERTEX_POINT('',#3883);
#3883 = CARTESIAN_POINT('',(0.918550744954,3.95,6.015153077165));
#3884 = SURFACE_CURVE('',#3885,(#3890,#3897),.PCURVE_S1.);
#3885 = CIRCLE('',#3886,1.75);
#3886 = AXIS2_PLACEMENT_3D('',#3887,#3888,#3889);
#3887 = CARTESIAN_POINT('',(2.19134295109,3.,6.75));
#3888 = DIRECTION('',(-0.5,0.,0.866025403784));
#3889 = DIRECTION('',(-0.866025403784,0.,-0.5));
#3890 = PCURVE('',#1918,#3891);
#3891 = DEFINITIONAL_REPRESENTATION('',(#3892),#3896);
#3892 = LINE('',#3893,#3894);
#3893 = CARTESIAN_POINT('',(-0.610865238198,-3.14159265359));
#3894 = VECTOR('',#3895,1.);
#3895 = DIRECTION('',(-0.,1.));
#3896 = ( GEOMETRIC_REPRESENTATION_CONTEXT(2) 
PARAMETRIC_REPRESENTATION_CONTEXT() REPRESENTATION_CONTEXT('2D SPACE',''
  ) );
#3897 = PCURVE('',#3898,#3903);
#3898 = PLANE('',#3899);
#3899 = AXIS2_PLACEMENT_3D('',#3900,#3901,#3902);
#3900 = CARTESIAN_POINT('',(2.19134295109,7.95,6.75));
#3901 = DIRECTION('',(-0.5,0.,0.866025403784));
#3902 = DIRECTION('',(0.866025403784,0.,0.5));
#3903 = DEFINITIONAL_REPRESENTATION('',(#3904),#3908);
#3904 = CIRCLE('',#3905,1.75);
#3905 = AXIS2_PLACEMENT_2D('',#3906,#3907);
#3906 = CARTESIAN_POINT('',(1.922962686384E-15,-4.95));
#3907 = DIRECTION('',(-1.,0.));
#3908 = ( GEOMETRIC_REPRESENTATION_CONTEXT(2) 
PARAMETRIC_REPRESENTATION_CONTEXT() REPRESENTATION_CONTEXT('2D SPACE',''
  ) );
#3909 = ORIENTED_EDGE('',*,*,#3910,.F.);
#3910 = EDGE_CURVE('',#3820,#3882,#3911,.T.);
#3911 = SURFACE_CURVE('',#3912,(#3917,#3924),.PCURVE_S1.);
#3912 = CIRCLE('',#3913,12.03030615433);
#3913 = AXIS2_PLACEMENT_3D('',#3914,#3915,#3916);
#3914 = CARTESIAN_POINT('',(-9.5,3.95,0.));
#3915 = DIRECTION('',(-0.,1.,0.));
#3916 = DIRECTION('',(0.996194698092,0.,-8.715574274766E-02));
#3917 = PCURVE('',#1918,#3918);
#3918 = DEFINITIONAL_REPRESENTATION('',(#3919),#3923);
#3919 = LINE('',#3920,#3921);
#3920 = CARTESIAN_POINT('',(-6.28318530718,2.56775720107));
#3921 = VECTOR('',#3922,1.);
#3922 = DIRECTION('',(1.,-0.));
#3923 = ( GEOMETRIC_REPRESENTATION_CONTEXT(2) 
PARAMETRIC_REPRESENTATION_CONTEXT() REPRESENTATION_CONTEXT('2D SPACE',''
  ) );
#3924 = PCURVE('',#3865,#3925);
#3925 = DEFINITIONAL_REPRESENTATION('',(#3926),#3934);
#3926 = ( BOUNDED_CURVE() B_SPLINE_CURVE(2,(#3927,#3928,#3929,#3930,
#3931,#3932,#3933),.UNSPECIFIED.,.T.,.F.) B_SPLINE_CURVE_WITH_KNOTS((1,2
    ,2,2,2,1),(-2.094395102393,0.,2.094395102393,4.188790204786,
6.28318530718,8.377580409573),.UNSPECIFIED.) CURVE() 
GEOMETRIC_REPRESENTATION_ITEM() RATIONAL_B_SPLINE_CURVE((1.,0.5,1.,0.5,
1.,0.5,1.)) REPRESENTATION_ITEM('') );
#3927 = CARTESIAN_POINT('',(9.854649879742,-6.900300132213));
#3928 = CARTESIAN_POINT('',(-2.097020536725,-23.96905441472));
#3929 = CARTESIAN_POINT('',(-10.9031601481,-5.084227075151));
#3930 = CARTESIAN_POINT('',(-19.70929975948,13.800600264425));
#3931 = CARTESIAN_POINT('',(1.048510268362,11.984527207364));
#3932 = CARTESIAN_POINT('',(21.806320296209,10.168454150303));
#3933 = CARTESIAN_POINT('',(9.854649879742,-6.900300132213));
#3934 = ( GEOMETRIC_REPRESENTATION_CONTEXT(2) 
PARAMETRIC_REPRESENTATION_CONTEXT() REPRESENTATION_CONTEXT('2D SPACE',''
  ) );
#3935 = ADVANCED_FACE('',(#3936),#2081,.F.);
#3936 = FACE_BOUND('',#3937,.F.);
#3937 = EDGE_LOOP('',(#3938,#3960,#3961,#3962));
#3938 = ORIENTED_EDGE('',*,*,#3939,.F.);
#3939 = EDGE_CURVE('',#2968,#2047,#3940,.T.);
#3940 = SURFACE_CURVE('',#3941,(#3947,#3953),.PCURVE_S1.);
#3941 = B_SPLINE_CURVE_WITH_KNOTS('',2,(#3942,#3943,#3944,#3945,#3946),
  .UNSPECIFIED.,.F.,.F.,(3,1,1,3),(-0.5508,-2.731158960101E-15,9.,9.5508
    ),.UNSPECIFIED.);
#3942 = CARTESIAN_POINT('',(3.154974774971,8.106751378177,
    -46.26329439461));
#3943 = CARTESIAN_POINT('',(3.154974774971,7.831486310711,
    -46.25467449713));
#3944 = CARTESIAN_POINT('',(3.154974774971,3.058426023202,
    -46.10520660154));
#3945 = CARTESIAN_POINT('',(3.154974774971,-1.714634264306,
    -45.95573870595));
#3946 = CARTESIAN_POINT('',(3.154974774971,-1.989899331773,
    -45.94711880847));
#3947 = PCURVE('',#2081,#3948);
#3948 = DEFINITIONAL_REPRESENTATION('',(#3949),#3952);
#3949 = B_SPLINE_CURVE_WITH_KNOTS('',1,(#3950,#3951),.UNSPECIFIED.,.F.,
  .F.,(2,2),(-2.731158960101E-15,9.),.PIECEWISE_BEZIER_KNOTS.);
#3950 = CARTESIAN_POINT('',(7.784233953185E-17,0.748245040465));
#3951 = CARTESIAN_POINT('',(1.,0.748245040465));
#3952 = ( GEOMETRIC_REPRESENTATION_CONTEXT(2) 
PARAMETRIC_REPRESENTATION_CONTEXT() REPRESENTATION_CONTEXT('2D SPACE',''
  ) );
#3953 = PCURVE('',#2279,#3954);
#3954 = DEFINITIONAL_REPRESENTATION('',(#3955),#3959);
#3955 = LINE('',#3956,#3957);
#3956 = CARTESIAN_POINT('',(0.,0.));
#3957 = VECTOR('',#3958,1.);
#3958 = DIRECTION('',(0.,1.));
#3959 = ( GEOMETRIC_REPRESENTATION_CONTEXT(2) 
PARAMETRIC_REPRESENTATION_CONTEXT() REPRESENTATION_CONTEXT('2D SPACE',''
  ) );
#3960 = ORIENTED_EDGE('',*,*,#2967,.F.);
#3961 = ORIENTED_EDGE('',*,*,#2868,.F.);
#3962 = ORIENTED_EDGE('',*,*,#2046,.T.);
#3963 = ADVANCED_FACE('',(#3964),#2279,.T.);
#3964 = FACE_BOUND('',#3965,.T.);
#3965 = EDGE_LOOP('',(#3966,#3967,#3968,#3997,#4082,#4111,#4154,#4194,
    #4237,#4259));
#3966 = ORIENTED_EDGE('',*,*,#3939,.F.);
#3967 = ORIENTED_EDGE('',*,*,#3005,.F.);
#3968 = ORIENTED_EDGE('',*,*,#3969,.F.);
#3969 = EDGE_CURVE('',#3970,#3006,#3972,.T.);
#3970 = VERTEX_POINT('',#3971);
#3971 = CARTESIAN_POINT('',(3.418004775412,7.522431064436,
    -47.32509943359));
#3972 = SURFACE_CURVE('',#3973,(#3979,#3988),.PCURVE_S1.);
#3973 = B_SPLINE_CURVE_WITH_KNOTS('',4,(#3974,#3975,#3976,#3977,#3978),
  .UNSPECIFIED.,.F.,.F.,(5,5),(0.,1.),.PIECEWISE_BEZIER_KNOTS.);
#3974 = CARTESIAN_POINT('',(3.418004775986,7.522431664138,
    -47.32509945251));
#3975 = CARTESIAN_POINT('',(3.418004775986,7.001615110192,
    -47.30879013529));
#3976 = CARTESIAN_POINT('',(3.418004775986,6.480798556245,
    -47.29248081808));
#3977 = CARTESIAN_POINT('',(3.418004775986,5.959982002298,
    -47.27617150087));
#3978 = CARTESIAN_POINT('',(3.418004775986,5.439165448352,
    -47.25986218365));
#3979 = PCURVE('',#2279,#3980);
#3980 = DEFINITIONAL_REPRESENTATION('',(#3981),#3987);
#3981 = B_SPLINE_CURVE_WITH_KNOTS('',4,(#3982,#3983,#3984,#3985,#3986),
  .UNSPECIFIED.,.F.,.F.,(5,5),(0.,1.),.PIECEWISE_BEZIER_KNOTS.);
#3982 = CARTESIAN_POINT('',(2.107204349949,-6.000000095606E-07));
#3983 = CARTESIAN_POINT('',(2.107204349949,0.521071253675));
#3984 = CARTESIAN_POINT('',(2.107204349949,1.042143107351));
#3985 = CARTESIAN_POINT('',(2.107204349949,1.563214961026));
#3986 = CARTESIAN_POINT('',(2.107204349949,2.084286814702));
#3987 = ( GEOMETRIC_REPRESENTATION_CONTEXT(2) 
PARAMETRIC_REPRESENTATION_CONTEXT() REPRESENTATION_CONTEXT('2D SPACE',''
  ) );
#3988 = PCURVE('',#3099,#3989);
#3989 = DEFINITIONAL_REPRESENTATION('',(#3990),#3996);
#3990 = B_SPLINE_CURVE_WITH_KNOTS('',4,(#3991,#3992,#3993,#3994,#3995),
  .UNSPECIFIED.,.F.,.F.,(5,5),(0.,1.),.PIECEWISE_BEZIER_KNOTS.);
#3991 = CARTESIAN_POINT('',(5.002600488855,2.819711399218));
#3992 = CARTESIAN_POINT('',(5.135209784059,3.323626720992));
#3993 = CARTESIAN_POINT('',(5.267819079262,3.827542042766));
#3994 = CARTESIAN_POINT('',(5.400428374466,4.33145736454));
#3995 = CARTESIAN_POINT('',(5.53303766967,4.835372686313));
#3996 = ( GEOMETRIC_REPRESENTATION_CONTEXT(2) 
PARAMETRIC_REPRESENTATION_CONTEXT() REPRESENTATION_CONTEXT('2D SPACE',''
  ) );
#3997 = ORIENTED_EDGE('',*,*,#3998,.T.);
#3998 = EDGE_CURVE('',#3970,#3999,#4001,.T.);
#3999 = VERTEX_POINT('',#4000);
#4000 = CARTESIAN_POINT('',(6.148537330212,7.447345335978,
    -49.72286322932));
#4001 = SURFACE_CURVE('',#4002,(#4025,#4051),.PCURVE_S1.);
#4002 = B_SPLINE_CURVE_WITH_KNOTS('',6,(#4003,#4004,#4005,#4006,#4007,
    #4008,#4009,#4010,#4011,#4012,#4013,#4014,#4015,#4016,#4017,#4018,
    #4019,#4020,#4021,#4022,#4023,#4024),.UNSPECIFIED.,.F.,.F.,(7,5,5,5,
    7),(0.,0.248644521839,0.5,0.751355478161,1.),.UNSPECIFIED.);
#4003 = CARTESIAN_POINT('',(3.154974774971,7.556221243244,
    -46.24605459965));
#4004 = CARTESIAN_POINT('',(3.174155089031,7.550216236136,
    -46.43781658866));
#4005 = CARTESIAN_POINT('',(3.204711142759,7.54415889766,-46.63124971097
    ));
#4006 = CARTESIAN_POINT('',(3.247137660446,7.538085089009,-46.8252087866
    ));
#4007 = CARTESIAN_POINT('',(3.301743786209,7.532034533648,
    -47.01842529909));
#4008 = CARTESIAN_POINT('',(3.368600409536,7.526049319484,
    -47.20955522651));
#4009 = CARTESIAN_POINT('',(3.527294043115,7.514229680642,
    -47.58699981788));
#4010 = CARTESIAN_POINT('',(3.619398655357,7.508397375305,
    -47.77324680341));
#4011 = CARTESIAN_POINT('',(3.723634722874,7.502718224959,
    -47.95460298613));
#4012 = CARTESIAN_POINT('',(3.839543550391,7.497235005543,-48.1297023728
    ));
#4013 = CARTESIAN_POINT('',(3.966404361918,7.491987297518,-48.2972810135
    ));
#4014 = CARTESIAN_POINT('',(4.24014245219,7.48203143978,-48.61520821127)
  );
#4015 = CARTESIAN_POINT('',(4.387025970878,7.477323063119,
    -48.76556401558));
#4016 = CARTESIAN_POINT('',(4.542981996138,7.472918554467,
    -48.90621619541));
#4017 = CARTESIAN_POINT('',(4.706867490868,7.468846120269,
    -49.03626401519));
#4018 = CARTESIAN_POINT('',(4.877399408651,7.465126331751,
    -49.15505055984));
#4019 = CARTESIAN_POINT('',(5.227163384884,7.458453361018,
    -49.36814308704));
#4020 = CARTESIAN_POINT('',(5.406288609063,7.455492212336,-49.4627034682
    ));
#4021 = CARTESIAN_POINT('',(5.589303731802,7.452900479942,
    -49.54546702699));
#4022 = CARTESIAN_POINT('',(5.774868523184,7.450682241854,-49.6163035373
    ));
#4023 = CARTESIAN_POINT('',(5.961681946937,7.448833849738,
    -49.67532950385));
#4024 = CARTESIAN_POINT('',(6.148537330212,7.447345335978,
    -49.72286322932));
#4025 = PCURVE('',#2279,#4026);
#4026 = DEFINITIONAL_REPRESENTATION('',(#4027),#4050);
#4027 = B_SPLINE_CURVE_WITH_KNOTS('',6,(#4028,#4029,#4030,#4031,#4032,
    #4033,#4034,#4035,#4036,#4037,#4038,#4039,#4040,#4041,#4042,#4043,
    #4044,#4045,#4046,#4047,#4048,#4049),.UNSPECIFIED.,.F.,.F.,(7,5,5,5,
    7),(0.,0.248644521839,0.5,0.751355478161,1.),.UNSPECIFIED.);
#4028 = CARTESIAN_POINT('',(0.,-3.204034260129E-15));
#4029 = CARTESIAN_POINT('',(0.378122955265,-2.994120198992E-15));
#4030 = CARTESIAN_POINT('',(0.754830280945,-4.464596531598E-15));
#4031 = CARTESIAN_POINT('',(1.130215716416,-5.009780455517E-16));
#4032 = CARTESIAN_POINT('',(1.504422915121,-3.693342267409E-15));
#4033 = CARTESIAN_POINT('',(1.877627342159,-1.420092672374E-15));
#4034 = CARTESIAN_POINT('',(2.626432614614,-1.006313329797E-15));
#4035 = CARTESIAN_POINT('',(3.002030224516,-3.193723602163E-15));
#4036 = CARTESIAN_POINT('',(3.376963393602,4.114522444998E-15));
#4037 = CARTESIAN_POINT('',(3.75145236046,-2.78172682784E-15));
#4038 = CARTESIAN_POINT('',(4.125730452985,-2.093138460992E-15));
#4039 = CARTESIAN_POINT('',(4.874269547014,-1.808276577544E-15));
#4040 = CARTESIAN_POINT('',(5.24854763954,-5.492420287279E-15));
#4041 = CARTESIAN_POINT('',(5.623036606397,1.032840834253E-14));
#4042 = CARTESIAN_POINT('',(5.997969775485,-4.102027328339E-15));
#4043 = CARTESIAN_POINT('',(6.373567385385,2.164929097931E-15));
#4044 = CARTESIAN_POINT('',(7.122372657841,2.274005128443E-15));
#4045 = CARTESIAN_POINT('',(7.495577084878,-9.560580908934E-15));
#4046 = CARTESIAN_POINT('',(7.869784283585,1.079735875993E-14));
#4047 = CARTESIAN_POINT('',(8.245169719054,-5.528622296965E-15));
#4048 = CARTESIAN_POINT('',(8.621877044735,6.498497453669E-16));
#4049 = CARTESIAN_POINT('',(9.,6.262351748276E-16));
#4050 = ( GEOMETRIC_REPRESENTATION_CONTEXT(2) 
PARAMETRIC_REPRESENTATION_CONTEXT() REPRESENTATION_CONTEXT('2D SPACE',''
  ) );
#4051 = PCURVE('',#4052,#4057);
#4052 = PLANE('',#4053);
#4053 = AXIS2_PLACEMENT_3D('',#4054,#4055,#4056);
#4054 = CARTESIAN_POINT('',(-94.10250594613,8.24595790341,
    -24.22022324281));
#4055 = DIRECTION('',(0.,0.999510048898,-3.129955513418E-02));
#4056 = DIRECTION('',(0.969104813817,7.720012263015E-03,0.24652841874));
#4057 = DEFINITIONAL_REPRESENTATION('',(#4058),#4081);
#4058 = B_SPLINE_CURVE_WITH_KNOTS('',6,(#4059,#4060,#4061,#4062,#4063,
    #4064,#4065,#4066,#4067,#4068,#4069,#4070,#4071,#4072,#4073,#4074,
    #4075,#4076,#4077,#4078,#4079,#4080),.UNSPECIFIED.,.F.,.F.,(7,5,5,5,
    7),(0.,0.248644521839,0.5,0.751355478161,1.),.UNSPECIFIED.);
#4059 = CARTESIAN_POINT('',(88.817374595268,45.344288613234));
#4060 = CARTESIAN_POINT('',(88.788641191299,45.534947986163));
#4061 = CARTESIAN_POINT('',(88.770519685556,45.730033474101));
#4062 = CARTESIAN_POINT('',(88.763772113988,45.928556756998));
#4063 = CARTESIAN_POINT('',(88.769011101668,46.129364157008));
#4064 = CARTESIAN_POINT('',(88.786637012463,46.331170022367));
#4065 = CARTESIAN_POINT('',(88.847285710658,46.736274364682));
#4066 = CARTESIAN_POINT('',(88.89058453345,46.939573225835));
#4067 = CARTESIAN_POINT('',(88.946846912189,47.141122277605));
#4068 = CARTESIAN_POINT('',(89.01596540946,47.339483943605));
#4069 = CARTESIAN_POINT('',(89.097553422918,47.533254944588));
#4070 = CARTESIAN_POINT('',(89.284379375241,47.909028051378));
#4071 = CARTESIAN_POINT('',(89.389621572862,48.091038723049));
#4072 = CARTESIAN_POINT('',(89.506050545339,48.26587868293));
#4073 = CARTESIAN_POINT('',(89.632780844584,48.43239266668));
#4074 = CARTESIAN_POINT('',(89.768731171183,48.589627280231));
#4075 = CARTESIAN_POINT('',(90.055104245059,48.882506530629));
#4076 = CARTESIAN_POINT('',(90.20536068074,49.018371476665));
#4077 = CARTESIAN_POINT('',(90.362297939704,49.143757901927));
#4078 = CARTESIAN_POINT('',(90.524649334606,49.258208975085));
#4079 = CARTESIAN_POINT('',(90.691125275043,49.361516757127));
#4080 = CARTESIAN_POINT('',(90.860477820941,49.453692242951));
#4081 = ( GEOMETRIC_REPRESENTATION_CONTEXT(2) 
PARAMETRIC_REPRESENTATION_CONTEXT() REPRESENTATION_CONTEXT('2D SPACE',''
  ) );
#4082 = ORIENTED_EDGE('',*,*,#4083,.T.);
#4083 = EDGE_CURVE('',#3999,#4084,#4086,.T.);
#4084 = VERTEX_POINT('',#4085);
#4085 = CARTESIAN_POINT('',(6.148537330212,6.34788428219,-49.68843371867
    ));
#4086 = SURFACE_CURVE('',#4087,(#4093,#4100),.PCURVE_S1.);
#4087 = B_SPLINE_CURVE_WITH_KNOTS('',2,(#4088,#4089,#4090,#4091,#4092),
  .UNSPECIFIED.,.F.,.F.,(3,1,1,3),(-0.5508,-2.731158960101E-15,9.,9.5508
    ),.UNSPECIFIED.);
#4088 = CARTESIAN_POINT('',(6.148537330212,7.997875470911,
    -49.74010302429));
#4089 = CARTESIAN_POINT('',(6.148537330212,7.722610403444,-49.7314831268
    ));
#4090 = CARTESIAN_POINT('',(6.148537330212,2.949550115936,
    -49.58201523121));
#4091 = CARTESIAN_POINT('',(6.148537330212,-1.823510171572,
    -49.43254733563));
#4092 = CARTESIAN_POINT('',(6.148537330212,-2.098775239039,
    -49.42392743814));
#4093 = PCURVE('',#2279,#4094);
#4094 = DEFINITIONAL_REPRESENTATION('',(#4095),#4099);
#4095 = LINE('',#4096,#4097);
#4096 = CARTESIAN_POINT('',(9.,0.));
#4097 = VECTOR('',#4098,1.);
#4098 = DIRECTION('',(0.,1.));
#4099 = ( GEOMETRIC_REPRESENTATION_CONTEXT(2) 
PARAMETRIC_REPRESENTATION_CONTEXT() REPRESENTATION_CONTEXT('2D SPACE',''
  ) );
#4100 = PCURVE('',#4101,#4106);
#4101 = PLANE('',#4102);
#4102 = AXIS2_PLACEMENT_3D('',#4103,#4104,#4105);
#4103 = CARTESIAN_POINT('',(3.391866848361,7.469305323816,
    -49.02159995502));
#4104 = DIRECTION('',(-0.246649264819,-3.033254955087E-02,
    -0.968629999846));
#4105 = DIRECTION('',(0.72032993521,-0.674375211539,-0.162304832033));
#4106 = DEFINITIONAL_REPRESENTATION('',(#4107),#4110);
#4107 = B_SPLINE_CURVE_WITH_KNOTS('',1,(#4108,#4109),.UNSPECIFIED.,.F.,
  .F.,(2,2),(-2.731158960101E-15,9.),.PIECEWISE_BEZIER_KNOTS.);
#4108 = CARTESIAN_POINT('',(2.114339958978,-1.90290596308));
#4109 = CARTESIAN_POINT('',(8.13502254358,4.786741353145));
#4110 = ( GEOMETRIC_REPRESENTATION_CONTEXT(2) 
PARAMETRIC_REPRESENTATION_CONTEXT() REPRESENTATION_CONTEXT('2D SPACE',''
  ) );
#4111 = ORIENTED_EDGE('',*,*,#4112,.F.);
#4112 = EDGE_CURVE('',#4113,#4084,#4115,.T.);
#4113 = VERTEX_POINT('',#4114);
#4114 = CARTESIAN_POINT('',(4.901237176818,6.365359824418,
    -49.13037530562));
#4115 = SURFACE_CURVE('',#4116,(#4125,#4137),.PCURVE_S1.);
#4116 = B_SPLINE_CURVE_WITH_KNOTS('',4,(#4117,#4118,#4119,#4120,#4121,
    #4122,#4123,#4124),.UNSPECIFIED.,.F.,.F.,(5,3,5),(0.,0.502299227888,
    1.),.UNSPECIFIED.);
#4117 = CARTESIAN_POINT('',(4.901237176818,6.365359824418,
    -49.13037530562));
#4118 = CARTESIAN_POINT('',(5.048067260726,6.362265754535,
    -49.22918035021));
#4119 = CARTESIAN_POINT('',(5.199649964513,6.359465663867,
    -49.31859755594));
#4120 = CARTESIAN_POINT('',(5.354869392774,6.356969717117,
    -49.39830232641));
#4121 = CARTESIAN_POINT('',(5.668925985286,6.352607452024,
    -49.53760551386));
#4122 = CARTESIAN_POINT('',(5.827719870522,6.350735633118,
    -49.59737958409));
#4123 = CARTESIAN_POINT('',(5.987926772563,6.349163732223,
    -49.64757616784));
#4124 = CARTESIAN_POINT('',(6.148537330212,6.34788428219,-49.68843371867
    ));
#4125 = PCURVE('',#2279,#4126);
#4126 = DEFINITIONAL_REPRESENTATION('',(#4127),#4136);
#4127 = B_SPLINE_CURVE_WITH_KNOTS('',4,(#4128,#4129,#4130,#4131,#4132,
    #4133,#4134,#4135),.UNSPECIFIED.,.F.,.F.,(5,3,5),(0.,0.502299227888,
    1.),.UNSPECIFIED.);
#4128 = CARTESIAN_POINT('',(6.421064422507,1.1));
#4129 = CARTESIAN_POINT('',(6.742513631594,1.1));
#4130 = CARTESIAN_POINT('',(7.064146873306,1.1));
#4131 = CARTESIAN_POINT('',(7.386445553858,1.1));
#4132 = CARTESIAN_POINT('',(8.030325849379,1.1));
#4133 = CARTESIAN_POINT('',(8.351884546043,1.1));
#4134 = CARTESIAN_POINT('',(8.674985794837,1.1));
#4135 = CARTESIAN_POINT('',(9.,1.1));
#4136 = ( GEOMETRIC_REPRESENTATION_CONTEXT(2) 
PARAMETRIC_REPRESENTATION_CONTEXT() REPRESENTATION_CONTEXT('2D SPACE',''
  ) );
#4137 = PCURVE('',#4138,#4143);
#4138 = B_SPLINE_SURFACE_WITH_KNOTS('',1,1,(
    (#4139,#4140)
    ,(#4141,#4142
    )),.UNSPECIFIED.,.F.,.F.,.F.,(2,2),(2,2),(-3.5,3.5),(0.,1.),
  .PIECEWISE_BEZIER_KNOTS.);
#4139 = CARTESIAN_POINT('',(12.058293216798,6.358865746452,
    -49.33775512803));
#4140 = CARTESIAN_POINT('',(11.629257765809,6.304224165792,
    -51.08266200366));
#4141 = CARTESIAN_POINT('',(5.247032671533,6.409400036883,-47.7240091536
    ));
#4142 = CARTESIAN_POINT('',(4.845524069087,6.358264251633,
    -49.35696307248));
#4143 = DEFINITIONAL_REPRESENTATION('',(#4144),#4153);
#4144 = B_SPLINE_CURVE_WITH_KNOTS('',4,(#4145,#4146,#4147,#4148,#4149,
    #4150,#4151,#4152),.UNSPECIFIED.,.F.,.F.,(5,3,5),(0.,0.502299227888,
    1.),.UNSPECIFIED.);
#4145 = CARTESIAN_POINT('',(3.5,0.86124056274));
#4146 = CARTESIAN_POINT('',(3.333815026746,0.896884328046));
#4147 = CARTESIAN_POINT('',(3.165256254758,0.926268880218));
#4148 = CARTESIAN_POINT('',(2.995484879025,0.949426917266));
#4149 = CARTESIAN_POINT('',(2.65722984369,0.98355319983));
#4150 = CARTESIAN_POINT('',(2.48874627132,0.994629064318));
#4151 = CARTESIAN_POINT('',(2.321177396128,0.999999849235));
#4152 = CARTESIAN_POINT('',(2.155446508489,1.));
#4153 = ( GEOMETRIC_REPRESENTATION_CONTEXT(2) 
PARAMETRIC_REPRESENTATION_CONTEXT() REPRESENTATION_CONTEXT('2D SPACE',''
  ) );
#4154 = ORIENTED_EDGE('',*,*,#4155,.T.);
#4155 = EDGE_CURVE('',#4113,#4156,#4158,.T.);
#4156 = VERTEX_POINT('',#4157);
#4157 = CARTESIAN_POINT('',(4.901237176818,5.46580078041,-49.102205706)
  );
#4158 = SURFACE_CURVE('',#4159,(#4167,#4178),.PCURVE_S1.);
#4159 = B_SPLINE_CURVE_WITH_KNOTS('',6,(#4160,#4161,#4162,#4163,#4164,
    #4165,#4166),.UNSPECIFIED.,.F.,.F.,(7,7),(0.,1.),
  .PIECEWISE_BEZIER_KNOTS.);
#4160 = CARTESIAN_POINT('',(4.901237176818,6.365359824418,
    -49.13037530562));
#4161 = CARTESIAN_POINT('',(4.901237176818,6.328329578916,
    -49.12921570727));
#4162 = CARTESIAN_POINT('',(4.901237176818,6.204018495813,
    -49.12532291839));
#4163 = CARTESIAN_POINT('',(4.901237176818,5.997870093564,
    -49.11886740222));
#4164 = CARTESIAN_POINT('',(4.901237176818,5.73622998266,-49.11067416886
    ));
#4165 = CARTESIAN_POINT('',(4.901237176818,5.500412672016,
    -49.10328957386));
#4166 = CARTESIAN_POINT('',(4.901237176818,5.46580078041,-49.102205706)
  );
#4167 = PCURVE('',#2279,#4168);
#4168 = DEFINITIONAL_REPRESENTATION('',(#4169),#4177);
#4169 = B_SPLINE_CURVE_WITH_KNOTS('',6,(#4170,#4171,#4172,#4173,#4174,
    #4175,#4176),.UNSPECIFIED.,.F.,.F.,(7,7),(0.,1.),
  .PIECEWISE_BEZIER_KNOTS.);
#4170 = CARTESIAN_POINT('',(6.421064422507,1.1));
#4171 = CARTESIAN_POINT('',(6.421064422507,1.137048397406));
#4172 = CARTESIAN_POINT('',(6.421064422507,1.261420416717));
#4173 = CARTESIAN_POINT('',(6.421064422507,1.467669871113));
#4174 = CARTESIAN_POINT('',(6.421064422507,1.729438235715));
#4175 = CARTESIAN_POINT('',(6.421064422507,1.965371141947));
#4176 = CARTESIAN_POINT('',(6.421064422507,2.));
#4177 = ( GEOMETRIC_REPRESENTATION_CONTEXT(2) 
PARAMETRIC_REPRESENTATION_CONTEXT() REPRESENTATION_CONTEXT('2D SPACE',''
  ) );
#4178 = PCURVE('',#4179,#4184);
#4179 = PLANE('',#4180);
#4180 = AXIS2_PLACEMENT_3D('',#4181,#4182,#4183);
#4181 = CARTESIAN_POINT('',(4.845524069087,5.908484729629,
    -49.34287827267));
#4182 = DIRECTION('',(0.971103974642,-7.469851817184E-03,-0.238539874546
    ));
#4183 = DIRECTION('',(0.,-0.999510048898,3.129955513418E-02));
#4184 = DEFINITIONAL_REPRESENTATION('',(#4185),#4193);
#4185 = B_SPLINE_CURVE_WITH_KNOTS('',6,(#4186,#4187,#4188,#4189,#4190,
    #4191,#4192),.UNSPECIFIED.,.F.,.F.,(7,7),(0.,1.),
  .PIECEWISE_BEZIER_KNOTS.);
#4186 = CARTESIAN_POINT('',(-0.45,-0.233444455096));
#4187 = CARTESIAN_POINT('',(-0.412951602594,-0.233444455096));
#4188 = CARTESIAN_POINT('',(-0.288579583283,-0.233444455096));
#4189 = CARTESIAN_POINT('',(-8.233012888722E-02,-0.233444455096));
#4190 = CARTESIAN_POINT('',(0.179438235715,-0.233444455096));
#4191 = CARTESIAN_POINT('',(0.415371141947,-0.233444455096));
#4192 = CARTESIAN_POINT('',(0.45,-0.233444455096));
#4193 = ( GEOMETRIC_REPRESENTATION_CONTEXT(2) 
PARAMETRIC_REPRESENTATION_CONTEXT() REPRESENTATION_CONTEXT('2D SPACE',''
  ) );
#4194 = ORIENTED_EDGE('',*,*,#4195,.F.);
#4195 = EDGE_CURVE('',#4196,#4156,#4198,.T.);
#4196 = VERTEX_POINT('',#4197);
#4197 = CARTESIAN_POINT('',(6.148537330212,5.448325238182,
    -49.66026411905));
#4198 = SURFACE_CURVE('',#4199,(#4208,#4220),.PCURVE_S1.);
#4199 = B_SPLINE_CURVE_WITH_KNOTS('',4,(#4200,#4201,#4202,#4203,#4204,
    #4205,#4206,#4207),.UNSPECIFIED.,.F.,.F.,(5,3,5),(0.,0.497666510368,
    1.),.UNSPECIFIED.);
#4200 = CARTESIAN_POINT('',(6.148537330212,5.448325238182,
    -49.66026411905));
#4201 = CARTESIAN_POINT('',(5.987937828971,5.449604600136,-49.6194093809
    ));
#4202 = CARTESIAN_POINT('',(5.827741928083,5.451176372694,
    -49.56921689543));
#4203 = CARTESIAN_POINT('',(5.668958779431,5.453048021447,-49.5094482588
    ));
#4204 = CARTESIAN_POINT('',(5.354901155262,5.457410162364,
    -49.37014903676));
#4205 = CARTESIAN_POINT('',(5.199670643629,5.459906237873,
    -49.29044015452));
#4206 = CARTESIAN_POINT('',(5.048077275974,5.462706499479,
    -49.20101749011));
#4207 = CARTESIAN_POINT('',(4.901237176818,5.46580078041,-49.102205706)
  );
#4208 = PCURVE('',#2279,#4209);
#4209 = DEFINITIONAL_REPRESENTATION('',(#4210),#4219);
#4210 = B_SPLINE_CURVE_WITH_KNOTS('',4,(#4211,#4212,#4213,#4214,#4215,
    #4216,#4217,#4218),.UNSPECIFIED.,.F.,.F.,(5,3,5),(0.,0.497666510368,
    1.),.UNSPECIFIED.);
#4211 = CARTESIAN_POINT('',(9.,2.));
#4212 = CARTESIAN_POINT('',(8.675008168943,2.));
#4213 = CARTESIAN_POINT('',(8.35192903075,2.));
#4214 = CARTESIAN_POINT('',(8.030392258158,2.));
#4215 = CARTESIAN_POINT('',(7.386511506083,2.));
#4216 = CARTESIAN_POINT('',(7.06419075049,2.));
#4217 = CARTESIAN_POINT('',(6.742535557692,2.));
#4218 = CARTESIAN_POINT('',(6.421064422507,2.));
#4219 = ( GEOMETRIC_REPRESENTATION_CONTEXT(2) 
PARAMETRIC_REPRESENTATION_CONTEXT() REPRESENTATION_CONTEXT('2D SPACE',''
  ) );
#4220 = PCURVE('',#4221,#4226);
#4221 = B_SPLINE_SURFACE_WITH_KNOTS('',1,1,(
    (#4222,#4223)
    ,(#4224,#4225
    )),.UNSPECIFIED.,.F.,.F.,.F.,(2,2),(2,2),(-3.5,3.5),(0.,1.),
  .PIECEWISE_BEZIER_KNOTS.);
#4222 = CARTESIAN_POINT('',(5.247032671533,5.509840992875,
    -47.69583955398));
#4223 = CARTESIAN_POINT('',(4.845524069087,5.458705207625,
    -49.32879347286));
#4224 = CARTESIAN_POINT('',(12.058293216798,5.459306702444,
    -49.30958552841));
#4225 = CARTESIAN_POINT('',(11.629257765809,5.404665121784,
    -51.05449240404));
#4226 = DEFINITIONAL_REPRESENTATION('',(#4227),#4236);
#4227 = B_SPLINE_CURVE_WITH_KNOTS('',4,(#4228,#4229,#4230,#4231,#4232,
    #4233,#4234,#4235),.UNSPECIFIED.,.F.,.F.,(5,3,5),(0.,0.497666510368,
    1.),.UNSPECIFIED.);
#4228 = CARTESIAN_POINT('',(-2.155446508576,1.));
#4229 = CARTESIAN_POINT('',(-2.32116598706,0.999999849288));
#4230 = CARTESIAN_POINT('',(-2.488723200341,0.994629803639));
#4231 = CARTESIAN_POINT('',(-2.657195048372,0.983555487254));
#4232 = CARTESIAN_POINT('',(-2.995450138774,0.949431656131));
#4233 = CARTESIAN_POINT('',(-3.165233259796,0.926272888739));
#4234 = CARTESIAN_POINT('',(-3.333803691294,0.896886759338));
#4235 = CARTESIAN_POINT('',(-3.5,0.86124056274));
#4236 = ( GEOMETRIC_REPRESENTATION_CONTEXT(2) 
PARAMETRIC_REPRESENTATION_CONTEXT() REPRESENTATION_CONTEXT('2D SPACE',''
  ) );
#4237 = ORIENTED_EDGE('',*,*,#4238,.T.);
#4238 = EDGE_CURVE('',#4196,#2239,#4239,.T.);
#4239 = SURFACE_CURVE('',#4240,(#4246,#4253),.PCURVE_S1.);
#4240 = B_SPLINE_CURVE_WITH_KNOTS('',2,(#4241,#4242,#4243,#4244,#4245),
  .UNSPECIFIED.,.F.,.F.,(3,1,1,3),(-0.5508,-2.731158960101E-15,9.,9.5508
    ),.UNSPECIFIED.);
#4241 = CARTESIAN_POINT('',(6.148537330212,7.997875470911,
    -49.74010302429));
#4242 = CARTESIAN_POINT('',(6.148537330212,7.722610403444,-49.7314831268
    ));
#4243 = CARTESIAN_POINT('',(6.148537330212,2.949550115936,
    -49.58201523121));
#4244 = CARTESIAN_POINT('',(6.148537330212,-1.823510171572,
    -49.43254733563));
#4245 = CARTESIAN_POINT('',(6.148537330212,-2.098775239039,
    -49.42392743814));
#4246 = PCURVE('',#2279,#4247);
#4247 = DEFINITIONAL_REPRESENTATION('',(#4248),#4252);
#4248 = LINE('',#4249,#4250);
#4249 = CARTESIAN_POINT('',(9.,0.));
#4250 = VECTOR('',#4251,1.);
#4251 = DIRECTION('',(0.,1.));
#4252 = ( GEOMETRIC_REPRESENTATION_CONTEXT(2) 
PARAMETRIC_REPRESENTATION_CONTEXT() REPRESENTATION_CONTEXT('2D SPACE',''
  ) );
#4253 = PCURVE('',#2457,#4254);
#4254 = DEFINITIONAL_REPRESENTATION('',(#4255),#4258);
#4255 = B_SPLINE_CURVE_WITH_KNOTS('',1,(#4256,#4257),.UNSPECIFIED.,.F.,
  .F.,(2,2),(-2.731158960101E-15,9.),.PIECEWISE_BEZIER_KNOTS.);
#4256 = CARTESIAN_POINT('',(2.114339958978,-1.90290596308));
#4257 = CARTESIAN_POINT('',(8.13502254358,4.786741353145));
#4258 = ( GEOMETRIC_REPRESENTATION_CONTEXT(2) 
PARAMETRIC_REPRESENTATION_CONTEXT() REPRESENTATION_CONTEXT('2D SPACE',''
  ) );
#4259 = ORIENTED_EDGE('',*,*,#2238,.F.);
#4260 = ADVANCED_FACE('',(#4261),#2402,.F.);
#4261 = FACE_BOUND('',#4262,.F.);
#4262 = EDGE_LOOP('',(#4263,#4285,#4286,#4287));
#4263 = ORIENTED_EDGE('',*,*,#4264,.F.);
#4264 = EDGE_CURVE('',#2351,#3209,#4265,.T.);
#4265 = SURFACE_CURVE('',#4266,(#4272,#4278),.PCURVE_S1.);
#4266 = B_SPLINE_CURVE_WITH_KNOTS('',2,(#4267,#4268,#4269,#4270,#4271),
  .UNSPECIFIED.,.F.,.F.,(3,1,1,3),(-0.5508,1.454180830877E-14,9.,9.5508)
  ,.UNSPECIFIED.);
#4267 = CARTESIAN_POINT('',(14.630605794485,-2.070852841709,
    -48.53226247356));
#4268 = CARTESIAN_POINT('',(14.630605794485,-1.795587774243,
    -48.54088237104));
#4269 = CARTESIAN_POINT('',(14.630605794485,2.977472513266,
    -48.69035026663));
#4270 = CARTESIAN_POINT('',(14.630605794485,7.750532800774,
    -48.83981816222));
#4271 = CARTESIAN_POINT('',(14.630605794485,8.025797868241,
    -48.8484380597));
#4272 = PCURVE('',#2402,#4273);
#4273 = DEFINITIONAL_REPRESENTATION('',(#4274),#4277);
#4274 = B_SPLINE_CURVE_WITH_KNOTS('',1,(#4275,#4276),.UNSPECIFIED.,.F.,
  .F.,(2,2),(1.454180830877E-14,9.),.PIECEWISE_BEZIER_KNOTS.);
#4275 = CARTESIAN_POINT('',(2.,0.747099527784));
#4276 = CARTESIAN_POINT('',(3.,0.747099527784));
#4277 = ( GEOMETRIC_REPRESENTATION_CONTEXT(2) 
PARAMETRIC_REPRESENTATION_CONTEXT() REPRESENTATION_CONTEXT('2D SPACE',''
  ) );
#4278 = PCURVE('',#2552,#4279);
#4279 = DEFINITIONAL_REPRESENTATION('',(#4280),#4284);
#4280 = LINE('',#4281,#4282);
#4281 = CARTESIAN_POINT('',(9.,0.));
#4282 = VECTOR('',#4283,1.);
#4283 = DIRECTION('',(0.,1.));
#4284 = ( GEOMETRIC_REPRESENTATION_CONTEXT(2) 
PARAMETRIC_REPRESENTATION_CONTEXT() REPRESENTATION_CONTEXT('2D SPACE',''
  ) );
#4285 = ORIENTED_EDGE('',*,*,#2371,.T.);
#4286 = ORIENTED_EDGE('',*,*,#3516,.T.);
#4287 = ORIENTED_EDGE('',*,*,#3288,.T.);
#4288 = ADVANCED_FACE('',(#4289),#2457,.T.);
#4289 = FACE_BOUND('',#4290,.T.);
#4290 = EDGE_LOOP('',(#4291,#4292,#4315,#4337));
#4291 = ORIENTED_EDGE('',*,*,#4238,.F.);
#4292 = ORIENTED_EDGE('',*,*,#4293,.T.);
#4293 = EDGE_CURVE('',#4196,#4294,#4296,.T.);
#4294 = VERTEX_POINT('',#4295);
#4295 = CARTESIAN_POINT('',(10.159129020659,5.416376354438,
    -50.68050962146));
#4296 = SURFACE_CURVE('',#4297,(#4301,#4308),.PCURVE_S1.);
#4297 = LINE('',#4298,#4299);
#4298 = CARTESIAN_POINT('',(8.237390917448,5.431685164704,
    -50.19164293845));
#4299 = VECTOR('',#4300,1.);
#4300 = DIRECTION('',(0.969104813817,-7.720012263015E-03,-0.24652841874)
  );
#4301 = PCURVE('',#2457,#4302);
#4302 = DEFINITIONAL_REPRESENTATION('',(#4303),#4307);
#4303 = LINE('',#4304,#4305);
#4304 = CARTESIAN_POINT('',(5.054400194481,-1.858235365618));
#4305 = VECTOR('',#4306,1.);
#4306 = DIRECTION('',(0.743294146247,-0.668964731622));
#4307 = ( GEOMETRIC_REPRESENTATION_CONTEXT(2) 
PARAMETRIC_REPRESENTATION_CONTEXT() REPRESENTATION_CONTEXT('2D SPACE',''
  ) );
#4308 = PCURVE('',#4221,#4309);
#4309 = DEFINITIONAL_REPRESENTATION('',(#4310),#4314);
#4310 = LINE('',#4311,#4312);
#4311 = CARTESIAN_POINT('',(0.,1.));
#4312 = VECTOR('',#4313,1.);
#4313 = DIRECTION('',(1.,0.));
#4314 = ( GEOMETRIC_REPRESENTATION_CONTEXT(2) 
PARAMETRIC_REPRESENTATION_CONTEXT() REPRESENTATION_CONTEXT('2D SPACE',''
  ) );
#4315 = ORIENTED_EDGE('',*,*,#4316,.F.);
#4316 = EDGE_CURVE('',#2435,#4294,#4317,.T.);
#4317 = SURFACE_CURVE('',#4318,(#4324,#4330),.PCURVE_S1.);
#4318 = B_SPLINE_CURVE_WITH_KNOTS('',2,(#4319,#4320,#4321,#4322,#4323),
  .UNSPECIFIED.,.F.,.F.,(3,1,1,3),(-0.5508,1.454180830877E-14,9.,9.5508)
  ,.UNSPECIFIED.);
#4319 = CARTESIAN_POINT('',(10.159129020659,-2.130724122782,
    -50.44417294055));
#4320 = CARTESIAN_POINT('',(10.159129020659,-1.855459055316,
    -50.45279283803));
#4321 = CARTESIAN_POINT('',(10.159129020659,2.917601232192,
    -50.60226073362));
#4322 = CARTESIAN_POINT('',(10.159129020659,7.690661519701,
    -50.75172862921));
#4323 = CARTESIAN_POINT('',(10.159129020659,7.965926587167,
    -50.76034852669));
#4324 = PCURVE('',#2457,#4325);
#4325 = DEFINITIONAL_REPRESENTATION('',(#4326),#4329);
#4326 = B_SPLINE_CURVE_WITH_KNOTS('',1,(#4327,#4328),.UNSPECIFIED.,.F.,
  .F.,(2,2),(1.454180830877E-14,9.),.PIECEWISE_BEZIER_KNOTS.);
#4327 = CARTESIAN_POINT('',(11.211108106249,2.018264346742));
#4328 = CARTESIAN_POINT('',(5.190425521647,-4.671382969482));
#4329 = ( GEOMETRIC_REPRESENTATION_CONTEXT(2) 
PARAMETRIC_REPRESENTATION_CONTEXT() REPRESENTATION_CONTEXT('2D SPACE',''
  ) );
#4330 = PCURVE('',#2552,#4331);
#4331 = DEFINITIONAL_REPRESENTATION('',(#4332),#4336);
#4332 = LINE('',#4333,#4334);
#4333 = CARTESIAN_POINT('',(0.,0.));
#4334 = VECTOR('',#4335,1.);
#4335 = DIRECTION('',(0.,1.));
#4336 = ( GEOMETRIC_REPRESENTATION_CONTEXT(2) 
PARAMETRIC_REPRESENTATION_CONTEXT() REPRESENTATION_CONTEXT('2D SPACE',''
  ) );
#4337 = ORIENTED_EDGE('',*,*,#2434,.F.);
#4338 = ADVANCED_FACE('',(#4339),#2552,.F.);
#4339 = FACE_BOUND('',#4340,.F.);
#4340 = EDGE_LOOP('',(#4341,#4342,#4343,#4344,#4345,#4374,#4454,#4478,
    #4516,#4553));
#4341 = ORIENTED_EDGE('',*,*,#4316,.F.);
#4342 = ORIENTED_EDGE('',*,*,#2500,.T.);
#4343 = ORIENTED_EDGE('',*,*,#4264,.T.);
#4344 = ORIENTED_EDGE('',*,*,#3208,.T.);
#4345 = ORIENTED_EDGE('',*,*,#4346,.T.);
#4346 = EDGE_CURVE('',#3189,#4347,#4349,.T.);
#4347 = VERTEX_POINT('',#4348);
#4348 = CARTESIAN_POINT('',(13.86537611801,7.444919641381,
    -49.80032458986));
#4349 = SURFACE_CURVE('',#4350,(#4356,#4365),.PCURVE_S1.);
#4350 = B_SPLINE_CURVE_WITH_KNOTS('',4,(#4351,#4352,#4353,#4354,#4355),
  .UNSPECIFIED.,.F.,.F.,(5,5),(0.,1.),.PIECEWISE_BEZIER_KNOTS.);
#4351 = CARTESIAN_POINT('',(13.86537611878,2.53754703032,-49.64665071775
    ));
#4352 = CARTESIAN_POINT('',(13.86537611878,3.76439033301,-49.68506919052
    ));
#4353 = CARTESIAN_POINT('',(13.86537611878,4.991233635701,
    -49.72348766328));
#4354 = CARTESIAN_POINT('',(13.86537611878,6.218076938391,
    -49.76190613605));
#4355 = CARTESIAN_POINT('',(13.86537611878,7.444920241082,
    -49.80032460882));
#4356 = PCURVE('',#2552,#4357);
#4357 = DEFINITIONAL_REPRESENTATION('',(#4358),#4364);
#4358 = B_SPLINE_CURVE_WITH_KNOTS('',4,(#4359,#4360,#4361,#4362,#4363),
  .UNSPECIFIED.,.F.,.F.,(5,5),(0.,1.),.PIECEWISE_BEZIER_KNOTS.);
#4359 = CARTESIAN_POINT('',(6.802835751126,4.090221837724));
#4360 = CARTESIAN_POINT('',(6.802835751126,5.317666528293));
#4361 = CARTESIAN_POINT('',(6.802835751126,6.545111218862));
#4362 = CARTESIAN_POINT('',(6.802835751126,7.772555909431));
#4363 = CARTESIAN_POINT('',(6.802835751126,9.0000006));
#4364 = ( GEOMETRIC_REPRESENTATION_CONTEXT(2) 
PARAMETRIC_REPRESENTATION_CONTEXT() REPRESENTATION_CONTEXT('2D SPACE',''
  ) );
#4365 = PCURVE('',#3099,#4366);
#4366 = DEFINITIONAL_REPRESENTATION('',(#4367),#4373);
#4367 = B_SPLINE_CURVE_WITH_KNOTS('',4,(#4368,#4369,#4370,#4371,#4372),
  .UNSPECIFIED.,.F.,.F.,(5,5),(0.,1.),.PIECEWISE_BEZIER_KNOTS.);
#4368 = CARTESIAN_POINT('',(16.635457087282,4.835372686313));
#4369 = CARTESIAN_POINT('',(16.323080638296,3.648342180166));
#4370 = CARTESIAN_POINT('',(16.01070418931,2.461311674018));
#4371 = CARTESIAN_POINT('',(15.698327740324,1.274281167871));
#4372 = CARTESIAN_POINT('',(15.385951291338,8.725066172295E-02));
#4373 = ( GEOMETRIC_REPRESENTATION_CONTEXT(2) 
PARAMETRIC_REPRESENTATION_CONTEXT() REPRESENTATION_CONTEXT('2D SPACE',''
  ) );
#4374 = ORIENTED_EDGE('',*,*,#4375,.F.);
#4375 = EDGE_CURVE('',#4376,#4347,#4378,.T.);
#4376 = VERTEX_POINT('',#4377);
#4377 = CARTESIAN_POINT('',(10.159129020659,7.415396452234,
    -50.74310873173));
#4378 = SURFACE_CURVE('',#4379,(#4402,#4428),.PCURVE_S1.);
#4379 = B_SPLINE_CURVE_WITH_KNOTS('',6,(#4380,#4381,#4382,#4383,#4384,
    #4385,#4386,#4387,#4388,#4389,#4390,#4391,#4392,#4393,#4394,#4395,
    #4396,#4397,#4398,#4399,#4400,#4401),.UNSPECIFIED.,.F.,.F.,(7,5,5,5,
    7),(0.,0.248278572121,0.50000221832,0.845628446973,1.),
  .UNSPECIFIED.);
#4380 = CARTESIAN_POINT('',(10.159129020659,7.415396452234,
    -50.74310873173));
#4381 = CARTESIAN_POINT('',(10.357570604162,7.413815641329,
    -50.79358984491));
#4382 = CARTESIAN_POINT('',(10.562317778275,7.412590867661,
    -50.83270137808));
#4383 = CARTESIAN_POINT('',(10.772299018103,7.411755254571,
    -50.85938558098));
#4384 = CARTESIAN_POINT('',(10.986210759049,7.411336843075,
    -50.87274700076));
#4385 = CARTESIAN_POINT('',(11.202551210057,7.411355822181,
    -50.87214092803));
#4386 = CARTESIAN_POINT('',(11.639867749855,7.412295565029,
    -50.84213147849));
#4387 = CARTESIAN_POINT('',(11.86087889202,7.413228865228,
    -50.81232776649));
#4388 = CARTESIAN_POINT('',(12.081045347611,7.41463314364,
    -50.76748398586));
#4389 = CARTESIAN_POINT('',(12.298597743394,7.416508740712,
    -50.70758926489));
#4390 = CARTESIAN_POINT('',(12.511783907004,7.418844579205,
    -50.63299734059));
#4391 = CARTESIAN_POINT('',(13.00344760757,7.425427759014,
    -50.42277216826));
#4392 = CARTESIAN_POINT('',(13.276658032851,7.430063691048,
    -50.27472978765));
#4393 = CARTESIAN_POINT('',(13.534337844291,7.435469835999,
    -50.10209167246));
#4394 = CARTESIAN_POINT('',(13.772858732714,7.441552974123,
    -49.9078346724));
#4395 = CARTESIAN_POINT('',(13.989627270203,7.448194208069,
    -49.69575561768));
#4396 = CARTESIAN_POINT('',(14.269624846351,7.458422017384,
    -49.36914400467));
#4397 = CARTESIAN_POINT('',(14.351445994114,7.461665531689,
    -49.26556664942));
#4398 = CARTESIAN_POINT('',(14.428512627428,7.464983420787,
    -49.15961423314));
#4399 = CARTESIAN_POINT('',(14.500744587032,7.468364083204,
    -49.05165723366));
#4400 = CARTESIAN_POINT('',(14.568106671076,7.471795945734,
    -48.94206522601));
#4401 = CARTESIAN_POINT('',(14.630605794485,7.475267733307,
    -48.83119826473));
#4402 = PCURVE('',#2552,#4403);
#4403 = DEFINITIONAL_REPRESENTATION('',(#4404),#4427);
#4404 = B_SPLINE_CURVE_WITH_KNOTS('',6,(#4405,#4406,#4407,#4408,#4409,
    #4410,#4411,#4412,#4413,#4414,#4415,#4416,#4417,#4418,#4419,#4420,
    #4421,#4422,#4423,#4424,#4425,#4426),.UNSPECIFIED.,.F.,.F.,(7,5,5,5,
    7),(0.,0.248278572121,0.50000221832,0.845628446973,1.),
  .UNSPECIFIED.);
#4405 = CARTESIAN_POINT('',(0.,9.));
#4406 = CARTESIAN_POINT('',(0.378931312003,9.));
#4407 = CARTESIAN_POINT('',(0.756090674828,9.));
#4408 = CARTESIAN_POINT('',(1.131584942232,9.));
#4409 = CARTESIAN_POINT('',(1.505589357457,9.));
#4410 = CARTESIAN_POINT('',(1.878323389581,9.));
#4411 = CARTESIAN_POINT('',(2.6268339361,9.));
#4412 = CARTESIAN_POINT('',(3.002602103509,9.));
#4413 = CARTESIAN_POINT('',(3.377516942838,9.));
#4414 = CARTESIAN_POINT('',(3.751861386543,9.));
#4415 = CARTESIAN_POINT('',(4.125936798792,9.));
#4416 = CARTESIAN_POINT('',(5.013603133688,9.));
#4417 = CARTESIAN_POINT('',(5.527261146149,9.));
#4418 = CARTESIAN_POINT('',(6.041580592514,9.));
#4419 = CARTESIAN_POINT('',(6.557384811505,9.));
#4420 = CARTESIAN_POINT('',(7.075393559391,9.));
#4421 = CARTESIAN_POINT('',(7.828525248636,9.));
#4422 = CARTESIAN_POINT('',(8.061582939538,9.));
#4423 = CARTESIAN_POINT('',(8.295219063361,9.));
#4424 = CARTESIAN_POINT('',(8.529476976174,9.));
#4425 = CARTESIAN_POINT('',(8.764394329442,9.));
#4426 = CARTESIAN_POINT('',(9.,9.));
#4427 = ( GEOMETRIC_REPRESENTATION_CONTEXT(2) 
PARAMETRIC_REPRESENTATION_CONTEXT() REPRESENTATION_CONTEXT('2D SPACE',''
  ) );
#4428 = PCURVE('',#4052,#4429);
#4429 = DEFINITIONAL_REPRESENTATION('',(#4430),#4453);
#4430 = B_SPLINE_CURVE_WITH_KNOTS('',6,(#4431,#4432,#4433,#4434,#4435,
    #4436,#4437,#4438,#4439,#4440,#4441,#4442,#4443,#4444,#4445,#4446,
    #4447,#4448,#4449,#4450,#4451,#4452),.UNSPECIFIED.,.F.,.F.,(7,5,5,5,
    7),(0.,0.248278572121,0.50000221832,0.845628446973,1.),
  .UNSPECIFIED.);
#4431 = CARTESIAN_POINT('',(94.4953953782,51.432111226829));
#4432 = CARTESIAN_POINT('',(94.675248839145,51.530002168191));
#4433 = CARTESIAN_POINT('',(94.8640187515,51.618424663032));
#4434 = CARTESIAN_POINT('',(95.060927716538,51.696088847195));
#4435 = CARTESIAN_POINT('',(95.264933414589,51.761804984361));
#4436 = CARTESIAN_POINT('',(95.474739547754,51.814577561639));
#4437 = CARTESIAN_POINT('',(95.905950548603,51.893344806774));
#4438 = CARTESIAN_POINT('',(96.127488177464,51.918959963578));
#4439 = CARTESIAN_POINT('',(96.351918656794,51.929784231418));
#4440 = CARTESIAN_POINT('',(96.577529961288,51.925370654696));
#4441 = CARTESIAN_POINT('',(96.802536760532,51.905630037658));
#4442 = CARTESIAN_POINT('',(97.330887721073,51.82306843467));
#4443 = CARTESIAN_POINT('',(97.632189702849,51.746916674462));
#4444 = CARTESIAN_POINT('',(97.924510385596,51.643086770865));
#4445 = CARTESIAN_POINT('',(98.203598959718,51.513570097609));
#4446 = CARTESIAN_POINT('',(98.466005177299,51.361408317715));
#4447 = CARTESIAN_POINT('',(98.817950179512,51.113793471832));
#4448 = CARTESIAN_POINT('',(98.922803249257,51.03354808012));
#4449 = CARTESIAN_POINT('',(99.023634790379,50.949827179566));
#4450 = CARTESIAN_POINT('',(99.120275697272,50.862970206799));
#4451 = CARTESIAN_POINT('',(99.21260065556,50.773326811818));
#4452 = CARTESIAN_POINT('',(99.300527515813,50.6812478018));
#4453 = ( GEOMETRIC_REPRESENTATION_CONTEXT(2) 
PARAMETRIC_REPRESENTATION_CONTEXT() REPRESENTATION_CONTEXT('2D SPACE',''
  ) );
#4454 = ORIENTED_EDGE('',*,*,#4455,.F.);
#4455 = EDGE_CURVE('',#4456,#4376,#4458,.T.);
#4456 = VERTEX_POINT('',#4457);
#4457 = CARTESIAN_POINT('',(10.159129020659,6.315935398446,
    -50.70867922108));
#4458 = SURFACE_CURVE('',#4459,(#4465,#4472),.PCURVE_S1.);
#4459 = B_SPLINE_CURVE_WITH_KNOTS('',2,(#4460,#4461,#4462,#4463,#4464),
  .UNSPECIFIED.,.F.,.F.,(3,1,1,3),(-0.5508,1.454180830877E-14,9.,9.5508)
  ,.UNSPECIFIED.);
#4460 = CARTESIAN_POINT('',(10.159129020659,-2.130724122782,
    -50.44417294055));
#4461 = CARTESIAN_POINT('',(10.159129020659,-1.855459055316,
    -50.45279283803));
#4462 = CARTESIAN_POINT('',(10.159129020659,2.917601232192,
    -50.60226073362));
#4463 = CARTESIAN_POINT('',(10.159129020659,7.690661519701,
    -50.75172862921));
#4464 = CARTESIAN_POINT('',(10.159129020659,7.965926587167,
    -50.76034852669));
#4465 = PCURVE('',#2552,#4466);
#4466 = DEFINITIONAL_REPRESENTATION('',(#4467),#4471);
#4467 = LINE('',#4468,#4469);
#4468 = CARTESIAN_POINT('',(0.,0.));
#4469 = VECTOR('',#4470,1.);
#4470 = DIRECTION('',(0.,1.));
#4471 = ( GEOMETRIC_REPRESENTATION_CONTEXT(2) 
PARAMETRIC_REPRESENTATION_CONTEXT() REPRESENTATION_CONTEXT('2D SPACE',''
  ) );
#4472 = PCURVE('',#4101,#4473);
#4473 = DEFINITIONAL_REPRESENTATION('',(#4474),#4477);
#4474 = B_SPLINE_CURVE_WITH_KNOTS('',1,(#4475,#4476),.UNSPECIFIED.,.F.,
  .F.,(2,2),(1.454180830877E-14,9.),.PIECEWISE_BEZIER_KNOTS.);
#4475 = CARTESIAN_POINT('',(11.211108106249,2.018264346742));
#4476 = CARTESIAN_POINT('',(5.190425521647,-4.671382969482));
#4477 = ( GEOMETRIC_REPRESENTATION_CONTEXT(2) 
PARAMETRIC_REPRESENTATION_CONTEXT() REPRESENTATION_CONTEXT('2D SPACE',''
  ) );
#4478 = ORIENTED_EDGE('',*,*,#4479,.F.);
#4479 = EDGE_CURVE('',#4480,#4456,#4482,.T.);
#4480 = VERTEX_POINT('',#4481);
#4481 = CARTESIAN_POINT('',(11.700336209943,6.313276654414,
    -50.79358270825));
#4482 = SURFACE_CURVE('',#4483,(#4492,#4504),.PCURVE_S1.);
#4483 = B_SPLINE_CURVE_WITH_KNOTS('',4,(#4484,#4485,#4486,#4487,#4488,
    #4489,#4490,#4491),.UNSPECIFIED.,.F.,.F.,(5,3,5),(0.,0.500845135875,
    1.),.UNSPECIFIED.);
#4484 = CARTESIAN_POINT('',(11.700336209943,6.313276654414,
    -50.79358270825));
#4485 = CARTESIAN_POINT('',(11.501816547639,6.312406709373,
    -50.82136325676));
#4486 = CARTESIAN_POINT('',(11.303167130958,6.311959604341,
    -50.8356409668));
#4487 = CARTESIAN_POINT('',(11.105991635849,6.311925393824,
    -50.8367334346));
#4488 = CARTESIAN_POINT('',(10.717994521395,6.312637209082,
    -50.8140025523));
#4489 = CARTESIAN_POINT('',(10.527151518953,6.313380733383,
    -50.79025908351));
#4490 = CARTESIAN_POINT('',(10.340498122649,6.314490596584,
    -50.75481706467));
#4491 = CARTESIAN_POINT('',(10.159129020659,6.315935398446,
    -50.70867922108));
#4492 = PCURVE('',#2552,#4493);
#4493 = DEFINITIONAL_REPRESENTATION('',(#4494),#4503);
#4494 = B_SPLINE_CURVE_WITH_KNOTS('',4,(#4495,#4496,#4497,#4498,#4499,
    #4500,#4501,#4502),.UNSPECIFIED.,.F.,.F.,(5,3,5),(0.,0.500845135875,
    1.),.UNSPECIFIED.);
#4495 = CARTESIAN_POINT('',(2.729232416445,7.9));
#4496 = CARTESIAN_POINT('',(2.390573289978,7.9));
#4497 = CARTESIAN_POINT('',(2.051847806432,7.9));
#4498 = CARTESIAN_POINT('',(1.712304107032,7.9));
#4499 = CARTESIAN_POINT('',(1.03133731135,7.9));
#4500 = CARTESIAN_POINT('',(0.689928900812,7.9));
#4501 = CARTESIAN_POINT('',(0.346331524834,7.9));
#4502 = CARTESIAN_POINT('',(0.,7.9));
#4503 = ( GEOMETRIC_REPRESENTATION_CONTEXT(2) 
PARAMETRIC_REPRESENTATION_CONTEXT() REPRESENTATION_CONTEXT('2D SPACE',''
  ) );
#4504 = PCURVE('',#4138,#4505);
#4505 = DEFINITIONAL_REPRESENTATION('',(#4506),#4515);
#4506 = B_SPLINE_CURVE_WITH_KNOTS('',4,(#4507,#4508,#4509,#4510,#4511,
    #4512,#4513,#4514),.UNSPECIFIED.,.F.,.F.,(5,3,5),(0.,0.500845135875,
    1.),.UNSPECIFIED.);
#4507 = CARTESIAN_POINT('',(-3.5,0.834329671429));
#4508 = CARTESIAN_POINT('',(-3.313843716031,0.87626885473));
#4509 = CARTESIAN_POINT('',(-3.124337189423,0.911129207426));
#4510 = CARTESIAN_POINT('',(-2.93311364535,0.938797446114));
#4511 = CARTESIAN_POINT('',(-2.550887594276,0.979916471346));
#4512 = CARTESIAN_POINT('',(-2.359883396088,0.993413933471));
#4513 = CARTESIAN_POINT('',(-2.170154476168,0.999999943586));
#4514 = CARTESIAN_POINT('',(-1.983003361433,1.));
#4515 = ( GEOMETRIC_REPRESENTATION_CONTEXT(2) 
PARAMETRIC_REPRESENTATION_CONTEXT() REPRESENTATION_CONTEXT('2D SPACE',''
  ) );
#4516 = ORIENTED_EDGE('',*,*,#4517,.F.);
#4517 = EDGE_CURVE('',#4518,#4480,#4520,.T.);
#4518 = VERTEX_POINT('',#4519);
#4519 = CARTESIAN_POINT('',(11.700336209943,5.413717610405,
    -50.76541310863));
#4520 = SURFACE_CURVE('',#4521,(#4528,#4538),.PCURVE_S1.);
#4521 = B_SPLINE_CURVE_WITH_KNOTS('',5,(#4522,#4523,#4524,#4525,#4526,
    #4527),.UNSPECIFIED.,.F.,.F.,(6,6),(0.,1.),
  .PIECEWISE_BEZIER_KNOTS.);
#4522 = CARTESIAN_POINT('',(11.700336209943,5.413717610405,
    -50.76541310863));
#4523 = CARTESIAN_POINT('',(11.700336209943,5.54821733716,
    -50.76962495384));
#4524 = CARTESIAN_POINT('',(11.700336209943,5.736757873255,
    -50.77552908148));
#4525 = CARTESIAN_POINT('',(11.700336209943,5.965990779451,
    -50.78270748653));
#4526 = CARTESIAN_POINT('',(11.700336209943,6.189947041591,
    -50.78972065402));
#4527 = CARTESIAN_POINT('',(11.700336209943,6.313276654414,
    -50.79358270825));
#4528 = PCURVE('',#2552,#4529);
#4529 = DEFINITIONAL_REPRESENTATION('',(#4530),#4537);
#4530 = B_SPLINE_CURVE_WITH_KNOTS('',5,(#4531,#4532,#4533,#4534,#4535,
    #4536),.UNSPECIFIED.,.F.,.F.,(6,6),(0.,1.),
  .PIECEWISE_BEZIER_KNOTS.);
#4531 = CARTESIAN_POINT('',(2.729232416445,7.));
#4532 = CARTESIAN_POINT('',(2.729232416445,7.134565657346));
#4533 = CARTESIAN_POINT('',(2.729232416445,7.323198614367));
#4534 = CARTESIAN_POINT('',(2.729232416445,7.552543888533));
#4535 = CARTESIAN_POINT('',(2.729232416445,7.776609932077));
#4536 = CARTESIAN_POINT('',(2.729232416445,7.9));
#4537 = ( GEOMETRIC_REPRESENTATION_CONTEXT(2) 
PARAMETRIC_REPRESENTATION_CONTEXT() REPRESENTATION_CONTEXT('2D SPACE',''
  ) );
#4538 = PCURVE('',#4539,#4544);
#4539 = PLANE('',#4540);
#4540 = AXIS2_PLACEMENT_3D('',#4541,#4542,#4543);
#4541 = CARTESIAN_POINT('',(11.629257765809,5.854444643788,
    -51.06857720385));
#4542 = DIRECTION('',(-0.971103974642,7.469851817184E-03,0.238539874546)
  );
#4543 = DIRECTION('',(0.,0.999510048898,-3.129955513418E-02));
#4544 = DEFINITIONAL_REPRESENTATION('',(#4545),#4552);
#4545 = B_SPLINE_CURVE_WITH_KNOTS('',5,(#4546,#4547,#4548,#4549,#4550,
    #4551),.UNSPECIFIED.,.F.,.F.,(6,6),(0.,1.),
  .PIECEWISE_BEZIER_KNOTS.);
#4546 = CARTESIAN_POINT('',(-0.45,-0.297827016582));
#4547 = CARTESIAN_POINT('',(-0.315434342654,-0.297827016582));
#4548 = CARTESIAN_POINT('',(-0.126801385633,-0.297827016582));
#4549 = CARTESIAN_POINT('',(0.102543888532,-0.297827016582));
#4550 = CARTESIAN_POINT('',(0.326609932077,-0.297827016582));
#4551 = CARTESIAN_POINT('',(0.45,-0.297827016582));
#4552 = ( GEOMETRIC_REPRESENTATION_CONTEXT(2) 
PARAMETRIC_REPRESENTATION_CONTEXT() REPRESENTATION_CONTEXT('2D SPACE',''
  ) );
#4553 = ORIENTED_EDGE('',*,*,#4554,.F.);
#4554 = EDGE_CURVE('',#4294,#4518,#4555,.T.);
#4555 = SURFACE_CURVE('',#4556,(#4565,#4577),.PCURVE_S1.);
#4556 = B_SPLINE_CURVE_WITH_KNOTS('',4,(#4557,#4558,#4559,#4560,#4561,
    #4562,#4563,#4564),.UNSPECIFIED.,.F.,.F.,(5,3,5),(0.,0.49881605937,
    1.),.UNSPECIFIED.);
#4557 = CARTESIAN_POINT('',(10.159129020659,5.416376354438,
    -50.68050962146));
#4558 = CARTESIAN_POINT('',(10.340375017166,5.414932533224,
    -50.72661614934));
#4559 = CARTESIAN_POINT('',(10.526898134501,5.413823196252,
    -50.76204136376));
#4560 = CARTESIAN_POINT('',(10.717605919024,5.41307967954,
    -50.78578459019));
#4561 = CARTESIAN_POINT('',(11.105591489767,5.412366280867,
    -50.80856603677));
#4562 = CARTESIAN_POINT('',(11.302898369444,5.412399955711,
    -50.80749067498));
#4563 = CARTESIAN_POINT('',(11.501682255722,5.412847076837,
    -50.79321245099));
#4564 = CARTESIAN_POINT('',(11.700336209943,5.413717610405,
    -50.76541310863));
#4565 = PCURVE('',#2552,#4566);
#4566 = DEFINITIONAL_REPRESENTATION('',(#4567),#4576);
#4567 = B_SPLINE_CURVE_WITH_KNOTS('',4,(#4568,#4569,#4570,#4571,#4572,
    #4573,#4574,#4575),.UNSPECIFIED.,.F.,.F.,(5,3,5),(0.,0.49881605937,
    1.),.UNSPECIFIED.);
#4568 = CARTESIAN_POINT('',(0.,7.));
#4569 = CARTESIAN_POINT('',(0.346096448068,7.));
#4570 = CARTESIAN_POINT('',(0.68946246186,7.));
#4571 = CARTESIAN_POINT('',(1.030642103419,7.));
#4572 = CARTESIAN_POINT('',(1.711615030817,7.));
#4573 = CARTESIAN_POINT('',(2.051389534799,7.));
#4574 = CARTESIAN_POINT('',(2.390344196418,7.));
#4575 = CARTESIAN_POINT('',(2.729232416445,7.));
#4576 = ( GEOMETRIC_REPRESENTATION_CONTEXT(2) 
PARAMETRIC_REPRESENTATION_CONTEXT() REPRESENTATION_CONTEXT('2D SPACE',''
  ) );
#4577 = PCURVE('',#4221,#4578);
#4578 = DEFINITIONAL_REPRESENTATION('',(#4579),#4588);
#4579 = B_SPLINE_CURVE_WITH_KNOTS('',4,(#4580,#4581,#4582,#4583,#4584,
    #4585,#4586,#4587),.UNSPECIFIED.,.F.,.F.,(5,3,5),(0.,0.49881605937,
    1.),.UNSPECIFIED.);
#4580 = CARTESIAN_POINT('',(1.983003361383,1.));
#4581 = CARTESIAN_POINT('',(2.170027446355,0.999999943777));
#4582 = CARTESIAN_POINT('',(2.359625834788,0.993422870688));
#4583 = CARTESIAN_POINT('',(2.550498660106,0.979943946772));
#4584 = CARTESIAN_POINT('',(2.932725574458,0.938853587116));
#4585 = CARTESIAN_POINT('',(3.124080795543,0.911176367289));
#4586 = CARTESIAN_POINT('',(3.313717787822,0.876297225606));
#4587 = CARTESIAN_POINT('',(3.5,0.834329671429));
#4588 = ( GEOMETRIC_REPRESENTATION_CONTEXT(2) 
PARAMETRIC_REPRESENTATION_CONTEXT() REPRESENTATION_CONTEXT('2D SPACE',''
  ) );
#4589 = ADVANCED_FACE('',(#4590),#2645,.T.);
#4590 = FACE_BOUND('',#4591,.T.);
#4591 = EDGE_LOOP('',(#4592,#4611,#4612,#4613));
#4592 = ORIENTED_EDGE('',*,*,#4593,.F.);
#4593 = EDGE_CURVE('',#2765,#3737,#4594,.T.);
#4594 = SURFACE_CURVE('',#4595,(#4599,#4605),.PCURVE_S1.);
#4595 = ( BOUNDED_CURVE() B_SPLINE_CURVE(2,(#4596,#4597,#4598),
.UNSPECIFIED.,.F.,.F.) B_SPLINE_CURVE_WITH_KNOTS((3,3),(0.,
8.860044204503E-04),.PIECEWISE_BEZIER_KNOTS.) CURVE() 
GEOMETRIC_REPRESENTATION_ITEM() RATIONAL_B_SPLINE_CURVE((1.,
0.692629352284,1.)) REPRESENTATION_ITEM('') );
#4596 = CARTESIAN_POINT('',(7.268286103631,3.356283253337,1.745674608609
    ));
#4597 = CARTESIAN_POINT('',(5.757814698006,3.188072206175,1.384750248223
    ));
#4598 = CARTESIAN_POINT('',(5.451288458201,3.244156553304,2.915430302275
    ));
#4599 = PCURVE('',#2645,#4600);
#4600 = DEFINITIONAL_REPRESENTATION('',(#4601),#4604);
#4601 = B_SPLINE_CURVE_WITH_KNOTS('',1,(#4602,#4603),.UNSPECIFIED.,.F.,
  .F.,(2,2),(0.,8.860044204503E-04),.PIECEWISE_BEZIER_KNOTS.);
#4602 = CARTESIAN_POINT('',(6.323429745772E-02,0.179238960451));
#4603 = CARTESIAN_POINT('',(0.,0.179238960451));
#4604 = ( GEOMETRIC_REPRESENTATION_CONTEXT(2) 
PARAMETRIC_REPRESENTATION_CONTEXT() REPRESENTATION_CONTEXT('2D SPACE',''
  ) );
#4605 = PCURVE('',#3557,#4606);
#4606 = DEFINITIONAL_REPRESENTATION('',(#4607),#4610);
#4607 = B_SPLINE_CURVE_WITH_KNOTS('',1,(#4608,#4609),.UNSPECIFIED.,.F.,
  .F.,(2,2),(0.,8.860044204503E-04),.PIECEWISE_BEZIER_KNOTS.);
#4608 = CARTESIAN_POINT('',(8.860044204503E-04,0.179238960451));
#4609 = CARTESIAN_POINT('',(0.,0.179238960451));
#4610 = ( GEOMETRIC_REPRESENTATION_CONTEXT(2) 
PARAMETRIC_REPRESENTATION_CONTEXT() REPRESENTATION_CONTEXT('2D SPACE',''
  ) );
#4611 = ORIENTED_EDGE('',*,*,#2764,.T.);
#4612 = ORIENTED_EDGE('',*,*,#2630,.T.);
#4613 = ORIENTED_EDGE('',*,*,#3761,.F.);
#4614 = ADVANCED_FACE('',(#4615),#2829,.T.);
#4615 = FACE_BOUND('',#4616,.T.);
#4616 = EDGE_LOOP('',(#4617,#4618,#4619,#4620));
#4617 = ORIENTED_EDGE('',*,*,#2813,.F.);
#4618 = ORIENTED_EDGE('',*,*,#3578,.T.);
#4619 = ORIENTED_EDGE('',*,*,#3488,.T.);
#4620 = ORIENTED_EDGE('',*,*,#2916,.F.);
#4621 = ADVANCED_FACE('',(#4622),#3099,.F.);
#4622 = FACE_BOUND('',#4623,.F.);
#4623 = EDGE_LOOP('',(#4624,#4625,#4626,#4646,#4647,#4648,#4671,#4694));
#4624 = ORIENTED_EDGE('',*,*,#3085,.F.);
#4625 = ORIENTED_EDGE('',*,*,#3969,.F.);
#4626 = ORIENTED_EDGE('',*,*,#4627,.T.);
#4627 = EDGE_CURVE('',#3970,#4347,#4628,.T.);
#4628 = SURFACE_CURVE('',#4629,(#4633,#4640),.PCURVE_S1.);
#4629 = LINE('',#4630,#4631);
#4630 = CARTESIAN_POINT('',(-47.34684829955,7.899067050082,
    -35.29772553592));
#4631 = VECTOR('',#4632,1.);
#4632 = DIRECTION('',(0.973037220752,-7.219184347225E-03,-0.230535139205
    ));
#4633 = PCURVE('',#3099,#4634);
#4634 = DEFINITIONAL_REPRESENTATION('',(#4635),#4639);
#4635 = LINE('',#4636,#4637);
#4636 = CARTESIAN_POINT('',(-45.4511700367,16.097020052687));
#4637 = VECTOR('',#4638,1.);
#4638 = DIRECTION('',(0.967074537263,-0.25449329928));
#4639 = ( GEOMETRIC_REPRESENTATION_CONTEXT(2) 
PARAMETRIC_REPRESENTATION_CONTEXT() REPRESENTATION_CONTEXT('2D SPACE',''
  ) );
#4640 = PCURVE('',#4052,#4641);
#4641 = DEFINITIONAL_REPRESENTATION('',(#4642),#4645);
#4642 = B_SPLINE_CURVE_WITH_KNOTS('',1,(#4643,#4644),.UNSPECIFIED.,.F.,
  .F.,(2,2),(52.12388378069,63.982005890252),.PIECEWISE_BEZIER_KNOTS.);
#4643 = CARTESIAN_POINT('',(88.763772113988,46.433293914283));
#4644 = CARTESIAN_POINT('',(99.271086431115,51.929784231418));
#4645 = ( GEOMETRIC_REPRESENTATION_CONTEXT(2) 
PARAMETRIC_REPRESENTATION_CONTEXT() REPRESENTATION_CONTEXT('2D SPACE',''
  ) );
#4646 = ORIENTED_EDGE('',*,*,#4346,.F.);
#4647 = ORIENTED_EDGE('',*,*,#3188,.F.);
#4648 = ORIENTED_EDGE('',*,*,#4649,.F.);
#4649 = EDGE_CURVE('',#4650,#3164,#4652,.T.);
#4650 = VERTEX_POINT('',#4651);
#4651 = CARTESIAN_POINT('',(12.058293216798,6.358865746452,
    -49.33775512803));
#4652 = SURFACE_CURVE('',#4653,(#4657,#4664),.PCURVE_S1.);
#4653 = LINE('',#4654,#4655);
#4654 = CARTESIAN_POINT('',(12.058293216798,5.859110722003,
    -49.32210535047));
#4655 = VECTOR('',#4656,1.);
#4656 = DIRECTION('',(0.,0.999510048898,-3.129955513418E-02));
#4657 = PCURVE('',#3099,#4658);
#4658 = DEFINITIONAL_REPRESENTATION('',(#4659),#4663);
#4659 = LINE('',#4660,#4661);
#4660 = CARTESIAN_POINT('',(13.99713146038,2.107204518035));
#4661 = VECTOR('',#4662,1.);
#4662 = DIRECTION('',(-0.25449329928,-0.967074537263));
#4663 = ( GEOMETRIC_REPRESENTATION_CONTEXT(2) 
PARAMETRIC_REPRESENTATION_CONTEXT() REPRESENTATION_CONTEXT('2D SPACE',''
  ) );
#4664 = PCURVE('',#3177,#4665);
#4665 = DEFINITIONAL_REPRESENTATION('',(#4666),#4670);
#4666 = LINE('',#4667,#4668);
#4667 = CARTESIAN_POINT('',(0.,0.));
#4668 = VECTOR('',#4669,1.);
#4669 = DIRECTION('',(1.,0.));
#4670 = ( GEOMETRIC_REPRESENTATION_CONTEXT(2) 
PARAMETRIC_REPRESENTATION_CONTEXT() REPRESENTATION_CONTEXT('2D SPACE',''
  ) );
#4671 = ORIENTED_EDGE('',*,*,#4672,.F.);
#4672 = EDGE_CURVE('',#4673,#4650,#4675,.T.);
#4673 = VERTEX_POINT('',#4674);
#4674 = CARTESIAN_POINT('',(5.247032671533,6.409400036883,-47.7240091536
    ));
#4675 = SURFACE_CURVE('',#4676,(#4680,#4687),.PCURVE_S1.);
#4676 = LINE('',#4677,#4678);
#4677 = CARTESIAN_POINT('',(8.652662944165,6.384132891668,
    -48.53088214082));
#4678 = VECTOR('',#4679,1.);
#4679 = DIRECTION('',(0.973037220752,-7.219184347225E-03,-0.230535139205
    ));
#4680 = PCURVE('',#3099,#4681);
#4681 = DEFINITIONAL_REPRESENTATION('',(#4682),#4686);
#4682 = LINE('',#4683,#4684);
#4683 = CARTESIAN_POINT('',(10.485123930321,2.514393796883));
#4684 = VECTOR('',#4685,1.);
#4685 = DIRECTION('',(0.967074537263,-0.25449329928));
#4686 = ( GEOMETRIC_REPRESENTATION_CONTEXT(2) 
PARAMETRIC_REPRESENTATION_CONTEXT() REPRESENTATION_CONTEXT('2D SPACE',''
  ) );
#4687 = PCURVE('',#4138,#4688);
#4688 = DEFINITIONAL_REPRESENTATION('',(#4689),#4693);
#4689 = LINE('',#4690,#4691);
#4690 = CARTESIAN_POINT('',(0.,0.));
#4691 = VECTOR('',#4692,1.);
#4692 = DIRECTION('',(-1.,0.));
#4693 = ( GEOMETRIC_REPRESENTATION_CONTEXT(2) 
PARAMETRIC_REPRESENTATION_CONTEXT() REPRESENTATION_CONTEXT('2D SPACE',''
  ) );
#4694 = ORIENTED_EDGE('',*,*,#4695,.T.);
#4695 = EDGE_CURVE('',#4673,#3086,#4696,.T.);
#4696 = SURFACE_CURVE('',#4697,(#4701,#4708),.PCURVE_S1.);
#4697 = LINE('',#4698,#4699);
#4698 = CARTESIAN_POINT('',(5.247032671533,5.909645012434,
    -47.70835937603));
#4699 = VECTOR('',#4700,1.);
#4700 = DIRECTION('',(0.,0.999510048898,-3.129955513418E-02));
#4701 = PCURVE('',#3099,#4702);
#4702 = DEFINITIONAL_REPRESENTATION('',(#4703),#4707);
#4703 = LINE('',#4704,#4705);
#4704 = CARTESIAN_POINT('',(7.227609699542,3.888657612993));
#4705 = VECTOR('',#4706,1.);
#4706 = DIRECTION('',(-0.25449329928,-0.967074537263));
#4707 = ( GEOMETRIC_REPRESENTATION_CONTEXT(2) 
PARAMETRIC_REPRESENTATION_CONTEXT() REPRESENTATION_CONTEXT('2D SPACE',''
  ) );
#4708 = PCURVE('',#3124,#4709);
#4709 = DEFINITIONAL_REPRESENTATION('',(#4710),#4714);
#4710 = LINE('',#4711,#4712);
#4711 = CARTESIAN_POINT('',(0.,0.));
#4712 = VECTOR('',#4713,1.);
#4713 = DIRECTION('',(-1.,0.));
#4714 = ( GEOMETRIC_REPRESENTATION_CONTEXT(2) 
PARAMETRIC_REPRESENTATION_CONTEXT() REPRESENTATION_CONTEXT('2D SPACE',''
  ) );
#4715 = ADVANCED_FACE('',(#4716),#3177,.T.);
#4716 = FACE_BOUND('',#4717,.T.);
#4717 = EDGE_LOOP('',(#4718,#4741,#4742,#4743,#4766,#4794));
#4718 = ORIENTED_EDGE('',*,*,#4719,.T.);
#4719 = EDGE_CURVE('',#4720,#3136,#4722,.T.);
#4720 = VERTEX_POINT('',#4721);
#4721 = CARTESIAN_POINT('',(12.410059470964,5.30739200116,
    -47.77091415482));
#4722 = SURFACE_CURVE('',#4723,(#4727,#4734),.PCURVE_S1.);
#4723 = LINE('',#4724,#4725);
#4724 = CARTESIAN_POINT('',(12.410059470964,5.907098030499,
    -47.7896938879));
#4725 = VECTOR('',#4726,1.);
#4726 = DIRECTION('',(0.,0.999510048898,-3.129955513418E-02));
#4727 = PCURVE('',#3177,#4728);
#4728 = DEFINITIONAL_REPRESENTATION('',(#4729),#4733);
#4729 = LINE('',#4730,#4731);
#4730 = CARTESIAN_POINT('',(0.,-1.572999418293));
#4731 = VECTOR('',#4732,1.);
#4732 = DIRECTION('',(1.,0.));
#4733 = ( GEOMETRIC_REPRESENTATION_CONTEXT(2) 
PARAMETRIC_REPRESENTATION_CONTEXT() REPRESENTATION_CONTEXT('2D SPACE',''
  ) );
#4734 = PCURVE('',#3151,#4735);
#4735 = DEFINITIONAL_REPRESENTATION('',(#4736),#4740);
#4736 = LINE('',#4737,#4738);
#4737 = CARTESIAN_POINT('',(7.000734072759,-0.591373352888));
#4738 = VECTOR('',#4739,1.);
#4739 = DIRECTION('',(0.168963815111,0.985622254813));
#4740 = ( GEOMETRIC_REPRESENTATION_CONTEXT(2) 
PARAMETRIC_REPRESENTATION_CONTEXT() REPRESENTATION_CONTEXT('2D SPACE',''
  ) );
#4741 = ORIENTED_EDGE('',*,*,#3163,.T.);
#4742 = ORIENTED_EDGE('',*,*,#4649,.F.);
#4743 = ORIENTED_EDGE('',*,*,#4744,.F.);
#4744 = EDGE_CURVE('',#4745,#4650,#4747,.T.);
#4745 = VERTEX_POINT('',#4746);
#4746 = CARTESIAN_POINT('',(12.058293216798,5.459306702444,
    -49.30958552841));
#4747 = SURFACE_CURVE('',#4748,(#4752,#4759),.PCURVE_S1.);
#4748 = LINE('',#4749,#4750);
#4749 = CARTESIAN_POINT('',(12.058293216798,5.909086224448,
    -49.32367032822));
#4750 = VECTOR('',#4751,1.);
#4751 = DIRECTION('',(0.,0.999510048898,-3.129955513418E-02));
#4752 = PCURVE('',#3177,#4753);
#4753 = DEFINITIONAL_REPRESENTATION('',(#4754),#4758);
#4754 = LINE('',#4755,#4756);
#4755 = CARTESIAN_POINT('',(5.E-02,0.));
#4756 = VECTOR('',#4757,1.);
#4757 = DIRECTION('',(1.,0.));
#4758 = ( GEOMETRIC_REPRESENTATION_CONTEXT(2) 
PARAMETRIC_REPRESENTATION_CONTEXT() REPRESENTATION_CONTEXT('2D SPACE',''
  ) );
#4759 = PCURVE('',#4539,#4760);
#4760 = DEFINITIONAL_REPRESENTATION('',(#4761),#4765);
#4761 = LINE('',#4762,#4763);
#4762 = CARTESIAN_POINT('',(0.,-1.797708854393));
#4763 = VECTOR('',#4764,1.);
#4764 = DIRECTION('',(1.,0.));
#4765 = ( GEOMETRIC_REPRESENTATION_CONTEXT(2) 
PARAMETRIC_REPRESENTATION_CONTEXT() REPRESENTATION_CONTEXT('2D SPACE',''
  ) );
#4766 = ORIENTED_EDGE('',*,*,#4767,.F.);
#4767 = EDGE_CURVE('',#4768,#4745,#4770,.T.);
#4768 = VERTEX_POINT('',#4769);
#4769 = CARTESIAN_POINT('',(12.058293216798,5.259404692664,
    -49.30332561738));
#4770 = SURFACE_CURVE('',#4771,(#4775,#4782),.PCURVE_S1.);
#4771 = LINE('',#4772,#4773);
#4772 = CARTESIAN_POINT('',(12.058293216798,5.859110722003,
    -49.32210535047));
#4773 = VECTOR('',#4774,1.);
#4774 = DIRECTION('',(0.,0.999510048898,-3.129955513418E-02));
#4775 = PCURVE('',#3177,#4776);
#4776 = DEFINITIONAL_REPRESENTATION('',(#4777),#4781);
#4777 = LINE('',#4778,#4779);
#4778 = CARTESIAN_POINT('',(0.,0.));
#4779 = VECTOR('',#4780,1.);
#4780 = DIRECTION('',(1.,0.));
#4781 = ( GEOMETRIC_REPRESENTATION_CONTEXT(2) 
PARAMETRIC_REPRESENTATION_CONTEXT() REPRESENTATION_CONTEXT('2D SPACE',''
  ) );
#4782 = PCURVE('',#4783,#4788);
#4783 = PLANE('',#4784);
#4784 = AXIS2_PLACEMENT_3D('',#4785,#4786,#4787);
#4785 = CARTESIAN_POINT('',(5.247032671533,5.309938983095,
    -47.68957964295));
#4786 = DIRECTION('',(0.230648145518,3.045563213854E-02,0.972560480094)
  );
#4787 = DIRECTION('',(0.959047139535,0.161765642349,-0.232509055963));
#4788 = DEFINITIONAL_REPRESENTATION('',(#4789),#4793);
#4789 = LINE('',#4790,#4791);
#4790 = CARTESIAN_POINT('',(7.000734072759,-0.591373352888));
#4791 = VECTOR('',#4792,1.);
#4792 = DIRECTION('',(0.168963815111,0.985622254813));
#4793 = ( GEOMETRIC_REPRESENTATION_CONTEXT(2) 
PARAMETRIC_REPRESENTATION_CONTEXT() REPRESENTATION_CONTEXT('2D SPACE',''
  ) );
#4794 = ORIENTED_EDGE('',*,*,#4795,.F.);
#4795 = EDGE_CURVE('',#4720,#4768,#4796,.T.);
#4796 = SURFACE_CURVE('',#4797,(#4800,#4806),.PCURVE_S1.);
#4797 = B_SPLINE_CURVE_WITH_KNOTS('',1,(#4798,#4799),.UNSPECIFIED.,.F.,
  .F.,(2,2),(0.,1.),.PIECEWISE_BEZIER_KNOTS.);
#4798 = CARTESIAN_POINT('',(12.410059470964,5.30739200116,
    -47.77091415482));
#4799 = CARTESIAN_POINT('',(12.058293216798,5.259404692664,
    -49.30332561738));
#4800 = PCURVE('',#3177,#4801);
#4801 = DEFINITIONAL_REPRESENTATION('',(#4802),#4805);
#4802 = B_SPLINE_CURVE_WITH_KNOTS('',1,(#4803,#4804),.UNSPECIFIED.,.F.,
  .F.,(2,2),(0.,1.),.PIECEWISE_BEZIER_KNOTS.);
#4803 = CARTESIAN_POINT('',(-0.6,-1.572999418293));
#4804 = CARTESIAN_POINT('',(-0.6,0.));
#4805 = ( GEOMETRIC_REPRESENTATION_CONTEXT(2) 
PARAMETRIC_REPRESENTATION_CONTEXT() REPRESENTATION_CONTEXT('2D SPACE',''
  ) );
#4806 = PCURVE('',#4807,#4812);
#4807 = B_SPLINE_SURFACE_WITH_KNOTS('',1,1,(
    (#4808,#4809)
    ,(#4810,#4811
    )),.UNSPECIFIED.,.F.,.F.,.F.,(2,2),(2,2),(-3.5,3.5),(0.,1.),
  .PIECEWISE_BEZIER_KNOTS.);
#4808 = CARTESIAN_POINT('',(5.576229656938,5.354847433259,
    -46.25548746412));
#4809 = CARTESIAN_POINT('',(5.247032671533,5.309938983095,
    -47.68957964295));
#4810 = CARTESIAN_POINT('',(12.410059470964,5.30739200116,
    -47.77091415482));
#4811 = CARTESIAN_POINT('',(12.058293216798,5.259404692664,
    -49.30332561738));
#4812 = DEFINITIONAL_REPRESENTATION('',(#4813),#4817);
#4813 = LINE('',#4814,#4815);
#4814 = CARTESIAN_POINT('',(3.5,0.));
#4815 = VECTOR('',#4816,1.);
#4816 = DIRECTION('',(0.,1.));
#4817 = ( GEOMETRIC_REPRESENTATION_CONTEXT(2) 
PARAMETRIC_REPRESENTATION_CONTEXT() REPRESENTATION_CONTEXT('2D SPACE',''
  ) );
#4818 = ADVANCED_FACE('',(#4819),#3151,.F.);
#4819 = FACE_BOUND('',#4820,.F.);
#4820 = EDGE_LOOP('',(#4821,#4844,#4865,#4866));
#4821 = ORIENTED_EDGE('',*,*,#4822,.F.);
#4822 = EDGE_CURVE('',#4823,#3111,#4825,.T.);
#4823 = VERTEX_POINT('',#4824);
#4824 = CARTESIAN_POINT('',(5.576229656938,5.354847433259,
    -46.25548746412));
#4825 = SURFACE_CURVE('',#4826,(#4830,#4837),.PCURVE_S1.);
#4826 = LINE('',#4827,#4828);
#4827 = CARTESIAN_POINT('',(5.576229656938,5.954553462598,-46.2742671972
    ));
#4828 = VECTOR('',#4829,1.);
#4829 = DIRECTION('',(0.,0.999510048898,-3.129955513418E-02));
#4830 = PCURVE('',#3151,#4831);
#4831 = DEFINITIONAL_REPRESENTATION('',(#4832),#4836);
#4832 = LINE('',#4833,#4834);
#4833 = CARTESIAN_POINT('',(0.101378289067,0.591373352888));
#4834 = VECTOR('',#4835,1.);
#4835 = DIRECTION('',(0.168963815111,0.985622254813));
#4836 = ( GEOMETRIC_REPRESENTATION_CONTEXT(2) 
PARAMETRIC_REPRESENTATION_CONTEXT() REPRESENTATION_CONTEXT('2D SPACE',''
  ) );
#4837 = PCURVE('',#3124,#4838);
#4838 = DEFINITIONAL_REPRESENTATION('',(#4839),#4843);
#4839 = LINE('',#4840,#4841);
#4840 = CARTESIAN_POINT('',(0.,-1.472076017564));
#4841 = VECTOR('',#4842,1.);
#4842 = DIRECTION('',(-1.,0.));
#4843 = ( GEOMETRIC_REPRESENTATION_CONTEXT(2) 
PARAMETRIC_REPRESENTATION_CONTEXT() REPRESENTATION_CONTEXT('2D SPACE',''
  ) );
#4844 = ORIENTED_EDGE('',*,*,#4845,.T.);
#4845 = EDGE_CURVE('',#4823,#4720,#4846,.T.);
#4846 = SURFACE_CURVE('',#4847,(#4851,#4858),.PCURVE_S1.);
#4847 = LINE('',#4848,#4849);
#4848 = CARTESIAN_POINT('',(8.993144563951,5.331119717209,
    -47.01320080947));
#4849 = VECTOR('',#4850,1.);
#4850 = DIRECTION('',(0.976261402004,-6.779347442661E-03,-0.216489527243
    ));
#4851 = PCURVE('',#3151,#4852);
#4852 = DEFINITIONAL_REPRESENTATION('',(#4853),#4857);
#4853 = LINE('',#4854,#4855);
#4854 = CARTESIAN_POINT('',(3.449677891846,-0.591373352888));
#4855 = VECTOR('',#4856,1.);
#4856 = DIRECTION('',(0.985622254813,-0.168963815111));
#4857 = ( GEOMETRIC_REPRESENTATION_CONTEXT(2) 
PARAMETRIC_REPRESENTATION_CONTEXT() REPRESENTATION_CONTEXT('2D SPACE',''
  ) );
#4858 = PCURVE('',#4807,#4859);
#4859 = DEFINITIONAL_REPRESENTATION('',(#4860),#4864);
#4860 = LINE('',#4861,#4862);
#4861 = CARTESIAN_POINT('',(0.,0.));
#4862 = VECTOR('',#4863,1.);
#4863 = DIRECTION('',(1.,0.));
#4864 = ( GEOMETRIC_REPRESENTATION_CONTEXT(2) 
PARAMETRIC_REPRESENTATION_CONTEXT() REPRESENTATION_CONTEXT('2D SPACE',''
  ) );
#4865 = ORIENTED_EDGE('',*,*,#4719,.T.);
#4866 = ORIENTED_EDGE('',*,*,#3135,.F.);
#4867 = ADVANCED_FACE('',(#4868),#3124,.T.);
#4868 = FACE_BOUND('',#4869,.T.);
#4869 = EDGE_LOOP('',(#4870,#4871,#4892,#4915,#4936,#4937));
#4870 = ORIENTED_EDGE('',*,*,#4822,.F.);
#4871 = ORIENTED_EDGE('',*,*,#4872,.T.);
#4872 = EDGE_CURVE('',#4823,#4873,#4875,.T.);
#4873 = VERTEX_POINT('',#4874);
#4874 = CARTESIAN_POINT('',(5.247032671533,5.309938983095,
    -47.68957964295));
#4875 = SURFACE_CURVE('',#4876,(#4879,#4885),.PCURVE_S1.);
#4876 = B_SPLINE_CURVE_WITH_KNOTS('',1,(#4877,#4878),.UNSPECIFIED.,.F.,
  .F.,(2,2),(0.,1.),.PIECEWISE_BEZIER_KNOTS.);
#4877 = CARTESIAN_POINT('',(5.576229656938,5.354847433259,
    -46.25548746412));
#4878 = CARTESIAN_POINT('',(5.247032671533,5.309938983095,
    -47.68957964295));
#4879 = PCURVE('',#3124,#4880);
#4880 = DEFINITIONAL_REPRESENTATION('',(#4881),#4884);
#4881 = B_SPLINE_CURVE_WITH_KNOTS('',1,(#4882,#4883),.UNSPECIFIED.,.F.,
  .F.,(2,2),(0.,1.),.PIECEWISE_BEZIER_KNOTS.);
#4882 = CARTESIAN_POINT('',(0.6,-1.472076017564));
#4883 = CARTESIAN_POINT('',(0.6,0.));
#4884 = ( GEOMETRIC_REPRESENTATION_CONTEXT(2) 
PARAMETRIC_REPRESENTATION_CONTEXT() REPRESENTATION_CONTEXT('2D SPACE',''
  ) );
#4885 = PCURVE('',#4807,#4886);
#4886 = DEFINITIONAL_REPRESENTATION('',(#4887),#4891);
#4887 = LINE('',#4888,#4889);
#4888 = CARTESIAN_POINT('',(-3.5,0.));
#4889 = VECTOR('',#4890,1.);
#4890 = DIRECTION('',(0.,1.));
#4891 = ( GEOMETRIC_REPRESENTATION_CONTEXT(2) 
PARAMETRIC_REPRESENTATION_CONTEXT() REPRESENTATION_CONTEXT('2D SPACE',''
  ) );
#4892 = ORIENTED_EDGE('',*,*,#4893,.T.);
#4893 = EDGE_CURVE('',#4873,#4894,#4896,.T.);
#4894 = VERTEX_POINT('',#4895);
#4895 = CARTESIAN_POINT('',(5.247032671533,5.509840992875,
    -47.69583955398));
#4896 = SURFACE_CURVE('',#4897,(#4901,#4908),.PCURVE_S1.);
#4897 = LINE('',#4898,#4899);
#4898 = CARTESIAN_POINT('',(5.247032671533,5.909645012434,
    -47.70835937603));
#4899 = VECTOR('',#4900,1.);
#4900 = DIRECTION('',(0.,0.999510048898,-3.129955513418E-02));
#4901 = PCURVE('',#3124,#4902);
#4902 = DEFINITIONAL_REPRESENTATION('',(#4903),#4907);
#4903 = LINE('',#4904,#4905);
#4904 = CARTESIAN_POINT('',(0.,0.));
#4905 = VECTOR('',#4906,1.);
#4906 = DIRECTION('',(-1.,0.));
#4907 = ( GEOMETRIC_REPRESENTATION_CONTEXT(2) 
PARAMETRIC_REPRESENTATION_CONTEXT() REPRESENTATION_CONTEXT('2D SPACE',''
  ) );
#4908 = PCURVE('',#4783,#4909);
#4909 = DEFINITIONAL_REPRESENTATION('',(#4910),#4914);
#4910 = LINE('',#4911,#4912);
#4911 = CARTESIAN_POINT('',(0.101378289067,0.591373352888));
#4912 = VECTOR('',#4913,1.);
#4913 = DIRECTION('',(0.168963815111,0.985622254813));
#4914 = ( GEOMETRIC_REPRESENTATION_CONTEXT(2) 
PARAMETRIC_REPRESENTATION_CONTEXT() REPRESENTATION_CONTEXT('2D SPACE',''
  ) );
#4915 = ORIENTED_EDGE('',*,*,#4916,.T.);
#4916 = EDGE_CURVE('',#4894,#4673,#4917,.T.);
#4917 = SURFACE_CURVE('',#4918,(#4922,#4929),.PCURVE_S1.);
#4918 = LINE('',#4919,#4920);
#4919 = CARTESIAN_POINT('',(5.247032671533,5.959620514879,
    -47.70992435379));
#4920 = VECTOR('',#4921,1.);
#4921 = DIRECTION('',(0.,0.999510048898,-3.129955513418E-02));
#4922 = PCURVE('',#3124,#4923);
#4923 = DEFINITIONAL_REPRESENTATION('',(#4924),#4928);
#4924 = LINE('',#4925,#4926);
#4925 = CARTESIAN_POINT('',(-5.E-02,0.));
#4926 = VECTOR('',#4927,1.);
#4927 = DIRECTION('',(-1.,0.));
#4928 = ( GEOMETRIC_REPRESENTATION_CONTEXT(2) 
PARAMETRIC_REPRESENTATION_CONTEXT() REPRESENTATION_CONTEXT('2D SPACE',''
  ) );
#4929 = PCURVE('',#4179,#4930);
#4930 = DEFINITIONAL_REPRESENTATION('',(#4931),#4935);
#4931 = LINE('',#4932,#4933);
#4932 = CARTESIAN_POINT('',(0.,-1.682368130808));
#4933 = VECTOR('',#4934,1.);
#4934 = DIRECTION('',(-1.,0.));
#4935 = ( GEOMETRIC_REPRESENTATION_CONTEXT(2) 
PARAMETRIC_REPRESENTATION_CONTEXT() REPRESENTATION_CONTEXT('2D SPACE',''
  ) );
#4936 = ORIENTED_EDGE('',*,*,#4695,.T.);
#4937 = ORIENTED_EDGE('',*,*,#3110,.F.);
#4938 = ADVANCED_FACE('',(#4939),#3369,.T.);
#4939 = FACE_BOUND('',#4940,.T.);
#4940 = EDGE_LOOP('',(#4941,#4964,#4993,#5021,#5050,#5078,#5107,#5135,
    #5164,#5192,#5221,#5249,#5273,#5294));
#4941 = ORIENTED_EDGE('',*,*,#4942,.F.);
#4942 = EDGE_CURVE('',#4943,#3351,#4945,.T.);
#4943 = VERTEX_POINT('',#4944);
#4944 = CARTESIAN_POINT('',(1.817930415032,1.464554436013,
    -1.155387796772));
#4945 = SURFACE_CURVE('',#4946,(#4950,#4957),.PCURVE_S1.);
#4946 = LINE('',#4947,#4948);
#4947 = CARTESIAN_POINT('',(1.817930415032,5.71247214383,-1.288410906092
    ));
#4948 = VECTOR('',#4949,1.);
#4949 = DIRECTION('',(0.,0.999510048898,-3.129955513418E-02));
#4950 = PCURVE('',#3369,#4951);
#4951 = DEFINITIONAL_REPRESENTATION('',(#4952),#4956);
#4952 = LINE('',#4953,#4954);
#4953 = CARTESIAN_POINT('',(0.,0.));
#4954 = VECTOR('',#4955,1.);
#4955 = DIRECTION('',(0.,1.));
#4956 = ( GEOMETRIC_REPRESENTATION_CONTEXT(2) 
PARAMETRIC_REPRESENTATION_CONTEXT() REPRESENTATION_CONTEXT('2D SPACE',''
  ) );
#4957 = PCURVE('',#3396,#4958);
#4958 = DEFINITIONAL_REPRESENTATION('',(#4959),#4963);
#4959 = LINE('',#4960,#4961);
#4960 = CARTESIAN_POINT('',(-7.,8.257403885035E-16));
#4961 = VECTOR('',#4962,1.);
#4962 = DIRECTION('',(-1.859562611892E-18,1.));
#4963 = ( GEOMETRIC_REPRESENTATION_CONTEXT(2) 
PARAMETRIC_REPRESENTATION_CONTEXT() REPRESENTATION_CONTEXT('2D SPACE',''
  ) );
#4964 = ORIENTED_EDGE('',*,*,#4965,.T.);
#4965 = EDGE_CURVE('',#4943,#4966,#4968,.T.);
#4966 = VERTEX_POINT('',#4967);
#4967 = CARTESIAN_POINT('',(4.265374950716,0.962410095634,
    -17.19070561695));
#4968 = SURFACE_CURVE('',#4969,(#4974,#4981),.PCURVE_S1.);
#4969 = CIRCLE('',#4970,98.602505946136);
#4970 = AXIS2_PLACEMENT_3D('',#4971,#4972,#4973);
#4971 = CARTESIAN_POINT('',(-94.10250594613,0.749632536674,
    -23.98547657931));
#4972 = DIRECTION('',(4.006155916739E-20,0.999510048898,
    -3.129955513418E-02));
#4973 = DIRECTION('',(0.972799174228,7.250544927632E-03,0.231536598015)
  );
#4974 = PCURVE('',#3369,#4975);
#4975 = DEFINITIONAL_REPRESENTATION('',(#4976),#4980);
#4976 = LINE('',#4977,#4978);
#4977 = CARTESIAN_POINT('',(0.,-4.25));
#4978 = VECTOR('',#4979,1.);
#4979 = DIRECTION('',(1.,0.));
#4980 = ( GEOMETRIC_REPRESENTATION_CONTEXT(2) 
PARAMETRIC_REPRESENTATION_CONTEXT() REPRESENTATION_CONTEXT('2D SPACE',''
  ) );
#4981 = PCURVE('',#4982,#4987);
#4982 = PLANE('',#4983);
#4983 = AXIS2_PLACEMENT_3D('',#4984,#4985,#4986);
#4984 = CARTESIAN_POINT('',(-94.10250594613,0.749632536674,
    -23.98547657931));
#4985 = DIRECTION('',(0.,0.999510048898,-3.129955513418E-02));
#4986 = DIRECTION('',(0.972799174228,7.250544927632E-03,0.231536598015)
  );
#4987 = DEFINITIONAL_REPRESENTATION('',(#4988),#4992);
#4988 = CIRCLE('',#4989,98.602505946136);
#4989 = AXIS2_PLACEMENT_2D('',#4990,#4991);
#4990 = CARTESIAN_POINT('',(0.,0.));
#4991 = DIRECTION('',(1.,3.046038360852E-17));
#4992 = ( GEOMETRIC_REPRESENTATION_CONTEXT(2) 
PARAMETRIC_REPRESENTATION_CONTEXT() REPRESENTATION_CONTEXT('2D SPACE',''
  ) );
#4993 = ORIENTED_EDGE('',*,*,#4994,.T.);
#4994 = EDGE_CURVE('',#4966,#4995,#4997,.T.);
#4995 = VERTEX_POINT('',#4996);
#4996 = CARTESIAN_POINT('',(4.265374950716,3.960940242328,
    -17.28460428235));
#4997 = SURFACE_CURVE('',#4998,(#5002,#5009),.PCURVE_S1.);
#4998 = LINE('',#4999,#5000);
#4999 = CARTESIAN_POINT('',(4.265374950716,2.461675168981,
    -17.23765494965));
#5000 = VECTOR('',#5001,1.);
#5001 = DIRECTION('',(0.,0.999510048898,-3.129955513418E-02));
#5002 = PCURVE('',#3369,#5003);
#5003 = DEFINITIONAL_REPRESENTATION('',(#5004),#5008);
#5004 = LINE('',#5005,#5006);
#5005 = CARTESIAN_POINT('',(0.164774326307,-2.75));
#5006 = VECTOR('',#5007,1.);
#5007 = DIRECTION('',(0.,1.));
#5008 = ( GEOMETRIC_REPRESENTATION_CONTEXT(2) 
PARAMETRIC_REPRESENTATION_CONTEXT() REPRESENTATION_CONTEXT('2D SPACE',''
  ) );
#5009 = PCURVE('',#5010,#5015);
#5010 = PLANE('',#5011);
#5011 = AXIS2_PLACEMENT_3D('',#5012,#5013,#5014);
#5012 = CARTESIAN_POINT('',(11.248718423286,2.476780696963,
    -16.75527981851));
#5013 = DIRECTION('',(-6.894451245988E-02,3.122507772008E-02,
    0.99713171082));
#5014 = DIRECTION('',(0.997620496081,2.157932568937E-03,
    6.891073302004E-02));
#5015 = DEFINITIONAL_REPRESENTATION('',(#5016),#5020);
#5016 = LINE('',#5017,#5018);
#5017 = CARTESIAN_POINT('',(-7.,0.));
#5018 = VECTOR('',#5019,1.);
#5019 = DIRECTION('',(0.,1.));
#5020 = ( GEOMETRIC_REPRESENTATION_CONTEXT(2) 
PARAMETRIC_REPRESENTATION_CONTEXT() REPRESENTATION_CONTEXT('2D SPACE',''
  ) );
#5021 = ORIENTED_EDGE('',*,*,#5022,.T.);
#5022 = EDGE_CURVE('',#4995,#5023,#5025,.T.);
#5023 = VERTEX_POINT('',#5024);
#5024 = CARTESIAN_POINT('',(4.318043536285,3.935567364022,
    -18.09485371649));
#5025 = SURFACE_CURVE('',#5026,(#5031,#5038),.PCURVE_S1.);
#5026 = CIRCLE('',#5027,98.602505946136);
#5027 = AXIS2_PLACEMENT_3D('',#5028,#5029,#5030);
#5028 = CARTESIAN_POINT('',(-94.10250594613,3.748162683368,
    -24.07937524471));
#5029 = DIRECTION('',(-2.975947746177E-21,0.999510048898,
    -3.129955513418E-02));
#5030 = DIRECTION('',(0.997620496081,2.157932568937E-03,
    6.891073302004E-02));
#5031 = PCURVE('',#3369,#5032);
#5032 = DEFINITIONAL_REPRESENTATION('',(#5033),#5037);
#5033 = LINE('',#5034,#5035);
#5034 = CARTESIAN_POINT('',(0.164774326307,-1.25));
#5035 = VECTOR('',#5036,1.);
#5036 = DIRECTION('',(1.,0.));
#5037 = ( GEOMETRIC_REPRESENTATION_CONTEXT(2) 
PARAMETRIC_REPRESENTATION_CONTEXT() REPRESENTATION_CONTEXT('2D SPACE',''
  ) );
#5038 = PCURVE('',#5039,#5044);
#5039 = PLANE('',#5040);
#5040 = AXIS2_PLACEMENT_3D('',#5041,#5042,#5043);
#5041 = CARTESIAN_POINT('',(-94.10250594613,3.748162683368,
    -24.07937524471));
#5042 = DIRECTION('',(0.,0.999510048898,-3.129955513418E-02));
#5043 = DIRECTION('',(0.997620496081,2.157932568937E-03,
    6.891073302004E-02));
#5044 = DEFINITIONAL_REPRESENTATION('',(#5045),#5049);
#5045 = CIRCLE('',#5046,98.602505946136);
#5046 = AXIS2_PLACEMENT_2D('',#5047,#5048);
#5047 = CARTESIAN_POINT('',(0.,0.));
#5048 = DIRECTION('',(1.,3.603066316328E-17));
#5049 = ( GEOMETRIC_REPRESENTATION_CONTEXT(2) 
PARAMETRIC_REPRESENTATION_CONTEXT() REPRESENTATION_CONTEXT('2D SPACE',''
  ) );
#5050 = ORIENTED_EDGE('',*,*,#5051,.F.);
#5051 = EDGE_CURVE('',#5052,#5023,#5054,.T.);
#5052 = VERTEX_POINT('',#5053);
#5053 = CARTESIAN_POINT('',(4.318043536285,3.735665354242,
    -18.08859380547));
#5054 = SURFACE_CURVE('',#5055,(#5059,#5066),.PCURVE_S1.);
#5055 = LINE('',#5056,#5057);
#5056 = CARTESIAN_POINT('',(4.318043536285,2.436302290675,
    -18.04790438379));
#5057 = VECTOR('',#5058,1.);
#5058 = DIRECTION('',(0.,0.999510048898,-3.129955513418E-02));
#5059 = PCURVE('',#3369,#5060);
#5060 = DEFINITIONAL_REPRESENTATION('',(#5061),#5065);
#5061 = LINE('',#5062,#5063);
#5062 = CARTESIAN_POINT('',(0.173013042622,-2.75));
#5063 = VECTOR('',#5064,1.);
#5064 = DIRECTION('',(0.,1.));
#5065 = ( GEOMETRIC_REPRESENTATION_CONTEXT(2) 
PARAMETRIC_REPRESENTATION_CONTEXT() REPRESENTATION_CONTEXT('2D SPACE',''
  ) );
#5066 = PCURVE('',#5067,#5072);
#5067 = PLANE('',#5068);
#5068 = AXIS2_PLACEMENT_3D('',#5069,#5070,#5071);
#5069 = CARTESIAN_POINT('',(11.305126062903,2.449606544476,
    -17.62305057003));
#5070 = DIRECTION('',(-6.072315334164E-02,3.124179639556E-02,
    0.997665599691));
#5071 = DIRECTION('',(0.99815464666,1.900607685938E-03,
    6.069340196575E-02));
#5072 = DEFINITIONAL_REPRESENTATION('',(#5073),#5077);
#5073 = LINE('',#5074,#5075);
#5074 = CARTESIAN_POINT('',(-7.,0.));
#5075 = VECTOR('',#5076,1.);
#5076 = DIRECTION('',(0.,1.));
#5077 = ( GEOMETRIC_REPRESENTATION_CONTEXT(2) 
PARAMETRIC_REPRESENTATION_CONTEXT() REPRESENTATION_CONTEXT('2D SPACE',''
  ) );
#5078 = ORIENTED_EDGE('',*,*,#5079,.T.);
#5079 = EDGE_CURVE('',#5052,#5080,#5082,.T.);
#5080 = VERTEX_POINT('',#5081);
#5081 = CARTESIAN_POINT('',(4.398788905227,3.688058276803,
    -19.60886309028));
#5082 = SURFACE_CURVE('',#5083,(#5088,#5095),.PCURVE_S1.);
#5083 = CIRCLE('',#5084,98.602505946136);
#5084 = AXIS2_PLACEMENT_3D('',#5085,#5086,#5087);
#5085 = CARTESIAN_POINT('',(-94.10250594613,3.548260673588,
    -24.07311533368));
#5086 = DIRECTION('',(-9.08849378128E-21,0.999510048898,
    -3.129955513418E-02));
#5087 = DIRECTION('',(0.99815464666,1.900607685938E-03,
    6.069340196575E-02));
#5088 = PCURVE('',#3369,#5089);
#5089 = DEFINITIONAL_REPRESENTATION('',(#5090),#5094);
#5090 = LINE('',#5091,#5092);
#5091 = CARTESIAN_POINT('',(0.173013042622,-1.45));
#5092 = VECTOR('',#5093,1.);
#5093 = DIRECTION('',(1.,0.));
#5094 = ( GEOMETRIC_REPRESENTATION_CONTEXT(2) 
PARAMETRIC_REPRESENTATION_CONTEXT() REPRESENTATION_CONTEXT('2D SPACE',''
  ) );
#5095 = PCURVE('',#5096,#5101);
#5096 = PLANE('',#5097);
#5097 = AXIS2_PLACEMENT_3D('',#5098,#5099,#5100);
#5098 = CARTESIAN_POINT('',(-94.10250594613,3.548260673588,
    -24.07311533368));
#5099 = DIRECTION('',(0.,0.999510048898,-3.129955513418E-02));
#5100 = DIRECTION('',(0.99815464666,1.900607685938E-03,
    6.069340196575E-02));
#5101 = DEFINITIONAL_REPRESENTATION('',(#5102),#5106);
#5102 = CIRCLE('',#5103,98.602505946136);
#5103 = AXIS2_PLACEMENT_2D('',#5104,#5105);
#5104 = CARTESIAN_POINT('',(0.,0.));
#5105 = DIRECTION('',(1.,-0.));
#5106 = ( GEOMETRIC_REPRESENTATION_CONTEXT(2) 
PARAMETRIC_REPRESENTATION_CONTEXT() REPRESENTATION_CONTEXT('2D SPACE',''
  ) );
#5107 = ORIENTED_EDGE('',*,*,#5108,.F.);
#5108 = EDGE_CURVE('',#5109,#5080,#5111,.T.);
#5109 = VERTEX_POINT('',#5110);
#5110 = CARTESIAN_POINT('',(4.398788905227,0.889430139889,
    -19.52122433591));
#5111 = SURFACE_CURVE('',#5112,(#5116,#5123),.PCURVE_S1.);
#5112 = LINE('',#5113,#5114);
#5113 = CARTESIAN_POINT('',(4.398788905227,2.288744208346,
    -19.56504371309));
#5114 = VECTOR('',#5115,1.);
#5115 = DIRECTION('',(0.,0.999510048898,-3.129955513418E-02));
#5116 = PCURVE('',#3369,#5117);
#5117 = DEFINITIONAL_REPRESENTATION('',(#5118),#5122);
#5118 = LINE('',#5119,#5120);
#5119 = CARTESIAN_POINT('',(0.188460635714,-2.85));
#5120 = VECTOR('',#5121,1.);
#5121 = DIRECTION('',(0.,1.));
#5122 = ( GEOMETRIC_REPRESENTATION_CONTEXT(2) 
PARAMETRIC_REPRESENTATION_CONTEXT() REPRESENTATION_CONTEXT('2D SPACE',''
  ) );
#5123 = PCURVE('',#5124,#5129);
#5124 = PLANE('',#5125);
#5125 = AXIS2_PLACEMENT_3D('',#5126,#5127,#5128);
#5126 = CARTESIAN_POINT('',(5.148019063524,2.289807550514,
    -19.53108728217));
#5127 = DIRECTION('',(-4.529743476627E-02,3.126742753041E-02,
    0.998484096207));
#5128 = DIRECTION('',(0.998973544396,1.417789556904E-03,
    4.527524123819E-02));
#5129 = DEFINITIONAL_REPRESENTATION('',(#5130),#5134);
#5130 = LINE('',#5131,#5132);
#5131 = CARTESIAN_POINT('',(-0.75,0.));
#5132 = VECTOR('',#5133,1.);
#5133 = DIRECTION('',(0.,1.));
#5134 = ( GEOMETRIC_REPRESENTATION_CONTEXT(2) 
PARAMETRIC_REPRESENTATION_CONTEXT() REPRESENTATION_CONTEXT('2D SPACE',''
  ) );
#5135 = ORIENTED_EDGE('',*,*,#5136,.T.);
#5136 = EDGE_CURVE('',#5109,#5137,#5139,.T.);
#5137 = VERTEX_POINT('',#5138);
#5138 = CARTESIAN_POINT('',(3.722777490028,0.36289857278,-36.33531610592
    ));
#5139 = SURFACE_CURVE('',#5140,(#5145,#5152),.PCURVE_S1.);
#5140 = CIRCLE('',#5141,98.602505946136);
#5141 = AXIS2_PLACEMENT_3D('',#5142,#5143,#5144);
#5142 = CARTESIAN_POINT('',(-94.10250594613,0.749632536674,
    -23.98547657931));
#5143 = DIRECTION('',(4.006155916739E-20,0.999510048898,
    -3.129955513418E-02));
#5144 = DIRECTION('',(0.972799174228,7.250544927632E-03,0.231536598015)
  );
#5145 = PCURVE('',#3369,#5146);
#5146 = DEFINITIONAL_REPRESENTATION('',(#5147),#5151);
#5147 = LINE('',#5148,#5149);
#5148 = CARTESIAN_POINT('',(0.,-4.25));
#5149 = VECTOR('',#5150,1.);
#5150 = DIRECTION('',(1.,0.));
#5151 = ( GEOMETRIC_REPRESENTATION_CONTEXT(2) 
PARAMETRIC_REPRESENTATION_CONTEXT() REPRESENTATION_CONTEXT('2D SPACE',''
  ) );
#5152 = PCURVE('',#5153,#5158);
#5153 = PLANE('',#5154);
#5154 = AXIS2_PLACEMENT_3D('',#5155,#5156,#5157);
#5155 = CARTESIAN_POINT('',(-94.10250594613,0.749632536674,
    -23.98547657931));
#5156 = DIRECTION('',(0.,0.999510048898,-3.129955513418E-02));
#5157 = DIRECTION('',(0.972799174228,7.250544927632E-03,0.231536598015)
  );
#5158 = DEFINITIONAL_REPRESENTATION('',(#5159),#5163);
#5159 = CIRCLE('',#5160,98.602505946136);
#5160 = AXIS2_PLACEMENT_2D('',#5161,#5162);
#5161 = CARTESIAN_POINT('',(0.,0.));
#5162 = DIRECTION('',(1.,2.702299737246E-17));
#5163 = ( GEOMETRIC_REPRESENTATION_CONTEXT(2) 
PARAMETRIC_REPRESENTATION_CONTEXT() REPRESENTATION_CONTEXT('2D SPACE',''
  ) );
#5164 = ORIENTED_EDGE('',*,*,#5165,.T.);
#5165 = EDGE_CURVE('',#5137,#5166,#5168,.T.);
#5166 = VERTEX_POINT('',#5167);
#5167 = CARTESIAN_POINT('',(3.722777490028,3.161526709695,-36.4229548603
    ));
#5168 = SURFACE_CURVE('',#5169,(#5173,#5180),.PCURVE_S1.);
#5169 = LINE('',#5170,#5171);
#5170 = CARTESIAN_POINT('',(3.722777490028,1.762212641238,
    -36.37913548311));
#5171 = VECTOR('',#5172,1.);
#5172 = DIRECTION('',(0.,0.999510048898,-3.129955513418E-02));
#5173 = PCURVE('',#3369,#5174);
#5174 = DEFINITIONAL_REPRESENTATION('',(#5175),#5179);
#5175 = LINE('',#5176,#5177);
#5176 = CARTESIAN_POINT('',(0.359413999257,-2.85));
#5177 = VECTOR('',#5178,1.);
#5178 = DIRECTION('',(0.,1.));
#5179 = ( GEOMETRIC_REPRESENTATION_CONTEXT(2) 
PARAMETRIC_REPRESENTATION_CONTEXT() REPRESENTATION_CONTEXT('2D SPACE',''
  ) );
#5180 = PCURVE('',#5181,#5186);
#5181 = PLANE('',#5182);
#5182 = AXIS2_PLACEMENT_3D('',#5183,#5184,#5185);
#5183 = CARTESIAN_POINT('',(4.46686570435,1.759271027634,-36.47307203732
    ));
#5184 = DIRECTION('',(0.125310134784,3.105284011848E-02,0.991631529975)
  );
#5185 = DIRECTION('',(0.992117619096,-3.922151472544E-03,-0.125248738945
    ));
#5186 = DEFINITIONAL_REPRESENTATION('',(#5187),#5191);
#5187 = LINE('',#5188,#5189);
#5188 = CARTESIAN_POINT('',(-0.75,0.));
#5189 = VECTOR('',#5190,1.);
#5190 = DIRECTION('',(0.,1.));
#5191 = ( GEOMETRIC_REPRESENTATION_CONTEXT(2) 
PARAMETRIC_REPRESENTATION_CONTEXT() REPRESENTATION_CONTEXT('2D SPACE',''
  ) );
#5192 = ORIENTED_EDGE('',*,*,#5193,.T.);
#5193 = EDGE_CURVE('',#5166,#5194,#5196,.T.);
#5194 = VERTEX_POINT('',#5195);
#5195 = CARTESIAN_POINT('',(3.520244568677,3.114275935059,
    -37.93184608462));
#5196 = SURFACE_CURVE('',#5197,(#5202,#5209),.PCURVE_S1.);
#5197 = CIRCLE('',#5198,98.602505946136);
#5198 = AXIS2_PLACEMENT_3D('',#5199,#5200,#5201);
#5199 = CARTESIAN_POINT('',(-94.10250594613,3.548260673588,
    -24.07311533368));
#5200 = DIRECTION('',(-1.475341033816E-19,0.999510048898,
    -3.129955513418E-02));
#5201 = DIRECTION('',(0.992117619096,-3.922151472544E-03,-0.125248738945
    ));
#5202 = PCURVE('',#3369,#5203);
#5203 = DEFINITIONAL_REPRESENTATION('',(#5204),#5208);
#5204 = LINE('',#5205,#5206);
#5205 = CARTESIAN_POINT('',(0.359413999257,-1.45));
#5206 = VECTOR('',#5207,1.);
#5207 = DIRECTION('',(1.,0.));
#5208 = ( GEOMETRIC_REPRESENTATION_CONTEXT(2) 
PARAMETRIC_REPRESENTATION_CONTEXT() REPRESENTATION_CONTEXT('2D SPACE',''
  ) );
#5209 = PCURVE('',#5210,#5215);
#5210 = PLANE('',#5211);
#5211 = AXIS2_PLACEMENT_3D('',#5212,#5213,#5214);
#5212 = CARTESIAN_POINT('',(-94.10250594613,3.548260673588,
    -24.07311533368));
#5213 = DIRECTION('',(0.,0.999510048898,-3.129955513418E-02));
#5214 = DIRECTION('',(0.992117619096,-3.922151472544E-03,-0.125248738945
    ));
#5215 = DEFINITIONAL_REPRESENTATION('',(#5216),#5220);
#5216 = CIRCLE('',#5217,98.602505946136);
#5217 = AXIS2_PLACEMENT_2D('',#5218,#5219);
#5218 = CARTESIAN_POINT('',(0.,0.));
#5219 = DIRECTION('',(1.,-0.));
#5220 = ( GEOMETRIC_REPRESENTATION_CONTEXT(2) 
PARAMETRIC_REPRESENTATION_CONTEXT() REPRESENTATION_CONTEXT('2D SPACE',''
  ) );
#5221 = ORIENTED_EDGE('',*,*,#5222,.F.);
#5222 = EDGE_CURVE('',#5223,#5194,#5225,.T.);
#5223 = VERTEX_POINT('',#5224);
#5224 = CARTESIAN_POINT('',(3.520244568677,0.315647798144,
    -37.84420733025));
#5225 = SURFACE_CURVE('',#5226,(#5230,#5237),.PCURVE_S1.);
#5226 = LINE('',#5227,#5228);
#5227 = CARTESIAN_POINT('',(3.520244568677,1.714961866602,
    -37.88802670744));
#5228 = VECTOR('',#5229,1.);
#5229 = DIRECTION('',(0.,0.999510048898,-3.129955513418E-02));
#5230 = PCURVE('',#3369,#5231);
#5231 = DEFINITIONAL_REPRESENTATION('',(#5232),#5236);
#5232 = LINE('',#5233,#5234);
#5233 = CARTESIAN_POINT('',(0.374861592349,-2.85));
#5234 = VECTOR('',#5235,1.);
#5235 = DIRECTION('',(0.,1.));
#5236 = ( GEOMETRIC_REPRESENTATION_CONTEXT(2) 
PARAMETRIC_REPRESENTATION_CONTEXT() REPRESENTATION_CONTEXT('2D SPACE',''
  ) );
#5237 = PCURVE('',#5238,#5243);
#5238 = PLANE('',#5239);
#5239 = AXIS2_PLACEMENT_3D('',#5240,#5241,#5242);
#5240 = CARTESIAN_POINT('',(4.262792257335,1.711660849545,
    -37.99344033728));
#5241 = DIRECTION('',(0.140620403576,3.098854976117E-02,0.989578502132)
  );
#5242 = DIRECTION('',(0.990063584876,-4.401356074729E-03,-0.140551506455
    ));
#5243 = DEFINITIONAL_REPRESENTATION('',(#5244),#5248);
#5244 = LINE('',#5245,#5246);
#5245 = CARTESIAN_POINT('',(-0.75,0.));
#5246 = VECTOR('',#5247,1.);
#5247 = DIRECTION('',(0.,1.));
#5248 = ( GEOMETRIC_REPRESENTATION_CONTEXT(2) 
PARAMETRIC_REPRESENTATION_CONTEXT() REPRESENTATION_CONTEXT('2D SPACE',''
  ) );
#5249 = ORIENTED_EDGE('',*,*,#5250,.T.);
#5250 = EDGE_CURVE('',#5223,#5251,#5253,.T.);
#5251 = VERTEX_POINT('',#5252);
#5252 = CARTESIAN_POINT('',(3.476940931399,0.306209709899,
    -38.14560024151));
#5253 = SURFACE_CURVE('',#5254,(#5259,#5266),.PCURVE_S1.);
#5254 = CIRCLE('',#5255,98.602505946136);
#5255 = AXIS2_PLACEMENT_3D('',#5256,#5257,#5258);
#5256 = CARTESIAN_POINT('',(-94.10250594613,0.749632536674,
    -23.98547657931));
#5257 = DIRECTION('',(4.006155916739E-20,0.999510048898,
    -3.129955513418E-02));
#5258 = DIRECTION('',(0.972799174228,7.250544927632E-03,0.231536598015)
  );
#5259 = PCURVE('',#3369,#5260);
#5260 = DEFINITIONAL_REPRESENTATION('',(#5261),#5265);
#5261 = LINE('',#5262,#5263);
#5262 = CARTESIAN_POINT('',(0.,-4.25));
#5263 = VECTOR('',#5264,1.);
#5264 = DIRECTION('',(1.,0.));
#5265 = ( GEOMETRIC_REPRESENTATION_CONTEXT(2) 
PARAMETRIC_REPRESENTATION_CONTEXT() REPRESENTATION_CONTEXT('2D SPACE',''
  ) );
#5266 = PCURVE('',#5153,#5267);
#5267 = DEFINITIONAL_REPRESENTATION('',(#5268),#5272);
#5268 = CIRCLE('',#5269,98.602505946136);
#5269 = AXIS2_PLACEMENT_2D('',#5270,#5271);
#5270 = CARTESIAN_POINT('',(0.,0.));
#5271 = DIRECTION('',(1.,2.702299737246E-17));
#5272 = ( GEOMETRIC_REPRESENTATION_CONTEXT(2) 
PARAMETRIC_REPRESENTATION_CONTEXT() REPRESENTATION_CONTEXT('2D SPACE',''
  ) );
#5273 = ORIENTED_EDGE('',*,*,#5274,.T.);
#5274 = EDGE_CURVE('',#5251,#3353,#5275,.T.);
#5275 = SURFACE_CURVE('',#5276,(#5280,#5287),.PCURVE_S1.);
#5276 = LINE('',#5277,#5278);
#5277 = CARTESIAN_POINT('',(3.476940931399,4.554127417716,
    -38.27862335083));
#5278 = VECTOR('',#5279,1.);
#5279 = DIRECTION('',(0.,0.999510048898,-3.129955513418E-02));
#5280 = PCURVE('',#3369,#5281);
#5281 = DEFINITIONAL_REPRESENTATION('',(#5282),#5286);
#5282 = LINE('',#5283,#5284);
#5283 = CARTESIAN_POINT('',(0.377951110967,0.));
#5284 = VECTOR('',#5285,1.);
#5285 = DIRECTION('',(0.,1.));
#5286 = ( GEOMETRIC_REPRESENTATION_CONTEXT(2) 
PARAMETRIC_REPRESENTATION_CONTEXT() REPRESENTATION_CONTEXT('2D SPACE',''
  ) );
#5287 = PCURVE('',#3450,#5288);
#5288 = DEFINITIONAL_REPRESENTATION('',(#5289),#5293);
#5289 = LINE('',#5290,#5291);
#5290 = CARTESIAN_POINT('',(-7.,0.));
#5291 = VECTOR('',#5292,1.);
#5292 = DIRECTION('',(0.,1.));
#5293 = ( GEOMETRIC_REPRESENTATION_CONTEXT(2) 
PARAMETRIC_REPRESENTATION_CONTEXT() REPRESENTATION_CONTEXT('2D SPACE',''
  ) );
#5294 = ORIENTED_EDGE('',*,*,#3350,.F.);
#5295 = ADVANCED_FACE('',(#5296),#3396,.F.);
#5296 = FACE_BOUND('',#5297,.F.);
#5297 = EDGE_LOOP('',(#5298,#5299,#5322,#5343));
#5298 = ORIENTED_EDGE('',*,*,#4942,.F.);
#5299 = ORIENTED_EDGE('',*,*,#5300,.F.);
#5300 = EDGE_CURVE('',#5301,#4943,#5303,.T.);
#5301 = VERTEX_POINT('',#5302);
#5302 = CARTESIAN_POINT('',(15.437118854218,1.566062065,2.086124575441)
  );
#5303 = SURFACE_CURVE('',#5304,(#5308,#5315),.PCURVE_S1.);
#5304 = LINE('',#5305,#5306);
#5305 = CARTESIAN_POINT('',(15.437118854218,1.566062065,2.086124575441)
  );
#5306 = VECTOR('',#5307,1.);
#5307 = DIRECTION('',(-0.972799174228,-7.250544927632E-03,
    -0.231536598015));
#5308 = PCURVE('',#3396,#5309);
#5309 = DEFINITIONAL_REPRESENTATION('',(#5310),#5314);
#5310 = LINE('',#5311,#5312);
#5311 = CARTESIAN_POINT('',(7.,-4.25));
#5312 = VECTOR('',#5313,1.);
#5313 = DIRECTION('',(-1.,-8.547402812695E-18));
#5314 = ( GEOMETRIC_REPRESENTATION_CONTEXT(2) 
PARAMETRIC_REPRESENTATION_CONTEXT() REPRESENTATION_CONTEXT('2D SPACE',''
  ) );
#5315 = PCURVE('',#4982,#5316);
#5316 = DEFINITIONAL_REPRESENTATION('',(#5317),#5321);
#5317 = LINE('',#5318,#5319);
#5318 = CARTESIAN_POINT('',(112.60250594613,9.203720913297E-15));
#5319 = VECTOR('',#5320,1.);
#5320 = DIRECTION('',(-1.,-3.122858715928E-17));
#5321 = ( GEOMETRIC_REPRESENTATION_CONTEXT(2) 
PARAMETRIC_REPRESENTATION_CONTEXT() REPRESENTATION_CONTEXT('2D SPACE',''
  ) );
#5322 = ORIENTED_EDGE('',*,*,#5323,.T.);
#5323 = EDGE_CURVE('',#5301,#3382,#5324,.T.);
#5324 = SURFACE_CURVE('',#5325,(#5329,#5336),.PCURVE_S1.);
#5325 = LINE('',#5326,#5327);
#5326 = CARTESIAN_POINT('',(15.437118854218,5.813979772817,
    1.953101466121));
#5327 = VECTOR('',#5328,1.);
#5328 = DIRECTION('',(0.,0.999510048898,-3.129955513418E-02));
#5329 = PCURVE('',#3396,#5330);
#5330 = DEFINITIONAL_REPRESENTATION('',(#5331),#5335);
#5331 = LINE('',#5332,#5333);
#5332 = CARTESIAN_POINT('',(7.,6.938792855075E-17));
#5333 = VECTOR('',#5334,1.);
#5334 = DIRECTION('',(-1.859562611892E-18,1.));
#5335 = ( GEOMETRIC_REPRESENTATION_CONTEXT(2) 
PARAMETRIC_REPRESENTATION_CONTEXT() REPRESENTATION_CONTEXT('2D SPACE',''
  ) );
#5336 = PCURVE('',#3425,#5337);
#5337 = DEFINITIONAL_REPRESENTATION('',(#5338),#5342);
#5338 = LINE('',#5339,#5340);
#5339 = CARTESIAN_POINT('',(0.,0.));
#5340 = VECTOR('',#5341,1.);
#5341 = DIRECTION('',(0.,1.));
#5342 = ( GEOMETRIC_REPRESENTATION_CONTEXT(2) 
PARAMETRIC_REPRESENTATION_CONTEXT() REPRESENTATION_CONTEXT('2D SPACE',''
  ) );
#5343 = ORIENTED_EDGE('',*,*,#3381,.T.);
#5344 = ADVANCED_FACE('',(#5345),#3450,.T.);
#5345 = FACE_BOUND('',#5346,.T.);
#5346 = EDGE_LOOP('',(#5347,#5348,#5371,#5392));
#5347 = ORIENTED_EDGE('',*,*,#5274,.F.);
#5348 = ORIENTED_EDGE('',*,*,#5349,.T.);
#5349 = EDGE_CURVE('',#5251,#5350,#5352,.T.);
#5350 = VERTEX_POINT('',#5351);
#5351 = CARTESIAN_POINT('',(17.331682686459,0.243250665245,
    -40.15611436961));
#5352 = SURFACE_CURVE('',#5353,(#5357,#5364),.PCURVE_S1.);
#5353 = LINE('',#5354,#5355);
#5354 = CARTESIAN_POINT('',(10.404311808929,0.274730187572,
    -39.15085730556));
#5355 = VECTOR('',#5356,1.);
#5356 = DIRECTION('',(0.989624411076,-4.49707461813E-03,-0.143608152007)
  );
#5357 = PCURVE('',#3450,#5358);
#5358 = DEFINITIONAL_REPRESENTATION('',(#5359),#5363);
#5359 = LINE('',#5360,#5361);
#5360 = CARTESIAN_POINT('',(0.,-4.25));
#5361 = VECTOR('',#5362,1.);
#5362 = DIRECTION('',(1.,0.));
#5363 = ( GEOMETRIC_REPRESENTATION_CONTEXT(2) 
PARAMETRIC_REPRESENTATION_CONTEXT() REPRESENTATION_CONTEXT('2D SPACE',''
  ) );
#5364 = PCURVE('',#5153,#5365);
#5365 = DEFINITIONAL_REPRESENTATION('',(#5366),#5370);
#5366 = LINE('',#5367,#5368);
#5367 = CARTESIAN_POINT('',(98.149362051496,38.969115861001));
#5368 = VECTOR('',#5369,1.);
#5369 = DIRECTION('',(0.929422660685,0.369016961405));
#5370 = ( GEOMETRIC_REPRESENTATION_CONTEXT(2) 
PARAMETRIC_REPRESENTATION_CONTEXT() REPRESENTATION_CONTEXT('2D SPACE',''
  ) );
#5371 = ORIENTED_EDGE('',*,*,#5372,.T.);
#5372 = EDGE_CURVE('',#5350,#3409,#5373,.T.);
#5373 = SURFACE_CURVE('',#5374,(#5378,#5385),.PCURVE_S1.);
#5374 = LINE('',#5375,#5376);
#5375 = CARTESIAN_POINT('',(17.331682686459,4.491168373063,
    -40.28913747893));
#5376 = VECTOR('',#5377,1.);
#5377 = DIRECTION('',(0.,0.999510048898,-3.129955513418E-02));
#5378 = PCURVE('',#3450,#5379);
#5379 = DEFINITIONAL_REPRESENTATION('',(#5380),#5384);
#5380 = LINE('',#5381,#5382);
#5381 = CARTESIAN_POINT('',(7.,0.));
#5382 = VECTOR('',#5383,1.);
#5383 = DIRECTION('',(0.,1.));
#5384 = ( GEOMETRIC_REPRESENTATION_CONTEXT(2) 
PARAMETRIC_REPRESENTATION_CONTEXT() REPRESENTATION_CONTEXT('2D SPACE',''
  ) );
#5385 = PCURVE('',#3425,#5386);
#5386 = DEFINITIONAL_REPRESENTATION('',(#5387),#5391);
#5387 = LINE('',#5388,#5389);
#5388 = CARTESIAN_POINT('',(0.377951110967,0.));
#5389 = VECTOR('',#5390,1.);
#5390 = DIRECTION('',(0.,1.));
#5391 = ( GEOMETRIC_REPRESENTATION_CONTEXT(2) 
PARAMETRIC_REPRESENTATION_CONTEXT() REPRESENTATION_CONTEXT('2D SPACE',''
  ) );
#5392 = ORIENTED_EDGE('',*,*,#3437,.T.);
#5393 = ADVANCED_FACE('',(#5394),#3425,.F.);
#5394 = FACE_BOUND('',#5395,.F.);
#5395 = EDGE_LOOP('',(#5396,#5397,#5421,#5444,#5468,#5491,#5520,#5548,
    #5572,#5600,#5629,#5657,#5679,#5680));
#5396 = ORIENTED_EDGE('',*,*,#5323,.F.);
#5397 = ORIENTED_EDGE('',*,*,#5398,.T.);
#5398 = EDGE_CURVE('',#5301,#5399,#5401,.T.);
#5399 = VERTEX_POINT('',#5400);
#5400 = CARTESIAN_POINT('',(18.232061895855,0.992621151599,
    -16.22595535467));
#5401 = SURFACE_CURVE('',#5402,(#5407,#5414),.PCURVE_S1.);
#5402 = CIRCLE('',#5403,112.60250594613);
#5403 = AXIS2_PLACEMENT_3D('',#5404,#5405,#5406);
#5404 = CARTESIAN_POINT('',(-94.10250594613,0.749632536674,
    -23.98547657931));
#5405 = DIRECTION('',(-7.951162755377E-21,0.999510048898,
    -3.129955513418E-02));
#5406 = DIRECTION('',(0.972799174228,7.250544927632E-03,0.231536598015)
  );
#5407 = PCURVE('',#3425,#5408);
#5408 = DEFINITIONAL_REPRESENTATION('',(#5409),#5413);
#5409 = LINE('',#5410,#5411);
#5410 = CARTESIAN_POINT('',(0.,-4.25));
#5411 = VECTOR('',#5412,1.);
#5412 = DIRECTION('',(1.,0.));
#5413 = ( GEOMETRIC_REPRESENTATION_CONTEXT(2) 
PARAMETRIC_REPRESENTATION_CONTEXT() REPRESENTATION_CONTEXT('2D SPACE',''
  ) );
#5414 = PCURVE('',#4982,#5415);
#5415 = DEFINITIONAL_REPRESENTATION('',(#5416),#5420);
#5416 = CIRCLE('',#5417,112.60250594613);
#5417 = AXIS2_PLACEMENT_2D('',#5418,#5419);
#5418 = CARTESIAN_POINT('',(0.,0.));
#5419 = DIRECTION('',(1.,8.597153483977E-17));
#5420 = ( GEOMETRIC_REPRESENTATION_CONTEXT(2) 
PARAMETRIC_REPRESENTATION_CONTEXT() REPRESENTATION_CONTEXT('2D SPACE',''
  ) );
#5421 = ORIENTED_EDGE('',*,*,#5422,.T.);
#5422 = EDGE_CURVE('',#5399,#5423,#5425,.T.);
#5423 = VERTEX_POINT('',#5424);
#5424 = CARTESIAN_POINT('',(18.232061895855,3.991151298293,
    -16.31985402007));
#5425 = SURFACE_CURVE('',#5426,(#5430,#5437),.PCURVE_S1.);
#5426 = LINE('',#5427,#5428);
#5427 = CARTESIAN_POINT('',(18.232061895855,2.491886224946,
    -16.27290468737));
#5428 = VECTOR('',#5429,1.);
#5429 = DIRECTION('',(0.,0.999510048898,-3.129955513418E-02));
#5430 = PCURVE('',#3425,#5431);
#5431 = DEFINITIONAL_REPRESENTATION('',(#5432),#5436);
#5432 = LINE('',#5433,#5434);
#5433 = CARTESIAN_POINT('',(0.164774326307,-2.75));
#5434 = VECTOR('',#5435,1.);
#5435 = DIRECTION('',(0.,1.));
#5436 = ( GEOMETRIC_REPRESENTATION_CONTEXT(2) 
PARAMETRIC_REPRESENTATION_CONTEXT() REPRESENTATION_CONTEXT('2D SPACE',''
  ) );
#5437 = PCURVE('',#5010,#5438);
#5438 = DEFINITIONAL_REPRESENTATION('',(#5439),#5443);
#5439 = LINE('',#5440,#5441);
#5440 = CARTESIAN_POINT('',(7.,0.));
#5441 = VECTOR('',#5442,1.);
#5442 = DIRECTION('',(0.,1.));
#5443 = ( GEOMETRIC_REPRESENTATION_CONTEXT(2) 
PARAMETRIC_REPRESENTATION_CONTEXT() REPRESENTATION_CONTEXT('2D SPACE',''
  ) );
#5444 = ORIENTED_EDGE('',*,*,#5445,.T.);
#5445 = EDGE_CURVE('',#5423,#5446,#5448,.T.);
#5446 = VERTEX_POINT('',#5447);
#5447 = CARTESIAN_POINT('',(18.29220858952,3.962175871625,
    -17.24514608897));
#5448 = SURFACE_CURVE('',#5449,(#5454,#5461),.PCURVE_S1.);
#5449 = CIRCLE('',#5450,112.60250594613);
#5450 = AXIS2_PLACEMENT_3D('',#5451,#5452,#5453);
#5451 = CARTESIAN_POINT('',(-94.10250594613,3.748162683368,
    -24.07937524471));
#5452 = DIRECTION('',(-4.219869890238E-21,0.999510048898,
    -3.129955513418E-02));
#5453 = DIRECTION('',(0.997620496081,2.157932568937E-03,
    6.891073302004E-02));
#5454 = PCURVE('',#3425,#5455);
#5455 = DEFINITIONAL_REPRESENTATION('',(#5456),#5460);
#5456 = LINE('',#5457,#5458);
#5457 = CARTESIAN_POINT('',(0.164774326307,-1.25));
#5458 = VECTOR('',#5459,1.);
#5459 = DIRECTION('',(1.,0.));
#5460 = ( GEOMETRIC_REPRESENTATION_CONTEXT(2) 
PARAMETRIC_REPRESENTATION_CONTEXT() REPRESENTATION_CONTEXT('2D SPACE',''
  ) );
#5461 = PCURVE('',#5039,#5462);
#5462 = DEFINITIONAL_REPRESENTATION('',(#5463),#5467);
#5463 = CIRCLE('',#5464,112.60250594613);
#5464 = AXIS2_PLACEMENT_2D('',#5465,#5466);
#5465 = CARTESIAN_POINT('',(0.,0.));
#5466 = DIRECTION('',(1.,3.155092907524E-17));
#5467 = ( GEOMETRIC_REPRESENTATION_CONTEXT(2) 
PARAMETRIC_REPRESENTATION_CONTEXT() REPRESENTATION_CONTEXT('2D SPACE',''
  ) );
#5468 = ORIENTED_EDGE('',*,*,#5469,.F.);
#5469 = EDGE_CURVE('',#5470,#5446,#5472,.T.);
#5470 = VERTEX_POINT('',#5471);
#5471 = CARTESIAN_POINT('',(18.29220858952,3.762273861846,
    -17.23888617794));
#5472 = SURFACE_CURVE('',#5473,(#5477,#5484),.PCURVE_S1.);
#5473 = LINE('',#5474,#5475);
#5474 = CARTESIAN_POINT('',(18.29220858952,2.462910798278,
    -17.19819675627));
#5475 = VECTOR('',#5476,1.);
#5476 = DIRECTION('',(0.,0.999510048898,-3.129955513418E-02));
#5477 = PCURVE('',#3425,#5478);
#5478 = DEFINITIONAL_REPRESENTATION('',(#5479),#5483);
#5479 = LINE('',#5480,#5481);
#5480 = CARTESIAN_POINT('',(0.173013042622,-2.75));
#5481 = VECTOR('',#5482,1.);
#5482 = DIRECTION('',(0.,1.));
#5483 = ( GEOMETRIC_REPRESENTATION_CONTEXT(2) 
PARAMETRIC_REPRESENTATION_CONTEXT() REPRESENTATION_CONTEXT('2D SPACE',''
  ) );
#5484 = PCURVE('',#5067,#5485);
#5485 = DEFINITIONAL_REPRESENTATION('',(#5486),#5490);
#5486 = LINE('',#5487,#5488);
#5487 = CARTESIAN_POINT('',(7.,0.));
#5488 = VECTOR('',#5489,1.);
#5489 = DIRECTION('',(0.,1.));
#5490 = ( GEOMETRIC_REPRESENTATION_CONTEXT(2) 
PARAMETRIC_REPRESENTATION_CONTEXT() REPRESENTATION_CONTEXT('2D SPACE',''
  ) );
#5491 = ORIENTED_EDGE('',*,*,#5492,.T.);
#5492 = EDGE_CURVE('',#5470,#5493,#5495,.T.);
#5493 = VERTEX_POINT('',#5494);
#5494 = CARTESIAN_POINT('',(18.384418526775,3.7079073306,-18.97500971295
    ));
#5495 = SURFACE_CURVE('',#5496,(#5501,#5508),.PCURVE_S1.);
#5496 = CIRCLE('',#5497,112.60250594613);
#5497 = AXIS2_PLACEMENT_3D('',#5498,#5499,#5500);
#5498 = CARTESIAN_POINT('',(-94.10250594613,3.548260673588,
    -24.07311533368));
#5499 = DIRECTION('',(-1.212564804542E-20,0.999510048898,
    -3.129955513418E-02));
#5500 = DIRECTION('',(0.99815464666,1.900607685938E-03,
    6.069340196575E-02));
#5501 = PCURVE('',#3425,#5502);
#5502 = DEFINITIONAL_REPRESENTATION('',(#5503),#5507);
#5503 = LINE('',#5504,#5505);
#5504 = CARTESIAN_POINT('',(0.173013042622,-1.45));
#5505 = VECTOR('',#5506,1.);
#5506 = DIRECTION('',(1.,0.));
#5507 = ( GEOMETRIC_REPRESENTATION_CONTEXT(2) 
PARAMETRIC_REPRESENTATION_CONTEXT() REPRESENTATION_CONTEXT('2D SPACE',''
  ) );
#5508 = PCURVE('',#5509,#5514);
#5509 = PLANE('',#5510);
#5510 = AXIS2_PLACEMENT_3D('',#5511,#5512,#5513);
#5511 = CARTESIAN_POINT('',(-94.10250594613,3.548260673588,
    -24.07311533368));
#5512 = DIRECTION('',(0.,0.999510048898,-3.129955513418E-02));
#5513 = DIRECTION('',(0.99815464666,1.900607685938E-03,
    6.069340196575E-02));
#5514 = DEFINITIONAL_REPRESENTATION('',(#5515),#5519);
#5515 = CIRCLE('',#5516,112.60250594613);
#5516 = AXIS2_PLACEMENT_2D('',#5517,#5518);
#5517 = CARTESIAN_POINT('',(0.,0.));
#5518 = DIRECTION('',(1.,3.155092907524E-17));
#5519 = ( GEOMETRIC_REPRESENTATION_CONTEXT(2) 
PARAMETRIC_REPRESENTATION_CONTEXT() REPRESENTATION_CONTEXT('2D SPACE',''
  ) );
#5520 = ORIENTED_EDGE('',*,*,#5521,.F.);
#5521 = EDGE_CURVE('',#5522,#5493,#5524,.T.);
#5522 = VERTEX_POINT('',#5523);
#5523 = CARTESIAN_POINT('',(18.384418526775,0.909279193685,
    -18.88737095857));
#5524 = SURFACE_CURVE('',#5525,(#5529,#5536),.PCURVE_S1.);
#5525 = LINE('',#5526,#5527);
#5526 = CARTESIAN_POINT('',(18.384418526775,2.308593262143,
    -18.93119033576));
#5527 = VECTOR('',#5528,1.);
#5528 = DIRECTION('',(0.,0.999510048898,-3.129955513418E-02));
#5529 = PCURVE('',#3425,#5530);
#5530 = DEFINITIONAL_REPRESENTATION('',(#5531),#5535);
#5531 = LINE('',#5532,#5533);
#5532 = CARTESIAN_POINT('',(0.188460635714,-2.85));
#5533 = VECTOR('',#5534,1.);
#5534 = DIRECTION('',(0.,1.));
#5535 = ( GEOMETRIC_REPRESENTATION_CONTEXT(2) 
PARAMETRIC_REPRESENTATION_CONTEXT() REPRESENTATION_CONTEXT('2D SPACE',''
  ) );
#5536 = PCURVE('',#5537,#5542);
#5537 = PLANE('',#5538);
#5538 = AXIS2_PLACEMENT_3D('',#5539,#5540,#5541);
#5539 = CARTESIAN_POINT('',(17.635188368478,2.307529919975,
    -18.96514676669));
#5540 = DIRECTION('',(-4.529743476627E-02,3.126742753041E-02,
    0.998484096207));
#5541 = DIRECTION('',(0.998973544396,1.417789556904E-03,
    4.527524123819E-02));
#5542 = DEFINITIONAL_REPRESENTATION('',(#5543),#5547);
#5543 = LINE('',#5544,#5545);
#5544 = CARTESIAN_POINT('',(0.75,0.));
#5545 = VECTOR('',#5546,1.);
#5546 = DIRECTION('',(0.,1.));
#5547 = ( GEOMETRIC_REPRESENTATION_CONTEXT(2) 
PARAMETRIC_REPRESENTATION_CONTEXT() REPRESENTATION_CONTEXT('2D SPACE',''
  ) );
#5548 = ORIENTED_EDGE('',*,*,#5549,.T.);
#5549 = EDGE_CURVE('',#5522,#5550,#5552,.T.);
#5550 = VERTEX_POINT('',#5551);
#5551 = CARTESIAN_POINT('',(17.61242415737,0.307988452165,
    -38.08879845116));
#5552 = SURFACE_CURVE('',#5553,(#5558,#5565),.PCURVE_S1.);
#5553 = CIRCLE('',#5554,112.60250594613);
#5554 = AXIS2_PLACEMENT_3D('',#5555,#5556,#5557);
#5555 = CARTESIAN_POINT('',(-94.10250594613,0.749632536674,
    -23.98547657931));
#5556 = DIRECTION('',(-7.951162755377E-21,0.999510048898,
    -3.129955513418E-02));
#5557 = DIRECTION('',(0.972799174228,7.250544927632E-03,0.231536598015)
  );
#5558 = PCURVE('',#3425,#5559);
#5559 = DEFINITIONAL_REPRESENTATION('',(#5560),#5564);
#5560 = LINE('',#5561,#5562);
#5561 = CARTESIAN_POINT('',(0.,-4.25));
#5562 = VECTOR('',#5563,1.);
#5563 = DIRECTION('',(1.,0.));
#5564 = ( GEOMETRIC_REPRESENTATION_CONTEXT(2) 
PARAMETRIC_REPRESENTATION_CONTEXT() REPRESENTATION_CONTEXT('2D SPACE',''
  ) );
#5565 = PCURVE('',#5153,#5566);
#5566 = DEFINITIONAL_REPRESENTATION('',(#5567),#5571);
#5567 = CIRCLE('',#5568,112.60250594613);
#5568 = AXIS2_PLACEMENT_2D('',#5569,#5570);
#5569 = CARTESIAN_POINT('',(0.,0.));
#5570 = DIRECTION('',(1.,2.563512987363E-17));
#5571 = ( GEOMETRIC_REPRESENTATION_CONTEXT(2) 
PARAMETRIC_REPRESENTATION_CONTEXT() REPRESENTATION_CONTEXT('2D SPACE',''
  ) );
#5572 = ORIENTED_EDGE('',*,*,#5573,.T.);
#5573 = EDGE_CURVE('',#5550,#5574,#5576,.T.);
#5574 = VERTEX_POINT('',#5575);
#5575 = CARTESIAN_POINT('',(17.61242415737,3.10661658908,-38.17643720553
    ));
#5576 = SURFACE_CURVE('',#5577,(#5581,#5588),.PCURVE_S1.);
#5577 = LINE('',#5578,#5579);
#5578 = CARTESIAN_POINT('',(17.61242415737,1.707302520622,
    -38.13261782834));
#5579 = VECTOR('',#5580,1.);
#5580 = DIRECTION('',(0.,0.999510048898,-3.129955513418E-02));
#5581 = PCURVE('',#3425,#5582);
#5582 = DEFINITIONAL_REPRESENTATION('',(#5583),#5587);
#5583 = LINE('',#5584,#5585);
#5584 = CARTESIAN_POINT('',(0.359413999257,-2.85));
#5585 = VECTOR('',#5586,1.);
#5586 = DIRECTION('',(0.,1.));
#5587 = ( GEOMETRIC_REPRESENTATION_CONTEXT(2) 
PARAMETRIC_REPRESENTATION_CONTEXT() REPRESENTATION_CONTEXT('2D SPACE',''
  ) );
#5588 = PCURVE('',#5589,#5594);
#5589 = PLANE('',#5590);
#5590 = AXIS2_PLACEMENT_3D('',#5591,#5592,#5593);
#5591 = CARTESIAN_POINT('',(16.868335943048,1.710244134227,
    -38.03868127413));
#5592 = DIRECTION('',(0.125310134784,3.105284011848E-02,0.991631529975)
  );
#5593 = DIRECTION('',(0.992117619096,-3.922151472544E-03,-0.125248738945
    ));
#5594 = DEFINITIONAL_REPRESENTATION('',(#5595),#5599);
#5595 = LINE('',#5596,#5597);
#5596 = CARTESIAN_POINT('',(0.75,0.));
#5597 = VECTOR('',#5598,1.);
#5598 = DIRECTION('',(0.,1.));
#5599 = ( GEOMETRIC_REPRESENTATION_CONTEXT(2) 
PARAMETRIC_REPRESENTATION_CONTEXT() REPRESENTATION_CONTEXT('2D SPACE',''
  ) );
#5600 = ORIENTED_EDGE('',*,*,#5601,.T.);
#5601 = EDGE_CURVE('',#5574,#5602,#5604,.T.);
#5602 = VERTEX_POINT('',#5603);
#5603 = CARTESIAN_POINT('',(17.381134756945,3.052656950013,
    -39.89956717499));
#5604 = SURFACE_CURVE('',#5605,(#5610,#5617),.PCURVE_S1.);
#5605 = CIRCLE('',#5606,112.60250594613);
#5606 = AXIS2_PLACEMENT_3D('',#5607,#5608,#5609);
#5607 = CARTESIAN_POINT('',(-94.10250594613,3.548260673588,
    -24.07311533368));
#5608 = DIRECTION('',(-1.257586312666E-19,0.999510048898,
    -3.129955513418E-02));
#5609 = DIRECTION('',(0.992117619096,-3.922151472544E-03,-0.125248738945
    ));
#5610 = PCURVE('',#3425,#5611);
#5611 = DEFINITIONAL_REPRESENTATION('',(#5612),#5616);
#5612 = LINE('',#5613,#5614);
#5613 = CARTESIAN_POINT('',(0.359413999257,-1.45));
#5614 = VECTOR('',#5615,1.);
#5615 = DIRECTION('',(1.,0.));
#5616 = ( GEOMETRIC_REPRESENTATION_CONTEXT(2) 
PARAMETRIC_REPRESENTATION_CONTEXT() REPRESENTATION_CONTEXT('2D SPACE',''
  ) );
#5617 = PCURVE('',#5618,#5623);
#5618 = PLANE('',#5619);
#5619 = AXIS2_PLACEMENT_3D('',#5620,#5621,#5622);
#5620 = CARTESIAN_POINT('',(-94.10250594613,3.548260673588,
    -24.07311533368));
#5621 = DIRECTION('',(0.,0.999510048898,-3.129955513418E-02));
#5622 = DIRECTION('',(0.992117619096,-3.922151472544E-03,-0.125248738945
    ));
#5623 = DEFINITIONAL_REPRESENTATION('',(#5624),#5628);
#5624 = CIRCLE('',#5625,112.60250594613);
#5625 = AXIS2_PLACEMENT_2D('',#5626,#5627);
#5626 = CARTESIAN_POINT('',(0.,0.));
#5627 = DIRECTION('',(1.,-6.310185815047E-17));
#5628 = ( GEOMETRIC_REPRESENTATION_CONTEXT(2) 
PARAMETRIC_REPRESENTATION_CONTEXT() REPRESENTATION_CONTEXT('2D SPACE',''
  ) );
#5629 = ORIENTED_EDGE('',*,*,#5630,.F.);
#5630 = EDGE_CURVE('',#5631,#5602,#5633,.T.);
#5631 = VERTEX_POINT('',#5632);
#5632 = CARTESIAN_POINT('',(17.381134756945,0.254028813098,
    -39.81192842061));
#5633 = SURFACE_CURVE('',#5634,(#5638,#5645),.PCURVE_S1.);
#5634 = LINE('',#5635,#5636);
#5635 = CARTESIAN_POINT('',(17.381134756945,1.653342881555,
    -39.8557477978));
#5636 = VECTOR('',#5637,1.);
#5637 = DIRECTION('',(0.,0.999510048898,-3.129955513418E-02));
#5638 = PCURVE('',#3425,#5639);
#5639 = DEFINITIONAL_REPRESENTATION('',(#5640),#5644);
#5640 = LINE('',#5641,#5642);
#5641 = CARTESIAN_POINT('',(0.374861592349,-2.85));
#5642 = VECTOR('',#5643,1.);
#5643 = DIRECTION('',(0.,1.));
#5644 = ( GEOMETRIC_REPRESENTATION_CONTEXT(2) 
PARAMETRIC_REPRESENTATION_CONTEXT() REPRESENTATION_CONTEXT('2D SPACE',''
  ) );
#5645 = PCURVE('',#5646,#5651);
#5646 = PLANE('',#5647);
#5647 = AXIS2_PLACEMENT_3D('',#5648,#5649,#5650);
#5648 = CARTESIAN_POINT('',(16.638587068288,1.656643898611,
    -39.75033416796));
#5649 = DIRECTION('',(0.140620403576,3.098854976117E-02,0.989578502132)
  );
#5650 = DIRECTION('',(0.990063584876,-4.401356074729E-03,-0.140551506455
    ));
#5651 = DEFINITIONAL_REPRESENTATION('',(#5652),#5656);
#5652 = LINE('',#5653,#5654);
#5653 = CARTESIAN_POINT('',(0.75,0.));
#5654 = VECTOR('',#5655,1.);
#5655 = DIRECTION('',(0.,1.));
#5656 = ( GEOMETRIC_REPRESENTATION_CONTEXT(2) 
PARAMETRIC_REPRESENTATION_CONTEXT() REPRESENTATION_CONTEXT('2D SPACE',''
  ) );
#5657 = ORIENTED_EDGE('',*,*,#5658,.T.);
#5658 = EDGE_CURVE('',#5631,#5350,#5659,.T.);
#5659 = SURFACE_CURVE('',#5660,(#5665,#5672),.PCURVE_S1.);
#5660 = CIRCLE('',#5661,112.60250594613);
#5661 = AXIS2_PLACEMENT_3D('',#5662,#5663,#5664);
#5662 = CARTESIAN_POINT('',(-94.10250594613,0.749632536674,
    -23.98547657931));
#5663 = DIRECTION('',(-7.951162755377E-21,0.999510048898,
    -3.129955513418E-02));
#5664 = DIRECTION('',(0.972799174228,7.250544927632E-03,0.231536598015)
  );
#5665 = PCURVE('',#3425,#5666);
#5666 = DEFINITIONAL_REPRESENTATION('',(#5667),#5671);
#5667 = LINE('',#5668,#5669);
#5668 = CARTESIAN_POINT('',(0.,-4.25));
#5669 = VECTOR('',#5670,1.);
#5670 = DIRECTION('',(1.,0.));
#5671 = ( GEOMETRIC_REPRESENTATION_CONTEXT(2) 
PARAMETRIC_REPRESENTATION_CONTEXT() REPRESENTATION_CONTEXT('2D SPACE',''
  ) );
#5672 = PCURVE('',#5153,#5673);
#5673 = DEFINITIONAL_REPRESENTATION('',(#5674),#5678);
#5674 = CIRCLE('',#5675,112.60250594613);
#5675 = AXIS2_PLACEMENT_2D('',#5676,#5677);
#5676 = CARTESIAN_POINT('',(0.,0.));
#5677 = DIRECTION('',(1.,2.563512987363E-17));
#5678 = ( GEOMETRIC_REPRESENTATION_CONTEXT(2) 
PARAMETRIC_REPRESENTATION_CONTEXT() REPRESENTATION_CONTEXT('2D SPACE',''
  ) );
#5679 = ORIENTED_EDGE('',*,*,#5372,.T.);
#5680 = ORIENTED_EDGE('',*,*,#3408,.F.);
#5681 = ADVANCED_FACE('',(#5682),#3557,.T.);
#5682 = FACE_BOUND('',#5683,.T.);
#5683 = EDGE_LOOP('',(#5684,#5685,#5686,#5687));
#5684 = ORIENTED_EDGE('',*,*,#3649,.F.);
#5685 = ORIENTED_EDGE('',*,*,#3541,.T.);
#5686 = ORIENTED_EDGE('',*,*,#4593,.T.);
#5687 = ORIENTED_EDGE('',*,*,#3736,.F.);
#5688 = ADVANCED_FACE('',(#5689),#3803,.T.);
#5689 = FACE_BOUND('',#5690,.T.);
#5690 = EDGE_LOOP('',(#5691));
#5691 = ORIENTED_EDGE('',*,*,#3788,.T.);
#5692 = ADVANCED_FACE('',(#5693),#3836,.F.);
#5693 = FACE_BOUND('',#5694,.F.);
#5694 = EDGE_LOOP('',(#5695,#5696));
#5695 = ORIENTED_EDGE('',*,*,#3817,.T.);
#5696 = ORIENTED_EDGE('',*,*,#5697,.T.);
#5697 = EDGE_CURVE('',#3820,#3818,#5698,.T.);
#5698 = SURFACE_CURVE('',#5699,(#5703,#5710),.PCURVE_S1.);
#5699 = LINE('',#5700,#5701);
#5700 = CARTESIAN_POINT('',(-16.25,3.95,11.69134295109));
#5701 = VECTOR('',#5702,1.);
#5702 = DIRECTION('',(-0.5,0.,0.866025403784));
#5703 = PCURVE('',#3836,#5704);
#5704 = DEFINITIONAL_REPRESENTATION('',(#5705),#5709);
#5705 = LINE('',#5706,#5707);
#5706 = CARTESIAN_POINT('',(0.,-4.));
#5707 = VECTOR('',#5708,1.);
#5708 = DIRECTION('',(1.,0.));
#5709 = ( GEOMETRIC_REPRESENTATION_CONTEXT(2) 
PARAMETRIC_REPRESENTATION_CONTEXT() REPRESENTATION_CONTEXT('2D SPACE',''
  ) );
#5710 = PCURVE('',#3865,#5711);
#5711 = DEFINITIONAL_REPRESENTATION('',(#5712),#5716);
#5712 = LINE('',#5713,#5714);
#5713 = CARTESIAN_POINT('',(-0.,13.5));
#5714 = VECTOR('',#5715,1.);
#5715 = DIRECTION('',(1.665334536938E-16,1.));
#5716 = ( GEOMETRIC_REPRESENTATION_CONTEXT(2) 
PARAMETRIC_REPRESENTATION_CONTEXT() REPRESENTATION_CONTEXT('2D SPACE',''
  ) );
#5717 = ADVANCED_FACE('',(#5718),#3865,.F.);
#5718 = FACE_BOUND('',#5719,.T.);
#5719 = EDGE_LOOP('',(#5720,#5741,#5742,#5743));
#5720 = ORIENTED_EDGE('',*,*,#5721,.F.);
#5721 = EDGE_CURVE('',#3882,#3849,#5722,.T.);
#5722 = SURFACE_CURVE('',#5723,(#5727,#5734),.PCURVE_S1.);
#5723 = LINE('',#5724,#5725);
#5724 = CARTESIAN_POINT('',(2.19134295109,3.95,6.75));
#5725 = VECTOR('',#5726,1.);
#5726 = DIRECTION('',(0.866025403784,0.,0.5));
#5727 = PCURVE('',#3865,#5728);
#5728 = DEFINITIONAL_REPRESENTATION('',(#5729),#5733);
#5729 = LINE('',#5730,#5731);
#5730 = CARTESIAN_POINT('',(13.5,8.881784197001E-16));
#5731 = VECTOR('',#5732,1.);
#5732 = DIRECTION('',(1.,-4.807406715959E-17));
#5733 = ( GEOMETRIC_REPRESENTATION_CONTEXT(2) 
PARAMETRIC_REPRESENTATION_CONTEXT() REPRESENTATION_CONTEXT('2D SPACE',''
  ) );
#5734 = PCURVE('',#3898,#5735);
#5735 = DEFINITIONAL_REPRESENTATION('',(#5736),#5740);
#5736 = LINE('',#5737,#5738);
#5737 = CARTESIAN_POINT('',(0.,-4.));
#5738 = VECTOR('',#5739,1.);
#5739 = DIRECTION('',(1.,0.));
#5740 = ( GEOMETRIC_REPRESENTATION_CONTEXT(2) 
PARAMETRIC_REPRESENTATION_CONTEXT() REPRESENTATION_CONTEXT('2D SPACE',''
  ) );
#5741 = ORIENTED_EDGE('',*,*,#3910,.F.);
#5742 = ORIENTED_EDGE('',*,*,#5697,.T.);
#5743 = ORIENTED_EDGE('',*,*,#3848,.T.);
#5744 = ADVANCED_FACE('',(#5745),#3898,.T.);
#5745 = FACE_BOUND('',#5746,.T.);
#5746 = EDGE_LOOP('',(#5747,#5748));
#5747 = ORIENTED_EDGE('',*,*,#3881,.T.);
#5748 = ORIENTED_EDGE('',*,*,#5721,.T.);
#5749 = ADVANCED_FACE('',(#5750),#4221,.T.);
#5750 = FACE_BOUND('',#5751,.T.);
#5751 = EDGE_LOOP('',(#5752,#5771,#5792,#5811,#5812,#5813));
#5752 = ORIENTED_EDGE('',*,*,#5753,.F.);
#5753 = EDGE_CURVE('',#4894,#4156,#5754,.T.);
#5754 = SURFACE_CURVE('',#5755,(#5758,#5765),.PCURVE_S1.);
#5755 = B_SPLINE_CURVE_WITH_KNOTS('',1,(#5756,#5757),.UNSPECIFIED.,.F.,
  .F.,(2,2),(0.,1.),.PIECEWISE_BEZIER_KNOTS.);
#5756 = CARTESIAN_POINT('',(5.247032671533,5.509840992875,
    -47.69583955398));
#5757 = CARTESIAN_POINT('',(4.845524069087,5.458705207625,
    -49.32879347286));
#5758 = PCURVE('',#4221,#5759);
#5759 = DEFINITIONAL_REPRESENTATION('',(#5760),#5764);
#5760 = LINE('',#5761,#5762);
#5761 = CARTESIAN_POINT('',(-3.5,0.));
#5762 = VECTOR('',#5763,1.);
#5763 = DIRECTION('',(0.,1.));
#5764 = ( GEOMETRIC_REPRESENTATION_CONTEXT(2) 
PARAMETRIC_REPRESENTATION_CONTEXT() REPRESENTATION_CONTEXT('2D SPACE',''
  ) );
#5765 = PCURVE('',#4179,#5766);
#5766 = DEFINITIONAL_REPRESENTATION('',(#5767),#5770);
#5767 = B_SPLINE_CURVE_WITH_KNOTS('',1,(#5768,#5769),.UNSPECIFIED.,.F.,
  .F.,(2,2),(0.,1.),.PIECEWISE_BEZIER_KNOTS.);
#5768 = CARTESIAN_POINT('',(0.45,-1.682368130808));
#5769 = CARTESIAN_POINT('',(0.45,0.));
#5770 = ( GEOMETRIC_REPRESENTATION_CONTEXT(2) 
PARAMETRIC_REPRESENTATION_CONTEXT() REPRESENTATION_CONTEXT('2D SPACE',''
  ) );
#5771 = ORIENTED_EDGE('',*,*,#5772,.T.);
#5772 = EDGE_CURVE('',#4894,#4745,#5773,.T.);
#5773 = SURFACE_CURVE('',#5774,(#5778,#5785),.PCURVE_S1.);
#5774 = LINE('',#5775,#5776);
#5775 = CARTESIAN_POINT('',(8.652662944165,5.484573847659,-48.5027125412
    ));
#5776 = VECTOR('',#5777,1.);
#5777 = DIRECTION('',(0.973037220752,-7.219184347225E-03,-0.230535139205
    ));
#5778 = PCURVE('',#4221,#5779);
#5779 = DEFINITIONAL_REPRESENTATION('',(#5780),#5784);
#5780 = LINE('',#5781,#5782);
#5781 = CARTESIAN_POINT('',(0.,0.));
#5782 = VECTOR('',#5783,1.);
#5783 = DIRECTION('',(1.,0.));
#5784 = ( GEOMETRIC_REPRESENTATION_CONTEXT(2) 
PARAMETRIC_REPRESENTATION_CONTEXT() REPRESENTATION_CONTEXT('2D SPACE',''
  ) );
#5785 = PCURVE('',#4783,#5786);
#5786 = DEFINITIONAL_REPRESENTATION('',(#5787),#5791);
#5787 = LINE('',#5788,#5789);
#5788 = CARTESIAN_POINT('',(3.483470654869,-0.394248901925));
#5789 = VECTOR('',#5790,1.);
#5790 = DIRECTION('',(0.985622254813,-0.168963815111));
#5791 = ( GEOMETRIC_REPRESENTATION_CONTEXT(2) 
PARAMETRIC_REPRESENTATION_CONTEXT() REPRESENTATION_CONTEXT('2D SPACE',''
  ) );
#5792 = ORIENTED_EDGE('',*,*,#5793,.T.);
#5793 = EDGE_CURVE('',#4745,#4518,#5794,.T.);
#5794 = SURFACE_CURVE('',#5795,(#5798,#5805),.PCURVE_S1.);
#5795 = B_SPLINE_CURVE_WITH_KNOTS('',1,(#5796,#5797),.UNSPECIFIED.,.F.,
  .F.,(2,2),(0.,1.),.PIECEWISE_BEZIER_KNOTS.);
#5796 = CARTESIAN_POINT('',(12.058293216798,5.459306702444,
    -49.30958552841));
#5797 = CARTESIAN_POINT('',(11.629257765809,5.404665121784,
    -51.05449240404));
#5798 = PCURVE('',#4221,#5799);
#5799 = DEFINITIONAL_REPRESENTATION('',(#5800),#5804);
#5800 = LINE('',#5801,#5802);
#5801 = CARTESIAN_POINT('',(3.5,0.));
#5802 = VECTOR('',#5803,1.);
#5803 = DIRECTION('',(0.,1.));
#5804 = ( GEOMETRIC_REPRESENTATION_CONTEXT(2) 
PARAMETRIC_REPRESENTATION_CONTEXT() REPRESENTATION_CONTEXT('2D SPACE',''
  ) );
#5805 = PCURVE('',#4539,#5806);
#5806 = DEFINITIONAL_REPRESENTATION('',(#5807),#5810);
#5807 = B_SPLINE_CURVE_WITH_KNOTS('',1,(#5808,#5809),.UNSPECIFIED.,.F.,
  .F.,(2,2),(0.,1.),.PIECEWISE_BEZIER_KNOTS.);
#5808 = CARTESIAN_POINT('',(-0.45,-1.797708854393));
#5809 = CARTESIAN_POINT('',(-0.45,0.));
#5810 = ( GEOMETRIC_REPRESENTATION_CONTEXT(2) 
PARAMETRIC_REPRESENTATION_CONTEXT() REPRESENTATION_CONTEXT('2D SPACE',''
  ) );
#5811 = ORIENTED_EDGE('',*,*,#4554,.F.);
#5812 = ORIENTED_EDGE('',*,*,#4293,.F.);
#5813 = ORIENTED_EDGE('',*,*,#4195,.T.);
#5814 = ADVANCED_FACE('',(#5815),#4179,.T.);
#5815 = FACE_BOUND('',#5816,.T.);
#5816 = EDGE_LOOP('',(#5817,#5818,#5819,#5820));
#5817 = ORIENTED_EDGE('',*,*,#4916,.F.);
#5818 = ORIENTED_EDGE('',*,*,#5753,.T.);
#5819 = ORIENTED_EDGE('',*,*,#4155,.F.);
#5820 = ORIENTED_EDGE('',*,*,#5821,.F.);
#5821 = EDGE_CURVE('',#4673,#4113,#5822,.T.);
#5822 = SURFACE_CURVE('',#5823,(#5826,#5832),.PCURVE_S1.);
#5823 = B_SPLINE_CURVE_WITH_KNOTS('',1,(#5824,#5825),.UNSPECIFIED.,.F.,
  .F.,(2,2),(0.,1.),.PIECEWISE_BEZIER_KNOTS.);
#5824 = CARTESIAN_POINT('',(5.247032671533,6.409400036883,-47.7240091536
    ));
#5825 = CARTESIAN_POINT('',(4.845524069087,6.358264251633,
    -49.35696307248));
#5826 = PCURVE('',#4179,#5827);
#5827 = DEFINITIONAL_REPRESENTATION('',(#5828),#5831);
#5828 = B_SPLINE_CURVE_WITH_KNOTS('',1,(#5829,#5830),.UNSPECIFIED.,.F.,
  .F.,(2,2),(0.,1.),.PIECEWISE_BEZIER_KNOTS.);
#5829 = CARTESIAN_POINT('',(-0.45,-1.682368130808));
#5830 = CARTESIAN_POINT('',(-0.45,0.));
#5831 = ( GEOMETRIC_REPRESENTATION_CONTEXT(2) 
PARAMETRIC_REPRESENTATION_CONTEXT() REPRESENTATION_CONTEXT('2D SPACE',''
  ) );
#5832 = PCURVE('',#4138,#5833);
#5833 = DEFINITIONAL_REPRESENTATION('',(#5834),#5838);
#5834 = LINE('',#5835,#5836);
#5835 = CARTESIAN_POINT('',(3.5,0.));
#5836 = VECTOR('',#5837,1.);
#5837 = DIRECTION('',(0.,1.));
#5838 = ( GEOMETRIC_REPRESENTATION_CONTEXT(2) 
PARAMETRIC_REPRESENTATION_CONTEXT() REPRESENTATION_CONTEXT('2D SPACE',''
  ) );
#5839 = ADVANCED_FACE('',(#5840),#4138,.T.);
#5840 = FACE_BOUND('',#5841,.T.);
#5841 = EDGE_LOOP('',(#5842,#5843,#5844,#5845,#5866,#5867));
#5842 = ORIENTED_EDGE('',*,*,#4672,.F.);
#5843 = ORIENTED_EDGE('',*,*,#5821,.T.);
#5844 = ORIENTED_EDGE('',*,*,#4112,.T.);
#5845 = ORIENTED_EDGE('',*,*,#5846,.T.);
#5846 = EDGE_CURVE('',#4084,#4456,#5847,.T.);
#5847 = SURFACE_CURVE('',#5848,(#5852,#5859),.PCURVE_S1.);
#5848 = LINE('',#5849,#5850);
#5849 = CARTESIAN_POINT('',(8.237390917448,6.331244208713,
    -50.21981253807));
#5850 = VECTOR('',#5851,1.);
#5851 = DIRECTION('',(0.969104813817,-7.720012263015E-03,-0.24652841874)
  );
#5852 = PCURVE('',#4138,#5853);
#5853 = DEFINITIONAL_REPRESENTATION('',(#5854),#5858);
#5854 = LINE('',#5855,#5856);
#5855 = CARTESIAN_POINT('',(0.,1.));
#5856 = VECTOR('',#5857,1.);
#5857 = DIRECTION('',(-1.,0.));
#5858 = ( GEOMETRIC_REPRESENTATION_CONTEXT(2) 
PARAMETRIC_REPRESENTATION_CONTEXT() REPRESENTATION_CONTEXT('2D SPACE',''
  ) );
#5859 = PCURVE('',#4101,#5860);
#5860 = DEFINITIONAL_REPRESENTATION('',(#5861),#5865);
#5861 = LINE('',#5862,#5863);
#5862 = CARTESIAN_POINT('',(4.452331936021,-2.52720009724));
#5863 = VECTOR('',#5864,1.);
#5864 = DIRECTION('',(0.743294146247,-0.668964731622));
#5865 = ( GEOMETRIC_REPRESENTATION_CONTEXT(2) 
PARAMETRIC_REPRESENTATION_CONTEXT() REPRESENTATION_CONTEXT('2D SPACE',''
  ) );
#5866 = ORIENTED_EDGE('',*,*,#4479,.F.);
#5867 = ORIENTED_EDGE('',*,*,#5868,.F.);
#5868 = EDGE_CURVE('',#4650,#4480,#5869,.T.);
#5869 = SURFACE_CURVE('',#5870,(#5873,#5880),.PCURVE_S1.);
#5870 = B_SPLINE_CURVE_WITH_KNOTS('',1,(#5871,#5872),.UNSPECIFIED.,.F.,
  .F.,(2,2),(0.,1.),.PIECEWISE_BEZIER_KNOTS.);
#5871 = CARTESIAN_POINT('',(12.058293216798,6.358865746452,
    -49.33775512803));
#5872 = CARTESIAN_POINT('',(11.629257765809,6.304224165792,
    -51.08266200366));
#5873 = PCURVE('',#4138,#5874);
#5874 = DEFINITIONAL_REPRESENTATION('',(#5875),#5879);
#5875 = LINE('',#5876,#5877);
#5876 = CARTESIAN_POINT('',(-3.5,0.));
#5877 = VECTOR('',#5878,1.);
#5878 = DIRECTION('',(0.,1.));
#5879 = ( GEOMETRIC_REPRESENTATION_CONTEXT(2) 
PARAMETRIC_REPRESENTATION_CONTEXT() REPRESENTATION_CONTEXT('2D SPACE',''
  ) );
#5880 = PCURVE('',#4539,#5881);
#5881 = DEFINITIONAL_REPRESENTATION('',(#5882),#5885);
#5882 = B_SPLINE_CURVE_WITH_KNOTS('',1,(#5883,#5884),.UNSPECIFIED.,.F.,
  .F.,(2,2),(0.,1.),.PIECEWISE_BEZIER_KNOTS.);
#5883 = CARTESIAN_POINT('',(0.45,-1.797708854393));
#5884 = CARTESIAN_POINT('',(0.45,0.));
#5885 = ( GEOMETRIC_REPRESENTATION_CONTEXT(2) 
PARAMETRIC_REPRESENTATION_CONTEXT() REPRESENTATION_CONTEXT('2D SPACE',''
  ) );
#5886 = ADVANCED_FACE('',(#5887),#4101,.T.);
#5887 = FACE_BOUND('',#5888,.T.);
#5888 = EDGE_LOOP('',(#5889,#5890,#5908,#5909));
#5889 = ORIENTED_EDGE('',*,*,#4083,.F.);
#5890 = ORIENTED_EDGE('',*,*,#5891,.F.);
#5891 = EDGE_CURVE('',#4376,#3999,#5892,.T.);
#5892 = SURFACE_CURVE('',#5893,(#5896,#5902),.PCURVE_S1.);
#5893 = B_SPLINE_CURVE_WITH_KNOTS('',1,(#5894,#5895),.UNSPECIFIED.,.F.,
  .F.,(2,2),(3.,4.),.PIECEWISE_BEZIER_KNOTS.);
#5894 = CARTESIAN_POINT('',(13.082914986535,7.392105201186,
    -51.48688414242));
#5895 = CARTESIAN_POINT('',(3.391866848361,7.469305323816,
    -49.02159995502));
#5896 = PCURVE('',#4101,#5897);
#5897 = DEFINITIONAL_REPRESENTATION('',(#5898),#5901);
#5898 = B_SPLINE_CURVE_WITH_KNOTS('',1,(#5899,#5900),.UNSPECIFIED.,.F.,
  .F.,(2,2),(3.,4.),.PIECEWISE_BEZIER_KNOTS.);
#5899 = CARTESIAN_POINT('',(7.432941462472,-6.689647316224));
#5900 = CARTESIAN_POINT('',(0.,0.));
#5901 = ( GEOMETRIC_REPRESENTATION_CONTEXT(2) 
PARAMETRIC_REPRESENTATION_CONTEXT() REPRESENTATION_CONTEXT('2D SPACE',''
  ) );
#5902 = PCURVE('',#4052,#5903);
#5903 = DEFINITIONAL_REPRESENTATION('',(#5904),#5907);
#5904 = B_SPLINE_CURVE_WITH_KNOTS('',1,(#5905,#5906),.UNSPECIFIED.,.F.,
  .F.,(2,2),(3.,4.),.PIECEWISE_BEZIER_KNOTS.);
#5905 = CARTESIAN_POINT('',(97.145308847663,52.874410544774));
#5906 = CARTESIAN_POINT('',(88.36202604438,48.093830747556));
#5907 = ( GEOMETRIC_REPRESENTATION_CONTEXT(2) 
PARAMETRIC_REPRESENTATION_CONTEXT() REPRESENTATION_CONTEXT('2D SPACE',''
  ) );
#5908 = ORIENTED_EDGE('',*,*,#4455,.F.);
#5909 = ORIENTED_EDGE('',*,*,#5846,.F.);
#5910 = ADVANCED_FACE('',(#5911),#4052,.T.);
#5911 = FACE_BOUND('',#5912,.F.);
#5912 = EDGE_LOOP('',(#5913,#5914,#5915,#5916));
#5913 = ORIENTED_EDGE('',*,*,#4627,.F.);
#5914 = ORIENTED_EDGE('',*,*,#3998,.T.);
#5915 = ORIENTED_EDGE('',*,*,#5891,.F.);
#5916 = ORIENTED_EDGE('',*,*,#4375,.T.);
#5917 = ADVANCED_FACE('',(#5918),#4539,.T.);
#5918 = FACE_BOUND('',#5919,.T.);
#5919 = EDGE_LOOP('',(#5920,#5921,#5922,#5923));
#5920 = ORIENTED_EDGE('',*,*,#5793,.F.);
#5921 = ORIENTED_EDGE('',*,*,#4744,.T.);
#5922 = ORIENTED_EDGE('',*,*,#5868,.T.);
#5923 = ORIENTED_EDGE('',*,*,#4517,.F.);
#5924 = ADVANCED_FACE('',(#5925),#4783,.T.);
#5925 = FACE_BOUND('',#5926,.T.);
#5926 = EDGE_LOOP('',(#5927,#5928,#5949,#5950));
#5927 = ORIENTED_EDGE('',*,*,#4893,.F.);
#5928 = ORIENTED_EDGE('',*,*,#5929,.T.);
#5929 = EDGE_CURVE('',#4873,#4768,#5930,.T.);
#5930 = SURFACE_CURVE('',#5931,(#5935,#5942),.PCURVE_S1.);
#5931 = LINE('',#5932,#5933);
#5932 = CARTESIAN_POINT('',(8.652662944165,5.28467183788,-48.49645263017
    ));
#5933 = VECTOR('',#5934,1.);
#5934 = DIRECTION('',(0.973037220752,-7.219184347225E-03,-0.230535139205
    ));
#5935 = PCURVE('',#4783,#5936);
#5936 = DEFINITIONAL_REPRESENTATION('',(#5937),#5941);
#5937 = LINE('',#5938,#5939);
#5938 = CARTESIAN_POINT('',(3.449677891846,-0.591373352888));
#5939 = VECTOR('',#5940,1.);
#5940 = DIRECTION('',(0.985622254813,-0.168963815111));
#5941 = ( GEOMETRIC_REPRESENTATION_CONTEXT(2) 
PARAMETRIC_REPRESENTATION_CONTEXT() REPRESENTATION_CONTEXT('2D SPACE',''
  ) );
#5942 = PCURVE('',#4807,#5943);
#5943 = DEFINITIONAL_REPRESENTATION('',(#5944),#5948);
#5944 = LINE('',#5945,#5946);
#5945 = CARTESIAN_POINT('',(0.,1.));
#5946 = VECTOR('',#5947,1.);
#5947 = DIRECTION('',(1.,0.));
#5948 = ( GEOMETRIC_REPRESENTATION_CONTEXT(2) 
PARAMETRIC_REPRESENTATION_CONTEXT() REPRESENTATION_CONTEXT('2D SPACE',''
  ) );
#5949 = ORIENTED_EDGE('',*,*,#4767,.T.);
#5950 = ORIENTED_EDGE('',*,*,#5772,.F.);
#5951 = ADVANCED_FACE('',(#5952),#4807,.T.);
#5952 = FACE_BOUND('',#5953,.T.);
#5953 = EDGE_LOOP('',(#5954,#5955,#5956,#5957));
#5954 = ORIENTED_EDGE('',*,*,#4845,.T.);
#5955 = ORIENTED_EDGE('',*,*,#4795,.T.);
#5956 = ORIENTED_EDGE('',*,*,#5929,.F.);
#5957 = ORIENTED_EDGE('',*,*,#4872,.F.);
#5958 = ADVANCED_FACE('',(#5959),#5153,.T.);
#5959 = FACE_BOUND('',#5960,.F.);
#5960 = EDGE_LOOP('',(#5961,#5986,#6015,#6036,#6037,#6060,#6089,#6110,
    #6111,#6112,#6113,#6136,#6165,#6186,#6187,#6210));
#5961 = ORIENTED_EDGE('',*,*,#5962,.F.);
#5962 = EDGE_CURVE('',#5963,#5965,#5967,.T.);
#5963 = VERTEX_POINT('',#5964);
#5964 = CARTESIAN_POINT('',(5.815275506275,0.939888128856,
    -17.90991494814));
#5965 = VERTEX_POINT('',#5966);
#5966 = CARTESIAN_POINT('',(16.794976619531,0.960794813402,
    -17.24228752652));
#5967 = SURFACE_CURVE('',#5968,(#5972,#5979),.PCURVE_S1.);
#5968 = LINE('',#5969,#5970);
#5969 = CARTESIAN_POINT('',(11.305126062903,0.950341471129,
    -17.57610123733));
#5970 = VECTOR('',#5971,1.);
#5971 = DIRECTION('',(0.99815464666,1.900607685938E-03,
    6.069340196575E-02));
#5972 = PCURVE('',#5153,#5973);
#5973 = DEFINITIONAL_REPRESENTATION('',(#5974),#5978);
#5974 = LINE('',#5975,#5976);
#5975 = CARTESIAN_POINT('',(104.0259175869,18.1795965936));
#5976 = VECTOR('',#5977,1.);
#5977 = DIRECTION('',(0.985070540276,0.17215118553));
#5978 = ( GEOMETRIC_REPRESENTATION_CONTEXT(2) 
PARAMETRIC_REPRESENTATION_CONTEXT() REPRESENTATION_CONTEXT('2D SPACE',''
  ) );
#5979 = PCURVE('',#5067,#5980);
#5980 = DEFINITIONAL_REPRESENTATION('',(#5981),#5985);
#5981 = LINE('',#5982,#5983);
#5982 = CARTESIAN_POINT('',(0.,-1.5));
#5983 = VECTOR('',#5984,1.);
#5984 = DIRECTION('',(1.,0.));
#5985 = ( GEOMETRIC_REPRESENTATION_CONTEXT(2) 
PARAMETRIC_REPRESENTATION_CONTEXT() REPRESENTATION_CONTEXT('2D SPACE',''
  ) );
#5986 = ORIENTED_EDGE('',*,*,#5987,.T.);
#5987 = EDGE_CURVE('',#5963,#5988,#5990,.T.);
#5988 = VERTEX_POINT('',#5989);
#5989 = CARTESIAN_POINT('',(5.897249221822,0.891556824224,
    -19.45331147405));
#5990 = SURFACE_CURVE('',#5991,(#5996,#6003),.PCURVE_S1.);
#5991 = CIRCLE('',#5992,100.10250594613);
#5992 = AXIS2_PLACEMENT_3D('',#5993,#5994,#5995);
#5993 = CARTESIAN_POINT('',(-94.10250594613,0.749632536674,
    -23.98547657931));
#5994 = DIRECTION('',(-1.11132632907E-20,0.999510048898,
    -3.129955513418E-02));
#5995 = DIRECTION('',(0.99815464666,1.900607685938E-03,
    6.069340196575E-02));
#5996 = PCURVE('',#5153,#5997);
#5997 = DEFINITIONAL_REPRESENTATION('',(#5998),#6002);
#5998 = CIRCLE('',#5999,100.10250594613);
#5999 = AXIS2_PLACEMENT_2D('',#6000,#6001);
#6000 = CARTESIAN_POINT('',(0.,0.));
#6001 = DIRECTION('',(0.985070540276,0.17215118553));
#6002 = ( GEOMETRIC_REPRESENTATION_CONTEXT(2) 
PARAMETRIC_REPRESENTATION_CONTEXT() REPRESENTATION_CONTEXT('2D SPACE',''
  ) );
#6003 = PCURVE('',#6004,#6009);
#6004 = CYLINDRICAL_SURFACE('',#6005,100.10250594613);
#6005 = AXIS2_PLACEMENT_3D('',#6006,#6007,#6008);
#6006 = CARTESIAN_POINT('',(-94.10250594613,2.148946605131,
    -24.0292959565));
#6007 = DIRECTION('',(0.,0.999510048898,-3.129955513418E-02));
#6008 = DIRECTION('',(0.99815464666,1.900607685938E-03,
    6.069340196575E-02));
#6009 = DEFINITIONAL_REPRESENTATION('',(#6010),#6014);
#6010 = LINE('',#6011,#6012);
#6011 = CARTESIAN_POINT('',(0.,-1.4));
#6012 = VECTOR('',#6013,1.);
#6013 = DIRECTION('',(1.,0.));
#6014 = ( GEOMETRIC_REPRESENTATION_CONTEXT(2) 
PARAMETRIC_REPRESENTATION_CONTEXT() REPRESENTATION_CONTEXT('2D SPACE',''
  ) );
#6015 = ORIENTED_EDGE('',*,*,#6016,.F.);
#6016 = EDGE_CURVE('',#5109,#5988,#6017,.T.);
#6017 = SURFACE_CURVE('',#6018,(#6022,#6029),.PCURVE_S1.);
#6018 = LINE('',#6019,#6020);
#6019 = CARTESIAN_POINT('',(5.148019063524,0.890493482056,
    -19.48726790498));
#6020 = VECTOR('',#6021,1.);
#6021 = DIRECTION('',(0.998973544396,1.417789556904E-03,
    4.527524123819E-02));
#6022 = PCURVE('',#5153,#6023);
#6023 = DEFINITIONAL_REPRESENTATION('',(#6024),#6028);
#6024 = LINE('',#6025,#6026);
#6025 = CARTESIAN_POINT('',(97.593350023279,18.613394881398));
#6026 = VECTOR('',#6027,1.);
#6027 = DIRECTION('',(0.982293794141,0.187347009561));
#6028 = ( GEOMETRIC_REPRESENTATION_CONTEXT(2) 
PARAMETRIC_REPRESENTATION_CONTEXT() REPRESENTATION_CONTEXT('2D SPACE',''
  ) );
#6029 = PCURVE('',#5124,#6030);
#6030 = DEFINITIONAL_REPRESENTATION('',(#6031),#6035);
#6031 = LINE('',#6032,#6033);
#6032 = CARTESIAN_POINT('',(0.,-1.4));
#6033 = VECTOR('',#6034,1.);
#6034 = DIRECTION('',(1.,0.));
#6035 = ( GEOMETRIC_REPRESENTATION_CONTEXT(2) 
PARAMETRIC_REPRESENTATION_CONTEXT() REPRESENTATION_CONTEXT('2D SPACE',''
  ) );
#6036 = ORIENTED_EDGE('',*,*,#5136,.T.);
#6037 = ORIENTED_EDGE('',*,*,#6038,.T.);
#6038 = EDGE_CURVE('',#5137,#6039,#6041,.T.);
#6039 = VERTEX_POINT('',#6040);
#6040 = CARTESIAN_POINT('',(5.210953918672,0.357015345572,
    -36.52318921434));
#6041 = SURFACE_CURVE('',#6042,(#6046,#6053),.PCURVE_S1.);
#6042 = LINE('',#6043,#6044);
#6043 = CARTESIAN_POINT('',(4.46686570435,0.359956959176,-36.42925266013
    ));
#6044 = VECTOR('',#6045,1.);
#6045 = DIRECTION('',(0.992117619096,-3.922151472544E-03,-0.125248738945
    ));
#6046 = PCURVE('',#5153,#6047);
#6047 = DEFINITIONAL_REPRESENTATION('',(#6048),#6052);
#6048 = LINE('',#6049,#6050);
#6049 = CARTESIAN_POINT('',(93.004188405224,34.94483333574));
#6050 = VECTOR('',#6051,1.);
#6051 = DIRECTION('',(0.936103095936,0.351725736588));
#6052 = ( GEOMETRIC_REPRESENTATION_CONTEXT(2) 
PARAMETRIC_REPRESENTATION_CONTEXT() REPRESENTATION_CONTEXT('2D SPACE',''
  ) );
#6053 = PCURVE('',#5181,#6054);
#6054 = DEFINITIONAL_REPRESENTATION('',(#6055),#6059);
#6055 = LINE('',#6056,#6057);
#6056 = CARTESIAN_POINT('',(0.,-1.4));
#6057 = VECTOR('',#6058,1.);
#6058 = DIRECTION('',(1.,0.));
#6059 = ( GEOMETRIC_REPRESENTATION_CONTEXT(2) 
PARAMETRIC_REPRESENTATION_CONTEXT() REPRESENTATION_CONTEXT('2D SPACE',''
  ) );
#6060 = ORIENTED_EDGE('',*,*,#6061,.T.);
#6061 = EDGE_CURVE('',#6039,#6062,#6064,.T.);
#6062 = VERTEX_POINT('',#6063);
#6063 = CARTESIAN_POINT('',(5.005339945992,0.309045764032,
    -38.05503458993));
#6064 = SURFACE_CURVE('',#6065,(#6070,#6077),.PCURVE_S1.);
#6065 = CIRCLE('',#6066,100.10250594613);
#6066 = AXIS2_PLACEMENT_3D('',#6067,#6068,#6069);
#6067 = CARTESIAN_POINT('',(-94.10250594613,0.749632536674,
    -23.98547657931));
#6068 = DIRECTION('',(-1.402756126766E-19,0.999510048898,
    -3.129955513418E-02));
#6069 = DIRECTION('',(0.992117619096,-3.922151472544E-03,-0.125248738945
    ));
#6070 = PCURVE('',#5153,#6071);
#6071 = DEFINITIONAL_REPRESENTATION('',(#6072),#6076);
#6072 = CIRCLE('',#6073,100.10250594613);
#6073 = AXIS2_PLACEMENT_2D('',#6074,#6075);
#6074 = CARTESIAN_POINT('',(0.,0.));
#6075 = DIRECTION('',(0.936103095936,0.351725736588));
#6076 = ( GEOMETRIC_REPRESENTATION_CONTEXT(2) 
PARAMETRIC_REPRESENTATION_CONTEXT() REPRESENTATION_CONTEXT('2D SPACE',''
  ) );
#6077 = PCURVE('',#6078,#6083);
#6078 = CYLINDRICAL_SURFACE('',#6079,100.10250594613);
#6079 = AXIS2_PLACEMENT_3D('',#6080,#6081,#6082);
#6080 = CARTESIAN_POINT('',(-94.10250594613,2.148946605131,
    -24.0292959565));
#6081 = DIRECTION('',(0.,0.999510048898,-3.129955513418E-02));
#6082 = DIRECTION('',(0.992117619096,-3.922151472544E-03,-0.125248738945
    ));
#6083 = DEFINITIONAL_REPRESENTATION('',(#6084),#6088);
#6084 = LINE('',#6085,#6086);
#6085 = CARTESIAN_POINT('',(0.,-1.4));
#6086 = VECTOR('',#6087,1.);
#6087 = DIRECTION('',(1.,0.));
#6088 = ( GEOMETRIC_REPRESENTATION_CONTEXT(2) 
PARAMETRIC_REPRESENTATION_CONTEXT() REPRESENTATION_CONTEXT('2D SPACE',''
  ) );
#6089 = ORIENTED_EDGE('',*,*,#6090,.F.);
#6090 = EDGE_CURVE('',#5223,#6062,#6091,.T.);
#6091 = SURFACE_CURVE('',#6092,(#6096,#6103),.PCURVE_S1.);
#6092 = LINE('',#6093,#6094);
#6093 = CARTESIAN_POINT('',(4.262792257335,0.312346781088,
    -37.94962096009));
#6094 = VECTOR('',#6095,1.);
#6095 = DIRECTION('',(0.990063584876,-4.401356074729E-03,-0.140551506455
    ));
#6096 = PCURVE('',#5153,#6097);
#6097 = DEFINITIONAL_REPRESENTATION('',(#6098),#6102);
#6098 = LINE('',#6099,#6100);
#6099 = CARTESIAN_POINT('',(92.453299820847,36.377297728303));
#6100 = VECTOR('',#6101,1.);
#6101 = DIRECTION('',(0.93055830792,0.366143736204));
#6102 = ( GEOMETRIC_REPRESENTATION_CONTEXT(2) 
PARAMETRIC_REPRESENTATION_CONTEXT() REPRESENTATION_CONTEXT('2D SPACE',''
  ) );
#6103 = PCURVE('',#5238,#6104);
#6104 = DEFINITIONAL_REPRESENTATION('',(#6105),#6109);
#6105 = LINE('',#6106,#6107);
#6106 = CARTESIAN_POINT('',(0.,-1.4));
#6107 = VECTOR('',#6108,1.);
#6108 = DIRECTION('',(1.,0.));
#6109 = ( GEOMETRIC_REPRESENTATION_CONTEXT(2) 
PARAMETRIC_REPRESENTATION_CONTEXT() REPRESENTATION_CONTEXT('2D SPACE',''
  ) );
#6110 = ORIENTED_EDGE('',*,*,#5250,.T.);
#6111 = ORIENTED_EDGE('',*,*,#5349,.T.);
#6112 = ORIENTED_EDGE('',*,*,#5658,.F.);
#6113 = ORIENTED_EDGE('',*,*,#6114,.F.);
#6114 = EDGE_CURVE('',#6115,#5631,#6117,.T.);
#6115 = VERTEX_POINT('',#6116);
#6116 = CARTESIAN_POINT('',(15.896039379631,0.26063084721,
    -39.60110116093));
#6117 = SURFACE_CURVE('',#6118,(#6122,#6129),.PCURVE_S1.);
#6118 = LINE('',#6119,#6120);
#6119 = CARTESIAN_POINT('',(16.638587068288,0.257329830154,
    -39.70651479077));
#6120 = VECTOR('',#6121,1.);
#6121 = DIRECTION('',(0.990063584876,-4.401356074729E-03,-0.140551506455
    ));
#6122 = PCURVE('',#5153,#6123);
#6123 = DEFINITIONAL_REPRESENTATION('',(#6124),#6128);
#6124 = LINE('',#6125,#6126);
#6125 = CARTESIAN_POINT('',(104.08527866984,40.954094430847));
#6126 = VECTOR('',#6127,1.);
#6127 = DIRECTION('',(0.93055830792,0.366143736204));
#6128 = ( GEOMETRIC_REPRESENTATION_CONTEXT(2) 
PARAMETRIC_REPRESENTATION_CONTEXT() REPRESENTATION_CONTEXT('2D SPACE',''
  ) );
#6129 = PCURVE('',#5646,#6130);
#6130 = DEFINITIONAL_REPRESENTATION('',(#6131),#6135);
#6131 = LINE('',#6132,#6133);
#6132 = CARTESIAN_POINT('',(0.,-1.4));
#6133 = VECTOR('',#6134,1.);
#6134 = DIRECTION('',(1.,0.));
#6135 = ( GEOMETRIC_REPRESENTATION_CONTEXT(2) 
PARAMETRIC_REPRESENTATION_CONTEXT() REPRESENTATION_CONTEXT('2D SPACE',''
  ) );
#6136 = ORIENTED_EDGE('',*,*,#6137,.F.);
#6137 = EDGE_CURVE('',#6138,#6115,#6140,.T.);
#6138 = VERTEX_POINT('',#6139);
#6139 = CARTESIAN_POINT('',(16.124247728726,0.313871679374,
    -37.90092534274));
#6140 = SURFACE_CURVE('',#6141,(#6146,#6153),.PCURVE_S1.);
#6141 = CIRCLE('',#6142,111.10250594613);
#6142 = AXIS2_PLACEMENT_3D('',#6143,#6144,#6145);
#6143 = CARTESIAN_POINT('',(-94.10250594613,0.749632536674,
    -23.98547657931));
#6144 = DIRECTION('',(-1.475341033816E-19,0.999510048898,
    -3.129955513418E-02));
#6145 = DIRECTION('',(0.992117619096,-3.922151472544E-03,-0.125248738945
    ));
#6146 = PCURVE('',#5153,#6147);
#6147 = DEFINITIONAL_REPRESENTATION('',(#6148),#6152);
#6148 = CIRCLE('',#6149,111.10250594613);
#6149 = AXIS2_PLACEMENT_2D('',#6150,#6151);
#6150 = CARTESIAN_POINT('',(0.,0.));
#6151 = DIRECTION('',(0.936103095936,0.351725736588));
#6152 = ( GEOMETRIC_REPRESENTATION_CONTEXT(2) 
PARAMETRIC_REPRESENTATION_CONTEXT() REPRESENTATION_CONTEXT('2D SPACE',''
  ) );
#6153 = PCURVE('',#6154,#6159);
#6154 = CYLINDRICAL_SURFACE('',#6155,111.10250594613);
#6155 = AXIS2_PLACEMENT_3D('',#6156,#6157,#6158);
#6156 = CARTESIAN_POINT('',(-94.10250594613,2.148946605131,
    -24.0292959565));
#6157 = DIRECTION('',(0.,0.999510048898,-3.129955513418E-02));
#6158 = DIRECTION('',(0.992117619096,-3.922151472544E-03,-0.125248738945
    ));
#6159 = DEFINITIONAL_REPRESENTATION('',(#6160),#6164);
#6160 = LINE('',#6161,#6162);
#6161 = CARTESIAN_POINT('',(0.,-1.4));
#6162 = VECTOR('',#6163,1.);
#6163 = DIRECTION('',(1.,0.));
#6164 = ( GEOMETRIC_REPRESENTATION_CONTEXT(2) 
PARAMETRIC_REPRESENTATION_CONTEXT() REPRESENTATION_CONTEXT('2D SPACE',''
  ) );
#6165 = ORIENTED_EDGE('',*,*,#6166,.T.);
#6166 = EDGE_CURVE('',#6138,#5550,#6167,.T.);
#6167 = SURFACE_CURVE('',#6168,(#6172,#6179),.PCURVE_S1.);
#6168 = LINE('',#6169,#6170);
#6169 = CARTESIAN_POINT('',(16.868335943048,0.310930065769,
    -37.99486189695));
#6170 = VECTOR('',#6171,1.);
#6171 = DIRECTION('',(0.992117619096,-3.922151472544E-03,-0.125248738945
    ));
#6172 = PCURVE('',#5153,#6173);
#6173 = DEFINITIONAL_REPRESENTATION('',(#6174),#6178);
#6174 = LINE('',#6175,#6176);
#6175 = CARTESIAN_POINT('',(104.70547710443,39.341405043087));
#6176 = VECTOR('',#6177,1.);
#6177 = DIRECTION('',(0.936103095936,0.351725736588));
#6178 = ( GEOMETRIC_REPRESENTATION_CONTEXT(2) 
PARAMETRIC_REPRESENTATION_CONTEXT() REPRESENTATION_CONTEXT('2D SPACE',''
  ) );
#6179 = PCURVE('',#5589,#6180);
#6180 = DEFINITIONAL_REPRESENTATION('',(#6181),#6185);
#6181 = LINE('',#6182,#6183);
#6182 = CARTESIAN_POINT('',(0.,-1.4));
#6183 = VECTOR('',#6184,1.);
#6184 = DIRECTION('',(1.,0.));
#6185 = ( GEOMETRIC_REPRESENTATION_CONTEXT(2) 
PARAMETRIC_REPRESENTATION_CONTEXT() REPRESENTATION_CONTEXT('2D SPACE',''
  ) );
#6186 = ORIENTED_EDGE('',*,*,#5549,.F.);
#6187 = ORIENTED_EDGE('',*,*,#6188,.F.);
#6188 = EDGE_CURVE('',#6189,#5522,#6191,.T.);
#6189 = VERTEX_POINT('',#6190);
#6190 = CARTESIAN_POINT('',(16.88595821018,0.90715250935,-18.95528382043
    ));
#6191 = SURFACE_CURVE('',#6192,(#6196,#6203),.PCURVE_S1.);
#6192 = LINE('',#6193,#6194);
#6193 = CARTESIAN_POINT('',(17.635188368478,0.908215851518,
    -18.9213273895));
#6194 = VECTOR('',#6195,1.);
#6195 = DIRECTION('',(0.998973544396,1.417789556904E-03,
    4.527524123819E-02));
#6196 = PCURVE('',#5153,#6197);
#6197 = DEFINITIONAL_REPRESENTATION('',(#6198),#6202);
#6198 = LINE('',#6199,#6200);
#6199 = CARTESIAN_POINT('',(109.87202245004,20.955232500911));
#6200 = VECTOR('',#6201,1.);
#6201 = DIRECTION('',(0.982293794141,0.187347009561));
#6202 = ( GEOMETRIC_REPRESENTATION_CONTEXT(2) 
PARAMETRIC_REPRESENTATION_CONTEXT() REPRESENTATION_CONTEXT('2D SPACE',''
  ) );
#6203 = PCURVE('',#5537,#6204);
#6204 = DEFINITIONAL_REPRESENTATION('',(#6205),#6209);
#6205 = LINE('',#6206,#6207);
#6206 = CARTESIAN_POINT('',(0.,-1.4));
#6207 = VECTOR('',#6208,1.);
#6208 = DIRECTION('',(1.,0.));
#6209 = ( GEOMETRIC_REPRESENTATION_CONTEXT(2) 
PARAMETRIC_REPRESENTATION_CONTEXT() REPRESENTATION_CONTEXT('2D SPACE',''
  ) );
#6210 = ORIENTED_EDGE('',*,*,#6211,.F.);
#6211 = EDGE_CURVE('',#5965,#6189,#6212,.T.);
#6212 = SURFACE_CURVE('',#6213,(#6218,#6225),.PCURVE_S1.);
#6213 = CIRCLE('',#6214,111.10250594613);
#6214 = AXIS2_PLACEMENT_3D('',#6215,#6216,#6217);
#6215 = CARTESIAN_POINT('',(-94.10250594613,0.749632536674,
    -23.98547657931));
#6216 = DIRECTION('',(-9.594686158636E-21,0.999510048898,
    -3.129955513418E-02));
#6217 = DIRECTION('',(0.99815464666,1.900607685938E-03,
    6.069340196575E-02));
#6218 = PCURVE('',#5153,#6219);
#6219 = DEFINITIONAL_REPRESENTATION('',(#6220),#6224);
#6220 = CIRCLE('',#6221,111.10250594613);
#6221 = AXIS2_PLACEMENT_2D('',#6222,#6223);
#6222 = CARTESIAN_POINT('',(0.,0.));
#6223 = DIRECTION('',(0.985070540276,0.17215118553));
#6224 = ( GEOMETRIC_REPRESENTATION_CONTEXT(2) 
PARAMETRIC_REPRESENTATION_CONTEXT() REPRESENTATION_CONTEXT('2D SPACE',''
  ) );
#6225 = PCURVE('',#6226,#6231);
#6226 = CYLINDRICAL_SURFACE('',#6227,111.10250594613);
#6227 = AXIS2_PLACEMENT_3D('',#6228,#6229,#6230);
#6228 = CARTESIAN_POINT('',(-94.10250594613,2.148946605131,
    -24.0292959565));
#6229 = DIRECTION('',(0.,0.999510048898,-3.129955513418E-02));
#6230 = DIRECTION('',(0.99815464666,1.900607685938E-03,
    6.069340196575E-02));
#6231 = DEFINITIONAL_REPRESENTATION('',(#6232),#6236);
#6232 = LINE('',#6233,#6234);
#6233 = CARTESIAN_POINT('',(0.,-1.4));
#6234 = VECTOR('',#6235,1.);
#6235 = DIRECTION('',(1.,0.));
#6236 = ( GEOMETRIC_REPRESENTATION_CONTEXT(2) 
PARAMETRIC_REPRESENTATION_CONTEXT() REPRESENTATION_CONTEXT('2D SPACE',''
  ) );
#6237 = ADVANCED_FACE('',(#6238),#5238,.F.);
#6238 = FACE_BOUND('',#6239,.F.);
#6239 = EDGE_LOOP('',(#6240,#6241,#6242,#6265));
#6240 = ORIENTED_EDGE('',*,*,#5222,.F.);
#6241 = ORIENTED_EDGE('',*,*,#6090,.T.);
#6242 = ORIENTED_EDGE('',*,*,#6243,.T.);
#6243 = EDGE_CURVE('',#6062,#6244,#6246,.T.);
#6244 = VERTEX_POINT('',#6245);
#6245 = CARTESIAN_POINT('',(5.005339945992,3.107673900947,
    -38.14267334431));
#6246 = SURFACE_CURVE('',#6247,(#6251,#6258),.PCURVE_S1.);
#6247 = LINE('',#6248,#6249);
#6248 = CARTESIAN_POINT('',(5.005339945992,1.708359832489,
    -38.09885396712));
#6249 = VECTOR('',#6250,1.);
#6250 = DIRECTION('',(0.,0.999510048898,-3.129955513418E-02));
#6251 = PCURVE('',#5238,#6252);
#6252 = DEFINITIONAL_REPRESENTATION('',(#6253),#6257);
#6253 = LINE('',#6254,#6255);
#6254 = CARTESIAN_POINT('',(0.75,0.));
#6255 = VECTOR('',#6256,1.);
#6256 = DIRECTION('',(0.,1.));
#6257 = ( GEOMETRIC_REPRESENTATION_CONTEXT(2) 
PARAMETRIC_REPRESENTATION_CONTEXT() REPRESENTATION_CONTEXT('2D SPACE',''
  ) );
#6258 = PCURVE('',#6078,#6259);
#6259 = DEFINITIONAL_REPRESENTATION('',(#6260),#6264);
#6260 = LINE('',#6261,#6262);
#6261 = CARTESIAN_POINT('',(1.544759309129E-02,0.));
#6262 = VECTOR('',#6263,1.);
#6263 = DIRECTION('',(0.,1.));
#6264 = ( GEOMETRIC_REPRESENTATION_CONTEXT(2) 
PARAMETRIC_REPRESENTATION_CONTEXT() REPRESENTATION_CONTEXT('2D SPACE',''
  ) );
#6265 = ORIENTED_EDGE('',*,*,#6266,.F.);
#6266 = EDGE_CURVE('',#5194,#6244,#6267,.T.);
#6267 = SURFACE_CURVE('',#6268,(#6272,#6279),.PCURVE_S1.);
#6268 = LINE('',#6269,#6270);
#6269 = CARTESIAN_POINT('',(4.262792257335,3.110974918003,
    -38.03725971446));
#6270 = VECTOR('',#6271,1.);
#6271 = DIRECTION('',(0.990063584876,-4.401356074729E-03,-0.140551506455
    ));
#6272 = PCURVE('',#5238,#6273);
#6273 = DEFINITIONAL_REPRESENTATION('',(#6274),#6278);
#6274 = LINE('',#6275,#6276);
#6275 = CARTESIAN_POINT('',(0.,1.4));
#6276 = VECTOR('',#6277,1.);
#6277 = DIRECTION('',(1.,0.));
#6278 = ( GEOMETRIC_REPRESENTATION_CONTEXT(2) 
PARAMETRIC_REPRESENTATION_CONTEXT() REPRESENTATION_CONTEXT('2D SPACE',''
  ) );
#6279 = PCURVE('',#5210,#6280);
#6280 = DEFINITIONAL_REPRESENTATION('',(#6281),#6285);
#6281 = LINE('',#6282,#6283);
#6282 = CARTESIAN_POINT('',(99.340652030395,1.534696045814));
#6283 = VECTOR('',#6284,1.);
#6284 = DIRECTION('',(0.999880688306,1.54469787269E-02));
#6285 = ( GEOMETRIC_REPRESENTATION_CONTEXT(2) 
PARAMETRIC_REPRESENTATION_CONTEXT() REPRESENTATION_CONTEXT('2D SPACE',''
  ) );
#6286 = ADVANCED_FACE('',(#6287),#5210,.T.);
#6287 = FACE_BOUND('',#6288,.F.);
#6288 = EDGE_LOOP('',(#6289,#6290,#6291,#6315));
#6289 = ORIENTED_EDGE('',*,*,#5193,.T.);
#6290 = ORIENTED_EDGE('',*,*,#6266,.T.);
#6291 = ORIENTED_EDGE('',*,*,#6292,.F.);
#6292 = EDGE_CURVE('',#6293,#6244,#6295,.T.);
#6293 = VERTEX_POINT('',#6294);
#6294 = CARTESIAN_POINT('',(5.210953918672,3.155643482487,
    -36.61082796871));
#6295 = SURFACE_CURVE('',#6296,(#6301,#6308),.PCURVE_S1.);
#6296 = CIRCLE('',#6297,100.10250594613);
#6297 = AXIS2_PLACEMENT_3D('',#6298,#6299,#6300);
#6298 = CARTESIAN_POINT('',(-94.10250594613,3.548260673588,
    -24.07311533368));
#6299 = DIRECTION('',(-1.402756126766E-19,0.999510048898,
    -3.129955513418E-02));
#6300 = DIRECTION('',(0.992117619096,-3.922151472544E-03,-0.125248738945
    ));
#6301 = PCURVE('',#5210,#6302);
#6302 = DEFINITIONAL_REPRESENTATION('',(#6303),#6307);
#6303 = CIRCLE('',#6304,100.10250594613);
#6304 = AXIS2_PLACEMENT_2D('',#6305,#6306);
#6305 = CARTESIAN_POINT('',(0.,0.));
#6306 = DIRECTION('',(1.,-7.098151330422E-17));
#6307 = ( GEOMETRIC_REPRESENTATION_CONTEXT(2) 
PARAMETRIC_REPRESENTATION_CONTEXT() REPRESENTATION_CONTEXT('2D SPACE',''
  ) );
#6308 = PCURVE('',#6078,#6309);
#6309 = DEFINITIONAL_REPRESENTATION('',(#6310),#6314);
#6310 = LINE('',#6311,#6312);
#6311 = CARTESIAN_POINT('',(0.,1.4));
#6312 = VECTOR('',#6313,1.);
#6313 = DIRECTION('',(1.,0.));
#6314 = ( GEOMETRIC_REPRESENTATION_CONTEXT(2) 
PARAMETRIC_REPRESENTATION_CONTEXT() REPRESENTATION_CONTEXT('2D SPACE',''
  ) );
#6315 = ORIENTED_EDGE('',*,*,#6316,.F.);
#6316 = EDGE_CURVE('',#5166,#6293,#6317,.T.);
#6317 = SURFACE_CURVE('',#6318,(#6322,#6329),.PCURVE_S1.);
#6318 = LINE('',#6319,#6320);
#6319 = CARTESIAN_POINT('',(4.46686570435,3.158585096091,-36.5168914145)
  );
#6320 = VECTOR('',#6321,1.);
#6321 = DIRECTION('',(0.992117619096,-3.922151472544E-03,-0.125248738945
    ));
#6322 = PCURVE('',#5210,#6323);
#6323 = DEFINITIONAL_REPRESENTATION('',(#6324),#6328);
#6324 = LINE('',#6325,#6326);
#6325 = CARTESIAN_POINT('',(99.352505946136,-0.));
#6326 = VECTOR('',#6327,1.);
#6327 = DIRECTION('',(1.,-8.71340109015E-17));
#6328 = ( GEOMETRIC_REPRESENTATION_CONTEXT(2) 
PARAMETRIC_REPRESENTATION_CONTEXT() REPRESENTATION_CONTEXT('2D SPACE',''
  ) );
#6329 = PCURVE('',#5181,#6330);
#6330 = DEFINITIONAL_REPRESENTATION('',(#6331),#6335);
#6331 = LINE('',#6332,#6333);
#6332 = CARTESIAN_POINT('',(0.,1.4));
#6333 = VECTOR('',#6334,1.);
#6334 = DIRECTION('',(1.,0.));
#6335 = ( GEOMETRIC_REPRESENTATION_CONTEXT(2) 
PARAMETRIC_REPRESENTATION_CONTEXT() REPRESENTATION_CONTEXT('2D SPACE',''
  ) );
#6336 = ADVANCED_FACE('',(#6337),#5181,.T.);
#6337 = FACE_BOUND('',#6338,.T.);
#6338 = EDGE_LOOP('',(#6339,#6340,#6341,#6362));
#6339 = ORIENTED_EDGE('',*,*,#5165,.F.);
#6340 = ORIENTED_EDGE('',*,*,#6038,.T.);
#6341 = ORIENTED_EDGE('',*,*,#6342,.T.);
#6342 = EDGE_CURVE('',#6039,#6293,#6343,.T.);
#6343 = SURFACE_CURVE('',#6344,(#6348,#6355),.PCURVE_S1.);
#6344 = LINE('',#6345,#6346);
#6345 = CARTESIAN_POINT('',(5.210953918672,1.756329414029,
    -36.56700859153));
#6346 = VECTOR('',#6347,1.);
#6347 = DIRECTION('',(0.,0.999510048898,-3.129955513418E-02));
#6348 = PCURVE('',#5181,#6349);
#6349 = DEFINITIONAL_REPRESENTATION('',(#6350),#6354);
#6350 = LINE('',#6351,#6352);
#6351 = CARTESIAN_POINT('',(0.75,0.));
#6352 = VECTOR('',#6353,1.);
#6353 = DIRECTION('',(0.,1.));
#6354 = ( GEOMETRIC_REPRESENTATION_CONTEXT(2) 
PARAMETRIC_REPRESENTATION_CONTEXT() REPRESENTATION_CONTEXT('2D SPACE',''
  ) );
#6355 = PCURVE('',#6078,#6356);
#6356 = DEFINITIONAL_REPRESENTATION('',(#6357),#6361);
#6357 = LINE('',#6358,#6359);
#6358 = CARTESIAN_POINT('',(0.,0.));
#6359 = VECTOR('',#6360,1.);
#6360 = DIRECTION('',(0.,1.));
#6361 = ( GEOMETRIC_REPRESENTATION_CONTEXT(2) 
PARAMETRIC_REPRESENTATION_CONTEXT() REPRESENTATION_CONTEXT('2D SPACE',''
  ) );
#6362 = ORIENTED_EDGE('',*,*,#6316,.F.);
#6363 = ADVANCED_FACE('',(#6364),#5124,.F.);
#6364 = FACE_BOUND('',#6365,.F.);
#6365 = EDGE_LOOP('',(#6366,#6367,#6368,#6391));
#6366 = ORIENTED_EDGE('',*,*,#5108,.F.);
#6367 = ORIENTED_EDGE('',*,*,#6016,.T.);
#6368 = ORIENTED_EDGE('',*,*,#6369,.T.);
#6369 = EDGE_CURVE('',#5988,#6370,#6372,.T.);
#6370 = VERTEX_POINT('',#6371);
#6371 = CARTESIAN_POINT('',(5.897249221822,3.690184961139,
    -19.54095022843));
#6372 = SURFACE_CURVE('',#6373,(#6377,#6384),.PCURVE_S1.);
#6373 = LINE('',#6374,#6375);
#6374 = CARTESIAN_POINT('',(5.897249221822,2.290870892681,
    -19.49713085124));
#6375 = VECTOR('',#6376,1.);
#6376 = DIRECTION('',(0.,0.999510048898,-3.129955513418E-02));
#6377 = PCURVE('',#5124,#6378);
#6378 = DEFINITIONAL_REPRESENTATION('',(#6379),#6383);
#6379 = LINE('',#6380,#6381);
#6380 = CARTESIAN_POINT('',(0.75,0.));
#6381 = VECTOR('',#6382,1.);
#6382 = DIRECTION('',(0.,1.));
#6383 = ( GEOMETRIC_REPRESENTATION_CONTEXT(2) 
PARAMETRIC_REPRESENTATION_CONTEXT() REPRESENTATION_CONTEXT('2D SPACE',''
  ) );
#6384 = PCURVE('',#6004,#6385);
#6385 = DEFINITIONAL_REPRESENTATION('',(#6386),#6390);
#6386 = LINE('',#6387,#6388);
#6387 = CARTESIAN_POINT('',(1.544759309129E-02,0.));
#6388 = VECTOR('',#6389,1.);
#6389 = DIRECTION('',(0.,1.));
#6390 = ( GEOMETRIC_REPRESENTATION_CONTEXT(2) 
PARAMETRIC_REPRESENTATION_CONTEXT() REPRESENTATION_CONTEXT('2D SPACE',''
  ) );
#6391 = ORIENTED_EDGE('',*,*,#6392,.F.);
#6392 = EDGE_CURVE('',#5080,#6370,#6393,.T.);
#6393 = SURFACE_CURVE('',#6394,(#6398,#6405),.PCURVE_S1.);
#6394 = LINE('',#6395,#6396);
#6395 = CARTESIAN_POINT('',(5.148019063524,3.689121618971,
    -19.57490665935));
#6396 = VECTOR('',#6397,1.);
#6397 = DIRECTION('',(0.998973544396,1.417789556904E-03,
    4.527524123819E-02));
#6398 = PCURVE('',#5124,#6399);
#6399 = DEFINITIONAL_REPRESENTATION('',(#6400),#6404);
#6400 = LINE('',#6401,#6402);
#6401 = CARTESIAN_POINT('',(0.,1.4));
#6402 = VECTOR('',#6403,1.);
#6403 = DIRECTION('',(1.,0.));
#6404 = ( GEOMETRIC_REPRESENTATION_CONTEXT(2) 
PARAMETRIC_REPRESENTATION_CONTEXT() REPRESENTATION_CONTEXT('2D SPACE',''
  ) );
#6405 = PCURVE('',#5096,#6406);
#6406 = DEFINITIONAL_REPRESENTATION('',(#6407),#6411);
#6407 = LINE('',#6408,#6409);
#6408 = CARTESIAN_POINT('',(99.340652030395,1.534696045814));
#6409 = VECTOR('',#6410,1.);
#6410 = DIRECTION('',(0.999880688306,1.54469787269E-02));
#6411 = ( GEOMETRIC_REPRESENTATION_CONTEXT(2) 
PARAMETRIC_REPRESENTATION_CONTEXT() REPRESENTATION_CONTEXT('2D SPACE',''
  ) );
#6412 = ADVANCED_FACE('',(#6413),#5096,.T.);
#6413 = FACE_BOUND('',#6414,.F.);
#6414 = EDGE_LOOP('',(#6415,#6416,#6417,#6441));
#6415 = ORIENTED_EDGE('',*,*,#5079,.T.);
#6416 = ORIENTED_EDGE('',*,*,#6392,.T.);
#6417 = ORIENTED_EDGE('',*,*,#6418,.F.);
#6418 = EDGE_CURVE('',#6419,#6370,#6421,.T.);
#6419 = VERTEX_POINT('',#6420);
#6420 = CARTESIAN_POINT('',(5.815275506275,3.738516265771,
    -17.99755370252));
#6421 = SURFACE_CURVE('',#6422,(#6427,#6434),.PCURVE_S1.);
#6422 = CIRCLE('',#6423,100.10250594613);
#6423 = AXIS2_PLACEMENT_3D('',#6424,#6425,#6426);
#6424 = CARTESIAN_POINT('',(-94.10250594613,3.548260673588,
    -24.07311533368));
#6425 = DIRECTION('',(-1.11132632907E-20,0.999510048898,
    -3.129955513418E-02));
#6426 = DIRECTION('',(0.99815464666,1.900607685938E-03,
    6.069340196575E-02));
#6427 = PCURVE('',#5096,#6428);
#6428 = DEFINITIONAL_REPRESENTATION('',(#6429),#6433);
#6429 = CIRCLE('',#6430,100.10250594613);
#6430 = AXIS2_PLACEMENT_2D('',#6431,#6432);
#6431 = CARTESIAN_POINT('',(0.,0.));
#6432 = DIRECTION('',(1.,3.549075665211E-17));
#6433 = ( GEOMETRIC_REPRESENTATION_CONTEXT(2) 
PARAMETRIC_REPRESENTATION_CONTEXT() REPRESENTATION_CONTEXT('2D SPACE',''
  ) );
#6434 = PCURVE('',#6004,#6435);
#6435 = DEFINITIONAL_REPRESENTATION('',(#6436),#6440);
#6436 = LINE('',#6437,#6438);
#6437 = CARTESIAN_POINT('',(0.,1.4));
#6438 = VECTOR('',#6439,1.);
#6439 = DIRECTION('',(1.,0.));
#6440 = ( GEOMETRIC_REPRESENTATION_CONTEXT(2) 
PARAMETRIC_REPRESENTATION_CONTEXT() REPRESENTATION_CONTEXT('2D SPACE',''
  ) );
#6441 = ORIENTED_EDGE('',*,*,#6442,.F.);
#6442 = EDGE_CURVE('',#5052,#6419,#6443,.T.);
#6443 = SURFACE_CURVE('',#6444,(#6448,#6455),.PCURVE_S1.);
#6444 = LINE('',#6445,#6446);
#6445 = CARTESIAN_POINT('',(5.06665952128,3.737090810007,-18.04307375399
    ));
#6446 = VECTOR('',#6447,1.);
#6447 = DIRECTION('',(0.99815464666,1.900607685938E-03,
    6.069340196575E-02));
#6448 = PCURVE('',#5096,#6449);
#6449 = DEFINITIONAL_REPRESENTATION('',(#6450),#6454);
#6450 = LINE('',#6451,#6452);
#6451 = CARTESIAN_POINT('',(99.352505946136,-0.));
#6452 = VECTOR('',#6453,1.);
#6453 = DIRECTION('',(1.,-9.505577944875E-18));
#6454 = ( GEOMETRIC_REPRESENTATION_CONTEXT(2) 
PARAMETRIC_REPRESENTATION_CONTEXT() REPRESENTATION_CONTEXT('2D SPACE',''
  ) );
#6455 = PCURVE('',#5067,#6456);
#6456 = DEFINITIONAL_REPRESENTATION('',(#6457),#6461);
#6457 = LINE('',#6458,#6459);
#6458 = CARTESIAN_POINT('',(-6.25,1.3));
#6459 = VECTOR('',#6460,1.);
#6460 = DIRECTION('',(1.,0.));
#6461 = ( GEOMETRIC_REPRESENTATION_CONTEXT(2) 
PARAMETRIC_REPRESENTATION_CONTEXT() REPRESENTATION_CONTEXT('2D SPACE',''
  ) );
#6462 = ADVANCED_FACE('',(#6463),#5067,.F.);
#6463 = FACE_BOUND('',#6464,.F.);
#6464 = EDGE_LOOP('',(#6465,#6466,#6467,#6488,#6489,#6512,#6533,#6534));
#6465 = ORIENTED_EDGE('',*,*,#5051,.F.);
#6466 = ORIENTED_EDGE('',*,*,#6442,.T.);
#6467 = ORIENTED_EDGE('',*,*,#6468,.F.);
#6468 = EDGE_CURVE('',#5963,#6419,#6469,.T.);
#6469 = SURFACE_CURVE('',#6470,(#6474,#6481),.PCURVE_S1.);
#6470 = LINE('',#6471,#6472);
#6471 = CARTESIAN_POINT('',(5.815275506275,2.339202197314,
    -17.95373432533));
#6472 = VECTOR('',#6473,1.);
#6473 = DIRECTION('',(0.,0.999510048898,-3.129955513418E-02));
#6474 = PCURVE('',#5067,#6475);
#6475 = DEFINITIONAL_REPRESENTATION('',(#6476),#6480);
#6476 = LINE('',#6477,#6478);
#6477 = CARTESIAN_POINT('',(-5.5,-0.1));
#6478 = VECTOR('',#6479,1.);
#6479 = DIRECTION('',(0.,1.));
#6480 = ( GEOMETRIC_REPRESENTATION_CONTEXT(2) 
PARAMETRIC_REPRESENTATION_CONTEXT() REPRESENTATION_CONTEXT('2D SPACE',''
  ) );
#6481 = PCURVE('',#6004,#6482);
#6482 = DEFINITIONAL_REPRESENTATION('',(#6483),#6487);
#6483 = LINE('',#6484,#6485);
#6484 = CARTESIAN_POINT('',(0.,0.));
#6485 = VECTOR('',#6486,1.);
#6486 = DIRECTION('',(0.,1.));
#6487 = ( GEOMETRIC_REPRESENTATION_CONTEXT(2) 
PARAMETRIC_REPRESENTATION_CONTEXT() REPRESENTATION_CONTEXT('2D SPACE',''
  ) );
#6488 = ORIENTED_EDGE('',*,*,#5962,.T.);
#6489 = ORIENTED_EDGE('',*,*,#6490,.T.);
#6490 = EDGE_CURVE('',#5965,#6491,#6493,.T.);
#6491 = VERTEX_POINT('',#6492);
#6492 = CARTESIAN_POINT('',(16.794976619531,3.759422950317,
    -17.32992628089));
#6493 = SURFACE_CURVE('',#6494,(#6498,#6505),.PCURVE_S1.);
#6494 = LINE('',#6495,#6496);
#6495 = CARTESIAN_POINT('',(16.794976619531,2.360108881859,
    -17.28610690371));
#6496 = VECTOR('',#6497,1.);
#6497 = DIRECTION('',(0.,0.999510048898,-3.129955513418E-02));
#6498 = PCURVE('',#5067,#6499);
#6499 = DEFINITIONAL_REPRESENTATION('',(#6500),#6504);
#6500 = LINE('',#6501,#6502);
#6501 = CARTESIAN_POINT('',(5.5,-0.1));
#6502 = VECTOR('',#6503,1.);
#6503 = DIRECTION('',(0.,1.));
#6504 = ( GEOMETRIC_REPRESENTATION_CONTEXT(2) 
PARAMETRIC_REPRESENTATION_CONTEXT() REPRESENTATION_CONTEXT('2D SPACE',''
  ) );
#6505 = PCURVE('',#6226,#6506);
#6506 = DEFINITIONAL_REPRESENTATION('',(#6507),#6511);
#6507 = LINE('',#6508,#6509);
#6508 = CARTESIAN_POINT('',(0.,0.));
#6509 = VECTOR('',#6510,1.);
#6510 = DIRECTION('',(0.,1.));
#6511 = ( GEOMETRIC_REPRESENTATION_CONTEXT(2) 
PARAMETRIC_REPRESENTATION_CONTEXT() REPRESENTATION_CONTEXT('2D SPACE',''
  ) );
#6512 = ORIENTED_EDGE('',*,*,#6513,.T.);
#6513 = EDGE_CURVE('',#6491,#5470,#6514,.T.);
#6514 = SURFACE_CURVE('',#6515,(#6519,#6526),.PCURVE_S1.);
#6515 = LINE('',#6516,#6517);
#6516 = CARTESIAN_POINT('',(17.543592604526,3.760848406081,
    -17.28440622942));
#6517 = VECTOR('',#6518,1.);
#6518 = DIRECTION('',(0.99815464666,1.900607685938E-03,
    6.069340196575E-02));
#6519 = PCURVE('',#5067,#6520);
#6520 = DEFINITIONAL_REPRESENTATION('',(#6521),#6525);
#6521 = LINE('',#6522,#6523);
#6522 = CARTESIAN_POINT('',(6.25,1.3));
#6523 = VECTOR('',#6524,1.);
#6524 = DIRECTION('',(1.,0.));
#6525 = ( GEOMETRIC_REPRESENTATION_CONTEXT(2) 
PARAMETRIC_REPRESENTATION_CONTEXT() REPRESENTATION_CONTEXT('2D SPACE',''
  ) );
#6526 = PCURVE('',#5509,#6527);
#6527 = DEFINITIONAL_REPRESENTATION('',(#6528),#6532);
#6528 = LINE('',#6529,#6530);
#6529 = CARTESIAN_POINT('',(111.85250594613,3.552713678801E-15));
#6530 = VECTOR('',#6531,1.);
#6531 = DIRECTION('',(1.,-1.644447184878E-17));
#6532 = ( GEOMETRIC_REPRESENTATION_CONTEXT(2) 
PARAMETRIC_REPRESENTATION_CONTEXT() REPRESENTATION_CONTEXT('2D SPACE',''
  ) );
#6533 = ORIENTED_EDGE('',*,*,#5469,.T.);
#6534 = ORIENTED_EDGE('',*,*,#6535,.F.);
#6535 = EDGE_CURVE('',#5023,#5446,#6536,.T.);
#6536 = SURFACE_CURVE('',#6537,(#6541,#6548),.PCURVE_S1.);
#6537 = LINE('',#6538,#6539);
#6538 = CARTESIAN_POINT('',(11.305126062903,3.948871617824,
    -17.66999990273));
#6539 = VECTOR('',#6540,1.);
#6540 = DIRECTION('',(0.99815464666,1.900607685938E-03,
    6.069340196575E-02));
#6541 = PCURVE('',#5067,#6542);
#6542 = DEFINITIONAL_REPRESENTATION('',(#6543),#6547);
#6543 = LINE('',#6544,#6545);
#6544 = CARTESIAN_POINT('',(0.,1.5));
#6545 = VECTOR('',#6546,1.);
#6546 = DIRECTION('',(1.,0.));
#6547 = ( GEOMETRIC_REPRESENTATION_CONTEXT(2) 
PARAMETRIC_REPRESENTATION_CONTEXT() REPRESENTATION_CONTEXT('2D SPACE',''
  ) );
#6548 = PCURVE('',#5039,#6549);
#6549 = DEFINITIONAL_REPRESENTATION('',(#6550),#6554);
#6550 = LINE('',#6551,#6552);
#6551 = CARTESIAN_POINT('',(105.59892200498,0.8700192463));
#6552 = VECTOR('',#6553,1.);
#6553 = DIRECTION('',(0.999966061969,8.238623113204E-03));
#6554 = ( GEOMETRIC_REPRESENTATION_CONTEXT(2) 
PARAMETRIC_REPRESENTATION_CONTEXT() REPRESENTATION_CONTEXT('2D SPACE',''
  ) );
#6555 = ADVANCED_FACE('',(#6556),#5039,.T.);
#6556 = FACE_BOUND('',#6557,.F.);
#6557 = EDGE_LOOP('',(#6558,#6559,#6560,#6561));
#6558 = ORIENTED_EDGE('',*,*,#5022,.T.);
#6559 = ORIENTED_EDGE('',*,*,#6535,.T.);
#6560 = ORIENTED_EDGE('',*,*,#5445,.F.);
#6561 = ORIENTED_EDGE('',*,*,#6562,.F.);
#6562 = EDGE_CURVE('',#4995,#5423,#6563,.T.);
#6563 = SURFACE_CURVE('',#6564,(#6568,#6575),.PCURVE_S1.);
#6564 = LINE('',#6565,#6566);
#6565 = CARTESIAN_POINT('',(11.248718423286,3.976045770311,
    -16.80222915121));
#6566 = VECTOR('',#6567,1.);
#6567 = DIRECTION('',(0.997620496081,2.157932568937E-03,
    6.891073302004E-02));
#6568 = PCURVE('',#5039,#6569);
#6569 = DEFINITIONAL_REPRESENTATION('',(#6570),#6574);
#6570 = LINE('',#6571,#6572);
#6571 = CARTESIAN_POINT('',(105.60250594613,3.552713678801E-15));
#6572 = VECTOR('',#6573,1.);
#6573 = DIRECTION('',(1.,1.543665586241E-17));
#6574 = ( GEOMETRIC_REPRESENTATION_CONTEXT(2) 
PARAMETRIC_REPRESENTATION_CONTEXT() REPRESENTATION_CONTEXT('2D SPACE',''
  ) );
#6575 = PCURVE('',#5010,#6576);
#6576 = DEFINITIONAL_REPRESENTATION('',(#6577),#6581);
#6577 = LINE('',#6578,#6579);
#6578 = CARTESIAN_POINT('',(0.,1.5));
#6579 = VECTOR('',#6580,1.);
#6580 = DIRECTION('',(1.,0.));
#6581 = ( GEOMETRIC_REPRESENTATION_CONTEXT(2) 
PARAMETRIC_REPRESENTATION_CONTEXT() REPRESENTATION_CONTEXT('2D SPACE',''
  ) );
#6582 = ADVANCED_FACE('',(#6583),#5010,.T.);
#6583 = FACE_BOUND('',#6584,.T.);
#6584 = EDGE_LOOP('',(#6585,#6586,#6607,#6608));
#6585 = ORIENTED_EDGE('',*,*,#4994,.F.);
#6586 = ORIENTED_EDGE('',*,*,#6587,.T.);
#6587 = EDGE_CURVE('',#4966,#5399,#6588,.T.);
#6588 = SURFACE_CURVE('',#6589,(#6593,#6600),.PCURVE_S1.);
#6589 = LINE('',#6590,#6591);
#6590 = CARTESIAN_POINT('',(11.248718423286,0.977515623616,
    -16.70833048581));
#6591 = VECTOR('',#6592,1.);
#6592 = DIRECTION('',(0.997620496081,2.157932568937E-03,
    6.891073302004E-02));
#6593 = PCURVE('',#5010,#6594);
#6594 = DEFINITIONAL_REPRESENTATION('',(#6595),#6599);
#6595 = LINE('',#6596,#6597);
#6596 = CARTESIAN_POINT('',(0.,-1.5));
#6597 = VECTOR('',#6598,1.);
#6598 = DIRECTION('',(1.,0.));
#6599 = ( GEOMETRIC_REPRESENTATION_CONTEXT(2) 
PARAMETRIC_REPRESENTATION_CONTEXT() REPRESENTATION_CONTEXT('2D SPACE',''
  ) );
#6600 = PCURVE('',#4982,#6601);
#6601 = DEFINITIONAL_REPRESENTATION('',(#6602),#6606);
#6602 = LINE('',#6603,#6604);
#6603 = CARTESIAN_POINT('',(104.17216199674,17.321949284879));
#6604 = VECTOR('',#6605,1.);
#6605 = DIRECTION('',(0.986455397658,0.164029718137));
#6606 = ( GEOMETRIC_REPRESENTATION_CONTEXT(2) 
PARAMETRIC_REPRESENTATION_CONTEXT() REPRESENTATION_CONTEXT('2D SPACE',''
  ) );
#6607 = ORIENTED_EDGE('',*,*,#5422,.T.);
#6608 = ORIENTED_EDGE('',*,*,#6562,.F.);
#6609 = ADVANCED_FACE('',(#6610),#4982,.T.);
#6610 = FACE_BOUND('',#6611,.F.);
#6611 = EDGE_LOOP('',(#6612,#6613,#6614,#6615));
#6612 = ORIENTED_EDGE('',*,*,#4965,.T.);
#6613 = ORIENTED_EDGE('',*,*,#6587,.T.);
#6614 = ORIENTED_EDGE('',*,*,#5398,.F.);
#6615 = ORIENTED_EDGE('',*,*,#5300,.T.);
#6616 = ADVANCED_FACE('',(#6617),#5646,.F.);
#6617 = FACE_BOUND('',#6618,.F.);
#6618 = EDGE_LOOP('',(#6619,#6642,#6643,#6644));
#6619 = ORIENTED_EDGE('',*,*,#6620,.F.);
#6620 = EDGE_CURVE('',#6115,#6621,#6623,.T.);
#6621 = VERTEX_POINT('',#6622);
#6622 = CARTESIAN_POINT('',(15.896039379631,3.059258984125,
    -39.68873991531));
#6623 = SURFACE_CURVE('',#6624,(#6628,#6635),.PCURVE_S1.);
#6624 = LINE('',#6625,#6626);
#6625 = CARTESIAN_POINT('',(15.896039379631,1.659944915667,
    -39.64492053812));
#6626 = VECTOR('',#6627,1.);
#6627 = DIRECTION('',(0.,0.999510048898,-3.129955513418E-02));
#6628 = PCURVE('',#5646,#6629);
#6629 = DEFINITIONAL_REPRESENTATION('',(#6630),#6634);
#6630 = LINE('',#6631,#6632);
#6631 = CARTESIAN_POINT('',(-0.75,0.));
#6632 = VECTOR('',#6633,1.);
#6633 = DIRECTION('',(0.,1.));
#6634 = ( GEOMETRIC_REPRESENTATION_CONTEXT(2) 
PARAMETRIC_REPRESENTATION_CONTEXT() REPRESENTATION_CONTEXT('2D SPACE',''
  ) );
#6635 = PCURVE('',#6154,#6636);
#6636 = DEFINITIONAL_REPRESENTATION('',(#6637),#6641);
#6637 = LINE('',#6638,#6639);
#6638 = CARTESIAN_POINT('',(1.544759309129E-02,0.));
#6639 = VECTOR('',#6640,1.);
#6640 = DIRECTION('',(0.,1.));
#6641 = ( GEOMETRIC_REPRESENTATION_CONTEXT(2) 
PARAMETRIC_REPRESENTATION_CONTEXT() REPRESENTATION_CONTEXT('2D SPACE',''
  ) );
#6642 = ORIENTED_EDGE('',*,*,#6114,.T.);
#6643 = ORIENTED_EDGE('',*,*,#5630,.T.);
#6644 = ORIENTED_EDGE('',*,*,#6645,.F.);
#6645 = EDGE_CURVE('',#6621,#5602,#6646,.T.);
#6646 = SURFACE_CURVE('',#6647,(#6651,#6658),.PCURVE_S1.);
#6647 = LINE('',#6648,#6649);
#6648 = CARTESIAN_POINT('',(16.638587068288,3.055957967069,
    -39.79415354515));
#6649 = VECTOR('',#6650,1.);
#6650 = DIRECTION('',(0.990063584876,-4.401356074729E-03,-0.140551506455
    ));
#6651 = PCURVE('',#5646,#6652);
#6652 = DEFINITIONAL_REPRESENTATION('',(#6653),#6657);
#6653 = LINE('',#6654,#6655);
#6654 = CARTESIAN_POINT('',(0.,1.4));
#6655 = VECTOR('',#6656,1.);
#6656 = DIRECTION('',(1.,0.));
#6657 = ( GEOMETRIC_REPRESENTATION_CONTEXT(2) 
PARAMETRIC_REPRESENTATION_CONTEXT() REPRESENTATION_CONTEXT('2D SPACE',''
  ) );
#6658 = PCURVE('',#5618,#6659);
#6659 = DEFINITIONAL_REPRESENTATION('',(#6660),#6664);
#6660 = LINE('',#6661,#6662);
#6661 = CARTESIAN_POINT('',(111.83916063422,1.7277832799));
#6662 = VECTOR('',#6663,1.);
#6663 = DIRECTION('',(0.999880688306,1.54469787269E-02));
#6664 = ( GEOMETRIC_REPRESENTATION_CONTEXT(2) 
PARAMETRIC_REPRESENTATION_CONTEXT() REPRESENTATION_CONTEXT('2D SPACE',''
  ) );
#6665 = ADVANCED_FACE('',(#6666),#5618,.T.);
#6666 = FACE_BOUND('',#6667,.F.);
#6667 = EDGE_LOOP('',(#6668,#6692,#6693,#6694));
#6668 = ORIENTED_EDGE('',*,*,#6669,.T.);
#6669 = EDGE_CURVE('',#6670,#6621,#6672,.T.);
#6670 = VERTEX_POINT('',#6671);
#6671 = CARTESIAN_POINT('',(16.124247728726,3.112499816289,
    -37.98856409711));
#6672 = SURFACE_CURVE('',#6673,(#6678,#6685),.PCURVE_S1.);
#6673 = CIRCLE('',#6674,111.10250594613);
#6674 = AXIS2_PLACEMENT_3D('',#6675,#6676,#6677);
#6675 = CARTESIAN_POINT('',(-94.10250594613,3.548260673588,
    -24.07311533368));
#6676 = DIRECTION('',(-1.475341033816E-19,0.999510048898,
    -3.129955513418E-02));
#6677 = DIRECTION('',(0.992117619096,-3.922151472544E-03,-0.125248738945
    ));
#6678 = PCURVE('',#5618,#6679);
#6679 = DEFINITIONAL_REPRESENTATION('',(#6680),#6684);
#6680 = CIRCLE('',#6681,111.10250594613);
#6681 = AXIS2_PLACEMENT_2D('',#6682,#6683);
#6682 = CARTESIAN_POINT('',(0.,0.));
#6683 = DIRECTION('',(1.,-0.));
#6684 = ( GEOMETRIC_REPRESENTATION_CONTEXT(2) 
PARAMETRIC_REPRESENTATION_CONTEXT() REPRESENTATION_CONTEXT('2D SPACE',''
  ) );
#6685 = PCURVE('',#6154,#6686);
#6686 = DEFINITIONAL_REPRESENTATION('',(#6687),#6691);
#6687 = LINE('',#6688,#6689);
#6688 = CARTESIAN_POINT('',(0.,1.4));
#6689 = VECTOR('',#6690,1.);
#6690 = DIRECTION('',(1.,0.));
#6691 = ( GEOMETRIC_REPRESENTATION_CONTEXT(2) 
PARAMETRIC_REPRESENTATION_CONTEXT() REPRESENTATION_CONTEXT('2D SPACE',''
  ) );
#6692 = ORIENTED_EDGE('',*,*,#6645,.T.);
#6693 = ORIENTED_EDGE('',*,*,#5601,.F.);
#6694 = ORIENTED_EDGE('',*,*,#6695,.F.);
#6695 = EDGE_CURVE('',#6670,#5574,#6696,.T.);
#6696 = SURFACE_CURVE('',#6697,(#6701,#6708),.PCURVE_S1.);
#6697 = LINE('',#6698,#6699);
#6698 = CARTESIAN_POINT('',(16.868335943048,3.109558202684,
    -38.08250065132));
#6699 = VECTOR('',#6700,1.);
#6700 = DIRECTION('',(0.992117619096,-3.922151472544E-03,-0.125248738945
    ));
#6701 = PCURVE('',#5618,#6702);
#6702 = DEFINITIONAL_REPRESENTATION('',(#6703),#6707);
#6703 = LINE('',#6704,#6705);
#6704 = CARTESIAN_POINT('',(111.85250594613,-7.105427357601E-15));
#6705 = VECTOR('',#6706,1.);
#6706 = DIRECTION('',(1.,-8.71340109015E-17));
#6707 = ( GEOMETRIC_REPRESENTATION_CONTEXT(2) 
PARAMETRIC_REPRESENTATION_CONTEXT() REPRESENTATION_CONTEXT('2D SPACE',''
  ) );
#6708 = PCURVE('',#5589,#6709);
#6709 = DEFINITIONAL_REPRESENTATION('',(#6710),#6714);
#6710 = LINE('',#6711,#6712);
#6711 = CARTESIAN_POINT('',(0.,1.4));
#6712 = VECTOR('',#6713,1.);
#6713 = DIRECTION('',(1.,0.));
#6714 = ( GEOMETRIC_REPRESENTATION_CONTEXT(2) 
PARAMETRIC_REPRESENTATION_CONTEXT() REPRESENTATION_CONTEXT('2D SPACE',''
  ) );
#6715 = ADVANCED_FACE('',(#6716),#5589,.T.);
#6716 = FACE_BOUND('',#6717,.T.);
#6717 = EDGE_LOOP('',(#6718,#6739,#6740,#6741));
#6718 = ORIENTED_EDGE('',*,*,#6719,.F.);
#6719 = EDGE_CURVE('',#6138,#6670,#6720,.T.);
#6720 = SURFACE_CURVE('',#6721,(#6725,#6732),.PCURVE_S1.);
#6721 = LINE('',#6722,#6723);
#6722 = CARTESIAN_POINT('',(16.124247728726,1.713185747831,
    -37.94474471993));
#6723 = VECTOR('',#6724,1.);
#6724 = DIRECTION('',(0.,0.999510048898,-3.129955513418E-02));
#6725 = PCURVE('',#5589,#6726);
#6726 = DEFINITIONAL_REPRESENTATION('',(#6727),#6731);
#6727 = LINE('',#6728,#6729);
#6728 = CARTESIAN_POINT('',(-0.75,0.));
#6729 = VECTOR('',#6730,1.);
#6730 = DIRECTION('',(0.,1.));
#6731 = ( GEOMETRIC_REPRESENTATION_CONTEXT(2) 
PARAMETRIC_REPRESENTATION_CONTEXT() REPRESENTATION_CONTEXT('2D SPACE',''
  ) );
#6732 = PCURVE('',#6154,#6733);
#6733 = DEFINITIONAL_REPRESENTATION('',(#6734),#6738);
#6734 = LINE('',#6735,#6736);
#6735 = CARTESIAN_POINT('',(0.,0.));
#6736 = VECTOR('',#6737,1.);
#6737 = DIRECTION('',(0.,1.));
#6738 = ( GEOMETRIC_REPRESENTATION_CONTEXT(2) 
PARAMETRIC_REPRESENTATION_CONTEXT() REPRESENTATION_CONTEXT('2D SPACE',''
  ) );
#6739 = ORIENTED_EDGE('',*,*,#6166,.T.);
#6740 = ORIENTED_EDGE('',*,*,#5573,.T.);
#6741 = ORIENTED_EDGE('',*,*,#6695,.F.);
#6742 = ADVANCED_FACE('',(#6743),#5537,.F.);
#6743 = FACE_BOUND('',#6744,.F.);
#6744 = EDGE_LOOP('',(#6745,#6768,#6769,#6770));
#6745 = ORIENTED_EDGE('',*,*,#6746,.F.);
#6746 = EDGE_CURVE('',#6189,#6747,#6749,.T.);
#6747 = VERTEX_POINT('',#6748);
#6748 = CARTESIAN_POINT('',(16.88595821018,3.705780646265,
    -19.04292257481));
#6749 = SURFACE_CURVE('',#6750,(#6754,#6761),.PCURVE_S1.);
#6750 = LINE('',#6751,#6752);
#6751 = CARTESIAN_POINT('',(16.88595821018,2.306466577807,
    -18.99910319762));
#6752 = VECTOR('',#6753,1.);
#6753 = DIRECTION('',(0.,0.999510048898,-3.129955513418E-02));
#6754 = PCURVE('',#5537,#6755);
#6755 = DEFINITIONAL_REPRESENTATION('',(#6756),#6760);
#6756 = LINE('',#6757,#6758);
#6757 = CARTESIAN_POINT('',(-0.75,0.));
#6758 = VECTOR('',#6759,1.);
#6759 = DIRECTION('',(0.,1.));
#6760 = ( GEOMETRIC_REPRESENTATION_CONTEXT(2) 
PARAMETRIC_REPRESENTATION_CONTEXT() REPRESENTATION_CONTEXT('2D SPACE',''
  ) );
#6761 = PCURVE('',#6226,#6762);
#6762 = DEFINITIONAL_REPRESENTATION('',(#6763),#6767);
#6763 = LINE('',#6764,#6765);
#6764 = CARTESIAN_POINT('',(1.544759309129E-02,0.));
#6765 = VECTOR('',#6766,1.);
#6766 = DIRECTION('',(0.,1.));
#6767 = ( GEOMETRIC_REPRESENTATION_CONTEXT(2) 
PARAMETRIC_REPRESENTATION_CONTEXT() REPRESENTATION_CONTEXT('2D SPACE',''
  ) );
#6768 = ORIENTED_EDGE('',*,*,#6188,.T.);
#6769 = ORIENTED_EDGE('',*,*,#5521,.T.);
#6770 = ORIENTED_EDGE('',*,*,#6771,.F.);
#6771 = EDGE_CURVE('',#6747,#5493,#6772,.T.);
#6772 = SURFACE_CURVE('',#6773,(#6777,#6784),.PCURVE_S1.);
#6773 = LINE('',#6774,#6775);
#6774 = CARTESIAN_POINT('',(17.635188368478,3.706843988432,
    -19.00896614388));
#6775 = VECTOR('',#6776,1.);
#6776 = DIRECTION('',(0.998973544396,1.417789556904E-03,
    4.527524123819E-02));
#6777 = PCURVE('',#5537,#6778);
#6778 = DEFINITIONAL_REPRESENTATION('',(#6779),#6783);
#6779 = LINE('',#6780,#6781);
#6780 = CARTESIAN_POINT('',(0.,1.4));
#6781 = VECTOR('',#6782,1.);
#6782 = DIRECTION('',(1.,0.));
#6783 = ( GEOMETRIC_REPRESENTATION_CONTEXT(2) 
PARAMETRIC_REPRESENTATION_CONTEXT() REPRESENTATION_CONTEXT('2D SPACE',''
  ) );
#6784 = PCURVE('',#5509,#6785);
#6785 = DEFINITIONAL_REPRESENTATION('',(#6786),#6790);
#6786 = LINE('',#6787,#6788);
#6787 = CARTESIAN_POINT('',(111.83916063422,1.7277832799));
#6788 = VECTOR('',#6789,1.);
#6789 = DIRECTION('',(0.999880688306,1.54469787269E-02));
#6790 = ( GEOMETRIC_REPRESENTATION_CONTEXT(2) 
PARAMETRIC_REPRESENTATION_CONTEXT() REPRESENTATION_CONTEXT('2D SPACE',''
  ) );
#6791 = ADVANCED_FACE('',(#6792),#5509,.T.);
#6792 = FACE_BOUND('',#6793,.F.);
#6793 = EDGE_LOOP('',(#6794,#6816,#6817,#6818));
#6794 = ORIENTED_EDGE('',*,*,#6795,.T.);
#6795 = EDGE_CURVE('',#6491,#6747,#6796,.T.);
#6796 = SURFACE_CURVE('',#6797,(#6802,#6809),.PCURVE_S1.);
#6797 = CIRCLE('',#6798,111.10250594613);
#6798 = AXIS2_PLACEMENT_3D('',#6799,#6800,#6801);
#6799 = CARTESIAN_POINT('',(-94.10250594613,3.548260673588,
    -24.07311533368));
#6800 = DIRECTION('',(-9.594686158636E-21,0.999510048898,
    -3.129955513418E-02));
#6801 = DIRECTION('',(0.99815464666,1.900607685938E-03,
    6.069340196575E-02));
#6802 = PCURVE('',#5509,#6803);
#6803 = DEFINITIONAL_REPRESENTATION('',(#6804),#6808);
#6804 = CIRCLE('',#6805,111.10250594613);
#6805 = AXIS2_PLACEMENT_2D('',#6806,#6807);
#6806 = CARTESIAN_POINT('',(0.,0.));
#6807 = DIRECTION('',(1.,-0.));
#6808 = ( GEOMETRIC_REPRESENTATION_CONTEXT(2) 
PARAMETRIC_REPRESENTATION_CONTEXT() REPRESENTATION_CONTEXT('2D SPACE',''
  ) );
#6809 = PCURVE('',#6226,#6810);
#6810 = DEFINITIONAL_REPRESENTATION('',(#6811),#6815);
#6811 = LINE('',#6812,#6813);
#6812 = CARTESIAN_POINT('',(0.,1.4));
#6813 = VECTOR('',#6814,1.);
#6814 = DIRECTION('',(1.,0.));
#6815 = ( GEOMETRIC_REPRESENTATION_CONTEXT(2) 
PARAMETRIC_REPRESENTATION_CONTEXT() REPRESENTATION_CONTEXT('2D SPACE',''
  ) );
#6816 = ORIENTED_EDGE('',*,*,#6771,.T.);
#6817 = ORIENTED_EDGE('',*,*,#5492,.F.);
#6818 = ORIENTED_EDGE('',*,*,#6513,.F.);
#6819 = ADVANCED_FACE('',(#6820),#6226,.F.);
#6820 = FACE_BOUND('',#6821,.F.);
#6821 = EDGE_LOOP('',(#6822,#6823,#6824,#6825));
#6822 = ORIENTED_EDGE('',*,*,#6211,.T.);
#6823 = ORIENTED_EDGE('',*,*,#6746,.T.);
#6824 = ORIENTED_EDGE('',*,*,#6795,.F.);
#6825 = ORIENTED_EDGE('',*,*,#6490,.F.);
#6826 = ADVANCED_FACE('',(#6827),#6154,.F.);
#6827 = FACE_BOUND('',#6828,.F.);
#6828 = EDGE_LOOP('',(#6829,#6830,#6831,#6832));
#6829 = ORIENTED_EDGE('',*,*,#6137,.T.);
#6830 = ORIENTED_EDGE('',*,*,#6620,.T.);
#6831 = ORIENTED_EDGE('',*,*,#6669,.F.);
#6832 = ORIENTED_EDGE('',*,*,#6719,.F.);
#6833 = ADVANCED_FACE('',(#6834),#6078,.T.);
#6834 = FACE_BOUND('',#6835,.T.);
#6835 = EDGE_LOOP('',(#6836,#6837,#6838,#6839));
#6836 = ORIENTED_EDGE('',*,*,#6061,.T.);
#6837 = ORIENTED_EDGE('',*,*,#6243,.T.);
#6838 = ORIENTED_EDGE('',*,*,#6292,.F.);
#6839 = ORIENTED_EDGE('',*,*,#6342,.F.);
#6840 = ADVANCED_FACE('',(#6841),#6004,.T.);
#6841 = FACE_BOUND('',#6842,.T.);
#6842 = EDGE_LOOP('',(#6843,#6844,#6845,#6846));
#6843 = ORIENTED_EDGE('',*,*,#5987,.T.);
#6844 = ORIENTED_EDGE('',*,*,#6369,.T.);
#6845 = ORIENTED_EDGE('',*,*,#6418,.F.);
#6846 = ORIENTED_EDGE('',*,*,#6468,.F.);
#6847 = ( GEOMETRIC_REPRESENTATION_CONTEXT(3) 
GLOBAL_UNCERTAINTY_ASSIGNED_CONTEXT((#6851)) 
GLOBAL_UNIT_ASSIGNED_CONTEXT((#6848,#6849,#6850)) REPRESENTATION_CONTEXT
('Context #1','3D Context with UNIT and UNCERTAINTY') );
#6848 = ( LENGTH_UNIT() NAMED_UNIT(*) SI_UNIT(.MILLI.,.METRE.) );
#6849 = ( NAMED_UNIT(*) PLANE_ANGLE_UNIT() SI_UNIT($,.RADIAN.) );
#6850 = ( NAMED_UNIT(*) SI_UNIT($,.STERADIAN.) SOLID_ANGLE_UNIT() );
#6851 = UNCERTAINTY_MEASURE_WITH_UNIT(LENGTH_MEASURE(1.E-05),#6848,
  'distance_accuracy_value','confusion accuracy');
#6852 = PRODUCT_RELATED_PRODUCT_CATEGORY('part',$,(#7));
ENDSEC;
END-ISO-10303-21;
