ISO-10303-21;
HEADER;
FILE_DESCRIPTION(('Open CASCADE Model'),'2;1');
FILE_NAME('body_full_p25','2026-09-16T00:00:00Z',('Author'),(
    'Open CASCADE'),'Open CASCADE STEP processor 7.9','build123d',
  'Unknown');
FILE_SCHEMA(('AUTOMOTIVE_DESIGN { 1 0 10303 214 1 1 1 1 }'));
ENDSEC;
DATA;
#1 = APPLICATION_PROTOCOL_DEFINITION('international standard',
  'automotive_design',2000,#2);
#2 = APPLICATION_CONTEXT(
  'core data for automotive mechanical design processes');
#3 = SHAPE_DEFINITION_REPRESENTATION(#4,#10);
#4 = PRODUCT_DEFINITION_SHAPE('','',#5);
#5 = PRODUCT_DEFINITION('design','',#6,#9);
#6 = PRODUCT_DEFINITION_FORMATION('','',#7);
#7 = PRODUCT('body_full_p25','body_full_p25','',(#8));
#8 = PRODUCT_CONTEXT('',#2,'mechanical');
#9 = PRODUCT_DEFINITION_CONTEXT('part definition',#2,'design');
#10 = ADVANCED_BREP_SHAPE_REPRESENTATION('',(#11,#15),#6840);
#11 = AXIS2_PLACEMENT_3D('',#12,#13,#14);
#12 = CARTESIAN_POINT('',(0.,0.,0.));
#13 = DIRECTION('',(0.,0.,1.));
#14 = DIRECTION('',(1.,0.,-0.));
#15 = MANIFOLD_SOLID_BREP('',#16);
#16 = CLOSED_SHELL('',(#17,#1295,#1842,#1928,#2035,#2120,#2227,#2340,
    #2423,#2489,#2608,#2612,#2616,#2620,#2749,#2854,#2903,#2953,#3452,
    #3502,#3528,#3591,#3662,#3698,#3928,#3956,#4253,#4281,#4331,#4582,
    #4607,#4614,#4708,#4811,#4860,#4931,#5288,#5337,#5386,#5674,#5681,
    #5685,#5710,#5737,#5742,#5807,#5832,#5879,#5903,#5910,#5917,#5944,
    #5951,#6230,#6279,#6329,#6356,#6405,#6455,#6548,#6575,#6602,#6609,
    #6658,#6708,#6735,#6784,#6812,#6819,#6826,#6833));
#17 = ADVANCED_FACE('',(#18,#878,#1017,#1156),#32,.F.);
#18 = FACE_BOUND('',#19,.T.);
#19 = EDGE_LOOP('',(#20,#55,#84,#202,#360,#428,#651,#760,#789,#812));
#20 = ORIENTED_EDGE('',*,*,#21,.F.);
#21 = EDGE_CURVE('',#22,#24,#26,.T.);
#22 = VERTEX_POINT('',#23);
#23 = CARTESIAN_POINT('',(1.453657220726,1.928324590371E-02,
    0.369471028713));
#24 = VERTEX_POINT('',#25);
#25 = CARTESIAN_POINT('',(2.237188818942,2.967705282483E-02,0.5686185454
    ));
#26 = SURFACE_CURVE('',#27,(#31,#43),.PCURVE_S1.);
#27 = LINE('',#28,#29);
#28 = CARTESIAN_POINT('',(8.237390917448,0.109271726788,2.093669162706)
  );
#29 = VECTOR('',#30,1.);
#30 = DIRECTION('',(0.969104813817,1.285549726914E-02,0.246314019142));
#31 = PCURVE('',#32,#37);
#32 = PLANE('',#33);
#33 = AXIS2_PLACEMENT_3D('',#34,#35,#36);
#34 = CARTESIAN_POINT('',(-94.10250594613,-1.248301000017,
    -23.91770850834));
#35 = DIRECTION('',(0.,0.998640800014,-5.212055782352E-02));
#36 = DIRECTION('',(0.969104813817,1.285549726914E-02,0.246314019142));
#37 = DEFINITIONAL_REPRESENTATION('',(#38),#42);
#38 = LINE('',#39,#40);
#39 = CARTESIAN_POINT('',(105.60250594613,5.859516904726E-16));
#40 = VECTOR('',#41,1.);
#41 = DIRECTION('',(1.,9.951160596024E-18));
#42 = ( GEOMETRIC_REPRESENTATION_CONTEXT(2) 
PARAMETRIC_REPRESENTATION_CONTEXT() REPRESENTATION_CONTEXT('2D SPACE',''
  ) );
#43 = PCURVE('',#44,#49);
#44 = PLANE('',#45);
#45 = AXIS2_PLACEMENT_3D('',#46,#47,#48);
#46 = CARTESIAN_POINT('',(8.237390917448,4.60315532685,1.859126652501));
#47 = DIRECTION('',(-0.246649264819,5.051028348562E-02,0.967787606568));
#48 = DIRECTION('',(0.969104813817,1.285549726914E-02,0.246314019142));
#49 = DEFINITIONAL_REPRESENTATION('',(#50),#54);
#50 = LINE('',#51,#52);
#51 = CARTESIAN_POINT('',(0.,-4.5));
#52 = VECTOR('',#53,1.);
#53 = DIRECTION('',(1.,0.));
#54 = ( GEOMETRIC_REPRESENTATION_CONTEXT(2) 
PARAMETRIC_REPRESENTATION_CONTEXT() REPRESENTATION_CONTEXT('2D SPACE',''
  ) );
#55 = ORIENTED_EDGE('',*,*,#56,.T.);
#56 = EDGE_CURVE('',#22,#57,#59,.T.);
#57 = VERTEX_POINT('',#58);
#58 = CARTESIAN_POINT('',(3.512559979663,-1.973794233417,-37.8183107517)
  );
#59 = SURFACE_CURVE('',#60,(#65,#72),.PCURVE_S1.);
#60 = CIRCLE('',#61,98.602505946136);
#61 = AXIS2_PLACEMENT_3D('',#62,#63,#64);
#62 = CARTESIAN_POINT('',(-94.10250594613,-1.248301000017,
    -23.91770850834));
#63 = DIRECTION('',(5.30464517519E-19,0.998640800014,-5.212055782352E-02
    ));
#64 = DIRECTION('',(0.969104813817,1.285549726914E-02,0.246314019142));
#65 = PCURVE('',#32,#66);
#66 = DEFINITIONAL_REPRESENTATION('',(#67),#71);
#67 = CIRCLE('',#68,98.602505946136);
#68 = AXIS2_PLACEMENT_2D('',#69,#70);
#69 = CARTESIAN_POINT('',(0.,0.));
#70 = DIRECTION('',(1.,5.383953416829E-18));
#71 = ( GEOMETRIC_REPRESENTATION_CONTEXT(2) 
PARAMETRIC_REPRESENTATION_CONTEXT() REPRESENTATION_CONTEXT('2D SPACE',''
  ) );
#72 = PCURVE('',#73,#78);
#73 = TOROIDAL_SURFACE('',#74,98.602505946136,1.5);
#74 = AXIS2_PLACEMENT_3D('',#75,#76,#77);
#75 = CARTESIAN_POINT('',(-94.10250594613,0.249660200003,-23.99588934508
    ));
#76 = DIRECTION('',(0.,-0.998640800014,5.212055782352E-02));
#77 = DIRECTION('',(0.969104813817,1.285549726914E-02,0.246314019142));
#78 = DEFINITIONAL_REPRESENTATION('',(#79),#83);
#79 = LINE('',#80,#81);
#80 = CARTESIAN_POINT('',(-0.,1.570796326795));
#81 = VECTOR('',#82,1.);
#82 = DIRECTION('',(-1.,0.));
#83 = ( GEOMETRIC_REPRESENTATION_CONTEXT(2) 
PARAMETRIC_REPRESENTATION_CONTEXT() REPRESENTATION_CONTEXT('2D SPACE',''
  ) );
#84 = ORIENTED_EDGE('',*,*,#85,.T.);
#85 = EDGE_CURVE('',#57,#86,#88,.T.);
#86 = VERTEX_POINT('',#87);
#87 = CARTESIAN_POINT('',(4.644466917784,-2.387624634707,-45.74738788119
    ));
#88 = SURFACE_CURVE('',#89,(#112,#128),.PCURVE_S1.);
#89 = B_SPLINE_CURVE_WITH_KNOTS('',11,(#90,#91,#92,#93,#94,#95,#96,#97,
    #98,#99,#100,#101,#102,#103,#104,#105,#106,#107,#108,#109,#110,#111)
  ,.UNSPECIFIED.,.F.,.F.,(12,10,12),(-6.275945627756,-4.534888081805,
    8.399304520154),.UNSPECIFIED.);
#90 = CARTESIAN_POINT('',(2.145017846999,-1.647877120721,-31.57367063748
    ));
#91 = CARTESIAN_POINT('',(2.182842807994,-1.656167551311,-31.73251702329
    ));
#92 = CARTESIAN_POINT('',(2.220426234508,-1.664405042657,-31.8903490821)
  );
#93 = CARTESIAN_POINT('',(2.257768126542,-1.672589594759,-32.04716681391
    ));
#94 = CARTESIAN_POINT('',(2.294868484094,-1.680721207616,-32.20297021871
    ));
#95 = CARTESIAN_POINT('',(2.331727307165,-1.688799881229,-32.35775929651
    ));
#96 = CARTESIAN_POINT('',(2.368344595755,-1.696825615597,-32.5115340473)
  );
#97 = CARTESIAN_POINT('',(2.404720349863,-1.704798410722,-32.66429447109
    ));
#98 = CARTESIAN_POINT('',(2.440854569491,-1.712718266601,-32.81604056788
    ));
#99 = CARTESIAN_POINT('',(2.476747254638,-1.720585183237,-32.96677233766
    ));
#100 = CARTESIAN_POINT('',(2.512398405303,-1.728399160629,
    -33.11648978043));
#101 = CARTESIAN_POINT('',(2.810863540103,-1.793816398836,
    -34.36989776043));
#102 = CARTESIAN_POINT('',(3.059941135581,-1.851840439225,
    -35.48165052238));
#103 = CARTESIAN_POINT('',(3.294459068154,-1.910271821705,
    -36.60120804406));
#104 = CARTESIAN_POINT('',(3.516328266046,-1.968902194488,
    -37.72457826162));
#105 = CARTESIAN_POINT('',(3.719253612091,-2.028207500493,
    -38.86088034099));
#106 = CARTESIAN_POINT('',(3.91634232913,-2.087346564633,-39.99399719147
    ));
#107 = CARTESIAN_POINT('',(4.086227643209,-2.147433280152,
    -41.14527124072));
#108 = CARTESIAN_POINT('',(4.25389280499,-2.206830751172,-42.28333922112
    ));
#109 = CARTESIAN_POINT('',(4.398570492084,-2.2680356139,-43.45603720501)
  );
#110 = CARTESIAN_POINT('',(4.533314457607,-2.329312460791,
    -44.63011442055));
#111 = CARTESIAN_POINT('',(4.644466917784,-2.387624634707,
    -45.74738788119));
#112 = PCURVE('',#32,#113);
#113 = DEFINITIONAL_REPRESENTATION('',(#114),#127);
#114 = B_SPLINE_CURVE_WITH_KNOTS('',11,(#115,#116,#117,#118,#119,#120,
    #121,#122,#123,#124,#125,#126),.UNSPECIFIED.,.F.,.F.,(12,12),(
    -4.534888081805,8.399304520154),.PIECEWISE_BEZIER_KNOTS.);
#115 = CARTESIAN_POINT('',(91.355596401951,32.909750334259));
#116 = CARTESIAN_POINT('',(91.337679277149,34.046664692058));
#117 = CARTESIAN_POINT('',(91.304475354951,35.186970853161));
#118 = CARTESIAN_POINT('',(91.255233935062,36.331259808869));
#119 = CARTESIAN_POINT('',(91.192792886832,37.476128894244));
#120 = CARTESIAN_POINT('',(91.108799285326,38.628874879305));
#121 = CARTESIAN_POINT('',(91.019936081935,39.777090241935));
#122 = CARTESIAN_POINT('',(90.900225374923,40.936216083522));
#123 = CARTESIAN_POINT('',(90.781624807893,42.0819788423));
#124 = CARTESIAN_POINT('',(90.632193878354,43.255677537513));
#125 = CARTESIAN_POINT('',(90.472795481881,44.428264526795));
#126 = CARTESIAN_POINT('',(90.304564117544,45.539908972179));
#127 = ( GEOMETRIC_REPRESENTATION_CONTEXT(2) 
PARAMETRIC_REPRESENTATION_CONTEXT() REPRESENTATION_CONTEXT('2D SPACE',''
  ) );
#128 = PCURVE('',#129,#196);
#129 = ( BOUNDED_SURFACE() B_SPLINE_SURFACE(2,11,(
    (#130,#131,#132,#133,#134,#135,#136,#137,#138,#139,#140,#141,#142
      ,#143,#144,#145,#146,#147,#148,#149,#150,#151)
    ,(#152,#153,#154,#155,#156,#157,#158,#159,#160,#161,#162,#163,#164
      ,#165,#166,#167,#168,#169,#170,#171,#172,#173)
    ,(#174,#175,#176,#177,#178,#179,#180,#181,#182,#183,#184,#185,#186
      ,#187,#188,#189,#190,#191,#192,#193,#194,#195
)),.UNSPECIFIED.,.F.,.F.,.F.) B_SPLINE_SURFACE_WITH_KNOTS((3,3),(12,10,
    12),(0.,12.934192601959),(-6.275945627756,-4.534888081805,
8.399304520154),.UNSPECIFIED.) GEOMETRIC_REPRESENTATION_ITEM() 
RATIONAL_B_SPLINE_SURFACE((
    (1.,1.,1.,1.,1.,1.,1.,1.,1.,1.,1.,1.,1.,1.,1.,1.,1.,1.,1.,1.,1.,1.)
    ,(0.707106781187,0.707106781187,0.707106781187,0.707106781187
      ,0.707106781187,0.707106781187,0.707106781187,0.707106781187
      ,0.707106781187,0.707106781187,0.707106781187,0.707106781187
      ,0.707106781186,0.707106781187,0.707106781186,0.707106781187
      ,0.707106781186,0.707106781187,0.707106781186,0.707106781187
      ,0.707106781187,0.707106781187)
    ,(1.,1.,1.,1.,1.,1.,1.,1.,1.,1.,1.,1.,1.,1.,1.,1.,1.,1.,1.,1.,1.,1.
))) REPRESENTATION_ITEM('') SURFACE() );
#130 = CARTESIAN_POINT('',(2.145017846999,-1.647877120721,
    -31.57367063748));
#131 = CARTESIAN_POINT('',(2.182842807994,-1.656167551311,
    -31.73251702329));
#132 = CARTESIAN_POINT('',(2.220426234508,-1.664405042657,-31.8903490821
    ));
#133 = CARTESIAN_POINT('',(2.257768126542,-1.672589594759,
    -32.04716681391));
#134 = CARTESIAN_POINT('',(2.294868484094,-1.680721207616,
    -32.20297021871));
#135 = CARTESIAN_POINT('',(2.331727307165,-1.688799881229,
    -32.35775929651));
#136 = CARTESIAN_POINT('',(2.368344595755,-1.696825615597,-32.5115340473
    ));
#137 = CARTESIAN_POINT('',(2.404720349863,-1.704798410722,
    -32.66429447109));
#138 = CARTESIAN_POINT('',(2.440854569491,-1.712718266601,
    -32.81604056788));
#139 = CARTESIAN_POINT('',(2.476747254638,-1.720585183237,
    -32.96677233766));
#140 = CARTESIAN_POINT('',(2.512398405303,-1.728399160629,
    -33.11648978043));
#141 = CARTESIAN_POINT('',(2.810863540103,-1.793816398836,
    -34.36989776043));
#142 = CARTESIAN_POINT('',(3.059941135581,-1.851840439225,
    -35.48165052238));
#143 = CARTESIAN_POINT('',(3.294459068154,-1.910271821705,
    -36.60120804406));
#144 = CARTESIAN_POINT('',(3.516328266046,-1.968902194488,
    -37.72457826162));
#145 = CARTESIAN_POINT('',(3.719253612091,-2.028207500493,
    -38.86088034099));
#146 = CARTESIAN_POINT('',(3.91634232913,-2.087346564633,-39.99399719147
    ));
#147 = CARTESIAN_POINT('',(4.086227643209,-2.147433280152,
    -41.14527124072));
#148 = CARTESIAN_POINT('',(4.25389280499,-2.206830751172,-42.28333922112
    ));
#149 = CARTESIAN_POINT('',(4.398570492084,-2.2680356139,-43.45603720501)
  );
#150 = CARTESIAN_POINT('',(4.533314457607,-2.329312460791,
    -44.63011442055));
#151 = CARTESIAN_POINT('',(4.644466917784,-2.387624634707,
    -45.74738788119));
#152 = CARTESIAN_POINT('',(0.685701715196,-1.665962173548,
    -31.92018403597));
#153 = CARTESIAN_POINT('',(0.724097275223,-1.67437765178,-32.08142636079
    ));
#154 = CARTESIAN_POINT('',(0.762137193799,-1.682715181081,
    -32.24117516776));
#155 = CARTESIAN_POINT('',(0.799821470923,-1.690974761449,
    -32.39943045688));
#156 = CARTESIAN_POINT('',(0.837150106596,-1.699156392886,
    -32.55619222814));
#157 = CARTESIAN_POINT('',(0.874123100817,-1.707260075391,
    -32.71146048154));
#158 = CARTESIAN_POINT('',(0.910740453588,-1.715285808964,-32.8652352171
    ));
#159 = CARTESIAN_POINT('',(0.947002164906,-1.723233593606,-33.0175164348
    ));
#160 = CARTESIAN_POINT('',(0.982908234774,-1.731103429315,
    -33.16830413464));
#161 = CARTESIAN_POINT('',(1.01845866319,-1.738895316092,-33.31759831663
    ));
#162 = CARTESIAN_POINT('',(1.053653450155,-1.746609253938,
    -33.46539898076));
#163 = CARTESIAN_POINT('',(1.347310128268,-1.810972461057,
    -34.69861150444));
#164 = CARTESIAN_POINT('',(1.592332942443,-1.868065125073,
    -35.79251890006));
#165 = CARTESIAN_POINT('',(1.823515036697,-1.925561917649,
    -36.89416948354));
#166 = CARTESIAN_POINT('',(2.04031224539,-1.983242270647,-37.99933712309
    ));
#167 = CARTESIAN_POINT('',(2.243734989761,-2.041681423259,
    -39.11904352215));
#168 = CARTESIAN_POINT('',(2.431372904633,-2.099725544959,
    -40.23118104619));
#169 = CARTESIAN_POINT('',(2.60632305356,-2.158975938173,-41.36643098503
    ));
#170 = CARTESIAN_POINT('',(2.765229516524,-2.217754939169,
    -42.49264895024));
#171 = CARTESIAN_POINT('',(2.910144025308,-2.27734903332,-43.63448427099
    ));
#172 = CARTESIAN_POINT('',(3.039467079822,-2.336642512622,
    -44.77055974828));
#173 = CARTESIAN_POINT('',(3.154974774971,-2.396862355764,
    -45.92438455067));
#174 = CARTESIAN_POINT('',(0.685701715196,-0.168000973527,
    -31.99836487271));
#175 = CARTESIAN_POINT('',(0.724097275223,-0.176416451759,
    -32.15960719753));
#176 = CARTESIAN_POINT('',(0.762137193799,-0.18475398106,-32.3193560045)
  );
#177 = CARTESIAN_POINT('',(0.799821470923,-0.193013561429,
    -32.47761129361));
#178 = CARTESIAN_POINT('',(0.837150106596,-0.201195192866,
    -32.63437306487));
#179 = CARTESIAN_POINT('',(0.874123100817,-0.209298875371,
    -32.78964131828));
#180 = CARTESIAN_POINT('',(0.910740453588,-0.217324608944,
    -32.94341605383));
#181 = CARTESIAN_POINT('',(0.947002164906,-0.225272393585,
    -33.09569727153));
#182 = CARTESIAN_POINT('',(0.982908234774,-0.233142229294,
    -33.24648497137));
#183 = CARTESIAN_POINT('',(1.01845866319,-0.240934116072,-33.39577915336
    ));
#184 = CARTESIAN_POINT('',(1.053653450155,-0.248648053917,-33.5435798175
    ));
#185 = CARTESIAN_POINT('',(1.347310128268,-0.313011261037,
    -34.77679234118));
#186 = CARTESIAN_POINT('',(1.592332942443,-0.370103925052,-35.8706997368
    ));
#187 = CARTESIAN_POINT('',(1.823515036697,-0.427600717628,
    -36.97235032028));
#188 = CARTESIAN_POINT('',(2.040312245389,-0.485281070626,
    -38.07751795981));
#189 = CARTESIAN_POINT('',(2.243734989762,-0.543720223238,
    -39.19722435891));
#190 = CARTESIAN_POINT('',(2.431372904632,-0.601764344938,-40.3093618829
    ));
#191 = CARTESIAN_POINT('',(2.606323053561,-0.661014738152,
    -41.44461182178));
#192 = CARTESIAN_POINT('',(2.765229516524,-0.719793739148,
    -42.57082978697));
#193 = CARTESIAN_POINT('',(2.910144025308,-0.7793878333,-43.71266510773)
  );
#194 = CARTESIAN_POINT('',(3.039467079822,-0.838681312602,
    -44.84874058501));
#195 = CARTESIAN_POINT('',(3.154974774971,-0.898901155743,
    -46.00256538741));
#196 = DEFINITIONAL_REPRESENTATION('',(#197),#201);
#197 = LINE('',#198,#199);
#198 = CARTESIAN_POINT('',(0.,0.));
#199 = VECTOR('',#200,1.);
#200 = DIRECTION('',(0.,1.));
#201 = ( GEOMETRIC_REPRESENTATION_CONTEXT(2) 
PARAMETRIC_REPRESENTATION_CONTEXT() REPRESENTATION_CONTEXT('2D SPACE',''
  ) );
#202 = ORIENTED_EDGE('',*,*,#203,.T.);
#203 = EDGE_CURVE('',#86,#204,#206,.T.);
#204 = VERTEX_POINT('',#205);
#205 = CARTESIAN_POINT('',(6.545069812936,-2.502764801816,
    -47.95349758908));
#206 = SURFACE_CURVE('',#207,(#236,#268),.PCURVE_S1.);
#207 = ( BOUNDED_CURVE() B_SPLINE_CURVE(14,(#208,#209,#210,#211,#212,
    #213,#214,#215,#216,#217,#218,#219,#220,#221,#222,#223,#224,#225,
    #226,#227,#228,#229,#230,#231,#232,#233,#234,#235),.UNSPECIFIED.,.F.
,.F.) B_SPLINE_CURVE_WITH_KNOTS((15,13,15),(8.399304520154,
10.766193866606,13.13340616411),.UNSPECIFIED.) CURVE() 
GEOMETRIC_REPRESENTATION_ITEM() RATIONAL_B_SPLINE_CURVE((1.,
    1.000000000001,0.999999999997,1.000000000007,0.999999999985,
    1.000000000023,0.99999999997,1.000000000032,0.999999999972,
    1.00000000002,0.999999999988,1.000000000005,0.999999999998,1.,1.,1.,
    1.,1.,1.,1.000000000001,0.999999999999,1.000000000001,0.999999999999
,1.000000000001,1.,1.,1.,1.)) REPRESENTATION_ITEM('') );
#208 = CARTESIAN_POINT('',(4.644466917784,-2.387624634707,
    -45.74738788119));
#209 = CARTESIAN_POINT('',(4.660448595194,-2.396008851765,
    -45.90803123536));
#210 = CARTESIAN_POINT('',(4.674401326035,-2.400183218366,-45.9880129734
    ));
#211 = CARTESIAN_POINT('',(4.695667384571,-2.404925436406,-46.0788748639
    ));
#212 = CARTESIAN_POINT('',(4.711201737633,-2.410627958222,
    -46.18813637575));
#213 = CARTESIAN_POINT('',(4.753190365603,-2.416567468892,
    -46.30193864377));
#214 = CARTESIAN_POINT('',(4.781782277651,-2.421449031989,
    -46.39547041463));
#215 = CARTESIAN_POINT('',(4.820944702249,-2.426834604159,
    -46.49865910507));
#216 = CARTESIAN_POINT('',(4.871453564499,-2.432373810821,
    -46.60479146429));
#217 = CARTESIAN_POINT('',(4.916694352275,-2.437243172915,
    -46.69808946158));
#218 = CARTESIAN_POINT('',(4.974889203693,-2.442463392415,
    -46.79810996006));
#219 = CARTESIAN_POINT('',(5.033676380896,-2.447321777399,
    -46.89119763354));
#220 = CARTESIAN_POINT('',(5.098477528654,-2.452102641598,
    -46.98279999253));
#221 = CARTESIAN_POINT('',(5.167292613355,-2.456701350533,
    -47.07091221852));
#222 = CARTESIAN_POINT('',(5.313161196549,-2.46553572394,-47.24018066259
    ));
#223 = CARTESIAN_POINT('',(5.390123847496,-2.469769215696,
    -47.32129525097));
#224 = CARTESIAN_POINT('',(5.471475434438,-2.473811739847,
    -47.39875086007));
#225 = CARTESIAN_POINT('',(5.553624875057,-2.477604071117,
    -47.47141272113));
#226 = CARTESIAN_POINT('',(5.64773211968,-2.48129384694,-47.54210959847)
  );
#227 = CARTESIAN_POINT('',(5.724913739787,-2.484467385901,-47.6029152693
    ));
#228 = CARTESIAN_POINT('',(5.838417695569,-2.487878129497,
    -47.66826583077));
#229 = CARTESIAN_POINT('',(5.910394005969,-2.490424323269,
    -47.71705143646));
#230 = CARTESIAN_POINT('',(6.026438180178,-2.493243867127,
    -47.77107448713));
#231 = CARTESIAN_POINT('',(6.113107316161,-2.495558168423,
    -47.81541698447));
#232 = CARTESIAN_POINT('',(6.217044172236,-2.497481171152,
    -47.85226211936));
#233 = CARTESIAN_POINT('',(6.30310138574,-2.499240876364,-47.88597843964
    ));
#234 = CARTESIAN_POINT('',(6.397110514415,-2.50081627744,-47.91616345408
    ));
#235 = CARTESIAN_POINT('',(6.545069812936,-2.502764801816,
    -47.95349758908));
#236 = PCURVE('',#32,#237);
#237 = DEFINITIONAL_REPRESENTATION('',(#238),#267);
#238 = B_SPLINE_CURVE_WITH_KNOTS('',14,(#239,#240,#241,#242,#243,#244,
    #245,#246,#247,#248,#249,#250,#251,#252,#253,#254,#255,#256,#257,
    #258,#259,#260,#261,#262,#263,#264,#265,#266),.UNSPECIFIED.,.F.,.F.,
  (15,13,15),(8.399304520154,10.766193866606,13.13340616411),
  .UNSPECIFIED.);
#239 = CARTESIAN_POINT('',(90.304564117544,45.539908972179));
#240 = CARTESIAN_POINT('',(90.280375544612,45.699742977611));
#241 = CARTESIAN_POINT('',(90.274142916042,45.780800591517));
#242 = CARTESIAN_POINT('',(90.272310435613,45.874220392057));
#243 = CARTESIAN_POINT('',(90.260378899079,45.984081900669));
#244 = CARTESIAN_POINT('',(90.272962834699,46.104874797955));
#245 = CARTESIAN_POINT('',(90.277570447964,46.202692426817));
#246 = CARTESIAN_POINT('',(90.290036892763,46.312488576128));
#247 = CARTESIAN_POINT('',(90.312772171386,46.427939915222));
#248 = CARTESIAN_POINT('',(90.33357203843,46.529637123404));
#249 = CARTESIAN_POINT('',(90.365265386545,46.641053112473));
#250 = CARTESIAN_POINT('',(90.399245068643,46.745887422619));
#251 = CARTESIAN_POINT('',(90.43941976662,46.850763688234));
#252 = CARTESIAN_POINT('',(90.48434640144,46.953243080795));
#253 = CARTESIAN_POINT('',(90.583901586533,47.153483588632));
#254 = CARTESIAN_POINT('',(90.638452378125,47.251181898145));
#255 = CARTESIAN_POINT('',(90.698160221689,47.346411974789));
#256 = CARTESIAN_POINT('',(90.759825252458,47.437186874385));
#257 = CARTESIAN_POINT('',(90.833563970793,47.529004290166));
#258 = CARTESIAN_POINT('',(90.893342963143,47.607048351444));
#259 = CARTESIAN_POINT('',(90.98719958756,47.698461759175));
#260 = CARTESIAN_POINT('',(91.044902864546,47.763557377459));
#261 = CARTESIAN_POINT('',(91.144018951586,47.844604841932));
#262 = CARTESIAN_POINT('',(91.217058497848,47.909012736469));
#263 = CARTESIAN_POINT('',(91.30868401121,47.970404081649));
#264 = CARTESIAN_POINT('',(91.383755046738,48.024349150331));
#265 = CARTESIAN_POINT('',(91.46740450112,48.076828689605));
#266 = CARTESIAN_POINT('',(91.601571599469,48.149552675487));
#267 = ( GEOMETRIC_REPRESENTATION_CONTEXT(2) 
PARAMETRIC_REPRESENTATION_CONTEXT() REPRESENTATION_CONTEXT('2D SPACE',''
  ) );
#268 = PCURVE('',#269,#354);
#269 = ( BOUNDED_SURFACE() B_SPLINE_SURFACE(2,14,(
    (#270,#271,#272,#273,#274,#275,#276,#277,#278,#279,#280,#281,#282
      ,#283,#284,#285,#286,#287,#288,#289,#290,#291,#292,#293,#294,#295
      ,#296,#297)
    ,(#298,#299,#300,#301,#302,#303,#304,#305,#306,#307,#308,#309,#310
      ,#311,#312,#313,#314,#315,#316,#317,#318,#319,#320,#321,#322,#323
      ,#324,#325)
    ,(#326,#327,#328,#329,#330,#331,#332,#333,#334,#335,#336,#337,#338
      ,#339,#340,#341,#342,#343,#344,#345,#346,#347,#348,#349,#350,#351
      ,#352,#353
)),.UNSPECIFIED.,.F.,.F.,.F.) B_SPLINE_SURFACE_WITH_KNOTS((3,3),(15,13,
    15),(0.,4.734101643956),(8.399304520154,10.766193866606,
13.13340616411),.UNSPECIFIED.) GEOMETRIC_REPRESENTATION_ITEM() 
RATIONAL_B_SPLINE_SURFACE((
    (1.,1.000000000001,0.999999999997,1.000000000007,0.999999999985
      ,1.000000000023,0.99999999997,1.000000000032,0.999999999972
      ,1.00000000002,0.999999999988,1.000000000005,0.999999999998,1.,1.
      ,1.,1.,1.,1.,1.000000000001,0.999999999999,1.000000000001
      ,0.999999999999,1.000000000001,1.,1.,1.,1.)
    ,(0.707106781187,0.707106781187,0.707106781185,0.707106781191
      ,0.707106781178,0.7071067812,0.707106781169,0.707106781205
      ,0.707106781171,0.707106781197,0.70710678118,0.707106781189
      ,0.707106781186,0.707106781187,0.707106781186,0.707106781187
      ,0.707106781184,0.707106781191,0.707106781179,0.707106781197
      ,0.707106781175,0.707106781198,0.707106781178,0.707106781192
      ,0.707106781184,0.707106781187,0.707106781186,0.707106781187)
    ,(1.,1.000000000001,0.999999999997,1.000000000007,0.999999999985
      ,1.000000000023,0.99999999997,1.000000000032,0.999999999972
      ,1.00000000002,0.999999999988,1.000000000005,0.999999999998,1.,1.
      ,1.,1.,1.,1.,1.000000000001,0.999999999999,1.000000000001
,0.999999999999,1.000000000001,1.,1.,1.,1.
))) REPRESENTATION_ITEM('') SURFACE() );
#270 = CARTESIAN_POINT('',(4.644466917784,-2.387624634707,
    -45.74738788119));
#271 = CARTESIAN_POINT('',(4.660448595194,-2.396008851765,
    -45.90803123536));
#272 = CARTESIAN_POINT('',(4.674401326035,-2.400183218366,-45.9880129734
    ));
#273 = CARTESIAN_POINT('',(4.695667384571,-2.404925436406,-46.0788748639
    ));
#274 = CARTESIAN_POINT('',(4.711201737633,-2.410627958222,
    -46.18813637575));
#275 = CARTESIAN_POINT('',(4.753190365603,-2.416567468892,
    -46.30193864377));
#276 = CARTESIAN_POINT('',(4.781782277651,-2.421449031989,
    -46.39547041463));
#277 = CARTESIAN_POINT('',(4.820944702249,-2.426834604159,
    -46.49865910507));
#278 = CARTESIAN_POINT('',(4.871453564499,-2.432373810821,
    -46.60479146429));
#279 = CARTESIAN_POINT('',(4.916694352275,-2.437243172915,
    -46.69808946158));
#280 = CARTESIAN_POINT('',(4.974889203693,-2.442463392415,
    -46.79810996006));
#281 = CARTESIAN_POINT('',(5.033676380896,-2.447321777399,
    -46.89119763354));
#282 = CARTESIAN_POINT('',(5.098477528654,-2.452102641598,
    -46.98279999253));
#283 = CARTESIAN_POINT('',(5.167292613355,-2.456701350533,
    -47.07091221852));
#284 = CARTESIAN_POINT('',(5.313161196549,-2.46553572394,-47.24018066259
    ));
#285 = CARTESIAN_POINT('',(5.390123847496,-2.469769215696,
    -47.32129525097));
#286 = CARTESIAN_POINT('',(5.471475434438,-2.473811739847,
    -47.39875086007));
#287 = CARTESIAN_POINT('',(5.553624875057,-2.477604071117,
    -47.47141272113));
#288 = CARTESIAN_POINT('',(5.64773211968,-2.48129384694,-47.54210959847)
  );
#289 = CARTESIAN_POINT('',(5.724913739787,-2.484467385901,-47.6029152693
    ));
#290 = CARTESIAN_POINT('',(5.838417695569,-2.487878129497,
    -47.66826583077));
#291 = CARTESIAN_POINT('',(5.910394005969,-2.490424323269,
    -47.71705143646));
#292 = CARTESIAN_POINT('',(6.026438180178,-2.493243867127,
    -47.77107448713));
#293 = CARTESIAN_POINT('',(6.113107316161,-2.495558168423,
    -47.81541698447));
#294 = CARTESIAN_POINT('',(6.217044172236,-2.497481171152,
    -47.85226211936));
#295 = CARTESIAN_POINT('',(6.30310138574,-2.499240876364,-47.88597843964
    ));
#296 = CARTESIAN_POINT('',(6.397110514415,-2.50081627744,-47.91616345408
    ));
#297 = CARTESIAN_POINT('',(6.545069812936,-2.502764801816,
    -47.95349758908));
#298 = CARTESIAN_POINT('',(3.154974774971,-2.396862355764,
    -45.92438455067));
#299 = CARTESIAN_POINT('',(3.171582654988,-2.405520860535,
    -46.09028331485));
#300 = CARTESIAN_POINT('',(3.195674328981,-2.414151575943,
    -46.25564962903));
#301 = CARTESIAN_POINT('',(3.227558804285,-2.422873759914,
    -46.42276850004));
#302 = CARTESIAN_POINT('',(3.267273134335,-2.431534120077,
    -46.58870281384));
#303 = CARTESIAN_POINT('',(3.315586813249,-2.44030706935,-46.75679435877
    ));
#304 = CARTESIAN_POINT('',(3.371546924485,-2.448860809705,
    -46.92068581465));
#305 = CARTESIAN_POINT('',(3.435900528294,-2.45741081954,-47.08450579331
    ));
#306 = CARTESIAN_POINT('',(3.508537807125,-2.465874096321,-47.2466639482
    ));
#307 = CARTESIAN_POINT('',(3.588881722935,-2.474078877138,
    -47.40386926652));
#308 = CARTESIAN_POINT('',(3.677316686637,-2.482205561786,
    -47.55957824573));
#309 = CARTESIAN_POINT('',(3.773204834492,-2.490055529197,
    -47.70998526486));
#310 = CARTESIAN_POINT('',(3.876434072262,-2.497689126417,
    -47.85624658577));
#311 = CARTESIAN_POINT('',(3.986587660613,-2.50504820313,-47.99724803631
    ));
#312 = CARTESIAN_POINT('',(4.219973203605,-2.519182968526,
    -48.26807310061));
#313 = CARTESIAN_POINT('',(4.343206618795,-2.525957837622,
    -48.39788101089));
#314 = CARTESIAN_POINT('',(4.472557328535,-2.532415331733,
    -48.52160794998));
#315 = CARTESIAN_POINT('',(4.607627287309,-2.538532138944,
    -48.63880725688));
#316 = CARTESIAN_POINT('',(4.747706778114,-2.544291870099,
    -48.74916491152));
#317 = CARTESIAN_POINT('',(4.892864298688,-2.549669640393,
    -48.85220411649));
#318 = CARTESIAN_POINT('',(5.041212661776,-2.554665326342,
    -48.94792250491));
#319 = CARTESIAN_POINT('',(5.194546425195,-2.559251455272,
    -49.03579369564));
#320 = CARTESIAN_POINT('',(5.348698019456,-2.56343015047,-49.11585837028
    ));
#321 = CARTESIAN_POINT('',(5.507470078582,-2.567203988049,
    -49.18816588854));
#322 = CARTESIAN_POINT('',(5.665763831346,-2.570544543234,-49.2521716252
    ));
#323 = CARTESIAN_POINT('',(5.826228672319,-2.573484930714,
    -49.30851006496));
#324 = CARTESIAN_POINT('',(5.986668540376,-2.576017146853,
    -49.35702785632));
#325 = CARTESIAN_POINT('',(6.148537330212,-2.578164390119,
    -49.39816948686));
#326 = CARTESIAN_POINT('',(3.154974774971,-0.898901155743,
    -46.00256538741));
#327 = CARTESIAN_POINT('',(3.171582654988,-0.907559660514,
    -46.16846415159));
#328 = CARTESIAN_POINT('',(3.19567432898,-0.916190375922,-46.33383046576
    ));
#329 = CARTESIAN_POINT('',(3.22755880429,-0.924912559895,-46.50094933678
    ));
#330 = CARTESIAN_POINT('',(3.267273134325,-0.933572920053,
    -46.66688365058));
#331 = CARTESIAN_POINT('',(3.315586813265,-0.942345869334,
    -46.83497519551));
#332 = CARTESIAN_POINT('',(3.371546924464,-0.950899609679,
    -46.99886665138));
#333 = CARTESIAN_POINT('',(3.435900528317,-0.959449619524,
    -47.16268663005));
#334 = CARTESIAN_POINT('',(3.508537807106,-0.967912896297,
    -47.32484478493));
#335 = CARTESIAN_POINT('',(3.588881722949,-0.97611767712,-47.48205010326
    ));
#336 = CARTESIAN_POINT('',(3.67731668663,-0.984244361764,-47.63775908247
    ));
#337 = CARTESIAN_POINT('',(3.773204834495,-0.992094329177,-47.7881661016
    ));
#338 = CARTESIAN_POINT('',(3.876434072261,-0.999727926396,
    -47.93442742251));
#339 = CARTESIAN_POINT('',(3.986587660613,-1.007087003109,
    -48.07542887305));
#340 = CARTESIAN_POINT('',(4.219973203605,-1.021221768506,
    -48.34625393734));
#341 = CARTESIAN_POINT('',(4.343206618795,-1.027996637602,
    -48.47606184763));
#342 = CARTESIAN_POINT('',(4.472557328535,-1.03445413171,-48.59978878672
    ));
#343 = CARTESIAN_POINT('',(4.607627287308,-1.040570938928,
    -48.71698809361));
#344 = CARTESIAN_POINT('',(4.747706778114,-1.046330670072,
    -48.82734574826));
#345 = CARTESIAN_POINT('',(4.89286429869,-1.051708440382,-48.93038495322
    ));
#346 = CARTESIAN_POINT('',(5.041212661772,-1.056704126311,
    -49.02610334165));
#347 = CARTESIAN_POINT('',(5.1945464252,-1.06129025526,-49.11397453236)
  );
#348 = CARTESIAN_POINT('',(5.34869801945,-1.065468950442,-49.19403920702
    ));
#349 = CARTESIAN_POINT('',(5.507470078587,-1.069242788033,
    -49.26634672527));
#350 = CARTESIAN_POINT('',(5.665763831343,-1.072583343212,
    -49.33035246194));
#351 = CARTESIAN_POINT('',(5.82622867232,-1.075523730694,-49.3866909017)
  );
#352 = CARTESIAN_POINT('',(5.986668540376,-1.078055946832,
    -49.43520869306));
#353 = CARTESIAN_POINT('',(6.148537330212,-1.080203190099,
    -49.47635032359));
#354 = DEFINITIONAL_REPRESENTATION('',(#355),#359);
#355 = LINE('',#356,#357);
#356 = CARTESIAN_POINT('',(0.,0.));
#357 = VECTOR('',#358,1.);
#358 = DIRECTION('',(0.,1.));
#359 = ( GEOMETRIC_REPRESENTATION_CONTEXT(2) 
PARAMETRIC_REPRESENTATION_CONTEXT() REPRESENTATION_CONTEXT('2D SPACE',''
  ) );
#360 = ORIENTED_EDGE('',*,*,#361,.T.);
#361 = EDGE_CURVE('',#204,#362,#364,.T.);
#362 = VERTEX_POINT('',#363);
#363 = CARTESIAN_POINT('',(10.504571020883,-2.55528681168,
    -48.95983029425));
#364 = SURFACE_CURVE('',#365,(#376,#390),.PCURVE_S1.);
#365 = ( BOUNDED_CURVE() B_SPLINE_CURVE(9,(#366,#367,#368,#369,#370,#371
    ,#372,#373,#374,#375),.UNSPECIFIED.,.F.,.F.) 
B_SPLINE_CURVE_WITH_KNOTS((10,10),(13.13340616411,17.343629352475),
.PIECEWISE_BEZIER_KNOTS.) CURVE() GEOMETRIC_REPRESENTATION_ITEM() 
RATIONAL_B_SPLINE_CURVE((1.,1.,1.,1.,1.,1.,1.,1.,1.,1.)) 
REPRESENTATION_ITEM('') );
#366 = CARTESIAN_POINT('',(6.545069812936,-2.502764801816,
    -47.95349758908));
#367 = CARTESIAN_POINT('',(6.954420666642,-2.508155677042,
    -48.05678788706));
#368 = CARTESIAN_POINT('',(7.401086361528,-2.514143581603,
    -48.17151739211));
#369 = CARTESIAN_POINT('',(7.854965736068,-2.52009355671,-48.28552016085
    ));
#370 = CARTESIAN_POINT('',(8.299675437616,-2.526040272243,
    -48.39946047548));
#371 = CARTESIAN_POINT('',(8.7481190673,-2.531990289921,-48.51346405992)
  );
#372 = CARTESIAN_POINT('',(9.193366188981,-2.537847137665,
    -48.62568248888));
#373 = CARTESIAN_POINT('',(9.64694625779,-2.543935399229,-48.74233485511
    ));
#374 = CARTESIAN_POINT('',(10.094935730839,-2.549817441511,
    -48.85503601671));
#375 = CARTESIAN_POINT('',(10.504571020883,-2.55528681168,
    -48.95983029425));
#376 = PCURVE('',#32,#377);
#377 = DEFINITIONAL_REPRESENTATION('',(#378),#389);
#378 = B_SPLINE_CURVE_WITH_KNOTS('',9,(#379,#380,#381,#382,#383,#384,
    #385,#386,#387,#388),.UNSPECIFIED.,.F.,.F.,(10,10),(13.13340616411,
    17.343629352475),.PIECEWISE_BEZIER_KNOTS.);
#379 = CARTESIAN_POINT('',(91.601571599469,48.149552675487));
#380 = CARTESIAN_POINT('',(91.972764331521,48.350754127508));
#381 = CARTESIAN_POINT('',(92.377293743603,48.572260136615));
#382 = CARTESIAN_POINT('',(92.788993460325,48.794840152303));
#383 = CARTESIAN_POINT('',(93.191822228002,49.015097867914));
#384 = CARTESIAN_POINT('',(93.598253936759,49.236337952701));
#385 = CARTESIAN_POINT('',(94.002028800754,49.455057263738));
#386 = CARTESIAN_POINT('',(94.412784048098,49.680134688384));
#387 = CARTESIAN_POINT('',(94.819097310313,49.899998853622));
#388 = CARTESIAN_POINT('',(95.190194230647,50.102729959232));
#389 = ( GEOMETRIC_REPRESENTATION_CONTEXT(2) 
PARAMETRIC_REPRESENTATION_CONTEXT() REPRESENTATION_CONTEXT('2D SPACE',''
  ) );
#390 = PCURVE('',#391,#422);
#391 = ( BOUNDED_SURFACE() B_SPLINE_SURFACE(2,9,(
    (#392,#393,#394,#395,#396,#397,#398,#399,#400,#401)
    ,(#402,#403,#404,#405,#406,#407,#408,#409,#410,#411)
    ,(#412,#413,#414,#415,#416,#417,#418,#419,#420,#421
)),.UNSPECIFIED.,.F.,.F.,.F.) B_SPLINE_SURFACE_WITH_KNOTS((3,3),(10,10),
  (0.,4.210223188365),(13.13340616411,17.343629352475),
.PIECEWISE_BEZIER_KNOTS.) GEOMETRIC_REPRESENTATION_ITEM() 
RATIONAL_B_SPLINE_SURFACE((
    (1.,1.,1.,1.,1.,1.,1.,1.,1.,1.)
    ,(0.707106781187,0.707106781187,0.707106781186,0.707106781187
      ,0.707106781186,0.707106781187,0.707106781187,0.707106781187
      ,0.707106781187,0.707106781187)
,(1.,1.,1.,1.,1.,1.,1.,1.,1.,1.))) REPRESENTATION_ITEM('') SURFACE() );
#392 = CARTESIAN_POINT('',(6.545069812936,-2.502764801816,
    -47.95349758908));
#393 = CARTESIAN_POINT('',(6.954420666642,-2.508155677042,
    -48.05678788706));
#394 = CARTESIAN_POINT('',(7.401086361528,-2.514143581603,
    -48.17151739211));
#395 = CARTESIAN_POINT('',(7.854965736068,-2.52009355671,-48.28552016085
    ));
#396 = CARTESIAN_POINT('',(8.299675437616,-2.526040272243,
    -48.39946047548));
#397 = CARTESIAN_POINT('',(8.7481190673,-2.531990289921,-48.51346405992)
  );
#398 = CARTESIAN_POINT('',(9.193366188981,-2.537847137665,
    -48.62568248888));
#399 = CARTESIAN_POINT('',(9.64694625779,-2.543935399229,-48.74233485511
    ));
#400 = CARTESIAN_POINT('',(10.094935730839,-2.549817441511,
    -48.85503601671));
#401 = CARTESIAN_POINT('',(10.504571020883,-2.55528681168,
    -48.95983029425));
#402 = CARTESIAN_POINT('',(6.148537330212,-2.578164390119,
    -49.39816948686));
#403 = CARTESIAN_POINT('',(6.596370808537,-2.584105049969,
    -49.51199377333));
#404 = CARTESIAN_POINT('',(7.040070264417,-2.589990870638,
    -49.62476732962));
#405 = CARTESIAN_POINT('',(7.48623250919,-2.595909361019,-49.73816684444
    ));
#406 = CARTESIAN_POINT('',(7.930422675137,-2.60180169112,-49.85106512281
    ));
#407 = CARTESIAN_POINT('',(8.3775483207,-2.607732961333,-49.96470950188)
  );
#408 = CARTESIAN_POINT('',(8.821751644337,-2.613625465975,
    -50.07761112449));
#409 = CARTESIAN_POINT('',(9.267840280459,-2.619542979914,
    -50.19099193046));
#410 = CARTESIAN_POINT('',(9.711434331026,-2.625427402346,
    -50.30373869624));
#411 = CARTESIAN_POINT('',(10.159129020659,-2.631366221117,
    -50.41752770728));
#412 = CARTESIAN_POINT('',(6.148537330212,-1.080203190099,
    -49.47635032359));
#413 = CARTESIAN_POINT('',(6.596370808537,-1.086143849948,
    -49.59017461007));
#414 = CARTESIAN_POINT('',(7.040070264417,-1.092029670617,
    -49.70294816636));
#415 = CARTESIAN_POINT('',(7.48623250919,-1.097948160999,-49.81634768118
    ));
#416 = CARTESIAN_POINT('',(7.930422675137,-1.1038404911,-49.92924595955)
  );
#417 = CARTESIAN_POINT('',(8.3775483207,-1.109771761313,-50.04289033862)
  );
#418 = CARTESIAN_POINT('',(8.821751644337,-1.115664265955,
    -50.15579196123));
#419 = CARTESIAN_POINT('',(9.267840280459,-1.121581779893,
    -50.26917276719));
#420 = CARTESIAN_POINT('',(9.711434331026,-1.127466202325,
    -50.38191953298));
#421 = CARTESIAN_POINT('',(10.159129020659,-1.133405021097,
    -50.49570854401));
#422 = DEFINITIONAL_REPRESENTATION('',(#423),#427);
#423 = LINE('',#424,#425);
#424 = CARTESIAN_POINT('',(0.,0.));
#425 = VECTOR('',#426,1.);
#426 = DIRECTION('',(0.,1.));
#427 = ( GEOMETRIC_REPRESENTATION_CONTEXT(2) 
PARAMETRIC_REPRESENTATION_CONTEXT() REPRESENTATION_CONTEXT('2D SPACE',''
  ) );
#428 = ORIENTED_EDGE('',*,*,#429,.T.);
#429 = EDGE_CURVE('',#362,#430,#432,.T.);
#430 = VERTEX_POINT('',#431);
#431 = CARTESIAN_POINT('',(13.333987964357,-2.492359433384,
    -47.75412855142));
#432 = SURFACE_CURVE('',#433,(#475,#520),.PCURVE_S1.);
#433 = ( BOUNDED_CURVE() B_SPLINE_CURVE(14,(#434,#435,#436,#437,#438,
    #439,#440,#441,#442,#443,#444,#445,#446,#447,#448,#449,#450,#451,
    #452,#453,#454,#455,#456,#457,#458,#459,#460,#461,#462,#463,#464,
    #465,#466,#467,#468,#469,#470,#471,#472,#473,#474),.UNSPECIFIED.,.F.
,.F.) B_SPLINE_CURVE_WITH_KNOTS((15,13,13,15),(17.343629352475,
    19.860996773959,21.601125469679,22.378913137998),.UNSPECIFIED.) 
CURVE() GEOMETRIC_REPRESENTATION_ITEM() RATIONAL_B_SPLINE_CURVE((1.,
    0.999999999999,1.000000000004,0.999999999988,1.000000000024,
    0.999999999962,1.000000000048,0.999999999949,1.000000000044,
    0.999999999968,1.000000000019,0.999999999991,1.000000000004,
    0.999999999999,1.000000000001,0.999999999994,1.000000000017,
    0.999999999965,1.000000000056,0.999999999927,1.000000000078,
    0.999999999932,1.000000000049,0.999999999971,1.000000000014,
    0.999999999995,1.000000000001,0.999999999999,1.000000000002,
    0.999999999993,1.000000000014,0.999999999978,1.000000000027,
    0.999999999971,1.000000000025,0.999999999982,1.00000000001,
0.999999999995,1.000000000002,1.,1.)) REPRESENTATION_ITEM('') );
#434 = CARTESIAN_POINT('',(10.504571020883,-2.55528681168,
    -48.95983029425));
#435 = CARTESIAN_POINT('',(10.662024886142,-2.557389104854,
    -49.00011067159));
#436 = CARTESIAN_POINT('',(10.751006633509,-2.558192098434,
    -49.01549619672));
#437 = CARTESIAN_POINT('',(10.850829111175,-2.558893642841,
    -49.0289379344));
#438 = CARTESIAN_POINT('',(10.970209857126,-2.559898639615,
    -49.04819388305));
#439 = CARTESIAN_POINT('',(11.091044674246,-2.56006874705,
    -49.05145317703));
#440 = CARTESIAN_POINT('',(11.204568674111,-2.56002492612,
    -49.05061355899));
#441 = CARTESIAN_POINT('',(11.319800782777,-2.55991422311,
    -49.04849246595));
#442 = CARTESIAN_POINT('',(11.440718370682,-2.559284196033,
    -49.03642101544));
#443 = CARTESIAN_POINT('',(11.559164869061,-2.55829617783,
    -49.01749037966));
#444 = CARTESIAN_POINT('',(11.673761679972,-2.557193012704,
    -48.99635350499));
#445 = CARTESIAN_POINT('',(11.7920899629,-2.555576733141,-48.96538525011
    ));
#446 = CARTESIAN_POINT('',(11.905952858419,-2.553748208586,
    -48.93035033684));
#447 = CARTESIAN_POINT('',(12.018764889127,-2.551582848331,-48.888861581
    ));
#448 = CARTESIAN_POINT('',(12.205205332847,-2.547425867958,
    -48.80921296673));
#449 = CARTESIAN_POINT('',(12.280242357728,-2.545585220859,
    -48.77394578296));
#450 = CARTESIAN_POINT('',(12.353970952746,-2.543605800079,
    -48.73601966639));
#451 = CARTESIAN_POINT('',(12.426252471496,-2.541491429437,
    -48.69550788224));
#452 = CARTESIAN_POINT('',(12.496954393402,-2.539246595012,
    -48.65249638462));
#453 = CARTESIAN_POINT('',(12.565951073256,-2.536876231496,
    -48.60707972346));
#454 = CARTESIAN_POINT('',(12.633123771192,-2.534385628892,
    -48.55935925603));
#455 = CARTESIAN_POINT('',(12.69835996275,-2.531780459431,
    -48.50944366385));
#456 = CARTESIAN_POINT('',(12.761551929169,-2.529066924908,
    -48.45745177416));
#457 = CARTESIAN_POINT('',(12.822594628124,-2.526252024163,
    -48.40351768664));
#458 = CARTESIAN_POINT('',(12.881382844335,-2.523343941031,
    -48.34779820494));
#459 = CARTESIAN_POINT('',(12.937807620826,-2.520352552436,
    -48.2904825732));
#460 = CARTESIAN_POINT('',(12.991751970065,-2.517290056902,
    -48.23180451758));
#461 = CARTESIAN_POINT('',(13.066030646038,-2.512777917511,
    -48.14535098218));
#462 = CARTESIAN_POINT('',(13.088428300045,-2.511375302723,
    -48.11847658919));
#463 = CARTESIAN_POINT('',(13.110542647828,-2.509940623437,
    -48.09098783368));
#464 = CARTESIAN_POINT('',(13.130909854807,-2.508605528795,
    -48.06540714087));
#465 = CARTESIAN_POINT('',(13.154487112908,-2.506926501425,
    -48.03323662484));
#466 = CARTESIAN_POINT('',(13.169016656704,-2.50600256262,
    -48.01553376403));
#467 = CARTESIAN_POINT('',(13.197357457597,-2.50378687978,
    -47.97308081677));
#468 = CARTESIAN_POINT('',(13.206274057759,-2.503259091991,
    -47.96296829241));
#469 = CARTESIAN_POINT('',(13.234091994608,-2.50098889401,
    -47.91947082365));
#470 = CARTESIAN_POINT('',(13.246108321873,-2.500088821545,
    -47.90222524688));
#471 = CARTESIAN_POINT('',(13.268054032106,-2.498256243656,
    -47.86711267079));
#472 = CARTESIAN_POINT('',(13.28631340572,-2.496703739576,-47.8373663676
    ));
#473 = CARTESIAN_POINT('',(13.30826516842,-2.494742293574,
    -47.79978465154));
#474 = CARTESIAN_POINT('',(13.333987964357,-2.492359433384,
    -47.75412855142));
#475 = PCURVE('',#32,#476);
#476 = DEFINITIONAL_REPRESENTATION('',(#477),#519);
#477 = B_SPLINE_CURVE_WITH_KNOTS('',14,(#478,#479,#480,#481,#482,#483,
    #484,#485,#486,#487,#488,#489,#490,#491,#492,#493,#494,#495,#496,
    #497,#498,#499,#500,#501,#502,#503,#504,#505,#506,#507,#508,#509,
    #510,#511,#512,#513,#514,#515,#516,#517,#518),.UNSPECIFIED.,.F.,.F.,
  (15,13,13,15),(17.343629352475,19.860996773959,21.601125469679,
    22.378913137998),.UNSPECIFIED.);
#478 = CARTESIAN_POINT('',(95.190194230647,50.102729959232));
#479 = CARTESIAN_POINT('',(95.33283488169,50.180654876692));
#480 = CARTESIAN_POINT('',(95.415267528409,50.21753263953));
#481 = CARTESIAN_POINT('',(95.508686063617,50.255197961688));
#482 = CARTESIAN_POINT('',(95.619622592215,50.30332956809));
#483 = CARTESIAN_POINT('',(95.735919193637,50.336296279815));
#484 = CARTESIAN_POINT('',(95.846143228228,50.363482110613));
#485 = CARTESIAN_POINT('',(95.958339089773,50.389845660458));
#486 = CARTESIAN_POINT('',(96.078502380478,50.407955477231));
#487 = CARTESIAN_POINT('',(96.197965028788,50.418799474636));
#488 = CARTESIAN_POINT('',(96.314241844126,50.426552970347));
#489 = CARTESIAN_POINT('',(96.436563043923,50.42568622062));
#490 = CARTESIAN_POINT('',(96.555561221986,50.4197717067));
#491 = CARTESIAN_POINT('',(96.675135002613,50.407335034195));
#492 = CARTESIAN_POINT('',(96.875487344642,50.376027520657));
#493 = CARTESIAN_POINT('',(96.956916550233,50.360311232354));
#494 = CARTESIAN_POINT('',(97.037734469424,50.341691930556));
#495 = CARTESIAN_POINT('',(97.117788633748,50.320206511345));
#496 = CARTESIAN_POINT('',(97.196929409018,50.29590571144));
#497 = CARTESIAN_POINT('',(97.275011643148,50.268850275707));
#498 = CARTESIAN_POINT('',(97.351895281396,50.239109301954));
#499 = CARTESIAN_POINT('',(97.427444374707,50.206760473828));
#500 = CARTESIAN_POINT('',(97.501525240693,50.171892564057));
#501 = CARTESIAN_POINT('',(97.574002914911,50.134609773923));
#502 = CARTESIAN_POINT('',(97.644736736922,50.095038334489));
#503 = CARTESIAN_POINT('',(97.713574356984,50.053335009241));
#504 = CARTESIAN_POINT('',(97.780344683703,50.009697761086));
#505 = CARTESIAN_POINT('',(97.873681229576,49.944121972302));
#506 = CARTESIAN_POINT('',(97.902024475192,49.92356678635));
#507 = CARTESIAN_POINT('',(97.930244904729,49.902345530737));
#508 = CARTESIAN_POINT('',(97.956300911189,49.882544974457));
#509 = CARTESIAN_POINT('',(97.987095376685,49.857141252051));
#510 = CARTESIAN_POINT('',(98.005548371644,49.843545676843));
#511 = CARTESIAN_POINT('',(98.043498813902,49.809338562285));
#512 = CARTESIAN_POINT('',(98.05463757935,49.801724401832));
#513 = CARTESIAN_POINT('',(98.092339293759,49.766374695138));
#514 = CARTESIAN_POINT('',(98.108243774498,49.752602995569));
#515 = CARTESIAN_POINT('',(98.138183745333,49.723941808585));
#516 = CARTESIAN_POINT('',(98.163225882342,49.699578948789));
#517 = CARTESIAN_POINT('',(98.193781560004,49.668523142658));
#518 = CARTESIAN_POINT('',(98.229986015767,49.630561884563));
#519 = ( GEOMETRIC_REPRESENTATION_CONTEXT(2) 
PARAMETRIC_REPRESENTATION_CONTEXT() REPRESENTATION_CONTEXT('2D SPACE',''
  ) );
#520 = PCURVE('',#521,#645);
#521 = ( BOUNDED_SURFACE() B_SPLINE_SURFACE(2,14,(
    (#522,#523,#524,#525,#526,#527,#528,#529,#530,#531,#532,#533,#534
      ,#535,#536,#537,#538,#539,#540,#541,#542,#543,#544,#545,#546,#547
      ,#548,#549,#550,#551,#552,#553,#554,#555,#556,#557,#558,#559,#560
      ,#561,#562)
    ,(#563,#564,#565,#566,#567,#568,#569,#570,#571,#572,#573,#574,#575
      ,#576,#577,#578,#579,#580,#581,#582,#583,#584,#585,#586,#587,#588
      ,#589,#590,#591,#592,#593,#594,#595,#596,#597,#598,#599,#600,#601
      ,#602,#603)
    ,(#604,#605,#606,#607,#608,#609,#610,#611,#612,#613,#614,#615,#616
      ,#617,#618,#619,#620,#621,#622,#623,#624,#625,#626,#627,#628,#629
      ,#630,#631,#632,#633,#634,#635,#636,#637,#638,#639,#640,#641,#642
      ,#643,#644
)),.UNSPECIFIED.,.F.,.F.,.F.) B_SPLINE_SURFACE_WITH_KNOTS((3,3),(15,13,
    13,15),(0.,5.035283785523),(17.343629352475,19.860996773959,
    21.601125469679,22.378913137998),.UNSPECIFIED.) 
GEOMETRIC_REPRESENTATION_ITEM() RATIONAL_B_SPLINE_SURFACE((
    (1.,0.999999999999,1.000000000004,0.999999999988,1.000000000024
      ,0.999999999962,1.000000000048,0.999999999949,1.000000000044
      ,0.999999999968,1.000000000019,0.999999999991,1.000000000004
      ,0.999999999999,1.000000000001,0.999999999994,1.000000000017
      ,0.999999999965,1.000000000056,0.999999999927,1.000000000078
      ,0.999999999932,1.000000000049,0.999999999971,1.000000000014
      ,0.999999999995,1.000000000001,0.999999999999,1.000000000002
      ,0.999999999993,1.000000000014,0.999999999978,1.000000000027
      ,0.999999999971,1.000000000025,0.999999999982,1.00000000001
      ,0.999999999995,1.000000000002,1.,1.)
    ,(0.707106781187,0.707106781186,0.70710678119,0.707106781177
      ,0.707106781205,0.707106781156,0.707106781226,0.707106781145
      ,0.707106781224,0.707106781159,0.707106781203,0.707106781179
      ,0.707106781189,0.707106781186,0.707106781187,0.707106781183
      ,0.707106781197,0.707106781164,0.707106781222,0.70710678114
      ,0.707106781235,0.707106781144,0.707106781217,0.707106781169
      ,0.707106781195,0.707106781184,0.707106781187,0.707106781186
      ,0.707106781188,0.707106781183,0.707106781193,0.707106781176
      ,0.707106781199,0.707106781173,0.707106781198,0.707106781178
      ,0.707106781192,0.707106781184,0.707106781187,0.707106781186
      ,0.707106781187)
    ,(1.,0.999999999999,1.000000000004,0.999999999988,1.000000000024
      ,0.999999999962,1.000000000048,0.999999999949,1.000000000044
      ,0.999999999968,1.000000000019,0.999999999991,1.000000000004
      ,0.999999999999,1.000000000001,0.999999999994,1.000000000017
      ,0.999999999965,1.000000000056,0.999999999927,1.000000000078
      ,0.999999999932,1.000000000049,0.999999999971,1.000000000014
      ,0.999999999995,1.000000000001,0.999999999999,1.000000000002
      ,0.999999999993,1.000000000014,0.999999999978,1.000000000027
      ,0.999999999971,1.000000000025,0.999999999982,1.00000000001
,0.999999999995,1.000000000002,1.,1.
  ))) REPRESENTATION_ITEM('') SURFACE() );
#522 = CARTESIAN_POINT('',(10.504571020883,-2.55528681168,
    -48.95983029425));
#523 = CARTESIAN_POINT('',(10.662024886142,-2.557389104854,
    -49.00011067159));
#524 = CARTESIAN_POINT('',(10.751006633509,-2.558192098434,
    -49.01549619672));
#525 = CARTESIAN_POINT('',(10.850829111175,-2.558893642841,
    -49.0289379344));
#526 = CARTESIAN_POINT('',(10.970209857126,-2.559898639615,
    -49.04819388305));
#527 = CARTESIAN_POINT('',(11.091044674246,-2.56006874705,
    -49.05145317703));
#528 = CARTESIAN_POINT('',(11.204568674111,-2.56002492612,
    -49.05061355899));
#529 = CARTESIAN_POINT('',(11.319800782777,-2.55991422311,
    -49.04849246595));
#530 = CARTESIAN_POINT('',(11.440718370682,-2.559284196033,
    -49.03642101544));
#531 = CARTESIAN_POINT('',(11.559164869061,-2.55829617783,
    -49.01749037966));
#532 = CARTESIAN_POINT('',(11.673761679972,-2.557193012704,
    -48.99635350499));
#533 = CARTESIAN_POINT('',(11.7920899629,-2.555576733141,-48.96538525011
    ));
#534 = CARTESIAN_POINT('',(11.905952858419,-2.553748208586,
    -48.93035033684));
#535 = CARTESIAN_POINT('',(12.018764889127,-2.551582848331,-48.888861581
    ));
#536 = CARTESIAN_POINT('',(12.205205332847,-2.547425867958,
    -48.80921296673));
#537 = CARTESIAN_POINT('',(12.280242357728,-2.545585220859,
    -48.77394578296));
#538 = CARTESIAN_POINT('',(12.353970952746,-2.543605800079,
    -48.73601966639));
#539 = CARTESIAN_POINT('',(12.426252471496,-2.541491429437,
    -48.69550788224));
#540 = CARTESIAN_POINT('',(12.496954393402,-2.539246595012,
    -48.65249638462));
#541 = CARTESIAN_POINT('',(12.565951073256,-2.536876231496,
    -48.60707972346));
#542 = CARTESIAN_POINT('',(12.633123771192,-2.534385628892,
    -48.55935925603));
#543 = CARTESIAN_POINT('',(12.69835996275,-2.531780459431,
    -48.50944366385));
#544 = CARTESIAN_POINT('',(12.761551929169,-2.529066924908,
    -48.45745177416));
#545 = CARTESIAN_POINT('',(12.822594628124,-2.526252024163,
    -48.40351768664));
#546 = CARTESIAN_POINT('',(12.881382844335,-2.523343941031,
    -48.34779820494));
#547 = CARTESIAN_POINT('',(12.937807620826,-2.520352552436,
    -48.2904825732));
#548 = CARTESIAN_POINT('',(12.991751970065,-2.517290056902,
    -48.23180451758));
#549 = CARTESIAN_POINT('',(13.066030646038,-2.512777917511,
    -48.14535098218));
#550 = CARTESIAN_POINT('',(13.088428300045,-2.511375302723,
    -48.11847658919));
#551 = CARTESIAN_POINT('',(13.110542647828,-2.509940623437,
    -48.09098783368));
#552 = CARTESIAN_POINT('',(13.130909854807,-2.508605528795,
    -48.06540714087));
#553 = CARTESIAN_POINT('',(13.154487112908,-2.506926501425,
    -48.03323662484));
#554 = CARTESIAN_POINT('',(13.169016656704,-2.50600256262,
    -48.01553376403));
#555 = CARTESIAN_POINT('',(13.197357457597,-2.50378687978,
    -47.97308081677));
#556 = CARTESIAN_POINT('',(13.206274057759,-2.503259091991,
    -47.96296829241));
#557 = CARTESIAN_POINT('',(13.234091994608,-2.50098889401,
    -47.91947082365));
#558 = CARTESIAN_POINT('',(13.246108321873,-2.500088821545,
    -47.90222524688));
#559 = CARTESIAN_POINT('',(13.268054032106,-2.498256243656,
    -47.86711267079));
#560 = CARTESIAN_POINT('',(13.28631340572,-2.496703739576,-47.8373663676
    ));
#561 = CARTESIAN_POINT('',(13.30826516842,-2.494742293574,
    -47.79978465154));
#562 = CARTESIAN_POINT('',(13.333987964357,-2.492359433384,
    -47.75412855142));
#563 = CARTESIAN_POINT('',(10.159129020659,-2.631366221117,
    -50.41752770728));
#564 = CARTESIAN_POINT('',(10.331211995568,-2.633648958942,
    -50.46126544191));
#565 = CARTESIAN_POINT('',(10.505884747089,-2.635509619319,
    -50.49691608428));
#566 = CARTESIAN_POINT('',(10.685053826549,-2.636967896976,
    -50.5248569895));
#567 = CARTESIAN_POINT('',(10.86729949275,-2.637979322211,
    -50.54423610877));
#568 = CARTESIAN_POINT('',(11.0527586191,-2.638526860776,-50.55472706228
    ));
#569 = CARTESIAN_POINT('',(11.239643061504,-2.638591798073,
    -50.55597127454));
#570 = CARTESIAN_POINT('',(11.427588876212,-2.638161889378,
    -50.54773413388));
#571 = CARTESIAN_POINT('',(11.616662588489,-2.637229436867,
    -50.5298681486));
#572 = CARTESIAN_POINT('',(11.805409451241,-2.63578527031,
    -50.50219761496));
#573 = CARTESIAN_POINT('',(11.992732159634,-2.633827192198,
    -50.46468042843));
#574 = CARTESIAN_POINT('',(12.1789293493,-2.631363117313,-50.41746823773
    ));
#575 = CARTESIAN_POINT('',(12.362301888527,-2.628395092367,
    -50.36060025837));
#576 = CARTESIAN_POINT('',(12.542592120457,-2.624937418223,
    -50.29435049787));
#577 = CARTESIAN_POINT('',(12.84089083022,-2.618286381419,
    -50.16691524023));
#578 = CARTESIAN_POINT('',(12.960950595088,-2.615341074893,
    -50.11048255054));
#579 = CARTESIAN_POINT('',(13.078918281869,-2.612174008361,
    -50.04980089272));
#580 = CARTESIAN_POINT('',(13.194571023795,-2.608791235991,
    -49.9849862659));
#581 = CARTESIAN_POINT('',(13.307695495169,-2.605199684437,
    -49.91617138616));
#582 = CARTESIAN_POINT('',(13.418089311893,-2.601407097228,
    -49.84350462126));
#583 = CARTESIAN_POINT('',(13.525562278066,-2.59742197815,
    -49.76714890532));
#584 = CARTESIAN_POINT('',(13.629937477101,-2.593253533506,
    -49.68728063329));
#585 = CARTESIAN_POINT('',(13.731052209002,-2.58891161344,
    -49.60408853572));
#586 = CARTESIAN_POINT('',(13.828758772406,-2.584406652078,
    -49.5177725329));
#587 = CARTESIAN_POINT('',(13.922925092315,-2.579749606765,
    -49.42854256967));
#588 = CARTESIAN_POINT('',(14.013435193087,-2.574951896131,
    -49.33661742946));
#589 = CARTESIAN_POINT('',(14.100189516757,-2.570025337195,
    -49.2422235288));
#590 = CARTESIAN_POINT('',(14.220165970877,-2.56272789053,-49.1024029229
    ));
#591 = CARTESIAN_POINT('',(14.256460035515,-2.560450380379,
    -49.05876535158));
#592 = CARTESIAN_POINT('',(14.291979626541,-2.558150662545,
    -49.01470227638));
#593 = CARTESIAN_POINT('',(14.326719816753,-2.555829672615,
    -48.97023162343));
#594 = CARTESIAN_POINT('',(14.360668909004,-2.553489048987,
    -48.92538478461));
#595 = CARTESIAN_POINT('',(14.393836064727,-2.55112857359,
    -48.88015758191));
#596 = CARTESIAN_POINT('',(14.426190259996,-2.548751824909,
    -48.83461857947));
#597 = CARTESIAN_POINT('',(14.457767011838,-2.546356295813,
    -48.78871974056));
#598 = CARTESIAN_POINT('',(14.488520542434,-2.543947114567,
    -48.74255932341));
#599 = CARTESIAN_POINT('',(14.518493468047,-2.541521286919,
    -48.69607995784));
#600 = CARTESIAN_POINT('',(14.547663670129,-2.539081921002,
    -48.64934119614));
#601 = CARTESIAN_POINT('',(14.576060302519,-2.536627142526,
    -48.60230712662));
#602 = CARTESIAN_POINT('',(14.603688718558,-2.534157411129,
    -48.55498655598));
#603 = CARTESIAN_POINT('',(14.630605794485,-2.531667533587,
    -48.50727998098));
#604 = CARTESIAN_POINT('',(10.159129020659,-1.133405021097,
    -50.49570854401));
#605 = CARTESIAN_POINT('',(10.331211995569,-1.135687758921,
    -50.53944627864));
#606 = CARTESIAN_POINT('',(10.505884747088,-1.137548419298,
    -50.57509692102));
#607 = CARTESIAN_POINT('',(10.685053826551,-1.139006696954,
    -50.60303782623));
#608 = CARTESIAN_POINT('',(10.867299492746,-1.140018122192,
    -50.62241694551));
#609 = CARTESIAN_POINT('',(11.052758619106,-1.140565660751,
    -50.63290789901));
#610 = CARTESIAN_POINT('',(11.239643061497,-1.140630598058,
    -50.63415211128));
#611 = CARTESIAN_POINT('',(11.427588876218,-1.140200689351,
    -50.62591497061));
#612 = CARTESIAN_POINT('',(11.616662588484,-1.139268236852,
    -50.60804898534));
#613 = CARTESIAN_POINT('',(11.805409451244,-1.137824070284,
    -50.58037845169));
#614 = CARTESIAN_POINT('',(11.992732159633,-1.135865992181,
    -50.54286126517));
#615 = CARTESIAN_POINT('',(12.1789293493,-1.133401917291,-50.49564907446
    ));
#616 = CARTESIAN_POINT('',(12.362301888527,-1.130433892346,
    -50.4387810951));
#617 = CARTESIAN_POINT('',(12.542592120457,-1.126976218202,
    -50.3725313346));
#618 = CARTESIAN_POINT('',(12.84089083022,-1.120325181399,
    -50.24509607696));
#619 = CARTESIAN_POINT('',(12.960950595089,-1.117379874872,
    -50.18866338727));
#620 = CARTESIAN_POINT('',(13.078918281866,-1.11421280834,
    -50.12798172945));
#621 = CARTESIAN_POINT('',(13.194571023801,-1.110830035972,
    -50.06316710263));
#622 = CARTESIAN_POINT('',(13.307695495157,-1.107238484414,
    -49.99435222289));
#623 = CARTESIAN_POINT('',(13.41808931191,-1.103445897211,-49.921685458)
  );
#624 = CARTESIAN_POINT('',(13.525562278045,-1.099460778125,
    -49.84532974205));
#625 = CARTESIAN_POINT('',(13.629937477121,-1.09529233349,
    -49.76546147003));
#626 = CARTESIAN_POINT('',(13.731052208985,-1.090950413416,
    -49.68226937245));
#627 = CARTESIAN_POINT('',(13.828758772417,-1.086445452059,
    -49.59595336963));
#628 = CARTESIAN_POINT('',(13.92292509231,-1.081788406744,
    -49.50672340641));
#629 = CARTESIAN_POINT('',(14.013435193089,-1.07699069611,
    -49.41479826619));
#630 = CARTESIAN_POINT('',(14.100189516756,-1.072064137174,
    -49.32040436554));
#631 = CARTESIAN_POINT('',(14.220165970877,-1.06476669051,
    -49.18058375964));
#632 = CARTESIAN_POINT('',(14.256460035513,-1.062489180359,
    -49.13694618832));
#633 = CARTESIAN_POINT('',(14.291979626547,-1.060189462524,
    -49.09288311312));
#634 = CARTESIAN_POINT('',(14.326719816739,-1.057868472594,
    -49.04841246017));
#635 = CARTESIAN_POINT('',(14.360668909028,-1.055527848967,
    -49.00356562134));
#636 = CARTESIAN_POINT('',(14.393836064694,-1.053167373568,
    -48.95833841866));
#637 = CARTESIAN_POINT('',(14.426190260033,-1.05079062489,
    -48.91279941619));
#638 = CARTESIAN_POINT('',(14.457767011803,-1.048395095791,
    -48.86690057731));
#639 = CARTESIAN_POINT('',(14.488520542461,-1.045985914547,
    -48.82074016013));
#640 = CARTESIAN_POINT('',(14.518493468031,-1.043560086897,
    -48.77426079458));
#641 = CARTESIAN_POINT('',(14.547663670137,-1.041120720982,
    -48.72752203287));
#642 = CARTESIAN_POINT('',(14.576060302516,-1.038665942506,
    -48.68048796335));
#643 = CARTESIAN_POINT('',(14.603688718558,-1.036196211109,
    -48.63316739271));
#644 = CARTESIAN_POINT('',(14.630605794485,-1.033706333567,
    -48.58546081772));
#645 = DEFINITIONAL_REPRESENTATION('',(#646),#650);
#646 = LINE('',#647,#648);
#647 = CARTESIAN_POINT('',(0.,0.));
#648 = VECTOR('',#649,1.);
#649 = DIRECTION('',(0.,1.));
#650 = ( GEOMETRIC_REPRESENTATION_CONTEXT(2) 
PARAMETRIC_REPRESENTATION_CONTEXT() REPRESENTATION_CONTEXT('2D SPACE',''
  ) );
#651 = ORIENTED_EDGE('',*,*,#652,.T.);
#652 = EDGE_CURVE('',#430,#653,#655,.T.);
#653 = VERTEX_POINT('',#654);
#654 = CARTESIAN_POINT('',(17.362311645359,-2.080467013452,
    -39.86218355051));
#655 = SURFACE_CURVE('',#656,(#677,#692),.PCURVE_S1.);
#656 = B_SPLINE_CURVE_WITH_KNOTS('',10,(#657,#658,#659,#660,#661,#662,
    #663,#664,#665,#666,#667,#668,#669,#670,#671,#672,#673,#674,#675,
    #676),.UNSPECIFIED.,.F.,.F.,(11,9,11),(22.378913137998,
    36.758499211025,38.464832552187),.UNSPECIFIED.);
#657 = CARTESIAN_POINT('',(13.333987964357,-2.492359433384,
    -47.75412855142));
#658 = CARTESIAN_POINT('',(13.999769182804,-2.430684039908,
    -46.57241509988));
#659 = CARTESIAN_POINT('',(14.676900830092,-2.36612236452,
    -45.33539988262));
#660 = CARTESIAN_POINT('',(15.334197578677,-2.300634680779,
    -44.08064215145));
#661 = CARTESIAN_POINT('',(15.969291960673,-2.235693818555,
    -42.83636163503));
#662 = CARTESIAN_POINT('',(16.593661496062,-2.168869101363,-41.555986063
    ));
#663 = CARTESIAN_POINT('',(17.200567608583,-2.101929116102,
    -40.27340193065));
#664 = CARTESIAN_POINT('',(17.790738598546,-2.033969324913,
    -38.9712781032));
#665 = CARTESIAN_POINT('',(18.364512169056,-1.965386966419,
    -37.65722575585));
#666 = CARTESIAN_POINT('',(18.921076738882,-1.896066692882,
    -36.32903480178));
#667 = CARTESIAN_POINT('',(19.524276225313,-1.817738683689,
    -34.82825374667));
#668 = CARTESIAN_POINT('',(19.588454218379,-1.809404899354,
    -34.66857669402));
#669 = CARTESIAN_POINT('',(19.652825090042,-1.801046068916,
    -34.5084197528));
#670 = CARTESIAN_POINT('',(19.717388840302,-1.792662192375,
    -34.34778292301));
#671 = CARTESIAN_POINT('',(19.782145469158,-1.784253269731,
    -34.18666620463));
#672 = CARTESIAN_POINT('',(19.847094976611,-1.775819300984,
    -34.02506959767));
#673 = CARTESIAN_POINT('',(19.91223736266,-1.767360286134,
    -33.86299310214));
#674 = CARTESIAN_POINT('',(19.977572627306,-1.758876225181,
    -33.70043671803));
#675 = CARTESIAN_POINT('',(20.043100770548,-1.750367118125,
    -33.53740044535));
#676 = CARTESIAN_POINT('',(20.108821792387,-1.741832964966,
    -33.37388428408));
#677 = PCURVE('',#32,#678);
#678 = DEFINITIONAL_REPRESENTATION('',(#679),#691);
#679 = B_SPLINE_CURVE_WITH_KNOTS('',10,(#680,#681,#682,#683,#684,#685,
    #686,#687,#688,#689,#690),.UNSPECIFIED.,.F.,.F.,(11,11),(
    22.378913137998,36.758499211025),.PIECEWISE_BEZIER_KNOTS.);
#680 = CARTESIAN_POINT('',(98.229986015767,49.630561884563));
#681 = CARTESIAN_POINT('',(99.167063257091,48.648013458102));
#682 = CARTESIAN_POINT('',(100.12879895839,47.614598456163));
#683 = CARTESIAN_POINT('',(101.07569469814,46.559073433023));
#684 = CARTESIAN_POINT('',(101.99848630292,45.508239551188));
#685 = CARTESIAN_POINT('',(102.91979934346,44.419732892299));
#686 = CARTESIAN_POINT('',(103.8247339779,43.324775653466));
#687 = CARTESIAN_POINT('',(104.71827653557,42.206728923512));
#688 = CARTESIAN_POINT('',(105.59887444013,41.073062062337));
#689 = CARTESIAN_POINT('',(106.46628704263,39.921430173139));
#690 = CARTESIAN_POINT('',(107.32019333894,38.752522045411));
#691 = ( GEOMETRIC_REPRESENTATION_CONTEXT(2) 
PARAMETRIC_REPRESENTATION_CONTEXT() REPRESENTATION_CONTEXT('2D SPACE',''
  ) );
#692 = PCURVE('',#693,#754);
#693 = ( BOUNDED_SURFACE() B_SPLINE_SURFACE(2,10,(
    (#694,#695,#696,#697,#698,#699,#700,#701,#702,#703,#704,#705,#706
      ,#707,#708,#709,#710,#711,#712,#713)
    ,(#714,#715,#716,#717,#718,#719,#720,#721,#722,#723,#724,#725,#726
      ,#727,#728,#729,#730,#731,#732,#733)
    ,(#734,#735,#736,#737,#738,#739,#740,#741,#742,#743,#744,#745,#746
      ,#747,#748,#749,#750,#751,#752,#753
)),.UNSPECIFIED.,.F.,.F.,.F.) B_SPLINE_SURFACE_WITH_KNOTS((3,3),(11,9,11
    ),(0.,14.379586073027),(22.378913137998,36.758499211025,
38.464832552187),.UNSPECIFIED.) GEOMETRIC_REPRESENTATION_ITEM() 
RATIONAL_B_SPLINE_SURFACE((
    (1.,1.,1.,1.,1.,1.,1.,1.,1.,1.,1.,1.,1.,1.,1.,1.,1.,1.,1.,1.)
    ,(0.707106781187,0.707106781187,0.707106781187,0.707106781187
      ,0.707106781187,0.707106781187,0.707106781187,0.707106781187
      ,0.707106781187,0.707106781187,0.707106781187,0.707106781187
      ,0.707106781187,0.707106781187,0.707106781187,0.707106781187
      ,0.707106781187,0.707106781187,0.707106781187,0.707106781187)
    ,(1.,1.,1.,1.,1.,1.,1.,1.,1.,1.,1.,1.,1.,1.,1.,1.,1.,1.,1.,1.
))) REPRESENTATION_ITEM('') SURFACE() );
#694 = CARTESIAN_POINT('',(13.333987964357,-2.492359433384,
    -47.75412855142));
#695 = CARTESIAN_POINT('',(13.999769182804,-2.430684039908,
    -46.57241509988));
#696 = CARTESIAN_POINT('',(14.676900830092,-2.36612236452,
    -45.33539988262));
#697 = CARTESIAN_POINT('',(15.334197578677,-2.300634680779,
    -44.08064215145));
#698 = CARTESIAN_POINT('',(15.969291960673,-2.235693818555,
    -42.83636163503));
#699 = CARTESIAN_POINT('',(16.593661496062,-2.168869101363,-41.555986063
    ));
#700 = CARTESIAN_POINT('',(17.200567608583,-2.101929116102,
    -40.27340193065));
#701 = CARTESIAN_POINT('',(17.790738598546,-2.033969324913,
    -38.9712781032));
#702 = CARTESIAN_POINT('',(18.364512169056,-1.965386966419,
    -37.65722575585));
#703 = CARTESIAN_POINT('',(18.921076738882,-1.896066692882,
    -36.32903480178));
#704 = CARTESIAN_POINT('',(19.524276225313,-1.817738683689,
    -34.82825374667));
#705 = CARTESIAN_POINT('',(19.588454218379,-1.809404899354,
    -34.66857669402));
#706 = CARTESIAN_POINT('',(19.652825090042,-1.801046068916,
    -34.5084197528));
#707 = CARTESIAN_POINT('',(19.717388840302,-1.792662192375,
    -34.34778292301));
#708 = CARTESIAN_POINT('',(19.782145469158,-1.784253269731,
    -34.18666620463));
#709 = CARTESIAN_POINT('',(19.847094976611,-1.775819300984,
    -34.02506959767));
#710 = CARTESIAN_POINT('',(19.91223736266,-1.767360286134,
    -33.86299310214));
#711 = CARTESIAN_POINT('',(19.977572627306,-1.758876225181,
    -33.70043671803));
#712 = CARTESIAN_POINT('',(20.043100770548,-1.750367118125,
    -33.53740044535));
#713 = CARTESIAN_POINT('',(20.108821792387,-1.741832964966,
    -33.37388428408));
#714 = CARTESIAN_POINT('',(14.630605794485,-2.531667533587,
    -48.50727998098));
#715 = CARTESIAN_POINT('',(15.327298473292,-2.467222217929,
    -47.27249424051));
#716 = CARTESIAN_POINT('',(16.001574619564,-2.402641535271,
    -46.03511483997));
#717 = CARTESIAN_POINT('',(16.668131419362,-2.336615775235,
    -44.77004745433));
#718 = CARTESIAN_POINT('',(17.313447048897,-2.270249497342,
    -43.49845567527));
#719 = CARTESIAN_POINT('',(17.947099189052,-2.202772279674,
    -42.20557805751));
#720 = CARTESIAN_POINT('',(18.560960652462,-2.134815118225,
    -40.90350461644));
#721 = CARTESIAN_POINT('',(19.160265811706,-2.065935482499,
    -39.58375637509));
#722 = CARTESIAN_POINT('',(19.741558468071,-1.996409639358,
    -38.25162666436));
#723 = CARTESIAN_POINT('',(20.305779599258,-1.92614271959,
    -36.90529777032));
#724 = CARTESIAN_POINT('',(20.917162703261,-1.846752222648,
    -35.38415922747));
#725 = CARTESIAN_POINT('',(20.982015904855,-1.838330779744,
    -35.22280261829));
#726 = CARTESIAN_POINT('',(21.046869106448,-1.82990933684,
    -35.06144600911));
#727 = CARTESIAN_POINT('',(21.111722308041,-1.821487893936,
    -34.90008939994));
#728 = CARTESIAN_POINT('',(21.176575509635,-1.813066451032,
    -34.73873279076));
#729 = CARTESIAN_POINT('',(21.241428711228,-1.804645008128,
    -34.57737618158));
#730 = CARTESIAN_POINT('',(21.306281912822,-1.796223565224,
    -34.4160195724));
#731 = CARTESIAN_POINT('',(21.371135114415,-1.78780212232,
    -34.25466296322));
#732 = CARTESIAN_POINT('',(21.435988316009,-1.779380679416,
    -34.09330635404));
#733 = CARTESIAN_POINT('',(21.500841517602,-1.770959236512,
    -33.93194974486));
#734 = CARTESIAN_POINT('',(14.630605794485,-1.033706333567,
    -48.58546081772));
#735 = CARTESIAN_POINT('',(15.327298473292,-0.969261017909,
    -47.35067507725));
#736 = CARTESIAN_POINT('',(16.001574619563,-0.90468033525,
    -46.11329567671));
#737 = CARTESIAN_POINT('',(16.668131419364,-0.838654575214,
    -44.84822829107));
#738 = CARTESIAN_POINT('',(17.313447048894,-0.772288297322,-43.576636512
    ));
#739 = CARTESIAN_POINT('',(17.947099189056,-0.704811079653,
    -42.28375889425));
#740 = CARTESIAN_POINT('',(18.560960652459,-0.636853918205,
    -40.98168545317));
#741 = CARTESIAN_POINT('',(19.160265811708,-0.567974282479,
    -39.66193721183));
#742 = CARTESIAN_POINT('',(19.741558468071,-0.498448439337,
    -38.32980750109));
#743 = CARTESIAN_POINT('',(20.305779599258,-0.42818151957,
    -36.98347860706));
#744 = CARTESIAN_POINT('',(20.917162703261,-0.348791022627,
    -35.46234006421));
#745 = CARTESIAN_POINT('',(20.982015904855,-0.340369579723,
    -35.30098345503));
#746 = CARTESIAN_POINT('',(21.046869106448,-0.331948136819,
    -35.13962684585));
#747 = CARTESIAN_POINT('',(21.111722308041,-0.323526693915,
    -34.97827023667));
#748 = CARTESIAN_POINT('',(21.176575509635,-0.315105251011,
    -34.81691362749));
#749 = CARTESIAN_POINT('',(21.241428711228,-0.306683808107,
    -34.65555701831));
#750 = CARTESIAN_POINT('',(21.306281912822,-0.298262365203,
    -34.49420040913));
#751 = CARTESIAN_POINT('',(21.371135114415,-0.289840922299,
    -34.33284379996));
#752 = CARTESIAN_POINT('',(21.435988316009,-0.281419479395,
    -34.17148719078));
#753 = CARTESIAN_POINT('',(21.500841517602,-0.272998036491,
    -34.0101305816));
#754 = DEFINITIONAL_REPRESENTATION('',(#755),#759);
#755 = LINE('',#756,#757);
#756 = CARTESIAN_POINT('',(0.,0.));
#757 = VECTOR('',#758,1.);
#758 = DIRECTION('',(0.,1.));
#759 = ( GEOMETRIC_REPRESENTATION_CONTEXT(2) 
PARAMETRIC_REPRESENTATION_CONTEXT() REPRESENTATION_CONTEXT('2D SPACE',''
  ) );
#760 = ORIENTED_EDGE('',*,*,#761,.F.);
#761 = EDGE_CURVE('',#762,#653,#764,.T.);
#762 = VERTEX_POINT('',#763);
#763 = CARTESIAN_POINT('',(15.02112461417,0.199260207672,3.8178672967));
#764 = SURFACE_CURVE('',#765,(#770,#777),.PCURVE_S1.);
#765 = CIRCLE('',#766,112.60250594613);
#766 = AXIS2_PLACEMENT_3D('',#767,#768,#769);
#767 = CARTESIAN_POINT('',(-94.10250594613,-1.248301000017,
    -23.91770850834));
#768 = DIRECTION('',(5.863441126232E-19,0.998640800014,
    -5.212055782352E-02));
#769 = DIRECTION('',(0.969104813817,1.285549726914E-02,0.246314019142));
#770 = PCURVE('',#32,#771);
#771 = DEFINITIONAL_REPRESENTATION('',(#772),#776);
#772 = CIRCLE('',#773,112.60250594613);
#773 = AXIS2_PLACEMENT_2D('',#774,#775);
#774 = CARTESIAN_POINT('',(0.,0.));
#775 = DIRECTION('',(1.,-2.183399697841E-17));
#776 = ( GEOMETRIC_REPRESENTATION_CONTEXT(2) 
PARAMETRIC_REPRESENTATION_CONTEXT() REPRESENTATION_CONTEXT('2D SPACE',''
  ) );
#777 = PCURVE('',#778,#783);
#778 = TOROIDAL_SURFACE('',#779,112.60250594613,1.5);
#779 = AXIS2_PLACEMENT_3D('',#780,#781,#782);
#780 = CARTESIAN_POINT('',(-94.10250594613,0.249660200003,
    -23.99588934508));
#781 = DIRECTION('',(0.,0.998640800014,-5.212055782352E-02));
#782 = DIRECTION('',(0.969104813817,1.285549726914E-02,0.246314019142));
#783 = DEFINITIONAL_REPRESENTATION('',(#784),#788);
#784 = LINE('',#785,#786);
#785 = CARTESIAN_POINT('',(0.,4.712388980385));
#786 = VECTOR('',#787,1.);
#787 = DIRECTION('',(1.,0.));
#788 = ( GEOMETRIC_REPRESENTATION_CONTEXT(2) 
PARAMETRIC_REPRESENTATION_CONTEXT() REPRESENTATION_CONTEXT('2D SPACE',''
  ) );
#789 = ORIENTED_EDGE('',*,*,#790,.F.);
#790 = EDGE_CURVE('',#791,#762,#793,.T.);
#791 = VERTEX_POINT('',#792);
#792 = CARTESIAN_POINT('',(6.144583639636,8.150994306611E-02,
    1.561747574311));
#793 = SURFACE_CURVE('',#794,(#798,#805),.PCURVE_S1.);
#794 = LINE('',#795,#796);
#795 = CARTESIAN_POINT('',(8.237390917448,0.109271726788,2.093669162706)
  );
#796 = VECTOR('',#797,1.);
#797 = DIRECTION('',(0.969104813817,1.285549726914E-02,0.246314019142));
#798 = PCURVE('',#32,#799);
#799 = DEFINITIONAL_REPRESENTATION('',(#800),#804);
#800 = LINE('',#801,#802);
#801 = CARTESIAN_POINT('',(105.60250594613,5.859516904726E-16));
#802 = VECTOR('',#803,1.);
#803 = DIRECTION('',(1.,9.951160596024E-18));
#804 = ( GEOMETRIC_REPRESENTATION_CONTEXT(2) 
PARAMETRIC_REPRESENTATION_CONTEXT() REPRESENTATION_CONTEXT('2D SPACE',''
  ) );
#805 = PCURVE('',#44,#806);
#806 = DEFINITIONAL_REPRESENTATION('',(#807),#811);
#807 = LINE('',#808,#809);
#808 = CARTESIAN_POINT('',(0.,-4.5));
#809 = VECTOR('',#810,1.);
#810 = DIRECTION('',(1.,0.));
#811 = ( GEOMETRIC_REPRESENTATION_CONTEXT(2) 
PARAMETRIC_REPRESENTATION_CONTEXT() REPRESENTATION_CONTEXT('2D SPACE',''
  ) );
#812 = ORIENTED_EDGE('',*,*,#813,.F.);
#813 = EDGE_CURVE('',#24,#791,#814,.T.);
#814 = SURFACE_CURVE('',#815,(#826,#840),.PCURVE_S1.);
#815 = ( BOUNDED_CURVE() B_SPLINE_CURVE(9,(#816,#817,#818,#819,#820,#821
    ,#822,#823,#824,#825),.UNSPECIFIED.,.F.,.F.) 
B_SPLINE_CURVE_WITH_KNOTS((10,10),(7.378695026053,9.498056204505),
.PIECEWISE_BEZIER_KNOTS.) CURVE() GEOMETRIC_REPRESENTATION_ITEM() 
RATIONAL_B_SPLINE_CURVE((1.,1.,1.,1.,1.,1.,1.,1.,1.,1.)) 
REPRESENTATION_ITEM('') );
#816 = CARTESIAN_POINT('',(2.237188818942,2.967705282483E-02,
    0.5686185454));
#817 = CARTESIAN_POINT('',(2.75309581956,3.652073056022E-02,
    0.699744843623));
#818 = CARTESIAN_POINT('',(3.178040718925,4.215776580698E-02,
    0.807751619138));
#819 = CARTESIAN_POINT('',(3.565794799079,4.730145248309E-02,
    0.906305732748));
#820 = CARTESIAN_POINT('',(3.931146284763,5.214796130175E-02,
    0.999165856395));
#821 = CARTESIAN_POINT('',(4.29820992825,5.701718246266E-02,
    1.092461153271));
#822 = CARTESIAN_POINT('',(4.671909875187,6.197443639302E-02,
    1.187443176444));
#823 = CARTESIAN_POINT('',(5.082353089651,6.741910197254E-02,
    1.291764108857));
#824 = CARTESIAN_POINT('',(5.544826345275,7.355396333112E-02,
    1.409309336901));
#825 = CARTESIAN_POINT('',(6.144583639636,8.150994306611E-02,
    1.561747574311));
#826 = PCURVE('',#32,#827);
#827 = DEFINITIONAL_REPRESENTATION('',(#828),#839);
#828 = B_SPLINE_CURVE_WITH_KNOTS('',9,(#829,#830,#831,#832,#833,#834,
    #835,#836,#837,#838),.UNSPECIFIED.,.F.,.F.,(10,10),(7.378695026053,
    9.498056204505),.PIECEWISE_BEZIER_KNOTS.);
#829 = CARTESIAN_POINT('',(99.411016632539,5.243391859844E-16));
#830 = CARTESIAN_POINT('',(99.943370814729,5.278276571053E-16));
#831 = CARTESIAN_POINT('',(100.38186301218,5.314630622613E-16));
#832 = CARTESIAN_POINT('',(100.78197874229,5.680421740128E-16));
#833 = CARTESIAN_POINT('',(101.15897768038,4.61364676002E-16));
#834 = CARTESIAN_POINT('',(101.53774336004,6.617062741739E-16));
#835 = CARTESIAN_POINT('',(101.92335690939,4.467138144104E-16));
#836 = CARTESIAN_POINT('',(102.34688510635,6.083509410475E-16));
#837 = CARTESIAN_POINT('',(102.82410206888,5.433894471117E-16));
#838 = CARTESIAN_POINT('',(103.44297970297,5.644618980156E-16));
#839 = ( GEOMETRIC_REPRESENTATION_CONTEXT(2) 
PARAMETRIC_REPRESENTATION_CONTEXT() REPRESENTATION_CONTEXT('2D SPACE',''
  ) );
#840 = PCURVE('',#841,#872);
#841 = ( BOUNDED_SURFACE() B_SPLINE_SURFACE(2,9,(
    (#842,#843,#844,#845,#846,#847,#848,#849,#850,#851)
    ,(#852,#853,#854,#855,#856,#857,#858,#859,#860,#861)
    ,(#862,#863,#864,#865,#866,#867,#868,#869,#870,#871
)),.UNSPECIFIED.,.F.,.F.,.F.) B_SPLINE_SURFACE_WITH_KNOTS((3,3),(10,10),
  (0.,2.119361178452),(7.378695026053,9.498056204505),
.PIECEWISE_BEZIER_KNOTS.) GEOMETRIC_REPRESENTATION_ITEM() 
RATIONAL_B_SPLINE_SURFACE((
    (1.,1.,1.,1.,1.,1.,1.,1.,1.,1.)
    ,(0.704849976909,0.762880347498,0.793803372145,0.812825452265
      ,0.82173546208,0.819394525287,0.813162277376,0.789698543308
      ,0.758835749224,0.684244021504)
,(1.,1.,1.,1.,1.,1.,1.,1.,1.,1.))) REPRESENTATION_ITEM('') SURFACE() );
#842 = CARTESIAN_POINT('',(2.674884547783,1.629022569829,2.416468949062)
  );
#843 = CARTESIAN_POINT('',(2.844151259142,1.486256363833,2.488035626193)
  );
#844 = CARTESIAN_POINT('',(3.054538120048,1.363933201883,2.500106072973)
  );
#845 = CARTESIAN_POINT('',(3.283218497596,1.273986911603,2.532802264183)
  );
#846 = CARTESIAN_POINT('',(3.52523197393,1.219376886035,2.57905589488));
#847 = CARTESIAN_POINT('',(3.770778252061,1.20571805154,2.647652812705)
  );
#848 = CARTESIAN_POINT('',(4.01064723279,1.231569956232,2.753166664431)
  );
#849 = CARTESIAN_POINT('',(4.246348956297,1.299770328196,2.855180026948)
  );
#850 = CARTESIAN_POINT('',(4.462062613444,1.41076941967,2.986184616368)
  );
#851 = CARTESIAN_POINT('',(4.672008114153,1.558906085848,3.032630274334)
  );
#852 = CARTESIAN_POINT('',(3.114865035653,1.54975372256,0.712967046192)
  );
#853 = CARTESIAN_POINT('',(3.213002168339,1.446805086907,1.037953932374)
  );
#854 = CARTESIAN_POINT('',(3.383334532625,1.336616932749,1.201131923359)
  );
#855 = CARTESIAN_POINT('',(3.591456223198,1.258130339848,1.313953186811)
  );
#856 = CARTESIAN_POINT('',(3.828137277393,1.213695752983,1.401937861815)
  );
#857 = CARTESIAN_POINT('',(4.066927018255,1.208152474992,1.467864437086)
  );
#858 = CARTESIAN_POINT('',(4.321140881166,1.246313190511,1.528861961738)
  );
#859 = CARTESIAN_POINT('',(4.563013307605,1.317424873039,1.54124667462)
  );
#860 = CARTESIAN_POINT('',(4.812348672681,1.433566900654,1.506496818594)
  );
#861 = CARTESIAN_POINT('',(5.062246585222,1.558880150541,1.208798203476)
  );
#862 = CARTESIAN_POINT('',(2.237188818942,2.967705282483E-02,
    0.5686185454));
#863 = CARTESIAN_POINT('',(2.75309581956,3.652073056022E-02,
    0.699744843623));
#864 = CARTESIAN_POINT('',(3.178040718925,4.215776580698E-02,
    0.807751619138));
#865 = CARTESIAN_POINT('',(3.565794799079,4.730145248309E-02,
    0.906305732748));
#866 = CARTESIAN_POINT('',(3.931146284763,5.214796130175E-02,
    0.999165856395));
#867 = CARTESIAN_POINT('',(4.29820992825,5.701718246266E-02,
    1.092461153271));
#868 = CARTESIAN_POINT('',(4.671909875187,6.197443639302E-02,
    1.187443176444));
#869 = CARTESIAN_POINT('',(5.082353089651,6.741910197254E-02,
    1.291764108857));
#870 = CARTESIAN_POINT('',(5.544826345275,7.355396333112E-02,
    1.409309336901));
#871 = CARTESIAN_POINT('',(6.144583639636,8.150994306611E-02,
    1.561747574311));
#872 = DEFINITIONAL_REPRESENTATION('',(#873),#877);
#873 = LINE('',#874,#875);
#874 = CARTESIAN_POINT('',(2.119361178452,0.));
#875 = VECTOR('',#876,1.);
#876 = DIRECTION('',(0.,1.));
#877 = ( GEOMETRIC_REPRESENTATION_CONTEXT(2) 
PARAMETRIC_REPRESENTATION_CONTEXT() REPRESENTATION_CONTEXT('2D SPACE',''
  ) );
#878 = FACE_BOUND('',#879,.T.);
#879 = EDGE_LOOP('',(#880));
#880 = ORIENTED_EDGE('',*,*,#881,.F.);
#881 = EDGE_CURVE('',#882,#882,#884,.T.);
#882 = VERTEX_POINT('',#883);
#883 = CARTESIAN_POINT('',(8.873564732879,-1.249162369086,
    -23.93421252003));
#884 = SURFACE_CURVE('',#885,(#890,#901),.PCURVE_S1.);
#885 = CIRCLE('',#886,2.35);
#886 = AXIS2_PLACEMENT_3D('',#887,#888,#889);
#887 = CARTESIAN_POINT('',(8.873564732879,-1.126679058201,-21.58740664)
  );
#888 = DIRECTION('',(0.,-0.998640800014,5.212055782352E-02));
#889 = DIRECTION('',(0.,-5.212055782352E-02,-0.998640800014));
#890 = PCURVE('',#32,#891);
#891 = DEFINITIONAL_REPRESENTATION('',(#892),#900);
#892 = ( BOUNDED_CURVE() B_SPLINE_CURVE(2,(#893,#894,#895,#896,#897,#898
,#899),.UNSPECIFIED.,.T.,.F.) B_SPLINE_CURVE_WITH_KNOTS((1,2,2,2,2,1),(
    -2.094395102393,0.,2.094395102393,4.188790204786,6.28318530718,
8.377580409573),.UNSPECIFIED.) CURVE() GEOMETRIC_REPRESENTATION_ITEM() 
RATIONAL_B_SPLINE_CURVE((1.,0.5,1.,0.5,1.,0.5,1.)) REPRESENTATION_ITEM(
  '') );
#893 = CARTESIAN_POINT('',(99.790529560258,25.414988012927));
#894 = CARTESIAN_POINT('',(103.73509568242,26.418929299971));
#895 = CARTESIAN_POINT('',(102.63225127983,22.500864187743));
#896 = CARTESIAN_POINT('',(101.52940687723,18.582799075514));
#897 = CARTESIAN_POINT('',(98.687685157661,21.496922900699));
#898 = CARTESIAN_POINT('',(95.845963438088,24.411046725883));
#899 = CARTESIAN_POINT('',(99.790529560258,25.414988012927));
#900 = ( GEOMETRIC_REPRESENTATION_CONTEXT(2) 
PARAMETRIC_REPRESENTATION_CONTEXT() REPRESENTATION_CONTEXT('2D SPACE',''
  ) );
#901 = PCURVE('',#902,#907);
#902 = SPHERICAL_SURFACE('',#903,2.72037037037);
#903 = AXIS2_PLACEMENT_3D('',#904,#905,#906);
#904 = CARTESIAN_POINT('',(8.873564732879,0.241828704781,-21.65883110813
    ));
#905 = DIRECTION('',(0.,5.212055782352E-02,0.998640800014));
#906 = DIRECTION('',(1.,0.,0.));
#907 = DEFINITIONAL_REPRESENTATION('',(#908),#1016);
#908 = B_SPLINE_CURVE_WITH_KNOTS('',8,(#909,#910,#911,#912,#913,#914,
    #915,#916,#917,#918,#919,#920,#921,#922,#923,#924,#925,#926,#927,
    #928,#929,#930,#931,#932,#933,#934,#935,#936,#937,#938,#939,#940,
    #941,#942,#943,#944,#945,#946,#947,#948,#949,#950,#951,#952,#953,
    #954,#955,#956,#957,#958,#959,#960,#961,#962,#963,#964,#965,#966,
    #967,#968,#969,#970,#971,#972,#973,#974,#975,#976,#977,#978,#979,
    #980,#981,#982,#983,#984,#985,#986,#987,#988,#989,#990,#991,#992,
    #993,#994,#995,#996,#997,#998,#999,#1000,#1001,#1002,#1003,#1004,
    #1005,#1006,#1007,#1008,#1009,#1010,#1011,#1012,#1013,#1014,#1015),
  .UNSPECIFIED.,.T.,.F.,(9,7,7,7,7,7,7,7,7,7,7,7,7,7,7,9),(0.,
    0.196349540849,0.576776776245,0.933427309428,1.602147059147,
    2.187276840151,2.69926539853,2.923260392821,3.133255699968,
    3.330126300419,3.699258676264,4.345240333993,5.314212820586,
    5.798699063883,6.040942185531,6.28318530718),.UNSPECIFIED.);
#909 = CARTESIAN_POINT('',(4.712388980385,-1.042868879543));
#910 = CARTESIAN_POINT('',(4.754478096489,-1.042868879543));
#911 = CARTESIAN_POINT('',(4.796567090869,-1.04168832363));
#912 = CARTESIAN_POINT('',(4.838390743118,-1.039327016469));
#913 = CARTESIAN_POINT('',(4.87968182843,-1.035800183818));
#914 = CARTESIAN_POINT('',(4.920195683996,-1.031137524718));
#915 = CARTESIAN_POINT('',(4.959726052144,-1.025381048211));
#916 = CARTESIAN_POINT('',(4.998112200237,-1.018581694597));
#917 = CARTESIAN_POINT('',(5.107167231653,-0.995707519046));
#918 = CARTESIAN_POINT('',(5.174363212695,-0.976913147328));
#919 = CARTESIAN_POINT('',(5.235972866146,-0.954814825932));
#920 = CARTESIAN_POINT('',(5.291759410184,-0.929887430589));
#921 = CARTESIAN_POINT('',(5.342036428963,-0.902574672655));
#922 = CARTESIAN_POINT('',(5.387230074085,-0.873246111488));
#923 = CARTESIAN_POINT('',(5.42782724418,-0.842213193282));
#924 = CARTESIAN_POINT('',(5.498479040263,-0.77928237373));
#925 = CARTESIAN_POINT('',(5.529034050657,-0.747559772911));
#926 = CARTESIAN_POINT('',(5.556342118321,-0.714776944251));
#927 = CARTESIAN_POINT('',(5.58077397725,-0.681104447215));
#928 = CARTESIAN_POINT('',(5.602651939763,-0.646679353805));
#929 = CARTESIAN_POINT('',(5.622248091209,-0.611613385105));
#930 = CARTESIAN_POINT('',(5.63979467519,-0.575999651288));
#931 = CARTESIAN_POINT('',(5.684906973225,-0.472260279387));
#932 = CARTESIAN_POINT('',(5.707805359671,-0.40295359303));
#933 = CARTESIAN_POINT('',(5.725464952099,-0.332512036061));
#934 = CARTESIAN_POINT('',(5.73871101699,-0.261272377844));
#935 = CARTESIAN_POINT('',(5.748066777918,-0.189488936345));
#936 = CARTESIAN_POINT('',(5.753845050035,-0.117374558185));
#937 = CARTESIAN_POINT('',(5.756184981218,-4.511913598927E-02));
#938 = CARTESIAN_POINT('',(5.754045540388,9.025667565432E-02));
#939 = CARTESIAN_POINT('',(5.75038194779,0.15338968229));
#940 = CARTESIAN_POINT('',(5.744025470756,0.216350749924));
#941 = CARTESIAN_POINT('',(5.734840678377,0.279003560902));
#942 = CARTESIAN_POINT('',(5.722584869658,0.341199707947));
#943 = CARTESIAN_POINT('',(5.706883428263,0.402762454564));
#944 = CARTESIAN_POINT('',(5.687180068732,0.463459594677));
#945 = CARTESIAN_POINT('',(5.641208641454,0.575033001234));
#946 = CARTESIAN_POINT('',(5.616069039776,0.626188257998));
#947 = CARTESIAN_POINT('',(5.586698303476,0.676211313482));
#948 = CARTESIAN_POINT('',(5.55240399216,0.724826724696));
#949 = CARTESIAN_POINT('',(5.512300148545,0.771669248517));
#950 = CARTESIAN_POINT('',(5.465305114302,0.816266952322));
#951 = CARTESIAN_POINT('',(5.410052080497,0.857937521948));
#952 = CARTESIAN_POINT('',(5.317395796169,0.912375714618));
#953 = CARTESIAN_POINT('',(5.287434245887,0.928216444303));
#954 = CARTESIAN_POINT('',(5.255632573702,0.943256579319));
#955 = CARTESIAN_POINT('',(5.221925458075,0.957416303362));
#956 = CARTESIAN_POINT('',(5.186275515375,0.970609103639));
#957 = CARTESIAN_POINT('',(5.14868858689,0.982743818088));
#958 = CARTESIAN_POINT('',(5.109229363691,0.993728788771));
#959 = CARTESIAN_POINT('',(5.029419835961,1.012618120786));
#960 = CARTESIAN_POINT('',(4.989279174674,1.020672047974));
#961 = CARTESIAN_POINT('',(4.947729225697,1.027569500498));
#962 = CARTESIAN_POINT('',(4.904938644322,1.033243640031));
#963 = CARTESIAN_POINT('',(4.861138098568,1.037637510821));
#964 = CARTESIAN_POINT('',(4.816613896575,1.040708944125));
#965 = CARTESIAN_POINT('',(4.771688023753,1.04243404869));
#966 = CARTESIAN_POINT('',(4.684493870272,1.043161073434));
#967 = CARTESIAN_POINT('',(4.642235238679,1.042326433151));
#968 = CARTESIAN_POINT('',(4.600175543606,1.04030199112));
#969 = CARTESIAN_POINT('',(4.558587411068,1.037099902094));
#970 = CARTESIAN_POINT('',(4.517723803056,1.032747266119));
#971 = CARTESIAN_POINT('',(4.47780107908,1.027284168641));
#972 = CARTESIAN_POINT('',(4.438990560611,1.020760345485));
#973 = CARTESIAN_POINT('',(4.330971169303,0.999111961284));
#974 = CARTESIAN_POINT('',(4.264878303619,0.981456746147));
#975 = CARTESIAN_POINT('',(4.20397595441,0.960626319043));
#976 = CARTESIAN_POINT('',(4.148553011973,0.937052435143));
#977 = CARTESIAN_POINT('',(4.098379771328,0.91114791716));
#978 = CARTESIAN_POINT('',(4.053090936836,0.883261645746));
#979 = CARTESIAN_POINT('',(4.012251769463,0.85369061424));
#980 = CARTESIAN_POINT('',(3.911006338859,0.768416567304));
#981 = CARTESIAN_POINT('',(3.858897097784,0.709748205208));
#982 = CARTESIAN_POINT('',(3.81680867669,0.648003689602));
#983 = CARTESIAN_POINT('',(3.782499289627,0.58404530576));
#984 = CARTESIAN_POINT('',(3.754595420205,0.518425178468));
#985 = CARTESIAN_POINT('',(3.732000086011,0.451561720834));
#986 = CARTESIAN_POINT('',(3.713984768222,0.383763115579));
#987 = CARTESIAN_POINT('',(3.679097614034,0.212560981763));
#988 = CARTESIAN_POINT('',(3.667302308096,0.10830455825));
#989 = CARTESIAN_POINT('',(3.662907217258,3.362048556903E-03));
#990 = CARTESIAN_POINT('',(3.665342790365,-0.101712871291));
#991 = CARTESIAN_POINT('',(3.674697706946,-0.20640462135));
#992 = CARTESIAN_POINT('',(3.69171961769,-0.310124426759));
#993 = CARTESIAN_POINT('',(3.718065376505,-0.412140120916));
#994 = CARTESIAN_POINT('',(3.776897385444,-0.560460643468));
#995 = CARTESIAN_POINT('',(3.799726807676,-0.609116969223));
#996 = CARTESIAN_POINT('',(3.826218848585,-0.656810134529));
#997 = CARTESIAN_POINT('',(3.856932021849,-0.703317877362));
#998 = CARTESIAN_POINT('',(3.892575728166,-0.748352036646));
#999 = CARTESIAN_POINT('',(3.934012845854,-0.791542227772));
#1000 = CARTESIAN_POINT('',(3.982329945418,-0.832371229644));
#1001 = CARTESIAN_POINT('',(4.066492457666,-0.889063185005));
#1002 = CARTESIAN_POINT('',(4.096494638747,-0.907201960807));
#1003 = CARTESIAN_POINT('',(4.128557792564,-0.924497882059));
#1004 = CARTESIAN_POINT('',(4.162786175384,-0.940857561124));
#1005 = CARTESIAN_POINT('',(4.199259279661,-0.956177303927));
#1006 = CARTESIAN_POINT('',(4.238011921474,-0.970344898058));
#1007 = CARTESIAN_POINT('',(4.279010473089,-0.98324441969));
#1008 = CARTESIAN_POINT('',(4.365240008201,-1.006283698923));
#1009 = CARTESIAN_POINT('',(4.410471306324,-1.016423303823));
#1010 = CARTESIAN_POINT('',(4.457690594143,-1.025072114826));
#1011 = CARTESIAN_POINT('',(4.506679736889,-1.032121431158));
#1012 = CARTESIAN_POINT('',(4.557107150656,-1.037477585281));
#1013 = CARTESIAN_POINT('',(4.608535679252,-1.041072078812));
#1014 = CARTESIAN_POINT('',(4.660462203126,-1.042868879543));
#1015 = CARTESIAN_POINT('',(4.712388980385,-1.042868879543));
#1016 = ( GEOMETRIC_REPRESENTATION_CONTEXT(2) 
PARAMETRIC_REPRESENTATION_CONTEXT() REPRESENTATION_CONTEXT('2D SPACE',''
  ) );
#1017 = FACE_BOUND('',#1018,.T.);
#1018 = EDGE_LOOP('',(#1019));
#1019 = ORIENTED_EDGE('',*,*,#1020,.F.);
#1020 = EDGE_CURVE('',#1021,#1021,#1023,.T.);
#1021 = VERTEX_POINT('',#1022);
#1022 = CARTESIAN_POINT('',(12.941403735214,-1.885104087531,
    -36.11898898809));
#1023 = SURFACE_CURVE('',#1024,(#1029,#1040),.PCURVE_S1.);
#1024 = CIRCLE('',#1025,2.35);
#1025 = AXIS2_PLACEMENT_3D('',#1026,#1027,#1028);
#1026 = CARTESIAN_POINT('',(12.941403735214,-1.762620776646,
    -33.77218310806));
#1027 = DIRECTION('',(0.,-0.998640800014,5.212055782352E-02));
#1028 = DIRECTION('',(0.,-5.212055782352E-02,-0.998640800014));
#1029 = PCURVE('',#32,#1030);
#1030 = DEFINITIONAL_REPRESENTATION('',(#1031),#1039);
#1031 = ( BOUNDED_CURVE() B_SPLINE_CURVE(2,(#1032,#1033,#1034,#1035,
#1036,#1037,#1038),.UNSPECIFIED.,.T.,.F.) B_SPLINE_CURVE_WITH_KNOTS((1,2
    ,2,2,2,1),(-2.094395102393,0.,2.094395102393,4.188790204786,
6.28318530718,8.377580409573),.UNSPECIFIED.) CURVE() 
GEOMETRIC_REPRESENTATION_ITEM() RATIONAL_B_SPLINE_CURVE((1.,0.5,1.,0.5,
1.,0.5,1.)) REPRESENTATION_ITEM('') );
#1032 = CARTESIAN_POINT('',(100.72323530803,38.242714763321));
#1033 = CARTESIAN_POINT('',(104.6678014302,39.246656050365));
#1034 = CARTESIAN_POINT('',(103.56495702761,35.328590938136));
#1035 = CARTESIAN_POINT('',(102.46211262501,31.410525825908));
#1036 = CARTESIAN_POINT('',(99.62039090544,34.324649651093));
#1037 = CARTESIAN_POINT('',(96.778669185868,37.238773476277));
#1038 = CARTESIAN_POINT('',(100.72323530803,38.242714763321));
#1039 = ( GEOMETRIC_REPRESENTATION_CONTEXT(2) 
PARAMETRIC_REPRESENTATION_CONTEXT() REPRESENTATION_CONTEXT('2D SPACE',''
  ) );
#1040 = PCURVE('',#1041,#1046);
#1041 = SPHERICAL_SURFACE('',#1042,2.72037037037);
#1042 = AXIS2_PLACEMENT_3D('',#1043,#1044,#1045);
#1043 = CARTESIAN_POINT('',(12.941403735214,-0.394113013664,
    -33.84360757619));
#1044 = DIRECTION('',(0.,5.212055782352E-02,0.998640800014));
#1045 = DIRECTION('',(1.,0.,0.));
#1046 = DEFINITIONAL_REPRESENTATION('',(#1047),#1155);
#1047 = B_SPLINE_CURVE_WITH_KNOTS('',8,(#1048,#1049,#1050,#1051,#1052,
    #1053,#1054,#1055,#1056,#1057,#1058,#1059,#1060,#1061,#1062,#1063,
    #1064,#1065,#1066,#1067,#1068,#1069,#1070,#1071,#1072,#1073,#1074,
    #1075,#1076,#1077,#1078,#1079,#1080,#1081,#1082,#1083,#1084,#1085,
    #1086,#1087,#1088,#1089,#1090,#1091,#1092,#1093,#1094,#1095,#1096,
    #1097,#1098,#1099,#1100,#1101,#1102,#1103,#1104,#1105,#1106,#1107,
    #1108,#1109,#1110,#1111,#1112,#1113,#1114,#1115,#1116,#1117,#1118,
    #1119,#1120,#1121,#1122,#1123,#1124,#1125,#1126,#1127,#1128,#1129,
    #1130,#1131,#1132,#1133,#1134,#1135,#1136,#1137,#1138,#1139,#1140,
    #1141,#1142,#1143,#1144,#1145,#1146,#1147,#1148,#1149,#1150,#1151,
    #1152,#1153,#1154),.UNSPECIFIED.,.T.,.F.,(9,7,7,7,7,7,7,7,7,7,7,7,7,
    7,7,9),(0.,0.196349540849,0.576776776245,0.933427309428,
    1.602147059147,2.187276840151,2.69926539853,2.923260392821,
    3.133255699968,3.330126300419,3.699258676264,4.345240333993,
    5.314212820586,5.798699063883,6.040942185531,6.28318530718),
  .UNSPECIFIED.);
#1048 = CARTESIAN_POINT('',(4.712388980385,-1.042868879543));
#1049 = CARTESIAN_POINT('',(4.754478096489,-1.042868879543));
#1050 = CARTESIAN_POINT('',(4.796567090869,-1.04168832363));
#1051 = CARTESIAN_POINT('',(4.838390743118,-1.039327016469));
#1052 = CARTESIAN_POINT('',(4.87968182843,-1.035800183818));
#1053 = CARTESIAN_POINT('',(4.920195683996,-1.031137524718));
#1054 = CARTESIAN_POINT('',(4.959726052144,-1.025381048211));
#1055 = CARTESIAN_POINT('',(4.998112200237,-1.018581694597));
#1056 = CARTESIAN_POINT('',(5.107167231653,-0.995707519046));
#1057 = CARTESIAN_POINT('',(5.174363212695,-0.976913147328));
#1058 = CARTESIAN_POINT('',(5.235972866146,-0.954814825931));
#1059 = CARTESIAN_POINT('',(5.291759410184,-0.929887430592));
#1060 = CARTESIAN_POINT('',(5.342036428963,-0.902574672656));
#1061 = CARTESIAN_POINT('',(5.387230074085,-0.873246111488));
#1062 = CARTESIAN_POINT('',(5.42782724418,-0.842213193282));
#1063 = CARTESIAN_POINT('',(5.498479040263,-0.77928237373));
#1064 = CARTESIAN_POINT('',(5.529034050657,-0.747559772911));
#1065 = CARTESIAN_POINT('',(5.556342118321,-0.714776944251));
#1066 = CARTESIAN_POINT('',(5.58077397725,-0.681104447215));
#1067 = CARTESIAN_POINT('',(5.602651939763,-0.646679353805));
#1068 = CARTESIAN_POINT('',(5.622248091209,-0.611613385105));
#1069 = CARTESIAN_POINT('',(5.63979467519,-0.575999651288));
#1070 = CARTESIAN_POINT('',(5.684906973225,-0.472260279387));
#1071 = CARTESIAN_POINT('',(5.707805359671,-0.402953593031));
#1072 = CARTESIAN_POINT('',(5.725464952099,-0.332512036061));
#1073 = CARTESIAN_POINT('',(5.73871101699,-0.261272377844));
#1074 = CARTESIAN_POINT('',(5.748066777918,-0.189488936345));
#1075 = CARTESIAN_POINT('',(5.753845050035,-0.117374558185));
#1076 = CARTESIAN_POINT('',(5.756184981218,-4.511913598927E-02));
#1077 = CARTESIAN_POINT('',(5.754045540388,9.025667565432E-02));
#1078 = CARTESIAN_POINT('',(5.75038194779,0.15338968229));
#1079 = CARTESIAN_POINT('',(5.744025470756,0.216350749924));
#1080 = CARTESIAN_POINT('',(5.734840678377,0.279003560902));
#1081 = CARTESIAN_POINT('',(5.722584869658,0.341199707947));
#1082 = CARTESIAN_POINT('',(5.706883428263,0.402762454564));
#1083 = CARTESIAN_POINT('',(5.687180068732,0.463459594677));
#1084 = CARTESIAN_POINT('',(5.641208641454,0.575033001234));
#1085 = CARTESIAN_POINT('',(5.616069039776,0.626188257997));
#1086 = CARTESIAN_POINT('',(5.586698303476,0.676211313483));
#1087 = CARTESIAN_POINT('',(5.55240399216,0.724826724693));
#1088 = CARTESIAN_POINT('',(5.512300148545,0.771669248519));
#1089 = CARTESIAN_POINT('',(5.465305114302,0.816266952322));
#1090 = CARTESIAN_POINT('',(5.410052080497,0.857937521948));
#1091 = CARTESIAN_POINT('',(5.317395796169,0.912375714618));
#1092 = CARTESIAN_POINT('',(5.287434245887,0.928216444303));
#1093 = CARTESIAN_POINT('',(5.255632573702,0.943256579319));
#1094 = CARTESIAN_POINT('',(5.221925458075,0.957416303362));
#1095 = CARTESIAN_POINT('',(5.186275515375,0.970609103639));
#1096 = CARTESIAN_POINT('',(5.14868858689,0.982743818088));
#1097 = CARTESIAN_POINT('',(5.109229363691,0.993728788771));
#1098 = CARTESIAN_POINT('',(5.029419835961,1.012618120786));
#1099 = CARTESIAN_POINT('',(4.989279174674,1.020672047974));
#1100 = CARTESIAN_POINT('',(4.947729225697,1.027569500498));
#1101 = CARTESIAN_POINT('',(4.904938644322,1.033243640031));
#1102 = CARTESIAN_POINT('',(4.861138098568,1.037637510821));
#1103 = CARTESIAN_POINT('',(4.816613896575,1.040708944125));
#1104 = CARTESIAN_POINT('',(4.771688023753,1.04243404869));
#1105 = CARTESIAN_POINT('',(4.684493870272,1.043161073434));
#1106 = CARTESIAN_POINT('',(4.642235238679,1.042326433151));
#1107 = CARTESIAN_POINT('',(4.600175543606,1.04030199112));
#1108 = CARTESIAN_POINT('',(4.558587411068,1.037099902094));
#1109 = CARTESIAN_POINT('',(4.517723803056,1.032747266119));
#1110 = CARTESIAN_POINT('',(4.47780107908,1.027284168641));
#1111 = CARTESIAN_POINT('',(4.438990560611,1.020760345485));
#1112 = CARTESIAN_POINT('',(4.330971169303,0.999111961284));
#1113 = CARTESIAN_POINT('',(4.264878303619,0.981456746147));
#1114 = CARTESIAN_POINT('',(4.20397595441,0.960626319042));
#1115 = CARTESIAN_POINT('',(4.148553011973,0.937052435145));
#1116 = CARTESIAN_POINT('',(4.098379771328,0.911147917159));
#1117 = CARTESIAN_POINT('',(4.053090936836,0.883261645746));
#1118 = CARTESIAN_POINT('',(4.012251769463,0.85369061424));
#1119 = CARTESIAN_POINT('',(3.911006338859,0.768416567304));
#1120 = CARTESIAN_POINT('',(3.858897097784,0.709748205207));
#1121 = CARTESIAN_POINT('',(3.81680867669,0.648003689604));
#1122 = CARTESIAN_POINT('',(3.782499289627,0.584045305757));
#1123 = CARTESIAN_POINT('',(3.754595420205,0.518425178469));
#1124 = CARTESIAN_POINT('',(3.732000086011,0.451561720833));
#1125 = CARTESIAN_POINT('',(3.713984768222,0.383763115579));
#1126 = CARTESIAN_POINT('',(3.679097614034,0.212560981763));
#1127 = CARTESIAN_POINT('',(3.667302308097,0.10830455825));
#1128 = CARTESIAN_POINT('',(3.662907217257,3.362048557055E-03));
#1129 = CARTESIAN_POINT('',(3.665342790375,-0.101712871291));
#1130 = CARTESIAN_POINT('',(3.674697706937,-0.20640462135));
#1131 = CARTESIAN_POINT('',(3.691719617691,-0.310124426759));
#1132 = CARTESIAN_POINT('',(3.718065376505,-0.412140120916));
#1133 = CARTESIAN_POINT('',(3.776897385444,-0.560460643468));
#1134 = CARTESIAN_POINT('',(3.79972680768,-0.609116969223));
#1135 = CARTESIAN_POINT('',(3.826218848564,-0.656810134525));
#1136 = CARTESIAN_POINT('',(3.856932021871,-0.703317877367));
#1137 = CARTESIAN_POINT('',(3.892575728151,-0.748352036642));
#1138 = CARTESIAN_POINT('',(3.934012845858,-0.791542227773));
#1139 = CARTESIAN_POINT('',(3.982329945418,-0.832371229644));
#1140 = CARTESIAN_POINT('',(4.066492457666,-0.889063185005));
#1141 = CARTESIAN_POINT('',(4.096494638747,-0.907201960807));
#1142 = CARTESIAN_POINT('',(4.128557792564,-0.924497882059));
#1143 = CARTESIAN_POINT('',(4.162786175384,-0.940857561124));
#1144 = CARTESIAN_POINT('',(4.199259279661,-0.956177303927));
#1145 = CARTESIAN_POINT('',(4.238011921474,-0.970344898058));
#1146 = CARTESIAN_POINT('',(4.279010473089,-0.98324441969));
#1147 = CARTESIAN_POINT('',(4.365240008201,-1.006283698923));
#1148 = CARTESIAN_POINT('',(4.410471306324,-1.016423303823));
#1149 = CARTESIAN_POINT('',(4.457690594143,-1.025072114826));
#1150 = CARTESIAN_POINT('',(4.506679736889,-1.032121431158));
#1151 = CARTESIAN_POINT('',(4.557107150656,-1.037477585281));
#1152 = CARTESIAN_POINT('',(4.608535679252,-1.041072078812));
#1153 = CARTESIAN_POINT('',(4.660462203126,-1.042868879543));
#1154 = CARTESIAN_POINT('',(4.712388980385,-1.042868879543));
#1155 = ( GEOMETRIC_REPRESENTATION_CONTEXT(2) 
PARAMETRIC_REPRESENTATION_CONTEXT() REPRESENTATION_CONTEXT('2D SPACE',''
  ) );
#1156 = FACE_BOUND('',#1157,.T.);
#1157 = EDGE_LOOP('',(#1158));
#1158 = ORIENTED_EDGE('',*,*,#1159,.F.);
#1159 = EDGE_CURVE('',#1160,#1160,#1162,.T.);
#1160 = VERTEX_POINT('',#1161);
#1161 = CARTESIAN_POINT('',(9.526932204739,-2.429779663752,
    -46.55508706339));
#1162 = SURFACE_CURVE('',#1163,(#1168,#1179),.PCURVE_S1.);
#1163 = CIRCLE('',#1164,2.35);
#1164 = AXIS2_PLACEMENT_3D('',#1165,#1166,#1167);
#1165 = CARTESIAN_POINT('',(9.526932204739,-2.307296352867,
    -44.20828118336));
#1166 = DIRECTION('',(0.,-0.998640800014,5.212055782352E-02));
#1167 = DIRECTION('',(0.,-5.212055782352E-02,-0.998640800014));
#1168 = PCURVE('',#32,#1169);
#1169 = DEFINITIONAL_REPRESENTATION('',(#1170),#1178);
#1170 = ( BOUNDED_CURVE() B_SPLINE_CURVE(2,(#1171,#1172,#1173,#1174,
#1175,#1176,#1177),.UNSPECIFIED.,.T.,.F.) B_SPLINE_CURVE_WITH_KNOTS((1,2
    ,2,2,2,1),(-2.094395102393,0.,2.094395102393,4.188790204786,
6.28318530718,8.377580409573),.UNSPECIFIED.) CURVE() 
GEOMETRIC_REPRESENTATION_ITEM() RATIONAL_B_SPLINE_CURVE((1.,0.5,1.,0.5,
1.,0.5,1.)) REPRESENTATION_ITEM('') );
#1171 = CARTESIAN_POINT('',(94.836695174741,47.52797596655));
#1172 = CARTESIAN_POINT('',(98.781261296911,48.531917253594));
#1173 = CARTESIAN_POINT('',(97.678416894314,44.613852141365));
#1174 = CARTESIAN_POINT('',(96.575572491717,40.695787029137));
#1175 = CARTESIAN_POINT('',(93.733850772144,43.609910854322));
#1176 = CARTESIAN_POINT('',(90.892129052572,46.524034679506));
#1177 = CARTESIAN_POINT('',(94.836695174741,47.52797596655));
#1178 = ( GEOMETRIC_REPRESENTATION_CONTEXT(2) 
PARAMETRIC_REPRESENTATION_CONTEXT() REPRESENTATION_CONTEXT('2D SPACE',''
  ) );
#1179 = PCURVE('',#1180,#1185);
#1180 = SPHERICAL_SURFACE('',#1181,2.72037037037);
#1181 = AXIS2_PLACEMENT_3D('',#1182,#1183,#1184);
#1182 = CARTESIAN_POINT('',(9.526932204739,-0.938788589885,
    -44.27970565149));
#1183 = DIRECTION('',(0.,5.212055782352E-02,0.998640800014));
#1184 = DIRECTION('',(1.,0.,0.));
#1185 = DEFINITIONAL_REPRESENTATION('',(#1186),#1294);
#1186 = B_SPLINE_CURVE_WITH_KNOTS('',8,(#1187,#1188,#1189,#1190,#1191,
    #1192,#1193,#1194,#1195,#1196,#1197,#1198,#1199,#1200,#1201,#1202,
    #1203,#1204,#1205,#1206,#1207,#1208,#1209,#1210,#1211,#1212,#1213,
    #1214,#1215,#1216,#1217,#1218,#1219,#1220,#1221,#1222,#1223,#1224,
    #1225,#1226,#1227,#1228,#1229,#1230,#1231,#1232,#1233,#1234,#1235,
    #1236,#1237,#1238,#1239,#1240,#1241,#1242,#1243,#1244,#1245,#1246,
    #1247,#1248,#1249,#1250,#1251,#1252,#1253,#1254,#1255,#1256,#1257,
    #1258,#1259,#1260,#1261,#1262,#1263,#1264,#1265,#1266,#1267,#1268,
    #1269,#1270,#1271,#1272,#1273,#1274,#1275,#1276,#1277,#1278,#1279,
    #1280,#1281,#1282,#1283,#1284,#1285,#1286,#1287,#1288,#1289,#1290,
    #1291,#1292,#1293),.UNSPECIFIED.,.T.,.F.,(9,7,7,7,7,7,7,7,7,7,7,7,7,
    7,7,9),(0.,0.196349540849,0.576776776245,0.933427309428,
    1.602147059147,2.187276840151,2.69926539853,2.923260392821,
    3.133255699968,3.330126300419,3.699258676264,4.345240333993,
    5.314212820586,5.798699063883,6.040942185531,6.28318530718),
  .UNSPECIFIED.);
#1187 = CARTESIAN_POINT('',(4.712388980385,-1.042868879543));
#1188 = CARTESIAN_POINT('',(4.754478096489,-1.042868879543));
#1189 = CARTESIAN_POINT('',(4.796567090869,-1.04168832363));
#1190 = CARTESIAN_POINT('',(4.838390743118,-1.039327016469));
#1191 = CARTESIAN_POINT('',(4.87968182843,-1.035800183818));
#1192 = CARTESIAN_POINT('',(4.920195683996,-1.031137524718));
#1193 = CARTESIAN_POINT('',(4.959726052144,-1.025381048211));
#1194 = CARTESIAN_POINT('',(4.998112200237,-1.018581694597));
#1195 = CARTESIAN_POINT('',(5.107167231653,-0.995707519046));
#1196 = CARTESIAN_POINT('',(5.174363212695,-0.976913147328));
#1197 = CARTESIAN_POINT('',(5.235972866146,-0.954814825931));
#1198 = CARTESIAN_POINT('',(5.291759410184,-0.929887430592));
#1199 = CARTESIAN_POINT('',(5.342036428963,-0.902574672656));
#1200 = CARTESIAN_POINT('',(5.387230074085,-0.873246111488));
#1201 = CARTESIAN_POINT('',(5.42782724418,-0.842213193282));
#1202 = CARTESIAN_POINT('',(5.498479040263,-0.77928237373));
#1203 = CARTESIAN_POINT('',(5.529034050657,-0.747559772911));
#1204 = CARTESIAN_POINT('',(5.556342118321,-0.714776944251));
#1205 = CARTESIAN_POINT('',(5.58077397725,-0.681104447215));
#1206 = CARTESIAN_POINT('',(5.602651939763,-0.646679353805));
#1207 = CARTESIAN_POINT('',(5.622248091209,-0.611613385105));
#1208 = CARTESIAN_POINT('',(5.63979467519,-0.575999651288));
#1209 = CARTESIAN_POINT('',(5.684906973225,-0.472260279387));
#1210 = CARTESIAN_POINT('',(5.707805359671,-0.402953593031));
#1211 = CARTESIAN_POINT('',(5.725464952099,-0.332512036061));
#1212 = CARTESIAN_POINT('',(5.73871101699,-0.261272377844));
#1213 = CARTESIAN_POINT('',(5.748066777918,-0.189488936345));
#1214 = CARTESIAN_POINT('',(5.753845050035,-0.117374558185));
#1215 = CARTESIAN_POINT('',(5.756184981218,-4.511913598927E-02));
#1216 = CARTESIAN_POINT('',(5.754045540388,9.025667565432E-02));
#1217 = CARTESIAN_POINT('',(5.75038194779,0.15338968229));
#1218 = CARTESIAN_POINT('',(5.744025470756,0.216350749924));
#1219 = CARTESIAN_POINT('',(5.734840678377,0.279003560902));
#1220 = CARTESIAN_POINT('',(5.722584869658,0.341199707947));
#1221 = CARTESIAN_POINT('',(5.706883428263,0.402762454564));
#1222 = CARTESIAN_POINT('',(5.687180068732,0.463459594677));
#1223 = CARTESIAN_POINT('',(5.641208641454,0.575033001234));
#1224 = CARTESIAN_POINT('',(5.616069039776,0.626188257997));
#1225 = CARTESIAN_POINT('',(5.586698303476,0.676211313484));
#1226 = CARTESIAN_POINT('',(5.55240399216,0.724826724692));
#1227 = CARTESIAN_POINT('',(5.512300148545,0.77166924852));
#1228 = CARTESIAN_POINT('',(5.465305114302,0.816266952321));
#1229 = CARTESIAN_POINT('',(5.410052080497,0.857937521948));
#1230 = CARTESIAN_POINT('',(5.317395796169,0.912375714618));
#1231 = CARTESIAN_POINT('',(5.287434245887,0.928216444303));
#1232 = CARTESIAN_POINT('',(5.255632573702,0.943256579319));
#1233 = CARTESIAN_POINT('',(5.221925458075,0.957416303362));
#1234 = CARTESIAN_POINT('',(5.186275515375,0.970609103639));
#1235 = CARTESIAN_POINT('',(5.14868858689,0.982743818088));
#1236 = CARTESIAN_POINT('',(5.109229363691,0.993728788771));
#1237 = CARTESIAN_POINT('',(5.029419835961,1.012618120786));
#1238 = CARTESIAN_POINT('',(4.989279174674,1.020672047974));
#1239 = CARTESIAN_POINT('',(4.947729225697,1.027569500498));
#1240 = CARTESIAN_POINT('',(4.904938644322,1.033243640031));
#1241 = CARTESIAN_POINT('',(4.861138098568,1.037637510821));
#1242 = CARTESIAN_POINT('',(4.816613896575,1.040708944125));
#1243 = CARTESIAN_POINT('',(4.771688023753,1.04243404869));
#1244 = CARTESIAN_POINT('',(4.684493870272,1.043161073434));
#1245 = CARTESIAN_POINT('',(4.642235238679,1.042326433151));
#1246 = CARTESIAN_POINT('',(4.600175543606,1.04030199112));
#1247 = CARTESIAN_POINT('',(4.558587411068,1.037099902094));
#1248 = CARTESIAN_POINT('',(4.517723803056,1.032747266119));
#1249 = CARTESIAN_POINT('',(4.47780107908,1.027284168641));
#1250 = CARTESIAN_POINT('',(4.438990560611,1.020760345485));
#1251 = CARTESIAN_POINT('',(4.330971169303,0.999111961284));
#1252 = CARTESIAN_POINT('',(4.264878303619,0.981456746147));
#1253 = CARTESIAN_POINT('',(4.20397595441,0.960626319045));
#1254 = CARTESIAN_POINT('',(4.148553011973,0.937052435144));
#1255 = CARTESIAN_POINT('',(4.098379771328,0.91114791716));
#1256 = CARTESIAN_POINT('',(4.053090936836,0.883261645746));
#1257 = CARTESIAN_POINT('',(4.012251769463,0.85369061424));
#1258 = CARTESIAN_POINT('',(3.911006338859,0.768416567304));
#1259 = CARTESIAN_POINT('',(3.858897097784,0.709748205207));
#1260 = CARTESIAN_POINT('',(3.81680867669,0.648003689605));
#1261 = CARTESIAN_POINT('',(3.782499289627,0.584045305754));
#1262 = CARTESIAN_POINT('',(3.754595420205,0.51842517847));
#1263 = CARTESIAN_POINT('',(3.732000086011,0.451561720833));
#1264 = CARTESIAN_POINT('',(3.713984768222,0.383763115579));
#1265 = CARTESIAN_POINT('',(3.679097614034,0.212560981763));
#1266 = CARTESIAN_POINT('',(3.667302308096,0.10830455825));
#1267 = CARTESIAN_POINT('',(3.662907217258,3.362048556957E-03));
#1268 = CARTESIAN_POINT('',(3.665342790365,-0.101712871291));
#1269 = CARTESIAN_POINT('',(3.674697706946,-0.20640462135));
#1270 = CARTESIAN_POINT('',(3.69171961769,-0.310124426759));
#1271 = CARTESIAN_POINT('',(3.718065376505,-0.412140120916));
#1272 = CARTESIAN_POINT('',(3.776897385444,-0.560460643468));
#1273 = CARTESIAN_POINT('',(3.799726807676,-0.609116969223));
#1274 = CARTESIAN_POINT('',(3.826218848585,-0.656810134528));
#1275 = CARTESIAN_POINT('',(3.856932021849,-0.703317877363));
#1276 = CARTESIAN_POINT('',(3.892575728166,-0.748352036644));
#1277 = CARTESIAN_POINT('',(3.934012845854,-0.791542227772));
#1278 = CARTESIAN_POINT('',(3.982329945418,-0.832371229644));
#1279 = CARTESIAN_POINT('',(4.066492457666,-0.889063185005));
#1280 = CARTESIAN_POINT('',(4.096494638747,-0.907201960807));
#1281 = CARTESIAN_POINT('',(4.128557792564,-0.924497882059));
#1282 = CARTESIAN_POINT('',(4.162786175384,-0.940857561124));
#1283 = CARTESIAN_POINT('',(4.199259279661,-0.956177303927));
#1284 = CARTESIAN_POINT('',(4.238011921474,-0.970344898058));
#1285 = CARTESIAN_POINT('',(4.279010473089,-0.98324441969));
#1286 = CARTESIAN_POINT('',(4.365240008201,-1.006283698923));
#1287 = CARTESIAN_POINT('',(4.410471306324,-1.016423303823));
#1288 = CARTESIAN_POINT('',(4.457690594143,-1.025072114826));
#1289 = CARTESIAN_POINT('',(4.506679736889,-1.032121431158));
#1290 = CARTESIAN_POINT('',(4.557107150656,-1.037477585281));
#1291 = CARTESIAN_POINT('',(4.608535679252,-1.041072078812));
#1292 = CARTESIAN_POINT('',(4.660462203126,-1.042868879543));
#1293 = CARTESIAN_POINT('',(4.712388980385,-1.042868879543));
#1294 = ( GEOMETRIC_REPRESENTATION_CONTEXT(2) 
PARAMETRIC_REPRESENTATION_CONTEXT() REPRESENTATION_CONTEXT('2D SPACE',''
  ) );
#1295 = ADVANCED_FACE('',(#1296),#44,.T.);
#1296 = FACE_BOUND('',#1297,.T.);
#1297 = EDGE_LOOP('',(#1298,#1299,#1507,#1535,#1563,#1591,#1619,#1662,
    #1713,#1714,#1737,#1765,#1793,#1821));
#1298 = ORIENTED_EDGE('',*,*,#21,.T.);
#1299 = ORIENTED_EDGE('',*,*,#1300,.F.);
#1300 = EDGE_CURVE('',#1301,#24,#1303,.T.);
#1301 = VERTEX_POINT('',#1302);
#1302 = CARTESIAN_POINT('',(7.268286103631,4.388476433899,1.623346098409
    ));
#1303 = SURFACE_CURVE('',#1304,(#1343,#1385),.PCURVE_S1.);
#1304 = ( BOUNDED_CURVE() B_SPLINE_CURVE(13,(#1305,#1306,#1307,#1308,
    #1309,#1310,#1311,#1312,#1313,#1314,#1315,#1316,#1317,#1318,#1319,
    #1320,#1321,#1322,#1323,#1324,#1325,#1326,#1327,#1328,#1329,#1330,
    #1331,#1332,#1333,#1334,#1335,#1336,#1337,#1338,#1339,#1340,#1341,
#1342),.UNSPECIFIED.,.F.,.F.) B_SPLINE_CURVE_WITH_KNOTS((14,12,12,14),(
    0.678135035985,2.545268600169,3.95035119446,7.378695026053),
.UNSPECIFIED.) CURVE() GEOMETRIC_REPRESENTATION_ITEM() 
RATIONAL_B_SPLINE_CURVE((1.,1.,0.999999999999,1.000000000002,
    0.999999999997,1.000000000004,0.999999999995,1.000000000005,
    0.999999999996,1.000000000002,0.999999999999,1.,1.,1.,1.000000000001
    ,0.999999999996,1.000000000008,0.999999999989,1.000000000013,
    0.999999999989,1.000000000008,0.999999999995,1.000000000002,
    0.999999999999,1.,1.,0.999999999999,1.000000000003,0.999999999993,
    1.000000000011,0.999999999986,1.000000000014,0.999999999989,
    1.000000000007,0.999999999997,1.000000000001,1.,1.)) 
REPRESENTATION_ITEM('') );
#1305 = CARTESIAN_POINT('',(7.268286103631,4.388476433899,1.623346098409
    ));
#1306 = CARTESIAN_POINT('',(7.148609041834,4.658191853281,1.578768485193
    ));
#1307 = CARTESIAN_POINT('',(7.00524988158,4.914838291894,1.528837368567)
  );
#1308 = CARTESIAN_POINT('',(6.840046968041,5.155871886577,1.47415403515)
  );
#1309 = CARTESIAN_POINT('',(6.653813722052,5.379958306943,1.414995433161
    ));
#1310 = CARTESIAN_POINT('',(6.450519031715,5.583457719875,1.352563037314
    ));
#1311 = CARTESIAN_POINT('',(6.230968712825,5.766366964156,1.287062381906
    ));
#1312 = CARTESIAN_POINT('',(5.996940923353,5.92791051144,1.218987122271)
  );
#1313 = CARTESIAN_POINT('',(5.752144144257,6.065718012403,1.149406109787
    ));
#1314 = CARTESIAN_POINT('',(5.498653241099,6.179506384521,1.078862916868
    ));
#1315 = CARTESIAN_POINT('',(5.237423064028,6.270321360481,1.007546317197
    ));
#1316 = CARTESIAN_POINT('',(4.972319256586,6.336266760504,0.936540468817
    ));
#1317 = CARTESIAN_POINT('',(4.704535019538,6.378495748656,0.866089284179
    ));
#1318 = CARTESIAN_POINT('',(4.234665518577,6.410837390275,0.744650911066
    ));
#1319 = CARTESIAN_POINT('',(4.032696904982,6.411281469293,0.693154239401
    ));
#1320 = CARTESIAN_POINT('',(3.831401883769,6.398409151069,0.642524241438
    ));
#1321 = CARTESIAN_POINT('',(3.631631457205,6.372397291745,0.592968572265
    ));
#1322 = CARTESIAN_POINT('',(3.434206929669,6.333470545632,0.544684823571
    ));
#1323 = CARTESIAN_POINT('',(3.239920458422,6.28189926197,0.497860773703)
  );
#1324 = CARTESIAN_POINT('',(3.049535604242,6.217997382525,0.45267463786)
  );
#1325 = CARTESIAN_POINT('',(2.86378788235,6.142120338022,0.409295318115)
  );
#1326 = CARTESIAN_POINT('',(2.68338531288,6.054662945929,0.367882653619)
  );
#1327 = CARTESIAN_POINT('',(2.509008971907,5.956057306916,0.328587670639
    ));
#1328 = CARTESIAN_POINT('',(2.341313541927,5.846770702416,0.291552832728
    ));
#1329 = CARTESIAN_POINT('',(2.180927862772,5.727303491415,0.256912290806
    ));
#1330 = CARTESIAN_POINT('',(1.65642913491,5.283148089442,0.146420267934)
  );
#1331 = CARTESIAN_POINT('',(1.331461807643,4.910770557975,
    8.303439972586E-02));
#1332 = CARTESIAN_POINT('',(1.062713600934,4.488142539609,
    3.659912169246E-02));
#1333 = CARTESIAN_POINT('',(0.855679866818,4.027944788644,
    7.853145544802E-03));
#1334 = CARTESIAN_POINT('',(0.723335490917,3.529853828638,
    1.201188221793E-04));
#1335 = CARTESIAN_POINT('',(0.658103106721,3.029806510899,
    9.593284322421E-03));
#1336 = CARTESIAN_POINT('',(0.680914950784,2.505748050812,
    4.275848062808E-02));
#1337 = CARTESIAN_POINT('',(0.769382456044,2.011354295357,
    9.110835982983E-02));
#1338 = CARTESIAN_POINT('',(0.937943522714,1.524636314352,0.159470184183
    ));
#1339 = CARTESIAN_POINT('',(1.172977067558,1.076854516428,0.242740972163
    ));
#1340 = CARTESIAN_POINT('',(1.472839913543,0.670642825033,0.340364477109
    ));
#1341 = CARTESIAN_POINT('',(1.830551400356,0.318391496339,0.449914949744
    ));
#1342 = CARTESIAN_POINT('',(2.237188818942,2.967705282483E-02,
    0.5686185454));
#1343 = PCURVE('',#44,#1344);
#1344 = DEFINITIONAL_REPRESENTATION('',(#1345),#1384);
#1345 = B_SPLINE_CURVE_WITH_KNOTS('',13,(#1346,#1347,#1348,#1349,#1350,
    #1351,#1352,#1353,#1354,#1355,#1356,#1357,#1358,#1359,#1360,#1361,
    #1362,#1363,#1364,#1365,#1366,#1367,#1368,#1369,#1370,#1371,#1372,
    #1373,#1374,#1375,#1376,#1377,#1378,#1379,#1380,#1381,#1382,#1383),
  .UNSPECIFIED.,.F.,.F.,(14,12,12,14),(0.678135035985,2.545268600169,
    3.95035119446,7.378695026053),.UNSPECIFIED.);
#1346 = CARTESIAN_POINT('',(-1.,-0.202098087399));
#1347 = CARTESIAN_POINT('',(-1.123492381928,6.957414485619E-02));
#1348 = CARTESIAN_POINT('',(-1.27142185066,0.328474187284));
#1349 = CARTESIAN_POINT('',(-1.441891454347,0.572030294951));
#1350 = CARTESIAN_POINT('',(-1.634061840177,0.79889551639));
#1351 = CARTESIAN_POINT('',(-1.843837591418,1.005372344227));
#1352 = CARTESIAN_POINT('',(-2.070387202711,1.191446908953));
#1353 = CARTESIAN_POINT('',(-2.311875828251,1.356319006768));
#1354 = CARTESIAN_POINT('',(-2.564476760147,1.497565800951));
#1355 = CARTESIAN_POINT('',(-2.826048985937,1.614876262489));
#1356 = CARTESIAN_POINT('',(-3.095607214662,1.709284863687));
#1357 = CARTESIAN_POINT('',(-3.369162565607,1.778841495152));
#1358 = CARTESIAN_POINT('',(-3.645483798593,1.824685040706));
#1359 = CARTESIAN_POINT('',(-4.130332799714,1.863312159313));
#1360 = CARTESIAN_POINT('',(-4.338740198708,1.866439669997));
#1361 = CARTESIAN_POINT('',(-4.546452531085,1.856223711547));
#1362 = CARTESIAN_POINT('',(-4.752591664595,1.832830076703));
#1363 = CARTESIAN_POINT('',(-4.956310111414,1.79647281567));
#1364 = CARTESIAN_POINT('',(-5.156790460447,1.747412123385));
#1365 = CARTESIAN_POINT('',(-5.3532448082,1.685952225885));
#1366 = CARTESIAN_POINT('',(-5.544914191435,1.612439267884));
#1367 = CARTESIAN_POINT('',(-5.731068017995,1.527259198995));
#1368 = CARTESIAN_POINT('',(-5.91100349918,1.430835661229));
#1369 = CARTESIAN_POINT('',(-6.084045081042,1.323627875478));
#1370 = CARTESIAN_POINT('',(-6.24954387629,1.20612852868));
#1371 = CARTESIAN_POINT('',(-6.790763691098,0.76833572859));
#1372 = CARTESIAN_POINT('',(-7.12609101857,0.399768039468));
#1373 = CARTESIAN_POINT('',(-7.40340695273,-1.986531030733E-02));
#1374 = CARTESIAN_POINT('',(-7.617040948849,-0.477939304181));
#1375 = CARTESIAN_POINT('',(-7.753604480638,-0.974950209307));
#1376 = CARTESIAN_POINT('',(-7.820916481422,-1.474811609382));
#1377 = CARTESIAN_POINT('',(-7.797377393077,-1.999886357791));
#1378 = CARTESIAN_POINT('',(-7.706089532145,-2.496128155886));
#1379 = CARTESIAN_POINT('',(-7.532154717137,-2.98574764628));
#1380 = CARTESIAN_POINT('',(-7.289628272542,-3.43726093908));
#1381 = CARTESIAN_POINT('',(-6.980205760479,-3.8480086991));
#1382 = CARTESIAN_POINT('',(-6.611090385417,-4.205491079531));
#1383 = CARTESIAN_POINT('',(-6.191489313597,-4.5));
#1384 = ( GEOMETRIC_REPRESENTATION_CONTEXT(2) 
PARAMETRIC_REPRESENTATION_CONTEXT() REPRESENTATION_CONTEXT('2D SPACE',''
  ) );
#1385 = PCURVE('',#1386,#1501);
#1386 = ( BOUNDED_SURFACE() B_SPLINE_SURFACE(2,13,(
    (#1387,#1388,#1389,#1390,#1391,#1392,#1393,#1394,#1395,#1396,#1397
      ,#1398,#1399,#1400,#1401,#1402,#1403,#1404,#1405,#1406,#1407,#1408
      ,#1409,#1410,#1411,#1412,#1413,#1414,#1415,#1416,#1417,#1418,#1419
      ,#1420,#1421,#1422,#1423,#1424)
    ,(#1425,#1426,#1427,#1428,#1429,#1430,#1431,#1432,#1433,#1434,#1435
      ,#1436,#1437,#1438,#1439,#1440,#1441,#1442,#1443,#1444,#1445,#1446
      ,#1447,#1448,#1449,#1450,#1451,#1452,#1453,#1454,#1455,#1456,#1457
      ,#1458,#1459,#1460,#1461,#1462)
    ,(#1463,#1464,#1465,#1466,#1467,#1468,#1469,#1470,#1471,#1472,#1473
      ,#1474,#1475,#1476,#1477,#1478,#1479,#1480,#1481,#1482,#1483,#1484
      ,#1485,#1486,#1487,#1488,#1489,#1490,#1491,#1492,#1493,#1494,#1495
      ,#1496,#1497,#1498,#1499,#1500
)),.UNSPECIFIED.,.F.,.F.,.F.) B_SPLINE_SURFACE_WITH_KNOTS((3,3),(14,12,
    12,14),(0.,6.700559990068),(0.678135035985,2.545268600169,
    3.95035119446,7.378695026053),.UNSPECIFIED.) 
GEOMETRIC_REPRESENTATION_ITEM() RATIONAL_B_SPLINE_SURFACE((
    (1.,1.,0.999999999999,1.000000000002,0.999999999997,1.000000000004
      ,0.999999999995,1.000000000005,0.999999999996,1.000000000002
      ,0.999999999999,1.,1.,1.,1.000000000001,0.999999999996
      ,1.000000000008,0.999999999989,1.000000000013,0.999999999989
      ,1.000000000008,0.999999999995,1.000000000002,0.999999999999,1.,1.
      ,0.999999999999,1.000000000003,0.999999999993,1.000000000011
      ,0.999999999986,1.000000000014,0.999999999989,1.000000000007
      ,0.999999999997,1.000000000001,1.,1.)
    ,(0.699612791433,0.701349876244,0.703155438147,0.705020644733
      ,0.706939109755,0.708898997265,0.710891079491,0.712907173467
      ,0.714936041569,0.716963868323,0.718977318069,0.720963164724
      ,0.722904498197,0.726200520025,0.727581404919,0.728920924351
      ,0.730211744784,0.731446282855,0.73261684366,0.733715758651
      ,0.73473552406,0.735668938729,0.736509242504,0.737250254175
      ,0.737886509723,0.739698992008,0.740333286451,0.740249944995
      ,0.73940202106,0.737799933297,0.735432772676,0.732359187522
      ,0.728554301325,0.724125333971,0.71931823834,0.714344907081
      ,0.709457783397,0.704849976909)
    ,(1.,1.,0.999999999999,1.000000000002,0.999999999997,1.000000000004
      ,0.999999999995,1.000000000005,0.999999999996,1.000000000002
      ,0.999999999999,1.,1.,1.,1.000000000001,0.999999999996
      ,1.000000000008,0.999999999989,1.000000000013,0.999999999989
      ,1.000000000008,0.999999999995,1.000000000002,0.999999999999,1.,1.
      ,0.999999999999,1.000000000003,0.999999999993,1.000000000011
      ,0.999999999986,1.000000000014,0.999999999989,1.000000000007
,0.999999999997,1.000000000001,1.,1.
  ))) REPRESENTATION_ITEM('') SURFACE() );
#1387 = CARTESIAN_POINT('',(7.268286103631,4.388476433899,1.623346098409
    ));
#1388 = CARTESIAN_POINT('',(7.148609041834,4.658191853281,1.578768485193
    ));
#1389 = CARTESIAN_POINT('',(7.00524988158,4.914838291894,1.528837368567)
  );
#1390 = CARTESIAN_POINT('',(6.840046968041,5.155871886577,1.47415403515)
  );
#1391 = CARTESIAN_POINT('',(6.653813722052,5.379958306943,1.414995433161
    ));
#1392 = CARTESIAN_POINT('',(6.450519031715,5.583457719875,1.352563037314
    ));
#1393 = CARTESIAN_POINT('',(6.230968712825,5.766366964156,1.287062381906
    ));
#1394 = CARTESIAN_POINT('',(5.996940923353,5.92791051144,1.218987122271)
  );
#1395 = CARTESIAN_POINT('',(5.752144144257,6.065718012403,1.149406109787
    ));
#1396 = CARTESIAN_POINT('',(5.498653241099,6.179506384521,1.078862916868
    ));
#1397 = CARTESIAN_POINT('',(5.237423064028,6.270321360481,1.007546317197
    ));
#1398 = CARTESIAN_POINT('',(4.972319256586,6.336266760504,0.936540468817
    ));
#1399 = CARTESIAN_POINT('',(4.704535019538,6.378495748656,0.866089284179
    ));
#1400 = CARTESIAN_POINT('',(4.234665518577,6.410837390275,0.744650911066
    ));
#1401 = CARTESIAN_POINT('',(4.032696904982,6.411281469293,0.693154239401
    ));
#1402 = CARTESIAN_POINT('',(3.831401883769,6.398409151069,0.642524241438
    ));
#1403 = CARTESIAN_POINT('',(3.631631457205,6.372397291745,0.592968572265
    ));
#1404 = CARTESIAN_POINT('',(3.434206929669,6.333470545632,0.544684823571
    ));
#1405 = CARTESIAN_POINT('',(3.239920458422,6.28189926197,0.497860773703)
  );
#1406 = CARTESIAN_POINT('',(3.049535604242,6.217997382525,0.45267463786)
  );
#1407 = CARTESIAN_POINT('',(2.86378788235,6.142120338022,0.409295318115)
  );
#1408 = CARTESIAN_POINT('',(2.68338531288,6.054662945929,0.367882653619)
  );
#1409 = CARTESIAN_POINT('',(2.509008971907,5.956057306916,0.328587670639
    ));
#1410 = CARTESIAN_POINT('',(2.341313541927,5.846770702416,0.291552832728
    ));
#1411 = CARTESIAN_POINT('',(2.180927862772,5.727303491415,0.256912290806
    ));
#1412 = CARTESIAN_POINT('',(1.65642913491,5.283148089442,0.146420267934)
  );
#1413 = CARTESIAN_POINT('',(1.331461807643,4.910770557975,
    8.303439972586E-02));
#1414 = CARTESIAN_POINT('',(1.062713600934,4.488142539609,
    3.659912169246E-02));
#1415 = CARTESIAN_POINT('',(0.855679866818,4.027944788644,
    7.853145544802E-03));
#1416 = CARTESIAN_POINT('',(0.723335490917,3.529853828638,
    1.201188221793E-04));
#1417 = CARTESIAN_POINT('',(0.658103106721,3.029806510899,
    9.593284322421E-03));
#1418 = CARTESIAN_POINT('',(0.680914950784,2.505748050812,
    4.275848062808E-02));
#1419 = CARTESIAN_POINT('',(0.769382456044,2.011354295357,
    9.110835982983E-02));
#1420 = CARTESIAN_POINT('',(0.937943522714,1.524636314352,0.159470184183
    ));
#1421 = CARTESIAN_POINT('',(1.172977067558,1.076854516428,0.242740972163
    ));
#1422 = CARTESIAN_POINT('',(1.472839913543,0.670642825033,0.340364477109
    ));
#1423 = CARTESIAN_POINT('',(1.830551400356,0.318391496339,0.449914949744
    ));
#1424 = CARTESIAN_POINT('',(2.237188818942,2.967705282483E-02,
    0.5686185454));
#1425 = CARTESIAN_POINT('',(5.662737644674,3.697527186769,1.250219492699
    ));
#1426 = CARTESIAN_POINT('',(5.604214863773,3.835519054497,1.228102440262
    ));
#1427 = CARTESIAN_POINT('',(5.533285848678,3.967510044387,1.203136743677
    ));
#1428 = CARTESIAN_POINT('',(5.450689477011,4.092171559436,1.175580053933
    ));
#1429 = CARTESIAN_POINT('',(5.357128022994,4.208500581773,1.145663700851
    ));
#1430 = CARTESIAN_POINT('',(5.253725177986,4.315185927301,1.11374249982)
  );
#1431 = CARTESIAN_POINT('',(5.141539939518,4.411443026694,1.080127293597
    ));
#1432 = CARTESIAN_POINT('',(5.021586841518,4.496650196888,1.045109091752
    ));
#1433 = CARTESIAN_POINT('',(4.89504005839,4.570096193591,1.009024263938)
  );
#1434 = CARTESIAN_POINT('',(4.76320746767,4.631259992389,0.972233327423)
  );
#1435 = CARTESIAN_POINT('',(4.627331657605,4.679920659258,0.935064497718
    ));
#1436 = CARTESIAN_POINT('',(4.488567696985,4.715852134132,0.897823952782
    ));
#1437 = CARTESIAN_POINT('',(4.348224358815,4.73900857422,0.860847637635)
  );
#1438 = CARTESIAN_POINT('',(4.102064652355,4.757314670112,0.797156228176
    ));
#1439 = CARTESIAN_POINT('',(3.996398457913,4.758037806444,0.770188518712
    ));
#1440 = CARTESIAN_POINT('',(3.890993178994,4.751668687395,0.743657461307
    ));
#1441 = CARTESIAN_POINT('',(3.786346676063,4.738274889742,0.717686413193
    ));
#1442 = CARTESIAN_POINT('',(3.68294965852,4.717964471378,0.692394796301)
  );
#1443 = CARTESIAN_POINT('',(3.581281870567,4.690883743051,0.667897241547
    ));
#1444 = CARTESIAN_POINT('',(3.481808524092,4.657215136586,0.644302790892
    ));
#1445 = CARTESIAN_POINT('',(3.384976960286,4.617175205533,0.621714150987
    ));
#1446 = CARTESIAN_POINT('',(3.291213514921,4.571012791042,0.600226989871
    ));
#1447 = CARTESIAN_POINT('',(3.200920557757,4.519007382186,0.579929268116
    ));
#1448 = CARTESIAN_POINT('',(3.114473670484,4.4614676957,0.560900593651)
  );
#1449 = CARTESIAN_POINT('',(3.032218924853,4.398730495943,0.543211589703
    ));
#1450 = CARTESIAN_POINT('',(2.765231397567,4.166693613488,0.48727779985)
  );
#1451 = CARTESIAN_POINT('',(2.602234805766,3.97315158914,0.455837919019)
  );
#1452 = CARTESIAN_POINT('',(2.470091468168,3.75527982731,0.433531069389)
  );
#1453 = CARTESIAN_POINT('',(2.372670751318,3.519412280655,0.421012814902
    ));
#1454 = CARTESIAN_POINT('',(2.311906431546,3.269911785576,0.41854829269)
  );
#1455 = CARTESIAN_POINT('',(2.289702115996,3.016830148,0.426098035102));
#1456 = CARTESIAN_POINT('',(2.305464901999,2.76024779959,0.443506737833)
  );
#1457 = CARTESIAN_POINT('',(2.359354554014,2.512536719468,0.470169406111
    ));
#1458 = CARTESIAN_POINT('',(2.45049366666,2.274585774986,0.505816034118)
  );
#1459 = CARTESIAN_POINT('',(2.574602020376,2.056034218194,0.548852682866
    ));
#1460 = CARTESIAN_POINT('',(2.729467545672,1.859164157346,0.598596480182
    ));
#1461 = CARTESIAN_POINT('',(2.910910457427,1.689180905496,0.653710497624
    ));
#1462 = CARTESIAN_POINT('',(3.114865035653,1.54975372256,0.712967046192)
  );
#1463 = CARTESIAN_POINT('',(5.255852060998,3.802351744419,2.987423025383
    ));
#1464 = CARTESIAN_POINT('',(5.1901911064,3.939667758408,2.954731860474)
  );
#1465 = CARTESIAN_POINT('',(5.112241406666,4.069228461337,2.918943398132
    ));
#1466 = CARTESIAN_POINT('',(5.023041093081,4.189715076108,2.880432720007
    ));
#1467 = CARTESIAN_POINT('',(4.923595547926,4.300172661646,2.839535502021
    ));
#1468 = CARTESIAN_POINT('',(4.815313279996,4.399445806854,2.796728726832
    ));
#1469 = CARTESIAN_POINT('',(4.699506580144,4.48694136029,2.75242311602)
  );
#1470 = CARTESIAN_POINT('',(4.577400126628,4.562271227294,2.706991507185
    ));
#1471 = CARTESIAN_POINT('',(4.450330959973,4.625011925942,2.66085342321)
  );
#1472 = CARTESIAN_POINT('',(4.319716454322,4.674966287905,2.614451445111
    ));
#1473 = CARTESIAN_POINT('',(4.186841932587,4.712248366599,2.568177022724
    ));
#1474 = CARTESIAN_POINT('',(4.052832912078,4.736968585748,2.522381281248
    ));
#1475 = CARTESIAN_POINT('',(3.918912778702,4.74941709915,2.477451372554)
  );
#1476 = CARTESIAN_POINT('',(3.686183190021,4.750412847109,2.400807249204
    ));
#1477 = CARTESIAN_POINT('',(3.586885973459,4.744112312268,2.368574592419
    ));
#1478 = CARTESIAN_POINT('',(3.488683209432,4.731249262549,2.337165709715
    ));
#1479 = CARTESIAN_POINT('',(3.392002426694,4.712023721567,2.306719140885
    ));
#1480 = CARTESIAN_POINT('',(3.297240545793,4.686665596029,2.277365770025
    ));
#1481 = CARTESIAN_POINT('',(3.204763825442,4.655430127189,2.249228238796
    ));
#1482 = CARTESIAN_POINT('',(3.114907808785,4.618593342344,2.222420359802
    ));
#1483 = CARTESIAN_POINT('',(3.027977269862,4.576447506274,2.197046529817
    ));
#1484 = CARTESIAN_POINT('',(2.944246159787,4.529296572735,2.173201143176
    ));
#1485 = CARTESIAN_POINT('',(2.86395755326,4.477451635918,2.150968005015)
  );
#1486 = CARTESIAN_POINT('',(2.787323594758,4.421226381921,2.130419744631
    ));
#1487 = CARTESIAN_POINT('',(2.714525444982,4.360932540222,2.111617228759
    ));
#1488 = CARTESIAN_POINT('',(2.47781424131,4.140578385205,2.053109533899)
  );
#1489 = CARTESIAN_POINT('',(2.333669717348,3.961886571068,2.022298518062
    ));
#1490 = CARTESIAN_POINT('',(2.215485268002,3.765140826652,2.002887431746
    ));
#1491 = CARTESIAN_POINT('',(2.124908792372,3.555090246098,1.995310187913
    ));
#1492 = CARTESIAN_POINT('',(2.061886570059,3.334066798036,1.999371619196
    ));
#1493 = CARTESIAN_POINT('',(2.027913845744,3.107799447007,2.015184161839
    ));
#1494 = CARTESIAN_POINT('',(2.022645045529,2.874470314141,2.042391484455
    ));
#1495 = CARTESIAN_POINT('',(2.048217224115,2.641966454736,2.081223546499
    ));
#1496 = CARTESIAN_POINT('',(2.106835462147,2.4095730564,2.131590769369)
  );
#1497 = CARTESIAN_POINT('',(2.198925937404,2.186558273129,2.191774000216
    ));
#1498 = CARTESIAN_POINT('',(2.325640033786,1.97699476322,2.260726557202)
  );
#1499 = CARTESIAN_POINT('',(2.48532305941,1.788906189477,2.336321554894)
  );
#1500 = CARTESIAN_POINT('',(2.674884547783,1.629022569829,2.416468949062
    ));
#1501 = DEFINITIONAL_REPRESENTATION('',(#1502),#1506);
#1502 = LINE('',#1503,#1504);
#1503 = CARTESIAN_POINT('',(0.,0.));
#1504 = VECTOR('',#1505,1.);
#1505 = DIRECTION('',(0.,1.));
#1506 = ( GEOMETRIC_REPRESENTATION_CONTEXT(2) 
PARAMETRIC_REPRESENTATION_CONTEXT() REPRESENTATION_CONTEXT('2D SPACE',''
  ) );
#1507 = ORIENTED_EDGE('',*,*,#1508,.T.);
#1508 = EDGE_CURVE('',#1301,#1509,#1511,.T.);
#1509 = VERTEX_POINT('',#1510);
#1510 = CARTESIAN_POINT('',(7.268286103631,4.390571669578,1.623236744923
    ));
#1511 = SURFACE_CURVE('',#1512,(#1516,#1523),.PCURVE_S1.);
#1512 = LINE('',#1513,#1514);
#1513 = CARTESIAN_POINT('',(7.268286103631,3.891251269571,1.649297023835
    ));
#1514 = VECTOR('',#1515,1.);
#1515 = DIRECTION('',(0.,0.998640800014,-5.212055782352E-02));
#1516 = PCURVE('',#44,#1517);
#1517 = DEFINITIONAL_REPRESENTATION('',(#1518),#1522);
#1518 = LINE('',#1519,#1520);
#1519 = CARTESIAN_POINT('',(-1.,-0.7));
#1520 = VECTOR('',#1521,1.);
#1521 = DIRECTION('',(0.,1.));
#1522 = ( GEOMETRIC_REPRESENTATION_CONTEXT(2) 
PARAMETRIC_REPRESENTATION_CONTEXT() REPRESENTATION_CONTEXT('2D SPACE',''
  ) );
#1523 = PCURVE('',#1524,#1529);
#1524 = CYLINDRICAL_SURFACE('',#1525,104.60250594613);
#1525 = AXIS2_PLACEMENT_3D('',#1526,#1527,#1528);
#1526 = CARTESIAN_POINT('',(-94.10250594613,2.546534040035,
    -24.11576662807));
#1527 = DIRECTION('',(0.,0.998640800014,-5.212055782352E-02));
#1528 = DIRECTION('',(0.969104813817,1.285549726914E-02,0.246314019142)
  );
#1529 = DEFINITIONAL_REPRESENTATION('',(#1530),#1534);
#1530 = LINE('',#1531,#1532);
#1531 = CARTESIAN_POINT('',(0.,0.));
#1532 = VECTOR('',#1533,1.);
#1533 = DIRECTION('',(0.,1.));
#1534 = ( GEOMETRIC_REPRESENTATION_CONTEXT(2) 
PARAMETRIC_REPRESENTATION_CONTEXT() REPRESENTATION_CONTEXT('2D SPACE',''
  ) );
#1535 = ORIENTED_EDGE('',*,*,#1536,.T.);
#1536 = EDGE_CURVE('',#1509,#1537,#1539,.T.);
#1537 = VERTEX_POINT('',#1538);
#1538 = CARTESIAN_POINT('',(14.052019800353,4.480560150462,
    3.347434878917));
#1539 = SURFACE_CURVE('',#1540,(#1544,#1551),.PCURVE_S1.);
#1540 = LINE('',#1541,#1542);
#1541 = CARTESIAN_POINT('',(10.660152951992,4.43556591002,2.48533581192)
  );
#1542 = VECTOR('',#1543,1.);
#1543 = DIRECTION('',(0.969104813817,1.285549726914E-02,0.246314019142)
  );
#1544 = PCURVE('',#44,#1545);
#1545 = DEFINITIONAL_REPRESENTATION('',(#1546),#1550);
#1546 = LINE('',#1547,#1548);
#1547 = CARTESIAN_POINT('',(2.5,-0.2));
#1548 = VECTOR('',#1549,1.);
#1549 = DIRECTION('',(1.,0.));
#1550 = ( GEOMETRIC_REPRESENTATION_CONTEXT(2) 
PARAMETRIC_REPRESENTATION_CONTEXT() REPRESENTATION_CONTEXT('2D SPACE',''
  ) );
#1551 = PCURVE('',#1552,#1557);
#1552 = PLANE('',#1553);
#1553 = AXIS2_PLACEMENT_3D('',#1554,#1555,#1556);
#1554 = CARTESIAN_POINT('',(-94.10250594613,3.045854440042,
    -24.14182690698));
#1555 = DIRECTION('',(0.,0.998640800014,-5.212055782352E-02));
#1556 = DIRECTION('',(0.969104813817,1.285549726914E-02,0.246314019142)
  );
#1557 = DEFINITIONAL_REPRESENTATION('',(#1558),#1562);
#1558 = LINE('',#1559,#1560);
#1559 = CARTESIAN_POINT('',(108.10250594613,-2.274691239273E-15));
#1560 = VECTOR('',#1561,1.);
#1561 = DIRECTION('',(1.,-1.780441501961E-17));
#1562 = ( GEOMETRIC_REPRESENTATION_CONTEXT(2) 
PARAMETRIC_REPRESENTATION_CONTEXT() REPRESENTATION_CONTEXT('2D SPACE',''
  ) );
#1563 = ORIENTED_EDGE('',*,*,#1564,.F.);
#1564 = EDGE_CURVE('',#1565,#1537,#1567,.T.);
#1565 = VERTEX_POINT('',#1566);
#1566 = CARTESIAN_POINT('',(14.052019800353,3.481919350448,3.39955543674
    ));
#1567 = SURFACE_CURVE('',#1568,(#1572,#1579),.PCURVE_S1.);
#1568 = LINE('',#1569,#1570);
#1569 = CARTESIAN_POINT('',(14.052019800353,3.981239750455,
    3.373495157829));
#1570 = VECTOR('',#1571,1.);
#1571 = DIRECTION('',(0.,0.998640800014,-5.212055782352E-02));
#1572 = PCURVE('',#44,#1573);
#1573 = DEFINITIONAL_REPRESENTATION('',(#1574),#1578);
#1574 = LINE('',#1575,#1576);
#1575 = CARTESIAN_POINT('',(6.,-0.7));
#1576 = VECTOR('',#1577,1.);
#1577 = DIRECTION('',(0.,1.));
#1578 = ( GEOMETRIC_REPRESENTATION_CONTEXT(2) 
PARAMETRIC_REPRESENTATION_CONTEXT() REPRESENTATION_CONTEXT('2D SPACE',''
  ) );
#1579 = PCURVE('',#1580,#1585);
#1580 = CYLINDRICAL_SURFACE('',#1581,111.60250594613);
#1581 = AXIS2_PLACEMENT_3D('',#1582,#1583,#1584);
#1582 = CARTESIAN_POINT('',(-94.10250594613,2.546534040035,
    -24.11576662807));
#1583 = DIRECTION('',(0.,0.998640800014,-5.212055782352E-02));
#1584 = DIRECTION('',(0.969104813817,1.285549726914E-02,0.246314019142)
  );
#1585 = DEFINITIONAL_REPRESENTATION('',(#1586),#1590);
#1586 = LINE('',#1587,#1588);
#1587 = CARTESIAN_POINT('',(0.,0.));
#1588 = VECTOR('',#1589,1.);
#1589 = DIRECTION('',(0.,1.));
#1590 = ( GEOMETRIC_REPRESENTATION_CONTEXT(2) 
PARAMETRIC_REPRESENTATION_CONTEXT() REPRESENTATION_CONTEXT('2D SPACE',''
  ) );
#1591 = ORIENTED_EDGE('',*,*,#1592,.F.);
#1592 = EDGE_CURVE('',#1593,#1565,#1595,.T.);
#1593 = VERTEX_POINT('',#1594);
#1594 = CARTESIAN_POINT('',(7.544327650894,3.395592652383,1.7455178282)
  );
#1595 = SURFACE_CURVE('',#1596,(#1600,#1607),.PCURVE_S1.);
#1596 = LINE('',#1597,#1598);
#1597 = CARTESIAN_POINT('',(10.660152951992,3.436925110006,
    2.537456369744));
#1598 = VECTOR('',#1599,1.);
#1599 = DIRECTION('',(0.969104813817,1.285549726914E-02,0.246314019142)
  );
#1600 = PCURVE('',#44,#1601);
#1601 = DEFINITIONAL_REPRESENTATION('',(#1602),#1606);
#1602 = LINE('',#1603,#1604);
#1603 = CARTESIAN_POINT('',(2.5,-1.2));
#1604 = VECTOR('',#1605,1.);
#1605 = DIRECTION('',(1.,0.));
#1606 = ( GEOMETRIC_REPRESENTATION_CONTEXT(2) 
PARAMETRIC_REPRESENTATION_CONTEXT() REPRESENTATION_CONTEXT('2D SPACE',''
  ) );
#1607 = PCURVE('',#1608,#1613);
#1608 = PLANE('',#1609);
#1609 = AXIS2_PLACEMENT_3D('',#1610,#1611,#1612);
#1610 = CARTESIAN_POINT('',(-94.10250594613,2.047213640028,
    -24.08970634916));
#1611 = DIRECTION('',(0.,0.998640800014,-5.212055782352E-02));
#1612 = DIRECTION('',(0.969104813817,1.285549726914E-02,0.246314019142)
  );
#1613 = DEFINITIONAL_REPRESENTATION('',(#1614),#1618);
#1614 = LINE('',#1615,#1616);
#1615 = CARTESIAN_POINT('',(108.10250594613,-2.274691239273E-15));
#1616 = VECTOR('',#1617,1.);
#1617 = DIRECTION('',(1.,-1.780441501961E-17));
#1618 = ( GEOMETRIC_REPRESENTATION_CONTEXT(2) 
PARAMETRIC_REPRESENTATION_CONTEXT() REPRESENTATION_CONTEXT('2D SPACE',''
  ) );
#1619 = ORIENTED_EDGE('',*,*,#1620,.F.);
#1620 = EDGE_CURVE('',#1621,#1593,#1623,.T.);
#1621 = VERTEX_POINT('',#1622);
#1622 = CARTESIAN_POINT('',(7.571030262573,2.837000254443,1.781476999072
    ));
#1623 = SURFACE_CURVE('',#1624,(#1630,#1639),.PCURVE_S1.);
#1624 = ( BOUNDED_CURVE() B_SPLINE_CURVE(4,(#1625,#1626,#1627,#1628,
#1629),.UNSPECIFIED.,.F.,.F.) B_SPLINE_CURVE_WITH_KNOTS((5,5),(
-8.476768154655E-02,0.180637723903),.PIECEWISE_BEZIER_KNOTS.) CURVE() 
GEOMETRIC_REPRESENTATION_ITEM() RATIONAL_B_SPLINE_CURVE((1.,1.,1.,1.,1.)
) REPRESENTATION_ITEM('') );
#1625 = CARTESIAN_POINT('',(7.571030262573,2.837000254443,1.781476999072
    ));
#1626 = CARTESIAN_POINT('',(7.575253933785,2.977390991758,1.775226236508
    ));
#1627 = CARTESIAN_POINT('',(7.572170505846,3.117692652317,1.767117843892
    ));
#1628 = CARTESIAN_POINT('',(7.561811624397,3.257319099254,1.757190477758
    ));
#1629 = CARTESIAN_POINT('',(7.544327650894,3.395592652383,1.7455178282)
  );
#1630 = PCURVE('',#44,#1631);
#1631 = DEFINITIONAL_REPRESENTATION('',(#1632),#1638);
#1632 = B_SPLINE_CURVE_WITH_KNOTS('',4,(#1633,#1634,#1635,#1636,#1637),
  .UNSPECIFIED.,.F.,.F.,(5,5),(-8.476768154655E-02,0.180637723903),
  .PIECEWISE_BEZIER_KNOTS.);
#1633 = CARTESIAN_POINT('',(-0.687604318309,-1.759707371205));
#1634 = CARTESIAN_POINT('',(-0.683245995915,-1.619181659746));
#1635 = CARTESIAN_POINT('',(-0.686427723934,-1.478648083257));
#1636 = CARTESIAN_POINT('',(-0.697116847857,-1.338693996723));
#1637 = CARTESIAN_POINT('',(-0.715158212685,-1.2));
#1638 = ( GEOMETRIC_REPRESENTATION_CONTEXT(2) 
PARAMETRIC_REPRESENTATION_CONTEXT() REPRESENTATION_CONTEXT('2D SPACE',''
  ) );
#1639 = PCURVE('',#1640,#1656);
#1640 = ( BOUNDED_SURFACE() B_SPLINE_SURFACE(2,4,(
    (#1641,#1642,#1643,#1644,#1645)
    ,(#1646,#1647,#1648,#1649,#1650)
    ,(#1651,#1652,#1653,#1654,#1655
)),.UNSPECIFIED.,.F.,.F.,.F.) B_SPLINE_SURFACE_WITH_KNOTS((3,3),(5,5),(
    0.,0.26540540545),(-8.476768154655E-02,0.180637723903),
.PIECEWISE_BEZIER_KNOTS.) GEOMETRIC_REPRESENTATION_ITEM() 
RATIONAL_B_SPLINE_SURFACE((
    (1.,1.,1.,1.,1.)
    ,(0.691432694771,0.69203948695,0.692673645754,0.693333697754
      ,0.694017848262)
,(1.,1.,1.,1.,1.))) REPRESENTATION_ITEM('') SURFACE() );
#1641 = CARTESIAN_POINT('',(7.571030262573,2.837000254443,1.781476999072
    ));
#1642 = CARTESIAN_POINT('',(7.575253933785,2.977390991758,1.775226236508
    ));
#1643 = CARTESIAN_POINT('',(7.572170505846,3.117692652317,1.767117843892
    ));
#1644 = CARTESIAN_POINT('',(7.561811624397,3.257319099254,1.757190477758
    ));
#1645 = CARTESIAN_POINT('',(7.544327650894,3.395592652383,1.7455178282)
  );
#1646 = CARTESIAN_POINT('',(5.8015656308,2.910974878579,1.326652379704)
  );
#1647 = CARTESIAN_POINT('',(5.805139611971,2.981295712845,1.323893090964
    ));
#1648 = CARTESIAN_POINT('',(5.805025287509,3.051798479201,1.320184309476
    ));
#1649 = CARTESIAN_POINT('',(5.801206461301,3.122184612599,1.315537490073
    ));
#1650 = CARTESIAN_POINT('',(5.793722950627,3.192124616841,1.309979977442
    ));
#1651 = CARTESIAN_POINT('',(5.428582032281,3.,3.114472428111));
#1652 = CARTESIAN_POINT('',(5.429942320411,3.07342762473,3.107952167166)
  );
#1653 = CARTESIAN_POINT('',(5.427340695327,3.146677169248,3.100291057956
    ));
#1654 = CARTESIAN_POINT('',(5.420812717709,3.219396984932,3.091523158133
    ));
#1655 = CARTESIAN_POINT('',(5.410464460302,3.291222623952,3.081702809068
    ));
#1656 = DEFINITIONAL_REPRESENTATION('',(#1657),#1661);
#1657 = LINE('',#1658,#1659);
#1658 = CARTESIAN_POINT('',(0.,0.));
#1659 = VECTOR('',#1660,1.);
#1660 = DIRECTION('',(0.,1.));
#1661 = ( GEOMETRIC_REPRESENTATION_CONTEXT(2) 
PARAMETRIC_REPRESENTATION_CONTEXT() REPRESENTATION_CONTEXT('2D SPACE',''
  ) );
#1662 = ORIENTED_EDGE('',*,*,#1663,.F.);
#1663 = EDGE_CURVE('',#791,#1621,#1664,.T.);
#1664 = SURFACE_CURVE('',#1665,(#1673,#1684),.PCURVE_S1.);
#1665 = ( BOUNDED_CURVE() B_SPLINE_CURVE(6,(#1666,#1667,#1668,#1669,
#1670,#1671,#1672),.UNSPECIFIED.,.F.,.F.) B_SPLINE_CURVE_WITH_KNOTS((7,7
),(9.49805620445,11.016168760682),.PIECEWISE_BEZIER_KNOTS.) CURVE() 
GEOMETRIC_REPRESENTATION_ITEM() RATIONAL_B_SPLINE_CURVE((1.,1.,1.,1.,1.,
1.,1.)) REPRESENTATION_ITEM('') );
#1666 = CARTESIAN_POINT('',(6.144583639495,8.150994306423E-02,
    1.561747574275));
#1667 = CARTESIAN_POINT('',(6.566187080035,0.394192325348,1.652877593182
    ));
#1668 = CARTESIAN_POINT('',(6.936241569098,0.7882197197,1.726624386173)
  );
#1669 = CARTESIAN_POINT('',(7.23449814988,1.252163768708,1.778423789885)
  );
#1670 = CARTESIAN_POINT('',(7.443148919214,1.765165112203,1.804825983299
    ));
#1671 = CARTESIAN_POINT('',(7.554924063858,2.301645820006,1.805313140411
    ));
#1672 = CARTESIAN_POINT('',(7.571030262573,2.837000254443,1.781476999072
    ));
#1673 = PCURVE('',#44,#1674);
#1674 = DEFINITIONAL_REPRESENTATION('',(#1675),#1683);
#1675 = B_SPLINE_CURVE_WITH_KNOTS('',6,(#1676,#1677,#1678,#1679,#1680,
    #1681,#1682),.UNSPECIFIED.,.F.,.F.,(7,7),(9.49805620445,
    11.016168760682),.PIECEWISE_BEZIER_KNOTS.);
#1676 = CARTESIAN_POINT('',(-2.159526243306,-4.5));
#1677 = CARTESIAN_POINT('',(-1.724482030824,-4.192492363026));
#1678 = CARTESIAN_POINT('',(-1.342630157025,-3.802844254691));
#1679 = CARTESIAN_POINT('',(-1.034865118064,-3.342230612244));
#1680 = CARTESIAN_POINT('',(-0.819562535352,-2.831302637218));
#1681 = CARTESIAN_POINT('',(-0.704223984712,-2.295576504886));
#1682 = CARTESIAN_POINT('',(-0.687604318309,-1.759707371205));
#1683 = ( GEOMETRIC_REPRESENTATION_CONTEXT(2) 
PARAMETRIC_REPRESENTATION_CONTEXT() REPRESENTATION_CONTEXT('2D SPACE',''
  ) );
#1684 = PCURVE('',#1685,#1707);
#1685 = ( BOUNDED_SURFACE() B_SPLINE_SURFACE(2,6,(
    (#1686,#1687,#1688,#1689,#1690,#1691,#1692)
    ,(#1693,#1694,#1695,#1696,#1697,#1698,#1699)
    ,(#1700,#1701,#1702,#1703,#1704,#1705,#1706
)),.UNSPECIFIED.,.F.,.F.,.F.) B_SPLINE_SURFACE_WITH_KNOTS((3,3),(7,7),(
    0.,1.518112556232),(9.49805620445,11.016168760682),
.PIECEWISE_BEZIER_KNOTS.) GEOMETRIC_REPRESENTATION_ITEM() 
RATIONAL_B_SPLINE_SURFACE((
    (1.,1.,1.,1.,1.,1.,1.)
    ,(0.684244021522,0.68409842135,0.684581411195,0.685629221248
      ,0.687163323922,0.689118803627,0.691432694771)
,(1.,1.,1.,1.,1.,1.,1.))) REPRESENTATION_ITEM('') SURFACE() );
#1686 = CARTESIAN_POINT('',(6.144583639495,8.150994306423E-02,
    1.561747574275));
#1687 = CARTESIAN_POINT('',(6.566187080035,0.394192325348,1.652877593182
    ));
#1688 = CARTESIAN_POINT('',(6.936241569098,0.7882197197,1.726624386173)
  );
#1689 = CARTESIAN_POINT('',(7.23449814988,1.252163768708,1.778423789885)
  );
#1690 = CARTESIAN_POINT('',(7.443148919214,1.765165112203,1.804825983299
    ));
#1691 = CARTESIAN_POINT('',(7.554924063858,2.301645820006,1.805313140411
    ));
#1692 = CARTESIAN_POINT('',(7.571030262573,2.837000254443,1.781476999072
    ));
#1693 = CARTESIAN_POINT('',(5.062246585157,1.558880150508,1.208798203553
    ));
#1694 = CARTESIAN_POINT('',(5.274274313339,1.708239711065,1.255040053758
    ));
#1695 = CARTESIAN_POINT('',(5.461771689096,1.897860454961,1.292928834424
    ));
#1696 = CARTESIAN_POINT('',(5.615181717135,2.122975640079,1.320277643848
    ));
#1697 = CARTESIAN_POINT('',(5.725546125664,2.374991474445,1.335251909783
    ));
#1698 = CARTESIAN_POINT('',(5.787879143942,2.64168270052,1.337219018771)
  );
#1699 = CARTESIAN_POINT('',(5.8015656308,2.910974878579,1.326652379704)
  );
#1700 = CARTESIAN_POINT('',(4.672008114104,1.558906085813,3.032630274323
    ));
#1701 = CARTESIAN_POINT('',(4.89758615903,1.718073009723,3.082534276495)
  );
#1702 = CARTESIAN_POINT('',(5.096368736847,1.922944935671,3.120112635942
    ));
#1703 = CARTESIAN_POINT('',(5.256070155065,2.166888416661,3.142899107232
    ));
#1704 = CARTESIAN_POINT('',(5.366354213814,2.437699039734,3.149265634294
    ));
#1705 = CARTESIAN_POINT('',(5.423394821953,2.71999716462,3.1393362523));
#1706 = CARTESIAN_POINT('',(5.428582032281,3.,3.114472428111));
#1707 = DEFINITIONAL_REPRESENTATION('',(#1708),#1712);
#1708 = LINE('',#1709,#1710);
#1709 = CARTESIAN_POINT('',(0.,0.));
#1710 = VECTOR('',#1711,1.);
#1711 = DIRECTION('',(0.,1.));
#1712 = ( GEOMETRIC_REPRESENTATION_CONTEXT(2) 
PARAMETRIC_REPRESENTATION_CONTEXT() REPRESENTATION_CONTEXT('2D SPACE',''
  ) );
#1713 = ORIENTED_EDGE('',*,*,#790,.T.);
#1714 = ORIENTED_EDGE('',*,*,#1715,.T.);
#1715 = EDGE_CURVE('',#762,#1716,#1718,.T.);
#1716 = VERTEX_POINT('',#1717);
#1717 = CARTESIAN_POINT('',(16.474781834896,1.716504653596,
    4.109157488677));
#1718 = SURFACE_CURVE('',#1719,(#1724,#1731),.PCURVE_S1.);
#1719 = CIRCLE('',#1720,1.5);
#1720 = AXIS2_PLACEMENT_3D('',#1721,#1722,#1723);
#1721 = CARTESIAN_POINT('',(15.02112461417,1.697221407692,3.739686459965
    ));
#1722 = DIRECTION('',(-0.246649264819,5.051028348562E-02,0.967787606568)
  );
#1723 = DIRECTION('',(-0.969104813817,-1.285549726914E-02,
    -0.246314019142));
#1724 = PCURVE('',#44,#1725);
#1725 = DEFINITIONAL_REPRESENTATION('',(#1726),#1730);
#1726 = ( BOUNDED_CURVE() B_SPLINE_CURVE(2,(#1727,#1728,#1729),
.UNSPECIFIED.,.F.,.F.) B_SPLINE_CURVE_WITH_KNOTS((3,3),(1.570796326795,
3.14159265359),.PIECEWISE_BEZIER_KNOTS.) CURVE() 
GEOMETRIC_REPRESENTATION_ITEM() RATIONAL_B_SPLINE_CURVE((1.,
0.707106781187,1.)) REPRESENTATION_ITEM('') );
#1727 = CARTESIAN_POINT('',(7.,-4.5));
#1728 = CARTESIAN_POINT('',(8.5,-4.5));
#1729 = CARTESIAN_POINT('',(8.5,-3.));
#1730 = ( GEOMETRIC_REPRESENTATION_CONTEXT(2) 
PARAMETRIC_REPRESENTATION_CONTEXT() REPRESENTATION_CONTEXT('2D SPACE',''
  ) );
#1731 = PCURVE('',#778,#1732);
#1732 = DEFINITIONAL_REPRESENTATION('',(#1733),#1736);
#1733 = B_SPLINE_CURVE_WITH_KNOTS('',1,(#1734,#1735),.UNSPECIFIED.,.F.,
  .F.,(2,2),(1.570796326795,3.14159265359),.PIECEWISE_BEZIER_KNOTS.);
#1734 = CARTESIAN_POINT('',(1.817642135431E-17,4.712388980385));
#1735 = CARTESIAN_POINT('',(1.817642135431E-17,6.28318530718));
#1736 = ( GEOMETRIC_REPRESENTATION_CONTEXT(2) 
PARAMETRIC_REPRESENTATION_CONTEXT() REPRESENTATION_CONTEXT('2D SPACE',''
  ) );
#1737 = ORIENTED_EDGE('',*,*,#1738,.T.);
#1738 = EDGE_CURVE('',#1716,#1739,#1741,.T.);
#1739 = VERTEX_POINT('',#1740);
#1740 = CARTESIAN_POINT('',(16.474781834896,8.207669853686,
    3.770373862825));
#1741 = SURFACE_CURVE('',#1742,(#1746,#1753),.PCURVE_S1.);
#1742 = LINE('',#1743,#1744);
#1743 = CARTESIAN_POINT('',(16.474781834896,4.712427053637,
    3.952795815207));
#1744 = VECTOR('',#1745,1.);
#1745 = DIRECTION('',(0.,0.998640800014,-5.212055782352E-02));
#1746 = PCURVE('',#44,#1747);
#1747 = DEFINITIONAL_REPRESENTATION('',(#1748),#1752);
#1748 = LINE('',#1749,#1750);
#1749 = CARTESIAN_POINT('',(8.5,0.));
#1750 = VECTOR('',#1751,1.);
#1751 = DIRECTION('',(0.,1.));
#1752 = ( GEOMETRIC_REPRESENTATION_CONTEXT(2) 
PARAMETRIC_REPRESENTATION_CONTEXT() REPRESENTATION_CONTEXT('2D SPACE',''
  ) );
#1753 = PCURVE('',#1754,#1759);
#1754 = CYLINDRICAL_SURFACE('',#1755,114.10250594613);
#1755 = AXIS2_PLACEMENT_3D('',#1756,#1757,#1758);
#1756 = CARTESIAN_POINT('',(-94.10250594613,3.245582600045,
    -24.15225101855));
#1757 = DIRECTION('',(0.,0.998640800014,-5.212055782352E-02));
#1758 = DIRECTION('',(0.969104813817,1.285549726914E-02,0.246314019142)
  );
#1759 = DEFINITIONAL_REPRESENTATION('',(#1760),#1764);
#1760 = LINE('',#1761,#1762);
#1761 = CARTESIAN_POINT('',(0.,0.));
#1762 = VECTOR('',#1763,1.);
#1763 = DIRECTION('',(0.,1.));
#1764 = ( GEOMETRIC_REPRESENTATION_CONTEXT(2) 
PARAMETRIC_REPRESENTATION_CONTEXT() REPRESENTATION_CONTEXT('2D SPACE',''
  ) );
#1765 = ORIENTED_EDGE('',*,*,#1766,.F.);
#1766 = EDGE_CURVE('',#1767,#1739,#1769,.T.);
#1767 = VERTEX_POINT('',#1768);
#1768 = CARTESIAN_POINT('',(1.224020884649E-14,7.98912640011,
    -0.416964462588));
#1769 = SURFACE_CURVE('',#1770,(#1774,#1781),.PCURVE_S1.);
#1770 = LINE('',#1771,#1772);
#1771 = CARTESIAN_POINT('',(8.237390917448,8.098398126898,1.676704700118
    ));
#1772 = VECTOR('',#1773,1.);
#1773 = DIRECTION('',(0.969104813817,1.285549726914E-02,0.246314019142)
  );
#1774 = PCURVE('',#44,#1775);
#1775 = DEFINITIONAL_REPRESENTATION('',(#1776),#1780);
#1776 = LINE('',#1777,#1778);
#1777 = CARTESIAN_POINT('',(0.,3.5));
#1778 = VECTOR('',#1779,1.);
#1779 = DIRECTION('',(1.,0.));
#1780 = ( GEOMETRIC_REPRESENTATION_CONTEXT(2) 
PARAMETRIC_REPRESENTATION_CONTEXT() REPRESENTATION_CONTEXT('2D SPACE',''
  ) );
#1781 = PCURVE('',#1782,#1787);
#1782 = PLANE('',#1783);
#1783 = AXIS2_PLACEMENT_3D('',#1784,#1785,#1786);
#1784 = CARTESIAN_POINT('',(-94.10250594613,6.740825400093,
    -24.33467297093));
#1785 = DIRECTION('',(0.,0.998640800014,-5.212055782352E-02));
#1786 = DIRECTION('',(0.969104813817,1.285549726914E-02,0.246314019142)
  );
#1787 = DEFINITIONAL_REPRESENTATION('',(#1788),#1792);
#1788 = LINE('',#1789,#1790);
#1789 = CARTESIAN_POINT('',(105.60250594613,5.859516904726E-16));
#1790 = VECTOR('',#1791,1.);
#1791 = DIRECTION('',(1.,9.951160596024E-18));
#1792 = ( GEOMETRIC_REPRESENTATION_CONTEXT(2) 
PARAMETRIC_REPRESENTATION_CONTEXT() REPRESENTATION_CONTEXT('2D SPACE',''
  ) );
#1793 = ORIENTED_EDGE('',*,*,#1794,.F.);
#1794 = EDGE_CURVE('',#1795,#1767,#1797,.T.);
#1795 = VERTEX_POINT('',#1796);
#1796 = CARTESIAN_POINT('',(1.42108547152E-14,1.497961200021,
    -7.818083673527E-02));
#1797 = SURFACE_CURVE('',#1798,(#1802,#1809),.PCURVE_S1.);
#1798 = LINE('',#1799,#1800);
#1799 = CARTESIAN_POINT('',(1.24344978758E-14,4.493883600062,
    -0.234542510206));
#1800 = VECTOR('',#1801,1.);
#1801 = DIRECTION('',(0.,0.998640800014,-5.212055782352E-02));
#1802 = PCURVE('',#44,#1803);
#1803 = DEFINITIONAL_REPRESENTATION('',(#1804),#1808);
#1804 = LINE('',#1805,#1806);
#1805 = CARTESIAN_POINT('',(-8.5,0.));
#1806 = VECTOR('',#1807,1.);
#1807 = DIRECTION('',(0.,1.));
#1808 = ( GEOMETRIC_REPRESENTATION_CONTEXT(2) 
PARAMETRIC_REPRESENTATION_CONTEXT() REPRESENTATION_CONTEXT('2D SPACE',''
  ) );
#1809 = PCURVE('',#1810,#1815);
#1810 = CYLINDRICAL_SURFACE('',#1811,97.102505946136);
#1811 = AXIS2_PLACEMENT_3D('',#1812,#1813,#1814);
#1812 = CARTESIAN_POINT('',(-94.10250594613,3.245582600045,
    -24.15225101855));
#1813 = DIRECTION('',(0.,0.998640800014,-5.212055782352E-02));
#1814 = DIRECTION('',(0.969104813817,1.285549726914E-02,0.246314019142)
  );
#1815 = DEFINITIONAL_REPRESENTATION('',(#1816),#1820);
#1816 = LINE('',#1817,#1818);
#1817 = CARTESIAN_POINT('',(0.,0.));
#1818 = VECTOR('',#1819,1.);
#1819 = DIRECTION('',(0.,1.));
#1820 = ( GEOMETRIC_REPRESENTATION_CONTEXT(2) 
PARAMETRIC_REPRESENTATION_CONTEXT() REPRESENTATION_CONTEXT('2D SPACE',''
  ) );
#1821 = ORIENTED_EDGE('',*,*,#1822,.F.);
#1822 = EDGE_CURVE('',#22,#1795,#1823,.T.);
#1823 = SURFACE_CURVE('',#1824,(#1829,#1836),.PCURVE_S1.);
#1824 = CIRCLE('',#1825,1.5);
#1825 = AXIS2_PLACEMENT_3D('',#1826,#1827,#1828);
#1826 = CARTESIAN_POINT('',(1.453657220726,1.517244445924,0.291290191978
    ));
#1827 = DIRECTION('',(0.246649264819,-5.051028348562E-02,-0.967787606568
    ));
#1828 = DIRECTION('',(-0.969104813817,-1.285549726914E-02,
    -0.246314019142));
#1829 = PCURVE('',#44,#1830);
#1830 = DEFINITIONAL_REPRESENTATION('',(#1831),#1835);
#1831 = ( BOUNDED_CURVE() B_SPLINE_CURVE(2,(#1832,#1833,#1834),
.UNSPECIFIED.,.F.,.F.) B_SPLINE_CURVE_WITH_KNOTS((3,3),(4.712388980385,
6.28318530718),.PIECEWISE_BEZIER_KNOTS.) CURVE() 
GEOMETRIC_REPRESENTATION_ITEM() RATIONAL_B_SPLINE_CURVE((1.,
0.707106781187,1.)) REPRESENTATION_ITEM('') );
#1832 = CARTESIAN_POINT('',(-7.,-4.5));
#1833 = CARTESIAN_POINT('',(-8.5,-4.5));
#1834 = CARTESIAN_POINT('',(-8.5,-3.));
#1835 = ( GEOMETRIC_REPRESENTATION_CONTEXT(2) 
PARAMETRIC_REPRESENTATION_CONTEXT() REPRESENTATION_CONTEXT('2D SPACE',''
  ) );
#1836 = PCURVE('',#73,#1837);
#1837 = DEFINITIONAL_REPRESENTATION('',(#1838),#1841);
#1838 = B_SPLINE_CURVE_WITH_KNOTS('',1,(#1839,#1840),.UNSPECIFIED.,.F.,
  .F.,(2,2),(-1.570796326795,-9.579154261317E-18),
  .PIECEWISE_BEZIER_KNOTS.);
#1839 = CARTESIAN_POINT('',(0.,-4.712388980385));
#1840 = CARTESIAN_POINT('',(0.,-3.14159265359));
#1841 = ( GEOMETRIC_REPRESENTATION_CONTEXT(2) 
PARAMETRIC_REPRESENTATION_CONTEXT() REPRESENTATION_CONTEXT('2D SPACE',''
  ) );
#1842 = ADVANCED_FACE('',(#1843),#841,.T.);
#1843 = FACE_BOUND('',#1844,.T.);
#1844 = EDGE_LOOP('',(#1845,#1866,#1867,#1888));
#1845 = ORIENTED_EDGE('',*,*,#1846,.F.);
#1846 = EDGE_CURVE('',#24,#1847,#1849,.T.);
#1847 = VERTEX_POINT('',#1848);
#1848 = CARTESIAN_POINT('',(2.674884547783,1.629022569829,2.416468949062
    ));
#1849 = SURFACE_CURVE('',#1850,(#1854,#1860),.PCURVE_S1.);
#1850 = ( BOUNDED_CURVE() B_SPLINE_CURVE(2,(#1851,#1852,#1853),
.UNSPECIFIED.,.F.,.F.) B_SPLINE_CURVE_WITH_KNOTS((3,3),(0.,
6.700559990068),.PIECEWISE_BEZIER_KNOTS.) CURVE() 
GEOMETRIC_REPRESENTATION_ITEM() RATIONAL_B_SPLINE_CURVE((1.,
0.704849976909,1.)) REPRESENTATION_ITEM('') );
#1851 = CARTESIAN_POINT('',(2.237188818942,2.967705282483E-02,
    0.5686185454));
#1852 = CARTESIAN_POINT('',(3.114865035653,1.54975372256,0.712967046192)
  );
#1853 = CARTESIAN_POINT('',(2.674884547783,1.629022569829,2.416468949062
    ));
#1854 = PCURVE('',#841,#1855);
#1855 = DEFINITIONAL_REPRESENTATION('',(#1856),#1859);
#1856 = B_SPLINE_CURVE_WITH_KNOTS('',1,(#1857,#1858),.UNSPECIFIED.,.F.,
  .F.,(2,2),(0.,6.700559990068),.PIECEWISE_BEZIER_KNOTS.);
#1857 = CARTESIAN_POINT('',(2.119361178452,7.378695026053));
#1858 = CARTESIAN_POINT('',(0.,7.378695026053));
#1859 = ( GEOMETRIC_REPRESENTATION_CONTEXT(2) 
PARAMETRIC_REPRESENTATION_CONTEXT() REPRESENTATION_CONTEXT('2D SPACE',''
  ) );
#1860 = PCURVE('',#1386,#1861);
#1861 = DEFINITIONAL_REPRESENTATION('',(#1862),#1865);
#1862 = B_SPLINE_CURVE_WITH_KNOTS('',1,(#1863,#1864),.UNSPECIFIED.,.F.,
  .F.,(2,2),(0.,6.700559990068),.PIECEWISE_BEZIER_KNOTS.);
#1863 = CARTESIAN_POINT('',(0.,7.378695026053));
#1864 = CARTESIAN_POINT('',(6.700559990068,7.378695026053));
#1865 = ( GEOMETRIC_REPRESENTATION_CONTEXT(2) 
PARAMETRIC_REPRESENTATION_CONTEXT() REPRESENTATION_CONTEXT('2D SPACE',''
  ) );
#1866 = ORIENTED_EDGE('',*,*,#813,.T.);
#1867 = ORIENTED_EDGE('',*,*,#1868,.T.);
#1868 = EDGE_CURVE('',#791,#1869,#1871,.T.);
#1869 = VERTEX_POINT('',#1870);
#1870 = CARTESIAN_POINT('',(4.672008114153,1.558906085848,3.032630274334
    ));
#1871 = SURFACE_CURVE('',#1872,(#1876,#1882),.PCURVE_S1.);
#1872 = ( BOUNDED_CURVE() B_SPLINE_CURVE(2,(#1873,#1874,#1875),
.UNSPECIFIED.,.F.,.F.) B_SPLINE_CURVE_WITH_KNOTS((3,3),(0.,
2.119361178452),.PIECEWISE_BEZIER_KNOTS.) CURVE() 
GEOMETRIC_REPRESENTATION_ITEM() RATIONAL_B_SPLINE_CURVE((1.,
0.684244021504,1.)) REPRESENTATION_ITEM('') );
#1873 = CARTESIAN_POINT('',(6.144583639636,8.150994306611E-02,
    1.561747574311));
#1874 = CARTESIAN_POINT('',(5.062246585222,1.558880150541,1.208798203476
    ));
#1875 = CARTESIAN_POINT('',(4.672008114153,1.558906085848,3.032630274334
    ));
#1876 = PCURVE('',#841,#1877);
#1877 = DEFINITIONAL_REPRESENTATION('',(#1878),#1881);
#1878 = B_SPLINE_CURVE_WITH_KNOTS('',1,(#1879,#1880),.UNSPECIFIED.,.F.,
  .F.,(2,2),(0.,2.119361178452),.PIECEWISE_BEZIER_KNOTS.);
#1879 = CARTESIAN_POINT('',(2.119361178452,9.498056204505));
#1880 = CARTESIAN_POINT('',(0.,9.498056204505));
#1881 = ( GEOMETRIC_REPRESENTATION_CONTEXT(2) 
PARAMETRIC_REPRESENTATION_CONTEXT() REPRESENTATION_CONTEXT('2D SPACE',''
  ) );
#1882 = PCURVE('',#1685,#1883);
#1883 = DEFINITIONAL_REPRESENTATION('',(#1884),#1887);
#1884 = B_SPLINE_CURVE_WITH_KNOTS('',1,(#1885,#1886),.UNSPECIFIED.,.F.,
  .F.,(2,2),(0.,2.119361178452),.PIECEWISE_BEZIER_KNOTS.);
#1885 = CARTESIAN_POINT('',(0.,9.49805620445));
#1886 = CARTESIAN_POINT('',(1.518112556232,9.49805620445));
#1887 = ( GEOMETRIC_REPRESENTATION_CONTEXT(2) 
PARAMETRIC_REPRESENTATION_CONTEXT() REPRESENTATION_CONTEXT('2D SPACE',''
  ) );
#1888 = ORIENTED_EDGE('',*,*,#1889,.F.);
#1889 = EDGE_CURVE('',#1847,#1869,#1890,.T.);
#1890 = SURFACE_CURVE('',#1891,(#1902,#1909),.PCURVE_S1.);
#1891 = ( BOUNDED_CURVE() B_SPLINE_CURVE(9,(#1892,#1893,#1894,#1895,
    #1896,#1897,#1898,#1899,#1900,#1901),.UNSPECIFIED.,.F.,.F.) 
B_SPLINE_CURVE_WITH_KNOTS((10,10),(7.378695026053,9.498056204505),
.PIECEWISE_BEZIER_KNOTS.) CURVE() GEOMETRIC_REPRESENTATION_ITEM() 
RATIONAL_B_SPLINE_CURVE((1.,1.,1.,1.,1.,1.,1.,1.,1.,1.)) 
REPRESENTATION_ITEM('') );
#1892 = CARTESIAN_POINT('',(2.674884547783,1.629022569829,2.416468949062
    ));
#1893 = CARTESIAN_POINT('',(2.844151259142,1.486256363833,2.488035626193
    ));
#1894 = CARTESIAN_POINT('',(3.054538120048,1.363933201883,2.500106072973
    ));
#1895 = CARTESIAN_POINT('',(3.283218497596,1.273986911603,2.532802264183
    ));
#1896 = CARTESIAN_POINT('',(3.52523197393,1.219376886035,2.57905589488)
  );
#1897 = CARTESIAN_POINT('',(3.770778252061,1.20571805154,2.647652812705)
  );
#1898 = CARTESIAN_POINT('',(4.01064723279,1.231569956232,2.753166664431)
  );
#1899 = CARTESIAN_POINT('',(4.246348956297,1.299770328196,2.855180026948
    ));
#1900 = CARTESIAN_POINT('',(4.462062613444,1.41076941967,2.986184616368)
  );
#1901 = CARTESIAN_POINT('',(4.672008114153,1.558906085848,3.032630274334
    ));
#1902 = PCURVE('',#841,#1903);
#1903 = DEFINITIONAL_REPRESENTATION('',(#1904),#1908);
#1904 = LINE('',#1905,#1906);
#1905 = CARTESIAN_POINT('',(0.,0.));
#1906 = VECTOR('',#1907,1.);
#1907 = DIRECTION('',(0.,1.));
#1908 = ( GEOMETRIC_REPRESENTATION_CONTEXT(2) 
PARAMETRIC_REPRESENTATION_CONTEXT() REPRESENTATION_CONTEXT('2D SPACE',''
  ) );
#1909 = PCURVE('',#1910,#1915);
#1910 = TOROIDAL_SURFACE('',#1911,13.5,1.75);
#1911 = AXIS2_PLACEMENT_3D('',#1912,#1913,#1914);
#1912 = CARTESIAN_POINT('',(-9.5,3.,0.));
#1913 = DIRECTION('',(-0.,1.,-0.));
#1914 = DIRECTION('',(0.996194698092,0.,-8.715574274766E-02));
#1915 = DEFINITIONAL_REPRESENTATION('',(#1916),#1927);
#1916 = B_SPLINE_CURVE_WITH_KNOTS('',9,(#1917,#1918,#1919,#1920,#1921,
    #1922,#1923,#1924,#1925,#1926),.UNSPECIFIED.,.F.,.F.,(10,10),(
    7.378695026053,9.498056204505),.PIECEWISE_BEZIER_KNOTS.);
#1917 = CARTESIAN_POINT('',(-0.283199888894,4.041735464594));
#1918 = CARTESIAN_POINT('',(-0.286200452749,4.173000049149));
#1919 = CARTESIAN_POINT('',(-0.283753937149,4.309913036844));
#1920 = CARTESIAN_POINT('',(-0.282849716435,4.448291325488));
#1921 = CARTESIAN_POINT('',(-0.282725012029,4.589004290911));
#1922 = CARTESIAN_POINT('',(-0.284384197117,4.730053276006));
#1923 = CARTESIAN_POINT('',(-0.2884334808,4.873092813072));
#1924 = CARTESIAN_POINT('',(-0.292244129018,5.01828793956));
#1925 = CARTESIAN_POINT('',(-0.297971944343,5.166459859808));
#1926 = CARTESIAN_POINT('',(-0.298074500463,5.315663542097));
#1927 = ( GEOMETRIC_REPRESENTATION_CONTEXT(2) 
PARAMETRIC_REPRESENTATION_CONTEXT() REPRESENTATION_CONTEXT('2D SPACE',''
  ) );
#1928 = ADVANCED_FACE('',(#1929),#73,.T.);
#1929 = FACE_BOUND('',#1930,.F.);
#1930 = EDGE_LOOP('',(#1931,#1955,#1956,#1957));
#1931 = ORIENTED_EDGE('',*,*,#1932,.F.);
#1932 = EDGE_CURVE('',#1795,#1933,#1935,.T.);
#1933 = VERTEX_POINT('',#1934);
#1934 = CARTESIAN_POINT('',(1.992504314785,-0.47750221266,
    -37.92847341259));
#1935 = SURFACE_CURVE('',#1936,(#1941,#1948),.PCURVE_S1.);
#1936 = CIRCLE('',#1937,97.102505946136);
#1937 = AXIS2_PLACEMENT_3D('',#1938,#1939,#1940);
#1938 = CARTESIAN_POINT('',(-94.10250594613,0.249660200003,
    -23.99588934508));
#1939 = DIRECTION('',(5.30464517519E-19,0.998640800014,
    -5.212055782352E-02));
#1940 = DIRECTION('',(0.969104813817,1.285549726914E-02,0.246314019142)
  );
#1941 = PCURVE('',#73,#1942);
#1942 = DEFINITIONAL_REPRESENTATION('',(#1943),#1947);
#1943 = LINE('',#1944,#1945);
#1944 = CARTESIAN_POINT('',(-0.,3.14159265359));
#1945 = VECTOR('',#1946,1.);
#1946 = DIRECTION('',(-1.,0.));
#1947 = ( GEOMETRIC_REPRESENTATION_CONTEXT(2) 
PARAMETRIC_REPRESENTATION_CONTEXT() REPRESENTATION_CONTEXT('2D SPACE',''
  ) );
#1948 = PCURVE('',#1810,#1949);
#1949 = DEFINITIONAL_REPRESENTATION('',(#1950),#1954);
#1950 = LINE('',#1951,#1952);
#1951 = CARTESIAN_POINT('',(0.,-3.));
#1952 = VECTOR('',#1953,1.);
#1953 = DIRECTION('',(1.,0.));
#1954 = ( GEOMETRIC_REPRESENTATION_CONTEXT(2) 
PARAMETRIC_REPRESENTATION_CONTEXT() REPRESENTATION_CONTEXT('2D SPACE',''
  ) );
#1955 = ORIENTED_EDGE('',*,*,#1822,.F.);
#1956 = ORIENTED_EDGE('',*,*,#56,.T.);
#1957 = ORIENTED_EDGE('',*,*,#1958,.T.);
#1958 = EDGE_CURVE('',#57,#1933,#1959,.T.);
#1959 = SURFACE_CURVE('',#1960,(#1983,#2009),.PCURVE_S1.);
#1960 = B_SPLINE_CURVE_WITH_KNOTS('',6,(#1961,#1962,#1963,#1964,#1965,
    #1966,#1967,#1968,#1969,#1970,#1971,#1972,#1973,#1974,#1975,#1976,
    #1977,#1978,#1979,#1980,#1981,#1982),.UNSPECIFIED.,.F.,.F.,(7,5,5,5,
    7),(0.,0.276880305133,0.542388471928,0.767627190651,1.),
  .UNSPECIFIED.);
#1961 = CARTESIAN_POINT('',(3.512559979986,-1.973794233507,
    -37.81831075343));
#1962 = CARTESIAN_POINT('',(3.412969804812,-1.973903589594,
    -37.82040332202));
#1963 = CARTESIAN_POINT('',(3.3102574294,-1.966296117924,-37.82296487308
    ));
#1964 = CARTESIAN_POINT('',(3.205392336902,-1.950068198504,
    -37.82602215507));
#1965 = CARTESIAN_POINT('',(3.099677920545,-1.924457094952,
    -37.82958758794));
#1966 = CARTESIAN_POINT('',(2.994741469761,-1.889077099142,
    -37.83364696763));
#1967 = CARTESIAN_POINT('',(2.793992731857,-1.800852850475,
    -37.84248571354));
#1968 = CARTESIAN_POINT('',(2.697980627807,-1.748784276931,
    -37.84722877082));
#1969 = CARTESIAN_POINT('',(2.605706484945,-1.687930644297,
    -37.85235189331));
#1970 = CARTESIAN_POINT('',(2.518700155208,-1.618798559372,
    -37.85779629515));
#1971 = CARTESIAN_POINT('',(2.438291167771,-1.542362385823,
    -37.86348296493));
#1972 = CARTESIAN_POINT('',(2.303625511622,-1.389867727706,
    -37.87428495596));
#1973 = CARTESIAN_POINT('',(2.247251163612,-1.315509192517,
    -37.87935619377));
#1974 = CARTESIAN_POINT('',(2.196893879415,-1.237536552655,
    -37.88448914441));
#1975 = CARTESIAN_POINT('',(2.152944532915,-1.156840295457,
    -37.8896290186));
#1976 = CARTESIAN_POINT('',(2.115545466726,-1.074348167657,
    -37.89472434081));
#1977 = CARTESIAN_POINT('',(2.052748548688,-0.904873224345,
    -37.90489594963));
#1978 = CARTESIAN_POINT('',(2.027767798053,-0.817829973236,
    -37.90996658294));
#1979 = CARTESIAN_POINT('',(2.009628741339,-0.730758892208,
    -37.91489416082));
#1980 = CARTESIAN_POINT('',(1.998030705778,-0.644553096982,
    -37.91963839732));
#1981 = CARTESIAN_POINT('',(1.992504260359,-0.559944913844,
    -37.92417098006));
#1982 = CARTESIAN_POINT('',(1.992504260355,-0.4775022322,-37.92847378699
    ));
#1983 = PCURVE('',#73,#1984);
#1984 = DEFINITIONAL_REPRESENTATION('',(#1985),#2008);
#1985 = B_SPLINE_CURVE_WITH_KNOTS('',6,(#1986,#1987,#1988,#1989,#1990,
    #1991,#1992,#1993,#1994,#1995,#1996,#1997,#1998,#1999,#2000,#2001,
    #2002,#2003,#2004,#2005,#2006,#2007),.UNSPECIFIED.,.F.,.F.,(7,5,5,5,
    7),(0.,0.276880305133,0.542388471928,0.767627190651,1.),
  .UNSPECIFIED.);
#1986 = CARTESIAN_POINT('',(-0.390862331124,1.570796326804));
#1987 = CARTESIAN_POINT('',(-0.391025951563,1.636327672527));
#1988 = CARTESIAN_POINT('',(-0.391195097734,1.703911370669));
#1989 = CARTESIAN_POINT('',(-0.391368223991,1.773415568976));
#1990 = CARTESIAN_POINT('',(-0.391543216905,1.844647829345));
#1991 = CARTESIAN_POINT('',(-0.391717379128,1.917346714032));
#1992 = CARTESIAN_POINT('',(-0.392051377245,2.062015742042));
#1993 = CARTESIAN_POINT('',(-0.392211511208,2.13389496325));
#1994 = CARTESIAN_POINT('',(-0.392365786991,2.206557859392));
#1995 = CARTESIAN_POINT('',(-0.392511587739,2.279687294195));
#1996 = CARTESIAN_POINT('',(-0.392646596971,2.352944171324));
#1997 = CARTESIAN_POINT('',(-0.392873072363,2.487964913963));
#1998 = CARTESIAN_POINT('',(-0.392968038392,2.549787834241));
#1999 = CARTESIAN_POINT('',(-0.393052991526,2.611259275933));
#2000 = CARTESIAN_POINT('',(-0.393127219765,2.67218121629));
#2001 = CARTESIAN_POINT('',(-0.393190439453,2.73237263698));
#2002 = CARTESIAN_POINT('',(-0.393296658768,2.852857010808));
#2003 = CARTESIAN_POINT('',(-0.393338955446,2.913093557869));
#2004 = CARTESIAN_POINT('',(-0.393369687522,2.972212422343));
#2005 = CARTESIAN_POINT('',(-0.393389342397,3.030069779273));
#2006 = CARTESIAN_POINT('',(-0.393398707959,3.086556060035));
#2007 = CARTESIAN_POINT('',(-0.393398707959,3.141592653534));
#2008 = ( GEOMETRIC_REPRESENTATION_CONTEXT(2) 
PARAMETRIC_REPRESENTATION_CONTEXT() REPRESENTATION_CONTEXT('2D SPACE',''
  ) );
#2009 = PCURVE('',#129,#2010);
#2010 = DEFINITIONAL_REPRESENTATION('',(#2011),#2034);
#2011 = B_SPLINE_CURVE_WITH_KNOTS('',6,(#2012,#2013,#2014,#2015,#2016,
    #2017,#2018,#2019,#2020,#2021,#2022,#2023,#2024,#2025,#2026,#2027,
    #2028,#2029,#2030,#2031,#2032,#2033),.UNSPECIFIED.,.F.,.F.,(7,5,5,5,
    7),(0.,0.276880305133,0.542388471928,0.767627190651,1.),
  .UNSPECIFIED.);
#2012 = CARTESIAN_POINT('',(0.,0.255689511603));
#2013 = CARTESIAN_POINT('',(0.599340244775,0.239205760292));
#2014 = CARTESIAN_POINT('',(1.197928567668,0.222163684241));
#2015 = CARTESIAN_POINT('',(1.795776231803,0.204718698455));
#2016 = CARTESIAN_POINT('',(2.392944091477,0.187083675871));
#2017 = CARTESIAN_POINT('',(2.989545777572,0.169530387383));
#2018 = CARTESIAN_POINT('',(4.157366150355,0.135864209213));
#2019 = CARTESIAN_POINT('',(4.728635494022,0.119721418966));
#2020 = CARTESIAN_POINT('',(5.29960424675,0.104167559625));
#2021 = CARTESIAN_POINT('',(5.87042107215,8.946670283834E-02));
#2022 = CARTESIAN_POINT('',(6.441248951995,7.585279229277E-02));
#2023 = CARTESIAN_POINT('',(7.496569973608,5.301412266493E-02));
#2024 = CARTESIAN_POINT('',(7.981035048697,4.343669003599E-02));
#2025 = CARTESIAN_POINT('',(8.465679254803,3.486853319943E-02));
#2026 = CARTESIAN_POINT('',(8.950586533672,2.73816898739E-02));
#2027 = CARTESIAN_POINT('',(9.435824745605,2.100495830253E-02));
#2028 = CARTESIAN_POINT('',(10.422424152311,1.029072447582E-02));
#2029 = CARTESIAN_POINT('',(10.923815486894,6.024116839171E-03));
#2030 = CARTESIAN_POINT('',(11.425656904179,2.923983752566E-03));
#2031 = CARTESIAN_POINT('',(11.927990536247,9.412545002186E-04));
#2032 = CARTESIAN_POINT('',(12.430835881726,-3.517680979049E-06));
#2033 = CARTESIAN_POINT('',(12.934192601959,-3.517681770803E-06));
#2034 = ( GEOMETRIC_REPRESENTATION_CONTEXT(2) 
PARAMETRIC_REPRESENTATION_CONTEXT() REPRESENTATION_CONTEXT('2D SPACE',''
  ) );
#2035 = ADVANCED_FACE('',(#2036),#129,.T.);
#2036 = FACE_BOUND('',#2037,.T.);
#2037 = EDGE_LOOP('',(#2038,#2039,#2100,#2119));
#2038 = ORIENTED_EDGE('',*,*,#1958,.T.);
#2039 = ORIENTED_EDGE('',*,*,#2040,.T.);
#2040 = EDGE_CURVE('',#1933,#2041,#2043,.T.);
#2041 = VERTEX_POINT('',#2042);
#2042 = CARTESIAN_POINT('',(3.154974774971,-0.898901155743,
    -46.00256538741));
#2043 = SURFACE_CURVE('',#2044,(#2067,#2074),.PCURVE_S1.);
#2044 = B_SPLINE_CURVE_WITH_KNOTS('',11,(#2045,#2046,#2047,#2048,#2049,
    #2050,#2051,#2052,#2053,#2054,#2055,#2056,#2057,#2058,#2059,#2060,
    #2061,#2062,#2063,#2064,#2065,#2066),.UNSPECIFIED.,.F.,.F.,(12,10,12
    ),(-6.275945627756,-4.534888081805,8.399304520154),.UNSPECIFIED.);
#2045 = CARTESIAN_POINT('',(0.685701715196,-0.168000973527,
    -31.99836487271));
#2046 = CARTESIAN_POINT('',(0.724097275223,-0.176416451759,
    -32.15960719753));
#2047 = CARTESIAN_POINT('',(0.762137193799,-0.18475398106,-32.3193560045
    ));
#2048 = CARTESIAN_POINT('',(0.799821470923,-0.193013561429,
    -32.47761129361));
#2049 = CARTESIAN_POINT('',(0.837150106596,-0.201195192866,
    -32.63437306487));
#2050 = CARTESIAN_POINT('',(0.874123100817,-0.209298875371,
    -32.78964131828));
#2051 = CARTESIAN_POINT('',(0.910740453588,-0.217324608944,
    -32.94341605383));
#2052 = CARTESIAN_POINT('',(0.947002164906,-0.225272393585,
    -33.09569727153));
#2053 = CARTESIAN_POINT('',(0.982908234774,-0.233142229294,
    -33.24648497137));
#2054 = CARTESIAN_POINT('',(1.01845866319,-0.240934116072,
    -33.39577915336));
#2055 = CARTESIAN_POINT('',(1.053653450155,-0.248648053917,
    -33.5435798175));
#2056 = CARTESIAN_POINT('',(1.347310128268,-0.313011261037,
    -34.77679234118));
#2057 = CARTESIAN_POINT('',(1.592332942443,-0.370103925052,
    -35.8706997368));
#2058 = CARTESIAN_POINT('',(1.823515036697,-0.427600717628,
    -36.97235032028));
#2059 = CARTESIAN_POINT('',(2.040312245389,-0.485281070626,
    -38.07751795981));
#2060 = CARTESIAN_POINT('',(2.243734989762,-0.543720223238,
    -39.19722435891));
#2061 = CARTESIAN_POINT('',(2.431372904632,-0.601764344938,
    -40.3093618829));
#2062 = CARTESIAN_POINT('',(2.606323053561,-0.661014738152,
    -41.44461182178));
#2063 = CARTESIAN_POINT('',(2.765229516524,-0.719793739148,
    -42.57082978697));
#2064 = CARTESIAN_POINT('',(2.910144025308,-0.7793878333,-43.71266510773
    ));
#2065 = CARTESIAN_POINT('',(3.039467079822,-0.838681312602,
    -44.84874058501));
#2066 = CARTESIAN_POINT('',(3.154974774971,-0.898901155743,
    -46.00256538741));
#2067 = PCURVE('',#129,#2068);
#2068 = DEFINITIONAL_REPRESENTATION('',(#2069),#2073);
#2069 = LINE('',#2070,#2071);
#2070 = CARTESIAN_POINT('',(12.934192601959,0.));
#2071 = VECTOR('',#2072,1.);
#2072 = DIRECTION('',(0.,1.));
#2073 = ( GEOMETRIC_REPRESENTATION_CONTEXT(2) 
PARAMETRIC_REPRESENTATION_CONTEXT() REPRESENTATION_CONTEXT('2D SPACE',''
  ) );
#2074 = PCURVE('',#2075,#2086);
#2075 = ( BOUNDED_SURFACE() B_SPLINE_SURFACE(1,4,(
    (#2076,#2077,#2078,#2079,#2080)
    ,(#2081,#2082,#2083,#2084,#2085
)),.UNSPECIFIED.,.F.,.F.,.F.) B_SPLINE_SURFACE_WITH_KNOTS((2,2),(5,5),(
    0.,1.),(0.,1.),.PIECEWISE_BEZIER_KNOTS.) 
GEOMETRIC_REPRESENTATION_ITEM() RATIONAL_B_SPLINE_SURFACE((
    (1.,1.,1.,1.,1.)
,(1.,1.,1.,1.,1.))) REPRESENTATION_ITEM('') SURFACE() );
#2076 = CARTESIAN_POINT('',(1.992504314785,7.012303787443,
    -38.31937759627));
#2077 = CARTESIAN_POINT('',(2.493050165172,6.87394503773,-40.97036020798
    ));
#2078 = CARTESIAN_POINT('',(2.895425146905,6.733254568631,
    -43.66601905129));
#2079 = CARTESIAN_POINT('',(3.195952462383,6.590549263017,
    -46.40028258407));
#2080 = CARTESIAN_POINT('',(3.391866848361,6.446170959648,
    -49.16660110409));
#2081 = CARTESIAN_POINT('',(1.992504314785,-1.975463412681,
    -37.85029257586));
#2082 = CARTESIAN_POINT('',(2.493050165172,-2.113822162394,
    -40.50127518757));
#2083 = CARTESIAN_POINT('',(2.895425146905,-2.254512631493,
    -43.19693403088));
#2084 = CARTESIAN_POINT('',(3.195952462383,-2.397217937107,
    -45.93119756365));
#2085 = CARTESIAN_POINT('',(3.391866848361,-2.541596240476,
    -48.69751608368));
#2086 = DEFINITIONAL_REPRESENTATION('',(#2087),#2099);
#2087 = B_SPLINE_CURVE_WITH_KNOTS('',10,(#2088,#2089,#2090,#2091,#2092,
    #2093,#2094,#2095,#2096,#2097,#2098),.UNSPECIFIED.,.F.,.F.,(11,11),(
    -3.864935774988E-06,8.399304520154),.PIECEWISE_BEZIER_KNOTS.);
#2088 = CARTESIAN_POINT('',(0.833333333333,-3.330669828449E-16));
#2089 = CARTESIAN_POINT('',(0.833333333333,7.482469606474E-02));
#2090 = CARTESIAN_POINT('',(0.833333333333,0.149649295266));
#2091 = CARTESIAN_POINT('',(0.833333333334,0.224471343435));
#2092 = CARTESIAN_POINT('',(0.833333333333,0.299300881323));
#2093 = CARTESIAN_POINT('',(0.833333333334,0.374116108741));
#2094 = CARTESIAN_POINT('',(0.833333333333,0.448975213992));
#2095 = CARTESIAN_POINT('',(0.833333333333,0.52367905482));
#2096 = CARTESIAN_POINT('',(0.833333333333,0.598481424797));
#2097 = CARTESIAN_POINT('',(0.833333333333,0.673067483648));
#2098 = CARTESIAN_POINT('',(0.833333333333,0.748245040465));
#2099 = ( GEOMETRIC_REPRESENTATION_CONTEXT(2) 
PARAMETRIC_REPRESENTATION_CONTEXT() REPRESENTATION_CONTEXT('2D SPACE',''
  ) );
#2100 = ORIENTED_EDGE('',*,*,#2101,.F.);
#2101 = EDGE_CURVE('',#86,#2041,#2102,.T.);
#2102 = SURFACE_CURVE('',#2103,(#2107,#2113),.PCURVE_S1.);
#2103 = ( BOUNDED_CURVE() B_SPLINE_CURVE(2,(#2104,#2105,#2106),
.UNSPECIFIED.,.F.,.F.) B_SPLINE_CURVE_WITH_KNOTS((3,3),(0.,
12.934192601959),.PIECEWISE_BEZIER_KNOTS.) CURVE() 
GEOMETRIC_REPRESENTATION_ITEM() RATIONAL_B_SPLINE_CURVE((1.,
0.707106781187,1.)) REPRESENTATION_ITEM('') );
#2104 = CARTESIAN_POINT('',(4.644466917784,-2.387624634707,
    -45.74738788119));
#2105 = CARTESIAN_POINT('',(3.154974774971,-2.396862355764,
    -45.92438455067));
#2106 = CARTESIAN_POINT('',(3.154974774971,-0.898901155743,
    -46.00256538741));
#2107 = PCURVE('',#129,#2108);
#2108 = DEFINITIONAL_REPRESENTATION('',(#2109),#2112);
#2109 = B_SPLINE_CURVE_WITH_KNOTS('',1,(#2110,#2111),.UNSPECIFIED.,.F.,
  .F.,(2,2),(0.,12.934192601959),.PIECEWISE_BEZIER_KNOTS.);
#2110 = CARTESIAN_POINT('',(0.,8.399304520154));
#2111 = CARTESIAN_POINT('',(12.934192601959,8.399304520154));
#2112 = ( GEOMETRIC_REPRESENTATION_CONTEXT(2) 
PARAMETRIC_REPRESENTATION_CONTEXT() REPRESENTATION_CONTEXT('2D SPACE',''
  ) );
#2113 = PCURVE('',#269,#2114);
#2114 = DEFINITIONAL_REPRESENTATION('',(#2115),#2118);
#2115 = B_SPLINE_CURVE_WITH_KNOTS('',1,(#2116,#2117),.UNSPECIFIED.,.F.,
  .F.,(2,2),(0.,12.934192601959),.PIECEWISE_BEZIER_KNOTS.);
#2116 = CARTESIAN_POINT('',(0.,8.399304520154));
#2117 = CARTESIAN_POINT('',(4.734101643956,8.399304520154));
#2118 = ( GEOMETRIC_REPRESENTATION_CONTEXT(2) 
PARAMETRIC_REPRESENTATION_CONTEXT() REPRESENTATION_CONTEXT('2D SPACE',''
  ) );
#2119 = ORIENTED_EDGE('',*,*,#85,.F.);
#2120 = ADVANCED_FACE('',(#2121),#778,.T.);
#2121 = FACE_BOUND('',#2122,.T.);
#2122 = EDGE_LOOP('',(#2123,#2147,#2148,#2149));
#2123 = ORIENTED_EDGE('',*,*,#2124,.F.);
#2124 = EDGE_CURVE('',#1716,#2125,#2127,.T.);
#2125 = VERTEX_POINT('',#2126);
#2126 = CARTESIAN_POINT('',(18.816119303072,-0.604808515364,
    -40.36768882563));
#2127 = SURFACE_CURVE('',#2128,(#2133,#2140),.PCURVE_S1.);
#2128 = CIRCLE('',#2129,114.10250594613);
#2129 = AXIS2_PLACEMENT_3D('',#2130,#2131,#2132);
#2130 = CARTESIAN_POINT('',(-94.10250594613,0.249660200003,
    -23.99588934508));
#2131 = DIRECTION('',(5.863441126232E-19,0.998640800014,
    -5.212055782352E-02));
#2132 = DIRECTION('',(0.969104813817,1.285549726914E-02,0.246314019142)
  );
#2133 = PCURVE('',#778,#2134);
#2134 = DEFINITIONAL_REPRESENTATION('',(#2135),#2139);
#2135 = LINE('',#2136,#2137);
#2136 = CARTESIAN_POINT('',(0.,6.28318530718));
#2137 = VECTOR('',#2138,1.);
#2138 = DIRECTION('',(1.,0.));
#2139 = ( GEOMETRIC_REPRESENTATION_CONTEXT(2) 
PARAMETRIC_REPRESENTATION_CONTEXT() REPRESENTATION_CONTEXT('2D SPACE',''
  ) );
#2140 = PCURVE('',#1754,#2141);
#2141 = DEFINITIONAL_REPRESENTATION('',(#2142),#2146);
#2142 = LINE('',#2143,#2144);
#2143 = CARTESIAN_POINT('',(0.,-3.));
#2144 = VECTOR('',#2145,1.);
#2145 = DIRECTION('',(1.,0.));
#2146 = ( GEOMETRIC_REPRESENTATION_CONTEXT(2) 
PARAMETRIC_REPRESENTATION_CONTEXT() REPRESENTATION_CONTEXT('2D SPACE',''
  ) );
#2147 = ORIENTED_EDGE('',*,*,#1715,.F.);
#2148 = ORIENTED_EDGE('',*,*,#761,.T.);
#2149 = ORIENTED_EDGE('',*,*,#2150,.T.);
#2150 = EDGE_CURVE('',#653,#2125,#2151,.T.);
#2151 = SURFACE_CURVE('',#2152,(#2175,#2201),.PCURVE_S1.);
#2152 = B_SPLINE_CURVE_WITH_KNOTS('',6,(#2153,#2154,#2155,#2156,#2157,
    #2158,#2159,#2160,#2161,#2162,#2163,#2164,#2165,#2166,#2167,#2168,
    #2169,#2170,#2171,#2172,#2173,#2174),.UNSPECIFIED.,.F.,.F.,(7,5,5,5,
    7),(0.,0.270220201443,0.52976509301,0.760750185443,1.),
  .UNSPECIFIED.);
#2153 = CARTESIAN_POINT('',(17.362311645251,-2.080467013492,
    -39.86218355126));
#2154 = CARTESIAN_POINT('',(17.455235547713,-2.081892767493,
    -39.8894989178));
#2155 = CARTESIAN_POINT('',(17.551017697143,-2.07601969458,
    -39.91803742323));
#2156 = CARTESIAN_POINT('',(17.648799213946,-2.061990696566,
    -39.94759059239));
#2157 = CARTESIAN_POINT('',(17.747429204873,-2.039070609278,
    -39.97785756495));
#2158 = CARTESIAN_POINT('',(17.845470135015,-2.006856563821,
    -40.00843565338));
#2159 = CARTESIAN_POINT('',(18.03359246799,-1.925572602183,
    -40.06812498045));
#2160 = CARTESIAN_POINT('',(18.12383673716,-1.877217897931,
    -40.09724691672));
#2161 = CARTESIAN_POINT('',(18.210835483592,-1.820371285356,
    -40.12585522194));
#2162 = CARTESIAN_POINT('',(18.293209997762,-1.755446086298,
    -40.15352201403));
#2163 = CARTESIAN_POINT('',(18.369740584163,-1.683293373367,
    -40.17984345291));
#2164 = CARTESIAN_POINT('',(18.501635982369,-1.53536977289,
    -40.22643676087));
#2165 = CARTESIAN_POINT('',(18.55840386511,-1.460869829485,
    -40.24705585086));
#2166 = CARTESIAN_POINT('',(18.609196083138,-1.382308366564,
    -40.26612565295));
#2167 = CARTESIAN_POINT('',(18.653575500368,-1.30063428536,
    -40.28346785018));
#2168 = CARTESIAN_POINT('',(18.691371420584,-1.216851191704,
    -40.29897978892));
#2169 = CARTESIAN_POINT('',(18.755008310902,-1.043922184176,
    -40.32676015773));
#2170 = CARTESIAN_POINT('',(18.780373661611,-0.954690831451,
    -40.33889287108));
#2171 = CARTESIAN_POINT('',(18.798777969838,-0.865265052433,
    -40.34898418035));
#2172 = CARTESIAN_POINT('',(18.810529257398,-0.77663422477,
    -40.35707324453));
#2173 = CARTESIAN_POINT('',(18.816119340074,-0.689607279591,
    -40.36326279598));
#2174 = CARTESIAN_POINT('',(18.816119340078,-0.604808502079,
    -40.36768857108));
#2175 = PCURVE('',#778,#2176);
#2176 = DEFINITIONAL_REPRESENTATION('',(#2177),#2200);
#2177 = B_SPLINE_CURVE_WITH_KNOTS('',6,(#2178,#2179,#2180,#2181,#2182,
    #2183,#2184,#2185,#2186,#2187,#2188,#2189,#2190,#2191,#2192,#2193,
    #2194,#2195,#2196,#2197,#2198,#2199),.UNSPECIFIED.,.F.,.F.,(7,5,5,5,
    7),(0.,0.270220201443,0.52976509301,0.760750185443,1.),
  .UNSPECIFIED.);
#2178 = CARTESIAN_POINT('',(0.391493014431,4.712388980385));
#2179 = CARTESIAN_POINT('',(0.391616460111,4.776297920092));
#2180 = CARTESIAN_POINT('',(0.391743448084,4.84217402476));
#2181 = CARTESIAN_POINT('',(0.391872809181,4.909896464893));
#2182 = CARTESIAN_POINT('',(0.392002999729,4.979288264999));
#2183 = CARTESIAN_POINT('',(0.392132125691,5.050107920617));
#2184 = CARTESIAN_POINT('',(0.392379381491,5.191177653789));
#2185 = CARTESIAN_POINT('',(0.392497746091,5.261341022787));
#2186 = CARTESIAN_POINT('',(0.392611618431,5.332295826384));
#2187 = CARTESIAN_POINT('',(0.392719229926,5.403745105715));
#2188 = CARTESIAN_POINT('',(0.392819040216,5.475369365194));
#2189 = CARTESIAN_POINT('',(0.392990816203,5.610469613464));
#2190 = CARTESIAN_POINT('',(0.393064638254,5.673975888796));
#2191 = CARTESIAN_POINT('',(0.393130603175,5.737148536585));
#2192 = CARTESIAN_POINT('',(0.39318818,5.799769652841));
#2193 = CARTESIAN_POINT('',(0.39323717748,5.861640080571));
#2194 = CARTESIAN_POINT('',(0.39331962764,5.985714409206));
#2195 = CARTESIAN_POINT('',(0.393352462065,6.047851727945));
#2196 = CARTESIAN_POINT('',(0.393376272025,6.108807131145));
#2197 = CARTESIAN_POINT('',(0.393391471467,6.168421673205));
#2198 = CARTESIAN_POINT('',(0.393398701801,6.226575845203));
#2199 = CARTESIAN_POINT('',(0.393398701801,6.283185307124));
#2200 = ( GEOMETRIC_REPRESENTATION_CONTEXT(2) 
PARAMETRIC_REPRESENTATION_CONTEXT() REPRESENTATION_CONTEXT('2D SPACE',''
  ) );
#2201 = PCURVE('',#693,#2202);
#2202 = DEFINITIONAL_REPRESENTATION('',(#2203),#2226);
#2203 = B_SPLINE_CURVE_WITH_KNOTS('',6,(#2204,#2205,#2206,#2207,#2208,
    #2209,#2210,#2211,#2212,#2213,#2214,#2215,#2216,#2217,#2218,#2219,
    #2220,#2221,#2222,#2223,#2224,#2225),.UNSPECIFIED.,.F.,.F.,(7,5,5,5,
    7),(0.,0.270220201443,0.52976509301,0.760750185443,1.),
  .UNSPECIFIED.);
#2204 = CARTESIAN_POINT('',(1.461419143624E-09,31.443569787394));
#2205 = CARTESIAN_POINT('',(0.649819928216,31.457570073816));
#2206 = CARTESIAN_POINT('',(1.298999110615,31.471970980521));
#2207 = CARTESIAN_POINT('',(1.947545791854,31.486639828662));
#2208 = CARTESIAN_POINT('',(2.595507585141,31.501401455484));
#2209 = CARTESIAN_POINT('',(3.242974438584,31.516041152309));
#2210 = CARTESIAN_POINT('',(4.511543256063,31.544071664409));
#2211 = CARTESIAN_POINT('',(5.13268827214,31.557489183756));
#2212 = CARTESIAN_POINT('',(5.753553646138,31.570396468135));
#2213 = CARTESIAN_POINT('',(6.37426054142,31.582593210187));
#2214 = CARTESIAN_POINT('',(6.994944462397,31.593905053108));
#2215 = CARTESIAN_POINT('',(8.168164933744,31.613371999183));
#2216 = CARTESIAN_POINT('',(8.720693031765,31.621737601316));
#2217 = CARTESIAN_POINT('',(9.273367462484,31.629212460119));
#2218 = CARTESIAN_POINT('',(9.826272821362,31.635736565145));
#2219 = CARTESIAN_POINT('',(10.379478449074,31.641288373196));
#2220 = CARTESIAN_POINT('',(11.506379437515,31.650630441731));
#2221 = CARTESIAN_POINT('',(12.080106035034,31.654350641992));
#2222 = CARTESIAN_POINT('',(12.65425698777,31.657048296577));
#2223 = CARTESIAN_POINT('',(13.228876919427,31.658770370166));
#2224 = CARTESIAN_POINT('',(13.80398656537,31.659589555791));
#2225 = CARTESIAN_POINT('',(14.379586073027,31.659589555792));
#2226 = ( GEOMETRIC_REPRESENTATION_CONTEXT(2) 
PARAMETRIC_REPRESENTATION_CONTEXT() REPRESENTATION_CONTEXT('2D SPACE',''
  ) );
#2227 = ADVANCED_FACE('',(#2228),#269,.T.);
#2228 = FACE_BOUND('',#2229,.T.);
#2229 = EDGE_LOOP('',(#2230,#2231,#2320,#2339));
#2230 = ORIENTED_EDGE('',*,*,#2101,.T.);
#2231 = ORIENTED_EDGE('',*,*,#2232,.T.);
#2232 = EDGE_CURVE('',#2041,#2233,#2235,.T.);
#2233 = VERTEX_POINT('',#2234);
#2234 = CARTESIAN_POINT('',(6.148537330212,-1.080203190099,
    -49.47635032359));
#2235 = SURFACE_CURVE('',#2236,(#2265,#2272),.PCURVE_S1.);
#2236 = ( BOUNDED_CURVE() B_SPLINE_CURVE(14,(#2237,#2238,#2239,#2240,
    #2241,#2242,#2243,#2244,#2245,#2246,#2247,#2248,#2249,#2250,#2251,
    #2252,#2253,#2254,#2255,#2256,#2257,#2258,#2259,#2260,#2261,#2262,
#2263,#2264),.UNSPECIFIED.,.F.,.F.) B_SPLINE_CURVE_WITH_KNOTS((15,13,15)
,(8.399304520154,10.766193866606,13.13340616411),.UNSPECIFIED.) CURVE() 
GEOMETRIC_REPRESENTATION_ITEM() RATIONAL_B_SPLINE_CURVE((1.,
    1.000000000001,0.999999999997,1.000000000007,0.999999999985,
    1.000000000023,0.99999999997,1.000000000032,0.999999999972,
    1.00000000002,0.999999999988,1.000000000005,0.999999999998,1.,1.,1.,
    1.,1.,1.,1.000000000001,0.999999999999,1.000000000001,0.999999999999
,1.000000000001,1.,1.,1.,1.)) REPRESENTATION_ITEM('') );
#2237 = CARTESIAN_POINT('',(3.154974774971,-0.898901155743,
    -46.00256538741));
#2238 = CARTESIAN_POINT('',(3.171582654988,-0.907559660514,
    -46.16846415159));
#2239 = CARTESIAN_POINT('',(3.19567432898,-0.916190375922,
    -46.33383046576));
#2240 = CARTESIAN_POINT('',(3.22755880429,-0.924912559895,
    -46.50094933678));
#2241 = CARTESIAN_POINT('',(3.267273134325,-0.933572920053,
    -46.66688365058));
#2242 = CARTESIAN_POINT('',(3.315586813265,-0.942345869334,
    -46.83497519551));
#2243 = CARTESIAN_POINT('',(3.371546924464,-0.950899609679,
    -46.99886665138));
#2244 = CARTESIAN_POINT('',(3.435900528317,-0.959449619524,
    -47.16268663005));
#2245 = CARTESIAN_POINT('',(3.508537807106,-0.967912896297,
    -47.32484478493));
#2246 = CARTESIAN_POINT('',(3.588881722949,-0.97611767712,
    -47.48205010326));
#2247 = CARTESIAN_POINT('',(3.67731668663,-0.984244361764,
    -47.63775908247));
#2248 = CARTESIAN_POINT('',(3.773204834495,-0.992094329177,
    -47.7881661016));
#2249 = CARTESIAN_POINT('',(3.876434072261,-0.999727926396,
    -47.93442742251));
#2250 = CARTESIAN_POINT('',(3.986587660613,-1.007087003109,
    -48.07542887305));
#2251 = CARTESIAN_POINT('',(4.219973203605,-1.021221768506,
    -48.34625393734));
#2252 = CARTESIAN_POINT('',(4.343206618795,-1.027996637602,
    -48.47606184763));
#2253 = CARTESIAN_POINT('',(4.472557328535,-1.03445413171,
    -48.59978878672));
#2254 = CARTESIAN_POINT('',(4.607627287308,-1.040570938928,
    -48.71698809361));
#2255 = CARTESIAN_POINT('',(4.747706778114,-1.046330670072,
    -48.82734574826));
#2256 = CARTESIAN_POINT('',(4.89286429869,-1.051708440382,
    -48.93038495322));
#2257 = CARTESIAN_POINT('',(5.041212661772,-1.056704126311,
    -49.02610334165));
#2258 = CARTESIAN_POINT('',(5.1945464252,-1.06129025526,-49.11397453236)
  );
#2259 = CARTESIAN_POINT('',(5.34869801945,-1.065468950442,
    -49.19403920702));
#2260 = CARTESIAN_POINT('',(5.507470078587,-1.069242788033,
    -49.26634672527));
#2261 = CARTESIAN_POINT('',(5.665763831343,-1.072583343212,
    -49.33035246194));
#2262 = CARTESIAN_POINT('',(5.82622867232,-1.075523730694,-49.3866909017
    ));
#2263 = CARTESIAN_POINT('',(5.986668540376,-1.078055946832,
    -49.43520869306));
#2264 = CARTESIAN_POINT('',(6.148537330212,-1.080203190099,
    -49.47635032359));
#2265 = PCURVE('',#269,#2266);
#2266 = DEFINITIONAL_REPRESENTATION('',(#2267),#2271);
#2267 = LINE('',#2268,#2269);
#2268 = CARTESIAN_POINT('',(4.734101643956,0.));
#2269 = VECTOR('',#2270,1.);
#2270 = DIRECTION('',(0.,1.));
#2271 = ( GEOMETRIC_REPRESENTATION_CONTEXT(2) 
PARAMETRIC_REPRESENTATION_CONTEXT() REPRESENTATION_CONTEXT('2D SPACE',''
  ) );
#2272 = PCURVE('',#2273,#2289);
#2273 = ( BOUNDED_SURFACE() B_SPLINE_SURFACE(2,2,(
    (#2274,#2275,#2276,#2277,#2278)
    ,(#2279,#2280,#2281,#2282,#2283)
    ,(#2284,#2285,#2286,#2287,#2288
)),.UNSPECIFIED.,.F.,.F.,.F.) B_SPLINE_SURFACE_WITH_KNOTS((3,3),(3,1,1,3
    ),(0.,9.),(-0.5508,-2.731158960101E-15,9.,9.5508),.UNSPECIFIED.) 
GEOMETRIC_REPRESENTATION_ITEM() RATIONAL_B_SPLINE_SURFACE((
    (1.,1.,1.,1.,1.)
    ,(0.819093735262,0.819093735262,0.819093735262,0.819093735262
      ,0.819093735262)
,(1.,1.,1.,1.,1.))) REPRESENTATION_ITEM('') SURFACE() );
#2274 = CARTESIAN_POINT('',(3.154974774971,7.140956197008,
    -46.42217757433));
#2275 = CARTESIAN_POINT('',(3.154974774971,6.865930520684,
    -46.40782357271));
#2276 = CARTESIAN_POINT('',(3.154974774971,2.097021244298,
    -46.15892706088));
#2277 = CARTESIAN_POINT('',(3.154974774971,-2.671888032088,
    -45.91003054905));
#2278 = CARTESIAN_POINT('',(3.154974774971,-2.946913708411,
    -45.89567654742));
#2279 = CARTESIAN_POINT('',(3.4336520659,6.995668017504,-49.20592951158)
  );
#2280 = CARTESIAN_POINT('',(3.4336520659,6.720642341181,-49.19157550996)
  );
#2281 = CARTESIAN_POINT('',(3.4336520659,1.951733064795,-48.94267899813)
  );
#2282 = CARTESIAN_POINT('',(3.4336520659,-2.817176211591,-48.6937824863)
  );
#2283 = CARTESIAN_POINT('',(3.4336520659,-3.092201887915,-48.67942848467
    ));
#2284 = CARTESIAN_POINT('',(6.148537330212,6.959654162652,
    -49.89596251052));
#2285 = CARTESIAN_POINT('',(6.148537330212,6.684628486328,
    -49.88160850889));
#2286 = CARTESIAN_POINT('',(6.148537330212,1.915719209943,
    -49.63271199706));
#2287 = CARTESIAN_POINT('',(6.148537330212,-2.853190066443,
    -49.38381548523));
#2288 = CARTESIAN_POINT('',(6.148537330212,-3.128215742767,
    -49.36946148361));
#2289 = DEFINITIONAL_REPRESENTATION('',(#2290),#2319);
#2290 = B_SPLINE_CURVE_WITH_KNOTS('',14,(#2291,#2292,#2293,#2294,#2295,
    #2296,#2297,#2298,#2299,#2300,#2301,#2302,#2303,#2304,#2305,#2306,
    #2307,#2308,#2309,#2310,#2311,#2312,#2313,#2314,#2315,#2316,#2317,
    #2318),.UNSPECIFIED.,.F.,.F.,(15,13,15),(8.399304520154,
    10.766193866606,13.13340616411),.UNSPECIFIED.);
#2291 = CARTESIAN_POINT('',(1.202582400653E-14,7.5));
#2292 = CARTESIAN_POINT('',(0.327409689594,7.500000000004));
#2293 = CARTESIAN_POINT('',(0.650600052663,7.49999999998));
#2294 = CARTESIAN_POINT('',(0.975234798268,7.500000000056));
#2295 = CARTESIAN_POINT('',(1.29651389592,7.499999999886));
#2296 = CARTESIAN_POINT('',(1.622231355092,7.500000000183));
#2297 = CARTESIAN_POINT('',(1.941192441913,7.499999999765));
#2298 = CARTESIAN_POINT('',(2.262671093003,7.500000000247));
#2299 = CARTESIAN_POINT('',(2.584855389087,7.499999999788));
#2300 = CARTESIAN_POINT('',(2.902599488324,7.50000000015));
#2301 = CARTESIAN_POINT('',(3.223879560241,7.499999999915));
#2302 = CARTESIAN_POINT('',(3.542499689897,7.500000000038));
#2303 = CARTESIAN_POINT('',(3.861873010418,7.499999999988));
#2304 = CARTESIAN_POINT('',(4.180921718897,7.500000000002));
#2305 = CARTESIAN_POINT('',(4.819116701264,7.5));
#2306 = CARTESIAN_POINT('',(5.138237808778,7.499999999998));
#2307 = CARTESIAN_POINT('',(5.457434175848,7.500000000007));
#2308 = CARTESIAN_POINT('',(5.776918897093,7.499999999984));
#2309 = CARTESIAN_POINT('',(6.096344808098,7.500000000027));
#2310 = CARTESIAN_POINT('',(6.417052078,7.499999999965));
#2311 = CARTESIAN_POINT('',(6.736406621956,7.500000000037));
#2312 = CARTESIAN_POINT('',(7.059343383899,7.499999999968));
#2313 = CARTESIAN_POINT('',(7.378705919004,7.500000000023));
#2314 = CARTESIAN_POINT('',(7.703446326185,7.499999999986));
#2315 = CARTESIAN_POINT('',(8.024569839843,7.500000000006));
#2316 = CARTESIAN_POINT('',(8.348667881496,7.499999999998));
#2317 = CARTESIAN_POINT('',(8.672440236374,7.5));
#2318 = CARTESIAN_POINT('',(9.,7.5));
#2319 = ( GEOMETRIC_REPRESENTATION_CONTEXT(2) 
PARAMETRIC_REPRESENTATION_CONTEXT() REPRESENTATION_CONTEXT('2D SPACE',''
  ) );
#2320 = ORIENTED_EDGE('',*,*,#2321,.F.);
#2321 = EDGE_CURVE('',#204,#2233,#2322,.T.);
#2322 = SURFACE_CURVE('',#2323,(#2327,#2333),.PCURVE_S1.);
#2323 = ( BOUNDED_CURVE() B_SPLINE_CURVE(2,(#2324,#2325,#2326),
.UNSPECIFIED.,.F.,.F.) B_SPLINE_CURVE_WITH_KNOTS((3,3),(0.,
4.734101643956),.PIECEWISE_BEZIER_KNOTS.) CURVE() 
GEOMETRIC_REPRESENTATION_ITEM() RATIONAL_B_SPLINE_CURVE((1.,
0.707106781187,1.)) REPRESENTATION_ITEM('') );
#2324 = CARTESIAN_POINT('',(6.545069812936,-2.502764801816,
    -47.95349758908));
#2325 = CARTESIAN_POINT('',(6.148537330212,-2.578164390119,
    -49.39816948686));
#2326 = CARTESIAN_POINT('',(6.148537330212,-1.080203190099,
    -49.47635032359));
#2327 = PCURVE('',#269,#2328);
#2328 = DEFINITIONAL_REPRESENTATION('',(#2329),#2332);
#2329 = B_SPLINE_CURVE_WITH_KNOTS('',1,(#2330,#2331),.UNSPECIFIED.,.F.,
  .F.,(2,2),(0.,4.734101643956),.PIECEWISE_BEZIER_KNOTS.);
#2330 = CARTESIAN_POINT('',(0.,13.13340616411));
#2331 = CARTESIAN_POINT('',(4.734101643956,13.13340616411));
#2332 = ( GEOMETRIC_REPRESENTATION_CONTEXT(2) 
PARAMETRIC_REPRESENTATION_CONTEXT() REPRESENTATION_CONTEXT('2D SPACE',''
  ) );
#2333 = PCURVE('',#391,#2334);
#2334 = DEFINITIONAL_REPRESENTATION('',(#2335),#2338);
#2335 = B_SPLINE_CURVE_WITH_KNOTS('',1,(#2336,#2337),.UNSPECIFIED.,.F.,
  .F.,(2,2),(0.,4.734101643956),.PIECEWISE_BEZIER_KNOTS.);
#2336 = CARTESIAN_POINT('',(0.,13.13340616411));
#2337 = CARTESIAN_POINT('',(4.210223188365,13.13340616411));
#2338 = ( GEOMETRIC_REPRESENTATION_CONTEXT(2) 
PARAMETRIC_REPRESENTATION_CONTEXT() REPRESENTATION_CONTEXT('2D SPACE',''
  ) );
#2339 = ORIENTED_EDGE('',*,*,#203,.F.);
#2340 = ADVANCED_FACE('',(#2341),#693,.T.);
#2341 = FACE_BOUND('',#2342,.T.);
#2342 = EDGE_LOOP('',(#2343,#2364,#2421,#2422));
#2343 = ORIENTED_EDGE('',*,*,#2344,.T.);
#2344 = EDGE_CURVE('',#430,#2345,#2347,.T.);
#2345 = VERTEX_POINT('',#2346);
#2346 = CARTESIAN_POINT('',(14.630605794485,-1.033706333567,
    -48.58546081772));
#2347 = SURFACE_CURVE('',#2348,(#2352,#2358),.PCURVE_S1.);
#2348 = ( BOUNDED_CURVE() B_SPLINE_CURVE(2,(#2349,#2350,#2351),
.UNSPECIFIED.,.F.,.F.) B_SPLINE_CURVE_WITH_KNOTS((3,3),(0.,
5.035283785523),.PIECEWISE_BEZIER_KNOTS.) CURVE() 
GEOMETRIC_REPRESENTATION_ITEM() RATIONAL_B_SPLINE_CURVE((1.,
0.707106781187,1.)) REPRESENTATION_ITEM('') );
#2349 = CARTESIAN_POINT('',(13.333987964357,-2.492359433384,
    -47.75412855142));
#2350 = CARTESIAN_POINT('',(14.630605794485,-2.531667533587,
    -48.50727998098));
#2351 = CARTESIAN_POINT('',(14.630605794485,-1.033706333567,
    -48.58546081772));
#2352 = PCURVE('',#693,#2353);
#2353 = DEFINITIONAL_REPRESENTATION('',(#2354),#2357);
#2354 = B_SPLINE_CURVE_WITH_KNOTS('',1,(#2355,#2356),.UNSPECIFIED.,.F.,
  .F.,(2,2),(0.,5.035283785523),.PIECEWISE_BEZIER_KNOTS.);
#2355 = CARTESIAN_POINT('',(0.,22.378913137998));
#2356 = CARTESIAN_POINT('',(14.379586073027,22.378913137998));
#2357 = ( GEOMETRIC_REPRESENTATION_CONTEXT(2) 
PARAMETRIC_REPRESENTATION_CONTEXT() REPRESENTATION_CONTEXT('2D SPACE',''
  ) );
#2358 = PCURVE('',#521,#2359);
#2359 = DEFINITIONAL_REPRESENTATION('',(#2360),#2363);
#2360 = B_SPLINE_CURVE_WITH_KNOTS('',1,(#2361,#2362),.UNSPECIFIED.,.F.,
  .F.,(2,2),(0.,5.035283785523),.PIECEWISE_BEZIER_KNOTS.);
#2361 = CARTESIAN_POINT('',(0.,22.378913137998));
#2362 = CARTESIAN_POINT('',(5.035283785523,22.378913137998));
#2363 = ( GEOMETRIC_REPRESENTATION_CONTEXT(2) 
PARAMETRIC_REPRESENTATION_CONTEXT() REPRESENTATION_CONTEXT('2D SPACE',''
  ) );
#2364 = ORIENTED_EDGE('',*,*,#2365,.T.);
#2365 = EDGE_CURVE('',#2345,#2125,#2366,.T.);
#2366 = SURFACE_CURVE('',#2367,(#2388,#2395),.PCURVE_S1.);
#2367 = B_SPLINE_CURVE_WITH_KNOTS('',10,(#2368,#2369,#2370,#2371,#2372,
    #2373,#2374,#2375,#2376,#2377,#2378,#2379,#2380,#2381,#2382,#2383,
    #2384,#2385,#2386,#2387),.UNSPECIFIED.,.F.,.F.,(11,9,11),(
    22.378913137998,36.758499211025,38.464832552187),.UNSPECIFIED.);
#2368 = CARTESIAN_POINT('',(14.630605794485,-1.033706333567,
    -48.58546081772));
#2369 = CARTESIAN_POINT('',(15.327298473292,-0.969261017909,
    -47.35067507725));
#2370 = CARTESIAN_POINT('',(16.001574619563,-0.90468033525,
    -46.11329567671));
#2371 = CARTESIAN_POINT('',(16.668131419364,-0.838654575214,
    -44.84822829107));
#2372 = CARTESIAN_POINT('',(17.313447048894,-0.772288297322,
    -43.576636512));
#2373 = CARTESIAN_POINT('',(17.947099189056,-0.704811079653,
    -42.28375889425));
#2374 = CARTESIAN_POINT('',(18.560960652459,-0.636853918205,
    -40.98168545317));
#2375 = CARTESIAN_POINT('',(19.160265811708,-0.567974282479,
    -39.66193721183));
#2376 = CARTESIAN_POINT('',(19.741558468071,-0.498448439337,
    -38.32980750109));
#2377 = CARTESIAN_POINT('',(20.305779599258,-0.42818151957,
    -36.98347860706));
#2378 = CARTESIAN_POINT('',(20.917162703261,-0.348791022627,
    -35.46234006421));
#2379 = CARTESIAN_POINT('',(20.982015904855,-0.340369579723,
    -35.30098345503));
#2380 = CARTESIAN_POINT('',(21.046869106448,-0.331948136819,
    -35.13962684585));
#2381 = CARTESIAN_POINT('',(21.111722308041,-0.323526693915,
    -34.97827023667));
#2382 = CARTESIAN_POINT('',(21.176575509635,-0.315105251011,
    -34.81691362749));
#2383 = CARTESIAN_POINT('',(21.241428711228,-0.306683808107,
    -34.65555701831));
#2384 = CARTESIAN_POINT('',(21.306281912822,-0.298262365203,
    -34.49420040913));
#2385 = CARTESIAN_POINT('',(21.371135114415,-0.289840922299,
    -34.33284379996));
#2386 = CARTESIAN_POINT('',(21.435988316009,-0.281419479395,
    -34.17148719078));
#2387 = CARTESIAN_POINT('',(21.500841517602,-0.272998036491,
    -34.0101305816));
#2388 = PCURVE('',#693,#2389);
#2389 = DEFINITIONAL_REPRESENTATION('',(#2390),#2394);
#2390 = LINE('',#2391,#2392);
#2391 = CARTESIAN_POINT('',(14.379586073027,0.));
#2392 = VECTOR('',#2393,1.);
#2393 = DIRECTION('',(0.,1.));
#2394 = ( GEOMETRIC_REPRESENTATION_CONTEXT(2) 
PARAMETRIC_REPRESENTATION_CONTEXT() REPRESENTATION_CONTEXT('2D SPACE',''
  ) );
#2395 = PCURVE('',#2396,#2407);
#2396 = ( BOUNDED_SURFACE() B_SPLINE_SURFACE(1,4,(
    (#2397,#2398,#2399,#2400,#2401)
    ,(#2402,#2403,#2404,#2405,#2406
)),.UNSPECIFIED.,.F.,.F.,.F.) B_SPLINE_SURFACE_WITH_KNOTS((2,2),(5,5),(
    2.,3.),(0.,1.),.PIECEWISE_BEZIER_KNOTS.) 
GEOMETRIC_REPRESENTATION_ITEM() RATIONAL_B_SPLINE_SURFACE((
    (1.,1.,1.,1.,1.)
,(1.,1.,1.,1.,1.))) REPRESENTATION_ITEM('') SURFACE() );
#2397 = CARTESIAN_POINT('',(18.816119303072,-2.102769715384,
    -40.28950798889));
#2398 = CARTESIAN_POINT('',(17.517066744224,-2.2510704325,
    -43.13098077751));
#2399 = CARTESIAN_POINT('',(16.12420092359,-2.395226334908,
    -45.89303804856));
#2400 = CARTESIAN_POINT('',(14.643884264163,-2.534985508607,
    -48.57085307702));
#2401 = CARTESIAN_POINT('',(13.082914986535,-2.670151213168,
    -51.1606562751));
#2402 = CARTESIAN_POINT('',(18.816119303072,6.88499748474,-40.7585930093
    ));
#2403 = CARTESIAN_POINT('',(17.517066744224,6.736696767624,
    -43.60006579792));
#2404 = CARTESIAN_POINT('',(16.12420092359,6.592540865216,
    -46.36212306897));
#2405 = CARTESIAN_POINT('',(14.643884264163,6.452781691517,
    -49.03993809743));
#2406 = CARTESIAN_POINT('',(13.082914986535,6.317615986956,
    -51.62974129551));
#2407 = DEFINITIONAL_REPRESENTATION('',(#2408),#2420);
#2408 = B_SPLINE_CURVE_WITH_KNOTS('',10,(#2409,#2410,#2411,#2412,#2413,
    #2414,#2415,#2416,#2417,#2418,#2419),.UNSPECIFIED.,.F.,.F.,(11,11),(
    22.378913137998,31.659589335075),.PIECEWISE_BEZIER_KNOTS.);
#2409 = CARTESIAN_POINT('',(2.166666666667,0.747099527784));
#2410 = CARTESIAN_POINT('',(2.166666666667,0.672081895959));
#2411 = CARTESIAN_POINT('',(2.166666666667,0.597570125825));
#2412 = CARTESIAN_POINT('',(2.166666666666,0.522910920107));
#2413 = CARTESIAN_POINT('',(2.166666666667,0.448230271946));
#2414 = CARTESIAN_POINT('',(2.166666666666,0.373529804238));
#2415 = CARTESIAN_POINT('',(2.166666666667,0.298822255819));
#2416 = CARTESIAN_POINT('',(2.166666666667,0.224115606647));
#2417 = CARTESIAN_POINT('',(2.166666666667,0.149410136688));
#2418 = CARTESIAN_POINT('',(2.166666666667,7.47051731148E-02));
#2419 = CARTESIAN_POINT('',(2.166666666667,-1.665267926965E-16));
#2420 = ( GEOMETRIC_REPRESENTATION_CONTEXT(2) 
PARAMETRIC_REPRESENTATION_CONTEXT() REPRESENTATION_CONTEXT('2D SPACE',''
  ) );
#2421 = ORIENTED_EDGE('',*,*,#2150,.F.);
#2422 = ORIENTED_EDGE('',*,*,#652,.F.);
#2423 = ADVANCED_FACE('',(#2424),#391,.T.);
#2424 = FACE_BOUND('',#2425,.T.);
#2425 = EDGE_LOOP('',(#2426,#2427,#2469,#2488));
#2426 = ORIENTED_EDGE('',*,*,#2321,.T.);
#2427 = ORIENTED_EDGE('',*,*,#2428,.T.);
#2428 = EDGE_CURVE('',#2233,#2429,#2431,.T.);
#2429 = VERTEX_POINT('',#2430);
#2430 = CARTESIAN_POINT('',(10.159129020659,-1.133405021097,
    -50.49570854401));
#2431 = SURFACE_CURVE('',#2432,(#2443,#2450),.PCURVE_S1.);
#2432 = ( BOUNDED_CURVE() B_SPLINE_CURVE(9,(#2433,#2434,#2435,#2436,
    #2437,#2438,#2439,#2440,#2441,#2442),.UNSPECIFIED.,.F.,.F.) 
B_SPLINE_CURVE_WITH_KNOTS((10,10),(13.13340616411,17.343629352475),
.PIECEWISE_BEZIER_KNOTS.) CURVE() GEOMETRIC_REPRESENTATION_ITEM() 
RATIONAL_B_SPLINE_CURVE((1.,1.,1.,1.,1.,1.,1.,1.,1.,1.)) 
REPRESENTATION_ITEM('') );
#2433 = CARTESIAN_POINT('',(6.148537330212,-1.080203190099,
    -49.47635032359));
#2434 = CARTESIAN_POINT('',(6.596370808537,-1.086143849948,
    -49.59017461007));
#2435 = CARTESIAN_POINT('',(7.040070264417,-1.092029670617,
    -49.70294816636));
#2436 = CARTESIAN_POINT('',(7.48623250919,-1.097948160999,
    -49.81634768118));
#2437 = CARTESIAN_POINT('',(7.930422675137,-1.1038404911,-49.92924595955
    ));
#2438 = CARTESIAN_POINT('',(8.3775483207,-1.109771761313,-50.04289033862
    ));
#2439 = CARTESIAN_POINT('',(8.821751644337,-1.115664265955,
    -50.15579196123));
#2440 = CARTESIAN_POINT('',(9.267840280459,-1.121581779893,
    -50.26917276719));
#2441 = CARTESIAN_POINT('',(9.711434331026,-1.127466202325,
    -50.38191953298));
#2442 = CARTESIAN_POINT('',(10.159129020659,-1.133405021097,
    -50.49570854401));
#2443 = PCURVE('',#391,#2444);
#2444 = DEFINITIONAL_REPRESENTATION('',(#2445),#2449);
#2445 = LINE('',#2446,#2447);
#2446 = CARTESIAN_POINT('',(4.210223188365,0.));
#2447 = VECTOR('',#2448,1.);
#2448 = DIRECTION('',(0.,1.));
#2449 = ( GEOMETRIC_REPRESENTATION_CONTEXT(2) 
PARAMETRIC_REPRESENTATION_CONTEXT() REPRESENTATION_CONTEXT('2D SPACE',''
  ) );
#2450 = PCURVE('',#2451,#2456);
#2451 = PLANE('',#2452);
#2452 = AXIS2_PLACEMENT_3D('',#2453,#2454,#2455);
#2453 = CARTESIAN_POINT('',(3.391866848361,6.446170959648,
    -49.16660110409));
#2454 = DIRECTION('',(-0.246649264819,-5.051028348562E-02,
    -0.967787606568));
#2455 = DIRECTION('',(0.72032993521,-0.677610890636,-0.14821695359));
#2456 = DEFINITIONAL_REPRESENTATION('',(#2457),#2468);
#2457 = B_SPLINE_CURVE_WITH_KNOTS('',9,(#2458,#2459,#2460,#2461,#2462,
    #2463,#2464,#2465,#2466,#2467),.UNSPECIFIED.,.F.,.F.,(10,10),(
    13.13340616411,17.343629352475),.PIECEWISE_BEZIER_KNOTS.);
#2458 = CARTESIAN_POINT('',(7.131575446146,3.671800133774));
#2459 = CARTESIAN_POINT('',(7.475059451371,3.362664529071));
#2460 = CARTESIAN_POINT('',(7.815372700821,3.056382604565));
#2461 = CARTESIAN_POINT('',(8.157574885858,2.748400638035));
#2462 = CARTESIAN_POINT('',(8.498264505246,2.441779980582));
#2463 = CARTESIAN_POINT('',(8.841205609498,2.133132986759));
#2464 = CARTESIAN_POINT('',(9.181905320709,1.826503246666));
#2465 = CARTESIAN_POINT('',(9.524051048612,1.518572091554));
#2466 = CARTESIAN_POINT('',(9.864283453193,1.212362927431));
#2467 = CARTESIAN_POINT('',(10.207661008815,0.903323127371));
#2468 = ( GEOMETRIC_REPRESENTATION_CONTEXT(2) 
PARAMETRIC_REPRESENTATION_CONTEXT() REPRESENTATION_CONTEXT('2D SPACE',''
  ) );
#2469 = ORIENTED_EDGE('',*,*,#2470,.F.);
#2470 = EDGE_CURVE('',#362,#2429,#2471,.T.);
#2471 = SURFACE_CURVE('',#2472,(#2476,#2482),.PCURVE_S1.);
#2472 = ( BOUNDED_CURVE() B_SPLINE_CURVE(2,(#2473,#2474,#2475),
.UNSPECIFIED.,.F.,.F.) B_SPLINE_CURVE_WITH_KNOTS((3,3),(0.,
4.210223188365),.PIECEWISE_BEZIER_KNOTS.) CURVE() 
GEOMETRIC_REPRESENTATION_ITEM() RATIONAL_B_SPLINE_CURVE((1.,
0.707106781187,1.)) REPRESENTATION_ITEM('') );
#2473 = CARTESIAN_POINT('',(10.504571020883,-2.55528681168,
    -48.95983029425));
#2474 = CARTESIAN_POINT('',(10.159129020659,-2.631366221117,
    -50.41752770728));
#2475 = CARTESIAN_POINT('',(10.159129020659,-1.133405021097,
    -50.49570854401));
#2476 = PCURVE('',#391,#2477);
#2477 = DEFINITIONAL_REPRESENTATION('',(#2478),#2481);
#2478 = B_SPLINE_CURVE_WITH_KNOTS('',1,(#2479,#2480),.UNSPECIFIED.,.F.,
  .F.,(2,2),(0.,4.210223188365),.PIECEWISE_BEZIER_KNOTS.);
#2479 = CARTESIAN_POINT('',(0.,17.343629352475));
#2480 = CARTESIAN_POINT('',(4.210223188365,17.343629352475));
#2481 = ( GEOMETRIC_REPRESENTATION_CONTEXT(2) 
PARAMETRIC_REPRESENTATION_CONTEXT() REPRESENTATION_CONTEXT('2D SPACE',''
  ) );
#2482 = PCURVE('',#521,#2483);
#2483 = DEFINITIONAL_REPRESENTATION('',(#2484),#2487);
#2484 = B_SPLINE_CURVE_WITH_KNOTS('',1,(#2485,#2486),.UNSPECIFIED.,.F.,
  .F.,(2,2),(0.,4.210223188365),.PIECEWISE_BEZIER_KNOTS.);
#2485 = CARTESIAN_POINT('',(0.,17.343629352475));
#2486 = CARTESIAN_POINT('',(5.035283785523,17.343629352475));
#2487 = ( GEOMETRIC_REPRESENTATION_CONTEXT(2) 
PARAMETRIC_REPRESENTATION_CONTEXT() REPRESENTATION_CONTEXT('2D SPACE',''
  ) );
#2488 = ORIENTED_EDGE('',*,*,#361,.F.);
#2489 = ADVANCED_FACE('',(#2490),#521,.T.);
#2490 = FACE_BOUND('',#2491,.T.);
#2491 = EDGE_LOOP('',(#2492,#2493,#2606,#2607));
#2492 = ORIENTED_EDGE('',*,*,#2470,.T.);
#2493 = ORIENTED_EDGE('',*,*,#2494,.T.);
#2494 = EDGE_CURVE('',#2429,#2345,#2495,.T.);
#2495 = SURFACE_CURVE('',#2496,(#2538,#2545),.PCURVE_S1.);
#2496 = ( BOUNDED_CURVE() B_SPLINE_CURVE(14,(#2497,#2498,#2499,#2500,
    #2501,#2502,#2503,#2504,#2505,#2506,#2507,#2508,#2509,#2510,#2511,
    #2512,#2513,#2514,#2515,#2516,#2517,#2518,#2519,#2520,#2521,#2522,
    #2523,#2524,#2525,#2526,#2527,#2528,#2529,#2530,#2531,#2532,#2533,
    #2534,#2535,#2536,#2537),.UNSPECIFIED.,.F.,.F.) 
B_SPLINE_CURVE_WITH_KNOTS((15,13,13,15),(17.343629352475,19.860996773959
,21.601125469679,22.378913137998),.UNSPECIFIED.) CURVE() 
GEOMETRIC_REPRESENTATION_ITEM() RATIONAL_B_SPLINE_CURVE((1.,
    0.999999999999,1.000000000004,0.999999999988,1.000000000024,
    0.999999999962,1.000000000048,0.999999999949,1.000000000044,
    0.999999999968,1.000000000019,0.999999999991,1.000000000004,
    0.999999999999,1.000000000001,0.999999999994,1.000000000017,
    0.999999999965,1.000000000056,0.999999999927,1.000000000078,
    0.999999999932,1.000000000049,0.999999999971,1.000000000014,
    0.999999999995,1.000000000001,0.999999999999,1.000000000002,
    0.999999999993,1.000000000014,0.999999999978,1.000000000027,
    0.999999999971,1.000000000025,0.999999999982,1.00000000001,
0.999999999995,1.000000000002,1.,1.)) REPRESENTATION_ITEM('') );
#2497 = CARTESIAN_POINT('',(10.159129020659,-1.133405021097,
    -50.49570854401));
#2498 = CARTESIAN_POINT('',(10.331211995569,-1.135687758921,
    -50.53944627864));
#2499 = CARTESIAN_POINT('',(10.505884747088,-1.137548419298,
    -50.57509692102));
#2500 = CARTESIAN_POINT('',(10.685053826551,-1.139006696954,
    -50.60303782623));
#2501 = CARTESIAN_POINT('',(10.867299492746,-1.140018122192,
    -50.62241694551));
#2502 = CARTESIAN_POINT('',(11.052758619106,-1.140565660751,
    -50.63290789901));
#2503 = CARTESIAN_POINT('',(11.239643061497,-1.140630598058,
    -50.63415211128));
#2504 = CARTESIAN_POINT('',(11.427588876218,-1.140200689351,
    -50.62591497061));
#2505 = CARTESIAN_POINT('',(11.616662588484,-1.139268236852,
    -50.60804898534));
#2506 = CARTESIAN_POINT('',(11.805409451244,-1.137824070284,
    -50.58037845169));
#2507 = CARTESIAN_POINT('',(11.992732159633,-1.135865992181,
    -50.54286126517));
#2508 = CARTESIAN_POINT('',(12.1789293493,-1.133401917291,
    -50.49564907446));
#2509 = CARTESIAN_POINT('',(12.362301888527,-1.130433892346,
    -50.4387810951));
#2510 = CARTESIAN_POINT('',(12.542592120457,-1.126976218202,
    -50.3725313346));
#2511 = CARTESIAN_POINT('',(12.84089083022,-1.120325181399,
    -50.24509607696));
#2512 = CARTESIAN_POINT('',(12.960950595089,-1.117379874872,
    -50.18866338727));
#2513 = CARTESIAN_POINT('',(13.078918281866,-1.11421280834,
    -50.12798172945));
#2514 = CARTESIAN_POINT('',(13.194571023801,-1.110830035972,
    -50.06316710263));
#2515 = CARTESIAN_POINT('',(13.307695495157,-1.107238484414,
    -49.99435222289));
#2516 = CARTESIAN_POINT('',(13.41808931191,-1.103445897211,-49.921685458
    ));
#2517 = CARTESIAN_POINT('',(13.525562278045,-1.099460778125,
    -49.84532974205));
#2518 = CARTESIAN_POINT('',(13.629937477121,-1.09529233349,
    -49.76546147003));
#2519 = CARTESIAN_POINT('',(13.731052208985,-1.090950413416,
    -49.68226937245));
#2520 = CARTESIAN_POINT('',(13.828758772417,-1.086445452059,
    -49.59595336963));
#2521 = CARTESIAN_POINT('',(13.92292509231,-1.081788406744,
    -49.50672340641));
#2522 = CARTESIAN_POINT('',(14.013435193089,-1.07699069611,
    -49.41479826619));
#2523 = CARTESIAN_POINT('',(14.100189516756,-1.072064137174,
    -49.32040436554));
#2524 = CARTESIAN_POINT('',(14.220165970877,-1.06476669051,
    -49.18058375964));
#2525 = CARTESIAN_POINT('',(14.256460035513,-1.062489180359,
    -49.13694618832));
#2526 = CARTESIAN_POINT('',(14.291979626547,-1.060189462524,
    -49.09288311312));
#2527 = CARTESIAN_POINT('',(14.326719816739,-1.057868472594,
    -49.04841246017));
#2528 = CARTESIAN_POINT('',(14.360668909028,-1.055527848967,
    -49.00356562134));
#2529 = CARTESIAN_POINT('',(14.393836064694,-1.053167373568,
    -48.95833841866));
#2530 = CARTESIAN_POINT('',(14.426190260033,-1.05079062489,
    -48.91279941619));
#2531 = CARTESIAN_POINT('',(14.457767011803,-1.048395095791,
    -48.86690057731));
#2532 = CARTESIAN_POINT('',(14.488520542461,-1.045985914547,
    -48.82074016013));
#2533 = CARTESIAN_POINT('',(14.518493468031,-1.043560086897,
    -48.77426079458));
#2534 = CARTESIAN_POINT('',(14.547663670137,-1.041120720982,
    -48.72752203287));
#2535 = CARTESIAN_POINT('',(14.576060302516,-1.038665942506,
    -48.68048796335));
#2536 = CARTESIAN_POINT('',(14.603688718558,-1.036196211109,
    -48.63316739271));
#2537 = CARTESIAN_POINT('',(14.630605794485,-1.033706333567,
    -48.58546081772));
#2538 = PCURVE('',#521,#2539);
#2539 = DEFINITIONAL_REPRESENTATION('',(#2540),#2544);
#2540 = LINE('',#2541,#2542);
#2541 = CARTESIAN_POINT('',(5.035283785523,0.));
#2542 = VECTOR('',#2543,1.);
#2543 = DIRECTION('',(0.,1.));
#2544 = ( GEOMETRIC_REPRESENTATION_CONTEXT(2) 
PARAMETRIC_REPRESENTATION_CONTEXT() REPRESENTATION_CONTEXT('2D SPACE',''
  ) );
#2545 = PCURVE('',#2546,#2562);
#2546 = ( BOUNDED_SURFACE() B_SPLINE_SURFACE(2,2,(
    (#2547,#2548,#2549,#2550,#2551)
    ,(#2552,#2553,#2554,#2555,#2556)
    ,(#2557,#2558,#2559,#2560,#2561
)),.UNSPECIFIED.,.F.,.F.,.F.) B_SPLINE_SURFACE_WITH_KNOTS((3,3),(3,1,1,3
    ),(0.,9.),(-0.5508,1.454180830877E-14,9.,9.5508),.UNSPECIFIED.) 
GEOMETRIC_REPRESENTATION_ITEM() RATIONAL_B_SPLINE_SURFACE((
    (1.,1.,1.,1.,1.)
    ,(0.793990212245,0.793990212245,0.793990212245,0.793990212245
      ,0.793990212245)
,(1.,1.,1.,1.,1.))) REPRESENTATION_ITEM('') SURFACE() );
#2547 = CARTESIAN_POINT('',(10.159129020659,-3.181417573765,
    -50.38881970403));
#2548 = CARTESIAN_POINT('',(10.159129020659,-2.906391897441,
    -50.40317370565));
#2549 = CARTESIAN_POINT('',(10.159129020659,1.862517378945,
    -50.65207021748));
#2550 = CARTESIAN_POINT('',(10.159129020659,6.63142665533,
    -50.90096672931));
#2551 = CARTESIAN_POINT('',(10.159129020659,6.906452331654,
    -50.91532073094));
#2552 = CARTESIAN_POINT('',(13.127167693206,-3.220789592669,
    -51.14319582927));
#2553 = CARTESIAN_POINT('',(13.127167693206,-2.945763916345,
    -51.1575498309));
#2554 = CARTESIAN_POINT('',(13.127167693206,1.82314536004,
    -51.40644634273));
#2555 = CARTESIAN_POINT('',(13.127167693206,6.592054636426,
    -51.65534285456));
#2556 = CARTESIAN_POINT('',(13.127167693206,6.86708031275,
    -51.66969685618));
#2557 = CARTESIAN_POINT('',(14.630605794485,-3.081718886235,
    -48.47857197773));
#2558 = CARTESIAN_POINT('',(14.630605794485,-2.806693209911,
    -48.49292597936));
#2559 = CARTESIAN_POINT('',(14.630605794485,1.962216066475,
    -48.74182249119));
#2560 = CARTESIAN_POINT('',(14.630605794485,6.731125342861,
    -48.99071900302));
#2561 = CARTESIAN_POINT('',(14.630605794485,7.006151019184,
    -49.00507300464));
#2562 = DEFINITIONAL_REPRESENTATION('',(#2563),#2605);
#2563 = B_SPLINE_CURVE_WITH_KNOTS('',14,(#2564,#2565,#2566,#2567,#2568,
    #2569,#2570,#2571,#2572,#2573,#2574,#2575,#2576,#2577,#2578,#2579,
    #2580,#2581,#2582,#2583,#2584,#2585,#2586,#2587,#2588,#2589,#2590,
    #2591,#2592,#2593,#2594,#2595,#2596,#2597,#2598,#2599,#2600,#2601,
    #2602,#2603,#2604),.UNSPECIFIED.,.F.,.F.,(15,13,13,15),(
    17.343629352475,19.860996773959,21.601125469679,22.378913137998),
  .UNSPECIFIED.);
#2564 = CARTESIAN_POINT('',(-9.406266754476E-17,1.5));
#2565 = CARTESIAN_POINT('',(0.328598604713,1.499999999999));
#2566 = CARTESIAN_POINT('',(0.652822547169,1.500000000007));
#2567 = CARTESIAN_POINT('',(0.977566264481,1.499999999981));
#2568 = CARTESIAN_POINT('',(1.300905073588,1.500000000039));
#2569 = CARTESIAN_POINT('',(1.624325085309,1.499999999939));
#2570 = CARTESIAN_POINT('',(1.945915061418,1.500000000078));
#2571 = CARTESIAN_POINT('',(2.266309682208,1.499999999918));
#2572 = CARTESIAN_POINT('',(2.587017918868,1.500000000071));
#2573 = CARTESIAN_POINT('',(2.906898287975,1.499999999949));
#2574 = CARTESIAN_POINT('',(3.225459501952,1.50000000003));
#2575 = CARTESIAN_POINT('',(3.544716036558,1.499999999985));
#2576 = CARTESIAN_POINT('',(3.863092961089,1.500000000006));
#2577 = CARTESIAN_POINT('',(4.181559048266,1.499999999999));
#2578 = CARTESIAN_POINT('',(4.720117571667,1.500000000001));
#2579 = CARTESIAN_POINT('',(4.940239312374,1.499999999992));
#2580 = CARTESIAN_POINT('',(5.160401980633,1.500000000024));
#2581 = CARTESIAN_POINT('',(5.380645591857,1.499999999949));
#2582 = CARTESIAN_POINT('',(5.601010462835,1.500000000082));
#2583 = CARTESIAN_POINT('',(5.821536802103,1.499999999893));
#2584 = CARTESIAN_POINT('',(6.042264184063,1.500000000114));
#2585 = CARTESIAN_POINT('',(6.263230870126,1.4999999999));
#2586 = CARTESIAN_POINT('',(6.484473025643,1.500000000073));
#2587 = CARTESIAN_POINT('',(6.706023777046,1.499999999957));
#2588 = CARTESIAN_POINT('',(6.927912163841,1.50000000002));
#2589 = CARTESIAN_POINT('',(7.150161939045,1.499999999993));
#2590 = CARTESIAN_POINT('',(7.372790252051,1.500000000002));
#2591 = CARTESIAN_POINT('',(7.695487928086,1.499999999999));
#2592 = CARTESIAN_POINT('',(7.795247362819,1.500000000004));
#2593 = CARTESIAN_POINT('',(7.895084268793,1.499999999989));
#2594 = CARTESIAN_POINT('',(7.995005833886,1.500000000022));
#2595 = CARTESIAN_POINT('',(8.094990770206,1.499999999965));
#2596 = CARTESIAN_POINT('',(8.195093563081,1.500000000046));
#2597 = CARTESIAN_POINT('',(8.295213968024,1.499999999951));
#2598 = CARTESIAN_POINT('',(8.395499818375,1.500000000044));
#2599 = CARTESIAN_POINT('',(8.495787687156,1.499999999968));
#2600 = CARTESIAN_POINT('',(8.596245126874,1.500000000019));
#2601 = CARTESIAN_POINT('',(8.696790405263,1.499999999991));
#2602 = CARTESIAN_POINT('',(8.797543649683,1.500000000003));
#2603 = CARTESIAN_POINT('',(8.898529525254,1.499999999999));
#2604 = CARTESIAN_POINT('',(9.,1.5));
#2605 = ( GEOMETRIC_REPRESENTATION_CONTEXT(2) 
PARAMETRIC_REPRESENTATION_CONTEXT() REPRESENTATION_CONTEXT('2D SPACE',''
  ) );
#2606 = ORIENTED_EDGE('',*,*,#2344,.F.);
#2607 = ORIENTED_EDGE('',*,*,#429,.F.);
#2608 = ADVANCED_FACE('',(#2609),#902,.T.);
#2609 = FACE_BOUND('',#2610,.T.);
#2610 = EDGE_LOOP('',(#2611));
#2611 = ORIENTED_EDGE('',*,*,#881,.T.);
#2612 = ADVANCED_FACE('',(#2613),#1041,.T.);
#2613 = FACE_BOUND('',#2614,.T.);
#2614 = EDGE_LOOP('',(#2615));
#2615 = ORIENTED_EDGE('',*,*,#1020,.T.);
#2616 = ADVANCED_FACE('',(#2617),#1180,.T.);
#2617 = FACE_BOUND('',#2618,.T.);
#2618 = EDGE_LOOP('',(#2619));
#2619 = ORIENTED_EDGE('',*,*,#1159,.T.);
#2620 = ADVANCED_FACE('',(#2621),#1386,.F.);
#2621 = FACE_BOUND('',#2622,.F.);
#2622 = EDGE_LOOP('',(#2623,#2660,#2747,#2748));
#2623 = ORIENTED_EDGE('',*,*,#2624,.T.);
#2624 = EDGE_CURVE('',#1301,#2625,#2627,.T.);
#2625 = VERTEX_POINT('',#2626);
#2626 = CARTESIAN_POINT('',(5.255852060998,3.802351744419,2.987423025383
    ));
#2627 = SURFACE_CURVE('',#2628,(#2632,#2638),.PCURVE_S1.);
#2628 = ( BOUNDED_CURVE() B_SPLINE_CURVE(2,(#2629,#2630,#2631),
.UNSPECIFIED.,.F.,.F.) B_SPLINE_CURVE_WITH_KNOTS((3,3),(0.,
0.482928414206),.PIECEWISE_BEZIER_KNOTS.) CURVE() 
GEOMETRIC_REPRESENTATION_ITEM() RATIONAL_B_SPLINE_CURVE((1.,
0.699612791433,1.)) REPRESENTATION_ITEM('') );
#2629 = CARTESIAN_POINT('',(7.268286103631,4.388476433899,1.623346098409
    ));
#2630 = CARTESIAN_POINT('',(5.662737644674,3.697527186769,1.250219492699
    ));
#2631 = CARTESIAN_POINT('',(5.255852060998,3.802351744419,2.987423025383
    ));
#2632 = PCURVE('',#1386,#2633);
#2633 = DEFINITIONAL_REPRESENTATION('',(#2634),#2637);
#2634 = B_SPLINE_CURVE_WITH_KNOTS('',1,(#2635,#2636),.UNSPECIFIED.,.F.,
  .F.,(2,2),(0.,0.482928414206),.PIECEWISE_BEZIER_KNOTS.);
#2635 = CARTESIAN_POINT('',(0.,0.678135035985));
#2636 = CARTESIAN_POINT('',(6.700559990068,0.678135035985));
#2637 = ( GEOMETRIC_REPRESENTATION_CONTEXT(2) 
PARAMETRIC_REPRESENTATION_CONTEXT() REPRESENTATION_CONTEXT('2D SPACE',''
  ) );
#2638 = PCURVE('',#2639,#2655);
#2639 = ( BOUNDED_SURFACE() B_SPLINE_SURFACE(2,4,(
    (#2640,#2641,#2642,#2643,#2644)
    ,(#2645,#2646,#2647,#2648,#2649)
    ,(#2650,#2651,#2652,#2653,#2654
)),.UNSPECIFIED.,.F.,.F.,.F.) B_SPLINE_SURFACE_WITH_KNOTS((3,3),(5,5),(
    0.,0.482928414206),(0.195206621779,0.678135035985),
.PIECEWISE_BEZIER_KNOTS.) GEOMETRIC_REPRESENTATION_ITEM() 
RATIONAL_B_SPLINE_SURFACE((
    (1.,1.,1.,1.,1.)
    ,(0.749548482476,0.744518523263,0.735099231237,0.721014998893
      ,0.699612791433)
,(1.,1.,1.,1.,1.))) REPRESENTATION_ITEM('') SURFACE() );
#2640 = CARTESIAN_POINT('',(5.412433708823,3.305854616663,3.059579793712
    ));
#2641 = CARTESIAN_POINT('',(5.391530611578,3.436494447758,3.046082100579
    ));
#2642 = CARTESIAN_POINT('',(5.357467553497,3.5642428437,3.031516617598)
  );
#2643 = CARTESIAN_POINT('',(5.311046830769,3.686923544745,3.014903303909
    ));
#2644 = CARTESIAN_POINT('',(5.255852060998,3.802351744419,2.987423025383
    ));
#2645 = CARTESIAN_POINT('',(5.737345196735,3.220848304128,1.551033411822
    ));
#2646 = CARTESIAN_POINT('',(5.7274946115,3.347731197687,1.51570467706));
#2647 = CARTESIAN_POINT('',(5.709740509611,3.47244502062,1.458768502797)
  );
#2648 = CARTESIAN_POINT('',(5.685319536515,3.591204995534,1.376197974337
    ));
#2649 = CARTESIAN_POINT('',(5.662737644674,3.697527186769,1.250219492699
    ));
#2650 = CARTESIAN_POINT('',(7.268286103631,3.391930869564,1.675357302747
    ));
#2651 = CARTESIAN_POINT('',(7.268286103631,3.627658840282,1.663054307187
    ));
#2652 = CARTESIAN_POINT('',(7.268286103631,3.867958270377,1.650512720321
    ));
#2653 = CARTESIAN_POINT('',(7.268286103631,4.118459280614,1.637438697721
    ));
#2654 = CARTESIAN_POINT('',(7.268286103631,4.388476433899,1.623346098409
    ));
#2655 = DEFINITIONAL_REPRESENTATION('',(#2656),#2659);
#2656 = B_SPLINE_CURVE_WITH_KNOTS('',1,(#2657,#2658),.UNSPECIFIED.,.F.,
  .F.,(2,2),(0.,0.482928414206),.PIECEWISE_BEZIER_KNOTS.);
#2657 = CARTESIAN_POINT('',(0.482928414206,0.678135035985));
#2658 = CARTESIAN_POINT('',(0.,0.678135035985));
#2659 = ( GEOMETRIC_REPRESENTATION_CONTEXT(2) 
PARAMETRIC_REPRESENTATION_CONTEXT() REPRESENTATION_CONTEXT('2D SPACE',''
  ) );
#2660 = ORIENTED_EDGE('',*,*,#2661,.T.);
#2661 = EDGE_CURVE('',#2625,#1847,#2662,.T.);
#2662 = SURFACE_CURVE('',#2663,(#2702,#2709),.PCURVE_S1.);
#2663 = ( BOUNDED_CURVE() B_SPLINE_CURVE(13,(#2664,#2665,#2666,#2667,
    #2668,#2669,#2670,#2671,#2672,#2673,#2674,#2675,#2676,#2677,#2678,
    #2679,#2680,#2681,#2682,#2683,#2684,#2685,#2686,#2687,#2688,#2689,
    #2690,#2691,#2692,#2693,#2694,#2695,#2696,#2697,#2698,#2699,#2700,
#2701),.UNSPECIFIED.,.F.,.F.) B_SPLINE_CURVE_WITH_KNOTS((14,12,12,14),(
    0.678135035985,2.545268600169,3.95035119446,7.378695026053),
.UNSPECIFIED.) CURVE() GEOMETRIC_REPRESENTATION_ITEM() 
RATIONAL_B_SPLINE_CURVE((1.,1.,0.999999999999,1.000000000002,
    0.999999999997,1.000000000004,0.999999999995,1.000000000005,
    0.999999999996,1.000000000002,0.999999999999,1.,1.,1.,1.000000000001
    ,0.999999999996,1.000000000008,0.999999999989,1.000000000013,
    0.999999999989,1.000000000008,0.999999999995,1.000000000002,
    0.999999999999,1.,1.,0.999999999999,1.000000000003,0.999999999993,
    1.000000000011,0.999999999986,1.000000000014,0.999999999989,
    1.000000000007,0.999999999997,1.000000000001,1.,1.)) 
REPRESENTATION_ITEM('') );
#2664 = CARTESIAN_POINT('',(5.255852060998,3.802351744419,2.987423025383
    ));
#2665 = CARTESIAN_POINT('',(5.1901911064,3.939667758408,2.954731860474)
  );
#2666 = CARTESIAN_POINT('',(5.112241406666,4.069228461337,2.918943398132
    ));
#2667 = CARTESIAN_POINT('',(5.023041093081,4.189715076108,2.880432720007
    ));
#2668 = CARTESIAN_POINT('',(4.923595547926,4.300172661646,2.839535502021
    ));
#2669 = CARTESIAN_POINT('',(4.815313279996,4.399445806854,2.796728726832
    ));
#2670 = CARTESIAN_POINT('',(4.699506580144,4.48694136029,2.75242311602)
  );
#2671 = CARTESIAN_POINT('',(4.577400126628,4.562271227294,2.706991507185
    ));
#2672 = CARTESIAN_POINT('',(4.450330959973,4.625011925942,2.66085342321)
  );
#2673 = CARTESIAN_POINT('',(4.319716454322,4.674966287905,2.614451445111
    ));
#2674 = CARTESIAN_POINT('',(4.186841932587,4.712248366599,2.568177022724
    ));
#2675 = CARTESIAN_POINT('',(4.052832912078,4.736968585748,2.522381281248
    ));
#2676 = CARTESIAN_POINT('',(3.918912778702,4.74941709915,2.477451372554)
  );
#2677 = CARTESIAN_POINT('',(3.686183190021,4.750412847109,2.400807249204
    ));
#2678 = CARTESIAN_POINT('',(3.586885973459,4.744112312268,2.368574592419
    ));
#2679 = CARTESIAN_POINT('',(3.488683209432,4.731249262549,2.337165709715
    ));
#2680 = CARTESIAN_POINT('',(3.392002426694,4.712023721567,2.306719140885
    ));
#2681 = CARTESIAN_POINT('',(3.297240545793,4.686665596029,2.277365770025
    ));
#2682 = CARTESIAN_POINT('',(3.204763825442,4.655430127189,2.249228238796
    ));
#2683 = CARTESIAN_POINT('',(3.114907808785,4.618593342344,2.222420359802
    ));
#2684 = CARTESIAN_POINT('',(3.027977269862,4.576447506274,2.197046529817
    ));
#2685 = CARTESIAN_POINT('',(2.944246159787,4.529296572735,2.173201143176
    ));
#2686 = CARTESIAN_POINT('',(2.86395755326,4.477451635918,2.150968005015)
  );
#2687 = CARTESIAN_POINT('',(2.787323594758,4.421226381921,2.130419744631
    ));
#2688 = CARTESIAN_POINT('',(2.714525444982,4.360932540222,2.111617228759
    ));
#2689 = CARTESIAN_POINT('',(2.47781424131,4.140578385205,2.053109533899)
  );
#2690 = CARTESIAN_POINT('',(2.333669717348,3.961886571068,2.022298518062
    ));
#2691 = CARTESIAN_POINT('',(2.215485268002,3.765140826652,2.002887431746
    ));
#2692 = CARTESIAN_POINT('',(2.124908792372,3.555090246098,1.995310187913
    ));
#2693 = CARTESIAN_POINT('',(2.061886570059,3.334066798036,1.999371619196
    ));
#2694 = CARTESIAN_POINT('',(2.027913845744,3.107799447007,2.015184161839
    ));
#2695 = CARTESIAN_POINT('',(2.022645045529,2.874470314141,2.042391484455
    ));
#2696 = CARTESIAN_POINT('',(2.048217224115,2.641966454736,2.081223546499
    ));
#2697 = CARTESIAN_POINT('',(2.106835462147,2.4095730564,2.131590769369)
  );
#2698 = CARTESIAN_POINT('',(2.198925937404,2.186558273129,2.191774000216
    ));
#2699 = CARTESIAN_POINT('',(2.325640033786,1.97699476322,2.260726557202)
  );
#2700 = CARTESIAN_POINT('',(2.48532305941,1.788906189477,2.336321554894)
  );
#2701 = CARTESIAN_POINT('',(2.674884547783,1.629022569829,2.416468949062
    ));
#2702 = PCURVE('',#1386,#2703);
#2703 = DEFINITIONAL_REPRESENTATION('',(#2704),#2708);
#2704 = LINE('',#2705,#2706);
#2705 = CARTESIAN_POINT('',(6.700559990068,0.));
#2706 = VECTOR('',#2707,1.);
#2707 = DIRECTION('',(0.,1.));
#2708 = ( GEOMETRIC_REPRESENTATION_CONTEXT(2) 
PARAMETRIC_REPRESENTATION_CONTEXT() REPRESENTATION_CONTEXT('2D SPACE',''
  ) );
#2709 = PCURVE('',#1910,#2710);
#2710 = DEFINITIONAL_REPRESENTATION('',(#2711),#2746);
#2711 = B_SPLINE_CURVE_WITH_KNOTS('',9,(#2712,#2713,#2714,#2715,#2716,
    #2717,#2718,#2719,#2720,#2721,#2722,#2723,#2724,#2725,#2726,#2727,
    #2728,#2729,#2730,#2731,#2732,#2733,#2734,#2735,#2736,#2737,#2738,
    #2739,#2740,#2741,#2742,#2743,#2744,#2745),.UNSPECIFIED.,.F.,.F.,(10
    ,8,8,8,10),(0.678135035985,2.353275033502,4.028415031019,
    5.703555028536,7.378695026053),.UNSPECIFIED.);
#2712 = CARTESIAN_POINT('',(-0.287023238555,0.476291639643));
#2713 = CARTESIAN_POINT('',(-0.285386740523,0.590712157025));
#2714 = CARTESIAN_POINT('',(-0.283658737817,0.704026870462));
#2715 = CARTESIAN_POINT('',(-0.281853074929,0.816135185688));
#2716 = CARTESIAN_POINT('',(-0.279982835375,0.927018067063));
#2717 = CARTESIAN_POINT('',(-0.278070322194,1.036298223761));
#2718 = CARTESIAN_POINT('',(-0.276123773983,1.144498662708));
#2719 = CARTESIAN_POINT('',(-0.274173310545,1.25111709829));
#2720 = CARTESIAN_POINT('',(-0.272240317076,1.356381565864));
#2721 = CARTESIAN_POINT('',(-0.26846891297,1.564084703627));
#2722 = CARTESIAN_POINT('',(-0.266630367338,1.666526761505));
#2723 = CARTESIAN_POINT('',(-0.264867949492,1.767587273849));
#2724 = CARTESIAN_POINT('',(-0.263213197983,1.867227693277));
#2725 = CARTESIAN_POINT('',(-0.261701728132,1.965522780072));
#2726 = CARTESIAN_POINT('',(-0.260370093014,2.062514537323));
#2727 = CARTESIAN_POINT('',(-0.259252300411,2.158208837298));
#2728 = CARTESIAN_POINT('',(-0.258377401298,2.252732684008));
#2729 = CARTESIAN_POINT('',(-0.257155951391,2.43970616628));
#2730 = CARTESIAN_POINT('',(-0.256809169708,2.532158695169));
#2731 = CARTESIAN_POINT('',(-0.256748816022,2.623705886102));
#2732 = CARTESIAN_POINT('',(-0.256987820368,2.714539742953));
#2733 = CARTESIAN_POINT('',(-0.257531789269,2.804915265965));
#2734 = CARTESIAN_POINT('',(-0.258379952428,2.895139428732));
#2735 = CARTESIAN_POINT('',(-0.259524824909,2.985549265349));
#2736 = CARTESIAN_POINT('',(-0.260950584818,3.076479067757));
#2737 = CARTESIAN_POINT('',(-0.264309748131,3.259954318783));
#2738 = CARTESIAN_POINT('',(-0.266243126315,3.352503026174));
#2739 = CARTESIAN_POINT('',(-0.268402580878,3.446141364364));
#2740 = CARTESIAN_POINT('',(-0.27075058142,3.541165893433));
#2741 = CARTESIAN_POINT('',(-0.273233316448,3.637729742596));
#2742 = CARTESIAN_POINT('',(-0.275785680083,3.735984981641));
#2743 = CARTESIAN_POINT('',(-0.278339028878,3.836074369633));
#2744 = CARTESIAN_POINT('',(-0.28082824758,3.937984127597));
#2745 = CARTESIAN_POINT('',(-0.283199888894,4.041735464594));
#2746 = ( GEOMETRIC_REPRESENTATION_CONTEXT(2) 
PARAMETRIC_REPRESENTATION_CONTEXT() REPRESENTATION_CONTEXT('2D SPACE',''
  ) );
#2747 = ORIENTED_EDGE('',*,*,#1846,.F.);
#2748 = ORIENTED_EDGE('',*,*,#1300,.F.);
#2749 = ADVANCED_FACE('',(#2750),#1524,.T.);
#2750 = FACE_BOUND('',#2751,.T.);
#2751 = EDGE_LOOP('',(#2752,#2753,#2780,#2804,#2832));
#2752 = ORIENTED_EDGE('',*,*,#1508,.F.);
#2753 = ORIENTED_EDGE('',*,*,#2754,.F.);
#2754 = EDGE_CURVE('',#2755,#1301,#2757,.T.);
#2755 = VERTEX_POINT('',#2756);
#2756 = CARTESIAN_POINT('',(7.268286103631,3.391930869564,1.675357302747
    ));
#2757 = SURFACE_CURVE('',#2758,(#2764,#2773),.PCURVE_S1.);
#2758 = ( BOUNDED_CURVE() B_SPLINE_CURVE(4,(#2759,#2760,#2761,#2762,
#2763),.UNSPECIFIED.,.F.,.F.) B_SPLINE_CURVE_WITH_KNOTS((5,5),(
0.195206621779,0.678135035985),.PIECEWISE_BEZIER_KNOTS.) CURVE() 
GEOMETRIC_REPRESENTATION_ITEM() RATIONAL_B_SPLINE_CURVE((1.,1.,1.,1.,1.)
) REPRESENTATION_ITEM('') );
#2759 = CARTESIAN_POINT('',(7.268286103631,3.391930869564,1.675357302747
    ));
#2760 = CARTESIAN_POINT('',(7.268286103631,3.627658840282,1.663054307187
    ));
#2761 = CARTESIAN_POINT('',(7.268286103631,3.867958270377,1.650512720321
    ));
#2762 = CARTESIAN_POINT('',(7.268286103631,4.118459280614,1.637438697721
    ));
#2763 = CARTESIAN_POINT('',(7.268286103631,4.388476433899,1.623346098409
    ));
#2764 = PCURVE('',#1524,#2765);
#2765 = DEFINITIONAL_REPRESENTATION('',(#2766),#2772);
#2766 = B_SPLINE_CURVE_WITH_KNOTS('',4,(#2767,#2768,#2769,#2770,#2771),
  .UNSPECIFIED.,.F.,.F.,(5,5),(0.195206621779,0.678135035985),
  .PIECEWISE_BEZIER_KNOTS.);
#2767 = CARTESIAN_POINT('',(-1.504632769053E-36,-0.5));
#2768 = CARTESIAN_POINT('',(-8.451067952266E-21,-0.263951191745));
#2769 = CARTESIAN_POINT('',(-1.572281363999E-20,-2.332470212828E-02));
#2770 = CARTESIAN_POINT('',(2.731844432025E-20,0.22751725249));
#2771 = CARTESIAN_POINT('',(1.504632769053E-36,0.497901912601));
#2772 = ( GEOMETRIC_REPRESENTATION_CONTEXT(2) 
PARAMETRIC_REPRESENTATION_CONTEXT() REPRESENTATION_CONTEXT('2D SPACE',''
  ) );
#2773 = PCURVE('',#2639,#2774);
#2774 = DEFINITIONAL_REPRESENTATION('',(#2775),#2779);
#2775 = LINE('',#2776,#2777);
#2776 = CARTESIAN_POINT('',(0.482928414206,0.));
#2777 = VECTOR('',#2778,1.);
#2778 = DIRECTION('',(0.,1.));
#2779 = ( GEOMETRIC_REPRESENTATION_CONTEXT(2) 
PARAMETRIC_REPRESENTATION_CONTEXT() REPRESENTATION_CONTEXT('2D SPACE',''
  ) );
#2780 = ORIENTED_EDGE('',*,*,#2781,.T.);
#2781 = EDGE_CURVE('',#2755,#2782,#2784,.T.);
#2782 = VERTEX_POINT('',#2783);
#2783 = CARTESIAN_POINT('',(7.39979161104,3.364707365243,1.153749260358)
  );
#2784 = SURFACE_CURVE('',#2785,(#2790,#2797),.PCURVE_S1.);
#2785 = CIRCLE('',#2786,104.60250594613);
#2786 = AXIS2_PLACEMENT_3D('',#2787,#2788,#2789);
#2787 = CARTESIAN_POINT('',(-94.10250594613,2.047213640028,
    -24.08970634916));
#2788 = DIRECTION('',(4.745849224149E-19,0.998640800014,
    -5.212055782352E-02));
#2789 = DIRECTION('',(0.969104813817,1.285549726914E-02,0.246314019142)
  );
#2790 = PCURVE('',#1524,#2791);
#2791 = DEFINITIONAL_REPRESENTATION('',(#2792),#2796);
#2792 = LINE('',#2793,#2794);
#2793 = CARTESIAN_POINT('',(0.,-0.5));
#2794 = VECTOR('',#2795,1.);
#2795 = DIRECTION('',(1.,0.));
#2796 = ( GEOMETRIC_REPRESENTATION_CONTEXT(2) 
PARAMETRIC_REPRESENTATION_CONTEXT() REPRESENTATION_CONTEXT('2D SPACE',''
  ) );
#2797 = PCURVE('',#1608,#2798);
#2798 = DEFINITIONAL_REPRESENTATION('',(#2799),#2803);
#2799 = CIRCLE('',#2800,104.60250594613);
#2800 = AXIS2_PLACEMENT_2D('',#2801,#2802);
#2801 = CARTESIAN_POINT('',(0.,0.));
#2802 = DIRECTION('',(1.,-2.365058034209E-17));
#2803 = ( GEOMETRIC_REPRESENTATION_CONTEXT(2) 
PARAMETRIC_REPRESENTATION_CONTEXT() REPRESENTATION_CONTEXT('2D SPACE',''
  ) );
#2804 = ORIENTED_EDGE('',*,*,#2805,.T.);
#2805 = EDGE_CURVE('',#2782,#2806,#2808,.T.);
#2806 = VERTEX_POINT('',#2807);
#2807 = CARTESIAN_POINT('',(7.39979161104,4.363348165257,1.101628702535)
  );
#2808 = SURFACE_CURVE('',#2809,(#2813,#2820),.PCURVE_S1.);
#2809 = LINE('',#2810,#2811);
#2810 = CARTESIAN_POINT('',(7.39979161104,3.86402776525,1.127688981446)
  );
#2811 = VECTOR('',#2812,1.);
#2812 = DIRECTION('',(0.,0.998640800014,-5.212055782352E-02));
#2813 = PCURVE('',#1524,#2814);
#2814 = DEFINITIONAL_REPRESENTATION('',(#2815),#2819);
#2815 = LINE('',#2816,#2817);
#2816 = CARTESIAN_POINT('',(5.149197697095E-03,0.));
#2817 = VECTOR('',#2818,1.);
#2818 = DIRECTION('',(0.,1.));
#2819 = ( GEOMETRIC_REPRESENTATION_CONTEXT(2) 
PARAMETRIC_REPRESENTATION_CONTEXT() REPRESENTATION_CONTEXT('2D SPACE',''
  ) );
#2820 = PCURVE('',#2821,#2826);
#2821 = PLANE('',#2822);
#2822 = AXIS2_PLACEMENT_3D('',#2823,#2824,#2825);
#2823 = CARTESIAN_POINT('',(10.796058633869,3.908111107198,
    1.972335042592));
#2824 = DIRECTION('',(-0.241655904744,5.05758090707E-02,0.969043090497)
  );
#2825 = DIRECTION('',(0.970362006523,1.25952405566E-02,0.241327446041));
#2826 = DEFINITIONAL_REPRESENTATION('',(#2827),#2831);
#2827 = LINE('',#2828,#2829);
#2828 = CARTESIAN_POINT('',(-3.5,0.));
#2829 = VECTOR('',#2830,1.);
#2830 = DIRECTION('',(0.,1.));
#2831 = ( GEOMETRIC_REPRESENTATION_CONTEXT(2) 
PARAMETRIC_REPRESENTATION_CONTEXT() REPRESENTATION_CONTEXT('2D SPACE',''
  ) );
#2832 = ORIENTED_EDGE('',*,*,#2833,.F.);
#2833 = EDGE_CURVE('',#1509,#2806,#2834,.T.);
#2834 = SURFACE_CURVE('',#2835,(#2840,#2847),.PCURVE_S1.);
#2835 = CIRCLE('',#2836,104.60250594613);
#2836 = AXIS2_PLACEMENT_3D('',#2837,#2838,#2839);
#2837 = CARTESIAN_POINT('',(-94.10250594613,3.045854440042,
    -24.14182690698));
#2838 = DIRECTION('',(4.745849224149E-19,0.998640800014,
    -5.212055782352E-02));
#2839 = DIRECTION('',(0.969104813817,1.285549726914E-02,0.246314019142)
  );
#2840 = PCURVE('',#1524,#2841);
#2841 = DEFINITIONAL_REPRESENTATION('',(#2842),#2846);
#2842 = LINE('',#2843,#2844);
#2843 = CARTESIAN_POINT('',(0.,0.5));
#2844 = VECTOR('',#2845,1.);
#2845 = DIRECTION('',(1.,0.));
#2846 = ( GEOMETRIC_REPRESENTATION_CONTEXT(2) 
PARAMETRIC_REPRESENTATION_CONTEXT() REPRESENTATION_CONTEXT('2D SPACE',''
  ) );
#2847 = PCURVE('',#1552,#2848);
#2848 = DEFINITIONAL_REPRESENTATION('',(#2849),#2853);
#2849 = CIRCLE('',#2850,104.60250594613);
#2850 = AXIS2_PLACEMENT_2D('',#2851,#2852);
#2851 = CARTESIAN_POINT('',(0.,0.));
#2852 = DIRECTION('',(1.,-2.365058034209E-17));
#2853 = ( GEOMETRIC_REPRESENTATION_CONTEXT(2) 
PARAMETRIC_REPRESENTATION_CONTEXT() REPRESENTATION_CONTEXT('2D SPACE',''
  ) );
#2854 = ADVANCED_FACE('',(#2855),#1810,.F.);
#2855 = FACE_BOUND('',#2856,.F.);
#2856 = EDGE_LOOP('',(#2857,#2858,#2859,#2881));
#2857 = ORIENTED_EDGE('',*,*,#1794,.F.);
#2858 = ORIENTED_EDGE('',*,*,#1932,.T.);
#2859 = ORIENTED_EDGE('',*,*,#2860,.T.);
#2860 = EDGE_CURVE('',#1933,#2861,#2863,.T.);
#2861 = VERTEX_POINT('',#2862);
#2862 = CARTESIAN_POINT('',(1.992504314785,6.01366298743,-38.26725703845
    ));
#2863 = SURFACE_CURVE('',#2864,(#2868,#2875),.PCURVE_S1.);
#2864 = LINE('',#2865,#2866);
#2865 = CARTESIAN_POINT('',(1.992504314785,2.518420187381,
    -38.08483508606));
#2866 = VECTOR('',#2867,1.);
#2867 = DIRECTION('',(0.,0.998640800014,-5.212055782352E-02));
#2868 = PCURVE('',#1810,#2869);
#2869 = DEFINITIONAL_REPRESENTATION('',(#2870),#2874);
#2870 = LINE('',#2871,#2872);
#2871 = CARTESIAN_POINT('',(0.393398704058,0.));
#2872 = VECTOR('',#2873,1.);
#2873 = DIRECTION('',(0.,1.));
#2874 = ( GEOMETRIC_REPRESENTATION_CONTEXT(2) 
PARAMETRIC_REPRESENTATION_CONTEXT() REPRESENTATION_CONTEXT('2D SPACE',''
  ) );
#2875 = PCURVE('',#2075,#2876);
#2876 = DEFINITIONAL_REPRESENTATION('',(#2877),#2880);
#2877 = B_SPLINE_CURVE_WITH_KNOTS('',1,(#2878,#2879),.UNSPECIFIED.,.F.,
  .F.,(2,2),(-4.5,4.5),.PIECEWISE_BEZIER_KNOTS.);
#2878 = CARTESIAN_POINT('',(1.,0.));
#2879 = CARTESIAN_POINT('',(0.,0.));
#2880 = ( GEOMETRIC_REPRESENTATION_CONTEXT(2) 
PARAMETRIC_REPRESENTATION_CONTEXT() REPRESENTATION_CONTEXT('2D SPACE',''
  ) );
#2881 = ORIENTED_EDGE('',*,*,#2882,.F.);
#2882 = EDGE_CURVE('',#1767,#2861,#2883,.T.);
#2883 = SURFACE_CURVE('',#2884,(#2889,#2896),.PCURVE_S1.);
#2884 = CIRCLE('',#2885,97.102505946136);
#2885 = AXIS2_PLACEMENT_3D('',#2886,#2887,#2888);
#2886 = CARTESIAN_POINT('',(-94.10250594613,6.740825400093,
    -24.33467297093));
#2887 = DIRECTION('',(2.153428803288E-18,0.998640800014,
    -5.212055782352E-02));
#2888 = DIRECTION('',(0.969104813817,1.285549726914E-02,0.246314019142)
  );
#2889 = PCURVE('',#1810,#2890);
#2890 = DEFINITIONAL_REPRESENTATION('',(#2891),#2895);
#2891 = LINE('',#2892,#2893);
#2892 = CARTESIAN_POINT('',(0.,3.5));
#2893 = VECTOR('',#2894,1.);
#2894 = DIRECTION('',(1.,0.));
#2895 = ( GEOMETRIC_REPRESENTATION_CONTEXT(2) 
PARAMETRIC_REPRESENTATION_CONTEXT() REPRESENTATION_CONTEXT('2D SPACE',''
  ) );
#2896 = PCURVE('',#1782,#2897);
#2897 = DEFINITIONAL_REPRESENTATION('',(#2898),#2902);
#2898 = CIRCLE('',#2899,97.102505946136);
#2899 = AXIS2_PLACEMENT_2D('',#2900,#2901);
#2900 = CARTESIAN_POINT('',(0.,0.));
#2901 = DIRECTION('',(1.,6.374728447478E-17));
#2902 = ( GEOMETRIC_REPRESENTATION_CONTEXT(2) 
PARAMETRIC_REPRESENTATION_CONTEXT() REPRESENTATION_CONTEXT('2D SPACE',''
  ) );
#2903 = ADVANCED_FACE('',(#2904),#1552,.F.);
#2904 = FACE_BOUND('',#2905,.T.);
#2905 = EDGE_LOOP('',(#2906,#2907,#2930,#2952));
#2906 = ORIENTED_EDGE('',*,*,#2833,.T.);
#2907 = ORIENTED_EDGE('',*,*,#2908,.T.);
#2908 = EDGE_CURVE('',#2806,#2909,#2911,.T.);
#2909 = VERTEX_POINT('',#2910);
#2910 = CARTESIAN_POINT('',(14.192325656698,4.451514849153,
    2.790920824825));
#2911 = SURFACE_CURVE('',#2912,(#2916,#2923),.PCURVE_S1.);
#2912 = LINE('',#2913,#2914);
#2913 = CARTESIAN_POINT('',(10.796058633869,4.407431507205,1.94627476368
    ));
#2914 = VECTOR('',#2915,1.);
#2915 = DIRECTION('',(0.970362006523,1.25952405566E-02,0.241327446041));
#2916 = PCURVE('',#1552,#2917);
#2917 = DEFINITIONAL_REPRESENTATION('',(#2918),#2922);
#2918 = LINE('',#2919,#2920);
#2919 = CARTESIAN_POINT('',(108.10107282157,0.556638714852));
#2920 = VECTOR('',#2921,1.);
#2921 = DIRECTION('',(0.999986742911,5.149174942617E-03));
#2922 = ( GEOMETRIC_REPRESENTATION_CONTEXT(2) 
PARAMETRIC_REPRESENTATION_CONTEXT() REPRESENTATION_CONTEXT('2D SPACE',''
  ) );
#2923 = PCURVE('',#2821,#2924);
#2924 = DEFINITIONAL_REPRESENTATION('',(#2925),#2929);
#2925 = LINE('',#2926,#2927);
#2926 = CARTESIAN_POINT('',(0.,0.5));
#2927 = VECTOR('',#2928,1.);
#2928 = DIRECTION('',(1.,0.));
#2929 = ( GEOMETRIC_REPRESENTATION_CONTEXT(2) 
PARAMETRIC_REPRESENTATION_CONTEXT() REPRESENTATION_CONTEXT('2D SPACE',''
  ) );
#2930 = ORIENTED_EDGE('',*,*,#2931,.F.);
#2931 = EDGE_CURVE('',#1537,#2909,#2932,.T.);
#2932 = SURFACE_CURVE('',#2933,(#2938,#2945),.PCURVE_S1.);
#2933 = CIRCLE('',#2934,111.60250594613);
#2934 = AXIS2_PLACEMENT_3D('',#2935,#2936,#2937);
#2935 = CARTESIAN_POINT('',(-94.10250594613,3.045854440042,
    -24.14182690698));
#2936 = DIRECTION('',(5.30464517519E-19,0.998640800014,
    -5.212055782352E-02));
#2937 = DIRECTION('',(0.969104813817,1.285549726914E-02,0.246314019142)
  );
#2938 = PCURVE('',#1552,#2939);
#2939 = DEFINITIONAL_REPRESENTATION('',(#2940),#2944);
#2940 = CIRCLE('',#2941,111.60250594613);
#2941 = AXIS2_PLACEMENT_2D('',#2942,#2943);
#2942 = CARTESIAN_POINT('',(0.,0.));
#2943 = DIRECTION('',(1.,-2.05866086351E-17));
#2944 = ( GEOMETRIC_REPRESENTATION_CONTEXT(2) 
PARAMETRIC_REPRESENTATION_CONTEXT() REPRESENTATION_CONTEXT('2D SPACE',''
  ) );
#2945 = PCURVE('',#1580,#2946);
#2946 = DEFINITIONAL_REPRESENTATION('',(#2947),#2951);
#2947 = LINE('',#2948,#2949);
#2948 = CARTESIAN_POINT('',(0.,0.5));
#2949 = VECTOR('',#2950,1.);
#2950 = DIRECTION('',(1.,0.));
#2951 = ( GEOMETRIC_REPRESENTATION_CONTEXT(2) 
PARAMETRIC_REPRESENTATION_CONTEXT() REPRESENTATION_CONTEXT('2D SPACE',''
  ) );
#2952 = ORIENTED_EDGE('',*,*,#1536,.F.);
#2953 = ADVANCED_FACE('',(#2954,#3339),#1782,.T.);
#2954 = FACE_BOUND('',#2955,.F.);
#2955 = EDGE_LOOP('',(#2956,#2957,#2958,#2996,#3076,#3101,#3126,#3154,
    #3179,#3199,#3279,#3317));
#2956 = ORIENTED_EDGE('',*,*,#1766,.F.);
#2957 = ORIENTED_EDGE('',*,*,#2882,.T.);
#2958 = ORIENTED_EDGE('',*,*,#2959,.T.);
#2959 = EDGE_CURVE('',#2861,#2960,#2962,.T.);
#2960 = VERTEX_POINT('',#2961);
#2961 = CARTESIAN_POINT('',(3.154974774971,5.592264044347,
    -46.34134901326));
#2962 = SURFACE_CURVE('',#2963,(#2972,#2984),.PCURVE_S1.);
#2963 = B_SPLINE_CURVE_WITH_KNOTS('',4,(#2964,#2965,#2966,#2967,#2968,
    #2969,#2970,#2971),.UNSPECIFIED.,.F.,.F.,(5,3,5),(0.,0.497415711738,
    1.),.UNSPECIFIED.);
#2964 = CARTESIAN_POINT('',(1.992504314785,6.01366298743,-38.26725703845
    ));
#2965 = CARTESIAN_POINT('',(2.180758675565,5.961626519711,
    -39.26428665445));
#2966 = CARTESIAN_POINT('',(2.354457027216,5.909445357358,
    -40.26408864994));
#2967 = CARTESIAN_POINT('',(2.513642375944,5.857137164425,
    -41.26632457793));
#2968 = CARTESIAN_POINT('',(2.804601299324,5.751756152327,
    -43.28544683261));
#2969 = CARTESIAN_POINT('',(2.936072812041,5.698681036207,
    -44.30237716944));
#2970 = CARTESIAN_POINT('',(3.052841400651,5.645511233446,
    -45.32112172211));
#2971 = CARTESIAN_POINT('',(3.154975433493,5.592263701026,
    -46.34135559135));
#2972 = PCURVE('',#1782,#2973);
#2973 = DEFINITIONAL_REPRESENTATION('',(#2974),#2983);
#2974 = B_SPLINE_CURVE_WITH_KNOTS('',4,(#2975,#2976,#2977,#2978,#2979,
    #2980,#2981,#2982),.UNSPECIFIED.,.F.,.F.,(5,3,5),(0.,0.497415711738,
    1.),.UNSPECIFIED.);
#2975 = CARTESIAN_POINT('',(89.684998214581,37.222275001268));
#2976 = CARTESIAN_POINT('',(89.621185095244,38.236249083441));
#2977 = CARTESIAN_POINT('',(89.542580941337,39.249323319731));
#2978 = CARTESIAN_POINT('',(89.449311021694,40.261179880589));
#2979 = CARTESIAN_POINT('',(89.232587871963,42.292349004152));
#2980 = CARTESIAN_POINT('',(89.108831042356,43.311629771991));
#2981 = CARTESIAN_POINT('',(88.970377454178,44.329044632676));
#2982 = CARTESIAN_POINT('',(88.817373608756,45.344295159194));
#2983 = ( GEOMETRIC_REPRESENTATION_CONTEXT(2) 
PARAMETRIC_REPRESENTATION_CONTEXT() REPRESENTATION_CONTEXT('2D SPACE',''
  ) );
#2984 = PCURVE('',#2075,#2985);
#2985 = DEFINITIONAL_REPRESENTATION('',(#2986),#2995);
#2986 = B_SPLINE_CURVE_WITH_KNOTS('',4,(#2987,#2988,#2989,#2990,#2991,
    #2992,#2993,#2994),.UNSPECIFIED.,.F.,.F.,(5,3,5),(0.,0.497415711738,
    1.),.UNSPECIFIED.);
#2987 = CARTESIAN_POINT('',(0.111111111111,0.));
#2988 = CARTESIAN_POINT('',(0.111111111111,9.402453373342E-02));
#2989 = CARTESIAN_POINT('',(0.111111111111,0.187714565674));
#2990 = CARTESIAN_POINT('',(0.111111111111,0.281078162145));
#2991 = CARTESIAN_POINT('',(0.111111111111,0.468134292242));
#2992 = CARTESIAN_POINT('',(0.111111111111,0.561820168028));
#2993 = CARTESIAN_POINT('',(0.111111111111,0.655188184429));
#2994 = CARTESIAN_POINT('',(0.111111111111,0.748245640465));
#2995 = ( GEOMETRIC_REPRESENTATION_CONTEXT(2) 
PARAMETRIC_REPRESENTATION_CONTEXT() REPRESENTATION_CONTEXT('2D SPACE',''
  ) );
#2996 = ORIENTED_EDGE('',*,*,#2997,.F.);
#2997 = EDGE_CURVE('',#2998,#2960,#3000,.T.);
#2998 = VERTEX_POINT('',#2999);
#2999 = CARTESIAN_POINT('',(3.418004775986,5.535996057115,
    -47.41945542904));
#3000 = SURFACE_CURVE('',#3001,(#3024,#3050),.PCURVE_S1.);
#3001 = B_SPLINE_CURVE_WITH_KNOTS('',6,(#3002,#3003,#3004,#3005,#3006,
    #3007,#3008,#3009,#3010,#3011,#3012,#3013,#3014,#3015,#3016,#3017,
    #3018,#3019,#3020,#3021,#3022,#3023),.UNSPECIFIED.,.F.,.F.,(7,5,5,5,
    7),(0.,0.248644521839,0.5,0.751355478161,1.),.UNSPECIFIED.);
#3002 = CARTESIAN_POINT('',(6.148537330212,5.410962009991,
    -49.81513394945));
#3003 = CARTESIAN_POINT('',(5.961681946937,5.413440708719,
    -49.76764156287));
#3004 = CARTESIAN_POINT('',(5.774868523184,5.416518683079,
    -49.70866692973));
#3005 = CARTESIAN_POINT('',(5.589303731802,5.420212531315,
    -49.63789202416));
#3006 = CARTESIAN_POINT('',(5.406288609063,5.424528328696,
    -49.55520044276));
#3007 = CARTESIAN_POINT('',(5.227163384884,5.429459284438,-49.4607222984
    ));
#3008 = CARTESIAN_POINT('',(4.877399408651,5.440571230133,
    -49.24781509244));
#3009 = CARTESIAN_POINT('',(4.706867490868,5.446765485985,
    -49.12913185347));
#3010 = CARTESIAN_POINT('',(4.542981996138,5.453546973493,
    -48.99919713303));
#3011 = CARTESIAN_POINT('',(4.387025970878,5.460881437093,
    -48.85866727488));
#3012 = CARTESIAN_POINT('',(4.24014245219,5.468721906933,-48.70844223126
    ));
#3013 = CARTESIAN_POINT('',(3.966404361918,5.485300572563,
    -48.39079152682));
#3014 = CARTESIAN_POINT('',(3.839543550391,5.49403914627,-48.22335862506
    ));
#3015 = CARTESIAN_POINT('',(3.723634722874,5.503169897599,
    -48.04841151795));
#3016 = CARTESIAN_POINT('',(3.619398655357,5.512626916484,
    -47.86721305617));
#3017 = CARTESIAN_POINT('',(3.527294043115,5.522338971695,
    -47.68112804498));
#3018 = CARTESIAN_POINT('',(3.368600409536,5.542021237693,
    -47.30401170773));
#3019 = CARTESIAN_POINT('',(3.301743786209,5.551987919313,
    -47.11304800123));
#3020 = CARTESIAN_POINT('',(3.247137660446,5.562063408222,-46.9199995243
    ));
#3021 = CARTESIAN_POINT('',(3.204711142759,5.572177618907,
    -46.72620913003));
#3022 = CARTESIAN_POINT('',(3.174155089031,5.582264403174,
    -46.53294423167));
#3023 = CARTESIAN_POINT('',(3.154974774971,5.592264044347,
    -46.34134901326));
#3024 = PCURVE('',#1782,#3025);
#3025 = DEFINITIONAL_REPRESENTATION('',(#3026),#3049);
#3026 = B_SPLINE_CURVE_WITH_KNOTS('',6,(#3027,#3028,#3029,#3030,#3031,
    #3032,#3033,#3034,#3035,#3036,#3037,#3038,#3039,#3040,#3041,#3042,
    #3043,#3044,#3045,#3046,#3047,#3048),.UNSPECIFIED.,.F.,.F.,(7,5,5,5,
    7),(0.,0.248644521839,0.5,0.751355478161,1.),.UNSPECIFIED.);
#3027 = CARTESIAN_POINT('',(90.860477820941,49.453692242951));
#3028 = CARTESIAN_POINT('',(90.691125275043,49.361516757127));
#3029 = CARTESIAN_POINT('',(90.524649334606,49.258208975085));
#3030 = CARTESIAN_POINT('',(90.362297939704,49.143757901927));
#3031 = CARTESIAN_POINT('',(90.20536068074,49.018371476664));
#3032 = CARTESIAN_POINT('',(90.055104245059,48.882506530629));
#3033 = CARTESIAN_POINT('',(89.768731171183,48.589627280231));
#3034 = CARTESIAN_POINT('',(89.632780844584,48.43239266668));
#3035 = CARTESIAN_POINT('',(89.506050545339,48.26587868293));
#3036 = CARTESIAN_POINT('',(89.389621572862,48.091038723049));
#3037 = CARTESIAN_POINT('',(89.284379375241,47.909028051378));
#3038 = CARTESIAN_POINT('',(89.097553422918,47.533254944588));
#3039 = CARTESIAN_POINT('',(89.01596540946,47.339483943605));
#3040 = CARTESIAN_POINT('',(88.946846912189,47.141122277605));
#3041 = CARTESIAN_POINT('',(88.89058453345,46.939573225834));
#3042 = CARTESIAN_POINT('',(88.847285710658,46.736274364682));
#3043 = CARTESIAN_POINT('',(88.786637012463,46.331170022367));
#3044 = CARTESIAN_POINT('',(88.769011101668,46.129364157008));
#3045 = CARTESIAN_POINT('',(88.763772113987,45.928556756998));
#3046 = CARTESIAN_POINT('',(88.770519685556,45.730033474101));
#3047 = CARTESIAN_POINT('',(88.788641191299,45.534947986163));
#3048 = CARTESIAN_POINT('',(88.817374595268,45.344288613234));
#3049 = ( GEOMETRIC_REPRESENTATION_CONTEXT(2) 
PARAMETRIC_REPRESENTATION_CONTEXT() REPRESENTATION_CONTEXT('2D SPACE',''
  ) );
#3050 = PCURVE('',#2273,#3051);
#3051 = DEFINITIONAL_REPRESENTATION('',(#3052),#3075);
#3052 = B_SPLINE_CURVE_WITH_KNOTS('',6,(#3053,#3054,#3055,#3056,#3057,
    #3058,#3059,#3060,#3061,#3062,#3063,#3064,#3065,#3066,#3067,#3068,
    #3069,#3070,#3071,#3072,#3073,#3074),.UNSPECIFIED.,.F.,.F.,(7,5,5,5,
    7),(0.,0.248644521839,0.5,0.751355478161,1.),.UNSPECIFIED.);
#3053 = CARTESIAN_POINT('',(9.,1.));
#3054 = CARTESIAN_POINT('',(8.621877044735,1.));
#3055 = CARTESIAN_POINT('',(8.245169719054,1.));
#3056 = CARTESIAN_POINT('',(7.869784283585,1.));
#3057 = CARTESIAN_POINT('',(7.495577084878,1.));
#3058 = CARTESIAN_POINT('',(7.122372657841,1.));
#3059 = CARTESIAN_POINT('',(6.373567385385,1.));
#3060 = CARTESIAN_POINT('',(5.997969775485,1.));
#3061 = CARTESIAN_POINT('',(5.623036606396,1.));
#3062 = CARTESIAN_POINT('',(5.248547639541,1.));
#3063 = CARTESIAN_POINT('',(4.874269547014,1.));
#3064 = CARTESIAN_POINT('',(4.125730452985,1.));
#3065 = CARTESIAN_POINT('',(3.75145236046,1.));
#3066 = CARTESIAN_POINT('',(3.376963393602,1.));
#3067 = CARTESIAN_POINT('',(3.002030224515,1.));
#3068 = CARTESIAN_POINT('',(2.626432614614,1.));
#3069 = CARTESIAN_POINT('',(1.877627342159,1.));
#3070 = CARTESIAN_POINT('',(1.504422915121,1.));
#3071 = CARTESIAN_POINT('',(1.130215716416,1.));
#3072 = CARTESIAN_POINT('',(0.754830280945,1.));
#3073 = CARTESIAN_POINT('',(0.378122955265,1.));
#3074 = CARTESIAN_POINT('',(0.,1.));
#3075 = ( GEOMETRIC_REPRESENTATION_CONTEXT(2) 
PARAMETRIC_REPRESENTATION_CONTEXT() REPRESENTATION_CONTEXT('2D SPACE',''
  ) );
#3076 = ORIENTED_EDGE('',*,*,#3077,.T.);
#3077 = EDGE_CURVE('',#2998,#3078,#3080,.T.);
#3078 = VERTEX_POINT('',#3079);
#3079 = CARTESIAN_POINT('',(5.247032671533,5.513399103291,
    -47.85241779527));
#3080 = SURFACE_CURVE('',#3081,(#3084,#3090),.PCURVE_S1.);
#3081 = B_SPLINE_CURVE_WITH_KNOTS('',1,(#3082,#3083),.UNSPECIFIED.,.F.,
  .F.,(2,2),(1.,2.),.PIECEWISE_BEZIER_KNOTS.);
#3082 = CARTESIAN_POINT('',(-0.591190652981,5.585528163323,
    -46.47040990391));
#3083 = CARTESIAN_POINT('',(17.896516541312,5.357119473222,
    -50.84676822657));
#3084 = PCURVE('',#1782,#3085);
#3085 = DEFINITIONAL_REPRESENTATION('',(#3086),#3089);
#3086 = B_SPLINE_CURVE_WITH_KNOTS('',1,(#3087,#3088),.UNSPECIFIED.,.F.,
  .F.,(2,2),(1.,2.),.PIECEWISE_BEZIER_KNOTS.);
#3087 = CARTESIAN_POINT('',(85.155071545894,44.54554342626));
#3088 = CARTESIAN_POINT('',(101.99070286937,53.352445148191));
#3089 = ( GEOMETRIC_REPRESENTATION_CONTEXT(2) 
PARAMETRIC_REPRESENTATION_CONTEXT() REPRESENTATION_CONTEXT('2D SPACE',''
  ) );
#3090 = PCURVE('',#3091,#3096);
#3091 = PLANE('',#3092);
#3092 = AXIS2_PLACEMENT_3D('',#3093,#3094,#3095);
#3093 = CARTESIAN_POINT('',(-0.591190652981,10.578732163392,
    -46.73101269302));
#3094 = DIRECTION('',(-0.230648145518,-5.071524272865E-02,
    -0.971714668575));
#3095 = DIRECTION('',(0.940999519998,-0.265773088216,-0.209486440952));
#3096 = DEFINITIONAL_REPRESENTATION('',(#3097),#3100);
#3097 = B_SPLINE_CURVE_WITH_KNOTS('',1,(#3098,#3099),.UNSPECIFIED.,.F.,
  .F.,(2,2),(1.,2.),.PIECEWISE_BEZIER_KNOTS.);
#3098 = CARTESIAN_POINT('',(1.272466496398,4.835372686313));
#3099 = CARTESIAN_POINT('',(19.646882704389,1.7763568394E-15));
#3100 = ( GEOMETRIC_REPRESENTATION_CONTEXT(2) 
PARAMETRIC_REPRESENTATION_CONTEXT() REPRESENTATION_CONTEXT('2D SPACE',''
  ) );
#3101 = ORIENTED_EDGE('',*,*,#3102,.F.);
#3102 = EDGE_CURVE('',#3103,#3078,#3105,.T.);
#3103 = VERTEX_POINT('',#3104);
#3104 = CARTESIAN_POINT('',(5.576229656938,5.588181427305,
    -46.41957281053));
#3105 = SURFACE_CURVE('',#3106,(#3109,#3115),.PCURVE_S1.);
#3106 = B_SPLINE_CURVE_WITH_KNOTS('',1,(#3107,#3108),.UNSPECIFIED.,.F.,
  .F.,(2,2),(0.,1.),.PIECEWISE_BEZIER_KNOTS.);
#3107 = CARTESIAN_POINT('',(5.576229656938,5.588181427305,
    -46.41957281053));
#3108 = CARTESIAN_POINT('',(5.247032671533,5.513399103291,
    -47.85241779527));
#3109 = PCURVE('',#1782,#3110);
#3110 = DEFINITIONAL_REPRESENTATION('',(#3111),#3114);
#3111 = B_SPLINE_CURVE_WITH_KNOTS('',1,(#3112,#3113),.UNSPECIFIED.,.F.,
  .F.,(2,2),(0.,1.),.PIECEWISE_BEZIER_KNOTS.);
#3112 = CARTESIAN_POINT('',(91.14450425489,46.017399585495));
#3113 = CARTESIAN_POINT('',(90.471586700678,47.326670285817));
#3114 = ( GEOMETRIC_REPRESENTATION_CONTEXT(2) 
PARAMETRIC_REPRESENTATION_CONTEXT() REPRESENTATION_CONTEXT('2D SPACE',''
  ) );
#3115 = PCURVE('',#3116,#3121);
#3116 = PLANE('',#3117);
#3117 = AXIS2_PLACEMENT_3D('',#3118,#3119,#3120);
#3118 = CARTESIAN_POINT('',(5.247032671533,4.914214623283,
    -47.82114546058));
#3119 = DIRECTION('',(0.974674637168,-1.165560087143E-02,-0.223323752948
    ));
#3120 = DIRECTION('',(0.,-0.998640800014,5.212055782352E-02));
#3121 = DEFINITIONAL_REPRESENTATION('',(#3122),#3125);
#3122 = B_SPLINE_CURVE_WITH_KNOTS('',1,(#3123,#3124),.UNSPECIFIED.,.F.,
  .F.,(2,2),(0.,1.),.PIECEWISE_BEZIER_KNOTS.);
#3123 = CARTESIAN_POINT('',(-0.6,-1.472076017564));
#3124 = CARTESIAN_POINT('',(-0.6,0.));
#3125 = ( GEOMETRIC_REPRESENTATION_CONTEXT(2) 
PARAMETRIC_REPRESENTATION_CONTEXT() REPRESENTATION_CONTEXT('2D SPACE',''
  ) );
#3126 = ORIENTED_EDGE('',*,*,#3127,.T.);
#3127 = EDGE_CURVE('',#3103,#3128,#3130,.T.);
#3128 = VERTEX_POINT('',#3129);
#3129 = CARTESIAN_POINT('',(12.410059470964,5.509157825144,
    -47.93368157255));
#3130 = SURFACE_CURVE('',#3131,(#3135,#3142),.PCURVE_S1.);
#3131 = LINE('',#3132,#3133);
#3132 = CARTESIAN_POINT('',(8.993144563951,5.548669626224,
    -47.17662719154));
#3133 = VECTOR('',#3134,1.);
#3134 = DIRECTION('',(0.976261402004,-1.128908602299E-02,-0.216301251717
    ));
#3135 = PCURVE('',#1782,#3136);
#3136 = DEFINITIONAL_REPRESENTATION('',(#3137),#3141);
#3137 = LINE('',#3138,#3139);
#3138 = CARTESIAN_POINT('',(94.268871888535,47.594842734973));
#3139 = VECTOR('',#3140,1.);
#3140 = DIRECTION('',(0.892676466756,0.450698042708));
#3141 = ( GEOMETRIC_REPRESENTATION_CONTEXT(2) 
PARAMETRIC_REPRESENTATION_CONTEXT() REPRESENTATION_CONTEXT('2D SPACE',''
  ) );
#3142 = PCURVE('',#3143,#3148);
#3143 = PLANE('',#3144);
#3144 = AXIS2_PLACEMENT_3D('',#3145,#3146,#3147);
#3145 = CARTESIAN_POINT('',(5.576229656938,4.389812467288,
    -46.35702814114));
#3146 = DIRECTION('',(0.21659564852,5.0883288854E-02,0.97493446752));
#3147 = DIRECTION('',(0.96222496433,0.157607385075,-0.221997815732));
#3148 = DEFINITIONAL_REPRESENTATION('',(#3149),#3153);
#3149 = LINE('',#3150,#3151);
#3150 = CARTESIAN_POINT('',(3.652434469979,0.591373352888));
#3151 = VECTOR('',#3152,1.);
#3152 = DIRECTION('',(0.985622254813,-0.168963815111));
#3153 = ( GEOMETRIC_REPRESENTATION_CONTEXT(2) 
PARAMETRIC_REPRESENTATION_CONTEXT() REPRESENTATION_CONTEXT('2D SPACE',''
  ) );
#3154 = ORIENTED_EDGE('',*,*,#3155,.T.);
#3155 = EDGE_CURVE('',#3128,#3156,#3158,.T.);
#3156 = VERTEX_POINT('',#3157);
#3157 = CARTESIAN_POINT('',(12.058293216798,5.429248533254,
    -49.4647603352));
#3158 = SURFACE_CURVE('',#3159,(#3162,#3168),.PCURVE_S1.);
#3159 = B_SPLINE_CURVE_WITH_KNOTS('',1,(#3160,#3161),.UNSPECIFIED.,.F.,
  .F.,(2,2),(0.,1.),.PIECEWISE_BEZIER_KNOTS.);
#3160 = CARTESIAN_POINT('',(12.410059470964,5.509157825144,
    -47.93368157255));
#3161 = CARTESIAN_POINT('',(12.058293216798,5.429248533254,
    -49.4647603352));
#3162 = PCURVE('',#1782,#3163);
#3163 = DEFINITIONAL_REPRESENTATION('',(#3164),#3167);
#3164 = B_SPLINE_CURVE_WITH_KNOTS('',1,(#3165,#3166),.UNSPECIFIED.,.F.,
  .F.,(2,2),(0.,1.),.PIECEWISE_BEZIER_KNOTS.);
#3165 = CARTESIAN_POINT('',(97.393239522179,49.17228588445));
#3166 = CARTESIAN_POINT('',(96.674187714593,50.571318288634));
#3167 = ( GEOMETRIC_REPRESENTATION_CONTEXT(2) 
PARAMETRIC_REPRESENTATION_CONTEXT() REPRESENTATION_CONTEXT('2D SPACE',''
  ) );
#3168 = PCURVE('',#3169,#3174);
#3169 = PLANE('',#3170);
#3170 = AXIS2_PLACEMENT_3D('',#3171,#3172,#3173);
#3171 = CARTESIAN_POINT('',(12.058293216798,4.830064053246,
    -49.43348800051));
#3172 = DIRECTION('',(-0.974674637168,1.165560087143E-02,0.223323752948)
  );
#3173 = DIRECTION('',(0.,0.998640800014,-5.212055782352E-02));
#3174 = DEFINITIONAL_REPRESENTATION('',(#3175),#3178);
#3175 = B_SPLINE_CURVE_WITH_KNOTS('',1,(#3176,#3177),.UNSPECIFIED.,.F.,
  .F.,(2,2),(0.,1.),.PIECEWISE_BEZIER_KNOTS.);
#3176 = CARTESIAN_POINT('',(0.6,-1.572999418293));
#3177 = CARTESIAN_POINT('',(0.6,0.));
#3178 = ( GEOMETRIC_REPRESENTATION_CONTEXT(2) 
PARAMETRIC_REPRESENTATION_CONTEXT() REPRESENTATION_CONTEXT('2D SPACE',''
  ) );
#3179 = ORIENTED_EDGE('',*,*,#3180,.T.);
#3180 = EDGE_CURVE('',#3156,#3181,#3183,.T.);
#3181 = VERTEX_POINT('',#3182);
#3182 = CARTESIAN_POINT('',(13.86537611878,5.406922701597,
    -49.89252794396));
#3183 = SURFACE_CURVE('',#3184,(#3187,#3193),.PCURVE_S1.);
#3184 = B_SPLINE_CURVE_WITH_KNOTS('',1,(#3185,#3186),.UNSPECIFIED.,.F.,
  .F.,(2,2),(1.,2.),.PIECEWISE_BEZIER_KNOTS.);
#3185 = CARTESIAN_POINT('',(-0.591190652981,5.585528163323,
    -46.47040990391));
#3186 = CARTESIAN_POINT('',(17.896516541312,5.357119473222,
    -50.84676822657));
#3187 = PCURVE('',#1782,#3188);
#3188 = DEFINITIONAL_REPRESENTATION('',(#3189),#3192);
#3189 = B_SPLINE_CURVE_WITH_KNOTS('',1,(#3190,#3191),.UNSPECIFIED.,.F.,
  .F.,(2,2),(1.,2.),.PIECEWISE_BEZIER_KNOTS.);
#3190 = CARTESIAN_POINT('',(85.155071545894,44.54554342626));
#3191 = CARTESIAN_POINT('',(101.99070286937,53.352445148191));
#3192 = ( GEOMETRIC_REPRESENTATION_CONTEXT(2) 
PARAMETRIC_REPRESENTATION_CONTEXT() REPRESENTATION_CONTEXT('2D SPACE',''
  ) );
#3193 = PCURVE('',#3091,#3194);
#3194 = DEFINITIONAL_REPRESENTATION('',(#3195),#3198);
#3195 = B_SPLINE_CURVE_WITH_KNOTS('',1,(#3196,#3197),.UNSPECIFIED.,.F.,
  .F.,(2,2),(1.,2.),.PIECEWISE_BEZIER_KNOTS.);
#3196 = CARTESIAN_POINT('',(1.272466496398,4.835372686313));
#3197 = CARTESIAN_POINT('',(19.646882704389,1.7763568394E-15));
#3198 = ( GEOMETRIC_REPRESENTATION_CONTEXT(2) 
PARAMETRIC_REPRESENTATION_CONTEXT() REPRESENTATION_CONTEXT('2D SPACE',''
  ) );
#3199 = ORIENTED_EDGE('',*,*,#3200,.F.);
#3200 = EDGE_CURVE('',#3201,#3181,#3203,.T.);
#3201 = VERTEX_POINT('',#3202);
#3202 = CARTESIAN_POINT('',(14.630605794485,5.457458866523,
    -48.92424444357));
#3203 = SURFACE_CURVE('',#3204,(#3227,#3253),.PCURVE_S1.);
#3204 = B_SPLINE_CURVE_WITH_KNOTS('',6,(#3205,#3206,#3207,#3208,#3209,
    #3210,#3211,#3212,#3213,#3214,#3215,#3216,#3217,#3218,#3219,#3220,
    #3221,#3222,#3223,#3224,#3225,#3226),.UNSPECIFIED.,.F.,.F.,(7,5,5,5,
    7),(0.,0.154371553027,0.49999778168,0.751721427879,1.),
  .UNSPECIFIED.);
#3205 = CARTESIAN_POINT('',(14.630605794485,5.457458866523,
    -48.92424444357));
#3206 = CARTESIAN_POINT('',(14.568106671076,5.451677586112,
    -49.03501498663));
#3207 = CARTESIAN_POINT('',(14.500744587032,5.44596278957,
    -49.14451168485));
#3208 = CARTESIAN_POINT('',(14.428512627428,5.440333252338,
    -49.25237479683));
#3209 = CARTESIAN_POINT('',(14.351445994114,5.434808246316,
    -49.35823506894));
#3210 = CARTESIAN_POINT('',(14.269624846351,5.42940709048,
    -49.46172234555));
#3211 = CARTESIAN_POINT('',(13.989627270203,5.412375566405,
    -49.78804991261));
#3212 = CARTESIAN_POINT('',(13.772858732714,5.401316469353,
    -49.99994452749));
#3213 = CARTESIAN_POINT('',(13.53433784429,5.391186723068,-50.1940325871
    ));
#3214 = CARTESIAN_POINT('',(13.276658032852,5.382184317464,
    -50.36652056324));
#3215 = CARTESIAN_POINT('',(13.003447607569,5.374464483664,
    -50.51443419509));
#3216 = CARTESIAN_POINT('',(12.511783907004,5.363502059362,
    -50.72447653985));
#3217 = CARTESIAN_POINT('',(12.298597743393,5.359612380906,
    -50.79900359342));
#3218 = CARTESIAN_POINT('',(12.081045347611,5.356489104386,
    -50.85884622545));
#3219 = CARTESIAN_POINT('',(11.860878892019,5.354150675809,
    -50.90365100656));
#3220 = CARTESIAN_POINT('',(11.639867749855,5.352596528258,
    -50.93342879902));
#3221 = CARTESIAN_POINT('',(11.202551210057,5.351031652295,
    -50.9634121501));
#3222 = CARTESIAN_POINT('',(10.986210759049,5.351000047962,
    -50.96401769574));
#3223 = CARTESIAN_POINT('',(10.772299018103,5.351696793985,
    -50.95066789605));
#3224 = CARTESIAN_POINT('',(10.562317778275,5.353088271282,
    -50.92400689973));
#3225 = CARTESIAN_POINT('',(10.357570604162,5.35512778547,
    -50.88492938089));
#3226 = CARTESIAN_POINT('',(10.159129020659,5.357760178993,
    -50.83449216986));
#3227 = PCURVE('',#1782,#3228);
#3228 = DEFINITIONAL_REPRESENTATION('',(#3229),#3252);
#3229 = B_SPLINE_CURVE_WITH_KNOTS('',6,(#3230,#3231,#3232,#3233,#3234,
    #3235,#3236,#3237,#3238,#3239,#3240,#3241,#3242,#3243,#3244,#3245,
    #3246,#3247,#3248,#3249,#3250,#3251),.UNSPECIFIED.,.F.,.F.,(7,5,5,5,
    7),(0.,0.154371553027,0.49999778168,0.751721427879,1.),
  .UNSPECIFIED.);
#3230 = CARTESIAN_POINT('',(99.300527515813,50.6812478018));
#3231 = CARTESIAN_POINT('',(99.21260065556,50.773326811818));
#3232 = CARTESIAN_POINT('',(99.120275697272,50.862970206799));
#3233 = CARTESIAN_POINT('',(99.023634790379,50.949827179566));
#3234 = CARTESIAN_POINT('',(98.922803249257,51.03354808012));
#3235 = CARTESIAN_POINT('',(98.817950179512,51.113793471832));
#3236 = CARTESIAN_POINT('',(98.466005177299,51.361408317716));
#3237 = CARTESIAN_POINT('',(98.203598959719,51.513570097609));
#3238 = CARTESIAN_POINT('',(97.924510385595,51.643086770865));
#3239 = CARTESIAN_POINT('',(97.63218970285,51.746916674462));
#3240 = CARTESIAN_POINT('',(97.330887721073,51.82306843467));
#3241 = CARTESIAN_POINT('',(96.802536760533,51.905630037658));
#3242 = CARTESIAN_POINT('',(96.577529961287,51.925370654697));
#3243 = CARTESIAN_POINT('',(96.351918656795,51.929784231418));
#3244 = CARTESIAN_POINT('',(96.127488177464,51.918959963578));
#3245 = CARTESIAN_POINT('',(95.905950548603,51.893344806774));
#3246 = CARTESIAN_POINT('',(95.474739547754,51.814577561639));
#3247 = CARTESIAN_POINT('',(95.264933414589,51.761804984361));
#3248 = CARTESIAN_POINT('',(95.060927716537,51.696088847195));
#3249 = CARTESIAN_POINT('',(94.8640187515,51.618424663032));
#3250 = CARTESIAN_POINT('',(94.675248839145,51.53000216819));
#3251 = CARTESIAN_POINT('',(94.4953953782,51.432111226829));
#3252 = ( GEOMETRIC_REPRESENTATION_CONTEXT(2) 
PARAMETRIC_REPRESENTATION_CONTEXT() REPRESENTATION_CONTEXT('2D SPACE',''
  ) );
#3253 = PCURVE('',#2546,#3254);
#3254 = DEFINITIONAL_REPRESENTATION('',(#3255),#3278);
#3255 = B_SPLINE_CURVE_WITH_KNOTS('',6,(#3256,#3257,#3258,#3259,#3260,
    #3261,#3262,#3263,#3264,#3265,#3266,#3267,#3268,#3269,#3270,#3271,
    #3272,#3273,#3274,#3275,#3276,#3277),.UNSPECIFIED.,.F.,.F.,(7,5,5,5,
    7),(0.,0.154371553027,0.49999778168,0.751721427879,1.),
  .UNSPECIFIED.);
#3256 = CARTESIAN_POINT('',(9.,8.));
#3257 = CARTESIAN_POINT('',(8.764394329442,8.));
#3258 = CARTESIAN_POINT('',(8.529476976174,8.));
#3259 = CARTESIAN_POINT('',(8.295219063361,8.));
#3260 = CARTESIAN_POINT('',(8.061582939538,8.));
#3261 = CARTESIAN_POINT('',(7.828525248637,8.));
#3262 = CARTESIAN_POINT('',(7.07539355939,8.));
#3263 = CARTESIAN_POINT('',(6.557384811507,8.));
#3264 = CARTESIAN_POINT('',(6.041580592511,8.));
#3265 = CARTESIAN_POINT('',(5.527261146151,8.));
#3266 = CARTESIAN_POINT('',(5.013603133687,8.));
#3267 = CARTESIAN_POINT('',(4.125936798793,8.));
#3268 = CARTESIAN_POINT('',(3.751861386542,8.));
#3269 = CARTESIAN_POINT('',(3.37751694284,8.));
#3270 = CARTESIAN_POINT('',(3.002602103508,8.));
#3271 = CARTESIAN_POINT('',(2.6268339361,8.));
#3272 = CARTESIAN_POINT('',(1.878323389581,8.));
#3273 = CARTESIAN_POINT('',(1.505589357457,8.));
#3274 = CARTESIAN_POINT('',(1.131584942232,8.));
#3275 = CARTESIAN_POINT('',(0.756090674828,8.));
#3276 = CARTESIAN_POINT('',(0.378931312003,8.));
#3277 = CARTESIAN_POINT('',(0.,8.));
#3278 = ( GEOMETRIC_REPRESENTATION_CONTEXT(2) 
PARAMETRIC_REPRESENTATION_CONTEXT() REPRESENTATION_CONTEXT('2D SPACE',''
  ) );
#3279 = ORIENTED_EDGE('',*,*,#3280,.F.);
#3280 = EDGE_CURVE('',#3281,#3201,#3283,.T.);
#3281 = VERTEX_POINT('',#3282);
#3282 = CARTESIAN_POINT('',(18.816119303072,5.886356684726,
    -40.70647245148));
#3283 = SURFACE_CURVE('',#3284,(#3293,#3305),.PCURVE_S1.);
#3284 = B_SPLINE_CURVE_WITH_KNOTS('',4,(#3285,#3286,#3287,#3288,#3289,
    #3290,#3291,#3292),.UNSPECIFIED.,.F.,.F.,(5,3,5),(0.,0.503026124246,
    1.),.UNSPECIFIED.);
#3285 = CARTESIAN_POINT('',(18.816119303072,5.886356684726,
    -40.70647245148));
#3286 = CARTESIAN_POINT('',(18.333747853309,5.831288834369,
    -41.76158399348));
#3287 = CARTESIAN_POINT('',(17.836541919743,5.776575657412,
    -42.80989991889));
#3288 = CARTESIAN_POINT('',(17.324557534821,5.722235575418,
    -43.85106726671));
#3289 = CARTESIAN_POINT('',(16.27751079448,5.614988234323,-45.9059487757
    ));
#3290 = CARTESIAN_POINT('',(15.74280028238,5.562071601181,
    -46.91984254548));
#3291 = CARTESIAN_POINT('',(15.19380259328,5.509555566831,
    -47.92606075856));
#3292 = CARTESIAN_POINT('',(14.630602198131,5.457458533854,
    -48.92425081758));
#3293 = PCURVE('',#1782,#3294);
#3294 = DEFINITIONAL_REPRESENTATION('',(#3295),#3304);
#3295 = B_SPLINE_CURVE_WITH_KNOTS('',4,(#3296,#3297,#3298,#3299,#3300,
    #3301,#3302,#3303),.UNSPECIFIED.,.F.,.F.,(5,3,5),(0.,0.503026124246,
    1.),.UNSPECIFIED.);
#3296 = CARTESIAN_POINT('',(105.38639494777,43.738879993652));
#3297 = CARTESIAN_POINT('',(104.65832976461,44.643808796827));
#3298 = CARTESIAN_POINT('',(103.91756682691,45.538484057307));
#3299 = CARTESIAN_POINT('',(103.16424761207,46.422577073694));
#3300 = CARTESIAN_POINT('',(101.64202473447,48.15842971593));
#3301 = CARTESIAN_POINT('',(100.87341768415,49.01045042014));
#3302 = CARTESIAN_POINT('',(100.09286060893,49.851498659633));
#3303 = CARTESIAN_POINT('',(99.300522456284,50.681253100253));
#3304 = ( GEOMETRIC_REPRESENTATION_CONTEXT(2) 
PARAMETRIC_REPRESENTATION_CONTEXT() REPRESENTATION_CONTEXT('2D SPACE',''
  ) );
#3305 = PCURVE('',#2396,#3306);
#3306 = DEFINITIONAL_REPRESENTATION('',(#3307),#3316);
#3307 = B_SPLINE_CURVE_WITH_KNOTS('',4,(#3308,#3309,#3310,#3311,#3312,
    #3313,#3314,#3315),.UNSPECIFIED.,.F.,.F.,(5,3,5),(0.,0.503026124246,
    1.),.UNSPECIFIED.);
#3308 = CARTESIAN_POINT('',(2.888888888889,0.));
#3309 = CARTESIAN_POINT('',(2.888888888889,9.283139594265E-02));
#3310 = CARTESIAN_POINT('',(2.888888888889,0.186028307748));
#3311 = CARTESIAN_POINT('',(2.888888888889,0.279598491129));
#3312 = CARTESIAN_POINT('',(2.888888888889,0.466371241557));
#3313 = CARTESIAN_POINT('',(2.888888888889,0.559564689159));
#3314 = CARTESIAN_POINT('',(2.888888888889,0.65313823111));
#3315 = CARTESIAN_POINT('',(2.888888888889,0.747100127784));
#3316 = ( GEOMETRIC_REPRESENTATION_CONTEXT(2) 
PARAMETRIC_REPRESENTATION_CONTEXT() REPRESENTATION_CONTEXT('2D SPACE',''
  ) );
#3317 = ORIENTED_EDGE('',*,*,#3318,.F.);
#3318 = EDGE_CURVE('',#1739,#3281,#3319,.T.);
#3319 = SURFACE_CURVE('',#3320,(#3325,#3332),.PCURVE_S1.);
#3320 = CIRCLE('',#3321,114.10250594613);
#3321 = AXIS2_PLACEMENT_3D('',#3322,#3323,#3324);
#3322 = CARTESIAN_POINT('',(-94.10250594613,6.740825400093,
    -24.33467297093));
#3323 = DIRECTION('',(5.30464517519E-19,0.998640800014,
    -5.212055782352E-02));
#3324 = DIRECTION('',(0.969104813817,1.285549726914E-02,0.246314019142)
  );
#3325 = PCURVE('',#1782,#3326);
#3326 = DEFINITIONAL_REPRESENTATION('',(#3327),#3331);
#3327 = CIRCLE('',#3328,114.10250594613);
#3328 = AXIS2_PLACEMENT_2D('',#3329,#3330);
#3329 = CARTESIAN_POINT('',(0.,0.));
#3330 = DIRECTION('',(1.,9.951160596024E-18));
#3331 = ( GEOMETRIC_REPRESENTATION_CONTEXT(2) 
PARAMETRIC_REPRESENTATION_CONTEXT() REPRESENTATION_CONTEXT('2D SPACE',''
  ) );
#3332 = PCURVE('',#1754,#3333);
#3333 = DEFINITIONAL_REPRESENTATION('',(#3334),#3338);
#3334 = LINE('',#3335,#3336);
#3335 = CARTESIAN_POINT('',(0.,3.5));
#3336 = VECTOR('',#3337,1.);
#3337 = DIRECTION('',(1.,0.));
#3338 = ( GEOMETRIC_REPRESENTATION_CONTEXT(2) 
PARAMETRIC_REPRESENTATION_CONTEXT() REPRESENTATION_CONTEXT('2D SPACE',''
  ) );
#3339 = FACE_BOUND('',#3340,.F.);
#3340 = EDGE_LOOP('',(#3341,#3372,#3399,#3428));
#3341 = ORIENTED_EDGE('',*,*,#3342,.F.);
#3342 = EDGE_CURVE('',#3343,#3345,#3347,.T.);
#3343 = VERTEX_POINT('',#3344);
#3344 = CARTESIAN_POINT('',(1.817930415032,7.931325649508,
    -1.524438945457));
#3345 = VERTEX_POINT('',#3346);
#3346 = CARTESIAN_POINT('',(3.476940931399,6.002430078368,
    -38.48248192783));
#3347 = SURFACE_CURVE('',#3348,(#3353,#3360),.PCURVE_S1.);
#3348 = CIRCLE('',#3349,98.602505946136);
#3349 = AXIS2_PLACEMENT_3D('',#3350,#3351,#3352);
#3350 = CARTESIAN_POINT('',(-94.10250594613,6.740825400093,
    -24.33467297093));
#3351 = DIRECTION('',(-8.971110896991E-19,0.998640800014,
    -5.212055782352E-02));
#3352 = DIRECTION('',(0.972799174228,1.20737321835E-02,0.231335236428));
#3353 = PCURVE('',#1782,#3354);
#3354 = DEFINITIONAL_REPRESENTATION('',(#3355),#3359);
#3355 = CIRCLE('',#3356,98.602505946136);
#3356 = AXIS2_PLACEMENT_2D('',#3357,#3358);
#3357 = CARTESIAN_POINT('',(0.,0.));
#3358 = DIRECTION('',(0.999880688306,1.54469787269E-02));
#3359 = ( GEOMETRIC_REPRESENTATION_CONTEXT(2) 
PARAMETRIC_REPRESENTATION_CONTEXT() REPRESENTATION_CONTEXT('2D SPACE',''
  ) );
#3360 = PCURVE('',#3361,#3366);
#3361 = CYLINDRICAL_SURFACE('',#3362,98.602505946136);
#3362 = AXIS2_PLACEMENT_3D('',#3363,#3364,#3365);
#3363 = CARTESIAN_POINT('',(-94.10250594613,4.493883600062,
    -24.21740171583));
#3364 = DIRECTION('',(0.,0.998640800014,-5.212055782352E-02));
#3365 = DIRECTION('',(0.972799174228,1.20737321835E-02,0.231335236428));
#3366 = DEFINITIONAL_REPRESENTATION('',(#3367),#3371);
#3367 = LINE('',#3368,#3369);
#3368 = CARTESIAN_POINT('',(9.592508433212E-18,2.25));
#3369 = VECTOR('',#3370,1.);
#3370 = DIRECTION('',(1.,0.));
#3371 = ( GEOMETRIC_REPRESENTATION_CONTEXT(2) 
PARAMETRIC_REPRESENTATION_CONTEXT() REPRESENTATION_CONTEXT('2D SPACE',''
  ) );
#3372 = ORIENTED_EDGE('',*,*,#3373,.F.);
#3373 = EDGE_CURVE('',#3374,#3343,#3376,.T.);
#3374 = VERTEX_POINT('',#3375);
#3375 = CARTESIAN_POINT('',(15.437118854218,8.100357900077,1.71425436454
    ));
#3376 = SURFACE_CURVE('',#3377,(#3381,#3387),.PCURVE_S1.);
#3377 = LINE('',#3378,#3379);
#3378 = CARTESIAN_POINT('',(-42.73749065575,7.378333587443,
    -12.11988263069));
#3379 = VECTOR('',#3380,1.);
#3380 = DIRECTION('',(-0.972799174228,-1.20737321835E-02,-0.231335236428
    ));
#3381 = PCURVE('',#1782,#3382);
#3382 = DEFINITIONAL_REPRESENTATION('',(#3383),#3386);
#3383 = B_SPLINE_CURVE_WITH_KNOTS('',1,(#3384,#3385),.UNSPECIFIED.,.F.,
  .F.,(2,2),(-59.80125297306,-45.80125297306),.PIECEWISE_BEZIER_KNOTS.);
#3384 = CARTESIAN_POINT('',(112.58907115045,1.739368513946));
#3385 = CARTESIAN_POINT('',(98.590741514165,1.523110811769));
#3386 = ( GEOMETRIC_REPRESENTATION_CONTEXT(2) 
PARAMETRIC_REPRESENTATION_CONTEXT() REPRESENTATION_CONTEXT('2D SPACE',''
  ) );
#3387 = PCURVE('',#3388,#3393);
#3388 = PLANE('',#3389);
#3389 = AXIS2_PLACEMENT_3D('',#3390,#3391,#3392);
#3390 = CARTESIAN_POINT('',(8.627524634625,5.768899974762,0.212178964645
    ));
#3391 = DIRECTION('',(-0.231650095235,5.0702835611E-02,0.971476945603));
#3392 = DIRECTION('',(0.972799174228,1.20737321835E-02,0.231335236428));
#3393 = DEFINITIONAL_REPRESENTATION('',(#3394),#3398);
#3394 = LINE('',#3395,#3396);
#3395 = CARTESIAN_POINT('',(-52.80125297306,2.25));
#3396 = VECTOR('',#3397,1.);
#3397 = DIRECTION('',(-1.,-2.088097361883E-19));
#3398 = ( GEOMETRIC_REPRESENTATION_CONTEXT(2) 
PARAMETRIC_REPRESENTATION_CONTEXT() REPRESENTATION_CONTEXT('2D SPACE',''
  ) );
#3399 = ORIENTED_EDGE('',*,*,#3400,.T.);
#3400 = EDGE_CURVE('',#3374,#3401,#3403,.T.);
#3401 = VERTEX_POINT('',#3402);
#3402 = CARTESIAN_POINT('',(17.331682686459,5.897589593788,
    -40.49124756209));
#3403 = SURFACE_CURVE('',#3404,(#3409,#3416),.PCURVE_S1.);
#3404 = CIRCLE('',#3405,112.60250594613);
#3405 = AXIS2_PLACEMENT_3D('',#3406,#3407,#3408);
#3406 = CARTESIAN_POINT('',(-94.10250594613,6.740825400093,
    -24.33467297093));
#3407 = DIRECTION('',(-9.465907017675E-19,0.998640800014,
    -5.212055782352E-02));
#3408 = DIRECTION('',(0.972799174228,1.20737321835E-02,0.231335236428));
#3409 = PCURVE('',#1782,#3410);
#3410 = DEFINITIONAL_REPRESENTATION('',(#3411),#3415);
#3411 = CIRCLE('',#3412,112.60250594613);
#3412 = AXIS2_PLACEMENT_2D('',#3413,#3414);
#3413 = CARTESIAN_POINT('',(0.,0.));
#3414 = DIRECTION('',(0.999880688306,1.54469787269E-02));
#3415 = ( GEOMETRIC_REPRESENTATION_CONTEXT(2) 
PARAMETRIC_REPRESENTATION_CONTEXT() REPRESENTATION_CONTEXT('2D SPACE',''
  ) );
#3416 = PCURVE('',#3417,#3422);
#3417 = CYLINDRICAL_SURFACE('',#3418,112.60250594613);
#3418 = AXIS2_PLACEMENT_3D('',#3419,#3420,#3421);
#3419 = CARTESIAN_POINT('',(-94.10250594613,4.493883600062,
    -24.21740171583));
#3420 = DIRECTION('',(0.,0.998640800014,-5.212055782352E-02));
#3421 = DIRECTION('',(0.972799174228,1.20737321835E-02,0.231335236428));
#3422 = DEFINITIONAL_REPRESENTATION('',(#3423),#3427);
#3423 = LINE('',#3424,#3425);
#3424 = CARTESIAN_POINT('',(9.592508433212E-18,2.25));
#3425 = VECTOR('',#3426,1.);
#3426 = DIRECTION('',(1.,0.));
#3427 = ( GEOMETRIC_REPRESENTATION_CONTEXT(2) 
PARAMETRIC_REPRESENTATION_CONTEXT() REPRESENTATION_CONTEXT('2D SPACE',''
  ) );
#3428 = ORIENTED_EDGE('',*,*,#3429,.T.);
#3429 = EDGE_CURVE('',#3401,#3345,#3430,.T.);
#3430 = SURFACE_CURVE('',#3431,(#3435,#3441),.PCURVE_S1.);
#3431 = LINE('',#3432,#3433);
#3432 = CARTESIAN_POINT('',(-41.8490970686,6.345417618085,
    -31.91076885795));
#3433 = VECTOR('',#3434,1.);
#3434 = DIRECTION('',(-0.989624411076,7.4886060414E-03,0.14348325959));
#3435 = PCURVE('',#1782,#3436);
#3436 = DEFINITIONAL_REPRESENTATION('',(#3437),#3440);
#3437 = B_SPLINE_CURVE_WITH_KNOTS('',1,(#3438,#3439),.UNSPECIFIED.,.F.,
  .F.,(2,2),(-59.80125297306,-45.80125297306),.PIECEWISE_BEZIER_KNOTS.);
#3438 = CARTESIAN_POINT('',(104.00097758896,43.1638854355));
#3439 = CARTESIAN_POINT('',(91.070415573392,37.79726955942));
#3440 = ( GEOMETRIC_REPRESENTATION_CONTEXT(2) 
PARAMETRIC_REPRESENTATION_CONTEXT() REPRESENTATION_CONTEXT('2D SPACE',''
  ) );
#3441 = PCURVE('',#3442,#3447);
#3442 = PLANE('',#3443);
#3443 = AXIS2_PLACEMENT_3D('',#3444,#3445,#3446);
#3444 = CARTESIAN_POINT('',(10.404311808929,3.703068036047,
    -39.36959348986));
#3445 = DIRECTION('',(0.14367854747,5.157977634103E-02,0.98827931359));
#3446 = DIRECTION('',(0.989624411076,-7.4886060414E-03,-0.14348325959));
#3447 = DEFINITIONAL_REPRESENTATION('',(#3448),#3451);
#3448 = B_SPLINE_CURVE_WITH_KNOTS('',1,(#3449,#3450),.UNSPECIFIED.,.F.,
  .F.,(2,2),(-59.80125297306,-45.80125297306),.PIECEWISE_BEZIER_KNOTS.);
#3449 = CARTESIAN_POINT('',(7.,2.25));
#3450 = CARTESIAN_POINT('',(-7.,2.25));
#3451 = ( GEOMETRIC_REPRESENTATION_CONTEXT(2) 
PARAMETRIC_REPRESENTATION_CONTEXT() REPRESENTATION_CONTEXT('2D SPACE',''
  ) );
#3452 = ADVANCED_FACE('',(#3453),#1580,.F.);
#3453 = FACE_BOUND('',#3454,.F.);
#3454 = EDGE_LOOP('',(#3455,#3479,#3500,#3501));
#3455 = ORIENTED_EDGE('',*,*,#3456,.T.);
#3456 = EDGE_CURVE('',#1565,#3457,#3459,.T.);
#3457 = VERTEX_POINT('',#3458);
#3458 = CARTESIAN_POINT('',(14.192325656698,3.452874049139,
    2.843041382649));
#3459 = SURFACE_CURVE('',#3460,(#3465,#3472),.PCURVE_S1.);
#3460 = CIRCLE('',#3461,111.60250594613);
#3461 = AXIS2_PLACEMENT_3D('',#3462,#3463,#3464);
#3462 = CARTESIAN_POINT('',(-94.10250594613,2.047213640028,
    -24.08970634916));
#3463 = DIRECTION('',(5.30464517519E-19,0.998640800014,
    -5.212055782352E-02));
#3464 = DIRECTION('',(0.969104813817,1.285549726914E-02,0.246314019142)
  );
#3465 = PCURVE('',#1580,#3466);
#3466 = DEFINITIONAL_REPRESENTATION('',(#3467),#3471);
#3467 = LINE('',#3468,#3469);
#3468 = CARTESIAN_POINT('',(0.,-0.5));
#3469 = VECTOR('',#3470,1.);
#3470 = DIRECTION('',(1.,0.));
#3471 = ( GEOMETRIC_REPRESENTATION_CONTEXT(2) 
PARAMETRIC_REPRESENTATION_CONTEXT() REPRESENTATION_CONTEXT('2D SPACE',''
  ) );
#3472 = PCURVE('',#1608,#3473);
#3473 = DEFINITIONAL_REPRESENTATION('',(#3474),#3478);
#3474 = CIRCLE('',#3475,111.60250594613);
#3475 = AXIS2_PLACEMENT_2D('',#3476,#3477);
#3476 = CARTESIAN_POINT('',(0.,0.));
#3477 = DIRECTION('',(1.,-2.05866086351E-17));
#3478 = ( GEOMETRIC_REPRESENTATION_CONTEXT(2) 
PARAMETRIC_REPRESENTATION_CONTEXT() REPRESENTATION_CONTEXT('2D SPACE',''
  ) );
#3479 = ORIENTED_EDGE('',*,*,#3480,.T.);
#3480 = EDGE_CURVE('',#3457,#2909,#3481,.T.);
#3481 = SURFACE_CURVE('',#3482,(#3486,#3493),.PCURVE_S1.);
#3482 = LINE('',#3483,#3484);
#3483 = CARTESIAN_POINT('',(14.192325656698,3.952194449146,
    2.816981103737));
#3484 = VECTOR('',#3485,1.);
#3485 = DIRECTION('',(0.,0.998640800014,-5.212055782352E-02));
#3486 = PCURVE('',#1580,#3487);
#3487 = DEFINITIONAL_REPRESENTATION('',(#3488),#3492);
#3488 = LINE('',#3489,#3490);
#3489 = CARTESIAN_POINT('',(5.149197697095E-03,0.));
#3490 = VECTOR('',#3491,1.);
#3491 = DIRECTION('',(0.,1.));
#3492 = ( GEOMETRIC_REPRESENTATION_CONTEXT(2) 
PARAMETRIC_REPRESENTATION_CONTEXT() REPRESENTATION_CONTEXT('2D SPACE',''
  ) );
#3493 = PCURVE('',#2821,#3494);
#3494 = DEFINITIONAL_REPRESENTATION('',(#3495),#3499);
#3495 = LINE('',#3496,#3497);
#3496 = CARTESIAN_POINT('',(3.5,0.));
#3497 = VECTOR('',#3498,1.);
#3498 = DIRECTION('',(0.,1.));
#3499 = ( GEOMETRIC_REPRESENTATION_CONTEXT(2) 
PARAMETRIC_REPRESENTATION_CONTEXT() REPRESENTATION_CONTEXT('2D SPACE',''
  ) );
#3500 = ORIENTED_EDGE('',*,*,#2931,.F.);
#3501 = ORIENTED_EDGE('',*,*,#1564,.F.);
#3502 = ADVANCED_FACE('',(#3503),#1754,.T.);
#3503 = FACE_BOUND('',#3504,.T.);
#3504 = EDGE_LOOP('',(#3505,#3506,#3507,#3527));
#3505 = ORIENTED_EDGE('',*,*,#1738,.F.);
#3506 = ORIENTED_EDGE('',*,*,#2124,.T.);
#3507 = ORIENTED_EDGE('',*,*,#3508,.T.);
#3508 = EDGE_CURVE('',#2125,#3281,#3509,.T.);
#3509 = SURFACE_CURVE('',#3510,(#3514,#3521),.PCURVE_S1.);
#3510 = LINE('',#3511,#3512);
#3511 = CARTESIAN_POINT('',(18.816119303072,2.391113884678,
    -40.5240504991));
#3512 = VECTOR('',#3513,1.);
#3513 = DIRECTION('',(0.,0.998640800014,-5.212055782352E-02));
#3514 = PCURVE('',#1754,#3515);
#3515 = DEFINITIONAL_REPRESENTATION('',(#3516),#3520);
#3516 = LINE('',#3517,#3518);
#3517 = CARTESIAN_POINT('',(0.393398704058,0.));
#3518 = VECTOR('',#3519,1.);
#3519 = DIRECTION('',(0.,1.));
#3520 = ( GEOMETRIC_REPRESENTATION_CONTEXT(2) 
PARAMETRIC_REPRESENTATION_CONTEXT() REPRESENTATION_CONTEXT('2D SPACE',''
  ) );
#3521 = PCURVE('',#2396,#3522);
#3522 = DEFINITIONAL_REPRESENTATION('',(#3523),#3526);
#3523 = B_SPLINE_CURVE_WITH_KNOTS('',1,(#3524,#3525),.UNSPECIFIED.,.F.,
  .F.,(2,2),(-4.5,4.5),.PIECEWISE_BEZIER_KNOTS.);
#3524 = CARTESIAN_POINT('',(2.,0.));
#3525 = CARTESIAN_POINT('',(3.,0.));
#3526 = ( GEOMETRIC_REPRESENTATION_CONTEXT(2) 
PARAMETRIC_REPRESENTATION_CONTEXT() REPRESENTATION_CONTEXT('2D SPACE',''
  ) );
#3527 = ORIENTED_EDGE('',*,*,#3318,.F.);
#3528 = ADVANCED_FACE('',(#3529),#1608,.T.);
#3529 = FACE_BOUND('',#3530,.F.);
#3530 = EDGE_LOOP('',(#3531,#3532,#3568,#3569,#3590));
#3531 = ORIENTED_EDGE('',*,*,#1592,.F.);
#3532 = ORIENTED_EDGE('',*,*,#3533,.T.);
#3533 = EDGE_CURVE('',#1593,#2755,#3534,.T.);
#3534 = SURFACE_CURVE('',#3535,(#3540,#3548),.PCURVE_S1.);
#3535 = ( BOUNDED_CURVE() B_SPLINE_CURVE(3,(#3536,#3537,#3538,#3539),
.UNSPECIFIED.,.F.,.F.) B_SPLINE_CURVE_WITH_KNOTS((4,4),(0.180637723903,
0.195206621779),.PIECEWISE_BEZIER_KNOTS.) CURVE() 
GEOMETRIC_REPRESENTATION_ITEM() RATIONAL_B_SPLINE_CURVE((1.,1.,1.,1.)) 
REPRESENTATION_ITEM('') );
#3536 = CARTESIAN_POINT('',(7.544327650894,3.395592652383,1.7455178282)
  );
#3537 = CARTESIAN_POINT('',(7.444591154835,3.394269614633,1.720168147908
    ));
#3538 = CARTESIAN_POINT('',(7.353177629557,3.393056983854,1.696933888317
    ));
#3539 = CARTESIAN_POINT('',(7.268286103631,3.391930869564,1.675357302747
    ));
#3540 = PCURVE('',#1608,#3541);
#3541 = DEFINITIONAL_REPRESENTATION('',(#3542),#3547);
#3542 = B_SPLINE_CURVE_WITH_KNOTS('',3,(#3543,#3544,#3545,#3546),
  .UNSPECIFIED.,.F.,.F.,(4,4),(0.180637723903,0.195206621779),
  .PIECEWISE_BEZIER_KNOTS.);
#3543 = CARTESIAN_POINT('',(104.88734773345,-2.217447228101E-15));
#3544 = CARTESIAN_POINT('',(104.78443162506,-2.215247529042E-15));
#3545 = CARTESIAN_POINT('',(104.69010382483,-2.215017828094E-15));
#3546 = CARTESIAN_POINT('',(104.60250594613,-2.212375786705E-15));
#3547 = ( GEOMETRIC_REPRESENTATION_CONTEXT(2) 
PARAMETRIC_REPRESENTATION_CONTEXT() REPRESENTATION_CONTEXT('2D SPACE',''
  ) );
#3548 = PCURVE('',#3549,#3562);
#3549 = ( BOUNDED_SURFACE() B_SPLINE_SURFACE(2,3,(
    (#3550,#3551,#3552,#3553)
    ,(#3554,#3555,#3556,#3557)
    ,(#3558,#3559,#3560,#3561
)),.UNSPECIFIED.,.F.,.F.,.F.) B_SPLINE_SURFACE_WITH_KNOTS((3,3),(4,4),(
    0.,1.456889787598E-02),(0.180637723903,0.195206621779),
.PIECEWISE_BEZIER_KNOTS.) GEOMETRIC_REPRESENTATION_ITEM() 
RATIONAL_B_SPLINE_SURFACE((
    (1.,1.,1.,1.)
    ,(0.694017848262,0.715070432189,0.733250686113,0.749548482476)
,(1.,1.,1.,1.))) REPRESENTATION_ITEM('') SURFACE() );
#3550 = CARTESIAN_POINT('',(5.410464460302,3.291222623952,3.081702809068
    ));
#3551 = CARTESIAN_POINT('',(5.409707064498,3.296479589979,3.080984051225
    ));
#3552 = CARTESIAN_POINT('',(5.410583760456,3.301303769793,3.072615725665
    ));
#3553 = CARTESIAN_POINT('',(5.412433708798,3.305854616671,3.059579793826
    ));
#3554 = CARTESIAN_POINT('',(5.793722950627,3.192124616841,1.309979977442
    ));
#3555 = CARTESIAN_POINT('',(5.771474863885,3.202703269348,1.409978737403
    ));
#3556 = CARTESIAN_POINT('',(5.752987342335,3.212179172319,1.48804718971)
  );
#3557 = CARTESIAN_POINT('',(5.737345196735,3.220848304128,1.551033411822
    ));
#3558 = CARTESIAN_POINT('',(7.544327650894,3.395592652383,1.7455178282)
  );
#3559 = CARTESIAN_POINT('',(7.444591154835,3.394269614633,1.720168147908
    ));
#3560 = CARTESIAN_POINT('',(7.353177629557,3.393056983854,1.696933888317
    ));
#3561 = CARTESIAN_POINT('',(7.268286103631,3.391930869564,1.675357302747
    ));
#3562 = DEFINITIONAL_REPRESENTATION('',(#3563),#3567);
#3563 = LINE('',#3564,#3565);
#3564 = CARTESIAN_POINT('',(1.456889787598E-02,0.));
#3565 = VECTOR('',#3566,1.);
#3566 = DIRECTION('',(0.,1.));
#3567 = ( GEOMETRIC_REPRESENTATION_CONTEXT(2) 
PARAMETRIC_REPRESENTATION_CONTEXT() REPRESENTATION_CONTEXT('2D SPACE',''
  ) );
#3568 = ORIENTED_EDGE('',*,*,#2781,.T.);
#3569 = ORIENTED_EDGE('',*,*,#3570,.T.);
#3570 = EDGE_CURVE('',#2782,#3457,#3571,.T.);
#3571 = SURFACE_CURVE('',#3572,(#3576,#3583),.PCURVE_S1.);
#3572 = LINE('',#3573,#3574);
#3573 = CARTESIAN_POINT('',(10.796058633869,3.408790707191,
    1.998395321503));
#3574 = VECTOR('',#3575,1.);
#3575 = DIRECTION('',(0.970362006523,1.25952405566E-02,0.241327446041));
#3576 = PCURVE('',#1608,#3577);
#3577 = DEFINITIONAL_REPRESENTATION('',(#3578),#3582);
#3578 = LINE('',#3579,#3580);
#3579 = CARTESIAN_POINT('',(108.10107282157,0.556638714852));
#3580 = VECTOR('',#3581,1.);
#3581 = DIRECTION('',(0.999986742911,5.149174942617E-03));
#3582 = ( GEOMETRIC_REPRESENTATION_CONTEXT(2) 
PARAMETRIC_REPRESENTATION_CONTEXT() REPRESENTATION_CONTEXT('2D SPACE',''
  ) );
#3583 = PCURVE('',#2821,#3584);
#3584 = DEFINITIONAL_REPRESENTATION('',(#3585),#3589);
#3585 = LINE('',#3586,#3587);
#3586 = CARTESIAN_POINT('',(0.,-0.5));
#3587 = VECTOR('',#3588,1.);
#3588 = DIRECTION('',(1.,0.));
#3589 = ( GEOMETRIC_REPRESENTATION_CONTEXT(2) 
PARAMETRIC_REPRESENTATION_CONTEXT() REPRESENTATION_CONTEXT('2D SPACE',''
  ) );
#3590 = ORIENTED_EDGE('',*,*,#3456,.F.);
#3591 = ADVANCED_FACE('',(#3592),#1640,.F.);
#3592 = FACE_BOUND('',#3593,.F.);
#3593 = EDGE_LOOP('',(#3594,#3615,#3642,#3661));
#3594 = ORIENTED_EDGE('',*,*,#3595,.T.);
#3595 = EDGE_CURVE('',#1621,#3596,#3598,.T.);
#3596 = VERTEX_POINT('',#3597);
#3597 = CARTESIAN_POINT('',(5.428582032281,3.,3.114472428111));
#3598 = SURFACE_CURVE('',#3599,(#3603,#3609),.PCURVE_S1.);
#3599 = ( BOUNDED_CURVE() B_SPLINE_CURVE(2,(#3600,#3601,#3602),
.UNSPECIFIED.,.F.,.F.) B_SPLINE_CURVE_WITH_KNOTS((3,3),(0.,0.26540540545
),.PIECEWISE_BEZIER_KNOTS.) CURVE() GEOMETRIC_REPRESENTATION_ITEM() 
RATIONAL_B_SPLINE_CURVE((1.,0.691432694771,1.)) REPRESENTATION_ITEM('') 
  );
#3600 = CARTESIAN_POINT('',(7.571030262573,2.837000254443,1.781476999072
    ));
#3601 = CARTESIAN_POINT('',(5.8015656308,2.910974878579,1.326652379704)
  );
#3602 = CARTESIAN_POINT('',(5.428582032281,3.,3.114472428111));
#3603 = PCURVE('',#1640,#3604);
#3604 = DEFINITIONAL_REPRESENTATION('',(#3605),#3608);
#3605 = B_SPLINE_CURVE_WITH_KNOTS('',1,(#3606,#3607),.UNSPECIFIED.,.F.,
  .F.,(2,2),(0.,0.26540540545),.PIECEWISE_BEZIER_KNOTS.);
#3606 = CARTESIAN_POINT('',(0.,-8.476768154655E-02));
#3607 = CARTESIAN_POINT('',(0.26540540545,-8.476768154655E-02));
#3608 = ( GEOMETRIC_REPRESENTATION_CONTEXT(2) 
PARAMETRIC_REPRESENTATION_CONTEXT() REPRESENTATION_CONTEXT('2D SPACE',''
  ) );
#3609 = PCURVE('',#1685,#3610);
#3610 = DEFINITIONAL_REPRESENTATION('',(#3611),#3614);
#3611 = B_SPLINE_CURVE_WITH_KNOTS('',1,(#3612,#3613),.UNSPECIFIED.,.F.,
  .F.,(2,2),(0.,0.26540540545),.PIECEWISE_BEZIER_KNOTS.);
#3612 = CARTESIAN_POINT('',(0.,11.016168760682));
#3613 = CARTESIAN_POINT('',(1.518112556232,11.016168760682));
#3614 = ( GEOMETRIC_REPRESENTATION_CONTEXT(2) 
PARAMETRIC_REPRESENTATION_CONTEXT() REPRESENTATION_CONTEXT('2D SPACE',''
  ) );
#3615 = ORIENTED_EDGE('',*,*,#3616,.T.);
#3616 = EDGE_CURVE('',#3596,#3617,#3619,.T.);
#3617 = VERTEX_POINT('',#3618);
#3618 = CARTESIAN_POINT('',(5.410464460302,3.291222623952,3.081702809068
    ));
#3619 = SURFACE_CURVE('',#3620,(#3626,#3633),.PCURVE_S1.);
#3620 = ( BOUNDED_CURVE() B_SPLINE_CURVE(4,(#3621,#3622,#3623,#3624,
#3625),.UNSPECIFIED.,.F.,.F.) B_SPLINE_CURVE_WITH_KNOTS((5,5),(
-8.476768154655E-02,0.180637723903),.PIECEWISE_BEZIER_KNOTS.) CURVE() 
GEOMETRIC_REPRESENTATION_ITEM() RATIONAL_B_SPLINE_CURVE((1.,1.,1.,1.,1.)
) REPRESENTATION_ITEM('') );
#3621 = CARTESIAN_POINT('',(5.428582032281,3.,3.114472428111));
#3622 = CARTESIAN_POINT('',(5.429942320411,3.07342762473,3.107952167166)
  );
#3623 = CARTESIAN_POINT('',(5.427340695327,3.146677169248,3.100291057956
    ));
#3624 = CARTESIAN_POINT('',(5.420812717709,3.219396984932,3.091523158133
    ));
#3625 = CARTESIAN_POINT('',(5.410464460302,3.291222623952,3.081702809068
    ));
#3626 = PCURVE('',#1640,#3627);
#3627 = DEFINITIONAL_REPRESENTATION('',(#3628),#3632);
#3628 = LINE('',#3629,#3630);
#3629 = CARTESIAN_POINT('',(0.26540540545,0.));
#3630 = VECTOR('',#3631,1.);
#3631 = DIRECTION('',(0.,1.));
#3632 = ( GEOMETRIC_REPRESENTATION_CONTEXT(2) 
PARAMETRIC_REPRESENTATION_CONTEXT() REPRESENTATION_CONTEXT('2D SPACE',''
  ) );
#3633 = PCURVE('',#1910,#3634);
#3634 = DEFINITIONAL_REPRESENTATION('',(#3635),#3641);
#3635 = B_SPLINE_CURVE_WITH_KNOTS('',4,(#3636,#3637,#3638,#3639,#3640),
  .UNSPECIFIED.,.F.,.F.,(5,5),(-8.476768154655E-02,0.180637723903),
  .PIECEWISE_BEZIER_KNOTS.);
#3636 = CARTESIAN_POINT('',(-0.292941177143,2.267531400988E-16));
#3637 = CARTESIAN_POINT('',(-0.292504413562,4.195864270278E-02));
#3638 = CARTESIAN_POINT('',(-0.292047476385,8.38153680924E-02));
#3639 = CARTESIAN_POINT('',(-0.291571360481,0.125567131195));
#3640 = CARTESIAN_POINT('',(-0.29107728627,0.167190746809));
#3641 = ( GEOMETRIC_REPRESENTATION_CONTEXT(2) 
PARAMETRIC_REPRESENTATION_CONTEXT() REPRESENTATION_CONTEXT('2D SPACE',''
  ) );
#3642 = ORIENTED_EDGE('',*,*,#3643,.F.);
#3643 = EDGE_CURVE('',#1593,#3617,#3644,.T.);
#3644 = SURFACE_CURVE('',#3645,(#3649,#3655),.PCURVE_S1.);
#3645 = ( BOUNDED_CURVE() B_SPLINE_CURVE(2,(#3646,#3647,#3648),
.UNSPECIFIED.,.F.,.F.) B_SPLINE_CURVE_WITH_KNOTS((3,3),(0.,0.26540540545
),.PIECEWISE_BEZIER_KNOTS.) CURVE() GEOMETRIC_REPRESENTATION_ITEM() 
RATIONAL_B_SPLINE_CURVE((1.,0.694017848262,1.)) REPRESENTATION_ITEM('') 
  );
#3646 = CARTESIAN_POINT('',(7.544327650894,3.395592652383,1.7455178282)
  );
#3647 = CARTESIAN_POINT('',(5.793722950627,3.192124616841,1.309979977442
    ));
#3648 = CARTESIAN_POINT('',(5.410464460302,3.291222623952,3.081702809068
    ));
#3649 = PCURVE('',#1640,#3650);
#3650 = DEFINITIONAL_REPRESENTATION('',(#3651),#3654);
#3651 = B_SPLINE_CURVE_WITH_KNOTS('',1,(#3652,#3653),.UNSPECIFIED.,.F.,
  .F.,(2,2),(0.,0.26540540545),.PIECEWISE_BEZIER_KNOTS.);
#3652 = CARTESIAN_POINT('',(0.,0.180637723903));
#3653 = CARTESIAN_POINT('',(0.26540540545,0.180637723903));
#3654 = ( GEOMETRIC_REPRESENTATION_CONTEXT(2) 
PARAMETRIC_REPRESENTATION_CONTEXT() REPRESENTATION_CONTEXT('2D SPACE',''
  ) );
#3655 = PCURVE('',#3549,#3656);
#3656 = DEFINITIONAL_REPRESENTATION('',(#3657),#3660);
#3657 = B_SPLINE_CURVE_WITH_KNOTS('',1,(#3658,#3659),.UNSPECIFIED.,.F.,
  .F.,(2,2),(0.,0.26540540545),.PIECEWISE_BEZIER_KNOTS.);
#3658 = CARTESIAN_POINT('',(1.456889787598E-02,0.180637723903));
#3659 = CARTESIAN_POINT('',(0.,0.180637723903));
#3660 = ( GEOMETRIC_REPRESENTATION_CONTEXT(2) 
PARAMETRIC_REPRESENTATION_CONTEXT() REPRESENTATION_CONTEXT('2D SPACE',''
  ) );
#3661 = ORIENTED_EDGE('',*,*,#1620,.F.);
#3662 = ADVANCED_FACE('',(#3663),#1685,.F.);
#3663 = FACE_BOUND('',#3664,.F.);
#3664 = EDGE_LOOP('',(#3665,#3666,#3696,#3697));
#3665 = ORIENTED_EDGE('',*,*,#1868,.T.);
#3666 = ORIENTED_EDGE('',*,*,#3667,.T.);
#3667 = EDGE_CURVE('',#1869,#3596,#3668,.T.);
#3668 = SURFACE_CURVE('',#3669,(#3677,#3684),.PCURVE_S1.);
#3669 = ( BOUNDED_CURVE() B_SPLINE_CURVE(6,(#3670,#3671,#3672,#3673,
#3674,#3675,#3676),.UNSPECIFIED.,.F.,.F.) B_SPLINE_CURVE_WITH_KNOTS((7,7
),(9.49805620445,11.016168760682),.PIECEWISE_BEZIER_KNOTS.) CURVE() 
GEOMETRIC_REPRESENTATION_ITEM() RATIONAL_B_SPLINE_CURVE((1.,1.,1.,1.,1.,
1.,1.)) REPRESENTATION_ITEM('') );
#3670 = CARTESIAN_POINT('',(4.672008114104,1.558906085813,3.032630274323
    ));
#3671 = CARTESIAN_POINT('',(4.89758615903,1.718073009723,3.082534276495)
  );
#3672 = CARTESIAN_POINT('',(5.096368736847,1.922944935671,3.120112635942
    ));
#3673 = CARTESIAN_POINT('',(5.256070155065,2.166888416661,3.142899107232
    ));
#3674 = CARTESIAN_POINT('',(5.366354213814,2.437699039734,3.149265634294
    ));
#3675 = CARTESIAN_POINT('',(5.423394821953,2.71999716462,3.1393362523));
#3676 = CARTESIAN_POINT('',(5.428582032281,3.,3.114472428111));
#3677 = PCURVE('',#1685,#3678);
#3678 = DEFINITIONAL_REPRESENTATION('',(#3679),#3683);
#3679 = LINE('',#3680,#3681);
#3680 = CARTESIAN_POINT('',(1.518112556232,0.));
#3681 = VECTOR('',#3682,1.);
#3682 = DIRECTION('',(0.,1.));
#3683 = ( GEOMETRIC_REPRESENTATION_CONTEXT(2) 
PARAMETRIC_REPRESENTATION_CONTEXT() REPRESENTATION_CONTEXT('2D SPACE',''
  ) );
#3684 = PCURVE('',#1910,#3685);
#3685 = DEFINITIONAL_REPRESENTATION('',(#3686),#3695);
#3686 = B_SPLINE_CURVE_WITH_KNOTS('',7,(#3687,#3688,#3689,#3690,#3691,
    #3692,#3693,#3694),.UNSPECIFIED.,.F.,.F.,(8,8),(9.49805620445,
    11.016168760682),.PIECEWISE_BEZIER_KNOTS.);
#3687 = CARTESIAN_POINT('',(-0.298074500463,5.315663542062));
#3688 = CARTESIAN_POINT('',(-0.298168951134,5.453075019255));
#3689 = CARTESIAN_POINT('',(-0.297942697101,5.591396176377));
#3690 = CARTESIAN_POINT('',(-0.297421010677,5.730267824314));
#3691 = CARTESIAN_POINT('',(-0.296633473786,5.869229236227));
#3692 = CARTESIAN_POINT('',(-0.295607605675,6.007959989507));
#3693 = CARTESIAN_POINT('',(-0.294368764121,6.146041061279));
#3694 = CARTESIAN_POINT('',(-0.292941177143,6.28318530718));
#3695 = ( GEOMETRIC_REPRESENTATION_CONTEXT(2) 
PARAMETRIC_REPRESENTATION_CONTEXT() REPRESENTATION_CONTEXT('2D SPACE',''
  ) );
#3696 = ORIENTED_EDGE('',*,*,#3595,.F.);
#3697 = ORIENTED_EDGE('',*,*,#1663,.F.);
#3698 = ADVANCED_FACE('',(#3699,#3807),#1910,.T.);
#3699 = FACE_BOUND('',#3700,.F.);
#3700 = EDGE_LOOP('',(#3701,#3725,#3726,#3751,#3776,#3777,#3778,#3779,
    #3780));
#3701 = ORIENTED_EDGE('',*,*,#3702,.F.);
#3702 = EDGE_CURVE('',#3596,#3703,#3705,.T.);
#3703 = VERTEX_POINT('',#3704);
#3704 = CARTESIAN_POINT('',(-21.9920686754,3.,8.747040654353));
#3705 = SEAM_CURVE('',#3706,(#3711,#3718),.PCURVE_S1.);
#3706 = CIRCLE('',#3707,15.25);
#3707 = AXIS2_PLACEMENT_3D('',#3708,#3709,#3710);
#3708 = CARTESIAN_POINT('',(-9.5,3.,0.));
#3709 = DIRECTION('',(0.,-1.,0.));
#3710 = DIRECTION('',(0.996194698092,0.,-8.715574274766E-02));
#3711 = PCURVE('',#1910,#3712);
#3712 = DEFINITIONAL_REPRESENTATION('',(#3713),#3717);
#3713 = LINE('',#3714,#3715);
#3714 = CARTESIAN_POINT('',(-7.280150981149E-18,6.28318530718));
#3715 = VECTOR('',#3716,1.);
#3716 = DIRECTION('',(-1.,0.));
#3717 = ( GEOMETRIC_REPRESENTATION_CONTEXT(2) 
PARAMETRIC_REPRESENTATION_CONTEXT() REPRESENTATION_CONTEXT('2D SPACE',''
  ) );
#3718 = PCURVE('',#1910,#3719);
#3719 = DEFINITIONAL_REPRESENTATION('',(#3720),#3724);
#3720 = LINE('',#3721,#3722);
#3721 = CARTESIAN_POINT('',(-7.280150981149E-18,3.08148791102E-33));
#3722 = VECTOR('',#3723,1.);
#3723 = DIRECTION('',(-1.,0.));
#3724 = ( GEOMETRIC_REPRESENTATION_CONTEXT(2) 
PARAMETRIC_REPRESENTATION_CONTEXT() REPRESENTATION_CONTEXT('2D SPACE',''
  ) );
#3725 = ORIENTED_EDGE('',*,*,#3616,.T.);
#3726 = ORIENTED_EDGE('',*,*,#3727,.T.);
#3727 = EDGE_CURVE('',#3617,#3728,#3730,.T.);
#3728 = VERTEX_POINT('',#3729);
#3729 = CARTESIAN_POINT('',(5.412433708798,3.305854616671,3.059579793826
    ));
#3730 = SURFACE_CURVE('',#3731,(#3736,#3744),.PCURVE_S1.);
#3731 = ( BOUNDED_CURVE() B_SPLINE_CURVE(3,(#3732,#3733,#3734,#3735),
.UNSPECIFIED.,.F.,.F.) B_SPLINE_CURVE_WITH_KNOTS((4,4),(0.180637723903,
0.195206621779),.PIECEWISE_BEZIER_KNOTS.) CURVE() 
GEOMETRIC_REPRESENTATION_ITEM() RATIONAL_B_SPLINE_CURVE((1.,1.,1.,1.)) 
REPRESENTATION_ITEM('') );
#3732 = CARTESIAN_POINT('',(5.410464460302,3.291222623952,3.081702809068
    ));
#3733 = CARTESIAN_POINT('',(5.409707064498,3.296479589979,3.080984051225
    ));
#3734 = CARTESIAN_POINT('',(5.410583760456,3.301303769793,3.072615725665
    ));
#3735 = CARTESIAN_POINT('',(5.412433708798,3.305854616671,3.059579793826
    ));
#3736 = PCURVE('',#1910,#3737);
#3737 = DEFINITIONAL_REPRESENTATION('',(#3738),#3743);
#3738 = B_SPLINE_CURVE_WITH_KNOTS('',3,(#3739,#3740,#3741,#3742),
  .UNSPECIFIED.,.F.,.F.,(4,4),(0.180637723903,0.195206621779),
  .PIECEWISE_BEZIER_KNOTS.);
#3739 = CARTESIAN_POINT('',(-0.29107728627,0.167190746809));
#3740 = CARTESIAN_POINT('',(-0.291041124652,0.170237206767));
#3741 = CARTESIAN_POINT('',(-0.290491203755,0.173035163594));
#3742 = CARTESIAN_POINT('',(-0.289627925685,0.175676298355));
#3743 = ( GEOMETRIC_REPRESENTATION_CONTEXT(2) 
PARAMETRIC_REPRESENTATION_CONTEXT() REPRESENTATION_CONTEXT('2D SPACE',''
  ) );
#3744 = PCURVE('',#3549,#3745);
#3745 = DEFINITIONAL_REPRESENTATION('',(#3746),#3750);
#3746 = LINE('',#3747,#3748);
#3747 = CARTESIAN_POINT('',(0.,0.));
#3748 = VECTOR('',#3749,1.);
#3749 = DIRECTION('',(0.,1.));
#3750 = ( GEOMETRIC_REPRESENTATION_CONTEXT(2) 
PARAMETRIC_REPRESENTATION_CONTEXT() REPRESENTATION_CONTEXT('2D SPACE',''
  ) );
#3751 = ORIENTED_EDGE('',*,*,#3752,.T.);
#3752 = EDGE_CURVE('',#3728,#2625,#3753,.T.);
#3753 = SURFACE_CURVE('',#3754,(#3760,#3769),.PCURVE_S1.);
#3754 = ( BOUNDED_CURVE() B_SPLINE_CURVE(4,(#3755,#3756,#3757,#3758,
#3759),.UNSPECIFIED.,.F.,.F.) B_SPLINE_CURVE_WITH_KNOTS((5,5),(
0.195206621779,0.678135035985),.PIECEWISE_BEZIER_KNOTS.) CURVE() 
GEOMETRIC_REPRESENTATION_ITEM() RATIONAL_B_SPLINE_CURVE((1.,1.,1.,1.,1.)
) REPRESENTATION_ITEM('') );
#3755 = CARTESIAN_POINT('',(5.412433708823,3.305854616663,3.059579793712
    ));
#3756 = CARTESIAN_POINT('',(5.391530611578,3.436494447758,3.046082100579
    ));
#3757 = CARTESIAN_POINT('',(5.357467553497,3.5642428437,3.031516617598)
  );
#3758 = CARTESIAN_POINT('',(5.311046830769,3.686923544745,3.014903303909
    ));
#3759 = CARTESIAN_POINT('',(5.255852060998,3.802351744419,2.987423025383
    ));
#3760 = PCURVE('',#1910,#3761);
#3761 = DEFINITIONAL_REPRESENTATION('',(#3762),#3768);
#3762 = B_SPLINE_CURVE_WITH_KNOTS('',4,(#3763,#3764,#3765,#3766,#3767),
  .UNSPECIFIED.,.F.,.F.,(5,5),(0.195206621779,0.678135035985),
  .PIECEWISE_BEZIER_KNOTS.);
#3763 = CARTESIAN_POINT('',(-0.289627925685,0.175676298355));
#3764 = CARTESIAN_POINT('',(-0.289035331622,0.251494582629));
#3765 = CARTESIAN_POINT('',(-0.288544404265,0.326987849628));
#3766 = CARTESIAN_POINT('',(-0.28808476216,0.402072130848));
#3767 = CARTESIAN_POINT('',(-0.287023238555,0.476291639643));
#3768 = ( GEOMETRIC_REPRESENTATION_CONTEXT(2) 
PARAMETRIC_REPRESENTATION_CONTEXT() REPRESENTATION_CONTEXT('2D SPACE',''
  ) );
#3769 = PCURVE('',#2639,#3770);
#3770 = DEFINITIONAL_REPRESENTATION('',(#3771),#3775);
#3771 = LINE('',#3772,#3773);
#3772 = CARTESIAN_POINT('',(0.,0.));
#3773 = VECTOR('',#3774,1.);
#3774 = DIRECTION('',(0.,1.));
#3775 = ( GEOMETRIC_REPRESENTATION_CONTEXT(2) 
PARAMETRIC_REPRESENTATION_CONTEXT() REPRESENTATION_CONTEXT('2D SPACE',''
  ) );
#3776 = ORIENTED_EDGE('',*,*,#2661,.T.);
#3777 = ORIENTED_EDGE('',*,*,#1889,.T.);
#3778 = ORIENTED_EDGE('',*,*,#3667,.T.);
#3779 = ORIENTED_EDGE('',*,*,#3702,.T.);
#3780 = ORIENTED_EDGE('',*,*,#3781,.F.);
#3781 = EDGE_CURVE('',#3703,#3703,#3782,.T.);
#3782 = SURFACE_CURVE('',#3783,(#3788,#3795),.PCURVE_S1.);
#3783 = CIRCLE('',#3784,1.75);
#3784 = AXIS2_PLACEMENT_3D('',#3785,#3786,#3787);
#3785 = CARTESIAN_POINT('',(-20.5585525979,3.,7.743281890739));
#3786 = DIRECTION('',(-0.573576436351,0.,-0.819152044289));
#3787 = DIRECTION('',(-0.819152044289,0.,0.573576436351));
#3788 = PCURVE('',#1910,#3789);
#3789 = DEFINITIONAL_REPRESENTATION('',(#3790),#3794);
#3790 = LINE('',#3791,#3792);
#3791 = CARTESIAN_POINT('',(-2.617993877991,1.087377813798E-15));
#3792 = VECTOR('',#3793,1.);
#3793 = DIRECTION('',(-0.,1.));
#3794 = ( GEOMETRIC_REPRESENTATION_CONTEXT(2) 
PARAMETRIC_REPRESENTATION_CONTEXT() REPRESENTATION_CONTEXT('2D SPACE',''
  ) );
#3795 = PCURVE('',#3796,#3801);
#3796 = PLANE('',#3797);
#3797 = AXIS2_PLACEMENT_3D('',#3798,#3799,#3800);
#3798 = CARTESIAN_POINT('',(-20.5585525979,3.,7.743281890739));
#3799 = DIRECTION('',(-0.573576436351,0.,-0.819152044289));
#3800 = DIRECTION('',(-0.819152044289,0.,0.573576436351));
#3801 = DEFINITIONAL_REPRESENTATION('',(#3802),#3806);
#3802 = CIRCLE('',#3803,1.75);
#3803 = AXIS2_PLACEMENT_2D('',#3804,#3805);
#3804 = CARTESIAN_POINT('',(9.767429518139E-17,-1.239108604125E-16));
#3805 = DIRECTION('',(1.,0.));
#3806 = ( GEOMETRIC_REPRESENTATION_CONTEXT(2) 
PARAMETRIC_REPRESENTATION_CONTEXT() REPRESENTATION_CONTEXT('2D SPACE',''
  ) );
#3807 = FACE_BOUND('',#3808,.F.);
#3808 = EDGE_LOOP('',(#3809,#3840,#3873,#3902));
#3809 = ORIENTED_EDGE('',*,*,#3810,.F.);
#3810 = EDGE_CURVE('',#3811,#3813,#3815,.T.);
#3811 = VERTEX_POINT('',#3812);
#3812 = CARTESIAN_POINT('',(-16.98484692283,3.95,12.964135157226));
#3813 = VERTEX_POINT('',#3814);
#3814 = CARTESIAN_POINT('',(-15.51515307716,3.95,10.418550744954));
#3815 = SURFACE_CURVE('',#3816,(#3821,#3828),.PCURVE_S1.);
#3816 = CIRCLE('',#3817,1.75);
#3817 = AXIS2_PLACEMENT_3D('',#3818,#3819,#3820);
#3818 = CARTESIAN_POINT('',(-16.25,3.,11.69134295109));
#3819 = DIRECTION('',(-0.866025403784,0.,-0.5));
#3820 = DIRECTION('',(0.5,0.,-0.866025403784));
#3821 = PCURVE('',#1910,#3822);
#3822 = DEFINITIONAL_REPRESENTATION('',(#3823),#3827);
#3823 = LINE('',#3824,#3825);
#3824 = CARTESIAN_POINT('',(-2.181661564993,-3.14159265359));
#3825 = VECTOR('',#3826,1.);
#3826 = DIRECTION('',(-0.,1.));
#3827 = ( GEOMETRIC_REPRESENTATION_CONTEXT(2) 
PARAMETRIC_REPRESENTATION_CONTEXT() REPRESENTATION_CONTEXT('2D SPACE',''
  ) );
#3828 = PCURVE('',#3829,#3834);
#3829 = PLANE('',#3830);
#3830 = AXIS2_PLACEMENT_3D('',#3831,#3832,#3833);
#3831 = CARTESIAN_POINT('',(-16.25,7.95,11.69134295109));
#3832 = DIRECTION('',(-0.866025403784,0.,-0.5));
#3833 = DIRECTION('',(-0.5,0.,0.866025403784));
#3834 = DEFINITIONAL_REPRESENTATION('',(#3835),#3839);
#3835 = CIRCLE('',#3836,1.75);
#3836 = AXIS2_PLACEMENT_2D('',#3837,#3838);
#3837 = CARTESIAN_POINT('',(3.076740298214E-15,-4.95));
#3838 = DIRECTION('',(-1.,0.));
#3839 = ( GEOMETRIC_REPRESENTATION_CONTEXT(2) 
PARAMETRIC_REPRESENTATION_CONTEXT() REPRESENTATION_CONTEXT('2D SPACE',''
  ) );
#3840 = ORIENTED_EDGE('',*,*,#3841,.T.);
#3841 = EDGE_CURVE('',#3811,#3842,#3844,.T.);
#3842 = VERTEX_POINT('',#3843);
#3843 = CARTESIAN_POINT('',(3.464135157226,3.95,7.484846922835));
#3844 = SURFACE_CURVE('',#3845,(#3850,#3857),.PCURVE_S1.);
#3845 = CIRCLE('',#3846,14.96969384567);
#3846 = AXIS2_PLACEMENT_3D('',#3847,#3848,#3849);
#3847 = CARTESIAN_POINT('',(-9.5,3.95,0.));
#3848 = DIRECTION('',(-0.,1.,0.));
#3849 = DIRECTION('',(0.996194698092,0.,-8.715574274766E-02));
#3850 = PCURVE('',#1910,#3851);
#3851 = DEFINITIONAL_REPRESENTATION('',(#3852),#3856);
#3852 = LINE('',#3853,#3854);
#3853 = CARTESIAN_POINT('',(-6.28318530718,0.57383545252));
#3854 = VECTOR('',#3855,1.);
#3855 = DIRECTION('',(1.,-0.));
#3856 = ( GEOMETRIC_REPRESENTATION_CONTEXT(2) 
PARAMETRIC_REPRESENTATION_CONTEXT() REPRESENTATION_CONTEXT('2D SPACE',''
  ) );
#3857 = PCURVE('',#3858,#3863);
#3858 = PLANE('',#3859);
#3859 = AXIS2_PLACEMENT_3D('',#3860,#3861,#3862);
#3860 = CARTESIAN_POINT('',(-9.5,3.95,0.));
#3861 = DIRECTION('',(0.,-1.,0.));
#3862 = DIRECTION('',(0.866025403784,0.,0.5));
#3863 = DEFINITIONAL_REPRESENTATION('',(#3864),#3872);
#3864 = ( BOUNDED_CURVE() B_SPLINE_CURVE(2,(#3865,#3866,#3867,#3868,
#3869,#3870,#3871),.UNSPECIFIED.,.T.,.F.) B_SPLINE_CURVE_WITH_KNOTS((1,2
    ,2,2,2,1),(-2.094395102393,0.,2.094395102393,4.188790204786,
6.28318530718,8.377580409573),.UNSPECIFIED.) CURVE() 
GEOMETRIC_REPRESENTATION_ITEM() RATIONAL_B_SPLINE_CURVE((1.,0.5,1.,0.5,
1.,0.5,1.)) REPRESENTATION_ITEM('') );
#3865 = CARTESIAN_POINT('',(12.262455316061,-8.586263649266));
#3866 = CARTESIAN_POINT('',(-2.609389571649,-29.82545928222));
#3867 = CARTESIAN_POINT('',(-13.56715010188,-6.326465991847));
#3868 = CARTESIAN_POINT('',(-24.52491063212,17.172527298531));
#3869 = CARTESIAN_POINT('',(1.304694785824,14.912729641113));
#3870 = CARTESIAN_POINT('',(27.13430020377,12.652931983695));
#3871 = CARTESIAN_POINT('',(12.262455316061,-8.586263649266));
#3872 = ( GEOMETRIC_REPRESENTATION_CONTEXT(2) 
PARAMETRIC_REPRESENTATION_CONTEXT() REPRESENTATION_CONTEXT('2D SPACE',''
  ) );
#3873 = ORIENTED_EDGE('',*,*,#3874,.T.);
#3874 = EDGE_CURVE('',#3842,#3875,#3877,.T.);
#3875 = VERTEX_POINT('',#3876);
#3876 = CARTESIAN_POINT('',(0.918550744954,3.95,6.015153077165));
#3877 = SURFACE_CURVE('',#3878,(#3883,#3890),.PCURVE_S1.);
#3878 = CIRCLE('',#3879,1.75);
#3879 = AXIS2_PLACEMENT_3D('',#3880,#3881,#3882);
#3880 = CARTESIAN_POINT('',(2.19134295109,3.,6.75));
#3881 = DIRECTION('',(-0.5,0.,0.866025403784));
#3882 = DIRECTION('',(-0.866025403784,0.,-0.5));
#3883 = PCURVE('',#1910,#3884);
#3884 = DEFINITIONAL_REPRESENTATION('',(#3885),#3889);
#3885 = LINE('',#3886,#3887);
#3886 = CARTESIAN_POINT('',(-0.610865238198,-3.14159265359));
#3887 = VECTOR('',#3888,1.);
#3888 = DIRECTION('',(-0.,1.));
#3889 = ( GEOMETRIC_REPRESENTATION_CONTEXT(2) 
PARAMETRIC_REPRESENTATION_CONTEXT() REPRESENTATION_CONTEXT('2D SPACE',''
  ) );
#3890 = PCURVE('',#3891,#3896);
#3891 = PLANE('',#3892);
#3892 = AXIS2_PLACEMENT_3D('',#3893,#3894,#3895);
#3893 = CARTESIAN_POINT('',(2.19134295109,7.95,6.75));
#3894 = DIRECTION('',(-0.5,0.,0.866025403784));
#3895 = DIRECTION('',(0.866025403784,0.,0.5));
#3896 = DEFINITIONAL_REPRESENTATION('',(#3897),#3901);
#3897 = CIRCLE('',#3898,1.75);
#3898 = AXIS2_PLACEMENT_2D('',#3899,#3900);
#3899 = CARTESIAN_POINT('',(1.922962686384E-15,-4.95));
#3900 = DIRECTION('',(-1.,0.));
#3901 = ( GEOMETRIC_REPRESENTATION_CONTEXT(2) 
PARAMETRIC_REPRESENTATION_CONTEXT() REPRESENTATION_CONTEXT('2D SPACE',''
  ) );
#3902 = ORIENTED_EDGE('',*,*,#3903,.F.);
#3903 = EDGE_CURVE('',#3813,#3875,#3904,.T.);
#3904 = SURFACE_CURVE('',#3905,(#3910,#3917),.PCURVE_S1.);
#3905 = CIRCLE('',#3906,12.03030615433);
#3906 = AXIS2_PLACEMENT_3D('',#3907,#3908,#3909);
#3907 = CARTESIAN_POINT('',(-9.5,3.95,0.));
#3908 = DIRECTION('',(-0.,1.,0.));
#3909 = DIRECTION('',(0.996194698092,0.,-8.715574274766E-02));
#3910 = PCURVE('',#1910,#3911);
#3911 = DEFINITIONAL_REPRESENTATION('',(#3912),#3916);
#3912 = LINE('',#3913,#3914);
#3913 = CARTESIAN_POINT('',(-6.28318530718,2.56775720107));
#3914 = VECTOR('',#3915,1.);
#3915 = DIRECTION('',(1.,-0.));
#3916 = ( GEOMETRIC_REPRESENTATION_CONTEXT(2) 
PARAMETRIC_REPRESENTATION_CONTEXT() REPRESENTATION_CONTEXT('2D SPACE',''
  ) );
#3917 = PCURVE('',#3858,#3918);
#3918 = DEFINITIONAL_REPRESENTATION('',(#3919),#3927);
#3919 = ( BOUNDED_CURVE() B_SPLINE_CURVE(2,(#3920,#3921,#3922,#3923,
#3924,#3925,#3926),.UNSPECIFIED.,.T.,.F.) B_SPLINE_CURVE_WITH_KNOTS((1,2
    ,2,2,2,1),(-2.094395102393,0.,2.094395102393,4.188790204786,
6.28318530718,8.377580409573),.UNSPECIFIED.) CURVE() 
GEOMETRIC_REPRESENTATION_ITEM() RATIONAL_B_SPLINE_CURVE((1.,0.5,1.,0.5,
1.,0.5,1.)) REPRESENTATION_ITEM('') );
#3920 = CARTESIAN_POINT('',(9.854649879742,-6.900300132213));
#3921 = CARTESIAN_POINT('',(-2.097020536725,-23.96905441472));
#3922 = CARTESIAN_POINT('',(-10.9031601481,-5.084227075151));
#3923 = CARTESIAN_POINT('',(-19.70929975948,13.800600264425));
#3924 = CARTESIAN_POINT('',(1.048510268362,11.984527207364));
#3925 = CARTESIAN_POINT('',(21.806320296209,10.168454150303));
#3926 = CARTESIAN_POINT('',(9.854649879742,-6.900300132213));
#3927 = ( GEOMETRIC_REPRESENTATION_CONTEXT(2) 
PARAMETRIC_REPRESENTATION_CONTEXT() REPRESENTATION_CONTEXT('2D SPACE',''
  ) );
#3928 = ADVANCED_FACE('',(#3929),#2075,.F.);
#3929 = FACE_BOUND('',#3930,.F.);
#3930 = EDGE_LOOP('',(#3931,#3953,#3954,#3955));
#3931 = ORIENTED_EDGE('',*,*,#3932,.F.);
#3932 = EDGE_CURVE('',#2960,#2041,#3933,.T.);
#3933 = SURFACE_CURVE('',#3934,(#3940,#3946),.PCURVE_S1.);
#3934 = B_SPLINE_CURVE_WITH_KNOTS('',2,(#3935,#3936,#3937,#3938,#3939),
  .UNSPECIFIED.,.F.,.F.,(3,1,1,3),(-0.5508,-2.731158960101E-15,9.,9.5508
    ),.UNSPECIFIED.);
#3935 = CARTESIAN_POINT('',(3.154974774971,7.140956197008,
    -46.42217757433));
#3936 = CARTESIAN_POINT('',(3.154974774971,6.865930520684,
    -46.40782357271));
#3937 = CARTESIAN_POINT('',(3.154974774971,2.097021244298,
    -46.15892706088));
#3938 = CARTESIAN_POINT('',(3.154974774971,-2.671888032088,
    -45.91003054905));
#3939 = CARTESIAN_POINT('',(3.154974774971,-2.946913708411,
    -45.89567654742));
#3940 = PCURVE('',#2075,#3941);
#3941 = DEFINITIONAL_REPRESENTATION('',(#3942),#3945);
#3942 = B_SPLINE_CURVE_WITH_KNOTS('',1,(#3943,#3944),.UNSPECIFIED.,.F.,
  .F.,(2,2),(-2.731158960101E-15,9.),.PIECEWISE_BEZIER_KNOTS.);
#3943 = CARTESIAN_POINT('',(7.784233953185E-17,0.748245040465));
#3944 = CARTESIAN_POINT('',(1.,0.748245040465));
#3945 = ( GEOMETRIC_REPRESENTATION_CONTEXT(2) 
PARAMETRIC_REPRESENTATION_CONTEXT() REPRESENTATION_CONTEXT('2D SPACE',''
  ) );
#3946 = PCURVE('',#2273,#3947);
#3947 = DEFINITIONAL_REPRESENTATION('',(#3948),#3952);
#3948 = LINE('',#3949,#3950);
#3949 = CARTESIAN_POINT('',(0.,0.));
#3950 = VECTOR('',#3951,1.);
#3951 = DIRECTION('',(0.,1.));
#3952 = ( GEOMETRIC_REPRESENTATION_CONTEXT(2) 
PARAMETRIC_REPRESENTATION_CONTEXT() REPRESENTATION_CONTEXT('2D SPACE',''
  ) );
#3953 = ORIENTED_EDGE('',*,*,#2959,.F.);
#3954 = ORIENTED_EDGE('',*,*,#2860,.F.);
#3955 = ORIENTED_EDGE('',*,*,#2040,.T.);
#3956 = ADVANCED_FACE('',(#3957),#2273,.T.);
#3957 = FACE_BOUND('',#3958,.T.);
#3958 = EDGE_LOOP('',(#3959,#3960,#3961,#3990,#4075,#4104,#4147,#4187,
    #4230,#4252));
#3959 = ORIENTED_EDGE('',*,*,#3932,.F.);
#3960 = ORIENTED_EDGE('',*,*,#2997,.F.);
#3961 = ORIENTED_EDGE('',*,*,#3962,.F.);
#3962 = EDGE_CURVE('',#3963,#2998,#3965,.T.);
#3963 = VERTEX_POINT('',#3964);
#3964 = CARTESIAN_POINT('',(3.418004775412,6.534636857136,
    -47.47157598673));
#3965 = SURFACE_CURVE('',#3966,(#3972,#3981),.PCURVE_S1.);
#3966 = B_SPLINE_CURVE_WITH_KNOTS('',4,(#3967,#3968,#3969,#3970,#3971),
  .UNSPECIFIED.,.F.,.F.,(5,5),(0.,1.),.PIECEWISE_BEZIER_KNOTS.);
#3967 = CARTESIAN_POINT('',(3.418004775986,6.534637456314,
    -47.47157601814));
#3968 = CARTESIAN_POINT('',(3.418004775986,6.014273843495,
    -47.44441746246));
#3969 = CARTESIAN_POINT('',(3.418004775986,5.493910230675,
    -47.41725890678));
#3970 = CARTESIAN_POINT('',(3.418004775986,4.973546617856,-47.3901003511
    ));
#3971 = CARTESIAN_POINT('',(3.418004775986,4.453183005037,
    -47.36294179542));
#3972 = PCURVE('',#2273,#3973);
#3973 = DEFINITIONAL_REPRESENTATION('',(#3974),#3980);
#3974 = B_SPLINE_CURVE_WITH_KNOTS('',4,(#3975,#3976,#3977,#3978,#3979),
  .UNSPECIFIED.,.F.,.F.,(5,5),(0.,1.),.PIECEWISE_BEZIER_KNOTS.);
#3975 = CARTESIAN_POINT('',(2.107204349949,-6.000000095606E-07));
#3976 = CARTESIAN_POINT('',(2.107204349949,0.521071253675));
#3977 = CARTESIAN_POINT('',(2.107204349949,1.042143107351));
#3978 = CARTESIAN_POINT('',(2.107204349949,1.563214961026));
#3979 = CARTESIAN_POINT('',(2.107204349949,2.084286814702));
#3980 = ( GEOMETRIC_REPRESENTATION_CONTEXT(2) 
PARAMETRIC_REPRESENTATION_CONTEXT() REPRESENTATION_CONTEXT('2D SPACE',''
  ) );
#3981 = PCURVE('',#3091,#3982);
#3982 = DEFINITIONAL_REPRESENTATION('',(#3983),#3989);
#3983 = B_SPLINE_CURVE_WITH_KNOTS('',4,(#3984,#3985,#3986,#3987,#3988),
  .UNSPECIFIED.,.F.,.F.,(5,5),(0.,1.),.PIECEWISE_BEZIER_KNOTS.);
#3984 = CARTESIAN_POINT('',(5.002600488855,2.819711399218));
#3985 = CARTESIAN_POINT('',(5.135209784059,3.323626720992));
#3986 = CARTESIAN_POINT('',(5.267819079262,3.827542042766));
#3987 = CARTESIAN_POINT('',(5.400428374466,4.33145736454));
#3988 = CARTESIAN_POINT('',(5.53303766967,4.835372686313));
#3989 = ( GEOMETRIC_REPRESENTATION_CONTEXT(2) 
PARAMETRIC_REPRESENTATION_CONTEXT() REPRESENTATION_CONTEXT('2D SPACE',''
  ) );
#3990 = ORIENTED_EDGE('',*,*,#3991,.T.);
#3991 = EDGE_CURVE('',#3963,#3992,#3994,.T.);
#3992 = VERTEX_POINT('',#3993);
#3993 = CARTESIAN_POINT('',(6.148537330212,6.409602810005,
    -49.86725450727));
#3994 = SURFACE_CURVE('',#3995,(#4018,#4044),.PCURVE_S1.);
#3995 = B_SPLINE_CURVE_WITH_KNOTS('',6,(#3996,#3997,#3998,#3999,#4000,
    #4001,#4002,#4003,#4004,#4005,#4006,#4007,#4008,#4009,#4010,#4011,
    #4012,#4013,#4014,#4015,#4016,#4017),.UNSPECIFIED.,.F.,.F.,(7,5,5,5,
    7),(0.,0.248644521839,0.5,0.751355478161,1.),.UNSPECIFIED.);
#3996 = CARTESIAN_POINT('',(3.154974774971,6.59090484436,-46.39346957108
    ));
#3997 = CARTESIAN_POINT('',(3.174155089031,6.580905203188,
    -46.58506478949));
#3998 = CARTESIAN_POINT('',(3.204711142759,6.570818418921,
    -46.77832968785));
#3999 = CARTESIAN_POINT('',(3.247137660446,6.560704208235,
    -46.97212008213));
#4000 = CARTESIAN_POINT('',(3.301743786209,6.550628719327,
    -47.16516855905));
#4001 = CARTESIAN_POINT('',(3.368600409536,6.540662037706,
    -47.35613226555));
#4002 = CARTESIAN_POINT('',(3.527294043115,6.520979771709,-47.7332486028
    ));
#4003 = CARTESIAN_POINT('',(3.619398655357,6.511267716498,
    -47.91933361399));
#4004 = CARTESIAN_POINT('',(3.723634722874,6.501810697613,
    -48.10053207577));
#4005 = CARTESIAN_POINT('',(3.839543550391,6.492679946284,
    -48.27547918289));
#4006 = CARTESIAN_POINT('',(3.966404361918,6.483941372577,
    -48.44291208464));
#4007 = CARTESIAN_POINT('',(4.24014245219,6.467362706947,-48.76056278908
    ));
#4008 = CARTESIAN_POINT('',(4.387025970878,6.459522237107,
    -48.91078783271));
#4009 = CARTESIAN_POINT('',(4.542981996138,6.452187773507,
    -49.05131769086));
#4010 = CARTESIAN_POINT('',(4.706867490868,6.445406285999,-49.1812524113
    ));
#4011 = CARTESIAN_POINT('',(4.877399408651,6.439212030147,
    -49.29993565027));
#4012 = CARTESIAN_POINT('',(5.227163384884,6.428100084452,
    -49.51284285622));
#4013 = CARTESIAN_POINT('',(5.406288609063,6.42316912871,-49.60732100059
    ));
#4014 = CARTESIAN_POINT('',(5.589303731802,6.418853331329,
    -49.69001258198));
#4015 = CARTESIAN_POINT('',(5.774868523184,6.415159483092,
    -49.76078748755));
#4016 = CARTESIAN_POINT('',(5.961681946937,6.412081508733,
    -49.81976212069));
#4017 = CARTESIAN_POINT('',(6.148537330212,6.409602810005,
    -49.86725450727));
#4018 = PCURVE('',#2273,#4019);
#4019 = DEFINITIONAL_REPRESENTATION('',(#4020),#4043);
#4020 = B_SPLINE_CURVE_WITH_KNOTS('',6,(#4021,#4022,#4023,#4024,#4025,
    #4026,#4027,#4028,#4029,#4030,#4031,#4032,#4033,#4034,#4035,#4036,
    #4037,#4038,#4039,#4040,#4041,#4042),.UNSPECIFIED.,.F.,.F.,(7,5,5,5,
    7),(0.,0.248644521839,0.5,0.751355478161,1.),.UNSPECIFIED.);
#4021 = CARTESIAN_POINT('',(0.,-3.204034260129E-15));
#4022 = CARTESIAN_POINT('',(0.378122955265,-2.994120198992E-15));
#4023 = CARTESIAN_POINT('',(0.754830280945,-4.464596531598E-15));
#4024 = CARTESIAN_POINT('',(1.130215716416,-5.009780455517E-16));
#4025 = CARTESIAN_POINT('',(1.504422915121,-3.693342267409E-15));
#4026 = CARTESIAN_POINT('',(1.877627342159,-1.420092672374E-15));
#4027 = CARTESIAN_POINT('',(2.626432614614,-1.006313329797E-15));
#4028 = CARTESIAN_POINT('',(3.002030224516,-3.193723602163E-15));
#4029 = CARTESIAN_POINT('',(3.376963393602,4.114522444998E-15));
#4030 = CARTESIAN_POINT('',(3.75145236046,-2.78172682784E-15));
#4031 = CARTESIAN_POINT('',(4.125730452985,-2.093138460992E-15));
#4032 = CARTESIAN_POINT('',(4.874269547014,-1.808276577544E-15));
#4033 = CARTESIAN_POINT('',(5.24854763954,-5.492420287279E-15));
#4034 = CARTESIAN_POINT('',(5.623036606397,1.032840834253E-14));
#4035 = CARTESIAN_POINT('',(5.997969775485,-4.102027328339E-15));
#4036 = CARTESIAN_POINT('',(6.373567385385,2.164929097931E-15));
#4037 = CARTESIAN_POINT('',(7.122372657841,2.274005128443E-15));
#4038 = CARTESIAN_POINT('',(7.495577084878,-9.560580908934E-15));
#4039 = CARTESIAN_POINT('',(7.869784283585,1.079735875993E-14));
#4040 = CARTESIAN_POINT('',(8.245169719054,-5.528622296965E-15));
#4041 = CARTESIAN_POINT('',(8.621877044735,6.498497453669E-16));
#4042 = CARTESIAN_POINT('',(9.,6.262351748276E-16));
#4043 = ( GEOMETRIC_REPRESENTATION_CONTEXT(2) 
PARAMETRIC_REPRESENTATION_CONTEXT() REPRESENTATION_CONTEXT('2D SPACE',''
  ) );
#4044 = PCURVE('',#4045,#4050);
#4045 = PLANE('',#4046);
#4046 = AXIS2_PLACEMENT_3D('',#4047,#4048,#4049);
#4047 = CARTESIAN_POINT('',(-94.10250594613,7.739466200107,
    -24.38679352875));
#4048 = DIRECTION('',(0.,0.998640800014,-5.212055782352E-02));
#4049 = DIRECTION('',(0.969104813817,1.285549726914E-02,0.246314019142)
  );
#4050 = DEFINITIONAL_REPRESENTATION('',(#4051),#4074);
#4051 = B_SPLINE_CURVE_WITH_KNOTS('',6,(#4052,#4053,#4054,#4055,#4056,
    #4057,#4058,#4059,#4060,#4061,#4062,#4063,#4064,#4065,#4066,#4067,
    #4068,#4069,#4070,#4071,#4072,#4073),.UNSPECIFIED.,.F.,.F.,(7,5,5,5,
    7),(0.,0.248644521839,0.5,0.751355478161,1.),.UNSPECIFIED.);
#4052 = CARTESIAN_POINT('',(88.817374595268,45.344288613234));
#4053 = CARTESIAN_POINT('',(88.788641191299,45.534947986163));
#4054 = CARTESIAN_POINT('',(88.770519685556,45.730033474101));
#4055 = CARTESIAN_POINT('',(88.763772113988,45.928556756998));
#4056 = CARTESIAN_POINT('',(88.769011101668,46.129364157008));
#4057 = CARTESIAN_POINT('',(88.786637012463,46.331170022367));
#4058 = CARTESIAN_POINT('',(88.847285710658,46.736274364682));
#4059 = CARTESIAN_POINT('',(88.89058453345,46.939573225835));
#4060 = CARTESIAN_POINT('',(88.946846912189,47.141122277605));
#4061 = CARTESIAN_POINT('',(89.01596540946,47.339483943605));
#4062 = CARTESIAN_POINT('',(89.097553422918,47.533254944588));
#4063 = CARTESIAN_POINT('',(89.284379375241,47.909028051378));
#4064 = CARTESIAN_POINT('',(89.389621572862,48.091038723049));
#4065 = CARTESIAN_POINT('',(89.506050545339,48.26587868293));
#4066 = CARTESIAN_POINT('',(89.632780844584,48.43239266668));
#4067 = CARTESIAN_POINT('',(89.768731171183,48.589627280231));
#4068 = CARTESIAN_POINT('',(90.055104245059,48.882506530629));
#4069 = CARTESIAN_POINT('',(90.20536068074,49.018371476665));
#4070 = CARTESIAN_POINT('',(90.362297939704,49.143757901927));
#4071 = CARTESIAN_POINT('',(90.524649334606,49.258208975085));
#4072 = CARTESIAN_POINT('',(90.691125275043,49.361516757127));
#4073 = CARTESIAN_POINT('',(90.860477820941,49.453692242951));
#4074 = ( GEOMETRIC_REPRESENTATION_CONTEXT(2) 
PARAMETRIC_REPRESENTATION_CONTEXT() REPRESENTATION_CONTEXT('2D SPACE',''
  ) );
#4075 = ORIENTED_EDGE('',*,*,#4076,.T.);
#4076 = EDGE_CURVE('',#3992,#4077,#4079,.T.);
#4077 = VERTEX_POINT('',#4078);
#4078 = CARTESIAN_POINT('',(6.148537330212,5.31109792999,-49.80992189366
    ));
#4079 = SURFACE_CURVE('',#4080,(#4086,#4093),.PCURVE_S1.);
#4080 = B_SPLINE_CURVE_WITH_KNOTS('',2,(#4081,#4082,#4083,#4084,#4085),
  .UNSPECIFIED.,.F.,.F.,(3,1,1,3),(-0.5508,-2.731158960101E-15,9.,9.5508
    ),.UNSPECIFIED.);
#4081 = CARTESIAN_POINT('',(6.148537330212,6.959654162652,
    -49.89596251052));
#4082 = CARTESIAN_POINT('',(6.148537330212,6.684628486328,
    -49.88160850889));
#4083 = CARTESIAN_POINT('',(6.148537330212,1.915719209943,
    -49.63271199706));
#4084 = CARTESIAN_POINT('',(6.148537330212,-2.853190066443,
    -49.38381548523));
#4085 = CARTESIAN_POINT('',(6.148537330212,-3.128215742767,
    -49.36946148361));
#4086 = PCURVE('',#2273,#4087);
#4087 = DEFINITIONAL_REPRESENTATION('',(#4088),#4092);
#4088 = LINE('',#4089,#4090);
#4089 = CARTESIAN_POINT('',(9.,0.));
#4090 = VECTOR('',#4091,1.);
#4091 = DIRECTION('',(0.,1.));
#4092 = ( GEOMETRIC_REPRESENTATION_CONTEXT(2) 
PARAMETRIC_REPRESENTATION_CONTEXT() REPRESENTATION_CONTEXT('2D SPACE',''
  ) );
#4093 = PCURVE('',#4094,#4099);
#4094 = PLANE('',#4095);
#4095 = AXIS2_PLACEMENT_3D('',#4096,#4097,#4098);
#4096 = CARTESIAN_POINT('',(3.391866848361,6.446170959648,
    -49.16660110409));
#4097 = DIRECTION('',(-0.246649264819,-5.051028348562E-02,
    -0.967787606568));
#4098 = DIRECTION('',(0.72032993521,-0.677610890636,-0.14821695359));
#4099 = DEFINITIONAL_REPRESENTATION('',(#4100),#4103);
#4100 = B_SPLINE_CURVE_WITH_KNOTS('',1,(#4101,#4102),.UNSPECIFIED.,.F.,
  .F.,(2,2),(-2.731158960101E-15,9.),.PIECEWISE_BEZIER_KNOTS.);
#4101 = CARTESIAN_POINT('',(2.114339958978,-1.90290596308));
#4102 = CARTESIAN_POINT('',(8.13502254358,4.786741353145));
#4103 = ( GEOMETRIC_REPRESENTATION_CONTEXT(2) 
PARAMETRIC_REPRESENTATION_CONTEXT() REPRESENTATION_CONTEXT('2D SPACE',''
  ) );
#4104 = ORIENTED_EDGE('',*,*,#4105,.F.);
#4105 = EDGE_CURVE('',#4106,#4077,#4108,.T.);
#4106 = VERTEX_POINT('',#4107);
#4107 = CARTESIAN_POINT('',(4.901237176818,5.340198503634,
    -49.25234881006));
#4108 = SURFACE_CURVE('',#4109,(#4118,#4130),.PCURVE_S1.);
#4109 = B_SPLINE_CURVE_WITH_KNOTS('',4,(#4110,#4111,#4112,#4113,#4114,
    #4115,#4116,#4117),.UNSPECIFIED.,.F.,.F.,(5,3,5),(0.,0.502299227888,
    1.),.UNSPECIFIED.);
#4110 = CARTESIAN_POINT('',(4.901237176818,5.340198503634,
    -49.25234881006));
#4111 = CARTESIAN_POINT('',(5.048067260726,5.33504620522,-49.35106792636
    ));
#4112 = CARTESIAN_POINT('',(5.199649964513,5.330383446054,
    -49.44040736819));
#4113 = CARTESIAN_POINT('',(5.354869392774,5.326227152576,
    -49.52004282142));
#4114 = CARTESIAN_POINT('',(5.668925985286,5.318963033676,
    -49.65922486037));
#4115 = CARTESIAN_POINT('',(5.827719870522,5.315846048622,
    -49.71894694658));
#4116 = CARTESIAN_POINT('',(5.987926772563,5.313228492202,
    -49.76909987562));
#4117 = CARTESIAN_POINT('',(6.148537330212,5.31109792999,-49.80992189366
    ));
#4118 = PCURVE('',#2273,#4119);
#4119 = DEFINITIONAL_REPRESENTATION('',(#4120),#4129);
#4120 = B_SPLINE_CURVE_WITH_KNOTS('',4,(#4121,#4122,#4123,#4124,#4125,
    #4126,#4127,#4128),.UNSPECIFIED.,.F.,.F.,(5,3,5),(0.,0.502299227888,
    1.),.UNSPECIFIED.);
#4121 = CARTESIAN_POINT('',(6.421064422507,1.1));
#4122 = CARTESIAN_POINT('',(6.742513631594,1.1));
#4123 = CARTESIAN_POINT('',(7.064146873306,1.1));
#4124 = CARTESIAN_POINT('',(7.386445553858,1.1));
#4125 = CARTESIAN_POINT('',(8.030325849379,1.1));
#4126 = CARTESIAN_POINT('',(8.351884546043,1.1));
#4127 = CARTESIAN_POINT('',(8.674985794837,1.1));
#4128 = CARTESIAN_POINT('',(9.,1.1));
#4129 = ( GEOMETRIC_REPRESENTATION_CONTEXT(2) 
PARAMETRIC_REPRESENTATION_CONTEXT() REPRESENTATION_CONTEXT('2D SPACE',''
  ) );
#4130 = PCURVE('',#4131,#4136);
#4131 = B_SPLINE_SURFACE_WITH_KNOTS('',1,1,(
    (#4132,#4133)
    ,(#4134,#4135
    )),.UNSPECIFIED.,.F.,.F.,.F.,(2,2),(2,2),(-3.5,3.5),(0.,1.),
  .PIECEWISE_BEZIER_KNOTS.);
#4132 = CARTESIAN_POINT('',(12.058293216798,5.329384453253,
    -49.45954827942));
#4133 = CARTESIAN_POINT('',(11.629257765809,5.238394352845,
    -51.20293765319));
#4134 = CARTESIAN_POINT('',(5.247032671533,5.41353502329,-47.84720573949
    ));
#4135 = CARTESIAN_POINT('',(4.845524069087,5.328382833729,-49.4787395192
    ));
#4136 = DEFINITIONAL_REPRESENTATION('',(#4137),#4146);
#4137 = B_SPLINE_CURVE_WITH_KNOTS('',4,(#4138,#4139,#4140,#4141,#4142,
    #4143,#4144,#4145),.UNSPECIFIED.,.F.,.F.,(5,3,5),(0.,0.502299227888,
    1.),.UNSPECIFIED.);
#4138 = CARTESIAN_POINT('',(3.5,0.86124056274));
#4139 = CARTESIAN_POINT('',(3.333815026746,0.896884328046));
#4140 = CARTESIAN_POINT('',(3.165256254758,0.926268880218));
#4141 = CARTESIAN_POINT('',(2.995484879025,0.949426917266));
#4142 = CARTESIAN_POINT('',(2.65722984369,0.98355319983));
#4143 = CARTESIAN_POINT('',(2.48874627132,0.994629064318));
#4144 = CARTESIAN_POINT('',(2.321177396128,0.999999849235));
#4145 = CARTESIAN_POINT('',(2.155446508489,1.));
#4146 = ( GEOMETRIC_REPRESENTATION_CONTEXT(2) 
PARAMETRIC_REPRESENTATION_CONTEXT() REPRESENTATION_CONTEXT('2D SPACE',''
  ) );
#4147 = ORIENTED_EDGE('',*,*,#4148,.T.);
#4148 = EDGE_CURVE('',#4106,#4149,#4151,.T.);
#4149 = VERTEX_POINT('',#4150);
#4150 = CARTESIAN_POINT('',(4.901237176818,4.441421783621,
    -49.20544030802));
#4151 = SURFACE_CURVE('',#4152,(#4160,#4171),.PCURVE_S1.);
#4152 = B_SPLINE_CURVE_WITH_KNOTS('',6,(#4153,#4154,#4155,#4156,#4157,
    #4158,#4159),.UNSPECIFIED.,.F.,.F.,(7,7),(0.,1.),
  .PIECEWISE_BEZIER_KNOTS.);
#4153 = CARTESIAN_POINT('',(4.901237176818,5.340198503634,
    -49.25234881006));
#4154 = CARTESIAN_POINT('',(4.901237176818,5.303200462409,
    -49.25041782692));
#4155 = CARTESIAN_POINT('',(4.901237176818,5.178997489545,
    -49.24393548789));
#4156 = CARTESIAN_POINT('',(4.901237176818,4.973028369405,
    -49.23318565128));
#4157 = CARTESIAN_POINT('',(4.901237176818,4.71161580036,-49.2195421381)
  );
#4158 = CARTESIAN_POINT('',(4.901237176818,4.476003574131,
    -49.20724518341));
#4159 = CARTESIAN_POINT('',(4.901237176818,4.441421783621,
    -49.20544030802));
#4160 = PCURVE('',#2273,#4161);
#4161 = DEFINITIONAL_REPRESENTATION('',(#4162),#4170);
#4162 = B_SPLINE_CURVE_WITH_KNOTS('',6,(#4163,#4164,#4165,#4166,#4167,
    #4168,#4169),.UNSPECIFIED.,.F.,.F.,(7,7),(0.,1.),
  .PIECEWISE_BEZIER_KNOTS.);
#4163 = CARTESIAN_POINT('',(6.421064422507,1.1));
#4164 = CARTESIAN_POINT('',(6.421064422507,1.137048397406));
#4165 = CARTESIAN_POINT('',(6.421064422507,1.261420416717));
#4166 = CARTESIAN_POINT('',(6.421064422507,1.467669871113));
#4167 = CARTESIAN_POINT('',(6.421064422507,1.729438235715));
#4168 = CARTESIAN_POINT('',(6.421064422507,1.965371141947));
#4169 = CARTESIAN_POINT('',(6.421064422507,2.));
#4170 = ( GEOMETRIC_REPRESENTATION_CONTEXT(2) 
PARAMETRIC_REPRESENTATION_CONTEXT() REPRESENTATION_CONTEXT('2D SPACE',''
  ) );
#4171 = PCURVE('',#4172,#4177);
#4172 = PLANE('',#4173);
#4173 = AXIS2_PLACEMENT_3D('',#4174,#4175,#4176);
#4174 = CARTESIAN_POINT('',(4.845524069087,4.878994473723,
    -49.45528526818));
#4175 = DIRECTION('',(0.971103974642,-1.243892578989E-02,-0.238332422385
    ));
#4176 = DIRECTION('',(0.,-0.998640800014,5.212055782352E-02));
#4177 = DEFINITIONAL_REPRESENTATION('',(#4178),#4186);
#4178 = B_SPLINE_CURVE_WITH_KNOTS('',6,(#4179,#4180,#4181,#4182,#4183,
    #4184,#4185),.UNSPECIFIED.,.F.,.F.,(7,7),(0.,1.),
  .PIECEWISE_BEZIER_KNOTS.);
#4179 = CARTESIAN_POINT('',(-0.45,-0.233444455096));
#4180 = CARTESIAN_POINT('',(-0.412951602594,-0.233444455096));
#4181 = CARTESIAN_POINT('',(-0.288579583283,-0.233444455096));
#4182 = CARTESIAN_POINT('',(-8.233012888722E-02,-0.233444455096));
#4183 = CARTESIAN_POINT('',(0.179438235715,-0.233444455096));
#4184 = CARTESIAN_POINT('',(0.415371141947,-0.233444455096));
#4185 = CARTESIAN_POINT('',(0.45,-0.233444455096));
#4186 = ( GEOMETRIC_REPRESENTATION_CONTEXT(2) 
PARAMETRIC_REPRESENTATION_CONTEXT() REPRESENTATION_CONTEXT('2D SPACE',''
  ) );
#4187 = ORIENTED_EDGE('',*,*,#4188,.F.);
#4188 = EDGE_CURVE('',#4189,#4149,#4191,.T.);
#4189 = VERTEX_POINT('',#4190);
#4190 = CARTESIAN_POINT('',(6.148537330212,4.412321209977,
    -49.76301339162));
#4191 = SURFACE_CURVE('',#4192,(#4201,#4213),.PCURVE_S1.);
#4192 = B_SPLINE_CURVE_WITH_KNOTS('',4,(#4193,#4194,#4195,#4196,#4197,
    #4198,#4199,#4200),.UNSPECIFIED.,.F.,.F.,(5,3,5),(0.,0.497666510368,
    1.),.UNSPECIFIED.);
#4193 = CARTESIAN_POINT('',(6.148537330212,4.412321209977,
    -49.76301339162));
#4194 = CARTESIAN_POINT('',(5.987937828971,4.414451625519,
    -49.72219418381));
#4195 = CARTESIAN_POINT('',(5.827741928083,4.41706896823,-49.6720453495)
  );
#4196 = CARTESIAN_POINT('',(5.668958779431,4.420185669943,
    -49.61232869215));
#4197 = CARTESIAN_POINT('',(5.354901155262,4.427449582062,
    -49.47315061516));
#4198 = CARTESIAN_POINT('',(5.199670643629,4.431606089953,
    -49.39351105374));
#4199 = CARTESIAN_POINT('',(5.048077275974,4.436269133768,
    -49.30416615798));
#4200 = CARTESIAN_POINT('',(4.901237176818,4.441421783621,
    -49.20544030802));
#4201 = PCURVE('',#2273,#4202);
#4202 = DEFINITIONAL_REPRESENTATION('',(#4203),#4212);
#4203 = B_SPLINE_CURVE_WITH_KNOTS('',4,(#4204,#4205,#4206,#4207,#4208,
    #4209,#4210,#4211),.UNSPECIFIED.,.F.,.F.,(5,3,5),(0.,0.497666510368,
    1.),.UNSPECIFIED.);
#4204 = CARTESIAN_POINT('',(9.,2.));
#4205 = CARTESIAN_POINT('',(8.675008168943,2.));
#4206 = CARTESIAN_POINT('',(8.35192903075,2.));
#4207 = CARTESIAN_POINT('',(8.030392258158,2.));
#4208 = CARTESIAN_POINT('',(7.386511506083,2.));
#4209 = CARTESIAN_POINT('',(7.06419075049,2.));
#4210 = CARTESIAN_POINT('',(6.742535557692,2.));
#4211 = CARTESIAN_POINT('',(6.421064422507,2.));
#4212 = ( GEOMETRIC_REPRESENTATION_CONTEXT(2) 
PARAMETRIC_REPRESENTATION_CONTEXT() REPRESENTATION_CONTEXT('2D SPACE',''
  ) );
#4213 = PCURVE('',#4214,#4219);
#4214 = B_SPLINE_SURFACE_WITH_KNOTS('',1,1,(
    (#4215,#4216)
    ,(#4217,#4218
    )),.UNSPECIFIED.,.F.,.F.,.F.,(2,2),(2,2),(-3.5,3.5),(0.,1.),
  .PIECEWISE_BEZIER_KNOTS.);
#4215 = CARTESIAN_POINT('',(5.247032671533,4.514758303278,
    -47.80029723745));
#4216 = CARTESIAN_POINT('',(4.845524069087,4.429606113716,
    -49.43183101716));
#4217 = CARTESIAN_POINT('',(12.058293216798,4.43060773324,
    -49.41263977738));
#4218 = CARTESIAN_POINT('',(11.629257765809,4.339617632832,
    -51.15602915115));
#4219 = DEFINITIONAL_REPRESENTATION('',(#4220),#4229);
#4220 = B_SPLINE_CURVE_WITH_KNOTS('',4,(#4221,#4222,#4223,#4224,#4225,
    #4226,#4227,#4228),.UNSPECIFIED.,.F.,.F.,(5,3,5),(0.,0.497666510368,
    1.),.UNSPECIFIED.);
#4221 = CARTESIAN_POINT('',(-2.155446508576,1.));
#4222 = CARTESIAN_POINT('',(-2.32116598706,0.999999849288));
#4223 = CARTESIAN_POINT('',(-2.488723200341,0.994629803639));
#4224 = CARTESIAN_POINT('',(-2.657195048372,0.983555487254));
#4225 = CARTESIAN_POINT('',(-2.995450138774,0.949431656131));
#4226 = CARTESIAN_POINT('',(-3.165233259796,0.926272888739));
#4227 = CARTESIAN_POINT('',(-3.333803691294,0.896886759338));
#4228 = CARTESIAN_POINT('',(-3.5,0.86124056274));
#4229 = ( GEOMETRIC_REPRESENTATION_CONTEXT(2) 
PARAMETRIC_REPRESENTATION_CONTEXT() REPRESENTATION_CONTEXT('2D SPACE',''
  ) );
#4230 = ORIENTED_EDGE('',*,*,#4231,.T.);
#4231 = EDGE_CURVE('',#4189,#2233,#4232,.T.);
#4232 = SURFACE_CURVE('',#4233,(#4239,#4246),.PCURVE_S1.);
#4233 = B_SPLINE_CURVE_WITH_KNOTS('',2,(#4234,#4235,#4236,#4237,#4238),
  .UNSPECIFIED.,.F.,.F.,(3,1,1,3),(-0.5508,-2.731158960101E-15,9.,9.5508
    ),.UNSPECIFIED.);
#4234 = CARTESIAN_POINT('',(6.148537330212,6.959654162652,
    -49.89596251052));
#4235 = CARTESIAN_POINT('',(6.148537330212,6.684628486328,
    -49.88160850889));
#4236 = CARTESIAN_POINT('',(6.148537330212,1.915719209943,
    -49.63271199706));
#4237 = CARTESIAN_POINT('',(6.148537330212,-2.853190066443,
    -49.38381548523));
#4238 = CARTESIAN_POINT('',(6.148537330212,-3.128215742767,
    -49.36946148361));
#4239 = PCURVE('',#2273,#4240);
#4240 = DEFINITIONAL_REPRESENTATION('',(#4241),#4245);
#4241 = LINE('',#4242,#4243);
#4242 = CARTESIAN_POINT('',(9.,0.));
#4243 = VECTOR('',#4244,1.);
#4244 = DIRECTION('',(0.,1.));
#4245 = ( GEOMETRIC_REPRESENTATION_CONTEXT(2) 
PARAMETRIC_REPRESENTATION_CONTEXT() REPRESENTATION_CONTEXT('2D SPACE',''
  ) );
#4246 = PCURVE('',#2451,#4247);
#4247 = DEFINITIONAL_REPRESENTATION('',(#4248),#4251);
#4248 = B_SPLINE_CURVE_WITH_KNOTS('',1,(#4249,#4250),.UNSPECIFIED.,.F.,
  .F.,(2,2),(-2.731158960101E-15,9.),.PIECEWISE_BEZIER_KNOTS.);
#4249 = CARTESIAN_POINT('',(2.114339958978,-1.90290596308));
#4250 = CARTESIAN_POINT('',(8.13502254358,4.786741353145));
#4251 = ( GEOMETRIC_REPRESENTATION_CONTEXT(2) 
PARAMETRIC_REPRESENTATION_CONTEXT() REPRESENTATION_CONTEXT('2D SPACE',''
  ) );
#4252 = ORIENTED_EDGE('',*,*,#2232,.F.);
#4253 = ADVANCED_FACE('',(#4254),#2396,.F.);
#4254 = FACE_BOUND('',#4255,.F.);
#4255 = EDGE_LOOP('',(#4256,#4278,#4279,#4280));
#4256 = ORIENTED_EDGE('',*,*,#4257,.F.);
#4257 = EDGE_CURVE('',#2345,#3201,#4258,.T.);
#4258 = SURFACE_CURVE('',#4259,(#4265,#4271),.PCURVE_S1.);
#4259 = B_SPLINE_CURVE_WITH_KNOTS('',2,(#4260,#4261,#4262,#4263,#4264),
  .UNSPECIFIED.,.F.,.F.,(3,1,1,3),(-0.5508,1.454180830877E-14,9.,9.5508)
  ,.UNSPECIFIED.);
#4260 = CARTESIAN_POINT('',(14.630605794485,-3.081718886235,
    -48.47857197773));
#4261 = CARTESIAN_POINT('',(14.630605794485,-2.806693209911,
    -48.49292597936));
#4262 = CARTESIAN_POINT('',(14.630605794485,1.962216066475,
    -48.74182249119));
#4263 = CARTESIAN_POINT('',(14.630605794485,6.731125342861,
    -48.99071900302));
#4264 = CARTESIAN_POINT('',(14.630605794485,7.006151019184,
    -49.00507300464));
#4265 = PCURVE('',#2396,#4266);
#4266 = DEFINITIONAL_REPRESENTATION('',(#4267),#4270);
#4267 = B_SPLINE_CURVE_WITH_KNOTS('',1,(#4268,#4269),.UNSPECIFIED.,.F.,
  .F.,(2,2),(1.454180830877E-14,9.),.PIECEWISE_BEZIER_KNOTS.);
#4268 = CARTESIAN_POINT('',(2.,0.747099527784));
#4269 = CARTESIAN_POINT('',(3.,0.747099527784));
#4270 = ( GEOMETRIC_REPRESENTATION_CONTEXT(2) 
PARAMETRIC_REPRESENTATION_CONTEXT() REPRESENTATION_CONTEXT('2D SPACE',''
  ) );
#4271 = PCURVE('',#2546,#4272);
#4272 = DEFINITIONAL_REPRESENTATION('',(#4273),#4277);
#4273 = LINE('',#4274,#4275);
#4274 = CARTESIAN_POINT('',(9.,0.));
#4275 = VECTOR('',#4276,1.);
#4276 = DIRECTION('',(0.,1.));
#4277 = ( GEOMETRIC_REPRESENTATION_CONTEXT(2) 
PARAMETRIC_REPRESENTATION_CONTEXT() REPRESENTATION_CONTEXT('2D SPACE',''
  ) );
#4278 = ORIENTED_EDGE('',*,*,#2365,.T.);
#4279 = ORIENTED_EDGE('',*,*,#3508,.T.);
#4280 = ORIENTED_EDGE('',*,*,#3280,.T.);
#4281 = ADVANCED_FACE('',(#4282),#2451,.T.);
#4282 = FACE_BOUND('',#4283,.T.);
#4283 = EDGE_LOOP('',(#4284,#4285,#4308,#4330));
#4284 = ORIENTED_EDGE('',*,*,#4231,.F.);
#4285 = ORIENTED_EDGE('',*,*,#4286,.T.);
#4286 = EDGE_CURVE('',#4189,#4287,#4289,.T.);
#4287 = VERTEX_POINT('',#4288);
#4288 = CARTESIAN_POINT('',(10.159129020659,4.359119378979,
    -50.78237161204));
#4289 = SURFACE_CURVE('',#4290,(#4294,#4301),.PCURVE_S1.);
#4290 = LINE('',#4291,#4292);
#4291 = CARTESIAN_POINT('',(8.237390917448,4.384611873274,
    -50.29393008416));
#4292 = VECTOR('',#4293,1.);
#4293 = DIRECTION('',(0.969104813817,-1.285549726914E-02,-0.246314019142
    ));
#4294 = PCURVE('',#2451,#4295);
#4295 = DEFINITIONAL_REPRESENTATION('',(#4296),#4300);
#4296 = LINE('',#4297,#4298);
#4297 = CARTESIAN_POINT('',(5.054400194481,-1.858235365618));
#4298 = VECTOR('',#4299,1.);
#4299 = DIRECTION('',(0.743294146247,-0.668964731622));
#4300 = ( GEOMETRIC_REPRESENTATION_CONTEXT(2) 
PARAMETRIC_REPRESENTATION_CONTEXT() REPRESENTATION_CONTEXT('2D SPACE',''
  ) );
#4301 = PCURVE('',#4214,#4302);
#4302 = DEFINITIONAL_REPRESENTATION('',(#4303),#4307);
#4303 = LINE('',#4304,#4305);
#4304 = CARTESIAN_POINT('',(0.,1.));
#4305 = VECTOR('',#4306,1.);
#4306 = DIRECTION('',(1.,0.));
#4307 = ( GEOMETRIC_REPRESENTATION_CONTEXT(2) 
PARAMETRIC_REPRESENTATION_CONTEXT() REPRESENTATION_CONTEXT('2D SPACE',''
  ) );
#4308 = ORIENTED_EDGE('',*,*,#4309,.F.);
#4309 = EDGE_CURVE('',#2429,#4287,#4310,.T.);
#4310 = SURFACE_CURVE('',#4311,(#4317,#4323),.PCURVE_S1.);
#4311 = B_SPLINE_CURVE_WITH_KNOTS('',2,(#4312,#4313,#4314,#4315,#4316),
  .UNSPECIFIED.,.F.,.F.,(3,1,1,3),(-0.5508,1.454180830877E-14,9.,9.5508)
  ,.UNSPECIFIED.);
#4312 = CARTESIAN_POINT('',(10.159129020659,-3.181417573765,
    -50.38881970403));
#4313 = CARTESIAN_POINT('',(10.159129020659,-2.906391897441,
    -50.40317370565));
#4314 = CARTESIAN_POINT('',(10.159129020659,1.862517378945,
    -50.65207021748));
#4315 = CARTESIAN_POINT('',(10.159129020659,6.63142665533,
    -50.90096672931));
#4316 = CARTESIAN_POINT('',(10.159129020659,6.906452331654,
    -50.91532073094));
#4317 = PCURVE('',#2451,#4318);
#4318 = DEFINITIONAL_REPRESENTATION('',(#4319),#4322);
#4319 = B_SPLINE_CURVE_WITH_KNOTS('',1,(#4320,#4321),.UNSPECIFIED.,.F.,
  .F.,(2,2),(1.454180830877E-14,9.),.PIECEWISE_BEZIER_KNOTS.);
#4320 = CARTESIAN_POINT('',(11.211108106249,2.018264346742));
#4321 = CARTESIAN_POINT('',(5.190425521647,-4.671382969482));
#4322 = ( GEOMETRIC_REPRESENTATION_CONTEXT(2) 
PARAMETRIC_REPRESENTATION_CONTEXT() REPRESENTATION_CONTEXT('2D SPACE',''
  ) );
#4323 = PCURVE('',#2546,#4324);
#4324 = DEFINITIONAL_REPRESENTATION('',(#4325),#4329);
#4325 = LINE('',#4326,#4327);
#4326 = CARTESIAN_POINT('',(0.,0.));
#4327 = VECTOR('',#4328,1.);
#4328 = DIRECTION('',(0.,1.));
#4329 = ( GEOMETRIC_REPRESENTATION_CONTEXT(2) 
PARAMETRIC_REPRESENTATION_CONTEXT() REPRESENTATION_CONTEXT('2D SPACE',''
  ) );
#4330 = ORIENTED_EDGE('',*,*,#2428,.F.);
#4331 = ADVANCED_FACE('',(#4332),#2546,.F.);
#4332 = FACE_BOUND('',#4333,.F.);
#4333 = EDGE_LOOP('',(#4334,#4335,#4336,#4337,#4338,#4367,#4447,#4471,
    #4509,#4546));
#4334 = ORIENTED_EDGE('',*,*,#4309,.F.);
#4335 = ORIENTED_EDGE('',*,*,#2494,.T.);
#4336 = ORIENTED_EDGE('',*,*,#4257,.T.);
#4337 = ORIENTED_EDGE('',*,*,#3200,.T.);
#4338 = ORIENTED_EDGE('',*,*,#4339,.T.);
#4339 = EDGE_CURVE('',#3181,#4340,#4342,.T.);
#4340 = VERTEX_POINT('',#4341);
#4341 = CARTESIAN_POINT('',(13.86537611801,6.40556350162,-49.9446485016)
  );
#4342 = SURFACE_CURVE('',#4343,(#4349,#4358),.PCURVE_S1.);
#4343 = B_SPLINE_CURVE_WITH_KNOTS('',4,(#4344,#4345,#4346,#4347,#4348),
  .UNSPECIFIED.,.F.,.F.,(5,5),(0.,1.),.PIECEWISE_BEZIER_KNOTS.);
#4344 = CARTESIAN_POINT('',(13.86537611878,1.502458709745,
    -49.68874812517));
#4345 = CARTESIAN_POINT('',(13.86537611878,2.728235057507,
    -49.75272322714));
#4346 = CARTESIAN_POINT('',(13.86537611878,3.95401140527,-49.81669832911
    ));
#4347 = CARTESIAN_POINT('',(13.86537611878,5.179787753033,
    -49.88067343108));
#4348 = CARTESIAN_POINT('',(13.86537611878,6.405564100795,
    -49.94464853305));
#4349 = PCURVE('',#2546,#4350);
#4350 = DEFINITIONAL_REPRESENTATION('',(#4351),#4357);
#4351 = B_SPLINE_CURVE_WITH_KNOTS('',4,(#4352,#4353,#4354,#4355,#4356),
  .UNSPECIFIED.,.F.,.F.,(5,5),(0.,1.),.PIECEWISE_BEZIER_KNOTS.);
#4352 = CARTESIAN_POINT('',(6.802835751126,4.090221837724));
#4353 = CARTESIAN_POINT('',(6.802835751126,5.317666528293));
#4354 = CARTESIAN_POINT('',(6.802835751126,6.545111218862));
#4355 = CARTESIAN_POINT('',(6.802835751126,7.772555909431));
#4356 = CARTESIAN_POINT('',(6.802835751126,9.0000006));
#4357 = ( GEOMETRIC_REPRESENTATION_CONTEXT(2) 
PARAMETRIC_REPRESENTATION_CONTEXT() REPRESENTATION_CONTEXT('2D SPACE',''
  ) );
#4358 = PCURVE('',#3091,#4359);
#4359 = DEFINITIONAL_REPRESENTATION('',(#4360),#4366);
#4360 = B_SPLINE_CURVE_WITH_KNOTS('',4,(#4361,#4362,#4363,#4364,#4365),
  .UNSPECIFIED.,.F.,.F.,(5,5),(0.,1.),.PIECEWISE_BEZIER_KNOTS.);
#4361 = CARTESIAN_POINT('',(16.635457087282,4.835372686313));
#4362 = CARTESIAN_POINT('',(16.323080638296,3.648342180166));
#4363 = CARTESIAN_POINT('',(16.01070418931,2.461311674018));
#4364 = CARTESIAN_POINT('',(15.698327740324,1.274281167871));
#4365 = CARTESIAN_POINT('',(15.385951291338,8.725066172295E-02));
#4366 = ( GEOMETRIC_REPRESENTATION_CONTEXT(2) 
PARAMETRIC_REPRESENTATION_CONTEXT() REPRESENTATION_CONTEXT('2D SPACE',''
  ) );
#4367 = ORIENTED_EDGE('',*,*,#4368,.F.);
#4368 = EDGE_CURVE('',#4369,#4340,#4371,.T.);
#4369 = VERTEX_POINT('',#4370);
#4370 = CARTESIAN_POINT('',(10.159129020659,6.356400979007,
    -50.88661272769));
#4371 = SURFACE_CURVE('',#4372,(#4395,#4421),.PCURVE_S1.);
#4372 = B_SPLINE_CURVE_WITH_KNOTS('',6,(#4373,#4374,#4375,#4376,#4377,
    #4378,#4379,#4380,#4381,#4382,#4383,#4384,#4385,#4386,#4387,#4388,
    #4389,#4390,#4391,#4392,#4393,#4394),.UNSPECIFIED.,.F.,.F.,(7,5,5,5,
    7),(0.,0.248278572121,0.50000221832,0.845628446973,1.),
  .UNSPECIFIED.);
#4373 = CARTESIAN_POINT('',(10.159129020659,6.356400979007,
    -50.88661272769));
#4374 = CARTESIAN_POINT('',(10.357570604162,6.353768585484,
    -50.93704993871));
#4375 = CARTESIAN_POINT('',(10.562317778275,6.351729071296,
    -50.97612745755));
#4376 = CARTESIAN_POINT('',(10.772299018103,6.350337593999,
    -51.00278845388));
#4377 = CARTESIAN_POINT('',(10.986210759049,6.349640847975,
    -51.01613825356));
#4378 = CARTESIAN_POINT('',(11.202551210057,6.349672452309,
    -51.01553270792));
#4379 = CARTESIAN_POINT('',(11.639867749855,6.351237328272,
    -50.98554935685));
#4380 = CARTESIAN_POINT('',(11.86087889202,6.352791475823,
    -50.95577156439));
#4381 = CARTESIAN_POINT('',(12.081045347611,6.3551299044,-50.91096678327
    ));
#4382 = CARTESIAN_POINT('',(12.298597743394,6.35825318092,
    -50.85112415125));
#4383 = CARTESIAN_POINT('',(12.511783907004,6.362142859376,
    -50.77659709767));
#4384 = CARTESIAN_POINT('',(13.00344760757,6.373105283678,
    -50.56655475291));
#4385 = CARTESIAN_POINT('',(13.276658032851,6.380825117478,
    -50.41864112106));
#4386 = CARTESIAN_POINT('',(13.534337844291,6.389827523082,
    -50.24615314492));
#4387 = CARTESIAN_POINT('',(13.772858732714,6.399957269367,
    -50.05206508531));
#4388 = CARTESIAN_POINT('',(13.989627270203,6.411016366418,
    -49.84017047044));
#4389 = CARTESIAN_POINT('',(14.269624846351,6.428047890494,
    -49.51384290338));
#4390 = CARTESIAN_POINT('',(14.351445994114,6.433449046329,
    -49.41035562677));
#4391 = CARTESIAN_POINT('',(14.428512627428,6.438974052352,
    -49.30449535465));
#4392 = CARTESIAN_POINT('',(14.500744587032,6.444603589584,
    -49.19663224267));
#4393 = CARTESIAN_POINT('',(14.568106671076,6.450318386126,
    -49.08713554445));
#4394 = CARTESIAN_POINT('',(14.630605794485,6.456099666537,
    -48.9763650014));
#4395 = PCURVE('',#2546,#4396);
#4396 = DEFINITIONAL_REPRESENTATION('',(#4397),#4420);
#4397 = B_SPLINE_CURVE_WITH_KNOTS('',6,(#4398,#4399,#4400,#4401,#4402,
    #4403,#4404,#4405,#4406,#4407,#4408,#4409,#4410,#4411,#4412,#4413,
    #4414,#4415,#4416,#4417,#4418,#4419),.UNSPECIFIED.,.F.,.F.,(7,5,5,5,
    7),(0.,0.248278572121,0.50000221832,0.845628446973,1.),
  .UNSPECIFIED.);
#4398 = CARTESIAN_POINT('',(0.,9.));
#4399 = CARTESIAN_POINT('',(0.378931312003,9.));
#4400 = CARTESIAN_POINT('',(0.756090674828,9.));
#4401 = CARTESIAN_POINT('',(1.131584942232,9.));
#4402 = CARTESIAN_POINT('',(1.505589357457,9.));
#4403 = CARTESIAN_POINT('',(1.878323389581,9.));
#4404 = CARTESIAN_POINT('',(2.6268339361,9.));
#4405 = CARTESIAN_POINT('',(3.002602103509,9.));
#4406 = CARTESIAN_POINT('',(3.377516942838,9.));
#4407 = CARTESIAN_POINT('',(3.751861386543,9.));
#4408 = CARTESIAN_POINT('',(4.125936798792,9.));
#4409 = CARTESIAN_POINT('',(5.013603133688,9.));
#4410 = CARTESIAN_POINT('',(5.527261146149,9.));
#4411 = CARTESIAN_POINT('',(6.041580592514,9.));
#4412 = CARTESIAN_POINT('',(6.557384811505,9.));
#4413 = CARTESIAN_POINT('',(7.075393559391,9.));
#4414 = CARTESIAN_POINT('',(7.828525248636,9.));
#4415 = CARTESIAN_POINT('',(8.061582939538,9.));
#4416 = CARTESIAN_POINT('',(8.295219063361,9.));
#4417 = CARTESIAN_POINT('',(8.529476976174,9.));
#4418 = CARTESIAN_POINT('',(8.764394329442,9.));
#4419 = CARTESIAN_POINT('',(9.,9.));
#4420 = ( GEOMETRIC_REPRESENTATION_CONTEXT(2) 
PARAMETRIC_REPRESENTATION_CONTEXT() REPRESENTATION_CONTEXT('2D SPACE',''
  ) );
#4421 = PCURVE('',#4045,#4422);
#4422 = DEFINITIONAL_REPRESENTATION('',(#4423),#4446);
#4423 = B_SPLINE_CURVE_WITH_KNOTS('',6,(#4424,#4425,#4426,#4427,#4428,
    #4429,#4430,#4431,#4432,#4433,#4434,#4435,#4436,#4437,#4438,#4439,
    #4440,#4441,#4442,#4443,#4444,#4445),.UNSPECIFIED.,.F.,.F.,(7,5,5,5,
    7),(0.,0.248278572121,0.50000221832,0.845628446973,1.),
  .UNSPECIFIED.);
#4424 = CARTESIAN_POINT('',(94.4953953782,51.432111226829));
#4425 = CARTESIAN_POINT('',(94.675248839145,51.530002168191));
#4426 = CARTESIAN_POINT('',(94.8640187515,51.618424663032));
#4427 = CARTESIAN_POINT('',(95.060927716538,51.696088847195));
#4428 = CARTESIAN_POINT('',(95.264933414589,51.761804984361));
#4429 = CARTESIAN_POINT('',(95.474739547754,51.814577561639));
#4430 = CARTESIAN_POINT('',(95.905950548603,51.893344806774));
#4431 = CARTESIAN_POINT('',(96.127488177464,51.918959963578));
#4432 = CARTESIAN_POINT('',(96.351918656794,51.929784231418));
#4433 = CARTESIAN_POINT('',(96.577529961288,51.925370654696));
#4434 = CARTESIAN_POINT('',(96.802536760532,51.905630037658));
#4435 = CARTESIAN_POINT('',(97.330887721073,51.82306843467));
#4436 = CARTESIAN_POINT('',(97.632189702849,51.746916674462));
#4437 = CARTESIAN_POINT('',(97.924510385596,51.643086770865));
#4438 = CARTESIAN_POINT('',(98.203598959718,51.513570097609));
#4439 = CARTESIAN_POINT('',(98.466005177299,51.361408317715));
#4440 = CARTESIAN_POINT('',(98.817950179512,51.113793471832));
#4441 = CARTESIAN_POINT('',(98.922803249257,51.03354808012));
#4442 = CARTESIAN_POINT('',(99.023634790379,50.949827179566));
#4443 = CARTESIAN_POINT('',(99.120275697272,50.862970206799));
#4444 = CARTESIAN_POINT('',(99.21260065556,50.773326811818));
#4445 = CARTESIAN_POINT('',(99.300527515813,50.6812478018));
#4446 = ( GEOMETRIC_REPRESENTATION_CONTEXT(2) 
PARAMETRIC_REPRESENTATION_CONTEXT() REPRESENTATION_CONTEXT('2D SPACE',''
  ) );
#4447 = ORIENTED_EDGE('',*,*,#4448,.F.);
#4448 = EDGE_CURVE('',#4449,#4369,#4451,.T.);
#4449 = VERTEX_POINT('',#4450);
#4450 = CARTESIAN_POINT('',(10.159129020659,5.257896098991,
    -50.82928011408));
#4451 = SURFACE_CURVE('',#4452,(#4458,#4465),.PCURVE_S1.);
#4452 = B_SPLINE_CURVE_WITH_KNOTS('',2,(#4453,#4454,#4455,#4456,#4457),
  .UNSPECIFIED.,.F.,.F.,(3,1,1,3),(-0.5508,1.454180830877E-14,9.,9.5508)
  ,.UNSPECIFIED.);
#4453 = CARTESIAN_POINT('',(10.159129020659,-3.181417573765,
    -50.38881970403));
#4454 = CARTESIAN_POINT('',(10.159129020659,-2.906391897441,
    -50.40317370565));
#4455 = CARTESIAN_POINT('',(10.159129020659,1.862517378945,
    -50.65207021748));
#4456 = CARTESIAN_POINT('',(10.159129020659,6.63142665533,
    -50.90096672931));
#4457 = CARTESIAN_POINT('',(10.159129020659,6.906452331654,
    -50.91532073094));
#4458 = PCURVE('',#2546,#4459);
#4459 = DEFINITIONAL_REPRESENTATION('',(#4460),#4464);
#4460 = LINE('',#4461,#4462);
#4461 = CARTESIAN_POINT('',(0.,0.));
#4462 = VECTOR('',#4463,1.);
#4463 = DIRECTION('',(0.,1.));
#4464 = ( GEOMETRIC_REPRESENTATION_CONTEXT(2) 
PARAMETRIC_REPRESENTATION_CONTEXT() REPRESENTATION_CONTEXT('2D SPACE',''
  ) );
#4465 = PCURVE('',#4094,#4466);
#4466 = DEFINITIONAL_REPRESENTATION('',(#4467),#4470);
#4467 = B_SPLINE_CURVE_WITH_KNOTS('',1,(#4468,#4469),.UNSPECIFIED.,.F.,
  .F.,(2,2),(1.454180830877E-14,9.),.PIECEWISE_BEZIER_KNOTS.);
#4468 = CARTESIAN_POINT('',(11.211108106249,2.018264346742));
#4469 = CARTESIAN_POINT('',(5.190425521647,-4.671382969482));
#4470 = ( GEOMETRIC_REPRESENTATION_CONTEXT(2) 
PARAMETRIC_REPRESENTATION_CONTEXT() REPRESENTATION_CONTEXT('2D SPACE',''
  ) );
#4471 = ORIENTED_EDGE('',*,*,#4472,.F.);
#4472 = EDGE_CURVE('',#4473,#4449,#4475,.T.);
#4473 = VERTEX_POINT('',#4474);
#4474 = CARTESIAN_POINT('',(11.700336209943,5.253468712676,
    -50.91410976282));
#4475 = SURFACE_CURVE('',#4476,(#4485,#4497),.PCURVE_S1.);
#4476 = B_SPLINE_CURVE_WITH_KNOTS('',4,(#4477,#4478,#4479,#4480,#4481,
    #4482,#4483,#4484),.UNSPECIFIED.,.F.,.F.,(5,3,5),(0.,0.500845135875,
    1.),.UNSPECIFIED.);
#4477 = CARTESIAN_POINT('',(11.700336209943,5.253468712676,
    -50.91410976282));
#4478 = CARTESIAN_POINT('',(11.501816547639,5.252020065224,
    -50.94186615128));
#4479 = CARTESIAN_POINT('',(11.303167130958,5.251275538231,
    -50.95613144435));
#4480 = CARTESIAN_POINT('',(11.105991635849,5.251218570289,
    -50.95722296206));
#4481 = CARTESIAN_POINT('',(10.717994521395,5.252403897306,
    -50.93451184823));
#4482 = CARTESIAN_POINT('',(10.527151518953,5.253642026767,
    -50.91078902855));
#4483 = CARTESIAN_POINT('',(10.340498122649,5.255490190069,
    -50.87537783275));
#4484 = CARTESIAN_POINT('',(10.159129020659,5.257896098991,
    -50.82928011408));
#4485 = PCURVE('',#2546,#4486);
#4486 = DEFINITIONAL_REPRESENTATION('',(#4487),#4496);
#4487 = B_SPLINE_CURVE_WITH_KNOTS('',4,(#4488,#4489,#4490,#4491,#4492,
    #4493,#4494,#4495),.UNSPECIFIED.,.F.,.F.,(5,3,5),(0.,0.500845135875,
    1.),.UNSPECIFIED.);
#4488 = CARTESIAN_POINT('',(2.729232416445,7.9));
#4489 = CARTESIAN_POINT('',(2.390573289978,7.9));
#4490 = CARTESIAN_POINT('',(2.051847806432,7.9));
#4491 = CARTESIAN_POINT('',(1.712304107032,7.9));
#4492 = CARTESIAN_POINT('',(1.03133731135,7.9));
#4493 = CARTESIAN_POINT('',(0.689928900812,7.9));
#4494 = CARTESIAN_POINT('',(0.346331524834,7.9));
#4495 = CARTESIAN_POINT('',(0.,7.9));
#4496 = ( GEOMETRIC_REPRESENTATION_CONTEXT(2) 
PARAMETRIC_REPRESENTATION_CONTEXT() REPRESENTATION_CONTEXT('2D SPACE',''
  ) );
#4497 = PCURVE('',#4131,#4498);
#4498 = DEFINITIONAL_REPRESENTATION('',(#4499),#4508);
#4499 = B_SPLINE_CURVE_WITH_KNOTS('',4,(#4500,#4501,#4502,#4503,#4504,
    #4505,#4506,#4507),.UNSPECIFIED.,.F.,.F.,(5,3,5),(0.,0.500845135875,
    1.),.UNSPECIFIED.);
#4500 = CARTESIAN_POINT('',(-3.5,0.834329671429));
#4501 = CARTESIAN_POINT('',(-3.313843716031,0.87626885473));
#4502 = CARTESIAN_POINT('',(-3.124337189423,0.911129207426));
#4503 = CARTESIAN_POINT('',(-2.93311364535,0.938797446114));
#4504 = CARTESIAN_POINT('',(-2.550887594276,0.979916471346));
#4505 = CARTESIAN_POINT('',(-2.359883396088,0.993413933471));
#4506 = CARTESIAN_POINT('',(-2.170154476168,0.999999943586));
#4507 = CARTESIAN_POINT('',(-1.983003361433,1.));
#4508 = ( GEOMETRIC_REPRESENTATION_CONTEXT(2) 
PARAMETRIC_REPRESENTATION_CONTEXT() REPRESENTATION_CONTEXT('2D SPACE',''
  ) );
#4509 = ORIENTED_EDGE('',*,*,#4510,.F.);
#4510 = EDGE_CURVE('',#4511,#4473,#4513,.T.);
#4511 = VERTEX_POINT('',#4512);
#4512 = CARTESIAN_POINT('',(11.700336209943,4.354691992664,
    -50.86720126077));
#4513 = SURFACE_CURVE('',#4514,(#4521,#4531),.PCURVE_S1.);
#4514 = B_SPLINE_CURVE_WITH_KNOTS('',5,(#4515,#4516,#4517,#4518,#4519,
    #4520),.UNSPECIFIED.,.F.,.F.,(6,6),(0.,1.),
  .PIECEWISE_BEZIER_KNOTS.);
#4515 = CARTESIAN_POINT('',(11.700336209943,4.354691992664,
    -50.86720126077));
#4516 = CARTESIAN_POINT('',(11.700336209943,4.48907474837,-50.8742148979
    ));
#4517 = CARTESIAN_POINT('',(11.700336209943,4.677451315478,
    -50.88404655284));
#4518 = CARTESIAN_POINT('',(11.700336209943,4.90648486355,
    -50.89600015647));
#4519 = CARTESIAN_POINT('',(11.700336209943,5.130246356532,
    -50.90767860365));
#4520 = CARTESIAN_POINT('',(11.700336209943,5.253468712676,
    -50.91410976282));
#4521 = PCURVE('',#2546,#4522);
#4522 = DEFINITIONAL_REPRESENTATION('',(#4523),#4530);
#4523 = B_SPLINE_CURVE_WITH_KNOTS('',5,(#4524,#4525,#4526,#4527,#4528,
    #4529),.UNSPECIFIED.,.F.,.F.,(6,6),(0.,1.),
  .PIECEWISE_BEZIER_KNOTS.);
#4524 = CARTESIAN_POINT('',(2.729232416445,7.));
#4525 = CARTESIAN_POINT('',(2.729232416445,7.134565657346));
#4526 = CARTESIAN_POINT('',(2.729232416445,7.323198614367));
#4527 = CARTESIAN_POINT('',(2.729232416445,7.552543888533));
#4528 = CARTESIAN_POINT('',(2.729232416445,7.776609932077));
#4529 = CARTESIAN_POINT('',(2.729232416445,7.9));
#4530 = ( GEOMETRIC_REPRESENTATION_CONTEXT(2) 
PARAMETRIC_REPRESENTATION_CONTEXT() REPRESENTATION_CONTEXT('2D SPACE',''
  ) );
#4531 = PCURVE('',#4532,#4537);
#4532 = PLANE('',#4533);
#4533 = AXIS2_PLACEMENT_3D('',#4534,#4535,#4536);
#4534 = CARTESIAN_POINT('',(11.629257765809,4.789005992839,
    -51.17948340217));
#4535 = DIRECTION('',(-0.971103974642,1.243892578989E-02,0.238332422385)
  );
#4536 = DIRECTION('',(0.,0.998640800014,-5.212055782352E-02));
#4537 = DEFINITIONAL_REPRESENTATION('',(#4538),#4545);
#4538 = B_SPLINE_CURVE_WITH_KNOTS('',5,(#4539,#4540,#4541,#4542,#4543,
    #4544),.UNSPECIFIED.,.F.,.F.,(6,6),(0.,1.),
  .PIECEWISE_BEZIER_KNOTS.);
#4539 = CARTESIAN_POINT('',(-0.45,-0.297827016582));
#4540 = CARTESIAN_POINT('',(-0.315434342654,-0.297827016582));
#4541 = CARTESIAN_POINT('',(-0.126801385633,-0.297827016582));
#4542 = CARTESIAN_POINT('',(0.102543888532,-0.297827016582));
#4543 = CARTESIAN_POINT('',(0.326609932077,-0.297827016582));
#4544 = CARTESIAN_POINT('',(0.45,-0.297827016582));
#4545 = ( GEOMETRIC_REPRESENTATION_CONTEXT(2) 
PARAMETRIC_REPRESENTATION_CONTEXT() REPRESENTATION_CONTEXT('2D SPACE',''
  ) );
#4546 = ORIENTED_EDGE('',*,*,#4547,.F.);
#4547 = EDGE_CURVE('',#4287,#4511,#4548,.T.);
#4548 = SURFACE_CURVE('',#4549,(#4558,#4570),.PCURVE_S1.);
#4549 = B_SPLINE_CURVE_WITH_KNOTS('',4,(#4550,#4551,#4552,#4553,#4554,
    #4555,#4556,#4557),.UNSPECIFIED.,.F.,.F.,(5,3,5),(0.,0.49881605937,
    1.),.UNSPECIFIED.);
#4550 = CARTESIAN_POINT('',(10.159129020659,4.359119378979,
    -50.78237161204));
#4551 = CARTESIAN_POINT('',(10.340375017166,4.356715103049,
    -50.82843804223));
#4552 = CARTESIAN_POINT('',(10.526898134501,4.354867816032,
    -50.86383244822));
#4553 = CARTESIAN_POINT('',(10.717605919024,4.353629699209,
    -50.88755502576));
#4554 = CARTESIAN_POINT('',(11.105591489767,4.352441735461,
    -50.91031665989));
#4555 = CARTESIAN_POINT('',(11.302898369444,4.352497811392,
    -50.90924223332));
#4556 = CARTESIAN_POINT('',(11.501682255722,4.353242365186,
    -50.89497642674));
#4557 = CARTESIAN_POINT('',(11.700336209943,4.354691992664,
    -50.86720126077));
#4558 = PCURVE('',#2546,#4559);
#4559 = DEFINITIONAL_REPRESENTATION('',(#4560),#4569);
#4560 = B_SPLINE_CURVE_WITH_KNOTS('',4,(#4561,#4562,#4563,#4564,#4565,
    #4566,#4567,#4568),.UNSPECIFIED.,.F.,.F.,(5,3,5),(0.,0.49881605937,
    1.),.UNSPECIFIED.);
#4561 = CARTESIAN_POINT('',(0.,7.));
#4562 = CARTESIAN_POINT('',(0.346096448068,7.));
#4563 = CARTESIAN_POINT('',(0.68946246186,7.));
#4564 = CARTESIAN_POINT('',(1.030642103419,7.));
#4565 = CARTESIAN_POINT('',(1.711615030817,7.));
#4566 = CARTESIAN_POINT('',(2.051389534799,7.));
#4567 = CARTESIAN_POINT('',(2.390344196418,7.));
#4568 = CARTESIAN_POINT('',(2.729232416445,7.));
#4569 = ( GEOMETRIC_REPRESENTATION_CONTEXT(2) 
PARAMETRIC_REPRESENTATION_CONTEXT() REPRESENTATION_CONTEXT('2D SPACE',''
  ) );
#4570 = PCURVE('',#4214,#4571);
#4571 = DEFINITIONAL_REPRESENTATION('',(#4572),#4581);
#4572 = B_SPLINE_CURVE_WITH_KNOTS('',4,(#4573,#4574,#4575,#4576,#4577,
    #4578,#4579,#4580),.UNSPECIFIED.,.F.,.F.,(5,3,5),(0.,0.49881605937,
    1.),.UNSPECIFIED.);
#4573 = CARTESIAN_POINT('',(1.983003361383,1.));
#4574 = CARTESIAN_POINT('',(2.170027446355,0.999999943777));
#4575 = CARTESIAN_POINT('',(2.359625834788,0.993422870688));
#4576 = CARTESIAN_POINT('',(2.550498660106,0.979943946772));
#4577 = CARTESIAN_POINT('',(2.932725574458,0.938853587116));
#4578 = CARTESIAN_POINT('',(3.124080795543,0.911176367289));
#4579 = CARTESIAN_POINT('',(3.313717787822,0.876297225606));
#4580 = CARTESIAN_POINT('',(3.5,0.834329671429));
#4581 = ( GEOMETRIC_REPRESENTATION_CONTEXT(2) 
PARAMETRIC_REPRESENTATION_CONTEXT() REPRESENTATION_CONTEXT('2D SPACE',''
  ) );
#4582 = ADVANCED_FACE('',(#4583),#2639,.T.);
#4583 = FACE_BOUND('',#4584,.T.);
#4584 = EDGE_LOOP('',(#4585,#4604,#4605,#4606));
#4585 = ORIENTED_EDGE('',*,*,#4586,.F.);
#4586 = EDGE_CURVE('',#2755,#3728,#4587,.T.);
#4587 = SURFACE_CURVE('',#4588,(#4592,#4598),.PCURVE_S1.);
#4588 = ( BOUNDED_CURVE() B_SPLINE_CURVE(2,(#4589,#4590,#4591),
.UNSPECIFIED.,.F.,.F.) B_SPLINE_CURVE_WITH_KNOTS((3,3),(0.,
1.456889787598E-02),.PIECEWISE_BEZIER_KNOTS.) CURVE() 
GEOMETRIC_REPRESENTATION_ITEM() RATIONAL_B_SPLINE_CURVE((1.,
0.749548482476,1.)) REPRESENTATION_ITEM('') );
#4589 = CARTESIAN_POINT('',(7.268286103631,3.391930869564,1.675357302747
    ));
#4590 = CARTESIAN_POINT('',(5.737345196735,3.220848304128,1.551033411822
    ));
#4591 = CARTESIAN_POINT('',(5.412433708798,3.305854616671,3.059579793826
    ));
#4592 = PCURVE('',#2639,#4593);
#4593 = DEFINITIONAL_REPRESENTATION('',(#4594),#4597);
#4594 = B_SPLINE_CURVE_WITH_KNOTS('',1,(#4595,#4596),.UNSPECIFIED.,.F.,
  .F.,(2,2),(0.,1.456889787598E-02),.PIECEWISE_BEZIER_KNOTS.);
#4595 = CARTESIAN_POINT('',(0.482928414206,0.195206621779));
#4596 = CARTESIAN_POINT('',(0.,0.195206621779));
#4597 = ( GEOMETRIC_REPRESENTATION_CONTEXT(2) 
PARAMETRIC_REPRESENTATION_CONTEXT() REPRESENTATION_CONTEXT('2D SPACE',''
  ) );
#4598 = PCURVE('',#3549,#4599);
#4599 = DEFINITIONAL_REPRESENTATION('',(#4600),#4603);
#4600 = B_SPLINE_CURVE_WITH_KNOTS('',1,(#4601,#4602),.UNSPECIFIED.,.F.,
  .F.,(2,2),(0.,1.456889787598E-02),.PIECEWISE_BEZIER_KNOTS.);
#4601 = CARTESIAN_POINT('',(1.456889787598E-02,0.195206621779));
#4602 = CARTESIAN_POINT('',(0.,0.195206621779));
#4603 = ( GEOMETRIC_REPRESENTATION_CONTEXT(2) 
PARAMETRIC_REPRESENTATION_CONTEXT() REPRESENTATION_CONTEXT('2D SPACE',''
  ) );
#4604 = ORIENTED_EDGE('',*,*,#2754,.T.);
#4605 = ORIENTED_EDGE('',*,*,#2624,.T.);
#4606 = ORIENTED_EDGE('',*,*,#3752,.F.);
#4607 = ADVANCED_FACE('',(#4608),#2821,.T.);
#4608 = FACE_BOUND('',#4609,.T.);
#4609 = EDGE_LOOP('',(#4610,#4611,#4612,#4613));
#4610 = ORIENTED_EDGE('',*,*,#2805,.F.);
#4611 = ORIENTED_EDGE('',*,*,#3570,.T.);
#4612 = ORIENTED_EDGE('',*,*,#3480,.T.);
#4613 = ORIENTED_EDGE('',*,*,#2908,.F.);
#4614 = ADVANCED_FACE('',(#4615),#3091,.F.);
#4615 = FACE_BOUND('',#4616,.F.);
#4616 = EDGE_LOOP('',(#4617,#4618,#4619,#4639,#4640,#4641,#4664,#4687));
#4617 = ORIENTED_EDGE('',*,*,#3077,.F.);
#4618 = ORIENTED_EDGE('',*,*,#3962,.F.);
#4619 = ORIENTED_EDGE('',*,*,#4620,.T.);
#4620 = EDGE_CURVE('',#3963,#4340,#4621,.T.);
#4621 = SURFACE_CURVE('',#4622,(#4626,#4633),.PCURVE_S1.);
#4622 = LINE('',#4623,#4624);
#4623 = CARTESIAN_POINT('',(-47.34684829955,7.161817581722,
    -35.45466199524));
#4624 = VECTOR('',#4625,1.);
#4625 = DIRECTION('',(0.973037220752,-1.202151000534E-02,-0.230334648561
    ));
#4626 = PCURVE('',#3091,#4627);
#4627 = DEFINITIONAL_REPRESENTATION('',(#4628),#4632);
#4628 = LINE('',#4629,#4630);
#4629 = CARTESIAN_POINT('',(-45.4511700367,16.097020052687));
#4630 = VECTOR('',#4631,1.);
#4631 = DIRECTION('',(0.967074537263,-0.25449329928));
#4632 = ( GEOMETRIC_REPRESENTATION_CONTEXT(2) 
PARAMETRIC_REPRESENTATION_CONTEXT() REPRESENTATION_CONTEXT('2D SPACE',''
  ) );
#4633 = PCURVE('',#4045,#4634);
#4634 = DEFINITIONAL_REPRESENTATION('',(#4635),#4638);
#4635 = B_SPLINE_CURVE_WITH_KNOTS('',1,(#4636,#4637),.UNSPECIFIED.,.F.,
  .F.,(2,2),(52.12388378069,63.982005890252),.PIECEWISE_BEZIER_KNOTS.);
#4636 = CARTESIAN_POINT('',(88.763772113988,46.433293914283));
#4637 = CARTESIAN_POINT('',(99.271086431115,51.929784231418));
#4638 = ( GEOMETRIC_REPRESENTATION_CONTEXT(2) 
PARAMETRIC_REPRESENTATION_CONTEXT() REPRESENTATION_CONTEXT('2D SPACE',''
  ) );
#4639 = ORIENTED_EDGE('',*,*,#4339,.F.);
#4640 = ORIENTED_EDGE('',*,*,#3180,.F.);
#4641 = ORIENTED_EDGE('',*,*,#4642,.F.);
#4642 = EDGE_CURVE('',#4643,#3156,#4645,.T.);
#4643 = VERTEX_POINT('',#4644);
#4644 = CARTESIAN_POINT('',(12.058293216798,5.329384453253,
    -49.45954827942));
#4645 = SURFACE_CURVE('',#4646,(#4650,#4657),.PCURVE_S1.);
#4646 = LINE('',#4647,#4648);
#4647 = CARTESIAN_POINT('',(12.058293216798,4.830064053246,
    -49.43348800051));
#4648 = VECTOR('',#4649,1.);
#4649 = DIRECTION('',(0.,0.998640800014,-5.212055782352E-02));
#4650 = PCURVE('',#3091,#4651);
#4651 = DEFINITIONAL_REPRESENTATION('',(#4652),#4656);
#4652 = LINE('',#4653,#4654);
#4653 = CARTESIAN_POINT('',(13.99713146038,2.107204518035));
#4654 = VECTOR('',#4655,1.);
#4655 = DIRECTION('',(-0.25449329928,-0.967074537263));
#4656 = ( GEOMETRIC_REPRESENTATION_CONTEXT(2) 
PARAMETRIC_REPRESENTATION_CONTEXT() REPRESENTATION_CONTEXT('2D SPACE',''
  ) );
#4657 = PCURVE('',#3169,#4658);
#4658 = DEFINITIONAL_REPRESENTATION('',(#4659),#4663);
#4659 = LINE('',#4660,#4661);
#4660 = CARTESIAN_POINT('',(0.,0.));
#4661 = VECTOR('',#4662,1.);
#4662 = DIRECTION('',(1.,0.));
#4663 = ( GEOMETRIC_REPRESENTATION_CONTEXT(2) 
PARAMETRIC_REPRESENTATION_CONTEXT() REPRESENTATION_CONTEXT('2D SPACE',''
  ) );
#4664 = ORIENTED_EDGE('',*,*,#4665,.F.);
#4665 = EDGE_CURVE('',#4666,#4643,#4668,.T.);
#4666 = VERTEX_POINT('',#4667);
#4667 = CARTESIAN_POINT('',(5.247032671533,5.41353502329,-47.84720573949
    ));
#4668 = SURFACE_CURVE('',#4669,(#4673,#4680),.PCURVE_S1.);
#4669 = LINE('',#4670,#4671);
#4670 = CARTESIAN_POINT('',(8.652662944165,5.371459738271,
    -48.65337700946));
#4671 = VECTOR('',#4672,1.);
#4672 = DIRECTION('',(0.973037220752,-1.202151000534E-02,-0.230334648561
    ));
#4673 = PCURVE('',#3091,#4674);
#4674 = DEFINITIONAL_REPRESENTATION('',(#4675),#4679);
#4675 = LINE('',#4676,#4677);
#4676 = CARTESIAN_POINT('',(10.485123930321,2.514393796883));
#4677 = VECTOR('',#4678,1.);
#4678 = DIRECTION('',(0.967074537263,-0.25449329928));
#4679 = ( GEOMETRIC_REPRESENTATION_CONTEXT(2) 
PARAMETRIC_REPRESENTATION_CONTEXT() REPRESENTATION_CONTEXT('2D SPACE',''
  ) );
#4680 = PCURVE('',#4131,#4681);
#4681 = DEFINITIONAL_REPRESENTATION('',(#4682),#4686);
#4682 = LINE('',#4683,#4684);
#4683 = CARTESIAN_POINT('',(0.,0.));
#4684 = VECTOR('',#4685,1.);
#4685 = DIRECTION('',(-1.,0.));
#4686 = ( GEOMETRIC_REPRESENTATION_CONTEXT(2) 
PARAMETRIC_REPRESENTATION_CONTEXT() REPRESENTATION_CONTEXT('2D SPACE',''
  ) );
#4687 = ORIENTED_EDGE('',*,*,#4688,.T.);
#4688 = EDGE_CURVE('',#4666,#3078,#4689,.T.);
#4689 = SURFACE_CURVE('',#4690,(#4694,#4701),.PCURVE_S1.);
#4690 = LINE('',#4691,#4692);
#4691 = CARTESIAN_POINT('',(5.247032671533,4.914214623283,
    -47.82114546058));
#4692 = VECTOR('',#4693,1.);
#4693 = DIRECTION('',(0.,0.998640800014,-5.212055782352E-02));
#4694 = PCURVE('',#3091,#4695);
#4695 = DEFINITIONAL_REPRESENTATION('',(#4696),#4700);
#4696 = LINE('',#4697,#4698);
#4697 = CARTESIAN_POINT('',(7.227609699542,3.888657612993));
#4698 = VECTOR('',#4699,1.);
#4699 = DIRECTION('',(-0.25449329928,-0.967074537263));
#4700 = ( GEOMETRIC_REPRESENTATION_CONTEXT(2) 
PARAMETRIC_REPRESENTATION_CONTEXT() REPRESENTATION_CONTEXT('2D SPACE',''
  ) );
#4701 = PCURVE('',#3116,#4702);
#4702 = DEFINITIONAL_REPRESENTATION('',(#4703),#4707);
#4703 = LINE('',#4704,#4705);
#4704 = CARTESIAN_POINT('',(0.,0.));
#4705 = VECTOR('',#4706,1.);
#4706 = DIRECTION('',(-1.,0.));
#4707 = ( GEOMETRIC_REPRESENTATION_CONTEXT(2) 
PARAMETRIC_REPRESENTATION_CONTEXT() REPRESENTATION_CONTEXT('2D SPACE',''
  ) );
#4708 = ADVANCED_FACE('',(#4709),#3169,.T.);
#4709 = FACE_BOUND('',#4710,.T.);
#4710 = EDGE_LOOP('',(#4711,#4734,#4735,#4736,#4759,#4787));
#4711 = ORIENTED_EDGE('',*,*,#4712,.T.);
#4712 = EDGE_CURVE('',#4713,#3128,#4715,.T.);
#4713 = VERTEX_POINT('',#4714);
#4714 = CARTESIAN_POINT('',(12.410059470964,4.310788865127,
    -47.87113690316));
#4715 = SURFACE_CURVE('',#4716,(#4720,#4727),.PCURVE_S1.);
#4716 = LINE('',#4717,#4718);
#4717 = CARTESIAN_POINT('',(12.410059470964,4.909973345135,
    -47.90240923786));
#4718 = VECTOR('',#4719,1.);
#4719 = DIRECTION('',(0.,0.998640800014,-5.212055782352E-02));
#4720 = PCURVE('',#3169,#4721);
#4721 = DEFINITIONAL_REPRESENTATION('',(#4722),#4726);
#4722 = LINE('',#4723,#4724);
#4723 = CARTESIAN_POINT('',(0.,-1.572999418293));
#4724 = VECTOR('',#4725,1.);
#4725 = DIRECTION('',(1.,0.));
#4726 = ( GEOMETRIC_REPRESENTATION_CONTEXT(2) 
PARAMETRIC_REPRESENTATION_CONTEXT() REPRESENTATION_CONTEXT('2D SPACE',''
  ) );
#4727 = PCURVE('',#3143,#4728);
#4728 = DEFINITIONAL_REPRESENTATION('',(#4729),#4733);
#4729 = LINE('',#4730,#4731);
#4730 = CARTESIAN_POINT('',(7.000734072759,-0.591373352888));
#4731 = VECTOR('',#4732,1.);
#4732 = DIRECTION('',(0.168963815111,0.985622254813));
#4733 = ( GEOMETRIC_REPRESENTATION_CONTEXT(2) 
PARAMETRIC_REPRESENTATION_CONTEXT() REPRESENTATION_CONTEXT('2D SPACE',''
  ) );
#4734 = ORIENTED_EDGE('',*,*,#3155,.T.);
#4735 = ORIENTED_EDGE('',*,*,#4642,.F.);
#4736 = ORIENTED_EDGE('',*,*,#4737,.F.);
#4737 = EDGE_CURVE('',#4738,#4643,#4740,.T.);
#4738 = VERTEX_POINT('',#4739);
#4739 = CARTESIAN_POINT('',(12.058293216798,4.43060773324,
    -49.41263977738));
#4740 = SURFACE_CURVE('',#4741,(#4745,#4752),.PCURVE_S1.);
#4741 = LINE('',#4742,#4743);
#4742 = CARTESIAN_POINT('',(12.058293216798,4.879996093246,
    -49.4360940284));
#4743 = VECTOR('',#4744,1.);
#4744 = DIRECTION('',(0.,0.998640800014,-5.212055782352E-02));
#4745 = PCURVE('',#3169,#4746);
#4746 = DEFINITIONAL_REPRESENTATION('',(#4747),#4751);
#4747 = LINE('',#4748,#4749);
#4748 = CARTESIAN_POINT('',(5.E-02,0.));
#4749 = VECTOR('',#4750,1.);
#4750 = DIRECTION('',(1.,0.));
#4751 = ( GEOMETRIC_REPRESENTATION_CONTEXT(2) 
PARAMETRIC_REPRESENTATION_CONTEXT() REPRESENTATION_CONTEXT('2D SPACE',''
  ) );
#4752 = PCURVE('',#4532,#4753);
#4753 = DEFINITIONAL_REPRESENTATION('',(#4754),#4758);
#4754 = LINE('',#4755,#4756);
#4755 = CARTESIAN_POINT('',(0.,-1.797708854393));
#4756 = VECTOR('',#4757,1.);
#4757 = DIRECTION('',(1.,0.));
#4758 = ( GEOMETRIC_REPRESENTATION_CONTEXT(2) 
PARAMETRIC_REPRESENTATION_CONTEXT() REPRESENTATION_CONTEXT('2D SPACE',''
  ) );
#4759 = ORIENTED_EDGE('',*,*,#4760,.F.);
#4760 = EDGE_CURVE('',#4761,#4738,#4763,.T.);
#4761 = VERTEX_POINT('',#4762);
#4762 = CARTESIAN_POINT('',(12.058293216798,4.230879573237,
    -49.40221566582));
#4763 = SURFACE_CURVE('',#4764,(#4768,#4775),.PCURVE_S1.);
#4764 = LINE('',#4765,#4766);
#4765 = CARTESIAN_POINT('',(12.058293216798,4.830064053246,
    -49.43348800051));
#4766 = VECTOR('',#4767,1.);
#4767 = DIRECTION('',(0.,0.998640800014,-5.212055782352E-02));
#4768 = PCURVE('',#3169,#4769);
#4769 = DEFINITIONAL_REPRESENTATION('',(#4770),#4774);
#4770 = LINE('',#4771,#4772);
#4771 = CARTESIAN_POINT('',(0.,0.));
#4772 = VECTOR('',#4773,1.);
#4773 = DIRECTION('',(1.,0.));
#4774 = ( GEOMETRIC_REPRESENTATION_CONTEXT(2) 
PARAMETRIC_REPRESENTATION_CONTEXT() REPRESENTATION_CONTEXT('2D SPACE',''
  ) );
#4775 = PCURVE('',#4776,#4781);
#4776 = PLANE('',#4777);
#4777 = AXIS2_PLACEMENT_3D('',#4778,#4779,#4780);
#4778 = CARTESIAN_POINT('',(5.247032671533,4.315030143275,
    -47.78987312589));
#4779 = DIRECTION('',(0.230648145518,5.071524272865E-02,0.971714668575)
  );
#4780 = DIRECTION('',(0.959047139535,0.156885491698,-0.235829443972));
#4781 = DEFINITIONAL_REPRESENTATION('',(#4782),#4786);
#4782 = LINE('',#4783,#4784);
#4783 = CARTESIAN_POINT('',(7.000734072759,-0.591373352888));
#4784 = VECTOR('',#4785,1.);
#4785 = DIRECTION('',(0.168963815111,0.985622254813));
#4786 = ( GEOMETRIC_REPRESENTATION_CONTEXT(2) 
PARAMETRIC_REPRESENTATION_CONTEXT() REPRESENTATION_CONTEXT('2D SPACE',''
  ) );
#4787 = ORIENTED_EDGE('',*,*,#4788,.F.);
#4788 = EDGE_CURVE('',#4713,#4761,#4789,.T.);
#4789 = SURFACE_CURVE('',#4790,(#4793,#4799),.PCURVE_S1.);
#4790 = B_SPLINE_CURVE_WITH_KNOTS('',1,(#4791,#4792),.UNSPECIFIED.,.F.,
  .F.,(2,2),(0.,1.),.PIECEWISE_BEZIER_KNOTS.);
#4791 = CARTESIAN_POINT('',(12.410059470964,4.310788865127,
    -47.87113690316));
#4792 = CARTESIAN_POINT('',(12.058293216798,4.230879573237,
    -49.40221566582));
#4793 = PCURVE('',#3169,#4794);
#4794 = DEFINITIONAL_REPRESENTATION('',(#4795),#4798);
#4795 = B_SPLINE_CURVE_WITH_KNOTS('',1,(#4796,#4797),.UNSPECIFIED.,.F.,
  .F.,(2,2),(0.,1.),.PIECEWISE_BEZIER_KNOTS.);
#4796 = CARTESIAN_POINT('',(-0.6,-1.572999418293));
#4797 = CARTESIAN_POINT('',(-0.6,0.));
#4798 = ( GEOMETRIC_REPRESENTATION_CONTEXT(2) 
PARAMETRIC_REPRESENTATION_CONTEXT() REPRESENTATION_CONTEXT('2D SPACE',''
  ) );
#4799 = PCURVE('',#4800,#4805);
#4800 = B_SPLINE_SURFACE_WITH_KNOTS('',1,1,(
    (#4801,#4802)
    ,(#4803,#4804
    )),.UNSPECIFIED.,.F.,.F.,.F.,(2,2),(2,2),(-3.5,3.5),(0.,1.),
  .PIECEWISE_BEZIER_KNOTS.);
#4801 = CARTESIAN_POINT('',(5.576229656938,4.389812467288,
    -46.35702814114));
#4802 = CARTESIAN_POINT('',(5.247032671533,4.315030143275,
    -47.78987312589));
#4803 = CARTESIAN_POINT('',(12.410059470964,4.310788865127,
    -47.87113690316));
#4804 = CARTESIAN_POINT('',(12.058293216798,4.230879573237,
    -49.40221566582));
#4805 = DEFINITIONAL_REPRESENTATION('',(#4806),#4810);
#4806 = LINE('',#4807,#4808);
#4807 = CARTESIAN_POINT('',(3.5,0.));
#4808 = VECTOR('',#4809,1.);
#4809 = DIRECTION('',(0.,1.));
#4810 = ( GEOMETRIC_REPRESENTATION_CONTEXT(2) 
PARAMETRIC_REPRESENTATION_CONTEXT() REPRESENTATION_CONTEXT('2D SPACE',''
  ) );
#4811 = ADVANCED_FACE('',(#4812),#3143,.F.);
#4812 = FACE_BOUND('',#4813,.F.);
#4813 = EDGE_LOOP('',(#4814,#4837,#4858,#4859));
#4814 = ORIENTED_EDGE('',*,*,#4815,.F.);
#4815 = EDGE_CURVE('',#4816,#3103,#4818,.T.);
#4816 = VERTEX_POINT('',#4817);
#4817 = CARTESIAN_POINT('',(5.576229656938,4.389812467288,
    -46.35702814114));
#4818 = SURFACE_CURVE('',#4819,(#4823,#4830),.PCURVE_S1.);
#4819 = LINE('',#4820,#4821);
#4820 = CARTESIAN_POINT('',(5.576229656938,4.988996947296,
    -46.38830047584));
#4821 = VECTOR('',#4822,1.);
#4822 = DIRECTION('',(0.,0.998640800014,-5.212055782352E-02));
#4823 = PCURVE('',#3143,#4824);
#4824 = DEFINITIONAL_REPRESENTATION('',(#4825),#4829);
#4825 = LINE('',#4826,#4827);
#4826 = CARTESIAN_POINT('',(0.101378289067,0.591373352888));
#4827 = VECTOR('',#4828,1.);
#4828 = DIRECTION('',(0.168963815111,0.985622254813));
#4829 = ( GEOMETRIC_REPRESENTATION_CONTEXT(2) 
PARAMETRIC_REPRESENTATION_CONTEXT() REPRESENTATION_CONTEXT('2D SPACE',''
  ) );
#4830 = PCURVE('',#3116,#4831);
#4831 = DEFINITIONAL_REPRESENTATION('',(#4832),#4836);
#4832 = LINE('',#4833,#4834);
#4833 = CARTESIAN_POINT('',(0.,-1.472076017564));
#4834 = VECTOR('',#4835,1.);
#4835 = DIRECTION('',(-1.,0.));
#4836 = ( GEOMETRIC_REPRESENTATION_CONTEXT(2) 
PARAMETRIC_REPRESENTATION_CONTEXT() REPRESENTATION_CONTEXT('2D SPACE',''
  ) );
#4837 = ORIENTED_EDGE('',*,*,#4838,.T.);
#4838 = EDGE_CURVE('',#4816,#4713,#4839,.T.);
#4839 = SURFACE_CURVE('',#4840,(#4844,#4851),.PCURVE_S1.);
#4840 = LINE('',#4841,#4842);
#4841 = CARTESIAN_POINT('',(8.993144563951,4.350300666208,
    -47.11408252215));
#4842 = VECTOR('',#4843,1.);
#4843 = DIRECTION('',(0.976261402004,-1.128908602299E-02,-0.216301251717
    ));
#4844 = PCURVE('',#3143,#4845);
#4845 = DEFINITIONAL_REPRESENTATION('',(#4846),#4850);
#4846 = LINE('',#4847,#4848);
#4847 = CARTESIAN_POINT('',(3.449677891846,-0.591373352888));
#4848 = VECTOR('',#4849,1.);
#4849 = DIRECTION('',(0.985622254813,-0.168963815111));
#4850 = ( GEOMETRIC_REPRESENTATION_CONTEXT(2) 
PARAMETRIC_REPRESENTATION_CONTEXT() REPRESENTATION_CONTEXT('2D SPACE',''
  ) );
#4851 = PCURVE('',#4800,#4852);
#4852 = DEFINITIONAL_REPRESENTATION('',(#4853),#4857);
#4853 = LINE('',#4854,#4855);
#4854 = CARTESIAN_POINT('',(0.,0.));
#4855 = VECTOR('',#4856,1.);
#4856 = DIRECTION('',(1.,0.));
#4857 = ( GEOMETRIC_REPRESENTATION_CONTEXT(2) 
PARAMETRIC_REPRESENTATION_CONTEXT() REPRESENTATION_CONTEXT('2D SPACE',''
  ) );
#4858 = ORIENTED_EDGE('',*,*,#4712,.T.);
#4859 = ORIENTED_EDGE('',*,*,#3127,.F.);
#4860 = ADVANCED_FACE('',(#4861),#3116,.T.);
#4861 = FACE_BOUND('',#4862,.T.);
#4862 = EDGE_LOOP('',(#4863,#4864,#4885,#4908,#4929,#4930));
#4863 = ORIENTED_EDGE('',*,*,#4815,.F.);
#4864 = ORIENTED_EDGE('',*,*,#4865,.T.);
#4865 = EDGE_CURVE('',#4816,#4866,#4868,.T.);
#4866 = VERTEX_POINT('',#4867);
#4867 = CARTESIAN_POINT('',(5.247032671533,4.315030143275,
    -47.78987312589));
#4868 = SURFACE_CURVE('',#4869,(#4872,#4878),.PCURVE_S1.);
#4869 = B_SPLINE_CURVE_WITH_KNOTS('',1,(#4870,#4871),.UNSPECIFIED.,.F.,
  .F.,(2,2),(0.,1.),.PIECEWISE_BEZIER_KNOTS.);
#4870 = CARTESIAN_POINT('',(5.576229656938,4.389812467288,
    -46.35702814114));
#4871 = CARTESIAN_POINT('',(5.247032671533,4.315030143275,
    -47.78987312589));
#4872 = PCURVE('',#3116,#4873);
#4873 = DEFINITIONAL_REPRESENTATION('',(#4874),#4877);
#4874 = B_SPLINE_CURVE_WITH_KNOTS('',1,(#4875,#4876),.UNSPECIFIED.,.F.,
  .F.,(2,2),(0.,1.),.PIECEWISE_BEZIER_KNOTS.);
#4875 = CARTESIAN_POINT('',(0.6,-1.472076017564));
#4876 = CARTESIAN_POINT('',(0.6,0.));
#4877 = ( GEOMETRIC_REPRESENTATION_CONTEXT(2) 
PARAMETRIC_REPRESENTATION_CONTEXT() REPRESENTATION_CONTEXT('2D SPACE',''
  ) );
#4878 = PCURVE('',#4800,#4879);
#4879 = DEFINITIONAL_REPRESENTATION('',(#4880),#4884);
#4880 = LINE('',#4881,#4882);
#4881 = CARTESIAN_POINT('',(-3.5,0.));
#4882 = VECTOR('',#4883,1.);
#4883 = DIRECTION('',(0.,1.));
#4884 = ( GEOMETRIC_REPRESENTATION_CONTEXT(2) 
PARAMETRIC_REPRESENTATION_CONTEXT() REPRESENTATION_CONTEXT('2D SPACE',''
  ) );
#4885 = ORIENTED_EDGE('',*,*,#4886,.T.);
#4886 = EDGE_CURVE('',#4866,#4887,#4889,.T.);
#4887 = VERTEX_POINT('',#4888);
#4888 = CARTESIAN_POINT('',(5.247032671533,4.514758303278,
    -47.80029723745));
#4889 = SURFACE_CURVE('',#4890,(#4894,#4901),.PCURVE_S1.);
#4890 = LINE('',#4891,#4892);
#4891 = CARTESIAN_POINT('',(5.247032671533,4.914214623283,
    -47.82114546058));
#4892 = VECTOR('',#4893,1.);
#4893 = DIRECTION('',(0.,0.998640800014,-5.212055782352E-02));
#4894 = PCURVE('',#3116,#4895);
#4895 = DEFINITIONAL_REPRESENTATION('',(#4896),#4900);
#4896 = LINE('',#4897,#4898);
#4897 = CARTESIAN_POINT('',(0.,0.));
#4898 = VECTOR('',#4899,1.);
#4899 = DIRECTION('',(-1.,0.));
#4900 = ( GEOMETRIC_REPRESENTATION_CONTEXT(2) 
PARAMETRIC_REPRESENTATION_CONTEXT() REPRESENTATION_CONTEXT('2D SPACE',''
  ) );
#4901 = PCURVE('',#4776,#4902);
#4902 = DEFINITIONAL_REPRESENTATION('',(#4903),#4907);
#4903 = LINE('',#4904,#4905);
#4904 = CARTESIAN_POINT('',(0.101378289067,0.591373352888));
#4905 = VECTOR('',#4906,1.);
#4906 = DIRECTION('',(0.168963815111,0.985622254813));
#4907 = ( GEOMETRIC_REPRESENTATION_CONTEXT(2) 
PARAMETRIC_REPRESENTATION_CONTEXT() REPRESENTATION_CONTEXT('2D SPACE',''
  ) );
#4908 = ORIENTED_EDGE('',*,*,#4909,.T.);
#4909 = EDGE_CURVE('',#4887,#4666,#4910,.T.);
#4910 = SURFACE_CURVE('',#4911,(#4915,#4922),.PCURVE_S1.);
#4911 = LINE('',#4912,#4913);
#4912 = CARTESIAN_POINT('',(5.247032671533,4.964146663284,
    -47.82375148847));
#4913 = VECTOR('',#4914,1.);
#4914 = DIRECTION('',(0.,0.998640800014,-5.212055782352E-02));
#4915 = PCURVE('',#3116,#4916);
#4916 = DEFINITIONAL_REPRESENTATION('',(#4917),#4921);
#4917 = LINE('',#4918,#4919);
#4918 = CARTESIAN_POINT('',(-5.E-02,0.));
#4919 = VECTOR('',#4920,1.);
#4920 = DIRECTION('',(-1.,0.));
#4921 = ( GEOMETRIC_REPRESENTATION_CONTEXT(2) 
PARAMETRIC_REPRESENTATION_CONTEXT() REPRESENTATION_CONTEXT('2D SPACE',''
  ) );
#4922 = PCURVE('',#4172,#4923);
#4923 = DEFINITIONAL_REPRESENTATION('',(#4924),#4928);
#4924 = LINE('',#4925,#4926);
#4925 = CARTESIAN_POINT('',(0.,-1.682368130808));
#4926 = VECTOR('',#4927,1.);
#4927 = DIRECTION('',(-1.,0.));
#4928 = ( GEOMETRIC_REPRESENTATION_CONTEXT(2) 
PARAMETRIC_REPRESENTATION_CONTEXT() REPRESENTATION_CONTEXT('2D SPACE',''
  ) );
#4929 = ORIENTED_EDGE('',*,*,#4688,.T.);
#4930 = ORIENTED_EDGE('',*,*,#3102,.F.);
#4931 = ADVANCED_FACE('',(#4932),#3361,.T.);
#4932 = FACE_BOUND('',#4933,.T.);
#4933 = EDGE_LOOP('',(#4934,#4957,#4986,#5014,#5043,#5071,#5100,#5128,
    #5157,#5185,#5214,#5242,#5266,#5287));
#4934 = ORIENTED_EDGE('',*,*,#4935,.F.);
#4935 = EDGE_CURVE('',#4936,#3343,#4938,.T.);
#4936 = VERTEX_POINT('',#4937);
#4937 = CARTESIAN_POINT('',(1.817930415032,1.440160449419,
    -1.185655319604));
#4938 = SURFACE_CURVE('',#4939,(#4943,#4950),.PCURVE_S1.);
#4939 = LINE('',#4940,#4941);
#4940 = CARTESIAN_POINT('',(1.817930415032,5.684383849477,
    -1.407167690354));
#4941 = VECTOR('',#4942,1.);
#4942 = DIRECTION('',(0.,0.998640800014,-5.212055782352E-02));
#4943 = PCURVE('',#3361,#4944);
#4944 = DEFINITIONAL_REPRESENTATION('',(#4945),#4949);
#4945 = LINE('',#4946,#4947);
#4946 = CARTESIAN_POINT('',(0.,0.));
#4947 = VECTOR('',#4948,1.);
#4948 = DIRECTION('',(0.,1.));
#4949 = ( GEOMETRIC_REPRESENTATION_CONTEXT(2) 
PARAMETRIC_REPRESENTATION_CONTEXT() REPRESENTATION_CONTEXT('2D SPACE',''
  ) );
#4950 = PCURVE('',#3388,#4951);
#4951 = DEFINITIONAL_REPRESENTATION('',(#4952),#4956);
#4952 = LINE('',#4953,#4954);
#4953 = CARTESIAN_POINT('',(-7.,-6.832079942122E-16));
#4954 = VECTOR('',#4955,1.);
#4955 = DIRECTION('',(4.968971283657E-19,1.));
#4956 = ( GEOMETRIC_REPRESENTATION_CONTEXT(2) 
PARAMETRIC_REPRESENTATION_CONTEXT() REPRESENTATION_CONTEXT('2D SPACE',''
  ) );
#4957 = ORIENTED_EDGE('',*,*,#4958,.T.);
#4958 = EDGE_CURVE('',#4936,#4959,#4961,.T.);
#4959 = VERTEX_POINT('',#4960);
#4960 = CARTESIAN_POINT('',(4.265374950716,0.603981052737,
    -17.20702762503));
#4961 = SURFACE_CURVE('',#4962,(#4967,#4974),.PCURVE_S1.);
#4962 = CIRCLE('',#4963,98.602505946136);
#4963 = AXIS2_PLACEMENT_3D('',#4964,#4965,#4966);
#4964 = CARTESIAN_POINT('',(-94.10250594613,0.249660200003,
    -23.99588934508));
#4965 = DIRECTION('',(-8.971110896991E-19,0.998640800014,
    -5.212055782352E-02));
#4966 = DIRECTION('',(0.972799174228,1.20737321835E-02,0.231335236428));
#4967 = PCURVE('',#3361,#4968);
#4968 = DEFINITIONAL_REPRESENTATION('',(#4969),#4973);
#4969 = LINE('',#4970,#4971);
#4970 = CARTESIAN_POINT('',(0.,-4.25));
#4971 = VECTOR('',#4972,1.);
#4972 = DIRECTION('',(1.,0.));
#4973 = ( GEOMETRIC_REPRESENTATION_CONTEXT(2) 
PARAMETRIC_REPRESENTATION_CONTEXT() REPRESENTATION_CONTEXT('2D SPACE',''
  ) );
#4974 = PCURVE('',#4975,#4980);
#4975 = PLANE('',#4976);
#4976 = AXIS2_PLACEMENT_3D('',#4977,#4978,#4979);
#4977 = CARTESIAN_POINT('',(-94.10250594613,0.249660200003,
    -23.99588934508));
#4978 = DIRECTION('',(0.,0.998640800014,-5.212055782352E-02));
#4979 = DIRECTION('',(0.972799174228,1.20737321835E-02,0.231335236428));
#4980 = DEFINITIONAL_REPRESENTATION('',(#4981),#4985);
#4981 = CIRCLE('',#4982,98.602505946136);
#4982 = AXIS2_PLACEMENT_2D('',#4983,#4984);
#4983 = CARTESIAN_POINT('',(0.,0.));
#4984 = DIRECTION('',(1.,-2.511122226755E-17));
#4985 = ( GEOMETRIC_REPRESENTATION_CONTEXT(2) 
PARAMETRIC_REPRESENTATION_CONTEXT() REPRESENTATION_CONTEXT('2D SPACE',''
  ) );
#4986 = ORIENTED_EDGE('',*,*,#4987,.T.);
#4987 = EDGE_CURVE('',#4959,#4988,#4990,.T.);
#4988 = VERTEX_POINT('',#4989);
#4989 = CARTESIAN_POINT('',(4.265374950716,3.599903452778,-17.3633892985
    ));
#4990 = SURFACE_CURVE('',#4991,(#4995,#5002),.PCURVE_S1.);
#4991 = LINE('',#4992,#4993);
#4992 = CARTESIAN_POINT('',(4.265374950716,2.101942252758,
    -17.28520846177));
#4993 = VECTOR('',#4994,1.);
#4994 = DIRECTION('',(0.,0.998640800014,-5.212055782352E-02));
#4995 = PCURVE('',#3361,#4996);
#4996 = DEFINITIONAL_REPRESENTATION('',(#4997),#5001);
#4997 = LINE('',#4998,#4999);
#4998 = CARTESIAN_POINT('',(0.164774326307,-2.75));
#4999 = VECTOR('',#5000,1.);
#5000 = DIRECTION('',(0.,1.));
#5001 = ( GEOMETRIC_REPRESENTATION_CONTEXT(2) 
PARAMETRIC_REPRESENTATION_CONTEXT() REPRESENTATION_CONTEXT('2D SPACE',''
  ) );
#5002 = PCURVE('',#5003,#5008);
#5003 = PLANE('',#5004);
#5004 = AXIS2_PLACEMENT_3D('',#5005,#5006,#5007);
#5005 = CARTESIAN_POINT('',(11.248718423286,2.127096237896,
    -16.80325284021));
#5006 = DIRECTION('',(-6.894451245988E-02,5.199653675193E-02,
    0.996264530317));
#5007 = DIRECTION('',(0.997620496081,3.593426448279E-03,
    6.88508030795E-02));
#5008 = DEFINITIONAL_REPRESENTATION('',(#5009),#5013);
#5009 = LINE('',#5010,#5011);
#5010 = CARTESIAN_POINT('',(-7.,0.));
#5011 = VECTOR('',#5012,1.);
#5012 = DIRECTION('',(0.,1.));
#5013 = ( GEOMETRIC_REPRESENTATION_CONTEXT(2) 
PARAMETRIC_REPRESENTATION_CONTEXT() REPRESENTATION_CONTEXT('2D SPACE',''
  ) );
#5014 = ORIENTED_EDGE('',*,*,#5015,.T.);
#5015 = EDGE_CURVE('',#4988,#5016,#5018,.T.);
#5016 = VERTEX_POINT('',#5017);
#5017 = CARTESIAN_POINT('',(4.318043536285,3.557652099197,
    -18.17293407898));
#5018 = SURFACE_CURVE('',#5019,(#5024,#5031),.PCURVE_S1.);
#5019 = CIRCLE('',#5020,98.602505946136);
#5020 = AXIS2_PLACEMENT_3D('',#5021,#5022,#5023);
#5021 = CARTESIAN_POINT('',(-94.10250594613,3.245582600045,
    -24.15225101855));
#5022 = DIRECTION('',(2.124966783084E-19,0.998640800014,
    -5.212055782352E-02));
#5023 = DIRECTION('',(0.997620496081,3.593426448279E-03,
    6.88508030795E-02));
#5024 = PCURVE('',#3361,#5025);
#5025 = DEFINITIONAL_REPRESENTATION('',(#5026),#5030);
#5026 = LINE('',#5027,#5028);
#5027 = CARTESIAN_POINT('',(0.164774326307,-1.25));
#5028 = VECTOR('',#5029,1.);
#5029 = DIRECTION('',(1.,0.));
#5030 = ( GEOMETRIC_REPRESENTATION_CONTEXT(2) 
PARAMETRIC_REPRESENTATION_CONTEXT() REPRESENTATION_CONTEXT('2D SPACE',''
  ) );
#5031 = PCURVE('',#5032,#5037);
#5032 = PLANE('',#5033);
#5033 = AXIS2_PLACEMENT_3D('',#5034,#5035,#5036);
#5034 = CARTESIAN_POINT('',(-94.10250594613,3.245582600045,
    -24.15225101855));
#5035 = DIRECTION('',(0.,0.998640800014,-5.212055782352E-02));
#5036 = DIRECTION('',(0.997620496081,3.593426448279E-03,
    6.88508030795E-02));
#5037 = DEFINITIONAL_REPRESENTATION('',(#5038),#5042);
#5038 = CIRCLE('',#5039,98.602505946136);
#5039 = AXIS2_PLACEMENT_2D('',#5040,#5041);
#5040 = CARTESIAN_POINT('',(0.,0.));
#5041 = DIRECTION('',(1.,3.603066316328E-17));
#5042 = ( GEOMETRIC_REPRESENTATION_CONTEXT(2) 
PARAMETRIC_REPRESENTATION_CONTEXT() REPRESENTATION_CONTEXT('2D SPACE',''
  ) );
#5043 = ORIENTED_EDGE('',*,*,#5044,.F.);
#5044 = EDGE_CURVE('',#5045,#5016,#5047,.T.);
#5045 = VERTEX_POINT('',#5046);
#5046 = CARTESIAN_POINT('',(4.318043536285,3.357923939195,
    -18.16250996742));
#5047 = SURFACE_CURVE('',#5048,(#5052,#5059),.PCURVE_S1.);
#5048 = LINE('',#5049,#5050);
#5049 = CARTESIAN_POINT('',(4.318043536285,2.059690899177,
    -18.09475324225));
#5050 = VECTOR('',#5051,1.);
#5051 = DIRECTION('',(0.,0.998640800014,-5.212055782352E-02));
#5052 = PCURVE('',#3361,#5053);
#5053 = DEFINITIONAL_REPRESENTATION('',(#5054),#5058);
#5054 = LINE('',#5055,#5056);
#5055 = CARTESIAN_POINT('',(0.173013042622,-2.75));
#5056 = VECTOR('',#5057,1.);
#5057 = DIRECTION('',(0.,1.));
#5058 = ( GEOMETRIC_REPRESENTATION_CONTEXT(2) 
PARAMETRIC_REPRESENTATION_CONTEXT() REPRESENTATION_CONTEXT('2D SPACE',''
  ) );
#5059 = PCURVE('',#5060,#5065);
#5060 = PLANE('',#5061);
#5061 = AXIS2_PLACEMENT_3D('',#5062,#5063,#5064);
#5062 = CARTESIAN_POINT('',(11.305126062903,2.081845371551,
    -17.67026891322));
#5063 = DIRECTION('',(-6.072315334164E-02,5.202437697804E-02,
    0.996797954878));
#5064 = DIRECTION('',(0.99815464666,3.164924624969E-03,
    6.064061843245E-02));
#5065 = DEFINITIONAL_REPRESENTATION('',(#5066),#5070);
#5066 = LINE('',#5067,#5068);
#5067 = CARTESIAN_POINT('',(-7.,0.));
#5068 = VECTOR('',#5069,1.);
#5069 = DIRECTION('',(0.,1.));
#5070 = ( GEOMETRIC_REPRESENTATION_CONTEXT(2) 
PARAMETRIC_REPRESENTATION_CONTEXT() REPRESENTATION_CONTEXT('2D SPACE',''
  ) );
#5071 = ORIENTED_EDGE('',*,*,#5072,.T.);
#5072 = EDGE_CURVE('',#5045,#5073,#5075,.T.);
#5073 = VERTEX_POINT('',#5074);
#5074 = CARTESIAN_POINT('',(4.398788905227,3.278647814603,
    -19.68145711207));
#5075 = SURFACE_CURVE('',#5076,(#5081,#5088),.PCURVE_S1.);
#5076 = CIRCLE('',#5077,98.602505946136);
#5077 = AXIS2_PLACEMENT_3D('',#5078,#5079,#5080);
#5078 = CARTESIAN_POINT('',(-94.10250594613,3.045854440042,
    -24.14182690698));
#5079 = DIRECTION('',(-1.15327649366E-19,0.998640800014,
    -5.212055782352E-02));
#5080 = DIRECTION('',(0.99815464666,3.164924624969E-03,
    6.064061843245E-02));
#5081 = PCURVE('',#3361,#5082);
#5082 = DEFINITIONAL_REPRESENTATION('',(#5083),#5087);
#5083 = LINE('',#5084,#5085);
#5084 = CARTESIAN_POINT('',(0.173013042622,-1.45));
#5085 = VECTOR('',#5086,1.);
#5086 = DIRECTION('',(1.,0.));
#5087 = ( GEOMETRIC_REPRESENTATION_CONTEXT(2) 
PARAMETRIC_REPRESENTATION_CONTEXT() REPRESENTATION_CONTEXT('2D SPACE',''
  ) );
#5088 = PCURVE('',#5089,#5094);
#5089 = PLANE('',#5090);
#5090 = AXIS2_PLACEMENT_3D('',#5091,#5092,#5093);
#5091 = CARTESIAN_POINT('',(-94.10250594613,3.045854440042,
    -24.14182690698));
#5092 = DIRECTION('',(0.,0.998640800014,-5.212055782352E-02));
#5093 = DIRECTION('',(0.99815464666,3.164924624969E-03,
    6.064061843245E-02));
#5094 = DEFINITIONAL_REPRESENTATION('',(#5095),#5099);
#5095 = CIRCLE('',#5096,98.602505946136);
#5096 = AXIS2_PLACEMENT_2D('',#5097,#5098);
#5097 = CARTESIAN_POINT('',(0.,0.));
#5098 = DIRECTION('',(1.,-0.));
#5099 = ( GEOMETRIC_REPRESENTATION_CONTEXT(2) 
PARAMETRIC_REPRESENTATION_CONTEXT() REPRESENTATION_CONTEXT('2D SPACE',''
  ) );
#5100 = ORIENTED_EDGE('',*,*,#5101,.F.);
#5101 = EDGE_CURVE('',#5102,#5073,#5104,.T.);
#5102 = VERTEX_POINT('',#5103);
#5103 = CARTESIAN_POINT('',(4.398788905227,0.482453574565,
    -19.53551955017));
#5104 = SURFACE_CURVE('',#5105,(#5109,#5116),.PCURVE_S1.);
#5105 = LINE('',#5106,#5107);
#5106 = CARTESIAN_POINT('',(4.398788905227,1.880550694584,
    -19.60848833112));
#5107 = VECTOR('',#5108,1.);
#5108 = DIRECTION('',(0.,0.998640800014,-5.212055782352E-02));
#5109 = PCURVE('',#3361,#5110);
#5110 = DEFINITIONAL_REPRESENTATION('',(#5111),#5115);
#5111 = LINE('',#5112,#5113);
#5112 = CARTESIAN_POINT('',(0.188460635714,-2.85));
#5113 = VECTOR('',#5114,1.);
#5114 = DIRECTION('',(0.,1.));
#5115 = ( GEOMETRIC_REPRESENTATION_CONTEXT(2) 
PARAMETRIC_REPRESENTATION_CONTEXT() REPRESENTATION_CONTEXT('2D SPACE',''
  ) );
#5116 = PCURVE('',#5117,#5122);
#5117 = PLANE('',#5118);
#5118 = AXIS2_PLACEMENT_3D('',#5119,#5120,#5121);
#5119 = CARTESIAN_POINT('',(5.148019063524,1.88232139026,-19.57456143125
    ));
#5120 = DIRECTION('',(-4.529743476627E-02,5.206705838487E-02,
    0.997615739568));
#5121 = DIRECTION('',(0.998973544396,2.360927567992E-03,
    4.523586649356E-02));
#5122 = DEFINITIONAL_REPRESENTATION('',(#5123),#5127);
#5123 = LINE('',#5124,#5125);
#5124 = CARTESIAN_POINT('',(-0.75,0.));
#5125 = VECTOR('',#5126,1.);
#5126 = DIRECTION('',(0.,1.));
#5127 = ( GEOMETRIC_REPRESENTATION_CONTEXT(2) 
PARAMETRIC_REPRESENTATION_CONTEXT() REPRESENTATION_CONTEXT('2D SPACE',''
  ) );
#5128 = ORIENTED_EDGE('',*,*,#5129,.T.);
#5129 = EDGE_CURVE('',#5102,#5130,#5132,.T.);
#5130 = VERTEX_POINT('',#5131);
#5131 = CARTESIAN_POINT('',(3.722777490028,-0.39433585173,
    -36.33498852521));
#5132 = SURFACE_CURVE('',#5133,(#5138,#5145),.PCURVE_S1.);
#5133 = CIRCLE('',#5134,98.602505946136);
#5134 = AXIS2_PLACEMENT_3D('',#5135,#5136,#5137);
#5135 = CARTESIAN_POINT('',(-94.10250594613,0.249660200003,
    -23.99588934508));
#5136 = DIRECTION('',(-8.971110896991E-19,0.998640800014,
    -5.212055782352E-02));
#5137 = DIRECTION('',(0.972799174228,1.20737321835E-02,0.231335236428));
#5138 = PCURVE('',#3361,#5139);
#5139 = DEFINITIONAL_REPRESENTATION('',(#5140),#5144);
#5140 = LINE('',#5141,#5142);
#5141 = CARTESIAN_POINT('',(0.,-4.25));
#5142 = VECTOR('',#5143,1.);
#5143 = DIRECTION('',(1.,0.));
#5144 = ( GEOMETRIC_REPRESENTATION_CONTEXT(2) 
PARAMETRIC_REPRESENTATION_CONTEXT() REPRESENTATION_CONTEXT('2D SPACE',''
  ) );
#5145 = PCURVE('',#5146,#5151);
#5146 = PLANE('',#5147);
#5147 = AXIS2_PLACEMENT_3D('',#5148,#5149,#5150);
#5148 = CARTESIAN_POINT('',(-94.10250594613,0.249660200003,
    -23.99588934508));
#5149 = DIRECTION('',(0.,0.998640800014,-5.212055782352E-02));
#5150 = DIRECTION('',(0.972799174228,1.20737321835E-02,0.231335236428));
#5151 = DEFINITIONAL_REPRESENTATION('',(#5152),#5156);
#5152 = CIRCLE('',#5153,98.602505946136);
#5153 = AXIS2_PLACEMENT_2D('',#5154,#5155);
#5154 = CARTESIAN_POINT('',(0.,0.));
#5155 = DIRECTION('',(1.,2.702299737246E-17));
#5156 = ( GEOMETRIC_REPRESENTATION_CONTEXT(2) 
PARAMETRIC_REPRESENTATION_CONTEXT() REPRESENTATION_CONTEXT('2D SPACE',''
  ) );
#5157 = ORIENTED_EDGE('',*,*,#5158,.T.);
#5158 = EDGE_CURVE('',#5130,#5159,#5161,.T.);
#5159 = VERTEX_POINT('',#5160);
#5160 = CARTESIAN_POINT('',(3.722777490028,2.401858388309,
    -36.48092608712));
#5161 = SURFACE_CURVE('',#5162,(#5166,#5173),.PCURVE_S1.);
#5162 = LINE('',#5163,#5164);
#5163 = CARTESIAN_POINT('',(3.722777490028,1.00376126829,-36.40795730617
    ));
#5164 = VECTOR('',#5165,1.);
#5165 = DIRECTION('',(0.,0.998640800014,-5.212055782352E-02));
#5166 = PCURVE('',#3361,#5167);
#5167 = DEFINITIONAL_REPRESENTATION('',(#5168),#5172);
#5168 = LINE('',#5169,#5170);
#5169 = CARTESIAN_POINT('',(0.359413999257,-2.85));
#5170 = VECTOR('',#5171,1.);
#5171 = DIRECTION('',(0.,1.));
#5172 = ( GEOMETRIC_REPRESENTATION_CONTEXT(2) 
PARAMETRIC_REPRESENTATION_CONTEXT() REPRESENTATION_CONTEXT('2D SPACE',''
  ) );
#5173 = PCURVE('',#5174,#5179);
#5174 = PLANE('',#5175);
#5175 = AXIS2_PLACEMENT_3D('',#5176,#5177,#5178);
#5176 = CARTESIAN_POINT('',(4.46686570435,0.998862842695,-36.5018121661)
  );
#5177 = DIRECTION('',(0.125310134784,5.170972373381E-02,0.990769132842)
  );
#5178 = DIRECTION('',(0.992117619096,-6.531234125883E-03,-0.125139813251
    ));
#5179 = DEFINITIONAL_REPRESENTATION('',(#5180),#5184);
#5180 = LINE('',#5181,#5182);
#5181 = CARTESIAN_POINT('',(-0.75,0.));
#5182 = VECTOR('',#5183,1.);
#5183 = DIRECTION('',(0.,1.));
#5184 = ( GEOMETRIC_REPRESENTATION_CONTEXT(2) 
PARAMETRIC_REPRESENTATION_CONTEXT() REPRESENTATION_CONTEXT('2D SPACE',''
  ) );
#5185 = ORIENTED_EDGE('',*,*,#5186,.T.);
#5186 = EDGE_CURVE('',#5159,#5187,#5189,.T.);
#5187 = VERTEX_POINT('',#5188);
#5188 = CARTESIAN_POINT('',(3.520244568677,2.323175585276,-37.9885050665
    ));
#5189 = SURFACE_CURVE('',#5190,(#5195,#5202),.PCURVE_S1.);
#5190 = CIRCLE('',#5191,98.602505946136);
#5191 = AXIS2_PLACEMENT_3D('',#5192,#5193,#5194);
#5192 = CARTESIAN_POINT('',(-94.10250594613,3.045854440042,
    -24.14182690698));
#5193 = DIRECTION('',(2.877417187825E-19,0.998640800014,
    -5.212055782352E-02));
#5194 = DIRECTION('',(0.992117619096,-6.531234125883E-03,-0.125139813251
    ));
#5195 = PCURVE('',#3361,#5196);
#5196 = DEFINITIONAL_REPRESENTATION('',(#5197),#5201);
#5197 = LINE('',#5198,#5199);
#5198 = CARTESIAN_POINT('',(0.359413999257,-1.45));
#5199 = VECTOR('',#5200,1.);
#5200 = DIRECTION('',(1.,0.));
#5201 = ( GEOMETRIC_REPRESENTATION_CONTEXT(2) 
PARAMETRIC_REPRESENTATION_CONTEXT() REPRESENTATION_CONTEXT('2D SPACE',''
  ) );
#5202 = PCURVE('',#5203,#5208);
#5203 = PLANE('',#5204);
#5204 = AXIS2_PLACEMENT_3D('',#5205,#5206,#5207);
#5205 = CARTESIAN_POINT('',(-94.10250594613,3.045854440042,
    -24.14182690698));
#5206 = DIRECTION('',(0.,0.998640800014,-5.212055782352E-02));
#5207 = DIRECTION('',(0.992117619096,-6.531234125883E-03,-0.125139813251
    ));
#5208 = DEFINITIONAL_REPRESENTATION('',(#5209),#5213);
#5209 = CIRCLE('',#5210,98.602505946136);
#5210 = AXIS2_PLACEMENT_2D('',#5211,#5212);
#5211 = CARTESIAN_POINT('',(0.,0.));
#5212 = DIRECTION('',(1.,-0.));
#5213 = ( GEOMETRIC_REPRESENTATION_CONTEXT(2) 
PARAMETRIC_REPRESENTATION_CONTEXT() REPRESENTATION_CONTEXT('2D SPACE',''
  ) );
#5214 = ORIENTED_EDGE('',*,*,#5215,.F.);
#5215 = EDGE_CURVE('',#5216,#5187,#5218,.T.);
#5216 = VERTEX_POINT('',#5217);
#5217 = CARTESIAN_POINT('',(3.520244568677,-0.473018654763,
    -37.84256750459));
#5218 = SURFACE_CURVE('',#5219,(#5223,#5230),.PCURVE_S1.);
#5219 = LINE('',#5220,#5221);
#5220 = CARTESIAN_POINT('',(3.520244568677,0.925078465257,
    -37.91553628554));
#5221 = VECTOR('',#5222,1.);
#5222 = DIRECTION('',(0.,0.998640800014,-5.212055782352E-02));
#5223 = PCURVE('',#3361,#5224);
#5224 = DEFINITIONAL_REPRESENTATION('',(#5225),#5229);
#5225 = LINE('',#5226,#5227);
#5226 = CARTESIAN_POINT('',(0.374861592349,-2.85));
#5227 = VECTOR('',#5228,1.);
#5228 = DIRECTION('',(0.,1.));
#5229 = ( GEOMETRIC_REPRESENTATION_CONTEXT(2) 
PARAMETRIC_REPRESENTATION_CONTEXT() REPRESENTATION_CONTEXT('2D SPACE',''
  ) );
#5230 = PCURVE('',#5231,#5236);
#5231 = PLANE('',#5232);
#5232 = AXIS2_PLACEMENT_3D('',#5233,#5234,#5235);
#5233 = CARTESIAN_POINT('',(4.262792257335,0.91958155485,-38.02085823979
    ));
#5234 = DIRECTION('',(0.140620403576,5.16026663245E-02,0.988717890465));
#5235 = DIRECTION('',(0.990063584876,-7.329213875769E-03,-0.140429272326
    ));
#5236 = DEFINITIONAL_REPRESENTATION('',(#5237),#5241);
#5237 = LINE('',#5238,#5239);
#5238 = CARTESIAN_POINT('',(-0.75,0.));
#5239 = VECTOR('',#5240,1.);
#5240 = DIRECTION('',(0.,1.));
#5241 = ( GEOMETRIC_REPRESENTATION_CONTEXT(2) 
PARAMETRIC_REPRESENTATION_CONTEXT() REPRESENTATION_CONTEXT('2D SPACE',''
  ) );
#5242 = ORIENTED_EDGE('',*,*,#5243,.T.);
#5243 = EDGE_CURVE('',#5216,#5244,#5246,.T.);
#5244 = VERTEX_POINT('',#5245);
#5245 = CARTESIAN_POINT('',(3.476940931399,-0.488735121722,
    -38.14369830198));
#5246 = SURFACE_CURVE('',#5247,(#5252,#5259),.PCURVE_S1.);
#5247 = CIRCLE('',#5248,98.602505946136);
#5248 = AXIS2_PLACEMENT_3D('',#5249,#5250,#5251);
#5249 = CARTESIAN_POINT('',(-94.10250594613,0.249660200003,
    -23.99588934508));
#5250 = DIRECTION('',(-8.971110896991E-19,0.998640800014,
    -5.212055782352E-02));
#5251 = DIRECTION('',(0.972799174228,1.20737321835E-02,0.231335236428));
#5252 = PCURVE('',#3361,#5253);
#5253 = DEFINITIONAL_REPRESENTATION('',(#5254),#5258);
#5254 = LINE('',#5255,#5256);
#5255 = CARTESIAN_POINT('',(0.,-4.25));
#5256 = VECTOR('',#5257,1.);
#5257 = DIRECTION('',(1.,0.));
#5258 = ( GEOMETRIC_REPRESENTATION_CONTEXT(2) 
PARAMETRIC_REPRESENTATION_CONTEXT() REPRESENTATION_CONTEXT('2D SPACE',''
  ) );
#5259 = PCURVE('',#5146,#5260);
#5260 = DEFINITIONAL_REPRESENTATION('',(#5261),#5265);
#5261 = CIRCLE('',#5262,98.602505946136);
#5262 = AXIS2_PLACEMENT_2D('',#5263,#5264);
#5263 = CARTESIAN_POINT('',(0.,0.));
#5264 = DIRECTION('',(1.,2.702299737246E-17));
#5265 = ( GEOMETRIC_REPRESENTATION_CONTEXT(2) 
PARAMETRIC_REPRESENTATION_CONTEXT() REPRESENTATION_CONTEXT('2D SPACE',''
  ) );
#5266 = ORIENTED_EDGE('',*,*,#5267,.T.);
#5267 = EDGE_CURVE('',#5244,#3345,#5268,.T.);
#5268 = SURFACE_CURVE('',#5269,(#5273,#5280),.PCURVE_S1.);
#5269 = LINE('',#5270,#5271);
#5270 = CARTESIAN_POINT('',(3.476940931399,3.755488278337,
    -38.36521067273));
#5271 = VECTOR('',#5272,1.);
#5272 = DIRECTION('',(0.,0.998640800014,-5.212055782352E-02));
#5273 = PCURVE('',#3361,#5274);
#5274 = DEFINITIONAL_REPRESENTATION('',(#5275),#5279);
#5275 = LINE('',#5276,#5277);
#5276 = CARTESIAN_POINT('',(0.377951110967,0.));
#5277 = VECTOR('',#5278,1.);
#5278 = DIRECTION('',(0.,1.));
#5279 = ( GEOMETRIC_REPRESENTATION_CONTEXT(2) 
PARAMETRIC_REPRESENTATION_CONTEXT() REPRESENTATION_CONTEXT('2D SPACE',''
  ) );
#5280 = PCURVE('',#3442,#5281);
#5281 = DEFINITIONAL_REPRESENTATION('',(#5282),#5286);
#5282 = LINE('',#5283,#5284);
#5283 = CARTESIAN_POINT('',(-7.,0.));
#5284 = VECTOR('',#5285,1.);
#5285 = DIRECTION('',(0.,1.));
#5286 = ( GEOMETRIC_REPRESENTATION_CONTEXT(2) 
PARAMETRIC_REPRESENTATION_CONTEXT() REPRESENTATION_CONTEXT('2D SPACE',''
  ) );
#5287 = ORIENTED_EDGE('',*,*,#3342,.F.);
#5288 = ADVANCED_FACE('',(#5289),#3388,.F.);
#5289 = FACE_BOUND('',#5290,.F.);
#5290 = EDGE_LOOP('',(#5291,#5292,#5315,#5336));
#5291 = ORIENTED_EDGE('',*,*,#4935,.F.);
#5292 = ORIENTED_EDGE('',*,*,#5293,.F.);
#5293 = EDGE_CURVE('',#5294,#4936,#5296,.T.);
#5294 = VERTEX_POINT('',#5295);
#5295 = CARTESIAN_POINT('',(15.437118854218,1.609192699988,
    2.053037990393));
#5296 = SURFACE_CURVE('',#5297,(#5301,#5308),.PCURVE_S1.);
#5297 = LINE('',#5298,#5299);
#5298 = CARTESIAN_POINT('',(15.437118854218,1.609192699988,
    2.053037990393));
#5299 = VECTOR('',#5300,1.);
#5300 = DIRECTION('',(-0.972799174228,-1.20737321835E-02,-0.231335236428
    ));
#5301 = PCURVE('',#3388,#5302);
#5302 = DEFINITIONAL_REPRESENTATION('',(#5303),#5307);
#5303 = LINE('',#5304,#5305);
#5304 = CARTESIAN_POINT('',(7.,-4.25));
#5305 = VECTOR('',#5306,1.);
#5306 = DIRECTION('',(-1.,-1.943533212165E-18));
#5307 = ( GEOMETRIC_REPRESENTATION_CONTEXT(2) 
PARAMETRIC_REPRESENTATION_CONTEXT() REPRESENTATION_CONTEXT('2D SPACE',''
  ) );
#5308 = PCURVE('',#4975,#5309);
#5309 = DEFINITIONAL_REPRESENTATION('',(#5310),#5314);
#5310 = LINE('',#5311,#5312);
#5311 = CARTESIAN_POINT('',(112.60250594613,1.546166900762E-15));
#5312 = VECTOR('',#5313,1.);
#5313 = DIRECTION('',(-1.,-1.061005761892E-18));
#5314 = ( GEOMETRIC_REPRESENTATION_CONTEXT(2) 
PARAMETRIC_REPRESENTATION_CONTEXT() REPRESENTATION_CONTEXT('2D SPACE',''
  ) );
#5315 = ORIENTED_EDGE('',*,*,#5316,.T.);
#5316 = EDGE_CURVE('',#5294,#3374,#5317,.T.);
#5317 = SURFACE_CURVE('',#5318,(#5322,#5329),.PCURVE_S1.);
#5318 = LINE('',#5319,#5320);
#5319 = CARTESIAN_POINT('',(15.437118854218,5.853416100046,
    1.831525619643));
#5320 = VECTOR('',#5321,1.);
#5321 = DIRECTION('',(0.,0.998640800014,-5.212055782352E-02));
#5322 = PCURVE('',#3388,#5323);
#5323 = DEFINITIONAL_REPRESENTATION('',(#5324),#5328);
#5324 = LINE('',#5325,#5326);
#5325 = CARTESIAN_POINT('',(7.,-2.049704254879E-16));
#5326 = VECTOR('',#5327,1.);
#5327 = DIRECTION('',(4.968971283657E-19,1.));
#5328 = ( GEOMETRIC_REPRESENTATION_CONTEXT(2) 
PARAMETRIC_REPRESENTATION_CONTEXT() REPRESENTATION_CONTEXT('2D SPACE',''
  ) );
#5329 = PCURVE('',#3417,#5330);
#5330 = DEFINITIONAL_REPRESENTATION('',(#5331),#5335);
#5331 = LINE('',#5332,#5333);
#5332 = CARTESIAN_POINT('',(0.,0.));
#5333 = VECTOR('',#5334,1.);
#5334 = DIRECTION('',(0.,1.));
#5335 = ( GEOMETRIC_REPRESENTATION_CONTEXT(2) 
PARAMETRIC_REPRESENTATION_CONTEXT() REPRESENTATION_CONTEXT('2D SPACE',''
  ) );
#5336 = ORIENTED_EDGE('',*,*,#3373,.T.);
#5337 = ADVANCED_FACE('',(#5338),#3442,.T.);
#5338 = FACE_BOUND('',#5339,.T.);
#5339 = EDGE_LOOP('',(#5340,#5341,#5364,#5385));
#5340 = ORIENTED_EDGE('',*,*,#5267,.F.);
#5341 = ORIENTED_EDGE('',*,*,#5342,.T.);
#5342 = EDGE_CURVE('',#5244,#5343,#5345,.T.);
#5343 = VERTEX_POINT('',#5344);
#5344 = CARTESIAN_POINT('',(17.331682686459,-0.593575606302,
    -40.15246393624));
#5345 = SURFACE_CURVE('',#5346,(#5350,#5357),.PCURVE_S1.);
#5346 = LINE('',#5347,#5348);
#5347 = CARTESIAN_POINT('',(10.404311808929,-0.541155364012,
    -39.14808111911));
#5348 = VECTOR('',#5349,1.);
#5349 = DIRECTION('',(0.989624411076,-7.4886060414E-03,-0.14348325959));
#5350 = PCURVE('',#3442,#5351);
#5351 = DEFINITIONAL_REPRESENTATION('',(#5352),#5356);
#5352 = LINE('',#5353,#5354);
#5353 = CARTESIAN_POINT('',(0.,-4.25));
#5354 = VECTOR('',#5355,1.);
#5355 = DIRECTION('',(1.,0.));
#5356 = ( GEOMETRIC_REPRESENTATION_CONTEXT(2) 
PARAMETRIC_REPRESENTATION_CONTEXT() REPRESENTATION_CONTEXT('2D SPACE',''
  ) );
#5357 = PCURVE('',#5146,#5358);
#5358 = DEFINITIONAL_REPRESENTATION('',(#5359),#5363);
#5359 = LINE('',#5360,#5361);
#5360 = CARTESIAN_POINT('',(98.149362051496,38.969115861001));
#5361 = VECTOR('',#5362,1.);
#5362 = DIRECTION('',(0.929422660685,0.369016961405));
#5363 = ( GEOMETRIC_REPRESENTATION_CONTEXT(2) 
PARAMETRIC_REPRESENTATION_CONTEXT() REPRESENTATION_CONTEXT('2D SPACE',''
  ) );
#5364 = ORIENTED_EDGE('',*,*,#5365,.T.);
#5365 = EDGE_CURVE('',#5343,#3401,#5366,.T.);
#5366 = SURFACE_CURVE('',#5367,(#5371,#5378),.PCURVE_S1.);
#5367 = LINE('',#5368,#5369);
#5368 = CARTESIAN_POINT('',(17.331682686459,3.650647793757,
    -40.37397630699));
#5369 = VECTOR('',#5370,1.);
#5370 = DIRECTION('',(0.,0.998640800014,-5.212055782352E-02));
#5371 = PCURVE('',#3442,#5372);
#5372 = DEFINITIONAL_REPRESENTATION('',(#5373),#5377);
#5373 = LINE('',#5374,#5375);
#5374 = CARTESIAN_POINT('',(7.,0.));
#5375 = VECTOR('',#5376,1.);
#5376 = DIRECTION('',(0.,1.));
#5377 = ( GEOMETRIC_REPRESENTATION_CONTEXT(2) 
PARAMETRIC_REPRESENTATION_CONTEXT() REPRESENTATION_CONTEXT('2D SPACE',''
  ) );
#5378 = PCURVE('',#3417,#5379);
#5379 = DEFINITIONAL_REPRESENTATION('',(#5380),#5384);
#5380 = LINE('',#5381,#5382);
#5381 = CARTESIAN_POINT('',(0.377951110967,0.));
#5382 = VECTOR('',#5383,1.);
#5383 = DIRECTION('',(0.,1.));
#5384 = ( GEOMETRIC_REPRESENTATION_CONTEXT(2) 
PARAMETRIC_REPRESENTATION_CONTEXT() REPRESENTATION_CONTEXT('2D SPACE',''
  ) );
#5385 = ORIENTED_EDGE('',*,*,#3429,.T.);
#5386 = ADVANCED_FACE('',(#5387),#3417,.F.);
#5387 = FACE_BOUND('',#5388,.F.);
#5388 = EDGE_LOOP('',(#5389,#5390,#5414,#5437,#5461,#5484,#5513,#5541,
    #5565,#5593,#5622,#5650,#5672,#5673));
#5389 = ORIENTED_EDGE('',*,*,#5316,.F.);
#5390 = ORIENTED_EDGE('',*,*,#5391,.T.);
#5391 = EDGE_CURVE('',#5294,#5392,#5394,.T.);
#5392 = VERTEX_POINT('',#5393);
#5393 = CARTESIAN_POINT('',(18.232061895855,0.654289023013,
    -16.24311638192));
#5394 = SURFACE_CURVE('',#5395,(#5400,#5407),.PCURVE_S1.);
#5395 = CIRCLE('',#5396,112.60250594613);
#5396 = AXIS2_PLACEMENT_3D('',#5397,#5398,#5399);
#5397 = CARTESIAN_POINT('',(-94.10250594613,0.249660200003,
    -23.99588934508));
#5398 = DIRECTION('',(7.386531621409E-19,0.998640800014,
    -5.212055782352E-02));
#5399 = DIRECTION('',(0.972799174228,1.20737321835E-02,0.231335236428));
#5400 = PCURVE('',#3417,#5401);
#5401 = DEFINITIONAL_REPRESENTATION('',(#5402),#5406);
#5402 = LINE('',#5403,#5404);
#5403 = CARTESIAN_POINT('',(0.,-4.25));
#5404 = VECTOR('',#5405,1.);
#5405 = DIRECTION('',(1.,0.));
#5406 = ( GEOMETRIC_REPRESENTATION_CONTEXT(2) 
PARAMETRIC_REPRESENTATION_CONTEXT() REPRESENTATION_CONTEXT('2D SPACE',''
  ) );
#5407 = PCURVE('',#4975,#5408);
#5408 = DEFINITIONAL_REPRESENTATION('',(#5409),#5413);
#5409 = CIRCLE('',#5410,112.60250594613);
#5410 = AXIS2_PLACEMENT_2D('',#5411,#5412);
#5411 = CARTESIAN_POINT('',(0.,0.));
#5412 = DIRECTION('',(1.,2.881658137752E-17));
#5413 = ( GEOMETRIC_REPRESENTATION_CONTEXT(2) 
PARAMETRIC_REPRESENTATION_CONTEXT() REPRESENTATION_CONTEXT('2D SPACE',''
  ) );
#5414 = ORIENTED_EDGE('',*,*,#5415,.T.);
#5415 = EDGE_CURVE('',#5392,#5416,#5418,.T.);
#5416 = VERTEX_POINT('',#5417);
#5417 = CARTESIAN_POINT('',(18.232061895855,3.650211423054,
    -16.39947805539));
#5418 = SURFACE_CURVE('',#5419,(#5423,#5430),.PCURVE_S1.);
#5419 = LINE('',#5420,#5421);
#5420 = CARTESIAN_POINT('',(18.232061895855,2.152250223033,
    -16.32129721866));
#5421 = VECTOR('',#5422,1.);
#5422 = DIRECTION('',(0.,0.998640800014,-5.212055782352E-02));
#5423 = PCURVE('',#3417,#5424);
#5424 = DEFINITIONAL_REPRESENTATION('',(#5425),#5429);
#5425 = LINE('',#5426,#5427);
#5426 = CARTESIAN_POINT('',(0.164774326307,-2.75));
#5427 = VECTOR('',#5428,1.);
#5428 = DIRECTION('',(0.,1.));
#5429 = ( GEOMETRIC_REPRESENTATION_CONTEXT(2) 
PARAMETRIC_REPRESENTATION_CONTEXT() REPRESENTATION_CONTEXT('2D SPACE',''
  ) );
#5430 = PCURVE('',#5003,#5431);
#5431 = DEFINITIONAL_REPRESENTATION('',(#5432),#5436);
#5432 = LINE('',#5433,#5434);
#5433 = CARTESIAN_POINT('',(7.,0.));
#5434 = VECTOR('',#5435,1.);
#5435 = DIRECTION('',(0.,1.));
#5436 = ( GEOMETRIC_REPRESENTATION_CONTEXT(2) 
PARAMETRIC_REPRESENTATION_CONTEXT() REPRESENTATION_CONTEXT('2D SPACE',''
  ) );
#5437 = ORIENTED_EDGE('',*,*,#5438,.T.);
#5438 = EDGE_CURVE('',#5416,#5439,#5441,.T.);
#5439 = VERTEX_POINT('',#5440);
#5440 = CARTESIAN_POINT('',(18.29220858952,3.601961043947,
    -17.32396542093));
#5441 = SURFACE_CURVE('',#5442,(#5447,#5454),.PCURVE_S1.);
#5442 = CIRCLE('',#5443,112.60250594613);
#5443 = AXIS2_PLACEMENT_3D('',#5444,#5445,#5446);
#5444 = CARTESIAN_POINT('',(-94.10250594613,3.245582600045,
    -24.15225101855));
#5445 = DIRECTION('',(2.092566748319E-19,0.998640800014,
    -5.212055782352E-02));
#5446 = DIRECTION('',(0.997620496081,3.593426448279E-03,
    6.88508030795E-02));
#5447 = PCURVE('',#3417,#5448);
#5448 = DEFINITIONAL_REPRESENTATION('',(#5449),#5453);
#5449 = LINE('',#5450,#5451);
#5450 = CARTESIAN_POINT('',(0.164774326307,-1.25));
#5451 = VECTOR('',#5452,1.);
#5452 = DIRECTION('',(1.,0.));
#5453 = ( GEOMETRIC_REPRESENTATION_CONTEXT(2) 
PARAMETRIC_REPRESENTATION_CONTEXT() REPRESENTATION_CONTEXT('2D SPACE',''
  ) );
#5454 = PCURVE('',#5032,#5455);
#5455 = DEFINITIONAL_REPRESENTATION('',(#5456),#5460);
#5456 = CIRCLE('',#5457,112.60250594613);
#5457 = AXIS2_PLACEMENT_2D('',#5458,#5459);
#5458 = CARTESIAN_POINT('',(0.,0.));
#5459 = DIRECTION('',(1.,3.155092907524E-17));
#5460 = ( GEOMETRIC_REPRESENTATION_CONTEXT(2) 
PARAMETRIC_REPRESENTATION_CONTEXT() REPRESENTATION_CONTEXT('2D SPACE',''
  ) );
#5461 = ORIENTED_EDGE('',*,*,#5462,.F.);
#5462 = EDGE_CURVE('',#5463,#5439,#5465,.T.);
#5463 = VERTEX_POINT('',#5464);
#5464 = CARTESIAN_POINT('',(18.29220858952,3.402232883944,
    -17.31354130936));
#5465 = SURFACE_CURVE('',#5466,(#5470,#5477),.PCURVE_S1.);
#5466 = LINE('',#5467,#5468);
#5467 = CARTESIAN_POINT('',(18.29220858952,2.103999843926,
    -17.24578458419));
#5468 = VECTOR('',#5469,1.);
#5469 = DIRECTION('',(0.,0.998640800014,-5.212055782352E-02));
#5470 = PCURVE('',#3417,#5471);
#5471 = DEFINITIONAL_REPRESENTATION('',(#5472),#5476);
#5472 = LINE('',#5473,#5474);
#5473 = CARTESIAN_POINT('',(0.173013042622,-2.75));
#5474 = VECTOR('',#5475,1.);
#5475 = DIRECTION('',(0.,1.));
#5476 = ( GEOMETRIC_REPRESENTATION_CONTEXT(2) 
PARAMETRIC_REPRESENTATION_CONTEXT() REPRESENTATION_CONTEXT('2D SPACE',''
  ) );
#5477 = PCURVE('',#5060,#5478);
#5478 = DEFINITIONAL_REPRESENTATION('',(#5479),#5483);
#5479 = LINE('',#5480,#5481);
#5480 = CARTESIAN_POINT('',(7.,0.));
#5481 = VECTOR('',#5482,1.);
#5482 = DIRECTION('',(0.,1.));
#5483 = ( GEOMETRIC_REPRESENTATION_CONTEXT(2) 
PARAMETRIC_REPRESENTATION_CONTEXT() REPRESENTATION_CONTEXT('2D SPACE',''
  ) );
#5484 = ORIENTED_EDGE('',*,*,#5485,.T.);
#5485 = EDGE_CURVE('',#5463,#5486,#5488,.T.);
#5486 = VERTEX_POINT('',#5487);
#5487 = CARTESIAN_POINT('',(18.384418526775,3.311700800555,
    -19.04815498116));
#5488 = SURFACE_CURVE('',#5489,(#5494,#5501),.PCURVE_S1.);
#5489 = CIRCLE('',#5490,112.60250594613);
#5490 = AXIS2_PLACEMENT_3D('',#5491,#5492,#5493);
#5491 = CARTESIAN_POINT('',(-94.10250594613,3.045854440042,
    -24.14182690698));
#5492 = DIRECTION('',(-1.222709779221E-19,0.998640800014,
    -5.212055782352E-02));
#5493 = DIRECTION('',(0.99815464666,3.164924624969E-03,
    6.064061843245E-02));
#5494 = PCURVE('',#3417,#5495);
#5495 = DEFINITIONAL_REPRESENTATION('',(#5496),#5500);
#5496 = LINE('',#5497,#5498);
#5497 = CARTESIAN_POINT('',(0.173013042622,-1.45));
#5498 = VECTOR('',#5499,1.);
#5499 = DIRECTION('',(1.,0.));
#5500 = ( GEOMETRIC_REPRESENTATION_CONTEXT(2) 
PARAMETRIC_REPRESENTATION_CONTEXT() REPRESENTATION_CONTEXT('2D SPACE',''
  ) );
#5501 = PCURVE('',#5502,#5507);
#5502 = PLANE('',#5503);
#5503 = AXIS2_PLACEMENT_3D('',#5504,#5505,#5506);
#5504 = CARTESIAN_POINT('',(-94.10250594613,3.045854440042,
    -24.14182690698));
#5505 = DIRECTION('',(0.,0.998640800014,-5.212055782352E-02));
#5506 = DIRECTION('',(0.99815464666,3.164924624969E-03,
    6.064061843245E-02));
#5507 = DEFINITIONAL_REPRESENTATION('',(#5508),#5512);
#5508 = CIRCLE('',#5509,112.60250594613);
#5509 = AXIS2_PLACEMENT_2D('',#5510,#5511);
#5510 = CARTESIAN_POINT('',(0.,0.));
#5511 = DIRECTION('',(1.,3.155092907524E-17));
#5512 = ( GEOMETRIC_REPRESENTATION_CONTEXT(2) 
PARAMETRIC_REPRESENTATION_CONTEXT() REPRESENTATION_CONTEXT('2D SPACE',''
  ) );
#5513 = ORIENTED_EDGE('',*,*,#5514,.F.);
#5514 = EDGE_CURVE('',#5515,#5486,#5517,.T.);
#5515 = VERTEX_POINT('',#5516);
#5516 = CARTESIAN_POINT('',(18.384418526775,0.515506560517,
    -18.90221741926));
#5517 = SURFACE_CURVE('',#5518,(#5522,#5529),.PCURVE_S1.);
#5518 = LINE('',#5519,#5520);
#5519 = CARTESIAN_POINT('',(18.384418526775,1.913603680536,
    -18.97518620021));
#5520 = VECTOR('',#5521,1.);
#5521 = DIRECTION('',(0.,0.998640800014,-5.212055782352E-02));
#5522 = PCURVE('',#3417,#5523);
#5523 = DEFINITIONAL_REPRESENTATION('',(#5524),#5528);
#5524 = LINE('',#5525,#5526);
#5525 = CARTESIAN_POINT('',(0.188460635714,-2.85));
#5526 = VECTOR('',#5527,1.);
#5527 = DIRECTION('',(0.,1.));
#5528 = ( GEOMETRIC_REPRESENTATION_CONTEXT(2) 
PARAMETRIC_REPRESENTATION_CONTEXT() REPRESENTATION_CONTEXT('2D SPACE',''
  ) );
#5529 = PCURVE('',#5530,#5535);
#5530 = PLANE('',#5531);
#5531 = AXIS2_PLACEMENT_3D('',#5532,#5533,#5534);
#5532 = CARTESIAN_POINT('',(17.635188368478,1.91183298486,
    -19.00911310008));
#5533 = DIRECTION('',(-4.529743476627E-02,5.206705838487E-02,
    0.997615739568));
#5534 = DIRECTION('',(0.998973544396,2.360927567992E-03,
    4.523586649356E-02));
#5535 = DEFINITIONAL_REPRESENTATION('',(#5536),#5540);
#5536 = LINE('',#5537,#5538);
#5537 = CARTESIAN_POINT('',(0.75,0.));
#5538 = VECTOR('',#5539,1.);
#5539 = DIRECTION('',(0.,1.));
#5540 = ( GEOMETRIC_REPRESENTATION_CONTEXT(2) 
PARAMETRIC_REPRESENTATION_CONTEXT() REPRESENTATION_CONTEXT('2D SPACE',''
  ) );
#5541 = ORIENTED_EDGE('',*,*,#5542,.T.);
#5542 = EDGE_CURVE('',#5515,#5543,#5545,.T.);
#5543 = VERTEX_POINT('',#5544);
#5544 = CARTESIAN_POINT('',(17.61242415737,-0.485773129492,
    -38.08694591072));
#5545 = SURFACE_CURVE('',#5546,(#5551,#5558),.PCURVE_S1.);
#5546 = CIRCLE('',#5547,112.60250594613);
#5547 = AXIS2_PLACEMENT_3D('',#5548,#5549,#5550);
#5548 = CARTESIAN_POINT('',(-94.10250594613,0.249660200003,
    -23.99588934508));
#5549 = DIRECTION('',(7.386531621409E-19,0.998640800014,
    -5.212055782352E-02));
#5550 = DIRECTION('',(0.972799174228,1.20737321835E-02,0.231335236428));
#5551 = PCURVE('',#3417,#5552);
#5552 = DEFINITIONAL_REPRESENTATION('',(#5553),#5557);
#5553 = LINE('',#5554,#5555);
#5554 = CARTESIAN_POINT('',(0.,-4.25));
#5555 = VECTOR('',#5556,1.);
#5556 = DIRECTION('',(1.,0.));
#5557 = ( GEOMETRIC_REPRESENTATION_CONTEXT(2) 
PARAMETRIC_REPRESENTATION_CONTEXT() REPRESENTATION_CONTEXT('2D SPACE',''
  ) );
#5558 = PCURVE('',#5146,#5559);
#5559 = DEFINITIONAL_REPRESENTATION('',(#5560),#5564);
#5560 = CIRCLE('',#5561,112.60250594613);
#5561 = AXIS2_PLACEMENT_2D('',#5562,#5563);
#5562 = CARTESIAN_POINT('',(0.,0.));
#5563 = DIRECTION('',(1.,2.563512987363E-17));
#5564 = ( GEOMETRIC_REPRESENTATION_CONTEXT(2) 
PARAMETRIC_REPRESENTATION_CONTEXT() REPRESENTATION_CONTEXT('2D SPACE',''
  ) );
#5565 = ORIENTED_EDGE('',*,*,#5566,.T.);
#5566 = EDGE_CURVE('',#5543,#5567,#5569,.T.);
#5567 = VERTEX_POINT('',#5568);
#5568 = CARTESIAN_POINT('',(17.61242415737,2.310421110547,
    -38.23288347263));
#5569 = SURFACE_CURVE('',#5570,(#5574,#5581),.PCURVE_S1.);
#5570 = LINE('',#5571,#5572);
#5571 = CARTESIAN_POINT('',(17.61242415737,0.912323990527,
    -38.15991469167));
#5572 = VECTOR('',#5573,1.);
#5573 = DIRECTION('',(0.,0.998640800014,-5.212055782352E-02));
#5574 = PCURVE('',#3417,#5575);
#5575 = DEFINITIONAL_REPRESENTATION('',(#5576),#5580);
#5576 = LINE('',#5577,#5578);
#5577 = CARTESIAN_POINT('',(0.359413999257,-2.85));
#5578 = VECTOR('',#5579,1.);
#5579 = DIRECTION('',(0.,1.));
#5580 = ( GEOMETRIC_REPRESENTATION_CONTEXT(2) 
PARAMETRIC_REPRESENTATION_CONTEXT() REPRESENTATION_CONTEXT('2D SPACE',''
  ) );
#5581 = PCURVE('',#5582,#5587);
#5582 = PLANE('',#5583);
#5583 = AXIS2_PLACEMENT_3D('',#5584,#5585,#5586);
#5584 = CARTESIAN_POINT('',(16.868335943048,0.917222416122,
    -38.06605983173));
#5585 = DIRECTION('',(0.125310134784,5.170972373381E-02,0.990769132842)
  );
#5586 = DIRECTION('',(0.992117619096,-6.531234125883E-03,-0.125139813251
    ));
#5587 = DEFINITIONAL_REPRESENTATION('',(#5588),#5592);
#5588 = LINE('',#5589,#5590);
#5589 = CARTESIAN_POINT('',(0.75,0.));
#5590 = VECTOR('',#5591,1.);
#5591 = DIRECTION('',(0.,1.));
#5592 = ( GEOMETRIC_REPRESENTATION_CONTEXT(2) 
PARAMETRIC_REPRESENTATION_CONTEXT() REPRESENTATION_CONTEXT('2D SPACE',''
  ) );
#5593 = ORIENTED_EDGE('',*,*,#5594,.T.);
#5594 = EDGE_CURVE('',#5567,#5595,#5597,.T.);
#5595 = VERTEX_POINT('',#5596);
#5596 = CARTESIAN_POINT('',(17.381134756945,2.220566591015,
    -39.95451487906));
#5597 = SURFACE_CURVE('',#5598,(#5603,#5610),.PCURVE_S1.);
#5598 = CIRCLE('',#5599,112.60250594613);
#5599 = AXIS2_PLACEMENT_3D('',#5600,#5601,#5602);
#5600 = CARTESIAN_POINT('',(-94.10250594613,3.045854440042,
    -24.14182690698));
#5601 = DIRECTION('',(3.277742236906E-19,0.998640800014,
    -5.212055782352E-02));
#5602 = DIRECTION('',(0.992117619096,-6.531234125883E-03,-0.125139813251
    ));
#5603 = PCURVE('',#3417,#5604);
#5604 = DEFINITIONAL_REPRESENTATION('',(#5605),#5609);
#5605 = LINE('',#5606,#5607);
#5606 = CARTESIAN_POINT('',(0.359413999257,-1.45));
#5607 = VECTOR('',#5608,1.);
#5608 = DIRECTION('',(1.,0.));
#5609 = ( GEOMETRIC_REPRESENTATION_CONTEXT(2) 
PARAMETRIC_REPRESENTATION_CONTEXT() REPRESENTATION_CONTEXT('2D SPACE',''
  ) );
#5610 = PCURVE('',#5611,#5616);
#5611 = PLANE('',#5612);
#5612 = AXIS2_PLACEMENT_3D('',#5613,#5614,#5615);
#5613 = CARTESIAN_POINT('',(-94.10250594613,3.045854440042,
    -24.14182690698));
#5614 = DIRECTION('',(0.,0.998640800014,-5.212055782352E-02));
#5615 = DIRECTION('',(0.992117619096,-6.531234125883E-03,-0.125139813251
    ));
#5616 = DEFINITIONAL_REPRESENTATION('',(#5617),#5621);
#5617 = CIRCLE('',#5618,112.60250594613);
#5618 = AXIS2_PLACEMENT_2D('',#5619,#5620);
#5619 = CARTESIAN_POINT('',(0.,0.));
#5620 = DIRECTION('',(1.,-6.310185815047E-17));
#5621 = ( GEOMETRIC_REPRESENTATION_CONTEXT(2) 
PARAMETRIC_REPRESENTATION_CONTEXT() REPRESENTATION_CONTEXT('2D SPACE',''
  ) );
#5622 = ORIENTED_EDGE('',*,*,#5623,.F.);
#5623 = EDGE_CURVE('',#5624,#5595,#5626,.T.);
#5624 = VERTEX_POINT('',#5625);
#5625 = CARTESIAN_POINT('',(17.381134756945,-0.575627649023,
    -39.80857731715));
#5626 = SURFACE_CURVE('',#5627,(#5631,#5638),.PCURVE_S1.);
#5627 = LINE('',#5628,#5629);
#5628 = CARTESIAN_POINT('',(17.381134756945,0.822469470996,
    -39.8815460981));
#5629 = VECTOR('',#5630,1.);
#5630 = DIRECTION('',(0.,0.998640800014,-5.212055782352E-02));
#5631 = PCURVE('',#3417,#5632);
#5632 = DEFINITIONAL_REPRESENTATION('',(#5633),#5637);
#5633 = LINE('',#5634,#5635);
#5634 = CARTESIAN_POINT('',(0.374861592349,-2.85));
#5635 = VECTOR('',#5636,1.);
#5636 = DIRECTION('',(0.,1.));
#5637 = ( GEOMETRIC_REPRESENTATION_CONTEXT(2) 
PARAMETRIC_REPRESENTATION_CONTEXT() REPRESENTATION_CONTEXT('2D SPACE',''
  ) );
#5638 = PCURVE('',#5639,#5644);
#5639 = PLANE('',#5640);
#5640 = AXIS2_PLACEMENT_3D('',#5641,#5642,#5643);
#5641 = CARTESIAN_POINT('',(16.638587068288,0.827966381403,
    -39.77622414386));
#5642 = DIRECTION('',(0.140620403576,5.16026663245E-02,0.988717890465));
#5643 = DIRECTION('',(0.990063584876,-7.329213875769E-03,-0.140429272326
    ));
#5644 = DEFINITIONAL_REPRESENTATION('',(#5645),#5649);
#5645 = LINE('',#5646,#5647);
#5646 = CARTESIAN_POINT('',(0.75,0.));
#5647 = VECTOR('',#5648,1.);
#5648 = DIRECTION('',(0.,1.));
#5649 = ( GEOMETRIC_REPRESENTATION_CONTEXT(2) 
PARAMETRIC_REPRESENTATION_CONTEXT() REPRESENTATION_CONTEXT('2D SPACE',''
  ) );
#5650 = ORIENTED_EDGE('',*,*,#5651,.T.);
#5651 = EDGE_CURVE('',#5624,#5343,#5652,.T.);
#5652 = SURFACE_CURVE('',#5653,(#5658,#5665),.PCURVE_S1.);
#5653 = CIRCLE('',#5654,112.60250594613);
#5654 = AXIS2_PLACEMENT_3D('',#5655,#5656,#5657);
#5655 = CARTESIAN_POINT('',(-94.10250594613,0.249660200003,
    -23.99588934508));
#5656 = DIRECTION('',(7.386531621409E-19,0.998640800014,
    -5.212055782352E-02));
#5657 = DIRECTION('',(0.972799174228,1.20737321835E-02,0.231335236428));
#5658 = PCURVE('',#3417,#5659);
#5659 = DEFINITIONAL_REPRESENTATION('',(#5660),#5664);
#5660 = LINE('',#5661,#5662);
#5661 = CARTESIAN_POINT('',(0.,-4.25));
#5662 = VECTOR('',#5663,1.);
#5663 = DIRECTION('',(1.,0.));
#5664 = ( GEOMETRIC_REPRESENTATION_CONTEXT(2) 
PARAMETRIC_REPRESENTATION_CONTEXT() REPRESENTATION_CONTEXT('2D SPACE',''
  ) );
#5665 = PCURVE('',#5146,#5666);
#5666 = DEFINITIONAL_REPRESENTATION('',(#5667),#5671);
#5667 = CIRCLE('',#5668,112.60250594613);
#5668 = AXIS2_PLACEMENT_2D('',#5669,#5670);
#5669 = CARTESIAN_POINT('',(0.,0.));
#5670 = DIRECTION('',(1.,2.563512987363E-17));
#5671 = ( GEOMETRIC_REPRESENTATION_CONTEXT(2) 
PARAMETRIC_REPRESENTATION_CONTEXT() REPRESENTATION_CONTEXT('2D SPACE',''
  ) );
#5672 = ORIENTED_EDGE('',*,*,#5365,.T.);
#5673 = ORIENTED_EDGE('',*,*,#3400,.F.);
#5674 = ADVANCED_FACE('',(#5675),#3549,.T.);
#5675 = FACE_BOUND('',#5676,.T.);
#5676 = EDGE_LOOP('',(#5677,#5678,#5679,#5680));
#5677 = ORIENTED_EDGE('',*,*,#3643,.F.);
#5678 = ORIENTED_EDGE('',*,*,#3533,.T.);
#5679 = ORIENTED_EDGE('',*,*,#4586,.T.);
#5680 = ORIENTED_EDGE('',*,*,#3727,.F.);
#5681 = ADVANCED_FACE('',(#5682),#3796,.T.);
#5682 = FACE_BOUND('',#5683,.T.);
#5683 = EDGE_LOOP('',(#5684));
#5684 = ORIENTED_EDGE('',*,*,#3781,.T.);
#5685 = ADVANCED_FACE('',(#5686),#3829,.F.);
#5686 = FACE_BOUND('',#5687,.F.);
#5687 = EDGE_LOOP('',(#5688,#5689));
#5688 = ORIENTED_EDGE('',*,*,#3810,.T.);
#5689 = ORIENTED_EDGE('',*,*,#5690,.T.);
#5690 = EDGE_CURVE('',#3813,#3811,#5691,.T.);
#5691 = SURFACE_CURVE('',#5692,(#5696,#5703),.PCURVE_S1.);
#5692 = LINE('',#5693,#5694);
#5693 = CARTESIAN_POINT('',(-16.25,3.95,11.69134295109));
#5694 = VECTOR('',#5695,1.);
#5695 = DIRECTION('',(-0.5,0.,0.866025403784));
#5696 = PCURVE('',#3829,#5697);
#5697 = DEFINITIONAL_REPRESENTATION('',(#5698),#5702);
#5698 = LINE('',#5699,#5700);
#5699 = CARTESIAN_POINT('',(0.,-4.));
#5700 = VECTOR('',#5701,1.);
#5701 = DIRECTION('',(1.,0.));
#5702 = ( GEOMETRIC_REPRESENTATION_CONTEXT(2) 
PARAMETRIC_REPRESENTATION_CONTEXT() REPRESENTATION_CONTEXT('2D SPACE',''
  ) );
#5703 = PCURVE('',#3858,#5704);
#5704 = DEFINITIONAL_REPRESENTATION('',(#5705),#5709);
#5705 = LINE('',#5706,#5707);
#5706 = CARTESIAN_POINT('',(-0.,13.5));
#5707 = VECTOR('',#5708,1.);
#5708 = DIRECTION('',(1.665334536938E-16,1.));
#5709 = ( GEOMETRIC_REPRESENTATION_CONTEXT(2) 
PARAMETRIC_REPRESENTATION_CONTEXT() REPRESENTATION_CONTEXT('2D SPACE',''
  ) );
#5710 = ADVANCED_FACE('',(#5711),#3858,.F.);
#5711 = FACE_BOUND('',#5712,.T.);
#5712 = EDGE_LOOP('',(#5713,#5734,#5735,#5736));
#5713 = ORIENTED_EDGE('',*,*,#5714,.F.);
#5714 = EDGE_CURVE('',#3875,#3842,#5715,.T.);
#5715 = SURFACE_CURVE('',#5716,(#5720,#5727),.PCURVE_S1.);
#5716 = LINE('',#5717,#5718);
#5717 = CARTESIAN_POINT('',(2.19134295109,3.95,6.75));
#5718 = VECTOR('',#5719,1.);
#5719 = DIRECTION('',(0.866025403784,0.,0.5));
#5720 = PCURVE('',#3858,#5721);
#5721 = DEFINITIONAL_REPRESENTATION('',(#5722),#5726);
#5722 = LINE('',#5723,#5724);
#5723 = CARTESIAN_POINT('',(13.5,8.881784197001E-16));
#5724 = VECTOR('',#5725,1.);
#5725 = DIRECTION('',(1.,-4.807406715959E-17));
#5726 = ( GEOMETRIC_REPRESENTATION_CONTEXT(2) 
PARAMETRIC_REPRESENTATION_CONTEXT() REPRESENTATION_CONTEXT('2D SPACE',''
  ) );
#5727 = PCURVE('',#3891,#5728);
#5728 = DEFINITIONAL_REPRESENTATION('',(#5729),#5733);
#5729 = LINE('',#5730,#5731);
#5730 = CARTESIAN_POINT('',(0.,-4.));
#5731 = VECTOR('',#5732,1.);
#5732 = DIRECTION('',(1.,0.));
#5733 = ( GEOMETRIC_REPRESENTATION_CONTEXT(2) 
PARAMETRIC_REPRESENTATION_CONTEXT() REPRESENTATION_CONTEXT('2D SPACE',''
  ) );
#5734 = ORIENTED_EDGE('',*,*,#3903,.F.);
#5735 = ORIENTED_EDGE('',*,*,#5690,.T.);
#5736 = ORIENTED_EDGE('',*,*,#3841,.T.);
#5737 = ADVANCED_FACE('',(#5738),#3891,.T.);
#5738 = FACE_BOUND('',#5739,.T.);
#5739 = EDGE_LOOP('',(#5740,#5741));
#5740 = ORIENTED_EDGE('',*,*,#3874,.T.);
#5741 = ORIENTED_EDGE('',*,*,#5714,.T.);
#5742 = ADVANCED_FACE('',(#5743),#4214,.T.);
#5743 = FACE_BOUND('',#5744,.T.);
#5744 = EDGE_LOOP('',(#5745,#5764,#5785,#5804,#5805,#5806));
#5745 = ORIENTED_EDGE('',*,*,#5746,.F.);
#5746 = EDGE_CURVE('',#4887,#4149,#5747,.T.);
#5747 = SURFACE_CURVE('',#5748,(#5751,#5758),.PCURVE_S1.);
#5748 = B_SPLINE_CURVE_WITH_KNOTS('',1,(#5749,#5750),.UNSPECIFIED.,.F.,
  .F.,(2,2),(0.,1.),.PIECEWISE_BEZIER_KNOTS.);
#5749 = CARTESIAN_POINT('',(5.247032671533,4.514758303278,
    -47.80029723745));
#5750 = CARTESIAN_POINT('',(4.845524069087,4.429606113716,
    -49.43183101716));
#5751 = PCURVE('',#4214,#5752);
#5752 = DEFINITIONAL_REPRESENTATION('',(#5753),#5757);
#5753 = LINE('',#5754,#5755);
#5754 = CARTESIAN_POINT('',(-3.5,0.));
#5755 = VECTOR('',#5756,1.);
#5756 = DIRECTION('',(0.,1.));
#5757 = ( GEOMETRIC_REPRESENTATION_CONTEXT(2) 
PARAMETRIC_REPRESENTATION_CONTEXT() REPRESENTATION_CONTEXT('2D SPACE',''
  ) );
#5758 = PCURVE('',#4172,#5759);
#5759 = DEFINITIONAL_REPRESENTATION('',(#5760),#5763);
#5760 = B_SPLINE_CURVE_WITH_KNOTS('',1,(#5761,#5762),.UNSPECIFIED.,.F.,
  .F.,(2,2),(0.,1.),.PIECEWISE_BEZIER_KNOTS.);
#5761 = CARTESIAN_POINT('',(0.45,-1.682368130808));
#5762 = CARTESIAN_POINT('',(0.45,0.));
#5763 = ( GEOMETRIC_REPRESENTATION_CONTEXT(2) 
PARAMETRIC_REPRESENTATION_CONTEXT() REPRESENTATION_CONTEXT('2D SPACE',''
  ) );
#5764 = ORIENTED_EDGE('',*,*,#5765,.T.);
#5765 = EDGE_CURVE('',#4887,#4738,#5766,.T.);
#5766 = SURFACE_CURVE('',#5767,(#5771,#5778),.PCURVE_S1.);
#5767 = LINE('',#5768,#5769);
#5768 = CARTESIAN_POINT('',(8.652662944165,4.472683018259,
    -48.60646850742));
#5769 = VECTOR('',#5770,1.);
#5770 = DIRECTION('',(0.973037220752,-1.202151000534E-02,-0.230334648561
    ));
#5771 = PCURVE('',#4214,#5772);
#5772 = DEFINITIONAL_REPRESENTATION('',(#5773),#5777);
#5773 = LINE('',#5774,#5775);
#5774 = CARTESIAN_POINT('',(0.,0.));
#5775 = VECTOR('',#5776,1.);
#5776 = DIRECTION('',(1.,0.));
#5777 = ( GEOMETRIC_REPRESENTATION_CONTEXT(2) 
PARAMETRIC_REPRESENTATION_CONTEXT() REPRESENTATION_CONTEXT('2D SPACE',''
  ) );
#5778 = PCURVE('',#4776,#5779);
#5779 = DEFINITIONAL_REPRESENTATION('',(#5780),#5784);
#5780 = LINE('',#5781,#5782);
#5781 = CARTESIAN_POINT('',(3.483470654869,-0.394248901925));
#5782 = VECTOR('',#5783,1.);
#5783 = DIRECTION('',(0.985622254813,-0.168963815111));
#5784 = ( GEOMETRIC_REPRESENTATION_CONTEXT(2) 
PARAMETRIC_REPRESENTATION_CONTEXT() REPRESENTATION_CONTEXT('2D SPACE',''
  ) );
#5785 = ORIENTED_EDGE('',*,*,#5786,.T.);
#5786 = EDGE_CURVE('',#4738,#4511,#5787,.T.);
#5787 = SURFACE_CURVE('',#5788,(#5791,#5798),.PCURVE_S1.);
#5788 = B_SPLINE_CURVE_WITH_KNOTS('',1,(#5789,#5790),.UNSPECIFIED.,.F.,
  .F.,(2,2),(0.,1.),.PIECEWISE_BEZIER_KNOTS.);
#5789 = CARTESIAN_POINT('',(12.058293216798,4.43060773324,
    -49.41263977738));
#5790 = CARTESIAN_POINT('',(11.629257765809,4.339617632832,
    -51.15602915115));
#5791 = PCURVE('',#4214,#5792);
#5792 = DEFINITIONAL_REPRESENTATION('',(#5793),#5797);
#5793 = LINE('',#5794,#5795);
#5794 = CARTESIAN_POINT('',(3.5,0.));
#5795 = VECTOR('',#5796,1.);
#5796 = DIRECTION('',(0.,1.));
#5797 = ( GEOMETRIC_REPRESENTATION_CONTEXT(2) 
PARAMETRIC_REPRESENTATION_CONTEXT() REPRESENTATION_CONTEXT('2D SPACE',''
  ) );
#5798 = PCURVE('',#4532,#5799);
#5799 = DEFINITIONAL_REPRESENTATION('',(#5800),#5803);
#5800 = B_SPLINE_CURVE_WITH_KNOTS('',1,(#5801,#5802),.UNSPECIFIED.,.F.,
  .F.,(2,2),(0.,1.),.PIECEWISE_BEZIER_KNOTS.);
#5801 = CARTESIAN_POINT('',(-0.45,-1.797708854393));
#5802 = CARTESIAN_POINT('',(-0.45,0.));
#5803 = ( GEOMETRIC_REPRESENTATION_CONTEXT(2) 
PARAMETRIC_REPRESENTATION_CONTEXT() REPRESENTATION_CONTEXT('2D SPACE',''
  ) );
#5804 = ORIENTED_EDGE('',*,*,#4547,.F.);
#5805 = ORIENTED_EDGE('',*,*,#4286,.F.);
#5806 = ORIENTED_EDGE('',*,*,#4188,.T.);
#5807 = ADVANCED_FACE('',(#5808),#4172,.T.);
#5808 = FACE_BOUND('',#5809,.T.);
#5809 = EDGE_LOOP('',(#5810,#5811,#5812,#5813));
#5810 = ORIENTED_EDGE('',*,*,#4909,.F.);
#5811 = ORIENTED_EDGE('',*,*,#5746,.T.);
#5812 = ORIENTED_EDGE('',*,*,#4148,.F.);
#5813 = ORIENTED_EDGE('',*,*,#5814,.F.);
#5814 = EDGE_CURVE('',#4666,#4106,#5815,.T.);
#5815 = SURFACE_CURVE('',#5816,(#5819,#5825),.PCURVE_S1.);
#5816 = B_SPLINE_CURVE_WITH_KNOTS('',1,(#5817,#5818),.UNSPECIFIED.,.F.,
  .F.,(2,2),(0.,1.),.PIECEWISE_BEZIER_KNOTS.);
#5817 = CARTESIAN_POINT('',(5.247032671533,5.41353502329,-47.84720573949
    ));
#5818 = CARTESIAN_POINT('',(4.845524069087,5.328382833729,-49.4787395192
    ));
#5819 = PCURVE('',#4172,#5820);
#5820 = DEFINITIONAL_REPRESENTATION('',(#5821),#5824);
#5821 = B_SPLINE_CURVE_WITH_KNOTS('',1,(#5822,#5823),.UNSPECIFIED.,.F.,
  .F.,(2,2),(0.,1.),.PIECEWISE_BEZIER_KNOTS.);
#5822 = CARTESIAN_POINT('',(-0.45,-1.682368130808));
#5823 = CARTESIAN_POINT('',(-0.45,0.));
#5824 = ( GEOMETRIC_REPRESENTATION_CONTEXT(2) 
PARAMETRIC_REPRESENTATION_CONTEXT() REPRESENTATION_CONTEXT('2D SPACE',''
  ) );
#5825 = PCURVE('',#4131,#5826);
#5826 = DEFINITIONAL_REPRESENTATION('',(#5827),#5831);
#5827 = LINE('',#5828,#5829);
#5828 = CARTESIAN_POINT('',(3.5,0.));
#5829 = VECTOR('',#5830,1.);
#5830 = DIRECTION('',(0.,1.));
#5831 = ( GEOMETRIC_REPRESENTATION_CONTEXT(2) 
PARAMETRIC_REPRESENTATION_CONTEXT() REPRESENTATION_CONTEXT('2D SPACE',''
  ) );
#5832 = ADVANCED_FACE('',(#5833),#4131,.T.);
#5833 = FACE_BOUND('',#5834,.T.);
#5834 = EDGE_LOOP('',(#5835,#5836,#5837,#5838,#5859,#5860));
#5835 = ORIENTED_EDGE('',*,*,#4665,.F.);
#5836 = ORIENTED_EDGE('',*,*,#5814,.T.);
#5837 = ORIENTED_EDGE('',*,*,#4105,.T.);
#5838 = ORIENTED_EDGE('',*,*,#5839,.T.);
#5839 = EDGE_CURVE('',#4077,#4449,#5840,.T.);
#5840 = SURFACE_CURVE('',#5841,(#5845,#5852),.PCURVE_S1.);
#5841 = LINE('',#5842,#5843);
#5842 = CARTESIAN_POINT('',(8.237390917448,5.283388593287,-50.3408385862
    ));
#5843 = VECTOR('',#5844,1.);
#5844 = DIRECTION('',(0.969104813817,-1.285549726914E-02,-0.246314019142
    ));
#5845 = PCURVE('',#4131,#5846);
#5846 = DEFINITIONAL_REPRESENTATION('',(#5847),#5851);
#5847 = LINE('',#5848,#5849);
#5848 = CARTESIAN_POINT('',(0.,1.));
#5849 = VECTOR('',#5850,1.);
#5850 = DIRECTION('',(-1.,0.));
#5851 = ( GEOMETRIC_REPRESENTATION_CONTEXT(2) 
PARAMETRIC_REPRESENTATION_CONTEXT() REPRESENTATION_CONTEXT('2D SPACE',''
  ) );
#5852 = PCURVE('',#4094,#5853);
#5853 = DEFINITIONAL_REPRESENTATION('',(#5854),#5858);
#5854 = LINE('',#5855,#5856);
#5855 = CARTESIAN_POINT('',(4.452331936021,-2.52720009724));
#5856 = VECTOR('',#5857,1.);
#5857 = DIRECTION('',(0.743294146247,-0.668964731622));
#5858 = ( GEOMETRIC_REPRESENTATION_CONTEXT(2) 
PARAMETRIC_REPRESENTATION_CONTEXT() REPRESENTATION_CONTEXT('2D SPACE',''
  ) );
#5859 = ORIENTED_EDGE('',*,*,#4472,.F.);
#5860 = ORIENTED_EDGE('',*,*,#5861,.F.);
#5861 = EDGE_CURVE('',#4643,#4473,#5862,.T.);
#5862 = SURFACE_CURVE('',#5863,(#5866,#5873),.PCURVE_S1.);
#5863 = B_SPLINE_CURVE_WITH_KNOTS('',1,(#5864,#5865),.UNSPECIFIED.,.F.,
  .F.,(2,2),(0.,1.),.PIECEWISE_BEZIER_KNOTS.);
#5864 = CARTESIAN_POINT('',(12.058293216798,5.329384453253,
    -49.45954827942));
#5865 = CARTESIAN_POINT('',(11.629257765809,5.238394352845,
    -51.20293765319));
#5866 = PCURVE('',#4131,#5867);
#5867 = DEFINITIONAL_REPRESENTATION('',(#5868),#5872);
#5868 = LINE('',#5869,#5870);
#5869 = CARTESIAN_POINT('',(-3.5,0.));
#5870 = VECTOR('',#5871,1.);
#5871 = DIRECTION('',(0.,1.));
#5872 = ( GEOMETRIC_REPRESENTATION_CONTEXT(2) 
PARAMETRIC_REPRESENTATION_CONTEXT() REPRESENTATION_CONTEXT('2D SPACE',''
  ) );
#5873 = PCURVE('',#4532,#5874);
#5874 = DEFINITIONAL_REPRESENTATION('',(#5875),#5878);
#5875 = B_SPLINE_CURVE_WITH_KNOTS('',1,(#5876,#5877),.UNSPECIFIED.,.F.,
  .F.,(2,2),(0.,1.),.PIECEWISE_BEZIER_KNOTS.);
#5876 = CARTESIAN_POINT('',(0.45,-1.797708854393));
#5877 = CARTESIAN_POINT('',(0.45,0.));
#5878 = ( GEOMETRIC_REPRESENTATION_CONTEXT(2) 
PARAMETRIC_REPRESENTATION_CONTEXT() REPRESENTATION_CONTEXT('2D SPACE',''
  ) );
#5879 = ADVANCED_FACE('',(#5880),#4094,.T.);
#5880 = FACE_BOUND('',#5881,.T.);
#5881 = EDGE_LOOP('',(#5882,#5883,#5901,#5902));
#5882 = ORIENTED_EDGE('',*,*,#4076,.F.);
#5883 = ORIENTED_EDGE('',*,*,#5884,.F.);
#5884 = EDGE_CURVE('',#4369,#3992,#5885,.T.);
#5885 = SURFACE_CURVE('',#5886,(#5889,#5895),.PCURVE_S1.);
#5886 = B_SPLINE_CURVE_WITH_KNOTS('',1,(#5887,#5888),.UNSPECIFIED.,.F.,
  .F.,(2,2),(3.,4.),.PIECEWISE_BEZIER_KNOTS.);
#5887 = CARTESIAN_POINT('',(13.082914986535,6.317615986956,
    -51.62974129551));
#5888 = CARTESIAN_POINT('',(3.391866848361,6.446170959648,
    -49.16660110409));
#5889 = PCURVE('',#4094,#5890);
#5890 = DEFINITIONAL_REPRESENTATION('',(#5891),#5894);
#5891 = B_SPLINE_CURVE_WITH_KNOTS('',1,(#5892,#5893),.UNSPECIFIED.,.F.,
  .F.,(2,2),(3.,4.),.PIECEWISE_BEZIER_KNOTS.);
#5892 = CARTESIAN_POINT('',(7.432941462472,-6.689647316224));
#5893 = CARTESIAN_POINT('',(0.,0.));
#5894 = ( GEOMETRIC_REPRESENTATION_CONTEXT(2) 
PARAMETRIC_REPRESENTATION_CONTEXT() REPRESENTATION_CONTEXT('2D SPACE',''
  ) );
#5895 = PCURVE('',#4045,#5896);
#5896 = DEFINITIONAL_REPRESENTATION('',(#5897),#5900);
#5897 = B_SPLINE_CURVE_WITH_KNOTS('',1,(#5898,#5899),.UNSPECIFIED.,.F.,
  .F.,(2,2),(3.,4.),.PIECEWISE_BEZIER_KNOTS.);
#5898 = CARTESIAN_POINT('',(97.145308847663,52.874410544774));
#5899 = CARTESIAN_POINT('',(88.36202604438,48.093830747556));
#5900 = ( GEOMETRIC_REPRESENTATION_CONTEXT(2) 
PARAMETRIC_REPRESENTATION_CONTEXT() REPRESENTATION_CONTEXT('2D SPACE',''
  ) );
#5901 = ORIENTED_EDGE('',*,*,#4448,.F.);
#5902 = ORIENTED_EDGE('',*,*,#5839,.F.);
#5903 = ADVANCED_FACE('',(#5904),#4045,.T.);
#5904 = FACE_BOUND('',#5905,.F.);
#5905 = EDGE_LOOP('',(#5906,#5907,#5908,#5909));
#5906 = ORIENTED_EDGE('',*,*,#4620,.F.);
#5907 = ORIENTED_EDGE('',*,*,#3991,.T.);
#5908 = ORIENTED_EDGE('',*,*,#5884,.F.);
#5909 = ORIENTED_EDGE('',*,*,#4368,.T.);
#5910 = ADVANCED_FACE('',(#5911),#4532,.T.);
#5911 = FACE_BOUND('',#5912,.T.);
#5912 = EDGE_LOOP('',(#5913,#5914,#5915,#5916));
#5913 = ORIENTED_EDGE('',*,*,#5786,.F.);
#5914 = ORIENTED_EDGE('',*,*,#4737,.T.);
#5915 = ORIENTED_EDGE('',*,*,#5861,.T.);
#5916 = ORIENTED_EDGE('',*,*,#4510,.F.);
#5917 = ADVANCED_FACE('',(#5918),#4776,.T.);
#5918 = FACE_BOUND('',#5919,.T.);
#5919 = EDGE_LOOP('',(#5920,#5921,#5942,#5943));
#5920 = ORIENTED_EDGE('',*,*,#4886,.F.);
#5921 = ORIENTED_EDGE('',*,*,#5922,.T.);
#5922 = EDGE_CURVE('',#4866,#4761,#5923,.T.);
#5923 = SURFACE_CURVE('',#5924,(#5928,#5935),.PCURVE_S1.);
#5924 = LINE('',#5925,#5926);
#5925 = CARTESIAN_POINT('',(8.652662944165,4.272954858256,
    -48.59604439585));
#5926 = VECTOR('',#5927,1.);
#5927 = DIRECTION('',(0.973037220752,-1.202151000534E-02,-0.230334648561
    ));
#5928 = PCURVE('',#4776,#5929);
#5929 = DEFINITIONAL_REPRESENTATION('',(#5930),#5934);
#5930 = LINE('',#5931,#5932);
#5931 = CARTESIAN_POINT('',(3.449677891846,-0.591373352888));
#5932 = VECTOR('',#5933,1.);
#5933 = DIRECTION('',(0.985622254813,-0.168963815111));
#5934 = ( GEOMETRIC_REPRESENTATION_CONTEXT(2) 
PARAMETRIC_REPRESENTATION_CONTEXT() REPRESENTATION_CONTEXT('2D SPACE',''
  ) );
#5935 = PCURVE('',#4800,#5936);
#5936 = DEFINITIONAL_REPRESENTATION('',(#5937),#5941);
#5937 = LINE('',#5938,#5939);
#5938 = CARTESIAN_POINT('',(0.,1.));
#5939 = VECTOR('',#5940,1.);
#5940 = DIRECTION('',(1.,0.));
#5941 = ( GEOMETRIC_REPRESENTATION_CONTEXT(2) 
PARAMETRIC_REPRESENTATION_CONTEXT() REPRESENTATION_CONTEXT('2D SPACE',''
  ) );
#5942 = ORIENTED_EDGE('',*,*,#4760,.T.);
#5943 = ORIENTED_EDGE('',*,*,#5765,.F.);
#5944 = ADVANCED_FACE('',(#5945),#4800,.T.);
#5945 = FACE_BOUND('',#5946,.T.);
#5946 = EDGE_LOOP('',(#5947,#5948,#5949,#5950));
#5947 = ORIENTED_EDGE('',*,*,#4838,.T.);
#5948 = ORIENTED_EDGE('',*,*,#4788,.T.);
#5949 = ORIENTED_EDGE('',*,*,#5922,.F.);
#5950 = ORIENTED_EDGE('',*,*,#4865,.F.);
#5951 = ADVANCED_FACE('',(#5952),#5146,.T.);
#5952 = FACE_BOUND('',#5953,.F.);
#5953 = EDGE_LOOP('',(#5954,#5979,#6008,#6029,#6030,#6053,#6082,#6103,
    #6104,#6105,#6106,#6129,#6158,#6179,#6180,#6203));
#5954 = ORIENTED_EDGE('',*,*,#5955,.F.);
#5955 = EDGE_CURVE('',#5956,#5958,#5960,.T.);
#5956 = VERTEX_POINT('',#5957);
#5957 = CARTESIAN_POINT('',(5.815275506275,0.566477086093,
    -17.92561147786));
#5958 = VERTEX_POINT('',#5959);
#5959 = CARTESIAN_POINT('',(16.794976619531,0.601291256968,
    -17.25856467511));
#5960 = SURFACE_CURVE('',#5961,(#5965,#5972),.PCURVE_S1.);
#5961 = LINE('',#5962,#5963);
#5962 = CARTESIAN_POINT('',(11.305126062903,0.583884171531,
    -17.59208807649));
#5963 = VECTOR('',#5964,1.);
#5964 = DIRECTION('',(0.99815464666,3.164924624969E-03,
    6.064061843245E-02));
#5965 = PCURVE('',#5146,#5966);
#5966 = DEFINITIONAL_REPRESENTATION('',(#5967),#5971);
#5967 = LINE('',#5968,#5969);
#5968 = CARTESIAN_POINT('',(104.0259175869,18.1795965936));
#5969 = VECTOR('',#5970,1.);
#5970 = DIRECTION('',(0.985070540276,0.17215118553));
#5971 = ( GEOMETRIC_REPRESENTATION_CONTEXT(2) 
PARAMETRIC_REPRESENTATION_CONTEXT() REPRESENTATION_CONTEXT('2D SPACE',''
  ) );
#5972 = PCURVE('',#5060,#5973);
#5973 = DEFINITIONAL_REPRESENTATION('',(#5974),#5978);
#5974 = LINE('',#5975,#5976);
#5975 = CARTESIAN_POINT('',(0.,-1.5));
#5976 = VECTOR('',#5977,1.);
#5977 = DIRECTION('',(1.,0.));
#5978 = ( GEOMETRIC_REPRESENTATION_CONTEXT(2) 
PARAMETRIC_REPRESENTATION_CONTEXT() REPRESENTATION_CONTEXT('2D SPACE',''
  ) );
#5979 = ORIENTED_EDGE('',*,*,#5980,.T.);
#5980 = EDGE_CURVE('',#5956,#5981,#5983,.T.);
#5981 = VERTEX_POINT('',#5982);
#5982 = CARTESIAN_POINT('',(5.897249221822,0.485994965917,
    -19.46766575043));
#5983 = SURFACE_CURVE('',#5984,(#5989,#5996),.PCURVE_S1.);
#5984 = CIRCLE('',#5985,100.10250594613);
#5985 = AXIS2_PLACEMENT_3D('',#5986,#5987,#5988);
#5986 = CARTESIAN_POINT('',(-94.10250594613,0.249660200003,
    -23.99588934508));
#5987 = DIRECTION('',(3.127985567834E-19,0.998640800014,
    -5.212055782352E-02));
#5988 = DIRECTION('',(0.99815464666,3.164924624969E-03,
    6.064061843245E-02));
#5989 = PCURVE('',#5146,#5990);
#5990 = DEFINITIONAL_REPRESENTATION('',(#5991),#5995);
#5991 = CIRCLE('',#5992,100.10250594613);
#5992 = AXIS2_PLACEMENT_2D('',#5993,#5994);
#5993 = CARTESIAN_POINT('',(0.,0.));
#5994 = DIRECTION('',(0.985070540276,0.17215118553));
#5995 = ( GEOMETRIC_REPRESENTATION_CONTEXT(2) 
PARAMETRIC_REPRESENTATION_CONTEXT() REPRESENTATION_CONTEXT('2D SPACE',''
  ) );
#5996 = PCURVE('',#5997,#6002);
#5997 = CYLINDRICAL_SURFACE('',#5998,100.10250594613);
#5998 = AXIS2_PLACEMENT_3D('',#5999,#6000,#6001);
#5999 = CARTESIAN_POINT('',(-94.10250594613,1.647757320023,
    -24.06885812603));
#6000 = DIRECTION('',(0.,0.998640800014,-5.212055782352E-02));
#6001 = DIRECTION('',(0.99815464666,3.164924624969E-03,
    6.064061843245E-02));
#6002 = DEFINITIONAL_REPRESENTATION('',(#6003),#6007);
#6003 = LINE('',#6004,#6005);
#6004 = CARTESIAN_POINT('',(0.,-1.4));
#6005 = VECTOR('',#6006,1.);
#6006 = DIRECTION('',(1.,0.));
#6007 = ( GEOMETRIC_REPRESENTATION_CONTEXT(2) 
PARAMETRIC_REPRESENTATION_CONTEXT() REPRESENTATION_CONTEXT('2D SPACE',''
  ) );
#6008 = ORIENTED_EDGE('',*,*,#6009,.F.);
#6009 = EDGE_CURVE('',#5102,#5981,#6010,.T.);
#6010 = SURFACE_CURVE('',#6011,(#6015,#6022),.PCURVE_S1.);
#6011 = LINE('',#6012,#6013);
#6012 = CARTESIAN_POINT('',(5.148019063524,0.484224270241,-19.5015926503
    ));
#6013 = VECTOR('',#6014,1.);
#6014 = DIRECTION('',(0.998973544396,2.360927567992E-03,
    4.523586649356E-02));
#6015 = PCURVE('',#5146,#6016);
#6016 = DEFINITIONAL_REPRESENTATION('',(#6017),#6021);
#6017 = LINE('',#6018,#6019);
#6018 = CARTESIAN_POINT('',(97.593350023279,18.613394881398));
#6019 = VECTOR('',#6020,1.);
#6020 = DIRECTION('',(0.982293794141,0.187347009561));
#6021 = ( GEOMETRIC_REPRESENTATION_CONTEXT(2) 
PARAMETRIC_REPRESENTATION_CONTEXT() REPRESENTATION_CONTEXT('2D SPACE',''
  ) );
#6022 = PCURVE('',#5117,#6023);
#6023 = DEFINITIONAL_REPRESENTATION('',(#6024),#6028);
#6024 = LINE('',#6025,#6026);
#6025 = CARTESIAN_POINT('',(0.,-1.4));
#6026 = VECTOR('',#6027,1.);
#6027 = DIRECTION('',(1.,0.));
#6028 = ( GEOMETRIC_REPRESENTATION_CONTEXT(2) 
PARAMETRIC_REPRESENTATION_CONTEXT() REPRESENTATION_CONTEXT('2D SPACE',''
  ) );
#6029 = ORIENTED_EDGE('',*,*,#5129,.T.);
#6030 = ORIENTED_EDGE('',*,*,#6031,.T.);
#6031 = EDGE_CURVE('',#5130,#6032,#6034,.T.);
#6032 = VERTEX_POINT('',#6033);
#6033 = CARTESIAN_POINT('',(5.210953918672,-0.404132702918,
    -36.52269824509));
#6034 = SURFACE_CURVE('',#6035,(#6039,#6046),.PCURVE_S1.);
#6035 = LINE('',#6036,#6037);
#6036 = CARTESIAN_POINT('',(4.46686570435,-0.399234277324,
    -36.42884338515));
#6037 = VECTOR('',#6038,1.);
#6038 = DIRECTION('',(0.992117619096,-6.531234125883E-03,-0.125139813251
    ));
#6039 = PCURVE('',#5146,#6040);
#6040 = DEFINITIONAL_REPRESENTATION('',(#6041),#6045);
#6041 = LINE('',#6042,#6043);
#6042 = CARTESIAN_POINT('',(93.004188405224,34.94483333574));
#6043 = VECTOR('',#6044,1.);
#6044 = DIRECTION('',(0.936103095936,0.351725736588));
#6045 = ( GEOMETRIC_REPRESENTATION_CONTEXT(2) 
PARAMETRIC_REPRESENTATION_CONTEXT() REPRESENTATION_CONTEXT('2D SPACE',''
  ) );
#6046 = PCURVE('',#5174,#6047);
#6047 = DEFINITIONAL_REPRESENTATION('',(#6048),#6052);
#6048 = LINE('',#6049,#6050);
#6049 = CARTESIAN_POINT('',(0.,-1.4));
#6050 = VECTOR('',#6051,1.);
#6051 = DIRECTION('',(1.,0.));
#6052 = ( GEOMETRIC_REPRESENTATION_CONTEXT(2) 
PARAMETRIC_REPRESENTATION_CONTEXT() REPRESENTATION_CONTEXT('2D SPACE',''
  ) );
#6053 = ORIENTED_EDGE('',*,*,#6054,.T.);
#6054 = EDGE_CURVE('',#6032,#6055,#6057,.T.);
#6055 = VERTEX_POINT('',#6056);
#6056 = CARTESIAN_POINT('',(5.005339945992,-0.484012475576,
    -38.05321141308));
#6057 = SURFACE_CURVE('',#6058,(#6063,#6070),.PCURVE_S1.);
#6058 = CIRCLE('',#6059,100.10250594613);
#6059 = AXIS2_PLACEMENT_3D('',#6060,#6061,#6062);
#6060 = CARTESIAN_POINT('',(-94.10250594613,0.249660200003,
    -23.99588934508));
#6061 = DIRECTION('',(3.037547207457E-19,0.998640800014,
    -5.212055782352E-02));
#6062 = DIRECTION('',(0.992117619096,-6.531234125883E-03,-0.125139813251
    ));
#6063 = PCURVE('',#5146,#6064);
#6064 = DEFINITIONAL_REPRESENTATION('',(#6065),#6069);
#6065 = CIRCLE('',#6066,100.10250594613);
#6066 = AXIS2_PLACEMENT_2D('',#6067,#6068);
#6067 = CARTESIAN_POINT('',(0.,0.));
#6068 = DIRECTION('',(0.936103095936,0.351725736588));
#6069 = ( GEOMETRIC_REPRESENTATION_CONTEXT(2) 
PARAMETRIC_REPRESENTATION_CONTEXT() REPRESENTATION_CONTEXT('2D SPACE',''
  ) );
#6070 = PCURVE('',#6071,#6076);
#6071 = CYLINDRICAL_SURFACE('',#6072,100.10250594613);
#6072 = AXIS2_PLACEMENT_3D('',#6073,#6074,#6075);
#6073 = CARTESIAN_POINT('',(-94.10250594613,1.647757320023,
    -24.06885812603));
#6074 = DIRECTION('',(0.,0.998640800014,-5.212055782352E-02));
#6075 = DIRECTION('',(0.992117619096,-6.531234125883E-03,-0.125139813251
    ));
#6076 = DEFINITIONAL_REPRESENTATION('',(#6077),#6081);
#6077 = LINE('',#6078,#6079);
#6078 = CARTESIAN_POINT('',(0.,-1.4));
#6079 = VECTOR('',#6080,1.);
#6080 = DIRECTION('',(1.,0.));
#6081 = ( GEOMETRIC_REPRESENTATION_CONTEXT(2) 
PARAMETRIC_REPRESENTATION_CONTEXT() REPRESENTATION_CONTEXT('2D SPACE',''
  ) );
#6082 = ORIENTED_EDGE('',*,*,#6083,.F.);
#6083 = EDGE_CURVE('',#5216,#6055,#6084,.T.);
#6084 = SURFACE_CURVE('',#6085,(#6089,#6096),.PCURVE_S1.);
#6085 = LINE('',#6086,#6087);
#6086 = CARTESIAN_POINT('',(4.262792257335,-0.478515565169,
    -37.94788945883));
#6087 = VECTOR('',#6088,1.);
#6088 = DIRECTION('',(0.990063584876,-7.329213875769E-03,-0.140429272326
    ));
#6089 = PCURVE('',#5146,#6090);
#6090 = DEFINITIONAL_REPRESENTATION('',(#6091),#6095);
#6091 = LINE('',#6092,#6093);
#6092 = CARTESIAN_POINT('',(92.453299820847,36.377297728303));
#6093 = VECTOR('',#6094,1.);
#6094 = DIRECTION('',(0.93055830792,0.366143736204));
#6095 = ( GEOMETRIC_REPRESENTATION_CONTEXT(2) 
PARAMETRIC_REPRESENTATION_CONTEXT() REPRESENTATION_CONTEXT('2D SPACE',''
  ) );
#6096 = PCURVE('',#5231,#6097);
#6097 = DEFINITIONAL_REPRESENTATION('',(#6098),#6102);
#6098 = LINE('',#6099,#6100);
#6099 = CARTESIAN_POINT('',(0.,-1.4));
#6100 = VECTOR('',#6101,1.);
#6101 = DIRECTION('',(1.,0.));
#6102 = ( GEOMETRIC_REPRESENTATION_CONTEXT(2) 
PARAMETRIC_REPRESENTATION_CONTEXT() REPRESENTATION_CONTEXT('2D SPACE',''
  ) );
#6103 = ORIENTED_EDGE('',*,*,#5243,.T.);
#6104 = ORIENTED_EDGE('',*,*,#5342,.T.);
#6105 = ORIENTED_EDGE('',*,*,#5651,.F.);
#6106 = ORIENTED_EDGE('',*,*,#6107,.F.);
#6107 = EDGE_CURVE('',#6108,#5624,#6110,.T.);
#6108 = VERTEX_POINT('',#6109);
#6109 = CARTESIAN_POINT('',(15.896039379631,-0.56463382821,
    -39.59793340866));
#6110 = SURFACE_CURVE('',#6111,(#6115,#6122),.PCURVE_S1.);
#6111 = LINE('',#6112,#6113);
#6112 = CARTESIAN_POINT('',(16.638587068288,-0.570130738617,
    -39.70325536291));
#6113 = VECTOR('',#6114,1.);
#6114 = DIRECTION('',(0.990063584876,-7.329213875769E-03,-0.140429272326
    ));
#6115 = PCURVE('',#5146,#6116);
#6116 = DEFINITIONAL_REPRESENTATION('',(#6117),#6121);
#6117 = LINE('',#6118,#6119);
#6118 = CARTESIAN_POINT('',(104.08527866984,40.954094430847));
#6119 = VECTOR('',#6120,1.);
#6120 = DIRECTION('',(0.93055830792,0.366143736204));
#6121 = ( GEOMETRIC_REPRESENTATION_CONTEXT(2) 
PARAMETRIC_REPRESENTATION_CONTEXT() REPRESENTATION_CONTEXT('2D SPACE',''
  ) );
#6122 = PCURVE('',#5639,#6123);
#6123 = DEFINITIONAL_REPRESENTATION('',(#6124),#6128);
#6124 = LINE('',#6125,#6126);
#6125 = CARTESIAN_POINT('',(0.,-1.4));
#6126 = VECTOR('',#6127,1.);
#6127 = DIRECTION('',(1.,0.));
#6128 = ( GEOMETRIC_REPRESENTATION_CONTEXT(2) 
PARAMETRIC_REPRESENTATION_CONTEXT() REPRESENTATION_CONTEXT('2D SPACE',''
  ) );
#6129 = ORIENTED_EDGE('',*,*,#6130,.F.);
#6130 = EDGE_CURVE('',#6131,#6108,#6133,.T.);
#6131 = VERTEX_POINT('',#6132);
#6132 = CARTESIAN_POINT('',(16.124247728726,-0.475976278303,
    -37.89923619084));
#6133 = SURFACE_CURVE('',#6134,(#6139,#6146),.PCURVE_S1.);
#6134 = CIRCLE('',#6135,111.10250594613);
#6135 = AXIS2_PLACEMENT_3D('',#6136,#6137,#6138);
#6136 = CARTESIAN_POINT('',(-94.10250594613,0.249660200003,
    -23.99588934508));
#6137 = DIRECTION('',(2.877417187825E-19,0.998640800014,
    -5.212055782352E-02));
#6138 = DIRECTION('',(0.992117619096,-6.531234125883E-03,-0.125139813251
    ));
#6139 = PCURVE('',#5146,#6140);
#6140 = DEFINITIONAL_REPRESENTATION('',(#6141),#6145);
#6141 = CIRCLE('',#6142,111.10250594613);
#6142 = AXIS2_PLACEMENT_2D('',#6143,#6144);
#6143 = CARTESIAN_POINT('',(0.,0.));
#6144 = DIRECTION('',(0.936103095936,0.351725736588));
#6145 = ( GEOMETRIC_REPRESENTATION_CONTEXT(2) 
PARAMETRIC_REPRESENTATION_CONTEXT() REPRESENTATION_CONTEXT('2D SPACE',''
  ) );
#6146 = PCURVE('',#6147,#6152);
#6147 = CYLINDRICAL_SURFACE('',#6148,111.10250594613);
#6148 = AXIS2_PLACEMENT_3D('',#6149,#6150,#6151);
#6149 = CARTESIAN_POINT('',(-94.10250594613,1.647757320023,
    -24.06885812603));
#6150 = DIRECTION('',(0.,0.998640800014,-5.212055782352E-02));
#6151 = DIRECTION('',(0.992117619096,-6.531234125883E-03,-0.125139813251
    ));
#6152 = DEFINITIONAL_REPRESENTATION('',(#6153),#6157);
#6153 = LINE('',#6154,#6155);
#6154 = CARTESIAN_POINT('',(0.,-1.4));
#6155 = VECTOR('',#6156,1.);
#6156 = DIRECTION('',(1.,0.));
#6157 = ( GEOMETRIC_REPRESENTATION_CONTEXT(2) 
PARAMETRIC_REPRESENTATION_CONTEXT() REPRESENTATION_CONTEXT('2D SPACE',''
  ) );
#6158 = ORIENTED_EDGE('',*,*,#6159,.T.);
#6159 = EDGE_CURVE('',#6131,#5543,#6160,.T.);
#6160 = SURFACE_CURVE('',#6161,(#6165,#6172),.PCURVE_S1.);
#6161 = LINE('',#6162,#6163);
#6162 = CARTESIAN_POINT('',(16.868335943048,-0.480874703898,
    -37.99309105078));
#6163 = VECTOR('',#6164,1.);
#6164 = DIRECTION('',(0.992117619096,-6.531234125883E-03,-0.125139813251
    ));
#6165 = PCURVE('',#5146,#6166);
#6166 = DEFINITIONAL_REPRESENTATION('',(#6167),#6171);
#6167 = LINE('',#6168,#6169);
#6168 = CARTESIAN_POINT('',(104.70547710443,39.341405043087));
#6169 = VECTOR('',#6170,1.);
#6170 = DIRECTION('',(0.936103095936,0.351725736588));
#6171 = ( GEOMETRIC_REPRESENTATION_CONTEXT(2) 
PARAMETRIC_REPRESENTATION_CONTEXT() REPRESENTATION_CONTEXT('2D SPACE',''
  ) );
#6172 = PCURVE('',#5582,#6173);
#6173 = DEFINITIONAL_REPRESENTATION('',(#6174),#6178);
#6174 = LINE('',#6175,#6176);
#6175 = CARTESIAN_POINT('',(0.,-1.4));
#6176 = VECTOR('',#6177,1.);
#6177 = DIRECTION('',(1.,0.));
#6178 = ( GEOMETRIC_REPRESENTATION_CONTEXT(2) 
PARAMETRIC_REPRESENTATION_CONTEXT() REPRESENTATION_CONTEXT('2D SPACE',''
  ) );
#6179 = ORIENTED_EDGE('',*,*,#5542,.F.);
#6180 = ORIENTED_EDGE('',*,*,#6181,.F.);
#6181 = EDGE_CURVE('',#6182,#5515,#6184,.T.);
#6182 = VERTEX_POINT('',#6183);
#6183 = CARTESIAN_POINT('',(16.88595821018,0.511965169165,-18.970071219)
  );
#6184 = SURFACE_CURVE('',#6185,(#6189,#6196),.PCURVE_S1.);
#6185 = LINE('',#6186,#6187);
#6186 = CARTESIAN_POINT('',(17.635188368478,0.513735864841,
    -18.93614431913));
#6187 = VECTOR('',#6188,1.);
#6188 = DIRECTION('',(0.998973544396,2.360927567992E-03,
    4.523586649356E-02));
#6189 = PCURVE('',#5146,#6190);
#6190 = DEFINITIONAL_REPRESENTATION('',(#6191),#6195);
#6191 = LINE('',#6192,#6193);
#6192 = CARTESIAN_POINT('',(109.87202245004,20.955232500911));
#6193 = VECTOR('',#6194,1.);
#6194 = DIRECTION('',(0.982293794141,0.187347009561));
#6195 = ( GEOMETRIC_REPRESENTATION_CONTEXT(2) 
PARAMETRIC_REPRESENTATION_CONTEXT() REPRESENTATION_CONTEXT('2D SPACE',''
  ) );
#6196 = PCURVE('',#5530,#6197);
#6197 = DEFINITIONAL_REPRESENTATION('',(#6198),#6202);
#6198 = LINE('',#6199,#6200);
#6199 = CARTESIAN_POINT('',(0.,-1.4));
#6200 = VECTOR('',#6201,1.);
#6201 = DIRECTION('',(1.,0.));
#6202 = ( GEOMETRIC_REPRESENTATION_CONTEXT(2) 
PARAMETRIC_REPRESENTATION_CONTEXT() REPRESENTATION_CONTEXT('2D SPACE',''
  ) );
#6203 = ORIENTED_EDGE('',*,*,#6204,.F.);
#6204 = EDGE_CURVE('',#5958,#6182,#6205,.T.);
#6205 = SURFACE_CURVE('',#6206,(#6211,#6218),.PCURVE_S1.);
#6206 = CIRCLE('',#6207,111.10250594613);
#6207 = AXIS2_PLACEMENT_3D('',#6208,#6209,#6210);
#6208 = CARTESIAN_POINT('',(-94.10250594613,0.249660200003,
    -23.99588934508));
#6209 = DIRECTION('',(-1.167163150772E-19,0.998640800014,
    -5.212055782352E-02));
#6210 = DIRECTION('',(0.99815464666,3.164924624969E-03,
    6.064061843245E-02));
#6211 = PCURVE('',#5146,#6212);
#6212 = DEFINITIONAL_REPRESENTATION('',(#6213),#6217);
#6213 = CIRCLE('',#6214,111.10250594613);
#6214 = AXIS2_PLACEMENT_2D('',#6215,#6216);
#6215 = CARTESIAN_POINT('',(0.,0.));
#6216 = DIRECTION('',(0.985070540276,0.17215118553));
#6217 = ( GEOMETRIC_REPRESENTATION_CONTEXT(2) 
PARAMETRIC_REPRESENTATION_CONTEXT() REPRESENTATION_CONTEXT('2D SPACE',''
  ) );
#6218 = PCURVE('',#6219,#6224);
#6219 = CYLINDRICAL_SURFACE('',#6220,111.10250594613);
#6220 = AXIS2_PLACEMENT_3D('',#6221,#6222,#6223);
#6221 = CARTESIAN_POINT('',(-94.10250594613,1.647757320023,
    -24.06885812603));
#6222 = DIRECTION('',(0.,0.998640800014,-5.212055782352E-02));
#6223 = DIRECTION('',(0.99815464666,3.164924624969E-03,
    6.064061843245E-02));
#6224 = DEFINITIONAL_REPRESENTATION('',(#6225),#6229);
#6225 = LINE('',#6226,#6227);
#6226 = CARTESIAN_POINT('',(0.,-1.4));
#6227 = VECTOR('',#6228,1.);
#6228 = DIRECTION('',(1.,0.));
#6229 = ( GEOMETRIC_REPRESENTATION_CONTEXT(2) 
PARAMETRIC_REPRESENTATION_CONTEXT() REPRESENTATION_CONTEXT('2D SPACE',''
  ) );
#6230 = ADVANCED_FACE('',(#6231),#5231,.F.);
#6231 = FACE_BOUND('',#6232,.F.);
#6232 = EDGE_LOOP('',(#6233,#6234,#6235,#6258));
#6233 = ORIENTED_EDGE('',*,*,#5215,.F.);
#6234 = ORIENTED_EDGE('',*,*,#6083,.T.);
#6235 = ORIENTED_EDGE('',*,*,#6236,.T.);
#6236 = EDGE_CURVE('',#6055,#6237,#6239,.T.);
#6237 = VERTEX_POINT('',#6238);
#6238 = CARTESIAN_POINT('',(5.005339945992,2.312181764462,
    -38.19914897498));
#6239 = SURFACE_CURVE('',#6240,(#6244,#6251),.PCURVE_S1.);
#6240 = LINE('',#6241,#6242);
#6241 = CARTESIAN_POINT('',(5.005339945992,0.914084644443,
    -38.12618019403));
#6242 = VECTOR('',#6243,1.);
#6243 = DIRECTION('',(0.,0.998640800014,-5.212055782352E-02));
#6244 = PCURVE('',#5231,#6245);
#6245 = DEFINITIONAL_REPRESENTATION('',(#6246),#6250);
#6246 = LINE('',#6247,#6248);
#6247 = CARTESIAN_POINT('',(0.75,0.));
#6248 = VECTOR('',#6249,1.);
#6249 = DIRECTION('',(0.,1.));
#6250 = ( GEOMETRIC_REPRESENTATION_CONTEXT(2) 
PARAMETRIC_REPRESENTATION_CONTEXT() REPRESENTATION_CONTEXT('2D SPACE',''
  ) );
#6251 = PCURVE('',#6071,#6252);
#6252 = DEFINITIONAL_REPRESENTATION('',(#6253),#6257);
#6253 = LINE('',#6254,#6255);
#6254 = CARTESIAN_POINT('',(1.544759309129E-02,0.));
#6255 = VECTOR('',#6256,1.);
#6256 = DIRECTION('',(0.,1.));
#6257 = ( GEOMETRIC_REPRESENTATION_CONTEXT(2) 
PARAMETRIC_REPRESENTATION_CONTEXT() REPRESENTATION_CONTEXT('2D SPACE',''
  ) );
#6258 = ORIENTED_EDGE('',*,*,#6259,.F.);
#6259 = EDGE_CURVE('',#5187,#6237,#6260,.T.);
#6260 = SURFACE_CURVE('',#6261,(#6265,#6272),.PCURVE_S1.);
#6261 = LINE('',#6262,#6263);
#6262 = CARTESIAN_POINT('',(4.262792257335,2.317678674869,
    -38.09382702074));
#6263 = VECTOR('',#6264,1.);
#6264 = DIRECTION('',(0.990063584876,-7.329213875769E-03,-0.140429272326
    ));
#6265 = PCURVE('',#5231,#6266);
#6266 = DEFINITIONAL_REPRESENTATION('',(#6267),#6271);
#6267 = LINE('',#6268,#6269);
#6268 = CARTESIAN_POINT('',(0.,1.4));
#6269 = VECTOR('',#6270,1.);
#6270 = DIRECTION('',(1.,0.));
#6271 = ( GEOMETRIC_REPRESENTATION_CONTEXT(2) 
PARAMETRIC_REPRESENTATION_CONTEXT() REPRESENTATION_CONTEXT('2D SPACE',''
  ) );
#6272 = PCURVE('',#5203,#6273);
#6273 = DEFINITIONAL_REPRESENTATION('',(#6274),#6278);
#6274 = LINE('',#6275,#6276);
#6275 = CARTESIAN_POINT('',(99.340652030395,1.534696045814));
#6276 = VECTOR('',#6277,1.);
#6277 = DIRECTION('',(0.999880688306,1.54469787269E-02));
#6278 = ( GEOMETRIC_REPRESENTATION_CONTEXT(2) 
PARAMETRIC_REPRESENTATION_CONTEXT() REPRESENTATION_CONTEXT('2D SPACE',''
  ) );
#6279 = ADVANCED_FACE('',(#6280),#5203,.T.);
#6280 = FACE_BOUND('',#6281,.F.);
#6281 = EDGE_LOOP('',(#6282,#6283,#6284,#6308));
#6282 = ORIENTED_EDGE('',*,*,#5186,.T.);
#6283 = ORIENTED_EDGE('',*,*,#6259,.T.);
#6284 = ORIENTED_EDGE('',*,*,#6285,.F.);
#6285 = EDGE_CURVE('',#6286,#6237,#6288,.T.);
#6286 = VERTEX_POINT('',#6287);
#6287 = CARTESIAN_POINT('',(5.210953918672,2.39206153712,-36.66863580699
    ));
#6288 = SURFACE_CURVE('',#6289,(#6294,#6301),.PCURVE_S1.);
#6289 = CIRCLE('',#6290,100.10250594613);
#6290 = AXIS2_PLACEMENT_3D('',#6291,#6292,#6293);
#6291 = CARTESIAN_POINT('',(-94.10250594613,3.045854440042,
    -24.14182690698));
#6292 = DIRECTION('',(3.037547207457E-19,0.998640800014,
    -5.212055782352E-02));
#6293 = DIRECTION('',(0.992117619096,-6.531234125883E-03,-0.125139813251
    ));
#6294 = PCURVE('',#5203,#6295);
#6295 = DEFINITIONAL_REPRESENTATION('',(#6296),#6300);
#6296 = CIRCLE('',#6297,100.10250594613);
#6297 = AXIS2_PLACEMENT_2D('',#6298,#6299);
#6298 = CARTESIAN_POINT('',(0.,0.));
#6299 = DIRECTION('',(1.,-7.098151330422E-17));
#6300 = ( GEOMETRIC_REPRESENTATION_CONTEXT(2) 
PARAMETRIC_REPRESENTATION_CONTEXT() REPRESENTATION_CONTEXT('2D SPACE',''
  ) );
#6301 = PCURVE('',#6071,#6302);
#6302 = DEFINITIONAL_REPRESENTATION('',(#6303),#6307);
#6303 = LINE('',#6304,#6305);
#6304 = CARTESIAN_POINT('',(0.,1.4));
#6305 = VECTOR('',#6306,1.);
#6306 = DIRECTION('',(1.,0.));
#6307 = ( GEOMETRIC_REPRESENTATION_CONTEXT(2) 
PARAMETRIC_REPRESENTATION_CONTEXT() REPRESENTATION_CONTEXT('2D SPACE',''
  ) );
#6308 = ORIENTED_EDGE('',*,*,#6309,.F.);
#6309 = EDGE_CURVE('',#5159,#6286,#6310,.T.);
#6310 = SURFACE_CURVE('',#6311,(#6315,#6322),.PCURVE_S1.);
#6311 = LINE('',#6312,#6313);
#6312 = CARTESIAN_POINT('',(4.46686570435,2.396959962715,-36.57478094706
    ));
#6313 = VECTOR('',#6314,1.);
#6314 = DIRECTION('',(0.992117619096,-6.531234125883E-03,-0.125139813251
    ));
#6315 = PCURVE('',#5203,#6316);
#6316 = DEFINITIONAL_REPRESENTATION('',(#6317),#6321);
#6317 = LINE('',#6318,#6319);
#6318 = CARTESIAN_POINT('',(99.352505946136,-0.));
#6319 = VECTOR('',#6320,1.);
#6320 = DIRECTION('',(1.,-8.71340109015E-17));
#6321 = ( GEOMETRIC_REPRESENTATION_CONTEXT(2) 
PARAMETRIC_REPRESENTATION_CONTEXT() REPRESENTATION_CONTEXT('2D SPACE',''
  ) );
#6322 = PCURVE('',#5174,#6323);
#6323 = DEFINITIONAL_REPRESENTATION('',(#6324),#6328);
#6324 = LINE('',#6325,#6326);
#6325 = CARTESIAN_POINT('',(0.,1.4));
#6326 = VECTOR('',#6327,1.);
#6327 = DIRECTION('',(1.,0.));
#6328 = ( GEOMETRIC_REPRESENTATION_CONTEXT(2) 
PARAMETRIC_REPRESENTATION_CONTEXT() REPRESENTATION_CONTEXT('2D SPACE',''
  ) );
#6329 = ADVANCED_FACE('',(#6330),#5174,.T.);
#6330 = FACE_BOUND('',#6331,.T.);
#6331 = EDGE_LOOP('',(#6332,#6333,#6334,#6355));
#6332 = ORIENTED_EDGE('',*,*,#5158,.F.);
#6333 = ORIENTED_EDGE('',*,*,#6031,.T.);
#6334 = ORIENTED_EDGE('',*,*,#6335,.T.);
#6335 = EDGE_CURVE('',#6032,#6286,#6336,.T.);
#6336 = SURFACE_CURVE('',#6337,(#6341,#6348),.PCURVE_S1.);
#6337 = LINE('',#6338,#6339);
#6338 = CARTESIAN_POINT('',(5.210953918672,0.993964417101,
    -36.59566702604));
#6339 = VECTOR('',#6340,1.);
#6340 = DIRECTION('',(0.,0.998640800014,-5.212055782352E-02));
#6341 = PCURVE('',#5174,#6342);
#6342 = DEFINITIONAL_REPRESENTATION('',(#6343),#6347);
#6343 = LINE('',#6344,#6345);
#6344 = CARTESIAN_POINT('',(0.75,0.));
#6345 = VECTOR('',#6346,1.);
#6346 = DIRECTION('',(0.,1.));
#6347 = ( GEOMETRIC_REPRESENTATION_CONTEXT(2) 
PARAMETRIC_REPRESENTATION_CONTEXT() REPRESENTATION_CONTEXT('2D SPACE',''
  ) );
#6348 = PCURVE('',#6071,#6349);
#6349 = DEFINITIONAL_REPRESENTATION('',(#6350),#6354);
#6350 = LINE('',#6351,#6352);
#6351 = CARTESIAN_POINT('',(0.,0.));
#6352 = VECTOR('',#6353,1.);
#6353 = DIRECTION('',(0.,1.));
#6354 = ( GEOMETRIC_REPRESENTATION_CONTEXT(2) 
PARAMETRIC_REPRESENTATION_CONTEXT() REPRESENTATION_CONTEXT('2D SPACE',''
  ) );
#6355 = ORIENTED_EDGE('',*,*,#6309,.F.);
#6356 = ADVANCED_FACE('',(#6357),#5117,.F.);
#6357 = FACE_BOUND('',#6358,.F.);
#6358 = EDGE_LOOP('',(#6359,#6360,#6361,#6384));
#6359 = ORIENTED_EDGE('',*,*,#5101,.F.);
#6360 = ORIENTED_EDGE('',*,*,#6009,.T.);
#6361 = ORIENTED_EDGE('',*,*,#6362,.T.);
#6362 = EDGE_CURVE('',#5981,#6363,#6365,.T.);
#6363 = VERTEX_POINT('',#6364);
#6364 = CARTESIAN_POINT('',(5.897249221822,3.282189205955,
    -19.61360331233));
#6365 = SURFACE_CURVE('',#6366,(#6370,#6377),.PCURVE_S1.);
#6366 = LINE('',#6367,#6368);
#6367 = CARTESIAN_POINT('',(5.897249221822,1.884092085936,
    -19.54063453138));
#6368 = VECTOR('',#6369,1.);
#6369 = DIRECTION('',(0.,0.998640800014,-5.212055782352E-02));
#6370 = PCURVE('',#5117,#6371);
#6371 = DEFINITIONAL_REPRESENTATION('',(#6372),#6376);
#6372 = LINE('',#6373,#6374);
#6373 = CARTESIAN_POINT('',(0.75,0.));
#6374 = VECTOR('',#6375,1.);
#6375 = DIRECTION('',(0.,1.));
#6376 = ( GEOMETRIC_REPRESENTATION_CONTEXT(2) 
PARAMETRIC_REPRESENTATION_CONTEXT() REPRESENTATION_CONTEXT('2D SPACE',''
  ) );
#6377 = PCURVE('',#5997,#6378);
#6378 = DEFINITIONAL_REPRESENTATION('',(#6379),#6383);
#6379 = LINE('',#6380,#6381);
#6380 = CARTESIAN_POINT('',(1.544759309129E-02,0.));
#6381 = VECTOR('',#6382,1.);
#6382 = DIRECTION('',(0.,1.));
#6383 = ( GEOMETRIC_REPRESENTATION_CONTEXT(2) 
PARAMETRIC_REPRESENTATION_CONTEXT() REPRESENTATION_CONTEXT('2D SPACE',''
  ) );
#6384 = ORIENTED_EDGE('',*,*,#6385,.F.);
#6385 = EDGE_CURVE('',#5073,#6363,#6386,.T.);
#6386 = SURFACE_CURVE('',#6387,(#6391,#6398),.PCURVE_S1.);
#6387 = LINE('',#6388,#6389);
#6388 = CARTESIAN_POINT('',(5.148019063524,3.280418510279,-19.6475302122
    ));
#6389 = VECTOR('',#6390,1.);
#6390 = DIRECTION('',(0.998973544396,2.360927567992E-03,
    4.523586649356E-02));
#6391 = PCURVE('',#5117,#6392);
#6392 = DEFINITIONAL_REPRESENTATION('',(#6393),#6397);
#6393 = LINE('',#6394,#6395);
#6394 = CARTESIAN_POINT('',(0.,1.4));
#6395 = VECTOR('',#6396,1.);
#6396 = DIRECTION('',(1.,0.));
#6397 = ( GEOMETRIC_REPRESENTATION_CONTEXT(2) 
PARAMETRIC_REPRESENTATION_CONTEXT() REPRESENTATION_CONTEXT('2D SPACE',''
  ) );
#6398 = PCURVE('',#5089,#6399);
#6399 = DEFINITIONAL_REPRESENTATION('',(#6400),#6404);
#6400 = LINE('',#6401,#6402);
#6401 = CARTESIAN_POINT('',(99.340652030395,1.534696045814));
#6402 = VECTOR('',#6403,1.);
#6403 = DIRECTION('',(0.999880688306,1.54469787269E-02));
#6404 = ( GEOMETRIC_REPRESENTATION_CONTEXT(2) 
PARAMETRIC_REPRESENTATION_CONTEXT() REPRESENTATION_CONTEXT('2D SPACE',''
  ) );
#6405 = ADVANCED_FACE('',(#6406),#5089,.T.);
#6406 = FACE_BOUND('',#6407,.F.);
#6407 = EDGE_LOOP('',(#6408,#6409,#6410,#6434));
#6408 = ORIENTED_EDGE('',*,*,#5072,.T.);
#6409 = ORIENTED_EDGE('',*,*,#6385,.T.);
#6410 = ORIENTED_EDGE('',*,*,#6411,.F.);
#6411 = EDGE_CURVE('',#6412,#6363,#6414,.T.);
#6412 = VERTEX_POINT('',#6413);
#6413 = CARTESIAN_POINT('',(5.815275506275,3.362671326132,
    -18.07154903977));
#6414 = SURFACE_CURVE('',#6415,(#6420,#6427),.PCURVE_S1.);
#6415 = CIRCLE('',#6416,100.10250594613);
#6416 = AXIS2_PLACEMENT_3D('',#6417,#6418,#6419);
#6417 = CARTESIAN_POINT('',(-94.10250594613,3.045854440042,
    -24.14182690698));
#6418 = DIRECTION('',(3.127985567834E-19,0.998640800014,
    -5.212055782352E-02));
#6419 = DIRECTION('',(0.99815464666,3.164924624969E-03,
    6.064061843245E-02));
#6420 = PCURVE('',#5089,#6421);
#6421 = DEFINITIONAL_REPRESENTATION('',(#6422),#6426);
#6422 = CIRCLE('',#6423,100.10250594613);
#6423 = AXIS2_PLACEMENT_2D('',#6424,#6425);
#6424 = CARTESIAN_POINT('',(0.,0.));
#6425 = DIRECTION('',(1.,3.549075665211E-17));
#6426 = ( GEOMETRIC_REPRESENTATION_CONTEXT(2) 
PARAMETRIC_REPRESENTATION_CONTEXT() REPRESENTATION_CONTEXT('2D SPACE',''
  ) );
#6427 = PCURVE('',#5997,#6428);
#6428 = DEFINITIONAL_REPRESENTATION('',(#6429),#6433);
#6429 = LINE('',#6430,#6431);
#6430 = CARTESIAN_POINT('',(0.,1.4));
#6431 = VECTOR('',#6432,1.);
#6432 = DIRECTION('',(1.,0.));
#6433 = ( GEOMETRIC_REPRESENTATION_CONTEXT(2) 
PARAMETRIC_REPRESENTATION_CONTEXT() REPRESENTATION_CONTEXT('2D SPACE',''
  ) );
#6434 = ORIENTED_EDGE('',*,*,#6435,.F.);
#6435 = EDGE_CURVE('',#5045,#6412,#6436,.T.);
#6436 = SURFACE_CURVE('',#6437,(#6441,#6448),.PCURVE_S1.);
#6437 = LINE('',#6438,#6439);
#6438 = CARTESIAN_POINT('',(5.06665952128,3.360297632663,-18.11702950359
    ));
#6439 = VECTOR('',#6440,1.);
#6440 = DIRECTION('',(0.99815464666,3.164924624969E-03,
    6.064061843245E-02));
#6441 = PCURVE('',#5089,#6442);
#6442 = DEFINITIONAL_REPRESENTATION('',(#6443),#6447);
#6443 = LINE('',#6444,#6445);
#6444 = CARTESIAN_POINT('',(99.352505946136,-0.));
#6445 = VECTOR('',#6446,1.);
#6446 = DIRECTION('',(1.,-9.505577944875E-18));
#6447 = ( GEOMETRIC_REPRESENTATION_CONTEXT(2) 
PARAMETRIC_REPRESENTATION_CONTEXT() REPRESENTATION_CONTEXT('2D SPACE',''
  ) );
#6448 = PCURVE('',#5060,#6449);
#6449 = DEFINITIONAL_REPRESENTATION('',(#6450),#6454);
#6450 = LINE('',#6451,#6452);
#6451 = CARTESIAN_POINT('',(-6.25,1.3));
#6452 = VECTOR('',#6453,1.);
#6453 = DIRECTION('',(1.,0.));
#6454 = ( GEOMETRIC_REPRESENTATION_CONTEXT(2) 
PARAMETRIC_REPRESENTATION_CONTEXT() REPRESENTATION_CONTEXT('2D SPACE',''
  ) );
#6455 = ADVANCED_FACE('',(#6456),#5060,.F.);
#6456 = FACE_BOUND('',#6457,.F.);
#6457 = EDGE_LOOP('',(#6458,#6459,#6460,#6481,#6482,#6505,#6526,#6527));
#6458 = ORIENTED_EDGE('',*,*,#5044,.F.);
#6459 = ORIENTED_EDGE('',*,*,#6435,.T.);
#6460 = ORIENTED_EDGE('',*,*,#6461,.F.);
#6461 = EDGE_CURVE('',#5956,#6412,#6462,.T.);
#6462 = SURFACE_CURVE('',#6463,(#6467,#6474),.PCURVE_S1.);
#6463 = LINE('',#6464,#6465);
#6464 = CARTESIAN_POINT('',(5.815275506275,1.964574206113,
    -17.99858025882));
#6465 = VECTOR('',#6466,1.);
#6466 = DIRECTION('',(0.,0.998640800014,-5.212055782352E-02));
#6467 = PCURVE('',#5060,#6468);
#6468 = DEFINITIONAL_REPRESENTATION('',(#6469),#6473);
#6469 = LINE('',#6470,#6471);
#6470 = CARTESIAN_POINT('',(-5.5,-0.1));
#6471 = VECTOR('',#6472,1.);
#6472 = DIRECTION('',(0.,1.));
#6473 = ( GEOMETRIC_REPRESENTATION_CONTEXT(2) 
PARAMETRIC_REPRESENTATION_CONTEXT() REPRESENTATION_CONTEXT('2D SPACE',''
  ) );
#6474 = PCURVE('',#5997,#6475);
#6475 = DEFINITIONAL_REPRESENTATION('',(#6476),#6480);
#6476 = LINE('',#6477,#6478);
#6477 = CARTESIAN_POINT('',(0.,0.));
#6478 = VECTOR('',#6479,1.);
#6479 = DIRECTION('',(0.,1.));
#6480 = ( GEOMETRIC_REPRESENTATION_CONTEXT(2) 
PARAMETRIC_REPRESENTATION_CONTEXT() REPRESENTATION_CONTEXT('2D SPACE',''
  ) );
#6481 = ORIENTED_EDGE('',*,*,#5955,.T.);
#6482 = ORIENTED_EDGE('',*,*,#6483,.T.);
#6483 = EDGE_CURVE('',#5958,#6484,#6486,.T.);
#6484 = VERTEX_POINT('',#6485);
#6485 = CARTESIAN_POINT('',(16.794976619531,3.397485497007,
    -17.40450223701));
#6486 = SURFACE_CURVE('',#6487,(#6491,#6498),.PCURVE_S1.);
#6487 = LINE('',#6488,#6489);
#6488 = CARTESIAN_POINT('',(16.794976619531,1.999388376987,
    -17.33153345606));
#6489 = VECTOR('',#6490,1.);
#6490 = DIRECTION('',(0.,0.998640800014,-5.212055782352E-02));
#6491 = PCURVE('',#5060,#6492);
#6492 = DEFINITIONAL_REPRESENTATION('',(#6493),#6497);
#6493 = LINE('',#6494,#6495);
#6494 = CARTESIAN_POINT('',(5.5,-0.1));
#6495 = VECTOR('',#6496,1.);
#6496 = DIRECTION('',(0.,1.));
#6497 = ( GEOMETRIC_REPRESENTATION_CONTEXT(2) 
PARAMETRIC_REPRESENTATION_CONTEXT() REPRESENTATION_CONTEXT('2D SPACE',''
  ) );
#6498 = PCURVE('',#6219,#6499);
#6499 = DEFINITIONAL_REPRESENTATION('',(#6500),#6504);
#6500 = LINE('',#6501,#6502);
#6501 = CARTESIAN_POINT('',(0.,0.));
#6502 = VECTOR('',#6503,1.);
#6503 = DIRECTION('',(0.,1.));
#6504 = ( GEOMETRIC_REPRESENTATION_CONTEXT(2) 
PARAMETRIC_REPRESENTATION_CONTEXT() REPRESENTATION_CONTEXT('2D SPACE',''
  ) );
#6505 = ORIENTED_EDGE('',*,*,#6506,.T.);
#6506 = EDGE_CURVE('',#6484,#5463,#6507,.T.);
#6507 = SURFACE_CURVE('',#6508,(#6512,#6519),.PCURVE_S1.);
#6508 = LINE('',#6509,#6510);
#6509 = CARTESIAN_POINT('',(17.543592604526,3.399859190475,
    -17.35902177319));
#6510 = VECTOR('',#6511,1.);
#6511 = DIRECTION('',(0.99815464666,3.164924624969E-03,
    6.064061843245E-02));
#6512 = PCURVE('',#5060,#6513);
#6513 = DEFINITIONAL_REPRESENTATION('',(#6514),#6518);
#6514 = LINE('',#6515,#6516);
#6515 = CARTESIAN_POINT('',(6.25,1.3));
#6516 = VECTOR('',#6517,1.);
#6517 = DIRECTION('',(1.,0.));
#6518 = ( GEOMETRIC_REPRESENTATION_CONTEXT(2) 
PARAMETRIC_REPRESENTATION_CONTEXT() REPRESENTATION_CONTEXT('2D SPACE',''
  ) );
#6519 = PCURVE('',#5502,#6520);
#6520 = DEFINITIONAL_REPRESENTATION('',(#6521),#6525);
#6521 = LINE('',#6522,#6523);
#6522 = CARTESIAN_POINT('',(111.85250594613,3.552713678801E-15));
#6523 = VECTOR('',#6524,1.);
#6524 = DIRECTION('',(1.,-1.644447184878E-17));
#6525 = ( GEOMETRIC_REPRESENTATION_CONTEXT(2) 
PARAMETRIC_REPRESENTATION_CONTEXT() REPRESENTATION_CONTEXT('2D SPACE',''
  ) );
#6526 = ORIENTED_EDGE('',*,*,#5462,.T.);
#6527 = ORIENTED_EDGE('',*,*,#6528,.F.);
#6528 = EDGE_CURVE('',#5016,#5439,#6529,.T.);
#6529 = SURFACE_CURVE('',#6530,(#6534,#6541),.PCURVE_S1.);
#6530 = LINE('',#6531,#6532);
#6531 = CARTESIAN_POINT('',(11.305126062903,3.579806571572,
    -17.74844974996));
#6532 = VECTOR('',#6533,1.);
#6533 = DIRECTION('',(0.99815464666,3.164924624969E-03,
    6.064061843245E-02));
#6534 = PCURVE('',#5060,#6535);
#6535 = DEFINITIONAL_REPRESENTATION('',(#6536),#6540);
#6536 = LINE('',#6537,#6538);
#6537 = CARTESIAN_POINT('',(0.,1.5));
#6538 = VECTOR('',#6539,1.);
#6539 = DIRECTION('',(1.,0.));
#6540 = ( GEOMETRIC_REPRESENTATION_CONTEXT(2) 
PARAMETRIC_REPRESENTATION_CONTEXT() REPRESENTATION_CONTEXT('2D SPACE',''
  ) );
#6541 = PCURVE('',#5032,#6542);
#6542 = DEFINITIONAL_REPRESENTATION('',(#6543),#6547);
#6543 = LINE('',#6544,#6545);
#6544 = CARTESIAN_POINT('',(105.59892200498,0.8700192463));
#6545 = VECTOR('',#6546,1.);
#6546 = DIRECTION('',(0.999966061969,8.238623113204E-03));
#6547 = ( GEOMETRIC_REPRESENTATION_CONTEXT(2) 
PARAMETRIC_REPRESENTATION_CONTEXT() REPRESENTATION_CONTEXT('2D SPACE',''
  ) );
#6548 = ADVANCED_FACE('',(#6549),#5032,.T.);
#6549 = FACE_BOUND('',#6550,.F.);
#6550 = EDGE_LOOP('',(#6551,#6552,#6553,#6554));
#6551 = ORIENTED_EDGE('',*,*,#5015,.T.);
#6552 = ORIENTED_EDGE('',*,*,#6528,.T.);
#6553 = ORIENTED_EDGE('',*,*,#5438,.F.);
#6554 = ORIENTED_EDGE('',*,*,#6555,.F.);
#6555 = EDGE_CURVE('',#4988,#5416,#6556,.T.);
#6556 = SURFACE_CURVE('',#6557,(#6561,#6568),.PCURVE_S1.);
#6557 = LINE('',#6558,#6559);
#6558 = CARTESIAN_POINT('',(11.248718423286,3.625057437916,
    -16.88143367695));
#6559 = VECTOR('',#6560,1.);
#6560 = DIRECTION('',(0.997620496081,3.593426448279E-03,
    6.88508030795E-02));
#6561 = PCURVE('',#5032,#6562);
#6562 = DEFINITIONAL_REPRESENTATION('',(#6563),#6567);
#6563 = LINE('',#6564,#6565);
#6564 = CARTESIAN_POINT('',(105.60250594613,3.552713678801E-15));
#6565 = VECTOR('',#6566,1.);
#6566 = DIRECTION('',(1.,1.543665586241E-17));
#6567 = ( GEOMETRIC_REPRESENTATION_CONTEXT(2) 
PARAMETRIC_REPRESENTATION_CONTEXT() REPRESENTATION_CONTEXT('2D SPACE',''
  ) );
#6568 = PCURVE('',#5003,#6569);
#6569 = DEFINITIONAL_REPRESENTATION('',(#6570),#6574);
#6570 = LINE('',#6571,#6572);
#6571 = CARTESIAN_POINT('',(0.,1.5));
#6572 = VECTOR('',#6573,1.);
#6573 = DIRECTION('',(1.,0.));
#6574 = ( GEOMETRIC_REPRESENTATION_CONTEXT(2) 
PARAMETRIC_REPRESENTATION_CONTEXT() REPRESENTATION_CONTEXT('2D SPACE',''
  ) );
#6575 = ADVANCED_FACE('',(#6576),#5003,.T.);
#6576 = FACE_BOUND('',#6577,.T.);
#6577 = EDGE_LOOP('',(#6578,#6579,#6600,#6601));
#6578 = ORIENTED_EDGE('',*,*,#4987,.F.);
#6579 = ORIENTED_EDGE('',*,*,#6580,.T.);
#6580 = EDGE_CURVE('',#4959,#5392,#6581,.T.);
#6581 = SURFACE_CURVE('',#6582,(#6586,#6593),.PCURVE_S1.);
#6582 = LINE('',#6583,#6584);
#6583 = CARTESIAN_POINT('',(11.248718423286,0.629135037875,
    -16.72507200348));
#6584 = VECTOR('',#6585,1.);
#6585 = DIRECTION('',(0.997620496081,3.593426448279E-03,
    6.88508030795E-02));
#6586 = PCURVE('',#5003,#6587);
#6587 = DEFINITIONAL_REPRESENTATION('',(#6588),#6592);
#6588 = LINE('',#6589,#6590);
#6589 = CARTESIAN_POINT('',(0.,-1.5));
#6590 = VECTOR('',#6591,1.);
#6591 = DIRECTION('',(1.,0.));
#6592 = ( GEOMETRIC_REPRESENTATION_CONTEXT(2) 
PARAMETRIC_REPRESENTATION_CONTEXT() REPRESENTATION_CONTEXT('2D SPACE',''
  ) );
#6593 = PCURVE('',#4975,#6594);
#6594 = DEFINITIONAL_REPRESENTATION('',(#6595),#6599);
#6595 = LINE('',#6596,#6597);
#6596 = CARTESIAN_POINT('',(104.17216199674,17.321949284879));
#6597 = VECTOR('',#6598,1.);
#6598 = DIRECTION('',(0.986455397658,0.164029718137));
#6599 = ( GEOMETRIC_REPRESENTATION_CONTEXT(2) 
PARAMETRIC_REPRESENTATION_CONTEXT() REPRESENTATION_CONTEXT('2D SPACE',''
  ) );
#6600 = ORIENTED_EDGE('',*,*,#5415,.T.);
#6601 = ORIENTED_EDGE('',*,*,#6555,.F.);
#6602 = ADVANCED_FACE('',(#6603),#4975,.T.);
#6603 = FACE_BOUND('',#6604,.F.);
#6604 = EDGE_LOOP('',(#6605,#6606,#6607,#6608));
#6605 = ORIENTED_EDGE('',*,*,#4958,.T.);
#6606 = ORIENTED_EDGE('',*,*,#6580,.T.);
#6607 = ORIENTED_EDGE('',*,*,#5391,.F.);
#6608 = ORIENTED_EDGE('',*,*,#5293,.T.);
#6609 = ADVANCED_FACE('',(#6610),#5639,.F.);
#6610 = FACE_BOUND('',#6611,.F.);
#6611 = EDGE_LOOP('',(#6612,#6635,#6636,#6637));
#6612 = ORIENTED_EDGE('',*,*,#6613,.F.);
#6613 = EDGE_CURVE('',#6108,#6614,#6616,.T.);
#6614 = VERTEX_POINT('',#6615);
#6615 = CARTESIAN_POINT('',(15.896039379631,2.231560411829,
    -39.74387097057));
#6616 = SURFACE_CURVE('',#6617,(#6621,#6628),.PCURVE_S1.);
#6617 = LINE('',#6618,#6619);
#6618 = CARTESIAN_POINT('',(15.896039379631,0.83346329181,
    -39.67090218962));
#6619 = VECTOR('',#6620,1.);
#6620 = DIRECTION('',(0.,0.998640800014,-5.212055782352E-02));
#6621 = PCURVE('',#5639,#6622);
#6622 = DEFINITIONAL_REPRESENTATION('',(#6623),#6627);
#6623 = LINE('',#6624,#6625);
#6624 = CARTESIAN_POINT('',(-0.75,0.));
#6625 = VECTOR('',#6626,1.);
#6626 = DIRECTION('',(0.,1.));
#6627 = ( GEOMETRIC_REPRESENTATION_CONTEXT(2) 
PARAMETRIC_REPRESENTATION_CONTEXT() REPRESENTATION_CONTEXT('2D SPACE',''
  ) );
#6628 = PCURVE('',#6147,#6629);
#6629 = DEFINITIONAL_REPRESENTATION('',(#6630),#6634);
#6630 = LINE('',#6631,#6632);
#6631 = CARTESIAN_POINT('',(1.544759309129E-02,0.));
#6632 = VECTOR('',#6633,1.);
#6633 = DIRECTION('',(0.,1.));
#6634 = ( GEOMETRIC_REPRESENTATION_CONTEXT(2) 
PARAMETRIC_REPRESENTATION_CONTEXT() REPRESENTATION_CONTEXT('2D SPACE',''
  ) );
#6635 = ORIENTED_EDGE('',*,*,#6107,.T.);
#6636 = ORIENTED_EDGE('',*,*,#5623,.T.);
#6637 = ORIENTED_EDGE('',*,*,#6638,.F.);
#6638 = EDGE_CURVE('',#6614,#5595,#6639,.T.);
#6639 = SURFACE_CURVE('',#6640,(#6644,#6651),.PCURVE_S1.);
#6640 = LINE('',#6641,#6642);
#6641 = CARTESIAN_POINT('',(16.638587068288,2.226063501422,
    -39.84919292481));
#6642 = VECTOR('',#6643,1.);
#6643 = DIRECTION('',(0.990063584876,-7.329213875769E-03,-0.140429272326
    ));
#6644 = PCURVE('',#5639,#6645);
#6645 = DEFINITIONAL_REPRESENTATION('',(#6646),#6650);
#6646 = LINE('',#6647,#6648);
#6647 = CARTESIAN_POINT('',(0.,1.4));
#6648 = VECTOR('',#6649,1.);
#6649 = DIRECTION('',(1.,0.));
#6650 = ( GEOMETRIC_REPRESENTATION_CONTEXT(2) 
PARAMETRIC_REPRESENTATION_CONTEXT() REPRESENTATION_CONTEXT('2D SPACE',''
  ) );
#6651 = PCURVE('',#5611,#6652);
#6652 = DEFINITIONAL_REPRESENTATION('',(#6653),#6657);
#6653 = LINE('',#6654,#6655);
#6654 = CARTESIAN_POINT('',(111.83916063422,1.7277832799));
#6655 = VECTOR('',#6656,1.);
#6656 = DIRECTION('',(0.999880688306,1.54469787269E-02));
#6657 = ( GEOMETRIC_REPRESENTATION_CONTEXT(2) 
PARAMETRIC_REPRESENTATION_CONTEXT() REPRESENTATION_CONTEXT('2D SPACE',''
  ) );
#6658 = ADVANCED_FACE('',(#6659),#5611,.T.);
#6659 = FACE_BOUND('',#6660,.F.);
#6660 = EDGE_LOOP('',(#6661,#6685,#6686,#6687));
#6661 = ORIENTED_EDGE('',*,*,#6662,.T.);
#6662 = EDGE_CURVE('',#6663,#6614,#6665,.T.);
#6663 = VERTEX_POINT('',#6664);
#6664 = CARTESIAN_POINT('',(16.124247728726,2.320217961735,
    -38.04517375275));
#6665 = SURFACE_CURVE('',#6666,(#6671,#6678),.PCURVE_S1.);
#6666 = CIRCLE('',#6667,111.10250594613);
#6667 = AXIS2_PLACEMENT_3D('',#6668,#6669,#6670);
#6668 = CARTESIAN_POINT('',(-94.10250594613,3.045854440042,
    -24.14182690698));
#6669 = DIRECTION('',(2.877417187825E-19,0.998640800014,
    -5.212055782352E-02));
#6670 = DIRECTION('',(0.992117619096,-6.531234125883E-03,-0.125139813251
    ));
#6671 = PCURVE('',#5611,#6672);
#6672 = DEFINITIONAL_REPRESENTATION('',(#6673),#6677);
#6673 = CIRCLE('',#6674,111.10250594613);
#6674 = AXIS2_PLACEMENT_2D('',#6675,#6676);
#6675 = CARTESIAN_POINT('',(0.,0.));
#6676 = DIRECTION('',(1.,-0.));
#6677 = ( GEOMETRIC_REPRESENTATION_CONTEXT(2) 
PARAMETRIC_REPRESENTATION_CONTEXT() REPRESENTATION_CONTEXT('2D SPACE',''
  ) );
#6678 = PCURVE('',#6147,#6679);
#6679 = DEFINITIONAL_REPRESENTATION('',(#6680),#6684);
#6680 = LINE('',#6681,#6682);
#6681 = CARTESIAN_POINT('',(0.,1.4));
#6682 = VECTOR('',#6683,1.);
#6683 = DIRECTION('',(1.,0.));
#6684 = ( GEOMETRIC_REPRESENTATION_CONTEXT(2) 
PARAMETRIC_REPRESENTATION_CONTEXT() REPRESENTATION_CONTEXT('2D SPACE',''
  ) );
#6685 = ORIENTED_EDGE('',*,*,#6638,.T.);
#6686 = ORIENTED_EDGE('',*,*,#5594,.F.);
#6687 = ORIENTED_EDGE('',*,*,#6688,.F.);
#6688 = EDGE_CURVE('',#6663,#5567,#6689,.T.);
#6689 = SURFACE_CURVE('',#6690,(#6694,#6701),.PCURVE_S1.);
#6690 = LINE('',#6691,#6692);
#6691 = CARTESIAN_POINT('',(16.868335943048,2.315319536141,
    -38.13902861269));
#6692 = VECTOR('',#6693,1.);
#6693 = DIRECTION('',(0.992117619096,-6.531234125883E-03,-0.125139813251
    ));
#6694 = PCURVE('',#5611,#6695);
#6695 = DEFINITIONAL_REPRESENTATION('',(#6696),#6700);
#6696 = LINE('',#6697,#6698);
#6697 = CARTESIAN_POINT('',(111.85250594613,-7.105427357601E-15));
#6698 = VECTOR('',#6699,1.);
#6699 = DIRECTION('',(1.,-8.71340109015E-17));
#6700 = ( GEOMETRIC_REPRESENTATION_CONTEXT(2) 
PARAMETRIC_REPRESENTATION_CONTEXT() REPRESENTATION_CONTEXT('2D SPACE',''
  ) );
#6701 = PCURVE('',#5582,#6702);
#6702 = DEFINITIONAL_REPRESENTATION('',(#6703),#6707);
#6703 = LINE('',#6704,#6705);
#6704 = CARTESIAN_POINT('',(0.,1.4));
#6705 = VECTOR('',#6706,1.);
#6706 = DIRECTION('',(1.,0.));
#6707 = ( GEOMETRIC_REPRESENTATION_CONTEXT(2) 
PARAMETRIC_REPRESENTATION_CONTEXT() REPRESENTATION_CONTEXT('2D SPACE',''
  ) );
#6708 = ADVANCED_FACE('',(#6709),#5582,.T.);
#6709 = FACE_BOUND('',#6710,.T.);
#6710 = EDGE_LOOP('',(#6711,#6732,#6733,#6734));
#6711 = ORIENTED_EDGE('',*,*,#6712,.F.);
#6712 = EDGE_CURVE('',#6131,#6663,#6713,.T.);
#6713 = SURFACE_CURVE('',#6714,(#6718,#6725),.PCURVE_S1.);
#6714 = LINE('',#6715,#6716);
#6715 = CARTESIAN_POINT('',(16.124247728726,0.922120841716,
    -37.9722049718));
#6716 = VECTOR('',#6717,1.);
#6717 = DIRECTION('',(0.,0.998640800014,-5.212055782352E-02));
#6718 = PCURVE('',#5582,#6719);
#6719 = DEFINITIONAL_REPRESENTATION('',(#6720),#6724);
#6720 = LINE('',#6721,#6722);
#6721 = CARTESIAN_POINT('',(-0.75,0.));
#6722 = VECTOR('',#6723,1.);
#6723 = DIRECTION('',(0.,1.));
#6724 = ( GEOMETRIC_REPRESENTATION_CONTEXT(2) 
PARAMETRIC_REPRESENTATION_CONTEXT() REPRESENTATION_CONTEXT('2D SPACE',''
  ) );
#6725 = PCURVE('',#6147,#6726);
#6726 = DEFINITIONAL_REPRESENTATION('',(#6727),#6731);
#6727 = LINE('',#6728,#6729);
#6728 = CARTESIAN_POINT('',(0.,0.));
#6729 = VECTOR('',#6730,1.);
#6730 = DIRECTION('',(0.,1.));
#6731 = ( GEOMETRIC_REPRESENTATION_CONTEXT(2) 
PARAMETRIC_REPRESENTATION_CONTEXT() REPRESENTATION_CONTEXT('2D SPACE',''
  ) );
#6732 = ORIENTED_EDGE('',*,*,#6159,.T.);
#6733 = ORIENTED_EDGE('',*,*,#5566,.T.);
#6734 = ORIENTED_EDGE('',*,*,#6688,.F.);
#6735 = ADVANCED_FACE('',(#6736),#5530,.F.);
#6736 = FACE_BOUND('',#6737,.F.);
#6737 = EDGE_LOOP('',(#6738,#6761,#6762,#6763));
#6738 = ORIENTED_EDGE('',*,*,#6739,.F.);
#6739 = EDGE_CURVE('',#6182,#6740,#6742,.T.);
#6740 = VERTEX_POINT('',#6741);
#6741 = CARTESIAN_POINT('',(16.88595821018,3.308159409203,-19.1160087809
    ));
#6742 = SURFACE_CURVE('',#6743,(#6747,#6754),.PCURVE_S1.);
#6743 = LINE('',#6744,#6745);
#6744 = CARTESIAN_POINT('',(16.88595821018,1.910062289184,
    -19.04303999995));
#6745 = VECTOR('',#6746,1.);
#6746 = DIRECTION('',(0.,0.998640800014,-5.212055782352E-02));
#6747 = PCURVE('',#5530,#6748);
#6748 = DEFINITIONAL_REPRESENTATION('',(#6749),#6753);
#6749 = LINE('',#6750,#6751);
#6750 = CARTESIAN_POINT('',(-0.75,0.));
#6751 = VECTOR('',#6752,1.);
#6752 = DIRECTION('',(0.,1.));
#6753 = ( GEOMETRIC_REPRESENTATION_CONTEXT(2) 
PARAMETRIC_REPRESENTATION_CONTEXT() REPRESENTATION_CONTEXT('2D SPACE',''
  ) );
#6754 = PCURVE('',#6219,#6755);
#6755 = DEFINITIONAL_REPRESENTATION('',(#6756),#6760);
#6756 = LINE('',#6757,#6758);
#6757 = CARTESIAN_POINT('',(1.544759309129E-02,0.));
#6758 = VECTOR('',#6759,1.);
#6759 = DIRECTION('',(0.,1.));
#6760 = ( GEOMETRIC_REPRESENTATION_CONTEXT(2) 
PARAMETRIC_REPRESENTATION_CONTEXT() REPRESENTATION_CONTEXT('2D SPACE',''
  ) );
#6761 = ORIENTED_EDGE('',*,*,#6181,.T.);
#6762 = ORIENTED_EDGE('',*,*,#5514,.T.);
#6763 = ORIENTED_EDGE('',*,*,#6764,.F.);
#6764 = EDGE_CURVE('',#6740,#5486,#6765,.T.);
#6765 = SURFACE_CURVE('',#6766,(#6770,#6777),.PCURVE_S1.);
#6766 = LINE('',#6767,#6768);
#6767 = CARTESIAN_POINT('',(17.635188368478,3.309930104879,
    -19.08208188103));
#6768 = VECTOR('',#6769,1.);
#6769 = DIRECTION('',(0.998973544396,2.360927567992E-03,
    4.523586649356E-02));
#6770 = PCURVE('',#5530,#6771);
#6771 = DEFINITIONAL_REPRESENTATION('',(#6772),#6776);
#6772 = LINE('',#6773,#6774);
#6773 = CARTESIAN_POINT('',(0.,1.4));
#6774 = VECTOR('',#6775,1.);
#6775 = DIRECTION('',(1.,0.));
#6776 = ( GEOMETRIC_REPRESENTATION_CONTEXT(2) 
PARAMETRIC_REPRESENTATION_CONTEXT() REPRESENTATION_CONTEXT('2D SPACE',''
  ) );
#6777 = PCURVE('',#5502,#6778);
#6778 = DEFINITIONAL_REPRESENTATION('',(#6779),#6783);
#6779 = LINE('',#6780,#6781);
#6780 = CARTESIAN_POINT('',(111.83916063422,1.7277832799));
#6781 = VECTOR('',#6782,1.);
#6782 = DIRECTION('',(0.999880688306,1.54469787269E-02));
#6783 = ( GEOMETRIC_REPRESENTATION_CONTEXT(2) 
PARAMETRIC_REPRESENTATION_CONTEXT() REPRESENTATION_CONTEXT('2D SPACE',''
  ) );
#6784 = ADVANCED_FACE('',(#6785),#5502,.T.);
#6785 = FACE_BOUND('',#6786,.F.);
#6786 = EDGE_LOOP('',(#6787,#6809,#6810,#6811));
#6787 = ORIENTED_EDGE('',*,*,#6788,.T.);
#6788 = EDGE_CURVE('',#6484,#6740,#6789,.T.);
#6789 = SURFACE_CURVE('',#6790,(#6795,#6802),.PCURVE_S1.);
#6790 = CIRCLE('',#6791,111.10250594613);
#6791 = AXIS2_PLACEMENT_3D('',#6792,#6793,#6794);
#6792 = CARTESIAN_POINT('',(-94.10250594613,3.045854440042,
    -24.14182690698));
#6793 = DIRECTION('',(-1.167163150772E-19,0.998640800014,
    -5.212055782352E-02));
#6794 = DIRECTION('',(0.99815464666,3.164924624969E-03,
    6.064061843245E-02));
#6795 = PCURVE('',#5502,#6796);
#6796 = DEFINITIONAL_REPRESENTATION('',(#6797),#6801);
#6797 = CIRCLE('',#6798,111.10250594613);
#6798 = AXIS2_PLACEMENT_2D('',#6799,#6800);
#6799 = CARTESIAN_POINT('',(0.,0.));
#6800 = DIRECTION('',(1.,-0.));
#6801 = ( GEOMETRIC_REPRESENTATION_CONTEXT(2) 
PARAMETRIC_REPRESENTATION_CONTEXT() REPRESENTATION_CONTEXT('2D SPACE',''
  ) );
#6802 = PCURVE('',#6219,#6803);
#6803 = DEFINITIONAL_REPRESENTATION('',(#6804),#6808);
#6804 = LINE('',#6805,#6806);
#6805 = CARTESIAN_POINT('',(0.,1.4));
#6806 = VECTOR('',#6807,1.);
#6807 = DIRECTION('',(1.,0.));
#6808 = ( GEOMETRIC_REPRESENTATION_CONTEXT(2) 
PARAMETRIC_REPRESENTATION_CONTEXT() REPRESENTATION_CONTEXT('2D SPACE',''
  ) );
#6809 = ORIENTED_EDGE('',*,*,#6764,.T.);
#6810 = ORIENTED_EDGE('',*,*,#5485,.F.);
#6811 = ORIENTED_EDGE('',*,*,#6506,.F.);
#6812 = ADVANCED_FACE('',(#6813),#6219,.F.);
#6813 = FACE_BOUND('',#6814,.F.);
#6814 = EDGE_LOOP('',(#6815,#6816,#6817,#6818));
#6815 = ORIENTED_EDGE('',*,*,#6204,.T.);
#6816 = ORIENTED_EDGE('',*,*,#6739,.T.);
#6817 = ORIENTED_EDGE('',*,*,#6788,.F.);
#6818 = ORIENTED_EDGE('',*,*,#6483,.F.);
#6819 = ADVANCED_FACE('',(#6820),#6147,.F.);
#6820 = FACE_BOUND('',#6821,.F.);
#6821 = EDGE_LOOP('',(#6822,#6823,#6824,#6825));
#6822 = ORIENTED_EDGE('',*,*,#6130,.T.);
#6823 = ORIENTED_EDGE('',*,*,#6613,.T.);
#6824 = ORIENTED_EDGE('',*,*,#6662,.F.);
#6825 = ORIENTED_EDGE('',*,*,#6712,.F.);
#6826 = ADVANCED_FACE('',(#6827),#6071,.T.);
#6827 = FACE_BOUND('',#6828,.T.);
#6828 = EDGE_LOOP('',(#6829,#6830,#6831,#6832));
#6829 = ORIENTED_EDGE('',*,*,#6054,.T.);
#6830 = ORIENTED_EDGE('',*,*,#6236,.T.);
#6831 = ORIENTED_EDGE('',*,*,#6285,.F.);
#6832 = ORIENTED_EDGE('',*,*,#6335,.F.);
#6833 = ADVANCED_FACE('',(#6834),#5997,.T.);
#6834 = FACE_BOUND('',#6835,.T.);
#6835 = EDGE_LOOP('',(#6836,#6837,#6838,#6839));
#6836 = ORIENTED_EDGE('',*,*,#5980,.T.);
#6837 = ORIENTED_EDGE('',*,*,#6362,.T.);
#6838 = ORIENTED_EDGE('',*,*,#6411,.F.);
#6839 = ORIENTED_EDGE('',*,*,#6461,.F.);
#6840 = ( GEOMETRIC_REPRESENTATION_CONTEXT(3) 
GLOBAL_UNCERTAINTY_ASSIGNED_CONTEXT((#6844)) 
GLOBAL_UNIT_ASSIGNED_CONTEXT((#6841,#6842,#6843)) REPRESENTATION_CONTEXT
('Context #1','3D Context with UNIT and UNCERTAINTY') );
#6841 = ( LENGTH_UNIT() NAMED_UNIT(*) SI_UNIT(.MILLI.,.METRE.) );
#6842 = ( NAMED_UNIT(*) PLANE_ANGLE_UNIT() SI_UNIT($,.RADIAN.) );
#6843 = ( NAMED_UNIT(*) SI_UNIT($,.STERADIAN.) SOLID_ANGLE_UNIT() );
#6844 = UNCERTAINTY_MEASURE_WITH_UNIT(LENGTH_MEASURE(2.E-05),#6841,
  'distance_accuracy_value','confusion accuracy');
#6845 = PRODUCT_RELATED_PRODUCT_CATEGORY('part',$,(#7));
ENDSEC;
END-ISO-10303-21;
