ISO-10303-21;
HEADER;
FILE_DESCRIPTION(('Open CASCADE Model'),'2;1');
FILE_NAME('lid','2026-09-16T00:00:00Z',('Author'),('Open CASCADE'),
  'Open CASCADE STEP processor 7.9','build123d','Unknown');
FILE_SCHEMA(('AUTOMOTIVE_DESIGN { 1 0 10303 214 1 1 1 1 }'));
ENDSEC;
DATA;
#1 = APPLICATION_PROTOCOL_DEFINITION('international standard',
  'automotive_design',2000,#2);
#2 = APPLICATION_CONTEXT(
  'core data for automotive mechanical design processes');
#3 = SHAPE_DEFINITION_REPRESENTATION(#4,#10);
#4 = PRODUCT_DEFINITION_SHAPE('','',#5);
#5 = PRODUCT_DEFINITION('design','',#6,#9);
#6 = PRODUCT_DEFINITION_FORMATION('','',#7);
#7 = PRODUCT('lid','lid','',(#8));
#8 = PRODUCT_CONTEXT('',#2,'mechanical');
#9 = PRODUCT_DEFINITION_CONTEXT('part definition',#2,'design');
#10 = SHAPE_REPRESENTATION('',(#11,#15),#19);
#11 = AXIS2_PLACEMENT_3D('',#12,#13,#14);
#12 = CARTESIAN_POINT('',(0.,0.,0.));
#13 = DIRECTION('',(0.,0.,1.));
#14 = DIRECTION('',(1.,0.,-0.));
#15 = AXIS2_PLACEMENT_3D('',#16,#17,#18);
#16 = CARTESIAN_POINT('',(0.,0.,0.));
#17 = DIRECTION('',(-0.,3.129955513418E-02,0.999510048898));
#18 = DIRECTION('',(1.,0.,0.));
#19 = ( GEOMETRIC_REPRESENTATION_CONTEXT(3) 
GLOBAL_UNCERTAINTY_ASSIGNED_CONTEXT((#23)) GLOBAL_UNIT_ASSIGNED_CONTEXT(
(#20,#21,#22)) REPRESENTATION_CONTEXT('Context #1',
  '3D Context with UNIT and UNCERTAINTY') );
#20 = ( LENGTH_UNIT() NAMED_UNIT(*) SI_UNIT(.MILLI.,.METRE.) );
#21 = ( NAMED_UNIT(*) PLANE_ANGLE_UNIT() SI_UNIT($,.RADIAN.) );
#22 = ( NAMED_UNIT(*) SI_UNIT($,.STERADIAN.) SOLID_ANGLE_UNIT() );
#23 = UNCERTAINTY_MEASURE_WITH_UNIT(LENGTH_MEASURE(2.E-06),#20,
  'distance_accuracy_value','confusion accuracy');
#24 = PRODUCT_RELATED_PRODUCT_CATEGORY('part',$,(#7));
#25 = SHAPE_DEFINITION_REPRESENTATION(#26,#32);
#26 = PRODUCT_DEFINITION_SHAPE('','',#27);
#27 = PRODUCT_DEFINITION('design','',#28,#31);
#28 = PRODUCT_DEFINITION_FORMATION('','',#29);
#29 = PRODUCT('lid','lid','',(#30));
#30 = PRODUCT_CONTEXT('',#2,'mechanical');
#31 = PRODUCT_DEFINITION_CONTEXT('part definition',#2,'design');
#32 = ADVANCED_BREP_SHAPE_REPRESENTATION('',(#11,#33),#5663);
#33 = MANIFOLD_SOLID_BREP('',#34);
#34 = CLOSED_SHELL('',(#35,#162,#284,#378,#501,#700,#870,#2074,#2147,
    #2177,#2207,#2261,#2311,#2389,#2467,#3156,#3232,#3398,#3472,#3538,
    #3565,#3590,#3617,#3648,#3655,#3846,#3921,#4088,#4160,#4187,#4214,
    #4241,#4266,#4293,#4320,#4401,#4473,#4500,#4527,#4534,#4660,#4738,
    #4814,#4892,#4968,#5039,#5091,#5141,#5217,#5290,#5321,#5348,#5375,
    #5402,#5413,#5489,#5562,#5589,#5616,#5623,#5654));
#35 = ADVANCED_FACE('',(#36),#50,.F.);
#36 = FACE_BOUND('',#37,.F.);
#37 = EDGE_LOOP('',(#38,#73,#102,#135));
#38 = ORIENTED_EDGE('',*,*,#39,.F.);
#39 = EDGE_CURVE('',#40,#42,#44,.T.);
#40 = VERTEX_POINT('',#41);
#41 = CARTESIAN_POINT('',(0.33790847359,8.,0.293227937964));
#42 = VERTEX_POINT('',#43);
#43 = CARTESIAN_POINT('',(0.337908473591,8.2,0.293227937964));
#44 = SURFACE_CURVE('',#45,(#49,#61),.PCURVE_S1.);
#45 = LINE('',#46,#47);
#46 = CARTESIAN_POINT('',(0.33790847359,8.5,0.293227937964));
#47 = VECTOR('',#48,1.);
#48 = DIRECTION('',(0.,1.,0.));
#49 = PCURVE('',#50,#55);
#50 = CYLINDRICAL_SURFACE('',#51,97.502505946136);
#51 = AXIS2_PLACEMENT_3D('',#52,#53,#54);
#52 = CARTESIAN_POINT('',(-94.10250594613,8.5,-23.95026170372));
#53 = DIRECTION('',(0.,1.,0.));
#54 = DIRECTION('',(0.968594740241,-0.,0.248644785141));
#55 = DEFINITIONAL_REPRESENTATION('',(#56),#60);
#56 = LINE('',#57,#58);
#57 = CARTESIAN_POINT('',(0.,0.));
#58 = VECTOR('',#59,1.);
#59 = DIRECTION('',(0.,1.));
#60 = ( GEOMETRIC_REPRESENTATION_CONTEXT(2) 
PARAMETRIC_REPRESENTATION_CONTEXT() REPRESENTATION_CONTEXT('2D SPACE',''
  ) );
#61 = PCURVE('',#62,#67);
#62 = PLANE('',#63);
#63 = AXIS2_PLACEMENT_3D('',#64,#65,#66);
#64 = CARTESIAN_POINT('',(9.636417979902,8.5,2.680217875318));
#65 = DIRECTION('',(-0.248644785141,0.,0.968594740241));
#66 = DIRECTION('',(0.968594740241,0.,0.248644785141));
#67 = DEFINITIONAL_REPRESENTATION('',(#68),#72);
#68 = LINE('',#69,#70);
#69 = CARTESIAN_POINT('',(-9.6,0.));
#70 = VECTOR('',#71,1.);
#71 = DIRECTION('',(0.,1.));
#72 = ( GEOMETRIC_REPRESENTATION_CONTEXT(2) 
PARAMETRIC_REPRESENTATION_CONTEXT() REPRESENTATION_CONTEXT('2D SPACE',''
  ) );
#73 = ORIENTED_EDGE('',*,*,#74,.T.);
#74 = EDGE_CURVE('',#40,#75,#77,.T.);
#75 = VERTEX_POINT('',#76);
#76 = CARTESIAN_POINT('',(2.388354079215,8.,-37.95928013273));
#77 = SURFACE_CURVE('',#78,(#83,#90),.PCURVE_S1.);
#78 = CIRCLE('',#79,97.502505946136);
#79 = AXIS2_PLACEMENT_3D('',#80,#81,#82);
#80 = CARTESIAN_POINT('',(-94.10250594613,8.,-23.95026170372));
#81 = DIRECTION('',(0.,1.,0.));
#82 = DIRECTION('',(0.968594740241,-0.,0.248644785141));
#83 = PCURVE('',#50,#84);
#84 = DEFINITIONAL_REPRESENTATION('',(#85),#89);
#85 = LINE('',#86,#87);
#86 = CARTESIAN_POINT('',(0.,-0.5));
#87 = VECTOR('',#88,1.);
#88 = DIRECTION('',(1.,0.));
#89 = ( GEOMETRIC_REPRESENTATION_CONTEXT(2) 
PARAMETRIC_REPRESENTATION_CONTEXT() REPRESENTATION_CONTEXT('2D SPACE',''
  ) );
#90 = PCURVE('',#91,#96);
#91 = PLANE('',#92);
#92 = AXIS2_PLACEMENT_3D('',#93,#94,#95);
#93 = CARTESIAN_POINT('',(-94.10250594613,8.,-23.95026170372));
#94 = DIRECTION('',(0.,1.,0.));
#95 = DIRECTION('',(0.968594740241,-0.,0.248644785141));
#96 = DEFINITIONAL_REPRESENTATION('',(#97),#101);
#97 = CIRCLE('',#98,97.502505946136);
#98 = AXIS2_PLACEMENT_2D('',#99,#100);
#99 = CARTESIAN_POINT('',(0.,0.));
#100 = DIRECTION('',(1.,-3.061266418441E-18));
#101 = ( GEOMETRIC_REPRESENTATION_CONTEXT(2) 
PARAMETRIC_REPRESENTATION_CONTEXT() REPRESENTATION_CONTEXT('2D SPACE',''
  ) );
#102 = ORIENTED_EDGE('',*,*,#103,.T.);
#103 = EDGE_CURVE('',#75,#104,#106,.T.);
#104 = VERTEX_POINT('',#105);
#105 = CARTESIAN_POINT('',(2.388354079215,8.2,-37.95928013273));
#106 = SURFACE_CURVE('',#107,(#111,#118),.PCURVE_S1.);
#107 = LINE('',#108,#109);
#108 = CARTESIAN_POINT('',(2.388354079215,8.5,-37.95928013273));
#109 = VECTOR('',#110,1.);
#110 = DIRECTION('',(0.,1.,0.));
#111 = PCURVE('',#50,#112);
#112 = DEFINITIONAL_REPRESENTATION('',(#113),#117);
#113 = LINE('',#114,#115);
#114 = CARTESIAN_POINT('',(0.395458383137,0.));
#115 = VECTOR('',#116,1.);
#116 = DIRECTION('',(0.,1.));
#117 = ( GEOMETRIC_REPRESENTATION_CONTEXT(2) 
PARAMETRIC_REPRESENTATION_CONTEXT() REPRESENTATION_CONTEXT('2D SPACE',''
  ) );
#118 = PCURVE('',#119,#130);
#119 = ( BOUNDED_SURFACE() B_SPLINE_SURFACE(1,4,(
    (#120,#121,#122,#123,#124)
    ,(#125,#126,#127,#128,#129
)),.UNSPECIFIED.,.F.,.F.,.F.) B_SPLINE_SURFACE_WITH_KNOTS((2,2),(5,5),(
    0.,1.),(0.,1.),.PIECEWISE_BEZIER_KNOTS.) 
GEOMETRIC_REPRESENTATION_ITEM() RATIONAL_B_SPLINE_SURFACE((
    (1.,1.,1.,1.,1.)
,(1.,1.,1.,1.,1.))) REPRESENTATION_ITEM('') SURFACE() );
#120 = CARTESIAN_POINT('',(2.388354079215,9.,-37.95928013273));
#121 = CARTESIAN_POINT('',(3.088450570674,9.,-40.14504428327));
#122 = CARTESIAN_POINT('',(3.721991999333,9.,-42.3760750227));
#123 = CARTESIAN_POINT('',(4.28597399749,9.,-44.64873280049));
#124 = CARTESIAN_POINT('',(4.777909509808,9.,-46.95902150302));
#125 = CARTESIAN_POINT('',(2.388354079215,8.,-37.95928013273));
#126 = CARTESIAN_POINT('',(3.088450570674,8.,-40.14504428327));
#127 = CARTESIAN_POINT('',(3.721991999333,8.,-42.3760750227));
#128 = CARTESIAN_POINT('',(4.28597399749,8.,-44.64873280049));
#129 = CARTESIAN_POINT('',(4.777909509808,8.,-46.95902150302));
#130 = DEFINITIONAL_REPRESENTATION('',(#131),#134);
#131 = B_SPLINE_CURVE_WITH_KNOTS('',1,(#132,#133),.UNSPECIFIED.,.F.,.F.,
  (2,2),(-0.5,0.5),.PIECEWISE_BEZIER_KNOTS.);
#132 = CARTESIAN_POINT('',(1.,0.));
#133 = CARTESIAN_POINT('',(0.,0.));
#134 = ( GEOMETRIC_REPRESENTATION_CONTEXT(2) 
PARAMETRIC_REPRESENTATION_CONTEXT() REPRESENTATION_CONTEXT('2D SPACE',''
  ) );
#135 = ORIENTED_EDGE('',*,*,#136,.F.);
#136 = EDGE_CURVE('',#42,#104,#137,.T.);
#137 = SURFACE_CURVE('',#138,(#143,#150),.PCURVE_S1.);
#138 = CIRCLE('',#139,97.502505946136);
#139 = AXIS2_PLACEMENT_3D('',#140,#141,#142);
#140 = CARTESIAN_POINT('',(-94.10250594613,8.2,-23.95026170372));
#141 = DIRECTION('',(-0.,1.,0.));
#142 = DIRECTION('',(0.968594740241,0.,0.248644785141));
#143 = PCURVE('',#50,#144);
#144 = DEFINITIONAL_REPRESENTATION('',(#145),#149);
#145 = LINE('',#146,#147);
#146 = CARTESIAN_POINT('',(5.067041520257E-17,-0.3));
#147 = VECTOR('',#148,1.);
#148 = DIRECTION('',(1.,0.));
#149 = ( GEOMETRIC_REPRESENTATION_CONTEXT(2) 
PARAMETRIC_REPRESENTATION_CONTEXT() REPRESENTATION_CONTEXT('2D SPACE',''
  ) );
#150 = PCURVE('',#151,#156);
#151 = TOROIDAL_SURFACE('',#152,98.302505946136,0.8);
#152 = AXIS2_PLACEMENT_3D('',#153,#154,#155);
#153 = CARTESIAN_POINT('',(-94.10250594613,8.2,-23.95026170372));
#154 = DIRECTION('',(0.,-1.,-0.));
#155 = DIRECTION('',(0.968594740241,0.,0.248644785141));
#156 = DEFINITIONAL_REPRESENTATION('',(#157),#161);
#157 = LINE('',#158,#159);
#158 = CARTESIAN_POINT('',(-0.,3.14159265359));
#159 = VECTOR('',#160,1.);
#160 = DIRECTION('',(-1.,0.));
#161 = ( GEOMETRIC_REPRESENTATION_CONTEXT(2) 
PARAMETRIC_REPRESENTATION_CONTEXT() REPRESENTATION_CONTEXT('2D SPACE',''
  ) );
#162 = ADVANCED_FACE('',(#163),#119,.F.);
#163 = FACE_BOUND('',#164,.F.);
#164 = EDGE_LOOP('',(#165,#166,#193,#219));
#165 = ORIENTED_EDGE('',*,*,#103,.F.);
#166 = ORIENTED_EDGE('',*,*,#167,.T.);
#167 = EDGE_CURVE('',#75,#168,#170,.T.);
#168 = VERTEX_POINT('',#169);
#169 = CARTESIAN_POINT('',(4.777909509808,8.,-46.95902150302));
#170 = SURFACE_CURVE('',#171,(#177,#184),.PCURVE_S1.);
#171 = ( BOUNDED_CURVE() B_SPLINE_CURVE(4,(#172,#173,#174,#175,#176),
.UNSPECIFIED.,.F.,.F.) B_SPLINE_CURVE_WITH_KNOTS((5,5),(0.,1.),
.PIECEWISE_BEZIER_KNOTS.) CURVE() GEOMETRIC_REPRESENTATION_ITEM() 
RATIONAL_B_SPLINE_CURVE((1.,1.,1.,1.,1.)) REPRESENTATION_ITEM('') );
#172 = CARTESIAN_POINT('',(2.388354079215,8.,-37.95928013273));
#173 = CARTESIAN_POINT('',(3.088450570674,8.,-40.14504428327));
#174 = CARTESIAN_POINT('',(3.721991999333,8.,-42.3760750227));
#175 = CARTESIAN_POINT('',(4.28597399749,8.,-44.64873280049));
#176 = CARTESIAN_POINT('',(4.777909509808,8.,-46.95902150302));
#177 = PCURVE('',#119,#178);
#178 = DEFINITIONAL_REPRESENTATION('',(#179),#183);
#179 = LINE('',#180,#181);
#180 = CARTESIAN_POINT('',(1.,0.));
#181 = VECTOR('',#182,1.);
#182 = DIRECTION('',(0.,1.));
#183 = ( GEOMETRIC_REPRESENTATION_CONTEXT(2) 
PARAMETRIC_REPRESENTATION_CONTEXT() REPRESENTATION_CONTEXT('2D SPACE',''
  ) );
#184 = PCURVE('',#91,#185);
#185 = DEFINITIONAL_REPRESENTATION('',(#186),#192);
#186 = ( BOUNDED_CURVE() B_SPLINE_CURVE(4,(#187,#188,#189,#190,#191),
.UNSPECIFIED.,.F.,.F.) B_SPLINE_CURVE_WITH_KNOTS((5,5),(0.,1.),
.PIECEWISE_BEZIER_KNOTS.) CURVE() GEOMETRIC_REPRESENTATION_ITEM() 
RATIONAL_B_SPLINE_CURVE((1.,1.,1.,1.,1.)) REPRESENTATION_ITEM('') );
#187 = CARTESIAN_POINT('',(89.977270124551,37.56101072535));
#188 = CARTESIAN_POINT('',(90.111901046258,39.852205726672));
#189 = CARTESIAN_POINT('',(90.170811782933,42.170697138606));
#190 = CARTESIAN_POINT('',(90.151997275082,44.512212691295));
#191 = CARTESIAN_POINT('',(90.054042186797,46.872263376766));
#192 = ( GEOMETRIC_REPRESENTATION_CONTEXT(2) 
PARAMETRIC_REPRESENTATION_CONTEXT() REPRESENTATION_CONTEXT('2D SPACE',''
  ) );
#193 = ORIENTED_EDGE('',*,*,#194,.F.);
#194 = EDGE_CURVE('',#195,#168,#197,.T.);
#195 = VERTEX_POINT('',#196);
#196 = CARTESIAN_POINT('',(4.777909509808,8.2,-46.95902150302));
#197 = SURFACE_CURVE('',#198,(#201,#208),.PCURVE_S1.);
#198 = B_SPLINE_CURVE_WITH_KNOTS('',1,(#199,#200),.UNSPECIFIED.,.F.,.F.,
  (2,2),(0.,1.),.PIECEWISE_BEZIER_KNOTS.);
#199 = CARTESIAN_POINT('',(4.777909509808,9.,-46.95902150302));
#200 = CARTESIAN_POINT('',(4.777909509808,8.,-46.95902150302));
#201 = PCURVE('',#119,#202);
#202 = DEFINITIONAL_REPRESENTATION('',(#203),#207);
#203 = LINE('',#204,#205);
#204 = CARTESIAN_POINT('',(0.,1.));
#205 = VECTOR('',#206,1.);
#206 = DIRECTION('',(1.,0.));
#207 = ( GEOMETRIC_REPRESENTATION_CONTEXT(2) 
PARAMETRIC_REPRESENTATION_CONTEXT() REPRESENTATION_CONTEXT('2D SPACE',''
  ) );
#208 = PCURVE('',#209,#214);
#209 = PLANE('',#210);
#210 = AXIS2_PLACEMENT_3D('',#211,#212,#213);
#211 = CARTESIAN_POINT('',(4.777909509808,9.,-46.95902150302));
#212 = DIRECTION('',(-0.226637911096,-0.,-0.973979084608));
#213 = DIRECTION('',(0.970092887082,-8.924193412074E-02,-0.22573362095)
  );
#214 = DEFINITIONAL_REPRESENTATION('',(#215),#218);
#215 = B_SPLINE_CURVE_WITH_KNOTS('',1,(#216,#217),.UNSPECIFIED.,.F.,.F.,
  (2,2),(0.,1.),.PIECEWISE_BEZIER_KNOTS.);
#216 = CARTESIAN_POINT('',(0.,0.));
#217 = CARTESIAN_POINT('',(8.924193412074E-02,0.996009978461));
#218 = ( GEOMETRIC_REPRESENTATION_CONTEXT(2) 
PARAMETRIC_REPRESENTATION_CONTEXT() REPRESENTATION_CONTEXT('2D SPACE',''
  ) );
#219 = ORIENTED_EDGE('',*,*,#220,.F.);
#220 = EDGE_CURVE('',#104,#195,#221,.T.);
#221 = SURFACE_CURVE('',#222,(#234,#243),.PCURVE_S1.);
#222 = B_SPLINE_CURVE_WITH_KNOTS('',4,(#223,#224,#225,#226,#227,#228,
    #229,#230,#231,#232,#233),.UNSPECIFIED.,.F.,.F.,(5,3,3,5),(
    -2.413109344668,-1.661383619689,9.681653706609,10.415833312527),
  .UNSPECIFIED.);
#223 = CARTESIAN_POINT('',(1.634118705262,8.2,-35.69705213492));
#224 = CARTESIAN_POINT('',(1.695853967109,8.2,-35.87847613807));
#225 = CARTESIAN_POINT('',(1.756792760164,8.2,-36.05755952499));
#226 = CARTESIAN_POINT('',(1.816935084429,8.2,-36.23430229567));
#227 = CARTESIAN_POINT('',(2.771770120899,8.2,-39.04031606298));
#228 = CARTESIAN_POINT('',(3.570182087905,8.2,-41.74092330067));
#229 = CARTESIAN_POINT('',(4.265943913746,8.2,-44.50411902263));
#230 = CARTESIAN_POINT('',(4.892693177801,8.2,-47.50506803696));
#231 = CARTESIAN_POINT('',(4.931007014406,8.2,-47.68851918208));
#232 = CARTESIAN_POINT('',(4.969534309832,8.2,-47.87299239308));
#233 = CARTESIAN_POINT('',(5.008275064078,8.2,-48.05848766996));
#234 = PCURVE('',#119,#235);
#235 = DEFINITIONAL_REPRESENTATION('',(#236),#242);
#236 = B_SPLINE_CURVE_WITH_KNOTS('',4,(#237,#238,#239,#240,#241),
  .UNSPECIFIED.,.F.,.F.,(5,5),(-4.315965022518E-06,9.315463143223),
  .PIECEWISE_BEZIER_KNOTS.);
#237 = CARTESIAN_POINT('',(0.8,5.551115123126E-17));
#238 = CARTESIAN_POINT('',(0.8,0.250000366929));
#239 = CARTESIAN_POINT('',(0.8,0.499999502459));
#240 = CARTESIAN_POINT('',(0.8,0.749999857185));
#241 = CARTESIAN_POINT('',(0.8,1.));
#242 = ( GEOMETRIC_REPRESENTATION_CONTEXT(2) 
PARAMETRIC_REPRESENTATION_CONTEXT() REPRESENTATION_CONTEXT('2D SPACE',''
  ) );
#243 = PCURVE('',#244,#278);
#244 = ( BOUNDED_SURFACE() B_SPLINE_SURFACE(2,4,(
    (#245,#246,#247,#248,#249,#250,#251,#252,#253,#254,#255)
    ,(#256,#257,#258,#259,#260,#261,#262,#263,#264,#265,#266)
    ,(#267,#268,#269,#270,#271,#272,#273,#274,#275,#276,#277
)),.UNSPECIFIED.,.F.,.F.,.F.) B_SPLINE_SURFACE_WITH_KNOTS((3,3),(5,3,3,5
    ),(0.,11.343037326298),(-2.413109344668,-1.661383619689,
    9.681653706609,10.415833312527),.UNSPECIFIED.) 
GEOMETRIC_REPRESENTATION_ITEM() RATIONAL_B_SPLINE_SURFACE((
    (1.,1.,1.,1.,1.,1.,1.,1.,1.,1.,1.)
    ,(0.707106781187,0.707106781187,0.707106781187,0.707106781187
      ,0.707106781187,0.707106781187,0.707106781187,0.707106781187
      ,0.707106781187,0.707106781187,0.707106781187)
,(1.,1.,1.,1.,1.,1.,1.,1.,1.,1.,1.
  ))) REPRESENTATION_ITEM('') SURFACE() );
#245 = CARTESIAN_POINT('',(2.39147216628,9.,-35.43933960672));
#246 = CARTESIAN_POINT('',(2.45268162779,9.,-35.61921842431));
#247 = CARTESIAN_POINT('',(2.513445152873,9.,-35.79778674978));
#248 = CARTESIAN_POINT('',(2.573762741529,9.,-35.97504458312));
#249 = CARTESIAN_POINT('',(3.537057495376,9.,-38.80591937011));
#250 = CARTESIAN_POINT('',(4.34240264226,9.,-41.53003811226));
#251 = CARTESIAN_POINT('',(5.04410045316,9.,-44.31688143924));
#252 = CARTESIAN_POINT('',(5.676116792795,9.,-47.34304985162));
#253 = CARTESIAN_POINT('',(5.71453735854,9.,-47.52701202973));
#254 = CARTESIAN_POINT('',(5.752957924286,9.,-47.71097420785));
#255 = CARTESIAN_POINT('',(5.791378490031,9.,-47.89493638597));
#256 = CARTESIAN_POINT('',(1.634118705262,9.,-35.69705213492));
#257 = CARTESIAN_POINT('',(1.695853967109,9.,-35.87847613807));
#258 = CARTESIAN_POINT('',(1.756792760164,9.,-36.05755952499));
#259 = CARTESIAN_POINT('',(1.816935084429,9.,-36.23430229567));
#260 = CARTESIAN_POINT('',(2.771770120899,9.,-39.04031606298));
#261 = CARTESIAN_POINT('',(3.570182087905,9.,-41.74092330067));
#262 = CARTESIAN_POINT('',(4.265943913746,9.,-44.50411902263));
#263 = CARTESIAN_POINT('',(4.892693177801,9.,-47.50506803696));
#264 = CARTESIAN_POINT('',(4.931007014406,9.,-47.68851918208));
#265 = CARTESIAN_POINT('',(4.969534309832,9.,-47.87299239308));
#266 = CARTESIAN_POINT('',(5.008275064078,9.,-48.05848766996));
#267 = CARTESIAN_POINT('',(1.634118705262,8.2,-35.69705213492));
#268 = CARTESIAN_POINT('',(1.695853967109,8.2,-35.87847613807));
#269 = CARTESIAN_POINT('',(1.756792760164,8.2,-36.05755952499));
#270 = CARTESIAN_POINT('',(1.816935084429,8.2,-36.23430229567));
#271 = CARTESIAN_POINT('',(2.771770120899,8.2,-39.04031606298));
#272 = CARTESIAN_POINT('',(3.570182087905,8.2,-41.74092330067));
#273 = CARTESIAN_POINT('',(4.265943913746,8.2,-44.50411902263));
#274 = CARTESIAN_POINT('',(4.892693177801,8.2,-47.50506803696));
#275 = CARTESIAN_POINT('',(4.931007014406,8.2,-47.68851918208));
#276 = CARTESIAN_POINT('',(4.969534309832,8.2,-47.87299239308));
#277 = CARTESIAN_POINT('',(5.008275064078,8.2,-48.05848766996));
#278 = DEFINITIONAL_REPRESENTATION('',(#279),#283);
#279 = LINE('',#280,#281);
#280 = CARTESIAN_POINT('',(11.343037326298,0.));
#281 = VECTOR('',#282,1.);
#282 = DIRECTION('',(0.,1.));
#283 = ( GEOMETRIC_REPRESENTATION_CONTEXT(2) 
PARAMETRIC_REPRESENTATION_CONTEXT() REPRESENTATION_CONTEXT('2D SPACE',''
  ) );
#284 = ADVANCED_FACE('',(#285),#209,.T.);
#285 = FACE_BOUND('',#286,.T.);
#286 = EDGE_LOOP('',(#287,#288,#328,#360));
#287 = ORIENTED_EDGE('',*,*,#194,.F.);
#288 = ORIENTED_EDGE('',*,*,#289,.F.);
#289 = EDGE_CURVE('',#290,#195,#292,.T.);
#290 = VERTEX_POINT('',#291);
#291 = CARTESIAN_POINT('',(15.648279999198,8.2,-49.48847834608));
#292 = SURFACE_CURVE('',#293,(#299,#305),.PCURVE_S1.);
#293 = B_SPLINE_CURVE_WITH_KNOTS('',2,(#294,#295,#296,#297,#298),
  .UNSPECIFIED.,.F.,.F.,(3,1,1,3),(-0.880530207219,-0.334098207219,
    11.540433090207,12.086865090207),.UNSPECIFIED.);
#294 = CARTESIAN_POINT('',(16.505898004395,8.2,-49.6880398729));
#295 = CARTESIAN_POINT('',(16.239791334815,8.2,-49.62611876938));
#296 = CARTESIAN_POINT('',(10.190912103627,8.2,-48.21858818162));
#297 = CARTESIAN_POINT('',(4.142032872438,8.2,-46.81105759385));
#298 = CARTESIAN_POINT('',(3.875926202858,8.2,-46.74913649033));
#299 = PCURVE('',#209,#300);
#300 = DEFINITIONAL_REPRESENTATION('',(#301),#304);
#301 = B_SPLINE_CURVE_WITH_KNOTS('',1,(#302,#303),.UNSPECIFIED.,.F.,.F.,
  (2,2),(-0.334098207219,11.540433090207),.PIECEWISE_BEZIER_KNOTS.);
#302 = CARTESIAN_POINT('',(11.520411239398,-0.229017565891));
#303 = CARTESIAN_POINT('',(-0.306740422389,0.830688573869));
#304 = ( GEOMETRIC_REPRESENTATION_CONTEXT(2) 
PARAMETRIC_REPRESENTATION_CONTEXT() REPRESENTATION_CONTEXT('2D SPACE',''
  ) );
#305 = PCURVE('',#306,#322);
#306 = ( BOUNDED_SURFACE() B_SPLINE_SURFACE(2,2,(
    (#307,#308,#309,#310,#311)
    ,(#312,#313,#314,#315,#316)
    ,(#317,#318,#319,#320,#321
)),.UNSPECIFIED.,.F.,.F.,.F.) B_SPLINE_SURFACE_WITH_KNOTS((3,3),(3,1,1,3
    ),(0.,11.874531297426),(-0.880530207219,-0.334098207219,
    11.540433090207,12.086865090207),.UNSPECIFIED.) 
GEOMETRIC_REPRESENTATION_ITEM() RATIONAL_B_SPLINE_SURFACE((
    (1.,1.,1.,1.,1.)
    ,(0.707106781187,0.707106781187,0.707106781187,0.707106781187
      ,0.707106781187)
,(1.,1.,1.,1.,1.))) REPRESENTATION_ITEM('') SURFACE() );
#307 = CARTESIAN_POINT('',(16.687208333273,9.,-48.90885660522));
#308 = CARTESIAN_POINT('',(16.421101663692,9.,-48.8469355017));
#309 = CARTESIAN_POINT('',(10.372222432504,9.,-47.43940491393));
#310 = CARTESIAN_POINT('',(4.323343201316,9.,-46.03187432616));
#311 = CARTESIAN_POINT('',(4.057236531735,9.,-45.96995322265));
#312 = CARTESIAN_POINT('',(16.505898004395,9.,-49.6880398729));
#313 = CARTESIAN_POINT('',(16.239791334815,9.,-49.62611876938));
#314 = CARTESIAN_POINT('',(10.190912103627,9.,-48.21858818162));
#315 = CARTESIAN_POINT('',(4.142032872438,9.,-46.81105759385));
#316 = CARTESIAN_POINT('',(3.875926202858,9.,-46.74913649033));
#317 = CARTESIAN_POINT('',(16.505898004395,8.2,-49.6880398729));
#318 = CARTESIAN_POINT('',(16.239791334815,8.2,-49.62611876938));
#319 = CARTESIAN_POINT('',(10.190912103627,8.2,-48.21858818162));
#320 = CARTESIAN_POINT('',(4.142032872438,8.2,-46.81105759385));
#321 = CARTESIAN_POINT('',(3.875926202858,8.2,-46.74913649033));
#322 = DEFINITIONAL_REPRESENTATION('',(#323),#327);
#323 = LINE('',#324,#325);
#324 = CARTESIAN_POINT('',(11.874531297426,0.));
#325 = VECTOR('',#326,1.);
#326 = DIRECTION('',(0.,1.));
#327 = ( GEOMETRIC_REPRESENTATION_CONTEXT(2) 
PARAMETRIC_REPRESENTATION_CONTEXT() REPRESENTATION_CONTEXT('2D SPACE',''
  ) );
#328 = ORIENTED_EDGE('',*,*,#329,.F.);
#329 = EDGE_CURVE('',#330,#290,#332,.T.);
#330 = VERTEX_POINT('',#331);
#331 = CARTESIAN_POINT('',(15.648279999198,8.,-49.48847834608));
#332 = SURFACE_CURVE('',#333,(#336,#342),.PCURVE_S1.);
#333 = B_SPLINE_CURVE_WITH_KNOTS('',1,(#334,#335),.UNSPECIFIED.,.F.,.F.,
  (2,2),(2.,3.),.PIECEWISE_BEZIER_KNOTS.);
#334 = CARTESIAN_POINT('',(15.648279999198,8.,-49.48847834608));
#335 = CARTESIAN_POINT('',(15.648279999198,9.,-49.48847834608));
#336 = PCURVE('',#209,#337);
#337 = DEFINITIONAL_REPRESENTATION('',(#338),#341);
#338 = B_SPLINE_CURVE_WITH_KNOTS('',1,(#339,#340),.UNSPECIFIED.,.F.,.F.,
  (2,2),(2.,3.),.PIECEWISE_BEZIER_KNOTS.);
#339 = CARTESIAN_POINT('',(11.205494478045,-1.7763568394E-15));
#340 = CARTESIAN_POINT('',(11.116252543924,-0.996009978461));
#341 = ( GEOMETRIC_REPRESENTATION_CONTEXT(2) 
PARAMETRIC_REPRESENTATION_CONTEXT() REPRESENTATION_CONTEXT('2D SPACE',''
  ) );
#342 = PCURVE('',#343,#354);
#343 = ( BOUNDED_SURFACE() B_SPLINE_SURFACE(1,4,(
    (#344,#345,#346,#347,#348)
    ,(#349,#350,#351,#352,#353
)),.UNSPECIFIED.,.F.,.F.,.F.) B_SPLINE_SURFACE_WITH_KNOTS((2,2),(5,5),(
    2.,3.),(0.,1.),.PIECEWISE_BEZIER_KNOTS.) 
GEOMETRIC_REPRESENTATION_ITEM() RATIONAL_B_SPLINE_SURFACE((
    (1.,1.,1.,1.,1.)
,(1.,1.,1.,1.,1.))) REPRESENTATION_ITEM('') SURFACE() );
#344 = CARTESIAN_POINT('',(21.389142771869,8.,-40.71790824415));
#345 = CARTESIAN_POINT('',(20.03801936364,8.,-43.01626738333));
#346 = CARTESIAN_POINT('',(18.627747654386,8.,-45.24569716769));
#347 = CARTESIAN_POINT('',(17.162914033779,8.,-47.4037074144));
#348 = CARTESIAN_POINT('',(15.648279999198,8.,-49.48847834608));
#349 = CARTESIAN_POINT('',(21.389142771869,9.,-40.71790824415));
#350 = CARTESIAN_POINT('',(20.03801936364,9.,-43.01626738333));
#351 = CARTESIAN_POINT('',(18.627747654386,9.,-45.24569716769));
#352 = CARTESIAN_POINT('',(17.162914033779,9.,-47.4037074144));
#353 = CARTESIAN_POINT('',(15.648279999198,9.,-49.48847834608));
#354 = DEFINITIONAL_REPRESENTATION('',(#355),#359);
#355 = LINE('',#356,#357);
#356 = CARTESIAN_POINT('',(0.,1.));
#357 = VECTOR('',#358,1.);
#358 = DIRECTION('',(1.,0.));
#359 = ( GEOMETRIC_REPRESENTATION_CONTEXT(2) 
PARAMETRIC_REPRESENTATION_CONTEXT() REPRESENTATION_CONTEXT('2D SPACE',''
  ) );
#360 = ORIENTED_EDGE('',*,*,#361,.F.);
#361 = EDGE_CURVE('',#168,#330,#362,.T.);
#362 = SURFACE_CURVE('',#363,(#366,#372),.PCURVE_S1.);
#363 = B_SPLINE_CURVE_WITH_KNOTS('',1,(#364,#365),.UNSPECIFIED.,.F.,.F.,
  (2,2),(1.,2.),.PIECEWISE_BEZIER_KNOTS.);
#364 = CARTESIAN_POINT('',(4.777909509808,8.,-46.95902150302));
#365 = CARTESIAN_POINT('',(15.648279999198,8.,-49.48847834608));
#366 = PCURVE('',#209,#367);
#367 = DEFINITIONAL_REPRESENTATION('',(#368),#371);
#368 = B_SPLINE_CURVE_WITH_KNOTS('',1,(#369,#370),.UNSPECIFIED.,.F.,.F.,
  (2,2),(1.,2.),.PIECEWISE_BEZIER_KNOTS.);
#369 = CARTESIAN_POINT('',(8.924193412074E-02,0.996009978461));
#370 = CARTESIAN_POINT('',(11.205494478045,-1.7763568394E-15));
#371 = ( GEOMETRIC_REPRESENTATION_CONTEXT(2) 
PARAMETRIC_REPRESENTATION_CONTEXT() REPRESENTATION_CONTEXT('2D SPACE',''
  ) );
#372 = PCURVE('',#91,#373);
#373 = DEFINITIONAL_REPRESENTATION('',(#374),#377);
#374 = B_SPLINE_CURVE_WITH_KNOTS('',1,(#375,#376),.UNSPECIFIED.,.F.,.F.,
  (2,2),(1.,2.),.PIECEWISE_BEZIER_KNOTS.);
#375 = CARTESIAN_POINT('',(90.054042186797,46.872263376766));
#376 = CARTESIAN_POINT('',(99.954089614022,52.025142905358));
#377 = ( GEOMETRIC_REPRESENTATION_CONTEXT(2) 
PARAMETRIC_REPRESENTATION_CONTEXT() REPRESENTATION_CONTEXT('2D SPACE',''
  ) );
#378 = ADVANCED_FACE('',(#379),#343,.F.);
#379 = FACE_BOUND('',#380,.F.);
#380 = EDGE_LOOP('',(#381,#410,#475,#476));
#381 = ORIENTED_EDGE('',*,*,#382,.T.);
#382 = EDGE_CURVE('',#383,#385,#387,.T.);
#383 = VERTEX_POINT('',#384);
#384 = CARTESIAN_POINT('',(21.389142771869,8.,-40.71790824415));
#385 = VERTEX_POINT('',#386);
#386 = CARTESIAN_POINT('',(21.389142771869,8.2,-40.71790824415));
#387 = SURFACE_CURVE('',#388,(#392,#398),.PCURVE_S1.);
#388 = LINE('',#389,#390);
#389 = CARTESIAN_POINT('',(21.389142771869,8.5,-40.71790824415));
#390 = VECTOR('',#391,1.);
#391 = DIRECTION('',(0.,1.,0.));
#392 = PCURVE('',#343,#393);
#393 = DEFINITIONAL_REPRESENTATION('',(#394),#397);
#394 = B_SPLINE_CURVE_WITH_KNOTS('',1,(#395,#396),.UNSPECIFIED.,.F.,.F.,
  (2,2),(-0.5,0.5),.PIECEWISE_BEZIER_KNOTS.);
#395 = CARTESIAN_POINT('',(2.,0.));
#396 = CARTESIAN_POINT('',(3.,0.));
#397 = ( GEOMETRIC_REPRESENTATION_CONTEXT(2) 
PARAMETRIC_REPRESENTATION_CONTEXT() REPRESENTATION_CONTEXT('2D SPACE',''
  ) );
#398 = PCURVE('',#399,#404);
#399 = CYLINDRICAL_SURFACE('',#400,116.70250594613);
#400 = AXIS2_PLACEMENT_3D('',#401,#402,#403);
#401 = CARTESIAN_POINT('',(-94.10250594613,8.5,-23.95026170372));
#402 = DIRECTION('',(0.,1.,0.));
#403 = DIRECTION('',(0.968594740241,-0.,0.248644785141));
#404 = DEFINITIONAL_REPRESENTATION('',(#405),#409);
#405 = LINE('',#406,#407);
#406 = CARTESIAN_POINT('',(0.395458383137,0.));
#407 = VECTOR('',#408,1.);
#408 = DIRECTION('',(0.,1.));
#409 = ( GEOMETRIC_REPRESENTATION_CONTEXT(2) 
PARAMETRIC_REPRESENTATION_CONTEXT() REPRESENTATION_CONTEXT('2D SPACE',''
  ) );
#410 = ORIENTED_EDGE('',*,*,#411,.T.);
#411 = EDGE_CURVE('',#385,#290,#412,.T.);
#412 = SURFACE_CURVE('',#413,(#425,#434),.PCURVE_S1.);
#413 = B_SPLINE_CURVE_WITH_KNOTS('',4,(#414,#415,#416,#417,#418,#419,
    #420,#421,#422,#423,#424),.UNSPECIFIED.,.F.,.F.,(5,3,3,5),(
    -2.743663425129,-1.928817269122,10.833328446121,11.667036606735),
  .UNSPECIFIED.);
#414 = CARTESIAN_POINT('',(22.78075633552,8.2,-38.2868810936));
#415 = CARTESIAN_POINT('',(22.678339940643,8.2,-38.46840991535));
#416 = CARTESIAN_POINT('',(22.575923545766,8.2,-38.64993873711));
#417 = CARTESIAN_POINT('',(22.473507150889,8.2,-38.83146755886));
#418 = CARTESIAN_POINT('',(20.767042009619,8.2,-41.85610640534));
#419 = CARTESIAN_POINT('',(19.072910650999,8.2,-44.59849176107));
#420 = CARTESIAN_POINT('',(17.296883762664,8.2,-47.23548194689));
#421 = CARTESIAN_POINT('',(15.326755289646,8.2,-49.92898377604));
#422 = CARTESIAN_POINT('',(15.204452898139,8.2,-50.09619201639));
#423 = CARTESIAN_POINT('',(15.080657900256,8.2,-50.26544090437));
#424 = CARTESIAN_POINT('',(14.955370295997,8.2,-50.43673043999));
#425 = PCURVE('',#343,#426);
#426 = DEFINITIONAL_REPRESENTATION('',(#427),#433);
#427 = B_SPLINE_CURVE_WITH_KNOTS('',4,(#428,#429,#430,#431,#432),
  .UNSPECIFIED.,.F.,.F.,(5,5),(-1.928817269122,10.833328446121),
  .PIECEWISE_BEZIER_KNOTS.);
#428 = CARTESIAN_POINT('',(2.2,-0.183933685873));
#429 = CARTESIAN_POINT('',(2.2,0.120319595794));
#430 = CARTESIAN_POINT('',(2.2,0.424570434736));
#431 = CARTESIAN_POINT('',(2.2,0.728823088265));
#432 = CARTESIAN_POINT('',(2.2,1.033075436694));
#433 = ( GEOMETRIC_REPRESENTATION_CONTEXT(2) 
PARAMETRIC_REPRESENTATION_CONTEXT() REPRESENTATION_CONTEXT('2D SPACE',''
  ) );
#434 = PCURVE('',#435,#469);
#435 = ( BOUNDED_SURFACE() B_SPLINE_SURFACE(2,4,(
    (#436,#437,#438,#439,#440,#441,#442,#443,#444,#445,#446)
    ,(#447,#448,#449,#450,#451,#452,#453,#454,#455,#456,#457)
    ,(#458,#459,#460,#461,#462,#463,#464,#465,#466,#467,#468
)),.UNSPECIFIED.,.F.,.F.,.F.) B_SPLINE_SURFACE_WITH_KNOTS((3,3),(5,3,3,5
    ),(0.,12.762145715243),(-2.743663425129,-1.928817269122,
    10.833328446121,11.667036606735),.UNSPECIFIED.) 
GEOMETRIC_REPRESENTATION_ITEM() RATIONAL_B_SPLINE_SURFACE((
    (1.,1.,1.,1.,1.,1.,1.,1.,1.,1.,1.)
    ,(0.707106781187,0.707106781187,0.707106781187,0.707106781187
      ,0.707106781187,0.707106781187,0.707106781187,0.707106781187
      ,0.707106781187,0.707106781187,0.707106781187)
,(1.,1.,1.,1.,1.,1.,1.,1.,1.,1.,1.
  ))) REPRESENTATION_ITEM('') SURFACE() );
#436 = CARTESIAN_POINT('',(22.084000312579,9.,-37.89377668529));
#437 = CARTESIAN_POINT('',(21.9808465123,9.,-38.07661253764));
#438 = CARTESIAN_POINT('',(21.878184318465,9.,-38.25857703787));
#439 = CARTESIAN_POINT('',(21.776013731075,9.,-38.43967018596));
#440 = CARTESIAN_POINT('',(20.081835403545,9.,-41.44253132836));
#441 = CARTESIAN_POINT('',(18.400086200517,9.,-44.16484420153));
#442 = CARTESIAN_POINT('',(16.637236287042,9.,-46.78224607858));
#443 = CARTESIAN_POINT('',(14.681958454319,9.,-49.45544452686));
#444 = CARTESIAN_POINT('',(14.559959613261,9.,-49.62223776062));
#445 = CARTESIAN_POINT('',(14.435861063652,9.,-49.79190165426));
#446 = CARTESIAN_POINT('',(14.309662805492,9.,-49.96443620779));
#447 = CARTESIAN_POINT('',(22.78075633552,9.,-38.2868810936));
#448 = CARTESIAN_POINT('',(22.678339940643,9.,-38.46840991535));
#449 = CARTESIAN_POINT('',(22.575923545766,9.,-38.64993873711));
#450 = CARTESIAN_POINT('',(22.473507150889,9.,-38.83146755886));
#451 = CARTESIAN_POINT('',(20.767042009619,9.,-41.85610640534));
#452 = CARTESIAN_POINT('',(19.072910650999,9.,-44.59849176107));
#453 = CARTESIAN_POINT('',(17.296883762664,9.,-47.23548194689));
#454 = CARTESIAN_POINT('',(15.326755289646,9.,-49.92898377604));
#455 = CARTESIAN_POINT('',(15.204452898139,9.,-50.09619201639));
#456 = CARTESIAN_POINT('',(15.080657900256,9.,-50.26544090437));
#457 = CARTESIAN_POINT('',(14.955370295997,9.,-50.43673043999));
#458 = CARTESIAN_POINT('',(22.78075633552,8.2,-38.2868810936));
#459 = CARTESIAN_POINT('',(22.678339940643,8.2,-38.46840991535));
#460 = CARTESIAN_POINT('',(22.575923545766,8.2,-38.64993873711));
#461 = CARTESIAN_POINT('',(22.473507150889,8.2,-38.83146755886));
#462 = CARTESIAN_POINT('',(20.767042009619,8.2,-41.85610640534));
#463 = CARTESIAN_POINT('',(19.072910650999,8.2,-44.59849176107));
#464 = CARTESIAN_POINT('',(17.296883762664,8.2,-47.23548194689));
#465 = CARTESIAN_POINT('',(15.326755289646,8.2,-49.92898377604));
#466 = CARTESIAN_POINT('',(15.204452898139,8.2,-50.09619201639));
#467 = CARTESIAN_POINT('',(15.080657900256,8.2,-50.26544090437));
#468 = CARTESIAN_POINT('',(14.955370295997,8.2,-50.43673043999));
#469 = DEFINITIONAL_REPRESENTATION('',(#470),#474);
#470 = LINE('',#471,#472);
#471 = CARTESIAN_POINT('',(12.762145715243,0.));
#472 = VECTOR('',#473,1.);
#473 = DIRECTION('',(0.,1.));
#474 = ( GEOMETRIC_REPRESENTATION_CONTEXT(2) 
PARAMETRIC_REPRESENTATION_CONTEXT() REPRESENTATION_CONTEXT('2D SPACE',''
  ) );
#475 = ORIENTED_EDGE('',*,*,#329,.F.);
#476 = ORIENTED_EDGE('',*,*,#477,.F.);
#477 = EDGE_CURVE('',#383,#330,#478,.T.);
#478 = SURFACE_CURVE('',#479,(#485,#492),.PCURVE_S1.);
#479 = ( BOUNDED_CURVE() B_SPLINE_CURVE(4,(#480,#481,#482,#483,#484),
.UNSPECIFIED.,.F.,.F.) B_SPLINE_CURVE_WITH_KNOTS((5,5),(0.,1.),
.PIECEWISE_BEZIER_KNOTS.) CURVE() GEOMETRIC_REPRESENTATION_ITEM() 
RATIONAL_B_SPLINE_CURVE((1.,1.,1.,1.,1.)) REPRESENTATION_ITEM('') );
#480 = CARTESIAN_POINT('',(21.389142771869,8.,-40.71790824415));
#481 = CARTESIAN_POINT('',(20.03801936364,8.,-43.01626738333));
#482 = CARTESIAN_POINT('',(18.627747654386,8.,-45.24569716769));
#483 = CARTESIAN_POINT('',(17.162914033779,8.,-47.4037074144));
#484 = CARTESIAN_POINT('',(15.648279999198,8.,-49.48847834608));
#485 = PCURVE('',#343,#486);
#486 = DEFINITIONAL_REPRESENTATION('',(#487),#491);
#487 = LINE('',#488,#489);
#488 = CARTESIAN_POINT('',(2.,0.));
#489 = VECTOR('',#490,1.);
#490 = DIRECTION('',(0.,1.));
#491 = ( GEOMETRIC_REPRESENTATION_CONTEXT(2) 
PARAMETRIC_REPRESENTATION_CONTEXT() REPRESENTATION_CONTEXT('2D SPACE',''
  ) );
#492 = PCURVE('',#91,#493);
#493 = DEFINITIONAL_REPRESENTATION('',(#494),#500);
#494 = ( BOUNDED_CURVE() B_SPLINE_CURVE(4,(#495,#496,#497,#498,#499),
.UNSPECIFIED.,.F.,.F.) B_SPLINE_CURVE_WITH_KNOTS((5,5),(0.,1.),
.PIECEWISE_BEZIER_KNOTS.) CURVE() GEOMETRIC_REPRESENTATION_ITEM() 
RATIONAL_B_SPLINE_CURVE((1.,1.,1.,1.,1.)) REPRESENTATION_ITEM('') );
#495 = CARTESIAN_POINT('',(107.69541561863,44.957450426348));
#496 = CARTESIAN_POINT('',(105.81524957766,46.847679210205));
#497 = CARTESIAN_POINT('',(103.89493172805,48.656436466937));
#498 = CARTESIAN_POINT('',(101.93952359368,50.382450600424));
#499 = CARTESIAN_POINT('',(99.954089614022,52.025142905358));
#500 = ( GEOMETRIC_REPRESENTATION_CONTEXT(2) 
PARAMETRIC_REPRESENTATION_CONTEXT() REPRESENTATION_CONTEXT('2D SPACE',''
  ) );
#501 = ADVANCED_FACE('',(#502),#435,.T.);
#502 = FACE_BOUND('',#503,.T.);
#503 = EDGE_LOOP('',(#504,#583,#584,#658));
#504 = ORIENTED_EDGE('',*,*,#505,.T.);
#505 = EDGE_CURVE('',#506,#385,#508,.T.);
#506 = VERTEX_POINT('',#507);
#507 = CARTESIAN_POINT('',(20.619882872518,9.,-40.44766720688));
#508 = SURFACE_CURVE('',#509,(#530,#554),.PCURVE_S1.);
#509 = B_SPLINE_CURVE_WITH_KNOTS('',7,(#510,#511,#512,#513,#514,#515,
    #516,#517,#518,#519,#520,#521,#522,#523,#524,#525,#526,#527,#528,
    #529),.UNSPECIFIED.,.F.,.F.,(8,6,6,8),(0.,0.296382281941,
    0.579631051289,1.),.UNSPECIFIED.);
#510 = CARTESIAN_POINT('',(20.61988287339,9.,-40.4476672054));
#511 = CARTESIAN_POINT('',(20.666052744535,9.000000117281,
    -40.46388772869));
#512 = CARTESIAN_POINT('',(20.713533645818,8.996638387292,
    -40.48056868738));
#513 = CARTESIAN_POINT('',(20.761985660128,8.989573201694,
    -40.49759067006));
#514 = CARTESIAN_POINT('',(20.810971540818,8.978501884696,
    -40.51480004115));
#515 = CARTESIAN_POINT('',(20.859957439981,8.963215314081,
    -40.53200924535));
#516 = CARTESIAN_POINT('',(20.908343888984,8.943636815287,
    -40.54900770051));
#517 = CARTESIAN_POINT('',(21.000619358942,8.897108107875,
    -40.58142434749));
#518 = CARTESIAN_POINT('',(21.044612748637,8.870522725134,
    -40.59687921859));
#519 = CARTESIAN_POINT('',(21.086980978433,8.840156717544,
    -40.61176304094));
#520 = CARTESIAN_POINT('',(21.127189463721,8.806204851389,
    -40.62588803526));
#521 = CARTESIAN_POINT('',(21.164751356226,8.768996967082,
    -40.63908319952));
#522 = CARTESIAN_POINT('',(21.199269930466,8.728974938927,
    -40.65120919522));
#523 = CARTESIAN_POINT('',(21.276767150279,8.623807693122,
    -40.67843297046));
#524 = CARTESIAN_POINT('',(21.315751966318,8.555879178548,
    -40.69212769091));
#525 = CARTESIAN_POINT('',(21.346509789425,8.484487467501,
    -40.70293231288));
#526 = CARTESIAN_POINT('',(21.368683745685,8.411568856536,
    -40.71072155175));
#527 = CARTESIAN_POINT('',(21.382637981028,8.33897292424,-40.71562336856
    ));
#528 = CARTESIAN_POINT('',(21.389142756032,8.268111723301,
    -40.71790835321));
#529 = CARTESIAN_POINT('',(21.389142756034,8.2,-40.71790835322));
#530 = PCURVE('',#435,#531);
#531 = DEFINITIONAL_REPRESENTATION('',(#532),#553);
#532 = B_SPLINE_CURVE_WITH_KNOTS('',7,(#533,#534,#535,#536,#537,#538,
    #539,#540,#541,#542,#543,#544,#545,#546,#547,#548,#549,#550,#551,
    #552),.UNSPECIFIED.,.F.,.F.,(8,6,6,8),(0.,0.296382281941,
    0.579631051289,1.),.UNSPECIFIED.);
#533 = CARTESIAN_POINT('',(0.,0.155423432443));
#534 = CARTESIAN_POINT('',(0.541548617204,0.146025352893));
#535 = CARTESIAN_POINT('',(1.082780540993,0.136370224229));
#536 = CARTESIAN_POINT('',(1.623699737044,0.126528224167));
#537 = CARTESIAN_POINT('',(2.164323199408,0.116588968475));
#538 = CARTESIAN_POINT('',(2.704681943065,0.106661012195));
#539 = CARTESIAN_POINT('',(3.244817840061,9.686540546982E-02));
#540 = CARTESIAN_POINT('',(4.300807716634,7.82040391518E-02));
#541 = CARTESIAN_POINT('',(4.816681210642,6.931629289659E-02));
#542 = CARTESIAN_POINT('',(5.33243555106,6.076566485539E-02));
#543 = CARTESIAN_POINT('',(5.848120827921,5.265879648284E-02));
#544 = CARTESIAN_POINT('',(6.363792548944,4.509217672426E-02));
#545 = CARTESIAN_POINT('',(6.879504637449,3.814385407379E-02));
#546 = CARTESIAN_POINT('',(8.160794201812,2.25541537456E-02));
#547 = CARTESIAN_POINT('',(8.926486035088,1.472148416987E-02));
#548 = CARTESIAN_POINT('',(9.692511287867,8.547982605625E-03));
#549 = CARTESIAN_POINT('',(10.459018117164,4.099985944884E-03));
#550 = CARTESIAN_POINT('',(11.226112229774,1.301441774049E-03));
#551 = CARTESIAN_POINT('',(11.993828467415,-3.092293415013E-06));
#552 = CARTESIAN_POINT('',(12.762145715243,-3.092293891415E-06));
#553 = ( GEOMETRIC_REPRESENTATION_CONTEXT(2) 
PARAMETRIC_REPRESENTATION_CONTEXT() REPRESENTATION_CONTEXT('2D SPACE',''
  ) );
#554 = PCURVE('',#555,#560);
#555 = TOROIDAL_SURFACE('',#556,115.90250594613,0.8);
#556 = AXIS2_PLACEMENT_3D('',#557,#558,#559);
#557 = CARTESIAN_POINT('',(-94.10250594613,8.2,-23.95026170372));
#558 = DIRECTION('',(0.,-1.,-0.));
#559 = DIRECTION('',(0.968594740241,0.,0.248644785141));
#560 = DEFINITIONAL_REPRESENTATION('',(#561),#582);
#561 = B_SPLINE_CURVE_WITH_KNOTS('',7,(#562,#563,#564,#565,#566,#567,
    #568,#569,#570,#571,#572,#573,#574,#575,#576,#577,#578,#579,#580,
    #581),.UNSPECIFIED.,.F.,.F.,(8,6,6,8),(0.,0.296382281941,
    0.579631051289,1.),.UNSPECIFIED.);
#562 = CARTESIAN_POINT('',(-0.394104563986,4.712388980442));
#563 = CARTESIAN_POINT('',(-0.394186388026,4.772399680772));
#564 = CARTESIAN_POINT('',(-0.394270455017,4.834115648601));
#565 = CARTESIAN_POINT('',(-0.394356154868,4.897447852678));
#566 = CARTESIAN_POINT('',(-0.394442707448,4.962271530252));
#567 = CARTESIAN_POINT('',(-0.394529167477,5.028421559803));
#568 = CARTESIAN_POINT('',(-0.394614480681,5.095694763606));
#569 = CARTESIAN_POINT('',(-0.394777018848,5.229002965983));
#570 = CARTESIAN_POINT('',(-0.39485443487,5.294961225868));
#571 = CARTESIAN_POINT('',(-0.394928919057,5.36153156562));
#572 = CARTESIAN_POINT('',(-0.394999541794,5.428488055751));
#573 = CARTESIAN_POINT('',(-0.395065461637,5.495590496912));
#574 = CARTESIAN_POINT('',(-0.395125997653,5.562595636416));
#575 = CARTESIAN_POINT('',(-0.39526182528,5.728222028395));
#576 = CARTESIAN_POINT('',(-0.395330073659,5.826447346395));
#577 = CARTESIAN_POINT('',(-0.395383868456,5.923182417384));
#578 = CARTESIAN_POINT('',(-0.395422628864,6.017714299324));
#579 = CARTESIAN_POINT('',(-0.395447016052,6.109469586364));
#580 = CARTESIAN_POINT('',(-0.395458384081,6.198045653017));
#581 = CARTESIAN_POINT('',(-0.395458384081,6.283185307143));
#582 = ( GEOMETRIC_REPRESENTATION_CONTEXT(2) 
PARAMETRIC_REPRESENTATION_CONTEXT() REPRESENTATION_CONTEXT('2D SPACE',''
  ) );
#583 = ORIENTED_EDGE('',*,*,#411,.T.);
#584 = ORIENTED_EDGE('',*,*,#585,.F.);
#585 = EDGE_CURVE('',#586,#290,#588,.T.);
#586 = VERTEX_POINT('',#587);
#587 = CARTESIAN_POINT('',(15.311475081223,9.,-48.5887333958));
#588 = SURFACE_CURVE('',#589,(#610,#634),.PCURVE_S1.);
#589 = B_SPLINE_CURVE_WITH_KNOTS('',7,(#590,#591,#592,#593,#594,#595,
    #596,#597,#598,#599,#600,#601,#602,#603,#604,#605,#606,#607,#608,
    #609),.UNSPECIFIED.,.F.,.F.,(8,6,6,8),(0.,0.394877226622,
    0.702113989366,1.),.UNSPECIFIED.);
#590 = CARTESIAN_POINT('',(15.311475081813,9.,-48.58873339594));
#591 = CARTESIAN_POINT('',(15.338441019048,9.000000010812,
    -48.66049562198));
#592 = CARTESIAN_POINT('',(15.366414945718,8.994066972205,
    -48.73499149975));
#593 = CARTESIAN_POINT('',(15.395045344888,8.981386212187,
    -48.81129249872));
#594 = CARTESIAN_POINT('',(15.423852546901,8.96127760059,-48.88812556608
    ));
#595 = CARTESIAN_POINT('',(15.452215032434,8.933365295499,
    -48.96383301795));
#596 = CARTESIAN_POINT('',(15.479466027809,8.89782436597,-49.036626762)
  );
#597 = CARTESIAN_POINT('',(15.52489060341,8.822222469867,-49.15804341401
    ));
#598 = CARTESIAN_POINT('',(15.543736407175,8.784915715312,
    -49.20844487097));
#599 = CARTESIAN_POINT('',(15.561271762999,8.743689859963,
    -49.25536642764));
#600 = CARTESIAN_POINT('',(15.577242008641,8.69903192191,-49.29812006207
    ));
#601 = CARTESIAN_POINT('',(15.591454572751,8.651577250877,
    -49.33618309311));
#602 = CARTESIAN_POINT('',(15.603796205052,8.60204530577,-49.36924560871
    ));
#603 = CARTESIAN_POINT('',(15.624345610549,8.501793326185,
    -49.42430917038));
#604 = CARTESIAN_POINT('',(15.632667973751,8.451155002878,
    -49.44661679785));
#605 = CARTESIAN_POINT('',(15.639161765716,8.399877073526,
    -49.46402725645));
#606 = CARTESIAN_POINT('',(15.643860753932,8.348603916066,-49.4766275198
    ));
#607 = CARTESIAN_POINT('',(15.646856305645,8.297907565018,
    -49.48466050858));
#608 = CARTESIAN_POINT('',(15.648279996143,8.248253266127,
    -49.48847834537));
#609 = CARTESIAN_POINT('',(15.648279996144,8.2,-49.48847834537));
#610 = PCURVE('',#435,#611);
#611 = DEFINITIONAL_REPRESENTATION('',(#612),#633);
#612 = B_SPLINE_CURVE_WITH_KNOTS('',7,(#613,#614,#615,#616,#617,#618,
    #619,#620,#621,#622,#623,#624,#625,#626,#627,#628,#629,#630,#631,
    #632),.UNSPECIFIED.,.F.,.F.,(8,6,6,8),(0.,0.394877226622,
    0.702113989366,1.),.UNSPECIFIED.);
#613 = CARTESIAN_POINT('',(1.778641946859E-11,9.943737413008));
#614 = CARTESIAN_POINT('',(0.71949381688,9.987252857118));
#615 = CARTESIAN_POINT('',(1.43871517121,10.032383226332));
#616 = CARTESIAN_POINT('',(2.157718014236,10.078560519227));
#617 = CARTESIAN_POINT('',(2.876585715102,10.125008986238));
#618 = CARTESIAN_POINT('',(3.595435917522,10.170727293364));
#619 = CARTESIAN_POINT('',(4.314395939053,10.214642072675));
#620 = CARTESIAN_POINT('',(5.593124680572,10.287826435762));
#621 = CARTESIAN_POINT('',(6.152811297968,10.318183068481));
#622 = CARTESIAN_POINT('',(6.712663770894,10.34642336894));
#623 = CARTESIAN_POINT('',(7.272713000548,10.372138669306));
#624 = CARTESIAN_POINT('',(7.832975628643,10.395020472446));
#625 = CARTESIAN_POINT('',(8.393447404857,10.414887908919));
#626 = CARTESIAN_POINT('',(9.497687748542,10.447965292233));
#627 = CARTESIAN_POINT('',(10.041454214451,10.461359792805));
#628 = CARTESIAN_POINT('',(10.585374577902,10.471810354723));
#629 = CARTESIAN_POINT('',(11.129427114813,10.479372105244));
#630 = CARTESIAN_POINT('',(11.673589257116,10.484192533288));
#631 = CARTESIAN_POINT('',(12.217836822945,10.486483526716));
#632 = CARTESIAN_POINT('',(12.762145714751,10.486483526718));
#633 = ( GEOMETRIC_REPRESENTATION_CONTEXT(2) 
PARAMETRIC_REPRESENTATION_CONTEXT() REPRESENTATION_CONTEXT('2D SPACE',''
  ) );
#634 = PCURVE('',#306,#635);
#635 = DEFINITIONAL_REPRESENTATION('',(#636),#657);
#636 = B_SPLINE_CURVE_WITH_KNOTS('',7,(#637,#638,#639,#640,#641,#642,
    #643,#644,#645,#646,#647,#648,#649,#650,#651,#652,#653,#654,#655,
    #656),.UNSPECIFIED.,.F.,.F.,(8,6,6,8),(0.,0.394877226622,
    0.702113989366,1.),.UNSPECIFIED.);
#637 = CARTESIAN_POINT('',(0.,0.531957261147));
#638 = CARTESIAN_POINT('',(0.669452616992,0.489428961277));
#639 = CARTESIAN_POINT('',(1.338651721167,0.445299351662));
#640 = CARTESIAN_POINT('',(2.007647511939,0.400121242666));
#641 = CARTESIAN_POINT('',(2.676517559445,0.354650344529));
#642 = CARTESIAN_POINT('',(3.34537132574,0.309867698086));
#643 = CARTESIAN_POINT('',(4.014327273084,0.266827976464));
#644 = CARTESIAN_POINT('',(5.204119710883,0.195067773518));
#645 = CARTESIAN_POINT('',(5.724879809013,0.165289473897));
#646 = CARTESIAN_POINT('',(6.245794227327,0.137576200494));
#647 = CARTESIAN_POINT('',(6.766891717828,0.112331920864));
#648 = CARTESIAN_POINT('',(7.28818776479,8.986265483589E-02));
#649 = CARTESIAN_POINT('',(7.809678413499,7.034894363391E-02));
#650 = CARTESIAN_POINT('',(8.837118219747,3.785476188396E-02));
#651 = CARTESIAN_POINT('',(9.343065421352,2.469320010068E-02));
#652 = CARTESIAN_POINT('',(9.849155818669,1.442251257918E-02));
#653 = CARTESIAN_POINT('',(10.355369194953,6.990098973036E-03));
#654 = CARTESIAN_POINT('',(10.861684552501,2.251914459214E-03));
#655 = CARTESIAN_POINT('',(11.368079395416,3.13756169436E-09));
#656 = CARTESIAN_POINT('',(11.874531297426,3.135813769221E-09));
#657 = ( GEOMETRIC_REPRESENTATION_CONTEXT(2) 
PARAMETRIC_REPRESENTATION_CONTEXT() REPRESENTATION_CONTEXT('2D SPACE',''
  ) );
#658 = ORIENTED_EDGE('',*,*,#659,.F.);
#659 = EDGE_CURVE('',#506,#586,#660,.T.);
#660 = SURFACE_CURVE('',#661,(#673,#680),.PCURVE_S1.);
#661 = B_SPLINE_CURVE_WITH_KNOTS('',4,(#662,#663,#664,#665,#666,#667,
    #668,#669,#670,#671,#672),.UNSPECIFIED.,.F.,.F.,(5,3,3,5),(
    -2.743663425129,-1.928817269122,10.833328446121,11.667036606735),
  .UNSPECIFIED.);
#662 = CARTESIAN_POINT('',(22.084000312579,9.,-37.89377668529));
#663 = CARTESIAN_POINT('',(21.9808465123,9.,-38.07661253764));
#664 = CARTESIAN_POINT('',(21.878184318465,9.,-38.25857703787));
#665 = CARTESIAN_POINT('',(21.776013731075,9.,-38.43967018596));
#666 = CARTESIAN_POINT('',(20.081835403545,9.,-41.44253132836));
#667 = CARTESIAN_POINT('',(18.400086200517,9.,-44.16484420153));
#668 = CARTESIAN_POINT('',(16.637236287042,9.,-46.78224607858));
#669 = CARTESIAN_POINT('',(14.681958454319,9.,-49.45544452686));
#670 = CARTESIAN_POINT('',(14.559959613261,9.,-49.62223776062));
#671 = CARTESIAN_POINT('',(14.435861063652,9.,-49.79190165426));
#672 = CARTESIAN_POINT('',(14.309662805492,9.,-49.96443620779));
#673 = PCURVE('',#435,#674);
#674 = DEFINITIONAL_REPRESENTATION('',(#675),#679);
#675 = LINE('',#676,#677);
#676 = CARTESIAN_POINT('',(0.,0.));
#677 = VECTOR('',#678,1.);
#678 = DIRECTION('',(0.,1.));
#679 = ( GEOMETRIC_REPRESENTATION_CONTEXT(2) 
PARAMETRIC_REPRESENTATION_CONTEXT() REPRESENTATION_CONTEXT('2D SPACE',''
  ) );
#680 = PCURVE('',#681,#686);
#681 = PLANE('',#682);
#682 = AXIS2_PLACEMENT_3D('',#683,#684,#685);
#683 = CARTESIAN_POINT('',(-94.10250594613,9.,-23.95026170372));
#684 = DIRECTION('',(0.,1.,0.));
#685 = DIRECTION('',(0.968594740241,-0.,0.248644785141));
#686 = DEFINITIONAL_REPRESENTATION('',(#687),#699);
#687 = B_SPLINE_CURVE_WITH_KNOTS('',4,(#688,#689,#690,#691,#692,#693,
    #694,#695,#696,#697,#698),.UNSPECIFIED.,.F.,.F.,(5,3,3,5),(
    -2.743663425129,-1.928817269122,10.833328446121,11.667036606735),
  .UNSPECIFIED.);
#688 = CARTESIAN_POINT('',(109.07065656244,42.394784156604));
#689 = CARTESIAN_POINT('',(108.92528115283,42.546229347012));
#690 = CARTESIAN_POINT('',(108.7805985678,42.696952785711));
#691 = CARTESIAN_POINT('',(108.63660880735,42.846954472702));
#692 = CARTESIAN_POINT('',(106.24899082671,45.334261374661));
#693 = CARTESIAN_POINT('',(103.94316849482,47.552921135652));
#694 = CARTESIAN_POINT('',(101.58487801345,49.649799388891));
#695 = CARTESIAN_POINT('',(99.026329335152,51.752875708911));
#696 = CARTESIAN_POINT('',(98.866689631618,51.884096382212));
#697 = CARTESIAN_POINT('',(98.704302386814,52.017575479997));
#698 = CARTESIAN_POINT('',(98.539167600742,52.153313002267));
#699 = ( GEOMETRIC_REPRESENTATION_CONTEXT(2) 
PARAMETRIC_REPRESENTATION_CONTEXT() REPRESENTATION_CONTEXT('2D SPACE',''
  ) );
#700 = ADVANCED_FACE('',(#701),#681,.T.);
#701 = FACE_BOUND('',#702,.F.);
#702 = EDGE_LOOP('',(#703,#759,#783,#822,#847,#848));
#703 = ORIENTED_EDGE('',*,*,#704,.T.);
#704 = EDGE_CURVE('',#705,#707,#709,.T.);
#705 = VERTEX_POINT('',#706);
#706 = CARTESIAN_POINT('',(21.795475935371,9.,-24.97431267311));
#707 = VERTEX_POINT('',#708);
#708 = CARTESIAN_POINT('',(4.19345570063,9.,-25.0845452783));
#709 = SURFACE_CURVE('',#710,(#715,#722),.PCURVE_S1.);
#710 = CIRCLE('',#711,9.473647660748);
#711 = AXIS2_PLACEMENT_3D('',#712,#713,#714);
#712 = CARTESIAN_POINT('',(12.972512480856,9.,-21.52390459865));
#713 = DIRECTION('',(0.,1.,0.));
#714 = DIRECTION('',(0.931316402136,0.,-0.364211146331));
#715 = PCURVE('',#681,#716);
#716 = DEFINITIONAL_REPRESENTATION('',(#717),#721);
#717 = CIRCLE('',#718,9.473647660748);
#718 = AXIS2_PLACEMENT_2D('',#719,#720);
#719 = CARTESIAN_POINT('',(104.31560070064,24.273488220832));
#720 = DIRECTION('',(0.811508966384,0.584339967381));
#721 = ( GEOMETRIC_REPRESENTATION_CONTEXT(2) 
PARAMETRIC_REPRESENTATION_CONTEXT() REPRESENTATION_CONTEXT('2D SPACE',''
  ) );
#722 = PCURVE('',#723,#728);
#723 = SPHERICAL_SURFACE('',#724,90.);
#724 = AXIS2_PLACEMENT_3D('',#725,#726,#727);
#725 = CARTESIAN_POINT('',(12.972512480856,-80.5,-21.52390459865));
#726 = DIRECTION('',(0.,0.,1.));
#727 = DIRECTION('',(1.,0.,-0.));
#728 = DEFINITIONAL_REPRESENTATION('',(#729),#758);
#729 = B_SPLINE_CURVE_WITH_KNOTS('',8,(#730,#731,#732,#733,#734,#735,
    #736,#737,#738,#739,#740,#741,#742,#743,#744,#745,#746,#747,#748,
    #749,#750,#751,#752,#753,#754,#755,#756,#757),.UNSPECIFIED.,.F.,.F.,
  (9,7,5,7,9),(0.,0.41261253155,1.198010694948,2.357700170589,
    2.383496558917),.UNSPECIFIED.);
#730 = CARTESIAN_POINT('',(1.472533220325,-3.834726518939E-02));
#731 = CARTESIAN_POINT('',(1.474502464786,-4.340718643939E-02));
#732 = CARTESIAN_POINT('',(1.476769399511,-4.83515912105E-02));
#733 = CARTESIAN_POINT('',(1.479326480615,-5.316007681219E-02));
#734 = CARTESIAN_POINT('',(1.482164528634,-5.781284209645E-02));
#735 = CARTESIAN_POINT('',(1.485272759496,-6.229085253798E-02));
#736 = CARTESIAN_POINT('',(1.488638831405,-6.65760033471E-02));
#737 = CARTESIAN_POINT('',(1.492248915051,-7.065127879149E-02));
#738 = CARTESIAN_POINT('',(1.503395034425,-8.182857594035E-02));
#739 = CARTESIAN_POINT('',(1.511531273309,-8.833866402927E-02));
#740 = CARTESIAN_POINT('',(1.520391597956,-9.392236351184E-02));
#741 = CARTESIAN_POINT('',(1.529853001993,-9.848709361808E-02));
#742 = CARTESIAN_POINT('',(1.539776724472,-0.101960222603));
#743 = CARTESIAN_POINT('',(1.565126438382,-0.107735386408));
#744 = CARTESIAN_POINT('',(1.59143316109,-0.106359275392));
#745 = CARTESIAN_POINT('',(1.616326759354,-9.783189477003E-02));
#746 = CARTESIAN_POINT('',(1.630163975391,-9.032334164332E-02));
#747 = CARTESIAN_POINT('',(1.642534619887,-8.062639895429E-02));
#748 = CARTESIAN_POINT('',(1.653058533403,-6.907628457349E-02));
#749 = CARTESIAN_POINT('',(1.661449996853,-5.607796866196E-02));
#750 = CARTESIAN_POINT('',(1.667659867969,-4.176653943754E-02));
#751 = CARTESIAN_POINT('',(1.66779384957,-4.145462448679E-02));
#752 = CARTESIAN_POINT('',(1.667926682816,-4.114221880581E-02));
#753 = CARTESIAN_POINT('',(1.668058365704,-4.082932731864E-02));
#754 = CARTESIAN_POINT('',(1.668188896254,-4.051595495932E-02));
#755 = CARTESIAN_POINT('',(1.668318272513,-4.02021066717E-02));
#756 = CARTESIAN_POINT('',(1.668446492551,-3.988778740935E-02));
#757 = CARTESIAN_POINT('',(1.668573554465,-3.957300213533E-02));
#758 = ( GEOMETRIC_REPRESENTATION_CONTEXT(2) 
PARAMETRIC_REPRESENTATION_CONTEXT() REPRESENTATION_CONTEXT('2D SPACE',''
  ) );
#759 = ORIENTED_EDGE('',*,*,#760,.T.);
#760 = EDGE_CURVE('',#707,#761,#763,.T.);
#761 = VERTEX_POINT('',#762);
#762 = CARTESIAN_POINT('',(3.206430722653,9.,-37.89133482166));
#763 = SURFACE_CURVE('',#764,(#769,#776),.PCURVE_S1.);
#764 = CIRCLE('',#765,98.302505946136);
#765 = AXIS2_PLACEMENT_3D('',#766,#767,#768);
#766 = CARTESIAN_POINT('',(-94.10250594613,9.,-23.95026170372));
#767 = DIRECTION('',(-0.,1.,0.));
#768 = DIRECTION('',(0.968594740241,0.,0.248644785141));
#769 = PCURVE('',#681,#770);
#770 = DEFINITIONAL_REPRESENTATION('',(#771),#775);
#771 = CIRCLE('',#772,98.302505946136);
#772 = AXIS2_PLACEMENT_2D('',#773,#774);
#773 = CARTESIAN_POINT('',(0.,0.));
#774 = DIRECTION('',(1.,-3.932937480416E-18));
#775 = ( GEOMETRIC_REPRESENTATION_CONTEXT(2) 
PARAMETRIC_REPRESENTATION_CONTEXT() REPRESENTATION_CONTEXT('2D SPACE',''
  ) );
#776 = PCURVE('',#151,#777);
#777 = DEFINITIONAL_REPRESENTATION('',(#778),#782);
#778 = LINE('',#779,#780);
#779 = CARTESIAN_POINT('',(-0.,4.712388980385));
#780 = VECTOR('',#781,1.);
#781 = DIRECTION('',(-1.,0.));
#782 = ( GEOMETRIC_REPRESENTATION_CONTEXT(2) 
PARAMETRIC_REPRESENTATION_CONTEXT() REPRESENTATION_CONTEXT('2D SPACE',''
  ) );
#783 = ORIENTED_EDGE('',*,*,#784,.T.);
#784 = EDGE_CURVE('',#761,#785,#787,.T.);
#785 = VERTEX_POINT('',#786);
#786 = CARTESIAN_POINT('',(5.453013406384,9.,-46.29474043854));
#787 = SURFACE_CURVE('',#788,(#800,#815),.PCURVE_S1.);
#788 = B_SPLINE_CURVE_WITH_KNOTS('',4,(#789,#790,#791,#792,#793,#794,
    #795,#796,#797,#798,#799),.UNSPECIFIED.,.F.,.F.,(5,3,3,5),(
    -2.413109344668,-1.661383619689,9.681653706609,10.415833312527),
  .UNSPECIFIED.);
#789 = CARTESIAN_POINT('',(2.39147216628,9.,-35.43933960672));
#790 = CARTESIAN_POINT('',(2.45268162779,9.,-35.61921842431));
#791 = CARTESIAN_POINT('',(2.513445152873,9.,-35.79778674978));
#792 = CARTESIAN_POINT('',(2.573762741529,9.,-35.97504458312));
#793 = CARTESIAN_POINT('',(3.537057495376,9.,-38.80591937011));
#794 = CARTESIAN_POINT('',(4.34240264226,9.,-41.53003811226));
#795 = CARTESIAN_POINT('',(5.04410045316,9.,-44.31688143924));
#796 = CARTESIAN_POINT('',(5.676116792795,9.,-47.34304985162));
#797 = CARTESIAN_POINT('',(5.71453735854,9.,-47.52701202973));
#798 = CARTESIAN_POINT('',(5.752957924286,9.,-47.71097420785));
#799 = CARTESIAN_POINT('',(5.791378490031,9.,-47.89493638597));
#800 = PCURVE('',#681,#801);
#801 = DEFINITIONAL_REPRESENTATION('',(#802),#814);
#802 = B_SPLINE_CURVE_WITH_KNOTS('',4,(#803,#804,#805,#806,#807,#808,
    #809,#810,#811,#812,#813),.UNSPECIFIED.,.F.,.F.,(5,3,3,5),(
    -2.413109344668,-1.661383619689,9.681653706609,10.415833312527),
  .UNSPECIFIED.);
#803 = CARTESIAN_POINT('',(90.606860357938,35.120984882231));
#804 = CARTESIAN_POINT('',(90.621421590459,35.310433972235));
#805 = CARTESIAN_POINT('',(90.635876738334,35.498502846695));
#806 = CARTESIAN_POINT('',(90.650225801564,35.68519150561));
#807 = CARTESIAN_POINT('',(90.879385780269,38.666680151664));
#808 = CARTESIAN_POINT('',(90.982100934281,41.505492108107));
#809 = CARTESIAN_POINT('',(90.968827682898,44.379287397925));
#810 = CARTESIAN_POINT('',(90.828554390518,47.467565772209));
#811 = CARTESIAN_POINT('',(90.820027112165,47.655303643651));
#812 = CARTESIAN_POINT('',(90.811499833811,47.843041515093));
#813 = CARTESIAN_POINT('',(90.802972555457,48.030779386535));
#814 = ( GEOMETRIC_REPRESENTATION_CONTEXT(2) 
PARAMETRIC_REPRESENTATION_CONTEXT() REPRESENTATION_CONTEXT('2D SPACE',''
  ) );
#815 = PCURVE('',#244,#816);
#816 = DEFINITIONAL_REPRESENTATION('',(#817),#821);
#817 = LINE('',#818,#819);
#818 = CARTESIAN_POINT('',(0.,0.));
#819 = VECTOR('',#820,1.);
#820 = DIRECTION('',(0.,1.));
#821 = ( GEOMETRIC_REPRESENTATION_CONTEXT(2) 
PARAMETRIC_REPRESENTATION_CONTEXT() REPRESENTATION_CONTEXT('2D SPACE',''
  ) );
#822 = ORIENTED_EDGE('',*,*,#823,.F.);
#823 = EDGE_CURVE('',#586,#785,#824,.T.);
#824 = SURFACE_CURVE('',#825,(#831,#840),.PCURVE_S1.);
#825 = B_SPLINE_CURVE_WITH_KNOTS('',2,(#826,#827,#828,#829,#830),
  .UNSPECIFIED.,.F.,.F.,(3,1,1,3),(-0.880530207219,-0.334098207219,
    11.540433090207,12.086865090207),.UNSPECIFIED.);
#826 = CARTESIAN_POINT('',(16.687208333273,9.,-48.90885660522));
#827 = CARTESIAN_POINT('',(16.421101663692,9.,-48.8469355017));
#828 = CARTESIAN_POINT('',(10.372222432504,9.,-47.43940491393));
#829 = CARTESIAN_POINT('',(4.323343201316,9.,-46.03187432616));
#830 = CARTESIAN_POINT('',(4.057236531735,9.,-45.96995322265));
#831 = PCURVE('',#681,#832);
#832 = DEFINITIONAL_REPRESENTATION('',(#833),#839);
#833 = B_SPLINE_CURVE_WITH_KNOTS('',2,(#834,#835,#836,#837,#838),
  .UNSPECIFIED.,.F.,.F.,(3,1,1,3),(-0.880530207219,-0.334098207219,
    11.540433090207,12.086865090207),.UNSPECIFIED.);
#834 = CARTESIAN_POINT('',(101.10451005711,51.72204844823));
#835 = CARTESIAN_POINT('',(100.86215689609,51.59590595737));
#836 = CARTESIAN_POINT('',(95.353219428989,48.728556956548));
#837 = CARTESIAN_POINT('',(89.844281961883,45.861207955726));
#838 = CARTESIAN_POINT('',(89.601928800865,45.735065464866));
#839 = ( GEOMETRIC_REPRESENTATION_CONTEXT(2) 
PARAMETRIC_REPRESENTATION_CONTEXT() REPRESENTATION_CONTEXT('2D SPACE',''
  ) );
#840 = PCURVE('',#306,#841);
#841 = DEFINITIONAL_REPRESENTATION('',(#842),#846);
#842 = LINE('',#843,#844);
#843 = CARTESIAN_POINT('',(0.,0.));
#844 = VECTOR('',#845,1.);
#845 = DIRECTION('',(0.,1.));
#846 = ( GEOMETRIC_REPRESENTATION_CONTEXT(2) 
PARAMETRIC_REPRESENTATION_CONTEXT() REPRESENTATION_CONTEXT('2D SPACE',''
  ) );
#847 = ORIENTED_EDGE('',*,*,#659,.F.);
#848 = ORIENTED_EDGE('',*,*,#849,.F.);
#849 = EDGE_CURVE('',#705,#506,#850,.T.);
#850 = SURFACE_CURVE('',#851,(#856,#863),.PCURVE_S1.);
#851 = CIRCLE('',#852,115.90250594613);
#852 = AXIS2_PLACEMENT_3D('',#853,#854,#855);
#853 = CARTESIAN_POINT('',(-94.10250594613,9.,-23.95026170372));
#854 = DIRECTION('',(-0.,1.,0.));
#855 = DIRECTION('',(0.968594740241,0.,0.248644785141));
#856 = PCURVE('',#681,#857);
#857 = DEFINITIONAL_REPRESENTATION('',(#858),#862);
#858 = CIRCLE('',#859,115.90250594613);
#859 = AXIS2_PLACEMENT_2D('',#860,#861);
#860 = CARTESIAN_POINT('',(0.,0.));
#861 = DIRECTION('',(1.,-3.081684203407E-17));
#862 = ( GEOMETRIC_REPRESENTATION_CONTEXT(2) 
PARAMETRIC_REPRESENTATION_CONTEXT() REPRESENTATION_CONTEXT('2D SPACE',''
  ) );
#863 = PCURVE('',#555,#864);
#864 = DEFINITIONAL_REPRESENTATION('',(#865),#869);
#865 = LINE('',#866,#867);
#866 = CARTESIAN_POINT('',(-0.,4.712388980385));
#867 = VECTOR('',#868,1.);
#868 = DIRECTION('',(-1.,0.));
#869 = ( GEOMETRIC_REPRESENTATION_CONTEXT(2) 
PARAMETRIC_REPRESENTATION_CONTEXT() REPRESENTATION_CONTEXT('2D SPACE',''
  ) );
#870 = ADVANCED_FACE('',(#871),#723,.T.);
#871 = FACE_BOUND('',#872,.T.);
#872 = EDGE_LOOP('',(#873,#949,#1219,#1220,#1438,#1512,#1730,#1804));
#873 = ORIENTED_EDGE('',*,*,#874,.F.);
#874 = EDGE_CURVE('',#875,#877,#879,.T.);
#875 = VERTEX_POINT('',#876);
#876 = CARTESIAN_POINT('',(22.067774920076,8.95,-25.52061589191));
#877 = VERTEX_POINT('',#878);
#878 = CARTESIAN_POINT('',(21.877398267892,8.95,-17.11930369506));
#879 = SURFACE_CURVE('',#880,(#885,#933),.PCURVE_S1.);
#880 = CIRCLE('',#881,9.93466154431);
#881 = AXIS2_PLACEMENT_3D('',#882,#883,#884);
#882 = CARTESIAN_POINT('',(12.972512480856,8.95,-21.52390459865));
#883 = DIRECTION('',(0.,-1.,-0.));
#884 = DIRECTION('',(0.,0.,-1.));
#885 = PCURVE('',#723,#886);
#886 = DEFINITIONAL_REPRESENTATION('',(#887),#932);
#887 = B_SPLINE_CURVE_WITH_KNOTS('',8,(#888,#889,#890,#891,#892,#893,
    #894,#895,#896,#897,#898,#899,#900,#901,#902,#903,#904,#905,#906,
    #907,#908,#909,#910,#911,#912,#913,#914,#915,#916,#917,#918,#919,
    #920,#921,#922,#923,#924,#925,#926,#927,#928,#929,#930,#931),
  .UNSPECIFIED.,.F.,.F.,(9,7,7,7,7,7,9),(0.,0.785398163397,
    2.159844949343,3.190680038802,3.963806355897,5.123495831538,
    6.28318530718),.UNSPECIFIED.);
#888 = CARTESIAN_POINT('',(1.570796326795,-0.110610537963));
#889 = CARTESIAN_POINT('',(1.559892658641,-0.110610537963));
#890 = CARTESIAN_POINT('',(1.548988993509,-0.109387148189));
#891 = CARTESIAN_POINT('',(1.538249403152,-0.106940376204));
#892 = CARTESIAN_POINT('',(1.527838036882,-0.103296283929));
#893 = CARTESIAN_POINT('',(1.517912724988,-9.850708816173E-02));
#894 = CARTESIAN_POINT('',(1.508619085082,-9.264920374418E-02));
#895 = CARTESIAN_POINT('',(1.500085981054,-8.581993830116E-02));
#896 = CARTESIAN_POINT('',(1.479013290112,-6.468236339514E-02));
#897 = CARTESIAN_POINT('',(1.468268714169,-4.860624858429E-02));
#898 = CARTESIAN_POINT('',(1.460777527555,-3.051744907629E-02));
#899 = CARTESIAN_POINT('',(1.456948613506,-1.118794511342E-02));
#900 = CARTESIAN_POINT('',(1.456965824045,8.516961726028E-03));
#901 = CARTESIAN_POINT('',(1.4608006036,2.771324198636E-02));
#902 = CARTESIAN_POINT('',(1.468199849126,4.556679757767E-02));
#903 = CARTESIAN_POINT('',(1.486594849761,7.321399810194E-02));
#904 = CARTESIAN_POINT('',(1.496229027098,8.390676698859E-02));
#905 = CARTESIAN_POINT('',(1.50742301749,9.314287735322E-02));
#906 = CARTESIAN_POINT('',(1.519923020902,0.100660056685));
#907 = CARTESIAN_POINT('',(1.533418329847,0.106250409271));
#908 = CARTESIAN_POINT('',(1.547553162954,0.109776310595));
#909 = CARTESIAN_POINT('',(1.561952516103,0.111178957905));
#910 = CARTESIAN_POINT('',(1.586965968997,0.109950107515));
#911 = CARTESIAN_POINT('',(1.597626420098,0.108239480776));
#912 = CARTESIAN_POINT('',(1.608071000151,0.105352654422));
#913 = CARTESIAN_POINT('',(1.618144813551,0.101321836433));
#914 = CARTESIAN_POINT('',(1.627700239455,9.620343288712E-02));
#915 = CARTESIAN_POINT('',(1.636602147605,9.00759887542E-02));
#916 = CARTESIAN_POINT('',(1.644731804941,8.303697346489E-02));
#917 = CARTESIAN_POINT('',(1.662874411099,6.34422455838E-02));
#918 = CARTESIAN_POINT('',(1.671796594088,4.988794204937E-02));
#919 = CARTESIAN_POINT('',(1.678416769654,3.491650486858E-02));
#920 = CARTESIAN_POINT('',(1.682489494906,1.898552706816E-02));
#921 = CARTESIAN_POINT('',(1.68388011302,2.601485940405E-03));
#922 = CARTESIAN_POINT('',(1.682563103011,-1.371216968999E-02));
#923 = CARTESIAN_POINT('',(1.678624567174,-2.944430115787E-02));
#924 = CARTESIAN_POINT('',(1.665888720222,-5.880947420372E-02));
#925 = CARTESIAN_POINT('',(1.657091410001,-7.24425170384E-02));
#926 = CARTESIAN_POINT('',(1.646056798965,-8.455792890805E-02));
#927 = CARTESIAN_POINT('',(1.633083103273,-9.47307889693E-02));
#928 = CARTESIAN_POINT('',(1.618567920092,-0.102608734923));
#929 = CARTESIAN_POINT('',(1.602996220529,-0.107943256223));
#930 = CARTESIAN_POINT('',(1.586896274303,-0.110610537963));
#931 = CARTESIAN_POINT('',(1.570796326795,-0.110610537963));
#932 = ( GEOMETRIC_REPRESENTATION_CONTEXT(2) 
PARAMETRIC_REPRESENTATION_CONTEXT() REPRESENTATION_CONTEXT('2D SPACE',''
  ) );
#933 = PCURVE('',#934,#939);
#934 = PLANE('',#935);
#935 = AXIS2_PLACEMENT_3D('',#936,#937,#938);
#936 = CARTESIAN_POINT('',(-94.10250594613,8.95,-23.95026170372));
#937 = DIRECTION('',(0.,1.,0.));
#938 = DIRECTION('',(0.966513377368,-0.,0.256616233641));
#939 = DEFINITIONAL_REPRESENTATION('',(#940),#948);
#940 = ( BOUNDED_CURVE() B_SPLINE_CURVE(2,(#941,#942,#943,#944,#945,#946
,#947),.UNSPECIFIED.,.T.,.F.) B_SPLINE_CURVE_WITH_KNOTS((1,2,2,2,2,1),(
    -2.094395102393,0.,2.094395102393,4.188790204786,6.28318530718,
8.377580409573),.UNSPECIFIED.) CURVE() GEOMETRIC_REPRESENTATION_ITEM() 
RATIONAL_B_SPLINE_CURVE((1.,0.5,1.,0.5,1.,0.5,1.)) REPRESENTATION_ITEM(
  '') );
#941 = CARTESIAN_POINT('',(101.56268488542,34.734064627633));
#942 = CARTESIAN_POINT('',(118.19380778363,39.149747037507));
#943 = CARTESIAN_POINT('',(113.70233947652,22.538930909265));
#944 = CARTESIAN_POINT('',(109.21087116941,5.928114781023));
#945 = CARTESIAN_POINT('',(97.071216578321,18.123248499391));
#946 = CARTESIAN_POINT('',(84.931561987224,30.318382217758));
#947 = CARTESIAN_POINT('',(101.56268488542,34.734064627633));
#948 = ( GEOMETRIC_REPRESENTATION_CONTEXT(2) 
PARAMETRIC_REPRESENTATION_CONTEXT() REPRESENTATION_CONTEXT('2D SPACE',''
  ) );
#949 = ORIENTED_EDGE('',*,*,#950,.F.);
#950 = EDGE_CURVE('',#705,#875,#951,.T.);
#951 = SURFACE_CURVE('',#952,(#1039,#1129),.PCURVE_S1.);
#952 = B_SPLINE_CURVE_WITH_KNOTS('',8,(#953,#954,#955,#956,#957,#958,
    #959,#960,#961,#962,#963,#964,#965,#966,#967,#968,#969,#970,#971,
    #972,#973,#974,#975,#976,#977,#978,#979,#980,#981,#982,#983,#984,
    #985,#986,#987,#988,#989,#990,#991,#992,#993,#994,#995,#996,#997,
    #998,#999,#1000,#1001,#1002,#1003,#1004,#1005,#1006,#1007,#1008,
    #1009,#1010,#1011,#1012,#1013,#1014,#1015,#1016,#1017,#1018,#1019,
    #1020,#1021,#1022,#1023,#1024,#1025,#1026,#1027,#1028,#1029,#1030,
    #1031,#1032,#1033,#1034,#1035,#1036,#1037,#1038),.UNSPECIFIED.,.F.,
  .F.,(9,7,7,7,7,7,7,7,7,7,7,7,9),(0.,1.404824640412E-02,
    2.119943866803E-02,2.805592205094E-02,3.362516499318E-02,
    4.047271425323E-02,4.947776902185E-02,7.405354523223E-02,
    0.12045045939,0.216137715588,0.442069960515,0.690045928874,1.),
  .UNSPECIFIED.);
#953 = CARTESIAN_POINT('',(21.795475935371,9.,-24.97431267311));
#954 = CARTESIAN_POINT('',(21.799542462662,9.,-24.9639142446));
#955 = CARTESIAN_POINT('',(21.803754264468,8.999977444376,-24.9536881154
    ));
#956 = CARTESIAN_POINT('',(21.808139607825,8.999929329613,
    -24.94364130659));
#957 = CARTESIAN_POINT('',(21.812726016578,8.999851830101,
    -24.93380389123));
#958 = CARTESIAN_POINT('',(21.817545114718,8.999739536584,
    -24.92423707688));
#959 = CARTESIAN_POINT('',(21.822631269194,8.999585707943,
    -24.91503085559));
#960 = CARTESIAN_POINT('',(21.828027149598,8.999381470185,
    -24.90631120686));
#961 = CARTESIAN_POINT('',(21.836752709127,8.998974671391,
    -24.89418698362));
#962 = CARTESIAN_POINT('',(21.839791757267,8.998820723938,
    -24.89028083749));
#963 = CARTESIAN_POINT('',(21.842936322868,8.998648134012,
    -24.88658400791));
#964 = CARTESIAN_POINT('',(21.846193175413,8.99845486487,-24.88313335109
    ));
#965 = CARTESIAN_POINT('',(21.84956604403,8.998238746093,-24.87997746575
    ));
#966 = CARTESIAN_POINT('',(21.853054824783,8.997997637098,
    -24.87717447618));
#967 = CARTESIAN_POINT('',(21.856653948674,8.997729771263,
    -24.87478710528));
#968 = CARTESIAN_POINT('',(21.863893557224,8.997150967615,
    -24.87104176842));
#969 = CARTESIAN_POINT('',(21.867534043999,8.99684163782,-24.8696413057)
  );
#970 = CARTESIAN_POINT('',(21.871239131531,8.996507027754,
    -24.86874004533));
#971 = CARTESIAN_POINT('',(21.874976427107,8.996148722345,
    -24.86838227563));
#972 = CARTESIAN_POINT('',(21.878713324891,8.995769296689,
    -24.86858612057));
#973 = CARTESIAN_POINT('',(21.882416919468,8.995372393205,
    -24.86934155491));
#974 = CARTESIAN_POINT('',(21.88605389249,8.994962734245,-24.87061049139
    ));
#975 = CARTESIAN_POINT('',(21.892462911442,8.994207630874,-24.8737247658
    ));
#976 = CARTESIAN_POINT('',(21.895275052466,8.993863864182,
    -24.87542030878));
#977 = CARTESIAN_POINT('',(21.898018476329,8.993516635007,
    -24.87738756452));
#978 = CARTESIAN_POINT('',(21.900688363803,8.993167521746,
    -24.87959686415));
#979 = CARTESIAN_POINT('',(21.90328285065,8.99281779996,-24.88201877301)
  );
#980 = CARTESIAN_POINT('',(21.905802482677,8.992468426031,
    -24.88462598945));
#981 = CARTESIAN_POINT('',(21.908249670778,8.992120020829,
    -24.88739524365));
#982 = CARTESIAN_POINT('',(21.913552551745,8.991346000715,
    -24.89389198761));
#983 = CARTESIAN_POINT('',(21.916371544397,8.990921262427,
    -24.89769113365));
#984 = CARTESIAN_POINT('',(21.919092563282,8.990499136579,-24.9016730732
    ));
#985 = CARTESIAN_POINT('',(21.921722404478,8.990079983762,
    -24.90580972814));
#986 = CARTESIAN_POINT('',(21.924267425787,8.989664019488,-24.9100781346
    ));
#987 = CARTESIAN_POINT('',(21.926733751699,8.989251306577,
    -24.91446007403));
#988 = CARTESIAN_POINT('',(21.929127478379,8.988841747555,
    -24.91894170418));
#989 = CARTESIAN_POINT('',(21.934515589257,8.987900273985,
    -24.92952504648));
#990 = CARTESIAN_POINT('',(21.93745980467,8.987370783533,-24.93568866184
    ));
#991 = CARTESIAN_POINT('',(21.940300136224,8.986846261054,
    -24.94197921961));
#992 = CARTESIAN_POINT('',(21.943046829656,8.986326417517,
    -24.94837682914));
#993 = CARTESIAN_POINT('',(21.945708307823,8.985810988505,
    -24.95486587366));
#994 = CARTESIAN_POINT('',(21.948291713435,8.985299703226,
    -24.96143435811));
#995 = CARTESIAN_POINT('',(21.950803451781,8.98479225353,-24.968073257)
  );
#996 = CARTESIAN_POINT('',(21.959925902878,8.982912817615,
    -24.99306800245));
#997 = CARTESIAN_POINT('',(21.966107618446,8.981564507162,
    -25.01181710258));
#998 = CARTESIAN_POINT('',(21.971915165438,8.980236357401,
    -25.03088515824));
#999 = CARTESIAN_POINT('',(21.977411155152,8.978925049762,
    -25.05019189244));
#1000 = CARTESIAN_POINT('',(21.982641608268,8.977628049857,
    -25.06968134731));
#1001 = CARTESIAN_POINT('',(21.987644686373,8.976342957263,
    -25.08931524072));
#1002 = CARTESIAN_POINT('',(21.99244842561,8.975067626565,
    -25.10907502987));
#1003 = CARTESIAN_POINT('',(22.005820617901,8.971405704768,
    -25.16648555651));
#1004 = CARTESIAN_POINT('',(22.013932378755,8.969041168801,
    -25.20439215942));
#1005 = CARTESIAN_POINT('',(22.021569039938,8.966694521063,
    -25.2425620978));
#1006 = CARTESIAN_POINT('',(22.028811590295,8.9643599764,-25.28093090344
    ));
#1007 = CARTESIAN_POINT('',(22.035718381707,8.96203332701,
    -25.31945383921));
#1008 = CARTESIAN_POINT('',(22.042336447622,8.959710990716,
    -25.35809999789));
#1009 = CARTESIAN_POINT('',(22.048699098785,8.957390158527,
    -25.3968537682));
#1010 = CARTESIAN_POINT('',(22.067492698679,8.950278788616,
    -25.51584196374));
#1011 = CARTESIAN_POINT('',(22.079181824266,8.945486652447,
    -25.59635940334));
#1012 = CARTESIAN_POINT('',(22.090145646541,8.940671441307,
    -25.6771400571));
#1013 = CARTESIAN_POINT('',(22.100504136424,8.935823425859,
    -25.75811786682));
#1014 = CARTESIAN_POINT('',(22.110342139487,8.930935728396,
    -25.8392474357));
#1015 = CARTESIAN_POINT('',(22.11972731097,8.926002690561,
    -25.92049729951));
#1016 = CARTESIAN_POINT('',(22.128704829071,8.921020243377,
    -26.00185217039));
#1017 = CARTESIAN_POINT('',(22.157644403668,8.904093904928,
    -26.27562930829));
#1018 = CARTESIAN_POINT('',(22.175917402646,8.89190956726,
    -26.46843964873));
#1019 = CARTESIAN_POINT('',(22.192632109189,8.879387162162,
    -26.6615533268));
#1020 = CARTESIAN_POINT('',(22.207971964921,8.866511107933,
    -26.85488722289));
#1021 = CARTESIAN_POINT('',(22.222097366315,8.853267876074,
    -27.04837381318));
#1022 = CARTESIAN_POINT('',(22.235089905237,8.839650696285,
    -27.24197805518));
#1023 = CARTESIAN_POINT('',(22.247021242923,8.825653207929,
    -27.4356763257));
#1024 = CARTESIAN_POINT('',(22.269919123737,8.795484680916,
    -27.84215405196));
#1025 = CARTESIAN_POINT('',(22.280677336171,8.779236103034,
    -28.05493348733));
#1026 = CARTESIAN_POINT('',(22.29027398478,8.762519837635,
    -28.26777213123));
#1027 = CARTESIAN_POINT('',(22.298745595841,8.745333315158,
    -28.48064839883));
#1028 = CARTESIAN_POINT('',(22.306113357312,8.727675470869,
    -28.69354462933));
#1029 = CARTESIAN_POINT('',(22.312389468101,8.709546131623,
    -28.90644562559));
#1030 = CARTESIAN_POINT('',(22.317579992396,8.690945728914,
    -29.11933798292));
#1031 = CARTESIAN_POINT('',(22.326814239436,8.648038571834,
    -29.59828684691));
#1032 = CARTESIAN_POINT('',(22.330247258894,8.623467700798,
    -29.86432980006));
#1033 = CARTESIAN_POINT('',(22.331982667634,8.59816488997,
    -30.13031518084));
#1034 = CARTESIAN_POINT('',(22.332006766961,8.572133840704,
    -30.39621997881));
#1035 = CARTESIAN_POINT('',(22.33029617729,8.545379495758,
    -30.66202127366));
#1036 = CARTESIAN_POINT('',(22.326819807712,8.517907881545,
    -30.92769567666));
#1037 = CARTESIAN_POINT('',(22.321539387123,8.489726087728,
    -31.1932189984));
#1038 = CARTESIAN_POINT('',(22.314408556929,8.460842384185,
    -31.45856614296));
#1039 = PCURVE('',#723,#1040);
#1040 = DEFINITIONAL_REPRESENTATION('',(#1041),#1128);
#1041 = B_SPLINE_CURVE_WITH_KNOTS('',8,(#1042,#1043,#1044,#1045,#1046,
    #1047,#1048,#1049,#1050,#1051,#1052,#1053,#1054,#1055,#1056,#1057,
    #1058,#1059,#1060,#1061,#1062,#1063,#1064,#1065,#1066,#1067,#1068,
    #1069,#1070,#1071,#1072,#1073,#1074,#1075,#1076,#1077,#1078,#1079,
    #1080,#1081,#1082,#1083,#1084,#1085,#1086,#1087,#1088,#1089,#1090,
    #1091,#1092,#1093,#1094,#1095,#1096,#1097,#1098,#1099,#1100,#1101,
    #1102,#1103,#1104,#1105,#1106,#1107,#1108,#1109,#1110,#1111,#1112,
    #1113,#1114,#1115,#1116,#1117,#1118,#1119,#1120,#1121,#1122,#1123,
    #1124,#1125,#1126,#1127),.UNSPECIFIED.,.F.,.F.,(9,7,7,7,7,7,7,7,7,7,
    7,7,9),(0.,1.404824640412E-02,2.119943866803E-02,2.805592205094E-02,
    3.362516499318E-02,4.047271425323E-02,4.947776902185E-02,
    7.405354523223E-02,0.12045045939,0.216137715588,0.442069960515,
    0.690045928874,1.),.UNSPECIFIED.);
#1042 = CARTESIAN_POINT('',(1.472533220157,-3.834726516003E-02));
#1043 = CARTESIAN_POINT('',(1.472488221402,-3.823164206334E-02));
#1044 = CARTESIAN_POINT('',(1.472441590941,-3.811793539801E-02));
#1045 = CARTESIAN_POINT('',(1.472393012719,-3.800622319691E-02));
#1046 = CARTESIAN_POINT('',(1.472342178012,-3.789683981431E-02));
#1047 = CARTESIAN_POINT('',(1.472288731001,-3.779046578348E-02));
#1048 = CARTESIAN_POINT('',(1.472232284054,-3.768810167538E-02));
#1049 = CARTESIAN_POINT('',(1.47217235533,-3.759114817854E-02));
#1050 = CARTESIAN_POINT('',(1.472075362862,-3.745633980183E-02));
#1051 = CARTESIAN_POINT('',(1.472041567794,-3.74129077292E-02));
#1052 = CARTESIAN_POINT('',(1.472006584894,-3.737180310697E-02));
#1053 = CARTESIAN_POINT('',(1.471970337023,-3.733343572058E-02));
#1054 = CARTESIAN_POINT('',(1.471932780533,-3.729834591566E-02));
#1055 = CARTESIAN_POINT('',(1.47189391421,-3.726717994758E-02));
#1056 = CARTESIAN_POINT('',(1.471853797711,-3.724063520123E-02));
#1057 = CARTESIAN_POINT('',(1.471773059906,-3.719899150646E-02));
#1058 = CARTESIAN_POINT('',(1.471732440336,-3.718342004301E-02));
#1059 = CARTESIAN_POINT('',(1.471691078264,-3.717339911955E-02));
#1060 = CARTESIAN_POINT('',(1.471649333801,-3.7169421156E-02));
#1061 = CARTESIAN_POINT('',(1.471607570498,-3.71716876632E-02));
#1062 = CARTESIAN_POINT('',(1.471566156394,-3.718008717655E-02));
#1063 = CARTESIAN_POINT('',(1.471525465293,-3.719419622338E-02));
#1064 = CARTESIAN_POINT('',(1.471453723327,-3.722882324591E-02));
#1065 = CARTESIAN_POINT('',(1.471422230721,-3.724767567465E-02));
#1066 = CARTESIAN_POINT('',(1.471391494528,-3.726954924395E-02));
#1067 = CARTESIAN_POINT('',(1.471361569799,-3.729411407983E-02));
#1068 = CARTESIAN_POINT('',(1.471332478558,-3.732104291257E-02));
#1069 = CARTESIAN_POINT('',(1.471304215818,-3.735003218859E-02));
#1070 = CARTESIAN_POINT('',(1.471276755585,-3.738082318231E-02));
#1071 = CARTESIAN_POINT('',(1.471217230019,-3.745305977691E-02));
#1072 = CARTESIAN_POINT('',(1.471185571662,-3.749530213944E-02));
#1073 = CARTESIAN_POINT('',(1.471155000042,-3.753957704564E-02));
#1074 = CARTESIAN_POINT('',(1.471125440364,-3.758557231002E-02));
#1075 = CARTESIAN_POINT('',(1.471096822525,-3.763303260962E-02));
#1076 = CARTESIAN_POINT('',(1.471069078835,-3.768175538222E-02));
#1077 = CARTESIAN_POINT('',(1.471042141741,-3.773158672443E-02));
#1078 = CARTESIAN_POINT('',(1.47098148628,-3.784926339905E-02));
#1079 = CARTESIAN_POINT('',(1.470948325568,-3.791779711763E-02));
#1080 = CARTESIAN_POINT('',(1.470916319508,-3.798774252519E-02));
#1081 = CARTESIAN_POINT('',(1.470885354427,-3.805887847053E-02));
#1082 = CARTESIAN_POINT('',(1.47085533685,-3.813103132101E-02));
#1083 = CARTESIAN_POINT('',(1.470826187455,-3.820406771192E-02));
#1084 = CARTESIAN_POINT('',(1.470797835039,-3.827788729587E-02));
#1085 = CARTESIAN_POINT('',(1.470694820037,-3.855581106491E-02));
#1086 = CARTESIAN_POINT('',(1.470624928874,-3.876428952004E-02));
#1087 = CARTESIAN_POINT('',(1.470559198542,-3.897631651878E-02));
#1088 = CARTESIAN_POINT('',(1.470496932717,-3.919099954289E-02));
#1089 = CARTESIAN_POINT('',(1.470437619486,-3.940771645287E-02));
#1090 = CARTESIAN_POINT('',(1.470380834029,-3.9626041635E-02));
#1091 = CARTESIAN_POINT('',(1.470326263819,-3.984576895664E-02));
#1092 = CARTESIAN_POINT('',(1.470174228756,-4.048417606219E-02));
#1093 = CARTESIAN_POINT('',(1.470081838576,-4.090570681987E-02));
#1094 = CARTESIAN_POINT('',(1.469994721334,-4.133017424722E-02));
#1095 = CARTESIAN_POINT('',(1.469911974717,-4.175686172911E-02));
#1096 = CARTESIAN_POINT('',(1.469832948582,-4.218527200849E-02));
#1097 = CARTESIAN_POINT('',(1.469757118682,-4.261506159198E-02));
#1098 = CARTESIAN_POINT('',(1.469684113424,-4.304605706628E-02));
#1099 = CARTESIAN_POINT('',(1.469468178263,-4.436939872209E-02));
#1100 = CARTESIAN_POINT('',(1.469333444786,-4.526492268897E-02));
#1101 = CARTESIAN_POINT('',(1.4692066988,-4.616341525956E-02));
#1102 = CARTESIAN_POINT('',(1.46908660247,-4.706414323162E-02));
#1103 = CARTESIAN_POINT('',(1.468972209668,-4.796660307788E-02));
#1104 = CARTESIAN_POINT('',(1.468862765767,-4.887044617076E-02));
#1105 = CARTESIAN_POINT('',(1.468757766536,-4.977550376732E-02));
#1106 = CARTESIAN_POINT('',(1.468418279573,-5.282138300513E-02));
#1107 = CARTESIAN_POINT('',(1.468202164036,-5.496673991794E-02));
#1108 = CARTESIAN_POINT('',(1.468002856518,-5.711575437607E-02));
#1109 = CARTESIAN_POINT('',(1.467818311239,-5.92675179931E-02));
#1110 = CARTESIAN_POINT('',(1.467646739983,-6.14212956384E-02));
#1111 = CARTESIAN_POINT('',(1.467487234157,-6.357671327745E-02));
#1112 = CARTESIAN_POINT('',(1.467338995921,-6.573352393973E-02));
#1113 = CARTESIAN_POINT('',(1.467050611132,-7.026037186445E-02));
#1114 = CARTESIAN_POINT('',(1.466912673543,-7.263048297481E-02));
#1115 = CARTESIAN_POINT('',(1.46678701291,-7.500171064332E-02));
#1116 = CARTESIAN_POINT('',(1.46667322636,-7.737383544649E-02));
#1117 = CARTESIAN_POINT('',(1.4665710832,-7.97466815117E-02));
#1118 = CARTESIAN_POINT('',(1.466480454069,-8.212010028238E-02));
#1119 = CARTESIAN_POINT('',(1.466401279111,-8.449396305745E-02));
#1120 = CARTESIAN_POINT('',(1.466248949607,-8.983575923523E-02));
#1121 = CARTESIAN_POINT('',(1.466182244059,-9.280385696042E-02));
#1122 = CARTESIAN_POINT('',(1.46613348291,-9.577222942199E-02));
#1123 = CARTESIAN_POINT('',(1.466102839615,-9.874065999043E-02));
#1124 = CARTESIAN_POINT('',(1.4660905989,-0.101708932665));
#1125 = CARTESIAN_POINT('',(1.466097135072,-0.104676825773));
#1126 = CARTESIAN_POINT('',(1.466122906474,-0.107644108174));
#1127 = CARTESIAN_POINT('',(1.466168466069,-0.110610537963));
#1128 = ( GEOMETRIC_REPRESENTATION_CONTEXT(2) 
PARAMETRIC_REPRESENTATION_CONTEXT() REPRESENTATION_CONTEXT('2D SPACE',''
  ) );
#1129 = PCURVE('',#555,#1130);
#1130 = DEFINITIONAL_REPRESENTATION('',(#1131),#1218);
#1131 = B_SPLINE_CURVE_WITH_KNOTS('',8,(#1132,#1133,#1134,#1135,#1136,
    #1137,#1138,#1139,#1140,#1141,#1142,#1143,#1144,#1145,#1146,#1147,
    #1148,#1149,#1150,#1151,#1152,#1153,#1154,#1155,#1156,#1157,#1158,
    #1159,#1160,#1161,#1162,#1163,#1164,#1165,#1166,#1167,#1168,#1169,
    #1170,#1171,#1172,#1173,#1174,#1175,#1176,#1177,#1178,#1179,#1180,
    #1181,#1182,#1183,#1184,#1185,#1186,#1187,#1188,#1189,#1190,#1191,
    #1192,#1193,#1194,#1195,#1196,#1197,#1198,#1199,#1200,#1201,#1202,
    #1203,#1204,#1205,#1206,#1207,#1208,#1209,#1210,#1211,#1212,#1213,
    #1214,#1215,#1216,#1217),.UNSPECIFIED.,.F.,.F.,(9,7,7,7,7,7,7,7,7,7,
    7,7,9),(0.,1.404824640412E-02,2.119943866803E-02,2.805592205094E-02,
    3.362516499318E-02,4.047271425323E-02,4.947776902185E-02,
    7.405354523223E-02,0.12045045939,0.216137715588,0.442069960515,
    0.690045928874,1.),.UNSPECIFIED.);
#1132 = CARTESIAN_POINT('',(-0.260116414074,4.712388980385));
#1133 = CARTESIAN_POINT('',(-0.260026390548,4.717357097572));
#1134 = CARTESIAN_POINT('',(-0.259937849535,4.722510044696));
#1135 = CARTESIAN_POINT('',(-0.259850849706,4.727883346635));
#1136 = CARTESIAN_POINT('',(-0.25976564879,4.733511891416));
#1137 = CARTESIAN_POINT('',(-0.25968277283,4.739436129883));
#1138 = CARTESIAN_POINT('',(-0.259602995937,4.745700328263));
#1139 = CARTESIAN_POINT('',(-0.259527401885,4.752359664713));
#1140 = CARTESIAN_POINT('',(-0.259422216922,4.763154311875));
#1141 = CARTESIAN_POINT('',(-0.259388314709,4.766918170734));
#1142 = CARTESIAN_POINT('',(-0.259356212371,4.770817260741));
#1143 = CARTESIAN_POINT('',(-0.259326227246,4.774860585254));
#1144 = CARTESIAN_POINT('',(-0.259298778082,4.779053501523));
#1145 = CARTESIAN_POINT('',(-0.259274365928,4.783396704628));
#1146 = CARTESIAN_POINT('',(-0.259253531725,4.787884121518));
#1147 = CARTESIAN_POINT('',(-0.259220739369,4.796925094839));
#1148 = CARTESIAN_POINT('',(-0.259208414672,4.80147806804));
#1149 = CARTESIAN_POINT('',(-0.25920039084,4.806119147307));
#1150 = CARTESIAN_POINT('',(-0.259197051407,4.810808386956));
#1151 = CARTESIAN_POINT('',(-0.259198554217,4.815505243047));
#1152 = CARTESIAN_POINT('',(-0.259204814424,4.820168416064));
#1153 = CARTESIAN_POINT('',(-0.259215505363,4.824755676307));
#1154 = CARTESIAN_POINT('',(-0.259241913481,4.832852843385));
#1155 = CARTESIAN_POINT('',(-0.259256336918,4.836410790615));
#1156 = CARTESIAN_POINT('',(-0.259273106516,4.83988673127));
#1157 = CARTESIAN_POINT('',(-0.259291966669,4.843274238385));
#1158 = CARTESIAN_POINT('',(-0.259312663644,4.846570586045));
#1159 = CARTESIAN_POINT('',(-0.259334961973,4.849776094986));
#1160 = CARTESIAN_POINT('',(-0.25935866085,4.852893478208));
#1161 = CARTESIAN_POINT('',(-0.259414286891,4.859657220947));
#1162 = CARTESIAN_POINT('',(-0.259446833627,4.86325879356));
#1163 = CARTESIAN_POINT('',(-0.259480960865,4.866740793545));
#1164 = CARTESIAN_POINT('',(-0.259516426093,4.870111366851));
#1165 = CARTESIAN_POINT('',(-0.259553030942,4.873378173066));
#1166 = CARTESIAN_POINT('',(-0.259590617981,4.87654864225));
#1167 = CARTESIAN_POINT('',(-0.259629067506,4.879630231751));
#1168 = CARTESIAN_POINT('',(-0.259719880639,4.886576507599));
#1169 = CARTESIAN_POINT('',(-0.259772779993,4.890379701797));
#1170 = CARTESIAN_POINT('',(-0.259826777693,4.894055747751));
#1171 = CARTESIAN_POINT('',(-0.259881701669,4.89761722044));
#1172 = CARTESIAN_POINT('',(-0.259937416817,4.901074463193));
#1173 = CARTESIAN_POINT('',(-0.259993819338,4.904436263196));
#1174 = CARTESIAN_POINT('',(-0.260050831072,4.90771052699));
#1175 = CARTESIAN_POINT('',(-0.260265488871,4.919622900935));
#1176 = CARTESIAN_POINT('',(-0.260426537477,4.92773720799));
#1177 = CARTESIAN_POINT('',(-0.260590343177,4.935396853275));
#1178 = CARTESIAN_POINT('',(-0.260756210879,4.942679167174));
#1179 = CARTESIAN_POINT('',(-0.260923656096,4.949640984433));
#1180 = CARTESIAN_POINT('',(-0.261092347063,4.95632955529));
#1181 = CARTESIAN_POINT('',(-0.261262122642,4.962779770464));
#1182 = CARTESIAN_POINT('',(-0.261755396272,4.980813288892));
#1183 = CARTESIAN_POINT('',(-0.26208109621,4.991852597644));
#1184 = CARTESIAN_POINT('',(-0.262409053548,5.002334814714));
#1185 = CARTESIAN_POINT('',(-0.26273870983,5.012360464374));
#1186 = CARTESIAN_POINT('',(-0.263069677732,5.022001966237));
#1187 = CARTESIAN_POINT('',(-0.26340168952,5.031317797646));
#1188 = CARTESIAN_POINT('',(-0.26373460984,5.040349546799));
#1189 = CARTESIAN_POINT('',(-0.264756744471,5.067252538758));
#1190 = CARTESIAN_POINT('',(-0.265448334802,5.084310362265));
#1191 = CARTESIAN_POINT('',(-0.266142105525,5.100610500903));
#1192 = CARTESIAN_POINT('',(-0.266837487384,5.116303050277));
#1193 = CARTESIAN_POINT('',(-0.267534090145,5.131494463924));
#1194 = CARTESIAN_POINT('',(-0.268231643834,5.146270003709));
#1195 = CARTESIAN_POINT('',(-0.268930018441,5.160687239779));
#1196 = CARTESIAN_POINT('',(-0.27127993694,5.208115327673));
#1197 = CARTESIAN_POINT('',(-0.272934449494,5.239711360664));
#1198 = CARTESIAN_POINT('',(-0.274591141728,5.270223887665));
#1199 = CARTESIAN_POINT('',(-0.276249328011,5.299899342032));
#1200 = CARTESIAN_POINT('',(-0.277908455543,5.328956305188));
#1201 = CARTESIAN_POINT('',(-0.279568253068,5.357516317137));
#1202 = CARTESIAN_POINT('',(-0.281228547277,5.385690040549));
#1203 = CARTESIAN_POINT('',(-0.284712106246,5.444146050014));
#1204 = CARTESIAN_POINT('',(-0.28653531379,5.474363790918));
#1205 = CARTESIAN_POINT('',(-0.288358733382,5.504317897696));
#1206 = CARTESIAN_POINT('',(-0.290182221893,5.534084469561));
#1207 = CARTESIAN_POINT('',(-0.292005671468,5.563721936667));
#1208 = CARTESIAN_POINT('',(-0.29382899719,5.593279175807));
#1209 = CARTESIAN_POINT('',(-0.295652131547,5.622799346976));
#1210 = CARTESIAN_POINT('',(-0.299753526611,5.689217689034));
#1211 = CARTESIAN_POINT('',(-0.302031633169,5.726115751512));
#1212 = CARTESIAN_POINT('',(-0.304309237577,5.763086751033));
#1213 = CARTESIAN_POINT('',(-0.306586245447,5.800192511631));
#1214 = CARTESIAN_POINT('',(-0.308862569487,5.83748886887));
#1215 = CARTESIAN_POINT('',(-0.311138125607,5.875029492551));
#1216 = CARTESIAN_POINT('',(-0.313412831454,5.912868231832));
#1217 = CARTESIAN_POINT('',(-0.315686607368,5.951059982746));
#1218 = ( GEOMETRIC_REPRESENTATION_CONTEXT(2) 
PARAMETRIC_REPRESENTATION_CONTEXT() REPRESENTATION_CONTEXT('2D SPACE',''
  ) );
#1219 = ORIENTED_EDGE('',*,*,#704,.T.);
#1220 = ORIENTED_EDGE('',*,*,#1221,.F.);
#1221 = EDGE_CURVE('',#1222,#707,#1224,.T.);
#1222 = VERTEX_POINT('',#1223);
#1223 = CARTESIAN_POINT('',(3.90790188181,8.95,-25.58965602829));
#1224 = SURFACE_CURVE('',#1225,(#1294,#1366),.PCURVE_S1.);
#1225 = B_SPLINE_CURVE_WITH_KNOTS('',7,(#1226,#1227,#1228,#1229,#1230,
    #1231,#1232,#1233,#1234,#1235,#1236,#1237,#1238,#1239,#1240,#1241,
    #1242,#1243,#1244,#1245,#1246,#1247,#1248,#1249,#1250,#1251,#1252,
    #1253,#1254,#1255,#1256,#1257,#1258,#1259,#1260,#1261,#1262,#1263,
    #1264,#1265,#1266,#1267,#1268,#1269,#1270,#1271,#1272,#1273,#1274,
    #1275,#1276,#1277,#1278,#1279,#1280,#1281,#1282,#1283,#1284,#1285,
    #1286,#1287,#1288,#1289,#1290,#1291,#1292,#1293),.UNSPECIFIED.,.F.,
  .F.,(8,6,6,6,6,6,6,6,6,6,6,8),(0.,0.35986302591,0.553372796122,
    0.735760794017,0.842955566399,0.90445500872,0.938953693738,
    0.957874050735,0.968643895179,0.976333271622,0.981061856873,1.),
  .UNSPECIFIED.);
#1226 = CARTESIAN_POINT('',(3.137999651894,8.407732270129,
    -31.45856614296));
#1227 = CARTESIAN_POINT('',(3.17624366827,8.450583815309,-31.11293560266
    ));
#1228 = CARTESIAN_POINT('',(3.215642477861,8.491974642294,
    -30.76710444735));
#1229 = CARTESIAN_POINT('',(3.25600434447,8.531879076105,-30.42109100923
    ));
#1230 = CARTESIAN_POINT('',(3.297184496454,8.57027739342,-30.07491541834
    ));
#1231 = CARTESIAN_POINT('',(3.339072139691,8.607154212719,
    -29.72859909661));
#1232 = CARTESIAN_POINT('',(3.381596438217,8.642498727658,
    -29.38216899491));
#1233 = CARTESIAN_POINT('',(3.447957288746,8.694486448361,
    -28.84934122399));
#1234 = CARTESIAN_POINT('',(3.471345216201,8.712221770866,
    -28.66299537831));
#1235 = CARTESIAN_POINT('',(3.494915455705,8.729512209034,
    -28.47663588507));
#1236 = CARTESIAN_POINT('',(3.518671939583,8.746357588473,
    -28.29027067768));
#1237 = CARTESIAN_POINT('',(3.542626609588,8.762758490925,
    -28.10391021839));
#1238 = CARTESIAN_POINT('',(3.566803704792,8.778716642662,
    -27.91756894258));
#1239 = CARTESIAN_POINT('',(3.61427971085,8.808862044251,-27.55567199052
    ));
#1240 = CARTESIAN_POINT('',(3.637549666644,8.823098212682,
    -27.38011482766));
#1241 = CARTESIAN_POINT('',(3.66108720547,8.836946698648,-27.20460836025
    ));
#1242 = CARTESIAN_POINT('',(3.68494865844,8.850412210981,-27.02917674995
    ));
#1243 = CARTESIAN_POINT('',(3.70920420121,8.863500563879,-26.85385177312
    ));
#1244 = CARTESIAN_POINT('',(3.733966681717,8.876221295215,
    -26.67868288371));
#1245 = CARTESIAN_POINT('',(3.774440746938,8.895865191783,-26.4009538692
    ));
#1246 = CARTESIAN_POINT('',(3.789674270184,8.903016040646,
    -26.29823775898));
#1247 = CARTESIAN_POINT('',(3.805206451057,8.910050580772,
    -26.19562630482));
#1248 = CARTESIAN_POINT('',(3.821095500189,8.916973801709,
    -26.09314371728));
#1249 = CARTESIAN_POINT('',(3.837429924306,8.923792985473,
    -25.99083275345));
#1250 = CARTESIAN_POINT('',(3.854320281902,8.930517131367,
    -25.88875101358));
#1251 = CARTESIAN_POINT('',(3.882143523457,8.940979943872,
    -25.72864279631));
#1252 = CARTESIAN_POINT('',(3.892544995365,8.944768755495,
    -25.67039568585));
#1253 = CARTESIAN_POINT('',(3.903251234087,8.948536359961,
    -25.61228415381));
#1254 = CARTESIAN_POINT('',(3.914317356992,8.952287257885,
    -25.55433614896));
#1255 = CARTESIAN_POINT('',(3.925828036329,8.956027862312,
    -25.49660564634));
#1256 = CARTESIAN_POINT('',(3.937884598168,8.959765596656,
    -25.43916530773));
#1257 = CARTESIAN_POINT('',(3.957909290163,8.965622341985,
    -25.35018568936));
#1258 = CARTESIAN_POINT('',(3.965344913706,8.967730557601,-25.3183619464
    ));
#1259 = CARTESIAN_POINT('',(3.973063812346,8.969846293823,
    -25.28670349023));
#1260 = CARTESIAN_POINT('',(3.981115461281,8.971973232586,
    -25.25524391834));
#1261 = CARTESIAN_POINT('',(3.989576586471,8.974116282034,
    -25.22405453262));
#1262 = CARTESIAN_POINT('',(3.998533936603,8.976280480604,
    -25.19323073421));
#1263 = CARTESIAN_POINT('',(4.013492980888,8.979684762768,
    -25.14637465408));
#1264 = CARTESIAN_POINT('',(4.018996019648,8.98089929534,-25.1299695324)
  );
#1265 = CARTESIAN_POINT('',(4.02474420667,8.982126207353,-25.11376854697
    ));
#1266 = CARTESIAN_POINT('',(4.030780107916,8.983368060212,
    -25.09781576794));
#1267 = CARTESIAN_POINT('',(4.037163761555,8.984627232799,
    -25.08220443346));
#1268 = CARTESIAN_POINT('',(4.04396011041,8.985905353069,-25.06706134464
    ));
#1269 = CARTESIAN_POINT('',(4.055507110215,8.987949300945,
    -25.04442028187));
#1270 = CARTESIAN_POINT('',(4.059867897907,8.988696867989,
    -25.03645875007));
#1271 = CARTESIAN_POINT('',(4.064435126937,8.989452973079,
    -25.02877595662));
#1272 = CARTESIAN_POINT('',(4.069240232404,8.990217987323,
    -25.02144346321));
#1273 = CARTESIAN_POINT('',(4.074311721718,8.990990331762,-25.0145761517
    ));
#1274 = CARTESIAN_POINT('',(4.079677658809,8.991766561267,
    -25.00833692482));
#1275 = CARTESIAN_POINT('',(4.089435505185,8.993094715685,-24.999098592)
  );
#1276 = CARTESIAN_POINT('',(4.093669546535,8.99364763695,-24.99568079176
    ));
#1277 = CARTESIAN_POINT('',(4.098068410408,8.994196017129,
    -24.99279134755));
#1278 = CARTESIAN_POINT('',(4.102615328596,8.99473392976,-24.99054158724
    ));
#1279 = CARTESIAN_POINT('',(4.107279114215,8.9952540377,-24.98904239355)
  );
#1280 = CARTESIAN_POINT('',(4.112008820442,8.995748321489,
    -24.98837133098));
#1281 = CARTESIAN_POINT('',(4.119625534758,8.996492660075,
    -24.98861277762));
#1282 = CARTESIAN_POINT('',(4.122522047393,8.996763588396,
    -24.98901510632));
#1283 = CARTESIAN_POINT('',(4.125397325469,8.997020342733,-24.9897264233
    ));
#1284 = CARTESIAN_POINT('',(4.128237419056,8.997262016125,
    -24.99073439125));
#1285 = CARTESIAN_POINT('',(4.13103145541,8.997488297078,-24.9920190875)
  );
#1286 = CARTESIAN_POINT('',(4.133771256654,8.997699303359,
    -24.99355635507));
#1287 = CARTESIAN_POINT('',(4.147183249289,8.998680852673,
    -25.00238923172));
#1288 = CARTESIAN_POINT('',(4.156778501687,8.999214812354,
    -25.01299090644));
#1289 = CARTESIAN_POINT('',(4.165446163135,8.999574590996,
    -25.02565073606));
#1290 = CARTESIAN_POINT('',(4.173294018307,8.999803584976,
    -25.03950259115));
#1291 = CARTESIAN_POINT('',(4.180469958143,8.999938306809,
    -25.05398574767));
#1292 = CARTESIAN_POINT('',(4.187128300149,9.,-25.0689445443));
#1293 = CARTESIAN_POINT('',(4.19345570063,9.,-25.0845452783));
#1294 = PCURVE('',#723,#1295);
#1295 = DEFINITIONAL_REPRESENTATION('',(#1296),#1365);
#1296 = B_SPLINE_CURVE_WITH_KNOTS('',7,(#1297,#1298,#1299,#1300,#1301,
    #1302,#1303,#1304,#1305,#1306,#1307,#1308,#1309,#1310,#1311,#1312,
    #1313,#1314,#1315,#1316,#1317,#1318,#1319,#1320,#1321,#1322,#1323,
    #1324,#1325,#1326,#1327,#1328,#1329,#1330,#1331,#1332,#1333,#1334,
    #1335,#1336,#1337,#1338,#1339,#1340,#1341,#1342,#1343,#1344,#1345,
    #1346,#1347,#1348,#1349,#1350,#1351,#1352,#1353,#1354,#1355,#1356,
    #1357,#1358,#1359,#1360,#1361,#1362,#1363,#1364),.UNSPECIFIED.,.F.,
  .F.,(8,6,6,6,6,6,6,6,6,6,6,8),(0.,0.35986302591,0.553372796122,
    0.735760794017,0.842955566399,0.90445500872,0.938953693738,
    0.957874050735,0.968643895179,0.976333271622,0.981061856873,1.),
  .UNSPECIFIED.);
#1297 = CARTESIAN_POINT('',(1.680963282826,-0.110610537963));
#1298 = CARTESIAN_POINT('',(1.680485658984,-0.106746585584));
#1299 = CARTESIAN_POINT('',(1.679997477145,-0.102882325004));
#1300 = CARTESIAN_POINT('',(1.679500883258,-9.901786751404E-02));
#1301 = CARTESIAN_POINT('',(1.67899748554,-9.515334396992E-02));
#1302 = CARTESIAN_POINT('',(1.678488503881,-9.128889928181E-02));
#1303 = CARTESIAN_POINT('',(1.677974706095,-8.742473958548E-02));
#1304 = CARTESIAN_POINT('',(1.6771772767,-8.148370149745E-02));
#1305 = CARTESIAN_POINT('',(1.676897044162,-7.940636412223E-02));
#1306 = CARTESIAN_POINT('',(1.676615426771,-7.732928153484E-02));
#1307 = CARTESIAN_POINT('',(1.676332376063,-7.525252735297E-02));
#1308 = CARTESIAN_POINT('',(1.676047753917,-7.317620329344E-02));
#1309 = CARTESIAN_POINT('',(1.675761284762,-7.110045522017E-02));
#1310 = CARTESIAN_POINT('',(1.67520032795,-6.706977967351E-02));
#1311 = CARTESIAN_POINT('',(1.674926093314,-6.511479686601E-02));
#1312 = CARTESIAN_POINT('',(1.674649427705,-6.316067457137E-02));
#1313 = CARTESIAN_POINT('',(1.674369698009,-6.120766912853E-02));
#1314 = CARTESIAN_POINT('',(1.674086116728,-5.92561215373E-02));
#1315 = CARTESIAN_POINT('',(1.673797420228,-5.730656927744E-02));
#1316 = CARTESIAN_POINT('',(1.673326979922,-5.421595660044E-02));
#1317 = CARTESIAN_POINT('',(1.673150219449,-5.307299999892E-02));
#1318 = CARTESIAN_POINT('',(1.672970310971,-5.193128990765E-02));
#1319 = CARTESIAN_POINT('',(1.672786604112,-5.079109297413E-02));
#1320 = CARTESIAN_POINT('',(1.672598110838,-4.965288206752E-02));
#1321 = CARTESIAN_POINT('',(1.672403597311,-4.851729505387E-02));
#1322 = CARTESIAN_POINT('',(1.672083911037,-4.673631573554E-02));
#1323 = CARTESIAN_POINT('',(1.671964545607,-4.608842166342E-02));
#1324 = CARTESIAN_POINT('',(1.671841839834,-4.544205840567E-02));
#1325 = CARTESIAN_POINT('',(1.67171517886,-4.479753621346E-02));
#1326 = CARTESIAN_POINT('',(1.671583618763,-4.415545473279E-02));
#1327 = CARTESIAN_POINT('',(1.671446030285,-4.351662135461E-02));
#1328 = CARTESIAN_POINT('',(1.671217917508,-4.2527049194E-02));
#1329 = CARTESIAN_POINT('',(1.6711332912,-4.217313301286E-02));
#1330 = CARTESIAN_POINT('',(1.671045525013,-4.182106118823E-02));
#1331 = CARTESIAN_POINT('',(1.670954067515,-4.1471207182E-02));
#1332 = CARTESIAN_POINT('',(1.670858064433,-4.112436370354E-02));
#1333 = CARTESIAN_POINT('',(1.670756550476,-4.078159139667E-02));
#1334 = CARTESIAN_POINT('',(1.670587257697,-4.026054217464E-02));
#1335 = CARTESIAN_POINT('',(1.6705250223,-4.007811546464E-02));
#1336 = CARTESIAN_POINT('',(1.670460061744,-3.989796032202E-02));
#1337 = CARTESIAN_POINT('',(1.670391902263,-3.972056673652E-02));
#1338 = CARTESIAN_POINT('',(1.670319876974,-3.954697141008E-02));
#1339 = CARTESIAN_POINT('',(1.670243265561,-3.937858421163E-02));
#1340 = CARTESIAN_POINT('',(1.670113245533,-3.912682326028E-02));
#1341 = CARTESIAN_POINT('',(1.670064170002,-3.903829410439E-02));
#1342 = CARTESIAN_POINT('',(1.670012801218,-3.895286476269E-02));
#1343 = CARTESIAN_POINT('',(1.669958790954,-3.887133092925E-02));
#1344 = CARTESIAN_POINT('',(1.669901825522,-3.879496997736E-02));
#1345 = CARTESIAN_POINT('',(1.669841598167,-3.872559321859E-02));
#1346 = CARTESIAN_POINT('',(1.669732168231,-3.862286829708E-02));
#1347 = CARTESIAN_POINT('',(1.669684711195,-3.858486441621E-02));
#1348 = CARTESIAN_POINT('',(1.66963543554,-3.855273559911E-02));
#1349 = CARTESIAN_POINT('',(1.66958453328,-3.852771970499E-02));
#1350 = CARTESIAN_POINT('',(1.66953235749,-3.851104964403E-02));
#1351 = CARTESIAN_POINT('',(1.669479480614,-3.850358786189E-02));
#1352 = CARTESIAN_POINT('',(1.66939438429,-3.850627259237E-02));
#1353 = CARTESIAN_POINT('',(1.669362036822,-3.851074622735E-02));
#1354 = CARTESIAN_POINT('',(1.669329939819,-3.851865561269E-02));
#1355 = CARTESIAN_POINT('',(1.669298248617,-3.852986356911E-02));
#1356 = CARTESIAN_POINT('',(1.669267083853,-3.854414857545E-02));
#1357 = CARTESIAN_POINT('',(1.669236535876,-3.856124202894E-02));
#1358 = CARTESIAN_POINT('',(1.669087051983,-3.865945819037E-02));
#1359 = CARTESIAN_POINT('',(1.668980290699,-3.877734257672E-02));
#1360 = CARTESIAN_POINT('',(1.668883982598,-3.891811316709E-02));
#1361 = CARTESIAN_POINT('',(1.668796887659,-3.907213963535E-02));
#1362 = CARTESIAN_POINT('',(1.668717329665,-3.923318711539E-02));
#1363 = CARTESIAN_POINT('',(1.668643577915,-3.939952480571E-02));
#1364 = CARTESIAN_POINT('',(1.668573554445,-3.957300211152E-02));
#1365 = ( GEOMETRIC_REPRESENTATION_CONTEXT(2) 
PARAMETRIC_REPRESENTATION_CONTEXT() REPRESENTATION_CONTEXT('2D SPACE',''
  ) );
#1366 = PCURVE('',#151,#1367);
#1367 = DEFINITIONAL_REPRESENTATION('',(#1368),#1437);
#1368 = B_SPLINE_CURVE_WITH_KNOTS('',7,(#1369,#1370,#1371,#1372,#1373,
    #1374,#1375,#1376,#1377,#1378,#1379,#1380,#1381,#1382,#1383,#1384,
    #1385,#1386,#1387,#1388,#1389,#1390,#1391,#1392,#1393,#1394,#1395,
    #1396,#1397,#1398,#1399,#1400,#1401,#1402,#1403,#1404,#1405,#1406,
    #1407,#1408,#1409,#1410,#1411,#1412,#1413,#1414,#1415,#1416,#1417,
    #1418,#1419,#1420,#1421,#1422,#1423,#1424,#1425,#1426,#1427,#1428,
    #1429,#1430,#1431,#1432,#1433,#1434,#1435,#1436),.UNSPECIFIED.,.F.,
  .F.,(8,6,6,6,6,6,6,6,6,6,6,8),(0.,0.35986302591,0.553372796122,
    0.735760794017,0.842955566399,0.90445500872,0.938953693738,
    0.957874050735,0.968643895179,0.976333271622,0.981061856873,1.),
  .UNSPECIFIED.);
#1369 = CARTESIAN_POINT('',(-0.32834169917,3.404268235247));
#1370 = CARTESIAN_POINT('',(-0.324778188501,3.459735258854));
#1371 = CARTESIAN_POINT('',(-0.321212698293,3.51427708017));
#1372 = CARTESIAN_POINT('',(-0.31764588852,3.568079484752));
#1373 = CARTESIAN_POINT('',(-0.314078357346,3.62131265299));
#1374 = CARTESIAN_POINT('',(-0.310510655193,3.674139164666));
#1375 = CARTESIAN_POINT('',(-0.306943341993,3.726736710981));
#1376 = CARTESIAN_POINT('',(-0.301459399476,3.807619559793));
#1377 = CARTESIAN_POINT('',(-0.29954202176,3.835903635076));
#1378 = CARTESIAN_POINT('',(-0.297625062676,3.864224932012));
#1379 = CARTESIAN_POINT('',(-0.295708638367,3.892623017869));
#1380 = CARTESIAN_POINT('',(-0.293792887944,3.921145426955));
#1381 = CARTESIAN_POINT('',(-0.291877988516,3.949853252525));
#1382 = CARTESIAN_POINT('',(-0.288160346622,4.00613500393));
#1383 = CARTESIAN_POINT('',(-0.286357512899,4.033679827074));
#1384 = CARTESIAN_POINT('',(-0.284555826118,4.061527234709));
#1385 = CARTESIAN_POINT('',(-0.282755553759,4.089770742945));
#1386 = CARTESIAN_POINT('',(-0.280957039912,4.118520010787));
#1387 = CARTESIAN_POINT('',(-0.279160807064,4.147936796338));
#1388 = CARTESIAN_POINT('',(-0.276313986829,4.196174266596));
#1389 = CARTESIAN_POINT('',(-0.275261348861,4.214362731202));
#1390 = CARTESIAN_POINT('',(-0.274210023632,4.232946710578));
#1391 = CARTESIAN_POINT('',(-0.273160260437,4.25200266624));
#1392 = CARTESIAN_POINT('',(-0.272112496253,4.271644791533));
#1393 = CARTESIAN_POINT('',(-0.271067319012,4.29201457235));
#1394 = CARTESIAN_POINT('',(-0.269428388669,4.325680407314));
#1395 = CARTESIAN_POINT('',(-0.268832223722,4.338288254493));
#1396 = CARTESIAN_POINT('',(-0.268237519446,4.35128941933));
#1397 = CARTESIAN_POINT('',(-0.267644558879,4.364753344859));
#1398 = CARTESIAN_POINT('',(-0.267053888294,4.378786536687));
#1399 = CARTESIAN_POINT('',(-0.266466243764,4.393516258919));
#1400 = CARTESIAN_POINT('',(-0.265555993065,4.4180386791));
#1401 = CARTESIAN_POINT('',(-0.26523045164,4.427155375571));
#1402 = CARTESIAN_POINT('',(-0.264906608809,4.436631165927));
#1403 = CARTESIAN_POINT('',(-0.264584803601,4.446528119464));
#1404 = CARTESIAN_POINT('',(-0.264265756882,4.456942668013));
#1405 = CARTESIAN_POINT('',(-0.263950434513,4.467983828361));
#1406 = CARTESIAN_POINT('',(-0.263471039332,4.48645417333));
#1407 = CARTESIAN_POINT('',(-0.263303181916,4.493254558445));
#1408 = CARTESIAN_POINT('',(-0.263137395641,4.500364064326));
#1409 = CARTESIAN_POINT('',(-0.262974125734,4.507836264753));
#1410 = CARTESIAN_POINT('',(-0.262814316586,4.515746983476));
#1411 = CARTESIAN_POINT('',(-0.262659254046,4.524178357701));
#1412 = CARTESIAN_POINT('',(-0.262427292876,4.538522732118));
#1413 = CARTESIAN_POINT('',(-0.262345699583,4.543943678493));
#1414 = CARTESIAN_POINT('',(-0.262266930509,4.549625400343));
#1415 = CARTESIAN_POINT('',(-0.262191711279,4.555607835823));
#1416 = CARTESIAN_POINT('',(-0.262121208963,4.561927553773));
#1417 = CARTESIAN_POINT('',(-0.262057079232,4.568620977492));
#1418 = CARTESIAN_POINT('',(-0.261961936384,4.580807401076));
#1419 = CARTESIAN_POINT('',(-0.261926673136,4.586099313454));
#1420 = CARTESIAN_POINT('',(-0.26189677566,4.591601916524));
#1421 = CARTESIAN_POINT('',(-0.261873378684,4.597295086763));
#1422 = CARTESIAN_POINT('',(-0.261857613286,4.603140720183));
#1423 = CARTESIAN_POINT('',(-0.261850272896,4.609075760222));
#1424 = CARTESIAN_POINT('',(-0.261851911207,4.618644653288));
#1425 = CARTESIAN_POINT('',(-0.261855695239,4.622286156194));
#1426 = CARTESIAN_POINT('',(-0.261862626665,4.625903664865));
#1427 = CARTESIAN_POINT('',(-0.261872581017,4.629479638555));
#1428 = CARTESIAN_POINT('',(-0.261885356319,4.633000333642));
#1429 = CARTESIAN_POINT('',(-0.261900707277,4.636455344325));
#1430 = CARTESIAN_POINT('',(-0.261989157091,4.65338136217));
#1431 = CARTESIAN_POINT('',(-0.262096005001,4.665532893119));
#1432 = CARTESIAN_POINT('',(-0.262223870051,4.676545640272));
#1433 = CARTESIAN_POINT('',(-0.262363926946,4.686548185719));
#1434 = CARTESIAN_POINT('',(-0.262510456457,4.695720692223));
#1435 = CARTESIAN_POINT('',(-0.262661860238,4.704255241));
#1436 = CARTESIAN_POINT('',(-0.26281980825,4.712388980385));
#1437 = ( GEOMETRIC_REPRESENTATION_CONTEXT(2) 
PARAMETRIC_REPRESENTATION_CONTEXT() REPRESENTATION_CONTEXT('2D SPACE',''
  ) );
#1438 = ORIENTED_EDGE('',*,*,#1439,.F.);
#1439 = EDGE_CURVE('',#1440,#1222,#1442,.T.);
#1440 = VERTEX_POINT('',#1441);
#1441 = CARTESIAN_POINT('',(3.733038191995,8.95,-17.87293008963));
#1442 = SURFACE_CURVE('',#1443,(#1448,#1496),.PCURVE_S1.);
#1443 = CIRCLE('',#1444,9.93466154431);
#1444 = AXIS2_PLACEMENT_3D('',#1445,#1446,#1447);
#1445 = CARTESIAN_POINT('',(12.972512480856,8.95,-21.52390459865));
#1446 = DIRECTION('',(0.,-1.,-0.));
#1447 = DIRECTION('',(0.,0.,-1.));
#1448 = PCURVE('',#723,#1449);
#1449 = DEFINITIONAL_REPRESENTATION('',(#1450),#1495);
#1450 = B_SPLINE_CURVE_WITH_KNOTS('',8,(#1451,#1452,#1453,#1454,#1455,
    #1456,#1457,#1458,#1459,#1460,#1461,#1462,#1463,#1464,#1465,#1466,
    #1467,#1468,#1469,#1470,#1471,#1472,#1473,#1474,#1475,#1476,#1477,
    #1478,#1479,#1480,#1481,#1482,#1483,#1484,#1485,#1486,#1487,#1488,
    #1489,#1490,#1491,#1492,#1493,#1494),.UNSPECIFIED.,.F.,.F.,(9,7,7,7,
    7,7,9),(0.,0.785398163397,2.159844949343,3.190680038802,
    3.963806355897,5.123495831538,6.28318530718),.UNSPECIFIED.);
#1451 = CARTESIAN_POINT('',(1.570796326795,-0.110610537963));
#1452 = CARTESIAN_POINT('',(1.559892658641,-0.110610537963));
#1453 = CARTESIAN_POINT('',(1.548988993509,-0.109387148189));
#1454 = CARTESIAN_POINT('',(1.538249403152,-0.106940376204));
#1455 = CARTESIAN_POINT('',(1.527838036882,-0.103296283929));
#1456 = CARTESIAN_POINT('',(1.517912724988,-9.850708816173E-02));
#1457 = CARTESIAN_POINT('',(1.508619085082,-9.264920374418E-02));
#1458 = CARTESIAN_POINT('',(1.500085981054,-8.581993830116E-02));
#1459 = CARTESIAN_POINT('',(1.479013290112,-6.468236339514E-02));
#1460 = CARTESIAN_POINT('',(1.468268714169,-4.860624858429E-02));
#1461 = CARTESIAN_POINT('',(1.460777527555,-3.051744907629E-02));
#1462 = CARTESIAN_POINT('',(1.456948613506,-1.118794511342E-02));
#1463 = CARTESIAN_POINT('',(1.456965824045,8.516961726028E-03));
#1464 = CARTESIAN_POINT('',(1.4608006036,2.771324198636E-02));
#1465 = CARTESIAN_POINT('',(1.468199849126,4.556679757767E-02));
#1466 = CARTESIAN_POINT('',(1.486594849761,7.321399810194E-02));
#1467 = CARTESIAN_POINT('',(1.496229027098,8.390676698859E-02));
#1468 = CARTESIAN_POINT('',(1.50742301749,9.314287735322E-02));
#1469 = CARTESIAN_POINT('',(1.519923020902,0.100660056685));
#1470 = CARTESIAN_POINT('',(1.533418329847,0.106250409271));
#1471 = CARTESIAN_POINT('',(1.547553162954,0.109776310595));
#1472 = CARTESIAN_POINT('',(1.561952516103,0.111178957905));
#1473 = CARTESIAN_POINT('',(1.586965968997,0.109950107515));
#1474 = CARTESIAN_POINT('',(1.597626420098,0.108239480776));
#1475 = CARTESIAN_POINT('',(1.608071000151,0.105352654422));
#1476 = CARTESIAN_POINT('',(1.618144813551,0.101321836433));
#1477 = CARTESIAN_POINT('',(1.627700239455,9.620343288712E-02));
#1478 = CARTESIAN_POINT('',(1.636602147605,9.00759887542E-02));
#1479 = CARTESIAN_POINT('',(1.644731804941,8.303697346489E-02));
#1480 = CARTESIAN_POINT('',(1.662874411099,6.34422455838E-02));
#1481 = CARTESIAN_POINT('',(1.671796594088,4.988794204937E-02));
#1482 = CARTESIAN_POINT('',(1.678416769654,3.491650486858E-02));
#1483 = CARTESIAN_POINT('',(1.682489494906,1.898552706816E-02));
#1484 = CARTESIAN_POINT('',(1.68388011302,2.601485940405E-03));
#1485 = CARTESIAN_POINT('',(1.682563103011,-1.371216968999E-02));
#1486 = CARTESIAN_POINT('',(1.678624567174,-2.944430115787E-02));
#1487 = CARTESIAN_POINT('',(1.665888720222,-5.880947420372E-02));
#1488 = CARTESIAN_POINT('',(1.657091410001,-7.24425170384E-02));
#1489 = CARTESIAN_POINT('',(1.646056798965,-8.455792890805E-02));
#1490 = CARTESIAN_POINT('',(1.633083103273,-9.47307889693E-02));
#1491 = CARTESIAN_POINT('',(1.618567920092,-0.102608734923));
#1492 = CARTESIAN_POINT('',(1.602996220529,-0.107943256223));
#1493 = CARTESIAN_POINT('',(1.586896274303,-0.110610537963));
#1494 = CARTESIAN_POINT('',(1.570796326795,-0.110610537963));
#1495 = ( GEOMETRIC_REPRESENTATION_CONTEXT(2) 
PARAMETRIC_REPRESENTATION_CONTEXT() REPRESENTATION_CONTEXT('2D SPACE',''
  ) );
#1496 = PCURVE('',#1497,#1502);
#1497 = PLANE('',#1498);
#1498 = AXIS2_PLACEMENT_3D('',#1499,#1500,#1501);
#1499 = CARTESIAN_POINT('',(-94.10250594613,8.95,-23.95026170372));
#1500 = DIRECTION('',(0.,1.,0.));
#1501 = DIRECTION('',(0.966513377368,-0.,0.256616233641));
#1502 = DEFINITIONAL_REPRESENTATION('',(#1503),#1511);
#1503 = ( BOUNDED_CURVE() B_SPLINE_CURVE(2,(#1504,#1505,#1506,#1507,
#1508,#1509,#1510),.UNSPECIFIED.,.T.,.F.) B_SPLINE_CURVE_WITH_KNOTS((1,2
    ,2,2,2,1),(-2.094395102393,0.,2.094395102393,4.188790204786,
6.28318530718,8.377580409573),.UNSPECIFIED.) CURVE() 
GEOMETRIC_REPRESENTATION_ITEM() RATIONAL_B_SPLINE_CURVE((1.,0.5,1.,0.5,
1.,0.5,1.)) REPRESENTATION_ITEM('') );
#1504 = CARTESIAN_POINT('',(101.56268488542,34.734064627633));
#1505 = CARTESIAN_POINT('',(118.19380778363,39.149747037507));
#1506 = CARTESIAN_POINT('',(113.70233947652,22.538930909265));
#1507 = CARTESIAN_POINT('',(109.21087116941,5.928114781023));
#1508 = CARTESIAN_POINT('',(97.071216578321,18.123248499391));
#1509 = CARTESIAN_POINT('',(84.931561987224,30.318382217758));
#1510 = CARTESIAN_POINT('',(101.56268488542,34.734064627633));
#1511 = ( GEOMETRIC_REPRESENTATION_CONTEXT(2) 
PARAMETRIC_REPRESENTATION_CONTEXT() REPRESENTATION_CONTEXT('2D SPACE',''
  ) );
#1512 = ORIENTED_EDGE('',*,*,#1513,.T.);
#1513 = EDGE_CURVE('',#1440,#1514,#1516,.T.);
#1514 = VERTEX_POINT('',#1515);
#1515 = CARTESIAN_POINT('',(4.041179123746,9.,-18.36458751039));
#1516 = SURFACE_CURVE('',#1517,(#1586,#1658),.PCURVE_S1.);
#1517 = B_SPLINE_CURVE_WITH_KNOTS('',7,(#1518,#1519,#1520,#1521,#1522,
    #1523,#1524,#1525,#1526,#1527,#1528,#1529,#1530,#1531,#1532,#1533,
    #1534,#1535,#1536,#1537,#1538,#1539,#1540,#1541,#1542,#1543,#1544,
    #1545,#1546,#1547,#1548,#1549,#1550,#1551,#1552,#1553,#1554,#1555,
    #1556,#1557,#1558,#1559,#1560,#1561,#1562,#1563,#1564,#1565,#1566,
    #1567,#1568,#1569,#1570,#1571,#1572,#1573,#1574,#1575,#1576,#1577,
    #1578,#1579,#1580,#1581,#1582,#1583,#1584,#1585),.UNSPECIFIED.,.F.,
  .F.,(8,6,6,6,6,6,6,6,6,6,6,8),(0.,0.244801498948,0.473093715438,
    0.688265074487,0.814727589037,0.8872812588,0.92798091565,
    0.950302115319,0.963007787193,0.972079291814,0.977657817354,1.),
  .UNSPECIFIED.);
#1518 = CARTESIAN_POINT('',(2.861620954347,8.529169496763,
    -13.06359424643));
#1519 = CARTESIAN_POINT('',(2.894121306876,8.551703930687,
    -13.26188654587));
#1520 = CARTESIAN_POINT('',(2.926898396798,8.573737841546,
    -13.46021888819));
#1521 = CARTESIAN_POINT('',(2.959929263174,8.595268059761,
    -13.65858812761));
#1522 = CARTESIAN_POINT('',(2.993194872703,8.616291891006,
    -13.85699056336));
#1523 = CARTESIAN_POINT('',(3.026681049512,8.636807189314,
    -14.05542148633));
#1524 = CARTESIAN_POINT('',(3.060379404936,8.656812430181,
    -14.25387472578));
#1525 = CARTESIAN_POINT('',(3.125910334101,8.694486448347,
    -14.63742512613));
#1526 = CARTESIAN_POINT('',(3.157715243659,8.712221770844,
    -14.82252028286));
#1527 = CARTESIAN_POINT('',(3.189702896338,8.729512209008,
    -15.00762081492));
#1528 = CARTESIAN_POINT('',(3.221876861066,8.746357588448,
    -15.19271861893));
#1529 = CARTESIAN_POINT('',(3.254248593421,8.762758490905,
    -15.37780270243));
#1530 = CARTESIAN_POINT('',(3.286841653711,8.77871664265,-15.56285754689
    ));
#1531 = CARTESIAN_POINT('',(3.350661931341,8.808862044242,
    -15.92223248654));
#1532 = CARTESIAN_POINT('',(3.381860290679,8.823098212669,-16.0965553784
    ));
#1533 = CARTESIAN_POINT('',(3.413323662019,8.836946698632,
    -16.27081550605));
#1534 = CARTESIAN_POINT('',(3.445107224191,8.850412210966,
    -16.44498618099));
#1535 = CARTESIAN_POINT('',(3.477279641429,8.863500563867,
    -16.61903248067));
#1536 = CARTESIAN_POINT('',(3.509951405703,8.876221295208,
    -16.79289989022));
#1537 = CARTESIAN_POINT('',(3.562964338023,8.895865191781,
    -17.06851045697));
#1538 = CARTESIAN_POINT('',(3.582835001032,8.903016040642,
    -17.17043109411));
#1539 = CARTESIAN_POINT('',(3.602999274462,8.910050580769,
    -17.27223365422));
#1540 = CARTESIAN_POINT('',(3.623514212511,8.916973801705,
    -17.37389131475));
#1541 = CARTESIAN_POINT('',(3.64446629428,8.923792985471,-17.47535735343
    ));
#1542 = CARTESIAN_POINT('',(3.665963355629,8.930517131365,
    -17.57656922106));
#1543 = CARTESIAN_POINT('',(3.701010529393,8.940979943871,
    -17.73525277291));
#1544 = CARTESIAN_POINT('',(3.714039769337,8.944768755494,
    -17.79296893529));
#1545 = CARTESIAN_POINT('',(3.72736732191,8.94853635996,-17.85053585327)
  );
#1546 = CARTESIAN_POINT('',(3.741046981901,8.952287257883,
    -17.90792311008));
#1547 = CARTESIAN_POINT('',(3.755160889713,8.956027862311,
    -17.96507295066));
#1548 = CARTESIAN_POINT('',(3.769806976021,8.959765596656,
    -18.02190819801));
#1549 = CARTESIAN_POINT('',(3.793841662018,8.965622341984,
    -18.10988941557));
#1550 = CARTESIAN_POINT('',(3.802711187143,8.9677305576,-18.1413436782)
  );
#1551 = CARTESIAN_POINT('',(3.811856209527,8.969846293821,
    -18.17261999205));
#1552 = CARTESIAN_POINT('',(3.821324631708,8.971973232585,
    -18.20368255304));
#1553 = CARTESIAN_POINT('',(3.831189871093,8.974116282033,
    -18.23445665698));
#1554 = CARTESIAN_POINT('',(3.841534265902,8.976280480604,
    -18.26484307115));
#1555 = CARTESIAN_POINT('',(3.858600415626,8.979684762768,
    -18.31097344926));
#1556 = CARTESIAN_POINT('',(3.864840915689,8.980899295339,
    -18.32711245827));
#1557 = CARTESIAN_POINT('',(3.871317065528,8.982126207351,
    -18.34303643597));
#1558 = CARTESIAN_POINT('',(3.878069391159,8.98336806021,-18.35869942934
    ));
#1559 = CARTESIAN_POINT('',(3.885153645664,8.984627232797,
    -18.37400557635));
#1560 = CARTESIAN_POINT('',(3.892628961449,8.985905353068,-18.3888252643
    ));
#1561 = CARTESIAN_POINT('',(3.905189690837,8.987949300945,
    -18.41092003755));
#1562 = CARTESIAN_POINT('',(3.909906639336,8.988696867987,
    -18.41867586469));
#1563 = CARTESIAN_POINT('',(3.91481719114,8.989452973077,-18.42614388833
    ));
#1564 = CARTESIAN_POINT('',(3.91994950752,8.990217987321,-18.43325119632
    ));
#1565 = CARTESIAN_POINT('',(3.92532686277,8.99099033176,-18.43988173338)
  );
#1566 = CARTESIAN_POINT('',(3.930969912942,8.991766561266,
    -18.44587149279));
#1567 = CARTESIAN_POINT('',(3.941136216103,8.993094715684,
    -18.45465833747));
#1568 = CARTESIAN_POINT('',(3.945520728974,8.993647636948,
    -18.45788083828));
#1569 = CARTESIAN_POINT('',(3.950045962015,8.994196017127,
    -18.46056805935));
#1570 = CARTESIAN_POINT('',(3.954690121364,8.994733929758,
    -18.46260954665));
#1571 = CARTESIAN_POINT('',(3.959417029446,8.995254037698,
    -18.46389594396));
#1572 = CARTESIAN_POINT('',(3.96417227826,8.995748321488,-18.46435207416
    ));
#1573 = CARTESIAN_POINT('',(3.971770237452,8.996492660075,
    -18.46376585774));
#1574 = CARTESIAN_POINT('',(3.974645552489,8.996763588396,
    -18.46323273742));
#1575 = CARTESIAN_POINT('',(3.977485658387,8.997020342733,
    -18.46239190785));
#1576 = CARTESIAN_POINT('',(3.980277178382,8.997262016126,
    -18.46125632558));
#1577 = CARTESIAN_POINT('',(3.983010153339,8.997488297079,
    -18.45984638533));
#1578 = CARTESIAN_POINT('',(3.985677508022,8.99769930336,-18.45818658973
    ));
#1579 = CARTESIAN_POINT('',(3.998675627211,8.998680852675,
    -18.44875525075));
#1580 = CARTESIAN_POINT('',(4.007780801846,8.999214812356,
    -18.43772981784));
#1581 = CARTESIAN_POINT('',(4.015866108517,8.999574590997,
    -18.42469036013));
#1582 = CARTESIAN_POINT('',(4.023078454706,8.999803584976,
    -18.41049723564));
#1583 = CARTESIAN_POINT('',(4.029590978911,8.999938306809,
    -18.39570389379));
#1584 = CARTESIAN_POINT('',(4.035564891299,9.,-18.38045884591));
#1585 = CARTESIAN_POINT('',(4.041179123746,9.,-18.36458751039));
#1586 = PCURVE('',#723,#1587);
#1587 = DEFINITIONAL_REPRESENTATION('',(#1588),#1657);
#1588 = B_SPLINE_CURVE_WITH_KNOTS('',7,(#1589,#1590,#1591,#1592,#1593,
    #1594,#1595,#1596,#1597,#1598,#1599,#1600,#1601,#1602,#1603,#1604,
    #1605,#1606,#1607,#1608,#1609,#1610,#1611,#1612,#1613,#1614,#1615,
    #1616,#1617,#1618,#1619,#1620,#1621,#1622,#1623,#1624,#1625,#1626,
    #1627,#1628,#1629,#1630,#1631,#1632,#1633,#1634,#1635,#1636,#1637,
    #1638,#1639,#1640,#1641,#1642,#1643,#1644,#1645,#1646,#1647,#1648,
    #1649,#1650,#1651,#1652,#1653,#1654,#1655,#1656),.UNSPECIFIED.,.F.,
  .F.,(8,6,6,6,6,6,6,6,6,6,6,8),(0.,0.244801498948,0.473093715438,
    0.688265074487,0.814727589037,0.8872812588,0.92798091565,
    0.950302115319,0.963007787193,0.972079291814,0.977657817354,1.),
  .UNSPECIFIED.);
#1589 = CARTESIAN_POINT('',(1.68388011302,9.414244770228E-02));
#1590 = CARTESIAN_POINT('',(1.683491329002,9.192940027265E-02));
#1591 = CARTESIAN_POINT('',(1.683100296087,8.971644545432E-02));
#1592 = CARTESIAN_POINT('',(1.68270726542,8.750360056728E-02));
#1593 = CARTESIAN_POINT('',(1.68231244345,8.529088910989E-02));
#1594 = CARTESIAN_POINT('',(1.68191598169,8.307834579163E-02));
#1595 = CARTESIAN_POINT('',(1.681517966488,8.086602156585E-02));
#1596 = CARTESIAN_POINT('',(1.680745797042,7.659113407782E-02));
#1597 = CARTESIAN_POINT('',(1.680371846407,7.452853451507E-02));
#1598 = CARTESIAN_POINT('',(1.679996551707,7.246625181346E-02));
#1599 = CARTESIAN_POINT('',(1.679619866523,7.040436173431E-02));
#1600 = CARTESIAN_POINT('',(1.679241656169,6.834297214753E-02));
#1601 = CARTESIAN_POINT('',(1.678861650667,6.628224121791E-02));
#1602 = CARTESIAN_POINT('',(1.678119114381,6.228093744783E-02));
#1603 = CARTESIAN_POINT('',(1.677756831327,6.034029792149E-02));
#1604 = CARTESIAN_POINT('',(1.677392177782,5.840062765486E-02));
#1605 = CARTESIAN_POINT('',(1.677024531849,5.646221128238E-02));
#1606 = CARTESIAN_POINT('',(1.676653121246,5.452542497037E-02));
#1607 = CARTESIAN_POINT('',(1.676276706964,5.259086262459E-02));
#1608 = CARTESIAN_POINT('',(1.675667245768,4.952458919623E-02));
#1609 = CARTESIAN_POINT('',(1.675439081394,4.839075916515E-02));
#1610 = CARTESIAN_POINT('',(1.675207833674,4.725831631106E-02));
#1611 = CARTESIAN_POINT('',(1.674972864786,4.612755632802E-02));
#1612 = CARTESIAN_POINT('',(1.674733208947,4.499899613973E-02));
#1613 = CARTESIAN_POINT('',(1.674487662288,4.387332857903E-02));
#1614 = CARTESIAN_POINT('',(1.674087961875,4.210856549549E-02));
#1615 = CARTESIAN_POINT('',(1.67393949327,4.146670896141E-02));
#1616 = CARTESIAN_POINT('',(1.673787758472,4.082653226145E-02));
#1617 = CARTESIAN_POINT('',(1.673632157286,4.01883730446E-02));
#1618 = CARTESIAN_POINT('',(1.673471773892,3.955287289217E-02));
#1619 = CARTESIAN_POINT('',(1.67330551672,3.892088927251E-02));
#1620 = CARTESIAN_POINT('',(1.673033014185,3.794260297539E-02));
#1621 = CARTESIAN_POINT('',(1.672932515913,3.759286028165E-02));
#1622 = CARTESIAN_POINT('',(1.672828964932,3.724510159626E-02));
#1623 = CARTESIAN_POINT('',(1.672721827294,3.689972485514E-02));
#1624 = CARTESIAN_POINT('',(1.67261028548,3.655756046547E-02));
#1625 = CARTESIAN_POINT('',(1.672493423172,3.621971149992E-02));
#1626 = CARTESIAN_POINT('',(1.672300817177,3.570682148175E-02));
#1627 = CARTESIAN_POINT('',(1.672230423026,3.552738499777E-02));
#1628 = CARTESIAN_POINT('',(1.672157409468,3.535034060098E-02));
#1629 = CARTESIAN_POINT('',(1.672081325399,3.517619913607E-02));
#1630 = CARTESIAN_POINT('',(1.672001551497,3.500602630855E-02));
#1631 = CARTESIAN_POINT('',(1.671917431905,3.484126301995E-02));
#1632 = CARTESIAN_POINT('',(1.671776204411,3.45956177949E-02));
#1633 = CARTESIAN_POINT('',(1.671723191846,3.45093903972E-02));
#1634 = CARTESIAN_POINT('',(1.67166802861,3.44263630232E-02));
#1635 = CARTESIAN_POINT('',(1.671610402793,3.434734625314E-02));
#1636 = CARTESIAN_POINT('',(1.671550058715,3.427363030059E-02));
#1637 = CARTESIAN_POINT('',(1.67148677172,3.420703846218E-02));
#1638 = CARTESIAN_POINT('',(1.671372835317,3.410934989674E-02));
#1639 = CARTESIAN_POINT('',(1.671323719301,3.407352350919E-02));
#1640 = CARTESIAN_POINT('',(1.67127305193,3.404364818225E-02));
#1641 = CARTESIAN_POINT('',(1.671221080854,3.402095186325E-02));
#1642 = CARTESIAN_POINT('',(1.671168214374,3.400665029634E-02));
#1643 = CARTESIAN_POINT('',(1.671115063186,3.400157925036E-02));
#1644 = CARTESIAN_POINT('',(1.671030188497,3.400809653409E-02));
#1645 = CARTESIAN_POINT('',(1.670998081113,3.401402352007E-02));
#1646 = CARTESIAN_POINT('',(1.670966378952,3.402337147687E-02));
#1647 = CARTESIAN_POINT('',(1.67093523098,3.403599636352E-02));
#1648 = CARTESIAN_POINT('',(1.670904747696,3.405167144676E-02));
#1649 = CARTESIAN_POINT('',(1.670875007222,3.407012432457E-02));
#1650 = CARTESIAN_POINT('',(1.670730132397,3.417497790449E-02));
#1651 = CARTESIAN_POINT('',(1.670628817478,3.429755421609E-02));
#1652 = CARTESIAN_POINT('',(1.670538976489,3.444252234247E-02));
#1653 = CARTESIAN_POINT('',(1.670458936284,3.460031763096E-02));
#1654 = CARTESIAN_POINT('',(1.670386741223,3.476478709876E-02));
#1655 = CARTESIAN_POINT('',(1.67032058453,3.493427970644E-02));
#1656 = CARTESIAN_POINT('',(1.670258474191,3.511073663257E-02));
#1657 = ( GEOMETRIC_REPRESENTATION_CONTEXT(2) 
PARAMETRIC_REPRESENTATION_CONTEXT() REPRESENTATION_CONTEXT('2D SPACE',''
  ) );
#1658 = PCURVE('',#151,#1659);
#1659 = DEFINITIONAL_REPRESENTATION('',(#1660),#1729);
#1660 = B_SPLINE_CURVE_WITH_KNOTS('',7,(#1661,#1662,#1663,#1664,#1665,
    #1666,#1667,#1668,#1669,#1670,#1671,#1672,#1673,#1674,#1675,#1676,
    #1677,#1678,#1679,#1680,#1681,#1682,#1683,#1684,#1685,#1686,#1687,
    #1688,#1689,#1690,#1691,#1692,#1693,#1694,#1695,#1696,#1697,#1698,
    #1699,#1700,#1701,#1702,#1703,#1704,#1705,#1706,#1707,#1708,#1709,
    #1710,#1711,#1712,#1713,#1714,#1715,#1716,#1717,#1718,#1719,#1720,
    #1721,#1722,#1723,#1724,#1725,#1726,#1727,#1728),.UNSPECIFIED.,.F.,
  .F.,(8,6,6,6,6,6,6,6,6,6,6,8),(0.,0.244801498948,0.473093715438,
    0.688265074487,0.814727589037,0.8872812588,0.92798091565,
    0.950302115319,0.963007787193,0.972079291814,0.977657817354,1.),
  .UNSPECIFIED.);
#1661 = CARTESIAN_POINT('',(-0.139473873413,3.565650058547));
#1662 = CARTESIAN_POINT('',(-0.141530586176,3.5965554882));
#1663 = CARTESIAN_POINT('',(-0.143587523663,3.627277493877));
#1664 = CARTESIAN_POINT('',(-0.145644573543,3.657849363218));
#1665 = CARTESIAN_POINT('',(-0.147701627503,3.68830423216));
#1666 = CARTESIAN_POINT('',(-0.149758575384,3.718676970347));
#1667 = CARTESIAN_POINT('',(-0.15181529932,3.749006066541));
#1668 = CARTESIAN_POINT('',(-0.155789356024,3.807619559771));
#1669 = CARTESIAN_POINT('',(-0.15770673374,3.83590363504));
#1670 = CARTESIAN_POINT('',(-0.159623692823,3.864224931969));
#1671 = CARTESIAN_POINT('',(-0.161540117132,3.892623017826));
#1672 = CARTESIAN_POINT('',(-0.163455867556,3.921145426919));
#1673 = CARTESIAN_POINT('',(-0.165370766985,3.949853252504));
#1674 = CARTESIAN_POINT('',(-0.169088408879,4.006135003914));
#1675 = CARTESIAN_POINT('',(-0.170891242602,4.033679827048));
#1676 = CARTESIAN_POINT('',(-0.172692929382,4.061527234677));
#1677 = CARTESIAN_POINT('',(-0.174493201741,4.089770742913));
#1678 = CARTESIAN_POINT('',(-0.176291715588,4.11852001076));
#1679 = CARTESIAN_POINT('',(-0.178087948437,4.147936796322));
#1680 = CARTESIAN_POINT('',(-0.180934768673,4.196174266591));
#1681 = CARTESIAN_POINT('',(-0.181987406641,4.214362731192));
#1682 = CARTESIAN_POINT('',(-0.183038731869,4.232946710569));
#1683 = CARTESIAN_POINT('',(-0.184088495064,4.252002666228));
#1684 = CARTESIAN_POINT('',(-0.185136259249,4.271644791524));
#1685 = CARTESIAN_POINT('',(-0.186181436489,4.292014572344));
#1686 = CARTESIAN_POINT('',(-0.187820366833,4.325680407312));
#1687 = CARTESIAN_POINT('',(-0.18841653178,4.338288254489));
#1688 = CARTESIAN_POINT('',(-0.189011236056,4.351289419324));
#1689 = CARTESIAN_POINT('',(-0.189604196623,4.364753344854));
#1690 = CARTESIAN_POINT('',(-0.190194867208,4.378786536682));
#1691 = CARTESIAN_POINT('',(-0.190782511738,4.393516258915));
#1692 = CARTESIAN_POINT('',(-0.191692762437,4.418038679098));
#1693 = CARTESIAN_POINT('',(-0.192018303862,4.427155375568));
#1694 = CARTESIAN_POINT('',(-0.192342146693,4.436631165921));
#1695 = CARTESIAN_POINT('',(-0.192663951901,4.44652811946));
#1696 = CARTESIAN_POINT('',(-0.19298299862,4.456942668007));
#1697 = CARTESIAN_POINT('',(-0.193298320989,4.467983828357));
#1698 = CARTESIAN_POINT('',(-0.19377771617,4.486454173327));
#1699 = CARTESIAN_POINT('',(-0.193945573586,4.493254558439));
#1700 = CARTESIAN_POINT('',(-0.194111359861,4.500364064317));
#1701 = CARTESIAN_POINT('',(-0.194274629768,4.507836264745));
#1702 = CARTESIAN_POINT('',(-0.194434438916,4.515746983465));
#1703 = CARTESIAN_POINT('',(-0.194589501456,4.524178357693));
#1704 = CARTESIAN_POINT('',(-0.194821462626,4.538522732112));
#1705 = CARTESIAN_POINT('',(-0.194903055919,4.543943678481));
#1706 = CARTESIAN_POINT('',(-0.194981824993,4.549625400327));
#1707 = CARTESIAN_POINT('',(-0.195057044223,4.555607835804));
#1708 = CARTESIAN_POINT('',(-0.195127546539,4.561927553755));
#1709 = CARTESIAN_POINT('',(-0.19519167627,4.568620977479));
#1710 = CARTESIAN_POINT('',(-0.195286819117,4.580807401065));
#1711 = CARTESIAN_POINT('',(-0.195322082366,4.586099313435));
#1712 = CARTESIAN_POINT('',(-0.195351979842,4.591601916501));
#1713 = CARTESIAN_POINT('',(-0.195375376818,4.59729508674));
#1714 = CARTESIAN_POINT('',(-0.195391142216,4.603140720163));
#1715 = CARTESIAN_POINT('',(-0.195398482606,4.609075760211));
#1716 = CARTESIAN_POINT('',(-0.195396844295,4.618644653288));
#1717 = CARTESIAN_POINT('',(-0.195393060263,4.622286156196));
#1718 = CARTESIAN_POINT('',(-0.195386128837,4.625903664869));
#1719 = CARTESIAN_POINT('',(-0.195376174485,4.629479638561));
#1720 = CARTESIAN_POINT('',(-0.195363399183,4.633000333649));
#1721 = CARTESIAN_POINT('',(-0.195348048225,4.636455344334));
#1722 = CARTESIAN_POINT('',(-0.195259598411,4.653381362208));
#1723 = CARTESIAN_POINT('',(-0.195152750501,4.665532893167));
#1724 = CARTESIAN_POINT('',(-0.19502488545,4.676545640321));
#1725 = CARTESIAN_POINT('',(-0.194884828555,4.686548185759));
#1726 = CARTESIAN_POINT('',(-0.194738299044,4.695720692251));
#1727 = CARTESIAN_POINT('',(-0.194586895263,4.704255241013));
#1728 = CARTESIAN_POINT('',(-0.194428947252,4.712388980385));
#1729 = ( GEOMETRIC_REPRESENTATION_CONTEXT(2) 
PARAMETRIC_REPRESENTATION_CONTEXT() REPRESENTATION_CONTEXT('2D SPACE',''
  ) );
#1730 = ORIENTED_EDGE('',*,*,#1731,.F.);
#1731 = EDGE_CURVE('',#1732,#1514,#1734,.T.);
#1732 = VERTEX_POINT('',#1733);
#1733 = CARTESIAN_POINT('',(21.630124920422,9.,-17.67738060337));
#1734 = SURFACE_CURVE('',#1735,(#1740,#1788),.PCURVE_S1.);
#1735 = CIRCLE('',#1736,9.473647660748);
#1736 = AXIS2_PLACEMENT_3D('',#1737,#1738,#1739);
#1737 = CARTESIAN_POINT('',(12.972512480856,9.,-21.52390459865));
#1738 = DIRECTION('',(0.,-1.,-0.));
#1739 = DIRECTION('',(0.,0.,-1.));
#1740 = PCURVE('',#723,#1741);
#1741 = DEFINITIONAL_REPRESENTATION('',(#1742),#1787);
#1742 = B_SPLINE_CURVE_WITH_KNOTS('',8,(#1743,#1744,#1745,#1746,#1747,
    #1748,#1749,#1750,#1751,#1752,#1753,#1754,#1755,#1756,#1757,#1758,
    #1759,#1760,#1761,#1762,#1763,#1764,#1765,#1766,#1767,#1768,#1769,
    #1770,#1771,#1772,#1773,#1774,#1775,#1776,#1777,#1778,#1779,#1780,
    #1781,#1782,#1783,#1784,#1785,#1786),.UNSPECIFIED.,.T.,.F.,(9,7,7,7,
    7,7,9),(0.,0.785398163397,2.159844949343,3.190680038802,
    3.963806355896,5.123495831538,6.28318530718),.UNSPECIFIED.);
#1743 = CARTESIAN_POINT('',(1.570796326795,-0.105458117022));
#1744 = CARTESIAN_POINT('',(1.560404447642,-0.105458117022));
#1745 = CARTESIAN_POINT('',(1.550012571098,-0.104292149944));
#1746 = CARTESIAN_POINT('',(1.539776724472,-0.101960222603));
#1747 = CARTESIAN_POINT('',(1.529853001993,-9.848709361808E-02));
#1748 = CARTESIAN_POINT('',(1.520391597956,-9.392236351184E-02));
#1749 = CARTESIAN_POINT('',(1.511531273309,-8.833866402927E-02));
#1750 = CARTESIAN_POINT('',(1.503395034425,-8.182857594035E-02));
#1751 = CARTESIAN_POINT('',(1.483300147345,-6.167747971385E-02));
#1752 = CARTESIAN_POINT('',(1.473051328618,-4.635021988967E-02));
#1753 = CARTESIAN_POINT('',(1.465903453976,-2.910217572603E-02));
#1754 = CARTESIAN_POINT('',(1.462248921714,-1.066924945472E-02));
#1755 = CARTESIAN_POINT('',(1.462265653093,8.122305264215E-03));
#1756 = CARTESIAN_POINT('',(1.465925530559,2.642785495782E-02));
#1757 = CARTESIAN_POINT('',(1.472984969061,4.345153240796E-02));
#1758 = CARTESIAN_POINT('',(1.490530157722,6.981126566634E-02));
#1759 = CARTESIAN_POINT('',(1.499718117294,8.000524144173E-02));
#1760 = CARTESIAN_POINT('',(1.510391935226,8.880960796529E-02));
#1761 = CARTESIAN_POINT('',(1.522308903656,9.597463225942E-02));
#1762 = CARTESIAN_POINT('',(1.535172541615,0.101302675501));
#1763 = CARTESIAN_POINT('',(1.548644287477,0.104663039746));
#1764 = CARTESIAN_POINT('',(1.562367588535,0.105999857678));
#1765 = CARTESIAN_POINT('',(1.586207041796,0.104828684642));
#1766 = CARTESIAN_POINT('',(1.596367272824,0.103198344883));
#1767 = CARTESIAN_POINT('',(1.606322213874,0.100446984219));
#1768 = CARTESIAN_POINT('',(1.615924544117,9.660520014388E-02));
#1769 = CARTESIAN_POINT('',(1.625033738137,9.172658180981E-02));
#1770 = CARTESIAN_POINT('',(1.633520974849,8.588580187034E-02));
#1771 = CARTESIAN_POINT('',(1.641272871235,7.917561509275E-02));
#1772 = CARTESIAN_POINT('',(1.658574344677,6.049497830321E-02));
#1773 = CARTESIAN_POINT('',(1.66708479029,4.757194679901E-02));
#1774 = CARTESIAN_POINT('',(1.673400998969,3.329652402327E-02));
#1775 = CARTESIAN_POINT('',(1.677287504502,1.810495920187E-02));
#1776 = CARTESIAN_POINT('',(1.67861449238,2.480706645001E-03));
#1777 = CARTESIAN_POINT('',(1.677357505574,-1.307624378016E-02));
#1778 = CARTESIAN_POINT('',(1.673599483231,-2.807794882643E-02));
#1779 = CARTESIAN_POINT('',(1.661449996853,-5.607796866196E-02));
#1780 = CARTESIAN_POINT('',(1.653058533403,-6.907628457349E-02));
#1781 = CARTESIAN_POINT('',(1.642534619887,-8.062639895429E-02));
#1782 = CARTESIAN_POINT('',(1.630163975391,-9.032334164332E-02));
#1783 = CARTESIAN_POINT('',(1.616326759354,-9.783189477003E-02));
#1784 = CARTESIAN_POINT('',(1.601484843941,-0.102916030745));
#1785 = CARTESIAN_POINT('',(1.586140585856,-0.105458117022));
#1786 = CARTESIAN_POINT('',(1.570796326795,-0.105458117022));
#1787 = ( GEOMETRIC_REPRESENTATION_CONTEXT(2) 
PARAMETRIC_REPRESENTATION_CONTEXT() REPRESENTATION_CONTEXT('2D SPACE',''
  ) );
#1788 = PCURVE('',#1789,#1794);
#1789 = PLANE('',#1790);
#1790 = AXIS2_PLACEMENT_3D('',#1791,#1792,#1793);
#1791 = CARTESIAN_POINT('',(-94.10250594613,9.,-23.95026170372));
#1792 = DIRECTION('',(0.,1.,0.));
#1793 = DIRECTION('',(0.968594740241,-0.,0.248644785141));
#1794 = DEFINITIONAL_REPRESENTATION('',(#1795),#1803);
#1795 = ( BOUNDED_CURVE() B_SPLINE_CURVE(2,(#1796,#1797,#1798,#1799,
#1800,#1801,#1802),.UNSPECIFIED.,.T.,.F.) B_SPLINE_CURVE_WITH_KNOTS((1,2
    ,2,2,2,1),(-2.094395102393,0.,2.094395102393,4.188790204786,
6.28318530718,8.377580409573),.UNSPECIFIED.) CURVE() 
GEOMETRIC_REPRESENTATION_ITEM() RATIONAL_B_SPLINE_CURVE((1.,0.5,1.,0.5,
1.,0.5,1.)) REPRESENTATION_ITEM('') );
#1796 = CARTESIAN_POINT('',(101.96002761353,33.449613515928));
#1797 = CARTESIAN_POINT('',(117.85354284125,37.529585783741));
#1798 = CARTESIAN_POINT('',(113.44014485805,21.725411707192));
#1799 = CARTESIAN_POINT('',(109.02674687485,5.921237630642));
#1800 = CARTESIAN_POINT('',(97.546629630332,17.645439439378));
#1801 = CARTESIAN_POINT('',(86.066512385808,29.369641248114));
#1802 = CARTESIAN_POINT('',(101.96002761353,33.449613515928));
#1803 = ( GEOMETRIC_REPRESENTATION_CONTEXT(2) 
PARAMETRIC_REPRESENTATION_CONTEXT() REPRESENTATION_CONTEXT('2D SPACE',''
  ) );
#1804 = ORIENTED_EDGE('',*,*,#1805,.T.);
#1805 = EDGE_CURVE('',#1732,#877,#1806,.T.);
#1806 = SURFACE_CURVE('',#1807,(#1894,#1984),.PCURVE_S1.);
#1807 = B_SPLINE_CURVE_WITH_KNOTS('',8,(#1808,#1809,#1810,#1811,#1812,
    #1813,#1814,#1815,#1816,#1817,#1818,#1819,#1820,#1821,#1822,#1823,
    #1824,#1825,#1826,#1827,#1828,#1829,#1830,#1831,#1832,#1833,#1834,
    #1835,#1836,#1837,#1838,#1839,#1840,#1841,#1842,#1843,#1844,#1845,
    #1846,#1847,#1848,#1849,#1850,#1851,#1852,#1853,#1854,#1855,#1856,
    #1857,#1858,#1859,#1860,#1861,#1862,#1863,#1864,#1865,#1866,#1867,
    #1868,#1869,#1870,#1871,#1872,#1873,#1874,#1875,#1876,#1877,#1878,
    #1879,#1880,#1881,#1882,#1883,#1884,#1885,#1886,#1887,#1888,#1889,
    #1890,#1891,#1892,#1893),.UNSPECIFIED.,.F.,.F.,(9,7,7,7,7,7,7,7,7,7,
    7,7,9),(0.,1.483390760717E-02,2.238503694544E-02,2.962497552942E-02,
    3.550568353081E-02,4.273618829248E-02,5.224485903335E-02,
    7.819505811798E-02,0.127186762333,0.228225416251,0.466793129558,
    0.728637381879,1.),.UNSPECIFIED.);
#1808 = CARTESIAN_POINT('',(21.630124920422,9.,-17.67738060337));
#1809 = CARTESIAN_POINT('',(21.634658295744,9.,-17.6875841551));
#1810 = CARTESIAN_POINT('',(21.639328991749,8.999977444376,
    -17.69760900383));
#1811 = CARTESIAN_POINT('',(21.644164928414,8.999929329613,
    -17.70744685524));
#1812 = CARTESIAN_POINT('',(21.649192239106,8.999851830101,
    -17.71706642038));
#1813 = CARTESIAN_POINT('',(21.654439742804,8.999739536584,
    -17.72640512203));
#1814 = CARTESIAN_POINT('',(21.659937694775,8.999585707942,
    -17.73537150379));
#1815 = CARTESIAN_POINT('',(21.665723014263,8.999381470184,
    -17.74383778264));
#1816 = CARTESIAN_POINT('',(21.674988813597,8.998974671391,
    -17.75555431542));
#1817 = CARTESIAN_POINT('',(21.678201680691,8.998820723938,
    -17.75931879099));
#1818 = CARTESIAN_POINT('',(21.681510475433,8.998648134012,
    -17.76286938518));
#1819 = CARTESIAN_POINT('',(21.684920290866,8.998454864869,
    -17.76616897299));
#1820 = CARTESIAN_POINT('',(21.688432650893,8.998238746093,
    -17.76916883666));
#1821 = CARTESIAN_POINT('',(21.692044818803,8.997997637097,
    -17.77181091626));
#1822 = CARTESIAN_POINT('',(21.695748390128,8.997729771263,
    -17.77403280555));
#1823 = CARTESIAN_POINT('',(21.703150221687,8.997150967615,
    -17.77744636228));
#1824 = CARTESIAN_POINT('',(21.706850409028,8.996841637821,
    -17.77868048278));
#1825 = CARTESIAN_POINT('',(21.710592518231,8.996507027755,
    -17.77941298709));
#1826 = CARTESIAN_POINT('',(21.714342183685,8.996148722346,
    -17.77960109966));
#1827 = CARTESIAN_POINT('',(21.718066012057,8.995769296691,
    -17.77922819207));
#1828 = CARTESIAN_POINT('',(21.721731585824,8.995372393206,
    -17.77830576982));
#1829 = CARTESIAN_POINT('',(21.725307346091,8.994962734246,
    -17.7768733903));
#1830 = CARTESIAN_POINT('',(21.73156871783,8.994207630875,
    -17.77347200043));
#1831 = CARTESIAN_POINT('',(21.734301168566,8.993863864184,
    -17.77165081508));
#1832 = CARTESIAN_POINT('',(21.736952664786,8.993516635008,
    -17.76956130858));
#1833 = CARTESIAN_POINT('',(21.739519736133,8.993167521748,
    -17.76723333765));
#1834 = CARTESIAN_POINT('',(21.742001853598,8.992817799962,
    -17.76469639118));
#1835 = CARTESIAN_POINT('',(21.74440079912,8.992468426032,
    -17.76197771805));
#1836 = CARTESIAN_POINT('',(21.746720035182,8.992120020829,
    -17.75910045502));
#1837 = CARTESIAN_POINT('',(21.751723187142,8.991346000716,
    -17.75237017278));
#1838 = CARTESIAN_POINT('',(21.754367194652,8.990921262428,
    -17.74844723326));
#1839 = CARTESIAN_POINT('',(21.756905048884,8.99049913658,
    -17.74434612582));
#1840 = CARTESIAN_POINT('',(21.759344810809,8.990079983764,
    -17.74009459192));
#1841 = CARTESIAN_POINT('',(21.761693871903,8.989664019489,
    -17.73571528384));
#1842 = CARTESIAN_POINT('',(21.763959175627,8.989251306578,
    -17.73122612404));
#1843 = CARTESIAN_POINT('',(21.766147438905,8.988841747555,
    -17.72664066441));
#1844 = CARTESIAN_POINT('',(21.771050620869,8.987900273986,
    -17.71582411784));
#1845 = CARTESIAN_POINT('',(21.773712618211,8.987370783534,
    -17.70953346375));
#1846 = CARTESIAN_POINT('',(21.776265088159,8.986846261055,
    -17.70312070323));
#1847 = CARTESIAN_POINT('',(21.778719166932,8.986326417518,
    -17.69660524239));
#1848 = CARTESIAN_POINT('',(21.78108397614,8.985810988505,
    -17.69000230046));
#1849 = CARTESIAN_POINT('',(21.783367194505,8.985299703226,
    -17.68332353661));
#1850 = CARTESIAN_POINT('',(21.785575629575,8.984792253531,
    -17.67657767696));
#1851 = CARTESIAN_POINT('',(21.793556519028,8.982912817615,
    -17.65119536387));
#1852 = CARTESIAN_POINT('',(21.798882603198,8.981564507163,
    -17.63218549301));
#1853 = CARTESIAN_POINT('',(21.803820454995,8.980236357402,
    -17.61287394288));
#1854 = CARTESIAN_POINT('',(21.808436257786,8.978925049763,
    -17.59333807194));
#1855 = CARTESIAN_POINT('',(21.812778519764,8.977628049858,
    -17.57363169603));
#1856 = CARTESIAN_POINT('',(21.816887097426,8.976342957264,
    -17.55379132933));
#1857 = CARTESIAN_POINT('',(21.820790838078,8.975067626565,
    -17.53383422566));
#1858 = CARTESIAN_POINT('',(21.831548754823,8.971405704769,
    -17.47587690237));
#1859 = CARTESIAN_POINT('',(21.837935117442,8.969041168802,
    -17.43764176695));
#1860 = CARTESIAN_POINT('',(21.843834939637,8.966694521064,
    -17.39916508715));
#1861 = CARTESIAN_POINT('',(21.849332047367,8.964359976401,
    -17.36050759643));
#1862 = CARTESIAN_POINT('',(21.854486759095,8.96203332701,
    -17.32171134281));
#1863 = CARTESIAN_POINT('',(21.859347460007,8.959710990716,
    -17.28280507129));
#1864 = CARTESIAN_POINT('',(21.863948133809,8.957390158528,
    -17.24380286823));
#1865 = CARTESIAN_POINT('',(21.877332582881,8.950278788617,
    -17.12408550693));
#1866 = CARTESIAN_POINT('',(21.885362476632,8.945486652447,
    -17.04312122749));
#1867 = CARTESIAN_POINT('',(21.892655888636,8.940671441307,
    -16.96192685847));
#1868 = CARTESIAN_POINT('',(21.899335658936,8.93582342586,
    -16.88056295586));
#1869 = CARTESIAN_POINT('',(21.905488602372,8.930935728396,
    -16.79907102657));
#1870 = CARTESIAN_POINT('',(21.911183729987,8.926002690562,
    -16.71747943795));
#1871 = CARTESIAN_POINT('',(21.916466866108,8.921020243377,
    -16.63580141569));
#1872 = CARTESIAN_POINT('',(21.932975333473,8.904093904928,
    -16.36099440938));
#1873 = CARTESIAN_POINT('',(21.94249576221,8.89190956726,-16.1675542602)
  );
#1874 = CARTESIAN_POINT('',(21.950445757614,8.879387162162,
    -15.97388167143));
#1875 = CARTESIAN_POINT('',(21.957012338118,8.866511107932,
    -15.78005136785));
#1876 = CARTESIAN_POINT('',(21.962358794214,8.853267876073,
    -15.58612353853));
#1877 = CARTESIAN_POINT('',(21.966568221348,8.839650696284,
    -15.39212949399));
#1878 = CARTESIAN_POINT('',(21.969713277273,8.825653207928,
    -15.19808958717));
#1879 = CARTESIAN_POINT('',(21.97417525614,8.795484680911,
    -14.79099187693));
#1880 = CARTESIAN_POINT('',(21.975284063153,8.779236103026,
    -14.57794353072));
#1881 = CARTESIAN_POINT('',(21.97522981664,8.762519837623,
    -14.36488865263));
#1882 = CARTESIAN_POINT('',(21.974049983122,8.745333315143,
    -14.1518471508));
#1883 = CARTESIAN_POINT('',(21.971766528799,8.727675470854,
    -13.93883570813));
#1884 = CARTESIAN_POINT('',(21.968392328449,8.70954613161,-13.7258689536
    ));
#1885 = CARTESIAN_POINT('',(21.963934047233,8.690945728906,
    -13.51296000346));
#1886 = CARTESIAN_POINT('',(21.952647464933,8.652111715026,
    -13.07954375497));
#1887 = CARTESIAN_POINT('',(21.945739188777,8.631843407392,
    -12.85904293812));
#1888 = CARTESIAN_POINT('',(21.937666590846,8.61107169589,
    -12.63863167043));
#1889 = CARTESIAN_POINT('',(21.928424012156,8.58979852481,
    -12.41832356213));
#1890 = CARTESIAN_POINT('',(21.918000847481,8.568026452218,
    -12.1981322532));
#1891 = CARTESIAN_POINT('',(21.906382181984,8.545758599999,
    -11.97807158144));
#1892 = CARTESIAN_POINT('',(21.89354942785,8.522998603906,
    -11.75815575055));
#1893 = CARTESIAN_POINT('',(21.879480960916,8.499750563602,
    -11.53839949816));
#1894 = PCURVE('',#723,#1895);
#1895 = DEFINITIONAL_REPRESENTATION('',(#1896),#1983);
#1896 = B_SPLINE_CURVE_WITH_KNOTS('',8,(#1897,#1898,#1899,#1900,#1901,
    #1902,#1903,#1904,#1905,#1906,#1907,#1908,#1909,#1910,#1911,#1912,
    #1913,#1914,#1915,#1916,#1917,#1918,#1919,#1920,#1921,#1922,#1923,
    #1924,#1925,#1926,#1927,#1928,#1929,#1930,#1931,#1932,#1933,#1934,
    #1935,#1936,#1937,#1938,#1939,#1940,#1941,#1942,#1943,#1944,#1945,
    #1946,#1947,#1948,#1949,#1950,#1951,#1952,#1953,#1954,#1955,#1956,
    #1957,#1958,#1959,#1960,#1961,#1962,#1963,#1964,#1965,#1966,#1967,
    #1968,#1969,#1970,#1971,#1972,#1973,#1974,#1975,#1976,#1977,#1978,
    #1979,#1980,#1981,#1982),.UNSPECIFIED.,.F.,.F.,(9,7,7,7,7,7,7,7,7,7,
    7,7,9),(0.,1.483390760717E-02,2.238503694544E-02,2.962497552942E-02,
    3.550568353081E-02,4.273618829248E-02,5.224485903335E-02,
    7.819505811798E-02,0.127186762333,0.228225416251,0.466793129558,
    0.728637381879,1.),.UNSPECIFIED.);
#1897 = CARTESIAN_POINT('',(1.474363264156,4.275217768587E-02));
#1898 = CARTESIAN_POINT('',(1.474313081492,4.263870120136E-02));
#1899 = CARTESIAN_POINT('',(1.474261355146,4.252721275137E-02));
#1900 = CARTESIAN_POINT('',(1.47420777285,4.241780453808E-02));
#1901 = CARTESIAN_POINT('',(1.474152041238,4.231082449286E-02));
#1902 = CARTESIAN_POINT('',(1.474093835519,4.220696849641E-02));
#1903 = CARTESIAN_POINT('',(1.474032813568,4.210725357487E-02));
#1904 = CARTESIAN_POINT('',(1.473968557192,4.201310071148E-02));
#1905 = CARTESIAN_POINT('',(1.473865558996,4.188280250808E-02));
#1906 = CARTESIAN_POINT('',(1.47382983119,4.18409383042E-02));
#1907 = CARTESIAN_POINT('',(1.473793021672,4.180145272726E-02));
#1908 = CARTESIAN_POINT('',(1.47375507187,4.176475862257E-02));
#1909 = CARTESIAN_POINT('',(1.473715962566,4.173139775271E-02));
#1910 = CARTESIAN_POINT('',(1.473675721728,4.170201576887E-02));
#1911 = CARTESIAN_POINT('',(1.473634440449,4.16773066555E-02));
#1912 = CARTESIAN_POINT('',(1.473551890342,4.163934531335E-02));
#1913 = CARTESIAN_POINT('',(1.473510601915,4.162562097304E-02));
#1914 = CARTESIAN_POINT('',(1.473468822242,4.161747498698E-02));
#1915 = CARTESIAN_POINT('',(1.473426933361,4.161538303846E-02));
#1916 = CARTESIAN_POINT('',(1.473385307608,4.161953004321E-02));
#1917 = CARTESIAN_POINT('',(1.473344307676,4.162978805826E-02));
#1918 = CARTESIAN_POINT('',(1.47330428793,4.164571719081E-02));
#1919 = CARTESIAN_POINT('',(1.47323416991,4.16835432418E-02));
#1920 = CARTESIAN_POINT('',(1.473203555068,4.170379622621E-02));
#1921 = CARTESIAN_POINT('',(1.473173832407,4.172703316995E-02));
#1922 = CARTESIAN_POINT('',(1.473145042037,4.175292205361E-02));
#1923 = CARTESIAN_POINT('',(1.473117191186,4.178113494821E-02));
#1924 = CARTESIAN_POINT('',(1.473090261165,4.181136883457E-02));
#1925 = CARTESIAN_POINT('',(1.473064214323,4.184336642268E-02));
#1926 = CARTESIAN_POINT('',(1.47300800048,4.191821295523E-02));
#1927 = CARTESIAN_POINT('',(1.472978276086,4.196183950147E-02));
#1928 = CARTESIAN_POINT('',(1.472949729281,4.200744752639E-02));
#1929 = CARTESIAN_POINT('',(1.47292227124,4.205472853468E-02));
#1930 = CARTESIAN_POINT('',(1.47289582039,4.210343062415E-02));
#1931 = CARTESIAN_POINT('',(1.472870299953,4.21533544907E-02));
#1932 = CARTESIAN_POINT('',(1.472845635486,4.220434943331E-02));
#1933 = CARTESIAN_POINT('',(1.472790344342,4.232464066387E-02));
#1934 = CARTESIAN_POINT('',(1.472760305932,4.239459949568E-02));
#1935 = CARTESIAN_POINT('',(1.472731484943,4.246591652267E-02));
#1936 = CARTESIAN_POINT('',(1.472703757814,4.253837594369E-02));
#1937 = CARTESIAN_POINT('',(1.47267702331,4.261180851728E-02));
#1938 = CARTESIAN_POINT('',(1.472651196157,4.268608459063E-02));
#1939 = CARTESIAN_POINT('',(1.472626200682,4.276110712865E-02));
#1940 = CARTESIAN_POINT('',(1.472535821132,4.304339178506E-02));
#1941 = CARTESIAN_POINT('',(1.472475402022,4.325480860562E-02));
#1942 = CARTESIAN_POINT('',(1.472419300544,4.346958277044E-02));
#1943 = CARTESIAN_POINT('',(1.472366780676,4.368685406296E-02));
#1944 = CARTESIAN_POINT('',(1.472317302861,4.390602405591E-02));
#1945 = CARTESIAN_POINT('',(1.472270423427,4.412668672127E-02));
#1946 = CARTESIAN_POINT('',(1.472225820814,4.434865022584E-02));
#1947 = CARTESIAN_POINT('',(1.472102741024,4.499326068648E-02));
#1948 = CARTESIAN_POINT('',(1.472029463327,4.541852692527E-02));
#1949 = CARTESIAN_POINT('',(1.471961587267,4.584648911384E-02));
#1950 = CARTESIAN_POINT('',(1.471898178976,4.627647204515E-02));
#1951 = CARTESIAN_POINT('',(1.471838566442,4.670800827834E-02));
#1952 = CARTESIAN_POINT('',(1.471782210378,4.714077830396E-02));
#1953 = CARTESIAN_POINT('',(1.471728731702,4.757462563717E-02));
#1954 = CARTESIAN_POINT('',(1.471572746747,4.890635300267E-02));
#1955 = CARTESIAN_POINT('',(1.471478575758,4.980703802472E-02));
#1956 = CARTESIAN_POINT('',(1.471392522783,5.07103284701E-02));
#1957 = CARTESIAN_POINT('',(1.471313218195,5.161555219318E-02));
#1958 = CARTESIAN_POINT('',(1.471239694101,5.252224883037E-02));
#1959 = CARTESIAN_POINT('',(1.47117118093,5.343010412682E-02));
#1960 = CARTESIAN_POINT('',(1.471107167412,5.433897224088E-02));
#1961 = CARTESIAN_POINT('',(1.470905615482,5.739704951862E-02));
#1962 = CARTESIAN_POINT('',(1.470786657063,5.954996072766E-02));
#1963 = CARTESIAN_POINT('',(1.470684682206,6.170576755677E-02));
#1964 = CARTESIAN_POINT('',(1.470597607705,6.386365474323E-02));
#1965 = CARTESIAN_POINT('',(1.470523615484,6.602296849095E-02));
#1966 = CARTESIAN_POINT('',(1.470461782628,6.818337607844E-02));
#1967 = CARTESIAN_POINT('',(1.470411302616,7.034466672368E-02));
#1968 = CARTESIAN_POINT('',(1.470328149997,7.487989076538E-02));
#1969 = CARTESIAN_POINT('',(1.470297694693,7.72537982251E-02));
#1970 = CARTESIAN_POINT('',(1.470279599328,7.962826685628E-02));
#1971 = CARTESIAN_POINT('',(1.470273453829,8.20030955783E-02));
#1972 = CARTESIAN_POINT('',(1.470279022121,8.437811905335E-02));
#1973 = CARTESIAN_POINT('',(1.470296170613,8.675319466173E-02));
#1974 = CARTESIAN_POINT('',(1.470324836071,8.912819648326E-02));
#1975 = CARTESIAN_POINT('',(1.470406690868,9.396416375384E-02));
#1976 = CARTESIAN_POINT('',(1.470460730727,9.642510066647E-02));
#1977 = CARTESIAN_POINT('',(1.470527167056,9.888569614037E-02));
#1978 = CARTESIAN_POINT('',(1.470606078163,0.101345820633));
#1979 = CARTESIAN_POINT('',(1.470697599074,0.103805344031));
#1980 = CARTESIAN_POINT('',(1.470801914542,0.106264133744));
#1981 = CARTESIAN_POINT('',(1.470919252064,0.108722052794));
#1982 = CARTESIAN_POINT('',(1.471049874895,0.111178957905));
#1983 = ( GEOMETRIC_REPRESENTATION_CONTEXT(2) 
PARAMETRIC_REPRESENTATION_CONTEXT() REPRESENTATION_CONTEXT('2D SPACE',''
  ) );
#1984 = PCURVE('',#555,#1985);
#1985 = DEFINITIONAL_REPRESENTATION('',(#1986),#2073);
#1986 = B_SPLINE_CURVE_WITH_KNOTS('',8,(#1987,#1988,#1989,#1990,#1991,
    #1992,#1993,#1994,#1995,#1996,#1997,#1998,#1999,#2000,#2001,#2002,
    #2003,#2004,#2005,#2006,#2007,#2008,#2009,#2010,#2011,#2012,#2013,
    #2014,#2015,#2016,#2017,#2018,#2019,#2020,#2021,#2022,#2023,#2024,
    #2025,#2026,#2027,#2028,#2029,#2030,#2031,#2032,#2033,#2034,#2035,
    #2036,#2037,#2038,#2039,#2040,#2041,#2042,#2043,#2044,#2045,#2046,
    #2047,#2048,#2049,#2050,#2051,#2052,#2053,#2054,#2055,#2056,#2057,
    #2058,#2059,#2060,#2061,#2062,#2063,#2064,#2065,#2066,#2067,#2068,
    #2069,#2070,#2071,#2072),.UNSPECIFIED.,.F.,.F.,(9,7,7,7,7,7,7,7,7,7,
    7,7,9),(0.,1.483390760717E-02,2.238503694544E-02,2.962497552942E-02,
    3.550568353081E-02,4.273618829248E-02,5.224485903335E-02,
    7.819505811798E-02,0.127186762333,0.228225416251,0.466793129558,
    0.728637381879,1.),.UNSPECIFIED.);
#1987 = CARTESIAN_POINT('',(-0.197132341428,4.712388980385));
#1988 = CARTESIAN_POINT('',(-0.197222364954,4.717357097577));
#1989 = CARTESIAN_POINT('',(-0.197310905968,4.722510044707));
#1990 = CARTESIAN_POINT('',(-0.197397905796,4.727883346648));
#1991 = CARTESIAN_POINT('',(-0.197483106712,4.733511891432));
#1992 = CARTESIAN_POINT('',(-0.197565982673,4.7394361299));
#1993 = CARTESIAN_POINT('',(-0.197645759565,4.745700328278));
#1994 = CARTESIAN_POINT('',(-0.197721353617,4.752359664723));
#1995 = CARTESIAN_POINT('',(-0.19782653858,4.763154311878));
#1996 = CARTESIAN_POINT('',(-0.197860440793,4.76691817074));
#1997 = CARTESIAN_POINT('',(-0.197892543131,4.770817260749));
#1998 = CARTESIAN_POINT('',(-0.197922528256,4.774860585261));
#1999 = CARTESIAN_POINT('',(-0.19794997742,4.77905350153));
#2000 = CARTESIAN_POINT('',(-0.197974389574,4.783396704634));
#2001 = CARTESIAN_POINT('',(-0.197995223777,4.787884121521));
#2002 = CARTESIAN_POINT('',(-0.198028016133,4.796925094833));
#2003 = CARTESIAN_POINT('',(-0.19804034083,4.801478068029));
#2004 = CARTESIAN_POINT('',(-0.198048364662,4.80611914729));
#2005 = CARTESIAN_POINT('',(-0.198051704095,4.810808386936));
#2006 = CARTESIAN_POINT('',(-0.198050201285,4.815505243027));
#2007 = CARTESIAN_POINT('',(-0.198043941078,4.820168416048));
#2008 = CARTESIAN_POINT('',(-0.198033250139,4.824755676296));
#2009 = CARTESIAN_POINT('',(-0.198006842021,4.832852843377));
#2010 = CARTESIAN_POINT('',(-0.197992418584,4.836410790602));
#2011 = CARTESIAN_POINT('',(-0.197975648986,4.839886731255));
#2012 = CARTESIAN_POINT('',(-0.197956788833,4.843274238371));
#2013 = CARTESIAN_POINT('',(-0.197936091859,4.846570586032));
#2014 = CARTESIAN_POINT('',(-0.19791379353,4.849776094976));
#2015 = CARTESIAN_POINT('',(-0.197890094652,4.852893478203));
#2016 = CARTESIAN_POINT('',(-0.197834468611,4.859657220942));
#2017 = CARTESIAN_POINT('',(-0.197801921875,4.863258793552));
#2018 = CARTESIAN_POINT('',(-0.197767794637,4.866740793537));
#2019 = CARTESIAN_POINT('',(-0.197732329409,4.870111366842));
#2020 = CARTESIAN_POINT('',(-0.19769572456,4.873378173059));
#2021 = CARTESIAN_POINT('',(-0.197658137521,4.876548642244));
#2022 = CARTESIAN_POINT('',(-0.197619687996,4.879630231747));
#2023 = CARTESIAN_POINT('',(-0.197528874863,4.886576507596));
#2024 = CARTESIAN_POINT('',(-0.197475975509,4.890379701793));
#2025 = CARTESIAN_POINT('',(-0.197421977809,4.894055747747));
#2026 = CARTESIAN_POINT('',(-0.197367053833,4.897617220435));
#2027 = CARTESIAN_POINT('',(-0.197311338685,4.901074463189));
#2028 = CARTESIAN_POINT('',(-0.197254936164,4.904436263193));
#2029 = CARTESIAN_POINT('',(-0.19719792443,4.907710526988));
#2030 = CARTESIAN_POINT('',(-0.196983266631,4.919622900931));
#2031 = CARTESIAN_POINT('',(-0.196822218025,4.927737207985));
#2032 = CARTESIAN_POINT('',(-0.196658412325,4.93539685327));
#2033 = CARTESIAN_POINT('',(-0.196492544623,4.942679167169));
#2034 = CARTESIAN_POINT('',(-0.196325099406,4.949640984429));
#2035 = CARTESIAN_POINT('',(-0.19615640844,4.956329555287));
#2036 = CARTESIAN_POINT('',(-0.19598663286,4.962779770462));
#2037 = CARTESIAN_POINT('',(-0.19549335923,4.98081328889));
#2038 = CARTESIAN_POINT('',(-0.195167659292,4.991852597642));
#2039 = CARTESIAN_POINT('',(-0.194839701954,5.002334814712));
#2040 = CARTESIAN_POINT('',(-0.194510045672,5.012360464372));
#2041 = CARTESIAN_POINT('',(-0.19417907777,5.022001966235));
#2042 = CARTESIAN_POINT('',(-0.193847065982,5.031317797644));
#2043 = CARTESIAN_POINT('',(-0.193514145662,5.040349546797));
#2044 = CARTESIAN_POINT('',(-0.192492011031,5.067252538757));
#2045 = CARTESIAN_POINT('',(-0.1918004207,5.084310362264));
#2046 = CARTESIAN_POINT('',(-0.191106649977,5.100610500901));
#2047 = CARTESIAN_POINT('',(-0.190411268118,5.116303050275));
#2048 = CARTESIAN_POINT('',(-0.189714665357,5.131494463923));
#2049 = CARTESIAN_POINT('',(-0.189017111668,5.146270003707));
#2050 = CARTESIAN_POINT('',(-0.188318737061,5.160687239778));
#2051 = CARTESIAN_POINT('',(-0.185968818562,5.208115327672));
#2052 = CARTESIAN_POINT('',(-0.184314306008,5.239711360665));
#2053 = CARTESIAN_POINT('',(-0.182657613775,5.270223887664));
#2054 = CARTESIAN_POINT('',(-0.18099942749,5.299899342035));
#2055 = CARTESIAN_POINT('',(-0.179340299959,5.328956305189));
#2056 = CARTESIAN_POINT('',(-0.177680502433,5.35751631714));
#2057 = CARTESIAN_POINT('',(-0.176020208225,5.38569004055));
#2058 = CARTESIAN_POINT('',(-0.172536649255,5.444146050022));
#2059 = CARTESIAN_POINT('',(-0.170713441711,5.474363790935));
#2060 = CARTESIAN_POINT('',(-0.168890022118,5.504317897718));
#2061 = CARTESIAN_POINT('',(-0.167066533608,5.534084469586));
#2062 = CARTESIAN_POINT('',(-0.165243084033,5.563721936693));
#2063 = CARTESIAN_POINT('',(-0.16341975831,5.593279175829));
#2064 = CARTESIAN_POINT('',(-0.161596623954,5.622799346989));
#2065 = CARTESIAN_POINT('',(-0.157884571148,5.682912647261));
#2066 = CARTESIAN_POINT('',(-0.155995682146,5.713505880037));
#2067 = CARTESIAN_POINT('',(-0.154107125135,5.744140396455));
#2068 = CARTESIAN_POINT('',(-0.1522189565,5.774852800655));
#2069 = CARTESIAN_POINT('',(-0.150331227968,5.805676375174));
#2070 = CARTESIAN_POINT('',(-0.148443987896,5.836642402526));
#2071 = CARTESIAN_POINT('',(-0.146557282579,5.867781486796));
#2072 = CARTESIAN_POINT('',(-0.144671157541,5.899124875225));
#2073 = ( GEOMETRIC_REPRESENTATION_CONTEXT(2) 
PARAMETRIC_REPRESENTATION_CONTEXT() REPRESENTATION_CONTEXT('2D SPACE',''
  ) );
#2074 = ADVANCED_FACE('',(#2075),#1789,.T.);
#2075 = FACE_BOUND('',#2076,.F.);
#2076 = EDGE_LOOP('',(#2077,#2102,#2124,#2125));
#2077 = ORIENTED_EDGE('',*,*,#2078,.F.);
#2078 = EDGE_CURVE('',#2079,#2081,#2083,.T.);
#2079 = VERTEX_POINT('',#2080);
#2080 = CARTESIAN_POINT('',(1.112784265783,9.,0.492143766077));
#2081 = VERTEX_POINT('',#2082);
#2082 = CARTESIAN_POINT('',(18.160051694022,9.,4.868291984559));
#2083 = SURFACE_CURVE('',#2084,(#2088,#2095),.PCURVE_S1.);
#2084 = LINE('',#2085,#2086);
#2085 = CARTESIAN_POINT('',(9.636417979902,9.,2.680217875318));
#2086 = VECTOR('',#2087,1.);
#2087 = DIRECTION('',(0.968594740241,0.,0.248644785141));
#2088 = PCURVE('',#1789,#2089);
#2089 = DEFINITIONAL_REPRESENTATION('',(#2090),#2094);
#2090 = LINE('',#2091,#2092);
#2091 = CARTESIAN_POINT('',(107.10250594613,-4.990545050646E-15));
#2092 = VECTOR('',#2093,1.);
#2093 = DIRECTION('',(1.,-3.081684203407E-17));
#2094 = ( GEOMETRIC_REPRESENTATION_CONTEXT(2) 
PARAMETRIC_REPRESENTATION_CONTEXT() REPRESENTATION_CONTEXT('2D SPACE',''
  ) );
#2095 = PCURVE('',#62,#2096);
#2096 = DEFINITIONAL_REPRESENTATION('',(#2097),#2101);
#2097 = LINE('',#2098,#2099);
#2098 = CARTESIAN_POINT('',(0.,0.5));
#2099 = VECTOR('',#2100,1.);
#2100 = DIRECTION('',(1.,0.));
#2101 = ( GEOMETRIC_REPRESENTATION_CONTEXT(2) 
PARAMETRIC_REPRESENTATION_CONTEXT() REPRESENTATION_CONTEXT('2D SPACE',''
  ) );
#2102 = ORIENTED_EDGE('',*,*,#2103,.T.);
#2103 = EDGE_CURVE('',#2079,#1514,#2104,.T.);
#2104 = SURFACE_CURVE('',#2105,(#2110,#2117),.PCURVE_S1.);
#2105 = CIRCLE('',#2106,98.302505946136);
#2106 = AXIS2_PLACEMENT_3D('',#2107,#2108,#2109);
#2107 = CARTESIAN_POINT('',(-94.10250594613,9.,-23.95026170372));
#2108 = DIRECTION('',(-0.,1.,0.));
#2109 = DIRECTION('',(0.968594740241,0.,0.248644785141));
#2110 = PCURVE('',#1789,#2111);
#2111 = DEFINITIONAL_REPRESENTATION('',(#2112),#2116);
#2112 = CIRCLE('',#2113,98.302505946136);
#2113 = AXIS2_PLACEMENT_2D('',#2114,#2115);
#2114 = CARTESIAN_POINT('',(0.,0.));
#2115 = DIRECTION('',(1.,-3.932937480416E-18));
#2116 = ( GEOMETRIC_REPRESENTATION_CONTEXT(2) 
PARAMETRIC_REPRESENTATION_CONTEXT() REPRESENTATION_CONTEXT('2D SPACE',''
  ) );
#2117 = PCURVE('',#151,#2118);
#2118 = DEFINITIONAL_REPRESENTATION('',(#2119),#2123);
#2119 = LINE('',#2120,#2121);
#2120 = CARTESIAN_POINT('',(-0.,4.712388980385));
#2121 = VECTOR('',#2122,1.);
#2122 = DIRECTION('',(-1.,0.));
#2123 = ( GEOMETRIC_REPRESENTATION_CONTEXT(2) 
PARAMETRIC_REPRESENTATION_CONTEXT() REPRESENTATION_CONTEXT('2D SPACE',''
  ) );
#2124 = ORIENTED_EDGE('',*,*,#1731,.F.);
#2125 = ORIENTED_EDGE('',*,*,#2126,.F.);
#2126 = EDGE_CURVE('',#2081,#1732,#2127,.T.);
#2127 = SURFACE_CURVE('',#2128,(#2133,#2140),.PCURVE_S1.);
#2128 = CIRCLE('',#2129,115.90250594613);
#2129 = AXIS2_PLACEMENT_3D('',#2130,#2131,#2132);
#2130 = CARTESIAN_POINT('',(-94.10250594613,9.,-23.95026170372));
#2131 = DIRECTION('',(-0.,1.,0.));
#2132 = DIRECTION('',(0.968594740241,0.,0.248644785141));
#2133 = PCURVE('',#1789,#2134);
#2134 = DEFINITIONAL_REPRESENTATION('',(#2135),#2139);
#2135 = CIRCLE('',#2136,115.90250594613);
#2136 = AXIS2_PLACEMENT_2D('',#2137,#2138);
#2137 = CARTESIAN_POINT('',(0.,0.));
#2138 = DIRECTION('',(1.,-3.081684203407E-17));
#2139 = ( GEOMETRIC_REPRESENTATION_CONTEXT(2) 
PARAMETRIC_REPRESENTATION_CONTEXT() REPRESENTATION_CONTEXT('2D SPACE',''
  ) );
#2140 = PCURVE('',#555,#2141);
#2141 = DEFINITIONAL_REPRESENTATION('',(#2142),#2146);
#2142 = LINE('',#2143,#2144);
#2143 = CARTESIAN_POINT('',(-0.,4.712388980385));
#2144 = VECTOR('',#2145,1.);
#2145 = DIRECTION('',(-1.,0.));
#2146 = ( GEOMETRIC_REPRESENTATION_CONTEXT(2) 
PARAMETRIC_REPRESENTATION_CONTEXT() REPRESENTATION_CONTEXT('2D SPACE',''
  ) );
#2147 = ADVANCED_FACE('',(#2148),#1497,.F.);
#2148 = FACE_BOUND('',#2149,.T.);
#2149 = EDGE_LOOP('',(#2150,#2151));
#2150 = ORIENTED_EDGE('',*,*,#1439,.T.);
#2151 = ORIENTED_EDGE('',*,*,#2152,.T.);
#2152 = EDGE_CURVE('',#1222,#1440,#2153,.T.);
#2153 = SURFACE_CURVE('',#2154,(#2159,#2170),.PCURVE_S1.);
#2154 = CIRCLE('',#2155,98.024117727995);
#2155 = AXIS2_PLACEMENT_3D('',#2156,#2157,#2158);
#2156 = CARTESIAN_POINT('',(-94.10250594613,8.95,-23.95026170372));
#2157 = DIRECTION('',(0.,-1.,0.));
#2158 = DIRECTION('',(0.968594740241,0.,0.248644785141));
#2159 = PCURVE('',#1497,#2160);
#2160 = DEFINITIONAL_REPRESENTATION('',(#2161),#2169);
#2161 = ( BOUNDED_CURVE() B_SPLINE_CURVE(2,(#2162,#2163,#2164,#2165,
#2166,#2167,#2168),.UNSPECIFIED.,.T.,.F.) B_SPLINE_CURVE_WITH_KNOTS((1,2
    ,2,2,2,1),(-2.094395102393,0.,2.094395102393,4.188790204786,
6.28318530718,8.377580409573),.UNSPECIFIED.) CURVE() 
GEOMETRIC_REPRESENTATION_ITEM() RATIONAL_B_SPLINE_CURVE((1.,0.5,1.,0.5,
1.,0.5,1.)) REPRESENTATION_ITEM('') );
#2162 = CARTESIAN_POINT('',(98.02079098242,0.807583761965));
#2163 = CARTESIAN_POINT('',(99.419567089511,-168.9694064176));
#2164 = CARTESIAN_POINT('',(-48.31100743766,-85.2922869708));
#2165 = CARTESIAN_POINT('',(-196.0415819648,-1.615167523931));
#2166 = CARTESIAN_POINT('',(-49.70978354475,84.484703208837));
#2167 = CARTESIAN_POINT('',(96.622014875328,170.5845739416));
#2168 = CARTESIAN_POINT('',(98.02079098242,0.807583761965));
#2169 = ( GEOMETRIC_REPRESENTATION_CONTEXT(2) 
PARAMETRIC_REPRESENTATION_CONTEXT() REPRESENTATION_CONTEXT('2D SPACE',''
  ) );
#2170 = PCURVE('',#151,#2171);
#2171 = DEFINITIONAL_REPRESENTATION('',(#2172),#2176);
#2172 = LINE('',#2173,#2174);
#2173 = CARTESIAN_POINT('',(-6.28318530718,4.356967778694));
#2174 = VECTOR('',#2175,1.);
#2175 = DIRECTION('',(1.,-0.));
#2176 = ( GEOMETRIC_REPRESENTATION_CONTEXT(2) 
PARAMETRIC_REPRESENTATION_CONTEXT() REPRESENTATION_CONTEXT('2D SPACE',''
  ) );
#2177 = ADVANCED_FACE('',(#2178),#934,.F.);
#2178 = FACE_BOUND('',#2179,.T.);
#2179 = EDGE_LOOP('',(#2180,#2206));
#2180 = ORIENTED_EDGE('',*,*,#2181,.F.);
#2181 = EDGE_CURVE('',#875,#877,#2182,.T.);
#2182 = SURFACE_CURVE('',#2183,(#2188,#2199),.PCURVE_S1.);
#2183 = CIRCLE('',#2184,116.18089416427);
#2184 = AXIS2_PLACEMENT_3D('',#2185,#2186,#2187);
#2185 = CARTESIAN_POINT('',(-94.10250594613,8.95,-23.95026170372));
#2186 = DIRECTION('',(0.,-1.,0.));
#2187 = DIRECTION('',(0.968594740241,0.,0.248644785141));
#2188 = PCURVE('',#934,#2189);
#2189 = DEFINITIONAL_REPRESENTATION('',(#2190),#2198);
#2190 = ( BOUNDED_CURVE() B_SPLINE_CURVE(2,(#2191,#2192,#2193,#2194,
#2195,#2196,#2197),.UNSPECIFIED.,.T.,.F.) B_SPLINE_CURVE_WITH_KNOTS((1,2
    ,2,2,2,1),(-2.094395102393,0.,2.094395102393,4.188790204786,
6.28318530718,8.377580409573),.UNSPECIFIED.) CURVE() 
GEOMETRIC_REPRESENTATION_ITEM() RATIONAL_B_SPLINE_CURVE((1.,0.5,1.,0.5,
1.,0.5,1.)) REPRESENTATION_ITEM('') );
#2191 = CARTESIAN_POINT('',(116.17695121345,0.957170599975));
#2192 = CARTESIAN_POINT('',(117.83481932412,-200.2672115701));
#2193 = CARTESIAN_POINT('',(-57.25954155139,-101.090776385));
#2194 = CARTESIAN_POINT('',(-232.3539024269,-1.914341199949));
#2195 = CARTESIAN_POINT('',(-58.91740966206,100.13360578509));
#2196 = CARTESIAN_POINT('',(114.51908310278,202.18155277013));
#2197 = CARTESIAN_POINT('',(116.17695121345,0.957170599975));
#2198 = ( GEOMETRIC_REPRESENTATION_CONTEXT(2) 
PARAMETRIC_REPRESENTATION_CONTEXT() REPRESENTATION_CONTEXT('2D SPACE',''
  ) );
#2199 = PCURVE('',#555,#2200);
#2200 = DEFINITIONAL_REPRESENTATION('',(#2201),#2205);
#2201 = LINE('',#2202,#2203);
#2202 = CARTESIAN_POINT('',(-6.28318530718,5.067810182075));
#2203 = VECTOR('',#2204,1.);
#2204 = DIRECTION('',(1.,-0.));
#2205 = ( GEOMETRIC_REPRESENTATION_CONTEXT(2) 
PARAMETRIC_REPRESENTATION_CONTEXT() REPRESENTATION_CONTEXT('2D SPACE',''
  ) );
#2206 = ORIENTED_EDGE('',*,*,#874,.T.);
#2207 = ADVANCED_FACE('',(#2208),#555,.T.);
#2208 = FACE_BOUND('',#2209,.F.);
#2209 = EDGE_LOOP('',(#2210,#2211,#2212,#2213,#2237,#2258,#2259,#2260));
#2210 = ORIENTED_EDGE('',*,*,#950,.F.);
#2211 = ORIENTED_EDGE('',*,*,#849,.T.);
#2212 = ORIENTED_EDGE('',*,*,#505,.T.);
#2213 = ORIENTED_EDGE('',*,*,#2214,.F.);
#2214 = EDGE_CURVE('',#2215,#385,#2217,.T.);
#2215 = VERTEX_POINT('',#2216);
#2216 = CARTESIAN_POINT('',(18.934927486214,8.2,5.067207812672));
#2217 = SURFACE_CURVE('',#2218,(#2223,#2230),.PCURVE_S1.);
#2218 = CIRCLE('',#2219,116.70250594613);
#2219 = AXIS2_PLACEMENT_3D('',#2220,#2221,#2222);
#2220 = CARTESIAN_POINT('',(-94.10250594613,8.2,-23.95026170372));
#2221 = DIRECTION('',(-0.,1.,0.));
#2222 = DIRECTION('',(0.968594740241,0.,0.248644785141));
#2223 = PCURVE('',#555,#2224);
#2224 = DEFINITIONAL_REPRESENTATION('',(#2225),#2229);
#2225 = LINE('',#2226,#2227);
#2226 = CARTESIAN_POINT('',(-0.,6.28318530718));
#2227 = VECTOR('',#2228,1.);
#2228 = DIRECTION('',(-1.,0.));
#2229 = ( GEOMETRIC_REPRESENTATION_CONTEXT(2) 
PARAMETRIC_REPRESENTATION_CONTEXT() REPRESENTATION_CONTEXT('2D SPACE',''
  ) );
#2230 = PCURVE('',#399,#2231);
#2231 = DEFINITIONAL_REPRESENTATION('',(#2232),#2236);
#2232 = LINE('',#2233,#2234);
#2233 = CARTESIAN_POINT('',(0.,-0.3));
#2234 = VECTOR('',#2235,1.);
#2235 = DIRECTION('',(1.,0.));
#2236 = ( GEOMETRIC_REPRESENTATION_CONTEXT(2) 
PARAMETRIC_REPRESENTATION_CONTEXT() REPRESENTATION_CONTEXT('2D SPACE',''
  ) );
#2237 = ORIENTED_EDGE('',*,*,#2238,.F.);
#2238 = EDGE_CURVE('',#2081,#2215,#2239,.T.);
#2239 = SURFACE_CURVE('',#2240,(#2245,#2251),.PCURVE_S1.);
#2240 = CIRCLE('',#2241,0.8);
#2241 = AXIS2_PLACEMENT_3D('',#2242,#2243,#2244);
#2242 = CARTESIAN_POINT('',(18.160051694022,8.2,4.868291984559));
#2243 = DIRECTION('',(0.248644785141,0.,-0.968594740241));
#2244 = DIRECTION('',(-0.968594740241,0.,-0.248644785141));
#2245 = PCURVE('',#555,#2246);
#2246 = DEFINITIONAL_REPRESENTATION('',(#2247),#2250);
#2247 = B_SPLINE_CURVE_WITH_KNOTS('',1,(#2248,#2249),.UNSPECIFIED.,.F.,
  .F.,(2,2),(-4.712388980385,-3.14159265359),.PIECEWISE_BEZIER_KNOTS.);
#2248 = CARTESIAN_POINT('',(-3.211725492417E-18,-1.570796326795));
#2249 = CARTESIAN_POINT('',(-3.211725492417E-18,0.));
#2250 = ( GEOMETRIC_REPRESENTATION_CONTEXT(2) 
PARAMETRIC_REPRESENTATION_CONTEXT() REPRESENTATION_CONTEXT('2D SPACE',''
  ) );
#2251 = PCURVE('',#62,#2252);
#2252 = DEFINITIONAL_REPRESENTATION('',(#2253),#2257);
#2253 = ( BOUNDED_CURVE() B_SPLINE_CURVE(2,(#2254,#2255,#2256),
.UNSPECIFIED.,.F.,.F.) B_SPLINE_CURVE_WITH_KNOTS((3,3),(1.570796326795,
3.14159265359),.PIECEWISE_BEZIER_KNOTS.) CURVE() 
GEOMETRIC_REPRESENTATION_ITEM() RATIONAL_B_SPLINE_CURVE((1.,
0.707106781187,1.)) REPRESENTATION_ITEM('') );
#2254 = CARTESIAN_POINT('',(8.8,0.5));
#2255 = CARTESIAN_POINT('',(9.6,0.5));
#2256 = CARTESIAN_POINT('',(9.6,-0.3));
#2257 = ( GEOMETRIC_REPRESENTATION_CONTEXT(2) 
PARAMETRIC_REPRESENTATION_CONTEXT() REPRESENTATION_CONTEXT('2D SPACE',''
  ) );
#2258 = ORIENTED_EDGE('',*,*,#2126,.T.);
#2259 = ORIENTED_EDGE('',*,*,#1805,.T.);
#2260 = ORIENTED_EDGE('',*,*,#2181,.F.);
#2261 = ADVANCED_FACE('',(#2262),#399,.T.);
#2262 = FACE_BOUND('',#2263,.T.);
#2263 = EDGE_LOOP('',(#2264,#2287,#2309,#2310));
#2264 = ORIENTED_EDGE('',*,*,#2265,.F.);
#2265 = EDGE_CURVE('',#2266,#2215,#2268,.T.);
#2266 = VERTEX_POINT('',#2267);
#2267 = CARTESIAN_POINT('',(18.934927486214,8.,5.067207812672));
#2268 = SURFACE_CURVE('',#2269,(#2273,#2280),.PCURVE_S1.);
#2269 = LINE('',#2270,#2271);
#2270 = CARTESIAN_POINT('',(18.934927486214,8.5,5.067207812672));
#2271 = VECTOR('',#2272,1.);
#2272 = DIRECTION('',(0.,1.,0.));
#2273 = PCURVE('',#399,#2274);
#2274 = DEFINITIONAL_REPRESENTATION('',(#2275),#2279);
#2275 = LINE('',#2276,#2277);
#2276 = CARTESIAN_POINT('',(0.,0.));
#2277 = VECTOR('',#2278,1.);
#2278 = DIRECTION('',(0.,1.));
#2279 = ( GEOMETRIC_REPRESENTATION_CONTEXT(2) 
PARAMETRIC_REPRESENTATION_CONTEXT() REPRESENTATION_CONTEXT('2D SPACE',''
  ) );
#2280 = PCURVE('',#62,#2281);
#2281 = DEFINITIONAL_REPRESENTATION('',(#2282),#2286);
#2282 = LINE('',#2283,#2284);
#2283 = CARTESIAN_POINT('',(9.6,0.));
#2284 = VECTOR('',#2285,1.);
#2285 = DIRECTION('',(0.,1.));
#2286 = ( GEOMETRIC_REPRESENTATION_CONTEXT(2) 
PARAMETRIC_REPRESENTATION_CONTEXT() REPRESENTATION_CONTEXT('2D SPACE',''
  ) );
#2287 = ORIENTED_EDGE('',*,*,#2288,.T.);
#2288 = EDGE_CURVE('',#2266,#383,#2289,.T.);
#2289 = SURFACE_CURVE('',#2290,(#2295,#2302),.PCURVE_S1.);
#2290 = CIRCLE('',#2291,116.70250594613);
#2291 = AXIS2_PLACEMENT_3D('',#2292,#2293,#2294);
#2292 = CARTESIAN_POINT('',(-94.10250594613,8.,-23.95026170372));
#2293 = DIRECTION('',(0.,1.,0.));
#2294 = DIRECTION('',(0.968594740241,-0.,0.248644785141));
#2295 = PCURVE('',#399,#2296);
#2296 = DEFINITIONAL_REPRESENTATION('',(#2297),#2301);
#2297 = LINE('',#2298,#2299);
#2298 = CARTESIAN_POINT('',(0.,-0.5));
#2299 = VECTOR('',#2300,1.);
#2300 = DIRECTION('',(1.,0.));
#2301 = ( GEOMETRIC_REPRESENTATION_CONTEXT(2) 
PARAMETRIC_REPRESENTATION_CONTEXT() REPRESENTATION_CONTEXT('2D SPACE',''
  ) );
#2302 = PCURVE('',#91,#2303);
#2303 = DEFINITIONAL_REPRESENTATION('',(#2304),#2308);
#2304 = CIRCLE('',#2305,116.70250594613);
#2305 = AXIS2_PLACEMENT_2D('',#2306,#2307);
#2306 = CARTESIAN_POINT('',(0.,0.));
#2307 = DIRECTION('',(1.,-3.932937480416E-18));
#2308 = ( GEOMETRIC_REPRESENTATION_CONTEXT(2) 
PARAMETRIC_REPRESENTATION_CONTEXT() REPRESENTATION_CONTEXT('2D SPACE',''
  ) );
#2309 = ORIENTED_EDGE('',*,*,#382,.T.);
#2310 = ORIENTED_EDGE('',*,*,#2214,.F.);
#2311 = ADVANCED_FACE('',(#2312),#306,.T.);
#2312 = FACE_BOUND('',#2313,.T.);
#2313 = EDGE_LOOP('',(#2314,#2315,#2316,#2388));
#2314 = ORIENTED_EDGE('',*,*,#585,.T.);
#2315 = ORIENTED_EDGE('',*,*,#289,.T.);
#2316 = ORIENTED_EDGE('',*,*,#2317,.F.);
#2317 = EDGE_CURVE('',#785,#195,#2318,.T.);
#2318 = SURFACE_CURVE('',#2319,(#2340,#2364),.PCURVE_S1.);
#2319 = B_SPLINE_CURVE_WITH_KNOTS('',7,(#2320,#2321,#2322,#2323,#2324,
    #2325,#2326,#2327,#2328,#2329,#2330,#2331,#2332,#2333,#2334,#2335,
    #2336,#2337,#2338,#2339),.UNSPECIFIED.,.F.,.F.,(8,6,6,8),(0.,
    0.395282455477,0.70173319781,1.),.UNSPECIFIED.);
#2320 = CARTESIAN_POINT('',(5.453013406384,9.,-46.29474043854));
#2321 = CARTESIAN_POINT('',(5.399242650174,9.000000011251,
    -46.34778987674));
#2322 = CARTESIAN_POINT('',(5.343397420002,8.994053543329,
    -46.40285982672));
#2323 = CARTESIAN_POINT('',(5.28617198627,8.98134366964,-46.4592617267)
  );
#2324 = CARTESIAN_POINT('',(5.228521057621,8.961188898334,
    -46.51605177303));
#2325 = CARTESIAN_POINT('',(5.171691450767,8.933213898791,
    -46.57200166352));
#2326 = CARTESIAN_POINT('',(5.117031901952,8.897596483533,
    -46.62578770238));
#2327 = CARTESIAN_POINT('',(5.025986732923,8.82195998932,-46.7153382373)
  );
#2328 = CARTESIAN_POINT('',(4.988255082634,8.784729170023,
    -46.75243617038));
#2329 = CARTESIAN_POINT('',(4.953112936038,8.743602191212,
    -46.78697540005));
#2330 = CARTESIAN_POINT('',(4.921075549326,8.699062492828,
    -46.81845284928));
#2331 = CARTESIAN_POINT('',(4.892535806857,8.651740036192,
    -46.84648614344));
#2332 = CARTESIAN_POINT('',(4.867728464814,8.602348032632,-46.8708480764
    ));
#2333 = CARTESIAN_POINT('',(4.826302252562,8.502186565853,
    -46.91152381739));
#2334 = CARTESIAN_POINT('',(4.809481968515,8.451488747874,
    -46.92803560429));
#2335 = CARTESIAN_POINT('',(4.796351614443,8.400145679199,
    -46.94092294222));
#2336 = CARTESIAN_POINT('',(4.786847952226,8.348804331177,
    -46.95024975175));
#2337 = CARTESIAN_POINT('',(4.78078902186,8.298039194932,-46.95619569058
    ));
#2338 = CARTESIAN_POINT('',(4.777909504629,8.248317571128,
    -46.95902150181));
#2339 = CARTESIAN_POINT('',(4.777909504627,8.2,-46.95902150181));
#2340 = PCURVE('',#306,#2341);
#2341 = DEFINITIONAL_REPRESENTATION('',(#2342),#2363);
#2342 = B_SPLINE_CURVE_WITH_KNOTS('',7,(#2343,#2344,#2345,#2346,#2347,
    #2348,#2349,#2350,#2351,#2352,#2353,#2354,#2355,#2356,#2357,#2358,
    #2359,#2360,#2361,#2362),.UNSPECIFIED.,.F.,.F.,(8,6,6,8),(0.,
    0.395282455477,0.70173319781,1.),.UNSPECIFIED.);
#2343 = CARTESIAN_POINT('',(3.563322006045E-11,10.653798511429));
#2344 = CARTESIAN_POINT('',(0.670209690295,10.694147089187));
#2345 = CARTESIAN_POINT('',(1.340149670932,10.736058237537));
#2346 = CARTESIAN_POINT('',(2.009867305672,10.779011803517));
#2347 = CARTESIAN_POINT('',(2.679439468934,10.822291825387));
#2348 = CARTESIAN_POINT('',(3.348977876524,10.864962307251));
#2349 = CARTESIAN_POINT('',(4.018605333509,10.90600960914));
#2350 = CARTESIAN_POINT('',(5.207709695041,10.974390153356));
#2351 = CARTESIAN_POINT('',(5.727113364488,11.002732193505));
#2352 = CARTESIAN_POINT('',(6.24666736726,11.029132010416));
#2353 = CARTESIAN_POINT('',(6.766402963607,11.053201771659));
#2354 = CARTESIAN_POINT('',(7.286338312881,11.074645476674));
#2355 = CARTESIAN_POINT('',(7.806471756989,11.093285971372));
#2356 = CARTESIAN_POINT('',(8.833188535022,11.12441557069));
#2357 = CARTESIAN_POINT('',(9.339771202239,11.137055978658));
#2358 = CARTESIAN_POINT('',(9.84650414229,11.14692390955));
#2359 = CARTESIAN_POINT('',(10.353368044588,11.154066469147));
#2360 = CARTESIAN_POINT('',(10.860342368805,11.158620165442));
#2361 = CARTESIAN_POINT('',(11.367404468839,11.160784319044));
#2362 = CARTESIAN_POINT('',(11.874531296987,11.160784319045));
#2363 = ( GEOMETRIC_REPRESENTATION_CONTEXT(2) 
PARAMETRIC_REPRESENTATION_CONTEXT() REPRESENTATION_CONTEXT('2D SPACE',''
  ) );
#2364 = PCURVE('',#244,#2365);
#2365 = DEFINITIONAL_REPRESENTATION('',(#2366),#2387);
#2366 = B_SPLINE_CURVE_WITH_KNOTS('',7,(#2367,#2368,#2369,#2370,#2371,
    #2372,#2373,#2374,#2375,#2376,#2377,#2378,#2379,#2380,#2381,#2382,
    #2383,#2384,#2385,#2386),.UNSPECIFIED.,.F.,.F.,(8,6,6,8),(0.,
    0.395282455477,0.70173319781,1.),.UNSPECIFIED.);
#2367 = CARTESIAN_POINT('',(0.,8.817329755267));
#2368 = CARTESIAN_POINT('',(0.640211671884,8.856836772255));
#2369 = CARTESIAN_POINT('',(1.280165705675,8.897899192117));
#2370 = CARTESIAN_POINT('',(1.919907346274,8.940011236768));
#2371 = CARTESIAN_POINT('',(2.559510025874,8.982473747207));
#2372 = CARTESIAN_POINT('',(3.199080461134,9.024368537147));
#2373 = CARTESIAN_POINT('',(3.838735959838,9.064696355306));
#2374 = CARTESIAN_POINT('',(4.97461701652,9.131916985657));
#2375 = CARTESIAN_POINT('',(5.470772617309,9.159792215276));
#2376 = CARTESIAN_POINT('',(5.96707182263,9.185769593586));
#2377 = CARTESIAN_POINT('',(6.46354449355,9.209464241852));
#2378 = CARTESIAN_POINT('',(6.960207976626,9.230581220132));
#2379 = CARTESIAN_POINT('',(7.457060687979,9.248942770665));
#2380 = CARTESIAN_POINT('',(8.437822491966,9.279613052349));
#2381 = CARTESIAN_POINT('',(8.921730947244,9.292070645549));
#2382 = CARTESIAN_POINT('',(9.405782950947,9.301798003742));
#2383 = CARTESIAN_POINT('',(9.889960053532,9.308839751873));
#2384 = CARTESIAN_POINT('',(10.374242634717,9.313329412363));
#2385 = CARTESIAN_POINT('',(10.858609065783,9.315463139242));
#2386 = CARTESIAN_POINT('',(11.343037326298,9.315463139243));
#2387 = ( GEOMETRIC_REPRESENTATION_CONTEXT(2) 
PARAMETRIC_REPRESENTATION_CONTEXT() REPRESENTATION_CONTEXT('2D SPACE',''
  ) );
#2388 = ORIENTED_EDGE('',*,*,#823,.F.);
#2389 = ADVANCED_FACE('',(#2390),#244,.F.);
#2390 = FACE_BOUND('',#2391,.F.);
#2391 = EDGE_LOOP('',(#2392,#2464,#2465,#2466));
#2392 = ORIENTED_EDGE('',*,*,#2393,.F.);
#2393 = EDGE_CURVE('',#104,#761,#2394,.T.);
#2394 = SURFACE_CURVE('',#2395,(#2416,#2440),.PCURVE_S1.);
#2395 = B_SPLINE_CURVE_WITH_KNOTS('',7,(#2396,#2397,#2398,#2399,#2400,
    #2401,#2402,#2403,#2404,#2405,#2406,#2407,#2408,#2409,#2410,#2411,
    #2412,#2413,#2414,#2415),.UNSPECIFIED.,.F.,.F.,(8,6,6,8),(0.,
    0.393978104219,0.690928116736,1.),.UNSPECIFIED.);
#2396 = CARTESIAN_POINT('',(2.388354094129,8.2,-37.95928003001));
#2397 = CARTESIAN_POINT('',(2.388354094132,8.26388279027,-37.95928003001
    ));
#2398 = CARTESIAN_POINT('',(2.394441427528,8.330171600733,
    -37.95877424246));
#2399 = CARTESIAN_POINT('',(2.407441212343,8.398027904781,
    -37.95769410978));
#2400 = CARTESIAN_POINT('',(2.428032312532,8.46630536896,-37.95598324478
    ));
#2401 = CARTESIAN_POINT('',(2.456571733149,8.533529969356,
    -37.95361203993));
#2402 = CARTESIAN_POINT('',(2.492857193226,8.598126508503,
    -37.95059739927));
#2403 = CARTESIAN_POINT('',(2.568891901104,8.704356328152,
    -37.94428072289));
#2404 = CARTESIAN_POINT('',(2.605587430753,8.747727348332,
    -37.94123230018));
#2405 = CARTESIAN_POINT('',(2.646012439274,8.78821686735,-37.93787419485
    ));
#2406 = CARTESIAN_POINT('',(2.68972187217,8.825281650515,-37.93424342941
    ));
#2407 = CARTESIAN_POINT('',(2.736143420338,8.858503689619,-37.9303875905
    ));
#2408 = CARTESIAN_POINT('',(2.784631030976,8.887624013851,
    -37.92636037579));
#2409 = CARTESIAN_POINT('',(2.886489706304,8.938469965341,
    -37.91790084211));
#2410 = CARTESIAN_POINT('',(2.939979533533,8.959845618215,-37.9134586795
    ));
#2411 = CARTESIAN_POINT('',(2.994284888375,8.976545715056,
    -37.90894907007));
#2412 = CARTESIAN_POINT('',(3.048675209893,8.988635475897,
    -37.90443269336));
#2413 = CARTESIAN_POINT('',(3.102497786959,8.996340447638,
    -37.89996374133));
#2414 = CARTESIAN_POINT('',(3.155219867732,9.000000153694,-37.8955864265
    ));
#2415 = CARTESIAN_POINT('',(3.206430722656,9.,-37.89133482164));
#2416 = PCURVE('',#244,#2417);
#2417 = DEFINITIONAL_REPRESENTATION('',(#2418),#2439);
#2418 = B_SPLINE_CURVE_WITH_KNOTS('',7,(#2419,#2420,#2421,#2422,#2423,
    #2424,#2425,#2426,#2427,#2428,#2429,#2430,#2431,#2432,#2433,#2434,
    #2435,#2436,#2437,#2438),.UNSPECIFIED.,.F.,.F.,(8,6,6,8),(0.,
    0.393978104219,0.690928116736,1.),.UNSPECIFIED.);
#2419 = CARTESIAN_POINT('',(11.343037325895,-4.395604834771E-06));
#2420 = CARTESIAN_POINT('',(10.702553372653,-4.395604082594E-06));
#2421 = CARTESIAN_POINT('',(10.062664848475,1.390976529965E-03));
#2422 = CARTESIAN_POINT('',(9.423389922671,4.370843076246E-03));
#2423 = CARTESIAN_POINT('',(8.784699670357,9.089698336736E-03));
#2424 = CARTESIAN_POINT('',(8.146507670308,1.562604500564E-02));
#2425 = CARTESIAN_POINT('',(7.5086898984,2.392769305079E-02));
#2426 = CARTESIAN_POINT('',(6.390583045314,4.130054309093E-02));
#2427 = CARTESIAN_POINT('',(5.91017646156,4.967873156457E-02));
#2428 = CARTESIAN_POINT('',(5.429854574083,5.890011629422E-02));
#2429 = CARTESIAN_POINT('',(4.949548422039,6.886004645283E-02));
#2430 = CARTESIAN_POINT('',(4.469184650984,7.94252547922E-02));
#2431 = CARTESIAN_POINT('',(3.988695621067,9.044653953743E-02));
#2432 = CARTESIAN_POINT('',(3.007739895832,0.113568981802));
#2433 = CARTESIAN_POINT('',(2.507252237201,0.125695901775));
#2434 = CARTESIAN_POINT('',(2.006504279942,0.137990767672));
#2435 = CARTESIAN_POINT('',(1.505438573859,0.150287391859));
#2436 = CARTESIAN_POINT('',(1.004012152028,0.162438607193));
#2437 = CARTESIAN_POINT('',(0.502201245682,0.174325497731));
#2438 = CARTESIAN_POINT('',(0.,0.185857153184));
#2439 = ( GEOMETRIC_REPRESENTATION_CONTEXT(2) 
PARAMETRIC_REPRESENTATION_CONTEXT() REPRESENTATION_CONTEXT('2D SPACE',''
  ) );
#2440 = PCURVE('',#151,#2441);
#2441 = DEFINITIONAL_REPRESENTATION('',(#2442),#2463);
#2442 = B_SPLINE_CURVE_WITH_KNOTS('',7,(#2443,#2444,#2445,#2446,#2447,
    #2448,#2449,#2450,#2451,#2452,#2453,#2454,#2455,#2456,#2457,#2458,
    #2459,#2460,#2461,#2462),.UNSPECIFIED.,.F.,.F.,(8,6,6,8),(0.,
    0.393978104219,0.690928116736,1.),.UNSPECIFIED.);
#2443 = CARTESIAN_POINT('',(-0.395458382072,3.14159265359));
#2444 = CARTESIAN_POINT('',(-0.395458382072,3.221446141427));
#2445 = CARTESIAN_POINT('',(-0.39544427822,3.304306900204));
#2446 = CARTESIAN_POINT('',(-0.395414158935,3.389960331426));
#2447 = CARTESIAN_POINT('',(-0.395366461903,3.478080243945));
#2448 = CARTESIAN_POINT('',(-0.395300391416,3.568212640859));
#2449 = CARTESIAN_POINT('',(-0.395216471106,3.659794647428));
#2450 = CARTESIAN_POINT('',(-0.395040835893,3.821870151736));
#2451 = CARTESIAN_POINT('',(-0.394956130333,3.892003535112));
#2452 = CARTESIAN_POINT('',(-0.394862894313,3.962350662513));
#2453 = CARTESIAN_POINT('',(-0.394762183869,4.032634120844));
#2454 = CARTESIAN_POINT('',(-0.394655344663,4.102576895102));
#2455 = CARTESIAN_POINT('',(-0.394543884071,4.171916296962));
#2456 = CARTESIAN_POINT('',(-0.394310021964,4.311712259558));
#2457 = CARTESIAN_POINT('',(-0.394187359089,4.382099703834));
#2458 = CARTESIAN_POINT('',(-0.394062986262,4.451312030924));
#2459 = CARTESIAN_POINT('',(-0.393938584103,4.519114817996));
#2460 = CARTESIAN_POINT('',(-0.393815641786,4.585317414565));
#2461 = CARTESIAN_POINT('',(-0.393695363435,4.649776145964));
#2462 = CARTESIAN_POINT('',(-0.393578670007,4.712388980385));
#2463 = ( GEOMETRIC_REPRESENTATION_CONTEXT(2) 
PARAMETRIC_REPRESENTATION_CONTEXT() REPRESENTATION_CONTEXT('2D SPACE',''
  ) );
#2464 = ORIENTED_EDGE('',*,*,#220,.T.);
#2465 = ORIENTED_EDGE('',*,*,#2317,.F.);
#2466 = ORIENTED_EDGE('',*,*,#784,.F.);
#2467 = ADVANCED_FACE('',(#2468,#2496,#2612,#2829,#3050),#91,.F.);
#2468 = FACE_BOUND('',#2469,.T.);
#2469 = EDGE_LOOP('',(#2470,#2471,#2472,#2473,#2474,#2475));
#2470 = ORIENTED_EDGE('',*,*,#74,.T.);
#2471 = ORIENTED_EDGE('',*,*,#167,.T.);
#2472 = ORIENTED_EDGE('',*,*,#361,.T.);
#2473 = ORIENTED_EDGE('',*,*,#477,.F.);
#2474 = ORIENTED_EDGE('',*,*,#2288,.F.);
#2475 = ORIENTED_EDGE('',*,*,#2476,.F.);
#2476 = EDGE_CURVE('',#40,#2266,#2477,.T.);
#2477 = SURFACE_CURVE('',#2478,(#2482,#2489),.PCURVE_S1.);
#2478 = LINE('',#2479,#2480);
#2479 = CARTESIAN_POINT('',(9.636417979902,8.,2.680217875318));
#2480 = VECTOR('',#2481,1.);
#2481 = DIRECTION('',(0.968594740241,0.,0.248644785141));
#2482 = PCURVE('',#91,#2483);
#2483 = DEFINITIONAL_REPRESENTATION('',(#2484),#2488);
#2484 = LINE('',#2485,#2486);
#2485 = CARTESIAN_POINT('',(107.10250594613,-4.990545050646E-15));
#2486 = VECTOR('',#2487,1.);
#2487 = DIRECTION('',(1.,-3.081684203407E-17));
#2488 = ( GEOMETRIC_REPRESENTATION_CONTEXT(2) 
PARAMETRIC_REPRESENTATION_CONTEXT() REPRESENTATION_CONTEXT('2D SPACE',''
  ) );
#2489 = PCURVE('',#62,#2490);
#2490 = DEFINITIONAL_REPRESENTATION('',(#2491),#2495);
#2491 = LINE('',#2492,#2493);
#2492 = CARTESIAN_POINT('',(0.,-0.5));
#2493 = VECTOR('',#2494,1.);
#2494 = DIRECTION('',(1.,0.));
#2495 = ( GEOMETRIC_REPRESENTATION_CONTEXT(2) 
PARAMETRIC_REPRESENTATION_CONTEXT() REPRESENTATION_CONTEXT('2D SPACE',''
  ) );
#2496 = FACE_BOUND('',#2497,.T.);
#2497 = EDGE_LOOP('',(#2498,#2529,#2557,#2586));
#2498 = ORIENTED_EDGE('',*,*,#2499,.F.);
#2499 = EDGE_CURVE('',#2500,#2502,#2504,.T.);
#2500 = VERTEX_POINT('',#2501);
#2501 = CARTESIAN_POINT('',(10.411067851793,8.,-21.09729980392));
#2502 = VERTEX_POINT('',#2503);
#2503 = CARTESIAN_POINT('',(10.411067851793,8.,-26.80322360352));
#2504 = SURFACE_CURVE('',#2505,(#2510,#2517),.PCURVE_S1.);
#2505 = CIRCLE('',#2506,104.55250594613);
#2506 = AXIS2_PLACEMENT_3D('',#2507,#2508,#2509);
#2507 = CARTESIAN_POINT('',(-94.10250594613,8.,-23.95026170372));
#2508 = DIRECTION('',(0.,1.,0.));
#2509 = DIRECTION('',(0.999627630655,-0.,2.728736029787E-02));
#2510 = PCURVE('',#91,#2511);
#2511 = DEFINITIONAL_REPRESENTATION('',(#2512),#2516);
#2512 = CIRCLE('',#2513,104.55250594613);
#2513 = AXIS2_PLACEMENT_2D('',#2514,#2515);
#2514 = CARTESIAN_POINT('',(0.,0.));
#2515 = DIRECTION('',(0.97501892509,0.222121803786));
#2516 = ( GEOMETRIC_REPRESENTATION_CONTEXT(2) 
PARAMETRIC_REPRESENTATION_CONTEXT() REPRESENTATION_CONTEXT('2D SPACE',''
  ) );
#2517 = PCURVE('',#2518,#2523);
#2518 = CYLINDRICAL_SURFACE('',#2519,104.55250594613);
#2519 = AXIS2_PLACEMENT_3D('',#2520,#2521,#2522);
#2520 = CARTESIAN_POINT('',(-94.10250594613,8.25,-23.95026170372));
#2521 = DIRECTION('',(0.,1.,0.));
#2522 = DIRECTION('',(0.999627630655,-0.,2.728736029787E-02));
#2523 = DEFINITIONAL_REPRESENTATION('',(#2524),#2528);
#2524 = LINE('',#2525,#2526);
#2525 = CARTESIAN_POINT('',(0.,-0.25));
#2526 = VECTOR('',#2527,1.);
#2527 = DIRECTION('',(1.,0.));
#2528 = ( GEOMETRIC_REPRESENTATION_CONTEXT(2) 
PARAMETRIC_REPRESENTATION_CONTEXT() REPRESENTATION_CONTEXT('2D SPACE',''
  ) );
#2529 = ORIENTED_EDGE('',*,*,#2530,.T.);
#2530 = EDGE_CURVE('',#2500,#2531,#2533,.T.);
#2531 = VERTEX_POINT('',#2532);
#2532 = CARTESIAN_POINT('',(15.709094294262,8.,-20.95267679434));
#2533 = SURFACE_CURVE('',#2534,(#2538,#2545),.PCURVE_S1.);
#2534 = LINE('',#2535,#2536);
#2535 = CARTESIAN_POINT('',(13.060081073027,8.,-21.02498829913));
#2536 = VECTOR('',#2537,1.);
#2537 = DIRECTION('',(0.999627630655,0.,2.728736029787E-02));
#2538 = PCURVE('',#91,#2539);
#2539 = DEFINITIONAL_REPRESENTATION('',(#2540),#2544);
#2540 = LINE('',#2541,#2542);
#2541 = CARTESIAN_POINT('',(104.52447211452,23.812013991086));
#2542 = VECTOR('',#2543,1.);
#2543 = DIRECTION('',(0.97501892509,0.222121803786));
#2544 = ( GEOMETRIC_REPRESENTATION_CONTEXT(2) 
PARAMETRIC_REPRESENTATION_CONTEXT() REPRESENTATION_CONTEXT('2D SPACE',''
  ) );
#2545 = PCURVE('',#2546,#2551);
#2546 = PLANE('',#2547);
#2547 = AXIS2_PLACEMENT_3D('',#2548,#2549,#2550);
#2548 = CARTESIAN_POINT('',(13.060081073027,8.25,-21.02498829913));
#2549 = DIRECTION('',(-2.728736029787E-02,0.,0.999627630655));
#2550 = DIRECTION('',(0.999627630655,0.,2.728736029787E-02));
#2551 = DEFINITIONAL_REPRESENTATION('',(#2552),#2556);
#2552 = LINE('',#2553,#2554);
#2553 = CARTESIAN_POINT('',(0.,-0.25));
#2554 = VECTOR('',#2555,1.);
#2555 = DIRECTION('',(1.,0.));
#2556 = ( GEOMETRIC_REPRESENTATION_CONTEXT(2) 
PARAMETRIC_REPRESENTATION_CONTEXT() REPRESENTATION_CONTEXT('2D SPACE',''
  ) );
#2557 = ORIENTED_EDGE('',*,*,#2558,.T.);
#2558 = EDGE_CURVE('',#2531,#2559,#2561,.T.);
#2559 = VERTEX_POINT('',#2560);
#2560 = CARTESIAN_POINT('',(15.709094294262,8.,-26.94784661309));
#2561 = SURFACE_CURVE('',#2562,(#2567,#2574),.PCURVE_S1.);
#2562 = CIRCLE('',#2563,109.85250594613);
#2563 = AXIS2_PLACEMENT_3D('',#2564,#2565,#2566);
#2564 = CARTESIAN_POINT('',(-94.10250594613,8.,-23.95026170372));
#2565 = DIRECTION('',(0.,1.,0.));
#2566 = DIRECTION('',(0.999627630655,-0.,2.728736029787E-02));
#2567 = PCURVE('',#91,#2568);
#2568 = DEFINITIONAL_REPRESENTATION('',(#2569),#2573);
#2569 = CIRCLE('',#2570,109.85250594613);
#2570 = AXIS2_PLACEMENT_2D('',#2571,#2572);
#2571 = CARTESIAN_POINT('',(0.,0.));
#2572 = DIRECTION('',(0.97501892509,0.222121803786));
#2573 = ( GEOMETRIC_REPRESENTATION_CONTEXT(2) 
PARAMETRIC_REPRESENTATION_CONTEXT() REPRESENTATION_CONTEXT('2D SPACE',''
  ) );
#2574 = PCURVE('',#2575,#2580);
#2575 = CYLINDRICAL_SURFACE('',#2576,109.85250594613);
#2576 = AXIS2_PLACEMENT_3D('',#2577,#2578,#2579);
#2577 = CARTESIAN_POINT('',(-94.10250594613,8.25,-23.95026170372));
#2578 = DIRECTION('',(0.,1.,0.));
#2579 = DIRECTION('',(0.999627630655,-0.,2.728736029787E-02));
#2580 = DEFINITIONAL_REPRESENTATION('',(#2581),#2585);
#2581 = LINE('',#2582,#2583);
#2582 = CARTESIAN_POINT('',(0.,-0.25));
#2583 = VECTOR('',#2584,1.);
#2584 = DIRECTION('',(1.,0.));
#2585 = ( GEOMETRIC_REPRESENTATION_CONTEXT(2) 
PARAMETRIC_REPRESENTATION_CONTEXT() REPRESENTATION_CONTEXT('2D SPACE',''
  ) );
#2586 = ORIENTED_EDGE('',*,*,#2587,.F.);
#2587 = EDGE_CURVE('',#2502,#2559,#2588,.T.);
#2588 = SURFACE_CURVE('',#2589,(#2593,#2600),.PCURVE_S1.);
#2589 = LINE('',#2590,#2591);
#2590 = CARTESIAN_POINT('',(13.060081073027,8.,-26.87553510831));
#2591 = VECTOR('',#2592,1.);
#2592 = DIRECTION('',(0.999627630655,0.,-2.728736029787E-02));
#2593 = PCURVE('',#91,#2594);
#2594 = DEFINITIONAL_REPRESENTATION('',(#2595),#2599);
#2595 = LINE('',#2596,#2597);
#2596 = CARTESIAN_POINT('',(103.06976416019,29.478822857984));
#2597 = VECTOR('',#2598,1.);
#2598 = DIRECTION('',(0.961449205413,0.274982591105));
#2599 = ( GEOMETRIC_REPRESENTATION_CONTEXT(2) 
PARAMETRIC_REPRESENTATION_CONTEXT() REPRESENTATION_CONTEXT('2D SPACE',''
  ) );
#2600 = PCURVE('',#2601,#2606);
#2601 = PLANE('',#2602);
#2602 = AXIS2_PLACEMENT_3D('',#2603,#2604,#2605);
#2603 = CARTESIAN_POINT('',(13.060081073027,8.25,-26.87553510831));
#2604 = DIRECTION('',(2.728736029787E-02,0.,0.999627630655));
#2605 = DIRECTION('',(0.999627630655,0.,-2.728736029787E-02));
#2606 = DEFINITIONAL_REPRESENTATION('',(#2607),#2611);
#2607 = LINE('',#2608,#2609);
#2608 = CARTESIAN_POINT('',(0.,-0.25));
#2609 = VECTOR('',#2610,1.);
#2610 = DIRECTION('',(1.,0.));
#2611 = ( GEOMETRIC_REPRESENTATION_CONTEXT(2) 
PARAMETRIC_REPRESENTATION_CONTEXT() REPRESENTATION_CONTEXT('2D SPACE',''
  ) );
#2612 = FACE_BOUND('',#2613,.T.);
#2613 = EDGE_LOOP('',(#2614,#2645,#2671,#2700,#2726,#2750,#2776,#2805));
#2614 = ORIENTED_EDGE('',*,*,#2615,.F.);
#2615 = EDGE_CURVE('',#2616,#2618,#2620,.T.);
#2616 = VERTEX_POINT('',#2617);
#2617 = CARTESIAN_POINT('',(4.587611048323,8.,-28.22159505741));
#2618 = VERTEX_POINT('',#2619);
#2619 = CARTESIAN_POINT('',(4.509856967879,8.,-29.74554957516));
#2620 = SURFACE_CURVE('',#2621,(#2626,#2633),.PCURVE_S1.);
#2621 = CIRCLE('',#2622,98.782505946136);
#2622 = AXIS2_PLACEMENT_3D('',#2623,#2624,#2625);
#2623 = CARTESIAN_POINT('',(-94.10250594613,8.,-23.95026170372));
#2624 = DIRECTION('',(0.,1.,0.));
#2625 = DIRECTION('',(0.999064723548,0.,-4.323977522924E-02));
#2626 = PCURVE('',#91,#2627);
#2627 = DEFINITIONAL_REPRESENTATION('',(#2628),#2632);
#2628 = CIRCLE('',#2629,98.782505946136);
#2629 = AXIS2_PLACEMENT_2D('',#2630,#2631);
#2630 = CARTESIAN_POINT('',(0.,0.));
#2631 = DIRECTION('',(0.956937491767,0.290294052385));
#2632 = ( GEOMETRIC_REPRESENTATION_CONTEXT(2) 
PARAMETRIC_REPRESENTATION_CONTEXT() REPRESENTATION_CONTEXT('2D SPACE',''
  ) );
#2633 = PCURVE('',#2634,#2639);
#2634 = CYLINDRICAL_SURFACE('',#2635,98.782505946136);
#2635 = AXIS2_PLACEMENT_3D('',#2636,#2637,#2638);
#2636 = CARTESIAN_POINT('',(-94.10250594613,8.,-23.95026170372));
#2637 = DIRECTION('',(0.,1.,0.));
#2638 = DIRECTION('',(0.999064723548,0.,-4.323977522924E-02));
#2639 = DEFINITIONAL_REPRESENTATION('',(#2640),#2644);
#2640 = LINE('',#2641,#2642);
#2641 = CARTESIAN_POINT('',(0.,0.));
#2642 = VECTOR('',#2643,1.);
#2643 = DIRECTION('',(1.,0.));
#2644 = ( GEOMETRIC_REPRESENTATION_CONTEXT(2) 
PARAMETRIC_REPRESENTATION_CONTEXT() REPRESENTATION_CONTEXT('2D SPACE',''
  ) );
#2645 = ORIENTED_EDGE('',*,*,#2646,.F.);
#2646 = EDGE_CURVE('',#2647,#2616,#2649,.T.);
#2647 = VERTEX_POINT('',#2648);
#2648 = CARTESIAN_POINT('',(5.087143410097,8.,-28.24321494502));
#2649 = SURFACE_CURVE('',#2650,(#2654,#2660),.PCURVE_S1.);
#2650 = LINE('',#2651,#2652);
#2651 = CARTESIAN_POINT('',(-44.63256435846,8.,-26.09133335247));
#2652 = VECTOR('',#2653,1.);
#2653 = DIRECTION('',(-0.999064723548,0.,4.323977522924E-02));
#2654 = PCURVE('',#91,#2655);
#2655 = DEFINITIONAL_REPRESENTATION('',(#2656),#2659);
#2656 = B_SPLINE_CURVE_WITH_KNOTS('',1,(#2657,#2658),.UNSPECIFIED.,.F.,
  .F.,(2,2),(-49.76625297306,-49.26625297306),.PIECEWISE_BEZIER_KNOTS.);
#2657 = CARTESIAN_POINT('',(95.007152216474,28.821120982022));
#2658 = CARTESIAN_POINT('',(94.52868347059,28.67597395583));
#2659 = ( GEOMETRIC_REPRESENTATION_CONTEXT(2) 
PARAMETRIC_REPRESENTATION_CONTEXT() REPRESENTATION_CONTEXT('2D SPACE',''
  ) );
#2660 = PCURVE('',#2661,#2666);
#2661 = PLANE('',#2662);
#2662 = AXIS2_PLACEMENT_3D('',#2663,#2664,#2665);
#2663 = CARTESIAN_POINT('',(4.83737722921,8.,-28.23240500122));
#2664 = DIRECTION('',(4.323977522924E-02,0.,0.999064723548));
#2665 = DIRECTION('',(0.999064723548,0.,-4.323977522924E-02));
#2666 = DEFINITIONAL_REPRESENTATION('',(#2667),#2670);
#2667 = B_SPLINE_CURVE_WITH_KNOTS('',1,(#2668,#2669),.UNSPECIFIED.,.F.,
  .F.,(2,2),(-49.76625297306,-49.26625297306),.PIECEWISE_BEZIER_KNOTS.);
#2668 = CARTESIAN_POINT('',(0.25,0.));
#2669 = CARTESIAN_POINT('',(-0.25,0.));
#2670 = ( GEOMETRIC_REPRESENTATION_CONTEXT(2) 
PARAMETRIC_REPRESENTATION_CONTEXT() REPRESENTATION_CONTEXT('2D SPACE',''
  ) );
#2671 = ORIENTED_EDGE('',*,*,#2672,.T.);
#2672 = EDGE_CURVE('',#2647,#2673,#2675,.T.);
#2673 = VERTEX_POINT('',#2674);
#2674 = CARTESIAN_POINT('',(4.496572146161,8.,-35.57943993323));
#2675 = SURFACE_CURVE('',#2676,(#2681,#2688),.PCURVE_S1.);
#2676 = CIRCLE('',#2677,99.282505946136);
#2677 = AXIS2_PLACEMENT_3D('',#2678,#2679,#2680);
#2678 = CARTESIAN_POINT('',(-94.10250594613,8.,-23.95026170372));
#2679 = DIRECTION('',(0.,1.,0.));
#2680 = DIRECTION('',(0.999064723548,0.,-4.323977522924E-02));
#2681 = PCURVE('',#91,#2682);
#2682 = DEFINITIONAL_REPRESENTATION('',(#2683),#2687);
#2683 = CIRCLE('',#2684,99.282505946136);
#2684 = AXIS2_PLACEMENT_2D('',#2685,#2686);
#2685 = CARTESIAN_POINT('',(0.,0.));
#2686 = DIRECTION('',(0.956937491767,0.290294052385));
#2687 = ( GEOMETRIC_REPRESENTATION_CONTEXT(2) 
PARAMETRIC_REPRESENTATION_CONTEXT() REPRESENTATION_CONTEXT('2D SPACE',''
  ) );
#2688 = PCURVE('',#2689,#2694);
#2689 = CYLINDRICAL_SURFACE('',#2690,99.282505946136);
#2690 = AXIS2_PLACEMENT_3D('',#2691,#2692,#2693);
#2691 = CARTESIAN_POINT('',(-94.10250594613,8.,-23.95026170372));
#2692 = DIRECTION('',(0.,1.,0.));
#2693 = DIRECTION('',(0.999064723548,0.,-4.323977522924E-02));
#2694 = DEFINITIONAL_REPRESENTATION('',(#2695),#2699);
#2695 = LINE('',#2696,#2697);
#2696 = CARTESIAN_POINT('',(-3.212569781531E-18,0.));
#2697 = VECTOR('',#2698,1.);
#2698 = DIRECTION('',(1.,0.));
#2699 = ( GEOMETRIC_REPRESENTATION_CONTEXT(2) 
PARAMETRIC_REPRESENTATION_CONTEXT() REPRESENTATION_CONTEXT('2D SPACE',''
  ) );
#2700 = ORIENTED_EDGE('',*,*,#2701,.T.);
#2701 = EDGE_CURVE('',#2673,#2702,#2704,.T.);
#2702 = VERTEX_POINT('',#2703);
#2703 = CARTESIAN_POINT('',(4.000013980386,8.,-35.5208738338));
#2704 = SURFACE_CURVE('',#2705,(#2709,#2715),.PCURVE_S1.);
#2705 = LINE('',#2706,#2707);
#2706 = CARTESIAN_POINT('',(-44.92710644143,8.,-29.75020929362));
#2707 = VECTOR('',#2708,1.);
#2708 = DIRECTION('',(-0.99311633155,0.,0.117132198857));
#2709 = PCURVE('',#91,#2710);
#2710 = DEFINITIONAL_REPRESENTATION('',(#2711),#2714);
#2711 = B_SPLINE_CURVE_WITH_KNOTS('',1,(#2712,#2713),.UNSPECIFIED.,.F.,
  .F.,(2,2),(-49.76625297306,-49.26625297306),.PIECEWISE_BEZIER_KNOTS.);
#2712 = CARTESIAN_POINT('',(92.61101391055,35.780107453787));
#2713 = CARTESIAN_POINT('',(92.144612438166,35.599914039485));
#2714 = ( GEOMETRIC_REPRESENTATION_CONTEXT(2) 
PARAMETRIC_REPRESENTATION_CONTEXT() REPRESENTATION_CONTEXT('2D SPACE',''
  ) );
#2715 = PCURVE('',#2716,#2721);
#2716 = PLANE('',#2717);
#2717 = AXIS2_PLACEMENT_3D('',#2718,#2719,#2720);
#2718 = CARTESIAN_POINT('',(4.248293063273,8.,-35.55015688351));
#2719 = DIRECTION('',(0.117132198857,0.,0.99311633155));
#2720 = DIRECTION('',(0.99311633155,0.,-0.117132198857));
#2721 = DEFINITIONAL_REPRESENTATION('',(#2722),#2725);
#2722 = B_SPLINE_CURVE_WITH_KNOTS('',1,(#2723,#2724),.UNSPECIFIED.,.F.,
  .F.,(2,2),(-49.76625297306,-49.26625297306),.PIECEWISE_BEZIER_KNOTS.);
#2723 = CARTESIAN_POINT('',(0.25,0.));
#2724 = CARTESIAN_POINT('',(-0.25,0.));
#2725 = ( GEOMETRIC_REPRESENTATION_CONTEXT(2) 
PARAMETRIC_REPRESENTATION_CONTEXT() REPRESENTATION_CONTEXT('2D SPACE',''
  ) );
#2726 = ORIENTED_EDGE('',*,*,#2727,.F.);
#2727 = EDGE_CURVE('',#2728,#2702,#2730,.T.);
#2728 = VERTEX_POINT('',#2729);
#2729 = CARTESIAN_POINT('',(4.430710148673,8.,-30.96373495255));
#2730 = SURFACE_CURVE('',#2731,(#2736,#2743),.PCURVE_S1.);
#2731 = CIRCLE('',#2732,98.782505946136);
#2732 = AXIS2_PLACEMENT_3D('',#2733,#2734,#2735);
#2733 = CARTESIAN_POINT('',(-94.10250594613,8.,-23.95026170372));
#2734 = DIRECTION('',(0.,1.,0.));
#2735 = DIRECTION('',(0.999064723548,0.,-4.323977522924E-02));
#2736 = PCURVE('',#91,#2737);
#2737 = DEFINITIONAL_REPRESENTATION('',(#2738),#2742);
#2738 = CIRCLE('',#2739,98.782505946136);
#2739 = AXIS2_PLACEMENT_2D('',#2740,#2741);
#2740 = CARTESIAN_POINT('',(0.,0.));
#2741 = DIRECTION('',(0.956937491767,0.290294052385));
#2742 = ( GEOMETRIC_REPRESENTATION_CONTEXT(2) 
PARAMETRIC_REPRESENTATION_CONTEXT() REPRESENTATION_CONTEXT('2D SPACE',''
  ) );
#2743 = PCURVE('',#2634,#2744);
#2744 = DEFINITIONAL_REPRESENTATION('',(#2745),#2749);
#2745 = LINE('',#2746,#2747);
#2746 = CARTESIAN_POINT('',(0.,0.));
#2747 = VECTOR('',#2748,1.);
#2748 = DIRECTION('',(1.,0.));
#2749 = ( GEOMETRIC_REPRESENTATION_CONTEXT(2) 
PARAMETRIC_REPRESENTATION_CONTEXT() REPRESENTATION_CONTEXT('2D SPACE',''
  ) );
#2750 = ORIENTED_EDGE('',*,*,#2751,.T.);
#2751 = EDGE_CURVE('',#2728,#2752,#2754,.T.);
#2752 = VERTEX_POINT('',#2753);
#2753 = CARTESIAN_POINT('',(4.071618653125,8.,-30.93817526114));
#2754 = SURFACE_CURVE('',#2755,(#2759,#2765),.PCURVE_S1.);
#2755 = LINE('',#2756,#2757);
#2756 = CARTESIAN_POINT('',(-44.80098622555,8.,-27.45948329814));
#2757 = VECTOR('',#2758,1.);
#2758 = DIRECTION('',(-0.997476376521,0.,7.099914283062E-02));
#2759 = PCURVE('',#91,#2760);
#2760 = DEFINITIONAL_REPRESENTATION('',(#2761),#2764);
#2761 = B_SPLINE_CURVE_WITH_KNOTS('',1,(#2762,#2763),.UNSPECIFIED.,.F.,
  .F.,(2,2),(-49.85625297306,-48.99625297306),.PIECEWISE_BEZIER_KNOTS.);
#2762 = CARTESIAN_POINT('',(94.169139701994,31.451376992604));
#2763 = CARTESIAN_POINT('',(93.353432449523,31.178940434362));
#2764 = ( GEOMETRIC_REPRESENTATION_CONTEXT(2) 
PARAMETRIC_REPRESENTATION_CONTEXT() REPRESENTATION_CONTEXT('2D SPACE',''
  ) );
#2765 = PCURVE('',#2766,#2771);
#2766 = PLANE('',#2767);
#2767 = AXIS2_PLACEMENT_3D('',#2768,#2769,#2770);
#2768 = CARTESIAN_POINT('',(4.500533495029,7.9,-30.96870489255));
#2769 = DIRECTION('',(7.099914283062E-02,0.,0.997476376521));
#2770 = DIRECTION('',(0.997476376521,0.,-7.099914283062E-02));
#2771 = DEFINITIONAL_REPRESENTATION('',(#2772),#2775);
#2772 = B_SPLINE_CURVE_WITH_KNOTS('',1,(#2773,#2774),.UNSPECIFIED.,.F.,
  .F.,(2,2),(-49.85625297306,-48.99625297306),.PIECEWISE_BEZIER_KNOTS.);
#2773 = CARTESIAN_POINT('',(0.43,1.E-01));
#2774 = CARTESIAN_POINT('',(-0.43,1.E-01));
#2775 = ( GEOMETRIC_REPRESENTATION_CONTEXT(2) 
PARAMETRIC_REPRESENTATION_CONTEXT() REPRESENTATION_CONTEXT('2D SPACE',''
  ) );
#2776 = ORIENTED_EDGE('',*,*,#2777,.F.);
#2777 = EDGE_CURVE('',#2778,#2752,#2780,.T.);
#2778 = VERTEX_POINT('',#2779);
#2779 = CARTESIAN_POINT('',(4.150477032039,8.,-29.72442940197));
#2780 = SURFACE_CURVE('',#2781,(#2786,#2793),.PCURVE_S1.);
#2781 = CIRCLE('',#2782,98.422505946136);
#2782 = AXIS2_PLACEMENT_3D('',#2783,#2784,#2785);
#2783 = CARTESIAN_POINT('',(-94.10250594613,8.,-23.95026170372));
#2784 = DIRECTION('',(0.,1.,0.));
#2785 = DIRECTION('',(0.998277599556,0.,-5.866714774987E-02));
#2786 = PCURVE('',#91,#2787);
#2787 = DEFINITIONAL_REPRESENTATION('',(#2788),#2792);
#2788 = CIRCLE('',#2789,98.422505946136);
#2789 = AXIS2_PLACEMENT_2D('',#2790,#2791);
#2790 = CARTESIAN_POINT('',(0.,0.));
#2791 = DIRECTION('',(0.952339151883,0.305041209988));
#2792 = ( GEOMETRIC_REPRESENTATION_CONTEXT(2) 
PARAMETRIC_REPRESENTATION_CONTEXT() REPRESENTATION_CONTEXT('2D SPACE',''
  ) );
#2793 = PCURVE('',#2794,#2799);
#2794 = CYLINDRICAL_SURFACE('',#2795,98.422505946136);
#2795 = AXIS2_PLACEMENT_3D('',#2796,#2797,#2798);
#2796 = CARTESIAN_POINT('',(-94.10250594613,7.9,-23.95026170372));
#2797 = DIRECTION('',(0.,1.,0.));
#2798 = DIRECTION('',(0.998277599556,0.,-5.866714774987E-02));
#2799 = DEFINITIONAL_REPRESENTATION('',(#2800),#2804);
#2800 = LINE('',#2801,#2802);
#2801 = CARTESIAN_POINT('',(0.,1.E-01));
#2802 = VECTOR('',#2803,1.);
#2803 = DIRECTION('',(1.,0.));
#2804 = ( GEOMETRIC_REPRESENTATION_CONTEXT(2) 
PARAMETRIC_REPRESENTATION_CONTEXT() REPRESENTATION_CONTEXT('2D SPACE',''
  ) );
#2805 = ORIENTED_EDGE('',*,*,#2806,.F.);
#2806 = EDGE_CURVE('',#2618,#2778,#2807,.T.);
#2807 = SURFACE_CURVE('',#2808,(#2812,#2818),.PCURVE_S1.);
#2808 = LINE('',#2809,#2810);
#2809 = CARTESIAN_POINT('',(-44.76138477314,8.,-26.84995898961));
#2810 = VECTOR('',#2811,1.);
#2811 = DIRECTION('',(-0.998277599556,0.,5.866714774987E-02));
#2812 = PCURVE('',#91,#2813);
#2813 = DEFINITIONAL_REPRESENTATION('',(#2814),#2817);
#2814 = B_SPLINE_CURVE_WITH_KNOTS('',1,(#2815,#2816),.UNSPECIFIED.,.F.,
  .F.,(2,2),(-49.85625297306,-48.99625297306),.PIECEWISE_BEZIER_KNOTS.);
#2815 = CARTESIAN_POINT('',(94.55061750955,30.285255744459));
#2816 = CARTESIAN_POINT('',(93.731605838931,30.02292030387));
#2817 = ( GEOMETRIC_REPRESENTATION_CONTEXT(2) 
PARAMETRIC_REPRESENTATION_CONTEXT() REPRESENTATION_CONTEXT('2D SPACE',''
  ) );
#2818 = PCURVE('',#2819,#2824);
#2819 = PLANE('',#2820);
#2820 = AXIS2_PLACEMENT_3D('',#2821,#2822,#2823);
#2821 = CARTESIAN_POINT('',(4.579736399848,7.9,-29.74965627551));
#2822 = DIRECTION('',(5.866714774987E-02,0.,0.998277599556));
#2823 = DIRECTION('',(0.998277599556,0.,-5.866714774987E-02));
#2824 = DEFINITIONAL_REPRESENTATION('',(#2825),#2828);
#2825 = B_SPLINE_CURVE_WITH_KNOTS('',1,(#2826,#2827),.UNSPECIFIED.,.F.,
  .F.,(2,2),(-49.85625297306,-48.99625297306),.PIECEWISE_BEZIER_KNOTS.);
#2826 = CARTESIAN_POINT('',(0.43,1.E-01));
#2827 = CARTESIAN_POINT('',(-0.43,1.E-01));
#2828 = ( GEOMETRIC_REPRESENTATION_CONTEXT(2) 
PARAMETRIC_REPRESENTATION_CONTEXT() REPRESENTATION_CONTEXT('2D SPACE',''
  ) );
#2829 = FACE_BOUND('',#2830,.T.);
#2830 = EDGE_LOOP('',(#2831,#2866,#2892,#2921,#2947,#2976,#3002,#3026));
#2831 = ORIENTED_EDGE('',*,*,#2832,.T.);
#2832 = EDGE_CURVE('',#2833,#2835,#2837,.T.);
#2833 = VERTEX_POINT('',#2834);
#2834 = CARTESIAN_POINT('',(20.0289115716,8.,-37.41138752335));
#2835 = VERTEX_POINT('',#2836);
#2836 = CARTESIAN_POINT('',(20.712515686389,8.,-28.91948502961));
#2837 = SURFACE_CURVE('',#2838,(#2843,#2854),.PCURVE_S1.);
#2838 = CIRCLE('',#2839,114.92250594613);
#2839 = AXIS2_PLACEMENT_3D('',#2840,#2841,#2842);
#2840 = CARTESIAN_POINT('',(-94.10250594613,8.,-23.95026170372));
#2841 = DIRECTION('',(0.,-1.,0.));
#2842 = DIRECTION('',(0.99311633155,0.,-0.117132198857));
#2843 = PCURVE('',#91,#2844);
#2844 = DEFINITIONAL_REPRESENTATION('',(#2845),#2853);
#2845 = ( BOUNDED_CURVE() B_SPLINE_CURVE(2,(#2846,#2847,#2848,#2849,
#2850,#2851,#2852),.UNSPECIFIED.,.T.,.F.) B_SPLINE_CURVE_WITH_KNOTS((1,2
    ,2,2,2,1),(-2.094395102393,0.,2.094395102393,4.188790204786,
6.28318530718,8.377580409573),.UNSPECIFIED.) CURVE() 
GEOMETRIC_REPRESENTATION_ITEM() RATIONAL_B_SPLINE_CURVE((1.,0.5,1.,0.5,
1.,0.5,1.)) REPRESENTATION_ITEM('') );
#2846 = CARTESIAN_POINT('',(107.20005196672,41.416557453153));
#2847 = CARTESIAN_POINT('',(178.93563375018,-144.2593791272));
#2848 = CARTESIAN_POINT('',(-17.73223509163,-113.5462470167));
#2849 = CARTESIAN_POINT('',(-214.4001039334,-82.8331149063));
#2850 = CARTESIAN_POINT('',(-89.46781687509,72.129689563623));
#2851 = CARTESIAN_POINT('',(35.464470183272,227.09249403355));
#2852 = CARTESIAN_POINT('',(107.20005196672,41.416557453153));
#2853 = ( GEOMETRIC_REPRESENTATION_CONTEXT(2) 
PARAMETRIC_REPRESENTATION_CONTEXT() REPRESENTATION_CONTEXT('2D SPACE',''
  ) );
#2854 = PCURVE('',#2855,#2860);
#2855 = CYLINDRICAL_SURFACE('',#2856,114.92250594613);
#2856 = AXIS2_PLACEMENT_3D('',#2857,#2858,#2859);
#2857 = CARTESIAN_POINT('',(-94.10250594613,8.,-23.95026170372));
#2858 = DIRECTION('',(0.,1.,0.));
#2859 = DIRECTION('',(0.999064723548,0.,-4.323977522924E-02));
#2860 = DEFINITIONAL_REPRESENTATION('',(#2861),#2865);
#2861 = LINE('',#2862,#2863);
#2862 = CARTESIAN_POINT('',(7.414844683817E-02,0.));
#2863 = VECTOR('',#2864,1.);
#2864 = DIRECTION('',(-1.,-0.));
#2865 = ( GEOMETRIC_REPRESENTATION_CONTEXT(2) 
PARAMETRIC_REPRESENTATION_CONTEXT() REPRESENTATION_CONTEXT('2D SPACE',''
  ) );
#2866 = ORIENTED_EDGE('',*,*,#2867,.F.);
#2867 = EDGE_CURVE('',#2868,#2835,#2870,.T.);
#2868 = VERTEX_POINT('',#2869);
#2869 = CARTESIAN_POINT('',(21.212048048163,8.,-28.94110491722));
#2870 = SURFACE_CURVE('',#2871,(#2875,#2881),.PCURVE_S1.);
#2871 = LINE('',#2872,#2873);
#2872 = CARTESIAN_POINT('',(-36.57011203943,8.,-26.44027833857));
#2873 = VECTOR('',#2874,1.);
#2874 = DIRECTION('',(-0.999064723548,0.,4.323977522924E-02));
#2875 = PCURVE('',#91,#2876);
#2876 = DEFINITIONAL_REPRESENTATION('',(#2877),#2880);
#2877 = B_SPLINE_CURVE_WITH_KNOTS('',1,(#2878,#2879),.UNSPECIFIED.,.F.,
  .F.,(2,2),(-57.83625297306,-57.33625297306),.PIECEWISE_BEZIER_KNOTS.);
#2878 = CARTESIAN_POINT('',(110.45212333359,33.506466987513));
#2879 = CARTESIAN_POINT('',(109.97365458771,33.36131996132));
#2880 = ( GEOMETRIC_REPRESENTATION_CONTEXT(2) 
PARAMETRIC_REPRESENTATION_CONTEXT() REPRESENTATION_CONTEXT('2D SPACE',''
  ) );
#2881 = PCURVE('',#2882,#2887);
#2882 = PLANE('',#2883);
#2883 = AXIS2_PLACEMENT_3D('',#2884,#2885,#2886);
#2884 = CARTESIAN_POINT('',(20.962281867276,8.,-28.93029497342));
#2885 = DIRECTION('',(4.323977522924E-02,0.,0.999064723548));
#2886 = DIRECTION('',(0.999064723548,0.,-4.323977522924E-02));
#2887 = DEFINITIONAL_REPRESENTATION('',(#2888),#2891);
#2888 = B_SPLINE_CURVE_WITH_KNOTS('',1,(#2889,#2890),.UNSPECIFIED.,.F.,
  .F.,(2,2),(-57.83625297306,-57.33625297306),.PIECEWISE_BEZIER_KNOTS.);
#2889 = CARTESIAN_POINT('',(0.25,0.));
#2890 = CARTESIAN_POINT('',(-0.25,0.));
#2891 = ( GEOMETRIC_REPRESENTATION_CONTEXT(2) 
PARAMETRIC_REPRESENTATION_CONTEXT() REPRESENTATION_CONTEXT('2D SPACE',''
  ) );
#2892 = ORIENTED_EDGE('',*,*,#2893,.T.);
#2893 = EDGE_CURVE('',#2868,#2894,#2896,.T.);
#2894 = VERTEX_POINT('',#2895);
#2895 = CARTESIAN_POINT('',(21.121196224488,8.,-30.72177091372));
#2896 = SURFACE_CURVE('',#2897,(#2902,#2909),.PCURVE_S1.);
#2897 = CIRCLE('',#2898,115.42250594613);
#2898 = AXIS2_PLACEMENT_3D('',#2899,#2900,#2901);
#2899 = CARTESIAN_POINT('',(-94.10250594613,8.,-23.95026170372));
#2900 = DIRECTION('',(0.,1.,0.));
#2901 = DIRECTION('',(0.999064723548,0.,-4.323977522924E-02));
#2902 = PCURVE('',#91,#2903);
#2903 = DEFINITIONAL_REPRESENTATION('',(#2904),#2908);
#2904 = CIRCLE('',#2905,115.42250594613);
#2905 = AXIS2_PLACEMENT_2D('',#2906,#2907);
#2906 = CARTESIAN_POINT('',(0.,0.));
#2907 = DIRECTION('',(0.956937491767,0.290294052385));
#2908 = ( GEOMETRIC_REPRESENTATION_CONTEXT(2) 
PARAMETRIC_REPRESENTATION_CONTEXT() REPRESENTATION_CONTEXT('2D SPACE',''
  ) );
#2909 = PCURVE('',#2910,#2915);
#2910 = CYLINDRICAL_SURFACE('',#2911,115.42250594613);
#2911 = AXIS2_PLACEMENT_3D('',#2912,#2913,#2914);
#2912 = CARTESIAN_POINT('',(-94.10250594613,8.,-23.95026170372));
#2913 = DIRECTION('',(0.,1.,0.));
#2914 = DIRECTION('',(0.999064723548,0.,-4.323977522924E-02));
#2915 = DEFINITIONAL_REPRESENTATION('',(#2916),#2920);
#2916 = LINE('',#2917,#2918);
#2917 = CARTESIAN_POINT('',(-3.238528917814E-18,0.));
#2918 = VECTOR('',#2919,1.);
#2919 = DIRECTION('',(1.,0.));
#2920 = ( GEOMETRIC_REPRESENTATION_CONTEXT(2) 
PARAMETRIC_REPRESENTATION_CONTEXT() REPRESENTATION_CONTEXT('2D SPACE',''
  ) );
#2921 = ORIENTED_EDGE('',*,*,#2922,.F.);
#2922 = EDGE_CURVE('',#2923,#2894,#2925,.T.);
#2923 = VERTEX_POINT('',#2924);
#2924 = CARTESIAN_POINT('',(21.480576160328,8.,-30.74289108691));
#2925 = SURFACE_CURVE('',#2926,(#2930,#2936),.PCURVE_S1.);
#2926 = LINE('',#2927,#2928);
#2927 = CARTESIAN_POINT('',(-36.5255945768,8.,-27.33396295855));
#2928 = VECTOR('',#2929,1.);
#2929 = DIRECTION('',(-0.998277599556,0.,5.866714774987E-02));
#2930 = PCURVE('',#91,#2931);
#2931 = DEFINITIONAL_REPRESENTATION('',(#2932),#2935);
#2932 = B_SPLINE_CURVE_WITH_KNOTS('',1,(#2933,#2934),.UNSPECIFIED.,.F.,
  .F.,(2,2),(-58.10625297306,-57.24625297306),.PIECEWISE_BEZIER_KNOTS.);
#2933 = CARTESIAN_POINT('',(110.26421351561,35.318435709263));
#2934 = CARTESIAN_POINT('',(109.44520184499,35.056100268673));
#2935 = ( GEOMETRIC_REPRESENTATION_CONTEXT(2) 
PARAMETRIC_REPRESENTATION_CONTEXT() REPRESENTATION_CONTEXT('2D SPACE',''
  ) );
#2936 = PCURVE('',#2937,#2942);
#2937 = PLANE('',#2938);
#2938 = AXIS2_PLACEMENT_3D('',#2939,#2940,#2941);
#2939 = CARTESIAN_POINT('',(21.051316792519,7.9,-30.71766421338));
#2940 = DIRECTION('',(5.866714774987E-02,0.,0.998277599556));
#2941 = DIRECTION('',(0.998277599556,0.,-5.866714774987E-02));
#2942 = DEFINITIONAL_REPRESENTATION('',(#2943),#2946);
#2943 = B_SPLINE_CURVE_WITH_KNOTS('',1,(#2944,#2945),.UNSPECIFIED.,.F.,
  .F.,(2,2),(-58.10625297306,-57.24625297306),.PIECEWISE_BEZIER_KNOTS.);
#2944 = CARTESIAN_POINT('',(0.43,1.E-01));
#2945 = CARTESIAN_POINT('',(-0.43,1.E-01));
#2946 = ( GEOMETRIC_REPRESENTATION_CONTEXT(2) 
PARAMETRIC_REPRESENTATION_CONTEXT() REPRESENTATION_CONTEXT('2D SPACE',''
  ) );
#2947 = ORIENTED_EDGE('',*,*,#2948,.T.);
#2948 = EDGE_CURVE('',#2923,#2949,#2951,.T.);
#2949 = VERTEX_POINT('',#2950);
#2950 = CARTESIAN_POINT('',(21.387808549528,8.,-32.17072038068));
#2951 = SURFACE_CURVE('',#2952,(#2957,#2964),.PCURVE_S1.);
#2952 = CIRCLE('',#2953,115.78250594613);
#2953 = AXIS2_PLACEMENT_3D('',#2954,#2955,#2956);
#2954 = CARTESIAN_POINT('',(-94.10250594613,8.,-23.95026170372));
#2955 = DIRECTION('',(0.,1.,0.));
#2956 = DIRECTION('',(0.998277599556,0.,-5.866714774987E-02));
#2957 = PCURVE('',#91,#2958);
#2958 = DEFINITIONAL_REPRESENTATION('',(#2959),#2963);
#2959 = CIRCLE('',#2960,115.78250594613);
#2960 = AXIS2_PLACEMENT_2D('',#2961,#2962);
#2961 = CARTESIAN_POINT('',(0.,0.));
#2962 = DIRECTION('',(0.952339151883,0.305041209988));
#2963 = ( GEOMETRIC_REPRESENTATION_CONTEXT(2) 
PARAMETRIC_REPRESENTATION_CONTEXT() REPRESENTATION_CONTEXT('2D SPACE',''
  ) );
#2964 = PCURVE('',#2965,#2970);
#2965 = CYLINDRICAL_SURFACE('',#2966,115.78250594613);
#2966 = AXIS2_PLACEMENT_3D('',#2967,#2968,#2969);
#2967 = CARTESIAN_POINT('',(-94.10250594613,7.9,-23.95026170372));
#2968 = DIRECTION('',(0.,1.,0.));
#2969 = DIRECTION('',(0.998277599556,0.,-5.866714774987E-02));
#2970 = DEFINITIONAL_REPRESENTATION('',(#2971),#2975);
#2971 = LINE('',#2972,#2973);
#2972 = CARTESIAN_POINT('',(0.,1.E-01));
#2973 = VECTOR('',#2974,1.);
#2974 = DIRECTION('',(1.,0.));
#2975 = ( GEOMETRIC_REPRESENTATION_CONTEXT(2) 
PARAMETRIC_REPRESENTATION_CONTEXT() REPRESENTATION_CONTEXT('2D SPACE',''
  ) );
#2976 = ORIENTED_EDGE('',*,*,#2977,.T.);
#2977 = EDGE_CURVE('',#2949,#2978,#2980,.T.);
#2978 = VERTEX_POINT('',#2979);
#2979 = CARTESIAN_POINT('',(21.028717053981,8.,-32.14516068926));
#2980 = SURFACE_CURVE('',#2981,(#2985,#2991),.PCURVE_S1.);
#2981 = LINE('',#2982,#2983);
#2982 = CARTESIAN_POINT('',(-36.57180611925,8.,-28.04522622649));
#2983 = VECTOR('',#2984,1.);
#2984 = DIRECTION('',(-0.997476376521,0.,7.099914283062E-02));
#2985 = PCURVE('',#91,#2986);
#2986 = DEFINITIONAL_REPRESENTATION('',(#2987),#2990);
#2987 = B_SPLINE_CURVE_WITH_KNOTS('',1,(#2988,#2989),.UNSPECIFIED.,.F.,
  .F.,(2,2),(-58.10625297306,-57.24625297306),.PIECEWISE_BEZIER_KNOTS.);
#2988 = CARTESIAN_POINT('',(109.81933698776,36.67835747051));
#2989 = CARTESIAN_POINT('',(109.00362973529,36.405920912267));
#2990 = ( GEOMETRIC_REPRESENTATION_CONTEXT(2) 
PARAMETRIC_REPRESENTATION_CONTEXT() REPRESENTATION_CONTEXT('2D SPACE',''
  ) );
#2991 = PCURVE('',#2992,#2997);
#2992 = PLANE('',#2993);
#2993 = AXIS2_PLACEMENT_3D('',#2994,#2995,#2996);
#2994 = CARTESIAN_POINT('',(20.958893707624,7.9,-32.14019074926));
#2995 = DIRECTION('',(7.099914283062E-02,0.,0.997476376521));
#2996 = DIRECTION('',(0.997476376521,0.,-7.099914283062E-02));
#2997 = DEFINITIONAL_REPRESENTATION('',(#2998),#3001);
#2998 = B_SPLINE_CURVE_WITH_KNOTS('',1,(#2999,#3000),.UNSPECIFIED.,.F.,
  .F.,(2,2),(-58.10625297306,-57.24625297306),.PIECEWISE_BEZIER_KNOTS.);
#2999 = CARTESIAN_POINT('',(0.43,1.E-01));
#3000 = CARTESIAN_POINT('',(-0.43,1.E-01));
#3001 = ( GEOMETRIC_REPRESENTATION_CONTEXT(2) 
PARAMETRIC_REPRESENTATION_CONTEXT() REPRESENTATION_CONTEXT('2D SPACE',''
  ) );
#3002 = ORIENTED_EDGE('',*,*,#3003,.T.);
#3003 = EDGE_CURVE('',#2978,#3004,#3006,.T.);
#3004 = VERTEX_POINT('',#3005);
#3005 = CARTESIAN_POINT('',(20.525469737374,8.,-37.46995362278));
#3006 = SURFACE_CURVE('',#3007,(#3012,#3019),.PCURVE_S1.);
#3007 = CIRCLE('',#3008,115.42250594613);
#3008 = AXIS2_PLACEMENT_3D('',#3009,#3010,#3011);
#3009 = CARTESIAN_POINT('',(-94.10250594613,8.,-23.95026170372));
#3010 = DIRECTION('',(0.,1.,0.));
#3011 = DIRECTION('',(0.999064723548,0.,-4.323977522924E-02));
#3012 = PCURVE('',#91,#3013);
#3013 = DEFINITIONAL_REPRESENTATION('',(#3014),#3018);
#3014 = CIRCLE('',#3015,115.42250594613);
#3015 = AXIS2_PLACEMENT_2D('',#3016,#3017);
#3016 = CARTESIAN_POINT('',(0.,0.));
#3017 = DIRECTION('',(0.956937491767,0.290294052385));
#3018 = ( GEOMETRIC_REPRESENTATION_CONTEXT(2) 
PARAMETRIC_REPRESENTATION_CONTEXT() REPRESENTATION_CONTEXT('2D SPACE',''
  ) );
#3019 = PCURVE('',#2910,#3020);
#3020 = DEFINITIONAL_REPRESENTATION('',(#3021),#3025);
#3021 = LINE('',#3022,#3023);
#3022 = CARTESIAN_POINT('',(-3.238528917814E-18,0.));
#3023 = VECTOR('',#3024,1.);
#3024 = DIRECTION('',(1.,0.));
#3025 = ( GEOMETRIC_REPRESENTATION_CONTEXT(2) 
PARAMETRIC_REPRESENTATION_CONTEXT() REPRESENTATION_CONTEXT('2D SPACE',''
  ) );
#3026 = ORIENTED_EDGE('',*,*,#3027,.T.);
#3027 = EDGE_CURVE('',#3004,#2833,#3028,.T.);
#3028 = SURFACE_CURVE('',#3029,(#3033,#3039),.PCURVE_S1.);
#3029 = LINE('',#3030,#3031);
#3030 = CARTESIAN_POINT('',(-36.91265764582,8.,-30.69546613839));
#3031 = VECTOR('',#3032,1.);
#3032 = DIRECTION('',(-0.99311633155,0.,0.117132198857));
#3033 = PCURVE('',#91,#3034);
#3034 = DEFINITIONAL_REPRESENTATION('',(#3035),#3038);
#3035 = B_SPLINE_CURVE_WITH_KNOTS('',1,(#3036,#3037),.UNSPECIFIED.,.F.,
  .F.,(2,2),(-57.83625297306,-57.33625297306),.PIECEWISE_BEZIER_KNOTS.);
#3036 = CARTESIAN_POINT('',(107.66645343911,41.596750867455));
#3037 = CARTESIAN_POINT('',(107.20005196672,41.416557453153));
#3038 = ( GEOMETRIC_REPRESENTATION_CONTEXT(2) 
PARAMETRIC_REPRESENTATION_CONTEXT() REPRESENTATION_CONTEXT('2D SPACE',''
  ) );
#3039 = PCURVE('',#3040,#3045);
#3040 = PLANE('',#3041);
#3041 = AXIS2_PLACEMENT_3D('',#3042,#3043,#3044);
#3042 = CARTESIAN_POINT('',(20.277190654487,8.,-37.44067057307));
#3043 = DIRECTION('',(0.117132198857,0.,0.99311633155));
#3044 = DIRECTION('',(0.99311633155,0.,-0.117132198857));
#3045 = DEFINITIONAL_REPRESENTATION('',(#3046),#3049);
#3046 = B_SPLINE_CURVE_WITH_KNOTS('',1,(#3047,#3048),.UNSPECIFIED.,.F.,
  .F.,(2,2),(-57.83625297306,-57.33625297306),.PIECEWISE_BEZIER_KNOTS.);
#3047 = CARTESIAN_POINT('',(0.25,0.));
#3048 = CARTESIAN_POINT('',(-0.25,0.));
#3049 = ( GEOMETRIC_REPRESENTATION_CONTEXT(2) 
PARAMETRIC_REPRESENTATION_CONTEXT() REPRESENTATION_CONTEXT('2D SPACE',''
  ) );
#3050 = FACE_BOUND('',#3051,.T.);
#3051 = EDGE_LOOP('',(#3052,#3080,#3106,#3132));
#3052 = ORIENTED_EDGE('',*,*,#3053,.T.);
#3053 = EDGE_CURVE('',#3054,#3056,#3058,.T.);
#3054 = VERTEX_POINT('',#3055);
#3055 = CARTESIAN_POINT('',(15.44402814541,8.,-41.23964265454));
#3056 = VERTEX_POINT('',#3057);
#3057 = CARTESIAN_POINT('',(9.912497674759,8.,-40.36661879905));
#3058 = SURFACE_CURVE('',#3059,(#3063,#3069),.PCURVE_S1.);
#3059 = LINE('',#3060,#3061);
#3060 = CARTESIAN_POINT('',(-42.09500413568,8.,-32.15844025138));
#3061 = VECTOR('',#3062,1.);
#3062 = DIRECTION('',(-0.987773298331,0.,0.155897117052));
#3063 = PCURVE('',#91,#3064);
#3064 = DEFINITIONAL_REPRESENTATION('',(#3065),#3068);
#3065 = B_SPLINE_CURVE_WITH_KNOTS('',1,(#3066,#3067),.UNSPECIFIED.,.F.,
  .F.,(2,2),(-58.51911011592,-52.51732440164),.PIECEWISE_BEZIER_KNOTS.);
#3066 = CARTESIAN_POINT('',(102.05317223598,44.090811581454));
#3067 = CARTESIAN_POINT('',(96.543598873044,41.710468514039));
#3068 = ( GEOMETRIC_REPRESENTATION_CONTEXT(2) 
PARAMETRIC_REPRESENTATION_CONTEXT() REPRESENTATION_CONTEXT('2D SPACE',''
  ) );
#3069 = PCURVE('',#3070,#3075);
#3070 = PLANE('',#3071);
#3071 = AXIS2_PLACEMENT_3D('',#3072,#3073,#3074);
#3072 = CARTESIAN_POINT('',(9.912497674759,7.5,-40.36661879905));
#3073 = DIRECTION('',(0.155897117052,-0.,0.987773298331));
#3074 = DIRECTION('',(0.954137692849,0.258736085224,-0.150588516451));
#3075 = DEFINITIONAL_REPRESENTATION('',(#3076),#3079);
#3076 = B_SPLINE_CURVE_WITH_KNOTS('',1,(#3077,#3078),.UNSPECIFIED.,.F.,
  .F.,(2,2),(-58.51911011592,-52.51732440164),.PIECEWISE_BEZIER_KNOTS.);
#3077 = CARTESIAN_POINT('',(5.797413216254,-1.035252360045));
#3078 = CARTESIAN_POINT('',(9.039942430459E-15,0.517626180023));
#3079 = ( GEOMETRIC_REPRESENTATION_CONTEXT(2) 
PARAMETRIC_REPRESENTATION_CONTEXT() REPRESENTATION_CONTEXT('2D SPACE',''
  ) );
#3080 = ORIENTED_EDGE('',*,*,#3081,.T.);
#3081 = EDGE_CURVE('',#3056,#3082,#3084,.T.);
#3082 = VERTEX_POINT('',#3083);
#3083 = CARTESIAN_POINT('',(10.003812840533,8.,-39.77720541451));
#3084 = SURFACE_CURVE('',#3085,(#3089,#3095),.PCURVE_S1.);
#3085 = LINE('',#3086,#3087);
#3086 = CARTESIAN_POINT('',(9.935326466202,8.,-40.21926545291));
#3087 = VECTOR('',#3088,1.);
#3088 = DIRECTION('',(0.153099063605,-0.,0.988210846289));
#3089 = PCURVE('',#91,#3090);
#3090 = DEFINITIONAL_REPRESENTATION('',(#3091),#3094);
#3091 = B_SPLINE_CURVE_WITH_KNOTS('',1,(#3092,#3093),.UNSPECIFIED.,.F.,
  .F.,(2,2),(-0.149111241479,0.447333724444),.PIECEWISE_BEZIER_KNOTS.);
#3092 = CARTESIAN_POINT('',(96.666543830563,41.763585363208));
#3093 = CARTESIAN_POINT('',(96.901545784194,41.215387698889));
#3094 = ( GEOMETRIC_REPRESENTATION_CONTEXT(2) 
PARAMETRIC_REPRESENTATION_CONTEXT() REPRESENTATION_CONTEXT('2D SPACE',''
  ) );
#3095 = PCURVE('',#3096,#3101);
#3096 = PLANE('',#3097);
#3097 = AXIS2_PLACEMENT_3D('',#3098,#3099,#3100);
#3098 = CARTESIAN_POINT('',(9.912497674759,8.25,-40.36661879905));
#3099 = DIRECTION('',(0.988210846289,0.,-0.153099063605));
#3100 = DIRECTION('',(0.,-1.,-0.));
#3101 = DEFINITIONAL_REPRESENTATION('',(#3102),#3105);
#3102 = B_SPLINE_CURVE_WITH_KNOTS('',1,(#3103,#3104),.UNSPECIFIED.,.F.,
  .F.,(2,2),(-0.149111241479,0.447333724444),.PIECEWISE_BEZIER_KNOTS.);
#3103 = CARTESIAN_POINT('',(0.25,0.));
#3104 = CARTESIAN_POINT('',(0.25,-0.596444965924));
#3105 = ( GEOMETRIC_REPRESENTATION_CONTEXT(2) 
PARAMETRIC_REPRESENTATION_CONTEXT() REPRESENTATION_CONTEXT('2D SPACE',''
  ) );
#3106 = ORIENTED_EDGE('',*,*,#3107,.F.);
#3107 = EDGE_CURVE('',#3108,#3082,#3110,.T.);
#3108 = VERTEX_POINT('',#3109);
#3109 = CARTESIAN_POINT('',(15.540199462743,8.,-40.61888419493));
#3110 = SURFACE_CURVE('',#3111,(#3115,#3121),.PCURVE_S1.);
#3111 = LINE('',#3112,#3113);
#3112 = CARTESIAN_POINT('',(-42.0493465528,8.,-31.86373355911));
#3113 = VECTOR('',#3114,1.);
#3114 = DIRECTION('',(-0.988640468252,0.,0.150299782219));
#3115 = PCURVE('',#91,#3116);
#3116 = DEFINITIONAL_REPRESENTATION('',(#3117),#3120);
#3117 = B_SPLINE_CURVE_WITH_KNOTS('',1,(#3118,#3119),.UNSPECIFIED.,.F.,
  .F.,(2,2),(-58.51911011592,-52.51732440164),.PIECEWISE_BEZIER_KNOTS.);
#3118 = CARTESIAN_POINT('',(102.30126939451,43.512066253037));
#3119 = CARTESIAN_POINT('',(96.77830194038,41.162968072729));
#3120 = ( GEOMETRIC_REPRESENTATION_CONTEXT(2) 
PARAMETRIC_REPRESENTATION_CONTEXT() REPRESENTATION_CONTEXT('2D SPACE',''
  ) );
#3121 = PCURVE('',#3122,#3127);
#3122 = PLANE('',#3123);
#3123 = AXIS2_PLACEMENT_3D('',#3124,#3125,#3126);
#3124 = CARTESIAN_POINT('',(10.003812840533,7.5,-39.77720541451));
#3125 = DIRECTION('',(0.150299782219,-0.,0.988640468252));
#3126 = DIRECTION('',(0.954975333945,0.258736085224,-0.145181781776));
#3127 = DEFINITIONAL_REPRESENTATION('',(#3128),#3131);
#3128 = B_SPLINE_CURVE_WITH_KNOTS('',1,(#3129,#3130),.UNSPECIFIED.,.F.,
  .F.,(2,2),(-58.51911011592,-52.51732440164),.PIECEWISE_BEZIER_KNOTS.);
#3129 = CARTESIAN_POINT('',(5.797413216254,-1.035252360045));
#3130 = CARTESIAN_POINT('',(1.692561426429E-15,0.517626180023));
#3131 = ( GEOMETRIC_REPRESENTATION_CONTEXT(2) 
PARAMETRIC_REPRESENTATION_CONTEXT() REPRESENTATION_CONTEXT('2D SPACE',''
  ) );
#3132 = ORIENTED_EDGE('',*,*,#3133,.T.);
#3133 = EDGE_CURVE('',#3108,#3054,#3134,.T.);
#3134 = SURFACE_CURVE('',#3135,(#3139,#3145),.PCURVE_S1.);
#3135 = LINE('',#3136,#3137);
#3136 = CARTESIAN_POINT('',(15.468070974743,8.,-41.08445303964));
#3137 = VECTOR('',#3138,1.);
#3138 = DIRECTION('',(-0.153099063605,0.,-0.988210846289));
#3139 = PCURVE('',#91,#3140);
#3140 = DEFINITIONAL_REPRESENTATION('',(#3141),#3144);
#3141 = B_SPLINE_CURVE_WITH_KNOTS('',1,(#3142,#3143),.UNSPECIFIED.,.F.,
  .F.,(2,2),(-0.471122986004,0.157040995333),.PIECEWISE_BEZIER_KNOTS.);
#3142 = CARTESIAN_POINT('',(102.05478170689,43.407227000718));
#3143 = CARTESIAN_POINT('',(101.80728232094,43.984577883116));
#3144 = ( GEOMETRIC_REPRESENTATION_CONTEXT(2) 
PARAMETRIC_REPRESENTATION_CONTEXT() REPRESENTATION_CONTEXT('2D SPACE',''
  ) );
#3145 = PCURVE('',#3146,#3151);
#3146 = PLANE('',#3147);
#3147 = AXIS2_PLACEMENT_3D('',#3148,#3149,#3150);
#3148 = CARTESIAN_POINT('',(15.44402814541,8.25,-41.23964265454));
#3149 = DIRECTION('',(-0.988210846289,0.,0.153099063605));
#3150 = DIRECTION('',(0.,1.,0.));
#3151 = DEFINITIONAL_REPRESENTATION('',(#3152),#3155);
#3152 = B_SPLINE_CURVE_WITH_KNOTS('',1,(#3153,#3154),.UNSPECIFIED.,.F.,
  .F.,(2,2),(-0.471122986004,0.157040995333),.PIECEWISE_BEZIER_KNOTS.);
#3153 = CARTESIAN_POINT('',(-0.25,-0.628163981337));
#3154 = CARTESIAN_POINT('',(-0.25,0.));
#3155 = ( GEOMETRIC_REPRESENTATION_CONTEXT(2) 
PARAMETRIC_REPRESENTATION_CONTEXT() REPRESENTATION_CONTEXT('2D SPACE',''
  ) );
#3156 = ADVANCED_FACE('',(#3157),#3122,.T.);
#3157 = FACE_BOUND('',#3158,.T.);
#3158 = EDGE_LOOP('',(#3159,#3182,#3210,#3231));
#3159 = ORIENTED_EDGE('',*,*,#3160,.F.);
#3160 = EDGE_CURVE('',#3161,#3082,#3163,.T.);
#3161 = VERTEX_POINT('',#3162);
#3162 = CARTESIAN_POINT('',(10.003812840533,7.5,-39.77720541451));
#3163 = SURFACE_CURVE('',#3164,(#3168,#3175),.PCURVE_S1.);
#3164 = LINE('',#3165,#3166);
#3165 = CARTESIAN_POINT('',(10.003812840533,8.25,-39.77720541451));
#3166 = VECTOR('',#3167,1.);
#3167 = DIRECTION('',(0.,1.,0.));
#3168 = PCURVE('',#3122,#3169);
#3169 = DEFINITIONAL_REPRESENTATION('',(#3170),#3174);
#3170 = LINE('',#3171,#3172);
#3171 = CARTESIAN_POINT('',(0.194052063918,0.724461038627));
#3172 = VECTOR('',#3173,1.);
#3173 = DIRECTION('',(0.258736085224,0.965948051503));
#3174 = ( GEOMETRIC_REPRESENTATION_CONTEXT(2) 
PARAMETRIC_REPRESENTATION_CONTEXT() REPRESENTATION_CONTEXT('2D SPACE',''
  ) );
#3175 = PCURVE('',#3096,#3176);
#3176 = DEFINITIONAL_REPRESENTATION('',(#3177),#3181);
#3177 = LINE('',#3178,#3179);
#3178 = CARTESIAN_POINT('',(0.,-0.596444965924));
#3179 = VECTOR('',#3180,1.);
#3180 = DIRECTION('',(-1.,0.));
#3181 = ( GEOMETRIC_REPRESENTATION_CONTEXT(2) 
PARAMETRIC_REPRESENTATION_CONTEXT() REPRESENTATION_CONTEXT('2D SPACE',''
  ) );
#3182 = ORIENTED_EDGE('',*,*,#3183,.T.);
#3183 = EDGE_CURVE('',#3161,#3184,#3186,.T.);
#3184 = VERTEX_POINT('',#3185);
#3185 = CARTESIAN_POINT('',(15.540199462743,7.5,-40.61888419493));
#3186 = SURFACE_CURVE('',#3187,(#3191,#3198),.PCURVE_S1.);
#3187 = LINE('',#3188,#3189);
#3188 = CARTESIAN_POINT('',(12.772006151638,7.5,-40.19804480472));
#3189 = VECTOR('',#3190,1.);
#3190 = DIRECTION('',(0.988640468252,0.,-0.150299782219));
#3191 = PCURVE('',#3122,#3192);
#3192 = DEFINITIONAL_REPRESENTATION('',(#3193),#3197);
#3193 = LINE('',#3194,#3195);
#3194 = CARTESIAN_POINT('',(2.704654544209,-0.724461038627));
#3195 = VECTOR('',#3196,1.);
#3196 = DIRECTION('',(0.965948051503,-0.258736085224));
#3197 = ( GEOMETRIC_REPRESENTATION_CONTEXT(2) 
PARAMETRIC_REPRESENTATION_CONTEXT() REPRESENTATION_CONTEXT('2D SPACE',''
  ) );
#3198 = PCURVE('',#3199,#3204);
#3199 = PLANE('',#3200);
#3200 = AXIS2_PLACEMENT_3D('',#3201,#3202,#3203);
#3201 = CARTESIAN_POINT('',(12.725134530861,7.5,-40.50058776575));
#3202 = DIRECTION('',(-0.,1.,0.));
#3203 = DIRECTION('',(0.988210846289,0.,-0.153099063605));
#3204 = DEFINITIONAL_REPRESENTATION('',(#3205),#3209);
#3205 = LINE('',#3206,#3207);
#3206 = CARTESIAN_POINT('',(9.25976430816E-15,-0.306152236815));
#3207 = VECTOR('',#3208,1.);
#3208 = DIRECTION('',(0.999995989724,-2.832054947623E-03));
#3209 = ( GEOMETRIC_REPRESENTATION_CONTEXT(2) 
PARAMETRIC_REPRESENTATION_CONTEXT() REPRESENTATION_CONTEXT('2D SPACE',''
  ) );
#3210 = ORIENTED_EDGE('',*,*,#3211,.T.);
#3211 = EDGE_CURVE('',#3184,#3108,#3212,.T.);
#3212 = SURFACE_CURVE('',#3213,(#3217,#3224),.PCURVE_S1.);
#3213 = LINE('',#3214,#3215);
#3214 = CARTESIAN_POINT('',(15.540199462743,8.25,-40.61888419493));
#3215 = VECTOR('',#3216,1.);
#3216 = DIRECTION('',(0.,1.,0.));
#3217 = PCURVE('',#3122,#3218);
#3218 = DEFINITIONAL_REPRESENTATION('',(#3219),#3223);
#3219 = LINE('',#3220,#3221);
#3220 = CARTESIAN_POINT('',(5.603361152336,-0.724461038627));
#3221 = VECTOR('',#3222,1.);
#3222 = DIRECTION('',(0.258736085224,0.965948051503));
#3223 = ( GEOMETRIC_REPRESENTATION_CONTEXT(2) 
PARAMETRIC_REPRESENTATION_CONTEXT() REPRESENTATION_CONTEXT('2D SPACE',''
  ) );
#3224 = PCURVE('',#3146,#3225);
#3225 = DEFINITIONAL_REPRESENTATION('',(#3226),#3230);
#3226 = LINE('',#3227,#3228);
#3227 = CARTESIAN_POINT('',(0.,-0.628163981337));
#3228 = VECTOR('',#3229,1.);
#3229 = DIRECTION('',(1.,0.));
#3230 = ( GEOMETRIC_REPRESENTATION_CONTEXT(2) 
PARAMETRIC_REPRESENTATION_CONTEXT() REPRESENTATION_CONTEXT('2D SPACE',''
  ) );
#3231 = ORIENTED_EDGE('',*,*,#3107,.T.);
#3232 = ADVANCED_FACE('',(#3233),#3199,.F.);
#3233 = FACE_BOUND('',#3234,.F.);
#3234 = EDGE_LOOP('',(#3235,#3255,#3256,#3276,#3304,#3329,#3357,#3377));
#3235 = ORIENTED_EDGE('',*,*,#3236,.F.);
#3236 = EDGE_CURVE('',#3161,#3237,#3239,.T.);
#3237 = VERTEX_POINT('',#3238);
#3238 = CARTESIAN_POINT('',(9.912497674759,7.5,-40.36661879905));
#3239 = SURFACE_CURVE('',#3240,(#3243,#3249),.PCURVE_S1.);
#3240 = B_SPLINE_CURVE_WITH_KNOTS('',1,(#3241,#3242),.UNSPECIFIED.,.F.,
  .F.,(2,2),(0.,1.),.PIECEWISE_BEZIER_KNOTS.);
#3241 = CARTESIAN_POINT('',(10.003812840533,7.5,-39.77720541451));
#3242 = CARTESIAN_POINT('',(9.912497674759,7.5,-40.36661879905));
#3243 = PCURVE('',#3199,#3244);
#3244 = DEFINITIONAL_REPRESENTATION('',(#3245),#3248);
#3245 = B_SPLINE_CURVE_WITH_KNOTS('',1,(#3246,#3247),.UNSPECIFIED.,.F.,
  .F.,(2,2),(0.,1.),.PIECEWISE_BEZIER_KNOTS.);
#3246 = CARTESIAN_POINT('',(-2.799988771228,-0.298222482962));
#3247 = CARTESIAN_POINT('',(-2.799988771228,0.298222482962));
#3248 = ( GEOMETRIC_REPRESENTATION_CONTEXT(2) 
PARAMETRIC_REPRESENTATION_CONTEXT() REPRESENTATION_CONTEXT('2D SPACE',''
  ) );
#3249 = PCURVE('',#3096,#3250);
#3250 = DEFINITIONAL_REPRESENTATION('',(#3251),#3254);
#3251 = B_SPLINE_CURVE_WITH_KNOTS('',1,(#3252,#3253),.UNSPECIFIED.,.F.,
  .F.,(2,2),(0.,1.),.PIECEWISE_BEZIER_KNOTS.);
#3252 = CARTESIAN_POINT('',(0.75,-0.596444965924));
#3253 = CARTESIAN_POINT('',(0.75,0.));
#3254 = ( GEOMETRIC_REPRESENTATION_CONTEXT(2) 
PARAMETRIC_REPRESENTATION_CONTEXT() REPRESENTATION_CONTEXT('2D SPACE',''
  ) );
#3255 = ORIENTED_EDGE('',*,*,#3183,.T.);
#3256 = ORIENTED_EDGE('',*,*,#3257,.T.);
#3257 = EDGE_CURVE('',#3184,#3258,#3260,.T.);
#3258 = VERTEX_POINT('',#3259);
#3259 = CARTESIAN_POINT('',(15.505228042168,7.5,-40.84461475336));
#3260 = SURFACE_CURVE('',#3261,(#3264,#3270),.PCURVE_S1.);
#3261 = B_SPLINE_CURVE_WITH_KNOTS('',1,(#3262,#3263),.UNSPECIFIED.,.F.,
  .F.,(2,2),(0.,1.),.PIECEWISE_BEZIER_KNOTS.);
#3262 = CARTESIAN_POINT('',(15.540199462743,7.5,-40.61888419493));
#3263 = CARTESIAN_POINT('',(15.44402814541,7.5,-41.23964265454));
#3264 = PCURVE('',#3199,#3265);
#3265 = DEFINITIONAL_REPRESENTATION('',(#3266),#3269);
#3266 = B_SPLINE_CURVE_WITH_KNOTS('',1,(#3267,#3268),.UNSPECIFIED.,.F.,
  .F.,(2,2),(0.,1.),.PIECEWISE_BEZIER_KNOTS.);
#3267 = CARTESIAN_POINT('',(2.799988771228,-0.314081990668));
#3268 = CARTESIAN_POINT('',(2.799988771228,0.314081990669));
#3269 = ( GEOMETRIC_REPRESENTATION_CONTEXT(2) 
PARAMETRIC_REPRESENTATION_CONTEXT() REPRESENTATION_CONTEXT('2D SPACE',''
  ) );
#3270 = PCURVE('',#3146,#3271);
#3271 = DEFINITIONAL_REPRESENTATION('',(#3272),#3275);
#3272 = B_SPLINE_CURVE_WITH_KNOTS('',1,(#3273,#3274),.UNSPECIFIED.,.F.,
  .F.,(2,2),(0.,1.),.PIECEWISE_BEZIER_KNOTS.);
#3273 = CARTESIAN_POINT('',(-0.75,-0.628163981337));
#3274 = CARTESIAN_POINT('',(-0.75,0.));
#3275 = ( GEOMETRIC_REPRESENTATION_CONTEXT(2) 
PARAMETRIC_REPRESENTATION_CONTEXT() REPRESENTATION_CONTEXT('2D SPACE',''
  ) );
#3276 = ORIENTED_EDGE('',*,*,#3277,.T.);
#3277 = EDGE_CURVE('',#3258,#3278,#3280,.T.);
#3278 = VERTEX_POINT('',#3279);
#3279 = CARTESIAN_POINT('',(15.505634906668,7.5,-40.84467746528));
#3280 = SURFACE_CURVE('',#3281,(#3285,#3292),.PCURVE_S1.);
#3281 = LINE('',#3282,#3283);
#3282 = CARTESIAN_POINT('',(12.738314260758,7.5,-40.41813738191));
#3283 = VECTOR('',#3284,1.);
#3284 = DIRECTION('',(0.988328802111,0.,-0.152335744061));
#3285 = PCURVE('',#3199,#3286);
#3286 = DEFINITIONAL_REPRESENTATION('',(#3287),#3291);
#3287 = LINE('',#3288,#3289);
#3288 = CARTESIAN_POINT('',(4.012754755136E-04,-8.349616789828E-02));
#3289 = VECTOR('',#3290,1.);
#3290 = DIRECTION('',(0.999999701715,-7.723795777685E-04));
#3291 = ( GEOMETRIC_REPRESENTATION_CONTEXT(2) 
PARAMETRIC_REPRESENTATION_CONTEXT() REPRESENTATION_CONTEXT('2D SPACE',''
  ) );
#3292 = PCURVE('',#3293,#3298);
#3293 = PLANE('',#3294);
#3294 = AXIS2_PLACEMENT_3D('',#3295,#3296,#3297);
#3295 = CARTESIAN_POINT('',(9.970993614849,7.5,-39.99159729854));
#3296 = DIRECTION('',(0.152335744061,-0.,0.988328802111));
#3297 = DIRECTION('',(0.985817161958,7.124704998791E-02,-0.151948613209)
  );
#3298 = DEFINITIONAL_REPRESENTATION('',(#3299),#3303);
#3299 = LINE('',#3300,#3301);
#3300 = CARTESIAN_POINT('',(2.792884359526,-0.199491739966));
#3301 = VECTOR('',#3302,1.);
#3302 = DIRECTION('',(0.997458699831,-7.124704998791E-02));
#3303 = ( GEOMETRIC_REPRESENTATION_CONTEXT(2) 
PARAMETRIC_REPRESENTATION_CONTEXT() REPRESENTATION_CONTEXT('2D SPACE',''
  ) );
#3304 = ORIENTED_EDGE('',*,*,#3305,.T.);
#3305 = EDGE_CURVE('',#3278,#3306,#3308,.T.);
#3306 = VERTEX_POINT('',#3307);
#3307 = CARTESIAN_POINT('',(15.452916266361,7.5,-41.18323268885));
#3308 = SURFACE_CURVE('',#3309,(#3312,#3318),.PCURVE_S1.);
#3309 = B_SPLINE_CURVE_WITH_KNOTS('',1,(#3310,#3311),.UNSPECIFIED.,.F.,
  .F.,(2,2),(0.,1.),.PIECEWISE_BEZIER_KNOTS.);
#3310 = CARTESIAN_POINT('',(15.505634906668,7.5,-40.84467746528));
#3311 = CARTESIAN_POINT('',(15.452916266361,7.5,-41.18323268885));
#3312 = PCURVE('',#3199,#3313);
#3313 = DEFINITIONAL_REPRESENTATION('',(#3314),#3317);
#3314 = B_SPLINE_CURVE_WITH_KNOTS('',1,(#3315,#3316),.UNSPECIFIED.,.F.,
  .F.,(2,2),(0.,1.),.PIECEWISE_BEZIER_KNOTS.);
#3315 = CARTESIAN_POINT('',(2.800400440277,-8.565883071603E-02));
#3316 = CARTESIAN_POINT('',(2.80013579583,0.256976287742));
#3317 = ( GEOMETRIC_REPRESENTATION_CONTEXT(2) 
PARAMETRIC_REPRESENTATION_CONTEXT() REPRESENTATION_CONTEXT('2D SPACE',''
  ) );
#3318 = PCURVE('',#3319,#3324);
#3319 = PLANE('',#3320);
#3320 = AXIS2_PLACEMENT_3D('',#3321,#3322,#3323);
#3321 = CARTESIAN_POINT('',(15.452916266361,7.7,-41.18323268885));
#3322 = DIRECTION('',(-0.98809230093,0.,0.153862291814));
#3323 = DIRECTION('',(0.,1.,0.));
#3324 = DEFINITIONAL_REPRESENTATION('',(#3325),#3328);
#3325 = B_SPLINE_CURVE_WITH_KNOTS('',1,(#3326,#3327),.UNSPECIFIED.,.F.,
  .F.,(2,2),(0.,1.),.PIECEWISE_BEZIER_KNOTS.);
#3326 = CARTESIAN_POINT('',(-0.2,-0.342635220661));
#3327 = CARTESIAN_POINT('',(-0.2,0.));
#3328 = ( GEOMETRIC_REPRESENTATION_CONTEXT(2) 
PARAMETRIC_REPRESENTATION_CONTEXT() REPRESENTATION_CONTEXT('2D SPACE',''
  ) );
#3329 = ORIENTED_EDGE('',*,*,#3330,.F.);
#3330 = EDGE_CURVE('',#3331,#3306,#3333,.T.);
#3331 = VERTEX_POINT('',#3332);
#3332 = CARTESIAN_POINT('',(15.452771027212,7.5,-41.18320984286));
#3333 = SURFACE_CURVE('',#3334,(#3338,#3345),.PCURVE_S1.);
#3334 = LINE('',#3335,#3336);
#3335 = CARTESIAN_POINT('',(12.686926629084,7.5,-40.74814496611));
#3336 = VECTOR('',#3337,1.);
#3337 = DIRECTION('',(0.987853441884,0.,-0.155388472407));
#3338 = PCURVE('',#3199,#3339);
#3339 = DEFINITIONAL_REPRESENTATION('',(#3340),#3344);
#3340 = LINE('',#3341,#3342);
#3341 = CARTESIAN_POINT('',(1.433126128273E-04,0.25048830445));
#3342 = VECTOR('',#3343,1.);
#3343 = DIRECTION('',(0.999997315435,2.317136890188E-03));
#3344 = ( GEOMETRIC_REPRESENTATION_CONTEXT(2) 
PARAMETRIC_REPRESENTATION_CONTEXT() REPRESENTATION_CONTEXT('2D SPACE',''
  ) );
#3345 = PCURVE('',#3346,#3351);
#3346 = PLANE('',#3347);
#3347 = AXIS2_PLACEMENT_3D('',#3348,#3349,#3350);
#3348 = CARTESIAN_POINT('',(9.920936991808,7.5,-40.31305724337));
#3349 = DIRECTION('',(0.155388472407,-0.,0.987853441884));
#3350 = DIRECTION('',(0.985343009765,7.124704998791E-02,-0.154993583656)
  );
#3351 = DEFINITIONAL_REPRESENTATION('',(#3352),#3356);
#3352 = LINE('',#3353,#3354);
#3353 = CARTESIAN_POINT('',(2.792884359526,-0.199491739966));
#3354 = VECTOR('',#3355,1.);
#3355 = DIRECTION('',(0.997458699831,-7.124704998791E-02));
#3356 = ( GEOMETRIC_REPRESENTATION_CONTEXT(2) 
PARAMETRIC_REPRESENTATION_CONTEXT() REPRESENTATION_CONTEXT('2D SPACE',''
  ) );
#3357 = ORIENTED_EDGE('',*,*,#3358,.T.);
#3358 = EDGE_CURVE('',#3331,#3359,#3361,.T.);
#3359 = VERTEX_POINT('',#3360);
#3360 = CARTESIAN_POINT('',(15.44402814541,7.5,-41.23964265454));
#3361 = SURFACE_CURVE('',#3362,(#3365,#3371),.PCURVE_S1.);
#3362 = B_SPLINE_CURVE_WITH_KNOTS('',1,(#3363,#3364),.UNSPECIFIED.,.F.,
  .F.,(2,2),(0.,1.),.PIECEWISE_BEZIER_KNOTS.);
#3363 = CARTESIAN_POINT('',(15.540199462743,7.5,-40.61888419493));
#3364 = CARTESIAN_POINT('',(15.44402814541,7.5,-41.23964265454));
#3365 = PCURVE('',#3199,#3366);
#3366 = DEFINITIONAL_REPRESENTATION('',(#3367),#3370);
#3367 = B_SPLINE_CURVE_WITH_KNOTS('',1,(#3368,#3369),.UNSPECIFIED.,.F.,
  .F.,(2,2),(0.,1.),.PIECEWISE_BEZIER_KNOTS.);
#3368 = CARTESIAN_POINT('',(2.799988771228,-0.314081990668));
#3369 = CARTESIAN_POINT('',(2.799988771228,0.314081990669));
#3370 = ( GEOMETRIC_REPRESENTATION_CONTEXT(2) 
PARAMETRIC_REPRESENTATION_CONTEXT() REPRESENTATION_CONTEXT('2D SPACE',''
  ) );
#3371 = PCURVE('',#3146,#3372);
#3372 = DEFINITIONAL_REPRESENTATION('',(#3373),#3376);
#3373 = B_SPLINE_CURVE_WITH_KNOTS('',1,(#3374,#3375),.UNSPECIFIED.,.F.,
  .F.,(2,2),(0.,1.),.PIECEWISE_BEZIER_KNOTS.);
#3374 = CARTESIAN_POINT('',(-0.75,-0.628163981337));
#3375 = CARTESIAN_POINT('',(-0.75,0.));
#3376 = ( GEOMETRIC_REPRESENTATION_CONTEXT(2) 
PARAMETRIC_REPRESENTATION_CONTEXT() REPRESENTATION_CONTEXT('2D SPACE',''
  ) );
#3377 = ORIENTED_EDGE('',*,*,#3378,.F.);
#3378 = EDGE_CURVE('',#3237,#3359,#3379,.T.);
#3379 = SURFACE_CURVE('',#3380,(#3384,#3391),.PCURVE_S1.);
#3380 = LINE('',#3381,#3382);
#3381 = CARTESIAN_POINT('',(12.678262910084,7.5,-40.80313072679));
#3382 = VECTOR('',#3383,1.);
#3383 = DIRECTION('',(0.987773298331,0.,-0.155897117052));
#3384 = PCURVE('',#3199,#3385);
#3385 = DEFINITIONAL_REPRESENTATION('',(#3386),#3390);
#3386 = LINE('',#3387,#3388);
#3387 = CARTESIAN_POINT('',(-7.579250739237E-15,0.306152236815));
#3388 = VECTOR('',#3389,1.);
#3389 = DIRECTION('',(0.999995989724,2.832054947622E-03));
#3390 = ( GEOMETRIC_REPRESENTATION_CONTEXT(2) 
PARAMETRIC_REPRESENTATION_CONTEXT() REPRESENTATION_CONTEXT('2D SPACE',''
  ) );
#3391 = PCURVE('',#3070,#3392);
#3392 = DEFINITIONAL_REPRESENTATION('',(#3393),#3397);
#3393 = LINE('',#3394,#3395);
#3394 = CARTESIAN_POINT('',(2.704654544209,-0.724461038627));
#3395 = VECTOR('',#3396,1.);
#3396 = DIRECTION('',(0.965948051503,-0.258736085224));
#3397 = ( GEOMETRIC_REPRESENTATION_CONTEXT(2) 
PARAMETRIC_REPRESENTATION_CONTEXT() REPRESENTATION_CONTEXT('2D SPACE',''
  ) );
#3398 = ADVANCED_FACE('',(#3399),#3346,.F.);
#3399 = FACE_BOUND('',#3400,.F.);
#3400 = EDGE_LOOP('',(#3401,#3422,#3423,#3446));
#3401 = ORIENTED_EDGE('',*,*,#3402,.F.);
#3402 = EDGE_CURVE('',#3331,#3403,#3405,.T.);
#3403 = VERTEX_POINT('',#3404);
#3404 = CARTESIAN_POINT('',(15.452771027212,7.9,-41.18320984286));
#3405 = SURFACE_CURVE('',#3406,(#3410,#3416),.PCURVE_S1.);
#3406 = LINE('',#3407,#3408);
#3407 = CARTESIAN_POINT('',(15.452771027212,7.875,-41.18320984286));
#3408 = VECTOR('',#3409,1.);
#3409 = DIRECTION('',(0.,1.,0.));
#3410 = PCURVE('',#3346,#3411);
#3411 = DEFINITIONAL_REPRESENTATION('',(#3412),#3415);
#3412 = B_SPLINE_CURVE_WITH_KNOTS('',1,(#3413,#3414),.UNSPECIFIED.,.F.,
  .F.,(2,2),(-0.375,2.705834995179E-02),.PIECEWISE_BEZIER_KNOTS.);
#3413 = CARTESIAN_POINT('',(5.58562206769,-0.398973004835));
#3414 = CARTESIAN_POINT('',(5.614267539047,2.063594163992E-03));
#3415 = ( GEOMETRIC_REPRESENTATION_CONTEXT(2) 
PARAMETRIC_REPRESENTATION_CONTEXT() REPRESENTATION_CONTEXT('2D SPACE',''
  ) );
#3416 = PCURVE('',#3146,#3417);
#3417 = DEFINITIONAL_REPRESENTATION('',(#3418),#3421);
#3418 = B_SPLINE_CURVE_WITH_KNOTS('',1,(#3419,#3420),.UNSPECIFIED.,.F.,
  .F.,(2,2),(-0.375,2.705834995179E-02),.PIECEWISE_BEZIER_KNOTS.);
#3419 = CARTESIAN_POINT('',(-0.75,-5.710604360336E-02));
#3420 = CARTESIAN_POINT('',(-0.347941650048,-5.710604360336E-02));
#3421 = ( GEOMETRIC_REPRESENTATION_CONTEXT(2) 
PARAMETRIC_REPRESENTATION_CONTEXT() REPRESENTATION_CONTEXT('2D SPACE',''
  ) );
#3422 = ORIENTED_EDGE('',*,*,#3330,.T.);
#3423 = ORIENTED_EDGE('',*,*,#3424,.T.);
#3424 = EDGE_CURVE('',#3306,#3425,#3427,.T.);
#3425 = VERTEX_POINT('',#3426);
#3426 = CARTESIAN_POINT('',(15.452916266361,7.9,-41.18323268885));
#3427 = SURFACE_CURVE('',#3428,(#3432,#3439),.PCURVE_S1.);
#3428 = LINE('',#3429,#3430);
#3429 = CARTESIAN_POINT('',(15.452916266361,7.7,-41.18323268885));
#3430 = VECTOR('',#3431,1.);
#3431 = DIRECTION('',(0.,1.,0.));
#3432 = PCURVE('',#3346,#3433);
#3433 = DEFINITIONAL_REPRESENTATION('',(#3434),#3438);
#3434 = LINE('',#3435,#3436);
#3435 = CARTESIAN_POINT('',(5.60001812905,-0.199491739966));
#3436 = VECTOR('',#3437,1.);
#3437 = DIRECTION('',(7.124704998791E-02,0.997458699831));
#3438 = ( GEOMETRIC_REPRESENTATION_CONTEXT(2) 
PARAMETRIC_REPRESENTATION_CONTEXT() REPRESENTATION_CONTEXT('2D SPACE',''
  ) );
#3439 = PCURVE('',#3319,#3440);
#3440 = DEFINITIONAL_REPRESENTATION('',(#3441),#3445);
#3441 = LINE('',#3442,#3443);
#3442 = CARTESIAN_POINT('',(0.,0.));
#3443 = VECTOR('',#3444,1.);
#3444 = DIRECTION('',(1.,0.));
#3445 = ( GEOMETRIC_REPRESENTATION_CONTEXT(2) 
PARAMETRIC_REPRESENTATION_CONTEXT() REPRESENTATION_CONTEXT('2D SPACE',''
  ) );
#3446 = ORIENTED_EDGE('',*,*,#3447,.F.);
#3447 = EDGE_CURVE('',#3403,#3425,#3448,.T.);
#3448 = SURFACE_CURVE('',#3449,(#3453,#3460),.PCURVE_S1.);
#3449 = LINE('',#3450,#3451);
#3450 = CARTESIAN_POINT('',(12.686926629084,7.9,-40.74814496611));
#3451 = VECTOR('',#3452,1.);
#3452 = DIRECTION('',(0.987853441884,0.,-0.155388472407));
#3453 = PCURVE('',#3346,#3454);
#3454 = DEFINITIONAL_REPRESENTATION('',(#3455),#3459);
#3455 = LINE('',#3456,#3457);
#3456 = CARTESIAN_POINT('',(2.821383179521,0.199491739966));
#3457 = VECTOR('',#3458,1.);
#3458 = DIRECTION('',(0.997458699831,-7.124704998791E-02));
#3459 = ( GEOMETRIC_REPRESENTATION_CONTEXT(2) 
PARAMETRIC_REPRESENTATION_CONTEXT() REPRESENTATION_CONTEXT('2D SPACE',''
  ) );
#3460 = PCURVE('',#3461,#3466);
#3461 = B_SPLINE_SURFACE_WITH_KNOTS('',1,1,(
    (#3462,#3463)
    ,(#3464,#3465
    )),.UNSPECIFIED.,.F.,.F.,.F.,(2,2),(2,2),(-2.8,2.8),(0.,1.),
  .PIECEWISE_BEZIER_KNOTS.);
#3462 = CARTESIAN_POINT('',(15.505634906668,7.9,-40.84467746528));
#3463 = CARTESIAN_POINT('',(15.452916266361,7.9,-41.18323268885));
#3464 = CARTESIAN_POINT('',(9.970993614849,7.9,-39.99159729854));
#3465 = CARTESIAN_POINT('',(9.920936991808,7.9,-40.31305724337));
#3466 = DEFINITIONAL_REPRESENTATION('',(#3467),#3471);
#3467 = LINE('',#3468,#3469);
#3468 = CARTESIAN_POINT('',(0.,1.));
#3469 = VECTOR('',#3470,1.);
#3470 = DIRECTION('',(-1.,0.));
#3471 = ( GEOMETRIC_REPRESENTATION_CONTEXT(2) 
PARAMETRIC_REPRESENTATION_CONTEXT() REPRESENTATION_CONTEXT('2D SPACE',''
  ) );
#3472 = ADVANCED_FACE('',(#3473),#3461,.F.);
#3473 = FACE_BOUND('',#3474,.F.);
#3474 = EDGE_LOOP('',(#3475,#3500,#3518,#3519));
#3475 = ORIENTED_EDGE('',*,*,#3476,.F.);
#3476 = EDGE_CURVE('',#3477,#3479,#3481,.T.);
#3477 = VERTEX_POINT('',#3478);
#3478 = CARTESIAN_POINT('',(15.505228042168,7.9,-40.84461475336));
#3479 = VERTEX_POINT('',#3480);
#3480 = CARTESIAN_POINT('',(15.505634906668,7.9,-40.84467746528));
#3481 = SURFACE_CURVE('',#3482,(#3486,#3493),.PCURVE_S1.);
#3482 = LINE('',#3483,#3484);
#3483 = CARTESIAN_POINT('',(12.738314260758,7.9,-40.41813738191));
#3484 = VECTOR('',#3485,1.);
#3485 = DIRECTION('',(0.988328802111,0.,-0.152335744061));
#3486 = PCURVE('',#3461,#3487);
#3487 = DEFINITIONAL_REPRESENTATION('',(#3488),#3492);
#3488 = LINE('',#3489,#3490);
#3489 = CARTESIAN_POINT('',(0.,0.));
#3490 = VECTOR('',#3491,1.);
#3491 = DIRECTION('',(-1.,0.));
#3492 = ( GEOMETRIC_REPRESENTATION_CONTEXT(2) 
PARAMETRIC_REPRESENTATION_CONTEXT() REPRESENTATION_CONTEXT('2D SPACE',''
  ) );
#3493 = PCURVE('',#3293,#3494);
#3494 = DEFINITIONAL_REPRESENTATION('',(#3495),#3499);
#3495 = LINE('',#3496,#3497);
#3496 = CARTESIAN_POINT('',(2.821383179521,0.199491739966));
#3497 = VECTOR('',#3498,1.);
#3498 = DIRECTION('',(0.997458699831,-7.124704998791E-02));
#3499 = ( GEOMETRIC_REPRESENTATION_CONTEXT(2) 
PARAMETRIC_REPRESENTATION_CONTEXT() REPRESENTATION_CONTEXT('2D SPACE',''
  ) );
#3500 = ORIENTED_EDGE('',*,*,#3501,.T.);
#3501 = EDGE_CURVE('',#3477,#3403,#3502,.T.);
#3502 = SURFACE_CURVE('',#3503,(#3506,#3512),.PCURVE_S1.);
#3503 = B_SPLINE_CURVE_WITH_KNOTS('',1,(#3504,#3505),.UNSPECIFIED.,.F.,
  .F.,(2,2),(0.,1.),.PIECEWISE_BEZIER_KNOTS.);
#3504 = CARTESIAN_POINT('',(15.505228042168,7.9,-40.84461475336));
#3505 = CARTESIAN_POINT('',(15.452771027212,7.9,-41.18320984286));
#3506 = PCURVE('',#3461,#3507);
#3507 = DEFINITIONAL_REPRESENTATION('',(#3508),#3511);
#3508 = B_SPLINE_CURVE_WITH_KNOTS('',1,(#3509,#3510),.UNSPECIFIED.,.F.,
  .F.,(2,2),(0.,1.),.PIECEWISE_BEZIER_KNOTS.);
#3509 = CARTESIAN_POINT('',(-2.799588330828,0.));
#3510 = CARTESIAN_POINT('',(-2.799852975003,1.));
#3511 = ( GEOMETRIC_REPRESENTATION_CONTEXT(2) 
PARAMETRIC_REPRESENTATION_CONTEXT() REPRESENTATION_CONTEXT('2D SPACE',''
  ) );
#3512 = PCURVE('',#3146,#3513);
#3513 = DEFINITIONAL_REPRESENTATION('',(#3514),#3517);
#3514 = B_SPLINE_CURVE_WITH_KNOTS('',1,(#3515,#3516),.UNSPECIFIED.,.F.,
  .F.,(2,2),(0.,1.),.PIECEWISE_BEZIER_KNOTS.);
#3515 = CARTESIAN_POINT('',(-0.35,-0.39974050342));
#3516 = CARTESIAN_POINT('',(-0.35,-5.710604360336E-02));
#3517 = ( GEOMETRIC_REPRESENTATION_CONTEXT(2) 
PARAMETRIC_REPRESENTATION_CONTEXT() REPRESENTATION_CONTEXT('2D SPACE',''
  ) );
#3518 = ORIENTED_EDGE('',*,*,#3447,.T.);
#3519 = ORIENTED_EDGE('',*,*,#3520,.F.);
#3520 = EDGE_CURVE('',#3479,#3425,#3521,.T.);
#3521 = SURFACE_CURVE('',#3522,(#3525,#3532),.PCURVE_S1.);
#3522 = B_SPLINE_CURVE_WITH_KNOTS('',1,(#3523,#3524),.UNSPECIFIED.,.F.,
  .F.,(2,2),(0.,1.),.PIECEWISE_BEZIER_KNOTS.);
#3523 = CARTESIAN_POINT('',(15.505634906668,7.9,-40.84467746528));
#3524 = CARTESIAN_POINT('',(15.452916266361,7.9,-41.18323268885));
#3525 = PCURVE('',#3461,#3526);
#3526 = DEFINITIONAL_REPRESENTATION('',(#3527),#3531);
#3527 = LINE('',#3528,#3529);
#3528 = CARTESIAN_POINT('',(-2.8,0.));
#3529 = VECTOR('',#3530,1.);
#3530 = DIRECTION('',(0.,1.));
#3531 = ( GEOMETRIC_REPRESENTATION_CONTEXT(2) 
PARAMETRIC_REPRESENTATION_CONTEXT() REPRESENTATION_CONTEXT('2D SPACE',''
  ) );
#3532 = PCURVE('',#3319,#3533);
#3533 = DEFINITIONAL_REPRESENTATION('',(#3534),#3537);
#3534 = B_SPLINE_CURVE_WITH_KNOTS('',1,(#3535,#3536),.UNSPECIFIED.,.F.,
  .F.,(2,2),(0.,1.),.PIECEWISE_BEZIER_KNOTS.);
#3535 = CARTESIAN_POINT('',(0.2,-0.342635220661));
#3536 = CARTESIAN_POINT('',(0.2,0.));
#3537 = ( GEOMETRIC_REPRESENTATION_CONTEXT(2) 
PARAMETRIC_REPRESENTATION_CONTEXT() REPRESENTATION_CONTEXT('2D SPACE',''
  ) );
#3538 = ADVANCED_FACE('',(#3539),#3319,.F.);
#3539 = FACE_BOUND('',#3540,.F.);
#3540 = EDGE_LOOP('',(#3541,#3562,#3563,#3564));
#3541 = ORIENTED_EDGE('',*,*,#3542,.T.);
#3542 = EDGE_CURVE('',#3278,#3479,#3543,.T.);
#3543 = SURFACE_CURVE('',#3544,(#3548,#3555),.PCURVE_S1.);
#3544 = LINE('',#3545,#3546);
#3545 = CARTESIAN_POINT('',(15.505634906668,7.7,-40.84467746528));
#3546 = VECTOR('',#3547,1.);
#3547 = DIRECTION('',(0.,1.,0.));
#3548 = PCURVE('',#3319,#3549);
#3549 = DEFINITIONAL_REPRESENTATION('',(#3550),#3554);
#3550 = LINE('',#3551,#3552);
#3551 = CARTESIAN_POINT('',(0.,-0.342635220661));
#3552 = VECTOR('',#3553,1.);
#3553 = DIRECTION('',(1.,0.));
#3554 = ( GEOMETRIC_REPRESENTATION_CONTEXT(2) 
PARAMETRIC_REPRESENTATION_CONTEXT() REPRESENTATION_CONTEXT('2D SPACE',''
  ) );
#3555 = PCURVE('',#3293,#3556);
#3556 = DEFINITIONAL_REPRESENTATION('',(#3557),#3561);
#3557 = LINE('',#3558,#3559);
#3558 = CARTESIAN_POINT('',(5.60001812905,-0.199491739966));
#3559 = VECTOR('',#3560,1.);
#3560 = DIRECTION('',(7.124704998791E-02,0.997458699831));
#3561 = ( GEOMETRIC_REPRESENTATION_CONTEXT(2) 
PARAMETRIC_REPRESENTATION_CONTEXT() REPRESENTATION_CONTEXT('2D SPACE',''
  ) );
#3562 = ORIENTED_EDGE('',*,*,#3520,.T.);
#3563 = ORIENTED_EDGE('',*,*,#3424,.F.);
#3564 = ORIENTED_EDGE('',*,*,#3305,.F.);
#3565 = ADVANCED_FACE('',(#3566),#3293,.T.);
#3566 = FACE_BOUND('',#3567,.T.);
#3567 = EDGE_LOOP('',(#3568,#3587,#3588,#3589));
#3568 = ORIENTED_EDGE('',*,*,#3569,.F.);
#3569 = EDGE_CURVE('',#3258,#3477,#3570,.T.);
#3570 = SURFACE_CURVE('',#3571,(#3575,#3581),.PCURVE_S1.);
#3571 = LINE('',#3572,#3573);
#3572 = CARTESIAN_POINT('',(15.505228042168,7.875,-40.84461475336));
#3573 = VECTOR('',#3574,1.);
#3574 = DIRECTION('',(0.,1.,0.));
#3575 = PCURVE('',#3293,#3576);
#3576 = DEFINITIONAL_REPRESENTATION('',(#3577),#3580);
#3577 = B_SPLINE_CURVE_WITH_KNOTS('',1,(#3578,#3579),.UNSPECIFIED.,.F.,
  .F.,(2,2),(-0.375,3.0763368404E-02),.PIECEWISE_BEZIER_KNOTS.);
#3578 = CARTESIAN_POINT('',(5.585358096055,-0.398954149718));
#3579 = CARTESIAN_POINT('',(5.614267539047,5.77805216895E-03));
#3580 = ( GEOMETRIC_REPRESENTATION_CONTEXT(2) 
PARAMETRIC_REPRESENTATION_CONTEXT() REPRESENTATION_CONTEXT('2D SPACE',''
  ) );
#3581 = PCURVE('',#3146,#3582);
#3582 = DEFINITIONAL_REPRESENTATION('',(#3583),#3586);
#3583 = B_SPLINE_CURVE_WITH_KNOTS('',1,(#3584,#3585),.UNSPECIFIED.,.F.,
  .F.,(2,2),(-0.375,3.0763368404E-02),.PIECEWISE_BEZIER_KNOTS.);
#3584 = CARTESIAN_POINT('',(-0.75,-0.39974050342));
#3585 = CARTESIAN_POINT('',(-0.344236631596,-0.39974050342));
#3586 = ( GEOMETRIC_REPRESENTATION_CONTEXT(2) 
PARAMETRIC_REPRESENTATION_CONTEXT() REPRESENTATION_CONTEXT('2D SPACE',''
  ) );
#3587 = ORIENTED_EDGE('',*,*,#3277,.T.);
#3588 = ORIENTED_EDGE('',*,*,#3542,.T.);
#3589 = ORIENTED_EDGE('',*,*,#3476,.F.);
#3590 = ADVANCED_FACE('',(#3591),#3096,.F.);
#3591 = FACE_BOUND('',#3592,.F.);
#3592 = EDGE_LOOP('',(#3593,#3594,#3595,#3616));
#3593 = ORIENTED_EDGE('',*,*,#3160,.F.);
#3594 = ORIENTED_EDGE('',*,*,#3236,.T.);
#3595 = ORIENTED_EDGE('',*,*,#3596,.T.);
#3596 = EDGE_CURVE('',#3237,#3056,#3597,.T.);
#3597 = SURFACE_CURVE('',#3598,(#3602,#3609),.PCURVE_S1.);
#3598 = LINE('',#3599,#3600);
#3599 = CARTESIAN_POINT('',(9.912497674759,8.25,-40.36661879905));
#3600 = VECTOR('',#3601,1.);
#3601 = DIRECTION('',(0.,1.,0.));
#3602 = PCURVE('',#3096,#3603);
#3603 = DEFINITIONAL_REPRESENTATION('',(#3604),#3608);
#3604 = LINE('',#3605,#3606);
#3605 = CARTESIAN_POINT('',(0.,0.));
#3606 = VECTOR('',#3607,1.);
#3607 = DIRECTION('',(-1.,0.));
#3608 = ( GEOMETRIC_REPRESENTATION_CONTEXT(2) 
PARAMETRIC_REPRESENTATION_CONTEXT() REPRESENTATION_CONTEXT('2D SPACE',''
  ) );
#3609 = PCURVE('',#3070,#3610);
#3610 = DEFINITIONAL_REPRESENTATION('',(#3611),#3615);
#3611 = LINE('',#3612,#3613);
#3612 = CARTESIAN_POINT('',(0.194052063918,0.724461038627));
#3613 = VECTOR('',#3614,1.);
#3614 = DIRECTION('',(0.258736085224,0.965948051503));
#3615 = ( GEOMETRIC_REPRESENTATION_CONTEXT(2) 
PARAMETRIC_REPRESENTATION_CONTEXT() REPRESENTATION_CONTEXT('2D SPACE',''
  ) );
#3616 = ORIENTED_EDGE('',*,*,#3081,.T.);
#3617 = ADVANCED_FACE('',(#3618),#3146,.F.);
#3618 = FACE_BOUND('',#3619,.F.);
#3619 = EDGE_LOOP('',(#3620,#3621,#3622,#3623,#3644,#3645,#3646,#3647));
#3620 = ORIENTED_EDGE('',*,*,#3257,.F.);
#3621 = ORIENTED_EDGE('',*,*,#3211,.T.);
#3622 = ORIENTED_EDGE('',*,*,#3133,.T.);
#3623 = ORIENTED_EDGE('',*,*,#3624,.F.);
#3624 = EDGE_CURVE('',#3359,#3054,#3625,.T.);
#3625 = SURFACE_CURVE('',#3626,(#3630,#3637),.PCURVE_S1.);
#3626 = LINE('',#3627,#3628);
#3627 = CARTESIAN_POINT('',(15.44402814541,8.25,-41.23964265454));
#3628 = VECTOR('',#3629,1.);
#3629 = DIRECTION('',(0.,1.,0.));
#3630 = PCURVE('',#3146,#3631);
#3631 = DEFINITIONAL_REPRESENTATION('',(#3632),#3636);
#3632 = LINE('',#3633,#3634);
#3633 = CARTESIAN_POINT('',(0.,0.));
#3634 = VECTOR('',#3635,1.);
#3635 = DIRECTION('',(1.,0.));
#3636 = ( GEOMETRIC_REPRESENTATION_CONTEXT(2) 
PARAMETRIC_REPRESENTATION_CONTEXT() REPRESENTATION_CONTEXT('2D SPACE',''
  ) );
#3637 = PCURVE('',#3070,#3638);
#3638 = DEFINITIONAL_REPRESENTATION('',(#3639),#3643);
#3639 = LINE('',#3640,#3641);
#3640 = CARTESIAN_POINT('',(5.603361152336,-0.724461038627));
#3641 = VECTOR('',#3642,1.);
#3642 = DIRECTION('',(0.258736085224,0.965948051503));
#3643 = ( GEOMETRIC_REPRESENTATION_CONTEXT(2) 
PARAMETRIC_REPRESENTATION_CONTEXT() REPRESENTATION_CONTEXT('2D SPACE',''
  ) );
#3644 = ORIENTED_EDGE('',*,*,#3358,.F.);
#3645 = ORIENTED_EDGE('',*,*,#3402,.T.);
#3646 = ORIENTED_EDGE('',*,*,#3501,.F.);
#3647 = ORIENTED_EDGE('',*,*,#3569,.F.);
#3648 = ADVANCED_FACE('',(#3649),#3070,.F.);
#3649 = FACE_BOUND('',#3650,.F.);
#3650 = EDGE_LOOP('',(#3651,#3652,#3653,#3654));
#3651 = ORIENTED_EDGE('',*,*,#3596,.F.);
#3652 = ORIENTED_EDGE('',*,*,#3378,.T.);
#3653 = ORIENTED_EDGE('',*,*,#3624,.T.);
#3654 = ORIENTED_EDGE('',*,*,#3053,.T.);
#3655 = ADVANCED_FACE('',(#3656),#2965,.T.);
#3656 = FACE_BOUND('',#3657,.T.);
#3657 = EDGE_LOOP('',(#3658,#3681,#3710,#3738,#3767,#3795,#3824,#3845));
#3658 = ORIENTED_EDGE('',*,*,#3659,.F.);
#3659 = EDGE_CURVE('',#3660,#2923,#3662,.T.);
#3660 = VERTEX_POINT('',#3661);
#3661 = CARTESIAN_POINT('',(21.480576160328,7.85,-30.74289108691));
#3662 = SURFACE_CURVE('',#3663,(#3667,#3674),.PCURVE_S1.);
#3663 = LINE('',#3664,#3665);
#3664 = CARTESIAN_POINT('',(21.480576160328,7.9,-30.74289108691));
#3665 = VECTOR('',#3666,1.);
#3666 = DIRECTION('',(0.,1.,0.));
#3667 = PCURVE('',#2965,#3668);
#3668 = DEFINITIONAL_REPRESENTATION('',(#3669),#3673);
#3669 = LINE('',#3670,#3671);
#3670 = CARTESIAN_POINT('',(0.,0.));
#3671 = VECTOR('',#3672,1.);
#3672 = DIRECTION('',(0.,1.));
#3673 = ( GEOMETRIC_REPRESENTATION_CONTEXT(2) 
PARAMETRIC_REPRESENTATION_CONTEXT() REPRESENTATION_CONTEXT('2D SPACE',''
  ) );
#3674 = PCURVE('',#2937,#3675);
#3675 = DEFINITIONAL_REPRESENTATION('',(#3676),#3680);
#3676 = LINE('',#3677,#3678);
#3677 = CARTESIAN_POINT('',(0.43,0.));
#3678 = VECTOR('',#3679,1.);
#3679 = DIRECTION('',(0.,1.));
#3680 = ( GEOMETRIC_REPRESENTATION_CONTEXT(2) 
PARAMETRIC_REPRESENTATION_CONTEXT() REPRESENTATION_CONTEXT('2D SPACE',''
  ) );
#3681 = ORIENTED_EDGE('',*,*,#3682,.F.);
#3682 = EDGE_CURVE('',#3683,#3660,#3685,.T.);
#3683 = VERTEX_POINT('',#3684);
#3684 = CARTESIAN_POINT('',(21.487510185468,7.85,-30.62385547788));
#3685 = SURFACE_CURVE('',#3686,(#3691,#3698),.PCURVE_S1.);
#3686 = CIRCLE('',#3687,115.78250594613);
#3687 = AXIS2_PLACEMENT_3D('',#3688,#3689,#3690);
#3688 = CARTESIAN_POINT('',(-94.10250594613,7.85,-23.95026170372));
#3689 = DIRECTION('',(0.,1.,0.));
#3690 = DIRECTION('',(0.998337487922,0.,-5.763905107796E-02));
#3691 = PCURVE('',#2965,#3692);
#3692 = DEFINITIONAL_REPRESENTATION('',(#3693),#3697);
#3693 = LINE('',#3694,#3695);
#3694 = CARTESIAN_POINT('',(-1.029839539419E-03,-5.E-02));
#3695 = VECTOR('',#3696,1.);
#3696 = DIRECTION('',(1.,0.));
#3697 = ( GEOMETRIC_REPRESENTATION_CONTEXT(2) 
PARAMETRIC_REPRESENTATION_CONTEXT() REPRESENTATION_CONTEXT('2D SPACE',''
  ) );
#3698 = PCURVE('',#3699,#3704);
#3699 = PLANE('',#3700);
#3700 = AXIS2_PLACEMENT_3D('',#3701,#3702,#3703);
#3701 = CARTESIAN_POINT('',(-94.10250594613,7.85,-23.95026170372));
#3702 = DIRECTION('',(0.,1.,0.));
#3703 = DIRECTION('',(0.998337487922,0.,-5.763905107796E-02));
#3704 = DEFINITIONAL_REPRESENTATION('',(#3705),#3709);
#3705 = CIRCLE('',#3706,115.78250594613);
#3706 = AXIS2_PLACEMENT_2D('',#3707,#3708);
#3707 = CARTESIAN_POINT('',(0.,0.));
#3708 = DIRECTION('',(1.,-3.068437368641E-17));
#3709 = ( GEOMETRIC_REPRESENTATION_CONTEXT(2) 
PARAMETRIC_REPRESENTATION_CONTEXT() REPRESENTATION_CONTEXT('2D SPACE',''
  ) );
#3710 = ORIENTED_EDGE('',*,*,#3711,.F.);
#3711 = EDGE_CURVE('',#3712,#3683,#3714,.T.);
#3712 = VERTEX_POINT('',#3713);
#3713 = CARTESIAN_POINT('',(21.487510185468,7.15,-30.62385547788));
#3714 = SURFACE_CURVE('',#3715,(#3719,#3726),.PCURVE_S1.);
#3715 = LINE('',#3716,#3717);
#3716 = CARTESIAN_POINT('',(21.487510185468,7.5,-30.62385547788));
#3717 = VECTOR('',#3718,1.);
#3718 = DIRECTION('',(0.,1.,0.));
#3719 = PCURVE('',#2965,#3720);
#3720 = DEFINITIONAL_REPRESENTATION('',(#3721),#3725);
#3721 = LINE('',#3722,#3723);
#3722 = CARTESIAN_POINT('',(-1.029839539419E-03,-0.4));
#3723 = VECTOR('',#3724,1.);
#3724 = DIRECTION('',(0.,1.));
#3725 = ( GEOMETRIC_REPRESENTATION_CONTEXT(2) 
PARAMETRIC_REPRESENTATION_CONTEXT() REPRESENTATION_CONTEXT('2D SPACE',''
  ) );
#3726 = PCURVE('',#3727,#3732);
#3727 = PLANE('',#3728);
#3728 = AXIS2_PLACEMENT_3D('',#3729,#3730,#3731);
#3729 = CARTESIAN_POINT('',(21.407643186434,7.5,-30.6192443538));
#3730 = DIRECTION('',(5.763905107796E-02,0.,0.998337487922));
#3731 = DIRECTION('',(0.998337487922,0.,-5.763905107796E-02));
#3732 = DEFINITIONAL_REPRESENTATION('',(#3733),#3737);
#3733 = LINE('',#3734,#3735);
#3734 = CARTESIAN_POINT('',(8.E-02,0.));
#3735 = VECTOR('',#3736,1.);
#3736 = DIRECTION('',(0.,1.));
#3737 = ( GEOMETRIC_REPRESENTATION_CONTEXT(2) 
PARAMETRIC_REPRESENTATION_CONTEXT() REPRESENTATION_CONTEXT('2D SPACE',''
  ) );
#3738 = ORIENTED_EDGE('',*,*,#3739,.T.);
#3739 = EDGE_CURVE('',#3712,#3740,#3742,.T.);
#3740 = VERTEX_POINT('',#3741);
#3741 = CARTESIAN_POINT('',(21.379281554901,7.15,-32.28965249276));
#3742 = SURFACE_CURVE('',#3743,(#3748,#3755),.PCURVE_S1.);
#3743 = CIRCLE('',#3744,115.78250594613);
#3744 = AXIS2_PLACEMENT_3D('',#3745,#3746,#3747);
#3745 = CARTESIAN_POINT('',(-94.10250594613,7.15,-23.95026170372));
#3746 = DIRECTION('',(0.,1.,0.));
#3747 = DIRECTION('',(0.998337487922,0.,-5.763905107796E-02));
#3748 = PCURVE('',#2965,#3749);
#3749 = DEFINITIONAL_REPRESENTATION('',(#3750),#3754);
#3750 = LINE('',#3751,#3752);
#3751 = CARTESIAN_POINT('',(-1.029839539419E-03,-0.75));
#3752 = VECTOR('',#3753,1.);
#3753 = DIRECTION('',(1.,0.));
#3754 = ( GEOMETRIC_REPRESENTATION_CONTEXT(2) 
PARAMETRIC_REPRESENTATION_CONTEXT() REPRESENTATION_CONTEXT('2D SPACE',''
  ) );
#3755 = PCURVE('',#3756,#3761);
#3756 = PLANE('',#3757);
#3757 = AXIS2_PLACEMENT_3D('',#3758,#3759,#3760);
#3758 = CARTESIAN_POINT('',(-94.10250594613,7.15,-23.95026170372));
#3759 = DIRECTION('',(0.,1.,0.));
#3760 = DIRECTION('',(0.998337487922,0.,-5.763905107796E-02));
#3761 = DEFINITIONAL_REPRESENTATION('',(#3762),#3766);
#3762 = CIRCLE('',#3763,115.78250594613);
#3763 = AXIS2_PLACEMENT_2D('',#3764,#3765);
#3764 = CARTESIAN_POINT('',(0.,0.));
#3765 = DIRECTION('',(1.,-3.068437368641E-17));
#3766 = ( GEOMETRIC_REPRESENTATION_CONTEXT(2) 
PARAMETRIC_REPRESENTATION_CONTEXT() REPRESENTATION_CONTEXT('2D SPACE',''
  ) );
#3767 = ORIENTED_EDGE('',*,*,#3768,.T.);
#3768 = EDGE_CURVE('',#3740,#3769,#3771,.T.);
#3769 = VERTEX_POINT('',#3770);
#3770 = CARTESIAN_POINT('',(21.379281554901,7.85,-32.28965249276));
#3771 = SURFACE_CURVE('',#3772,(#3776,#3783),.PCURVE_S1.);
#3772 = LINE('',#3773,#3774);
#3773 = CARTESIAN_POINT('',(21.379281554901,7.5,-32.28965249276));
#3774 = VECTOR('',#3775,1.);
#3775 = DIRECTION('',(0.,1.,0.));
#3776 = PCURVE('',#2965,#3777);
#3777 = DEFINITIONAL_REPRESENTATION('',(#3778),#3782);
#3778 = LINE('',#3779,#3780);
#3779 = CARTESIAN_POINT('',(1.338791401245E-02,-0.4));
#3780 = VECTOR('',#3781,1.);
#3781 = DIRECTION('',(0.,1.));
#3782 = ( GEOMETRIC_REPRESENTATION_CONTEXT(2) 
PARAMETRIC_REPRESENTATION_CONTEXT() REPRESENTATION_CONTEXT('2D SPACE',''
  ) );
#3783 = PCURVE('',#3784,#3789);
#3784 = PLANE('',#3785);
#3785 = AXIS2_PLACEMENT_3D('',#3786,#3787,#3788);
#3786 = CARTESIAN_POINT('',(21.299489336512,7.5,-32.28389038511));
#3787 = DIRECTION('',(7.202634561146E-02,0.,0.997402729863));
#3788 = DIRECTION('',(0.997402729863,0.,-7.202634561146E-02));
#3789 = DEFINITIONAL_REPRESENTATION('',(#3790),#3794);
#3790 = LINE('',#3791,#3792);
#3791 = CARTESIAN_POINT('',(8.E-02,0.));
#3792 = VECTOR('',#3793,1.);
#3793 = DIRECTION('',(0.,1.));
#3794 = ( GEOMETRIC_REPRESENTATION_CONTEXT(2) 
PARAMETRIC_REPRESENTATION_CONTEXT() REPRESENTATION_CONTEXT('2D SPACE',''
  ) );
#3795 = ORIENTED_EDGE('',*,*,#3796,.F.);
#3796 = EDGE_CURVE('',#3797,#3769,#3799,.T.);
#3797 = VERTEX_POINT('',#3798);
#3798 = CARTESIAN_POINT('',(21.387808549528,7.85,-32.17072038068));
#3799 = SURFACE_CURVE('',#3800,(#3805,#3812),.PCURVE_S1.);
#3800 = CIRCLE('',#3801,115.78250594613);
#3801 = AXIS2_PLACEMENT_3D('',#3802,#3803,#3804);
#3802 = CARTESIAN_POINT('',(-94.10250594613,7.85,-23.95026170372));
#3803 = DIRECTION('',(0.,1.,0.));
#3804 = DIRECTION('',(0.998337487922,0.,-5.763905107796E-02));
#3805 = PCURVE('',#2965,#3806);
#3806 = DEFINITIONAL_REPRESENTATION('',(#3807),#3811);
#3807 = LINE('',#3808,#3809);
#3808 = CARTESIAN_POINT('',(-1.029839539419E-03,-5.E-02));
#3809 = VECTOR('',#3810,1.);
#3810 = DIRECTION('',(1.,0.));
#3811 = ( GEOMETRIC_REPRESENTATION_CONTEXT(2) 
PARAMETRIC_REPRESENTATION_CONTEXT() REPRESENTATION_CONTEXT('2D SPACE',''
  ) );
#3812 = PCURVE('',#3813,#3818);
#3813 = PLANE('',#3814);
#3814 = AXIS2_PLACEMENT_3D('',#3815,#3816,#3817);
#3815 = CARTESIAN_POINT('',(-94.10250594613,7.85,-23.95026170372));
#3816 = DIRECTION('',(0.,1.,0.));
#3817 = DIRECTION('',(0.998337487922,0.,-5.763905107796E-02));
#3818 = DEFINITIONAL_REPRESENTATION('',(#3819),#3823);
#3819 = CIRCLE('',#3820,115.78250594613);
#3820 = AXIS2_PLACEMENT_2D('',#3821,#3822);
#3821 = CARTESIAN_POINT('',(0.,0.));
#3822 = DIRECTION('',(1.,-3.068437368641E-17));
#3823 = ( GEOMETRIC_REPRESENTATION_CONTEXT(2) 
PARAMETRIC_REPRESENTATION_CONTEXT() REPRESENTATION_CONTEXT('2D SPACE',''
  ) );
#3824 = ORIENTED_EDGE('',*,*,#3825,.T.);
#3825 = EDGE_CURVE('',#3797,#2949,#3826,.T.);
#3826 = SURFACE_CURVE('',#3827,(#3831,#3838),.PCURVE_S1.);
#3827 = LINE('',#3828,#3829);
#3828 = CARTESIAN_POINT('',(21.387808549528,7.9,-32.17072038068));
#3829 = VECTOR('',#3830,1.);
#3830 = DIRECTION('',(0.,1.,0.));
#3831 = PCURVE('',#2965,#3832);
#3832 = DEFINITIONAL_REPRESENTATION('',(#3833),#3837);
#3833 = LINE('',#3834,#3835);
#3834 = CARTESIAN_POINT('',(1.235807447303E-02,0.));
#3835 = VECTOR('',#3836,1.);
#3836 = DIRECTION('',(0.,1.));
#3837 = ( GEOMETRIC_REPRESENTATION_CONTEXT(2) 
PARAMETRIC_REPRESENTATION_CONTEXT() REPRESENTATION_CONTEXT('2D SPACE',''
  ) );
#3838 = PCURVE('',#2992,#3839);
#3839 = DEFINITIONAL_REPRESENTATION('',(#3840),#3844);
#3840 = LINE('',#3841,#3842);
#3841 = CARTESIAN_POINT('',(0.43,0.));
#3842 = VECTOR('',#3843,1.);
#3843 = DIRECTION('',(0.,1.));
#3844 = ( GEOMETRIC_REPRESENTATION_CONTEXT(2) 
PARAMETRIC_REPRESENTATION_CONTEXT() REPRESENTATION_CONTEXT('2D SPACE',''
  ) );
#3845 = ORIENTED_EDGE('',*,*,#2948,.F.);
#3846 = ADVANCED_FACE('',(#3847),#3813,.T.);
#3847 = FACE_BOUND('',#3848,.F.);
#3848 = EDGE_LOOP('',(#3849,#3870,#3899,#3920));
#3849 = ORIENTED_EDGE('',*,*,#3850,.F.);
#3850 = EDGE_CURVE('',#3851,#3797,#3853,.T.);
#3851 = VERTEX_POINT('',#3852);
#3852 = CARTESIAN_POINT('',(21.228212329285,7.85,-32.15936051782));
#3853 = SURFACE_CURVE('',#3854,(#3858,#3864),.PCURVE_S1.);
#3854 = LINE('',#3855,#3856);
#3855 = CARTESIAN_POINT('',(-36.57180611925,7.85,-28.04522622649));
#3856 = VECTOR('',#3857,1.);
#3857 = DIRECTION('',(0.997476376521,0.,-7.099914283062E-02));
#3858 = PCURVE('',#3813,#3859);
#3859 = DEFINITIONAL_REPRESENTATION('',(#3860),#3863);
#3860 = B_SPLINE_CURVE_WITH_KNOTS('',1,(#3861,#3862),.UNSPECIFIED.,.F.,
  .F.,(2,2),(57.944597431147,58.106252973068),.PIECEWISE_BEZIER_KNOTS.);
#3861 = CARTESIAN_POINT('',(115.61048883564,1.547875763052));
#3862 = CARTESIAN_POINT('',(115.77212989051,1.550039928896));
#3863 = ( GEOMETRIC_REPRESENTATION_CONTEXT(2) 
PARAMETRIC_REPRESENTATION_CONTEXT() REPRESENTATION_CONTEXT('2D SPACE',''
  ) );
#3864 = PCURVE('',#2992,#3865);
#3865 = DEFINITIONAL_REPRESENTATION('',(#3866),#3869);
#3866 = B_SPLINE_CURVE_WITH_KNOTS('',1,(#3867,#3868),.UNSPECIFIED.,.F.,
  .F.,(2,2),(57.944597431147,58.106252973068),.PIECEWISE_BEZIER_KNOTS.);
#3867 = CARTESIAN_POINT('',(0.268344458079,-5.E-02));
#3868 = CARTESIAN_POINT('',(0.43,-5.E-02));
#3869 = ( GEOMETRIC_REPRESENTATION_CONTEXT(2) 
PARAMETRIC_REPRESENTATION_CONTEXT() REPRESENTATION_CONTEXT('2D SPACE',''
  ) );
#3870 = ORIENTED_EDGE('',*,*,#3871,.T.);
#3871 = EDGE_CURVE('',#3851,#3872,#3874,.T.);
#3872 = VERTEX_POINT('',#3873);
#3873 = CARTESIAN_POINT('',(21.219697118123,7.85,-32.27812827746));
#3874 = SURFACE_CURVE('',#3875,(#3880,#3887),.PCURVE_S1.);
#3875 = CIRCLE('',#3876,115.62250594613);
#3876 = AXIS2_PLACEMENT_3D('',#3877,#3878,#3879);
#3877 = CARTESIAN_POINT('',(-94.10250594613,7.85,-23.95026170372));
#3878 = DIRECTION('',(0.,1.,0.));
#3879 = DIRECTION('',(0.998337487922,0.,-5.763905107796E-02));
#3880 = PCURVE('',#3813,#3881);
#3881 = DEFINITIONAL_REPRESENTATION('',(#3882),#3886);
#3882 = CIRCLE('',#3883,115.62250594613);
#3883 = AXIS2_PLACEMENT_2D('',#3884,#3885);
#3884 = CARTESIAN_POINT('',(0.,0.));
#3885 = DIRECTION('',(1.,-0.));
#3886 = ( GEOMETRIC_REPRESENTATION_CONTEXT(2) 
PARAMETRIC_REPRESENTATION_CONTEXT() REPRESENTATION_CONTEXT('2D SPACE',''
  ) );
#3887 = PCURVE('',#3888,#3893);
#3888 = CYLINDRICAL_SURFACE('',#3889,115.62250594613);
#3889 = AXIS2_PLACEMENT_3D('',#3890,#3891,#3892);
#3890 = CARTESIAN_POINT('',(-94.10250594613,7.5,-23.95026170372));
#3891 = DIRECTION('',(0.,1.,0.));
#3892 = DIRECTION('',(0.998337487922,0.,-5.763905107796E-02));
#3893 = DEFINITIONAL_REPRESENTATION('',(#3894),#3898);
#3894 = LINE('',#3895,#3896);
#3895 = CARTESIAN_POINT('',(0.,0.35));
#3896 = VECTOR('',#3897,1.);
#3897 = DIRECTION('',(1.,0.));
#3898 = ( GEOMETRIC_REPRESENTATION_CONTEXT(2) 
PARAMETRIC_REPRESENTATION_CONTEXT() REPRESENTATION_CONTEXT('2D SPACE',''
  ) );
#3899 = ORIENTED_EDGE('',*,*,#3900,.T.);
#3900 = EDGE_CURVE('',#3872,#3769,#3901,.T.);
#3901 = SURFACE_CURVE('',#3902,(#3906,#3913),.PCURVE_S1.);
#3902 = LINE('',#3903,#3904);
#3903 = CARTESIAN_POINT('',(21.299489336512,7.85,-32.28389038511));
#3904 = VECTOR('',#3905,1.);
#3905 = DIRECTION('',(0.997402729863,0.,-7.202634561146E-02));
#3906 = PCURVE('',#3813,#3907);
#3907 = DEFINITIONAL_REPRESENTATION('',(#3908),#3912);
#3908 = LINE('',#3909,#3910);
#3909 = CARTESIAN_POINT('',(115.69048052092,1.668112422459));
#3910 = VECTOR('',#3911,1.);
#3911 = DIRECTION('',(0.999896065992,1.44172540501E-02));
#3912 = ( GEOMETRIC_REPRESENTATION_CONTEXT(2) 
PARAMETRIC_REPRESENTATION_CONTEXT() REPRESENTATION_CONTEXT('2D SPACE',''
  ) );
#3913 = PCURVE('',#3784,#3914);
#3914 = DEFINITIONAL_REPRESENTATION('',(#3915),#3919);
#3915 = LINE('',#3916,#3917);
#3916 = CARTESIAN_POINT('',(0.,0.35));
#3917 = VECTOR('',#3918,1.);
#3918 = DIRECTION('',(1.,0.));
#3919 = ( GEOMETRIC_REPRESENTATION_CONTEXT(2) 
PARAMETRIC_REPRESENTATION_CONTEXT() REPRESENTATION_CONTEXT('2D SPACE',''
  ) );
#3920 = ORIENTED_EDGE('',*,*,#3796,.F.);
#3921 = ADVANCED_FACE('',(#3922),#3888,.F.);
#3922 = FACE_BOUND('',#3923,.F.);
#3923 = EDGE_LOOP('',(#3924,#3949,#3973,#3994,#3995,#4016,#4045,#4066));
#3924 = ORIENTED_EDGE('',*,*,#3925,.F.);
#3925 = EDGE_CURVE('',#3926,#3928,#3930,.T.);
#3926 = VERTEX_POINT('',#3927);
#3927 = CARTESIAN_POINT('',(21.3277761874,7.15,-30.61463322971));
#3928 = VERTEX_POINT('',#3929);
#3929 = CARTESIAN_POINT('',(21.3277761874,7.85,-30.61463322971));
#3930 = SURFACE_CURVE('',#3931,(#3935,#3942),.PCURVE_S1.);
#3931 = LINE('',#3932,#3933);
#3932 = CARTESIAN_POINT('',(21.3277761874,7.5,-30.61463322971));
#3933 = VECTOR('',#3934,1.);
#3934 = DIRECTION('',(0.,1.,0.));
#3935 = PCURVE('',#3888,#3936);
#3936 = DEFINITIONAL_REPRESENTATION('',(#3937),#3941);
#3937 = LINE('',#3938,#3939);
#3938 = CARTESIAN_POINT('',(0.,0.));
#3939 = VECTOR('',#3940,1.);
#3940 = DIRECTION('',(0.,1.));
#3941 = ( GEOMETRIC_REPRESENTATION_CONTEXT(2) 
PARAMETRIC_REPRESENTATION_CONTEXT() REPRESENTATION_CONTEXT('2D SPACE',''
  ) );
#3942 = PCURVE('',#3727,#3943);
#3943 = DEFINITIONAL_REPRESENTATION('',(#3944),#3948);
#3944 = LINE('',#3945,#3946);
#3945 = CARTESIAN_POINT('',(-8.E-02,0.));
#3946 = VECTOR('',#3947,1.);
#3947 = DIRECTION('',(0.,1.));
#3948 = ( GEOMETRIC_REPRESENTATION_CONTEXT(2) 
PARAMETRIC_REPRESENTATION_CONTEXT() REPRESENTATION_CONTEXT('2D SPACE',''
  ) );
#3949 = ORIENTED_EDGE('',*,*,#3950,.T.);
#3950 = EDGE_CURVE('',#3926,#3951,#3953,.T.);
#3951 = VERTEX_POINT('',#3952);
#3952 = CARTESIAN_POINT('',(21.219697118123,7.15,-32.27812827746));
#3953 = SURFACE_CURVE('',#3954,(#3959,#3966),.PCURVE_S1.);
#3954 = CIRCLE('',#3955,115.62250594613);
#3955 = AXIS2_PLACEMENT_3D('',#3956,#3957,#3958);
#3956 = CARTESIAN_POINT('',(-94.10250594613,7.15,-23.95026170372));
#3957 = DIRECTION('',(0.,1.,0.));
#3958 = DIRECTION('',(0.998337487922,0.,-5.763905107796E-02));
#3959 = PCURVE('',#3888,#3960);
#3960 = DEFINITIONAL_REPRESENTATION('',(#3961),#3965);
#3961 = LINE('',#3962,#3963);
#3962 = CARTESIAN_POINT('',(0.,-0.35));
#3963 = VECTOR('',#3964,1.);
#3964 = DIRECTION('',(1.,0.));
#3965 = ( GEOMETRIC_REPRESENTATION_CONTEXT(2) 
PARAMETRIC_REPRESENTATION_CONTEXT() REPRESENTATION_CONTEXT('2D SPACE',''
  ) );
#3966 = PCURVE('',#3756,#3967);
#3967 = DEFINITIONAL_REPRESENTATION('',(#3968),#3972);
#3968 = CIRCLE('',#3969,115.62250594613);
#3969 = AXIS2_PLACEMENT_2D('',#3970,#3971);
#3970 = CARTESIAN_POINT('',(0.,0.));
#3971 = DIRECTION('',(1.,-0.));
#3972 = ( GEOMETRIC_REPRESENTATION_CONTEXT(2) 
PARAMETRIC_REPRESENTATION_CONTEXT() REPRESENTATION_CONTEXT('2D SPACE',''
  ) );
#3973 = ORIENTED_EDGE('',*,*,#3974,.T.);
#3974 = EDGE_CURVE('',#3951,#3872,#3975,.T.);
#3975 = SURFACE_CURVE('',#3976,(#3980,#3987),.PCURVE_S1.);
#3976 = LINE('',#3977,#3978);
#3977 = CARTESIAN_POINT('',(21.219697118123,7.5,-32.27812827746));
#3978 = VECTOR('',#3979,1.);
#3979 = DIRECTION('',(0.,1.,0.));
#3980 = PCURVE('',#3888,#3981);
#3981 = DEFINITIONAL_REPRESENTATION('',(#3982),#3986);
#3982 = LINE('',#3983,#3984);
#3983 = CARTESIAN_POINT('',(1.441775355187E-02,0.));
#3984 = VECTOR('',#3985,1.);
#3985 = DIRECTION('',(0.,1.));
#3986 = ( GEOMETRIC_REPRESENTATION_CONTEXT(2) 
PARAMETRIC_REPRESENTATION_CONTEXT() REPRESENTATION_CONTEXT('2D SPACE',''
  ) );
#3987 = PCURVE('',#3784,#3988);
#3988 = DEFINITIONAL_REPRESENTATION('',(#3989),#3993);
#3989 = LINE('',#3990,#3991);
#3990 = CARTESIAN_POINT('',(-8.E-02,0.));
#3991 = VECTOR('',#3992,1.);
#3992 = DIRECTION('',(0.,1.));
#3993 = ( GEOMETRIC_REPRESENTATION_CONTEXT(2) 
PARAMETRIC_REPRESENTATION_CONTEXT() REPRESENTATION_CONTEXT('2D SPACE',''
  ) );
#3994 = ORIENTED_EDGE('',*,*,#3871,.F.);
#3995 = ORIENTED_EDGE('',*,*,#3996,.F.);
#3996 = EDGE_CURVE('',#3997,#3851,#3999,.T.);
#3997 = VERTEX_POINT('',#3998);
#3998 = CARTESIAN_POINT('',(21.228212329285,7.75,-32.15936051782));
#3999 = SURFACE_CURVE('',#4000,(#4004,#4010),.PCURVE_S1.);
#4000 = LINE('',#4001,#4002);
#4001 = CARTESIAN_POINT('',(21.228212329285,7.5,-32.15936051782));
#4002 = VECTOR('',#4003,1.);
#4003 = DIRECTION('',(0.,1.,0.));
#4004 = PCURVE('',#3888,#4005);
#4005 = DEFINITIONAL_REPRESENTATION('',(#4006),#4009);
#4006 = B_SPLINE_CURVE_WITH_KNOTS('',1,(#4007,#4008),.UNSPECIFIED.,.F.,
  .F.,(2,2),(0.225,0.3500006),.PIECEWISE_BEZIER_KNOTS.);
#4007 = CARTESIAN_POINT('',(1.338791401245E-02,0.225));
#4008 = CARTESIAN_POINT('',(1.338791401245E-02,0.3500006));
#4009 = ( GEOMETRIC_REPRESENTATION_CONTEXT(2) 
PARAMETRIC_REPRESENTATION_CONTEXT() REPRESENTATION_CONTEXT('2D SPACE',''
  ) );
#4010 = PCURVE('',#2992,#4011);
#4011 = DEFINITIONAL_REPRESENTATION('',(#4012),#4015);
#4012 = B_SPLINE_CURVE_WITH_KNOTS('',1,(#4013,#4014),.UNSPECIFIED.,.F.,
  .F.,(2,2),(0.225,0.3500006),.PIECEWISE_BEZIER_KNOTS.);
#4013 = CARTESIAN_POINT('',(0.27,-0.175));
#4014 = CARTESIAN_POINT('',(0.27,-4.99994E-02));
#4015 = ( GEOMETRIC_REPRESENTATION_CONTEXT(2) 
PARAMETRIC_REPRESENTATION_CONTEXT() REPRESENTATION_CONTEXT('2D SPACE',''
  ) );
#4016 = ORIENTED_EDGE('',*,*,#4017,.F.);
#4017 = EDGE_CURVE('',#4018,#3997,#4020,.T.);
#4018 = VERTEX_POINT('',#4019);
#4019 = CARTESIAN_POINT('',(21.320851744399,7.75,-30.73350434327));
#4020 = SURFACE_CURVE('',#4021,(#4026,#4033),.PCURVE_S1.);
#4021 = CIRCLE('',#4022,115.62250594613);
#4022 = AXIS2_PLACEMENT_3D('',#4023,#4024,#4025);
#4023 = CARTESIAN_POINT('',(-94.10250594613,7.75,-23.95026170372));
#4024 = DIRECTION('',(0.,1.,0.));
#4025 = DIRECTION('',(0.998337487922,0.,-5.763905107796E-02));
#4026 = PCURVE('',#3888,#4027);
#4027 = DEFINITIONAL_REPRESENTATION('',(#4028),#4032);
#4028 = LINE('',#4029,#4030);
#4029 = CARTESIAN_POINT('',(5.507323995936E-19,0.25));
#4030 = VECTOR('',#4031,1.);
#4031 = DIRECTION('',(1.,0.));
#4032 = ( GEOMETRIC_REPRESENTATION_CONTEXT(2) 
PARAMETRIC_REPRESENTATION_CONTEXT() REPRESENTATION_CONTEXT('2D SPACE',''
  ) );
#4033 = PCURVE('',#4034,#4039);
#4034 = PLANE('',#4035);
#4035 = AXIS2_PLACEMENT_3D('',#4036,#4037,#4038);
#4036 = CARTESIAN_POINT('',(-94.10250594613,7.75,-23.95026170372));
#4037 = DIRECTION('',(0.,1.,0.));
#4038 = DIRECTION('',(0.998277599556,0.,-5.866714774987E-02));
#4039 = DEFINITIONAL_REPRESENTATION('',(#4040),#4044);
#4040 = CIRCLE('',#4041,115.62250594613);
#4041 = AXIS2_PLACEMENT_2D('',#4042,#4043);
#4042 = CARTESIAN_POINT('',(0.,0.));
#4043 = DIRECTION('',(0.999999469715,-1.029839357383E-03));
#4044 = ( GEOMETRIC_REPRESENTATION_CONTEXT(2) 
PARAMETRIC_REPRESENTATION_CONTEXT() REPRESENTATION_CONTEXT('2D SPACE',''
  ) );
#4045 = ORIENTED_EDGE('',*,*,#4046,.T.);
#4046 = EDGE_CURVE('',#4018,#4047,#4049,.T.);
#4047 = VERTEX_POINT('',#4048);
#4048 = CARTESIAN_POINT('',(21.320851744399,7.85,-30.73350434327));
#4049 = SURFACE_CURVE('',#4050,(#4054,#4060),.PCURVE_S1.);
#4050 = LINE('',#4051,#4052);
#4051 = CARTESIAN_POINT('',(21.320851744399,7.5,-30.73350434327));
#4052 = VECTOR('',#4053,1.);
#4053 = DIRECTION('',(0.,1.,0.));
#4054 = PCURVE('',#3888,#4055);
#4055 = DEFINITIONAL_REPRESENTATION('',(#4056),#4059);
#4056 = B_SPLINE_CURVE_WITH_KNOTS('',1,(#4057,#4058),.UNSPECIFIED.,.F.,
  .F.,(2,2),(0.225,0.3500006),.PIECEWISE_BEZIER_KNOTS.);
#4057 = CARTESIAN_POINT('',(1.029839539419E-03,0.225));
#4058 = CARTESIAN_POINT('',(1.029839539419E-03,0.3500006));
#4059 = ( GEOMETRIC_REPRESENTATION_CONTEXT(2) 
PARAMETRIC_REPRESENTATION_CONTEXT() REPRESENTATION_CONTEXT('2D SPACE',''
  ) );
#4060 = PCURVE('',#2937,#4061);
#4061 = DEFINITIONAL_REPRESENTATION('',(#4062),#4065);
#4062 = B_SPLINE_CURVE_WITH_KNOTS('',1,(#4063,#4064),.UNSPECIFIED.,.F.,
  .F.,(2,2),(0.225,0.3500006),.PIECEWISE_BEZIER_KNOTS.);
#4063 = CARTESIAN_POINT('',(0.27,-0.175));
#4064 = CARTESIAN_POINT('',(0.27,-4.99994E-02));
#4065 = ( GEOMETRIC_REPRESENTATION_CONTEXT(2) 
PARAMETRIC_REPRESENTATION_CONTEXT() REPRESENTATION_CONTEXT('2D SPACE',''
  ) );
#4066 = ORIENTED_EDGE('',*,*,#4067,.F.);
#4067 = EDGE_CURVE('',#3928,#4047,#4068,.T.);
#4068 = SURFACE_CURVE('',#4069,(#4074,#4081),.PCURVE_S1.);
#4069 = CIRCLE('',#4070,115.62250594613);
#4070 = AXIS2_PLACEMENT_3D('',#4071,#4072,#4073);
#4071 = CARTESIAN_POINT('',(-94.10250594613,7.85,-23.95026170372));
#4072 = DIRECTION('',(0.,1.,0.));
#4073 = DIRECTION('',(0.998337487922,0.,-5.763905107796E-02));
#4074 = PCURVE('',#3888,#4075);
#4075 = DEFINITIONAL_REPRESENTATION('',(#4076),#4080);
#4076 = LINE('',#4077,#4078);
#4077 = CARTESIAN_POINT('',(0.,0.35));
#4078 = VECTOR('',#4079,1.);
#4079 = DIRECTION('',(1.,0.));
#4080 = ( GEOMETRIC_REPRESENTATION_CONTEXT(2) 
PARAMETRIC_REPRESENTATION_CONTEXT() REPRESENTATION_CONTEXT('2D SPACE',''
  ) );
#4081 = PCURVE('',#3699,#4082);
#4082 = DEFINITIONAL_REPRESENTATION('',(#4083),#4087);
#4083 = CIRCLE('',#4084,115.62250594613);
#4084 = AXIS2_PLACEMENT_2D('',#4085,#4086);
#4085 = CARTESIAN_POINT('',(0.,0.));
#4086 = DIRECTION('',(1.,-0.));
#4087 = ( GEOMETRIC_REPRESENTATION_CONTEXT(2) 
PARAMETRIC_REPRESENTATION_CONTEXT() REPRESENTATION_CONTEXT('2D SPACE',''
  ) );
#4088 = ADVANCED_FACE('',(#4089),#4034,.F.);
#4089 = FACE_BOUND('',#4090,.T.);
#4090 = EDGE_LOOP('',(#4091,#4114,#4138,#4159));
#4091 = ORIENTED_EDGE('',*,*,#4092,.F.);
#4092 = EDGE_CURVE('',#4093,#4018,#4095,.T.);
#4093 = VERTEX_POINT('',#4094);
#4094 = CARTESIAN_POINT('',(21.121196224488,7.75,-30.72177091372));
#4095 = SURFACE_CURVE('',#4096,(#4100,#4107),.PCURVE_S1.);
#4096 = LINE('',#4097,#4098);
#4097 = CARTESIAN_POINT('',(21.051316792519,7.75,-30.71766421338));
#4098 = VECTOR('',#4099,1.);
#4099 = DIRECTION('',(0.998277599556,0.,-5.866714774987E-02));
#4100 = PCURVE('',#4034,#4101);
#4101 = DEFINITIONAL_REPRESENTATION('',(#4102),#4106);
#4102 = LINE('',#4103,#4104);
#4103 = CARTESIAN_POINT('',(115.35250594613,-3.552713678801E-15));
#4104 = VECTOR('',#4105,1.);
#4105 = DIRECTION('',(1.,-4.805211777715E-17));
#4106 = ( GEOMETRIC_REPRESENTATION_CONTEXT(2) 
PARAMETRIC_REPRESENTATION_CONTEXT() REPRESENTATION_CONTEXT('2D SPACE',''
  ) );
#4107 = PCURVE('',#2937,#4108);
#4108 = DEFINITIONAL_REPRESENTATION('',(#4109),#4113);
#4109 = LINE('',#4110,#4111);
#4110 = CARTESIAN_POINT('',(0.,-0.15));
#4111 = VECTOR('',#4112,1.);
#4112 = DIRECTION('',(1.,0.));
#4113 = ( GEOMETRIC_REPRESENTATION_CONTEXT(2) 
PARAMETRIC_REPRESENTATION_CONTEXT() REPRESENTATION_CONTEXT('2D SPACE',''
  ) );
#4114 = ORIENTED_EDGE('',*,*,#4115,.T.);
#4115 = EDGE_CURVE('',#4093,#4116,#4118,.T.);
#4116 = VERTEX_POINT('',#4117);
#4117 = CARTESIAN_POINT('',(21.028717053981,7.75,-32.14516068926));
#4118 = SURFACE_CURVE('',#4119,(#4124,#4131),.PCURVE_S1.);
#4119 = CIRCLE('',#4120,115.42250594613);
#4120 = AXIS2_PLACEMENT_3D('',#4121,#4122,#4123);
#4121 = CARTESIAN_POINT('',(-94.10250594613,7.75,-23.95026170372));
#4122 = DIRECTION('',(0.,1.,0.));
#4123 = DIRECTION('',(0.999064723548,0.,-4.323977522924E-02));
#4124 = PCURVE('',#4034,#4125);
#4125 = DEFINITIONAL_REPRESENTATION('',(#4126),#4130);
#4126 = CIRCLE('',#4127,115.42250594613);
#4127 = AXIS2_PLACEMENT_2D('',#4128,#4129);
#4128 = CARTESIAN_POINT('',(0.,0.));
#4129 = DIRECTION('',(0.999880688306,-1.54469787269E-02));
#4130 = ( GEOMETRIC_REPRESENTATION_CONTEXT(2) 
PARAMETRIC_REPRESENTATION_CONTEXT() REPRESENTATION_CONTEXT('2D SPACE',''
  ) );
#4131 = PCURVE('',#2910,#4132);
#4132 = DEFINITIONAL_REPRESENTATION('',(#4133),#4137);
#4133 = LINE('',#4134,#4135);
#4134 = CARTESIAN_POINT('',(-3.238528917814E-18,-0.25));
#4135 = VECTOR('',#4136,1.);
#4136 = DIRECTION('',(1.,0.));
#4137 = ( GEOMETRIC_REPRESENTATION_CONTEXT(2) 
PARAMETRIC_REPRESENTATION_CONTEXT() REPRESENTATION_CONTEXT('2D SPACE',''
  ) );
#4138 = ORIENTED_EDGE('',*,*,#4139,.T.);
#4139 = EDGE_CURVE('',#4116,#3997,#4140,.T.);
#4140 = SURFACE_CURVE('',#4141,(#4145,#4152),.PCURVE_S1.);
#4141 = LINE('',#4142,#4143);
#4142 = CARTESIAN_POINT('',(20.958893707624,7.75,-32.14019074926));
#4143 = VECTOR('',#4144,1.);
#4144 = DIRECTION('',(0.997476376521,0.,-7.099914283062E-02));
#4145 = PCURVE('',#4034,#4146);
#4146 = DEFINITIONAL_REPRESENTATION('',(#4147),#4151);
#4147 = LINE('',#4148,#4149);
#4148 = CARTESIAN_POINT('',(115.34369762526,1.42549857432));
#4149 = VECTOR('',#4150,1.);
#4150 = DIRECTION('',(0.999923639969,1.235775991711E-02));
#4151 = ( GEOMETRIC_REPRESENTATION_CONTEXT(2) 
PARAMETRIC_REPRESENTATION_CONTEXT() REPRESENTATION_CONTEXT('2D SPACE',''
  ) );
#4152 = PCURVE('',#2992,#4153);
#4153 = DEFINITIONAL_REPRESENTATION('',(#4154),#4158);
#4154 = LINE('',#4155,#4156);
#4155 = CARTESIAN_POINT('',(0.,-0.15));
#4156 = VECTOR('',#4157,1.);
#4157 = DIRECTION('',(1.,0.));
#4158 = ( GEOMETRIC_REPRESENTATION_CONTEXT(2) 
PARAMETRIC_REPRESENTATION_CONTEXT() REPRESENTATION_CONTEXT('2D SPACE',''
  ) );
#4159 = ORIENTED_EDGE('',*,*,#4017,.F.);
#4160 = ADVANCED_FACE('',(#4161),#3784,.F.);
#4161 = FACE_BOUND('',#4162,.F.);
#4162 = EDGE_LOOP('',(#4163,#4164,#4185,#4186));
#4163 = ORIENTED_EDGE('',*,*,#3974,.F.);
#4164 = ORIENTED_EDGE('',*,*,#4165,.T.);
#4165 = EDGE_CURVE('',#3951,#3740,#4166,.T.);
#4166 = SURFACE_CURVE('',#4167,(#4171,#4178),.PCURVE_S1.);
#4167 = LINE('',#4168,#4169);
#4168 = CARTESIAN_POINT('',(21.299489336512,7.15,-32.28389038511));
#4169 = VECTOR('',#4170,1.);
#4170 = DIRECTION('',(0.997402729863,0.,-7.202634561146E-02));
#4171 = PCURVE('',#3784,#4172);
#4172 = DEFINITIONAL_REPRESENTATION('',(#4173),#4177);
#4173 = LINE('',#4174,#4175);
#4174 = CARTESIAN_POINT('',(0.,-0.35));
#4175 = VECTOR('',#4176,1.);
#4176 = DIRECTION('',(1.,0.));
#4177 = ( GEOMETRIC_REPRESENTATION_CONTEXT(2) 
PARAMETRIC_REPRESENTATION_CONTEXT() REPRESENTATION_CONTEXT('2D SPACE',''
  ) );
#4178 = PCURVE('',#3756,#4179);
#4179 = DEFINITIONAL_REPRESENTATION('',(#4180),#4184);
#4180 = LINE('',#4181,#4182);
#4181 = CARTESIAN_POINT('',(115.69048052092,1.668112422459));
#4182 = VECTOR('',#4183,1.);
#4183 = DIRECTION('',(0.999896065992,1.44172540501E-02));
#4184 = ( GEOMETRIC_REPRESENTATION_CONTEXT(2) 
PARAMETRIC_REPRESENTATION_CONTEXT() REPRESENTATION_CONTEXT('2D SPACE',''
  ) );
#4185 = ORIENTED_EDGE('',*,*,#3768,.T.);
#4186 = ORIENTED_EDGE('',*,*,#3900,.F.);
#4187 = ADVANCED_FACE('',(#4188),#3756,.F.);
#4188 = FACE_BOUND('',#4189,.T.);
#4189 = EDGE_LOOP('',(#4190,#4191,#4192,#4193));
#4190 = ORIENTED_EDGE('',*,*,#3950,.T.);
#4191 = ORIENTED_EDGE('',*,*,#4165,.T.);
#4192 = ORIENTED_EDGE('',*,*,#3739,.F.);
#4193 = ORIENTED_EDGE('',*,*,#4194,.F.);
#4194 = EDGE_CURVE('',#3926,#3712,#4195,.T.);
#4195 = SURFACE_CURVE('',#4196,(#4200,#4207),.PCURVE_S1.);
#4196 = LINE('',#4197,#4198);
#4197 = CARTESIAN_POINT('',(21.407643186434,7.15,-30.6192443538));
#4198 = VECTOR('',#4199,1.);
#4199 = DIRECTION('',(0.998337487922,0.,-5.763905107796E-02));
#4200 = PCURVE('',#3756,#4201);
#4201 = DEFINITIONAL_REPRESENTATION('',(#4202),#4206);
#4202 = LINE('',#4203,#4204);
#4203 = CARTESIAN_POINT('',(115.70250594613,-0.));
#4204 = VECTOR('',#4205,1.);
#4205 = DIRECTION('',(1.,-7.478090308579E-18));
#4206 = ( GEOMETRIC_REPRESENTATION_CONTEXT(2) 
PARAMETRIC_REPRESENTATION_CONTEXT() REPRESENTATION_CONTEXT('2D SPACE',''
  ) );
#4207 = PCURVE('',#3727,#4208);
#4208 = DEFINITIONAL_REPRESENTATION('',(#4209),#4213);
#4209 = LINE('',#4210,#4211);
#4210 = CARTESIAN_POINT('',(0.,-0.35));
#4211 = VECTOR('',#4212,1.);
#4212 = DIRECTION('',(1.,0.));
#4213 = ( GEOMETRIC_REPRESENTATION_CONTEXT(2) 
PARAMETRIC_REPRESENTATION_CONTEXT() REPRESENTATION_CONTEXT('2D SPACE',''
  ) );
#4214 = ADVANCED_FACE('',(#4215),#3727,.T.);
#4215 = FACE_BOUND('',#4216,.T.);
#4216 = EDGE_LOOP('',(#4217,#4218,#4219,#4220));
#4217 = ORIENTED_EDGE('',*,*,#3925,.F.);
#4218 = ORIENTED_EDGE('',*,*,#4194,.T.);
#4219 = ORIENTED_EDGE('',*,*,#3711,.T.);
#4220 = ORIENTED_EDGE('',*,*,#4221,.F.);
#4221 = EDGE_CURVE('',#3928,#3683,#4222,.T.);
#4222 = SURFACE_CURVE('',#4223,(#4227,#4234),.PCURVE_S1.);
#4223 = LINE('',#4224,#4225);
#4224 = CARTESIAN_POINT('',(21.407643186434,7.85,-30.6192443538));
#4225 = VECTOR('',#4226,1.);
#4226 = DIRECTION('',(0.998337487922,0.,-5.763905107796E-02));
#4227 = PCURVE('',#3727,#4228);
#4228 = DEFINITIONAL_REPRESENTATION('',(#4229),#4233);
#4229 = LINE('',#4230,#4231);
#4230 = CARTESIAN_POINT('',(0.,0.35));
#4231 = VECTOR('',#4232,1.);
#4232 = DIRECTION('',(1.,0.));
#4233 = ( GEOMETRIC_REPRESENTATION_CONTEXT(2) 
PARAMETRIC_REPRESENTATION_CONTEXT() REPRESENTATION_CONTEXT('2D SPACE',''
  ) );
#4234 = PCURVE('',#3699,#4235);
#4235 = DEFINITIONAL_REPRESENTATION('',(#4236),#4240);
#4236 = LINE('',#4237,#4238);
#4237 = CARTESIAN_POINT('',(115.70250594613,-0.));
#4238 = VECTOR('',#4239,1.);
#4239 = DIRECTION('',(1.,-7.478090308579E-18));
#4240 = ( GEOMETRIC_REPRESENTATION_CONTEXT(2) 
PARAMETRIC_REPRESENTATION_CONTEXT() REPRESENTATION_CONTEXT('2D SPACE',''
  ) );
#4241 = ADVANCED_FACE('',(#4242),#3699,.T.);
#4242 = FACE_BOUND('',#4243,.F.);
#4243 = EDGE_LOOP('',(#4244,#4245,#4246,#4265));
#4244 = ORIENTED_EDGE('',*,*,#4221,.F.);
#4245 = ORIENTED_EDGE('',*,*,#4067,.T.);
#4246 = ORIENTED_EDGE('',*,*,#4247,.T.);
#4247 = EDGE_CURVE('',#4047,#3660,#4248,.T.);
#4248 = SURFACE_CURVE('',#4249,(#4253,#4259),.PCURVE_S1.);
#4249 = LINE('',#4250,#4251);
#4250 = CARTESIAN_POINT('',(-36.5255945768,7.85,-27.33396295855));
#4251 = VECTOR('',#4252,1.);
#4252 = DIRECTION('',(0.998277599556,0.,-5.866714774987E-02));
#4253 = PCURVE('',#3699,#4254);
#4254 = DEFINITIONAL_REPRESENTATION('',(#4255),#4258);
#4255 = B_SPLINE_CURVE_WITH_KNOTS('',1,(#4256,#4257),.UNSPECIFIED.,.F.,
  .F.,(2,2),(57.934297169079,58.106252973068),.PIECEWISE_BEZIER_KNOTS.);
#4256 = CARTESIAN_POINT('',(115.61048883564,0.119060294665));
#4257 = CARTESIAN_POINT('',(115.78244454844,0.11923738152));
#4258 = ( GEOMETRIC_REPRESENTATION_CONTEXT(2) 
PARAMETRIC_REPRESENTATION_CONTEXT() REPRESENTATION_CONTEXT('2D SPACE',''
  ) );
#4259 = PCURVE('',#2937,#4260);
#4260 = DEFINITIONAL_REPRESENTATION('',(#4261),#4264);
#4261 = B_SPLINE_CURVE_WITH_KNOTS('',1,(#4262,#4263),.UNSPECIFIED.,.F.,
  .F.,(2,2),(57.934297169079,58.106252973068),.PIECEWISE_BEZIER_KNOTS.);
#4262 = CARTESIAN_POINT('',(0.258044196011,-5.E-02));
#4263 = CARTESIAN_POINT('',(0.43,-5.E-02));
#4264 = ( GEOMETRIC_REPRESENTATION_CONTEXT(2) 
PARAMETRIC_REPRESENTATION_CONTEXT() REPRESENTATION_CONTEXT('2D SPACE',''
  ) );
#4265 = ORIENTED_EDGE('',*,*,#3682,.F.);
#4266 = ADVANCED_FACE('',(#4267),#2937,.T.);
#4267 = FACE_BOUND('',#4268,.T.);
#4268 = EDGE_LOOP('',(#4269,#4288,#4289,#4290,#4291,#4292));
#4269 = ORIENTED_EDGE('',*,*,#4270,.F.);
#4270 = EDGE_CURVE('',#4093,#2894,#4271,.T.);
#4271 = SURFACE_CURVE('',#4272,(#4276,#4282),.PCURVE_S1.);
#4272 = LINE('',#4273,#4274);
#4273 = CARTESIAN_POINT('',(21.121196224488,8.,-30.72177091372));
#4274 = VECTOR('',#4275,1.);
#4275 = DIRECTION('',(0.,1.,0.));
#4276 = PCURVE('',#2937,#4277);
#4277 = DEFINITIONAL_REPRESENTATION('',(#4278),#4281);
#4278 = B_SPLINE_CURVE_WITH_KNOTS('',1,(#4279,#4280),.UNSPECIFIED.,.F.,
  .F.,(2,2),(-0.28,5.999999999062E-07),.PIECEWISE_BEZIER_KNOTS.);
#4279 = CARTESIAN_POINT('',(7.000000000001E-02,-0.18));
#4280 = CARTESIAN_POINT('',(7.000000000001E-02,0.1000006));
#4281 = ( GEOMETRIC_REPRESENTATION_CONTEXT(2) 
PARAMETRIC_REPRESENTATION_CONTEXT() REPRESENTATION_CONTEXT('2D SPACE',''
  ) );
#4282 = PCURVE('',#2910,#4283);
#4283 = DEFINITIONAL_REPRESENTATION('',(#4284),#4287);
#4284 = B_SPLINE_CURVE_WITH_KNOTS('',1,(#4285,#4286),.UNSPECIFIED.,.F.,
  .F.,(2,2),(-0.28,5.999999999062E-07),.PIECEWISE_BEZIER_KNOTS.);
#4285 = CARTESIAN_POINT('',(1.544759309129E-02,-0.28));
#4286 = CARTESIAN_POINT('',(1.544759309129E-02,5.999999999062E-07));
#4287 = ( GEOMETRIC_REPRESENTATION_CONTEXT(2) 
PARAMETRIC_REPRESENTATION_CONTEXT() REPRESENTATION_CONTEXT('2D SPACE',''
  ) );
#4288 = ORIENTED_EDGE('',*,*,#4092,.T.);
#4289 = ORIENTED_EDGE('',*,*,#4046,.T.);
#4290 = ORIENTED_EDGE('',*,*,#4247,.T.);
#4291 = ORIENTED_EDGE('',*,*,#3659,.T.);
#4292 = ORIENTED_EDGE('',*,*,#2922,.T.);
#4293 = ADVANCED_FACE('',(#4294),#2992,.F.);
#4294 = FACE_BOUND('',#4295,.F.);
#4295 = EDGE_LOOP('',(#4296,#4315,#4316,#4317,#4318,#4319));
#4296 = ORIENTED_EDGE('',*,*,#4297,.F.);
#4297 = EDGE_CURVE('',#4116,#2978,#4298,.T.);
#4298 = SURFACE_CURVE('',#4299,(#4303,#4309),.PCURVE_S1.);
#4299 = LINE('',#4300,#4301);
#4300 = CARTESIAN_POINT('',(21.028717053981,8.,-32.14516068926));
#4301 = VECTOR('',#4302,1.);
#4302 = DIRECTION('',(0.,1.,0.));
#4303 = PCURVE('',#2992,#4304);
#4304 = DEFINITIONAL_REPRESENTATION('',(#4305),#4308);
#4305 = B_SPLINE_CURVE_WITH_KNOTS('',1,(#4306,#4307),.UNSPECIFIED.,.F.,
  .F.,(2,2),(-0.28,5.999999999062E-07),.PIECEWISE_BEZIER_KNOTS.);
#4306 = CARTESIAN_POINT('',(7.E-02,-0.18));
#4307 = CARTESIAN_POINT('',(7.E-02,0.1000006));
#4308 = ( GEOMETRIC_REPRESENTATION_CONTEXT(2) 
PARAMETRIC_REPRESENTATION_CONTEXT() REPRESENTATION_CONTEXT('2D SPACE',''
  ) );
#4309 = PCURVE('',#2910,#4310);
#4310 = DEFINITIONAL_REPRESENTATION('',(#4311),#4314);
#4311 = B_SPLINE_CURVE_WITH_KNOTS('',1,(#4312,#4313),.UNSPECIFIED.,.F.,
  .F.,(2,2),(-0.28,5.999999999062E-07),.PIECEWISE_BEZIER_KNOTS.);
#4312 = CARTESIAN_POINT('',(2.780566756431E-02,-0.28));
#4313 = CARTESIAN_POINT('',(2.780566756431E-02,5.999999999062E-07));
#4314 = ( GEOMETRIC_REPRESENTATION_CONTEXT(2) 
PARAMETRIC_REPRESENTATION_CONTEXT() REPRESENTATION_CONTEXT('2D SPACE',''
  ) );
#4315 = ORIENTED_EDGE('',*,*,#4139,.T.);
#4316 = ORIENTED_EDGE('',*,*,#3996,.T.);
#4317 = ORIENTED_EDGE('',*,*,#3850,.T.);
#4318 = ORIENTED_EDGE('',*,*,#3825,.T.);
#4319 = ORIENTED_EDGE('',*,*,#2977,.T.);
#4320 = ADVANCED_FACE('',(#4321),#2910,.T.);
#4321 = FACE_BOUND('',#4322,.T.);
#4322 = EDGE_LOOP('',(#4323,#4346,#4375,#4396,#4397,#4398,#4399,#4400));
#4323 = ORIENTED_EDGE('',*,*,#4324,.F.);
#4324 = EDGE_CURVE('',#4325,#2868,#4327,.T.);
#4325 = VERTEX_POINT('',#4326);
#4326 = CARTESIAN_POINT('',(21.212048048163,7.,-28.94110491722));
#4327 = SURFACE_CURVE('',#4328,(#4332,#4339),.PCURVE_S1.);
#4328 = LINE('',#4329,#4330);
#4329 = CARTESIAN_POINT('',(21.212048048163,8.,-28.94110491722));
#4330 = VECTOR('',#4331,1.);
#4331 = DIRECTION('',(0.,1.,0.));
#4332 = PCURVE('',#2910,#4333);
#4333 = DEFINITIONAL_REPRESENTATION('',(#4334),#4338);
#4334 = LINE('',#4335,#4336);
#4335 = CARTESIAN_POINT('',(0.,0.));
#4336 = VECTOR('',#4337,1.);
#4337 = DIRECTION('',(0.,1.));
#4338 = ( GEOMETRIC_REPRESENTATION_CONTEXT(2) 
PARAMETRIC_REPRESENTATION_CONTEXT() REPRESENTATION_CONTEXT('2D SPACE',''
  ) );
#4339 = PCURVE('',#2882,#4340);
#4340 = DEFINITIONAL_REPRESENTATION('',(#4341),#4345);
#4341 = LINE('',#4342,#4343);
#4342 = CARTESIAN_POINT('',(0.25,0.));
#4343 = VECTOR('',#4344,1.);
#4344 = DIRECTION('',(0.,1.));
#4345 = ( GEOMETRIC_REPRESENTATION_CONTEXT(2) 
PARAMETRIC_REPRESENTATION_CONTEXT() REPRESENTATION_CONTEXT('2D SPACE',''
  ) );
#4346 = ORIENTED_EDGE('',*,*,#4347,.T.);
#4347 = EDGE_CURVE('',#4325,#4348,#4350,.T.);
#4348 = VERTEX_POINT('',#4349);
#4349 = CARTESIAN_POINT('',(20.525469737374,7.,-37.46995362278));
#4350 = SURFACE_CURVE('',#4351,(#4356,#4363),.PCURVE_S1.);
#4351 = CIRCLE('',#4352,115.42250594613);
#4352 = AXIS2_PLACEMENT_3D('',#4353,#4354,#4355);
#4353 = CARTESIAN_POINT('',(-94.10250594613,7.,-23.95026170372));
#4354 = DIRECTION('',(0.,1.,0.));
#4355 = DIRECTION('',(0.999064723548,0.,-4.323977522924E-02));
#4356 = PCURVE('',#2910,#4357);
#4357 = DEFINITIONAL_REPRESENTATION('',(#4358),#4362);
#4358 = LINE('',#4359,#4360);
#4359 = CARTESIAN_POINT('',(0.,-1.));
#4360 = VECTOR('',#4361,1.);
#4361 = DIRECTION('',(1.,0.));
#4362 = ( GEOMETRIC_REPRESENTATION_CONTEXT(2) 
PARAMETRIC_REPRESENTATION_CONTEXT() REPRESENTATION_CONTEXT('2D SPACE',''
  ) );
#4363 = PCURVE('',#4364,#4369);
#4364 = PLANE('',#4365);
#4365 = AXIS2_PLACEMENT_3D('',#4366,#4367,#4368);
#4366 = CARTESIAN_POINT('',(-94.10250594613,7.,-23.95026170372));
#4367 = DIRECTION('',(0.,1.,0.));
#4368 = DIRECTION('',(0.999064723548,0.,-4.323977522924E-02));
#4369 = DEFINITIONAL_REPRESENTATION('',(#4370),#4374);
#4370 = CIRCLE('',#4371,115.42250594613);
#4371 = AXIS2_PLACEMENT_2D('',#4372,#4373);
#4372 = CARTESIAN_POINT('',(0.,0.));
#4373 = DIRECTION('',(1.,3.078007750463E-17));
#4374 = ( GEOMETRIC_REPRESENTATION_CONTEXT(2) 
PARAMETRIC_REPRESENTATION_CONTEXT() REPRESENTATION_CONTEXT('2D SPACE',''
  ) );
#4375 = ORIENTED_EDGE('',*,*,#4376,.T.);
#4376 = EDGE_CURVE('',#4348,#3004,#4377,.T.);
#4377 = SURFACE_CURVE('',#4378,(#4382,#4389),.PCURVE_S1.);
#4378 = LINE('',#4379,#4380);
#4379 = CARTESIAN_POINT('',(20.525469737374,8.,-37.46995362278));
#4380 = VECTOR('',#4381,1.);
#4381 = DIRECTION('',(0.,1.,0.));
#4382 = PCURVE('',#2910,#4383);
#4383 = DEFINITIONAL_REPRESENTATION('',(#4384),#4388);
#4384 = LINE('',#4385,#4386);
#4385 = CARTESIAN_POINT('',(7.414844683817E-02,0.));
#4386 = VECTOR('',#4387,1.);
#4387 = DIRECTION('',(0.,1.));
#4388 = ( GEOMETRIC_REPRESENTATION_CONTEXT(2) 
PARAMETRIC_REPRESENTATION_CONTEXT() REPRESENTATION_CONTEXT('2D SPACE',''
  ) );
#4389 = PCURVE('',#3040,#4390);
#4390 = DEFINITIONAL_REPRESENTATION('',(#4391),#4395);
#4391 = LINE('',#4392,#4393);
#4392 = CARTESIAN_POINT('',(0.25,0.));
#4393 = VECTOR('',#4394,1.);
#4394 = DIRECTION('',(0.,1.));
#4395 = ( GEOMETRIC_REPRESENTATION_CONTEXT(2) 
PARAMETRIC_REPRESENTATION_CONTEXT() REPRESENTATION_CONTEXT('2D SPACE',''
  ) );
#4396 = ORIENTED_EDGE('',*,*,#3003,.F.);
#4397 = ORIENTED_EDGE('',*,*,#4297,.F.);
#4398 = ORIENTED_EDGE('',*,*,#4115,.F.);
#4399 = ORIENTED_EDGE('',*,*,#4270,.T.);
#4400 = ORIENTED_EDGE('',*,*,#2893,.F.);
#4401 = ADVANCED_FACE('',(#4402),#4364,.F.);
#4402 = FACE_BOUND('',#4403,.T.);
#4403 = EDGE_LOOP('',(#4404,#4430,#4451,#4452));
#4404 = ORIENTED_EDGE('',*,*,#4405,.T.);
#4405 = EDGE_CURVE('',#4406,#4408,#4410,.T.);
#4406 = VERTEX_POINT('',#4407);
#4407 = CARTESIAN_POINT('',(20.712515686389,7.,-28.91948502961));
#4408 = VERTEX_POINT('',#4409);
#4409 = CARTESIAN_POINT('',(20.0289115716,7.,-37.41138752335));
#4410 = SURFACE_CURVE('',#4411,(#4416,#4423),.PCURVE_S1.);
#4411 = CIRCLE('',#4412,114.92250594613);
#4412 = AXIS2_PLACEMENT_3D('',#4413,#4414,#4415);
#4413 = CARTESIAN_POINT('',(-94.10250594613,7.,-23.95026170372));
#4414 = DIRECTION('',(0.,1.,0.));
#4415 = DIRECTION('',(0.999064723548,0.,-4.323977522924E-02));
#4416 = PCURVE('',#4364,#4417);
#4417 = DEFINITIONAL_REPRESENTATION('',(#4418),#4422);
#4418 = CIRCLE('',#4419,114.92250594613);
#4419 = AXIS2_PLACEMENT_2D('',#4420,#4421);
#4420 = CARTESIAN_POINT('',(0.,0.));
#4421 = DIRECTION('',(1.,3.091399416982E-17));
#4422 = ( GEOMETRIC_REPRESENTATION_CONTEXT(2) 
PARAMETRIC_REPRESENTATION_CONTEXT() REPRESENTATION_CONTEXT('2D SPACE',''
  ) );
#4423 = PCURVE('',#2855,#4424);
#4424 = DEFINITIONAL_REPRESENTATION('',(#4425),#4429);
#4425 = LINE('',#4426,#4427);
#4426 = CARTESIAN_POINT('',(0.,-1.));
#4427 = VECTOR('',#4428,1.);
#4428 = DIRECTION('',(1.,0.));
#4429 = ( GEOMETRIC_REPRESENTATION_CONTEXT(2) 
PARAMETRIC_REPRESENTATION_CONTEXT() REPRESENTATION_CONTEXT('2D SPACE',''
  ) );
#4430 = ORIENTED_EDGE('',*,*,#4431,.T.);
#4431 = EDGE_CURVE('',#4408,#4348,#4432,.T.);
#4432 = SURFACE_CURVE('',#4433,(#4437,#4444),.PCURVE_S1.);
#4433 = LINE('',#4434,#4435);
#4434 = CARTESIAN_POINT('',(20.277190654487,7.,-37.44067057307));
#4435 = VECTOR('',#4436,1.);
#4436 = DIRECTION('',(0.99311633155,0.,-0.117132198857));
#4437 = PCURVE('',#4364,#4438);
#4438 = DEFINITIONAL_REPRESENTATION('',(#4439),#4443);
#4439 = LINE('',#4440,#4441);
#4440 = CARTESIAN_POINT('',(114.85604221107,8.532039235806));
#4441 = VECTOR('',#4442,1.);
#4442 = DIRECTION('',(0.997252263182,7.4080520917E-02));
#4443 = ( GEOMETRIC_REPRESENTATION_CONTEXT(2) 
PARAMETRIC_REPRESENTATION_CONTEXT() REPRESENTATION_CONTEXT('2D SPACE',''
  ) );
#4444 = PCURVE('',#3040,#4445);
#4445 = DEFINITIONAL_REPRESENTATION('',(#4446),#4450);
#4446 = LINE('',#4447,#4448);
#4447 = CARTESIAN_POINT('',(0.,-1.));
#4448 = VECTOR('',#4449,1.);
#4449 = DIRECTION('',(1.,0.));
#4450 = ( GEOMETRIC_REPRESENTATION_CONTEXT(2) 
PARAMETRIC_REPRESENTATION_CONTEXT() REPRESENTATION_CONTEXT('2D SPACE',''
  ) );
#4451 = ORIENTED_EDGE('',*,*,#4347,.F.);
#4452 = ORIENTED_EDGE('',*,*,#4453,.F.);
#4453 = EDGE_CURVE('',#4406,#4325,#4454,.T.);
#4454 = SURFACE_CURVE('',#4455,(#4459,#4466),.PCURVE_S1.);
#4455 = LINE('',#4456,#4457);
#4456 = CARTESIAN_POINT('',(20.962281867276,7.,-28.93029497342));
#4457 = VECTOR('',#4458,1.);
#4458 = DIRECTION('',(0.999064723548,0.,-4.323977522924E-02));
#4459 = PCURVE('',#4364,#4460);
#4460 = DEFINITIONAL_REPRESENTATION('',(#4461),#4465);
#4461 = LINE('',#4462,#4463);
#4462 = CARTESIAN_POINT('',(115.17250594613,3.552713678801E-15));
#4463 = VECTOR('',#4464,1.);
#4464 = DIRECTION('',(1.,3.09811249653E-17));
#4465 = ( GEOMETRIC_REPRESENTATION_CONTEXT(2) 
PARAMETRIC_REPRESENTATION_CONTEXT() REPRESENTATION_CONTEXT('2D SPACE',''
  ) );
#4466 = PCURVE('',#2882,#4467);
#4467 = DEFINITIONAL_REPRESENTATION('',(#4468),#4472);
#4468 = LINE('',#4469,#4470);
#4469 = CARTESIAN_POINT('',(0.,-1.));
#4470 = VECTOR('',#4471,1.);
#4471 = DIRECTION('',(1.,0.));
#4472 = ( GEOMETRIC_REPRESENTATION_CONTEXT(2) 
PARAMETRIC_REPRESENTATION_CONTEXT() REPRESENTATION_CONTEXT('2D SPACE',''
  ) );
#4473 = ADVANCED_FACE('',(#4474),#2882,.T.);
#4474 = FACE_BOUND('',#4475,.T.);
#4475 = EDGE_LOOP('',(#4476,#4497,#4498,#4499));
#4476 = ORIENTED_EDGE('',*,*,#4477,.F.);
#4477 = EDGE_CURVE('',#4406,#2835,#4478,.T.);
#4478 = SURFACE_CURVE('',#4479,(#4483,#4490),.PCURVE_S1.);
#4479 = LINE('',#4480,#4481);
#4480 = CARTESIAN_POINT('',(20.712515686389,8.,-28.91948502961));
#4481 = VECTOR('',#4482,1.);
#4482 = DIRECTION('',(0.,1.,0.));
#4483 = PCURVE('',#2882,#4484);
#4484 = DEFINITIONAL_REPRESENTATION('',(#4485),#4489);
#4485 = LINE('',#4486,#4487);
#4486 = CARTESIAN_POINT('',(-0.25,0.));
#4487 = VECTOR('',#4488,1.);
#4488 = DIRECTION('',(0.,1.));
#4489 = ( GEOMETRIC_REPRESENTATION_CONTEXT(2) 
PARAMETRIC_REPRESENTATION_CONTEXT() REPRESENTATION_CONTEXT('2D SPACE',''
  ) );
#4490 = PCURVE('',#2855,#4491);
#4491 = DEFINITIONAL_REPRESENTATION('',(#4492),#4496);
#4492 = LINE('',#4493,#4494);
#4493 = CARTESIAN_POINT('',(0.,0.));
#4494 = VECTOR('',#4495,1.);
#4495 = DIRECTION('',(0.,1.));
#4496 = ( GEOMETRIC_REPRESENTATION_CONTEXT(2) 
PARAMETRIC_REPRESENTATION_CONTEXT() REPRESENTATION_CONTEXT('2D SPACE',''
  ) );
#4497 = ORIENTED_EDGE('',*,*,#4453,.T.);
#4498 = ORIENTED_EDGE('',*,*,#4324,.T.);
#4499 = ORIENTED_EDGE('',*,*,#2867,.T.);
#4500 = ADVANCED_FACE('',(#4501),#3040,.F.);
#4501 = FACE_BOUND('',#4502,.F.);
#4502 = EDGE_LOOP('',(#4503,#4524,#4525,#4526));
#4503 = ORIENTED_EDGE('',*,*,#4504,.F.);
#4504 = EDGE_CURVE('',#4408,#2833,#4505,.T.);
#4505 = SURFACE_CURVE('',#4506,(#4510,#4517),.PCURVE_S1.);
#4506 = LINE('',#4507,#4508);
#4507 = CARTESIAN_POINT('',(20.0289115716,8.,-37.41138752335));
#4508 = VECTOR('',#4509,1.);
#4509 = DIRECTION('',(0.,1.,0.));
#4510 = PCURVE('',#3040,#4511);
#4511 = DEFINITIONAL_REPRESENTATION('',(#4512),#4516);
#4512 = LINE('',#4513,#4514);
#4513 = CARTESIAN_POINT('',(-0.25,0.));
#4514 = VECTOR('',#4515,1.);
#4515 = DIRECTION('',(0.,1.));
#4516 = ( GEOMETRIC_REPRESENTATION_CONTEXT(2) 
PARAMETRIC_REPRESENTATION_CONTEXT() REPRESENTATION_CONTEXT('2D SPACE',''
  ) );
#4517 = PCURVE('',#2855,#4518);
#4518 = DEFINITIONAL_REPRESENTATION('',(#4519),#4523);
#4519 = LINE('',#4520,#4521);
#4520 = CARTESIAN_POINT('',(7.414844683817E-02,0.));
#4521 = VECTOR('',#4522,1.);
#4522 = DIRECTION('',(0.,1.));
#4523 = ( GEOMETRIC_REPRESENTATION_CONTEXT(2) 
PARAMETRIC_REPRESENTATION_CONTEXT() REPRESENTATION_CONTEXT('2D SPACE',''
  ) );
#4524 = ORIENTED_EDGE('',*,*,#4431,.T.);
#4525 = ORIENTED_EDGE('',*,*,#4376,.T.);
#4526 = ORIENTED_EDGE('',*,*,#3027,.T.);
#4527 = ADVANCED_FACE('',(#4528),#2855,.F.);
#4528 = FACE_BOUND('',#4529,.F.);
#4529 = EDGE_LOOP('',(#4530,#4531,#4532,#4533));
#4530 = ORIENTED_EDGE('',*,*,#4477,.F.);
#4531 = ORIENTED_EDGE('',*,*,#4405,.T.);
#4532 = ORIENTED_EDGE('',*,*,#4504,.T.);
#4533 = ORIENTED_EDGE('',*,*,#2832,.T.);
#4534 = ADVANCED_FACE('',(#4535),#2766,.F.);
#4535 = FACE_BOUND('',#4536,.F.);
#4536 = EDGE_LOOP('',(#4537,#4560,#4586,#4612,#4640,#4659));
#4537 = ORIENTED_EDGE('',*,*,#4538,.F.);
#4538 = EDGE_CURVE('',#4539,#2752,#4541,.T.);
#4539 = VERTEX_POINT('',#4540);
#4540 = CARTESIAN_POINT('',(4.071618653125,7.85,-30.93817526114));
#4541 = SURFACE_CURVE('',#4542,(#4546,#4553),.PCURVE_S1.);
#4542 = LINE('',#4543,#4544);
#4543 = CARTESIAN_POINT('',(4.071618653125,7.9,-30.93817526114));
#4544 = VECTOR('',#4545,1.);
#4545 = DIRECTION('',(0.,1.,0.));
#4546 = PCURVE('',#2766,#4547);
#4547 = DEFINITIONAL_REPRESENTATION('',(#4548),#4552);
#4548 = LINE('',#4549,#4550);
#4549 = CARTESIAN_POINT('',(-0.43,0.));
#4550 = VECTOR('',#4551,1.);
#4551 = DIRECTION('',(0.,1.));
#4552 = ( GEOMETRIC_REPRESENTATION_CONTEXT(2) 
PARAMETRIC_REPRESENTATION_CONTEXT() REPRESENTATION_CONTEXT('2D SPACE',''
  ) );
#4553 = PCURVE('',#2794,#4554);
#4554 = DEFINITIONAL_REPRESENTATION('',(#4555),#4559);
#4555 = LINE('',#4556,#4557);
#4556 = CARTESIAN_POINT('',(1.235807447303E-02,0.));
#4557 = VECTOR('',#4558,1.);
#4558 = DIRECTION('',(0.,1.));
#4559 = ( GEOMETRIC_REPRESENTATION_CONTEXT(2) 
PARAMETRIC_REPRESENTATION_CONTEXT() REPRESENTATION_CONTEXT('2D SPACE',''
  ) );
#4560 = ORIENTED_EDGE('',*,*,#4561,.T.);
#4561 = EDGE_CURVE('',#4539,#4562,#4564,.T.);
#4562 = VERTEX_POINT('',#4563);
#4563 = CARTESIAN_POINT('',(4.231214873368,7.85,-30.94953512399));
#4564 = SURFACE_CURVE('',#4565,(#4569,#4575),.PCURVE_S1.);
#4565 = LINE('',#4566,#4567);
#4566 = CARTESIAN_POINT('',(-44.80098622555,7.85,-27.45948329814));
#4567 = VECTOR('',#4568,1.);
#4568 = DIRECTION('',(0.997476376521,0.,-7.099914283062E-02));
#4569 = PCURVE('',#2766,#4570);
#4570 = DEFINITIONAL_REPRESENTATION('',(#4571),#4574);
#4571 = B_SPLINE_CURVE_WITH_KNOTS('',1,(#4572,#4573),.UNSPECIFIED.,.F.,
  .F.,(2,2),(48.996252973068,49.16508841184),.PIECEWISE_BEZIER_KNOTS.);
#4572 = CARTESIAN_POINT('',(-0.43,-5.E-02));
#4573 = CARTESIAN_POINT('',(-0.261164561228,-5.E-02));
#4574 = ( GEOMETRIC_REPRESENTATION_CONTEXT(2) 
PARAMETRIC_REPRESENTATION_CONTEXT() REPRESENTATION_CONTEXT('2D SPACE',''
  ) );
#4575 = PCURVE('',#4576,#4581);
#4576 = PLANE('',#4577);
#4577 = AXIS2_PLACEMENT_3D('',#4578,#4579,#4580);
#4578 = CARTESIAN_POINT('',(-94.10250594613,7.85,-23.95026170372));
#4579 = DIRECTION('',(0.,1.,0.));
#4580 = DIRECTION('',(0.998337487922,0.,-5.763905107796E-02));
#4581 = DEFINITIONAL_REPRESENTATION('',(#4582),#4585);
#4582 = B_SPLINE_CURVE_WITH_KNOTS('',1,(#4583,#4584),.UNSPECIFIED.,.F.,
  .F.,(2,2),(48.996252973068,49.16508841184),.PIECEWISE_BEZIER_KNOTS.);
#4583 = CARTESIAN_POINT('',(98.413685637853,1.317632684418));
#4584 = CARTESIAN_POINT('',(98.582505946136,1.319892971233));
#4585 = ( GEOMETRIC_REPRESENTATION_CONTEXT(2) 
PARAMETRIC_REPRESENTATION_CONTEXT() REPRESENTATION_CONTEXT('2D SPACE',''
  ) );
#4586 = ORIENTED_EDGE('',*,*,#4587,.F.);
#4587 = EDGE_CURVE('',#4588,#4562,#4590,.T.);
#4588 = VERTEX_POINT('',#4589);
#4589 = CARTESIAN_POINT('',(4.231214873368,7.75,-30.94953512399));
#4590 = SURFACE_CURVE('',#4591,(#4595,#4601),.PCURVE_S1.);
#4591 = LINE('',#4592,#4593);
#4592 = CARTESIAN_POINT('',(4.231214873368,7.5,-30.94953512399));
#4593 = VECTOR('',#4594,1.);
#4594 = DIRECTION('',(0.,1.,0.));
#4595 = PCURVE('',#2766,#4596);
#4596 = DEFINITIONAL_REPRESENTATION('',(#4597),#4600);
#4597 = B_SPLINE_CURVE_WITH_KNOTS('',1,(#4598,#4599),.UNSPECIFIED.,.F.,
  .F.,(2,2),(0.225,0.3500006),.PIECEWISE_BEZIER_KNOTS.);
#4598 = CARTESIAN_POINT('',(-0.27,-0.175));
#4599 = CARTESIAN_POINT('',(-0.27,-4.99994E-02));
#4600 = ( GEOMETRIC_REPRESENTATION_CONTEXT(2) 
PARAMETRIC_REPRESENTATION_CONTEXT() REPRESENTATION_CONTEXT('2D SPACE',''
  ) );
#4601 = PCURVE('',#4602,#4607);
#4602 = CYLINDRICAL_SURFACE('',#4603,98.582505946136);
#4603 = AXIS2_PLACEMENT_3D('',#4604,#4605,#4606);
#4604 = CARTESIAN_POINT('',(-94.10250594613,7.5,-23.95026170372));
#4605 = DIRECTION('',(0.,1.,0.));
#4606 = DIRECTION('',(0.998337487922,0.,-5.763905107796E-02));
#4607 = DEFINITIONAL_REPRESENTATION('',(#4608),#4611);
#4608 = B_SPLINE_CURVE_WITH_KNOTS('',1,(#4609,#4610),.UNSPECIFIED.,.F.,
  .F.,(2,2),(0.225,0.3500006),.PIECEWISE_BEZIER_KNOTS.);
#4609 = CARTESIAN_POINT('',(1.338791401245E-02,0.225));
#4610 = CARTESIAN_POINT('',(1.338791401245E-02,0.3500006));
#4611 = ( GEOMETRIC_REPRESENTATION_CONTEXT(2) 
PARAMETRIC_REPRESENTATION_CONTEXT() REPRESENTATION_CONTEXT('2D SPACE',''
  ) );
#4612 = ORIENTED_EDGE('',*,*,#4613,.T.);
#4613 = EDGE_CURVE('',#4588,#4614,#4616,.T.);
#4614 = VERTEX_POINT('',#4615);
#4615 = CARTESIAN_POINT('',(4.430710148673,7.75,-30.96373495255));
#4616 = SURFACE_CURVE('',#4617,(#4621,#4628),.PCURVE_S1.);
#4617 = LINE('',#4618,#4619);
#4618 = CARTESIAN_POINT('',(4.500533495029,7.75,-30.96870489255));
#4619 = VECTOR('',#4620,1.);
#4620 = DIRECTION('',(0.997476376521,0.,-7.099914283062E-02));
#4621 = PCURVE('',#2766,#4622);
#4622 = DEFINITIONAL_REPRESENTATION('',(#4623),#4627);
#4623 = LINE('',#4624,#4625);
#4624 = CARTESIAN_POINT('',(0.,-0.15));
#4625 = VECTOR('',#4626,1.);
#4626 = DIRECTION('',(1.,0.));
#4627 = ( GEOMETRIC_REPRESENTATION_CONTEXT(2) 
PARAMETRIC_REPRESENTATION_CONTEXT() REPRESENTATION_CONTEXT('2D SPACE',''
  ) );
#4628 = PCURVE('',#4629,#4634);
#4629 = PLANE('',#4630);
#4630 = AXIS2_PLACEMENT_3D('',#4631,#4632,#4633);
#4631 = CARTESIAN_POINT('',(-94.10250594613,7.75,-23.95026170372));
#4632 = DIRECTION('',(0.,1.,0.));
#4633 = DIRECTION('',(0.998277599556,0.,-5.866714774987E-02));
#4634 = DEFINITIONAL_REPRESENTATION('',(#4635),#4639);
#4635 = LINE('',#4636,#4637);
#4636 = CARTESIAN_POINT('',(98.844957565766,1.221595535687));
#4637 = VECTOR('',#4638,1.);
#4638 = DIRECTION('',(0.999923639969,1.235775991711E-02));
#4639 = ( GEOMETRIC_REPRESENTATION_CONTEXT(2) 
PARAMETRIC_REPRESENTATION_CONTEXT() REPRESENTATION_CONTEXT('2D SPACE',''
  ) );
#4640 = ORIENTED_EDGE('',*,*,#4641,.T.);
#4641 = EDGE_CURVE('',#4614,#2728,#4642,.T.);
#4642 = SURFACE_CURVE('',#4643,(#4647,#4653),.PCURVE_S1.);
#4643 = LINE('',#4644,#4645);
#4644 = CARTESIAN_POINT('',(4.430710148673,8.,-30.96373495255));
#4645 = VECTOR('',#4646,1.);
#4646 = DIRECTION('',(0.,1.,0.));
#4647 = PCURVE('',#2766,#4648);
#4648 = DEFINITIONAL_REPRESENTATION('',(#4649),#4652);
#4649 = B_SPLINE_CURVE_WITH_KNOTS('',1,(#4650,#4651),.UNSPECIFIED.,.F.,
  .F.,(2,2),(-0.28,5.999999999062E-07),.PIECEWISE_BEZIER_KNOTS.);
#4650 = CARTESIAN_POINT('',(-6.999999999995E-02,-0.18));
#4651 = CARTESIAN_POINT('',(-6.999999999995E-02,0.1000006));
#4652 = ( GEOMETRIC_REPRESENTATION_CONTEXT(2) 
PARAMETRIC_REPRESENTATION_CONTEXT() REPRESENTATION_CONTEXT('2D SPACE',''
  ) );
#4653 = PCURVE('',#2634,#4654);
#4654 = DEFINITIONAL_REPRESENTATION('',(#4655),#4658);
#4655 = B_SPLINE_CURVE_WITH_KNOTS('',1,(#4656,#4657),.UNSPECIFIED.,.F.,
  .F.,(2,2),(-0.28,5.999999999062E-07),.PIECEWISE_BEZIER_KNOTS.);
#4656 = CARTESIAN_POINT('',(2.780566756431E-02,-0.28));
#4657 = CARTESIAN_POINT('',(2.780566756431E-02,5.999999999062E-07));
#4658 = ( GEOMETRIC_REPRESENTATION_CONTEXT(2) 
PARAMETRIC_REPRESENTATION_CONTEXT() REPRESENTATION_CONTEXT('2D SPACE',''
  ) );
#4659 = ORIENTED_EDGE('',*,*,#2751,.T.);
#4660 = ADVANCED_FACE('',(#4661),#4576,.T.);
#4661 = FACE_BOUND('',#4662,.F.);
#4662 = EDGE_LOOP('',(#4663,#4664,#4688,#4716));
#4663 = ORIENTED_EDGE('',*,*,#4561,.F.);
#4664 = ORIENTED_EDGE('',*,*,#4665,.T.);
#4665 = EDGE_CURVE('',#4539,#4666,#4668,.T.);
#4666 = VERTEX_POINT('',#4667);
#4667 = CARTESIAN_POINT('',(4.064370164482,7.85,-31.03927513294));
#4668 = SURFACE_CURVE('',#4669,(#4674,#4681),.PCURVE_S1.);
#4669 = CIRCLE('',#4670,98.422505946136);
#4670 = AXIS2_PLACEMENT_3D('',#4671,#4672,#4673);
#4671 = CARTESIAN_POINT('',(-94.10250594613,7.85,-23.95026170372));
#4672 = DIRECTION('',(0.,1.,0.));
#4673 = DIRECTION('',(0.998337487922,0.,-5.763905107796E-02));
#4674 = PCURVE('',#4576,#4675);
#4675 = DEFINITIONAL_REPRESENTATION('',(#4676),#4680);
#4676 = CIRCLE('',#4677,98.422505946136);
#4677 = AXIS2_PLACEMENT_2D('',#4678,#4679);
#4678 = CARTESIAN_POINT('',(0.,0.));
#4679 = DIRECTION('',(1.,-0.));
#4680 = ( GEOMETRIC_REPRESENTATION_CONTEXT(2) 
PARAMETRIC_REPRESENTATION_CONTEXT() REPRESENTATION_CONTEXT('2D SPACE',''
  ) );
#4681 = PCURVE('',#2794,#4682);
#4682 = DEFINITIONAL_REPRESENTATION('',(#4683),#4687);
#4683 = LINE('',#4684,#4685);
#4684 = CARTESIAN_POINT('',(-1.029839539419E-03,-5.E-02));
#4685 = VECTOR('',#4686,1.);
#4686 = DIRECTION('',(1.,0.));
#4687 = ( GEOMETRIC_REPRESENTATION_CONTEXT(2) 
PARAMETRIC_REPRESENTATION_CONTEXT() REPRESENTATION_CONTEXT('2D SPACE',''
  ) );
#4688 = ORIENTED_EDGE('',*,*,#4689,.T.);
#4689 = EDGE_CURVE('',#4666,#4690,#4692,.T.);
#4690 = VERTEX_POINT('',#4691);
#4691 = CARTESIAN_POINT('',(4.22395460126,7.85,-31.05079934824));
#4692 = SURFACE_CURVE('',#4693,(#4697,#4704),.PCURVE_S1.);
#4693 = LINE('',#4694,#4695);
#4694 = CARTESIAN_POINT('',(4.144162382871,7.85,-31.04503724059));
#4695 = VECTOR('',#4696,1.);
#4696 = DIRECTION('',(0.997402729863,0.,-7.202634561146E-02));
#4697 = PCURVE('',#4576,#4698);
#4698 = DEFINITIONAL_REPRESENTATION('',(#4699),#4703);
#4699 = LINE('',#4700,#4701);
#4700 = CARTESIAN_POINT('',(98.492268185865,1.420135652797));
#4701 = VECTOR('',#4702,1.);
#4702 = DIRECTION('',(0.999896065992,1.44172540501E-02));
#4703 = ( GEOMETRIC_REPRESENTATION_CONTEXT(2) 
PARAMETRIC_REPRESENTATION_CONTEXT() REPRESENTATION_CONTEXT('2D SPACE',''
  ) );
#4704 = PCURVE('',#4705,#4710);
#4705 = PLANE('',#4706);
#4706 = AXIS2_PLACEMENT_3D('',#4707,#4708,#4709);
#4707 = CARTESIAN_POINT('',(4.144162382871,7.5,-31.04503724059));
#4708 = DIRECTION('',(7.202634561146E-02,0.,0.997402729863));
#4709 = DIRECTION('',(0.997402729863,0.,-7.202634561146E-02));
#4710 = DEFINITIONAL_REPRESENTATION('',(#4711),#4715);
#4711 = LINE('',#4712,#4713);
#4712 = CARTESIAN_POINT('',(0.,0.35));
#4713 = VECTOR('',#4714,1.);
#4714 = DIRECTION('',(1.,0.));
#4715 = ( GEOMETRIC_REPRESENTATION_CONTEXT(2) 
PARAMETRIC_REPRESENTATION_CONTEXT() REPRESENTATION_CONTEXT('2D SPACE',''
  ) );
#4716 = ORIENTED_EDGE('',*,*,#4717,.F.);
#4717 = EDGE_CURVE('',#4562,#4690,#4718,.T.);
#4718 = SURFACE_CURVE('',#4719,(#4724,#4731),.PCURVE_S1.);
#4719 = CIRCLE('',#4720,98.582505946136);
#4720 = AXIS2_PLACEMENT_3D('',#4721,#4722,#4723);
#4721 = CARTESIAN_POINT('',(-94.10250594613,7.85,-23.95026170372));
#4722 = DIRECTION('',(0.,1.,0.));
#4723 = DIRECTION('',(0.998337487922,0.,-5.763905107796E-02));
#4724 = PCURVE('',#4576,#4725);
#4725 = DEFINITIONAL_REPRESENTATION('',(#4726),#4730);
#4726 = CIRCLE('',#4727,98.582505946136);
#4727 = AXIS2_PLACEMENT_2D('',#4728,#4729);
#4728 = CARTESIAN_POINT('',(0.,0.));
#4729 = DIRECTION('',(1.,-3.603797291115E-17));
#4730 = ( GEOMETRIC_REPRESENTATION_CONTEXT(2) 
PARAMETRIC_REPRESENTATION_CONTEXT() REPRESENTATION_CONTEXT('2D SPACE',''
  ) );
#4731 = PCURVE('',#4602,#4732);
#4732 = DEFINITIONAL_REPRESENTATION('',(#4733),#4737);
#4733 = LINE('',#4734,#4735);
#4734 = CARTESIAN_POINT('',(0.,0.35));
#4735 = VECTOR('',#4736,1.);
#4736 = DIRECTION('',(1.,0.));
#4737 = ( GEOMETRIC_REPRESENTATION_CONTEXT(2) 
PARAMETRIC_REPRESENTATION_CONTEXT() REPRESENTATION_CONTEXT('2D SPACE',''
  ) );
#4738 = ADVANCED_FACE('',(#4739),#4705,.F.);
#4739 = FACE_BOUND('',#4740,.F.);
#4740 = EDGE_LOOP('',(#4741,#4764,#4792,#4813));
#4741 = ORIENTED_EDGE('',*,*,#4742,.F.);
#4742 = EDGE_CURVE('',#4743,#4666,#4745,.T.);
#4743 = VERTEX_POINT('',#4744);
#4744 = CARTESIAN_POINT('',(4.064370164482,7.15,-31.03927513294));
#4745 = SURFACE_CURVE('',#4746,(#4750,#4757),.PCURVE_S1.);
#4746 = LINE('',#4747,#4748);
#4747 = CARTESIAN_POINT('',(4.064370164482,7.5,-31.03927513294));
#4748 = VECTOR('',#4749,1.);
#4749 = DIRECTION('',(0.,1.,0.));
#4750 = PCURVE('',#4705,#4751);
#4751 = DEFINITIONAL_REPRESENTATION('',(#4752),#4756);
#4752 = LINE('',#4753,#4754);
#4753 = CARTESIAN_POINT('',(-8.E-02,0.));
#4754 = VECTOR('',#4755,1.);
#4755 = DIRECTION('',(0.,1.));
#4756 = ( GEOMETRIC_REPRESENTATION_CONTEXT(2) 
PARAMETRIC_REPRESENTATION_CONTEXT() REPRESENTATION_CONTEXT('2D SPACE',''
  ) );
#4757 = PCURVE('',#2794,#4758);
#4758 = DEFINITIONAL_REPRESENTATION('',(#4759),#4763);
#4759 = LINE('',#4760,#4761);
#4760 = CARTESIAN_POINT('',(1.338791401245E-02,-0.4));
#4761 = VECTOR('',#4762,1.);
#4762 = DIRECTION('',(0.,1.));
#4763 = ( GEOMETRIC_REPRESENTATION_CONTEXT(2) 
PARAMETRIC_REPRESENTATION_CONTEXT() REPRESENTATION_CONTEXT('2D SPACE',''
  ) );
#4764 = ORIENTED_EDGE('',*,*,#4765,.T.);
#4765 = EDGE_CURVE('',#4743,#4766,#4768,.T.);
#4766 = VERTEX_POINT('',#4767);
#4767 = CARTESIAN_POINT('',(4.22395460126,7.15,-31.05079934824));
#4768 = SURFACE_CURVE('',#4769,(#4773,#4780),.PCURVE_S1.);
#4769 = LINE('',#4770,#4771);
#4770 = CARTESIAN_POINT('',(4.144162382871,7.15,-31.04503724059));
#4771 = VECTOR('',#4772,1.);
#4772 = DIRECTION('',(0.997402729863,0.,-7.202634561146E-02));
#4773 = PCURVE('',#4705,#4774);
#4774 = DEFINITIONAL_REPRESENTATION('',(#4775),#4779);
#4775 = LINE('',#4776,#4777);
#4776 = CARTESIAN_POINT('',(0.,-0.35));
#4777 = VECTOR('',#4778,1.);
#4778 = DIRECTION('',(1.,0.));
#4779 = ( GEOMETRIC_REPRESENTATION_CONTEXT(2) 
PARAMETRIC_REPRESENTATION_CONTEXT() REPRESENTATION_CONTEXT('2D SPACE',''
  ) );
#4780 = PCURVE('',#4781,#4786);
#4781 = PLANE('',#4782);
#4782 = AXIS2_PLACEMENT_3D('',#4783,#4784,#4785);
#4783 = CARTESIAN_POINT('',(-94.10250594613,7.15,-23.95026170372));
#4784 = DIRECTION('',(0.,1.,0.));
#4785 = DIRECTION('',(0.998337487922,0.,-5.763905107796E-02));
#4786 = DEFINITIONAL_REPRESENTATION('',(#4787),#4791);
#4787 = LINE('',#4788,#4789);
#4788 = CARTESIAN_POINT('',(98.492268185865,1.420135652797));
#4789 = VECTOR('',#4790,1.);
#4790 = DIRECTION('',(0.999896065992,1.44172540501E-02));
#4791 = ( GEOMETRIC_REPRESENTATION_CONTEXT(2) 
PARAMETRIC_REPRESENTATION_CONTEXT() REPRESENTATION_CONTEXT('2D SPACE',''
  ) );
#4792 = ORIENTED_EDGE('',*,*,#4793,.T.);
#4793 = EDGE_CURVE('',#4766,#4690,#4794,.T.);
#4794 = SURFACE_CURVE('',#4795,(#4799,#4806),.PCURVE_S1.);
#4795 = LINE('',#4796,#4797);
#4796 = CARTESIAN_POINT('',(4.22395460126,7.5,-31.05079934824));
#4797 = VECTOR('',#4798,1.);
#4798 = DIRECTION('',(0.,1.,0.));
#4799 = PCURVE('',#4705,#4800);
#4800 = DEFINITIONAL_REPRESENTATION('',(#4801),#4805);
#4801 = LINE('',#4802,#4803);
#4802 = CARTESIAN_POINT('',(8.E-02,0.));
#4803 = VECTOR('',#4804,1.);
#4804 = DIRECTION('',(0.,1.));
#4805 = ( GEOMETRIC_REPRESENTATION_CONTEXT(2) 
PARAMETRIC_REPRESENTATION_CONTEXT() REPRESENTATION_CONTEXT('2D SPACE',''
  ) );
#4806 = PCURVE('',#4602,#4807);
#4807 = DEFINITIONAL_REPRESENTATION('',(#4808),#4812);
#4808 = LINE('',#4809,#4810);
#4809 = CARTESIAN_POINT('',(1.441775355187E-02,0.));
#4810 = VECTOR('',#4811,1.);
#4811 = DIRECTION('',(0.,1.));
#4812 = ( GEOMETRIC_REPRESENTATION_CONTEXT(2) 
PARAMETRIC_REPRESENTATION_CONTEXT() REPRESENTATION_CONTEXT('2D SPACE',''
  ) );
#4813 = ORIENTED_EDGE('',*,*,#4689,.F.);
#4814 = ADVANCED_FACE('',(#4815),#4781,.F.);
#4815 = FACE_BOUND('',#4816,.T.);
#4816 = EDGE_LOOP('',(#4817,#4841,#4842,#4866));
#4817 = ORIENTED_EDGE('',*,*,#4818,.T.);
#4818 = EDGE_CURVE('',#4819,#4743,#4821,.T.);
#4819 = VERTEX_POINT('',#4820);
#4820 = CARTESIAN_POINT('',(4.156371395138,7.15,-29.62324155117));
#4821 = SURFACE_CURVE('',#4822,(#4827,#4834),.PCURVE_S1.);
#4822 = CIRCLE('',#4823,98.422505946136);
#4823 = AXIS2_PLACEMENT_3D('',#4824,#4825,#4826);
#4824 = CARTESIAN_POINT('',(-94.10250594613,7.15,-23.95026170372));
#4825 = DIRECTION('',(0.,1.,0.));
#4826 = DIRECTION('',(0.998337487922,0.,-5.763905107796E-02));
#4827 = PCURVE('',#4781,#4828);
#4828 = DEFINITIONAL_REPRESENTATION('',(#4829),#4833);
#4829 = CIRCLE('',#4830,98.422505946136);
#4830 = AXIS2_PLACEMENT_2D('',#4831,#4832);
#4831 = CARTESIAN_POINT('',(0.,0.));
#4832 = DIRECTION('',(1.,-0.));
#4833 = ( GEOMETRIC_REPRESENTATION_CONTEXT(2) 
PARAMETRIC_REPRESENTATION_CONTEXT() REPRESENTATION_CONTEXT('2D SPACE',''
  ) );
#4834 = PCURVE('',#2794,#4835);
#4835 = DEFINITIONAL_REPRESENTATION('',(#4836),#4840);
#4836 = LINE('',#4837,#4838);
#4837 = CARTESIAN_POINT('',(-1.029839539419E-03,-0.75));
#4838 = VECTOR('',#4839,1.);
#4839 = DIRECTION('',(1.,0.));
#4840 = ( GEOMETRIC_REPRESENTATION_CONTEXT(2) 
PARAMETRIC_REPRESENTATION_CONTEXT() REPRESENTATION_CONTEXT('2D SPACE',''
  ) );
#4841 = ORIENTED_EDGE('',*,*,#4765,.T.);
#4842 = ORIENTED_EDGE('',*,*,#4843,.F.);
#4843 = EDGE_CURVE('',#4844,#4766,#4846,.T.);
#4844 = VERTEX_POINT('',#4845);
#4845 = CARTESIAN_POINT('',(4.316105393206,7.15,-29.63246379934));
#4846 = SURFACE_CURVE('',#4847,(#4852,#4859),.PCURVE_S1.);
#4847 = CIRCLE('',#4848,98.582505946136);
#4848 = AXIS2_PLACEMENT_3D('',#4849,#4850,#4851);
#4849 = CARTESIAN_POINT('',(-94.10250594613,7.15,-23.95026170372));
#4850 = DIRECTION('',(0.,1.,0.));
#4851 = DIRECTION('',(0.998337487922,0.,-5.763905107796E-02));
#4852 = PCURVE('',#4781,#4853);
#4853 = DEFINITIONAL_REPRESENTATION('',(#4854),#4858);
#4854 = CIRCLE('',#4855,98.582505946136);
#4855 = AXIS2_PLACEMENT_2D('',#4856,#4857);
#4856 = CARTESIAN_POINT('',(0.,0.));
#4857 = DIRECTION('',(1.,-3.603797291115E-17));
#4858 = ( GEOMETRIC_REPRESENTATION_CONTEXT(2) 
PARAMETRIC_REPRESENTATION_CONTEXT() REPRESENTATION_CONTEXT('2D SPACE',''
  ) );
#4859 = PCURVE('',#4602,#4860);
#4860 = DEFINITIONAL_REPRESENTATION('',(#4861),#4865);
#4861 = LINE('',#4862,#4863);
#4862 = CARTESIAN_POINT('',(0.,-0.35));
#4863 = VECTOR('',#4864,1.);
#4864 = DIRECTION('',(1.,0.));
#4865 = ( GEOMETRIC_REPRESENTATION_CONTEXT(2) 
PARAMETRIC_REPRESENTATION_CONTEXT() REPRESENTATION_CONTEXT('2D SPACE',''
  ) );
#4866 = ORIENTED_EDGE('',*,*,#4867,.F.);
#4867 = EDGE_CURVE('',#4819,#4844,#4868,.T.);
#4868 = SURFACE_CURVE('',#4869,(#4873,#4880),.PCURVE_S1.);
#4869 = LINE('',#4870,#4871);
#4870 = CARTESIAN_POINT('',(4.236238394172,7.15,-29.62785267526));
#4871 = VECTOR('',#4872,1.);
#4872 = DIRECTION('',(0.998337487922,0.,-5.763905107796E-02));
#4873 = PCURVE('',#4781,#4874);
#4874 = DEFINITIONAL_REPRESENTATION('',(#4875),#4879);
#4875 = LINE('',#4876,#4877);
#4876 = CARTESIAN_POINT('',(98.502505946136,-0.));
#4877 = VECTOR('',#4878,1.);
#4878 = DIRECTION('',(1.,-7.478090308579E-18));
#4879 = ( GEOMETRIC_REPRESENTATION_CONTEXT(2) 
PARAMETRIC_REPRESENTATION_CONTEXT() REPRESENTATION_CONTEXT('2D SPACE',''
  ) );
#4880 = PCURVE('',#4881,#4886);
#4881 = PLANE('',#4882);
#4882 = AXIS2_PLACEMENT_3D('',#4883,#4884,#4885);
#4883 = CARTESIAN_POINT('',(4.236238394172,7.5,-29.62785267526));
#4884 = DIRECTION('',(5.763905107796E-02,0.,0.998337487922));
#4885 = DIRECTION('',(0.998337487922,0.,-5.763905107796E-02));
#4886 = DEFINITIONAL_REPRESENTATION('',(#4887),#4891);
#4887 = LINE('',#4888,#4889);
#4888 = CARTESIAN_POINT('',(0.,-0.35));
#4889 = VECTOR('',#4890,1.);
#4890 = DIRECTION('',(1.,0.));
#4891 = ( GEOMETRIC_REPRESENTATION_CONTEXT(2) 
PARAMETRIC_REPRESENTATION_CONTEXT() REPRESENTATION_CONTEXT('2D SPACE',''
  ) );
#4892 = ADVANCED_FACE('',(#4893),#4881,.T.);
#4893 = FACE_BOUND('',#4894,.T.);
#4894 = EDGE_LOOP('',(#4895,#4918,#4919,#4942));
#4895 = ORIENTED_EDGE('',*,*,#4896,.F.);
#4896 = EDGE_CURVE('',#4819,#4897,#4899,.T.);
#4897 = VERTEX_POINT('',#4898);
#4898 = CARTESIAN_POINT('',(4.156371395138,7.85,-29.62324155117));
#4899 = SURFACE_CURVE('',#4900,(#4904,#4911),.PCURVE_S1.);
#4900 = LINE('',#4901,#4902);
#4901 = CARTESIAN_POINT('',(4.156371395138,7.5,-29.62324155117));
#4902 = VECTOR('',#4903,1.);
#4903 = DIRECTION('',(0.,1.,0.));
#4904 = PCURVE('',#4881,#4905);
#4905 = DEFINITIONAL_REPRESENTATION('',(#4906),#4910);
#4906 = LINE('',#4907,#4908);
#4907 = CARTESIAN_POINT('',(-8.E-02,0.));
#4908 = VECTOR('',#4909,1.);
#4909 = DIRECTION('',(0.,1.));
#4910 = ( GEOMETRIC_REPRESENTATION_CONTEXT(2) 
PARAMETRIC_REPRESENTATION_CONTEXT() REPRESENTATION_CONTEXT('2D SPACE',''
  ) );
#4911 = PCURVE('',#2794,#4912);
#4912 = DEFINITIONAL_REPRESENTATION('',(#4913),#4917);
#4913 = LINE('',#4914,#4915);
#4914 = CARTESIAN_POINT('',(-1.029839539419E-03,-0.4));
#4915 = VECTOR('',#4916,1.);
#4916 = DIRECTION('',(0.,1.));
#4917 = ( GEOMETRIC_REPRESENTATION_CONTEXT(2) 
PARAMETRIC_REPRESENTATION_CONTEXT() REPRESENTATION_CONTEXT('2D SPACE',''
  ) );
#4918 = ORIENTED_EDGE('',*,*,#4867,.T.);
#4919 = ORIENTED_EDGE('',*,*,#4920,.T.);
#4920 = EDGE_CURVE('',#4844,#4921,#4923,.T.);
#4921 = VERTEX_POINT('',#4922);
#4922 = CARTESIAN_POINT('',(4.316105393206,7.85,-29.63246379934));
#4923 = SURFACE_CURVE('',#4924,(#4928,#4935),.PCURVE_S1.);
#4924 = LINE('',#4925,#4926);
#4925 = CARTESIAN_POINT('',(4.316105393206,7.5,-29.63246379934));
#4926 = VECTOR('',#4927,1.);
#4927 = DIRECTION('',(0.,1.,0.));
#4928 = PCURVE('',#4881,#4929);
#4929 = DEFINITIONAL_REPRESENTATION('',(#4930),#4934);
#4930 = LINE('',#4931,#4932);
#4931 = CARTESIAN_POINT('',(8.E-02,0.));
#4932 = VECTOR('',#4933,1.);
#4933 = DIRECTION('',(0.,1.));
#4934 = ( GEOMETRIC_REPRESENTATION_CONTEXT(2) 
PARAMETRIC_REPRESENTATION_CONTEXT() REPRESENTATION_CONTEXT('2D SPACE',''
  ) );
#4935 = PCURVE('',#4602,#4936);
#4936 = DEFINITIONAL_REPRESENTATION('',(#4937),#4941);
#4937 = LINE('',#4938,#4939);
#4938 = CARTESIAN_POINT('',(0.,0.));
#4939 = VECTOR('',#4940,1.);
#4940 = DIRECTION('',(0.,1.));
#4941 = ( GEOMETRIC_REPRESENTATION_CONTEXT(2) 
PARAMETRIC_REPRESENTATION_CONTEXT() REPRESENTATION_CONTEXT('2D SPACE',''
  ) );
#4942 = ORIENTED_EDGE('',*,*,#4943,.F.);
#4943 = EDGE_CURVE('',#4897,#4921,#4944,.T.);
#4944 = SURFACE_CURVE('',#4945,(#4949,#4956),.PCURVE_S1.);
#4945 = LINE('',#4946,#4947);
#4946 = CARTESIAN_POINT('',(4.236238394172,7.85,-29.62785267526));
#4947 = VECTOR('',#4948,1.);
#4948 = DIRECTION('',(0.998337487922,0.,-5.763905107796E-02));
#4949 = PCURVE('',#4881,#4950);
#4950 = DEFINITIONAL_REPRESENTATION('',(#4951),#4955);
#4951 = LINE('',#4952,#4953);
#4952 = CARTESIAN_POINT('',(0.,0.35));
#4953 = VECTOR('',#4954,1.);
#4954 = DIRECTION('',(1.,0.));
#4955 = ( GEOMETRIC_REPRESENTATION_CONTEXT(2) 
PARAMETRIC_REPRESENTATION_CONTEXT() REPRESENTATION_CONTEXT('2D SPACE',''
  ) );
#4956 = PCURVE('',#4957,#4962);
#4957 = PLANE('',#4958);
#4958 = AXIS2_PLACEMENT_3D('',#4959,#4960,#4961);
#4959 = CARTESIAN_POINT('',(-94.10250594613,7.85,-23.95026170372));
#4960 = DIRECTION('',(0.,1.,0.));
#4961 = DIRECTION('',(0.998337487922,0.,-5.763905107796E-02));
#4962 = DEFINITIONAL_REPRESENTATION('',(#4963),#4967);
#4963 = LINE('',#4964,#4965);
#4964 = CARTESIAN_POINT('',(98.502505946136,-0.));
#4965 = VECTOR('',#4966,1.);
#4966 = DIRECTION('',(1.,-7.478090308579E-18));
#4967 = ( GEOMETRIC_REPRESENTATION_CONTEXT(2) 
PARAMETRIC_REPRESENTATION_CONTEXT() REPRESENTATION_CONTEXT('2D SPACE',''
  ) );
#4968 = ADVANCED_FACE('',(#4969),#4957,.T.);
#4969 = FACE_BOUND('',#4970,.F.);
#4970 = EDGE_LOOP('',(#4971,#4972,#4996,#5017));
#4971 = ORIENTED_EDGE('',*,*,#4943,.F.);
#4972 = ORIENTED_EDGE('',*,*,#4973,.T.);
#4973 = EDGE_CURVE('',#4897,#4974,#4976,.T.);
#4974 = VERTEX_POINT('',#4975);
#4975 = CARTESIAN_POINT('',(4.150477032039,7.85,-29.72442940197));
#4976 = SURFACE_CURVE('',#4977,(#4982,#4989),.PCURVE_S1.);
#4977 = CIRCLE('',#4978,98.422505946136);
#4978 = AXIS2_PLACEMENT_3D('',#4979,#4980,#4981);
#4979 = CARTESIAN_POINT('',(-94.10250594613,7.85,-23.95026170372));
#4980 = DIRECTION('',(0.,1.,0.));
#4981 = DIRECTION('',(0.998337487922,0.,-5.763905107796E-02));
#4982 = PCURVE('',#4957,#4983);
#4983 = DEFINITIONAL_REPRESENTATION('',(#4984),#4988);
#4984 = CIRCLE('',#4985,98.422505946136);
#4985 = AXIS2_PLACEMENT_2D('',#4986,#4987);
#4986 = CARTESIAN_POINT('',(0.,0.));
#4987 = DIRECTION('',(1.,-0.));
#4988 = ( GEOMETRIC_REPRESENTATION_CONTEXT(2) 
PARAMETRIC_REPRESENTATION_CONTEXT() REPRESENTATION_CONTEXT('2D SPACE',''
  ) );
#4989 = PCURVE('',#2794,#4990);
#4990 = DEFINITIONAL_REPRESENTATION('',(#4991),#4995);
#4991 = LINE('',#4992,#4993);
#4992 = CARTESIAN_POINT('',(-1.029839539419E-03,-5.E-02));
#4993 = VECTOR('',#4994,1.);
#4994 = DIRECTION('',(1.,0.));
#4995 = ( GEOMETRIC_REPRESENTATION_CONTEXT(2) 
PARAMETRIC_REPRESENTATION_CONTEXT() REPRESENTATION_CONTEXT('2D SPACE',''
  ) );
#4996 = ORIENTED_EDGE('',*,*,#4997,.T.);
#4997 = EDGE_CURVE('',#4974,#4998,#5000,.T.);
#4998 = VERTEX_POINT('',#4999);
#4999 = CARTESIAN_POINT('',(4.310201447968,7.85,-29.73381614561));
#5000 = SURFACE_CURVE('',#5001,(#5005,#5011),.PCURVE_S1.);
#5001 = LINE('',#5002,#5003);
#5002 = CARTESIAN_POINT('',(-44.76138477314,7.85,-26.84995898961));
#5003 = VECTOR('',#5004,1.);
#5004 = DIRECTION('',(0.998277599556,0.,-5.866714774987E-02));
#5005 = PCURVE('',#4957,#5006);
#5006 = DEFINITIONAL_REPRESENTATION('',(#5007),#5010);
#5007 = B_SPLINE_CURVE_WITH_KNOTS('',1,(#5008,#5009),.UNSPECIFIED.,.F.,
  .F.,(2,2),(48.996252973068,49.15630524989),.PIECEWISE_BEZIER_KNOTS.);
#5008 = CARTESIAN_POINT('',(98.422453754188,0.101359370276));
#5009 = CARTESIAN_POINT('',(98.582505946136,0.10152419841));
#5010 = ( GEOMETRIC_REPRESENTATION_CONTEXT(2) 
PARAMETRIC_REPRESENTATION_CONTEXT() REPRESENTATION_CONTEXT('2D SPACE',''
  ) );
#5011 = PCURVE('',#2819,#5012);
#5012 = DEFINITIONAL_REPRESENTATION('',(#5013),#5016);
#5013 = B_SPLINE_CURVE_WITH_KNOTS('',1,(#5014,#5015),.UNSPECIFIED.,.F.,
  .F.,(2,2),(48.996252973068,49.15630524989),.PIECEWISE_BEZIER_KNOTS.);
#5014 = CARTESIAN_POINT('',(-0.43,-5.E-02));
#5015 = CARTESIAN_POINT('',(-0.269947723178,-5.E-02));
#5016 = ( GEOMETRIC_REPRESENTATION_CONTEXT(2) 
PARAMETRIC_REPRESENTATION_CONTEXT() REPRESENTATION_CONTEXT('2D SPACE',''
  ) );
#5017 = ORIENTED_EDGE('',*,*,#5018,.F.);
#5018 = EDGE_CURVE('',#4921,#4998,#5019,.T.);
#5019 = SURFACE_CURVE('',#5020,(#5025,#5032),.PCURVE_S1.);
#5020 = CIRCLE('',#5021,98.582505946136);
#5021 = AXIS2_PLACEMENT_3D('',#5022,#5023,#5024);
#5022 = CARTESIAN_POINT('',(-94.10250594613,7.85,-23.95026170372));
#5023 = DIRECTION('',(0.,1.,0.));
#5024 = DIRECTION('',(0.998337487922,0.,-5.763905107796E-02));
#5025 = PCURVE('',#4957,#5026);
#5026 = DEFINITIONAL_REPRESENTATION('',(#5027),#5031);
#5027 = CIRCLE('',#5028,98.582505946136);
#5028 = AXIS2_PLACEMENT_2D('',#5029,#5030);
#5029 = CARTESIAN_POINT('',(0.,0.));
#5030 = DIRECTION('',(1.,-3.603797291115E-17));
#5031 = ( GEOMETRIC_REPRESENTATION_CONTEXT(2) 
PARAMETRIC_REPRESENTATION_CONTEXT() REPRESENTATION_CONTEXT('2D SPACE',''
  ) );
#5032 = PCURVE('',#4602,#5033);
#5033 = DEFINITIONAL_REPRESENTATION('',(#5034),#5038);
#5034 = LINE('',#5035,#5036);
#5035 = CARTESIAN_POINT('',(0.,0.35));
#5036 = VECTOR('',#5037,1.);
#5037 = DIRECTION('',(1.,0.));
#5038 = ( GEOMETRIC_REPRESENTATION_CONTEXT(2) 
PARAMETRIC_REPRESENTATION_CONTEXT() REPRESENTATION_CONTEXT('2D SPACE',''
  ) );
#5039 = ADVANCED_FACE('',(#5040),#4602,.T.);
#5040 = FACE_BOUND('',#5041,.T.);
#5041 = EDGE_LOOP('',(#5042,#5043,#5044,#5045,#5046,#5047,#5071,#5090));
#5042 = ORIENTED_EDGE('',*,*,#4920,.F.);
#5043 = ORIENTED_EDGE('',*,*,#4843,.T.);
#5044 = ORIENTED_EDGE('',*,*,#4793,.T.);
#5045 = ORIENTED_EDGE('',*,*,#4717,.F.);
#5046 = ORIENTED_EDGE('',*,*,#4587,.F.);
#5047 = ORIENTED_EDGE('',*,*,#5048,.F.);
#5048 = EDGE_CURVE('',#5049,#4588,#5051,.T.);
#5049 = VERTEX_POINT('',#5050);
#5050 = CARTESIAN_POINT('',(4.310201447968,7.75,-29.73381614561));
#5051 = SURFACE_CURVE('',#5052,(#5057,#5064),.PCURVE_S1.);
#5052 = CIRCLE('',#5053,98.582505946136);
#5053 = AXIS2_PLACEMENT_3D('',#5054,#5055,#5056);
#5054 = CARTESIAN_POINT('',(-94.10250594613,7.75,-23.95026170372));
#5055 = DIRECTION('',(0.,1.,0.));
#5056 = DIRECTION('',(0.998337487922,0.,-5.763905107796E-02));
#5057 = PCURVE('',#4602,#5058);
#5058 = DEFINITIONAL_REPRESENTATION('',(#5059),#5063);
#5059 = LINE('',#5060,#5061);
#5060 = CARTESIAN_POINT('',(4.93052424985E-19,0.25));
#5061 = VECTOR('',#5062,1.);
#5062 = DIRECTION('',(1.,0.));
#5063 = ( GEOMETRIC_REPRESENTATION_CONTEXT(2) 
PARAMETRIC_REPRESENTATION_CONTEXT() REPRESENTATION_CONTEXT('2D SPACE',''
  ) );
#5064 = PCURVE('',#4629,#5065);
#5065 = DEFINITIONAL_REPRESENTATION('',(#5066),#5070);
#5066 = CIRCLE('',#5067,98.582505946136);
#5067 = AXIS2_PLACEMENT_2D('',#5068,#5069);
#5068 = CARTESIAN_POINT('',(0.,0.));
#5069 = DIRECTION('',(0.999999469715,-1.029839357383E-03));
#5070 = ( GEOMETRIC_REPRESENTATION_CONTEXT(2) 
PARAMETRIC_REPRESENTATION_CONTEXT() REPRESENTATION_CONTEXT('2D SPACE',''
  ) );
#5071 = ORIENTED_EDGE('',*,*,#5072,.T.);
#5072 = EDGE_CURVE('',#5049,#4998,#5073,.T.);
#5073 = SURFACE_CURVE('',#5074,(#5078,#5084),.PCURVE_S1.);
#5074 = LINE('',#5075,#5076);
#5075 = CARTESIAN_POINT('',(4.310201447968,7.5,-29.73381614561));
#5076 = VECTOR('',#5077,1.);
#5077 = DIRECTION('',(0.,1.,0.));
#5078 = PCURVE('',#4602,#5079);
#5079 = DEFINITIONAL_REPRESENTATION('',(#5080),#5083);
#5080 = B_SPLINE_CURVE_WITH_KNOTS('',1,(#5081,#5082),.UNSPECIFIED.,.F.,
  .F.,(2,2),(0.225,0.3500006),.PIECEWISE_BEZIER_KNOTS.);
#5081 = CARTESIAN_POINT('',(1.029839539419E-03,0.225));
#5082 = CARTESIAN_POINT('',(1.029839539419E-03,0.3500006));
#5083 = ( GEOMETRIC_REPRESENTATION_CONTEXT(2) 
PARAMETRIC_REPRESENTATION_CONTEXT() REPRESENTATION_CONTEXT('2D SPACE',''
  ) );
#5084 = PCURVE('',#2819,#5085);
#5085 = DEFINITIONAL_REPRESENTATION('',(#5086),#5089);
#5086 = B_SPLINE_CURVE_WITH_KNOTS('',1,(#5087,#5088),.UNSPECIFIED.,.F.,
  .F.,(2,2),(0.225,0.3500006),.PIECEWISE_BEZIER_KNOTS.);
#5087 = CARTESIAN_POINT('',(-0.27,-0.175));
#5088 = CARTESIAN_POINT('',(-0.27,-4.99994E-02));
#5089 = ( GEOMETRIC_REPRESENTATION_CONTEXT(2) 
PARAMETRIC_REPRESENTATION_CONTEXT() REPRESENTATION_CONTEXT('2D SPACE',''
  ) );
#5090 = ORIENTED_EDGE('',*,*,#5018,.F.);
#5091 = ADVANCED_FACE('',(#5092),#4629,.F.);
#5092 = FACE_BOUND('',#5093,.T.);
#5093 = EDGE_LOOP('',(#5094,#5117,#5118,#5119));
#5094 = ORIENTED_EDGE('',*,*,#5095,.F.);
#5095 = EDGE_CURVE('',#5049,#5096,#5098,.T.);
#5096 = VERTEX_POINT('',#5097);
#5097 = CARTESIAN_POINT('',(4.509856967879,7.75,-29.74554957516));
#5098 = SURFACE_CURVE('',#5099,(#5103,#5110),.PCURVE_S1.);
#5099 = LINE('',#5100,#5101);
#5100 = CARTESIAN_POINT('',(4.579736399848,7.75,-29.74965627551));
#5101 = VECTOR('',#5102,1.);
#5102 = DIRECTION('',(0.998277599556,0.,-5.866714774987E-02));
#5103 = PCURVE('',#4629,#5104);
#5104 = DEFINITIONAL_REPRESENTATION('',(#5105),#5109);
#5105 = LINE('',#5106,#5107);
#5106 = CARTESIAN_POINT('',(98.852505946136,-0.));
#5107 = VECTOR('',#5108,1.);
#5108 = DIRECTION('',(1.,-5.499101168106E-17));
#5109 = ( GEOMETRIC_REPRESENTATION_CONTEXT(2) 
PARAMETRIC_REPRESENTATION_CONTEXT() REPRESENTATION_CONTEXT('2D SPACE',''
  ) );
#5110 = PCURVE('',#2819,#5111);
#5111 = DEFINITIONAL_REPRESENTATION('',(#5112),#5116);
#5112 = LINE('',#5113,#5114);
#5113 = CARTESIAN_POINT('',(0.,-0.15));
#5114 = VECTOR('',#5115,1.);
#5115 = DIRECTION('',(1.,0.));
#5116 = ( GEOMETRIC_REPRESENTATION_CONTEXT(2) 
PARAMETRIC_REPRESENTATION_CONTEXT() REPRESENTATION_CONTEXT('2D SPACE',''
  ) );
#5117 = ORIENTED_EDGE('',*,*,#5048,.T.);
#5118 = ORIENTED_EDGE('',*,*,#4613,.T.);
#5119 = ORIENTED_EDGE('',*,*,#5120,.F.);
#5120 = EDGE_CURVE('',#5096,#4614,#5121,.T.);
#5121 = SURFACE_CURVE('',#5122,(#5127,#5134),.PCURVE_S1.);
#5122 = CIRCLE('',#5123,98.782505946136);
#5123 = AXIS2_PLACEMENT_3D('',#5124,#5125,#5126);
#5124 = CARTESIAN_POINT('',(-94.10250594613,7.75,-23.95026170372));
#5125 = DIRECTION('',(0.,1.,0.));
#5126 = DIRECTION('',(0.999064723548,0.,-4.323977522924E-02));
#5127 = PCURVE('',#4629,#5128);
#5128 = DEFINITIONAL_REPRESENTATION('',(#5129),#5133);
#5129 = CIRCLE('',#5130,98.782505946136);
#5130 = AXIS2_PLACEMENT_2D('',#5131,#5132);
#5131 = CARTESIAN_POINT('',(0.,0.));
#5132 = DIRECTION('',(0.999880688306,-1.54469787269E-02));
#5133 = ( GEOMETRIC_REPRESENTATION_CONTEXT(2) 
PARAMETRIC_REPRESENTATION_CONTEXT() REPRESENTATION_CONTEXT('2D SPACE',''
  ) );
#5134 = PCURVE('',#2634,#5135);
#5135 = DEFINITIONAL_REPRESENTATION('',(#5136),#5140);
#5136 = LINE('',#5137,#5138);
#5137 = CARTESIAN_POINT('',(-3.232039133743E-18,-0.25));
#5138 = VECTOR('',#5139,1.);
#5139 = DIRECTION('',(1.,0.));
#5140 = ( GEOMETRIC_REPRESENTATION_CONTEXT(2) 
PARAMETRIC_REPRESENTATION_CONTEXT() REPRESENTATION_CONTEXT('2D SPACE',''
  ) );
#5141 = ADVANCED_FACE('',(#5142),#2716,.F.);
#5142 = FACE_BOUND('',#5143,.F.);
#5143 = EDGE_LOOP('',(#5144,#5167,#5195,#5216));
#5144 = ORIENTED_EDGE('',*,*,#5145,.F.);
#5145 = EDGE_CURVE('',#5146,#2702,#5148,.T.);
#5146 = VERTEX_POINT('',#5147);
#5147 = CARTESIAN_POINT('',(4.000013980386,7.,-35.5208738338));
#5148 = SURFACE_CURVE('',#5149,(#5153,#5160),.PCURVE_S1.);
#5149 = LINE('',#5150,#5151);
#5150 = CARTESIAN_POINT('',(4.000013980386,8.,-35.5208738338));
#5151 = VECTOR('',#5152,1.);
#5152 = DIRECTION('',(0.,1.,0.));
#5153 = PCURVE('',#2716,#5154);
#5154 = DEFINITIONAL_REPRESENTATION('',(#5155),#5159);
#5155 = LINE('',#5156,#5157);
#5156 = CARTESIAN_POINT('',(-0.25,0.));
#5157 = VECTOR('',#5158,1.);
#5158 = DIRECTION('',(0.,1.));
#5159 = ( GEOMETRIC_REPRESENTATION_CONTEXT(2) 
PARAMETRIC_REPRESENTATION_CONTEXT() REPRESENTATION_CONTEXT('2D SPACE',''
  ) );
#5160 = PCURVE('',#2634,#5161);
#5161 = DEFINITIONAL_REPRESENTATION('',(#5162),#5166);
#5162 = LINE('',#5163,#5164);
#5163 = CARTESIAN_POINT('',(7.414844683817E-02,0.));
#5164 = VECTOR('',#5165,1.);
#5165 = DIRECTION('',(0.,1.));
#5166 = ( GEOMETRIC_REPRESENTATION_CONTEXT(2) 
PARAMETRIC_REPRESENTATION_CONTEXT() REPRESENTATION_CONTEXT('2D SPACE',''
  ) );
#5167 = ORIENTED_EDGE('',*,*,#5168,.T.);
#5168 = EDGE_CURVE('',#5146,#5169,#5171,.T.);
#5169 = VERTEX_POINT('',#5170);
#5170 = CARTESIAN_POINT('',(4.496572146161,7.,-35.57943993323));
#5171 = SURFACE_CURVE('',#5172,(#5176,#5183),.PCURVE_S1.);
#5172 = LINE('',#5173,#5174);
#5173 = CARTESIAN_POINT('',(4.248293063273,7.,-35.55015688351));
#5174 = VECTOR('',#5175,1.);
#5175 = DIRECTION('',(0.99311633155,0.,-0.117132198857));
#5176 = PCURVE('',#2716,#5177);
#5177 = DEFINITIONAL_REPRESENTATION('',(#5178),#5182);
#5178 = LINE('',#5179,#5180);
#5179 = CARTESIAN_POINT('',(0.,-1.));
#5180 = VECTOR('',#5181,1.);
#5181 = DIRECTION('',(1.,0.));
#5182 = ( GEOMETRIC_REPRESENTATION_CONTEXT(2) 
PARAMETRIC_REPRESENTATION_CONTEXT() REPRESENTATION_CONTEXT('2D SPACE',''
  ) );
#5183 = PCURVE('',#5184,#5189);
#5184 = PLANE('',#5185);
#5185 = AXIS2_PLACEMENT_3D('',#5186,#5187,#5188);
#5186 = CARTESIAN_POINT('',(-94.10250594613,7.,-23.95026170372));
#5187 = DIRECTION('',(0.,1.,0.));
#5188 = DIRECTION('',(0.999064723548,0.,-4.323977522924E-02));
#5189 = DEFINITIONAL_REPRESENTATION('',(#5190),#5194);
#5190 = LINE('',#5191,#5192);
#5191 = CARTESIAN_POINT('',(98.760390683322,7.336379628205));
#5192 = VECTOR('',#5193,1.);
#5193 = DIRECTION('',(0.997252263182,7.4080520917E-02));
#5194 = ( GEOMETRIC_REPRESENTATION_CONTEXT(2) 
PARAMETRIC_REPRESENTATION_CONTEXT() REPRESENTATION_CONTEXT('2D SPACE',''
  ) );
#5195 = ORIENTED_EDGE('',*,*,#5196,.T.);
#5196 = EDGE_CURVE('',#5169,#2673,#5197,.T.);
#5197 = SURFACE_CURVE('',#5198,(#5202,#5209),.PCURVE_S1.);
#5198 = LINE('',#5199,#5200);
#5199 = CARTESIAN_POINT('',(4.496572146161,8.,-35.57943993323));
#5200 = VECTOR('',#5201,1.);
#5201 = DIRECTION('',(0.,1.,0.));
#5202 = PCURVE('',#2716,#5203);
#5203 = DEFINITIONAL_REPRESENTATION('',(#5204),#5208);
#5204 = LINE('',#5205,#5206);
#5205 = CARTESIAN_POINT('',(0.25,0.));
#5206 = VECTOR('',#5207,1.);
#5207 = DIRECTION('',(0.,1.));
#5208 = ( GEOMETRIC_REPRESENTATION_CONTEXT(2) 
PARAMETRIC_REPRESENTATION_CONTEXT() REPRESENTATION_CONTEXT('2D SPACE',''
  ) );
#5209 = PCURVE('',#2689,#5210);
#5210 = DEFINITIONAL_REPRESENTATION('',(#5211),#5215);
#5211 = LINE('',#5212,#5213);
#5212 = CARTESIAN_POINT('',(7.414844683817E-02,0.));
#5213 = VECTOR('',#5214,1.);
#5214 = DIRECTION('',(0.,1.));
#5215 = ( GEOMETRIC_REPRESENTATION_CONTEXT(2) 
PARAMETRIC_REPRESENTATION_CONTEXT() REPRESENTATION_CONTEXT('2D SPACE',''
  ) );
#5216 = ORIENTED_EDGE('',*,*,#2701,.T.);
#5217 = ADVANCED_FACE('',(#5218),#5184,.F.);
#5218 = FACE_BOUND('',#5219,.T.);
#5219 = EDGE_LOOP('',(#5220,#5244,#5245,#5269));
#5220 = ORIENTED_EDGE('',*,*,#5221,.T.);
#5221 = EDGE_CURVE('',#5222,#5146,#5224,.T.);
#5222 = VERTEX_POINT('',#5223);
#5223 = CARTESIAN_POINT('',(4.587611048323,7.,-28.22159505741));
#5224 = SURFACE_CURVE('',#5225,(#5230,#5237),.PCURVE_S1.);
#5225 = CIRCLE('',#5226,98.782505946136);
#5226 = AXIS2_PLACEMENT_3D('',#5227,#5228,#5229);
#5227 = CARTESIAN_POINT('',(-94.10250594613,7.,-23.95026170372));
#5228 = DIRECTION('',(0.,1.,0.));
#5229 = DIRECTION('',(0.999064723548,0.,-4.323977522924E-02));
#5230 = PCURVE('',#5184,#5231);
#5231 = DEFINITIONAL_REPRESENTATION('',(#5232),#5236);
#5232 = CIRCLE('',#5233,98.782505946136);
#5233 = AXIS2_PLACEMENT_2D('',#5234,#5235);
#5234 = CARTESIAN_POINT('',(0.,0.));
#5235 = DIRECTION('',(1.,-0.));
#5236 = ( GEOMETRIC_REPRESENTATION_CONTEXT(2) 
PARAMETRIC_REPRESENTATION_CONTEXT() REPRESENTATION_CONTEXT('2D SPACE',''
  ) );
#5237 = PCURVE('',#2634,#5238);
#5238 = DEFINITIONAL_REPRESENTATION('',(#5239),#5243);
#5239 = LINE('',#5240,#5241);
#5240 = CARTESIAN_POINT('',(0.,-1.));
#5241 = VECTOR('',#5242,1.);
#5242 = DIRECTION('',(1.,0.));
#5243 = ( GEOMETRIC_REPRESENTATION_CONTEXT(2) 
PARAMETRIC_REPRESENTATION_CONTEXT() REPRESENTATION_CONTEXT('2D SPACE',''
  ) );
#5244 = ORIENTED_EDGE('',*,*,#5168,.T.);
#5245 = ORIENTED_EDGE('',*,*,#5246,.F.);
#5246 = EDGE_CURVE('',#5247,#5169,#5249,.T.);
#5247 = VERTEX_POINT('',#5248);
#5248 = CARTESIAN_POINT('',(5.087143410097,7.,-28.24321494502));
#5249 = SURFACE_CURVE('',#5250,(#5255,#5262),.PCURVE_S1.);
#5250 = CIRCLE('',#5251,99.282505946136);
#5251 = AXIS2_PLACEMENT_3D('',#5252,#5253,#5254);
#5252 = CARTESIAN_POINT('',(-94.10250594613,7.,-23.95026170372));
#5253 = DIRECTION('',(0.,1.,0.));
#5254 = DIRECTION('',(0.999064723548,0.,-4.323977522924E-02));
#5255 = PCURVE('',#5184,#5256);
#5256 = DEFINITIONAL_REPRESENTATION('',(#5257),#5261);
#5257 = CIRCLE('',#5258,99.282505946136);
#5258 = AXIS2_PLACEMENT_2D('',#5259,#5260);
#5259 = CARTESIAN_POINT('',(0.,0.));
#5260 = DIRECTION('',(1.,3.578388402815E-17));
#5261 = ( GEOMETRIC_REPRESENTATION_CONTEXT(2) 
PARAMETRIC_REPRESENTATION_CONTEXT() REPRESENTATION_CONTEXT('2D SPACE',''
  ) );
#5262 = PCURVE('',#2689,#5263);
#5263 = DEFINITIONAL_REPRESENTATION('',(#5264),#5268);
#5264 = LINE('',#5265,#5266);
#5265 = CARTESIAN_POINT('',(0.,-1.));
#5266 = VECTOR('',#5267,1.);
#5267 = DIRECTION('',(1.,0.));
#5268 = ( GEOMETRIC_REPRESENTATION_CONTEXT(2) 
PARAMETRIC_REPRESENTATION_CONTEXT() REPRESENTATION_CONTEXT('2D SPACE',''
  ) );
#5269 = ORIENTED_EDGE('',*,*,#5270,.F.);
#5270 = EDGE_CURVE('',#5222,#5247,#5271,.T.);
#5271 = SURFACE_CURVE('',#5272,(#5276,#5283),.PCURVE_S1.);
#5272 = LINE('',#5273,#5274);
#5273 = CARTESIAN_POINT('',(4.83737722921,7.,-28.23240500122));
#5274 = VECTOR('',#5275,1.);
#5275 = DIRECTION('',(0.999064723548,0.,-4.323977522924E-02));
#5276 = PCURVE('',#5184,#5277);
#5277 = DEFINITIONAL_REPRESENTATION('',(#5278),#5282);
#5278 = LINE('',#5279,#5280);
#5279 = CARTESIAN_POINT('',(99.032505946136,-0.));
#5280 = VECTOR('',#5281,1.);
#5281 = DIRECTION('',(1.,8.026128753584E-18));
#5282 = ( GEOMETRIC_REPRESENTATION_CONTEXT(2) 
PARAMETRIC_REPRESENTATION_CONTEXT() REPRESENTATION_CONTEXT('2D SPACE',''
  ) );
#5283 = PCURVE('',#2661,#5284);
#5284 = DEFINITIONAL_REPRESENTATION('',(#5285),#5289);
#5285 = LINE('',#5286,#5287);
#5286 = CARTESIAN_POINT('',(0.,-1.));
#5287 = VECTOR('',#5288,1.);
#5288 = DIRECTION('',(1.,0.));
#5289 = ( GEOMETRIC_REPRESENTATION_CONTEXT(2) 
PARAMETRIC_REPRESENTATION_CONTEXT() REPRESENTATION_CONTEXT('2D SPACE',''
  ) );
#5290 = ADVANCED_FACE('',(#5291),#2794,.F.);
#5291 = FACE_BOUND('',#5292,.F.);
#5292 = EDGE_LOOP('',(#5293,#5314,#5315,#5316,#5317,#5318,#5319,#5320));
#5293 = ORIENTED_EDGE('',*,*,#5294,.F.);
#5294 = EDGE_CURVE('',#4974,#2778,#5295,.T.);
#5295 = SURFACE_CURVE('',#5296,(#5300,#5307),.PCURVE_S1.);
#5296 = LINE('',#5297,#5298);
#5297 = CARTESIAN_POINT('',(4.150477032039,7.9,-29.72442940197));
#5298 = VECTOR('',#5299,1.);
#5299 = DIRECTION('',(0.,1.,0.));
#5300 = PCURVE('',#2794,#5301);
#5301 = DEFINITIONAL_REPRESENTATION('',(#5302),#5306);
#5302 = LINE('',#5303,#5304);
#5303 = CARTESIAN_POINT('',(0.,0.));
#5304 = VECTOR('',#5305,1.);
#5305 = DIRECTION('',(0.,1.));
#5306 = ( GEOMETRIC_REPRESENTATION_CONTEXT(2) 
PARAMETRIC_REPRESENTATION_CONTEXT() REPRESENTATION_CONTEXT('2D SPACE',''
  ) );
#5307 = PCURVE('',#2819,#5308);
#5308 = DEFINITIONAL_REPRESENTATION('',(#5309),#5313);
#5309 = LINE('',#5310,#5311);
#5310 = CARTESIAN_POINT('',(-0.43,0.));
#5311 = VECTOR('',#5312,1.);
#5312 = DIRECTION('',(0.,1.));
#5313 = ( GEOMETRIC_REPRESENTATION_CONTEXT(2) 
PARAMETRIC_REPRESENTATION_CONTEXT() REPRESENTATION_CONTEXT('2D SPACE',''
  ) );
#5314 = ORIENTED_EDGE('',*,*,#4973,.F.);
#5315 = ORIENTED_EDGE('',*,*,#4896,.F.);
#5316 = ORIENTED_EDGE('',*,*,#4818,.T.);
#5317 = ORIENTED_EDGE('',*,*,#4742,.T.);
#5318 = ORIENTED_EDGE('',*,*,#4665,.F.);
#5319 = ORIENTED_EDGE('',*,*,#4538,.T.);
#5320 = ORIENTED_EDGE('',*,*,#2777,.F.);
#5321 = ADVANCED_FACE('',(#5322),#2689,.T.);
#5322 = FACE_BOUND('',#5323,.T.);
#5323 = EDGE_LOOP('',(#5324,#5345,#5346,#5347));
#5324 = ORIENTED_EDGE('',*,*,#5325,.F.);
#5325 = EDGE_CURVE('',#5247,#2647,#5326,.T.);
#5326 = SURFACE_CURVE('',#5327,(#5331,#5338),.PCURVE_S1.);
#5327 = LINE('',#5328,#5329);
#5328 = CARTESIAN_POINT('',(5.087143410097,8.,-28.24321494502));
#5329 = VECTOR('',#5330,1.);
#5330 = DIRECTION('',(0.,1.,0.));
#5331 = PCURVE('',#2689,#5332);
#5332 = DEFINITIONAL_REPRESENTATION('',(#5333),#5337);
#5333 = LINE('',#5334,#5335);
#5334 = CARTESIAN_POINT('',(0.,0.));
#5335 = VECTOR('',#5336,1.);
#5336 = DIRECTION('',(0.,1.));
#5337 = ( GEOMETRIC_REPRESENTATION_CONTEXT(2) 
PARAMETRIC_REPRESENTATION_CONTEXT() REPRESENTATION_CONTEXT('2D SPACE',''
  ) );
#5338 = PCURVE('',#2661,#5339);
#5339 = DEFINITIONAL_REPRESENTATION('',(#5340),#5344);
#5340 = LINE('',#5341,#5342);
#5341 = CARTESIAN_POINT('',(0.25,0.));
#5342 = VECTOR('',#5343,1.);
#5343 = DIRECTION('',(0.,1.));
#5344 = ( GEOMETRIC_REPRESENTATION_CONTEXT(2) 
PARAMETRIC_REPRESENTATION_CONTEXT() REPRESENTATION_CONTEXT('2D SPACE',''
  ) );
#5345 = ORIENTED_EDGE('',*,*,#5246,.T.);
#5346 = ORIENTED_EDGE('',*,*,#5196,.T.);
#5347 = ORIENTED_EDGE('',*,*,#2672,.F.);
#5348 = ADVANCED_FACE('',(#5349),#2819,.T.);
#5349 = FACE_BOUND('',#5350,.T.);
#5350 = EDGE_LOOP('',(#5351,#5352,#5353,#5354,#5355,#5374));
#5351 = ORIENTED_EDGE('',*,*,#5294,.F.);
#5352 = ORIENTED_EDGE('',*,*,#4997,.T.);
#5353 = ORIENTED_EDGE('',*,*,#5072,.F.);
#5354 = ORIENTED_EDGE('',*,*,#5095,.T.);
#5355 = ORIENTED_EDGE('',*,*,#5356,.T.);
#5356 = EDGE_CURVE('',#5096,#2618,#5357,.T.);
#5357 = SURFACE_CURVE('',#5358,(#5362,#5368),.PCURVE_S1.);
#5358 = LINE('',#5359,#5360);
#5359 = CARTESIAN_POINT('',(4.509856967879,8.,-29.74554957516));
#5360 = VECTOR('',#5361,1.);
#5361 = DIRECTION('',(0.,1.,0.));
#5362 = PCURVE('',#2819,#5363);
#5363 = DEFINITIONAL_REPRESENTATION('',(#5364),#5367);
#5364 = B_SPLINE_CURVE_WITH_KNOTS('',1,(#5365,#5366),.UNSPECIFIED.,.F.,
  .F.,(2,2),(-0.28,5.999999999062E-07),.PIECEWISE_BEZIER_KNOTS.);
#5365 = CARTESIAN_POINT('',(-6.999999999995E-02,-0.18));
#5366 = CARTESIAN_POINT('',(-6.999999999995E-02,0.1000006));
#5367 = ( GEOMETRIC_REPRESENTATION_CONTEXT(2) 
PARAMETRIC_REPRESENTATION_CONTEXT() REPRESENTATION_CONTEXT('2D SPACE',''
  ) );
#5368 = PCURVE('',#2634,#5369);
#5369 = DEFINITIONAL_REPRESENTATION('',(#5370),#5373);
#5370 = B_SPLINE_CURVE_WITH_KNOTS('',1,(#5371,#5372),.UNSPECIFIED.,.F.,
  .F.,(2,2),(-0.28,5.999999999062E-07),.PIECEWISE_BEZIER_KNOTS.);
#5371 = CARTESIAN_POINT('',(1.544759309129E-02,-0.28));
#5372 = CARTESIAN_POINT('',(1.544759309129E-02,5.999999999062E-07));
#5373 = ( GEOMETRIC_REPRESENTATION_CONTEXT(2) 
PARAMETRIC_REPRESENTATION_CONTEXT() REPRESENTATION_CONTEXT('2D SPACE',''
  ) );
#5374 = ORIENTED_EDGE('',*,*,#2806,.T.);
#5375 = ADVANCED_FACE('',(#5376),#2661,.T.);
#5376 = FACE_BOUND('',#5377,.T.);
#5377 = EDGE_LOOP('',(#5378,#5399,#5400,#5401));
#5378 = ORIENTED_EDGE('',*,*,#5379,.F.);
#5379 = EDGE_CURVE('',#5222,#2616,#5380,.T.);
#5380 = SURFACE_CURVE('',#5381,(#5385,#5392),.PCURVE_S1.);
#5381 = LINE('',#5382,#5383);
#5382 = CARTESIAN_POINT('',(4.587611048323,8.,-28.22159505741));
#5383 = VECTOR('',#5384,1.);
#5384 = DIRECTION('',(0.,1.,0.));
#5385 = PCURVE('',#2661,#5386);
#5386 = DEFINITIONAL_REPRESENTATION('',(#5387),#5391);
#5387 = LINE('',#5388,#5389);
#5388 = CARTESIAN_POINT('',(-0.25,0.));
#5389 = VECTOR('',#5390,1.);
#5390 = DIRECTION('',(0.,1.));
#5391 = ( GEOMETRIC_REPRESENTATION_CONTEXT(2) 
PARAMETRIC_REPRESENTATION_CONTEXT() REPRESENTATION_CONTEXT('2D SPACE',''
  ) );
#5392 = PCURVE('',#2634,#5393);
#5393 = DEFINITIONAL_REPRESENTATION('',(#5394),#5398);
#5394 = LINE('',#5395,#5396);
#5395 = CARTESIAN_POINT('',(0.,0.));
#5396 = VECTOR('',#5397,1.);
#5397 = DIRECTION('',(0.,1.));
#5398 = ( GEOMETRIC_REPRESENTATION_CONTEXT(2) 
PARAMETRIC_REPRESENTATION_CONTEXT() REPRESENTATION_CONTEXT('2D SPACE',''
  ) );
#5399 = ORIENTED_EDGE('',*,*,#5270,.T.);
#5400 = ORIENTED_EDGE('',*,*,#5325,.T.);
#5401 = ORIENTED_EDGE('',*,*,#2646,.T.);
#5402 = ADVANCED_FACE('',(#5403),#2634,.F.);
#5403 = FACE_BOUND('',#5404,.F.);
#5404 = EDGE_LOOP('',(#5405,#5406,#5407,#5408,#5409,#5410,#5411,#5412));
#5405 = ORIENTED_EDGE('',*,*,#5379,.F.);
#5406 = ORIENTED_EDGE('',*,*,#5221,.T.);
#5407 = ORIENTED_EDGE('',*,*,#5145,.T.);
#5408 = ORIENTED_EDGE('',*,*,#2727,.F.);
#5409 = ORIENTED_EDGE('',*,*,#4641,.F.);
#5410 = ORIENTED_EDGE('',*,*,#5120,.F.);
#5411 = ORIENTED_EDGE('',*,*,#5356,.T.);
#5412 = ORIENTED_EDGE('',*,*,#2615,.F.);
#5413 = ADVANCED_FACE('',(#5414),#2546,.F.);
#5414 = FACE_BOUND('',#5415,.F.);
#5415 = EDGE_LOOP('',(#5416,#5439,#5440,#5463));
#5416 = ORIENTED_EDGE('',*,*,#5417,.F.);
#5417 = EDGE_CURVE('',#2500,#5418,#5420,.T.);
#5418 = VERTEX_POINT('',#5419);
#5419 = CARTESIAN_POINT('',(10.411067851793,8.5,-21.09729980392));
#5420 = SURFACE_CURVE('',#5421,(#5425,#5432),.PCURVE_S1.);
#5421 = LINE('',#5422,#5423);
#5422 = CARTESIAN_POINT('',(10.411067851793,8.25,-21.09729980392));
#5423 = VECTOR('',#5424,1.);
#5424 = DIRECTION('',(0.,1.,0.));
#5425 = PCURVE('',#2546,#5426);
#5426 = DEFINITIONAL_REPRESENTATION('',(#5427),#5431);
#5427 = LINE('',#5428,#5429);
#5428 = CARTESIAN_POINT('',(-2.65,0.));
#5429 = VECTOR('',#5430,1.);
#5430 = DIRECTION('',(0.,1.));
#5431 = ( GEOMETRIC_REPRESENTATION_CONTEXT(2) 
PARAMETRIC_REPRESENTATION_CONTEXT() REPRESENTATION_CONTEXT('2D SPACE',''
  ) );
#5432 = PCURVE('',#2518,#5433);
#5433 = DEFINITIONAL_REPRESENTATION('',(#5434),#5438);
#5434 = LINE('',#5435,#5436);
#5435 = CARTESIAN_POINT('',(0.,0.));
#5436 = VECTOR('',#5437,1.);
#5437 = DIRECTION('',(0.,1.));
#5438 = ( GEOMETRIC_REPRESENTATION_CONTEXT(2) 
PARAMETRIC_REPRESENTATION_CONTEXT() REPRESENTATION_CONTEXT('2D SPACE',''
  ) );
#5439 = ORIENTED_EDGE('',*,*,#2530,.T.);
#5440 = ORIENTED_EDGE('',*,*,#5441,.T.);
#5441 = EDGE_CURVE('',#2531,#5442,#5444,.T.);
#5442 = VERTEX_POINT('',#5443);
#5443 = CARTESIAN_POINT('',(15.709094294262,8.5,-20.95267679434));
#5444 = SURFACE_CURVE('',#5445,(#5449,#5456),.PCURVE_S1.);
#5445 = LINE('',#5446,#5447);
#5446 = CARTESIAN_POINT('',(15.709094294262,8.25,-20.95267679434));
#5447 = VECTOR('',#5448,1.);
#5448 = DIRECTION('',(0.,1.,0.));
#5449 = PCURVE('',#2546,#5450);
#5450 = DEFINITIONAL_REPRESENTATION('',(#5451),#5455);
#5451 = LINE('',#5452,#5453);
#5452 = CARTESIAN_POINT('',(2.65,0.));
#5453 = VECTOR('',#5454,1.);
#5454 = DIRECTION('',(0.,1.));
#5455 = ( GEOMETRIC_REPRESENTATION_CONTEXT(2) 
PARAMETRIC_REPRESENTATION_CONTEXT() REPRESENTATION_CONTEXT('2D SPACE',''
  ) );
#5456 = PCURVE('',#2575,#5457);
#5457 = DEFINITIONAL_REPRESENTATION('',(#5458),#5462);
#5458 = LINE('',#5459,#5460);
#5459 = CARTESIAN_POINT('',(0.,0.));
#5460 = VECTOR('',#5461,1.);
#5461 = DIRECTION('',(0.,1.));
#5462 = ( GEOMETRIC_REPRESENTATION_CONTEXT(2) 
PARAMETRIC_REPRESENTATION_CONTEXT() REPRESENTATION_CONTEXT('2D SPACE',''
  ) );
#5463 = ORIENTED_EDGE('',*,*,#5464,.F.);
#5464 = EDGE_CURVE('',#5418,#5442,#5465,.T.);
#5465 = SURFACE_CURVE('',#5466,(#5470,#5477),.PCURVE_S1.);
#5466 = LINE('',#5467,#5468);
#5467 = CARTESIAN_POINT('',(13.060081073027,8.5,-21.02498829913));
#5468 = VECTOR('',#5469,1.);
#5469 = DIRECTION('',(0.999627630655,0.,2.728736029787E-02));
#5470 = PCURVE('',#2546,#5471);
#5471 = DEFINITIONAL_REPRESENTATION('',(#5472),#5476);
#5472 = LINE('',#5473,#5474);
#5473 = CARTESIAN_POINT('',(0.,0.25));
#5474 = VECTOR('',#5475,1.);
#5475 = DIRECTION('',(1.,0.));
#5476 = ( GEOMETRIC_REPRESENTATION_CONTEXT(2) 
PARAMETRIC_REPRESENTATION_CONTEXT() REPRESENTATION_CONTEXT('2D SPACE',''
  ) );
#5477 = PCURVE('',#5478,#5483);
#5478 = PLANE('',#5479);
#5479 = AXIS2_PLACEMENT_3D('',#5480,#5481,#5482);
#5480 = CARTESIAN_POINT('',(-94.10250594613,8.5,-23.95026170372));
#5481 = DIRECTION('',(0.,1.,0.));
#5482 = DIRECTION('',(0.999627630655,-0.,2.728736029787E-02));
#5483 = DEFINITIONAL_REPRESENTATION('',(#5484),#5488);
#5484 = LINE('',#5485,#5486);
#5485 = CARTESIAN_POINT('',(107.20250594613,-0.));
#5486 = VECTOR('',#5487,1.);
#5487 = DIRECTION('',(1.,-1.383056492704E-17));
#5488 = ( GEOMETRIC_REPRESENTATION_CONTEXT(2) 
PARAMETRIC_REPRESENTATION_CONTEXT() REPRESENTATION_CONTEXT('2D SPACE',''
  ) );
#5489 = ADVANCED_FACE('',(#5490),#5478,.F.);
#5490 = FACE_BOUND('',#5491,.T.);
#5491 = EDGE_LOOP('',(#5492,#5516,#5539,#5561));
#5492 = ORIENTED_EDGE('',*,*,#5493,.T.);
#5493 = EDGE_CURVE('',#5418,#5494,#5496,.T.);
#5494 = VERTEX_POINT('',#5495);
#5495 = CARTESIAN_POINT('',(10.411067851793,8.5,-26.80322360352));
#5496 = SURFACE_CURVE('',#5497,(#5502,#5509),.PCURVE_S1.);
#5497 = CIRCLE('',#5498,104.55250594613);
#5498 = AXIS2_PLACEMENT_3D('',#5499,#5500,#5501);
#5499 = CARTESIAN_POINT('',(-94.10250594613,8.5,-23.95026170372));
#5500 = DIRECTION('',(0.,1.,0.));
#5501 = DIRECTION('',(0.999627630655,-0.,2.728736029787E-02));
#5502 = PCURVE('',#5478,#5503);
#5503 = DEFINITIONAL_REPRESENTATION('',(#5504),#5508);
#5504 = CIRCLE('',#5505,104.55250594613);
#5505 = AXIS2_PLACEMENT_2D('',#5506,#5507);
#5506 = CARTESIAN_POINT('',(0.,0.));
#5507 = DIRECTION('',(1.,-0.));
#5508 = ( GEOMETRIC_REPRESENTATION_CONTEXT(2) 
PARAMETRIC_REPRESENTATION_CONTEXT() REPRESENTATION_CONTEXT('2D SPACE',''
  ) );
#5509 = PCURVE('',#2518,#5510);
#5510 = DEFINITIONAL_REPRESENTATION('',(#5511),#5515);
#5511 = LINE('',#5512,#5513);
#5512 = CARTESIAN_POINT('',(0.,0.25));
#5513 = VECTOR('',#5514,1.);
#5514 = DIRECTION('',(1.,0.));
#5515 = ( GEOMETRIC_REPRESENTATION_CONTEXT(2) 
PARAMETRIC_REPRESENTATION_CONTEXT() REPRESENTATION_CONTEXT('2D SPACE',''
  ) );
#5516 = ORIENTED_EDGE('',*,*,#5517,.T.);
#5517 = EDGE_CURVE('',#5494,#5518,#5520,.T.);
#5518 = VERTEX_POINT('',#5519);
#5519 = CARTESIAN_POINT('',(15.709094294262,8.5,-26.94784661309));
#5520 = SURFACE_CURVE('',#5521,(#5525,#5532),.PCURVE_S1.);
#5521 = LINE('',#5522,#5523);
#5522 = CARTESIAN_POINT('',(13.060081073027,8.5,-26.87553510831));
#5523 = VECTOR('',#5524,1.);
#5524 = DIRECTION('',(0.999627630655,0.,-2.728736029787E-02));
#5525 = PCURVE('',#5478,#5526);
#5526 = DEFINITIONAL_REPRESENTATION('',(#5527),#5531);
#5527 = LINE('',#5528,#5529);
#5528 = CARTESIAN_POINT('',(107.04285996741,5.848368244888));
#5529 = VECTOR('',#5530,1.);
#5530 = DIRECTION('',(0.998510799936,5.455439864276E-02));
#5531 = ( GEOMETRIC_REPRESENTATION_CONTEXT(2) 
PARAMETRIC_REPRESENTATION_CONTEXT() REPRESENTATION_CONTEXT('2D SPACE',''
  ) );
#5532 = PCURVE('',#2601,#5533);
#5533 = DEFINITIONAL_REPRESENTATION('',(#5534),#5538);
#5534 = LINE('',#5535,#5536);
#5535 = CARTESIAN_POINT('',(0.,0.25));
#5536 = VECTOR('',#5537,1.);
#5537 = DIRECTION('',(1.,0.));
#5538 = ( GEOMETRIC_REPRESENTATION_CONTEXT(2) 
PARAMETRIC_REPRESENTATION_CONTEXT() REPRESENTATION_CONTEXT('2D SPACE',''
  ) );
#5539 = ORIENTED_EDGE('',*,*,#5540,.F.);
#5540 = EDGE_CURVE('',#5442,#5518,#5541,.T.);
#5541 = SURFACE_CURVE('',#5542,(#5547,#5554),.PCURVE_S1.);
#5542 = CIRCLE('',#5543,109.85250594613);
#5543 = AXIS2_PLACEMENT_3D('',#5544,#5545,#5546);
#5544 = CARTESIAN_POINT('',(-94.10250594613,8.5,-23.95026170372));
#5545 = DIRECTION('',(0.,1.,0.));
#5546 = DIRECTION('',(0.999627630655,-0.,2.728736029787E-02));
#5547 = PCURVE('',#5478,#5548);
#5548 = DEFINITIONAL_REPRESENTATION('',(#5549),#5553);
#5549 = CIRCLE('',#5550,109.85250594613);
#5550 = AXIS2_PLACEMENT_2D('',#5551,#5552);
#5551 = CARTESIAN_POINT('',(0.,0.));
#5552 = DIRECTION('',(1.,-0.));
#5553 = ( GEOMETRIC_REPRESENTATION_CONTEXT(2) 
PARAMETRIC_REPRESENTATION_CONTEXT() REPRESENTATION_CONTEXT('2D SPACE',''
  ) );
#5554 = PCURVE('',#2575,#5555);
#5555 = DEFINITIONAL_REPRESENTATION('',(#5556),#5560);
#5556 = LINE('',#5557,#5558);
#5557 = CARTESIAN_POINT('',(0.,0.25));
#5558 = VECTOR('',#5559,1.);
#5559 = DIRECTION('',(1.,0.));
#5560 = ( GEOMETRIC_REPRESENTATION_CONTEXT(2) 
PARAMETRIC_REPRESENTATION_CONTEXT() REPRESENTATION_CONTEXT('2D SPACE',''
  ) );
#5561 = ORIENTED_EDGE('',*,*,#5464,.F.);
#5562 = ADVANCED_FACE('',(#5563),#2575,.F.);
#5563 = FACE_BOUND('',#5564,.F.);
#5564 = EDGE_LOOP('',(#5565,#5566,#5587,#5588));
#5565 = ORIENTED_EDGE('',*,*,#2558,.T.);
#5566 = ORIENTED_EDGE('',*,*,#5567,.T.);
#5567 = EDGE_CURVE('',#2559,#5518,#5568,.T.);
#5568 = SURFACE_CURVE('',#5569,(#5573,#5580),.PCURVE_S1.);
#5569 = LINE('',#5570,#5571);
#5570 = CARTESIAN_POINT('',(15.709094294262,8.25,-26.94784661309));
#5571 = VECTOR('',#5572,1.);
#5572 = DIRECTION('',(0.,1.,0.));
#5573 = PCURVE('',#2575,#5574);
#5574 = DEFINITIONAL_REPRESENTATION('',(#5575),#5579);
#5575 = LINE('',#5576,#5577);
#5576 = CARTESIAN_POINT('',(5.458149558921E-02,0.));
#5577 = VECTOR('',#5578,1.);
#5578 = DIRECTION('',(0.,1.));
#5579 = ( GEOMETRIC_REPRESENTATION_CONTEXT(2) 
PARAMETRIC_REPRESENTATION_CONTEXT() REPRESENTATION_CONTEXT('2D SPACE',''
  ) );
#5580 = PCURVE('',#2601,#5581);
#5581 = DEFINITIONAL_REPRESENTATION('',(#5582),#5586);
#5582 = LINE('',#5583,#5584);
#5583 = CARTESIAN_POINT('',(2.65,0.));
#5584 = VECTOR('',#5585,1.);
#5585 = DIRECTION('',(0.,1.));
#5586 = ( GEOMETRIC_REPRESENTATION_CONTEXT(2) 
PARAMETRIC_REPRESENTATION_CONTEXT() REPRESENTATION_CONTEXT('2D SPACE',''
  ) );
#5587 = ORIENTED_EDGE('',*,*,#5540,.F.);
#5588 = ORIENTED_EDGE('',*,*,#5441,.F.);
#5589 = ADVANCED_FACE('',(#5590),#2601,.T.);
#5590 = FACE_BOUND('',#5591,.T.);
#5591 = EDGE_LOOP('',(#5592,#5613,#5614,#5615));
#5592 = ORIENTED_EDGE('',*,*,#5593,.F.);
#5593 = EDGE_CURVE('',#2502,#5494,#5594,.T.);
#5594 = SURFACE_CURVE('',#5595,(#5599,#5606),.PCURVE_S1.);
#5595 = LINE('',#5596,#5597);
#5596 = CARTESIAN_POINT('',(10.411067851793,8.25,-26.80322360352));
#5597 = VECTOR('',#5598,1.);
#5598 = DIRECTION('',(0.,1.,0.));
#5599 = PCURVE('',#2601,#5600);
#5600 = DEFINITIONAL_REPRESENTATION('',(#5601),#5605);
#5601 = LINE('',#5602,#5603);
#5602 = CARTESIAN_POINT('',(-2.65,0.));
#5603 = VECTOR('',#5604,1.);
#5604 = DIRECTION('',(0.,1.));
#5605 = ( GEOMETRIC_REPRESENTATION_CONTEXT(2) 
PARAMETRIC_REPRESENTATION_CONTEXT() REPRESENTATION_CONTEXT('2D SPACE',''
  ) );
#5606 = PCURVE('',#2518,#5607);
#5607 = DEFINITIONAL_REPRESENTATION('',(#5608),#5612);
#5608 = LINE('',#5609,#5610);
#5609 = CARTESIAN_POINT('',(5.458149558921E-02,0.));
#5610 = VECTOR('',#5611,1.);
#5611 = DIRECTION('',(0.,1.));
#5612 = ( GEOMETRIC_REPRESENTATION_CONTEXT(2) 
PARAMETRIC_REPRESENTATION_CONTEXT() REPRESENTATION_CONTEXT('2D SPACE',''
  ) );
#5613 = ORIENTED_EDGE('',*,*,#2587,.T.);
#5614 = ORIENTED_EDGE('',*,*,#5567,.T.);
#5615 = ORIENTED_EDGE('',*,*,#5517,.F.);
#5616 = ADVANCED_FACE('',(#5617),#2518,.T.);
#5617 = FACE_BOUND('',#5618,.T.);
#5618 = EDGE_LOOP('',(#5619,#5620,#5621,#5622));
#5619 = ORIENTED_EDGE('',*,*,#2499,.T.);
#5620 = ORIENTED_EDGE('',*,*,#5593,.T.);
#5621 = ORIENTED_EDGE('',*,*,#5493,.F.);
#5622 = ORIENTED_EDGE('',*,*,#5417,.F.);
#5623 = ADVANCED_FACE('',(#5624),#151,.T.);
#5624 = FACE_BOUND('',#5625,.F.);
#5625 = EDGE_LOOP('',(#5626,#5627,#5628,#5649,#5650,#5651,#5652,#5653));
#5626 = ORIENTED_EDGE('',*,*,#1513,.T.);
#5627 = ORIENTED_EDGE('',*,*,#2103,.F.);
#5628 = ORIENTED_EDGE('',*,*,#5629,.F.);
#5629 = EDGE_CURVE('',#42,#2079,#5630,.T.);
#5630 = SURFACE_CURVE('',#5631,(#5636,#5642),.PCURVE_S1.);
#5631 = CIRCLE('',#5632,0.8);
#5632 = AXIS2_PLACEMENT_3D('',#5633,#5634,#5635);
#5633 = CARTESIAN_POINT('',(1.112784265783,8.2,0.492143766077));
#5634 = DIRECTION('',(0.248644785141,0.,-0.968594740241));
#5635 = DIRECTION('',(-0.968594740241,0.,-0.248644785141));
#5636 = PCURVE('',#151,#5637);
#5637 = DEFINITIONAL_REPRESENTATION('',(#5638),#5641);
#5638 = B_SPLINE_CURVE_WITH_KNOTS('',1,(#5639,#5640),.UNSPECIFIED.,.F.,
  .F.,(2,2),(-6.28318530718,-4.712388980385),.PIECEWISE_BEZIER_KNOTS.);
#5639 = CARTESIAN_POINT('',(2.455583858714E-17,-3.14159265359));
#5640 = CARTESIAN_POINT('',(2.455583858714E-17,-1.570796326795));
#5641 = ( GEOMETRIC_REPRESENTATION_CONTEXT(2) 
PARAMETRIC_REPRESENTATION_CONTEXT() REPRESENTATION_CONTEXT('2D SPACE',''
  ) );
#5642 = PCURVE('',#62,#5643);
#5643 = DEFINITIONAL_REPRESENTATION('',(#5644),#5648);
#5644 = ( BOUNDED_CURVE() B_SPLINE_CURVE(2,(#5645,#5646,#5647),
.UNSPECIFIED.,.F.,.F.) B_SPLINE_CURVE_WITH_KNOTS((3,3),(0.,
1.570796326795),.PIECEWISE_BEZIER_KNOTS.) CURVE() 
GEOMETRIC_REPRESENTATION_ITEM() RATIONAL_B_SPLINE_CURVE((1.,
0.707106781187,1.)) REPRESENTATION_ITEM('') );
#5645 = CARTESIAN_POINT('',(-9.6,-0.3));
#5646 = CARTESIAN_POINT('',(-9.6,0.5));
#5647 = CARTESIAN_POINT('',(-8.8,0.5));
#5648 = ( GEOMETRIC_REPRESENTATION_CONTEXT(2) 
PARAMETRIC_REPRESENTATION_CONTEXT() REPRESENTATION_CONTEXT('2D SPACE',''
  ) );
#5649 = ORIENTED_EDGE('',*,*,#136,.T.);
#5650 = ORIENTED_EDGE('',*,*,#2393,.T.);
#5651 = ORIENTED_EDGE('',*,*,#760,.F.);
#5652 = ORIENTED_EDGE('',*,*,#1221,.F.);
#5653 = ORIENTED_EDGE('',*,*,#2152,.T.);
#5654 = ADVANCED_FACE('',(#5655),#62,.T.);
#5655 = FACE_BOUND('',#5656,.T.);
#5656 = EDGE_LOOP('',(#5657,#5658,#5659,#5660,#5661,#5662));
#5657 = ORIENTED_EDGE('',*,*,#39,.F.);
#5658 = ORIENTED_EDGE('',*,*,#2476,.T.);
#5659 = ORIENTED_EDGE('',*,*,#2265,.T.);
#5660 = ORIENTED_EDGE('',*,*,#2238,.F.);
#5661 = ORIENTED_EDGE('',*,*,#2078,.F.);
#5662 = ORIENTED_EDGE('',*,*,#5629,.F.);
#5663 = ( GEOMETRIC_REPRESENTATION_CONTEXT(3) 
GLOBAL_UNCERTAINTY_ASSIGNED_CONTEXT((#5667)) 
GLOBAL_UNIT_ASSIGNED_CONTEXT((#5664,#5665,#5666)) REPRESENTATION_CONTEXT
('Context #1','3D Context with UNIT and UNCERTAINTY') );
#5664 = ( LENGTH_UNIT() NAMED_UNIT(*) SI_UNIT(.MILLI.,.METRE.) );
#5665 = ( NAMED_UNIT(*) PLANE_ANGLE_UNIT() SI_UNIT($,.RADIAN.) );
#5666 = ( NAMED_UNIT(*) SI_UNIT($,.STERADIAN.) SOLID_ANGLE_UNIT() );
#5667 = UNCERTAINTY_MEASURE_WITH_UNIT(LENGTH_MEASURE(2.E-06),#5664,
  'distance_accuracy_value','confusion accuracy');
#5668 = CONTEXT_DEPENDENT_SHAPE_REPRESENTATION(#5669,#5671);
#5669 = ( REPRESENTATION_RELATIONSHIP('','',#32,#10) 
REPRESENTATION_RELATIONSHIP_WITH_TRANSFORMATION(#5670) 
SHAPE_REPRESENTATION_RELATIONSHIP() );
#5670 = ITEM_DEFINED_TRANSFORMATION('','',#11,#15);
#5671 = PRODUCT_DEFINITION_SHAPE('Placement','Placement of an item',
  #5672);
#5672 = NEXT_ASSEMBLY_USAGE_OCCURRENCE('1','lid','',#5,#27,$);
#5673 = PRODUCT_RELATED_PRODUCT_CATEGORY('part',$,(#29));
ENDSEC;
END-ISO-10303-21;
