ISO-10303-21;
HEADER;
FILE_DESCRIPTION(('Open CASCADE Model'),'2;1');
FILE_NAME('lid','2026-09-16T00:00:00Z',('Author'),('Open CASCADE'),
  'Open CASCADE STEP processor 7.9','build123d','Unknown');
FILE_SCHEMA(('AUTOMOTIVE_DESIGN { 1 0 10303 214 1 1 1 1 }'));
ENDSEC;
DATA;
#1 = APPLICATION_PROTOCOL_DEFINITION('international standard',
  'automotive_design',2000,#2);
#2 = APPLICATION_CONTEXT(
  'core data for automotive mechanical design processes');
#3 = SHAPE_DEFINITION_REPRESENTATION(#4,#10);
#4 = PRODUCT_DEFINITION_SHAPE('','',#5);
#5 = PRODUCT_DEFINITION('design','',#6,#9);
#6 = PRODUCT_DEFINITION_FORMATION('','',#7);
#7 = PRODUCT('lid','lid','',(#8));
#8 = PRODUCT_CONTEXT('',#2,'mechanical');
#9 = PRODUCT_DEFINITION_CONTEXT('part definition',#2,'design');
#10 = SHAPE_REPRESENTATION('',(#11,#15),#19);
#11 = AXIS2_PLACEMENT_3D('',#12,#13,#14);
#12 = CARTESIAN_POINT('',(0.,0.,0.));
#13 = DIRECTION('',(0.,0.,1.));
#14 = DIRECTION('',(1.,0.,-0.));
#15 = AXIS2_PLACEMENT_3D('',#16,#17,#18);
#16 = CARTESIAN_POINT('',(0.,0.,0.));
#17 = DIRECTION('',(-0.,3.129955513418E-02,0.999510048898));
#18 = DIRECTION('',(1.,0.,0.));
#19 = ( GEOMETRIC_REPRESENTATION_CONTEXT(3) 
GLOBAL_UNCERTAINTY_ASSIGNED_CONTEXT((#23)) GLOBAL_UNIT_ASSIGNED_CONTEXT(
(#20,#21,#22)) REPRESENTATION_CONTEXT('Context #1',
  '3D Context with UNIT and UNCERTAINTY') );
#20 = ( LENGTH_UNIT() NAMED_UNIT(*) SI_UNIT(.MILLI.,.METRE.) );
#21 = ( NAMED_UNIT(*) PLANE_ANGLE_UNIT() SI_UNIT($,.RADIAN.) );
#22 = ( NAMED_UNIT(*) SI_UNIT($,.STERADIAN.) SOLID_ANGLE_UNIT() );
#23 = UNCERTAINTY_MEASURE_WITH_UNIT(LENGTH_MEASURE(5.E-07),#20,
  'distance_accuracy_value','confusion accuracy');
#24 = PRODUCT_RELATED_PRODUCT_CATEGORY('part',$,(#7));
#25 = SHAPE_DEFINITION_REPRESENTATION(#26,#32);
#26 = PRODUCT_DEFINITION_SHAPE('','',#27);
#27 = PRODUCT_DEFINITION('design','',#28,#31);
#28 = PRODUCT_DEFINITION_FORMATION('','',#29);
#29 = PRODUCT('lid','lid','',(#30));
#30 = PRODUCT_CONTEXT('',#2,'mechanical');
#31 = PRODUCT_DEFINITION_CONTEXT('part definition',#2,'design');
#32 = ADVANCED_BREP_SHAPE_REPRESENTATION('',(#11,#33),#5225);
#33 = MANIFOLD_SOLID_BREP('',#34);
#34 = CLOSED_SHELL('',(#35,#309,#1965,#2031,#2582,#3280,#3326,#3372,
    #3418,#3464,#3510,#3556,#3602,#3648,#3694,#3740,#3786,#3832,#3897,
    #3962,#4008,#4054,#4100,#4146,#4192,#4238,#4284,#4330,#4376,#4422,
    #4429,#4620,#4667,#4811,#4838,#4893,#5048,#5075,#5102,#5129,#5154,
    #5161,#5165,#5192,#5220));
#35 = ADVANCED_FACE('',(#36),#49,.T.);
#36 = FACE_BOUND('',#37,.T.);
#37 = EDGE_LOOP('',(#38,#111,#198,#224));
#38 = ORIENTED_EDGE('',*,*,#39,.T.);
#39 = EDGE_CURVE('',#40,#42,#44,.T.);
#40 = VERTEX_POINT('',#41);
#41 = CARTESIAN_POINT('',(9.57597885303E-02,7.1,0.231066741679));
#42 = VERTEX_POINT('',#43);
#43 = CARTESIAN_POINT('',(9.57597885303E-02,7.22,0.231066741679));
#44 = SURFACE_CURVE('',#45,(#48,#100),.PCURVE_S1.);
#45 = B_SPLINE_CURVE_WITH_KNOTS('',1,(#46,#47),.UNSPECIFIED.,.F.,.F.,(2,
    2),(0.,1.),.PIECEWISE_BEZIER_KNOTS.);
#46 = CARTESIAN_POINT('',(9.57597885303E-02,7.1,0.231066741679));
#47 = CARTESIAN_POINT('',(9.57597885303E-02,7.22,0.231066741679));
#48 = PCURVE('',#49,#94);
#49 = ( BOUNDED_SURFACE() B_SPLINE_SURFACE(1,3,(
    (#50,#51,#52,#53,#54,#55,#56,#57,#58,#59,#60,#61,#62,#63,#64,#65,#66
      ,#67,#68,#69,#70,#71)
    ,(#72,#73,#74,#75,#76,#77,#78,#79,#80,#81,#82,#83,#84,#85,#86,#87
      ,#88,#89,#90,#91,#92,#93
)),.UNSPECIFIED.,.F.,.F.,.F.) B_SPLINE_SURFACE_WITH_KNOTS((2,2),(4,1,1,1
    ,1,1,1,1,1,1,1,1,1,1,1,1,1,1,1,4),(0.,1.),(0.,5.24163189288E-02,
    0.104832637858,0.157248956786,0.209665275715,0.262081594644,
    0.314497913573,0.366914232502,0.41933055143,0.471746870359,
    0.524163189288,0.576579508217,0.628995827146,0.681412146074,
    0.733828465003,0.786244783932,0.838661102861,0.89107742179,
0.943493740718,1.),.UNSPECIFIED.) GEOMETRIC_REPRESENTATION_ITEM() 
RATIONAL_B_SPLINE_SURFACE((
    (1.,0.999999999991,1.000000000004,0.999999999999,1.,1.,1.,1.,1.,1.
      ,1.,1.,1.,1.,1.,1.,1.,0.999999999999,1.000000000003,0.99999999999
      ,1.000000000024,1.)
    ,(1.,0.999999999991,1.000000000004,0.999999999999,1.,1.,1.,1.,1.,1.
      ,1.,1.,1.,1.,1.,1.,1.,0.999999999999,1.000000000003,0.99999999999
,1.000000000024,1.))) REPRESENTATION_ITEM('') SURFACE() );
#50 = CARTESIAN_POINT('',(9.57597885303E-02,7.1,0.231066741679));
#51 = CARTESIAN_POINT('',(0.299350521837,7.100000000109,-0.562039478975)
  );
#52 = CARTESIAN_POINT('',(0.686503373319,7.09999999995,-2.153345041471)
  );
#53 = CARTESIAN_POINT('',(1.206759216715,7.100000000013,-4.554248334638)
  );
#54 = CARTESIAN_POINT('',(1.666214320426,7.099999999996,-6.967514480509)
  );
#55 = CARTESIAN_POINT('',(2.064574349212,7.100000000001,-9.391617478207)
  );
#56 = CARTESIAN_POINT('',(2.401585505567,7.1,-11.82500726977));
#57 = CARTESIAN_POINT('',(2.677032694958,7.1,-14.26613246536));
#58 = CARTESIAN_POINT('',(2.890740270384,7.1,-16.7134355141));
#59 = CARTESIAN_POINT('',(3.042571711734,7.1,-19.16535523656));
#60 = CARTESIAN_POINT('',(3.132430836314,7.1,-21.62032748432));
#61 = CARTESIAN_POINT('',(3.160257799159,7.1,-24.07678594432));
#62 = CARTESIAN_POINT('',(3.126044251961,7.1,-26.53316424842));
#63 = CARTESIAN_POINT('',(3.029776926445,7.1,-28.98789272485));
#64 = CARTESIAN_POINT('',(2.871648209872,7.1,-31.43941528031));
#65 = CARTESIAN_POINT('',(2.651270176115,7.100000000001,-33.88613111757)
  );
#66 = CARTESIAN_POINT('',(2.370607650857,7.099999999998,-36.32661697626)
  );
#67 = CARTESIAN_POINT('',(2.023031533441,7.100000000007,-38.75880243774)
  );
#68 = CARTESIAN_POINT('',(1.634171906958,7.099999999974,-41.1830524385)
  );
#69 = CARTESIAN_POINT('',(1.095803962927,7.100000000101,-43.65328833979)
  );
#70 = CARTESIAN_POINT('',(0.889501326157,7.099999999766,-45.3271199855)
  );
#71 = CARTESIAN_POINT('',(1.828478255456,7.1,-46.27271011403));
#72 = CARTESIAN_POINT('',(9.57597885303E-02,7.22,0.231066741679));
#73 = CARTESIAN_POINT('',(0.299350521837,7.220000000116,-0.562039478975)
  );
#74 = CARTESIAN_POINT('',(0.686503373319,7.219999999946,-2.153345041471)
  );
#75 = CARTESIAN_POINT('',(1.206759216715,7.220000000014,-4.554248334638)
  );
#76 = CARTESIAN_POINT('',(1.666214320426,7.219999999996,-6.967514480509)
  );
#77 = CARTESIAN_POINT('',(2.064574349212,7.220000000001,-9.391617478207)
  );
#78 = CARTESIAN_POINT('',(2.401585505567,7.22,-11.82500726977));
#79 = CARTESIAN_POINT('',(2.677032694958,7.22,-14.26613246536));
#80 = CARTESIAN_POINT('',(2.890740270384,7.22,-16.7134355141));
#81 = CARTESIAN_POINT('',(3.042571711734,7.22,-19.16535523656));
#82 = CARTESIAN_POINT('',(3.132430836314,7.22,-21.62032748432));
#83 = CARTESIAN_POINT('',(3.160257799159,7.22,-24.07678594432));
#84 = CARTESIAN_POINT('',(3.126044251961,7.22,-26.53316424842));
#85 = CARTESIAN_POINT('',(3.029776926445,7.22,-28.98789272485));
#86 = CARTESIAN_POINT('',(2.871648209872,7.22,-31.43941528031));
#87 = CARTESIAN_POINT('',(2.651270176115,7.22,-33.88613111757));
#88 = CARTESIAN_POINT('',(2.370607650857,7.22,-36.32661697626));
#89 = CARTESIAN_POINT('',(2.023031533441,7.220000000002,-38.75880243774)
  );
#90 = CARTESIAN_POINT('',(1.634171906958,7.219999999994,-41.1830524385)
  );
#91 = CARTESIAN_POINT('',(1.095803962927,7.220000000024,-43.65328833979)
  );
#92 = CARTESIAN_POINT('',(0.889501326157,7.219999999944,-45.3271199855)
  );
#93 = CARTESIAN_POINT('',(1.828478255456,7.22,-46.27271011403));
#94 = DEFINITIONAL_REPRESENTATION('',(#95),#99);
#95 = LINE('',#96,#97);
#96 = CARTESIAN_POINT('',(0.,0.));
#97 = VECTOR('',#98,1.);
#98 = DIRECTION('',(1.,0.));
#99 = ( GEOMETRIC_REPRESENTATION_CONTEXT(2) 
PARAMETRIC_REPRESENTATION_CONTEXT() REPRESENTATION_CONTEXT('2D SPACE',''
  ) );
#100 = PCURVE('',#101,#106);
#101 = PLANE('',#102);
#102 = AXIS2_PLACEMENT_3D('',#103,#104,#105);
#103 = CARTESIAN_POINT('',(9.57597885303E-02,7.1,0.231066741679));
#104 = DIRECTION('',(-0.248644785141,-4.063876188863E-16,0.968594740241)
  );
#105 = DIRECTION('',(0.968572480859,6.779505212817E-03,0.248639071008));
#106 = DEFINITIONAL_REPRESENTATION('',(#107),#110);
#107 = B_SPLINE_CURVE_WITH_KNOTS('',1,(#108,#109),.UNSPECIFIED.,.F.,.F.,
  (2,2),(0.,1.),.PIECEWISE_BEZIER_KNOTS.);
#108 = CARTESIAN_POINT('',(0.,0.));
#109 = CARTESIAN_POINT('',(8.13540625538E-04,0.119997242267));
#110 = ( GEOMETRIC_REPRESENTATION_CONTEXT(2) 
PARAMETRIC_REPRESENTATION_CONTEXT() REPRESENTATION_CONTEXT('2D SPACE',''
  ) );
#111 = ORIENTED_EDGE('',*,*,#112,.T.);
#112 = EDGE_CURVE('',#42,#113,#115,.T.);
#113 = VERTEX_POINT('',#114);
#114 = CARTESIAN_POINT('',(1.828478255456,7.22,-46.27271011403));
#115 = SURFACE_CURVE('',#116,(#139,#146),.PCURVE_S1.);
#116 = ( BOUNDED_CURVE() B_SPLINE_CURVE(3,(#117,#118,#119,#120,#121,#122
    ,#123,#124,#125,#126,#127,#128,#129,#130,#131,#132,#133,#134,#135,
#136,#137,#138),.UNSPECIFIED.,.F.,.F.) B_SPLINE_CURVE_WITH_KNOTS((4,1,1,
    1,1,1,1,1,1,1,1,1,1,1,1,1,1,1,1,4),(0.,5.24163189288E-02,
    0.104832637858,0.157248956786,0.209665275715,0.262081594644,
    0.314497913573,0.366914232502,0.41933055143,0.471746870359,
    0.524163189288,0.576579508217,0.628995827146,0.681412146074,
    0.733828465003,0.786244783932,0.838661102861,0.89107742179,
0.943493740718,1.),.UNSPECIFIED.) CURVE() GEOMETRIC_REPRESENTATION_ITEM(
) RATIONAL_B_SPLINE_CURVE((1.,0.999999999991,1.000000000004,
    0.999999999999,1.,1.,1.,1.,1.,1.,1.,1.,1.,1.,1.,1.,1.,0.999999999999
    ,1.000000000003,0.99999999999,1.000000000024,1.)) 
REPRESENTATION_ITEM('') );
#117 = CARTESIAN_POINT('',(9.57597885303E-02,7.22,0.231066741679));
#118 = CARTESIAN_POINT('',(0.299350521837,7.220000000116,-0.562039478975
    ));
#119 = CARTESIAN_POINT('',(0.686503373319,7.219999999946,-2.153345041471
    ));
#120 = CARTESIAN_POINT('',(1.206759216715,7.220000000014,-4.554248334638
    ));
#121 = CARTESIAN_POINT('',(1.666214320426,7.219999999996,-6.967514480509
    ));
#122 = CARTESIAN_POINT('',(2.064574349212,7.220000000001,-9.391617478207
    ));
#123 = CARTESIAN_POINT('',(2.401585505567,7.22,-11.82500726977));
#124 = CARTESIAN_POINT('',(2.677032694958,7.22,-14.26613246536));
#125 = CARTESIAN_POINT('',(2.890740270384,7.22,-16.7134355141));
#126 = CARTESIAN_POINT('',(3.042571711734,7.22,-19.16535523656));
#127 = CARTESIAN_POINT('',(3.132430836314,7.22,-21.62032748432));
#128 = CARTESIAN_POINT('',(3.160257799159,7.22,-24.07678594432));
#129 = CARTESIAN_POINT('',(3.126044251961,7.22,-26.53316424842));
#130 = CARTESIAN_POINT('',(3.029776926445,7.22,-28.98789272485));
#131 = CARTESIAN_POINT('',(2.871648209872,7.22,-31.43941528031));
#132 = CARTESIAN_POINT('',(2.651270176115,7.22,-33.88613111757));
#133 = CARTESIAN_POINT('',(2.370607650857,7.22,-36.32661697626));
#134 = CARTESIAN_POINT('',(2.023031533441,7.220000000002,-38.75880243774
    ));
#135 = CARTESIAN_POINT('',(1.634171906958,7.219999999994,-41.1830524385)
  );
#136 = CARTESIAN_POINT('',(1.095803962927,7.220000000024,-43.65328833979
    ));
#137 = CARTESIAN_POINT('',(0.889501326157,7.219999999944,-45.3271199855)
  );
#138 = CARTESIAN_POINT('',(1.828478255456,7.22,-46.27271011403));
#139 = PCURVE('',#49,#140);
#140 = DEFINITIONAL_REPRESENTATION('',(#141),#145);
#141 = LINE('',#142,#143);
#142 = CARTESIAN_POINT('',(1.,0.));
#143 = VECTOR('',#144,1.);
#144 = DIRECTION('',(0.,1.));
#145 = ( GEOMETRIC_REPRESENTATION_CONTEXT(2) 
PARAMETRIC_REPRESENTATION_CONTEXT() REPRESENTATION_CONTEXT('2D SPACE',''
  ) );
#146 = PCURVE('',#147,#192);
#147 = ( BOUNDED_SURFACE() B_SPLINE_SURFACE(1,3,(
    (#148,#149,#150,#151,#152,#153,#154,#155,#156,#157,#158,#159,#160
      ,#161,#162,#163,#164,#165,#166,#167,#168,#169)
    ,(#170,#171,#172,#173,#174,#175,#176,#177,#178,#179,#180,#181,#182
      ,#183,#184,#185,#186,#187,#188,#189,#190,#191
)),.UNSPECIFIED.,.F.,.F.,.F.) B_SPLINE_SURFACE_WITH_KNOTS((2,2),(4,1,1,1
    ,1,1,1,1,1,1,1,1,1,1,1,1,1,1,1,4),(1.,2.),(0.,5.24163189288E-02,
    0.104832637858,0.157248956786,0.209665275715,0.262081594644,
    0.314497913573,0.366914232502,0.41933055143,0.471746870359,
    0.524163189288,0.576579508217,0.628995827146,0.681412146074,
    0.733828465003,0.786244783932,0.838661102861,0.89107742179,
0.943493740718,1.),.UNSPECIFIED.) GEOMETRIC_REPRESENTATION_ITEM() 
RATIONAL_B_SPLINE_SURFACE((
    (1.,0.999999999991,1.000000000004,0.999999999999,1.,1.,1.,1.,1.,1.
      ,1.,1.,1.,1.,1.,1.,1.,0.999999999999,1.000000000003,0.99999999999
      ,1.000000000024,1.)
    ,(1.,0.999999999991,1.000000000004,0.999999999999,1.,1.,1.,1.,1.,1.
      ,1.,1.,1.,1.,1.,1.,1.,0.999999999999,1.000000000003,0.99999999999
,1.000000000024,1.))) REPRESENTATION_ITEM('') SURFACE() );
#148 = CARTESIAN_POINT('',(9.57597885303E-02,7.22,0.231066741679));
#149 = CARTESIAN_POINT('',(0.299350521837,7.220000000116,-0.562039478975
    ));
#150 = CARTESIAN_POINT('',(0.686503373319,7.219999999946,-2.153345041471
    ));
#151 = CARTESIAN_POINT('',(1.206759216715,7.220000000014,-4.554248334638
    ));
#152 = CARTESIAN_POINT('',(1.666214320426,7.219999999996,-6.967514480509
    ));
#153 = CARTESIAN_POINT('',(2.064574349212,7.220000000001,-9.391617478207
    ));
#154 = CARTESIAN_POINT('',(2.401585505567,7.22,-11.82500726977));
#155 = CARTESIAN_POINT('',(2.677032694958,7.22,-14.26613246536));
#156 = CARTESIAN_POINT('',(2.890740270384,7.22,-16.7134355141));
#157 = CARTESIAN_POINT('',(3.042571711734,7.22,-19.16535523656));
#158 = CARTESIAN_POINT('',(3.132430836314,7.22,-21.62032748432));
#159 = CARTESIAN_POINT('',(3.160257799159,7.22,-24.07678594432));
#160 = CARTESIAN_POINT('',(3.126044251961,7.22,-26.53316424842));
#161 = CARTESIAN_POINT('',(3.029776926445,7.22,-28.98789272485));
#162 = CARTESIAN_POINT('',(2.871648209872,7.22,-31.43941528031));
#163 = CARTESIAN_POINT('',(2.651270176115,7.22,-33.88613111757));
#164 = CARTESIAN_POINT('',(2.370607650857,7.22,-36.32661697626));
#165 = CARTESIAN_POINT('',(2.023031533441,7.220000000002,-38.75880243774
    ));
#166 = CARTESIAN_POINT('',(1.634171906958,7.219999999994,-41.1830524385)
  );
#167 = CARTESIAN_POINT('',(1.095803962927,7.220000000024,-43.65328833979
    ));
#168 = CARTESIAN_POINT('',(0.889501326157,7.219999999944,-45.3271199855)
  );
#169 = CARTESIAN_POINT('',(1.828478255456,7.22,-46.27271011403));
#170 = CARTESIAN_POINT('',(0.103051875333,7.334863049154,0.232938669412)
  );
#171 = CARTESIAN_POINT('',(0.306658369025,7.334863049098,-0.560228947516
    ));
#172 = CARTESIAN_POINT('',(0.693841190832,7.33486304918,-2.151657695979)
  );
#173 = CARTESIAN_POINT('',(1.214137308331,7.334863049147,-4.552746848288
    ));
#174 = CARTESIAN_POINT('',(1.673627979433,7.334863049156,-6.966199810152
    ));
#175 = CARTESIAN_POINT('',(2.07201884611,7.334863049153,-9.390490462796)
  );
#176 = CARTESIAN_POINT('',(2.40905609121,7.334863049154,-11.82406862821)
  );
#177 = CARTESIAN_POINT('',(2.684524603551,7.334863049154,-14.26538279645
    ));
#178 = CARTESIAN_POINT('',(2.89824872253,7.334863049154,-16.7128752961)
  );
#179 = CARTESIAN_POINT('',(3.050091917481,7.334863049154,-19.16498482684
    ));
#180 = CARTESIAN_POINT('',(3.139957998214,7.334863049154,-21.62014711918
    ));
#181 = CARTESIAN_POINT('',(3.167787115321,7.334863049154,-24.07679573885
    ));
#182 = CARTESIAN_POINT('',(3.133570919142,7.334863049154,-26.53336419628
    ));
#183 = CARTESIAN_POINT('',(3.037296143,7.334863049154,-28.98828269881));
#184 = CARTESIAN_POINT('',(2.879155179262,7.334863049154,-31.4399950304)
  );
#185 = CARTESIAN_POINT('',(2.658760108295,7.334863049153,-33.88690027839
    ));
#186 = CARTESIAN_POINT('',(2.378075771568,7.334863049154,-36.32757504051
    ));
#187 = CARTESIAN_POINT('',(2.030473063989,7.334863049151,-38.75994885627
    ));
#188 = CARTESIAN_POINT('',(1.641582154096,7.334863049163,-41.18438624842
    ));
#189 = CARTESIAN_POINT('',(1.103177055918,7.334863049119,-43.65481442863
    ));
#190 = CARTESIAN_POINT('',(0.896846491579,7.334863049234,-45.32877286552
    ));
#191 = CARTESIAN_POINT('',(1.835810878413,7.334863049154,-46.27441636252
    ));
#192 = DEFINITIONAL_REPRESENTATION('',(#193),#197);
#193 = LINE('',#194,#195);
#194 = CARTESIAN_POINT('',(1.,0.));
#195 = VECTOR('',#196,1.);
#196 = DIRECTION('',(0.,1.));
#197 = ( GEOMETRIC_REPRESENTATION_CONTEXT(2) 
PARAMETRIC_REPRESENTATION_CONTEXT() REPRESENTATION_CONTEXT('2D SPACE',''
  ) );
#198 = ORIENTED_EDGE('',*,*,#199,.F.);
#199 = EDGE_CURVE('',#200,#113,#202,.T.);
#200 = VERTEX_POINT('',#201);
#201 = CARTESIAN_POINT('',(1.828478255456,7.1,-46.27271011403));
#202 = SURFACE_CURVE('',#203,(#206,#213),.PCURVE_S1.);
#203 = B_SPLINE_CURVE_WITH_KNOTS('',1,(#204,#205),.UNSPECIFIED.,.F.,.F.,
  (2,2),(0.,1.),.PIECEWISE_BEZIER_KNOTS.);
#204 = CARTESIAN_POINT('',(1.828478255456,7.1,-46.27271011403));
#205 = CARTESIAN_POINT('',(1.828478255456,7.22,-46.27271011403));
#206 = PCURVE('',#49,#207);
#207 = DEFINITIONAL_REPRESENTATION('',(#208),#212);
#208 = LINE('',#209,#210);
#209 = CARTESIAN_POINT('',(0.,1.));
#210 = VECTOR('',#211,1.);
#211 = DIRECTION('',(1.,0.));
#212 = ( GEOMETRIC_REPRESENTATION_CONTEXT(2) 
PARAMETRIC_REPRESENTATION_CONTEXT() REPRESENTATION_CONTEXT('2D SPACE',''
  ) );
#213 = PCURVE('',#214,#219);
#214 = PLANE('',#215);
#215 = AXIS2_PLACEMENT_3D('',#216,#217,#218);
#216 = CARTESIAN_POINT('',(1.828478255456,7.1,-46.27271011403));
#217 = DIRECTION('',(0.226637911096,-1.860845442947E-15,0.973979084608)
  );
#218 = DIRECTION('',(0.973948802227,7.885546797874E-03,-0.226630864605)
  );
#219 = DEFINITIONAL_REPRESENTATION('',(#220),#223);
#220 = B_SPLINE_CURVE_WITH_KNOTS('',1,(#221,#222),.UNSPECIFIED.,.F.,.F.,
  (2,2),(0.,1.),.PIECEWISE_BEZIER_KNOTS.);
#221 = CARTESIAN_POINT('',(0.,0.));
#222 = CARTESIAN_POINT('',(9.462656157453E-04,0.119996269031));
#223 = ( GEOMETRIC_REPRESENTATION_CONTEXT(2) 
PARAMETRIC_REPRESENTATION_CONTEXT() REPRESENTATION_CONTEXT('2D SPACE',''
  ) );
#224 = ORIENTED_EDGE('',*,*,#225,.F.);
#225 = EDGE_CURVE('',#40,#200,#226,.T.);
#226 = SURFACE_CURVE('',#227,(#250,#257),.PCURVE_S1.);
#227 = ( BOUNDED_CURVE() B_SPLINE_CURVE(3,(#228,#229,#230,#231,#232,#233
    ,#234,#235,#236,#237,#238,#239,#240,#241,#242,#243,#244,#245,#246,
#247,#248,#249),.UNSPECIFIED.,.F.,.F.) B_SPLINE_CURVE_WITH_KNOTS((4,1,1,
    1,1,1,1,1,1,1,1,1,1,1,1,1,1,1,1,4),(0.,5.24163189288E-02,
    0.104832637858,0.157248956786,0.209665275715,0.262081594644,
    0.314497913573,0.366914232502,0.41933055143,0.471746870359,
    0.524163189288,0.576579508217,0.628995827146,0.681412146074,
    0.733828465003,0.786244783932,0.838661102861,0.89107742179,
0.943493740718,1.),.UNSPECIFIED.) CURVE() GEOMETRIC_REPRESENTATION_ITEM(
) RATIONAL_B_SPLINE_CURVE((1.,0.999999999991,1.000000000004,
    0.999999999999,1.,1.,1.,1.,1.,1.,1.,1.,1.,1.,1.,1.,1.,0.999999999999
    ,1.000000000003,0.99999999999,1.000000000024,1.)) 
REPRESENTATION_ITEM('') );
#228 = CARTESIAN_POINT('',(9.57597885303E-02,7.1,0.231066741679));
#229 = CARTESIAN_POINT('',(0.299350521837,7.100000000109,-0.562039478975
    ));
#230 = CARTESIAN_POINT('',(0.686503373319,7.09999999995,-2.153345041471)
  );
#231 = CARTESIAN_POINT('',(1.206759216715,7.100000000013,-4.554248334638
    ));
#232 = CARTESIAN_POINT('',(1.666214320426,7.099999999996,-6.967514480509
    ));
#233 = CARTESIAN_POINT('',(2.064574349212,7.100000000001,-9.391617478207
    ));
#234 = CARTESIAN_POINT('',(2.401585505567,7.1,-11.82500726977));
#235 = CARTESIAN_POINT('',(2.677032694958,7.1,-14.26613246536));
#236 = CARTESIAN_POINT('',(2.890740270384,7.1,-16.7134355141));
#237 = CARTESIAN_POINT('',(3.042571711734,7.1,-19.16535523656));
#238 = CARTESIAN_POINT('',(3.132430836314,7.1,-21.62032748432));
#239 = CARTESIAN_POINT('',(3.160257799159,7.1,-24.07678594432));
#240 = CARTESIAN_POINT('',(3.126044251961,7.1,-26.53316424842));
#241 = CARTESIAN_POINT('',(3.029776926445,7.1,-28.98789272485));
#242 = CARTESIAN_POINT('',(2.871648209872,7.1,-31.43941528031));
#243 = CARTESIAN_POINT('',(2.651270176115,7.100000000001,-33.88613111757
    ));
#244 = CARTESIAN_POINT('',(2.370607650857,7.099999999998,-36.32661697626
    ));
#245 = CARTESIAN_POINT('',(2.023031533441,7.100000000007,-38.75880243774
    ));
#246 = CARTESIAN_POINT('',(1.634171906958,7.099999999974,-41.1830524385)
  );
#247 = CARTESIAN_POINT('',(1.095803962927,7.100000000101,-43.65328833979
    ));
#248 = CARTESIAN_POINT('',(0.889501326157,7.099999999766,-45.3271199855)
  );
#249 = CARTESIAN_POINT('',(1.828478255456,7.1,-46.27271011403));
#250 = PCURVE('',#49,#251);
#251 = DEFINITIONAL_REPRESENTATION('',(#252),#256);
#252 = LINE('',#253,#254);
#253 = CARTESIAN_POINT('',(0.,0.));
#254 = VECTOR('',#255,1.);
#255 = DIRECTION('',(0.,1.));
#256 = ( GEOMETRIC_REPRESENTATION_CONTEXT(2) 
PARAMETRIC_REPRESENTATION_CONTEXT() REPRESENTATION_CONTEXT('2D SPACE',''
  ) );
#257 = PCURVE('',#258,#303);
#258 = ( BOUNDED_SURFACE() B_SPLINE_SURFACE(1,3,(
    (#259,#260,#261,#262,#263,#264,#265,#266,#267,#268,#269,#270,#271
      ,#272,#273,#274,#275,#276,#277,#278,#279,#280)
    ,(#281,#282,#283,#284,#285,#286,#287,#288,#289,#290,#291,#292,#293
      ,#294,#295,#296,#297,#298,#299,#300,#301,#302
)),.UNSPECIFIED.,.F.,.F.,.F.) B_SPLINE_SURFACE_WITH_KNOTS((2,2),(4,1,1,1
    ,1,1,1,1,1,1,1,1,1,1,1,1,1,1,1,4),(42.,43.),(0.,5.24163189288E-02,
    0.104832637858,0.157248956786,0.209665275715,0.262081594644,
    0.314497913573,0.366914232502,0.41933055143,0.471746870359,
    0.524163189288,0.576579508217,0.628995827146,0.681412146074,
    0.733828465003,0.786244783932,0.838661102861,0.89107742179,
0.943493740718,1.),.UNSPECIFIED.) GEOMETRIC_REPRESENTATION_ITEM() 
RATIONAL_B_SPLINE_SURFACE((
    (1.,0.999999999991,1.000000000004,0.999999999999,1.,1.,1.,1.,1.,1.
      ,1.,1.,1.,1.,1.,1.,1.,0.999999999999,1.000000000003,0.99999999999
      ,1.000000000024,1.)
    ,(1.,0.999999999991,1.000000000004,0.999999999999,1.,1.,1.,1.,1.,1.
      ,1.,1.,1.,1.,1.,1.,1.,0.999999999999,1.000000000003,0.99999999999
,1.000000000024,1.))) REPRESENTATION_ITEM('') SURFACE() );
#259 = CARTESIAN_POINT('',(17.239886690793,7.1,4.632079438675));
#260 = CARTESIAN_POINT('',(17.480531029484,7.100000000109,3.694627527544
    ));
#261 = CARTESIAN_POINT('',(17.938145874771,7.09999999995,1.813703634306)
  );
#262 = CARTESIAN_POINT('',(18.553088516686,7.100000000013,
    -1.024165142547));
#263 = CARTESIAN_POINT('',(19.09616465643,7.099999999996,-3.876646816659
    ));
#264 = CARTESIAN_POINT('',(19.56702639157,7.100000000001,-6.741937654919
    ));
#265 = CARTESIAN_POINT('',(19.965373726011,7.1,-9.618205486377));
#266 = CARTESIAN_POINT('',(20.290952445275,7.1,-12.50361657389));
#267 = CARTESIAN_POINT('',(20.54355483243,7.1,-15.39632986789));
#268 = CARTESIAN_POINT('',(20.723019901678,7.1,-18.29450014224));
#269 = CARTESIAN_POINT('',(20.829232542988,7.1,-21.19627824189));
#270 = CARTESIAN_POINT('',(20.862127326721,7.1,-24.09981401906));
#271 = CARTESIAN_POINT('',(20.821674578671,7.1,-27.00325141704));
#272 = CARTESIAN_POINT('',(20.707932534598,7.1,-29.90475228349));
#273 = CARTESIAN_POINT('',(20.520852727372,7.1,-32.80241312269));
#274 = CARTESIAN_POINT('',(20.261006185105,7.100000000001,
    -35.69458136211));
#275 = CARTESIAN_POINT('',(19.926872973723,7.099999999998,-38.5786806181
    ));
#276 = CARTESIAN_POINT('',(19.524957371959,7.100000000007,-41.4556004413
    ));
#277 = CARTESIAN_POINT('',(19.032036993712,7.099999999974,
    -44.31331913046));
#278 = CARTESIAN_POINT('',(18.52315002793,7.100000000101,-47.2627990787)
  );
#279 = CARTESIAN_POINT('',(17.942258498676,7.099999999766,
    -49.16284166164));
#280 = CARTESIAN_POINT('',(16.649753084335,7.1,-49.72151391288));
#281 = CARTESIAN_POINT('',(9.57597885303E-02,7.1,0.231066741679));
#282 = CARTESIAN_POINT('',(0.299350521769,7.100000000109,-0.562039478975
    ));
#283 = CARTESIAN_POINT('',(0.68650337335,7.09999999995,-2.153345041471)
  );
#284 = CARTESIAN_POINT('',(1.206759216707,7.100000000013,-4.554248334638
    ));
#285 = CARTESIAN_POINT('',(1.666214320429,7.099999999996,-6.967514480509
    ));
#286 = CARTESIAN_POINT('',(2.064574349212,7.100000000001,-9.391617478207
    ));
#287 = CARTESIAN_POINT('',(2.401585505567,7.1,-11.82500726977));
#288 = CARTESIAN_POINT('',(2.677032694958,7.1,-14.26613246536));
#289 = CARTESIAN_POINT('',(2.890740270384,7.1,-16.7134355141));
#290 = CARTESIAN_POINT('',(3.042571711734,7.1,-19.16535523656));
#291 = CARTESIAN_POINT('',(3.132430836314,7.1,-21.62032748432));
#292 = CARTESIAN_POINT('',(3.160257799159,7.1,-24.07678594432));
#293 = CARTESIAN_POINT('',(3.126044251961,7.1,-26.53316424842));
#294 = CARTESIAN_POINT('',(3.029776926445,7.1,-28.98789272485));
#295 = CARTESIAN_POINT('',(2.871648209872,7.1,-31.43941528031));
#296 = CARTESIAN_POINT('',(2.651270176115,7.100000000001,-33.88613111757
    ));
#297 = CARTESIAN_POINT('',(2.370607650858,7.099999999998,-36.32661697626
    ));
#298 = CARTESIAN_POINT('',(2.023031533438,7.100000000007,-38.75880243774
    ));
#299 = CARTESIAN_POINT('',(1.63417190697,7.099999999974,-41.1830524385)
  );
#300 = CARTESIAN_POINT('',(1.095803962878,7.100000000101,-43.65328833979
    ));
#301 = CARTESIAN_POINT('',(0.88950132627,7.099999999766,-45.3271199855)
  );
#302 = CARTESIAN_POINT('',(1.828478255456,7.1,-46.27271011403));
#303 = DEFINITIONAL_REPRESENTATION('',(#304),#308);
#304 = LINE('',#305,#306);
#305 = CARTESIAN_POINT('',(43.,0.));
#306 = VECTOR('',#307,1.);
#307 = DIRECTION('',(0.,1.));
#308 = ( GEOMETRIC_REPRESENTATION_CONTEXT(2) 
PARAMETRIC_REPRESENTATION_CONTEXT() REPRESENTATION_CONTEXT('2D SPACE',''
  ) );
#309 = ADVANCED_FACE('',(#310),#101,.T.);
#310 = FACE_BOUND('',#311,.T.);
#311 = EDGE_LOOP('',(#312,#313,#334,#400,#466,#532,#598,#664,#730,#796,
    #862,#928,#994,#1060,#1126,#1192,#1220,#1286,#1352,#1418,#1484,#1550
    ,#1616,#1682,#1748,#1814,#1880,#1946));
#312 = ORIENTED_EDGE('',*,*,#39,.F.);
#313 = ORIENTED_EDGE('',*,*,#314,.F.);
#314 = EDGE_CURVE('',#315,#40,#317,.T.);
#315 = VERTEX_POINT('',#316);
#316 = CARTESIAN_POINT('',(17.239886690793,7.1,4.632079438675));
#317 = SURFACE_CURVE('',#318,(#321,#327),.PCURVE_S1.);
#318 = B_SPLINE_CURVE_WITH_KNOTS('',1,(#319,#320),.UNSPECIFIED.,.F.,.F.,
  (2,2),(42.,43.),.PIECEWISE_BEZIER_KNOTS.);
#319 = CARTESIAN_POINT('',(17.239886690793,7.1,4.632079438675));
#320 = CARTESIAN_POINT('',(9.57597885303E-02,7.1,0.231066741679));
#321 = PCURVE('',#101,#322);
#322 = DEFINITIONAL_REPRESENTATION('',(#323),#326);
#323 = B_SPLINE_CURVE_WITH_KNOTS('',1,(#324,#325),.UNSPECIFIED.,.F.,.F.,
  (2,2),(42.,43.),.PIECEWISE_BEZIER_KNOTS.);
#324 = CARTESIAN_POINT('',(17.699593234361,-0.119997242267));
#325 = CARTESIAN_POINT('',(-8.049116928532E-16,0.));
#326 = ( GEOMETRIC_REPRESENTATION_CONTEXT(2) 
PARAMETRIC_REPRESENTATION_CONTEXT() REPRESENTATION_CONTEXT('2D SPACE',''
  ) );
#327 = PCURVE('',#258,#328);
#328 = DEFINITIONAL_REPRESENTATION('',(#329),#333);
#329 = LINE('',#330,#331);
#330 = CARTESIAN_POINT('',(0.,0.));
#331 = VECTOR('',#332,1.);
#332 = DIRECTION('',(1.,0.));
#333 = ( GEOMETRIC_REPRESENTATION_CONTEXT(2) 
PARAMETRIC_REPRESENTATION_CONTEXT() REPRESENTATION_CONTEXT('2D SPACE',''
  ) );
#334 = ORIENTED_EDGE('',*,*,#335,.F.);
#335 = EDGE_CURVE('',#336,#315,#338,.T.);
#336 = VERTEX_POINT('',#337);
#337 = CARTESIAN_POINT('',(17.239886690793,7.22,4.632079438675));
#338 = SURFACE_CURVE('',#339,(#342,#348),.PCURVE_S1.);
#339 = B_SPLINE_CURVE_WITH_KNOTS('',1,(#340,#341),.UNSPECIFIED.,.F.,.F.,
  (2,2),(41.,42.),.PIECEWISE_BEZIER_KNOTS.);
#340 = CARTESIAN_POINT('',(17.239886690793,7.22,4.632079438675));
#341 = CARTESIAN_POINT('',(17.239886690793,7.1,4.632079438675));
#342 = PCURVE('',#101,#343);
#343 = DEFINITIONAL_REPRESENTATION('',(#344),#347);
#344 = B_SPLINE_CURVE_WITH_KNOTS('',1,(#345,#346),.UNSPECIFIED.,.F.,.F.,
  (2,2),(41.,42.),.PIECEWISE_BEZIER_KNOTS.);
#345 = CARTESIAN_POINT('',(17.700406774987,0.));
#346 = CARTESIAN_POINT('',(17.699593234361,-0.119997242267));
#347 = ( GEOMETRIC_REPRESENTATION_CONTEXT(2) 
PARAMETRIC_REPRESENTATION_CONTEXT() REPRESENTATION_CONTEXT('2D SPACE',''
  ) );
#348 = PCURVE('',#349,#394);
#349 = ( BOUNDED_SURFACE() B_SPLINE_SURFACE(1,3,(
    (#350,#351,#352,#353,#354,#355,#356,#357,#358,#359,#360,#361,#362
      ,#363,#364,#365,#366,#367,#368,#369,#370,#371)
    ,(#372,#373,#374,#375,#376,#377,#378,#379,#380,#381,#382,#383,#384
      ,#385,#386,#387,#388,#389,#390,#391,#392,#393
)),.UNSPECIFIED.,.F.,.F.,.F.) B_SPLINE_SURFACE_WITH_KNOTS((2,2),(4,1,1,1
    ,1,1,1,1,1,1,1,1,1,1,1,1,1,1,1,4),(41.,42.),(0.,5.24163189288E-02,
    0.104832637858,0.157248956786,0.209665275715,0.262081594644,
    0.314497913573,0.366914232502,0.41933055143,0.471746870359,
    0.524163189288,0.576579508217,0.628995827146,0.681412146074,
    0.733828465003,0.786244783932,0.838661102861,0.89107742179,
0.943493740718,1.),.UNSPECIFIED.) GEOMETRIC_REPRESENTATION_ITEM() 
RATIONAL_B_SPLINE_SURFACE((
    (1.,0.999999999991,1.000000000004,0.999999999999,1.,1.,1.,1.,1.,1.
      ,1.,1.,1.,1.,1.,1.,1.,0.999999999999,1.000000000003,0.99999999999
      ,1.000000000024,1.)
    ,(1.,0.999999999991,1.000000000004,0.999999999999,1.,1.,1.,1.,1.,1.
      ,1.,1.,1.,1.,1.,1.,1.,0.999999999999,1.000000000003,0.99999999999
,1.000000000024,1.))) REPRESENTATION_ITEM('') SURFACE() );
#350 = CARTESIAN_POINT('',(17.239886690793,7.22,4.632079438675));
#351 = CARTESIAN_POINT('',(17.480531029484,7.220000000116,3.694627527544
    ));
#352 = CARTESIAN_POINT('',(17.938145874771,7.219999999946,1.813703634306
    ));
#353 = CARTESIAN_POINT('',(18.553088516686,7.220000000014,
    -1.024165142547));
#354 = CARTESIAN_POINT('',(19.09616465643,7.219999999996,-3.876646816659
    ));
#355 = CARTESIAN_POINT('',(19.56702639157,7.220000000001,-6.741937654919
    ));
#356 = CARTESIAN_POINT('',(19.965373726011,7.22,-9.618205486377));
#357 = CARTESIAN_POINT('',(20.290952445275,7.22,-12.50361657389));
#358 = CARTESIAN_POINT('',(20.54355483243,7.22,-15.39632986789));
#359 = CARTESIAN_POINT('',(20.723019901678,7.22,-18.29450014224));
#360 = CARTESIAN_POINT('',(20.829232542988,7.22,-21.19627824189));
#361 = CARTESIAN_POINT('',(20.862127326721,7.22,-24.09981401906));
#362 = CARTESIAN_POINT('',(20.821674578671,7.22,-27.00325141704));
#363 = CARTESIAN_POINT('',(20.707932534598,7.22,-29.90475228349));
#364 = CARTESIAN_POINT('',(20.520852727372,7.22,-32.80241312269));
#365 = CARTESIAN_POINT('',(20.261006185105,7.22,-35.69458136211));
#366 = CARTESIAN_POINT('',(19.926872973723,7.22,-38.5786806181));
#367 = CARTESIAN_POINT('',(19.524957371959,7.220000000002,-41.4556004413
    ));
#368 = CARTESIAN_POINT('',(19.032036993712,7.219999999994,
    -44.31331913046));
#369 = CARTESIAN_POINT('',(18.52315002793,7.220000000024,-47.2627990787)
  );
#370 = CARTESIAN_POINT('',(17.942258498676,7.219999999944,
    -49.16284166164));
#371 = CARTESIAN_POINT('',(16.649753084335,7.22,-49.72151391288));
#372 = CARTESIAN_POINT('',(17.239886690793,7.1,4.632079438675));
#373 = CARTESIAN_POINT('',(17.480531029484,7.100000000109,3.694627527544
    ));
#374 = CARTESIAN_POINT('',(17.938145874771,7.09999999995,1.813703634306)
  );
#375 = CARTESIAN_POINT('',(18.553088516686,7.100000000013,
    -1.024165142547));
#376 = CARTESIAN_POINT('',(19.09616465643,7.099999999996,-3.876646816659
    ));
#377 = CARTESIAN_POINT('',(19.56702639157,7.100000000001,-6.741937654919
    ));
#378 = CARTESIAN_POINT('',(19.965373726011,7.1,-9.618205486377));
#379 = CARTESIAN_POINT('',(20.290952445275,7.1,-12.50361657389));
#380 = CARTESIAN_POINT('',(20.54355483243,7.1,-15.39632986789));
#381 = CARTESIAN_POINT('',(20.723019901678,7.1,-18.29450014224));
#382 = CARTESIAN_POINT('',(20.829232542988,7.1,-21.19627824189));
#383 = CARTESIAN_POINT('',(20.862127326721,7.1,-24.09981401906));
#384 = CARTESIAN_POINT('',(20.821674578671,7.1,-27.00325141704));
#385 = CARTESIAN_POINT('',(20.707932534598,7.1,-29.90475228349));
#386 = CARTESIAN_POINT('',(20.520852727372,7.1,-32.80241312269));
#387 = CARTESIAN_POINT('',(20.261006185105,7.100000000001,
    -35.69458136211));
#388 = CARTESIAN_POINT('',(19.926872973723,7.099999999998,-38.5786806181
    ));
#389 = CARTESIAN_POINT('',(19.524957371959,7.100000000007,-41.4556004413
    ));
#390 = CARTESIAN_POINT('',(19.032036993712,7.099999999974,
    -44.31331913046));
#391 = CARTESIAN_POINT('',(18.52315002793,7.100000000101,-47.2627990787)
  );
#392 = CARTESIAN_POINT('',(17.942258498676,7.099999999766,
    -49.16284166164));
#393 = CARTESIAN_POINT('',(16.649753084335,7.1,-49.72151391288));
#394 = DEFINITIONAL_REPRESENTATION('',(#395),#399);
#395 = LINE('',#396,#397);
#396 = CARTESIAN_POINT('',(0.,0.));
#397 = VECTOR('',#398,1.);
#398 = DIRECTION('',(1.,0.));
#399 = ( GEOMETRIC_REPRESENTATION_CONTEXT(2) 
PARAMETRIC_REPRESENTATION_CONTEXT() REPRESENTATION_CONTEXT('2D SPACE',''
  ) );
#400 = ORIENTED_EDGE('',*,*,#401,.F.);
#401 = EDGE_CURVE('',#402,#336,#404,.T.);
#402 = VERTEX_POINT('',#403);
#403 = CARTESIAN_POINT('',(17.23259460399,7.334863049154,4.630207510942)
  );
#404 = SURFACE_CURVE('',#405,(#408,#414),.PCURVE_S1.);
#405 = B_SPLINE_CURVE_WITH_KNOTS('',1,(#406,#407),.UNSPECIFIED.,.F.,.F.,
  (2,2),(40.,41.),.PIECEWISE_BEZIER_KNOTS.);
#406 = CARTESIAN_POINT('',(17.23259460399,7.334863049154,4.630207510942)
  );
#407 = CARTESIAN_POINT('',(17.239886690793,7.22,4.632079438675));
#408 = PCURVE('',#101,#409);
#409 = DEFINITIONAL_REPRESENTATION('',(#410),#413);
#410 = B_SPLINE_CURVE_WITH_KNOTS('',1,(#411,#412),.UNSPECIFIED.,.F.,.F.,
  (2,2),(40.,41.),.PIECEWISE_BEZIER_KNOTS.);
#411 = CARTESIAN_POINT('',(17.69365714065,0.114911449127));
#412 = CARTESIAN_POINT('',(17.700406774987,0.));
#413 = ( GEOMETRIC_REPRESENTATION_CONTEXT(2) 
PARAMETRIC_REPRESENTATION_CONTEXT() REPRESENTATION_CONTEXT('2D SPACE',''
  ) );
#414 = PCURVE('',#415,#460);
#415 = ( BOUNDED_SURFACE() B_SPLINE_SURFACE(1,3,(
    (#416,#417,#418,#419,#420,#421,#422,#423,#424,#425,#426,#427,#428
      ,#429,#430,#431,#432,#433,#434,#435,#436,#437)
    ,(#438,#439,#440,#441,#442,#443,#444,#445,#446,#447,#448,#449,#450
      ,#451,#452,#453,#454,#455,#456,#457,#458,#459
)),.UNSPECIFIED.,.F.,.F.,.F.) B_SPLINE_SURFACE_WITH_KNOTS((2,2),(4,1,1,1
    ,1,1,1,1,1,1,1,1,1,1,1,1,1,1,1,4),(40.,41.),(0.,5.24163189288E-02,
    0.104832637858,0.157248956786,0.209665275715,0.262081594644,
    0.314497913573,0.366914232502,0.41933055143,0.471746870359,
    0.524163189288,0.576579508217,0.628995827146,0.681412146074,
    0.733828465003,0.786244783932,0.838661102861,0.89107742179,
0.943493740718,1.),.UNSPECIFIED.) GEOMETRIC_REPRESENTATION_ITEM() 
RATIONAL_B_SPLINE_SURFACE((
    (1.,0.999999999991,1.000000000004,0.999999999999,1.,1.,1.,1.,1.,1.
      ,1.,1.,1.,1.,1.,1.,1.,0.999999999999,1.000000000003,0.99999999999
      ,1.000000000024,1.)
    ,(1.,0.999999999991,1.000000000004,0.999999999999,1.,1.,1.,1.,1.,1.
      ,1.,1.,1.,1.,1.,1.,1.,0.999999999999,1.000000000003,0.99999999999
,1.000000000024,1.))) REPRESENTATION_ITEM('') SURFACE() );
#416 = CARTESIAN_POINT('',(17.23259460399,7.334863049154,4.630207510942)
  );
#417 = CARTESIAN_POINT('',(17.473223182767,7.334863049098,3.69281699561)
  );
#418 = CARTESIAN_POINT('',(17.93080805704,7.33486304918,1.812016289035)
  );
#419 = CARTESIAN_POINT('',(18.545710425129,7.334863049147,
    -1.025666628956));
#420 = CARTESIAN_POINT('',(19.088750997408,7.334863049156,
    -3.877961487001));
#421 = CARTESIAN_POINT('',(19.559581894677,7.334863049153,
    -6.743064670335));
#422 = CARTESIAN_POINT('',(19.957903140367,7.334863049154,
    -9.619144127944));
#423 = CARTESIAN_POINT('',(20.283460536683,7.334863049154,-12.5043662428
    ));
#424 = CARTESIAN_POINT('',(20.536046380285,7.334863049154,-15.3968900859
    ));
#425 = CARTESIAN_POINT('',(20.715499695931,7.334863049154,
    -18.29487055196));
#426 = CARTESIAN_POINT('',(20.821705381088,7.334863049154,
    -21.19645860703));
#427 = CARTESIAN_POINT('',(20.85459801056,7.334863049154,-24.09980422453
    ));
#428 = CARTESIAN_POINT('',(20.81414791149,7.334863049154,-27.00305146917
    ));
#429 = CARTESIAN_POINT('',(20.700413318043,7.334863049154,
    -29.90436230952));
#430 = CARTESIAN_POINT('',(20.513345757983,7.334863049154,
    -32.80183337261));
#431 = CARTESIAN_POINT('',(20.253516252924,7.334863049153,-35.6938122013
    ));
#432 = CARTESIAN_POINT('',(19.919404853016,7.334863049154,
    -38.57772255384));
#433 = CARTESIAN_POINT('',(19.517515841396,7.334863049151,
    -41.45445402281));
#434 = CARTESIAN_POINT('',(19.024626746629,7.334863049163,
    -44.31198532039));
#435 = CARTESIAN_POINT('',(18.515776934725,7.334863049119,
    -47.26127299048));
#436 = CARTESIAN_POINT('',(17.934913333752,7.334863049234,
    -49.16118878018));
#437 = CARTESIAN_POINT('',(16.642420461378,7.334863049154,
    -49.71980766439));
#438 = CARTESIAN_POINT('',(17.239886690793,7.22,4.632079438675));
#439 = CARTESIAN_POINT('',(17.480531029484,7.220000000116,3.694627527544
    ));
#440 = CARTESIAN_POINT('',(17.938145874771,7.219999999946,1.813703634306
    ));
#441 = CARTESIAN_POINT('',(18.553088516686,7.220000000014,
    -1.024165142547));
#442 = CARTESIAN_POINT('',(19.09616465643,7.219999999996,-3.876646816659
    ));
#443 = CARTESIAN_POINT('',(19.56702639157,7.220000000001,-6.741937654919
    ));
#444 = CARTESIAN_POINT('',(19.965373726011,7.22,-9.618205486377));
#445 = CARTESIAN_POINT('',(20.290952445275,7.22,-12.50361657389));
#446 = CARTESIAN_POINT('',(20.54355483243,7.22,-15.39632986789));
#447 = CARTESIAN_POINT('',(20.723019901678,7.22,-18.29450014224));
#448 = CARTESIAN_POINT('',(20.829232542988,7.22,-21.19627824189));
#449 = CARTESIAN_POINT('',(20.862127326721,7.22,-24.09981401906));
#450 = CARTESIAN_POINT('',(20.821674578671,7.22,-27.00325141704));
#451 = CARTESIAN_POINT('',(20.707932534598,7.22,-29.90475228349));
#452 = CARTESIAN_POINT('',(20.520852727372,7.22,-32.80241312269));
#453 = CARTESIAN_POINT('',(20.261006185105,7.22,-35.69458136211));
#454 = CARTESIAN_POINT('',(19.926872973723,7.22,-38.5786806181));
#455 = CARTESIAN_POINT('',(19.524957371959,7.220000000002,-41.4556004413
    ));
#456 = CARTESIAN_POINT('',(19.032036993712,7.219999999994,
    -44.31331913046));
#457 = CARTESIAN_POINT('',(18.52315002793,7.220000000024,-47.2627990787)
  );
#458 = CARTESIAN_POINT('',(17.942258498676,7.219999999944,
    -49.16284166164));
#459 = CARTESIAN_POINT('',(16.649753084335,7.22,-49.72151391288));
#460 = DEFINITIONAL_REPRESENTATION('',(#461),#465);
#461 = LINE('',#462,#463);
#462 = CARTESIAN_POINT('',(0.,0.));
#463 = VECTOR('',#464,1.);
#464 = DIRECTION('',(1.,0.));
#465 = ( GEOMETRIC_REPRESENTATION_CONTEXT(2) 
PARAMETRIC_REPRESENTATION_CONTEXT() REPRESENTATION_CONTEXT('2D SPACE',''
  ) );
#466 = ORIENTED_EDGE('',*,*,#467,.F.);
#467 = EDGE_CURVE('',#468,#402,#470,.T.);
#468 = VERTEX_POINT('',#469);
#469 = CARTESIAN_POINT('',(17.21084311321,7.44776075969,4.624623756946)
  );
#470 = SURFACE_CURVE('',#471,(#474,#480),.PCURVE_S1.);
#471 = B_SPLINE_CURVE_WITH_KNOTS('',1,(#472,#473),.UNSPECIFIED.,.F.,.F.,
  (2,2),(39.,40.),.PIECEWISE_BEZIER_KNOTS.);
#472 = CARTESIAN_POINT('',(17.21084311321,7.44776075969,4.624623756946)
  );
#473 = CARTESIAN_POINT('',(17.23259460399,7.334863049154,4.630207510942)
  );
#474 = PCURVE('',#101,#475);
#475 = DEFINITIONAL_REPRESENTATION('',(#476),#479);
#476 = B_SPLINE_CURVE_WITH_KNOTS('',1,(#477,#478),.UNSPECIFIED.,.F.,.F.,
  (2,2),(39.,40.),.PIECEWISE_BEZIER_KNOTS.);
#477 = CARTESIAN_POINT('',(17.671966296474,0.227958810809));
#478 = CARTESIAN_POINT('',(17.69365714065,0.114911449127));
#479 = ( GEOMETRIC_REPRESENTATION_CONTEXT(2) 
PARAMETRIC_REPRESENTATION_CONTEXT() REPRESENTATION_CONTEXT('2D SPACE',''
  ) );
#480 = PCURVE('',#481,#526);
#481 = ( BOUNDED_SURFACE() B_SPLINE_SURFACE(1,3,(
    (#482,#483,#484,#485,#486,#487,#488,#489,#490,#491,#492,#493,#494
      ,#495,#496,#497,#498,#499,#500,#501,#502,#503)
    ,(#504,#505,#506,#507,#508,#509,#510,#511,#512,#513,#514,#515,#516
      ,#517,#518,#519,#520,#521,#522,#523,#524,#525
)),.UNSPECIFIED.,.F.,.F.,.F.) B_SPLINE_SURFACE_WITH_KNOTS((2,2),(4,1,1,1
    ,1,1,1,1,1,1,1,1,1,1,1,1,1,1,1,4),(39.,40.),(0.,5.24163189288E-02,
    0.104832637858,0.157248956786,0.209665275715,0.262081594644,
    0.314497913573,0.366914232502,0.41933055143,0.471746870359,
    0.524163189288,0.576579508217,0.628995827146,0.681412146074,
    0.733828465003,0.786244783932,0.838661102861,0.89107742179,
0.943493740718,1.),.UNSPECIFIED.) GEOMETRIC_REPRESENTATION_ITEM() 
RATIONAL_B_SPLINE_SURFACE((
    (1.,0.999999999991,1.000000000004,0.999999999999,1.,1.,1.,1.,1.,1.
      ,1.,1.,1.,1.,1.,1.,1.,0.999999999999,1.000000000003,0.99999999999
      ,1.000000000024,1.)
    ,(1.,0.999999999991,1.000000000004,0.999999999999,1.,1.,1.,1.,1.,1.
      ,1.,1.,1.,1.,1.,1.,1.,0.999999999999,1.000000000003,0.99999999999
,1.000000000024,1.))) REPRESENTATION_ITEM('') SURFACE() );
#482 = CARTESIAN_POINT('',(17.21084311321,7.44776075969,4.624623756946)
  );
#483 = CARTESIAN_POINT('',(17.45142468061,7.447760759821,3.687416379251)
  );
#484 = CARTESIAN_POINT('',(17.908920156539,7.44776075963,1.806983123822)
  );
#485 = CARTESIAN_POINT('',(18.523702391491,7.447760759706,
    -1.030145397244));
#486 = CARTESIAN_POINT('',(19.066636870147,7.447760759686,
    -3.881883003675));
#487 = CARTESIAN_POINT('',(19.53737578139,7.447760759691,-6.746426433029
    ));
#488 = CARTESIAN_POINT('',(19.935619207228,7.44776075969,-9.62194399223)
  );
#489 = CARTESIAN_POINT('',(20.261112999537,7.44776075969,-12.50660242248
    ));
#490 = CARTESIAN_POINT('',(20.513649495545,7.44776075969,-15.39856115444
    ));
#491 = CARTESIAN_POINT('',(20.693067751496,7.44776075969,-18.2959754433)
  );
#492 = CARTESIAN_POINT('',(20.799252687214,7.44776075969,-21.19699661635
    ));
#493 = CARTESIAN_POINT('',(20.832138890763,7.44776075969,-24.09977500852
    ));
#494 = CARTESIAN_POINT('',(20.791696693308,7.44776075969,-27.00245504675
    ));
#495 = CARTESIAN_POINT('',(20.677984324257,7.44776075969,-29.9031990602)
  );
#496 = CARTESIAN_POINT('',(20.490953296142,7.44776075969,-32.80010404203
    ));
#497 = CARTESIAN_POINT('',(20.231174611201,7.447760759691,-35.6915178794
    ));
#498 = CARTESIAN_POINT('',(19.897128272502,7.447760759689,
    -38.57486475384));
#499 = CARTESIAN_POINT('',(19.495318576394,7.447760759696,
    -41.45103438278));
#500 = CARTESIAN_POINT('',(19.002522796634,7.447760759667,
    -44.30800671241));
#501 = CARTESIAN_POINT('',(18.493783811279,7.447760759779,
    -47.25672083611));
#502 = CARTESIAN_POINT('',(17.913003515623,7.447760759483,
    -49.15625842058));
#503 = CARTESIAN_POINT('',(16.620548055718,7.44776075969,-49.71471811328
    ));
#504 = CARTESIAN_POINT('',(17.23259460399,7.334863049154,4.630207510942)
  );
#505 = CARTESIAN_POINT('',(17.473223182767,7.334863049098,3.69281699561)
  );
#506 = CARTESIAN_POINT('',(17.93080805704,7.33486304918,1.812016289035)
  );
#507 = CARTESIAN_POINT('',(18.545710425129,7.334863049147,
    -1.025666628956));
#508 = CARTESIAN_POINT('',(19.088750997408,7.334863049156,
    -3.877961487001));
#509 = CARTESIAN_POINT('',(19.559581894677,7.334863049153,
    -6.743064670335));
#510 = CARTESIAN_POINT('',(19.957903140367,7.334863049154,
    -9.619144127944));
#511 = CARTESIAN_POINT('',(20.283460536683,7.334863049154,-12.5043662428
    ));
#512 = CARTESIAN_POINT('',(20.536046380285,7.334863049154,-15.3968900859
    ));
#513 = CARTESIAN_POINT('',(20.715499695931,7.334863049154,
    -18.29487055196));
#514 = CARTESIAN_POINT('',(20.821705381088,7.334863049154,
    -21.19645860703));
#515 = CARTESIAN_POINT('',(20.85459801056,7.334863049154,-24.09980422453
    ));
#516 = CARTESIAN_POINT('',(20.81414791149,7.334863049154,-27.00305146917
    ));
#517 = CARTESIAN_POINT('',(20.700413318043,7.334863049154,
    -29.90436230952));
#518 = CARTESIAN_POINT('',(20.513345757983,7.334863049154,
    -32.80183337261));
#519 = CARTESIAN_POINT('',(20.253516252924,7.334863049153,-35.6938122013
    ));
#520 = CARTESIAN_POINT('',(19.919404853016,7.334863049154,
    -38.57772255384));
#521 = CARTESIAN_POINT('',(19.517515841396,7.334863049151,
    -41.45445402281));
#522 = CARTESIAN_POINT('',(19.024626746629,7.334863049163,
    -44.31198532039));
#523 = CARTESIAN_POINT('',(18.515776934725,7.334863049119,
    -47.26127299048));
#524 = CARTESIAN_POINT('',(17.934913333752,7.334863049234,
    -49.16118878018));
#525 = CARTESIAN_POINT('',(16.642420461378,7.334863049154,
    -49.71980766439));
#526 = DEFINITIONAL_REPRESENTATION('',(#527),#531);
#527 = LINE('',#528,#529);
#528 = CARTESIAN_POINT('',(0.,0.));
#529 = VECTOR('',#530,1.);
#530 = DIRECTION('',(1.,0.));
#531 = ( GEOMETRIC_REPRESENTATION_CONTEXT(2) 
PARAMETRIC_REPRESENTATION_CONTEXT() REPRESENTATION_CONTEXT('2D SPACE',''
  ) );
#532 = ORIENTED_EDGE('',*,*,#533,.F.);
#533 = EDGE_CURVE('',#534,#468,#536,.T.);
#534 = VERTEX_POINT('',#535);
#535 = CARTESIAN_POINT('',(17.175004392491,7.556761420481,4.615423716266
    ));
#536 = SURFACE_CURVE('',#537,(#540,#546),.PCURVE_S1.);
#537 = B_SPLINE_CURVE_WITH_KNOTS('',1,(#538,#539),.UNSPECIFIED.,.F.,.F.,
  (2,2),(38.,39.),.PIECEWISE_BEZIER_KNOTS.);
#538 = CARTESIAN_POINT('',(17.175004392491,7.556761420481,4.615423716266
    ));
#539 = CARTESIAN_POINT('',(17.21084311321,7.44776075969,4.624623756946)
  );
#540 = PCURVE('',#101,#541);
#541 = DEFINITIONAL_REPRESENTATION('',(#542),#545);
#542 = B_SPLINE_CURVE_WITH_KNOTS('',1,(#543,#544),.UNSPECIFIED.,.F.,.F.,
  (2,2),(38.,39.),.PIECEWISE_BEZIER_KNOTS.);
#543 = CARTESIAN_POINT('',(17.635705378815,0.337207813344));
#544 = CARTESIAN_POINT('',(17.671966296474,0.227958810809));
#545 = ( GEOMETRIC_REPRESENTATION_CONTEXT(2) 
PARAMETRIC_REPRESENTATION_CONTEXT() REPRESENTATION_CONTEXT('2D SPACE',''
  ) );
#546 = PCURVE('',#547,#592);
#547 = ( BOUNDED_SURFACE() B_SPLINE_SURFACE(1,3,(
    (#548,#549,#550,#551,#552,#553,#554,#555,#556,#557,#558,#559,#560
      ,#561,#562,#563,#564,#565,#566,#567,#568,#569)
    ,(#570,#571,#572,#573,#574,#575,#576,#577,#578,#579,#580,#581,#582
      ,#583,#584,#585,#586,#587,#588,#589,#590,#591
)),.UNSPECIFIED.,.F.,.F.,.F.) B_SPLINE_SURFACE_WITH_KNOTS((2,2),(4,1,1,1
    ,1,1,1,1,1,1,1,1,1,1,1,1,1,1,1,4),(38.,39.),(0.,5.24163189288E-02,
    0.104832637858,0.157248956786,0.209665275715,0.262081594644,
    0.314497913573,0.366914232502,0.41933055143,0.471746870359,
    0.524163189288,0.576579508217,0.628995827146,0.681412146074,
    0.733828465003,0.786244783932,0.838661102861,0.89107742179,
0.943493740718,1.),.UNSPECIFIED.) GEOMETRIC_REPRESENTATION_ITEM() 
RATIONAL_B_SPLINE_SURFACE((
    (1.,0.999999999991,1.000000000004,0.999999999999,1.,1.,1.,1.,1.,1.
      ,1.,1.,1.,1.,1.,1.,1.,0.999999999999,1.000000000003,0.99999999999
      ,1.000000000024,1.)
    ,(1.,0.999999999991,1.000000000004,0.999999999999,1.,1.,1.,1.,1.,1.
      ,1.,1.,1.,1.,1.,1.,1.,0.999999999999,1.000000000003,0.99999999999
,1.000000000024,1.))) REPRESENTATION_ITEM('') SURFACE() );
#548 = CARTESIAN_POINT('',(17.175004392491,7.556761420481,4.615423716266
    ));
#549 = CARTESIAN_POINT('',(17.4155085014,7.556761420629,3.678518084564)
  );
#550 = CARTESIAN_POINT('',(17.872856681329,7.556761420413,1.798690257495
    ));
#551 = CARTESIAN_POINT('',(18.487440979325,7.5567614205,-1.037524814436)
  );
#552 = CARTESIAN_POINT('',(19.030200653495,7.556761420476,
    -3.888344268448));
#553 = CARTESIAN_POINT('',(19.500788004466,7.556761420483,
    -6.751965422309));
#554 = CARTESIAN_POINT('',(19.898903210869,7.556761420481,
    -9.626557172781));
#555 = CARTESIAN_POINT('',(20.224292206395,7.556761420481,
    -12.51028685128));
#556 = CARTESIAN_POINT('',(20.47674739512,7.556761420481,-15.40131448106
    ));
#557 = CARTESIAN_POINT('',(20.656107885161,7.556761420481,
    -18.29779591128));
#558 = CARTESIAN_POINT('',(20.762258633185,7.556761420481,
    -21.19788306435));
#559 = CARTESIAN_POINT('',(20.795134249097,7.556761420481,
    -24.09972687094));
#560 = CARTESIAN_POINT('',(20.754705070694,7.556761420481,
    -27.00147235471));
#561 = CARTESIAN_POINT('',(20.641029319542,7.556761420481,
    -29.90128243904));
#562 = CARTESIAN_POINT('',(20.45405848308,7.556761420481,-32.79725472029
    ));
#563 = CARTESIAN_POINT('',(20.194363531616,7.556761420481,
    -35.68773765291));
#564 = CARTESIAN_POINT('',(19.860424390659,7.556761420482,
    -38.57015611581));
#565 = CARTESIAN_POINT('',(19.458745378272,7.55676142048,-41.44540003232
    ));
#566 = CARTESIAN_POINT('',(18.966103348583,7.556761420485,
    -44.30145138117));
#567 = CARTESIAN_POINT('',(18.457546965478,7.556761420468,
    -47.24922050597));
#568 = CARTESIAN_POINT('',(17.876903928644,7.556761420513,
    -49.14813493858));
#569 = CARTESIAN_POINT('',(16.58451011028,7.556761420481,-49.70633234319
    ));
#570 = CARTESIAN_POINT('',(17.21084311321,7.44776075969,4.624623756946)
  );
#571 = CARTESIAN_POINT('',(17.45142468061,7.447760759821,3.687416379251)
  );
#572 = CARTESIAN_POINT('',(17.908920156539,7.44776075963,1.806983123822)
  );
#573 = CARTESIAN_POINT('',(18.523702391491,7.447760759706,
    -1.030145397244));
#574 = CARTESIAN_POINT('',(19.066636870147,7.447760759686,
    -3.881883003675));
#575 = CARTESIAN_POINT('',(19.53737578139,7.447760759691,-6.746426433029
    ));
#576 = CARTESIAN_POINT('',(19.935619207228,7.44776075969,-9.62194399223)
  );
#577 = CARTESIAN_POINT('',(20.261112999537,7.44776075969,-12.50660242248
    ));
#578 = CARTESIAN_POINT('',(20.513649495545,7.44776075969,-15.39856115444
    ));
#579 = CARTESIAN_POINT('',(20.693067751496,7.44776075969,-18.2959754433)
  );
#580 = CARTESIAN_POINT('',(20.799252687214,7.44776075969,-21.19699661635
    ));
#581 = CARTESIAN_POINT('',(20.832138890763,7.44776075969,-24.09977500852
    ));
#582 = CARTESIAN_POINT('',(20.791696693308,7.44776075969,-27.00245504675
    ));
#583 = CARTESIAN_POINT('',(20.677984324257,7.44776075969,-29.9031990602)
  );
#584 = CARTESIAN_POINT('',(20.490953296142,7.44776075969,-32.80010404203
    ));
#585 = CARTESIAN_POINT('',(20.231174611201,7.447760759691,-35.6915178794
    ));
#586 = CARTESIAN_POINT('',(19.897128272502,7.447760759689,
    -38.57486475384));
#587 = CARTESIAN_POINT('',(19.495318576394,7.447760759696,
    -41.45103438278));
#588 = CARTESIAN_POINT('',(19.002522796634,7.447760759667,
    -44.30800671241));
#589 = CARTESIAN_POINT('',(18.493783811279,7.447760759779,
    -47.25672083611));
#590 = CARTESIAN_POINT('',(17.913003515623,7.447760759483,
    -49.15625842058));
#591 = CARTESIAN_POINT('',(16.620548055718,7.44776075969,-49.71471811328
    ));
#592 = DEFINITIONAL_REPRESENTATION('',(#593),#597);
#593 = LINE('',#594,#595);
#594 = CARTESIAN_POINT('',(0.,0.));
#595 = VECTOR('',#596,1.);
#596 = DIRECTION('',(1.,0.));
#597 = ( GEOMETRIC_REPRESENTATION_CONTEXT(2) 
PARAMETRIC_REPRESENTATION_CONTEXT() REPRESENTATION_CONTEXT('2D SPACE',''
  ) );
#598 = ORIENTED_EDGE('',*,*,#599,.F.);
#599 = EDGE_CURVE('',#600,#534,#602,.T.);
#600 = VERTEX_POINT('',#601);
#601 = CARTESIAN_POINT('',(17.125691652279,7.66,4.602764804148));
#602 = SURFACE_CURVE('',#603,(#606,#612),.PCURVE_S1.);
#603 = B_SPLINE_CURVE_WITH_KNOTS('',1,(#604,#605),.UNSPECIFIED.,.F.,.F.,
  (2,2),(37.,38.),.PIECEWISE_BEZIER_KNOTS.);
#604 = CARTESIAN_POINT('',(17.125691652279,7.66,4.602764804148));
#605 = CARTESIAN_POINT('',(17.175004392491,7.556761420481,4.615423716266
    ));
#606 = PCURVE('',#101,#607);
#607 = DEFINITIONAL_REPRESENTATION('',(#608),#611);
#608 = B_SPLINE_CURVE_WITH_KNOTS('',1,(#609,#610),.UNSPECIFIED.,.F.,.F.,
  (2,2),(37.,38.),.PIECEWISE_BEZIER_KNOTS.);
#609 = CARTESIAN_POINT('',(17.585494822029,0.440789176008));
#610 = CARTESIAN_POINT('',(17.635705378815,0.337207813344));
#611 = ( GEOMETRIC_REPRESENTATION_CONTEXT(2) 
PARAMETRIC_REPRESENTATION_CONTEXT() REPRESENTATION_CONTEXT('2D SPACE',''
  ) );
#612 = PCURVE('',#613,#658);
#613 = ( BOUNDED_SURFACE() B_SPLINE_SURFACE(1,3,(
    (#614,#615,#616,#617,#618,#619,#620,#621,#622,#623,#624,#625,#626
      ,#627,#628,#629,#630,#631,#632,#633,#634,#635)
    ,(#636,#637,#638,#639,#640,#641,#642,#643,#644,#645,#646,#647,#648
      ,#649,#650,#651,#652,#653,#654,#655,#656,#657
)),.UNSPECIFIED.,.F.,.F.,.F.) B_SPLINE_SURFACE_WITH_KNOTS((2,2),(4,1,1,1
    ,1,1,1,1,1,1,1,1,1,1,1,1,1,1,1,4),(37.,38.),(0.,5.24163189288E-02,
    0.104832637858,0.157248956786,0.209665275715,0.262081594644,
    0.314497913573,0.366914232502,0.41933055143,0.471746870359,
    0.524163189288,0.576579508217,0.628995827146,0.681412146074,
    0.733828465003,0.786244783932,0.838661102861,0.89107742179,
0.943493740718,1.),.UNSPECIFIED.) GEOMETRIC_REPRESENTATION_ITEM() 
RATIONAL_B_SPLINE_SURFACE((
    (1.,0.999999999991,1.000000000004,0.999999999999,1.,1.,1.,1.,1.,1.
      ,1.,1.,1.,1.,1.,1.,1.,0.999999999999,1.000000000003,0.99999999999
      ,1.000000000024,1.)
    ,(1.,0.999999999991,1.000000000004,0.999999999999,1.,1.,1.,1.,1.,1.
      ,1.,1.,1.,1.,1.,1.,1.,0.999999999999,1.000000000003,0.99999999999
,1.000000000024,1.))) REPRESENTATION_ITEM('') SURFACE() );
#614 = CARTESIAN_POINT('',(17.125691652279,7.66,4.602764804148));
#615 = CARTESIAN_POINT('',(17.366089181197,7.659999999977,3.666274363113
    ));
#616 = CARTESIAN_POINT('',(17.82323468734,7.660000000011,1.787279583633)
  );
#617 = CARTESIAN_POINT('',(18.43754663148,7.659999999997,-1.047678616748
    ));
#618 = CARTESIAN_POINT('',(18.980065781213,7.660000000001,
    -3.897234727262));
#619 = CARTESIAN_POINT('',(19.450444590913,7.66,-6.75958686454));
#620 = CARTESIAN_POINT('',(19.848383372166,7.66,-9.632904736797));
#621 = CARTESIAN_POINT('',(20.173628171235,7.66,-12.5153564876));
#622 = CARTESIAN_POINT('',(20.425971484178,7.66,-15.40510295559));
#623 = CARTESIAN_POINT('',(20.605252490486,7.66,-18.30030080716));
#624 = CARTESIAN_POINT('',(20.71135619752,7.66,-21.19910278367));
#625 = CARTESIAN_POINT('',(20.74421724524,7.66,-24.09966063543));
#626 = CARTESIAN_POINT('',(20.703805980567,7.66,-27.00012020719));
#627 = CARTESIAN_POINT('',(20.590180614275,7.66,-29.89864523995));
#628 = CARTESIAN_POINT('',(20.403292599277,7.66,-32.79333416008));
#629 = CARTESIAN_POINT('',(20.143712861954,7.66,-35.68253620255));
#630 = CARTESIAN_POINT('',(19.809921221059,7.659999999999,
    -38.56367720586));
#631 = CARTESIAN_POINT('',(19.408422024678,7.660000000003,
    -41.43764737673));
#632 = CARTESIAN_POINT('',(18.915991549005,7.65999999999,-44.2924314902)
  );
#633 = CARTESIAN_POINT('',(18.40768642105,7.660000000038,-47.23890033275
    ));
#634 = CARTESIAN_POINT('',(17.827232243843,7.659999999912,
    -49.13695732925));
#635 = CARTESIAN_POINT('',(16.534923244302,7.66,-49.69479383697));
#636 = CARTESIAN_POINT('',(17.175004392491,7.556761420481,4.615423716266
    ));
#637 = CARTESIAN_POINT('',(17.4155085014,7.556761420629,3.678518084564)
  );
#638 = CARTESIAN_POINT('',(17.872856681329,7.556761420413,1.798690257495
    ));
#639 = CARTESIAN_POINT('',(18.487440979325,7.5567614205,-1.037524814436)
  );
#640 = CARTESIAN_POINT('',(19.030200653495,7.556761420476,
    -3.888344268448));
#641 = CARTESIAN_POINT('',(19.500788004466,7.556761420483,
    -6.751965422309));
#642 = CARTESIAN_POINT('',(19.898903210869,7.556761420481,
    -9.626557172781));
#643 = CARTESIAN_POINT('',(20.224292206395,7.556761420481,
    -12.51028685128));
#644 = CARTESIAN_POINT('',(20.47674739512,7.556761420481,-15.40131448106
    ));
#645 = CARTESIAN_POINT('',(20.656107885161,7.556761420481,
    -18.29779591128));
#646 = CARTESIAN_POINT('',(20.762258633185,7.556761420481,
    -21.19788306435));
#647 = CARTESIAN_POINT('',(20.795134249097,7.556761420481,
    -24.09972687094));
#648 = CARTESIAN_POINT('',(20.754705070694,7.556761420481,
    -27.00147235471));
#649 = CARTESIAN_POINT('',(20.641029319542,7.556761420481,
    -29.90128243904));
#650 = CARTESIAN_POINT('',(20.45405848308,7.556761420481,-32.79725472029
    ));
#651 = CARTESIAN_POINT('',(20.194363531616,7.556761420481,
    -35.68773765291));
#652 = CARTESIAN_POINT('',(19.860424390659,7.556761420482,
    -38.57015611581));
#653 = CARTESIAN_POINT('',(19.458745378272,7.55676142048,-41.44540003232
    ));
#654 = CARTESIAN_POINT('',(18.966103348583,7.556761420485,
    -44.30145138117));
#655 = CARTESIAN_POINT('',(18.457546965478,7.556761420468,
    -47.24922050597));
#656 = CARTESIAN_POINT('',(17.876903928644,7.556761420513,
    -49.14813493858));
#657 = CARTESIAN_POINT('',(16.58451011028,7.556761420481,-49.70633234319
    ));
#658 = DEFINITIONAL_REPRESENTATION('',(#659),#663);
#659 = LINE('',#660,#661);
#660 = CARTESIAN_POINT('',(0.,0.));
#661 = VECTOR('',#662,1.);
#662 = DIRECTION('',(1.,0.));
#663 = ( GEOMETRIC_REPRESENTATION_CONTEXT(2) 
PARAMETRIC_REPRESENTATION_CONTEXT() REPRESENTATION_CONTEXT('2D SPACE',''
  ) );
#664 = ORIENTED_EDGE('',*,*,#665,.F.);
#665 = EDGE_CURVE('',#666,#600,#668,.T.);
#666 = VERTEX_POINT('',#667);
#667 = CARTESIAN_POINT('',(17.063748647232,7.755710057528,4.586863618088
    ));
#668 = SURFACE_CURVE('',#669,(#672,#678),.PCURVE_S1.);
#669 = B_SPLINE_CURVE_WITH_KNOTS('',1,(#670,#671),.UNSPECIFIED.,.F.,.F.,
  (2,2),(36.,37.),.PIECEWISE_BEZIER_KNOTS.);
#670 = CARTESIAN_POINT('',(17.063748647232,7.755710057528,4.586863618088
    ));
#671 = CARTESIAN_POINT('',(17.125691652279,7.66,4.602764804148));
#672 = PCURVE('',#101,#673);
#673 = DEFINITIONAL_REPRESENTATION('',(#674),#677);
#674 = B_SPLINE_CURVE_WITH_KNOTS('',1,(#675,#676),.UNSPECIFIED.,.F.,.F.,
  (2,2),(36.,37.),.PIECEWISE_BEZIER_KNOTS.);
#675 = CARTESIAN_POINT('',(17.522193742664,0.53693059297));
#676 = CARTESIAN_POINT('',(17.585494822029,0.440789176008));
#677 = ( GEOMETRIC_REPRESENTATION_CONTEXT(2) 
PARAMETRIC_REPRESENTATION_CONTEXT() REPRESENTATION_CONTEXT('2D SPACE',''
  ) );
#678 = PCURVE('',#679,#724);
#679 = ( BOUNDED_SURFACE() B_SPLINE_SURFACE(1,3,(
    (#680,#681,#682,#683,#684,#685,#686,#687,#688,#689,#690,#691,#692
      ,#693,#694,#695,#696,#697,#698,#699,#700,#701)
    ,(#702,#703,#704,#705,#706,#707,#708,#709,#710,#711,#712,#713,#714
      ,#715,#716,#717,#718,#719,#720,#721,#722,#723
)),.UNSPECIFIED.,.F.,.F.,.F.) B_SPLINE_SURFACE_WITH_KNOTS((2,2),(4,1,1,1
    ,1,1,1,1,1,1,1,1,1,1,1,1,1,1,1,4),(36.,37.),(0.,5.24163189288E-02,
    0.104832637858,0.157248956786,0.209665275715,0.262081594644,
    0.314497913573,0.366914232502,0.41933055143,0.471746870359,
    0.524163189288,0.576579508217,0.628995827146,0.681412146074,
    0.733828465003,0.786244783932,0.838661102861,0.89107742179,
0.943493740718,1.),.UNSPECIFIED.) GEOMETRIC_REPRESENTATION_ITEM() 
RATIONAL_B_SPLINE_SURFACE((
    (1.,0.999999999991,1.000000000004,0.999999999999,1.,1.,1.,1.,1.,1.
      ,1.,1.,1.,1.,1.,1.,1.,0.999999999999,1.000000000003,0.99999999999
      ,1.000000000024,1.)
    ,(1.,0.999999999991,1.000000000004,0.999999999999,1.,1.,1.,1.,1.,1.
      ,1.,1.,1.,1.,1.,1.,1.,0.999999999999,1.000000000003,0.99999999999
,1.000000000024,1.))) REPRESENTATION_ITEM('') SURFACE() );
#680 = CARTESIAN_POINT('',(17.063748647232,7.755710057528,4.586863618088
    ));
#681 = CARTESIAN_POINT('',(17.304012298935,7.755710057473,3.650894708458
    ));
#682 = CARTESIAN_POINT('',(17.760903220341,7.755710057553,1.772946341987
    ));
#683 = CARTESIAN_POINT('',(18.374873054165,7.755710057521,
    -1.060433069797));
#684 = CARTESIAN_POINT('',(18.917090074843,7.755710057529,
    -3.908402261906));
#685 = CARTESIAN_POINT('',(19.387206930501,7.755710057527,-6.76916035473
    ));
#686 = CARTESIAN_POINT('',(19.784924099566,7.755710057528,
    -9.640878075698));
#687 = CARTESIAN_POINT('',(20.109987769747,7.755710057528,
    -12.52172458856));
#688 = CARTESIAN_POINT('',(20.362190552633,7.755710057528,
    -15.40986175617));
#689 = CARTESIAN_POINT('',(20.541371717374,7.755710057528,
    -18.30344727151));
#690 = CARTESIAN_POINT('',(20.647416335007,7.755710057528,
    -21.20063490457));
#691 = CARTESIAN_POINT('',(20.680259083246,7.755710057528,
    -24.09957743529));
#692 = CARTESIAN_POINT('',(20.639870320469,7.755710057528,
    -26.99842173981));
#693 = CARTESIAN_POINT('',(20.526308243902,7.755710057528,
    -29.89533258614));
#694 = CARTESIAN_POINT('',(20.339524263081,7.755710057528,
    -32.78840944326));
#695 = CARTESIAN_POINT('',(20.080089249208,7.755710057527,
    -35.67600252658));
#696 = CARTESIAN_POINT('',(19.746482886962,7.755710057529,
    -38.55553887996));
#697 = CARTESIAN_POINT('',(19.345209562041,7.755710057524,-41.427909066)
  );
#698 = CARTESIAN_POINT('',(18.853044825064,7.755710057541,
    -44.28110137269));
#699 = CARTESIAN_POINT('',(18.345055304273,7.755710057477,
    -47.22593689611));
#700 = CARTESIAN_POINT('',(17.764838360925,7.755710057645,
    -49.12291684779));
#701 = CARTESIAN_POINT('',(16.47263590281,7.755710057528,-49.68030002167
    ));
#702 = CARTESIAN_POINT('',(17.125691652279,7.66,4.602764804148));
#703 = CARTESIAN_POINT('',(17.366089181197,7.659999999977,3.666274363113
    ));
#704 = CARTESIAN_POINT('',(17.82323468734,7.660000000011,1.787279583633)
  );
#705 = CARTESIAN_POINT('',(18.43754663148,7.659999999997,-1.047678616748
    ));
#706 = CARTESIAN_POINT('',(18.980065781213,7.660000000001,
    -3.897234727262));
#707 = CARTESIAN_POINT('',(19.450444590913,7.66,-6.75958686454));
#708 = CARTESIAN_POINT('',(19.848383372166,7.66,-9.632904736797));
#709 = CARTESIAN_POINT('',(20.173628171235,7.66,-12.5153564876));
#710 = CARTESIAN_POINT('',(20.425971484178,7.66,-15.40510295559));
#711 = CARTESIAN_POINT('',(20.605252490486,7.66,-18.30030080716));
#712 = CARTESIAN_POINT('',(20.71135619752,7.66,-21.19910278367));
#713 = CARTESIAN_POINT('',(20.74421724524,7.66,-24.09966063543));
#714 = CARTESIAN_POINT('',(20.703805980567,7.66,-27.00012020719));
#715 = CARTESIAN_POINT('',(20.590180614275,7.66,-29.89864523995));
#716 = CARTESIAN_POINT('',(20.403292599277,7.66,-32.79333416008));
#717 = CARTESIAN_POINT('',(20.143712861954,7.66,-35.68253620255));
#718 = CARTESIAN_POINT('',(19.809921221059,7.659999999999,
    -38.56367720586));
#719 = CARTESIAN_POINT('',(19.408422024678,7.660000000003,
    -41.43764737673));
#720 = CARTESIAN_POINT('',(18.915991549005,7.65999999999,-44.2924314902)
  );
#721 = CARTESIAN_POINT('',(18.40768642105,7.660000000038,-47.23890033275
    ));
#722 = CARTESIAN_POINT('',(17.827232243843,7.659999999912,
    -49.13695732925));
#723 = CARTESIAN_POINT('',(16.534923244302,7.66,-49.69479383697));
#724 = DEFINITIONAL_REPRESENTATION('',(#725),#729);
#725 = LINE('',#726,#727);
#726 = CARTESIAN_POINT('',(0.,0.));
#727 = VECTOR('',#728,1.);
#728 = DIRECTION('',(1.,0.));
#729 = ( GEOMETRIC_REPRESENTATION_CONTEXT(2) 
PARAMETRIC_REPRESENTATION_CONTEXT() REPRESENTATION_CONTEXT('2D SPACE',''
  ) );
#730 = ORIENTED_EDGE('',*,*,#731,.F.);
#731 = EDGE_CURVE('',#732,#666,#734,.T.);
#732 = VERTEX_POINT('',#733);
#733 = CARTESIAN_POINT('',(16.990235239341,7.842253967444,4.567992231789
    ));
#734 = SURFACE_CURVE('',#735,(#738,#744),.PCURVE_S1.);
#735 = B_SPLINE_CURVE_WITH_KNOTS('',1,(#736,#737),.UNSPECIFIED.,.F.,.F.,
  (2,2),(35.,36.),.PIECEWISE_BEZIER_KNOTS.);
#736 = CARTESIAN_POINT('',(16.990235239341,7.842253967444,4.567992231789
    ));
#737 = CARTESIAN_POINT('',(17.063748647232,7.755710057528,4.586863618088
    ));
#738 = PCURVE('',#101,#739);
#739 = DEFINITIONAL_REPRESENTATION('',(#740),#743);
#740 = B_SPLINE_CURVE_WITH_KNOTS('',1,(#741,#742),.UNSPECIFIED.,.F.,.F.,
  (2,2),(35.,36.),.PIECEWISE_BEZIER_KNOTS.);
#741 = CARTESIAN_POINT('',(17.446885239737,0.623987057929));
#742 = CARTESIAN_POINT('',(17.522193742664,0.53693059297));
#743 = ( GEOMETRIC_REPRESENTATION_CONTEXT(2) 
PARAMETRIC_REPRESENTATION_CONTEXT() REPRESENTATION_CONTEXT('2D SPACE',''
  ) );
#744 = PCURVE('',#745,#790);
#745 = ( BOUNDED_SURFACE() B_SPLINE_SURFACE(1,3,(
    (#746,#747,#748,#749,#750,#751,#752,#753,#754,#755,#756,#757,#758
      ,#759,#760,#761,#762,#763,#764,#765,#766,#767)
    ,(#768,#769,#770,#771,#772,#773,#774,#775,#776,#777,#778,#779,#780
      ,#781,#782,#783,#784,#785,#786,#787,#788,#789
)),.UNSPECIFIED.,.F.,.F.,.F.) B_SPLINE_SURFACE_WITH_KNOTS((2,2),(4,1,1,1
    ,1,1,1,1,1,1,1,1,1,1,1,1,1,1,1,4),(35.,36.),(0.,5.24163189288E-02,
    0.104832637858,0.157248956786,0.209665275715,0.262081594644,
    0.314497913573,0.366914232502,0.41933055143,0.471746870359,
    0.524163189288,0.576579508217,0.628995827146,0.681412146074,
    0.733828465003,0.786244783932,0.838661102861,0.89107742179,
0.943493740718,1.),.UNSPECIFIED.) GEOMETRIC_REPRESENTATION_ITEM() 
RATIONAL_B_SPLINE_SURFACE((
    (1.,0.999999999991,1.000000000004,0.999999999999,1.,1.,1.,1.,1.,1.
      ,1.,1.,1.,1.,1.,1.,1.,0.999999999999,1.000000000003,0.99999999999
      ,1.000000000024,1.)
    ,(1.,0.999999999991,1.000000000004,0.999999999999,1.,1.,1.,1.,1.,1.
      ,1.,1.,1.,1.,1.,1.,1.,0.999999999999,1.000000000003,0.99999999999
,1.000000000024,1.))) REPRESENTATION_ITEM('') SURFACE() );
#746 = CARTESIAN_POINT('',(16.990235239341,7.842253967444,4.567992231789
    ));
#747 = CARTESIAN_POINT('',(17.230340006578,7.842253967417,3.632642271838
    ));
#748 = CARTESIAN_POINT('',(17.686928789338,7.842253967457,1.755935777792
    ));
#749 = CARTESIAN_POINT('',(18.300492609577,7.842253967441,
    -1.075569941219));
#750 = CARTESIAN_POINT('',(18.842351066205,7.842253967445,
    -3.921655792802));
#751 = CARTESIAN_POINT('',(19.312157037127,7.842253967444,-6.7805220878)
  );
#752 = CARTESIAN_POINT('',(19.709611198817,7.842253967444,
    -9.650340763446));
#753 = CARTESIAN_POINT('',(20.034459906845,7.842253967444,
    -12.52928219418));
#754 = CARTESIAN_POINT('',(20.286495909908,7.842253967444,-15.4155094584
    ));
#755 = CARTESIAN_POINT('',(20.465558583565,7.842253967444,
    -18.30718146742));
#756 = CARTESIAN_POINT('',(20.571533074422,7.842253967444,
    -21.20245321204));
#757 = CARTESIAN_POINT('',(20.604354104999,7.842253967444,-24.0994786941
    ));
#758 = CARTESIAN_POINT('',(20.563992047273,7.842253967444,
    -26.99640601383));
#759 = CARTESIAN_POINT('',(20.450505082387,7.842253967444,
    -29.89140115805));
#760 = CARTESIAN_POINT('',(20.263844568403,7.842253967444,-32.7825648331
    ));
#761 = CARTESIAN_POINT('',(20.004581311036,7.842253967444,-35.668248418)
  );
#762 = CARTESIAN_POINT('',(19.671194835845,7.842253967446,
    -38.54588038712));
#763 = CARTESIAN_POINT('',(19.270189573164,7.842253967438,
    -41.41635172535));
#764 = CARTESIAN_POINT('',(18.77834021251,7.842253967468,-44.26765489));
#765 = CARTESIAN_POINT('',(18.27072525149,7.842253967352,-47.21055200444
    ));
#766 = CARTESIAN_POINT('',(17.690789855195,7.842253967659,
    -49.10625372983));
#767 = CARTESIAN_POINT('',(16.398713839485,7.842253967444,
    -49.66309889047));
#768 = CARTESIAN_POINT('',(17.063748647232,7.755710057528,4.586863618088
    ));
#769 = CARTESIAN_POINT('',(17.304012298935,7.755710057473,3.650894708458
    ));
#770 = CARTESIAN_POINT('',(17.760903220341,7.755710057553,1.772946341987
    ));
#771 = CARTESIAN_POINT('',(18.374873054165,7.755710057521,
    -1.060433069797));
#772 = CARTESIAN_POINT('',(18.917090074843,7.755710057529,
    -3.908402261906));
#773 = CARTESIAN_POINT('',(19.387206930501,7.755710057527,-6.76916035473
    ));
#774 = CARTESIAN_POINT('',(19.784924099566,7.755710057528,
    -9.640878075698));
#775 = CARTESIAN_POINT('',(20.109987769747,7.755710057528,
    -12.52172458856));
#776 = CARTESIAN_POINT('',(20.362190552633,7.755710057528,
    -15.40986175617));
#777 = CARTESIAN_POINT('',(20.541371717374,7.755710057528,
    -18.30344727151));
#778 = CARTESIAN_POINT('',(20.647416335007,7.755710057528,
    -21.20063490457));
#779 = CARTESIAN_POINT('',(20.680259083246,7.755710057528,
    -24.09957743529));
#780 = CARTESIAN_POINT('',(20.639870320469,7.755710057528,
    -26.99842173981));
#781 = CARTESIAN_POINT('',(20.526308243902,7.755710057528,
    -29.89533258614));
#782 = CARTESIAN_POINT('',(20.339524263081,7.755710057528,
    -32.78840944326));
#783 = CARTESIAN_POINT('',(20.080089249208,7.755710057527,
    -35.67600252658));
#784 = CARTESIAN_POINT('',(19.746482886962,7.755710057529,
    -38.55553887996));
#785 = CARTESIAN_POINT('',(19.345209562041,7.755710057524,-41.427909066)
  );
#786 = CARTESIAN_POINT('',(18.853044825064,7.755710057541,
    -44.28110137269));
#787 = CARTESIAN_POINT('',(18.345055304273,7.755710057477,
    -47.22593689611));
#788 = CARTESIAN_POINT('',(17.764838360925,7.755710057645,
    -49.12291684779));
#789 = CARTESIAN_POINT('',(16.47263590281,7.755710057528,-49.68030002167
    ));
#790 = DEFINITIONAL_REPRESENTATION('',(#791),#795);
#791 = LINE('',#792,#793);
#792 = CARTESIAN_POINT('',(0.,0.));
#793 = VECTOR('',#794,1.);
#794 = DIRECTION('',(1.,0.));
#795 = ( GEOMETRIC_REPRESENTATION_CONTEXT(2) 
PARAMETRIC_REPRESENTATION_CONTEXT() REPRESENTATION_CONTEXT('2D SPACE',''
  ) );
#796 = ORIENTED_EDGE('',*,*,#797,.F.);
#797 = EDGE_CURVE('',#798,#732,#800,.T.);
#798 = VERTEX_POINT('',#799);
#799 = CARTESIAN_POINT('',(16.906409263396,7.918150939456,4.546473539903
    ));
#800 = SURFACE_CURVE('',#801,(#804,#810),.PCURVE_S1.);
#801 = B_SPLINE_CURVE_WITH_KNOTS('',1,(#802,#803),.UNSPECIFIED.,.F.,.F.,
  (2,2),(34.,35.),.PIECEWISE_BEZIER_KNOTS.);
#802 = CARTESIAN_POINT('',(16.906409263396,7.918150939456,4.546473539903
    ));
#803 = CARTESIAN_POINT('',(16.990235239341,7.842253967444,4.567992231789
    ));
#804 = PCURVE('',#101,#805);
#805 = DEFINITIONAL_REPRESENTATION('',(#806),#809);
#806 = B_SPLINE_CURVE_WITH_KNOTS('',1,(#807,#808),.UNSPECIFIED.,.F.,.F.,
  (2,2),(34.,35.),.PIECEWISE_BEZIER_KNOTS.);
#807 = CARTESIAN_POINT('',(17.360857862613,0.700469010633));
#808 = CARTESIAN_POINT('',(17.446885239737,0.623987057929));
#809 = ( GEOMETRIC_REPRESENTATION_CONTEXT(2) 
PARAMETRIC_REPRESENTATION_CONTEXT() REPRESENTATION_CONTEXT('2D SPACE',''
  ) );
#810 = PCURVE('',#811,#856);
#811 = ( BOUNDED_SURFACE() B_SPLINE_SURFACE(1,3,(
    (#812,#813,#814,#815,#816,#817,#818,#819,#820,#821,#822,#823,#824
      ,#825,#826,#827,#828,#829,#830,#831,#832,#833)
    ,(#834,#835,#836,#837,#838,#839,#840,#841,#842,#843,#844,#845,#846
      ,#847,#848,#849,#850,#851,#852,#853,#854,#855
)),.UNSPECIFIED.,.F.,.F.,.F.) B_SPLINE_SURFACE_WITH_KNOTS((2,2),(4,1,1,1
    ,1,1,1,1,1,1,1,1,1,1,1,1,1,1,1,4),(34.,35.),(0.,5.24163189288E-02,
    0.104832637858,0.157248956786,0.209665275715,0.262081594644,
    0.314497913573,0.366914232502,0.41933055143,0.471746870359,
    0.524163189288,0.576579508217,0.628995827146,0.681412146074,
    0.733828465003,0.786244783932,0.838661102861,0.89107742179,
0.943493740718,1.),.UNSPECIFIED.) GEOMETRIC_REPRESENTATION_ITEM() 
RATIONAL_B_SPLINE_SURFACE((
    (1.,0.999999999991,1.000000000004,0.999999999999,1.,1.,1.,1.,1.,1.
      ,1.,1.,1.,1.,1.,1.,1.,0.999999999999,1.000000000003,0.99999999999
      ,1.000000000024,1.)
    ,(1.,0.999999999991,1.000000000004,0.999999999999,1.,1.,1.,1.,1.,1.
      ,1.,1.,1.,1.,1.,1.,1.,0.999999999999,1.000000000003,0.99999999999
,1.000000000024,1.))) REPRESENTATION_ITEM('') SURFACE() );
#812 = CARTESIAN_POINT('',(16.906409263396,7.918150939456,4.546473539903
    ));
#813 = CARTESIAN_POINT('',(17.146332856811,7.918150939541,3.611829355884
    ));
#814 = CARTESIAN_POINT('',(17.602577117664,7.918150939417,1.736538947269
    ));
#815 = CARTESIAN_POINT('',(18.215677967662,7.918150939467,-1.09283023515
    ));
#816 = CARTESIAN_POINT('',(18.757127560481,7.918150939453,
    -3.936768548307));
#817 = CARTESIAN_POINT('',(19.226579035268,7.918150939457,
    -6.793477661359));
#818 = CARTESIAN_POINT('',(19.623733294535,7.918150939456,
    -9.661130890829));
#819 = CARTESIAN_POINT('',(19.948336885201,7.918150939456,
    -12.53789999174));
#820 = CARTESIAN_POINT('',(20.200182712326,7.918150939456,
    -15.42194942854));
#821 = CARTESIAN_POINT('',(20.379110272796,7.918150939456,
    -18.31143950179));
#822 = CARTESIAN_POINT('',(20.48500479939,7.918150939456,-21.20452659433
    ));
#823 = CARTESIAN_POINT('',(20.51780106572,7.918150939456,-24.09936610136
    ));
#824 = CARTESIAN_POINT('',(20.47746945927,7.918150939456,-26.99410751886
    ));
#825 = CARTESIAN_POINT('',(20.364068142841,7.918150939456,
    -29.88691822349));
#826 = CARTESIAN_POINT('',(20.177548415802,7.918150939456,
    -32.77590033251));
#827 = CARTESIAN_POINT('',(19.918481009194,7.918150939456,
    -35.65940655176));
#828 = CARTESIAN_POINT('',(19.585345267128,7.918150939456,-38.5348669868
    ));
#829 = CARTESIAN_POINT('',(19.184645670874,7.918150939458,
    -41.40317310413));
#830 = CARTESIAN_POINT('',(18.693155927904,7.91815093945,-44.25232211498
    ));
#831 = CARTESIAN_POINT('',(18.185968070794,7.918150939481,
    -47.19300889821));
#832 = CARTESIAN_POINT('',(17.606353716462,7.918150939398,
    -49.08725308426));
#833 = CARTESIAN_POINT('',(16.314421881326,7.918150939456,
    -49.64348475951));
#834 = CARTESIAN_POINT('',(16.990235239341,7.842253967444,4.567992231789
    ));
#835 = CARTESIAN_POINT('',(17.230340006578,7.842253967417,3.632642271838
    ));
#836 = CARTESIAN_POINT('',(17.686928789338,7.842253967457,1.755935777792
    ));
#837 = CARTESIAN_POINT('',(18.300492609577,7.842253967441,
    -1.075569941219));
#838 = CARTESIAN_POINT('',(18.842351066205,7.842253967445,
    -3.921655792802));
#839 = CARTESIAN_POINT('',(19.312157037127,7.842253967444,-6.7805220878)
  );
#840 = CARTESIAN_POINT('',(19.709611198817,7.842253967444,
    -9.650340763446));
#841 = CARTESIAN_POINT('',(20.034459906845,7.842253967444,
    -12.52928219418));
#842 = CARTESIAN_POINT('',(20.286495909908,7.842253967444,-15.4155094584
    ));
#843 = CARTESIAN_POINT('',(20.465558583565,7.842253967444,
    -18.30718146742));
#844 = CARTESIAN_POINT('',(20.571533074422,7.842253967444,
    -21.20245321204));
#845 = CARTESIAN_POINT('',(20.604354104999,7.842253967444,-24.0994786941
    ));
#846 = CARTESIAN_POINT('',(20.563992047273,7.842253967444,
    -26.99640601383));
#847 = CARTESIAN_POINT('',(20.450505082387,7.842253967444,
    -29.89140115805));
#848 = CARTESIAN_POINT('',(20.263844568403,7.842253967444,-32.7825648331
    ));
#849 = CARTESIAN_POINT('',(20.004581311036,7.842253967444,-35.668248418)
  );
#850 = CARTESIAN_POINT('',(19.671194835845,7.842253967446,
    -38.54588038712));
#851 = CARTESIAN_POINT('',(19.270189573164,7.842253967438,
    -41.41635172535));
#852 = CARTESIAN_POINT('',(18.77834021251,7.842253967468,-44.26765489));
#853 = CARTESIAN_POINT('',(18.27072525149,7.842253967352,-47.21055200444
    ));
#854 = CARTESIAN_POINT('',(17.690789855195,7.842253967659,
    -49.10625372983));
#855 = CARTESIAN_POINT('',(16.398713839485,7.842253967444,
    -49.66309889047));
#856 = DEFINITIONAL_REPRESENTATION('',(#857),#861);
#857 = LINE('',#858,#859);
#858 = CARTESIAN_POINT('',(0.,0.));
#859 = VECTOR('',#860,1.);
#860 = DIRECTION('',(1.,0.));
#861 = ( GEOMETRIC_REPRESENTATION_CONTEXT(2) 
PARAMETRIC_REPRESENTATION_CONTEXT() REPRESENTATION_CONTEXT('2D SPACE',''
  ) );
#862 = ORIENTED_EDGE('',*,*,#863,.F.);
#863 = EDGE_CURVE('',#864,#798,#866,.T.);
#864 = VERTEX_POINT('',#865);
#865 = CARTESIAN_POINT('',(16.813705005087,7.98210235533,4.522675733213)
  );
#866 = SURFACE_CURVE('',#867,(#870,#876),.PCURVE_S1.);
#867 = B_SPLINE_CURVE_WITH_KNOTS('',1,(#868,#869),.UNSPECIFIED.,.F.,.F.,
  (2,2),(33.,34.),.PIECEWISE_BEZIER_KNOTS.);
#868 = CARTESIAN_POINT('',(16.813705005087,7.98210235533,4.522675733213)
  );
#869 = CARTESIAN_POINT('',(16.906409263396,7.918150939456,4.546473539903
    ));
#870 = PCURVE('',#101,#871);
#871 = DEFINITIONAL_REPRESENTATION('',(#872),#875);
#872 = B_SPLINE_CURVE_WITH_KNOTS('',1,(#873,#874),.UNSPECIFIED.,.F.,.F.,
  (2,2),(33.,34.),.PIECEWISE_BEZIER_KNOTS.);
#873 = CARTESIAN_POINT('',(17.265583563566,0.765067823666));
#874 = CARTESIAN_POINT('',(17.360857862613,0.700469010633));
#875 = ( GEOMETRIC_REPRESENTATION_CONTEXT(2) 
PARAMETRIC_REPRESENTATION_CONTEXT() REPRESENTATION_CONTEXT('2D SPACE',''
  ) );
#876 = PCURVE('',#877,#922);
#877 = ( BOUNDED_SURFACE() B_SPLINE_SURFACE(1,3,(
    (#878,#879,#880,#881,#882,#883,#884,#885,#886,#887,#888,#889,#890
      ,#891,#892,#893,#894,#895,#896,#897,#898,#899)
    ,(#900,#901,#902,#903,#904,#905,#906,#907,#908,#909,#910,#911,#912
      ,#913,#914,#915,#916,#917,#918,#919,#920,#921
)),.UNSPECIFIED.,.F.,.F.,.F.) B_SPLINE_SURFACE_WITH_KNOTS((2,2),(4,1,1,1
    ,1,1,1,1,1,1,1,1,1,1,1,1,1,1,1,4),(33.,34.),(0.,5.24163189288E-02,
    0.104832637858,0.157248956786,0.209665275715,0.262081594644,
    0.314497913573,0.366914232502,0.41933055143,0.471746870359,
    0.524163189288,0.576579508217,0.628995827146,0.681412146074,
    0.733828465003,0.786244783932,0.838661102861,0.89107742179,
0.943493740718,1.),.UNSPECIFIED.) GEOMETRIC_REPRESENTATION_ITEM() 
RATIONAL_B_SPLINE_SURFACE((
    (1.,0.999999999991,1.000000000004,0.999999999999,1.,1.,1.,1.,1.,1.
      ,1.,1.,1.,1.,1.,1.,1.,0.999999999999,1.000000000003,0.99999999999
      ,1.000000000024,1.)
    ,(1.,0.999999999991,1.000000000004,0.999999999999,1.,1.,1.,1.,1.,1.
      ,1.,1.,1.,1.,1.,1.,1.,0.999999999999,1.000000000003,0.99999999999
,1.000000000024,1.))) REPRESENTATION_ITEM('') SURFACE() );
#878 = CARTESIAN_POINT('',(16.813705005087,7.98210235533,4.522675733213)
  );
#879 = CARTESIAN_POINT('',(17.053428237352,7.98210235554,3.588812076597)
  );
#880 = CARTESIAN_POINT('',(17.509291484835,7.982102355233,1.715087734993
    ));
#881 = CARTESIAN_POINT('',(18.121880330718,7.982102355356,
    -1.111918623021));
#882 = CARTESIAN_POINT('',(18.662877755411,7.982102355323,
    -3.953481945027));
#883 = CARTESIAN_POINT('',(19.131937188281,7.982102355332,
    -6.807805401943));
#884 = CARTESIAN_POINT('',(19.528759781466,7.98210235533,-9.673063835776
    ));
#885 = CARTESIAN_POINT('',(19.853092293596,7.98210235533,-12.54743052833
    ));
#886 = CARTESIAN_POINT('',(20.104727802628,7.98210235533,-15.42907147691
    ));
#887 = CARTESIAN_POINT('',(20.283505939634,7.98210235533,-18.31614851846
    ));
#888 = CARTESIAN_POINT('',(20.38931203269,7.98210235533,-21.2068195753)
  );
#889 = CARTESIAN_POINT('',(20.42208091191,7.98210235533,-24.09924158355)
  );
#890 = CARTESIAN_POINT('',(20.381782981928,7.98210235533,-26.9915655828)
  );
#891 = CARTESIAN_POINT('',(20.268476385265,7.98210235533,-29.88196048672
    ));
#892 = CARTESIAN_POINT('',(20.082112356376,7.98210235533,-32.76852997293
    ));
#893 = CARTESIAN_POINT('',(19.823261543716,7.982102355331,
    -35.64962821465));
#894 = CARTESIAN_POINT('',(19.49040309075,7.982102355329,-38.52268712136
    ));
#895 = CARTESIAN_POINT('',(19.090041535007,7.982102355334,
    -41.38859869217));
#896 = CARTESIAN_POINT('',(18.598949498163,7.982102355318,
    -44.23536539585));
#897 = CARTESIAN_POINT('',(18.092233980309,7.982102355378,
    -47.17360774415));
#898 = CARTESIAN_POINT('',(17.512974672183,7.982102355218,-49.066240019)
  );
#899 = CARTESIAN_POINT('',(16.221202287108,7.98210235533,-49.621793232)
  );
#900 = CARTESIAN_POINT('',(16.906409263396,7.918150939456,4.546473539903
    ));
#901 = CARTESIAN_POINT('',(17.146332856811,7.918150939541,3.611829355884
    ));
#902 = CARTESIAN_POINT('',(17.602577117664,7.918150939417,1.736538947269
    ));
#903 = CARTESIAN_POINT('',(18.215677967662,7.918150939467,-1.09283023515
    ));
#904 = CARTESIAN_POINT('',(18.757127560481,7.918150939453,
    -3.936768548307));
#905 = CARTESIAN_POINT('',(19.226579035268,7.918150939457,
    -6.793477661359));
#906 = CARTESIAN_POINT('',(19.623733294535,7.918150939456,
    -9.661130890829));
#907 = CARTESIAN_POINT('',(19.948336885201,7.918150939456,
    -12.53789999174));
#908 = CARTESIAN_POINT('',(20.200182712326,7.918150939456,
    -15.42194942854));
#909 = CARTESIAN_POINT('',(20.379110272796,7.918150939456,
    -18.31143950179));
#910 = CARTESIAN_POINT('',(20.48500479939,7.918150939456,-21.20452659433
    ));
#911 = CARTESIAN_POINT('',(20.51780106572,7.918150939456,-24.09936610136
    ));
#912 = CARTESIAN_POINT('',(20.47746945927,7.918150939456,-26.99410751886
    ));
#913 = CARTESIAN_POINT('',(20.364068142841,7.918150939456,
    -29.88691822349));
#914 = CARTESIAN_POINT('',(20.177548415802,7.918150939456,
    -32.77590033251));
#915 = CARTESIAN_POINT('',(19.918481009194,7.918150939456,
    -35.65940655176));
#916 = CARTESIAN_POINT('',(19.585345267128,7.918150939456,-38.5348669868
    ));
#917 = CARTESIAN_POINT('',(19.184645670874,7.918150939458,
    -41.40317310413));
#918 = CARTESIAN_POINT('',(18.693155927904,7.91815093945,-44.25232211498
    ));
#919 = CARTESIAN_POINT('',(18.185968070794,7.918150939481,
    -47.19300889821));
#920 = CARTESIAN_POINT('',(17.606353716462,7.918150939398,
    -49.08725308426));
#921 = CARTESIAN_POINT('',(16.314421881326,7.918150939456,
    -49.64348475951));
#922 = DEFINITIONAL_REPRESENTATION('',(#923),#927);
#923 = LINE('',#924,#925);
#924 = CARTESIAN_POINT('',(0.,0.));
#925 = VECTOR('',#926,1.);
#926 = DIRECTION('',(1.,0.));
#927 = ( GEOMETRIC_REPRESENTATION_CONTEXT(2) 
PARAMETRIC_REPRESENTATION_CONTEXT() REPRESENTATION_CONTEXT('2D SPACE',''
  ) );
#928 = ORIENTED_EDGE('',*,*,#929,.F.);
#929 = EDGE_CURVE('',#930,#864,#932,.T.);
#930 = VERTEX_POINT('',#931);
#931 = CARTESIAN_POINT('',(16.713708659975,8.03301398861,4.49700599879)
  );
#932 = SURFACE_CURVE('',#933,(#936,#942),.PCURVE_S1.);
#933 = B_SPLINE_CURVE_WITH_KNOTS('',1,(#934,#935),.UNSPECIFIED.,.F.,.F.,
  (2,2),(32.,33.),.PIECEWISE_BEZIER_KNOTS.);
#934 = CARTESIAN_POINT('',(16.713708659975,8.03301398861,4.49700599879)
  );
#935 = CARTESIAN_POINT('',(16.813705005087,7.98210235533,4.522675733213)
  );
#936 = PCURVE('',#101,#937);
#937 = DEFINITIONAL_REPRESENTATION('',(#938),#941);
#938 = B_SPLINE_CURVE_WITH_KNOTS('',1,(#939,#940),.UNSPECIFIED.,.F.,.F.,
  (2,2),(32.,33.),.PIECEWISE_BEZIER_KNOTS.);
#939 = CARTESIAN_POINT('',(17.162692512267,0.816678193428));
#940 = CARTESIAN_POINT('',(17.265583563566,0.765067823666));
#941 = ( GEOMETRIC_REPRESENTATION_CONTEXT(2) 
PARAMETRIC_REPRESENTATION_CONTEXT() REPRESENTATION_CONTEXT('2D SPACE',''
  ) );
#942 = PCURVE('',#943,#988);
#943 = ( BOUNDED_SURFACE() B_SPLINE_SURFACE(1,3,(
    (#944,#945,#946,#947,#948,#949,#950,#951,#952,#953,#954,#955,#956
      ,#957,#958,#959,#960,#961,#962,#963,#964,#965)
    ,(#966,#967,#968,#969,#970,#971,#972,#973,#974,#975,#976,#977,#978
      ,#979,#980,#981,#982,#983,#984,#985,#986,#987
)),.UNSPECIFIED.,.F.,.F.,.F.) B_SPLINE_SURFACE_WITH_KNOTS((2,2),(4,1,1,1
    ,1,1,1,1,1,1,1,1,1,1,1,1,1,1,1,4),(32.,33.),(0.,5.24163189288E-02,
    0.104832637858,0.157248956786,0.209665275715,0.262081594644,
    0.314497913573,0.366914232502,0.41933055143,0.471746870359,
    0.524163189288,0.576579508217,0.628995827146,0.681412146074,
    0.733828465003,0.786244783932,0.838661102861,0.89107742179,
0.943493740718,1.),.UNSPECIFIED.) GEOMETRIC_REPRESENTATION_ITEM() 
RATIONAL_B_SPLINE_SURFACE((
    (1.,0.999999999991,1.000000000004,0.999999999999,1.,1.,1.,1.,1.,1.
      ,1.,1.,1.,1.,1.,1.,1.,0.999999999999,1.000000000003,0.99999999999
      ,1.000000000024,1.)
    ,(1.,0.999999999991,1.000000000004,0.999999999999,1.,1.,1.,1.,1.,1.
      ,1.,1.,1.,1.,1.,1.,1.,0.999999999999,1.000000000003,0.99999999999
,1.000000000024,1.))) REPRESENTATION_ITEM('') SURFACE() );
#944 = CARTESIAN_POINT('',(16.713708659975,8.03301398861,4.49700599879)
  );
#945 = CARTESIAN_POINT('',(16.953215770436,8.033013988829,3.563984265257
    ));
#946 = CARTESIAN_POINT('',(17.408668034618,8.033013988508,1.6919491775)
  );
#947 = CARTESIAN_POINT('',(18.020704602126,8.033013988637,
    -1.132508497315));
#948 = CARTESIAN_POINT('',(18.561214291345,8.033013988603,
    -3.971510012084));
#949 = CARTESIAN_POINT('',(19.029850844393,8.033013988612,
    -6.823260157943));
#950 = CARTESIAN_POINT('',(19.426315682754,8.033013988609,-9.68593542229
    ));
#951 = CARTESIAN_POINT('',(19.750355793398,8.03301398861,-12.55771073382
    ));
#952 = CARTESIAN_POINT('',(20.001764440784,8.03301398861,-15.43675374329
    ));
#953 = CARTESIAN_POINT('',(20.180381400724,8.03301398861,-18.32122794484
    ));
#954 = CARTESIAN_POINT('',(20.286092104089,8.03301398861,-21.2092929214)
  );
#955 = CARTESIAN_POINT('',(20.318831441939,8.03301398861,-24.09910727121
    ));
#956 = CARTESIAN_POINT('',(20.278569837406,8.03301398861,-26.98882369887
    ));
#957 = CARTESIAN_POINT('',(20.165365411133,8.03301398861,-29.87661277598
    ));
#958 = CARTESIAN_POINT('',(19.979169327559,8.03301398861,-32.76057986327
    ));
#959 = CARTESIAN_POINT('',(19.72055214606,8.03301398861,-35.63908071672)
  );
#960 = CARTESIAN_POINT('',(19.387992793657,8.033013988609,
    -38.50954919167));
#961 = CARTESIAN_POINT('',(18.987995868606,8.033013988615,
    -41.37287786169));
#962 = CARTESIAN_POINT('',(18.49733282123,8.03301398859,-44.21707486673)
  );
#963 = CARTESIAN_POINT('',(17.991126797038,8.033013988686,
    -47.15268050155));
#964 = CARTESIAN_POINT('',(17.412250462005,8.033013988433,
    -49.04357407303));
#965 = CARTESIAN_POINT('',(16.120650069932,8.03301398861,-49.59839545599
    ));
#966 = CARTESIAN_POINT('',(16.813705005087,7.98210235533,4.522675733213)
  );
#967 = CARTESIAN_POINT('',(17.053428237352,7.98210235554,3.588812076597)
  );
#968 = CARTESIAN_POINT('',(17.509291484835,7.982102355233,1.715087734993
    ));
#969 = CARTESIAN_POINT('',(18.121880330718,7.982102355356,
    -1.111918623021));
#970 = CARTESIAN_POINT('',(18.662877755411,7.982102355323,
    -3.953481945027));
#971 = CARTESIAN_POINT('',(19.131937188281,7.982102355332,
    -6.807805401943));
#972 = CARTESIAN_POINT('',(19.528759781466,7.98210235533,-9.673063835776
    ));
#973 = CARTESIAN_POINT('',(19.853092293596,7.98210235533,-12.54743052833
    ));
#974 = CARTESIAN_POINT('',(20.104727802628,7.98210235533,-15.42907147691
    ));
#975 = CARTESIAN_POINT('',(20.283505939634,7.98210235533,-18.31614851846
    ));
#976 = CARTESIAN_POINT('',(20.38931203269,7.98210235533,-21.2068195753)
  );
#977 = CARTESIAN_POINT('',(20.42208091191,7.98210235533,-24.09924158355)
  );
#978 = CARTESIAN_POINT('',(20.381782981928,7.98210235533,-26.9915655828)
  );
#979 = CARTESIAN_POINT('',(20.268476385265,7.98210235533,-29.88196048672
    ));
#980 = CARTESIAN_POINT('',(20.082112356376,7.98210235533,-32.76852997293
    ));
#981 = CARTESIAN_POINT('',(19.823261543716,7.982102355331,
    -35.64962821465));
#982 = CARTESIAN_POINT('',(19.49040309075,7.982102355329,-38.52268712136
    ));
#983 = CARTESIAN_POINT('',(19.090041535007,7.982102355334,
    -41.38859869217));
#984 = CARTESIAN_POINT('',(18.598949498163,7.982102355318,
    -44.23536539585));
#985 = CARTESIAN_POINT('',(18.092233980309,7.982102355378,
    -47.17360774415));
#986 = CARTESIAN_POINT('',(17.512974672183,7.982102355218,-49.066240019)
  );
#987 = CARTESIAN_POINT('',(16.221202287108,7.98210235533,-49.621793232)
  );
#988 = DEFINITIONAL_REPRESENTATION('',(#989),#993);
#989 = LINE('',#990,#991);
#990 = CARTESIAN_POINT('',(0.,0.));
#991 = VECTOR('',#992,1.);
#992 = DIRECTION('',(1.,0.));
#993 = ( GEOMETRIC_REPRESENTATION_CONTEXT(2) 
PARAMETRIC_REPRESENTATION_CONTEXT() REPRESENTATION_CONTEXT('2D SPACE',''
  ) );
#994 = ORIENTED_EDGE('',*,*,#995,.F.);
#995 = EDGE_CURVE('',#996,#930,#998,.T.);
#996 = VERTEX_POINT('',#997);
#997 = CARTESIAN_POINT('',(16.60813119325,8.070014727134,4.469903552908)
  );
#998 = SURFACE_CURVE('',#999,(#1002,#1008),.PCURVE_S1.);
#999 = B_SPLINE_CURVE_WITH_KNOTS('',1,(#1000,#1001),.UNSPECIFIED.,.F.,
  .F.,(2,2),(31.,32.),.PIECEWISE_BEZIER_KNOTS.);
#1000 = CARTESIAN_POINT('',(16.60813119325,8.070014727134,4.469903552908
    ));
#1001 = CARTESIAN_POINT('',(16.713708659975,8.03301398861,4.49700599879)
  );
#1002 = PCURVE('',#101,#1003);
#1003 = DEFINITIONAL_REPRESENTATION('',(#1004),#1007);
#1004 = B_SPLINE_CURVE_WITH_KNOTS('',1,(#1005,#1006),.UNSPECIFIED.,.F.,
  .F.,(2,2),(31.,32.),.PIECEWISE_BEZIER_KNOTS.);
#1005 = CARTESIAN_POINT('',(17.053945203132,0.854417052183));
#1006 = CARTESIAN_POINT('',(17.162692512267,0.816678193428));
#1007 = ( GEOMETRIC_REPRESENTATION_CONTEXT(2) 
PARAMETRIC_REPRESENTATION_CONTEXT() REPRESENTATION_CONTEXT('2D SPACE',''
  ) );
#1008 = PCURVE('',#1009,#1054);
#1009 = ( BOUNDED_SURFACE() B_SPLINE_SURFACE(1,3,(
    (#1010,#1011,#1012,#1013,#1014,#1015,#1016,#1017,#1018,#1019,#1020
      ,#1021,#1022,#1023,#1024,#1025,#1026,#1027,#1028,#1029,#1030,#1031
      )
    ,(#1032,#1033,#1034,#1035,#1036,#1037,#1038,#1039,#1040,#1041,#1042
      ,#1043,#1044,#1045,#1046,#1047,#1048,#1049,#1050,#1051,#1052,#1053
)),.UNSPECIFIED.,.F.,.F.,.F.) B_SPLINE_SURFACE_WITH_KNOTS((2,2),(4,1,1,1
    ,1,1,1,1,1,1,1,1,1,1,1,1,1,1,1,4),(31.,32.),(0.,5.24163189288E-02,
    0.104832637858,0.157248956786,0.209665275715,0.262081594644,
    0.314497913573,0.366914232502,0.41933055143,0.471746870359,
    0.524163189288,0.576579508217,0.628995827146,0.681412146074,
    0.733828465003,0.786244783932,0.838661102861,0.89107742179,
0.943493740718,1.),.UNSPECIFIED.) GEOMETRIC_REPRESENTATION_ITEM() 
RATIONAL_B_SPLINE_SURFACE((
    (1.,0.999999999991,1.000000000004,0.999999999999,1.,1.,1.,1.,1.,1.
      ,1.,1.,1.,1.,1.,1.,1.,0.999999999999,1.000000000003,0.99999999999
      ,1.000000000024,1.)
    ,(1.,0.999999999991,1.000000000004,0.999999999999,1.,1.,1.,1.,1.,1.
      ,1.,1.,1.,1.,1.,1.,1.,0.999999999999,1.000000000003,0.99999999999
,1.000000000024,1.))) REPRESENTATION_ITEM('') SURFACE() );
#1010 = CARTESIAN_POINT('',(16.60813119325,8.070014727134,4.469903552908
    ));
#1011 = CARTESIAN_POINT('',(16.847410118887,8.070014727374,
    3.537770733845));
#1012 = CARTESIAN_POINT('',(17.302428462269,8.070014727023,
    1.667519181346));
#1013 = CARTESIAN_POINT('',(17.913881926619,8.070014727164,
    -1.154247559422));
#1014 = CARTESIAN_POINT('',(18.453876658346,8.070014727126,
    -3.990544284294));
#1015 = CARTESIAN_POINT('',(18.922066729251,8.070014727137,
    -6.839577494189));
#1016 = CARTESIAN_POINT('',(19.318153845332,8.070014727134,
    -9.699525413961));
#1017 = CARTESIAN_POINT('',(19.641885234609,8.070014727135,
    -12.56856471106));
#1018 = CARTESIAN_POINT('',(19.893054358463,8.070014727134,
    -15.44486478197));
#1019 = CARTESIAN_POINT('',(20.07150114552,8.070014727134,
    -18.32659087055));
#1020 = CARTESIAN_POINT('',(20.177111135185,8.070014727134,
    -21.21190431301));
#1021 = CARTESIAN_POINT('',(20.209819282864,8.070014727134,
    -24.09896546246));
#1022 = CARTESIAN_POINT('',(20.169596031221,8.070014727134,
    -26.98592878148));
#1023 = CARTESIAN_POINT('',(20.056499477801,8.070014727134,
    -29.8709665921));
#1024 = CARTESIAN_POINT('',(19.870480713118,8.070014727134,
    -32.7521860321));
#1025 = CARTESIAN_POINT('',(19.612110202494,8.070014727135,
    -35.62794452859));
#1026 = CARTESIAN_POINT('',(19.279866644429,8.070014727134,
    -38.49567799133));
#1027 = CARTESIAN_POINT('',(18.8802547013,8.070014727137,-41.35627960054
    ));
#1028 = CARTESIAN_POINT('',(18.390044586682,8.070014727124,
    -44.1977634834));
#1029 = CARTESIAN_POINT('',(17.884376492691,8.070014727173,
    -47.13058524226));
#1030 = CARTESIAN_POINT('',(17.305904505622,8.070014727045,
    -49.01964306483));
#1031 = CARTESIAN_POINT('',(16.014485706113,8.070014727134,
    -49.57369177392));
#1032 = CARTESIAN_POINT('',(16.713708659975,8.03301398861,4.49700599879)
  );
#1033 = CARTESIAN_POINT('',(16.953215770436,8.033013988829,
    3.563984265257));
#1034 = CARTESIAN_POINT('',(17.408668034618,8.033013988508,1.6919491775)
  );
#1035 = CARTESIAN_POINT('',(18.020704602126,8.033013988637,
    -1.132508497315));
#1036 = CARTESIAN_POINT('',(18.561214291345,8.033013988603,
    -3.971510012084));
#1037 = CARTESIAN_POINT('',(19.029850844393,8.033013988612,
    -6.823260157943));
#1038 = CARTESIAN_POINT('',(19.426315682754,8.033013988609,
    -9.68593542229));
#1039 = CARTESIAN_POINT('',(19.750355793398,8.03301398861,
    -12.55771073382));
#1040 = CARTESIAN_POINT('',(20.001764440784,8.03301398861,
    -15.43675374329));
#1041 = CARTESIAN_POINT('',(20.180381400724,8.03301398861,
    -18.32122794484));
#1042 = CARTESIAN_POINT('',(20.286092104089,8.03301398861,-21.2092929214
    ));
#1043 = CARTESIAN_POINT('',(20.318831441939,8.03301398861,
    -24.09910727121));
#1044 = CARTESIAN_POINT('',(20.278569837406,8.03301398861,
    -26.98882369887));
#1045 = CARTESIAN_POINT('',(20.165365411133,8.03301398861,
    -29.87661277598));
#1046 = CARTESIAN_POINT('',(19.979169327559,8.03301398861,
    -32.76057986327));
#1047 = CARTESIAN_POINT('',(19.72055214606,8.03301398861,-35.63908071672
    ));
#1048 = CARTESIAN_POINT('',(19.387992793657,8.033013988609,
    -38.50954919167));
#1049 = CARTESIAN_POINT('',(18.987995868606,8.033013988615,
    -41.37287786169));
#1050 = CARTESIAN_POINT('',(18.49733282123,8.03301398859,-44.21707486673
    ));
#1051 = CARTESIAN_POINT('',(17.991126797038,8.033013988686,
    -47.15268050155));
#1052 = CARTESIAN_POINT('',(17.412250462005,8.033013988433,
    -49.04357407303));
#1053 = CARTESIAN_POINT('',(16.120650069932,8.03301398861,
    -49.59839545599));
#1054 = DEFINITIONAL_REPRESENTATION('',(#1055),#1059);
#1055 = LINE('',#1056,#1057);
#1056 = CARTESIAN_POINT('',(0.,0.));
#1057 = VECTOR('',#1058,1.);
#1058 = DIRECTION('',(1.,0.));
#1059 = ( GEOMETRIC_REPRESENTATION_CONTEXT(2) 
PARAMETRIC_REPRESENTATION_CONTEXT() REPRESENTATION_CONTEXT('2D SPACE',''
  ) );
#1060 = ORIENTED_EDGE('',*,*,#1061,.F.);
#1061 = EDGE_CURVE('',#1062,#996,#1064,.T.);
#1062 = VERTEX_POINT('',#1063);
#1063 = CARTESIAN_POINT('',(16.498779064639,8.092471478009,
    4.441832125928));
#1064 = SURFACE_CURVE('',#1065,(#1068,#1074),.PCURVE_S1.);
#1065 = B_SPLINE_CURVE_WITH_KNOTS('',1,(#1066,#1067),.UNSPECIFIED.,.F.,
  .F.,(2,2),(30.,31.),.PIECEWISE_BEZIER_KNOTS.);
#1066 = CARTESIAN_POINT('',(16.498779064639,8.092471478009,
    4.441832125928));
#1067 = CARTESIAN_POINT('',(16.60813119325,8.070014727134,4.469903552908
    ));
#1068 = PCURVE('',#101,#1069);
#1069 = DEFINITIONAL_REPRESENTATION('',(#1070),#1073);
#1070 = B_SPLINE_CURVE_WITH_KNOTS('',1,(#1071,#1072),.UNSPECIFIED.,.F.,
  .F.,(2,2),(30.,31.),.PIECEWISE_BEZIER_KNOTS.);
#1071 = CARTESIAN_POINT('',(16.94120233277,0.877638677593));
#1072 = CARTESIAN_POINT('',(17.053945203132,0.854417052183));
#1073 = ( GEOMETRIC_REPRESENTATION_CONTEXT(2) 
PARAMETRIC_REPRESENTATION_CONTEXT() REPRESENTATION_CONTEXT('2D SPACE',''
  ) );
#1074 = PCURVE('',#1075,#1120);
#1075 = ( BOUNDED_SURFACE() B_SPLINE_SURFACE(1,3,(
    (#1076,#1077,#1078,#1079,#1080,#1081,#1082,#1083,#1084,#1085,#1086
      ,#1087,#1088,#1089,#1090,#1091,#1092,#1093,#1094,#1095,#1096,#1097
      )
    ,(#1098,#1099,#1100,#1101,#1102,#1103,#1104,#1105,#1106,#1107,#1108
      ,#1109,#1110,#1111,#1112,#1113,#1114,#1115,#1116,#1117,#1118,#1119
)),.UNSPECIFIED.,.F.,.F.,.F.) B_SPLINE_SURFACE_WITH_KNOTS((2,2),(4,1,1,1
    ,1,1,1,1,1,1,1,1,1,1,1,1,1,1,1,4),(30.,31.),(0.,5.24163189288E-02,
    0.104832637858,0.157248956786,0.209665275715,0.262081594644,
    0.314497913573,0.366914232502,0.41933055143,0.471746870359,
    0.524163189288,0.576579508217,0.628995827146,0.681412146074,
    0.733828465003,0.786244783932,0.838661102861,0.89107742179,
0.943493740718,1.),.UNSPECIFIED.) GEOMETRIC_REPRESENTATION_ITEM() 
RATIONAL_B_SPLINE_SURFACE((
    (1.,0.999999999991,1.000000000004,0.999999999999,1.,1.,1.,1.,1.,1.
      ,1.,1.,1.,1.,1.,1.,1.,0.999999999999,1.000000000003,0.99999999999
      ,1.000000000024,1.)
    ,(1.,0.999999999991,1.000000000004,0.999999999999,1.,1.,1.,1.,1.,1.
      ,1.,1.,1.,1.,1.,1.,1.,0.999999999999,1.000000000003,0.99999999999
,1.000000000024,1.))) REPRESENTATION_ITEM('') SURFACE() );
#1076 = CARTESIAN_POINT('',(16.498779064639,8.092471478009,
    4.441832125928));
#1077 = CARTESIAN_POINT('',(16.737821647769,8.092471478294,
    3.510620001403));
#1078 = CARTESIAN_POINT('',(17.192390555848,8.092471477877,
    1.642215751351));
#1079 = CARTESIAN_POINT('',(17.80324006992,8.092471478044,
    -1.176763848177));
#1080 = CARTESIAN_POINT('',(18.342701433042,8.092471477999,
    -4.010259079924));
#1081 = CARTESIAN_POINT('',(18.810429058956,8.092471478012,
    -6.856478216549));
#1082 = CARTESIAN_POINT('',(19.206124948223,8.092471478008,
    -9.713601282258));
#1083 = CARTESIAN_POINT('',(19.529536578564,8.092471478009,
    -12.57980674548));
#1084 = CARTESIAN_POINT('',(19.780457615312,8.092471478009,
    -15.45326581083));
#1085 = CARTESIAN_POINT('',(19.958728145375,8.092471478009,
    -18.33214553444));
#1086 = CARTESIAN_POINT('',(20.064233820569,8.092471478009,
    -21.21460906848));
#1087 = CARTESIAN_POINT('',(20.096909662951,8.092471478009,
    -24.09881858369));
#1088 = CARTESIAN_POINT('',(20.056726135411,8.092471478009,
    -26.98293036345));
#1089 = CARTESIAN_POINT('',(19.943741311572,8.092471478009,
    -29.86511854284));
#1090 = CARTESIAN_POINT('',(19.757906205378,8.092471478009,
    -32.74349210021));
#1091 = CARTESIAN_POINT('',(19.499791184738,8.092471478009,
    -35.61641019352));
#1092 = CARTESIAN_POINT('',(19.167874711461,8.092471478007,
    -38.48131086046));
#1093 = CARTESIAN_POINT('',(18.768661514328,8.092471478015,
    -41.33908790941));
#1094 = CARTESIAN_POINT('',(18.278920525977,8.092471477987,
    -44.17776166956));
#1095 = CARTESIAN_POINT('',(17.773809594496,8.092471478093,
    -47.10770002008));
#1096 = CARTESIAN_POINT('',(17.195756412007,8.092471477813,
    -48.99485646571));
#1097 = CARTESIAN_POINT('',(15.90452569735,8.092471478009,
    -49.54810487264));
#1098 = CARTESIAN_POINT('',(16.60813119325,8.070014727134,4.469903552908
    ));
#1099 = CARTESIAN_POINT('',(16.847410118887,8.070014727374,
    3.537770733845));
#1100 = CARTESIAN_POINT('',(17.302428462269,8.070014727023,
    1.667519181346));
#1101 = CARTESIAN_POINT('',(17.913881926619,8.070014727164,
    -1.154247559422));
#1102 = CARTESIAN_POINT('',(18.453876658346,8.070014727126,
    -3.990544284294));
#1103 = CARTESIAN_POINT('',(18.922066729251,8.070014727137,
    -6.839577494189));
#1104 = CARTESIAN_POINT('',(19.318153845332,8.070014727134,
    -9.699525413961));
#1105 = CARTESIAN_POINT('',(19.641885234609,8.070014727135,
    -12.56856471106));
#1106 = CARTESIAN_POINT('',(19.893054358463,8.070014727134,
    -15.44486478197));
#1107 = CARTESIAN_POINT('',(20.07150114552,8.070014727134,
    -18.32659087055));
#1108 = CARTESIAN_POINT('',(20.177111135185,8.070014727134,
    -21.21190431301));
#1109 = CARTESIAN_POINT('',(20.209819282864,8.070014727134,
    -24.09896546246));
#1110 = CARTESIAN_POINT('',(20.169596031221,8.070014727134,
    -26.98592878148));
#1111 = CARTESIAN_POINT('',(20.056499477801,8.070014727134,
    -29.8709665921));
#1112 = CARTESIAN_POINT('',(19.870480713118,8.070014727134,
    -32.7521860321));
#1113 = CARTESIAN_POINT('',(19.612110202494,8.070014727135,
    -35.62794452859));
#1114 = CARTESIAN_POINT('',(19.279866644429,8.070014727134,
    -38.49567799133));
#1115 = CARTESIAN_POINT('',(18.8802547013,8.070014727137,-41.35627960054
    ));
#1116 = CARTESIAN_POINT('',(18.390044586682,8.070014727124,
    -44.1977634834));
#1117 = CARTESIAN_POINT('',(17.884376492691,8.070014727173,
    -47.13058524226));
#1118 = CARTESIAN_POINT('',(17.305904505622,8.070014727045,
    -49.01964306483));
#1119 = CARTESIAN_POINT('',(16.014485706113,8.070014727134,
    -49.57369177392));
#1120 = DEFINITIONAL_REPRESENTATION('',(#1121),#1125);
#1121 = LINE('',#1122,#1123);
#1122 = CARTESIAN_POINT('',(0.,0.));
#1123 = VECTOR('',#1124,1.);
#1124 = DIRECTION('',(1.,0.));
#1125 = ( GEOMETRIC_REPRESENTATION_CONTEXT(2) 
PARAMETRIC_REPRESENTATION_CONTEXT() REPRESENTATION_CONTEXT('2D SPACE',''
  ) );
#1126 = ORIENTED_EDGE('',*,*,#1127,.F.);
#1127 = EDGE_CURVE('',#1128,#1062,#1130,.T.);
#1128 = VERTEX_POINT('',#1129);
#1129 = CARTESIAN_POINT('',(16.387523319381,8.1,4.413272027751));
#1130 = SURFACE_CURVE('',#1131,(#1134,#1140),.PCURVE_S1.);
#1131 = B_SPLINE_CURVE_WITH_KNOTS('',1,(#1132,#1133),.UNSPECIFIED.,.F.,
  .F.,(2,2),(29.,30.),.PIECEWISE_BEZIER_KNOTS.);
#1132 = CARTESIAN_POINT('',(16.387523319381,8.1,4.413272027751));
#1133 = CARTESIAN_POINT('',(16.498779064639,8.092471478009,
    4.441832125928));
#1134 = PCURVE('',#101,#1135);
#1135 = DEFINITIONAL_REPRESENTATION('',(#1136),#1139);
#1136 = B_SPLINE_CURVE_WITH_KNOTS('',1,(#1137,#1138),.UNSPECIFIED.,.F.,
  .F.,(2,2),(29.,30.),.PIECEWISE_BEZIER_KNOTS.);
#1137 = CARTESIAN_POINT('',(16.826392962951,0.885945741211));
#1138 = CARTESIAN_POINT('',(16.94120233277,0.877638677593));
#1139 = ( GEOMETRIC_REPRESENTATION_CONTEXT(2) 
PARAMETRIC_REPRESENTATION_CONTEXT() REPRESENTATION_CONTEXT('2D SPACE',''
  ) );
#1140 = PCURVE('',#1141,#1186);
#1141 = ( BOUNDED_SURFACE() B_SPLINE_SURFACE(1,3,(
    (#1142,#1143,#1144,#1145,#1146,#1147,#1148,#1149,#1150,#1151,#1152
      ,#1153,#1154,#1155,#1156,#1157,#1158,#1159,#1160,#1161,#1162,#1163
      )
    ,(#1164,#1165,#1166,#1167,#1168,#1169,#1170,#1171,#1172,#1173,#1174
      ,#1175,#1176,#1177,#1178,#1179,#1180,#1181,#1182,#1183,#1184,#1185
)),.UNSPECIFIED.,.F.,.F.,.F.) B_SPLINE_SURFACE_WITH_KNOTS((2,2),(4,1,1,1
    ,1,1,1,1,1,1,1,1,1,1,1,1,1,1,1,4),(29.,30.),(0.,5.24163189288E-02,
    0.104832637858,0.157248956786,0.209665275715,0.262081594644,
    0.314497913573,0.366914232502,0.41933055143,0.471746870359,
    0.524163189288,0.576579508217,0.628995827146,0.681412146074,
    0.733828465003,0.786244783932,0.838661102861,0.89107742179,
0.943493740718,1.),.UNSPECIFIED.) GEOMETRIC_REPRESENTATION_ITEM() 
RATIONAL_B_SPLINE_SURFACE((
    (1.,0.999999999991,1.000000000004,0.999999999999,1.,1.,1.,1.,1.,1.
      ,1.,1.,1.,1.,1.,1.,1.,0.999999999999,1.000000000003,0.99999999999
      ,1.000000000024,1.)
    ,(1.,0.999999999991,1.000000000004,0.999999999999,1.,1.,1.,1.,1.,1.
      ,1.,1.,1.,1.,1.,1.,1.,0.999999999999,1.000000000003,0.99999999999
,1.000000000024,1.))) REPRESENTATION_ITEM('') SURFACE() );
#1142 = CARTESIAN_POINT('',(16.387523319381,8.1,4.413272027751));
#1143 = CARTESIAN_POINT('',(16.626325445224,8.100000000091,
    3.482996625534));
#1144 = CARTESIAN_POINT('',(17.080437094897,8.099999999958,
    1.616471835733));
#1145 = CARTESIAN_POINT('',(17.690672144751,8.100000000011,
    -1.199672103509));
#1146 = CARTESIAN_POINT('',(18.229590854392,8.099999999997,
    -4.03031707339));
#1147 = CARTESIAN_POINT('',(18.696847984991,8.100000000001,
    -6.873673148968));
#1148 = CARTESIAN_POINT('',(19.092145836921,8.1,-9.727922185175));
#1149 = CARTESIAN_POINT('',(19.415232141917,8.1,-12.59124448276));
#1150 = CARTESIAN_POINT('',(19.665900772826,8.1,-15.46181308593));
#1151 = CARTESIAN_POINT('',(19.843991977589,8.1,-18.33779689467));
#1152 = CARTESIAN_POINT('',(19.949391522392,8.1,-21.2173609087));
#1153 = CARTESIAN_POINT('',(19.9820344971,8.1,-24.09866914803));
#1154 = CARTESIAN_POINT('',(19.941891385186,8.1,-26.97987974856));
#1155 = CARTESIAN_POINT('',(19.829020235931,8.1,-29.85916868995));
#1156 = CARTESIAN_POINT('',(19.643371985379,8.1,-32.73464682317));
#1157 = CARTESIAN_POINT('',(19.385516902328,8.1,-35.60467506719));
#1158 = CARTESIAN_POINT('',(19.053933207777,8.1,-38.46669362461));
#1159 = CARTESIAN_POINT('',(18.655125698054,8.099999999999,
    -41.32159694306));
#1160 = CARTESIAN_POINT('',(18.165862002618,8.100000000003,
    -44.15741166115));
#1161 = CARTESIAN_POINT('',(17.661317932673,8.09999999999,
    -47.08441640996));
#1162 = CARTESIAN_POINT('',(17.083690845728,8.100000000024,
    -48.96963837555));
#1163 = CARTESIAN_POINT('',(15.79265148988,8.1,-49.52207255112));
#1164 = CARTESIAN_POINT('',(16.498779064639,8.092471478009,
    4.441832125928));
#1165 = CARTESIAN_POINT('',(16.737821647769,8.092471478294,
    3.510620001403));
#1166 = CARTESIAN_POINT('',(17.192390555848,8.092471477877,
    1.642215751351));
#1167 = CARTESIAN_POINT('',(17.80324006992,8.092471478044,
    -1.176763848177));
#1168 = CARTESIAN_POINT('',(18.342701433042,8.092471477999,
    -4.010259079924));
#1169 = CARTESIAN_POINT('',(18.810429058956,8.092471478012,
    -6.856478216549));
#1170 = CARTESIAN_POINT('',(19.206124948223,8.092471478008,
    -9.713601282258));
#1171 = CARTESIAN_POINT('',(19.529536578564,8.092471478009,
    -12.57980674548));
#1172 = CARTESIAN_POINT('',(19.780457615312,8.092471478009,
    -15.45326581083));
#1173 = CARTESIAN_POINT('',(19.958728145375,8.092471478009,
    -18.33214553444));
#1174 = CARTESIAN_POINT('',(20.064233820569,8.092471478009,
    -21.21460906848));
#1175 = CARTESIAN_POINT('',(20.096909662951,8.092471478009,
    -24.09881858369));
#1176 = CARTESIAN_POINT('',(20.056726135411,8.092471478009,
    -26.98293036345));
#1177 = CARTESIAN_POINT('',(19.943741311572,8.092471478009,
    -29.86511854284));
#1178 = CARTESIAN_POINT('',(19.757906205378,8.092471478009,
    -32.74349210021));
#1179 = CARTESIAN_POINT('',(19.499791184738,8.092471478009,
    -35.61641019352));
#1180 = CARTESIAN_POINT('',(19.167874711461,8.092471478007,
    -38.48131086046));
#1181 = CARTESIAN_POINT('',(18.768661514328,8.092471478015,
    -41.33908790941));
#1182 = CARTESIAN_POINT('',(18.278920525977,8.092471477987,
    -44.17776166956));
#1183 = CARTESIAN_POINT('',(17.773809594496,8.092471478093,
    -47.10770002008));
#1184 = CARTESIAN_POINT('',(17.195756412007,8.092471477813,
    -48.99485646571));
#1185 = CARTESIAN_POINT('',(15.90452569735,8.092471478009,
    -49.54810487264));
#1186 = DEFINITIONAL_REPRESENTATION('',(#1187),#1191);
#1187 = LINE('',#1188,#1189);
#1188 = CARTESIAN_POINT('',(0.,0.));
#1189 = VECTOR('',#1190,1.);
#1190 = DIRECTION('',(1.,0.));
#1191 = ( GEOMETRIC_REPRESENTATION_CONTEXT(2) 
PARAMETRIC_REPRESENTATION_CONTEXT() REPRESENTATION_CONTEXT('2D SPACE',''
  ) );
#1192 = ORIENTED_EDGE('',*,*,#1193,.F.);
#1193 = EDGE_CURVE('',#1194,#1128,#1196,.T.);
#1194 = VERTEX_POINT('',#1195);
#1195 = CARTESIAN_POINT('',(0.948123159942,8.1,0.449874152603));
#1196 = SURFACE_CURVE('',#1197,(#1201,#1208),.PCURVE_S1.);
#1197 = LINE('',#1198,#1199);
#1198 = CARTESIAN_POINT('',(0.948123159942,8.1,0.449874152603));
#1199 = VECTOR('',#1200,1.);
#1200 = DIRECTION('',(0.968594740241,0.,0.248644785141));
#1201 = PCURVE('',#101,#1202);
#1202 = DEFINITIONAL_REPRESENTATION('',(#1203),#1207);
#1203 = LINE('',#1204,#1205);
#1204 = CARTESIAN_POINT('',(0.886759281836,0.994011054303));
#1205 = VECTOR('',#1206,1.);
#1206 = DIRECTION('',(0.99997701889,-6.779505212817E-03));
#1207 = ( GEOMETRIC_REPRESENTATION_CONTEXT(2) 
PARAMETRIC_REPRESENTATION_CONTEXT() REPRESENTATION_CONTEXT('2D SPACE',''
  ) );
#1208 = PCURVE('',#1209,#1214);
#1209 = PLANE('',#1210);
#1210 = AXIS2_PLACEMENT_3D('',#1211,#1212,#1213);
#1211 = CARTESIAN_POINT('',(3.569846665829,8.100000000001,
    -22.94208593691));
#1212 = DIRECTION('',(2.861645822047E-12,1.,-4.964768126556E-14));
#1213 = DIRECTION('',(0.999905548055,-2.860693180939E-12,
    1.374390660925E-02));
#1214 = DEFINITIONAL_REPRESENTATION('',(#1215),#1219);
#1215 = LINE('',#1216,#1217);
#1216 = CARTESIAN_POINT('',(-2.299978964125,-23.4257833964));
#1217 = VECTOR('',#1218,1.);
#1218 = DIRECTION('',(0.97192060529,-0.235309024505));
#1219 = ( GEOMETRIC_REPRESENTATION_CONTEXT(2) 
PARAMETRIC_REPRESENTATION_CONTEXT() REPRESENTATION_CONTEXT('2D SPACE',''
  ) );
#1220 = ORIENTED_EDGE('',*,*,#1221,.F.);
#1221 = EDGE_CURVE('',#1222,#1194,#1224,.T.);
#1222 = VERTEX_POINT('',#1223);
#1223 = CARTESIAN_POINT('',(0.836867414684,8.092471478009,0.421314054426
    ));
#1224 = SURFACE_CURVE('',#1225,(#1228,#1234),.PCURVE_S1.);
#1225 = B_SPLINE_CURVE_WITH_KNOTS('',1,(#1226,#1227),.UNSPECIFIED.,.F.,
  .F.,(2,2),(12.,13.),.PIECEWISE_BEZIER_KNOTS.);
#1226 = CARTESIAN_POINT('',(0.836867414684,8.092471478009,0.421314054426
    ));
#1227 = CARTESIAN_POINT('',(0.948123159942,8.1,0.449874152603));
#1228 = PCURVE('',#101,#1229);
#1229 = DEFINITIONAL_REPRESENTATION('',(#1230),#1233);
#1230 = B_SPLINE_CURVE_WITH_KNOTS('',1,(#1231,#1232),.UNSPECIFIED.,.F.,
  .F.,(2,2),(12.,13.),.PIECEWISE_BEZIER_KNOTS.);
#1231 = CARTESIAN_POINT('',(0.771847832709,0.987261419966));
#1232 = CARTESIAN_POINT('',(0.886759281836,0.994011054303));
#1233 = ( GEOMETRIC_REPRESENTATION_CONTEXT(2) 
PARAMETRIC_REPRESENTATION_CONTEXT() REPRESENTATION_CONTEXT('2D SPACE',''
  ) );
#1234 = PCURVE('',#1235,#1280);
#1235 = ( BOUNDED_SURFACE() B_SPLINE_SURFACE(1,3,(
    (#1236,#1237,#1238,#1239,#1240,#1241,#1242,#1243,#1244,#1245,#1246
      ,#1247,#1248,#1249,#1250,#1251,#1252,#1253,#1254,#1255,#1256,#1257
      )
    ,(#1258,#1259,#1260,#1261,#1262,#1263,#1264,#1265,#1266,#1267,#1268
      ,#1269,#1270,#1271,#1272,#1273,#1274,#1275,#1276,#1277,#1278,#1279
)),.UNSPECIFIED.,.F.,.F.,.F.) B_SPLINE_SURFACE_WITH_KNOTS((2,2),(4,1,1,1
    ,1,1,1,1,1,1,1,1,1,1,1,1,1,1,1,4),(12.,13.),(0.,5.24163189288E-02,
    0.104832637858,0.157248956786,0.209665275715,0.262081594644,
    0.314497913573,0.366914232502,0.41933055143,0.471746870359,
    0.524163189288,0.576579508217,0.628995827146,0.681412146074,
    0.733828465003,0.786244783932,0.838661102861,0.89107742179,
0.943493740718,1.),.UNSPECIFIED.) GEOMETRIC_REPRESENTATION_ITEM() 
RATIONAL_B_SPLINE_SURFACE((
    (1.,0.999999999991,1.000000000004,0.999999999999,1.,1.,1.,1.,1.,1.
      ,1.,1.,1.,1.,1.,1.,1.,0.999999999999,1.000000000003,0.99999999999
      ,1.000000000024,1.)
    ,(1.,0.999999999991,1.000000000004,0.999999999999,1.,1.,1.,1.,1.,1.
      ,1.,1.,1.,1.,1.,1.,1.,0.999999999999,1.000000000003,0.99999999999
,1.000000000024,1.))) REPRESENTATION_ITEM('') SURFACE() );
#1236 = CARTESIAN_POINT('',(0.836867414684,8.092471478009,0.421314054426
    ));
#1237 = CARTESIAN_POINT('',(1.042059903982,8.092471478294,
    -0.378031952947));
#1238 = CARTESIAN_POINT('',(1.432258692042,8.092471477877,
    -1.981857158463));
#1239 = CARTESIAN_POINT('',(1.956607663535,8.092471478044,
    -4.401649629022));
#1240 = CARTESIAN_POINT('',(2.419677543801,8.092471477999,-6.83390221724
    ));
#1241 = CARTESIAN_POINT('',(2.82117168183,8.092471478012,-9.277076916578
    ));
#1242 = CARTESIAN_POINT('',(3.160834283354,8.092471478008,
    -11.72961147389));
#1243 = CARTESIAN_POINT('',(3.43844856167,8.092471478009,-14.18994229377
    ));
#1244 = CARTESIAN_POINT('',(3.653837487502,8.092471478009,
    -16.65649957117));
#1245 = CARTESIAN_POINT('',(3.806863468037,8.092471478009,
    -19.12770984436));
#1246 = CARTESIAN_POINT('',(3.897429558733,8.092471478009,
    -21.60199665773));
#1247 = CARTESIAN_POINT('',(3.925475462929,8.092471478009,
    -24.07778137969));
#1248 = CARTESIAN_POINT('',(3.890992695221,8.092471478009,-26.553485302)
  );
#1249 = CARTESIAN_POINT('',(3.793968149472,8.092471478009,-29.0275264655
    ));
#1250 = CARTESIAN_POINT('',(3.634594731867,8.092471478009,
    -31.49833630279));
#1251 = CARTESIAN_POINT('',(3.412485176481,8.092471478009,
    -33.96430228617));
#1252 = CARTESIAN_POINT('',(3.129605913121,8.092471478007,-36.4239867339
    ));
#1253 = CARTESIAN_POINT('',(2.779327391064,8.092471478015,
    -38.87531496963));
#1254 = CARTESIAN_POINT('',(2.387288374722,8.092471477987,
    -41.31860989941));
#1255 = CARTESIAN_POINT('',(1.84514439625,8.092471478093,-43.8083873984)
  );
#1256 = CARTESIAN_POINT('',(1.636003413084,8.092471477813,
    -45.49510518147));
#1257 = CARTESIAN_POINT('',(2.573705642441,8.092471478009,
    -46.44611915427));
#1258 = CARTESIAN_POINT('',(0.948123159942,8.1,0.449874152603));
#1259 = CARTESIAN_POINT('',(1.15355610642,8.100000000091,-0.350408577182
    ));
#1260 = CARTESIAN_POINT('',(1.544212153042,8.099999999958,
    -1.956113242797));
#1261 = CARTESIAN_POINT('',(2.069175588691,8.100000000011,
    -4.378741373703));
#1262 = CARTESIAN_POINT('',(2.532788122453,8.099999999997,-6.81384422377
    ));
#1263 = CARTESIAN_POINT('',(2.934752755794,8.100000000001,-9.25988198416
    ));
#1264 = CARTESIAN_POINT('',(3.274813394657,8.1,-11.71529057098));
#1265 = CARTESIAN_POINT('',(3.552752998317,8.1,-14.17850455649));
#1266 = CARTESIAN_POINT('',(3.768394329988,8.1,-16.64795229607));
#1267 = CARTESIAN_POINT('',(3.921599635823,8.1,-19.12205848413));
#1268 = CARTESIAN_POINT('',(4.01227185691,8.1,-21.59924481751));
#1269 = CARTESIAN_POINT('',(4.04035062878,8.1,-24.07793081534));
#1270 = CARTESIAN_POINT('',(4.005827445446,8.1,-26.5565359169));
#1271 = CARTESIAN_POINT('',(3.908689225112,8.1,-29.03347631839));
#1272 = CARTESIAN_POINT('',(3.749128951866,8.1,-31.50718157983));
#1273 = CARTESIAN_POINT('',(3.526759458891,8.1,-33.9760374125));
#1274 = CARTESIAN_POINT('',(3.243547416807,8.1,-36.43860396974));
#1275 = CARTESIAN_POINT('',(2.892863207333,8.099999999999,
    -38.89280593598));
#1276 = CARTESIAN_POINT('',(2.500346898098,8.100000000003,
    -41.33895990779));
#1277 = CARTESIAN_POINT('',(1.957636058005,8.09999999999,-43.83167100861
    ));
#1278 = CARTESIAN_POINT('',(1.748068979521,8.100000000024,
    -45.52032327142));
#1279 = CARTESIAN_POINT('',(2.685579849911,8.1,-46.47215147579));
#1280 = DEFINITIONAL_REPRESENTATION('',(#1281),#1285);
#1281 = LINE('',#1282,#1283);
#1282 = CARTESIAN_POINT('',(0.,0.));
#1283 = VECTOR('',#1284,1.);
#1284 = DIRECTION('',(1.,0.));
#1285 = ( GEOMETRIC_REPRESENTATION_CONTEXT(2) 
PARAMETRIC_REPRESENTATION_CONTEXT() REPRESENTATION_CONTEXT('2D SPACE',''
  ) );
#1286 = ORIENTED_EDGE('',*,*,#1287,.F.);
#1287 = EDGE_CURVE('',#1288,#1222,#1290,.T.);
#1288 = VERTEX_POINT('',#1289);
#1289 = CARTESIAN_POINT('',(0.727515286073,8.070014727134,0.393242627447
    ));
#1290 = SURFACE_CURVE('',#1291,(#1294,#1300),.PCURVE_S1.);
#1291 = B_SPLINE_CURVE_WITH_KNOTS('',1,(#1292,#1293),.UNSPECIFIED.,.F.,
  .F.,(2,2),(11.,12.),.PIECEWISE_BEZIER_KNOTS.);
#1292 = CARTESIAN_POINT('',(0.727515286073,8.070014727134,0.393242627447
    ));
#1293 = CARTESIAN_POINT('',(0.836867414684,8.092471478009,0.421314054426
    ));
#1294 = PCURVE('',#101,#1295);
#1295 = DEFINITIONAL_REPRESENTATION('',(#1296),#1299);
#1296 = B_SPLINE_CURVE_WITH_KNOTS('',1,(#1297,#1298),.UNSPECIFIED.,.F.,
  .F.,(2,2),(11.,12.),.PIECEWISE_BEZIER_KNOTS.);
#1297 = CARTESIAN_POINT('',(0.658800471027,0.96557057579));
#1298 = CARTESIAN_POINT('',(0.771847832709,0.987261419966));
#1299 = ( GEOMETRIC_REPRESENTATION_CONTEXT(2) 
PARAMETRIC_REPRESENTATION_CONTEXT() REPRESENTATION_CONTEXT('2D SPACE',''
  ) );
#1300 = PCURVE('',#1301,#1346);
#1301 = ( BOUNDED_SURFACE() B_SPLINE_SURFACE(1,3,(
    (#1302,#1303,#1304,#1305,#1306,#1307,#1308,#1309,#1310,#1311,#1312
      ,#1313,#1314,#1315,#1316,#1317,#1318,#1319,#1320,#1321,#1322,#1323
      )
    ,(#1324,#1325,#1326,#1327,#1328,#1329,#1330,#1331,#1332,#1333,#1334
      ,#1335,#1336,#1337,#1338,#1339,#1340,#1341,#1342,#1343,#1344,#1345
)),.UNSPECIFIED.,.F.,.F.,.F.) B_SPLINE_SURFACE_WITH_KNOTS((2,2),(4,1,1,1
    ,1,1,1,1,1,1,1,1,1,1,1,1,1,1,1,4),(11.,12.),(0.,5.24163189288E-02,
    0.104832637858,0.157248956786,0.209665275715,0.262081594644,
    0.314497913573,0.366914232502,0.41933055143,0.471746870359,
    0.524163189288,0.576579508217,0.628995827146,0.681412146074,
    0.733828465003,0.786244783932,0.838661102861,0.89107742179,
0.943493740718,1.),.UNSPECIFIED.) GEOMETRIC_REPRESENTATION_ITEM() 
RATIONAL_B_SPLINE_SURFACE((
    (1.,0.999999999991,1.000000000004,0.999999999999,1.,1.,1.,1.,1.,1.
      ,1.,1.,1.,1.,1.,1.,1.,0.999999999999,1.000000000003,0.99999999999
      ,1.000000000024,1.)
    ,(1.,0.999999999991,1.000000000004,0.999999999999,1.,1.,1.,1.,1.,1.
      ,1.,1.,1.,1.,1.,1.,1.,0.999999999999,1.000000000003,0.99999999999
,1.000000000024,1.))) REPRESENTATION_ITEM('') SURFACE() );
#1302 = CARTESIAN_POINT('',(0.727515286073,8.070014727134,0.393242627447
    ));
#1303 = CARTESIAN_POINT('',(0.932471432582,8.070014727374,
    -0.405182684893));
#1304 = CARTESIAN_POINT('',(1.322220785751,8.070014727023,
    -2.007160588688));
#1305 = CARTESIAN_POINT('',(1.845965806801,8.070014727164,
    -4.424165917716));
#1306 = CARTESIAN_POINT('',(2.308502318506,8.070014727126,
    -6.853617012887));
#1307 = CARTESIAN_POINT('',(2.709534011533,8.070014727137,
    -9.293977638933));
#1308 = CARTESIAN_POINT('',(3.048805386246,8.070014727134,
    -11.74368734219));
#1309 = CARTESIAN_POINT('',(3.326099905625,8.070014727135,
    -14.20118432819));
#1310 = CARTESIAN_POINT('',(3.541240744351,8.070014727134,
    -16.66490060003));
#1311 = CARTESIAN_POINT('',(3.694090467892,8.070014727134,
    -19.13326450825));
#1312 = CARTESIAN_POINT('',(3.784552244118,8.070014727134,-21.6047014132
    ));
#1313 = CARTESIAN_POINT('',(3.812565843016,8.070014727134,
    -24.07763450092));
#1314 = CARTESIAN_POINT('',(3.778122799411,8.070014727134,
    -26.55048688398));
#1315 = CARTESIAN_POINT('',(3.681209983242,8.070014727134,
    -29.02167841624));
#1316 = CARTESIAN_POINT('',(3.522020224127,8.070014727134,-31.4896423709
    ));
#1317 = CARTESIAN_POINT('',(3.300166158725,8.070014727135,-33.9527679511
    ));
#1318 = CARTESIAN_POINT('',(3.017613980153,8.070014727134,
    -36.40961960303));
#1319 = CARTESIAN_POINT('',(2.667734204094,8.070014727137,
    -38.85812327851));
#1320 = CARTESIAN_POINT('',(2.276164314009,8.070014727124,
    -41.29860808551));
#1321 = CARTESIAN_POINT('',(1.734577498082,8.070014727173,
    -43.78550217642));
#1322 = CARTESIAN_POINT('',(1.525855319406,8.070014727045,
    -45.47031858188));
#1323 = CARTESIAN_POINT('',(2.463745633678,8.070014727134,
    -46.42053225298));
#1324 = CARTESIAN_POINT('',(0.836867414684,8.092471478009,0.421314054426
    ));
#1325 = CARTESIAN_POINT('',(1.042059903982,8.092471478294,
    -0.378031952947));
#1326 = CARTESIAN_POINT('',(1.432258692042,8.092471477877,
    -1.981857158463));
#1327 = CARTESIAN_POINT('',(1.956607663535,8.092471478044,
    -4.401649629022));
#1328 = CARTESIAN_POINT('',(2.419677543801,8.092471477999,-6.83390221724
    ));
#1329 = CARTESIAN_POINT('',(2.82117168183,8.092471478012,-9.277076916578
    ));
#1330 = CARTESIAN_POINT('',(3.160834283354,8.092471478008,
    -11.72961147389));
#1331 = CARTESIAN_POINT('',(3.43844856167,8.092471478009,-14.18994229377
    ));
#1332 = CARTESIAN_POINT('',(3.653837487502,8.092471478009,
    -16.65649957117));
#1333 = CARTESIAN_POINT('',(3.806863468037,8.092471478009,
    -19.12770984436));
#1334 = CARTESIAN_POINT('',(3.897429558733,8.092471478009,
    -21.60199665773));
#1335 = CARTESIAN_POINT('',(3.925475462929,8.092471478009,
    -24.07778137969));
#1336 = CARTESIAN_POINT('',(3.890992695221,8.092471478009,-26.553485302)
  );
#1337 = CARTESIAN_POINT('',(3.793968149472,8.092471478009,-29.0275264655
    ));
#1338 = CARTESIAN_POINT('',(3.634594731867,8.092471478009,
    -31.49833630279));
#1339 = CARTESIAN_POINT('',(3.412485176481,8.092471478009,
    -33.96430228617));
#1340 = CARTESIAN_POINT('',(3.129605913121,8.092471478007,-36.4239867339
    ));
#1341 = CARTESIAN_POINT('',(2.779327391064,8.092471478015,
    -38.87531496963));
#1342 = CARTESIAN_POINT('',(2.387288374722,8.092471477987,
    -41.31860989941));
#1343 = CARTESIAN_POINT('',(1.84514439625,8.092471478093,-43.8083873984)
  );
#1344 = CARTESIAN_POINT('',(1.636003413084,8.092471477813,
    -45.49510518147));
#1345 = CARTESIAN_POINT('',(2.573705642441,8.092471478009,
    -46.44611915427));
#1346 = DEFINITIONAL_REPRESENTATION('',(#1347),#1351);
#1347 = LINE('',#1348,#1349);
#1348 = CARTESIAN_POINT('',(0.,0.));
#1349 = VECTOR('',#1350,1.);
#1350 = DIRECTION('',(1.,0.));
#1351 = ( GEOMETRIC_REPRESENTATION_CONTEXT(2) 
PARAMETRIC_REPRESENTATION_CONTEXT() REPRESENTATION_CONTEXT('2D SPACE',''
  ) );
#1352 = ORIENTED_EDGE('',*,*,#1353,.F.);
#1353 = EDGE_CURVE('',#1354,#1288,#1356,.T.);
#1354 = VERTEX_POINT('',#1355);
#1355 = CARTESIAN_POINT('',(0.621937819348,8.03301398861,0.366140181564)
  );
#1356 = SURFACE_CURVE('',#1357,(#1360,#1366),.PCURVE_S1.);
#1357 = B_SPLINE_CURVE_WITH_KNOTS('',1,(#1358,#1359),.UNSPECIFIED.,.F.,
  .F.,(2,2),(10.,11.),.PIECEWISE_BEZIER_KNOTS.);
#1358 = CARTESIAN_POINT('',(0.621937819348,8.03301398861,0.366140181564)
  );
#1359 = CARTESIAN_POINT('',(0.727515286073,8.070014727134,0.393242627447
    ));
#1360 = PCURVE('',#101,#1361);
#1361 = DEFINITIONAL_REPRESENTATION('',(#1362),#1365);
#1362 = B_SPLINE_CURVE_WITH_KNOTS('',1,(#1363,#1364),.UNSPECIFIED.,.F.,
  .F.,(2,2),(10.,11.),.PIECEWISE_BEZIER_KNOTS.);
#1363 = CARTESIAN_POINT('',(0.549551468493,0.929309658132));
#1364 = CARTESIAN_POINT('',(0.658800471027,0.96557057579));
#1365 = ( GEOMETRIC_REPRESENTATION_CONTEXT(2) 
PARAMETRIC_REPRESENTATION_CONTEXT() REPRESENTATION_CONTEXT('2D SPACE',''
  ) );
#1366 = PCURVE('',#1367,#1412);
#1367 = ( BOUNDED_SURFACE() B_SPLINE_SURFACE(1,3,(
    (#1368,#1369,#1370,#1371,#1372,#1373,#1374,#1375,#1376,#1377,#1378
      ,#1379,#1380,#1381,#1382,#1383,#1384,#1385,#1386,#1387,#1388,#1389
      )
    ,(#1390,#1391,#1392,#1393,#1394,#1395,#1396,#1397,#1398,#1399,#1400
      ,#1401,#1402,#1403,#1404,#1405,#1406,#1407,#1408,#1409,#1410,#1411
)),.UNSPECIFIED.,.F.,.F.,.F.) B_SPLINE_SURFACE_WITH_KNOTS((2,2),(4,1,1,1
    ,1,1,1,1,1,1,1,1,1,1,1,1,1,1,1,4),(10.,11.),(0.,5.24163189288E-02,
    0.104832637858,0.157248956786,0.209665275715,0.262081594644,
    0.314497913573,0.366914232502,0.41933055143,0.471746870359,
    0.524163189288,0.576579508217,0.628995827146,0.681412146074,
    0.733828465003,0.786244783932,0.838661102861,0.89107742179,
0.943493740718,1.),.UNSPECIFIED.) GEOMETRIC_REPRESENTATION_ITEM() 
RATIONAL_B_SPLINE_SURFACE((
    (1.,0.999999999991,1.000000000004,0.999999999999,1.,1.,1.,1.,1.,1.
      ,1.,1.,1.,1.,1.,1.,1.,0.999999999999,1.000000000003,0.99999999999
      ,1.000000000024,1.)
    ,(1.,0.999999999991,1.000000000004,0.999999999999,1.,1.,1.,1.,1.,1.
      ,1.,1.,1.,1.,1.,1.,1.,0.999999999999,1.000000000003,0.99999999999
,1.000000000024,1.))) REPRESENTATION_ITEM('') SURFACE() );
#1368 = CARTESIAN_POINT('',(0.621937819348,8.03301398861,0.366140181564)
  );
#1369 = CARTESIAN_POINT('',(0.826665781295,8.033013988829,
    -0.431396217136));
#1370 = CARTESIAN_POINT('',(1.215981213281,8.033013988508,
    -2.031590584457));
#1371 = CARTESIAN_POINT('',(1.739143131327,8.033013988637,
    -4.445904979925));
#1372 = CARTESIAN_POINT('',(2.201164685498,8.033013988603,
    -6.872651285069));
#1373 = CARTESIAN_POINT('',(2.601749896393,8.033013988612,
    -9.310294975187));
#1374 = CARTESIAN_POINT('',(2.940643548823,8.033013988609,
    -11.75727733386));
#1375 = CARTESIAN_POINT('',(3.217629346836,8.03301398861,-14.21203830543
    ));
#1376 = CARTESIAN_POINT('',(3.43253066203,8.03301398861,-16.67301163871)
  );
#1377 = CARTESIAN_POINT('',(3.585210212688,8.03301398861,-19.13862743396
    ));
#1378 = CARTESIAN_POINT('',(3.675571275213,8.03301398861,-21.60731280481
    ));
#1379 = CARTESIAN_POINT('',(3.703553683941,8.03301398861,-24.07749269217
    ));
#1380 = CARTESIAN_POINT('',(3.669148993226,8.03301398861,-26.54759196658
    ));
#1381 = CARTESIAN_POINT('',(3.57234404991,8.03301398861,-29.01603223236)
  );
#1382 = CARTESIAN_POINT('',(3.413331609685,8.03301398861,-31.48124853973
    ));
#1383 = CARTESIAN_POINT('',(3.191724215159,8.03301398861,-33.94163176297
    ));
#1384 = CARTESIAN_POINT('',(2.909487830926,8.033013988609,
    -36.39574840269));
#1385 = CARTESIAN_POINT('',(2.559993036786,8.033013988615,
    -38.84152501735));
#1386 = CARTESIAN_POINT('',(2.168876079468,8.03301398859,-41.27929670219
    ));
#1387 = CARTESIAN_POINT('',(1.627827193707,8.033013988686,
    -43.76340691709));
#1388 = CARTESIAN_POINT('',(1.419509363086,8.033013988433,
    -45.44638757375));
#1389 = CARTESIAN_POINT('',(2.357581269859,8.03301398861,-46.39582857091
    ));
#1390 = CARTESIAN_POINT('',(0.727515286073,8.070014727134,0.393242627447
    ));
#1391 = CARTESIAN_POINT('',(0.932471432582,8.070014727374,
    -0.405182684893));
#1392 = CARTESIAN_POINT('',(1.322220785751,8.070014727023,
    -2.007160588688));
#1393 = CARTESIAN_POINT('',(1.845965806801,8.070014727164,
    -4.424165917716));
#1394 = CARTESIAN_POINT('',(2.308502318506,8.070014727126,
    -6.853617012887));
#1395 = CARTESIAN_POINT('',(2.709534011533,8.070014727137,
    -9.293977638933));
#1396 = CARTESIAN_POINT('',(3.048805386246,8.070014727134,
    -11.74368734219));
#1397 = CARTESIAN_POINT('',(3.326099905625,8.070014727135,
    -14.20118432819));
#1398 = CARTESIAN_POINT('',(3.541240744351,8.070014727134,
    -16.66490060003));
#1399 = CARTESIAN_POINT('',(3.694090467892,8.070014727134,
    -19.13326450825));
#1400 = CARTESIAN_POINT('',(3.784552244118,8.070014727134,-21.6047014132
    ));
#1401 = CARTESIAN_POINT('',(3.812565843016,8.070014727134,
    -24.07763450092));
#1402 = CARTESIAN_POINT('',(3.778122799411,8.070014727134,
    -26.55048688398));
#1403 = CARTESIAN_POINT('',(3.681209983242,8.070014727134,
    -29.02167841624));
#1404 = CARTESIAN_POINT('',(3.522020224127,8.070014727134,-31.4896423709
    ));
#1405 = CARTESIAN_POINT('',(3.300166158725,8.070014727135,-33.9527679511
    ));
#1406 = CARTESIAN_POINT('',(3.017613980153,8.070014727134,
    -36.40961960303));
#1407 = CARTESIAN_POINT('',(2.667734204094,8.070014727137,
    -38.85812327851));
#1408 = CARTESIAN_POINT('',(2.276164314009,8.070014727124,
    -41.29860808551));
#1409 = CARTESIAN_POINT('',(1.734577498082,8.070014727173,
    -43.78550217642));
#1410 = CARTESIAN_POINT('',(1.525855319406,8.070014727045,
    -45.47031858188));
#1411 = CARTESIAN_POINT('',(2.463745633678,8.070014727134,
    -46.42053225298));
#1412 = DEFINITIONAL_REPRESENTATION('',(#1413),#1417);
#1413 = LINE('',#1414,#1415);
#1414 = CARTESIAN_POINT('',(0.,0.));
#1415 = VECTOR('',#1416,1.);
#1416 = DIRECTION('',(1.,0.));
#1417 = ( GEOMETRIC_REPRESENTATION_CONTEXT(2) 
PARAMETRIC_REPRESENTATION_CONTEXT() REPRESENTATION_CONTEXT('2D SPACE',''
  ) );
#1418 = ORIENTED_EDGE('',*,*,#1419,.F.);
#1419 = EDGE_CURVE('',#1420,#1354,#1422,.T.);
#1420 = VERTEX_POINT('',#1421);
#1421 = CARTESIAN_POINT('',(0.521941474236,7.98210235533,0.340470447141)
  );
#1422 = SURFACE_CURVE('',#1423,(#1426,#1432),.PCURVE_S1.);
#1423 = B_SPLINE_CURVE_WITH_KNOTS('',1,(#1424,#1425),.UNSPECIFIED.,.F.,
  .F.,(2,2),(9.,10.),.PIECEWISE_BEZIER_KNOTS.);
#1424 = CARTESIAN_POINT('',(0.521941474236,7.98210235533,0.340470447141)
  );
#1425 = CARTESIAN_POINT('',(0.621937819348,8.03301398861,0.366140181564)
  );
#1426 = PCURVE('',#101,#1427);
#1427 = DEFINITIONAL_REPRESENTATION('',(#1428),#1431);
#1428 = B_SPLINE_CURVE_WITH_KNOTS('',1,(#1429,#1430),.UNSPECIFIED.,.F.,
  .F.,(2,2),(9.,10.),.PIECEWISE_BEZIER_KNOTS.);
#1429 = CARTESIAN_POINT('',(0.445970105828,0.879099101346));
#1430 = CARTESIAN_POINT('',(0.549551468493,0.929309658132));
#1431 = ( GEOMETRIC_REPRESENTATION_CONTEXT(2) 
PARAMETRIC_REPRESENTATION_CONTEXT() REPRESENTATION_CONTEXT('2D SPACE',''
  ) );
#1432 = PCURVE('',#1433,#1478);
#1433 = ( BOUNDED_SURFACE() B_SPLINE_SURFACE(1,3,(
    (#1434,#1435,#1436,#1437,#1438,#1439,#1440,#1441,#1442,#1443,#1444
      ,#1445,#1446,#1447,#1448,#1449,#1450,#1451,#1452,#1453,#1454,#1455
      )
    ,(#1456,#1457,#1458,#1459,#1460,#1461,#1462,#1463,#1464,#1465,#1466
      ,#1467,#1468,#1469,#1470,#1471,#1472,#1473,#1474,#1475,#1476,#1477
)),.UNSPECIFIED.,.F.,.F.,.F.) B_SPLINE_SURFACE_WITH_KNOTS((2,2),(4,1,1,1
    ,1,1,1,1,1,1,1,1,1,1,1,1,1,1,1,4),(9.,10.),(0.,5.24163189288E-02,
    0.104832637858,0.157248956786,0.209665275715,0.262081594644,
    0.314497913573,0.366914232502,0.41933055143,0.471746870359,
    0.524163189288,0.576579508217,0.628995827146,0.681412146074,
    0.733828465003,0.786244783932,0.838661102861,0.89107742179,
0.943493740718,1.),.UNSPECIFIED.) GEOMETRIC_REPRESENTATION_ITEM() 
RATIONAL_B_SPLINE_SURFACE((
    (1.,0.999999999991,1.000000000004,0.999999999999,1.,1.,1.,1.,1.,1.
      ,1.,1.,1.,1.,1.,1.,1.,0.999999999999,1.000000000003,0.99999999999
      ,1.000000000024,1.)
    ,(1.,0.999999999991,1.000000000004,0.999999999999,1.,1.,1.,1.,1.,1.
      ,1.,1.,1.,1.,1.,1.,1.,0.999999999999,1.000000000003,0.99999999999
,1.000000000024,1.))) REPRESENTATION_ITEM('') SURFACE() );
#1434 = CARTESIAN_POINT('',(0.521941474236,7.98210235533,0.340470447141)
  );
#1435 = CARTESIAN_POINT('',(0.726453314076,7.98210235554,-0.456224028326
    ));
#1436 = CARTESIAN_POINT('',(1.115357763205,7.982102355233,
    -2.054729142019));
#1437 = CARTESIAN_POINT('',(1.637967402697,7.982102355356,
    -4.466494854201));
#1438 = CARTESIAN_POINT('',(2.099501221442,7.982102355323,
    -6.890679352131));
#1439 = CARTESIAN_POINT('',(2.499663552503,7.982102355332,
    -9.325749731186));
#1440 = CARTESIAN_POINT('',(2.838199450112,7.98210235533,-11.77014892037
    ));
#1441 = CARTESIAN_POINT('',(3.114892846637,7.98210235533,-14.22231851092
    ));
#1442 = CARTESIAN_POINT('',(3.329567300186,7.98210235533,-16.68069390508
    ));
#1443 = CARTESIAN_POINT('',(3.482085673779,7.98210235533,-19.14370686034
    ));
#1444 = CARTESIAN_POINT('',(3.572351346612,7.98210235533,-21.60978615092
    ));
#1445 = CARTESIAN_POINT('',(3.60030421397,7.98210235533,-24.07735837983)
  );
#1446 = CARTESIAN_POINT('',(3.565935848703,7.98210235533,-26.54485008266
    ));
#1447 = CARTESIAN_POINT('',(3.469233075778,7.98210235533,-29.01068452162
    ));
#1448 = CARTESIAN_POINT('',(3.310388580869,7.98210235533,-31.47329843007
    ));
#1449 = CARTESIAN_POINT('',(3.089014817503,7.982102355331,
    -33.93108426504));
#1450 = CARTESIAN_POINT('',(2.807077533833,7.982102355329,-36.382610473)
  );
#1451 = CARTESIAN_POINT('',(2.457947370385,7.982102355334,
    -38.82580418685));
#1452 = CARTESIAN_POINT('',(2.067259402535,7.982102355318,
    -41.26100617317));
#1453 = CARTESIAN_POINT('',(1.526720010438,7.982102355378,
    -43.74247967412));
#1454 = CARTESIAN_POINT('',(1.318785152904,7.982102355218,
    -45.42372162865));
#1455 = CARTESIAN_POINT('',(2.257029052683,7.98210235533,-46.37243079491
    ));
#1456 = CARTESIAN_POINT('',(0.621937819348,8.03301398861,0.366140181564)
  );
#1457 = CARTESIAN_POINT('',(0.826665781295,8.033013988829,
    -0.431396217136));
#1458 = CARTESIAN_POINT('',(1.215981213281,8.033013988508,
    -2.031590584457));
#1459 = CARTESIAN_POINT('',(1.739143131327,8.033013988637,
    -4.445904979925));
#1460 = CARTESIAN_POINT('',(2.201164685498,8.033013988603,
    -6.872651285069));
#1461 = CARTESIAN_POINT('',(2.601749896393,8.033013988612,
    -9.310294975187));
#1462 = CARTESIAN_POINT('',(2.940643548823,8.033013988609,
    -11.75727733386));
#1463 = CARTESIAN_POINT('',(3.217629346836,8.03301398861,-14.21203830543
    ));
#1464 = CARTESIAN_POINT('',(3.43253066203,8.03301398861,-16.67301163871)
  );
#1465 = CARTESIAN_POINT('',(3.585210212688,8.03301398861,-19.13862743396
    ));
#1466 = CARTESIAN_POINT('',(3.675571275213,8.03301398861,-21.60731280481
    ));
#1467 = CARTESIAN_POINT('',(3.703553683941,8.03301398861,-24.07749269217
    ));
#1468 = CARTESIAN_POINT('',(3.669148993226,8.03301398861,-26.54759196658
    ));
#1469 = CARTESIAN_POINT('',(3.57234404991,8.03301398861,-29.01603223236)
  );
#1470 = CARTESIAN_POINT('',(3.413331609685,8.03301398861,-31.48124853973
    ));
#1471 = CARTESIAN_POINT('',(3.191724215159,8.03301398861,-33.94163176297
    ));
#1472 = CARTESIAN_POINT('',(2.909487830926,8.033013988609,
    -36.39574840269));
#1473 = CARTESIAN_POINT('',(2.559993036786,8.033013988615,
    -38.84152501735));
#1474 = CARTESIAN_POINT('',(2.168876079468,8.03301398859,-41.27929670219
    ));
#1475 = CARTESIAN_POINT('',(1.627827193707,8.033013988686,
    -43.76340691709));
#1476 = CARTESIAN_POINT('',(1.419509363086,8.033013988433,
    -45.44638757375));
#1477 = CARTESIAN_POINT('',(2.357581269859,8.03301398861,-46.39582857091
    ));
#1478 = DEFINITIONAL_REPRESENTATION('',(#1479),#1483);
#1479 = LINE('',#1480,#1481);
#1480 = CARTESIAN_POINT('',(0.,0.));
#1481 = VECTOR('',#1482,1.);
#1482 = DIRECTION('',(1.,0.));
#1483 = ( GEOMETRIC_REPRESENTATION_CONTEXT(2) 
PARAMETRIC_REPRESENTATION_CONTEXT() REPRESENTATION_CONTEXT('2D SPACE',''
  ) );
#1484 = ORIENTED_EDGE('',*,*,#1485,.F.);
#1485 = EDGE_CURVE('',#1486,#1420,#1488,.T.);
#1486 = VERTEX_POINT('',#1487);
#1487 = CARTESIAN_POINT('',(0.429237215927,7.918150939456,0.316672640451
    ));
#1488 = SURFACE_CURVE('',#1489,(#1492,#1498),.PCURVE_S1.);
#1489 = B_SPLINE_CURVE_WITH_KNOTS('',1,(#1490,#1491),.UNSPECIFIED.,.F.,
  .F.,(2,2),(8.,9.),.PIECEWISE_BEZIER_KNOTS.);
#1490 = CARTESIAN_POINT('',(0.429237215927,7.918150939456,0.316672640451
    ));
#1491 = CARTESIAN_POINT('',(0.521941474236,7.98210235533,0.340470447141)
  );
#1492 = PCURVE('',#101,#1493);
#1493 = DEFINITIONAL_REPRESENTATION('',(#1494),#1497);
#1494 = B_SPLINE_CURVE_WITH_KNOTS('',1,(#1495,#1496),.UNSPECIFIED.,.F.,
  .F.,(2,2),(8.,9.),.PIECEWISE_BEZIER_KNOTS.);
#1495 = CARTESIAN_POINT('',(0.349828688866,0.81579802198));
#1496 = CARTESIAN_POINT('',(0.445970105828,0.879099101346));
#1497 = ( GEOMETRIC_REPRESENTATION_CONTEXT(2) 
PARAMETRIC_REPRESENTATION_CONTEXT() REPRESENTATION_CONTEXT('2D SPACE',''
  ) );
#1498 = PCURVE('',#1499,#1544);
#1499 = ( BOUNDED_SURFACE() B_SPLINE_SURFACE(1,3,(
    (#1500,#1501,#1502,#1503,#1504,#1505,#1506,#1507,#1508,#1509,#1510
      ,#1511,#1512,#1513,#1514,#1515,#1516,#1517,#1518,#1519,#1520,#1521
      )
    ,(#1522,#1523,#1524,#1525,#1526,#1527,#1528,#1529,#1530,#1531,#1532
      ,#1533,#1534,#1535,#1536,#1537,#1538,#1539,#1540,#1541,#1542,#1543
)),.UNSPECIFIED.,.F.,.F.,.F.) B_SPLINE_SURFACE_WITH_KNOTS((2,2),(4,1,1,1
    ,1,1,1,1,1,1,1,1,1,1,1,1,1,1,1,4),(8.,9.),(0.,5.24163189288E-02,
    0.104832637858,0.157248956786,0.209665275715,0.262081594644,
    0.314497913573,0.366914232502,0.41933055143,0.471746870359,
    0.524163189288,0.576579508217,0.628995827146,0.681412146074,
    0.733828465003,0.786244783932,0.838661102861,0.89107742179,
0.943493740718,1.),.UNSPECIFIED.) GEOMETRIC_REPRESENTATION_ITEM() 
RATIONAL_B_SPLINE_SURFACE((
    (1.,0.999999999991,1.000000000004,0.999999999999,1.,1.,1.,1.,1.,1.
      ,1.,1.,1.,1.,1.,1.,1.,0.999999999999,1.000000000003,0.99999999999
      ,1.000000000024,1.)
    ,(1.,0.999999999991,1.000000000004,0.999999999999,1.,1.,1.,1.,1.,1.
      ,1.,1.,1.,1.,1.,1.,1.,0.999999999999,1.000000000003,0.99999999999
,1.000000000024,1.))) REPRESENTATION_ITEM('') SURFACE() );
#1500 = CARTESIAN_POINT('',(0.429237215927,7.918150939456,0.316672640451
    ));
#1501 = CARTESIAN_POINT('',(0.633548694081,7.918150939541,
    -0.479241307154));
#1502 = CARTESIAN_POINT('',(1.022072130625,7.918150939417,
    -2.076180354508));
#1503 = CARTESIAN_POINT('',(1.544169765686,7.918150939467,
    -4.485583242015));
#1504 = CARTESIAN_POINT('',(2.00525141639,7.918150939453,-6.907392748866
    ));
#1505 = CARTESIAN_POINT('',(2.405021705511,7.918150939457,
    -9.340077471765));
#1506 = CARTESIAN_POINT('',(2.743225937044,7.918150939456,
    -11.78208186532));
#1507 = CARTESIAN_POINT('',(3.019648255032,7.918150939456,
    -14.23184904751));
#1508 = CARTESIAN_POINT('',(3.234112390488,7.918150939456,
    -16.68781595345));
#1509 = CARTESIAN_POINT('',(3.386481340616,7.918150939456,
    -19.14841587701));
#1510 = CARTESIAN_POINT('',(3.476658579912,7.918150939456,
    -21.61207913188));
#1511 = CARTESIAN_POINT('',(3.50458406016,7.918150939456,-24.07723386202
    ));
#1512 = CARTESIAN_POINT('',(3.470249371362,7.918150939456,-26.5423081466
    ));
#1513 = CARTESIAN_POINT('',(3.373641318202,7.918150939456,
    -29.00572678485));
#1514 = CARTESIAN_POINT('',(3.214952521442,7.918150939456,-31.4659280705
    ));
#1515 = CARTESIAN_POINT('',(2.993795352027,7.918150939456,
    -33.92130592792));
#1516 = CARTESIAN_POINT('',(2.712135357448,7.918150939456,
    -36.37043060756));
#1517 = CARTESIAN_POINT('',(2.36334323454,7.918150939458,-38.8112297749)
  );
#1518 = CARTESIAN_POINT('',(1.97305297271,7.91815093945,-41.24404945396)
  );
#1519 = CARTESIAN_POINT('',(1.432985920279,7.918150939481,
    -43.72307852034));
#1520 = CARTESIAN_POINT('',(1.225406107867,7.918150939398,
    -45.40270856274));
#1521 = CARTESIAN_POINT('',(2.163809458464,7.918150939456,-46.3507392674
    ));
#1522 = CARTESIAN_POINT('',(0.521941474236,7.98210235533,0.340470447141)
  );
#1523 = CARTESIAN_POINT('',(0.726453314076,7.98210235554,-0.456224028326
    ));
#1524 = CARTESIAN_POINT('',(1.115357763205,7.982102355233,
    -2.054729142019));
#1525 = CARTESIAN_POINT('',(1.637967402697,7.982102355356,
    -4.466494854201));
#1526 = CARTESIAN_POINT('',(2.099501221442,7.982102355323,
    -6.890679352131));
#1527 = CARTESIAN_POINT('',(2.499663552503,7.982102355332,
    -9.325749731186));
#1528 = CARTESIAN_POINT('',(2.838199450112,7.98210235533,-11.77014892037
    ));
#1529 = CARTESIAN_POINT('',(3.114892846637,7.98210235533,-14.22231851092
    ));
#1530 = CARTESIAN_POINT('',(3.329567300186,7.98210235533,-16.68069390508
    ));
#1531 = CARTESIAN_POINT('',(3.482085673779,7.98210235533,-19.14370686034
    ));
#1532 = CARTESIAN_POINT('',(3.572351346612,7.98210235533,-21.60978615092
    ));
#1533 = CARTESIAN_POINT('',(3.60030421397,7.98210235533,-24.07735837983)
  );
#1534 = CARTESIAN_POINT('',(3.565935848703,7.98210235533,-26.54485008266
    ));
#1535 = CARTESIAN_POINT('',(3.469233075778,7.98210235533,-29.01068452162
    ));
#1536 = CARTESIAN_POINT('',(3.310388580869,7.98210235533,-31.47329843007
    ));
#1537 = CARTESIAN_POINT('',(3.089014817503,7.982102355331,
    -33.93108426504));
#1538 = CARTESIAN_POINT('',(2.807077533833,7.982102355329,-36.382610473)
  );
#1539 = CARTESIAN_POINT('',(2.457947370385,7.982102355334,
    -38.82580418685));
#1540 = CARTESIAN_POINT('',(2.067259402535,7.982102355318,
    -41.26100617317));
#1541 = CARTESIAN_POINT('',(1.526720010438,7.982102355378,
    -43.74247967412));
#1542 = CARTESIAN_POINT('',(1.318785152904,7.982102355218,
    -45.42372162865));
#1543 = CARTESIAN_POINT('',(2.257029052683,7.98210235533,-46.37243079491
    ));
#1544 = DEFINITIONAL_REPRESENTATION('',(#1545),#1549);
#1545 = LINE('',#1546,#1547);
#1546 = CARTESIAN_POINT('',(0.,0.));
#1547 = VECTOR('',#1548,1.);
#1548 = DIRECTION('',(1.,0.));
#1549 = ( GEOMETRIC_REPRESENTATION_CONTEXT(2) 
PARAMETRIC_REPRESENTATION_CONTEXT() REPRESENTATION_CONTEXT('2D SPACE',''
  ) );
#1550 = ORIENTED_EDGE('',*,*,#1551,.F.);
#1551 = EDGE_CURVE('',#1552,#1486,#1554,.T.);
#1552 = VERTEX_POINT('',#1553);
#1553 = CARTESIAN_POINT('',(0.345411239982,7.842253967444,0.295153948565
    ));
#1554 = SURFACE_CURVE('',#1555,(#1558,#1564),.PCURVE_S1.);
#1555 = B_SPLINE_CURVE_WITH_KNOTS('',1,(#1556,#1557),.UNSPECIFIED.,.F.,
  .F.,(2,2),(7.,8.),.PIECEWISE_BEZIER_KNOTS.);
#1556 = CARTESIAN_POINT('',(0.345411239982,7.842253967444,0.295153948565
    ));
#1557 = CARTESIAN_POINT('',(0.429237215927,7.918150939456,0.316672640451
    ));
#1558 = PCURVE('',#101,#1559);
#1559 = DEFINITIONAL_REPRESENTATION('',(#1560),#1563);
#1560 = B_SPLINE_CURVE_WITH_KNOTS('',1,(#1561,#1562),.UNSPECIFIED.,.F.,
  .F.,(2,2),(7.,8.),.PIECEWISE_BEZIER_KNOTS.);
#1561 = CARTESIAN_POINT('',(0.262772223908,0.740489519053));
#1562 = CARTESIAN_POINT('',(0.349828688866,0.81579802198));
#1563 = ( GEOMETRIC_REPRESENTATION_CONTEXT(2) 
PARAMETRIC_REPRESENTATION_CONTEXT() REPRESENTATION_CONTEXT('2D SPACE',''
  ) );
#1564 = PCURVE('',#1565,#1610);
#1565 = ( BOUNDED_SURFACE() B_SPLINE_SURFACE(1,3,(
    (#1566,#1567,#1568,#1569,#1570,#1571,#1572,#1573,#1574,#1575,#1576
      ,#1577,#1578,#1579,#1580,#1581,#1582,#1583,#1584,#1585,#1586,#1587
      )
    ,(#1588,#1589,#1590,#1591,#1592,#1593,#1594,#1595,#1596,#1597,#1598
      ,#1599,#1600,#1601,#1602,#1603,#1604,#1605,#1606,#1607,#1608,#1609
)),.UNSPECIFIED.,.F.,.F.,.F.) B_SPLINE_SURFACE_WITH_KNOTS((2,2),(4,1,1,1
    ,1,1,1,1,1,1,1,1,1,1,1,1,1,1,1,4),(7.,8.),(0.,5.24163189288E-02,
    0.104832637858,0.157248956786,0.209665275715,0.262081594644,
    0.314497913573,0.366914232502,0.41933055143,0.471746870359,
    0.524163189288,0.576579508217,0.628995827146,0.681412146074,
    0.733828465003,0.786244783932,0.838661102861,0.89107742179,
0.943493740718,1.),.UNSPECIFIED.) GEOMETRIC_REPRESENTATION_ITEM() 
RATIONAL_B_SPLINE_SURFACE((
    (1.,0.999999999991,1.000000000004,0.999999999999,1.,1.,1.,1.,1.,1.
      ,1.,1.,1.,1.,1.,1.,1.,0.999999999999,1.000000000003,0.99999999999
      ,1.000000000024,1.)
    ,(1.,0.999999999991,1.000000000004,0.999999999999,1.,1.,1.,1.,1.,1.
      ,1.,1.,1.,1.,1.,1.,1.,0.999999999999,1.000000000003,0.99999999999
,1.000000000024,1.))) REPRESENTATION_ITEM('') SURFACE() );
#1566 = CARTESIAN_POINT('',(0.345411239982,7.842253967444,0.295153948565
    ));
#1567 = CARTESIAN_POINT('',(0.549541544879,7.842253967417,
    -0.500054222851));
#1568 = CARTESIAN_POINT('',(0.937720458688,7.842253967457,-2.09557718515
    ));
#1569 = CARTESIAN_POINT('',(1.459355123842,7.842253967441,
    -4.502843535914));
#1570 = CARTESIAN_POINT('',(1.920027910647,7.842253967445,-6.92250550438
    ));
#1571 = CARTESIAN_POINT('',(2.319443703657,7.842253967444,
    -9.353033045323));
#1572 = CARTESIAN_POINT('',(2.657348032761,7.842253967444,
    -11.79287199271));
#1573 = CARTESIAN_POINT('',(2.933525233389,7.842253967444,
    -14.24046684507));
#1574 = CARTESIAN_POINT('',(3.147799192906,7.842253967444,
    -16.69425592359));
#1575 = CARTESIAN_POINT('',(3.300033029847,7.842253967444,
    -19.15267391138));
#1576 = CARTESIAN_POINT('',(3.390130304881,7.842253967444,
    -21.61415251418));
#1577 = CARTESIAN_POINT('',(3.418031020882,7.842253967444,
    -24.07712126928));
#1578 = CARTESIAN_POINT('',(3.383726783359,7.842253967444,
    -26.54000965163));
#1579 = CARTESIAN_POINT('',(3.287204378656,7.842253967444,
    -29.00124385029));
#1580 = CARTESIAN_POINT('',(3.128656368841,7.842253967444,-31.4592635699
    ));
#1581 = CARTESIAN_POINT('',(2.907695050184,7.842253967444,
    -33.91246406169));
#1582 = CARTESIAN_POINT('',(2.626285788737,7.842253967446,
    -36.35941720725));
#1583 = CARTESIAN_POINT('',(2.27779933223,7.842253967438,-38.79805115367
    ));
#1584 = CARTESIAN_POINT('',(1.88786868818,7.842253967468,-41.22871667902
    ));
#1585 = CARTESIAN_POINT('',(1.348228739286,7.842253967352,
    -43.70553541382));
#1586 = CARTESIAN_POINT('',(1.140969969825,7.842253967659,
    -45.38370791786));
#1587 = CARTESIAN_POINT('',(2.079517500306,7.842253967444,
    -46.33112513644));
#1588 = CARTESIAN_POINT('',(0.429237215927,7.918150939456,0.316672640451
    ));
#1589 = CARTESIAN_POINT('',(0.633548694081,7.918150939541,
    -0.479241307154));
#1590 = CARTESIAN_POINT('',(1.022072130625,7.918150939417,
    -2.076180354508));
#1591 = CARTESIAN_POINT('',(1.544169765686,7.918150939467,
    -4.485583242015));
#1592 = CARTESIAN_POINT('',(2.00525141639,7.918150939453,-6.907392748866
    ));
#1593 = CARTESIAN_POINT('',(2.405021705511,7.918150939457,
    -9.340077471765));
#1594 = CARTESIAN_POINT('',(2.743225937044,7.918150939456,
    -11.78208186532));
#1595 = CARTESIAN_POINT('',(3.019648255032,7.918150939456,
    -14.23184904751));
#1596 = CARTESIAN_POINT('',(3.234112390488,7.918150939456,
    -16.68781595345));
#1597 = CARTESIAN_POINT('',(3.386481340616,7.918150939456,
    -19.14841587701));
#1598 = CARTESIAN_POINT('',(3.476658579912,7.918150939456,
    -21.61207913188));
#1599 = CARTESIAN_POINT('',(3.50458406016,7.918150939456,-24.07723386202
    ));
#1600 = CARTESIAN_POINT('',(3.470249371362,7.918150939456,-26.5423081466
    ));
#1601 = CARTESIAN_POINT('',(3.373641318202,7.918150939456,
    -29.00572678485));
#1602 = CARTESIAN_POINT('',(3.214952521442,7.918150939456,-31.4659280705
    ));
#1603 = CARTESIAN_POINT('',(2.993795352027,7.918150939456,
    -33.92130592792));
#1604 = CARTESIAN_POINT('',(2.712135357448,7.918150939456,
    -36.37043060756));
#1605 = CARTESIAN_POINT('',(2.36334323454,7.918150939458,-38.8112297749)
  );
#1606 = CARTESIAN_POINT('',(1.97305297271,7.91815093945,-41.24404945396)
  );
#1607 = CARTESIAN_POINT('',(1.432985920279,7.918150939481,
    -43.72307852034));
#1608 = CARTESIAN_POINT('',(1.225406107867,7.918150939398,
    -45.40270856274));
#1609 = CARTESIAN_POINT('',(2.163809458464,7.918150939456,-46.3507392674
    ));
#1610 = DEFINITIONAL_REPRESENTATION('',(#1611),#1615);
#1611 = LINE('',#1612,#1613);
#1612 = CARTESIAN_POINT('',(0.,0.));
#1613 = VECTOR('',#1614,1.);
#1614 = DIRECTION('',(1.,0.));
#1615 = ( GEOMETRIC_REPRESENTATION_CONTEXT(2) 
PARAMETRIC_REPRESENTATION_CONTEXT() REPRESENTATION_CONTEXT('2D SPACE',''
  ) );
#1616 = ORIENTED_EDGE('',*,*,#1617,.F.);
#1617 = EDGE_CURVE('',#1618,#1552,#1620,.T.);
#1618 = VERTEX_POINT('',#1619);
#1619 = CARTESIAN_POINT('',(0.271897832091,7.755710057528,0.276282562266
    ));
#1620 = SURFACE_CURVE('',#1621,(#1624,#1630),.PCURVE_S1.);
#1621 = B_SPLINE_CURVE_WITH_KNOTS('',1,(#1622,#1623),.UNSPECIFIED.,.F.,
  .F.,(2,2),(6.,7.),.PIECEWISE_BEZIER_KNOTS.);
#1622 = CARTESIAN_POINT('',(0.271897832091,7.755710057528,0.276282562266
    ));
#1623 = CARTESIAN_POINT('',(0.345411239982,7.842253967444,0.295153948565
    ));
#1624 = PCURVE('',#101,#1625);
#1625 = DEFINITIONAL_REPRESENTATION('',(#1626),#1629);
#1626 = B_SPLINE_CURVE_WITH_KNOTS('',1,(#1627,#1628),.UNSPECIFIED.,.F.,
  .F.,(2,2),(6.,7.),.PIECEWISE_BEZIER_KNOTS.);
#1627 = CARTESIAN_POINT('',(0.186290271204,0.654462141929));
#1628 = CARTESIAN_POINT('',(0.262772223908,0.740489519053));
#1629 = ( GEOMETRIC_REPRESENTATION_CONTEXT(2) 
PARAMETRIC_REPRESENTATION_CONTEXT() REPRESENTATION_CONTEXT('2D SPACE',''
  ) );
#1630 = PCURVE('',#1631,#1676);
#1631 = ( BOUNDED_SURFACE() B_SPLINE_SURFACE(1,3,(
    (#1632,#1633,#1634,#1635,#1636,#1637,#1638,#1639,#1640,#1641,#1642
      ,#1643,#1644,#1645,#1646,#1647,#1648,#1649,#1650,#1651,#1652,#1653
      )
    ,(#1654,#1655,#1656,#1657,#1658,#1659,#1660,#1661,#1662,#1663,#1664
      ,#1665,#1666,#1667,#1668,#1669,#1670,#1671,#1672,#1673,#1674,#1675
)),.UNSPECIFIED.,.F.,.F.,.F.) B_SPLINE_SURFACE_WITH_KNOTS((2,2),(4,1,1,1
    ,1,1,1,1,1,1,1,1,1,1,1,1,1,1,1,4),(6.,7.),(0.,5.24163189288E-02,
    0.104832637858,0.157248956786,0.209665275715,0.262081594644,
    0.314497913573,0.366914232502,0.41933055143,0.471746870359,
    0.524163189288,0.576579508217,0.628995827146,0.681412146074,
    0.733828465003,0.786244783932,0.838661102861,0.89107742179,
0.943493740718,1.),.UNSPECIFIED.) GEOMETRIC_REPRESENTATION_ITEM() 
RATIONAL_B_SPLINE_SURFACE((
    (1.,0.999999999991,1.000000000004,0.999999999999,1.,1.,1.,1.,1.,1.
      ,1.,1.,1.,1.,1.,1.,1.,0.999999999999,1.000000000003,0.99999999999
      ,1.000000000024,1.)
    ,(1.,0.999999999991,1.000000000004,0.999999999999,1.,1.,1.,1.,1.,1.
      ,1.,1.,1.,1.,1.,1.,1.,0.999999999999,1.000000000003,0.99999999999
,1.000000000024,1.))) REPRESENTATION_ITEM('') SURFACE() );
#1632 = CARTESIAN_POINT('',(0.271897832091,7.755710057528,0.276282562266
    ));
#1633 = CARTESIAN_POINT('',(0.47586925256,7.755710057473,-0.518306659657
    ));
#1634 = CARTESIAN_POINT('',(0.863746027668,7.755710057553,
    -2.112587749259));
#1635 = CARTESIAN_POINT('',(1.384974679258,7.755710057521,
    -4.517980407359));
#1636 = CARTESIAN_POINT('',(1.845288902008,7.755710057529,-6.93575903527
    ));
#1637 = CARTESIAN_POINT('',(2.244393810283,7.755710057527,
    -9.364394778394));
#1638 = CARTESIAN_POINT('',(2.582035132012,7.755710057528,
    -11.80233468045));
#1639 = CARTESIAN_POINT('',(2.857997370486,7.755710057528,
    -14.24802445069));
#1640 = CARTESIAN_POINT('',(3.072104550181,7.755710057528,
    -16.69990362583));
#1641 = CARTESIAN_POINT('',(3.224219896038,7.755710057528,
    -19.15640810729));
#1642 = CARTESIAN_POINT('',(3.314247044295,7.755710057528,
    -21.61597082164));
#1643 = CARTESIAN_POINT('',(3.342126042634,7.755710057528,
    -24.07702252809));
#1644 = CARTESIAN_POINT('',(3.307848510162,7.755710057528,
    -26.53799392564));
#1645 = CARTESIAN_POINT('',(3.211401217141,7.755710057528,
    -28.99731242219));
#1646 = CARTESIAN_POINT('',(3.052976674164,7.755710057528,
    -31.45341895975));
#1647 = CARTESIAN_POINT('',(2.832187112012,7.755710057527,
    -33.90470995311));
#1648 = CARTESIAN_POINT('',(2.550997737617,7.755710057529,-36.3497587144
    ));
#1649 = CARTESIAN_POINT('',(2.202779343361,7.755710057524,
    -38.78649381302));
#1650 = CARTESIAN_POINT('',(1.813164075595,7.755710057541,
    -41.21527019634));
#1651 = CARTESIAN_POINT('',(1.273898686623,7.755710057477,
    -43.69015052213));
#1652 = CARTESIAN_POINT('',(1.066921463814,7.755710057645,
    -45.36704479993));
#1653 = CARTESIAN_POINT('',(2.005595436981,7.755710057528,
    -46.31392400524));
#1654 = CARTESIAN_POINT('',(0.345411239982,7.842253967444,0.295153948565
    ));
#1655 = CARTESIAN_POINT('',(0.549541544879,7.842253967417,
    -0.500054222851));
#1656 = CARTESIAN_POINT('',(0.937720458688,7.842253967457,-2.09557718515
    ));
#1657 = CARTESIAN_POINT('',(1.459355123842,7.842253967441,
    -4.502843535914));
#1658 = CARTESIAN_POINT('',(1.920027910647,7.842253967445,-6.92250550438
    ));
#1659 = CARTESIAN_POINT('',(2.319443703657,7.842253967444,
    -9.353033045323));
#1660 = CARTESIAN_POINT('',(2.657348032761,7.842253967444,
    -11.79287199271));
#1661 = CARTESIAN_POINT('',(2.933525233389,7.842253967444,
    -14.24046684507));
#1662 = CARTESIAN_POINT('',(3.147799192906,7.842253967444,
    -16.69425592359));
#1663 = CARTESIAN_POINT('',(3.300033029847,7.842253967444,
    -19.15267391138));
#1664 = CARTESIAN_POINT('',(3.390130304881,7.842253967444,
    -21.61415251418));
#1665 = CARTESIAN_POINT('',(3.418031020882,7.842253967444,
    -24.07712126928));
#1666 = CARTESIAN_POINT('',(3.383726783359,7.842253967444,
    -26.54000965163));
#1667 = CARTESIAN_POINT('',(3.287204378656,7.842253967444,
    -29.00124385029));
#1668 = CARTESIAN_POINT('',(3.128656368841,7.842253967444,-31.4592635699
    ));
#1669 = CARTESIAN_POINT('',(2.907695050184,7.842253967444,
    -33.91246406169));
#1670 = CARTESIAN_POINT('',(2.626285788737,7.842253967446,
    -36.35941720725));
#1671 = CARTESIAN_POINT('',(2.27779933223,7.842253967438,-38.79805115367
    ));
#1672 = CARTESIAN_POINT('',(1.88786868818,7.842253967468,-41.22871667902
    ));
#1673 = CARTESIAN_POINT('',(1.348228739286,7.842253967352,
    -43.70553541382));
#1674 = CARTESIAN_POINT('',(1.140969969825,7.842253967659,
    -45.38370791786));
#1675 = CARTESIAN_POINT('',(2.079517500306,7.842253967444,
    -46.33112513644));
#1676 = DEFINITIONAL_REPRESENTATION('',(#1677),#1681);
#1677 = LINE('',#1678,#1679);
#1678 = CARTESIAN_POINT('',(0.,0.));
#1679 = VECTOR('',#1680,1.);
#1680 = DIRECTION('',(1.,0.));
#1681 = ( GEOMETRIC_REPRESENTATION_CONTEXT(2) 
PARAMETRIC_REPRESENTATION_CONTEXT() REPRESENTATION_CONTEXT('2D SPACE',''
  ) );
#1682 = ORIENTED_EDGE('',*,*,#1683,.F.);
#1683 = EDGE_CURVE('',#1684,#1618,#1686,.T.);
#1684 = VERTEX_POINT('',#1685);
#1685 = CARTESIAN_POINT('',(0.209954827044,7.66,0.260381376207));
#1686 = SURFACE_CURVE('',#1687,(#1690,#1696),.PCURVE_S1.);
#1687 = B_SPLINE_CURVE_WITH_KNOTS('',1,(#1688,#1689),.UNSPECIFIED.,.F.,
  .F.,(2,2),(5.,6.),.PIECEWISE_BEZIER_KNOTS.);
#1688 = CARTESIAN_POINT('',(0.209954827044,7.66,0.260381376207));
#1689 = CARTESIAN_POINT('',(0.271897832091,7.755710057528,0.276282562266
    ));
#1690 = PCURVE('',#101,#1691);
#1691 = DEFINITIONAL_REPRESENTATION('',(#1692),#1695);
#1692 = B_SPLINE_CURVE_WITH_KNOTS('',1,(#1693,#1694),.UNSPECIFIED.,.F.,
  .F.,(2,2),(5.,6.),.PIECEWISE_BEZIER_KNOTS.);
#1693 = CARTESIAN_POINT('',(0.12169145817,0.559187842882));
#1694 = CARTESIAN_POINT('',(0.186290271204,0.654462141929));
#1695 = ( GEOMETRIC_REPRESENTATION_CONTEXT(2) 
PARAMETRIC_REPRESENTATION_CONTEXT() REPRESENTATION_CONTEXT('2D SPACE',''
  ) );
#1696 = PCURVE('',#1697,#1742);
#1697 = ( BOUNDED_SURFACE() B_SPLINE_SURFACE(1,3,(
    (#1698,#1699,#1700,#1701,#1702,#1703,#1704,#1705,#1706,#1707,#1708
      ,#1709,#1710,#1711,#1712,#1713,#1714,#1715,#1716,#1717,#1718,#1719
      )
    ,(#1720,#1721,#1722,#1723,#1724,#1725,#1726,#1727,#1728,#1729,#1730
      ,#1731,#1732,#1733,#1734,#1735,#1736,#1737,#1738,#1739,#1740,#1741
)),.UNSPECIFIED.,.F.,.F.,.F.) B_SPLINE_SURFACE_WITH_KNOTS((2,2),(4,1,1,1
    ,1,1,1,1,1,1,1,1,1,1,1,1,1,1,1,4),(5.,6.),(0.,5.24163189288E-02,
    0.104832637858,0.157248956786,0.209665275715,0.262081594644,
    0.314497913573,0.366914232502,0.41933055143,0.471746870359,
    0.524163189288,0.576579508217,0.628995827146,0.681412146074,
    0.733828465003,0.786244783932,0.838661102861,0.89107742179,
0.943493740718,1.),.UNSPECIFIED.) GEOMETRIC_REPRESENTATION_ITEM() 
RATIONAL_B_SPLINE_SURFACE((
    (1.,0.999999999991,1.000000000004,0.999999999999,1.,1.,1.,1.,1.,1.
      ,1.,1.,1.,1.,1.,1.,1.,0.999999999999,1.000000000003,0.99999999999
      ,1.000000000024,1.)
    ,(1.,0.999999999991,1.000000000004,0.999999999999,1.,1.,1.,1.,1.,1.
      ,1.,1.,1.,1.,1.,1.,1.,0.999999999999,1.000000000003,0.99999999999
,1.000000000024,1.))) REPRESENTATION_ITEM('') SURFACE() );
#1698 = CARTESIAN_POINT('',(0.209954827044,7.66,0.260381376207));
#1699 = CARTESIAN_POINT('',(0.413792370064,7.659999999977,-0.53368631431
    ));
#1700 = CARTESIAN_POINT('',(0.801414560777,7.660000000011,
    -2.126920990906));
#1701 = CARTESIAN_POINT('',(1.322301101914,7.659999999997,
    -4.530734860408));
#1702 = CARTESIAN_POINT('',(1.782313195646,7.660000000001,
    -6.946926569914));
#1703 = CARTESIAN_POINT('',(2.181156149869,7.66,-9.373968268584));
#1704 = CARTESIAN_POINT('',(2.518575859412,7.66,-11.81030801935));
#1705 = CARTESIAN_POINT('',(2.794356968998,7.66,-14.25439255165));
#1706 = CARTESIAN_POINT('',(3.008323618636,7.66,-16.70466242641));
#1707 = CARTESIAN_POINT('',(3.160339122926,7.66,-19.15955457164));
#1708 = CARTESIAN_POINT('',(3.250307181782,7.66,-21.61750294254));
#1709 = CARTESIAN_POINT('',(3.27816788064,7.66,-24.07693932795));
#1710 = CARTESIAN_POINT('',(3.243912850065,7.66,-26.53629545827));
#1711 = CARTESIAN_POINT('',(3.147528846768,7.66,-28.99399976839));
#1712 = CARTESIAN_POINT('',(2.989208337968,7.66,-31.44849424293));
#1713 = CARTESIAN_POINT('',(2.768563499266,7.66,-33.89817627713));
#1714 = CARTESIAN_POINT('',(2.487559403522,7.659999999999,
    -36.34162038849));
#1715 = CARTESIAN_POINT('',(2.139566880722,7.660000000003,
    -38.77675550231));
#1716 = CARTESIAN_POINT('',(1.750217351663,7.65999999999,-41.20394007874
    ));
#1717 = CARTESIAN_POINT('',(1.211267569811,7.660000000038,
    -43.67718708585));
#1718 = CARTESIAN_POINT('',(1.004527580979,7.659999999912,
    -45.35300431764));
#1719 = CARTESIAN_POINT('',(1.943308095488,7.66,-46.29943018994));
#1720 = CARTESIAN_POINT('',(0.271897832091,7.755710057528,0.276282562266
    ));
#1721 = CARTESIAN_POINT('',(0.47586925256,7.755710057473,-0.518306659657
    ));
#1722 = CARTESIAN_POINT('',(0.863746027668,7.755710057553,
    -2.112587749259));
#1723 = CARTESIAN_POINT('',(1.384974679258,7.755710057521,
    -4.517980407359));
#1724 = CARTESIAN_POINT('',(1.845288902008,7.755710057529,-6.93575903527
    ));
#1725 = CARTESIAN_POINT('',(2.244393810283,7.755710057527,
    -9.364394778394));
#1726 = CARTESIAN_POINT('',(2.582035132012,7.755710057528,
    -11.80233468045));
#1727 = CARTESIAN_POINT('',(2.857997370486,7.755710057528,
    -14.24802445069));
#1728 = CARTESIAN_POINT('',(3.072104550181,7.755710057528,
    -16.69990362583));
#1729 = CARTESIAN_POINT('',(3.224219896038,7.755710057528,
    -19.15640810729));
#1730 = CARTESIAN_POINT('',(3.314247044295,7.755710057528,
    -21.61597082164));
#1731 = CARTESIAN_POINT('',(3.342126042634,7.755710057528,
    -24.07702252809));
#1732 = CARTESIAN_POINT('',(3.307848510162,7.755710057528,
    -26.53799392564));
#1733 = CARTESIAN_POINT('',(3.211401217141,7.755710057528,
    -28.99731242219));
#1734 = CARTESIAN_POINT('',(3.052976674164,7.755710057528,
    -31.45341895975));
#1735 = CARTESIAN_POINT('',(2.832187112012,7.755710057527,
    -33.90470995311));
#1736 = CARTESIAN_POINT('',(2.550997737617,7.755710057529,-36.3497587144
    ));
#1737 = CARTESIAN_POINT('',(2.202779343361,7.755710057524,
    -38.78649381302));
#1738 = CARTESIAN_POINT('',(1.813164075595,7.755710057541,
    -41.21527019634));
#1739 = CARTESIAN_POINT('',(1.273898686623,7.755710057477,
    -43.69015052213));
#1740 = CARTESIAN_POINT('',(1.066921463814,7.755710057645,
    -45.36704479993));
#1741 = CARTESIAN_POINT('',(2.005595436981,7.755710057528,
    -46.31392400524));
#1742 = DEFINITIONAL_REPRESENTATION('',(#1743),#1747);
#1743 = LINE('',#1744,#1745);
#1744 = CARTESIAN_POINT('',(0.,0.));
#1745 = VECTOR('',#1746,1.);
#1746 = DIRECTION('',(1.,0.));
#1747 = ( GEOMETRIC_REPRESENTATION_CONTEXT(2) 
PARAMETRIC_REPRESENTATION_CONTEXT() REPRESENTATION_CONTEXT('2D SPACE',''
  ) );
#1748 = ORIENTED_EDGE('',*,*,#1749,.F.);
#1749 = EDGE_CURVE('',#1750,#1684,#1752,.T.);
#1750 = VERTEX_POINT('',#1751);
#1751 = CARTESIAN_POINT('',(0.160642086832,7.556761420481,0.247722464089
    ));
#1752 = SURFACE_CURVE('',#1753,(#1756,#1762),.PCURVE_S1.);
#1753 = B_SPLINE_CURVE_WITH_KNOTS('',1,(#1754,#1755),.UNSPECIFIED.,.F.,
  .F.,(2,2),(4.,5.),.PIECEWISE_BEZIER_KNOTS.);
#1754 = CARTESIAN_POINT('',(0.160642086832,7.556761420481,0.247722464089
    ));
#1755 = CARTESIAN_POINT('',(0.209954827044,7.66,0.260381376207));
#1756 = PCURVE('',#101,#1757);
#1757 = DEFINITIONAL_REPRESENTATION('',(#1758),#1761);
#1758 = B_SPLINE_CURVE_WITH_KNOTS('',1,(#1759,#1760),.UNSPECIFIED.,.F.,
  .F.,(2,2),(4.,5.),.PIECEWISE_BEZIER_KNOTS.);
#1759 = CARTESIAN_POINT('',(7.008108840836E-02,0.456296791584));
#1760 = CARTESIAN_POINT('',(0.12169145817,0.559187842882));
#1761 = ( GEOMETRIC_REPRESENTATION_CONTEXT(2) 
PARAMETRIC_REPRESENTATION_CONTEXT() REPRESENTATION_CONTEXT('2D SPACE',''
  ) );
#1762 = PCURVE('',#1763,#1808);
#1763 = ( BOUNDED_SURFACE() B_SPLINE_SURFACE(1,3,(
    (#1764,#1765,#1766,#1767,#1768,#1769,#1770,#1771,#1772,#1773,#1774
      ,#1775,#1776,#1777,#1778,#1779,#1780,#1781,#1782,#1783,#1784,#1785
      )
    ,(#1786,#1787,#1788,#1789,#1790,#1791,#1792,#1793,#1794,#1795,#1796
      ,#1797,#1798,#1799,#1800,#1801,#1802,#1803,#1804,#1805,#1806,#1807
)),.UNSPECIFIED.,.F.,.F.,.F.) B_SPLINE_SURFACE_WITH_KNOTS((2,2),(4,1,1,1
    ,1,1,1,1,1,1,1,1,1,1,1,1,1,1,1,4),(4.,5.),(0.,5.24163189288E-02,
    0.104832637858,0.157248956786,0.209665275715,0.262081594644,
    0.314497913573,0.366914232502,0.41933055143,0.471746870359,
    0.524163189288,0.576579508217,0.628995827146,0.681412146074,
    0.733828465003,0.786244783932,0.838661102861,0.89107742179,
0.943493740718,1.),.UNSPECIFIED.) GEOMETRIC_REPRESENTATION_ITEM() 
RATIONAL_B_SPLINE_SURFACE((
    (1.,0.999999999991,1.000000000004,0.999999999999,1.,1.,1.,1.,1.,1.
      ,1.,1.,1.,1.,1.,1.,1.,0.999999999999,1.000000000003,0.99999999999
      ,1.000000000024,1.)
    ,(1.,0.999999999991,1.000000000004,0.999999999999,1.,1.,1.,1.,1.,1.
      ,1.,1.,1.,1.,1.,1.,1.,0.999999999999,1.000000000003,0.99999999999
,1.000000000024,1.))) REPRESENTATION_ITEM('') SURFACE() );
#1764 = CARTESIAN_POINT('',(0.160642086832,7.556761420481,0.247722464089
    ));
#1765 = CARTESIAN_POINT('',(0.364373050163,7.556761420629,
    -0.545930036061));
#1766 = CARTESIAN_POINT('',(0.751792566648,7.556761420413,
    -2.138331664629));
#1767 = CARTESIAN_POINT('',(1.272406754107,7.5567614205,-4.540888662757)
  );
#1768 = CARTESIAN_POINT('',(1.732178323354,7.556761420476,
    -6.955817028718));
#1769 = CARTESIAN_POINT('',(2.130812736319,7.556761420483,
    -9.381589710818));
#1770 = CARTESIAN_POINT('',(2.468056020709,7.556761420481,
    -11.81665558337));
#1771 = CARTESIAN_POINT('',(2.743692933839,7.556761420481,
    -14.25946218797));
#1772 = CARTESIAN_POINT('',(2.957547707694,7.556761420481,
    -16.70845090093));
#1773 = CARTESIAN_POINT('',(3.109483728251,7.556761420481,
    -19.16205946752));
#1774 = CARTESIAN_POINT('',(3.199404746118,7.556761420481,
    -21.61872266186));
#1775 = CARTESIAN_POINT('',(3.227250876783,7.556761420481,
    -24.07687309244));
#1776 = CARTESIAN_POINT('',(3.193013759938,7.556761420481,
    -26.53494331075));
#1777 = CARTESIAN_POINT('',(3.096680141501,7.556761420481,-28.9913625693
    ));
#1778 = CARTESIAN_POINT('',(2.938442454165,7.556761420481,
    -31.44457368271));
#1779 = CARTESIAN_POINT('',(2.717912829601,7.556761420481,
    -33.89297482677));
#1780 = CARTESIAN_POINT('',(2.43705623393,7.556761420482,-36.33514147855
    ));
#1781 = CARTESIAN_POINT('',(2.089243527095,7.55676142048,-38.76900284667
    ));
#1782 = CARTESIAN_POINT('',(1.700105552206,7.556761420485,
    -41.19492018793));
#1783 = CARTESIAN_POINT('',(1.161407024917,7.556761420468,
    -43.66686691201));
#1784 = CARTESIAN_POINT('',(0.954855897264,7.556761420513,
    -45.34182670976));
#1785 = CARTESIAN_POINT('',(1.893721229511,7.556761420481,
    -46.28789168372));
#1786 = CARTESIAN_POINT('',(0.209954827044,7.66,0.260381376207));
#1787 = CARTESIAN_POINT('',(0.413792370064,7.659999999977,-0.53368631431
    ));
#1788 = CARTESIAN_POINT('',(0.801414560777,7.660000000011,
    -2.126920990906));
#1789 = CARTESIAN_POINT('',(1.322301101914,7.659999999997,
    -4.530734860408));
#1790 = CARTESIAN_POINT('',(1.782313195646,7.660000000001,
    -6.946926569914));
#1791 = CARTESIAN_POINT('',(2.181156149869,7.66,-9.373968268584));
#1792 = CARTESIAN_POINT('',(2.518575859412,7.66,-11.81030801935));
#1793 = CARTESIAN_POINT('',(2.794356968998,7.66,-14.25439255165));
#1794 = CARTESIAN_POINT('',(3.008323618636,7.66,-16.70466242641));
#1795 = CARTESIAN_POINT('',(3.160339122926,7.66,-19.15955457164));
#1796 = CARTESIAN_POINT('',(3.250307181782,7.66,-21.61750294254));
#1797 = CARTESIAN_POINT('',(3.27816788064,7.66,-24.07693932795));
#1798 = CARTESIAN_POINT('',(3.243912850065,7.66,-26.53629545827));
#1799 = CARTESIAN_POINT('',(3.147528846768,7.66,-28.99399976839));
#1800 = CARTESIAN_POINT('',(2.989208337968,7.66,-31.44849424293));
#1801 = CARTESIAN_POINT('',(2.768563499266,7.66,-33.89817627713));
#1802 = CARTESIAN_POINT('',(2.487559403522,7.659999999999,
    -36.34162038849));
#1803 = CARTESIAN_POINT('',(2.139566880722,7.660000000003,
    -38.77675550231));
#1804 = CARTESIAN_POINT('',(1.750217351663,7.65999999999,-41.20394007874
    ));
#1805 = CARTESIAN_POINT('',(1.211267569811,7.660000000038,
    -43.67718708585));
#1806 = CARTESIAN_POINT('',(1.004527580979,7.659999999912,
    -45.35300431764));
#1807 = CARTESIAN_POINT('',(1.943308095488,7.66,-46.29943018994));
#1808 = DEFINITIONAL_REPRESENTATION('',(#1809),#1813);
#1809 = LINE('',#1810,#1811);
#1810 = CARTESIAN_POINT('',(0.,0.));
#1811 = VECTOR('',#1812,1.);
#1812 = DIRECTION('',(1.,0.));
#1813 = ( GEOMETRIC_REPRESENTATION_CONTEXT(2) 
PARAMETRIC_REPRESENTATION_CONTEXT() REPRESENTATION_CONTEXT('2D SPACE',''
  ) );
#1814 = ORIENTED_EDGE('',*,*,#1815,.F.);
#1815 = EDGE_CURVE('',#1816,#1750,#1818,.T.);
#1816 = VERTEX_POINT('',#1817);
#1817 = CARTESIAN_POINT('',(0.124803366113,7.44776075969,0.238522423408)
  );
#1818 = SURFACE_CURVE('',#1819,(#1822,#1828),.PCURVE_S1.);
#1819 = B_SPLINE_CURVE_WITH_KNOTS('',1,(#1820,#1821),.UNSPECIFIED.,.F.,
  .F.,(2,2),(3.,4.),.PIECEWISE_BEZIER_KNOTS.);
#1820 = CARTESIAN_POINT('',(0.124803366113,7.44776075969,0.238522423408)
  );
#1821 = CARTESIAN_POINT('',(0.160642086832,7.556761420481,0.247722464089
    ));
#1822 = PCURVE('',#101,#1823);
#1823 = DEFINITIONAL_REPRESENTATION('',(#1824),#1827);
#1824 = B_SPLINE_CURVE_WITH_KNOTS('',1,(#1825,#1826),.UNSPECIFIED.,.F.,
  .F.,(2,2),(3.,4.),.PIECEWISE_BEZIER_KNOTS.);
#1825 = CARTESIAN_POINT('',(3.234222965392E-02,0.347549482448));
#1826 = CARTESIAN_POINT('',(7.008108840836E-02,0.456296791584));
#1827 = ( GEOMETRIC_REPRESENTATION_CONTEXT(2) 
PARAMETRIC_REPRESENTATION_CONTEXT() REPRESENTATION_CONTEXT('2D SPACE',''
  ) );
#1828 = PCURVE('',#1829,#1874);
#1829 = ( BOUNDED_SURFACE() B_SPLINE_SURFACE(1,3,(
    (#1830,#1831,#1832,#1833,#1834,#1835,#1836,#1837,#1838,#1839,#1840
      ,#1841,#1842,#1843,#1844,#1845,#1846,#1847,#1848,#1849,#1850,#1851
      )
    ,(#1852,#1853,#1854,#1855,#1856,#1857,#1858,#1859,#1860,#1861,#1862
      ,#1863,#1864,#1865,#1866,#1867,#1868,#1869,#1870,#1871,#1872,#1873
)),.UNSPECIFIED.,.F.,.F.,.F.) B_SPLINE_SURFACE_WITH_KNOTS((2,2),(4,1,1,1
    ,1,1,1,1,1,1,1,1,1,1,1,1,1,1,1,4),(3.,4.),(0.,5.24163189288E-02,
    0.104832637858,0.157248956786,0.209665275715,0.262081594644,
    0.314497913573,0.366914232502,0.41933055143,0.471746870359,
    0.524163189288,0.576579508217,0.628995827146,0.681412146074,
    0.733828465003,0.786244783932,0.838661102861,0.89107742179,
0.943493740718,1.),.UNSPECIFIED.) GEOMETRIC_REPRESENTATION_ITEM() 
RATIONAL_B_SPLINE_SURFACE((
    (1.,0.999999999991,1.000000000004,0.999999999999,1.,1.,1.,1.,1.,1.
      ,1.,1.,1.,1.,1.,1.,1.,0.999999999999,1.000000000003,0.99999999999
      ,1.000000000024,1.)
    ,(1.,0.999999999991,1.000000000004,0.999999999999,1.,1.,1.,1.,1.,1.
      ,1.,1.,1.,1.,1.,1.,1.,0.999999999999,1.000000000003,0.99999999999
,1.000000000024,1.))) REPRESENTATION_ITEM('') SURFACE() );
#1830 = CARTESIAN_POINT('',(0.124803366113,7.44776075969,0.238522423408)
  );
#1831 = CARTESIAN_POINT('',(0.328456871222,7.447760759821,
    -0.554828331048));
#1832 = CARTESIAN_POINT('',(0.715729091314,7.44776075963,-2.146624530817
    ));
#1833 = CARTESIAN_POINT('',(1.236145341974,7.447760759706,
    -4.548268079987));
#1834 = CARTESIAN_POINT('',(1.695742106693,7.447760759686,-6.96227829348
    ));
#1835 = CARTESIAN_POINT('',(2.094224959397,7.447760759691,
    -9.387128700101));
#1836 = CARTESIAN_POINT('',(2.431340024349,7.44776075969,-11.82126876392
    ));
#1837 = CARTESIAN_POINT('',(2.706872140697,7.44776075969,-14.26314661677
    ));
#1838 = CARTESIAN_POINT('',(2.920645607269,7.44776075969,-16.71120422756
    ));
#1839 = CARTESIAN_POINT('',(3.072523861916,7.44776075969,-19.1638799355)
  );
#1840 = CARTESIAN_POINT('',(3.162410692088,7.44776075969,-21.61960910987
    ));
#1841 = CARTESIAN_POINT('',(3.190246235117,7.44776075969,-24.07682495485
    ));
#1842 = CARTESIAN_POINT('',(3.156022137323,7.44776075969,-26.53396061871
    ));
#1843 = CARTESIAN_POINT('',(3.059725136786,7.44776075969,-28.98944594814
    ));
#1844 = CARTESIAN_POINT('',(2.901547641103,7.44776075969,-31.44172436097
    ));
#1845 = CARTESIAN_POINT('',(2.681101750018,7.447760759691,
    -33.88919460029));
#1846 = CARTESIAN_POINT('',(2.400352352082,7.447760759689,
    -36.33043284053));
#1847 = CARTESIAN_POINT('',(2.052670328994,7.447760759696,
    -38.76336849622));
#1848 = CARTESIAN_POINT('',(1.663686104081,7.447760759667,
    -41.18836485666));
#1849 = CARTESIAN_POINT('',(1.1251701794,7.447760759779,-43.65936658194)
  );
#1850 = CARTESIAN_POINT('',(0.918756309622,7.447760759483,
    -45.33370322758));
#1851 = CARTESIAN_POINT('',(1.857683284073,7.44776075969,-46.27950591363
    ));
#1852 = CARTESIAN_POINT('',(0.160642086832,7.556761420481,0.247722464089
    ));
#1853 = CARTESIAN_POINT('',(0.364373050163,7.556761420629,
    -0.545930036061));
#1854 = CARTESIAN_POINT('',(0.751792566648,7.556761420413,
    -2.138331664629));
#1855 = CARTESIAN_POINT('',(1.272406754107,7.5567614205,-4.540888662757)
  );
#1856 = CARTESIAN_POINT('',(1.732178323354,7.556761420476,
    -6.955817028718));
#1857 = CARTESIAN_POINT('',(2.130812736319,7.556761420483,
    -9.381589710818));
#1858 = CARTESIAN_POINT('',(2.468056020709,7.556761420481,
    -11.81665558337));
#1859 = CARTESIAN_POINT('',(2.743692933839,7.556761420481,
    -14.25946218797));
#1860 = CARTESIAN_POINT('',(2.957547707694,7.556761420481,
    -16.70845090093));
#1861 = CARTESIAN_POINT('',(3.109483728251,7.556761420481,
    -19.16205946752));
#1862 = CARTESIAN_POINT('',(3.199404746118,7.556761420481,
    -21.61872266186));
#1863 = CARTESIAN_POINT('',(3.227250876783,7.556761420481,
    -24.07687309244));
#1864 = CARTESIAN_POINT('',(3.193013759938,7.556761420481,
    -26.53494331075));
#1865 = CARTESIAN_POINT('',(3.096680141501,7.556761420481,-28.9913625693
    ));
#1866 = CARTESIAN_POINT('',(2.938442454165,7.556761420481,
    -31.44457368271));
#1867 = CARTESIAN_POINT('',(2.717912829601,7.556761420481,
    -33.89297482677));
#1868 = CARTESIAN_POINT('',(2.43705623393,7.556761420482,-36.33514147855
    ));
#1869 = CARTESIAN_POINT('',(2.089243527095,7.55676142048,-38.76900284667
    ));
#1870 = CARTESIAN_POINT('',(1.700105552206,7.556761420485,
    -41.19492018793));
#1871 = CARTESIAN_POINT('',(1.161407024917,7.556761420468,
    -43.66686691201));
#1872 = CARTESIAN_POINT('',(0.954855897264,7.556761420513,
    -45.34182670976));
#1873 = CARTESIAN_POINT('',(1.893721229511,7.556761420481,
    -46.28789168372));
#1874 = DEFINITIONAL_REPRESENTATION('',(#1875),#1879);
#1875 = LINE('',#1876,#1877);
#1876 = CARTESIAN_POINT('',(0.,0.));
#1877 = VECTOR('',#1878,1.);
#1878 = DIRECTION('',(1.,0.));
#1879 = ( GEOMETRIC_REPRESENTATION_CONTEXT(2) 
PARAMETRIC_REPRESENTATION_CONTEXT() REPRESENTATION_CONTEXT('2D SPACE',''
  ) );
#1880 = ORIENTED_EDGE('',*,*,#1881,.F.);
#1881 = EDGE_CURVE('',#1882,#1816,#1884,.T.);
#1882 = VERTEX_POINT('',#1883);
#1883 = CARTESIAN_POINT('',(0.103051875333,7.334863049154,0.232938669412
    ));
#1884 = SURFACE_CURVE('',#1885,(#1888,#1894),.PCURVE_S1.);
#1885 = B_SPLINE_CURVE_WITH_KNOTS('',1,(#1886,#1887),.UNSPECIFIED.,.F.,
  .F.,(2,2),(2.,3.),.PIECEWISE_BEZIER_KNOTS.);
#1886 = CARTESIAN_POINT('',(0.103051875333,7.334863049154,0.232938669412
    ));
#1887 = CARTESIAN_POINT('',(0.124803366113,7.44776075969,0.238522423408)
  );
#1888 = PCURVE('',#101,#1889);
#1889 = DEFINITIONAL_REPRESENTATION('',(#1890),#1893);
#1890 = B_SPLINE_CURVE_WITH_KNOTS('',1,(#1891,#1892),.UNSPECIFIED.,.F.,
  .F.,(2,2),(2.,3.),.PIECEWISE_BEZIER_KNOTS.);
#1891 = CARTESIAN_POINT('',(9.120604243287E-03,0.234806612086));
#1892 = CARTESIAN_POINT('',(3.234222965392E-02,0.347549482448));
#1893 = ( GEOMETRIC_REPRESENTATION_CONTEXT(2) 
PARAMETRIC_REPRESENTATION_CONTEXT() REPRESENTATION_CONTEXT('2D SPACE',''
  ) );
#1894 = PCURVE('',#1895,#1940);
#1895 = ( BOUNDED_SURFACE() B_SPLINE_SURFACE(1,3,(
    (#1896,#1897,#1898,#1899,#1900,#1901,#1902,#1903,#1904,#1905,#1906
      ,#1907,#1908,#1909,#1910,#1911,#1912,#1913,#1914,#1915,#1916,#1917
      )
    ,(#1918,#1919,#1920,#1921,#1922,#1923,#1924,#1925,#1926,#1927,#1928
      ,#1929,#1930,#1931,#1932,#1933,#1934,#1935,#1936,#1937,#1938,#1939
)),.UNSPECIFIED.,.F.,.F.,.F.) B_SPLINE_SURFACE_WITH_KNOTS((2,2),(4,1,1,1
    ,1,1,1,1,1,1,1,1,1,1,1,1,1,1,1,4),(2.,3.),(0.,5.24163189288E-02,
    0.104832637858,0.157248956786,0.209665275715,0.262081594644,
    0.314497913573,0.366914232502,0.41933055143,0.471746870359,
    0.524163189288,0.576579508217,0.628995827146,0.681412146074,
    0.733828465003,0.786244783932,0.838661102861,0.89107742179,
0.943493740718,1.),.UNSPECIFIED.) GEOMETRIC_REPRESENTATION_ITEM() 
RATIONAL_B_SPLINE_SURFACE((
    (1.,0.999999999991,1.000000000004,0.999999999999,1.,1.,1.,1.,1.,1.
      ,1.,1.,1.,1.,1.,1.,1.,0.999999999999,1.000000000003,0.99999999999
      ,1.000000000024,1.)
    ,(1.,0.999999999991,1.000000000004,0.999999999999,1.,1.,1.,1.,1.,1.
      ,1.,1.,1.,1.,1.,1.,1.,0.999999999999,1.000000000003,0.99999999999
,1.000000000024,1.))) REPRESENTATION_ITEM('') SURFACE() );
#1896 = CARTESIAN_POINT('',(0.103051875333,7.334863049154,0.232938669412
    ));
#1897 = CARTESIAN_POINT('',(0.306658369025,7.334863049098,
    -0.560228947516));
#1898 = CARTESIAN_POINT('',(0.693841190832,7.33486304918,-2.151657695979
    ));
#1899 = CARTESIAN_POINT('',(1.214137308331,7.334863049147,
    -4.552746848288));
#1900 = CARTESIAN_POINT('',(1.673627979433,7.334863049156,
    -6.966199810152));
#1901 = CARTESIAN_POINT('',(2.07201884611,7.334863049153,-9.390490462796
    ));
#1902 = CARTESIAN_POINT('',(2.40905609121,7.334863049154,-11.82406862821
    ));
#1903 = CARTESIAN_POINT('',(2.684524603551,7.334863049154,
    -14.26538279645));
#1904 = CARTESIAN_POINT('',(2.89824872253,7.334863049154,-16.7128752961)
  );
#1905 = CARTESIAN_POINT('',(3.050091917481,7.334863049154,
    -19.16498482684));
#1906 = CARTESIAN_POINT('',(3.139957998214,7.334863049154,
    -21.62014711918));
#1907 = CARTESIAN_POINT('',(3.167787115321,7.334863049154,
    -24.07679573885));
#1908 = CARTESIAN_POINT('',(3.133570919142,7.334863049154,
    -26.53336419628));
#1909 = CARTESIAN_POINT('',(3.037296143,7.334863049154,-28.98828269881)
  );
#1910 = CARTESIAN_POINT('',(2.879155179262,7.334863049154,-31.4399950304
    ));
#1911 = CARTESIAN_POINT('',(2.658760108295,7.334863049153,
    -33.88690027839));
#1912 = CARTESIAN_POINT('',(2.378075771568,7.334863049154,
    -36.32757504051));
#1913 = CARTESIAN_POINT('',(2.030473063989,7.334863049151,
    -38.75994885627));
#1914 = CARTESIAN_POINT('',(1.641582154096,7.334863049163,
    -41.18438624842));
#1915 = CARTESIAN_POINT('',(1.103177055918,7.334863049119,
    -43.65481442863));
#1916 = CARTESIAN_POINT('',(0.896846491579,7.334863049234,
    -45.32877286552));
#1917 = CARTESIAN_POINT('',(1.835810878413,7.334863049154,
    -46.27441636252));
#1918 = CARTESIAN_POINT('',(0.124803366113,7.44776075969,0.238522423408)
  );
#1919 = CARTESIAN_POINT('',(0.328456871222,7.447760759821,
    -0.554828331048));
#1920 = CARTESIAN_POINT('',(0.715729091314,7.44776075963,-2.146624530817
    ));
#1921 = CARTESIAN_POINT('',(1.236145341974,7.447760759706,
    -4.548268079987));
#1922 = CARTESIAN_POINT('',(1.695742106693,7.447760759686,-6.96227829348
    ));
#1923 = CARTESIAN_POINT('',(2.094224959397,7.447760759691,
    -9.387128700101));
#1924 = CARTESIAN_POINT('',(2.431340024349,7.44776075969,-11.82126876392
    ));
#1925 = CARTESIAN_POINT('',(2.706872140697,7.44776075969,-14.26314661677
    ));
#1926 = CARTESIAN_POINT('',(2.920645607269,7.44776075969,-16.71120422756
    ));
#1927 = CARTESIAN_POINT('',(3.072523861916,7.44776075969,-19.1638799355)
  );
#1928 = CARTESIAN_POINT('',(3.162410692088,7.44776075969,-21.61960910987
    ));
#1929 = CARTESIAN_POINT('',(3.190246235117,7.44776075969,-24.07682495485
    ));
#1930 = CARTESIAN_POINT('',(3.156022137323,7.44776075969,-26.53396061871
    ));
#1931 = CARTESIAN_POINT('',(3.059725136786,7.44776075969,-28.98944594814
    ));
#1932 = CARTESIAN_POINT('',(2.901547641103,7.44776075969,-31.44172436097
    ));
#1933 = CARTESIAN_POINT('',(2.681101750018,7.447760759691,
    -33.88919460029));
#1934 = CARTESIAN_POINT('',(2.400352352082,7.447760759689,
    -36.33043284053));
#1935 = CARTESIAN_POINT('',(2.052670328994,7.447760759696,
    -38.76336849622));
#1936 = CARTESIAN_POINT('',(1.663686104081,7.447760759667,
    -41.18836485666));
#1937 = CARTESIAN_POINT('',(1.1251701794,7.447760759779,-43.65936658194)
  );
#1938 = CARTESIAN_POINT('',(0.918756309622,7.447760759483,
    -45.33370322758));
#1939 = CARTESIAN_POINT('',(1.857683284073,7.44776075969,-46.27950591363
    ));
#1940 = DEFINITIONAL_REPRESENTATION('',(#1941),#1945);
#1941 = LINE('',#1942,#1943);
#1942 = CARTESIAN_POINT('',(0.,0.));
#1943 = VECTOR('',#1944,1.);
#1944 = DIRECTION('',(1.,0.));
#1945 = ( GEOMETRIC_REPRESENTATION_CONTEXT(2) 
PARAMETRIC_REPRESENTATION_CONTEXT() REPRESENTATION_CONTEXT('2D SPACE',''
  ) );
#1946 = ORIENTED_EDGE('',*,*,#1947,.F.);
#1947 = EDGE_CURVE('',#42,#1882,#1948,.T.);
#1948 = SURFACE_CURVE('',#1949,(#1952,#1958),.PCURVE_S1.);
#1949 = B_SPLINE_CURVE_WITH_KNOTS('',1,(#1950,#1951),.UNSPECIFIED.,.F.,
  .F.,(2,2),(1.,2.),.PIECEWISE_BEZIER_KNOTS.);
#1950 = CARTESIAN_POINT('',(9.57597885303E-02,7.22,0.231066741679));
#1951 = CARTESIAN_POINT('',(0.103051875333,7.334863049154,0.232938669412
    ));
#1952 = PCURVE('',#101,#1953);
#1953 = DEFINITIONAL_REPRESENTATION('',(#1954),#1957);
#1954 = B_SPLINE_CURVE_WITH_KNOTS('',1,(#1955,#1956),.UNSPECIFIED.,.F.,
  .F.,(2,2),(1.,2.),.PIECEWISE_BEZIER_KNOTS.);
#1955 = CARTESIAN_POINT('',(8.13540625538E-04,0.119997242267));
#1956 = CARTESIAN_POINT('',(9.120604243287E-03,0.234806612086));
#1957 = ( GEOMETRIC_REPRESENTATION_CONTEXT(2) 
PARAMETRIC_REPRESENTATION_CONTEXT() REPRESENTATION_CONTEXT('2D SPACE',''
  ) );
#1958 = PCURVE('',#147,#1959);
#1959 = DEFINITIONAL_REPRESENTATION('',(#1960),#1964);
#1960 = LINE('',#1961,#1962);
#1961 = CARTESIAN_POINT('',(0.,0.));
#1962 = VECTOR('',#1963,1.);
#1963 = DIRECTION('',(1.,0.));
#1964 = ( GEOMETRIC_REPRESENTATION_CONTEXT(2) 
PARAMETRIC_REPRESENTATION_CONTEXT() REPRESENTATION_CONTEXT('2D SPACE',''
  ) );
#1965 = ADVANCED_FACE('',(#1966),#147,.T.);
#1966 = FACE_BOUND('',#1967,.T.);
#1967 = EDGE_LOOP('',(#1968,#1969,#2011,#2030));
#1968 = ORIENTED_EDGE('',*,*,#1947,.T.);
#1969 = ORIENTED_EDGE('',*,*,#1970,.T.);
#1970 = EDGE_CURVE('',#1882,#1971,#1973,.T.);
#1971 = VERTEX_POINT('',#1972);
#1972 = CARTESIAN_POINT('',(1.835810878413,7.334863049154,
    -46.27441636252));
#1973 = SURFACE_CURVE('',#1974,(#1997,#2004),.PCURVE_S1.);
#1974 = ( BOUNDED_CURVE() B_SPLINE_CURVE(3,(#1975,#1976,#1977,#1978,
    #1979,#1980,#1981,#1982,#1983,#1984,#1985,#1986,#1987,#1988,#1989,
    #1990,#1991,#1992,#1993,#1994,#1995,#1996),.UNSPECIFIED.,.F.,.F.) 
B_SPLINE_CURVE_WITH_KNOTS((4,1,1,1,1,1,1,1,1,1,1,1,1,1,1,1,1,1,1,4),(0.,
    5.24163189288E-02,0.104832637858,0.157248956786,0.209665275715,
    0.262081594644,0.314497913573,0.366914232502,0.41933055143,
    0.471746870359,0.524163189288,0.576579508217,0.628995827146,
    0.681412146074,0.733828465003,0.786244783932,0.838661102861,
0.89107742179,0.943493740718,1.),.UNSPECIFIED.) CURVE() 
GEOMETRIC_REPRESENTATION_ITEM() RATIONAL_B_SPLINE_CURVE((1.,
    0.999999999991,1.000000000004,0.999999999999,1.,1.,1.,1.,1.,1.,1.,1.
    ,1.,1.,1.,1.,1.,0.999999999999,1.000000000003,0.99999999999,
1.000000000024,1.)) REPRESENTATION_ITEM('') );
#1975 = CARTESIAN_POINT('',(0.103051875333,7.334863049154,0.232938669412
    ));
#1976 = CARTESIAN_POINT('',(0.306658369025,7.334863049098,
    -0.560228947516));
#1977 = CARTESIAN_POINT('',(0.693841190832,7.33486304918,-2.151657695979
    ));
#1978 = CARTESIAN_POINT('',(1.214137308331,7.334863049147,
    -4.552746848288));
#1979 = CARTESIAN_POINT('',(1.673627979433,7.334863049156,
    -6.966199810152));
#1980 = CARTESIAN_POINT('',(2.07201884611,7.334863049153,-9.390490462796
    ));
#1981 = CARTESIAN_POINT('',(2.40905609121,7.334863049154,-11.82406862821
    ));
#1982 = CARTESIAN_POINT('',(2.684524603551,7.334863049154,
    -14.26538279645));
#1983 = CARTESIAN_POINT('',(2.89824872253,7.334863049154,-16.7128752961)
  );
#1984 = CARTESIAN_POINT('',(3.050091917481,7.334863049154,
    -19.16498482684));
#1985 = CARTESIAN_POINT('',(3.139957998214,7.334863049154,
    -21.62014711918));
#1986 = CARTESIAN_POINT('',(3.167787115321,7.334863049154,
    -24.07679573885));
#1987 = CARTESIAN_POINT('',(3.133570919142,7.334863049154,
    -26.53336419628));
#1988 = CARTESIAN_POINT('',(3.037296143,7.334863049154,-28.98828269881)
  );
#1989 = CARTESIAN_POINT('',(2.879155179262,7.334863049154,-31.4399950304
    ));
#1990 = CARTESIAN_POINT('',(2.658760108295,7.334863049153,
    -33.88690027839));
#1991 = CARTESIAN_POINT('',(2.378075771568,7.334863049154,
    -36.32757504051));
#1992 = CARTESIAN_POINT('',(2.030473063989,7.334863049151,
    -38.75994885627));
#1993 = CARTESIAN_POINT('',(1.641582154096,7.334863049163,
    -41.18438624842));
#1994 = CARTESIAN_POINT('',(1.103177055918,7.334863049119,
    -43.65481442863));
#1995 = CARTESIAN_POINT('',(0.896846491579,7.334863049234,
    -45.32877286552));
#1996 = CARTESIAN_POINT('',(1.835810878413,7.334863049154,
    -46.27441636252));
#1997 = PCURVE('',#147,#1998);
#1998 = DEFINITIONAL_REPRESENTATION('',(#1999),#2003);
#1999 = LINE('',#2000,#2001);
#2000 = CARTESIAN_POINT('',(2.,0.));
#2001 = VECTOR('',#2002,1.);
#2002 = DIRECTION('',(0.,1.));
#2003 = ( GEOMETRIC_REPRESENTATION_CONTEXT(2) 
PARAMETRIC_REPRESENTATION_CONTEXT() REPRESENTATION_CONTEXT('2D SPACE',''
  ) );
#2004 = PCURVE('',#1895,#2005);
#2005 = DEFINITIONAL_REPRESENTATION('',(#2006),#2010);
#2006 = LINE('',#2007,#2008);
#2007 = CARTESIAN_POINT('',(2.,0.));
#2008 = VECTOR('',#2009,1.);
#2009 = DIRECTION('',(0.,1.));
#2010 = ( GEOMETRIC_REPRESENTATION_CONTEXT(2) 
PARAMETRIC_REPRESENTATION_CONTEXT() REPRESENTATION_CONTEXT('2D SPACE',''
  ) );
#2011 = ORIENTED_EDGE('',*,*,#2012,.F.);
#2012 = EDGE_CURVE('',#113,#1971,#2013,.T.);
#2013 = SURFACE_CURVE('',#2014,(#2017,#2024),.PCURVE_S1.);
#2014 = B_SPLINE_CURVE_WITH_KNOTS('',1,(#2015,#2016),.UNSPECIFIED.,.F.,
  .F.,(2,2),(1.,2.),.PIECEWISE_BEZIER_KNOTS.);
#2015 = CARTESIAN_POINT('',(1.828478255456,7.22,-46.27271011403));
#2016 = CARTESIAN_POINT('',(1.835810878413,7.334863049154,
    -46.27441636252));
#2017 = PCURVE('',#147,#2018);
#2018 = DEFINITIONAL_REPRESENTATION('',(#2019),#2023);
#2019 = LINE('',#2020,#2021);
#2020 = CARTESIAN_POINT('',(0.,1.));
#2021 = VECTOR('',#2022,1.);
#2022 = DIRECTION('',(1.,0.));
#2023 = ( GEOMETRIC_REPRESENTATION_CONTEXT(2) 
PARAMETRIC_REPRESENTATION_CONTEXT() REPRESENTATION_CONTEXT('2D SPACE',''
  ) );
#2024 = PCURVE('',#214,#2025);
#2025 = DEFINITIONAL_REPRESENTATION('',(#2026),#2029);
#2026 = B_SPLINE_CURVE_WITH_KNOTS('',1,(#2027,#2028),.UNSPECIFIED.,.F.,
  .F.,(2,2),(1.,2.),.PIECEWISE_BEZIER_KNOTS.);
#2027 = CARTESIAN_POINT('',(9.462656157453E-04,0.119996269031));
#2028 = CARTESIAN_POINT('',(9.380311483895E-03,0.234796380418));
#2029 = ( GEOMETRIC_REPRESENTATION_CONTEXT(2) 
PARAMETRIC_REPRESENTATION_CONTEXT() REPRESENTATION_CONTEXT('2D SPACE',''
  ) );
#2030 = ORIENTED_EDGE('',*,*,#112,.F.);
#2031 = ADVANCED_FACE('',(#2032),#214,.F.);
#2032 = FACE_BOUND('',#2033,.T.);
#2033 = EDGE_LOOP('',(#2034,#2035,#2036,#2057,#2078,#2099,#2120,#2141,
    #2162,#2183,#2204,#2225,#2246,#2267,#2290,#2311,#2332,#2353,#2374,
    #2395,#2416,#2437,#2458,#2479,#2500,#2521,#2542,#2563));
#2034 = ORIENTED_EDGE('',*,*,#199,.T.);
#2035 = ORIENTED_EDGE('',*,*,#2012,.T.);
#2036 = ORIENTED_EDGE('',*,*,#2037,.T.);
#2037 = EDGE_CURVE('',#1971,#2038,#2040,.T.);
#2038 = VERTEX_POINT('',#2039);
#2039 = CARTESIAN_POINT('',(1.857683284073,7.44776075969,-46.27950591363
    ));
#2040 = SURFACE_CURVE('',#2041,(#2044,#2050),.PCURVE_S1.);
#2041 = B_SPLINE_CURVE_WITH_KNOTS('',1,(#2042,#2043),.UNSPECIFIED.,.F.,
  .F.,(2,2),(2.,3.),.PIECEWISE_BEZIER_KNOTS.);
#2042 = CARTESIAN_POINT('',(1.835810878413,7.334863049154,
    -46.27441636252));
#2043 = CARTESIAN_POINT('',(1.857683284073,7.44776075969,-46.27950591363
    ));
#2044 = PCURVE('',#214,#2045);
#2045 = DEFINITIONAL_REPRESENTATION('',(#2046),#2049);
#2046 = B_SPLINE_CURVE_WITH_KNOTS('',1,(#2047,#2048),.UNSPECIFIED.,.F.,
  .F.,(2,2),(2.,3.),.PIECEWISE_BEZIER_KNOTS.);
#2047 = CARTESIAN_POINT('',(9.380311483895E-03,0.234796380418));
#2048 = CARTESIAN_POINT('',(3.272662432627E-02,0.347513497046));
#2049 = ( GEOMETRIC_REPRESENTATION_CONTEXT(2) 
PARAMETRIC_REPRESENTATION_CONTEXT() REPRESENTATION_CONTEXT('2D SPACE',''
  ) );
#2050 = PCURVE('',#1895,#2051);
#2051 = DEFINITIONAL_REPRESENTATION('',(#2052),#2056);
#2052 = LINE('',#2053,#2054);
#2053 = CARTESIAN_POINT('',(0.,1.));
#2054 = VECTOR('',#2055,1.);
#2055 = DIRECTION('',(1.,0.));
#2056 = ( GEOMETRIC_REPRESENTATION_CONTEXT(2) 
PARAMETRIC_REPRESENTATION_CONTEXT() REPRESENTATION_CONTEXT('2D SPACE',''
  ) );
#2057 = ORIENTED_EDGE('',*,*,#2058,.T.);
#2058 = EDGE_CURVE('',#2038,#2059,#2061,.T.);
#2059 = VERTEX_POINT('',#2060);
#2060 = CARTESIAN_POINT('',(1.893721229511,7.556761420481,
    -46.28789168372));
#2061 = SURFACE_CURVE('',#2062,(#2065,#2071),.PCURVE_S1.);
#2062 = B_SPLINE_CURVE_WITH_KNOTS('',1,(#2063,#2064),.UNSPECIFIED.,.F.,
  .F.,(2,2),(3.,4.),.PIECEWISE_BEZIER_KNOTS.);
#2063 = CARTESIAN_POINT('',(1.857683284073,7.44776075969,-46.27950591363
    ));
#2064 = CARTESIAN_POINT('',(1.893721229511,7.556761420481,
    -46.28789168372));
#2065 = PCURVE('',#214,#2066);
#2066 = DEFINITIONAL_REPRESENTATION('',(#2067),#2070);
#2067 = B_SPLINE_CURVE_WITH_KNOTS('',1,(#2068,#2069),.UNSPECIFIED.,.F.,
  .F.,(2,2),(3.,4.),.PIECEWISE_BEZIER_KNOTS.);
#2068 = CARTESIAN_POINT('',(3.272662432627E-02,0.347513497046));
#2069 = CARTESIAN_POINT('',(7.058574225734E-02,0.456218997798));
#2070 = ( GEOMETRIC_REPRESENTATION_CONTEXT(2) 
PARAMETRIC_REPRESENTATION_CONTEXT() REPRESENTATION_CONTEXT('2D SPACE',''
  ) );
#2071 = PCURVE('',#1829,#2072);
#2072 = DEFINITIONAL_REPRESENTATION('',(#2073),#2077);
#2073 = LINE('',#2074,#2075);
#2074 = CARTESIAN_POINT('',(0.,1.));
#2075 = VECTOR('',#2076,1.);
#2076 = DIRECTION('',(1.,0.));
#2077 = ( GEOMETRIC_REPRESENTATION_CONTEXT(2) 
PARAMETRIC_REPRESENTATION_CONTEXT() REPRESENTATION_CONTEXT('2D SPACE',''
  ) );
#2078 = ORIENTED_EDGE('',*,*,#2079,.T.);
#2079 = EDGE_CURVE('',#2059,#2080,#2082,.T.);
#2080 = VERTEX_POINT('',#2081);
#2081 = CARTESIAN_POINT('',(1.943308095488,7.66,-46.29943018994));
#2082 = SURFACE_CURVE('',#2083,(#2086,#2092),.PCURVE_S1.);
#2083 = B_SPLINE_CURVE_WITH_KNOTS('',1,(#2084,#2085),.UNSPECIFIED.,.F.,
  .F.,(2,2),(4.,5.),.PIECEWISE_BEZIER_KNOTS.);
#2084 = CARTESIAN_POINT('',(1.893721229511,7.556761420481,
    -46.28789168372));
#2085 = CARTESIAN_POINT('',(1.943308095488,7.66,-46.29943018994));
#2086 = PCURVE('',#214,#2087);
#2087 = DEFINITIONAL_REPRESENTATION('',(#2088),#2091);
#2088 = B_SPLINE_CURVE_WITH_KNOTS('',1,(#2089,#2090),.UNSPECIFIED.,.F.,
  .F.,(2,2),(4.,5.),.PIECEWISE_BEZIER_KNOTS.);
#2089 = CARTESIAN_POINT('',(7.058574225734E-02,0.456218997798));
#2090 = CARTESIAN_POINT('',(0.122309885273,0.559052901417));
#2091 = ( GEOMETRIC_REPRESENTATION_CONTEXT(2) 
PARAMETRIC_REPRESENTATION_CONTEXT() REPRESENTATION_CONTEXT('2D SPACE',''
  ) );
#2092 = PCURVE('',#1763,#2093);
#2093 = DEFINITIONAL_REPRESENTATION('',(#2094),#2098);
#2094 = LINE('',#2095,#2096);
#2095 = CARTESIAN_POINT('',(0.,1.));
#2096 = VECTOR('',#2097,1.);
#2097 = DIRECTION('',(1.,0.));
#2098 = ( GEOMETRIC_REPRESENTATION_CONTEXT(2) 
PARAMETRIC_REPRESENTATION_CONTEXT() REPRESENTATION_CONTEXT('2D SPACE',''
  ) );
#2099 = ORIENTED_EDGE('',*,*,#2100,.T.);
#2100 = EDGE_CURVE('',#2080,#2101,#2103,.T.);
#2101 = VERTEX_POINT('',#2102);
#2102 = CARTESIAN_POINT('',(2.005595436981,7.755710057528,
    -46.31392400524));
#2103 = SURFACE_CURVE('',#2104,(#2107,#2113),.PCURVE_S1.);
#2104 = B_SPLINE_CURVE_WITH_KNOTS('',1,(#2105,#2106),.UNSPECIFIED.,.F.,
  .F.,(2,2),(5.,6.),.PIECEWISE_BEZIER_KNOTS.);
#2105 = CARTESIAN_POINT('',(1.943308095488,7.66,-46.29943018994));
#2106 = CARTESIAN_POINT('',(2.005595436981,7.755710057528,
    -46.31392400524));
#2107 = PCURVE('',#214,#2108);
#2108 = DEFINITIONAL_REPRESENTATION('',(#2109),#2112);
#2109 = B_SPLINE_CURVE_WITH_KNOTS('',1,(#2110,#2111),.UNSPECIFIED.,.F.,
  .F.,(2,2),(5.,6.),.PIECEWISE_BEZIER_KNOTS.);
#2110 = CARTESIAN_POINT('',(0.122309885273,0.559052901417));
#2111 = CARTESIAN_POINT('',(0.187014038945,0.654255691302));
#2112 = ( GEOMETRIC_REPRESENTATION_CONTEXT(2) 
PARAMETRIC_REPRESENTATION_CONTEXT() REPRESENTATION_CONTEXT('2D SPACE',''
  ) );
#2113 = PCURVE('',#1697,#2114);
#2114 = DEFINITIONAL_REPRESENTATION('',(#2115),#2119);
#2115 = LINE('',#2116,#2117);
#2116 = CARTESIAN_POINT('',(0.,1.));
#2117 = VECTOR('',#2118,1.);
#2118 = DIRECTION('',(1.,0.));
#2119 = ( GEOMETRIC_REPRESENTATION_CONTEXT(2) 
PARAMETRIC_REPRESENTATION_CONTEXT() REPRESENTATION_CONTEXT('2D SPACE',''
  ) );
#2120 = ORIENTED_EDGE('',*,*,#2121,.T.);
#2121 = EDGE_CURVE('',#2101,#2122,#2124,.T.);
#2122 = VERTEX_POINT('',#2123);
#2123 = CARTESIAN_POINT('',(2.079517500306,7.842253967444,
    -46.33112513644));
#2124 = SURFACE_CURVE('',#2125,(#2128,#2134),.PCURVE_S1.);
#2125 = B_SPLINE_CURVE_WITH_KNOTS('',1,(#2126,#2127),.UNSPECIFIED.,.F.,
  .F.,(2,2),(6.,7.),.PIECEWISE_BEZIER_KNOTS.);
#2126 = CARTESIAN_POINT('',(2.005595436981,7.755710057528,
    -46.31392400524));
#2127 = CARTESIAN_POINT('',(2.079517500306,7.842253967444,
    -46.33112513644));
#2128 = PCURVE('',#214,#2129);
#2129 = DEFINITIONAL_REPRESENTATION('',(#2130),#2133);
#2130 = B_SPLINE_CURVE_WITH_KNOTS('',1,(#2131,#2132),.UNSPECIFIED.,.F.,
  .F.,(2,2),(6.,7.),.PIECEWISE_BEZIER_KNOTS.);
#2131 = CARTESIAN_POINT('',(0.187014038945,0.654255691302));
#2132 = CARTESIAN_POINT('',(0.263591097265,0.740198421322));
#2133 = ( GEOMETRIC_REPRESENTATION_CONTEXT(2) 
PARAMETRIC_REPRESENTATION_CONTEXT() REPRESENTATION_CONTEXT('2D SPACE',''
  ) );
#2134 = PCURVE('',#1631,#2135);
#2135 = DEFINITIONAL_REPRESENTATION('',(#2136),#2140);
#2136 = LINE('',#2137,#2138);
#2137 = CARTESIAN_POINT('',(0.,1.));
#2138 = VECTOR('',#2139,1.);
#2139 = DIRECTION('',(1.,0.));
#2140 = ( GEOMETRIC_REPRESENTATION_CONTEXT(2) 
PARAMETRIC_REPRESENTATION_CONTEXT() REPRESENTATION_CONTEXT('2D SPACE',''
  ) );
#2141 = ORIENTED_EDGE('',*,*,#2142,.T.);
#2142 = EDGE_CURVE('',#2122,#2143,#2145,.T.);
#2143 = VERTEX_POINT('',#2144);
#2144 = CARTESIAN_POINT('',(2.163809458464,7.918150939456,-46.3507392674
    ));
#2145 = SURFACE_CURVE('',#2146,(#2149,#2155),.PCURVE_S1.);
#2146 = B_SPLINE_CURVE_WITH_KNOTS('',1,(#2147,#2148),.UNSPECIFIED.,.F.,
  .F.,(2,2),(7.,8.),.PIECEWISE_BEZIER_KNOTS.);
#2147 = CARTESIAN_POINT('',(2.079517500306,7.842253967444,
    -46.33112513644));
#2148 = CARTESIAN_POINT('',(2.163809458464,7.918150939456,-46.3507392674
    ));
#2149 = PCURVE('',#214,#2150);
#2150 = DEFINITIONAL_REPRESENTATION('',(#2151),#2154);
#2151 = B_SPLINE_CURVE_WITH_KNOTS('',1,(#2152,#2153),.UNSPECIFIED.,.F.,
  .F.,(2,2),(7.,8.),.PIECEWISE_BEZIER_KNOTS.);
#2152 = CARTESIAN_POINT('',(0.263591097265,0.740198421322));
#2153 = CARTESIAN_POINT('',(0.350730805534,0.815410587539));
#2154 = ( GEOMETRIC_REPRESENTATION_CONTEXT(2) 
PARAMETRIC_REPRESENTATION_CONTEXT() REPRESENTATION_CONTEXT('2D SPACE',''
  ) );
#2155 = PCURVE('',#1565,#2156);
#2156 = DEFINITIONAL_REPRESENTATION('',(#2157),#2161);
#2157 = LINE('',#2158,#2159);
#2158 = CARTESIAN_POINT('',(0.,1.));
#2159 = VECTOR('',#2160,1.);
#2160 = DIRECTION('',(1.,0.));
#2161 = ( GEOMETRIC_REPRESENTATION_CONTEXT(2) 
PARAMETRIC_REPRESENTATION_CONTEXT() REPRESENTATION_CONTEXT('2D SPACE',''
  ) );
#2162 = ORIENTED_EDGE('',*,*,#2163,.T.);
#2163 = EDGE_CURVE('',#2143,#2164,#2166,.T.);
#2164 = VERTEX_POINT('',#2165);
#2165 = CARTESIAN_POINT('',(2.257029052683,7.98210235533,-46.37243079491
    ));
#2166 = SURFACE_CURVE('',#2167,(#2170,#2176),.PCURVE_S1.);
#2167 = B_SPLINE_CURVE_WITH_KNOTS('',1,(#2168,#2169),.UNSPECIFIED.,.F.,
  .F.,(2,2),(8.,9.),.PIECEWISE_BEZIER_KNOTS.);
#2168 = CARTESIAN_POINT('',(2.163809458464,7.918150939456,-46.3507392674
    ));
#2169 = CARTESIAN_POINT('',(2.257029052683,7.98210235533,-46.37243079491
    ));
#2170 = PCURVE('',#214,#2171);
#2171 = DEFINITIONAL_REPRESENTATION('',(#2172),#2175);
#2172 = B_SPLINE_CURVE_WITH_KNOTS('',1,(#2173,#2174),.UNSPECIFIED.,.F.,
  .F.,(2,2),(8.,9.),.PIECEWISE_BEZIER_KNOTS.);
#2173 = CARTESIAN_POINT('',(0.350730805534,0.815410587539));
#2174 = CARTESIAN_POINT('',(0.446942179184,0.878605288935));
#2175 = ( GEOMETRIC_REPRESENTATION_CONTEXT(2) 
PARAMETRIC_REPRESENTATION_CONTEXT() REPRESENTATION_CONTEXT('2D SPACE',''
  ) );
#2176 = PCURVE('',#1499,#2177);
#2177 = DEFINITIONAL_REPRESENTATION('',(#2178),#2182);
#2178 = LINE('',#2179,#2180);
#2179 = CARTESIAN_POINT('',(0.,1.));
#2180 = VECTOR('',#2181,1.);
#2181 = DIRECTION('',(1.,0.));
#2182 = ( GEOMETRIC_REPRESENTATION_CONTEXT(2) 
PARAMETRIC_REPRESENTATION_CONTEXT() REPRESENTATION_CONTEXT('2D SPACE',''
  ) );
#2183 = ORIENTED_EDGE('',*,*,#2184,.T.);
#2184 = EDGE_CURVE('',#2164,#2185,#2187,.T.);
#2185 = VERTEX_POINT('',#2186);
#2186 = CARTESIAN_POINT('',(2.357581269859,8.03301398861,-46.39582857091
    ));
#2187 = SURFACE_CURVE('',#2188,(#2191,#2197),.PCURVE_S1.);
#2188 = B_SPLINE_CURVE_WITH_KNOTS('',1,(#2189,#2190),.UNSPECIFIED.,.F.,
  .F.,(2,2),(9.,10.),.PIECEWISE_BEZIER_KNOTS.);
#2189 = CARTESIAN_POINT('',(2.257029052683,7.98210235533,-46.37243079491
    ));
#2190 = CARTESIAN_POINT('',(2.357581269859,8.03301398861,-46.39582857091
    ));
#2191 = PCURVE('',#214,#2192);
#2192 = DEFINITIONAL_REPRESENTATION('',(#2193),#2196);
#2193 = B_SPLINE_CURVE_WITH_KNOTS('',1,(#2194,#2195),.UNSPECIFIED.,.F.,
  .F.,(2,2),(9.,10.),.PIECEWISE_BEZIER_KNOTS.);
#2194 = CARTESIAN_POINT('',(0.446942179184,0.878605288935));
#2195 = CARTESIAN_POINT('',(0.550579014937,0.928701246651));
#2196 = ( GEOMETRIC_REPRESENTATION_CONTEXT(2) 
PARAMETRIC_REPRESENTATION_CONTEXT() REPRESENTATION_CONTEXT('2D SPACE',''
  ) );
#2197 = PCURVE('',#1433,#2198);
#2198 = DEFINITIONAL_REPRESENTATION('',(#2199),#2203);
#2199 = LINE('',#2200,#2201);
#2200 = CARTESIAN_POINT('',(0.,1.));
#2201 = VECTOR('',#2202,1.);
#2202 = DIRECTION('',(1.,0.));
#2203 = ( GEOMETRIC_REPRESENTATION_CONTEXT(2) 
PARAMETRIC_REPRESENTATION_CONTEXT() REPRESENTATION_CONTEXT('2D SPACE',''
  ) );
#2204 = ORIENTED_EDGE('',*,*,#2205,.T.);
#2205 = EDGE_CURVE('',#2185,#2206,#2208,.T.);
#2206 = VERTEX_POINT('',#2207);
#2207 = CARTESIAN_POINT('',(2.463745633678,8.070014727134,
    -46.42053225298));
#2208 = SURFACE_CURVE('',#2209,(#2212,#2218),.PCURVE_S1.);
#2209 = B_SPLINE_CURVE_WITH_KNOTS('',1,(#2210,#2211),.UNSPECIFIED.,.F.,
  .F.,(2,2),(10.,11.),.PIECEWISE_BEZIER_KNOTS.);
#2210 = CARTESIAN_POINT('',(2.357581269859,8.03301398861,-46.39582857091
    ));
#2211 = CARTESIAN_POINT('',(2.463745633678,8.070014727134,
    -46.42053225298));
#2212 = PCURVE('',#214,#2213);
#2213 = DEFINITIONAL_REPRESENTATION('',(#2214),#2217);
#2214 = B_SPLINE_CURVE_WITH_KNOTS('',1,(#2215,#2216),.UNSPECIFIED.,.F.,
  .F.,(2,2),(10.,11.),.PIECEWISE_BEZIER_KNOTS.);
#2215 = CARTESIAN_POINT('',(0.550579014937,0.928701246651));
#2216 = CARTESIAN_POINT('',(0.659868057799,0.964841304958));
#2217 = ( GEOMETRIC_REPRESENTATION_CONTEXT(2) 
PARAMETRIC_REPRESENTATION_CONTEXT() REPRESENTATION_CONTEXT('2D SPACE',''
  ) );
#2218 = PCURVE('',#1367,#2219);
#2219 = DEFINITIONAL_REPRESENTATION('',(#2220),#2224);
#2220 = LINE('',#2221,#2222);
#2221 = CARTESIAN_POINT('',(0.,1.));
#2222 = VECTOR('',#2223,1.);
#2223 = DIRECTION('',(1.,0.));
#2224 = ( GEOMETRIC_REPRESENTATION_CONTEXT(2) 
PARAMETRIC_REPRESENTATION_CONTEXT() REPRESENTATION_CONTEXT('2D SPACE',''
  ) );
#2225 = ORIENTED_EDGE('',*,*,#2226,.T.);
#2226 = EDGE_CURVE('',#2206,#2227,#2229,.T.);
#2227 = VERTEX_POINT('',#2228);
#2228 = CARTESIAN_POINT('',(2.573705642441,8.092471478009,
    -46.44611915427));
#2229 = SURFACE_CURVE('',#2230,(#2233,#2239),.PCURVE_S1.);
#2230 = B_SPLINE_CURVE_WITH_KNOTS('',1,(#2231,#2232),.UNSPECIFIED.,.F.,
  .F.,(2,2),(11.,12.),.PIECEWISE_BEZIER_KNOTS.);
#2231 = CARTESIAN_POINT('',(2.463745633678,8.070014727134,
    -46.42053225298));
#2232 = CARTESIAN_POINT('',(2.573705642441,8.092471478009,
    -46.44611915427));
#2233 = PCURVE('',#214,#2234);
#2234 = DEFINITIONAL_REPRESENTATION('',(#2235),#2238);
#2235 = B_SPLINE_CURVE_WITH_KNOTS('',1,(#2236,#2237),.UNSPECIFIED.,.F.,
  .F.,(2,2),(11.,12.),.PIECEWISE_BEZIER_KNOTS.);
#2236 = CARTESIAN_POINT('',(0.659868057799,0.964841304958));
#2237 = CARTESIAN_POINT('',(0.772939341947,0.986407097441));
#2238 = ( GEOMETRIC_REPRESENTATION_CONTEXT(2) 
PARAMETRIC_REPRESENTATION_CONTEXT() REPRESENTATION_CONTEXT('2D SPACE',''
  ) );
#2239 = PCURVE('',#1301,#2240);
#2240 = DEFINITIONAL_REPRESENTATION('',(#2241),#2245);
#2241 = LINE('',#2242,#2243);
#2242 = CARTESIAN_POINT('',(0.,1.));
#2243 = VECTOR('',#2244,1.);
#2244 = DIRECTION('',(1.,0.));
#2245 = ( GEOMETRIC_REPRESENTATION_CONTEXT(2) 
PARAMETRIC_REPRESENTATION_CONTEXT() REPRESENTATION_CONTEXT('2D SPACE',''
  ) );
#2246 = ORIENTED_EDGE('',*,*,#2247,.T.);
#2247 = EDGE_CURVE('',#2227,#2248,#2250,.T.);
#2248 = VERTEX_POINT('',#2249);
#2249 = CARTESIAN_POINT('',(2.685579849911,8.1,-46.47215147579));
#2250 = SURFACE_CURVE('',#2251,(#2254,#2260),.PCURVE_S1.);
#2251 = B_SPLINE_CURVE_WITH_KNOTS('',1,(#2252,#2253),.UNSPECIFIED.,.F.,
  .F.,(2,2),(12.,13.),.PIECEWISE_BEZIER_KNOTS.);
#2252 = CARTESIAN_POINT('',(2.573705642441,8.092471478009,
    -46.44611915427));
#2253 = CARTESIAN_POINT('',(2.685579849911,8.1,-46.47215147579));
#2254 = PCURVE('',#214,#2255);
#2255 = DEFINITIONAL_REPRESENTATION('',(#2256),#2259);
#2256 = B_SPLINE_CURVE_WITH_KNOTS('',1,(#2257,#2258),.UNSPECIFIED.,.F.,
  .F.,(2,2),(12.,13.),.PIECEWISE_BEZIER_KNOTS.);
#2257 = CARTESIAN_POINT('',(0.772939341947,0.986407097441));
#2258 = CARTESIAN_POINT('',(0.887858186359,0.99302962741));
#2259 = ( GEOMETRIC_REPRESENTATION_CONTEXT(2) 
PARAMETRIC_REPRESENTATION_CONTEXT() REPRESENTATION_CONTEXT('2D SPACE',''
  ) );
#2260 = PCURVE('',#1235,#2261);
#2261 = DEFINITIONAL_REPRESENTATION('',(#2262),#2266);
#2262 = LINE('',#2263,#2264);
#2263 = CARTESIAN_POINT('',(0.,1.));
#2264 = VECTOR('',#2265,1.);
#2265 = DIRECTION('',(1.,0.));
#2266 = ( GEOMETRIC_REPRESENTATION_CONTEXT(2) 
PARAMETRIC_REPRESENTATION_CONTEXT() REPRESENTATION_CONTEXT('2D SPACE',''
  ) );
#2267 = ORIENTED_EDGE('',*,*,#2268,.F.);
#2268 = EDGE_CURVE('',#2269,#2248,#2271,.T.);
#2269 = VERTEX_POINT('',#2270);
#2270 = CARTESIAN_POINT('',(15.79265148988,8.1,-49.52207255112));
#2271 = SURFACE_CURVE('',#2272,(#2276,#2283),.PCURVE_S1.);
#2272 = LINE('',#2273,#2274);
#2273 = CARTESIAN_POINT('',(15.79265148988,8.1,-49.52207255112));
#2274 = VECTOR('',#2275,1.);
#2275 = DIRECTION('',(-0.973979084608,0.,0.226637911096));
#2276 = PCURVE('',#214,#2277);
#2277 = DEFINITIONAL_REPRESENTATION('',(#2278),#2282);
#2278 = LINE('',#2279,#2280);
#2279 = CARTESIAN_POINT('',(14.344681161094,0.886911920744));
#2280 = VECTOR('',#2281,1.);
#2281 = DIRECTION('',(-0.999968908593,7.885546797874E-03));
#2282 = ( GEOMETRIC_REPRESENTATION_CONTEXT(2) 
PARAMETRIC_REPRESENTATION_CONTEXT() REPRESENTATION_CONTEXT('2D SPACE',''
  ) );
#2283 = PCURVE('',#1209,#2284);
#2284 = DEFINITIONAL_REPRESENTATION('',(#2285),#2289);
#2285 = LINE('',#2286,#2287);
#2286 = CARTESIAN_POINT('',(11.856337502661,26.745465170779));
#2287 = VECTOR('',#2288,1.);
#2288 = DIRECTION('',(-0.970772200105,-0.240002782283));
#2289 = ( GEOMETRIC_REPRESENTATION_CONTEXT(2) 
PARAMETRIC_REPRESENTATION_CONTEXT() REPRESENTATION_CONTEXT('2D SPACE',''
  ) );
#2290 = ORIENTED_EDGE('',*,*,#2291,.T.);
#2291 = EDGE_CURVE('',#2269,#2292,#2294,.T.);
#2292 = VERTEX_POINT('',#2293);
#2293 = CARTESIAN_POINT('',(15.90452569735,8.092471478009,
    -49.54810487264));
#2294 = SURFACE_CURVE('',#2295,(#2298,#2304),.PCURVE_S1.);
#2295 = B_SPLINE_CURVE_WITH_KNOTS('',1,(#2296,#2297),.UNSPECIFIED.,.F.,
  .F.,(2,2),(29.,30.),.PIECEWISE_BEZIER_KNOTS.);
#2296 = CARTESIAN_POINT('',(15.79265148988,8.1,-49.52207255112));
#2297 = CARTESIAN_POINT('',(15.90452569735,8.092471478009,
    -49.54810487264));
#2298 = PCURVE('',#214,#2299);
#2299 = DEFINITIONAL_REPRESENTATION('',(#2300),#2303);
#2300 = B_SPLINE_CURVE_WITH_KNOTS('',1,(#2301,#2302),.UNSPECIFIED.,.F.,
  .F.,(2,2),(29.,30.),.PIECEWISE_BEZIER_KNOTS.);
#2301 = CARTESIAN_POINT('',(14.344681161094,0.886911920744));
#2302 = CARTESIAN_POINT('',(14.459481272482,0.878477874875));
#2303 = ( GEOMETRIC_REPRESENTATION_CONTEXT(2) 
PARAMETRIC_REPRESENTATION_CONTEXT() REPRESENTATION_CONTEXT('2D SPACE',''
  ) );
#2304 = PCURVE('',#1141,#2305);
#2305 = DEFINITIONAL_REPRESENTATION('',(#2306),#2310);
#2306 = LINE('',#2307,#2308);
#2307 = CARTESIAN_POINT('',(0.,1.));
#2308 = VECTOR('',#2309,1.);
#2309 = DIRECTION('',(1.,0.));
#2310 = ( GEOMETRIC_REPRESENTATION_CONTEXT(2) 
PARAMETRIC_REPRESENTATION_CONTEXT() REPRESENTATION_CONTEXT('2D SPACE',''
  ) );
#2311 = ORIENTED_EDGE('',*,*,#2312,.T.);
#2312 = EDGE_CURVE('',#2292,#2313,#2315,.T.);
#2313 = VERTEX_POINT('',#2314);
#2314 = CARTESIAN_POINT('',(16.014485706113,8.070014727134,
    -49.57369177392));
#2315 = SURFACE_CURVE('',#2316,(#2319,#2325),.PCURVE_S1.);
#2316 = B_SPLINE_CURVE_WITH_KNOTS('',1,(#2317,#2318),.UNSPECIFIED.,.F.,
  .F.,(2,2),(30.,31.),.PIECEWISE_BEZIER_KNOTS.);
#2317 = CARTESIAN_POINT('',(15.90452569735,8.092471478009,
    -49.54810487264));
#2318 = CARTESIAN_POINT('',(16.014485706113,8.070014727134,
    -49.57369177392));
#2319 = PCURVE('',#214,#2320);
#2320 = DEFINITIONAL_REPRESENTATION('',(#2321),#2324);
#2321 = B_SPLINE_CURVE_WITH_KNOTS('',1,(#2322,#2323),.UNSPECIFIED.,.F.,
  .F.,(2,2),(30.,31.),.PIECEWISE_BEZIER_KNOTS.);
#2322 = CARTESIAN_POINT('',(14.459481272482,0.878477874875));
#2323 = CARTESIAN_POINT('',(14.572198389109,0.855131562033));
#2324 = ( GEOMETRIC_REPRESENTATION_CONTEXT(2) 
PARAMETRIC_REPRESENTATION_CONTEXT() REPRESENTATION_CONTEXT('2D SPACE',''
  ) );
#2325 = PCURVE('',#1075,#2326);
#2326 = DEFINITIONAL_REPRESENTATION('',(#2327),#2331);
#2327 = LINE('',#2328,#2329);
#2328 = CARTESIAN_POINT('',(0.,1.));
#2329 = VECTOR('',#2330,1.);
#2330 = DIRECTION('',(1.,0.));
#2331 = ( GEOMETRIC_REPRESENTATION_CONTEXT(2) 
PARAMETRIC_REPRESENTATION_CONTEXT() REPRESENTATION_CONTEXT('2D SPACE',''
  ) );
#2332 = ORIENTED_EDGE('',*,*,#2333,.T.);
#2333 = EDGE_CURVE('',#2313,#2334,#2336,.T.);
#2334 = VERTEX_POINT('',#2335);
#2335 = CARTESIAN_POINT('',(16.120650069932,8.03301398861,
    -49.59839545599));
#2336 = SURFACE_CURVE('',#2337,(#2340,#2346),.PCURVE_S1.);
#2337 = B_SPLINE_CURVE_WITH_KNOTS('',1,(#2338,#2339),.UNSPECIFIED.,.F.,
  .F.,(2,2),(31.,32.),.PIECEWISE_BEZIER_KNOTS.);
#2338 = CARTESIAN_POINT('',(16.014485706113,8.070014727134,
    -49.57369177392));
#2339 = CARTESIAN_POINT('',(16.120650069932,8.03301398861,
    -49.59839545599));
#2340 = PCURVE('',#214,#2341);
#2341 = DEFINITIONAL_REPRESENTATION('',(#2342),#2345);
#2342 = B_SPLINE_CURVE_WITH_KNOTS('',1,(#2343,#2344),.UNSPECIFIED.,.F.,
  .F.,(2,2),(31.,32.),.PIECEWISE_BEZIER_KNOTS.);
#2343 = CARTESIAN_POINT('',(14.572198389109,0.855131562033));
#2344 = CARTESIAN_POINT('',(14.680903889861,0.817272444102));
#2345 = ( GEOMETRIC_REPRESENTATION_CONTEXT(2) 
PARAMETRIC_REPRESENTATION_CONTEXT() REPRESENTATION_CONTEXT('2D SPACE',''
  ) );
#2346 = PCURVE('',#1009,#2347);
#2347 = DEFINITIONAL_REPRESENTATION('',(#2348),#2352);
#2348 = LINE('',#2349,#2350);
#2349 = CARTESIAN_POINT('',(0.,1.));
#2350 = VECTOR('',#2351,1.);
#2351 = DIRECTION('',(1.,0.));
#2352 = ( GEOMETRIC_REPRESENTATION_CONTEXT(2) 
PARAMETRIC_REPRESENTATION_CONTEXT() REPRESENTATION_CONTEXT('2D SPACE',''
  ) );
#2353 = ORIENTED_EDGE('',*,*,#2354,.T.);
#2354 = EDGE_CURVE('',#2334,#2355,#2357,.T.);
#2355 = VERTEX_POINT('',#2356);
#2356 = CARTESIAN_POINT('',(16.221202287108,7.98210235533,-49.621793232)
  );
#2357 = SURFACE_CURVE('',#2358,(#2361,#2367),.PCURVE_S1.);
#2358 = B_SPLINE_CURVE_WITH_KNOTS('',1,(#2359,#2360),.UNSPECIFIED.,.F.,
  .F.,(2,2),(32.,33.),.PIECEWISE_BEZIER_KNOTS.);
#2359 = CARTESIAN_POINT('',(16.120650069932,8.03301398861,
    -49.59839545599));
#2360 = CARTESIAN_POINT('',(16.221202287108,7.98210235533,-49.621793232)
  );
#2361 = PCURVE('',#214,#2362);
#2362 = DEFINITIONAL_REPRESENTATION('',(#2363),#2366);
#2363 = B_SPLINE_CURVE_WITH_KNOTS('',1,(#2364,#2365),.UNSPECIFIED.,.F.,
  .F.,(2,2),(32.,33.),.PIECEWISE_BEZIER_KNOTS.);
#2364 = CARTESIAN_POINT('',(14.680903889861,0.817272444102));
#2365 = CARTESIAN_POINT('',(14.783737793481,0.765548301086));
#2366 = ( GEOMETRIC_REPRESENTATION_CONTEXT(2) 
PARAMETRIC_REPRESENTATION_CONTEXT() REPRESENTATION_CONTEXT('2D SPACE',''
  ) );
#2367 = PCURVE('',#943,#2368);
#2368 = DEFINITIONAL_REPRESENTATION('',(#2369),#2373);
#2369 = LINE('',#2370,#2371);
#2370 = CARTESIAN_POINT('',(0.,1.));
#2371 = VECTOR('',#2372,1.);
#2372 = DIRECTION('',(1.,0.));
#2373 = ( GEOMETRIC_REPRESENTATION_CONTEXT(2) 
PARAMETRIC_REPRESENTATION_CONTEXT() REPRESENTATION_CONTEXT('2D SPACE',''
  ) );
#2374 = ORIENTED_EDGE('',*,*,#2375,.T.);
#2375 = EDGE_CURVE('',#2355,#2376,#2378,.T.);
#2376 = VERTEX_POINT('',#2377);
#2377 = CARTESIAN_POINT('',(16.314421881326,7.918150939456,
    -49.64348475951));
#2378 = SURFACE_CURVE('',#2379,(#2382,#2388),.PCURVE_S1.);
#2379 = B_SPLINE_CURVE_WITH_KNOTS('',1,(#2380,#2381),.UNSPECIFIED.,.F.,
  .F.,(2,2),(33.,34.),.PIECEWISE_BEZIER_KNOTS.);
#2380 = CARTESIAN_POINT('',(16.221202287108,7.98210235533,-49.621793232)
  );
#2381 = CARTESIAN_POINT('',(16.314421881326,7.918150939456,
    -49.64348475951));
#2382 = PCURVE('',#214,#2383);
#2383 = DEFINITIONAL_REPRESENTATION('',(#2384),#2387);
#2384 = B_SPLINE_CURVE_WITH_KNOTS('',1,(#2385,#2386),.UNSPECIFIED.,.F.,
  .F.,(2,2),(33.,34.),.PIECEWISE_BEZIER_KNOTS.);
#2385 = CARTESIAN_POINT('',(14.783737793481,0.765548301086));
#2386 = CARTESIAN_POINT('',(14.878940583365,0.700844147414));
#2387 = ( GEOMETRIC_REPRESENTATION_CONTEXT(2) 
PARAMETRIC_REPRESENTATION_CONTEXT() REPRESENTATION_CONTEXT('2D SPACE',''
  ) );
#2388 = PCURVE('',#877,#2389);
#2389 = DEFINITIONAL_REPRESENTATION('',(#2390),#2394);
#2390 = LINE('',#2391,#2392);
#2391 = CARTESIAN_POINT('',(0.,1.));
#2392 = VECTOR('',#2393,1.);
#2393 = DIRECTION('',(1.,0.));
#2394 = ( GEOMETRIC_REPRESENTATION_CONTEXT(2) 
PARAMETRIC_REPRESENTATION_CONTEXT() REPRESENTATION_CONTEXT('2D SPACE',''
  ) );
#2395 = ORIENTED_EDGE('',*,*,#2396,.T.);
#2396 = EDGE_CURVE('',#2376,#2397,#2399,.T.);
#2397 = VERTEX_POINT('',#2398);
#2398 = CARTESIAN_POINT('',(16.398713839485,7.842253967444,
    -49.66309889047));
#2399 = SURFACE_CURVE('',#2400,(#2403,#2409),.PCURVE_S1.);
#2400 = B_SPLINE_CURVE_WITH_KNOTS('',1,(#2401,#2402),.UNSPECIFIED.,.F.,
  .F.,(2,2),(34.,35.),.PIECEWISE_BEZIER_KNOTS.);
#2401 = CARTESIAN_POINT('',(16.314421881326,7.918150939456,
    -49.64348475951));
#2402 = CARTESIAN_POINT('',(16.398713839485,7.842253967444,
    -49.66309889047));
#2403 = PCURVE('',#214,#2404);
#2404 = DEFINITIONAL_REPRESENTATION('',(#2405),#2408);
#2405 = B_SPLINE_CURVE_WITH_KNOTS('',1,(#2406,#2407),.UNSPECIFIED.,.F.,
  .F.,(2,2),(34.,35.),.PIECEWISE_BEZIER_KNOTS.);
#2406 = CARTESIAN_POINT('',(14.878940583365,0.700844147414));
#2407 = CARTESIAN_POINT('',(14.964883313385,0.624267089094));
#2408 = ( GEOMETRIC_REPRESENTATION_CONTEXT(2) 
PARAMETRIC_REPRESENTATION_CONTEXT() REPRESENTATION_CONTEXT('2D SPACE',''
  ) );
#2409 = PCURVE('',#811,#2410);
#2410 = DEFINITIONAL_REPRESENTATION('',(#2411),#2415);
#2411 = LINE('',#2412,#2413);
#2412 = CARTESIAN_POINT('',(0.,1.));
#2413 = VECTOR('',#2414,1.);
#2414 = DIRECTION('',(1.,0.));
#2415 = ( GEOMETRIC_REPRESENTATION_CONTEXT(2) 
PARAMETRIC_REPRESENTATION_CONTEXT() REPRESENTATION_CONTEXT('2D SPACE',''
  ) );
#2416 = ORIENTED_EDGE('',*,*,#2417,.T.);
#2417 = EDGE_CURVE('',#2397,#2418,#2420,.T.);
#2418 = VERTEX_POINT('',#2419);
#2419 = CARTESIAN_POINT('',(16.47263590281,7.755710057528,
    -49.68030002167));
#2420 = SURFACE_CURVE('',#2421,(#2424,#2430),.PCURVE_S1.);
#2421 = B_SPLINE_CURVE_WITH_KNOTS('',1,(#2422,#2423),.UNSPECIFIED.,.F.,
  .F.,(2,2),(35.,36.),.PIECEWISE_BEZIER_KNOTS.);
#2422 = CARTESIAN_POINT('',(16.398713839485,7.842253967444,
    -49.66309889047));
#2423 = CARTESIAN_POINT('',(16.47263590281,7.755710057528,
    -49.68030002167));
#2424 = PCURVE('',#214,#2425);
#2425 = DEFINITIONAL_REPRESENTATION('',(#2426),#2429);
#2426 = B_SPLINE_CURVE_WITH_KNOTS('',1,(#2427,#2428),.UNSPECIFIED.,.F.,
  .F.,(2,2),(35.,36.),.PIECEWISE_BEZIER_KNOTS.);
#2427 = CARTESIAN_POINT('',(14.964883313385,0.624267089094));
#2428 = CARTESIAN_POINT('',(15.040095479602,0.537127380825));
#2429 = ( GEOMETRIC_REPRESENTATION_CONTEXT(2) 
PARAMETRIC_REPRESENTATION_CONTEXT() REPRESENTATION_CONTEXT('2D SPACE',''
  ) );
#2430 = PCURVE('',#745,#2431);
#2431 = DEFINITIONAL_REPRESENTATION('',(#2432),#2436);
#2432 = LINE('',#2433,#2434);
#2433 = CARTESIAN_POINT('',(0.,1.));
#2434 = VECTOR('',#2435,1.);
#2435 = DIRECTION('',(1.,0.));
#2436 = ( GEOMETRIC_REPRESENTATION_CONTEXT(2) 
PARAMETRIC_REPRESENTATION_CONTEXT() REPRESENTATION_CONTEXT('2D SPACE',''
  ) );
#2437 = ORIENTED_EDGE('',*,*,#2438,.T.);
#2438 = EDGE_CURVE('',#2418,#2439,#2441,.T.);
#2439 = VERTEX_POINT('',#2440);
#2440 = CARTESIAN_POINT('',(16.534923244302,7.66,-49.69479383697));
#2441 = SURFACE_CURVE('',#2442,(#2445,#2451),.PCURVE_S1.);
#2442 = B_SPLINE_CURVE_WITH_KNOTS('',1,(#2443,#2444),.UNSPECIFIED.,.F.,
  .F.,(2,2),(36.,37.),.PIECEWISE_BEZIER_KNOTS.);
#2443 = CARTESIAN_POINT('',(16.47263590281,7.755710057528,
    -49.68030002167));
#2444 = CARTESIAN_POINT('',(16.534923244302,7.66,-49.69479383697));
#2445 = PCURVE('',#214,#2446);
#2446 = DEFINITIONAL_REPRESENTATION('',(#2447),#2450);
#2447 = B_SPLINE_CURVE_WITH_KNOTS('',1,(#2448,#2449),.UNSPECIFIED.,.F.,
  .F.,(2,2),(36.,37.),.PIECEWISE_BEZIER_KNOTS.);
#2448 = CARTESIAN_POINT('',(15.040095479602,0.537127380825));
#2449 = CARTESIAN_POINT('',(15.103290180999,0.440916007175));
#2450 = ( GEOMETRIC_REPRESENTATION_CONTEXT(2) 
PARAMETRIC_REPRESENTATION_CONTEXT() REPRESENTATION_CONTEXT('2D SPACE',''
  ) );
#2451 = PCURVE('',#679,#2452);
#2452 = DEFINITIONAL_REPRESENTATION('',(#2453),#2457);
#2453 = LINE('',#2454,#2455);
#2454 = CARTESIAN_POINT('',(0.,1.));
#2455 = VECTOR('',#2456,1.);
#2456 = DIRECTION('',(1.,0.));
#2457 = ( GEOMETRIC_REPRESENTATION_CONTEXT(2) 
PARAMETRIC_REPRESENTATION_CONTEXT() REPRESENTATION_CONTEXT('2D SPACE',''
  ) );
#2458 = ORIENTED_EDGE('',*,*,#2459,.T.);
#2459 = EDGE_CURVE('',#2439,#2460,#2462,.T.);
#2460 = VERTEX_POINT('',#2461);
#2461 = CARTESIAN_POINT('',(16.58451011028,7.556761420481,
    -49.70633234319));
#2462 = SURFACE_CURVE('',#2463,(#2466,#2472),.PCURVE_S1.);
#2463 = B_SPLINE_CURVE_WITH_KNOTS('',1,(#2464,#2465),.UNSPECIFIED.,.F.,
  .F.,(2,2),(37.,38.),.PIECEWISE_BEZIER_KNOTS.);
#2464 = CARTESIAN_POINT('',(16.534923244302,7.66,-49.69479383697));
#2465 = CARTESIAN_POINT('',(16.58451011028,7.556761420481,
    -49.70633234319));
#2466 = PCURVE('',#214,#2467);
#2467 = DEFINITIONAL_REPRESENTATION('',(#2468),#2471);
#2468 = B_SPLINE_CURVE_WITH_KNOTS('',1,(#2469,#2470),.UNSPECIFIED.,.F.,
  .F.,(2,2),(37.,38.),.PIECEWISE_BEZIER_KNOTS.);
#2469 = CARTESIAN_POINT('',(15.103290180999,0.440916007175));
#2470 = CARTESIAN_POINT('',(15.153386138714,0.337279171422));
#2471 = ( GEOMETRIC_REPRESENTATION_CONTEXT(2) 
PARAMETRIC_REPRESENTATION_CONTEXT() REPRESENTATION_CONTEXT('2D SPACE',''
  ) );
#2472 = PCURVE('',#613,#2473);
#2473 = DEFINITIONAL_REPRESENTATION('',(#2474),#2478);
#2474 = LINE('',#2475,#2476);
#2475 = CARTESIAN_POINT('',(0.,1.));
#2476 = VECTOR('',#2477,1.);
#2477 = DIRECTION('',(1.,0.));
#2478 = ( GEOMETRIC_REPRESENTATION_CONTEXT(2) 
PARAMETRIC_REPRESENTATION_CONTEXT() REPRESENTATION_CONTEXT('2D SPACE',''
  ) );
#2479 = ORIENTED_EDGE('',*,*,#2480,.T.);
#2480 = EDGE_CURVE('',#2460,#2481,#2483,.T.);
#2481 = VERTEX_POINT('',#2482);
#2482 = CARTESIAN_POINT('',(16.620548055718,7.44776075969,
    -49.71471811328));
#2483 = SURFACE_CURVE('',#2484,(#2487,#2493),.PCURVE_S1.);
#2484 = B_SPLINE_CURVE_WITH_KNOTS('',1,(#2485,#2486),.UNSPECIFIED.,.F.,
  .F.,(2,2),(38.,39.),.PIECEWISE_BEZIER_KNOTS.);
#2485 = CARTESIAN_POINT('',(16.58451011028,7.556761420481,
    -49.70633234319));
#2486 = CARTESIAN_POINT('',(16.620548055718,7.44776075969,
    -49.71471811328));
#2487 = PCURVE('',#214,#2488);
#2488 = DEFINITIONAL_REPRESENTATION('',(#2489),#2492);
#2489 = B_SPLINE_CURVE_WITH_KNOTS('',1,(#2490,#2491),.UNSPECIFIED.,.F.,
  .F.,(2,2),(38.,39.),.PIECEWISE_BEZIER_KNOTS.);
#2490 = CARTESIAN_POINT('',(15.153386138714,0.337279171422));
#2491 = CARTESIAN_POINT('',(15.189526197021,0.22799012856));
#2492 = ( GEOMETRIC_REPRESENTATION_CONTEXT(2) 
PARAMETRIC_REPRESENTATION_CONTEXT() REPRESENTATION_CONTEXT('2D SPACE',''
  ) );
#2493 = PCURVE('',#547,#2494);
#2494 = DEFINITIONAL_REPRESENTATION('',(#2495),#2499);
#2495 = LINE('',#2496,#2497);
#2496 = CARTESIAN_POINT('',(0.,1.));
#2497 = VECTOR('',#2498,1.);
#2498 = DIRECTION('',(1.,0.));
#2499 = ( GEOMETRIC_REPRESENTATION_CONTEXT(2) 
PARAMETRIC_REPRESENTATION_CONTEXT() REPRESENTATION_CONTEXT('2D SPACE',''
  ) );
#2500 = ORIENTED_EDGE('',*,*,#2501,.T.);
#2501 = EDGE_CURVE('',#2481,#2502,#2504,.T.);
#2502 = VERTEX_POINT('',#2503);
#2503 = CARTESIAN_POINT('',(16.642420461378,7.334863049154,
    -49.71980766439));
#2504 = SURFACE_CURVE('',#2505,(#2508,#2514),.PCURVE_S1.);
#2505 = B_SPLINE_CURVE_WITH_KNOTS('',1,(#2506,#2507),.UNSPECIFIED.,.F.,
  .F.,(2,2),(39.,40.),.PIECEWISE_BEZIER_KNOTS.);
#2506 = CARTESIAN_POINT('',(16.620548055718,7.44776075969,
    -49.71471811328));
#2507 = CARTESIAN_POINT('',(16.642420461378,7.334863049154,
    -49.71980766439));
#2508 = PCURVE('',#214,#2509);
#2509 = DEFINITIONAL_REPRESENTATION('',(#2510),#2513);
#2510 = B_SPLINE_CURVE_WITH_KNOTS('',1,(#2511,#2512),.UNSPECIFIED.,.F.,
  .F.,(2,2),(39.,40.),.PIECEWISE_BEZIER_KNOTS.);
#2511 = CARTESIAN_POINT('',(15.189526197021,0.22799012856));
#2512 = CARTESIAN_POINT('',(15.211091989504,0.114918844412));
#2513 = ( GEOMETRIC_REPRESENTATION_CONTEXT(2) 
PARAMETRIC_REPRESENTATION_CONTEXT() REPRESENTATION_CONTEXT('2D SPACE',''
  ) );
#2514 = PCURVE('',#481,#2515);
#2515 = DEFINITIONAL_REPRESENTATION('',(#2516),#2520);
#2516 = LINE('',#2517,#2518);
#2517 = CARTESIAN_POINT('',(0.,1.));
#2518 = VECTOR('',#2519,1.);
#2519 = DIRECTION('',(1.,0.));
#2520 = ( GEOMETRIC_REPRESENTATION_CONTEXT(2) 
PARAMETRIC_REPRESENTATION_CONTEXT() REPRESENTATION_CONTEXT('2D SPACE',''
  ) );
#2521 = ORIENTED_EDGE('',*,*,#2522,.T.);
#2522 = EDGE_CURVE('',#2502,#2523,#2525,.T.);
#2523 = VERTEX_POINT('',#2524);
#2524 = CARTESIAN_POINT('',(16.649753084335,7.22,-49.72151391288));
#2525 = SURFACE_CURVE('',#2526,(#2529,#2535),.PCURVE_S1.);
#2526 = B_SPLINE_CURVE_WITH_KNOTS('',1,(#2527,#2528),.UNSPECIFIED.,.F.,
  .F.,(2,2),(40.,41.),.PIECEWISE_BEZIER_KNOTS.);
#2527 = CARTESIAN_POINT('',(16.642420461378,7.334863049154,
    -49.71980766439));
#2528 = CARTESIAN_POINT('',(16.649753084335,7.22,-49.72151391288));
#2529 = PCURVE('',#214,#2530);
#2530 = DEFINITIONAL_REPRESENTATION('',(#2531),#2534);
#2531 = B_SPLINE_CURVE_WITH_KNOTS('',1,(#2532,#2533),.UNSPECIFIED.,.F.,
  .F.,(2,2),(40.,41.),.PIECEWISE_BEZIER_KNOTS.);
#2532 = CARTESIAN_POINT('',(15.211091989504,0.114918844412));
#2533 = CARTESIAN_POINT('',(15.217714519474,0.));
#2534 = ( GEOMETRIC_REPRESENTATION_CONTEXT(2) 
PARAMETRIC_REPRESENTATION_CONTEXT() REPRESENTATION_CONTEXT('2D SPACE',''
  ) );
#2535 = PCURVE('',#415,#2536);
#2536 = DEFINITIONAL_REPRESENTATION('',(#2537),#2541);
#2537 = LINE('',#2538,#2539);
#2538 = CARTESIAN_POINT('',(0.,1.));
#2539 = VECTOR('',#2540,1.);
#2540 = DIRECTION('',(1.,0.));
#2541 = ( GEOMETRIC_REPRESENTATION_CONTEXT(2) 
PARAMETRIC_REPRESENTATION_CONTEXT() REPRESENTATION_CONTEXT('2D SPACE',''
  ) );
#2542 = ORIENTED_EDGE('',*,*,#2543,.T.);
#2543 = EDGE_CURVE('',#2523,#2544,#2546,.T.);
#2544 = VERTEX_POINT('',#2545);
#2545 = CARTESIAN_POINT('',(16.649753084335,7.1,-49.72151391288));
#2546 = SURFACE_CURVE('',#2547,(#2550,#2556),.PCURVE_S1.);
#2547 = B_SPLINE_CURVE_WITH_KNOTS('',1,(#2548,#2549),.UNSPECIFIED.,.F.,
  .F.,(2,2),(41.,42.),.PIECEWISE_BEZIER_KNOTS.);
#2548 = CARTESIAN_POINT('',(16.649753084335,7.22,-49.72151391288));
#2549 = CARTESIAN_POINT('',(16.649753084335,7.1,-49.72151391288));
#2550 = PCURVE('',#214,#2551);
#2551 = DEFINITIONAL_REPRESENTATION('',(#2552),#2555);
#2552 = B_SPLINE_CURVE_WITH_KNOTS('',1,(#2553,#2554),.UNSPECIFIED.,.F.,
  .F.,(2,2),(41.,42.),.PIECEWISE_BEZIER_KNOTS.);
#2553 = CARTESIAN_POINT('',(15.217714519474,0.));
#2554 = CARTESIAN_POINT('',(15.216768253858,-0.119996269031));
#2555 = ( GEOMETRIC_REPRESENTATION_CONTEXT(2) 
PARAMETRIC_REPRESENTATION_CONTEXT() REPRESENTATION_CONTEXT('2D SPACE',''
  ) );
#2556 = PCURVE('',#349,#2557);
#2557 = DEFINITIONAL_REPRESENTATION('',(#2558),#2562);
#2558 = LINE('',#2559,#2560);
#2559 = CARTESIAN_POINT('',(0.,1.));
#2560 = VECTOR('',#2561,1.);
#2561 = DIRECTION('',(1.,0.));
#2562 = ( GEOMETRIC_REPRESENTATION_CONTEXT(2) 
PARAMETRIC_REPRESENTATION_CONTEXT() REPRESENTATION_CONTEXT('2D SPACE',''
  ) );
#2563 = ORIENTED_EDGE('',*,*,#2564,.T.);
#2564 = EDGE_CURVE('',#2544,#200,#2565,.T.);
#2565 = SURFACE_CURVE('',#2566,(#2569,#2575),.PCURVE_S1.);
#2566 = B_SPLINE_CURVE_WITH_KNOTS('',1,(#2567,#2568),.UNSPECIFIED.,.F.,
  .F.,(2,2),(42.,43.),.PIECEWISE_BEZIER_KNOTS.);
#2567 = CARTESIAN_POINT('',(16.649753084335,7.1,-49.72151391288));
#2568 = CARTESIAN_POINT('',(1.828478255456,7.1,-46.27271011403));
#2569 = PCURVE('',#214,#2570);
#2570 = DEFINITIONAL_REPRESENTATION('',(#2571),#2574);
#2571 = B_SPLINE_CURVE_WITH_KNOTS('',1,(#2572,#2573),.UNSPECIFIED.,.F.,
  .F.,(2,2),(42.,43.),.PIECEWISE_BEZIER_KNOTS.);
#2572 = CARTESIAN_POINT('',(15.216768253858,-0.119996269031));
#2573 = CARTESIAN_POINT('',(0.,0.));
#2574 = ( GEOMETRIC_REPRESENTATION_CONTEXT(2) 
PARAMETRIC_REPRESENTATION_CONTEXT() REPRESENTATION_CONTEXT('2D SPACE',''
  ) );
#2575 = PCURVE('',#258,#2576);
#2576 = DEFINITIONAL_REPRESENTATION('',(#2577),#2581);
#2577 = LINE('',#2578,#2579);
#2578 = CARTESIAN_POINT('',(0.,1.));
#2579 = VECTOR('',#2580,1.);
#2580 = DIRECTION('',(1.,0.));
#2581 = ( GEOMETRIC_REPRESENTATION_CONTEXT(2) 
PARAMETRIC_REPRESENTATION_CONTEXT() REPRESENTATION_CONTEXT('2D SPACE',''
  ) );
#2582 = ADVANCED_FACE('',(#2583,#2628,#2766,#3025),#258,.T.);
#2583 = FACE_BOUND('',#2584,.T.);
#2584 = EDGE_LOOP('',(#2585,#2586,#2587,#2588));
#2585 = ORIENTED_EDGE('',*,*,#314,.T.);
#2586 = ORIENTED_EDGE('',*,*,#225,.T.);
#2587 = ORIENTED_EDGE('',*,*,#2564,.F.);
#2588 = ORIENTED_EDGE('',*,*,#2589,.F.);
#2589 = EDGE_CURVE('',#315,#2544,#2590,.T.);
#2590 = SURFACE_CURVE('',#2591,(#2614,#2621),.PCURVE_S1.);
#2591 = ( BOUNDED_CURVE() B_SPLINE_CURVE(3,(#2592,#2593,#2594,#2595,
    #2596,#2597,#2598,#2599,#2600,#2601,#2602,#2603,#2604,#2605,#2606,
    #2607,#2608,#2609,#2610,#2611,#2612,#2613),.UNSPECIFIED.,.F.,.F.) 
B_SPLINE_CURVE_WITH_KNOTS((4,1,1,1,1,1,1,1,1,1,1,1,1,1,1,1,1,1,1,4),(0.,
    5.24163189288E-02,0.104832637858,0.157248956786,0.209665275715,
    0.262081594644,0.314497913573,0.366914232502,0.41933055143,
    0.471746870359,0.524163189288,0.576579508217,0.628995827146,
    0.681412146074,0.733828465003,0.786244783932,0.838661102861,
0.89107742179,0.943493740718,1.),.UNSPECIFIED.) CURVE() 
GEOMETRIC_REPRESENTATION_ITEM() RATIONAL_B_SPLINE_CURVE((1.,
    0.999999999991,1.000000000004,0.999999999999,1.,1.,1.,1.,1.,1.,1.,1.
    ,1.,1.,1.,1.,1.,0.999999999999,1.000000000003,0.99999999999,
1.000000000024,1.)) REPRESENTATION_ITEM('') );
#2592 = CARTESIAN_POINT('',(17.239886690793,7.1,4.632079438675));
#2593 = CARTESIAN_POINT('',(17.480531029484,7.100000000109,
    3.694627527544));
#2594 = CARTESIAN_POINT('',(17.938145874771,7.09999999995,1.813703634306
    ));
#2595 = CARTESIAN_POINT('',(18.553088516686,7.100000000013,
    -1.024165142547));
#2596 = CARTESIAN_POINT('',(19.09616465643,7.099999999996,
    -3.876646816659));
#2597 = CARTESIAN_POINT('',(19.56702639157,7.100000000001,
    -6.741937654919));
#2598 = CARTESIAN_POINT('',(19.965373726011,7.1,-9.618205486377));
#2599 = CARTESIAN_POINT('',(20.290952445275,7.1,-12.50361657389));
#2600 = CARTESIAN_POINT('',(20.54355483243,7.1,-15.39632986789));
#2601 = CARTESIAN_POINT('',(20.723019901678,7.1,-18.29450014224));
#2602 = CARTESIAN_POINT('',(20.829232542988,7.1,-21.19627824189));
#2603 = CARTESIAN_POINT('',(20.862127326721,7.1,-24.09981401906));
#2604 = CARTESIAN_POINT('',(20.821674578671,7.1,-27.00325141704));
#2605 = CARTESIAN_POINT('',(20.707932534598,7.1,-29.90475228349));
#2606 = CARTESIAN_POINT('',(20.520852727372,7.1,-32.80241312269));
#2607 = CARTESIAN_POINT('',(20.261006185105,7.100000000001,
    -35.69458136211));
#2608 = CARTESIAN_POINT('',(19.926872973723,7.099999999998,
    -38.5786806181));
#2609 = CARTESIAN_POINT('',(19.524957371959,7.100000000007,
    -41.4556004413));
#2610 = CARTESIAN_POINT('',(19.032036993712,7.099999999974,
    -44.31331913046));
#2611 = CARTESIAN_POINT('',(18.52315002793,7.100000000101,-47.2627990787
    ));
#2612 = CARTESIAN_POINT('',(17.942258498676,7.099999999766,
    -49.16284166164));
#2613 = CARTESIAN_POINT('',(16.649753084335,7.1,-49.72151391288));
#2614 = PCURVE('',#258,#2615);
#2615 = DEFINITIONAL_REPRESENTATION('',(#2616),#2620);
#2616 = LINE('',#2617,#2618);
#2617 = CARTESIAN_POINT('',(42.,0.));
#2618 = VECTOR('',#2619,1.);
#2619 = DIRECTION('',(0.,1.));
#2620 = ( GEOMETRIC_REPRESENTATION_CONTEXT(2) 
PARAMETRIC_REPRESENTATION_CONTEXT() REPRESENTATION_CONTEXT('2D SPACE',''
  ) );
#2621 = PCURVE('',#349,#2622);
#2622 = DEFINITIONAL_REPRESENTATION('',(#2623),#2627);
#2623 = LINE('',#2624,#2625);
#2624 = CARTESIAN_POINT('',(42.,0.));
#2625 = VECTOR('',#2626,1.);
#2626 = DIRECTION('',(0.,1.));
#2627 = ( GEOMETRIC_REPRESENTATION_CONTEXT(2) 
PARAMETRIC_REPRESENTATION_CONTEXT() REPRESENTATION_CONTEXT('2D SPACE',''
  ) );
#2628 = FACE_BOUND('',#2629,.T.);
#2629 = EDGE_LOOP('',(#2630,#2666,#2700,#2734));
#2630 = ORIENTED_EDGE('',*,*,#2631,.F.);
#2631 = EDGE_CURVE('',#2632,#2634,#2636,.T.);
#2632 = VERTEX_POINT('',#2633);
#2633 = CARTESIAN_POINT('',(5.855046988076,7.100000000034,
    -0.147633915707));
#2634 = VERTEX_POINT('',#2635);
#2635 = CARTESIAN_POINT('',(5.952250165484,7.100000000015,
    -0.559595666711));
#2636 = SURFACE_CURVE('',#2637,(#2643,#2652),.PCURVE_S1.);
#2637 = B_SPLINE_CURVE_WITH_KNOTS('',4,(#2638,#2639,#2640,#2641,#2642),
  .UNSPECIFIED.,.F.,.F.,(5,5),(0.,1.),.PIECEWISE_BEZIER_KNOTS.);
#2638 = CARTESIAN_POINT('',(5.855046988076,7.100000000034,
    -0.147633915707));
#2639 = CARTESIAN_POINT('',(5.879559875232,7.10000000003,-0.250574155638
    ));
#2640 = CARTESIAN_POINT('',(5.903931413343,7.100000000025,
    -0.353548055501));
#2641 = CARTESIAN_POINT('',(5.928161532757,7.10000000002,-0.456555322811
    ));
#2642 = CARTESIAN_POINT('',(5.952250165484,7.100000000015,
    -0.559595666711));
#2643 = PCURVE('',#258,#2644);
#2644 = DEFINITIONAL_REPRESENTATION('',(#2645),#2651);
#2645 = B_SPLINE_CURVE_WITH_KNOTS('',4,(#2646,#2647,#2648,#2649,#2650),
  .UNSPECIFIED.,.F.,.F.,(5,5),(0.,1.),.PIECEWISE_BEZIER_KNOTS.);
#2646 = CARTESIAN_POINT('',(42.689265446445,3.633139161918E-02));
#2647 = CARTESIAN_POINT('',(42.689265458924,3.846854991417E-02));
#2648 = CARTESIAN_POINT('',(42.689265472169,4.06057090209E-02));
#2649 = CARTESIAN_POINT('',(42.689265485477,4.274286828271E-02));
#2650 = CARTESIAN_POINT('',(42.689265498043,4.488002697952E-02));
#2651 = ( GEOMETRIC_REPRESENTATION_CONTEXT(2) 
PARAMETRIC_REPRESENTATION_CONTEXT() REPRESENTATION_CONTEXT('2D SPACE',''
  ) );
#2652 = PCURVE('',#2653,#2658);
#2653 = CYLINDRICAL_SURFACE('',#2654,102.75250594613);
#2654 = AXIS2_PLACEMENT_3D('',#2655,#2656,#2657);
#2655 = CARTESIAN_POINT('',(-94.10250594613,6.95,-23.95026170372));
#2656 = DIRECTION('',(0.,1.,0.));
#2657 = DIRECTION('',(0.972799174228,-0.,0.231650095235));
#2658 = DEFINITIONAL_REPRESENTATION('',(#2659),#2665);
#2659 = B_SPLINE_CURVE_WITH_KNOTS('',4,(#2660,#2661,#2662,#2663,#2664),
  .UNSPECIFIED.,.F.,.F.,(5,5),(0.,1.),.PIECEWISE_BEZIER_KNOTS.);
#2660 = CARTESIAN_POINT('',(0.,0.150000000034));
#2661 = CARTESIAN_POINT('',(1.029839535976E-03,0.150000000029));
#2662 = CARTESIAN_POINT('',(2.059679080068E-03,0.150000000025));
#2663 = CARTESIAN_POINT('',(3.089518618762E-03,0.15000000002));
#2664 = CARTESIAN_POINT('',(4.119358157676E-03,0.150000000015));
#2665 = ( GEOMETRIC_REPRESENTATION_CONTEXT(2) 
PARAMETRIC_REPRESENTATION_CONTEXT() REPRESENTATION_CONTEXT('2D SPACE',''
  ) );
#2666 = ORIENTED_EDGE('',*,*,#2667,.T.);
#2667 = EDGE_CURVE('',#2632,#2668,#2670,.T.);
#2668 = VERTEX_POINT('',#2669);
#2669 = CARTESIAN_POINT('',(12.372801455401,7.100000000034,
    1.404421722365));
#2670 = SURFACE_CURVE('',#2671,(#2677,#2686),.PCURVE_S1.);
#2671 = B_SPLINE_CURVE_WITH_KNOTS('',4,(#2672,#2673,#2674,#2675,#2676),
  .UNSPECIFIED.,.F.,.F.,(5,5),(0.,1.),.PIECEWISE_BEZIER_KNOTS.);
#2672 = CARTESIAN_POINT('',(5.855046988076,7.100000000034,
    -0.147633915707));
#2673 = CARTESIAN_POINT('',(7.484485604908,7.100000000034,0.240379993811
    ));
#2674 = CARTESIAN_POINT('',(9.113924221739,7.100000000034,0.628393903329
    ));
#2675 = CARTESIAN_POINT('',(10.74336283857,7.100000000034,1.016407812847
    ));
#2676 = CARTESIAN_POINT('',(12.372801455401,7.100000000034,
    1.404421722365));
#2677 = PCURVE('',#258,#2678);
#2678 = DEFINITIONAL_REPRESENTATION('',(#2679),#2685);
#2679 = B_SPLINE_CURVE_WITH_KNOTS('',4,(#2680,#2681,#2682,#2683,#2684),
  .UNSPECIFIED.,.F.,.F.,(5,5),(0.,1.),.PIECEWISE_BEZIER_KNOTS.);
#2680 = CARTESIAN_POINT('',(42.689265446429,3.633139160299E-02));
#2681 = CARTESIAN_POINT('',(42.594632676596,3.63313916029E-02));
#2682 = CARTESIAN_POINT('',(42.499999906762,3.633139160281E-02));
#2683 = CARTESIAN_POINT('',(42.405367136929,3.633139160272E-02));
#2684 = CARTESIAN_POINT('',(42.310734367095,3.633139160264E-02));
#2685 = ( GEOMETRIC_REPRESENTATION_CONTEXT(2) 
PARAMETRIC_REPRESENTATION_CONTEXT() REPRESENTATION_CONTEXT('2D SPACE',''
  ) );
#2686 = PCURVE('',#2687,#2692);
#2687 = PLANE('',#2688);
#2688 = AXIS2_PLACEMENT_3D('',#2689,#2690,#2691);
#2689 = CARTESIAN_POINT('',(9.113924221739,6.95,0.628393903329));
#2690 = DIRECTION('',(-0.231650095235,0.,0.972799174228));
#2691 = DIRECTION('',(0.972799174228,0.,0.231650095235));
#2692 = DEFINITIONAL_REPRESENTATION('',(#2693),#2699);
#2693 = B_SPLINE_CURVE_WITH_KNOTS('',4,(#2694,#2695,#2696,#2697,#2698),
  .UNSPECIFIED.,.F.,.F.,(5,5),(0.,1.),.PIECEWISE_BEZIER_KNOTS.);
#2694 = CARTESIAN_POINT('',(-3.35,0.150000000034));
#2695 = CARTESIAN_POINT('',(-1.675,0.150000000034));
#2696 = CARTESIAN_POINT('',(-1.909583602355E-14,0.150000000034));
#2697 = CARTESIAN_POINT('',(1.675,0.150000000034));
#2698 = CARTESIAN_POINT('',(3.35,0.150000000034));
#2699 = ( GEOMETRIC_REPRESENTATION_CONTEXT(2) 
PARAMETRIC_REPRESENTATION_CONTEXT() REPRESENTATION_CONTEXT('2D SPACE',''
  ) );
#2700 = ORIENTED_EDGE('',*,*,#2701,.T.);
#2701 = EDGE_CURVE('',#2668,#2702,#2704,.T.);
#2702 = VERTEX_POINT('',#2703);
#2703 = CARTESIAN_POINT('',(12.476342787607,7.100000000015,
    0.965597913776));
#2704 = SURFACE_CURVE('',#2705,(#2711,#2720),.PCURVE_S1.);
#2705 = B_SPLINE_CURVE_WITH_KNOTS('',4,(#2706,#2707,#2708,#2709,#2710),
  .UNSPECIFIED.,.F.,.F.,(5,5),(0.,1.),.PIECEWISE_BEZIER_KNOTS.);
#2706 = CARTESIAN_POINT('',(12.372801455401,7.100000000034,
    1.404421722365));
#2707 = CARTESIAN_POINT('',(12.398912710815,7.10000000003,1.294769241199
    ));
#2708 = CARTESIAN_POINT('',(12.424873400488,7.100000000025,
    1.185080905296));
#2709 = CARTESIAN_POINT('',(12.450683450227,7.10000000002,1.075357026213
    ));
#2710 = CARTESIAN_POINT('',(12.476342787607,7.100000000015,
    0.965597913776));
#2711 = PCURVE('',#258,#2712);
#2712 = DEFINITIONAL_REPRESENTATION('',(#2713),#2719);
#2713 = B_SPLINE_CURVE_WITH_KNOTS('',4,(#2714,#2715,#2716,#2717,#2718),
  .UNSPECIFIED.,.F.,.F.,(5,5),(0.,1.),.PIECEWISE_BEZIER_KNOTS.);
#2714 = CARTESIAN_POINT('',(42.310734367112,3.633139161883E-02));
#2715 = CARTESIAN_POINT('',(42.310734380405,3.846854991384E-02));
#2716 = CARTESIAN_POINT('',(42.310734394513,4.060570902063E-02));
#2717 = CARTESIAN_POINT('',(42.31073440869,4.274286828251E-02));
#2718 = CARTESIAN_POINT('',(42.310734422075,4.488002697937E-02));
#2719 = ( GEOMETRIC_REPRESENTATION_CONTEXT(2) 
PARAMETRIC_REPRESENTATION_CONTEXT() REPRESENTATION_CONTEXT('2D SPACE',''
  ) );
#2720 = PCURVE('',#2721,#2726);
#2721 = CYLINDRICAL_SURFACE('',#2722,109.45250594613);
#2722 = AXIS2_PLACEMENT_3D('',#2723,#2724,#2725);
#2723 = CARTESIAN_POINT('',(-94.10250594613,6.95,-23.95026170372));
#2724 = DIRECTION('',(0.,1.,0.));
#2725 = DIRECTION('',(0.972799174228,-0.,0.231650095235));
#2726 = DEFINITIONAL_REPRESENTATION('',(#2727),#2733);
#2727 = B_SPLINE_CURVE_WITH_KNOTS('',4,(#2728,#2729,#2730,#2731,#2732),
  .UNSPECIFIED.,.F.,.F.,(5,5),(0.,1.),.PIECEWISE_BEZIER_KNOTS.);
#2728 = CARTESIAN_POINT('',(0.,0.150000000034));
#2729 = CARTESIAN_POINT('',(1.029839535963E-03,0.150000000029));
#2730 = CARTESIAN_POINT('',(2.059679080061E-03,0.150000000025));
#2731 = CARTESIAN_POINT('',(3.089518618766E-03,0.15000000002));
#2732 = CARTESIAN_POINT('',(4.119358157676E-03,0.150000000015));
#2733 = ( GEOMETRIC_REPRESENTATION_CONTEXT(2) 
PARAMETRIC_REPRESENTATION_CONTEXT() REPRESENTATION_CONTEXT('2D SPACE',''
  ) );
#2734 = ORIENTED_EDGE('',*,*,#2735,.F.);
#2735 = EDGE_CURVE('',#2634,#2702,#2736,.T.);
#2736 = SURFACE_CURVE('',#2737,(#2743,#2752),.PCURVE_S1.);
#2737 = B_SPLINE_CURVE_WITH_KNOTS('',4,(#2738,#2739,#2740,#2741,#2742),
  .UNSPECIFIED.,.F.,.F.,(5,5),(0.,1.),.PIECEWISE_BEZIER_KNOTS.);
#2738 = CARTESIAN_POINT('',(5.952250165484,7.100000000015,
    -0.559595666711));
#2739 = CARTESIAN_POINT('',(7.583273321014,7.100000000015,
    -0.178297271589));
#2740 = CARTESIAN_POINT('',(9.214296476545,7.100000000015,0.203001123532
    ));
#2741 = CARTESIAN_POINT('',(10.845319632076,7.100000000015,
    0.584299518654));
#2742 = CARTESIAN_POINT('',(12.476342787607,7.100000000015,
    0.965597913776));
#2743 = PCURVE('',#258,#2744);
#2744 = DEFINITIONAL_REPRESENTATION('',(#2745),#2751);
#2745 = B_SPLINE_CURVE_WITH_KNOTS('',4,(#2746,#2747,#2748,#2749,#2750),
  .UNSPECIFIED.,.F.,.F.,(5,5),(0.,1.),.PIECEWISE_BEZIER_KNOTS.);
#2746 = CARTESIAN_POINT('',(42.689265498052,4.488002698633E-02));
#2747 = CARTESIAN_POINT('',(42.59463272906,4.488002698629E-02));
#2748 = CARTESIAN_POINT('',(42.499999960068,4.488002698625E-02));
#2749 = CARTESIAN_POINT('',(42.405367191076,4.488002698622E-02));
#2750 = CARTESIAN_POINT('',(42.310734422084,4.488002698618E-02));
#2751 = ( GEOMETRIC_REPRESENTATION_CONTEXT(2) 
PARAMETRIC_REPRESENTATION_CONTEXT() REPRESENTATION_CONTEXT('2D SPACE',''
  ) );
#2752 = PCURVE('',#2753,#2758);
#2753 = PLANE('',#2754);
#2754 = AXIS2_PLACEMENT_3D('',#2755,#2756,#2757);
#2755 = CARTESIAN_POINT('',(9.214296476545,6.95,0.203001123532));
#2756 = DIRECTION('',(-0.227640832908,0.,0.973745167481));
#2757 = DIRECTION('',(0.973745167481,0.,0.227640832908));
#2758 = DEFINITIONAL_REPRESENTATION('',(#2759),#2765);
#2759 = B_SPLINE_CURVE_WITH_KNOTS('',4,(#2760,#2761,#2762,#2763,#2764),
  .UNSPECIFIED.,.F.,.F.,(5,5),(0.,1.),.PIECEWISE_BEZIER_KNOTS.);
#2760 = CARTESIAN_POINT('',(-3.35,0.150000000015));
#2761 = CARTESIAN_POINT('',(-1.675,0.150000000015));
#2762 = CARTESIAN_POINT('',(2.04281036531E-14,0.150000000015));
#2763 = CARTESIAN_POINT('',(1.675,0.150000000015));
#2764 = CARTESIAN_POINT('',(3.35,0.150000000015));
#2765 = ( GEOMETRIC_REPRESENTATION_CONTEXT(2) 
PARAMETRIC_REPRESENTATION_CONTEXT() REPRESENTATION_CONTEXT('2D SPACE',''
  ) );
#2766 = FACE_BOUND('',#2767,.T.);
#2767 = EDGE_LOOP('',(#2768));
#2768 = ORIENTED_EDGE('',*,*,#2769,.T.);
#2769 = EDGE_CURVE('',#2770,#2770,#2772,.T.);
#2770 = VERTEX_POINT('',#2771);
#2771 = CARTESIAN_POINT('',(12.047723579968,7.1,-31.60546501515));
#2772 = SURFACE_CURVE('',#2773,(#2830,#2925),.PCURVE_S1.);
#2773 = B_SPLINE_CURVE_WITH_KNOTS('',7,(#2774,#2775,#2776,#2777,#2778,
    #2779,#2780,#2781,#2782,#2783,#2784,#2785,#2786,#2787,#2788,#2789,
    #2790,#2791,#2792,#2793,#2794,#2795,#2796,#2797,#2798,#2799,#2800,
    #2801,#2802,#2803,#2804,#2805,#2806,#2807,#2808,#2809,#2810,#2811,
    #2812,#2813,#2814,#2815,#2816,#2817,#2818,#2819,#2820,#2821,#2822,
    #2823,#2824,#2825,#2826,#2827,#2828,#2829),.UNSPECIFIED.,.T.,.F.,(8,
    6,6,6,6,6,6,6,6,8),(0.,0.515021142319,1.,1.42213918236,
    1.687648611163,1.917945671339,2.210147908822,2.811508945667,
    3.282389244999,3.697270855841),.UNSPECIFIED.);
#2774 = CARTESIAN_POINT('',(12.047723579968,7.1,-31.60546501515));
#2775 = CARTESIAN_POINT('',(12.172702564789,7.1,-31.60546501515));
#2776 = CARTESIAN_POINT('',(12.297748287389,7.1,-31.62368816402));
#2777 = CARTESIAN_POINT('',(12.419547709671,7.1,-31.66016861218));
#2778 = CARTESIAN_POINT('',(12.534943324269,7.1,-31.71413860474));
#2779 = CARTESIAN_POINT('',(12.641038578248,7.1,-31.78425137356));
#2780 = CARTESIAN_POINT('',(12.735205098415,7.1,-31.86858020948));
#2781 = CARTESIAN_POINT('',(12.890786526242,7.1,-32.05491561864));
#2782 = CARTESIAN_POINT('',(12.953868490002,7.1,-32.15569620184));
#2783 = CARTESIAN_POINT('',(13.002786307845,7.1,-32.26478960507));
#2784 = CARTESIAN_POINT('',(13.036297929915,7.1,-32.37978155121));
#2785 = CARTESIAN_POINT('',(13.053646424715,7.1,-32.49810181585));
#2786 = CARTESIAN_POINT('',(13.054567717387,7.1,-32.61703654851));
#2787 = CARTESIAN_POINT('',(13.026292414103,7.1,-32.83548855198));
#2788 = CARTESIAN_POINT('',(13.000972181971,7.1,-32.9356058299));
#2789 = CARTESIAN_POINT('',(12.963711422835,7.1,-33.03237472198));
#2790 = CARTESIAN_POINT('',(12.915072503211,7.1,-33.12410401297));
#2791 = CARTESIAN_POINT('',(12.855891020822,7.1,-33.2092285182));
#2792 = CARTESIAN_POINT('',(12.787253908716,7.1,-33.28634339332));
#2793 = CARTESIAN_POINT('',(12.662262764465,7.1,-33.39697970487));
#2794 = CARTESIAN_POINT('',(12.610790578139,7.1,-33.43606812852));
#2795 = CARTESIAN_POINT('',(12.556438437646,7.1,-33.4712349341));
#2796 = CARTESIAN_POINT('',(12.499566468464,7.1,-33.50222882636));
#2797 = CARTESIAN_POINT('',(12.440559790731,7.1,-33.52884098213));
#2798 = CARTESIAN_POINT('',(12.379825031126,7.1,-33.55090679126));
#2799 = CARTESIAN_POINT('',(12.263976262698,7.1,-33.58340067555));
#2800 = CARTESIAN_POINT('',(12.209182019895,7.1,-33.594984987));
#2801 = CARTESIAN_POINT('',(12.153680571153,7.1,-33.60298350503));
#2802 = CARTESIAN_POINT('',(12.097753297785,7.1,-33.60734665457));
#2803 = CARTESIAN_POINT('',(12.041684630798,7.1,-33.60805244881));
#2804 = CARTESIAN_POINT('',(11.985760184108,7.1,-33.60510662568));
#2805 = CARTESIAN_POINT('',(11.859852135817,7.1,-33.59021454456));
#2806 = CARTESIAN_POINT('',(11.790124000603,7.1,-33.57606079092));
#2807 = CARTESIAN_POINT('',(11.721664939085,7.1,-33.55615089248));
#2808 = CARTESIAN_POINT('',(11.655042795519,7.1,-33.53062470371));
#2809 = CARTESIAN_POINT('',(11.590802872365,7.1,-33.49969040936));
#2810 = CARTESIAN_POINT('',(11.529462001228,7.1,-33.46362236932));
#2811 = CARTESIAN_POINT('',(11.352220442556,7.1,-33.33866083941));
#2812 = CARTESIAN_POINT('',(11.247124479914,7.1,-33.23415778668));
#2813 = CARTESIAN_POINT('',(11.160650149443,7.1,-33.11225782861));
#2814 = CARTESIAN_POINT('',(11.096052935856,7.1,-32.97705710325));
#2815 = CARTESIAN_POINT('',(11.055542908943,7.1,-32.83313731585));
#2816 = CARTESIAN_POINT('',(11.040303027408,7.1,-32.68562498309));
#2817 = CARTESIAN_POINT('',(11.057368342518,7.1,-32.42582796509));
#2818 = CARTESIAN_POINT('',(11.080085193805,7.1,-32.31268365289));
#2819 = CARTESIAN_POINT('',(11.117883084857,7.1,-32.20302017716));
#2820 = CARTESIAN_POINT('',(11.170065616332,7.1,-32.09922799159));
#2821 = CARTESIAN_POINT('',(11.235526616894,7.1,-32.00349525159));
#2822 = CARTESIAN_POINT('',(11.312758303357,7.1,-31.9177954159));
#2823 = CARTESIAN_POINT('',(11.476527305002,7.1,-31.77849711505));
#2824 = CARTESIAN_POINT('',(11.560913801231,7.1,-31.72225231391));
#2825 = CARTESIAN_POINT('',(11.651676361002,7.1,-31.67612480333));
#2826 = CARTESIAN_POINT('',(11.74735057224,7.1,-31.6409448507));
#2827 = CARTESIAN_POINT('',(11.846360936971,7.1,-31.61728826273));
#2828 = CARTESIAN_POINT('',(11.947055364859,7.1,-31.60546501515));
#2829 = CARTESIAN_POINT('',(12.047723579968,7.1,-31.60546501515));
#2830 = PCURVE('',#258,#2831);
#2831 = DEFINITIONAL_REPRESENTATION('',(#2832),#2924);
#2832 = B_SPLINE_CURVE_WITH_KNOTS('',3,(#2833,#2834,#2835,#2836,#2837,
    #2838,#2839,#2840,#2841,#2842,#2843,#2844,#2845,#2846,#2847,#2848,
    #2849,#2850,#2851,#2852,#2853,#2854,#2855,#2856,#2857,#2858,#2859,
    #2860,#2861,#2862,#2863,#2864,#2865,#2866,#2867,#2868,#2869,#2870,
    #2871,#2872,#2873,#2874,#2875,#2876,#2877,#2878,#2879,#2880,#2881,
    #2882,#2883,#2884,#2885,#2886,#2887,#2888,#2889,#2890,#2891,#2892,
    #2893,#2894,#2895,#2896,#2897,#2898,#2899,#2900,#2901,#2902,#2903,
    #2904,#2905,#2906,#2907,#2908,#2909,#2910,#2911,#2912,#2913,#2914,
    #2915,#2916,#2917,#2918,#2919,#2920,#2921,#2922,#2923),
  .UNSPECIFIED.,.F.,.F.,(4,1,1,1,1,1,1,1,1,1,1,1,1,1,1,1,1,1,1,1,1,1,1,1
    ,1,1,1,1,1,1,1,1,1,1,1,1,1,1,1,1,1,1,1,1,1,1,1,1,1,1,1,1,1,1,1,1,1,1
    ,1,1,1,1,1,1,1,1,1,1,1,1,1,1,1,1,1,1,1,1,1,1,1,1,1,1,1,1,1,1,4),(0.,
    4.201444154365E-02,8.40288830873E-02,0.126043324631,0.168057766175,
    0.210072207718,0.252086649262,0.294101090806,0.336115532349,
    0.378129973893,0.420144415436,0.46215885698,0.504173298524,
    0.546187740067,0.588202181611,0.630216623155,0.672231064698,
    0.714245506242,0.756259947786,0.798274389329,0.840288830873,
    0.882303272417,0.92431771396,0.966332155504,1.008346597048,
    1.050361038591,1.092375480135,1.134389921679,1.176404363222,
    1.218418804766,1.260433246309,1.302447687853,1.344462129397,
    1.38647657094,1.428491012484,1.470505454028,1.512519895571,
    1.554534337115,1.596548778659,1.638563220202,1.680577661746,
    1.72259210329,1.764606544833,1.806620986377,1.848635427921,
    1.890649869464,1.932664311008,1.974678752551,2.016693194095,
    2.058707635639,2.100722077182,2.142736518726,2.18475096027,
    2.226765401813,2.268779843357,2.310794284901,2.352808726444,
    2.394823167988,2.436837609532,2.478852051075,2.520866492619,
    2.562880934163,2.604895375706,2.64690981725,2.688924258794,
    2.730938700337,2.772953141881,2.814967583424,2.856982024968,
    2.898996466512,2.941010908055,2.983025349599,3.025039791143,
    3.067054232686,3.10906867423,3.151083115774,3.193097557317,
    3.235111998861,3.277126440405,3.319140881948,3.361155323492,
    3.403169765036,3.445184206579,3.487198648123,3.529213089666,
    3.57122753121,3.613241972754,3.655256414297,3.697270855841),
  .QUASI_UNIFORM_KNOTS.);
#2833 = CARTESIAN_POINT('',(42.481728826677,0.670863216307));
#2834 = CARTESIAN_POINT('',(42.480388233992,0.670829804275));
#2835 = CARTESIAN_POINT('',(42.477699891634,0.670796210748));
#2836 = CARTESIAN_POINT('',(42.47366674336,0.670845028415));
#2837 = CARTESIAN_POINT('',(42.469653931397,0.670992776554));
#2838 = CARTESIAN_POINT('',(42.465681954921,0.671238456093));
#2839 = CARTESIAN_POINT('',(42.461770946036,0.671580632473));
#2840 = CARTESIAN_POINT('',(42.457940588855,0.672017389219));
#2841 = CARTESIAN_POINT('',(42.454210089907,0.672546363727));
#2842 = CARTESIAN_POINT('',(42.450598134005,0.673164754257));
#2843 = CARTESIAN_POINT('',(42.447122837127,0.673869329017));
#2844 = CARTESIAN_POINT('',(42.443801701238,0.674656426466));
#2845 = CARTESIAN_POINT('',(42.440651524962,0.675521960973));
#2846 = CARTESIAN_POINT('',(42.437688434913,0.676461389792));
#2847 = CARTESIAN_POINT('',(42.434927409763,0.677469804933));
#2848 = CARTESIAN_POINT('',(42.432381221536,0.678542481702));
#2849 = CARTESIAN_POINT('',(42.430063227737,0.679673800225));
#2850 = CARTESIAN_POINT('',(42.427985013376,0.680858046407));
#2851 = CARTESIAN_POINT('',(42.426156974947,0.682089258054));
#2852 = CARTESIAN_POINT('',(42.424588183619,0.683361293287));
#2853 = CARTESIAN_POINT('',(42.423286427146,0.684667834797));
#2854 = CARTESIAN_POINT('',(42.422258187803,0.686002405868));
#2855 = CARTESIAN_POINT('',(42.421508621407,0.687358386077));
#2856 = CARTESIAN_POINT('',(42.421041512595,0.688729004769));
#2857 = CARTESIAN_POINT('',(42.420859234612,0.69010741684));
#2858 = CARTESIAN_POINT('',(42.420962618938,0.691486469685));
#2859 = CARTESIAN_POINT('',(42.421351092932,0.692859704418));
#2860 = CARTESIAN_POINT('',(42.422022800169,0.694220304092));
#2861 = CARTESIAN_POINT('',(42.422974344784,0.695561388222));
#2862 = CARTESIAN_POINT('',(42.42420094465,0.696876277153));
#2863 = CARTESIAN_POINT('',(42.425696461914,0.69815843158));
#2864 = CARTESIAN_POINT('',(42.427453447586,0.699401481468));
#2865 = CARTESIAN_POINT('',(42.429463169468,0.700599235485));
#2866 = CARTESIAN_POINT('',(42.431715609778,0.701745692519));
#2867 = CARTESIAN_POINT('',(42.434199518103,0.702835078015));
#2868 = CARTESIAN_POINT('',(42.436902191074,0.703861792875));
#2869 = CARTESIAN_POINT('',(42.439810246295,0.704820714655));
#2870 = CARTESIAN_POINT('',(42.442909221762,0.705706998985));
#2871 = CARTESIAN_POINT('',(42.446183525836,0.706516087206));
#2872 = CARTESIAN_POINT('',(42.449616772965,0.707243820203));
#2873 = CARTESIAN_POINT('',(42.453191750228,0.707886422973));
#2874 = CARTESIAN_POINT('',(42.45689045543,0.708440520869));
#2875 = CARTESIAN_POINT('',(42.460694220647,0.708903162094));
#2876 = CARTESIAN_POINT('',(42.46458396501,0.709271864857));
#2877 = CARTESIAN_POINT('',(42.468539983051,0.709544582974));
#2878 = CARTESIAN_POINT('',(42.472542299725,0.709719755623));
#2879 = CARTESIAN_POINT('',(42.476570666557,0.70979630393));
#2880 = CARTESIAN_POINT('',(42.48060454299,0.709773643097));
#2881 = CARTESIAN_POINT('',(42.484623593543,0.709651682007));
#2882 = CARTESIAN_POINT('',(42.488607203634,0.709430845638));
#2883 = CARTESIAN_POINT('',(42.49253500407,0.709112061958));
#2884 = CARTESIAN_POINT('',(42.496386922626,0.708696761048));
#2885 = CARTESIAN_POINT('',(42.500143217019,0.708186881096));
#2886 = CARTESIAN_POINT('',(42.503784630575,0.707584843816));
#2887 = CARTESIAN_POINT('',(42.507292081372,0.706893643422));
#2888 = CARTESIAN_POINT('',(42.510648827355,0.706116358892));
#2889 = CARTESIAN_POINT('',(42.513836579481,0.705256971106));
#2890 = CARTESIAN_POINT('',(42.516838419138,0.704319882154));
#2891 = CARTESIAN_POINT('',(42.519638559696,0.703309897691));
#2892 = CARTESIAN_POINT('',(42.522222408483,0.702232191215));
#2893 = CARTESIAN_POINT('',(42.524576556272,0.701092278958));
#2894 = CARTESIAN_POINT('',(42.526688795863,0.699895996727));
#2895 = CARTESIAN_POINT('',(42.52854814417,0.69864948027));
#2896 = CARTESIAN_POINT('',(42.530144876355,0.697359147105));
#2897 = CARTESIAN_POINT('',(42.531470571335,0.696031682141));
#2898 = CARTESIAN_POINT('',(42.532518170671,0.694674015354));
#2899 = CARTESIAN_POINT('',(42.533282051258,0.693293331748));
#2900 = CARTESIAN_POINT('',(42.533758115981,0.691896960024));
#2901 = CARTESIAN_POINT('',(42.533943893024,0.690492709593));
#2902 = CARTESIAN_POINT('',(42.533838685351,0.689087504988));
#2903 = CARTESIAN_POINT('',(42.533442940278,0.687688447803));
#2904 = CARTESIAN_POINT('',(42.532758749319,0.686303127853));
#2905 = CARTESIAN_POINT('',(42.531789763073,0.684938821499));
#2906 = CARTESIAN_POINT('',(42.530541120852,0.683602680561));
#2907 = CARTESIAN_POINT('',(42.529019395364,0.682301656809));
#2908 = CARTESIAN_POINT('',(42.527232552326,0.681042497787));
#2909 = CARTESIAN_POINT('',(42.525189919271,0.679831721334));
#2910 = CARTESIAN_POINT('',(42.522902180939,0.678675599018));
#2911 = CARTESIAN_POINT('',(42.520381330892,0.677580115301));
#2912 = CARTESIAN_POINT('',(42.517640836987,0.676550999891));
#2913 = CARTESIAN_POINT('',(42.514695055912,0.675593472764));
#2914 = CARTESIAN_POINT('',(42.511558697333,0.674712194914));
#2915 = CARTESIAN_POINT('',(42.508248449264,0.673911737079));
#2916 = CARTESIAN_POINT('',(42.5047814727,0.673196079753));
#2917 = CARTESIAN_POINT('',(42.501175696525,0.672568751554));
#2918 = CARTESIAN_POINT('',(42.497449653078,0.672032794943));
#2919 = CARTESIAN_POINT('',(42.493622440874,0.671590778875));
#2920 = CARTESIAN_POINT('',(42.489713677531,0.67124477308));
#2921 = CARTESIAN_POINT('',(42.485743404523,0.670996405357));
#2922 = CARTESIAN_POINT('',(42.483069291228,0.670896535998));
#2923 = CARTESIAN_POINT('',(42.481728826677,0.670863216307));
#2924 = ( GEOMETRIC_REPRESENTATION_CONTEXT(2) 
PARAMETRIC_REPRESENTATION_CONTEXT() REPRESENTATION_CONTEXT('2D SPACE',''
  ) );
#2925 = PCURVE('',#2926,#2931);
#2926 = CYLINDRICAL_SURFACE('',#2927,1.);
#2927 = AXIS2_PLACEMENT_3D('',#2928,#2929,#2930);
#2928 = CARTESIAN_POINT('',(12.047723579968,6.12,-32.60546501515));
#2929 = DIRECTION('',(0.,1.,0.));
#2930 = DIRECTION('',(0.,-0.,1.));
#2931 = DEFINITIONAL_REPRESENTATION('',(#2932),#3024);
#2932 = B_SPLINE_CURVE_WITH_KNOTS('',3,(#2933,#2934,#2935,#2936,#2937,
    #2938,#2939,#2940,#2941,#2942,#2943,#2944,#2945,#2946,#2947,#2948,
    #2949,#2950,#2951,#2952,#2953,#2954,#2955,#2956,#2957,#2958,#2959,
    #2960,#2961,#2962,#2963,#2964,#2965,#2966,#2967,#2968,#2969,#2970,
    #2971,#2972,#2973,#2974,#2975,#2976,#2977,#2978,#2979,#2980,#2981,
    #2982,#2983,#2984,#2985,#2986,#2987,#2988,#2989,#2990,#2991,#2992,
    #2993,#2994,#2995,#2996,#2997,#2998,#2999,#3000,#3001,#3002,#3003,
    #3004,#3005,#3006,#3007,#3008,#3009,#3010,#3011,#3012,#3013,#3014,
    #3015,#3016,#3017,#3018,#3019,#3020,#3021,#3022,#3023),
  .UNSPECIFIED.,.F.,.F.,(4,1,1,1,1,1,1,1,1,1,1,1,1,1,1,1,1,1,1,1,1,1,1,1
    ,1,1,1,1,1,1,1,1,1,1,1,1,1,1,1,1,1,1,1,1,1,1,1,1,1,1,1,1,1,1,1,1,1,1
    ,1,1,1,1,1,1,1,1,1,1,1,1,1,1,1,1,1,1,1,1,1,1,1,1,1,1,1,1,1,1,4),(0.,
    4.201444154365E-02,8.40288830873E-02,0.126043324631,0.168057766175,
    0.210072207718,0.252086649262,0.294101090806,0.336115532349,
    0.378129973893,0.420144415436,0.46215885698,0.504173298524,
    0.546187740067,0.588202181611,0.630216623155,0.672231064698,
    0.714245506242,0.756259947786,0.798274389329,0.840288830873,
    0.882303272417,0.92431771396,0.966332155504,1.008346597048,
    1.050361038591,1.092375480135,1.134389921679,1.176404363222,
    1.218418804766,1.260433246309,1.302447687853,1.344462129397,
    1.38647657094,1.428491012484,1.470505454028,1.512519895571,
    1.554534337115,1.596548778659,1.638563220202,1.680577661746,
    1.72259210329,1.764606544833,1.806620986377,1.848635427921,
    1.890649869464,1.932664311008,1.974678752551,2.016693194095,
    2.058707635639,2.100722077182,2.142736518726,2.18475096027,
    2.226765401813,2.268779843357,2.310794284901,2.352808726444,
    2.394823167988,2.436837609532,2.478852051075,2.520866492619,
    2.562880934163,2.604895375706,2.64690981725,2.688924258794,
    2.730938700337,2.772953141881,2.814967583424,2.856982024968,
    2.898996466512,2.941010908055,2.983025349599,3.025039791143,
    3.067054232686,3.10906867423,3.151083115774,3.193097557317,
    3.235111998861,3.277126440405,3.319140881948,3.361155323492,
    3.403169765036,3.445184206579,3.487198648123,3.529213089666,
    3.57122753121,3.613241972754,3.655256414297,3.697270855841),
  .QUASI_UNIFORM_KNOTS.);
#2933 = CARTESIAN_POINT('',(-3.552713678801E-15,0.98));
#2934 = CARTESIAN_POINT('',(2.378999758649E-02,0.98));
#2935 = CARTESIAN_POINT('',(7.137470116757E-02,0.98));
#2936 = CARTESIAN_POINT('',(0.142759797996,0.98));
#2937 = CARTESIAN_POINT('',(0.214145311425,0.98));
#2938 = CARTESIAN_POINT('',(0.28552901041,0.98));
#2939 = CARTESIAN_POINT('',(0.356910813829,0.98));
#2940 = CARTESIAN_POINT('',(0.428292438066,0.98));
#2941 = CARTESIAN_POINT('',(0.49967638508,0.98));
#2942 = CARTESIAN_POINT('',(0.571065153832,0.98));
#2943 = CARTESIAN_POINT('',(0.642460454112,0.98));
#2944 = CARTESIAN_POINT('',(0.713862188318,0.98));
#2945 = CARTESIAN_POINT('',(0.785268123049,0.98));
#2946 = CARTESIAN_POINT('',(0.856670553202,0.98));
#2947 = CARTESIAN_POINT('',(0.928063569021,0.98));
#2948 = CARTESIAN_POINT('',(0.999474556727,0.98));
#2949 = CARTESIAN_POINT('',(1.070888361789,0.98));
#2950 = CARTESIAN_POINT('',(1.142304061538,0.98));
#2951 = CARTESIAN_POINT('',(1.213720380853,0.98));
#2952 = CARTESIAN_POINT('',(1.285138360658,0.98));
#2953 = CARTESIAN_POINT('',(1.356559527595,0.98));
#2954 = CARTESIAN_POINT('',(1.427985244401,0.98));
#2955 = CARTESIAN_POINT('',(1.499416031587,0.98));
#2956 = CARTESIAN_POINT('',(1.570849776242,0.98));
#2957 = CARTESIAN_POINT('',(1.642284126488,0.98));
#2958 = CARTESIAN_POINT('',(1.713702703044,0.98));
#2959 = CARTESIAN_POINT('',(1.785125076907,0.98));
#2960 = CARTESIAN_POINT('',(1.856550992987,0.98));
#2961 = CARTESIAN_POINT('',(1.927973795425,0.98));
#2962 = CARTESIAN_POINT('',(1.999392474403,0.98));
#2963 = CARTESIAN_POINT('',(2.070807018813,0.98));
#2964 = CARTESIAN_POINT('',(2.142218450146,0.98));
#2965 = CARTESIAN_POINT('',(2.213627853632,0.98));
#2966 = CARTESIAN_POINT('',(2.285035261908,0.98));
#2967 = CARTESIAN_POINT('',(2.356440108308,0.98));
#2968 = CARTESIAN_POINT('',(2.427834984929,0.98));
#2969 = CARTESIAN_POINT('',(2.499224520343,0.98));
#2970 = CARTESIAN_POINT('',(2.570611255792,0.98));
#2971 = CARTESIAN_POINT('',(2.641993663005,0.98));
#2972 = CARTESIAN_POINT('',(2.713372744858,0.98));
#2973 = CARTESIAN_POINT('',(2.784749252705,0.98));
#2974 = CARTESIAN_POINT('',(2.856122879608,0.98));
#2975 = CARTESIAN_POINT('',(2.927492965874,0.98));
#2976 = CARTESIAN_POINT('',(2.99886174638,0.98));
#2977 = CARTESIAN_POINT('',(3.070228373195,0.98));
#2978 = CARTESIAN_POINT('',(3.141593901342,0.98));
#2979 = CARTESIAN_POINT('',(3.212959331396,0.98));
#2980 = CARTESIAN_POINT('',(3.284323506305,0.98));
#2981 = CARTESIAN_POINT('',(3.355690161793,0.98));
#2982 = CARTESIAN_POINT('',(3.427057457391,0.98));
#2983 = CARTESIAN_POINT('',(3.498425458865,0.98));
#2984 = CARTESIAN_POINT('',(3.569795276291,0.98));
#2985 = CARTESIAN_POINT('',(3.641167661569,0.98));
#2986 = CARTESIAN_POINT('',(3.712544243319,0.98));
#2987 = CARTESIAN_POINT('',(3.783918709067,0.98));
#2988 = CARTESIAN_POINT('',(3.855320733296,0.98));
#2989 = CARTESIAN_POINT('',(3.926734003336,0.98));
#2990 = CARTESIAN_POINT('',(3.99815091837,0.98));
#2991 = CARTESIAN_POINT('',(4.069567227867,0.98));
#2992 = CARTESIAN_POINT('',(4.140982007177,0.98));
#2993 = CARTESIAN_POINT('',(4.212396392023,0.98));
#2994 = CARTESIAN_POINT('',(4.28381278342,0.98));
#2995 = CARTESIAN_POINT('',(4.355234003859,0.98));
#2996 = CARTESIAN_POINT('',(4.42666253231,0.98));
#2997 = CARTESIAN_POINT('',(4.498099597348,0.98));
#2998 = CARTESIAN_POINT('',(4.569544655015,0.98));
#2999 = CARTESIAN_POINT('',(4.640993130309,0.98));
#3000 = CARTESIAN_POINT('',(4.712440131623,0.98));
#3001 = CARTESIAN_POINT('',(4.783861155131,0.98));
#3002 = CARTESIAN_POINT('',(4.85527881499,0.98));
#3003 = CARTESIAN_POINT('',(4.926706740637,0.98));
#3004 = CARTESIAN_POINT('',(4.998132035636,0.98));
#3005 = CARTESIAN_POINT('',(5.069553589649,0.98));
#3006 = CARTESIAN_POINT('',(5.140970426148,0.98));
#3007 = CARTESIAN_POINT('',(5.212383600463,0.98));
#3008 = CARTESIAN_POINT('',(5.283794540884,0.98));
#3009 = CARTESIAN_POINT('',(5.355204482007,0.98));
#3010 = CARTESIAN_POINT('',(5.426613247869,0.98));
#3011 = CARTESIAN_POINT('',(5.498019459817,0.98));
#3012 = CARTESIAN_POINT('',(5.56941536756,0.98));
#3013 = CARTESIAN_POINT('',(5.640801185912,0.98));
#3014 = CARTESIAN_POINT('',(5.712191608697,0.98));
#3015 = CARTESIAN_POINT('',(5.783576778901,0.98));
#3016 = CARTESIAN_POINT('',(5.854957118442,0.98));
#3017 = CARTESIAN_POINT('',(5.926332894659,0.98));
#3018 = CARTESIAN_POINT('',(5.997705811405,0.98));
#3019 = CARTESIAN_POINT('',(6.069077565349,0.98));
#3020 = CARTESIAN_POINT('',(6.140449109291,0.98));
#3021 = CARTESIAN_POINT('',(6.211820184024,0.98));
#3022 = CARTESIAN_POINT('',(6.259397791946,0.98));
#3023 = CARTESIAN_POINT('',(6.28318530718,0.98));
#3024 = ( GEOMETRIC_REPRESENTATION_CONTEXT(2) 
PARAMETRIC_REPRESENTATION_CONTEXT() REPRESENTATION_CONTEXT('2D SPACE',''
  ) );
#3025 = FACE_BOUND('',#3026,.T.);
#3026 = EDGE_LOOP('',(#3027));
#3027 = ORIENTED_EDGE('',*,*,#3028,.T.);
#3028 = EDGE_CURVE('',#3029,#3029,#3031,.T.);
#3029 = VERTEX_POINT('',#3030);
#3030 = CARTESIAN_POINT('',(8.892134725503,7.1,-21.67738146438));
#3031 = SURFACE_CURVE('',#3032,(#3085,#3180),.PCURVE_S1.);
#3032 = B_SPLINE_CURVE_WITH_KNOTS('',7,(#3033,#3034,#3035,#3036,#3037,
    #3038,#3039,#3040,#3041,#3042,#3043,#3044,#3045,#3046,#3047,#3048,
    #3049,#3050,#3051,#3052,#3053,#3054,#3055,#3056,#3057,#3058,#3059,
    #3060,#3061,#3062,#3063,#3064,#3065,#3066,#3067,#3068,#3069,#3070,
    #3071,#3072,#3073,#3074,#3075,#3076,#3077,#3078,#3079,#3080,#3081,
    #3082,#3083,#3084),.UNSPECIFIED.,.T.,.F.,(8,2,6,6,6,6,6,6,6,8),(0.,
    1.,2.27629748459,4.928358939047,7.33719623806,8.869877469449,
    10.299153221684,13.168738113795,15.38375359795,17.627723384823),
  .UNSPECIFIED.);
#3033 = CARTESIAN_POINT('',(8.892134725503,7.1,-21.67738146438));
#3034 = CARTESIAN_POINT('',(8.943028316931,7.1,-21.67738146438));
#3035 = CARTESIAN_POINT('',(8.993922984781,7.1,-21.68040337294));
#3036 = CARTESIAN_POINT('',(9.109283937395,7.1,-21.6941609148));
#3037 = CARTESIAN_POINT('',(9.222415094395,7.1,-21.72347758802));
#3038 = CARTESIAN_POINT('',(9.330814364102,7.1,-21.76790479219));
#3039 = CARTESIAN_POINT('',(9.432081839778,7.1,-21.82649130703));
#3040 = CARTESIAN_POINT('',(9.524081414751,7.1,-21.89782747075));
#3041 = CARTESIAN_POINT('',(9.572406349817,7.1,-21.941546561));
#3042 = CARTESIAN_POINT('',(9.71015507354,7.1,-22.0865561072));
#3043 = CARTESIAN_POINT('',(9.787815736795,7.1,-22.19919469779));
#3044 = CARTESIAN_POINT('',(9.847181301739,7.1,-22.32356025877));
#3045 = CARTESIAN_POINT('',(9.886272735314,7.1,-22.45602435006));
#3046 = CARTESIAN_POINT('',(9.903942218884,7.1,-22.59271508183));
#3047 = CARTESIAN_POINT('',(9.899867839989,7.1,-22.72950709294));
#3048 = CARTESIAN_POINT('',(9.852219536289,7.1,-22.98281150322));
#3049 = CARTESIAN_POINT('',(9.812271662758,7.1,-23.10019710381));
#3050 = CARTESIAN_POINT('',(9.755604510234,7.1,-23.21129965314));
#3051 = CARTESIAN_POINT('',(9.683484905018,7.1,-23.31330872955));
#3052 = CARTESIAN_POINT('',(9.597666167049,7.1,-23.40376100591));
#3053 = CARTESIAN_POINT('',(9.500379253356,7.1,-23.48054623756));
#3054 = CARTESIAN_POINT('',(9.326880407709,7.1,-23.58130793239));
#3055 = CARTESIAN_POINT('',(9.255845644884,7.1,-23.6143501918));
#3056 = CARTESIAN_POINT('',(9.181923030846,7.1,-23.64085663065));
#3057 = CARTESIAN_POINT('',(9.105835638511,7.1,-23.66053588605));
#3058 = CARTESIAN_POINT('',(9.028336500026,7.1,-23.67319409333));
#3059 = CARTESIAN_POINT('',(8.950198991512,7.1,-23.67873718164));
#3060 = CARTESIAN_POINT('',(8.799482286242,7.1,-23.67573356446));
#3061 = CARTESIAN_POINT('',(8.726872521591,7.1,-23.66811200684));
#3062 = CARTESIAN_POINT('',(8.655017177678,7.1,-23.65432942521));
#3063 = CARTESIAN_POINT('',(8.584540471475,7.1,-23.63448055442));
#3064 = CARTESIAN_POINT('',(8.516049265503,7.1,-23.608735522));
#3065 = CARTESIAN_POINT('',(8.450126356345,7.1,-23.57733808866));
#3066 = CARTESIAN_POINT('',(8.261228283412,7.1,-23.46687124988));
#3067 = CARTESIAN_POINT('',(8.147559120956,7.1,-23.37156019782));
#3068 = CARTESIAN_POINT('',(8.051002354198,7.1,-23.25730494966));
#3069 = CARTESIAN_POINT('',(7.975157677744,7.1,-23.12792231187));
#3070 = CARTESIAN_POINT('',(7.922620292173,7.1,-22.98780274987));
#3071 = CARTESIAN_POINT('',(7.895004412543,7.1,-22.84196810756));
#3072 = CARTESIAN_POINT('',(7.890221859981,7.1,-22.58306328824));
#3073 = CARTESIAN_POINT('',(7.90298122139,7.1,-22.46995153258));
#3074 = CARTESIAN_POINT('',(7.930651712531,7.1,-22.35895031607));
#3075 = CARTESIAN_POINT('',(7.972767347291,7.1,-22.25240412468));
#3076 = CARTESIAN_POINT('',(8.028457308214,7.1,-22.15250081629));
#3077 = CARTESIAN_POINT('',(8.096453520374,7.1,-22.06125835146));
#3078 = CARTESIAN_POINT('',(8.25467422722,7.1,-21.89847517587));
#3079 = CARTESIAN_POINT('',(8.345242397369,7.1,-21.82714101889));
#3080 = CARTESIAN_POINT('',(8.445009556571,7.1,-21.76821287794));
#3081 = CARTESIAN_POINT('',(8.551907095465,7.1,-21.7230498189));
#3082 = CARTESIAN_POINT('',(8.663686529617,7.1,-21.69259712336));
#3083 = CARTESIAN_POINT('',(8.777933419456,7.1,-21.67738146438));
#3084 = CARTESIAN_POINT('',(8.892134725503,7.1,-21.67738146438));
#3085 = PCURVE('',#258,#3086);
#3086 = DEFINITIONAL_REPRESENTATION('',(#3087),#3179);
#3087 = B_SPLINE_CURVE_WITH_KNOTS('',3,(#3088,#3089,#3090,#3091,#3092,
    #3093,#3094,#3095,#3096,#3097,#3098,#3099,#3100,#3101,#3102,#3103,
    #3104,#3105,#3106,#3107,#3108,#3109,#3110,#3111,#3112,#3113,#3114,
    #3115,#3116,#3117,#3118,#3119,#3120,#3121,#3122,#3123,#3124,#3125,
    #3126,#3127,#3128,#3129,#3130,#3131,#3132,#3133,#3134,#3135,#3136,
    #3137,#3138,#3139,#3140,#3141,#3142,#3143,#3144,#3145,#3146,#3147,
    #3148,#3149,#3150,#3151,#3152,#3153,#3154,#3155,#3156,#3157,#3158,
    #3159,#3160,#3161,#3162,#3163,#3164,#3165,#3166,#3167,#3168,#3169,
    #3170,#3171,#3172,#3173,#3174,#3175,#3176,#3177,#3178),
  .UNSPECIFIED.,.T.,.F.,(4,1,1,1,1,1,1,1,1,1,1,1,1,1,1,1,1,1,1,1,1,1,1,1
    ,1,1,1,1,1,1,1,1,1,1,1,1,1,1,1,1,1,1,1,1,1,1,1,1,1,1,1,1,1,1,1,1,1,1
    ,1,1,1,1,1,1,1,1,1,1,1,1,1,1,1,1,1,1,1,1,1,1,1,1,1,1,1,1,1,1,4),(0.,
    0.200315038464,0.400630076928,0.600945115392,0.801260153856,
    1.001575192319,1.201890230783,1.402205269247,1.602520307711,
    1.802835346175,2.003150384639,2.203465423103,2.403780461567,
    2.604095500031,2.804410538495,3.004725576958,3.205040615422,
    3.405355653886,3.60567069235,3.805985730814,4.006300769278,
    4.206615807742,4.406930846206,4.60724588467,4.807560923133,
    5.007875961597,5.208191000061,5.408506038525,5.608821076989,
    5.809136115453,6.009451153917,6.209766192381,6.410081230845,
    6.610396269309,6.810711307772,7.011026346236,7.2113413847,
    7.411656423164,7.611971461628,7.812286500092,8.012601538556,
    8.21291657702,8.413231615484,8.613546653948,8.813861692411,
    9.014176730875,9.214491769339,9.414806807803,9.615121846267,
    9.815436884731,10.015751923195,10.216066961659,10.416382000123,
    10.616697038586,10.81701207705,11.017327115514,11.217642153978,
    11.417957192442,11.618272230906,11.81858726937,12.018902307834,
    12.219217346298,12.419532384762,12.619847423225,12.820162461689,
    13.020477500153,13.220792538617,13.421107577081,13.621422615545,
    13.821737654009,14.022052692473,14.222367730937,14.4226827694,
    14.622997807864,14.823312846328,15.023627884792,15.223942923256,
    15.42425796172,15.624573000184,15.824888038648,16.025203077112,
    16.225518115576,16.425833154039,16.626148192503,16.826463230967,
    17.026778269431,17.227093307895,17.427408346359,17.627723384823),
  .QUASI_UNIFORM_KNOTS.);
#3088 = CARTESIAN_POINT('',(42.674168892698,0.475675171617));
#3089 = CARTESIAN_POINT('',(42.672825257111,0.475685701323));
#3090 = CARTESIAN_POINT('',(42.670140148793,0.475741095021));
#3091 = CARTESIAN_POINT('',(42.666139213128,0.475925999254));
#3092 = CARTESIAN_POINT('',(42.662185357533,0.476211724523));
#3093 = CARTESIAN_POINT('',(42.658298532702,0.476596590366));
#3094 = CARTESIAN_POINT('',(42.654498346918,0.477078478857));
#3095 = CARTESIAN_POINT('',(42.6508039524,0.477654783095));
#3096 = CARTESIAN_POINT('',(42.647233951695,0.478322439483));
#3097 = CARTESIAN_POINT('',(42.64380628683,0.47907794244));
#3098 = CARTESIAN_POINT('',(42.640538151488,0.479917366996));
#3099 = CARTESIAN_POINT('',(42.637445906775,0.480836391892));
#3100 = CARTESIAN_POINT('',(42.634545065029,0.48183030708));
#3101 = CARTESIAN_POINT('',(42.631850111787,0.482894055304));
#3102 = CARTESIAN_POINT('',(42.629373821302,0.484022600281));
#3103 = CARTESIAN_POINT('',(42.627129334368,0.485210000794));
#3104 = CARTESIAN_POINT('',(42.625127996591,0.486450212786));
#3105 = CARTESIAN_POINT('',(42.623379862594,0.487736962234));
#3106 = CARTESIAN_POINT('',(42.621893604155,0.489063812));
#3107 = CARTESIAN_POINT('',(42.620676563762,0.490424170927));
#3108 = CARTESIAN_POINT('',(42.619734753739,0.491811313672));
#3109 = CARTESIAN_POINT('',(42.619072853947,0.493218394671));
#3110 = CARTESIAN_POINT('',(42.618694191005,0.49463845965));
#3111 = CARTESIAN_POINT('',(42.618600709334,0.496064463122));
#3112 = CARTESIAN_POINT('',(42.618792904937,0.497489260239));
#3113 = CARTESIAN_POINT('',(42.619269822999,0.498905696489));
#3114 = CARTESIAN_POINT('',(42.620028739079,0.500306338437));
#3115 = CARTESIAN_POINT('',(42.621066228714,0.501685005808));
#3116 = CARTESIAN_POINT('',(42.622377119364,0.503034611747));
#3117 = CARTESIAN_POINT('',(42.623954767912,0.504348330203));
#3118 = CARTESIAN_POINT('',(42.625791226804,0.505619567216));
#3119 = CARTESIAN_POINT('',(42.627877294521,0.506841975368));
#3120 = CARTESIAN_POINT('',(42.63020257609,0.508009458314));
#3121 = CARTESIAN_POINT('',(42.632755522945,0.509116180711));
#3122 = CARTESIAN_POINT('',(42.635523459155,0.510156579779));
#3123 = CARTESIAN_POINT('',(42.638492606495,0.511125382582));
#3124 = CARTESIAN_POINT('',(42.641648061287,0.512017620928));
#3125 = CARTESIAN_POINT('',(42.644973908754,0.512828676622));
#3126 = CARTESIAN_POINT('',(42.648452788865,0.513554238769));
#3127 = CARTESIAN_POINT('',(42.652067984046,0.514190714794));
#3128 = CARTESIAN_POINT('',(42.655801230085,0.514734720674));
#3129 = CARTESIAN_POINT('',(42.659633675993,0.515183346173));
#3130 = CARTESIAN_POINT('',(42.663546027287,0.515534155062));
#3131 = CARTESIAN_POINT('',(42.667518571743,0.515785188447));
#3132 = CARTESIAN_POINT('',(42.671531239823,0.515934974518));
#3133 = CARTESIAN_POINT('',(42.675563627741,0.515982541483));
#3134 = CARTESIAN_POINT('',(42.679595119284,0.515927443052));
#3135 = CARTESIAN_POINT('',(42.683605492423,0.515769740355));
#3136 = CARTESIAN_POINT('',(42.687574085613,0.51551002498));
#3137 = CARTESIAN_POINT('',(42.69148064274,0.515149414525));
#3138 = CARTESIAN_POINT('',(42.695305179408,0.514689544055));
#3139 = CARTESIAN_POINT('',(42.699028088364,0.514132566036));
#3140 = CARTESIAN_POINT('',(42.702630174337,0.513481148531));
#3141 = CARTESIAN_POINT('',(42.706092761693,0.51273849948));
#3142 = CARTESIAN_POINT('',(42.709399168477,0.511907953157));
#3143 = CARTESIAN_POINT('',(42.712531183869,0.510993824597));
#3144 = CARTESIAN_POINT('',(42.715472274723,0.510000786471));
#3145 = CARTESIAN_POINT('',(42.718206970515,0.508933938487));
#3146 = CARTESIAN_POINT('',(42.720721026882,0.507798748018));
#3147 = CARTESIAN_POINT('',(42.723001388985,0.506601030949));
#3148 = CARTESIAN_POINT('',(42.725036218565,0.505346926469));
#3149 = CARTESIAN_POINT('',(42.726814915642,0.504042877446));
#3150 = CARTESIAN_POINT('',(42.728328154885,0.502695611467));
#3151 = CARTESIAN_POINT('',(42.72956793325,0.501312126067));
#3152 = CARTESIAN_POINT('',(42.730527630163,0.499899664327));
#3153 = CARTESIAN_POINT('',(42.731202086219,0.498465728068));
#3154 = CARTESIAN_POINT('',(42.731587682878,0.497017948926));
#3155 = CARTESIAN_POINT('',(42.731682494882,0.49556448444));
#3156 = CARTESIAN_POINT('',(42.731486246997,0.494112221216));
#3157 = CARTESIAN_POINT('',(42.730999847972,0.492668804302));
#3158 = CARTESIAN_POINT('',(42.730225898953,0.491241967105));
#3159 = CARTESIAN_POINT('',(42.729168524308,0.489839218678));
#3160 = CARTESIAN_POINT('',(42.727833327557,0.488467901102));
#3161 = CARTESIAN_POINT('',(42.726227332,0.487135148352));
#3162 = CARTESIAN_POINT('',(42.724358946038,0.485847872389));
#3163 = CARTESIAN_POINT('',(42.722237927618,0.484612737275));
#3164 = CARTESIAN_POINT('',(42.719875404068,0.483436147547));
#3165 = CARTESIAN_POINT('',(42.717283741741,0.4823241803));
#3166 = CARTESIAN_POINT('',(42.714477025549,0.481282712092));
#3167 = CARTESIAN_POINT('',(42.711469152339,0.480316748358));
#3168 = CARTESIAN_POINT('',(42.708275781743,0.479431227523));
#3169 = CARTESIAN_POINT('',(42.704913787152,0.478630680615));
#3170 = CARTESIAN_POINT('',(42.70140066073,0.477919091754));
#3171 = CARTESIAN_POINT('',(42.69775456627,0.477299946634));
#3172 = CARTESIAN_POINT('',(42.69399423362,0.47677622707));
#3173 = CARTESIAN_POINT('',(42.6901389088,0.47635041393));
#3174 = CARTESIAN_POINT('',(42.686208295665,0.476024488818));
#3175 = CARTESIAN_POINT('',(42.682222517634,0.475799908465));
#3176 = CARTESIAN_POINT('',(42.678202035587,0.475677663447));
#3177 = CARTESIAN_POINT('',(42.675512501911,0.475664553552));
#3178 = CARTESIAN_POINT('',(42.674168892698,0.475675171617));
#3179 = ( GEOMETRIC_REPRESENTATION_CONTEXT(2) 
PARAMETRIC_REPRESENTATION_CONTEXT() REPRESENTATION_CONTEXT('2D SPACE',''
  ) );
#3180 = PCURVE('',#3181,#3186);
#3181 = CYLINDRICAL_SURFACE('',#3182,1.);
#3182 = AXIS2_PLACEMENT_3D('',#3183,#3184,#3185);
#3183 = CARTESIAN_POINT('',(8.892134725503,5.12,-22.67738146438));
#3184 = DIRECTION('',(0.,1.,0.));
#3185 = DIRECTION('',(0.,-0.,1.));
#3186 = DEFINITIONAL_REPRESENTATION('',(#3187),#3279);
#3187 = B_SPLINE_CURVE_WITH_KNOTS('',3,(#3188,#3189,#3190,#3191,#3192,
    #3193,#3194,#3195,#3196,#3197,#3198,#3199,#3200,#3201,#3202,#3203,
    #3204,#3205,#3206,#3207,#3208,#3209,#3210,#3211,#3212,#3213,#3214,
    #3215,#3216,#3217,#3218,#3219,#3220,#3221,#3222,#3223,#3224,#3225,
    #3226,#3227,#3228,#3229,#3230,#3231,#3232,#3233,#3234,#3235,#3236,
    #3237,#3238,#3239,#3240,#3241,#3242,#3243,#3244,#3245,#3246,#3247,
    #3248,#3249,#3250,#3251,#3252,#3253,#3254,#3255,#3256,#3257,#3258,
    #3259,#3260,#3261,#3262,#3263,#3264,#3265,#3266,#3267,#3268,#3269,
    #3270,#3271,#3272,#3273,#3274,#3275,#3276,#3277,#3278),
  .UNSPECIFIED.,.F.,.F.,(4,1,1,1,1,1,1,1,1,1,1,1,1,1,1,1,1,1,1,1,1,1,1,1
    ,1,1,1,1,1,1,1,1,1,1,1,1,1,1,1,1,1,1,1,1,1,1,1,1,1,1,1,1,1,1,1,1,1,1
    ,1,1,1,1,1,1,1,1,1,1,1,1,1,1,1,1,1,1,1,1,1,1,1,1,1,1,1,1,1,1,4),(0.,
    0.200315038464,0.400630076928,0.600945115392,0.801260153856,
    1.001575192319,1.201890230783,1.402205269247,1.602520307711,
    1.802835346175,2.003150384639,2.203465423103,2.403780461567,
    2.604095500031,2.804410538495,3.004725576958,3.205040615422,
    3.405355653886,3.60567069235,3.805985730814,4.006300769278,
    4.206615807742,4.406930846206,4.60724588467,4.807560923133,
    5.007875961597,5.208191000061,5.408506038525,5.608821076989,
    5.809136115453,6.009451153917,6.209766192381,6.410081230845,
    6.610396269309,6.810711307772,7.011026346236,7.2113413847,
    7.411656423164,7.611971461628,7.812286500092,8.012601538556,
    8.21291657702,8.413231615484,8.613546653948,8.813861692411,
    9.014176730875,9.214491769339,9.414806807803,9.615121846267,
    9.815436884731,10.015751923195,10.216066961659,10.416382000123,
    10.616697038586,10.81701207705,11.017327115514,11.217642153978,
    11.417957192442,11.618272230906,11.81858726937,12.018902307834,
    12.219217346298,12.419532384762,12.619847423225,12.820162461689,
    13.020477500153,13.220792538617,13.421107577081,13.621422615545,
    13.821737654009,14.022052692473,14.222367730937,14.4226827694,
    14.622997807864,14.823312846328,15.023627884792,15.223942923256,
    15.42425796172,15.624573000184,15.824888038648,16.025203077112,
    16.225518115576,16.425833154039,16.626148192503,16.826463230967,
    17.026778269431,17.227093307895,17.427408346359,17.627723384823),
  .QUASI_UNIFORM_KNOTS.);
#3188 = CARTESIAN_POINT('',(2.13162820728E-14,1.98));
#3189 = CARTESIAN_POINT('',(2.378785090303E-02,1.98));
#3190 = CARTESIAN_POINT('',(7.136376624178E-02,1.98));
#3191 = CARTESIAN_POINT('',(0.142728512713,1.98));
#3192 = CARTESIAN_POINT('',(0.214094099127,1.98));
#3193 = CARTESIAN_POINT('',(0.285461424309,1.98));
#3194 = CARTESIAN_POINT('',(0.356831164191,1.98));
#3195 = CARTESIAN_POINT('',(0.428203641799,1.98));
#3196 = CARTESIAN_POINT('',(0.499578945043,1.98));
#3197 = CARTESIAN_POINT('',(0.570957261111,1.98));
#3198 = CARTESIAN_POINT('',(0.642338936855,1.98));
#3199 = CARTESIAN_POINT('',(0.713724552057,1.98));
#3200 = CARTESIAN_POINT('',(0.785113618733,1.98));
#3201 = CARTESIAN_POINT('',(0.856506466544,1.98));
#3202 = CARTESIAN_POINT('',(0.927924409955,1.98));
#3203 = CARTESIAN_POINT('',(0.999349194384,1.98));
#3204 = CARTESIAN_POINT('',(1.070776261509,1.98));
#3205 = CARTESIAN_POINT('',(1.1422022461,1.98));
#3206 = CARTESIAN_POINT('',(1.213626964049,1.98));
#3207 = CARTESIAN_POINT('',(1.285051676295,1.98));
#3208 = CARTESIAN_POINT('',(1.356478448784,1.98));
#3209 = CARTESIAN_POINT('',(1.427909297173,1.98));
#3210 = CARTESIAN_POINT('',(1.499345304461,1.98));
#3211 = CARTESIAN_POINT('',(1.570786036291,1.98));
#3212 = CARTESIAN_POINT('',(1.64222752884,1.98));
#3213 = CARTESIAN_POINT('',(1.713665176553,1.98));
#3214 = CARTESIAN_POINT('',(1.785077671634,1.98));
#3215 = CARTESIAN_POINT('',(1.856503954387,1.98));
#3216 = CARTESIAN_POINT('',(1.92793228955,1.98));
#3217 = CARTESIAN_POINT('',(1.999356797562,1.98));
#3218 = CARTESIAN_POINT('',(2.070774810006,1.98));
#3219 = CARTESIAN_POINT('',(2.142186199297,1.98));
#3220 = CARTESIAN_POINT('',(2.213592337095,1.98));
#3221 = CARTESIAN_POINT('',(2.284995271155,1.98));
#3222 = CARTESIAN_POINT('',(2.356396844913,1.98));
#3223 = CARTESIAN_POINT('',(2.427798023643,1.98));
#3224 = CARTESIAN_POINT('',(2.499197406546,1.98));
#3225 = CARTESIAN_POINT('',(2.570592504694,1.98));
#3226 = CARTESIAN_POINT('',(2.641970242974,1.98));
#3227 = CARTESIAN_POINT('',(2.713347132784,1.98));
#3228 = CARTESIAN_POINT('',(2.784721350976,1.98));
#3229 = CARTESIAN_POINT('',(2.856092287379,1.98));
#3230 = CARTESIAN_POINT('',(2.927460920478,1.98));
#3231 = CARTESIAN_POINT('',(2.998828541298,1.98));
#3232 = CARTESIAN_POINT('',(3.07019611272,1.98));
#3233 = CARTESIAN_POINT('',(3.141562992654,1.98));
#3234 = CARTESIAN_POINT('',(3.212927290142,1.98));
#3235 = CARTESIAN_POINT('',(3.28429476879,1.98));
#3236 = CARTESIAN_POINT('',(3.35566227444,1.98));
#3237 = CARTESIAN_POINT('',(3.427030809638,1.98));
#3238 = CARTESIAN_POINT('',(3.498401392654,1.98));
#3239 = CARTESIAN_POINT('',(3.56977507612,1.98));
#3240 = CARTESIAN_POINT('',(3.641151804243,1.98));
#3241 = CARTESIAN_POINT('',(3.712529659886,1.98));
#3242 = CARTESIAN_POINT('',(3.783935968251,1.98));
#3243 = CARTESIAN_POINT('',(3.855350602182,1.98));
#3244 = CARTESIAN_POINT('',(3.926768108648,1.98));
#3245 = CARTESIAN_POINT('',(3.998184507918,1.98));
#3246 = CARTESIAN_POINT('',(4.069599408059,1.98));
#3247 = CARTESIAN_POINT('',(4.141014194807,1.98));
#3248 = CARTESIAN_POINT('',(4.212431402012,1.98));
#3249 = CARTESIAN_POINT('',(4.283853833254,1.98));
#3250 = CARTESIAN_POINT('',(4.355283811262,1.98));
#3251 = CARTESIAN_POINT('',(4.426722249229,1.98));
#3252 = CARTESIAN_POINT('',(4.498168161838,1.98));
#3253 = CARTESIAN_POINT('',(4.569616213706,1.98));
#3254 = CARTESIAN_POINT('',(4.641061045457,1.98));
#3255 = CARTESIAN_POINT('',(4.712475548866,1.98));
#3256 = CARTESIAN_POINT('',(4.783896412867,1.98));
#3257 = CARTESIAN_POINT('',(4.855322595099,1.98));
#3258 = CARTESIAN_POINT('',(4.926746233558,1.98));
#3259 = CARTESIAN_POINT('',(4.998165655989,1.98));
#3260 = CARTESIAN_POINT('',(5.069580541897,1.98));
#3261 = CARTESIAN_POINT('',(5.140992028332,1.98));
#3262 = CARTESIAN_POINT('',(5.212401509037,1.98));
#3263 = CARTESIAN_POINT('',(5.283810074358,1.98));
#3264 = CARTESIAN_POINT('',(5.355216801017,1.98));
#3265 = CARTESIAN_POINT('',(5.42662086231,1.98));
#3266 = CARTESIAN_POINT('',(5.498009122023,1.98));
#3267 = CARTESIAN_POINT('',(5.56940114947,1.98));
#3268 = CARTESIAN_POINT('',(5.640795070374,1.98));
#3269 = CARTESIAN_POINT('',(5.712184284245,1.98));
#3270 = CARTESIAN_POINT('',(5.783567762357,1.98));
#3271 = CARTESIAN_POINT('',(5.854945967765,1.98));
#3272 = CARTESIAN_POINT('',(5.926320773435,1.98));
#3273 = CARTESIAN_POINT('',(5.997694385257,1.98));
#3274 = CARTESIAN_POINT('',(6.069068611377,1.98));
#3275 = CARTESIAN_POINT('',(6.140443859467,1.98));
#3276 = CARTESIAN_POINT('',(6.211818752915,1.98));
#3277 = CARTESIAN_POINT('',(6.259397703291,1.98));
#3278 = CARTESIAN_POINT('',(6.28318530718,1.98));
#3279 = ( GEOMETRIC_REPRESENTATION_CONTEXT(2) 
PARAMETRIC_REPRESENTATION_CONTEXT() REPRESENTATION_CONTEXT('2D SPACE',''
  ) );
#3280 = ADVANCED_FACE('',(#3281),#349,.T.);
#3281 = FACE_BOUND('',#3282,.T.);
#3282 = EDGE_LOOP('',(#3283,#3284,#3285,#3286));
#3283 = ORIENTED_EDGE('',*,*,#335,.T.);
#3284 = ORIENTED_EDGE('',*,*,#2589,.T.);
#3285 = ORIENTED_EDGE('',*,*,#2543,.F.);
#3286 = ORIENTED_EDGE('',*,*,#3287,.F.);
#3287 = EDGE_CURVE('',#336,#2523,#3288,.T.);
#3288 = SURFACE_CURVE('',#3289,(#3312,#3319),.PCURVE_S1.);
#3289 = ( BOUNDED_CURVE() B_SPLINE_CURVE(3,(#3290,#3291,#3292,#3293,
    #3294,#3295,#3296,#3297,#3298,#3299,#3300,#3301,#3302,#3303,#3304,
    #3305,#3306,#3307,#3308,#3309,#3310,#3311),.UNSPECIFIED.,.F.,.F.) 
B_SPLINE_CURVE_WITH_KNOTS((4,1,1,1,1,1,1,1,1,1,1,1,1,1,1,1,1,1,1,4),(0.,
    5.24163189288E-02,0.104832637858,0.157248956786,0.209665275715,
    0.262081594644,0.314497913573,0.366914232502,0.41933055143,
    0.471746870359,0.524163189288,0.576579508217,0.628995827146,
    0.681412146074,0.733828465003,0.786244783932,0.838661102861,
0.89107742179,0.943493740718,1.),.UNSPECIFIED.) CURVE() 
GEOMETRIC_REPRESENTATION_ITEM() RATIONAL_B_SPLINE_CURVE((1.,
    0.999999999991,1.000000000004,0.999999999999,1.,1.,1.,1.,1.,1.,1.,1.
    ,1.,1.,1.,1.,1.,0.999999999999,1.000000000003,0.99999999999,
1.000000000024,1.)) REPRESENTATION_ITEM('') );
#3290 = CARTESIAN_POINT('',(17.239886690793,7.22,4.632079438675));
#3291 = CARTESIAN_POINT('',(17.480531029484,7.220000000116,
    3.694627527544));
#3292 = CARTESIAN_POINT('',(17.938145874771,7.219999999946,
    1.813703634306));
#3293 = CARTESIAN_POINT('',(18.553088516686,7.220000000014,
    -1.024165142547));
#3294 = CARTESIAN_POINT('',(19.09616465643,7.219999999996,
    -3.876646816659));
#3295 = CARTESIAN_POINT('',(19.56702639157,7.220000000001,
    -6.741937654919));
#3296 = CARTESIAN_POINT('',(19.965373726011,7.22,-9.618205486377));
#3297 = CARTESIAN_POINT('',(20.290952445275,7.22,-12.50361657389));
#3298 = CARTESIAN_POINT('',(20.54355483243,7.22,-15.39632986789));
#3299 = CARTESIAN_POINT('',(20.723019901678,7.22,-18.29450014224));
#3300 = CARTESIAN_POINT('',(20.829232542988,7.22,-21.19627824189));
#3301 = CARTESIAN_POINT('',(20.862127326721,7.22,-24.09981401906));
#3302 = CARTESIAN_POINT('',(20.821674578671,7.22,-27.00325141704));
#3303 = CARTESIAN_POINT('',(20.707932534598,7.22,-29.90475228349));
#3304 = CARTESIAN_POINT('',(20.520852727372,7.22,-32.80241312269));
#3305 = CARTESIAN_POINT('',(20.261006185105,7.22,-35.69458136211));
#3306 = CARTESIAN_POINT('',(19.926872973723,7.22,-38.5786806181));
#3307 = CARTESIAN_POINT('',(19.524957371959,7.220000000002,
    -41.4556004413));
#3308 = CARTESIAN_POINT('',(19.032036993712,7.219999999994,
    -44.31331913046));
#3309 = CARTESIAN_POINT('',(18.52315002793,7.220000000024,-47.2627990787
    ));
#3310 = CARTESIAN_POINT('',(17.942258498676,7.219999999944,
    -49.16284166164));
#3311 = CARTESIAN_POINT('',(16.649753084335,7.22,-49.72151391288));
#3312 = PCURVE('',#349,#3313);
#3313 = DEFINITIONAL_REPRESENTATION('',(#3314),#3318);
#3314 = LINE('',#3315,#3316);
#3315 = CARTESIAN_POINT('',(41.,0.));
#3316 = VECTOR('',#3317,1.);
#3317 = DIRECTION('',(0.,1.));
#3318 = ( GEOMETRIC_REPRESENTATION_CONTEXT(2) 
PARAMETRIC_REPRESENTATION_CONTEXT() REPRESENTATION_CONTEXT('2D SPACE',''
  ) );
#3319 = PCURVE('',#415,#3320);
#3320 = DEFINITIONAL_REPRESENTATION('',(#3321),#3325);
#3321 = LINE('',#3322,#3323);
#3322 = CARTESIAN_POINT('',(41.,0.));
#3323 = VECTOR('',#3324,1.);
#3324 = DIRECTION('',(0.,1.));
#3325 = ( GEOMETRIC_REPRESENTATION_CONTEXT(2) 
PARAMETRIC_REPRESENTATION_CONTEXT() REPRESENTATION_CONTEXT('2D SPACE',''
  ) );
#3326 = ADVANCED_FACE('',(#3327),#415,.T.);
#3327 = FACE_BOUND('',#3328,.T.);
#3328 = EDGE_LOOP('',(#3329,#3330,#3331,#3332));
#3329 = ORIENTED_EDGE('',*,*,#401,.T.);
#3330 = ORIENTED_EDGE('',*,*,#3287,.T.);
#3331 = ORIENTED_EDGE('',*,*,#2522,.F.);
#3332 = ORIENTED_EDGE('',*,*,#3333,.F.);
#3333 = EDGE_CURVE('',#402,#2502,#3334,.T.);
#3334 = SURFACE_CURVE('',#3335,(#3358,#3365),.PCURVE_S1.);
#3335 = ( BOUNDED_CURVE() B_SPLINE_CURVE(3,(#3336,#3337,#3338,#3339,
    #3340,#3341,#3342,#3343,#3344,#3345,#3346,#3347,#3348,#3349,#3350,
    #3351,#3352,#3353,#3354,#3355,#3356,#3357),.UNSPECIFIED.,.F.,.F.) 
B_SPLINE_CURVE_WITH_KNOTS((4,1,1,1,1,1,1,1,1,1,1,1,1,1,1,1,1,1,1,4),(0.,
    5.24163189288E-02,0.104832637858,0.157248956786,0.209665275715,
    0.262081594644,0.314497913573,0.366914232502,0.41933055143,
    0.471746870359,0.524163189288,0.576579508217,0.628995827146,
    0.681412146074,0.733828465003,0.786244783932,0.838661102861,
0.89107742179,0.943493740718,1.),.UNSPECIFIED.) CURVE() 
GEOMETRIC_REPRESENTATION_ITEM() RATIONAL_B_SPLINE_CURVE((1.,
    0.999999999991,1.000000000004,0.999999999999,1.,1.,1.,1.,1.,1.,1.,1.
    ,1.,1.,1.,1.,1.,0.999999999999,1.000000000003,0.99999999999,
1.000000000024,1.)) REPRESENTATION_ITEM('') );
#3336 = CARTESIAN_POINT('',(17.23259460399,7.334863049154,4.630207510942
    ));
#3337 = CARTESIAN_POINT('',(17.473223182767,7.334863049098,3.69281699561
    ));
#3338 = CARTESIAN_POINT('',(17.93080805704,7.33486304918,1.812016289035)
  );
#3339 = CARTESIAN_POINT('',(18.545710425129,7.334863049147,
    -1.025666628956));
#3340 = CARTESIAN_POINT('',(19.088750997408,7.334863049156,
    -3.877961487001));
#3341 = CARTESIAN_POINT('',(19.559581894677,7.334863049153,
    -6.743064670335));
#3342 = CARTESIAN_POINT('',(19.957903140367,7.334863049154,
    -9.619144127944));
#3343 = CARTESIAN_POINT('',(20.283460536683,7.334863049154,
    -12.5043662428));
#3344 = CARTESIAN_POINT('',(20.536046380285,7.334863049154,
    -15.3968900859));
#3345 = CARTESIAN_POINT('',(20.715499695931,7.334863049154,
    -18.29487055196));
#3346 = CARTESIAN_POINT('',(20.821705381088,7.334863049154,
    -21.19645860703));
#3347 = CARTESIAN_POINT('',(20.85459801056,7.334863049154,
    -24.09980422453));
#3348 = CARTESIAN_POINT('',(20.81414791149,7.334863049154,
    -27.00305146917));
#3349 = CARTESIAN_POINT('',(20.700413318043,7.334863049154,
    -29.90436230952));
#3350 = CARTESIAN_POINT('',(20.513345757983,7.334863049154,
    -32.80183337261));
#3351 = CARTESIAN_POINT('',(20.253516252924,7.334863049153,
    -35.6938122013));
#3352 = CARTESIAN_POINT('',(19.919404853016,7.334863049154,
    -38.57772255384));
#3353 = CARTESIAN_POINT('',(19.517515841396,7.334863049151,
    -41.45445402281));
#3354 = CARTESIAN_POINT('',(19.024626746629,7.334863049163,
    -44.31198532039));
#3355 = CARTESIAN_POINT('',(18.515776934725,7.334863049119,
    -47.26127299048));
#3356 = CARTESIAN_POINT('',(17.934913333752,7.334863049234,
    -49.16118878018));
#3357 = CARTESIAN_POINT('',(16.642420461378,7.334863049154,
    -49.71980766439));
#3358 = PCURVE('',#415,#3359);
#3359 = DEFINITIONAL_REPRESENTATION('',(#3360),#3364);
#3360 = LINE('',#3361,#3362);
#3361 = CARTESIAN_POINT('',(40.,0.));
#3362 = VECTOR('',#3363,1.);
#3363 = DIRECTION('',(0.,1.));
#3364 = ( GEOMETRIC_REPRESENTATION_CONTEXT(2) 
PARAMETRIC_REPRESENTATION_CONTEXT() REPRESENTATION_CONTEXT('2D SPACE',''
  ) );
#3365 = PCURVE('',#481,#3366);
#3366 = DEFINITIONAL_REPRESENTATION('',(#3367),#3371);
#3367 = LINE('',#3368,#3369);
#3368 = CARTESIAN_POINT('',(40.,0.));
#3369 = VECTOR('',#3370,1.);
#3370 = DIRECTION('',(0.,1.));
#3371 = ( GEOMETRIC_REPRESENTATION_CONTEXT(2) 
PARAMETRIC_REPRESENTATION_CONTEXT() REPRESENTATION_CONTEXT('2D SPACE',''
  ) );
#3372 = ADVANCED_FACE('',(#3373),#481,.T.);
#3373 = FACE_BOUND('',#3374,.T.);
#3374 = EDGE_LOOP('',(#3375,#3376,#3377,#3378));
#3375 = ORIENTED_EDGE('',*,*,#467,.T.);
#3376 = ORIENTED_EDGE('',*,*,#3333,.T.);
#3377 = ORIENTED_EDGE('',*,*,#2501,.F.);
#3378 = ORIENTED_EDGE('',*,*,#3379,.F.);
#3379 = EDGE_CURVE('',#468,#2481,#3380,.T.);
#3380 = SURFACE_CURVE('',#3381,(#3404,#3411),.PCURVE_S1.);
#3381 = ( BOUNDED_CURVE() B_SPLINE_CURVE(3,(#3382,#3383,#3384,#3385,
    #3386,#3387,#3388,#3389,#3390,#3391,#3392,#3393,#3394,#3395,#3396,
    #3397,#3398,#3399,#3400,#3401,#3402,#3403),.UNSPECIFIED.,.F.,.F.) 
B_SPLINE_CURVE_WITH_KNOTS((4,1,1,1,1,1,1,1,1,1,1,1,1,1,1,1,1,1,1,4),(0.,
    5.24163189288E-02,0.104832637858,0.157248956786,0.209665275715,
    0.262081594644,0.314497913573,0.366914232502,0.41933055143,
    0.471746870359,0.524163189288,0.576579508217,0.628995827146,
    0.681412146074,0.733828465003,0.786244783932,0.838661102861,
0.89107742179,0.943493740718,1.),.UNSPECIFIED.) CURVE() 
GEOMETRIC_REPRESENTATION_ITEM() RATIONAL_B_SPLINE_CURVE((1.,
    0.999999999991,1.000000000004,0.999999999999,1.,1.,1.,1.,1.,1.,1.,1.
    ,1.,1.,1.,1.,1.,0.999999999999,1.000000000003,0.99999999999,
1.000000000024,1.)) REPRESENTATION_ITEM('') );
#3382 = CARTESIAN_POINT('',(17.21084311321,7.44776075969,4.624623756946)
  );
#3383 = CARTESIAN_POINT('',(17.45142468061,7.447760759821,3.687416379251
    ));
#3384 = CARTESIAN_POINT('',(17.908920156539,7.44776075963,1.806983123822
    ));
#3385 = CARTESIAN_POINT('',(18.523702391491,7.447760759706,
    -1.030145397244));
#3386 = CARTESIAN_POINT('',(19.066636870147,7.447760759686,
    -3.881883003675));
#3387 = CARTESIAN_POINT('',(19.53737578139,7.447760759691,
    -6.746426433029));
#3388 = CARTESIAN_POINT('',(19.935619207228,7.44776075969,-9.62194399223
    ));
#3389 = CARTESIAN_POINT('',(20.261112999537,7.44776075969,
    -12.50660242248));
#3390 = CARTESIAN_POINT('',(20.513649495545,7.44776075969,
    -15.39856115444));
#3391 = CARTESIAN_POINT('',(20.693067751496,7.44776075969,-18.2959754433
    ));
#3392 = CARTESIAN_POINT('',(20.799252687214,7.44776075969,
    -21.19699661635));
#3393 = CARTESIAN_POINT('',(20.832138890763,7.44776075969,
    -24.09977500852));
#3394 = CARTESIAN_POINT('',(20.791696693308,7.44776075969,
    -27.00245504675));
#3395 = CARTESIAN_POINT('',(20.677984324257,7.44776075969,-29.9031990602
    ));
#3396 = CARTESIAN_POINT('',(20.490953296142,7.44776075969,
    -32.80010404203));
#3397 = CARTESIAN_POINT('',(20.231174611201,7.447760759691,
    -35.6915178794));
#3398 = CARTESIAN_POINT('',(19.897128272502,7.447760759689,
    -38.57486475384));
#3399 = CARTESIAN_POINT('',(19.495318576394,7.447760759696,
    -41.45103438278));
#3400 = CARTESIAN_POINT('',(19.002522796634,7.447760759667,
    -44.30800671241));
#3401 = CARTESIAN_POINT('',(18.493783811279,7.447760759779,
    -47.25672083611));
#3402 = CARTESIAN_POINT('',(17.913003515623,7.447760759483,
    -49.15625842058));
#3403 = CARTESIAN_POINT('',(16.620548055718,7.44776075969,
    -49.71471811328));
#3404 = PCURVE('',#481,#3405);
#3405 = DEFINITIONAL_REPRESENTATION('',(#3406),#3410);
#3406 = LINE('',#3407,#3408);
#3407 = CARTESIAN_POINT('',(39.,0.));
#3408 = VECTOR('',#3409,1.);
#3409 = DIRECTION('',(0.,1.));
#3410 = ( GEOMETRIC_REPRESENTATION_CONTEXT(2) 
PARAMETRIC_REPRESENTATION_CONTEXT() REPRESENTATION_CONTEXT('2D SPACE',''
  ) );
#3411 = PCURVE('',#547,#3412);
#3412 = DEFINITIONAL_REPRESENTATION('',(#3413),#3417);
#3413 = LINE('',#3414,#3415);
#3414 = CARTESIAN_POINT('',(39.,0.));
#3415 = VECTOR('',#3416,1.);
#3416 = DIRECTION('',(0.,1.));
#3417 = ( GEOMETRIC_REPRESENTATION_CONTEXT(2) 
PARAMETRIC_REPRESENTATION_CONTEXT() REPRESENTATION_CONTEXT('2D SPACE',''
  ) );
#3418 = ADVANCED_FACE('',(#3419),#547,.T.);
#3419 = FACE_BOUND('',#3420,.T.);
#3420 = EDGE_LOOP('',(#3421,#3422,#3423,#3424));
#3421 = ORIENTED_EDGE('',*,*,#533,.T.);
#3422 = ORIENTED_EDGE('',*,*,#3379,.T.);
#3423 = ORIENTED_EDGE('',*,*,#2480,.F.);
#3424 = ORIENTED_EDGE('',*,*,#3425,.F.);
#3425 = EDGE_CURVE('',#534,#2460,#3426,.T.);
#3426 = SURFACE_CURVE('',#3427,(#3450,#3457),.PCURVE_S1.);
#3427 = ( BOUNDED_CURVE() B_SPLINE_CURVE(3,(#3428,#3429,#3430,#3431,
    #3432,#3433,#3434,#3435,#3436,#3437,#3438,#3439,#3440,#3441,#3442,
    #3443,#3444,#3445,#3446,#3447,#3448,#3449),.UNSPECIFIED.,.F.,.F.) 
B_SPLINE_CURVE_WITH_KNOTS((4,1,1,1,1,1,1,1,1,1,1,1,1,1,1,1,1,1,1,4),(0.,
    5.24163189288E-02,0.104832637858,0.157248956786,0.209665275715,
    0.262081594644,0.314497913573,0.366914232502,0.41933055143,
    0.471746870359,0.524163189288,0.576579508217,0.628995827146,
    0.681412146074,0.733828465003,0.786244783932,0.838661102861,
0.89107742179,0.943493740718,1.),.UNSPECIFIED.) CURVE() 
GEOMETRIC_REPRESENTATION_ITEM() RATIONAL_B_SPLINE_CURVE((1.,
    0.999999999991,1.000000000004,0.999999999999,1.,1.,1.,1.,1.,1.,1.,1.
    ,1.,1.,1.,1.,1.,0.999999999999,1.000000000003,0.99999999999,
1.000000000024,1.)) REPRESENTATION_ITEM('') );
#3428 = CARTESIAN_POINT('',(17.175004392491,7.556761420481,
    4.615423716266));
#3429 = CARTESIAN_POINT('',(17.4155085014,7.556761420629,3.678518084564)
  );
#3430 = CARTESIAN_POINT('',(17.872856681329,7.556761420413,
    1.798690257495));
#3431 = CARTESIAN_POINT('',(18.487440979325,7.5567614205,-1.037524814436
    ));
#3432 = CARTESIAN_POINT('',(19.030200653495,7.556761420476,
    -3.888344268448));
#3433 = CARTESIAN_POINT('',(19.500788004466,7.556761420483,
    -6.751965422309));
#3434 = CARTESIAN_POINT('',(19.898903210869,7.556761420481,
    -9.626557172781));
#3435 = CARTESIAN_POINT('',(20.224292206395,7.556761420481,
    -12.51028685128));
#3436 = CARTESIAN_POINT('',(20.47674739512,7.556761420481,
    -15.40131448106));
#3437 = CARTESIAN_POINT('',(20.656107885161,7.556761420481,
    -18.29779591128));
#3438 = CARTESIAN_POINT('',(20.762258633185,7.556761420481,
    -21.19788306435));
#3439 = CARTESIAN_POINT('',(20.795134249097,7.556761420481,
    -24.09972687094));
#3440 = CARTESIAN_POINT('',(20.754705070694,7.556761420481,
    -27.00147235471));
#3441 = CARTESIAN_POINT('',(20.641029319542,7.556761420481,
    -29.90128243904));
#3442 = CARTESIAN_POINT('',(20.45405848308,7.556761420481,
    -32.79725472029));
#3443 = CARTESIAN_POINT('',(20.194363531616,7.556761420481,
    -35.68773765291));
#3444 = CARTESIAN_POINT('',(19.860424390659,7.556761420482,
    -38.57015611581));
#3445 = CARTESIAN_POINT('',(19.458745378272,7.55676142048,
    -41.44540003232));
#3446 = CARTESIAN_POINT('',(18.966103348583,7.556761420485,
    -44.30145138117));
#3447 = CARTESIAN_POINT('',(18.457546965478,7.556761420468,
    -47.24922050597));
#3448 = CARTESIAN_POINT('',(17.876903928644,7.556761420513,
    -49.14813493858));
#3449 = CARTESIAN_POINT('',(16.58451011028,7.556761420481,
    -49.70633234319));
#3450 = PCURVE('',#547,#3451);
#3451 = DEFINITIONAL_REPRESENTATION('',(#3452),#3456);
#3452 = LINE('',#3453,#3454);
#3453 = CARTESIAN_POINT('',(38.,0.));
#3454 = VECTOR('',#3455,1.);
#3455 = DIRECTION('',(0.,1.));
#3456 = ( GEOMETRIC_REPRESENTATION_CONTEXT(2) 
PARAMETRIC_REPRESENTATION_CONTEXT() REPRESENTATION_CONTEXT('2D SPACE',''
  ) );
#3457 = PCURVE('',#613,#3458);
#3458 = DEFINITIONAL_REPRESENTATION('',(#3459),#3463);
#3459 = LINE('',#3460,#3461);
#3460 = CARTESIAN_POINT('',(38.,0.));
#3461 = VECTOR('',#3462,1.);
#3462 = DIRECTION('',(0.,1.));
#3463 = ( GEOMETRIC_REPRESENTATION_CONTEXT(2) 
PARAMETRIC_REPRESENTATION_CONTEXT() REPRESENTATION_CONTEXT('2D SPACE',''
  ) );
#3464 = ADVANCED_FACE('',(#3465),#613,.T.);
#3465 = FACE_BOUND('',#3466,.T.);
#3466 = EDGE_LOOP('',(#3467,#3468,#3469,#3470));
#3467 = ORIENTED_EDGE('',*,*,#599,.T.);
#3468 = ORIENTED_EDGE('',*,*,#3425,.T.);
#3469 = ORIENTED_EDGE('',*,*,#2459,.F.);
#3470 = ORIENTED_EDGE('',*,*,#3471,.F.);
#3471 = EDGE_CURVE('',#600,#2439,#3472,.T.);
#3472 = SURFACE_CURVE('',#3473,(#3496,#3503),.PCURVE_S1.);
#3473 = ( BOUNDED_CURVE() B_SPLINE_CURVE(3,(#3474,#3475,#3476,#3477,
    #3478,#3479,#3480,#3481,#3482,#3483,#3484,#3485,#3486,#3487,#3488,
    #3489,#3490,#3491,#3492,#3493,#3494,#3495),.UNSPECIFIED.,.F.,.F.) 
B_SPLINE_CURVE_WITH_KNOTS((4,1,1,1,1,1,1,1,1,1,1,1,1,1,1,1,1,1,1,4),(0.,
    5.24163189288E-02,0.104832637858,0.157248956786,0.209665275715,
    0.262081594644,0.314497913573,0.366914232502,0.41933055143,
    0.471746870359,0.524163189288,0.576579508217,0.628995827146,
    0.681412146074,0.733828465003,0.786244783932,0.838661102861,
0.89107742179,0.943493740718,1.),.UNSPECIFIED.) CURVE() 
GEOMETRIC_REPRESENTATION_ITEM() RATIONAL_B_SPLINE_CURVE((1.,
    0.999999999991,1.000000000004,0.999999999999,1.,1.,1.,1.,1.,1.,1.,1.
    ,1.,1.,1.,1.,1.,0.999999999999,1.000000000003,0.99999999999,
1.000000000024,1.)) REPRESENTATION_ITEM('') );
#3474 = CARTESIAN_POINT('',(17.125691652279,7.66,4.602764804148));
#3475 = CARTESIAN_POINT('',(17.366089181197,7.659999999977,
    3.666274363113));
#3476 = CARTESIAN_POINT('',(17.82323468734,7.660000000011,1.787279583633
    ));
#3477 = CARTESIAN_POINT('',(18.43754663148,7.659999999997,
    -1.047678616748));
#3478 = CARTESIAN_POINT('',(18.980065781213,7.660000000001,
    -3.897234727262));
#3479 = CARTESIAN_POINT('',(19.450444590913,7.66,-6.75958686454));
#3480 = CARTESIAN_POINT('',(19.848383372166,7.66,-9.632904736797));
#3481 = CARTESIAN_POINT('',(20.173628171235,7.66,-12.5153564876));
#3482 = CARTESIAN_POINT('',(20.425971484178,7.66,-15.40510295559));
#3483 = CARTESIAN_POINT('',(20.605252490486,7.66,-18.30030080716));
#3484 = CARTESIAN_POINT('',(20.71135619752,7.66,-21.19910278367));
#3485 = CARTESIAN_POINT('',(20.74421724524,7.66,-24.09966063543));
#3486 = CARTESIAN_POINT('',(20.703805980567,7.66,-27.00012020719));
#3487 = CARTESIAN_POINT('',(20.590180614275,7.66,-29.89864523995));
#3488 = CARTESIAN_POINT('',(20.403292599277,7.66,-32.79333416008));
#3489 = CARTESIAN_POINT('',(20.143712861954,7.66,-35.68253620255));
#3490 = CARTESIAN_POINT('',(19.809921221059,7.659999999999,
    -38.56367720586));
#3491 = CARTESIAN_POINT('',(19.408422024678,7.660000000003,
    -41.43764737673));
#3492 = CARTESIAN_POINT('',(18.915991549005,7.65999999999,-44.2924314902
    ));
#3493 = CARTESIAN_POINT('',(18.40768642105,7.660000000038,
    -47.23890033275));
#3494 = CARTESIAN_POINT('',(17.827232243843,7.659999999912,
    -49.13695732925));
#3495 = CARTESIAN_POINT('',(16.534923244302,7.66,-49.69479383697));
#3496 = PCURVE('',#613,#3497);
#3497 = DEFINITIONAL_REPRESENTATION('',(#3498),#3502);
#3498 = LINE('',#3499,#3500);
#3499 = CARTESIAN_POINT('',(37.,0.));
#3500 = VECTOR('',#3501,1.);
#3501 = DIRECTION('',(0.,1.));
#3502 = ( GEOMETRIC_REPRESENTATION_CONTEXT(2) 
PARAMETRIC_REPRESENTATION_CONTEXT() REPRESENTATION_CONTEXT('2D SPACE',''
  ) );
#3503 = PCURVE('',#679,#3504);
#3504 = DEFINITIONAL_REPRESENTATION('',(#3505),#3509);
#3505 = LINE('',#3506,#3507);
#3506 = CARTESIAN_POINT('',(37.,0.));
#3507 = VECTOR('',#3508,1.);
#3508 = DIRECTION('',(0.,1.));
#3509 = ( GEOMETRIC_REPRESENTATION_CONTEXT(2) 
PARAMETRIC_REPRESENTATION_CONTEXT() REPRESENTATION_CONTEXT('2D SPACE',''
  ) );
#3510 = ADVANCED_FACE('',(#3511),#679,.T.);
#3511 = FACE_BOUND('',#3512,.T.);
#3512 = EDGE_LOOP('',(#3513,#3514,#3515,#3516));
#3513 = ORIENTED_EDGE('',*,*,#665,.T.);
#3514 = ORIENTED_EDGE('',*,*,#3471,.T.);
#3515 = ORIENTED_EDGE('',*,*,#2438,.F.);
#3516 = ORIENTED_EDGE('',*,*,#3517,.F.);
#3517 = EDGE_CURVE('',#666,#2418,#3518,.T.);
#3518 = SURFACE_CURVE('',#3519,(#3542,#3549),.PCURVE_S1.);
#3519 = ( BOUNDED_CURVE() B_SPLINE_CURVE(3,(#3520,#3521,#3522,#3523,
    #3524,#3525,#3526,#3527,#3528,#3529,#3530,#3531,#3532,#3533,#3534,
    #3535,#3536,#3537,#3538,#3539,#3540,#3541),.UNSPECIFIED.,.F.,.F.) 
B_SPLINE_CURVE_WITH_KNOTS((4,1,1,1,1,1,1,1,1,1,1,1,1,1,1,1,1,1,1,4),(0.,
    5.24163189288E-02,0.104832637858,0.157248956786,0.209665275715,
    0.262081594644,0.314497913573,0.366914232502,0.41933055143,
    0.471746870359,0.524163189288,0.576579508217,0.628995827146,
    0.681412146074,0.733828465003,0.786244783932,0.838661102861,
0.89107742179,0.943493740718,1.),.UNSPECIFIED.) CURVE() 
GEOMETRIC_REPRESENTATION_ITEM() RATIONAL_B_SPLINE_CURVE((1.,
    0.999999999991,1.000000000004,0.999999999999,1.,1.,1.,1.,1.,1.,1.,1.
    ,1.,1.,1.,1.,1.,0.999999999999,1.000000000003,0.99999999999,
1.000000000024,1.)) REPRESENTATION_ITEM('') );
#3520 = CARTESIAN_POINT('',(17.063748647232,7.755710057528,
    4.586863618088));
#3521 = CARTESIAN_POINT('',(17.304012298935,7.755710057473,
    3.650894708458));
#3522 = CARTESIAN_POINT('',(17.760903220341,7.755710057553,
    1.772946341987));
#3523 = CARTESIAN_POINT('',(18.374873054165,7.755710057521,
    -1.060433069797));
#3524 = CARTESIAN_POINT('',(18.917090074843,7.755710057529,
    -3.908402261906));
#3525 = CARTESIAN_POINT('',(19.387206930501,7.755710057527,
    -6.76916035473));
#3526 = CARTESIAN_POINT('',(19.784924099566,7.755710057528,
    -9.640878075698));
#3527 = CARTESIAN_POINT('',(20.109987769747,7.755710057528,
    -12.52172458856));
#3528 = CARTESIAN_POINT('',(20.362190552633,7.755710057528,
    -15.40986175617));
#3529 = CARTESIAN_POINT('',(20.541371717374,7.755710057528,
    -18.30344727151));
#3530 = CARTESIAN_POINT('',(20.647416335007,7.755710057528,
    -21.20063490457));
#3531 = CARTESIAN_POINT('',(20.680259083246,7.755710057528,
    -24.09957743529));
#3532 = CARTESIAN_POINT('',(20.639870320469,7.755710057528,
    -26.99842173981));
#3533 = CARTESIAN_POINT('',(20.526308243902,7.755710057528,
    -29.89533258614));
#3534 = CARTESIAN_POINT('',(20.339524263081,7.755710057528,
    -32.78840944326));
#3535 = CARTESIAN_POINT('',(20.080089249208,7.755710057527,
    -35.67600252658));
#3536 = CARTESIAN_POINT('',(19.746482886962,7.755710057529,
    -38.55553887996));
#3537 = CARTESIAN_POINT('',(19.345209562041,7.755710057524,-41.427909066
    ));
#3538 = CARTESIAN_POINT('',(18.853044825064,7.755710057541,
    -44.28110137269));
#3539 = CARTESIAN_POINT('',(18.345055304273,7.755710057477,
    -47.22593689611));
#3540 = CARTESIAN_POINT('',(17.764838360925,7.755710057645,
    -49.12291684779));
#3541 = CARTESIAN_POINT('',(16.47263590281,7.755710057528,
    -49.68030002167));
#3542 = PCURVE('',#679,#3543);
#3543 = DEFINITIONAL_REPRESENTATION('',(#3544),#3548);
#3544 = LINE('',#3545,#3546);
#3545 = CARTESIAN_POINT('',(36.,0.));
#3546 = VECTOR('',#3547,1.);
#3547 = DIRECTION('',(0.,1.));
#3548 = ( GEOMETRIC_REPRESENTATION_CONTEXT(2) 
PARAMETRIC_REPRESENTATION_CONTEXT() REPRESENTATION_CONTEXT('2D SPACE',''
  ) );
#3549 = PCURVE('',#745,#3550);
#3550 = DEFINITIONAL_REPRESENTATION('',(#3551),#3555);
#3551 = LINE('',#3552,#3553);
#3552 = CARTESIAN_POINT('',(36.,0.));
#3553 = VECTOR('',#3554,1.);
#3554 = DIRECTION('',(0.,1.));
#3555 = ( GEOMETRIC_REPRESENTATION_CONTEXT(2) 
PARAMETRIC_REPRESENTATION_CONTEXT() REPRESENTATION_CONTEXT('2D SPACE',''
  ) );
#3556 = ADVANCED_FACE('',(#3557),#745,.T.);
#3557 = FACE_BOUND('',#3558,.T.);
#3558 = EDGE_LOOP('',(#3559,#3560,#3561,#3562));
#3559 = ORIENTED_EDGE('',*,*,#731,.T.);
#3560 = ORIENTED_EDGE('',*,*,#3517,.T.);
#3561 = ORIENTED_EDGE('',*,*,#2417,.F.);
#3562 = ORIENTED_EDGE('',*,*,#3563,.F.);
#3563 = EDGE_CURVE('',#732,#2397,#3564,.T.);
#3564 = SURFACE_CURVE('',#3565,(#3588,#3595),.PCURVE_S1.);
#3565 = ( BOUNDED_CURVE() B_SPLINE_CURVE(3,(#3566,#3567,#3568,#3569,
    #3570,#3571,#3572,#3573,#3574,#3575,#3576,#3577,#3578,#3579,#3580,
    #3581,#3582,#3583,#3584,#3585,#3586,#3587),.UNSPECIFIED.,.F.,.F.) 
B_SPLINE_CURVE_WITH_KNOTS((4,1,1,1,1,1,1,1,1,1,1,1,1,1,1,1,1,1,1,4),(0.,
    5.24163189288E-02,0.104832637858,0.157248956786,0.209665275715,
    0.262081594644,0.314497913573,0.366914232502,0.41933055143,
    0.471746870359,0.524163189288,0.576579508217,0.628995827146,
    0.681412146074,0.733828465003,0.786244783932,0.838661102861,
0.89107742179,0.943493740718,1.),.UNSPECIFIED.) CURVE() 
GEOMETRIC_REPRESENTATION_ITEM() RATIONAL_B_SPLINE_CURVE((1.,
    0.999999999991,1.000000000004,0.999999999999,1.,1.,1.,1.,1.,1.,1.,1.
    ,1.,1.,1.,1.,1.,0.999999999999,1.000000000003,0.99999999999,
1.000000000024,1.)) REPRESENTATION_ITEM('') );
#3566 = CARTESIAN_POINT('',(16.990235239341,7.842253967444,
    4.567992231789));
#3567 = CARTESIAN_POINT('',(17.230340006578,7.842253967417,
    3.632642271838));
#3568 = CARTESIAN_POINT('',(17.686928789338,7.842253967457,
    1.755935777792));
#3569 = CARTESIAN_POINT('',(18.300492609577,7.842253967441,
    -1.075569941219));
#3570 = CARTESIAN_POINT('',(18.842351066205,7.842253967445,
    -3.921655792802));
#3571 = CARTESIAN_POINT('',(19.312157037127,7.842253967444,-6.7805220878
    ));
#3572 = CARTESIAN_POINT('',(19.709611198817,7.842253967444,
    -9.650340763446));
#3573 = CARTESIAN_POINT('',(20.034459906845,7.842253967444,
    -12.52928219418));
#3574 = CARTESIAN_POINT('',(20.286495909908,7.842253967444,
    -15.4155094584));
#3575 = CARTESIAN_POINT('',(20.465558583565,7.842253967444,
    -18.30718146742));
#3576 = CARTESIAN_POINT('',(20.571533074422,7.842253967444,
    -21.20245321204));
#3577 = CARTESIAN_POINT('',(20.604354104999,7.842253967444,
    -24.0994786941));
#3578 = CARTESIAN_POINT('',(20.563992047273,7.842253967444,
    -26.99640601383));
#3579 = CARTESIAN_POINT('',(20.450505082387,7.842253967444,
    -29.89140115805));
#3580 = CARTESIAN_POINT('',(20.263844568403,7.842253967444,
    -32.7825648331));
#3581 = CARTESIAN_POINT('',(20.004581311036,7.842253967444,-35.668248418
    ));
#3582 = CARTESIAN_POINT('',(19.671194835845,7.842253967446,
    -38.54588038712));
#3583 = CARTESIAN_POINT('',(19.270189573164,7.842253967438,
    -41.41635172535));
#3584 = CARTESIAN_POINT('',(18.77834021251,7.842253967468,-44.26765489)
  );
#3585 = CARTESIAN_POINT('',(18.27072525149,7.842253967352,
    -47.21055200444));
#3586 = CARTESIAN_POINT('',(17.690789855195,7.842253967659,
    -49.10625372983));
#3587 = CARTESIAN_POINT('',(16.398713839485,7.842253967444,
    -49.66309889047));
#3588 = PCURVE('',#745,#3589);
#3589 = DEFINITIONAL_REPRESENTATION('',(#3590),#3594);
#3590 = LINE('',#3591,#3592);
#3591 = CARTESIAN_POINT('',(35.,0.));
#3592 = VECTOR('',#3593,1.);
#3593 = DIRECTION('',(0.,1.));
#3594 = ( GEOMETRIC_REPRESENTATION_CONTEXT(2) 
PARAMETRIC_REPRESENTATION_CONTEXT() REPRESENTATION_CONTEXT('2D SPACE',''
  ) );
#3595 = PCURVE('',#811,#3596);
#3596 = DEFINITIONAL_REPRESENTATION('',(#3597),#3601);
#3597 = LINE('',#3598,#3599);
#3598 = CARTESIAN_POINT('',(35.,0.));
#3599 = VECTOR('',#3600,1.);
#3600 = DIRECTION('',(0.,1.));
#3601 = ( GEOMETRIC_REPRESENTATION_CONTEXT(2) 
PARAMETRIC_REPRESENTATION_CONTEXT() REPRESENTATION_CONTEXT('2D SPACE',''
  ) );
#3602 = ADVANCED_FACE('',(#3603),#811,.T.);
#3603 = FACE_BOUND('',#3604,.T.);
#3604 = EDGE_LOOP('',(#3605,#3606,#3607,#3608));
#3605 = ORIENTED_EDGE('',*,*,#797,.T.);
#3606 = ORIENTED_EDGE('',*,*,#3563,.T.);
#3607 = ORIENTED_EDGE('',*,*,#2396,.F.);
#3608 = ORIENTED_EDGE('',*,*,#3609,.F.);
#3609 = EDGE_CURVE('',#798,#2376,#3610,.T.);
#3610 = SURFACE_CURVE('',#3611,(#3634,#3641),.PCURVE_S1.);
#3611 = ( BOUNDED_CURVE() B_SPLINE_CURVE(3,(#3612,#3613,#3614,#3615,
    #3616,#3617,#3618,#3619,#3620,#3621,#3622,#3623,#3624,#3625,#3626,
    #3627,#3628,#3629,#3630,#3631,#3632,#3633),.UNSPECIFIED.,.F.,.F.) 
B_SPLINE_CURVE_WITH_KNOTS((4,1,1,1,1,1,1,1,1,1,1,1,1,1,1,1,1,1,1,4),(0.,
    5.24163189288E-02,0.104832637858,0.157248956786,0.209665275715,
    0.262081594644,0.314497913573,0.366914232502,0.41933055143,
    0.471746870359,0.524163189288,0.576579508217,0.628995827146,
    0.681412146074,0.733828465003,0.786244783932,0.838661102861,
0.89107742179,0.943493740718,1.),.UNSPECIFIED.) CURVE() 
GEOMETRIC_REPRESENTATION_ITEM() RATIONAL_B_SPLINE_CURVE((1.,
    0.999999999991,1.000000000004,0.999999999999,1.,1.,1.,1.,1.,1.,1.,1.
    ,1.,1.,1.,1.,1.,0.999999999999,1.000000000003,0.99999999999,
1.000000000024,1.)) REPRESENTATION_ITEM('') );
#3612 = CARTESIAN_POINT('',(16.906409263396,7.918150939456,
    4.546473539903));
#3613 = CARTESIAN_POINT('',(17.146332856811,7.918150939541,
    3.611829355884));
#3614 = CARTESIAN_POINT('',(17.602577117664,7.918150939417,
    1.736538947269));
#3615 = CARTESIAN_POINT('',(18.215677967662,7.918150939467,
    -1.09283023515));
#3616 = CARTESIAN_POINT('',(18.757127560481,7.918150939453,
    -3.936768548307));
#3617 = CARTESIAN_POINT('',(19.226579035268,7.918150939457,
    -6.793477661359));
#3618 = CARTESIAN_POINT('',(19.623733294535,7.918150939456,
    -9.661130890829));
#3619 = CARTESIAN_POINT('',(19.948336885201,7.918150939456,
    -12.53789999174));
#3620 = CARTESIAN_POINT('',(20.200182712326,7.918150939456,
    -15.42194942854));
#3621 = CARTESIAN_POINT('',(20.379110272796,7.918150939456,
    -18.31143950179));
#3622 = CARTESIAN_POINT('',(20.48500479939,7.918150939456,
    -21.20452659433));
#3623 = CARTESIAN_POINT('',(20.51780106572,7.918150939456,
    -24.09936610136));
#3624 = CARTESIAN_POINT('',(20.47746945927,7.918150939456,
    -26.99410751886));
#3625 = CARTESIAN_POINT('',(20.364068142841,7.918150939456,
    -29.88691822349));
#3626 = CARTESIAN_POINT('',(20.177548415802,7.918150939456,
    -32.77590033251));
#3627 = CARTESIAN_POINT('',(19.918481009194,7.918150939456,
    -35.65940655176));
#3628 = CARTESIAN_POINT('',(19.585345267128,7.918150939456,
    -38.5348669868));
#3629 = CARTESIAN_POINT('',(19.184645670874,7.918150939458,
    -41.40317310413));
#3630 = CARTESIAN_POINT('',(18.693155927904,7.91815093945,
    -44.25232211498));
#3631 = CARTESIAN_POINT('',(18.185968070794,7.918150939481,
    -47.19300889821));
#3632 = CARTESIAN_POINT('',(17.606353716462,7.918150939398,
    -49.08725308426));
#3633 = CARTESIAN_POINT('',(16.314421881326,7.918150939456,
    -49.64348475951));
#3634 = PCURVE('',#811,#3635);
#3635 = DEFINITIONAL_REPRESENTATION('',(#3636),#3640);
#3636 = LINE('',#3637,#3638);
#3637 = CARTESIAN_POINT('',(34.,0.));
#3638 = VECTOR('',#3639,1.);
#3639 = DIRECTION('',(0.,1.));
#3640 = ( GEOMETRIC_REPRESENTATION_CONTEXT(2) 
PARAMETRIC_REPRESENTATION_CONTEXT() REPRESENTATION_CONTEXT('2D SPACE',''
  ) );
#3641 = PCURVE('',#877,#3642);
#3642 = DEFINITIONAL_REPRESENTATION('',(#3643),#3647);
#3643 = LINE('',#3644,#3645);
#3644 = CARTESIAN_POINT('',(34.,0.));
#3645 = VECTOR('',#3646,1.);
#3646 = DIRECTION('',(0.,1.));
#3647 = ( GEOMETRIC_REPRESENTATION_CONTEXT(2) 
PARAMETRIC_REPRESENTATION_CONTEXT() REPRESENTATION_CONTEXT('2D SPACE',''
  ) );
#3648 = ADVANCED_FACE('',(#3649),#877,.T.);
#3649 = FACE_BOUND('',#3650,.T.);
#3650 = EDGE_LOOP('',(#3651,#3652,#3653,#3654));
#3651 = ORIENTED_EDGE('',*,*,#863,.T.);
#3652 = ORIENTED_EDGE('',*,*,#3609,.T.);
#3653 = ORIENTED_EDGE('',*,*,#2375,.F.);
#3654 = ORIENTED_EDGE('',*,*,#3655,.F.);
#3655 = EDGE_CURVE('',#864,#2355,#3656,.T.);
#3656 = SURFACE_CURVE('',#3657,(#3680,#3687),.PCURVE_S1.);
#3657 = ( BOUNDED_CURVE() B_SPLINE_CURVE(3,(#3658,#3659,#3660,#3661,
    #3662,#3663,#3664,#3665,#3666,#3667,#3668,#3669,#3670,#3671,#3672,
    #3673,#3674,#3675,#3676,#3677,#3678,#3679),.UNSPECIFIED.,.F.,.F.) 
B_SPLINE_CURVE_WITH_KNOTS((4,1,1,1,1,1,1,1,1,1,1,1,1,1,1,1,1,1,1,4),(0.,
    5.24163189288E-02,0.104832637858,0.157248956786,0.209665275715,
    0.262081594644,0.314497913573,0.366914232502,0.41933055143,
    0.471746870359,0.524163189288,0.576579508217,0.628995827146,
    0.681412146074,0.733828465003,0.786244783932,0.838661102861,
0.89107742179,0.943493740718,1.),.UNSPECIFIED.) CURVE() 
GEOMETRIC_REPRESENTATION_ITEM() RATIONAL_B_SPLINE_CURVE((1.,
    0.999999999991,1.000000000004,0.999999999999,1.,1.,1.,1.,1.,1.,1.,1.
    ,1.,1.,1.,1.,1.,0.999999999999,1.000000000003,0.99999999999,
1.000000000024,1.)) REPRESENTATION_ITEM('') );
#3658 = CARTESIAN_POINT('',(16.813705005087,7.98210235533,4.522675733213
    ));
#3659 = CARTESIAN_POINT('',(17.053428237352,7.98210235554,3.588812076597
    ));
#3660 = CARTESIAN_POINT('',(17.509291484835,7.982102355233,
    1.715087734993));
#3661 = CARTESIAN_POINT('',(18.121880330718,7.982102355356,
    -1.111918623021));
#3662 = CARTESIAN_POINT('',(18.662877755411,7.982102355323,
    -3.953481945027));
#3663 = CARTESIAN_POINT('',(19.131937188281,7.982102355332,
    -6.807805401943));
#3664 = CARTESIAN_POINT('',(19.528759781466,7.98210235533,
    -9.673063835776));
#3665 = CARTESIAN_POINT('',(19.853092293596,7.98210235533,
    -12.54743052833));
#3666 = CARTESIAN_POINT('',(20.104727802628,7.98210235533,
    -15.42907147691));
#3667 = CARTESIAN_POINT('',(20.283505939634,7.98210235533,
    -18.31614851846));
#3668 = CARTESIAN_POINT('',(20.38931203269,7.98210235533,-21.2068195753)
  );
#3669 = CARTESIAN_POINT('',(20.42208091191,7.98210235533,-24.09924158355
    ));
#3670 = CARTESIAN_POINT('',(20.381782981928,7.98210235533,-26.9915655828
    ));
#3671 = CARTESIAN_POINT('',(20.268476385265,7.98210235533,
    -29.88196048672));
#3672 = CARTESIAN_POINT('',(20.082112356376,7.98210235533,
    -32.76852997293));
#3673 = CARTESIAN_POINT('',(19.823261543716,7.982102355331,
    -35.64962821465));
#3674 = CARTESIAN_POINT('',(19.49040309075,7.982102355329,
    -38.52268712136));
#3675 = CARTESIAN_POINT('',(19.090041535007,7.982102355334,
    -41.38859869217));
#3676 = CARTESIAN_POINT('',(18.598949498163,7.982102355318,
    -44.23536539585));
#3677 = CARTESIAN_POINT('',(18.092233980309,7.982102355378,
    -47.17360774415));
#3678 = CARTESIAN_POINT('',(17.512974672183,7.982102355218,-49.066240019
    ));
#3679 = CARTESIAN_POINT('',(16.221202287108,7.98210235533,-49.621793232)
  );
#3680 = PCURVE('',#877,#3681);
#3681 = DEFINITIONAL_REPRESENTATION('',(#3682),#3686);
#3682 = LINE('',#3683,#3684);
#3683 = CARTESIAN_POINT('',(33.,0.));
#3684 = VECTOR('',#3685,1.);
#3685 = DIRECTION('',(0.,1.));
#3686 = ( GEOMETRIC_REPRESENTATION_CONTEXT(2) 
PARAMETRIC_REPRESENTATION_CONTEXT() REPRESENTATION_CONTEXT('2D SPACE',''
  ) );
#3687 = PCURVE('',#943,#3688);
#3688 = DEFINITIONAL_REPRESENTATION('',(#3689),#3693);
#3689 = LINE('',#3690,#3691);
#3690 = CARTESIAN_POINT('',(33.,0.));
#3691 = VECTOR('',#3692,1.);
#3692 = DIRECTION('',(0.,1.));
#3693 = ( GEOMETRIC_REPRESENTATION_CONTEXT(2) 
PARAMETRIC_REPRESENTATION_CONTEXT() REPRESENTATION_CONTEXT('2D SPACE',''
  ) );
#3694 = ADVANCED_FACE('',(#3695),#943,.T.);
#3695 = FACE_BOUND('',#3696,.T.);
#3696 = EDGE_LOOP('',(#3697,#3698,#3699,#3700));
#3697 = ORIENTED_EDGE('',*,*,#929,.T.);
#3698 = ORIENTED_EDGE('',*,*,#3655,.T.);
#3699 = ORIENTED_EDGE('',*,*,#2354,.F.);
#3700 = ORIENTED_EDGE('',*,*,#3701,.F.);
#3701 = EDGE_CURVE('',#930,#2334,#3702,.T.);
#3702 = SURFACE_CURVE('',#3703,(#3726,#3733),.PCURVE_S1.);
#3703 = ( BOUNDED_CURVE() B_SPLINE_CURVE(3,(#3704,#3705,#3706,#3707,
    #3708,#3709,#3710,#3711,#3712,#3713,#3714,#3715,#3716,#3717,#3718,
    #3719,#3720,#3721,#3722,#3723,#3724,#3725),.UNSPECIFIED.,.F.,.F.) 
B_SPLINE_CURVE_WITH_KNOTS((4,1,1,1,1,1,1,1,1,1,1,1,1,1,1,1,1,1,1,4),(0.,
    5.24163189288E-02,0.104832637858,0.157248956786,0.209665275715,
    0.262081594644,0.314497913573,0.366914232502,0.41933055143,
    0.471746870359,0.524163189288,0.576579508217,0.628995827146,
    0.681412146074,0.733828465003,0.786244783932,0.838661102861,
0.89107742179,0.943493740718,1.),.UNSPECIFIED.) CURVE() 
GEOMETRIC_REPRESENTATION_ITEM() RATIONAL_B_SPLINE_CURVE((1.,
    0.999999999991,1.000000000004,0.999999999999,1.,1.,1.,1.,1.,1.,1.,1.
    ,1.,1.,1.,1.,1.,0.999999999999,1.000000000003,0.99999999999,
1.000000000024,1.)) REPRESENTATION_ITEM('') );
#3704 = CARTESIAN_POINT('',(16.713708659975,8.03301398861,4.49700599879)
  );
#3705 = CARTESIAN_POINT('',(16.953215770436,8.033013988829,
    3.563984265257));
#3706 = CARTESIAN_POINT('',(17.408668034618,8.033013988508,1.6919491775)
  );
#3707 = CARTESIAN_POINT('',(18.020704602126,8.033013988637,
    -1.132508497315));
#3708 = CARTESIAN_POINT('',(18.561214291345,8.033013988603,
    -3.971510012084));
#3709 = CARTESIAN_POINT('',(19.029850844393,8.033013988612,
    -6.823260157943));
#3710 = CARTESIAN_POINT('',(19.426315682754,8.033013988609,
    -9.68593542229));
#3711 = CARTESIAN_POINT('',(19.750355793398,8.03301398861,
    -12.55771073382));
#3712 = CARTESIAN_POINT('',(20.001764440784,8.03301398861,
    -15.43675374329));
#3713 = CARTESIAN_POINT('',(20.180381400724,8.03301398861,
    -18.32122794484));
#3714 = CARTESIAN_POINT('',(20.286092104089,8.03301398861,-21.2092929214
    ));
#3715 = CARTESIAN_POINT('',(20.318831441939,8.03301398861,
    -24.09910727121));
#3716 = CARTESIAN_POINT('',(20.278569837406,8.03301398861,
    -26.98882369887));
#3717 = CARTESIAN_POINT('',(20.165365411133,8.03301398861,
    -29.87661277598));
#3718 = CARTESIAN_POINT('',(19.979169327559,8.03301398861,
    -32.76057986327));
#3719 = CARTESIAN_POINT('',(19.72055214606,8.03301398861,-35.63908071672
    ));
#3720 = CARTESIAN_POINT('',(19.387992793657,8.033013988609,
    -38.50954919167));
#3721 = CARTESIAN_POINT('',(18.987995868606,8.033013988615,
    -41.37287786169));
#3722 = CARTESIAN_POINT('',(18.49733282123,8.03301398859,-44.21707486673
    ));
#3723 = CARTESIAN_POINT('',(17.991126797038,8.033013988686,
    -47.15268050155));
#3724 = CARTESIAN_POINT('',(17.412250462005,8.033013988433,
    -49.04357407303));
#3725 = CARTESIAN_POINT('',(16.120650069932,8.03301398861,
    -49.59839545599));
#3726 = PCURVE('',#943,#3727);
#3727 = DEFINITIONAL_REPRESENTATION('',(#3728),#3732);
#3728 = LINE('',#3729,#3730);
#3729 = CARTESIAN_POINT('',(32.,0.));
#3730 = VECTOR('',#3731,1.);
#3731 = DIRECTION('',(0.,1.));
#3732 = ( GEOMETRIC_REPRESENTATION_CONTEXT(2) 
PARAMETRIC_REPRESENTATION_CONTEXT() REPRESENTATION_CONTEXT('2D SPACE',''
  ) );
#3733 = PCURVE('',#1009,#3734);
#3734 = DEFINITIONAL_REPRESENTATION('',(#3735),#3739);
#3735 = LINE('',#3736,#3737);
#3736 = CARTESIAN_POINT('',(32.,0.));
#3737 = VECTOR('',#3738,1.);
#3738 = DIRECTION('',(0.,1.));
#3739 = ( GEOMETRIC_REPRESENTATION_CONTEXT(2) 
PARAMETRIC_REPRESENTATION_CONTEXT() REPRESENTATION_CONTEXT('2D SPACE',''
  ) );
#3740 = ADVANCED_FACE('',(#3741),#1009,.T.);
#3741 = FACE_BOUND('',#3742,.T.);
#3742 = EDGE_LOOP('',(#3743,#3744,#3745,#3746));
#3743 = ORIENTED_EDGE('',*,*,#995,.T.);
#3744 = ORIENTED_EDGE('',*,*,#3701,.T.);
#3745 = ORIENTED_EDGE('',*,*,#2333,.F.);
#3746 = ORIENTED_EDGE('',*,*,#3747,.F.);
#3747 = EDGE_CURVE('',#996,#2313,#3748,.T.);
#3748 = SURFACE_CURVE('',#3749,(#3772,#3779),.PCURVE_S1.);
#3749 = ( BOUNDED_CURVE() B_SPLINE_CURVE(3,(#3750,#3751,#3752,#3753,
    #3754,#3755,#3756,#3757,#3758,#3759,#3760,#3761,#3762,#3763,#3764,
    #3765,#3766,#3767,#3768,#3769,#3770,#3771),.UNSPECIFIED.,.F.,.F.) 
B_SPLINE_CURVE_WITH_KNOTS((4,1,1,1,1,1,1,1,1,1,1,1,1,1,1,1,1,1,1,4),(0.,
    5.24163189288E-02,0.104832637858,0.157248956786,0.209665275715,
    0.262081594644,0.314497913573,0.366914232502,0.41933055143,
    0.471746870359,0.524163189288,0.576579508217,0.628995827146,
    0.681412146074,0.733828465003,0.786244783932,0.838661102861,
0.89107742179,0.943493740718,1.),.UNSPECIFIED.) CURVE() 
GEOMETRIC_REPRESENTATION_ITEM() RATIONAL_B_SPLINE_CURVE((1.,
    0.999999999991,1.000000000004,0.999999999999,1.,1.,1.,1.,1.,1.,1.,1.
    ,1.,1.,1.,1.,1.,0.999999999999,1.000000000003,0.99999999999,
1.000000000024,1.)) REPRESENTATION_ITEM('') );
#3750 = CARTESIAN_POINT('',(16.60813119325,8.070014727134,4.469903552908
    ));
#3751 = CARTESIAN_POINT('',(16.847410118887,8.070014727374,
    3.537770733845));
#3752 = CARTESIAN_POINT('',(17.302428462269,8.070014727023,
    1.667519181346));
#3753 = CARTESIAN_POINT('',(17.913881926619,8.070014727164,
    -1.154247559422));
#3754 = CARTESIAN_POINT('',(18.453876658346,8.070014727126,
    -3.990544284294));
#3755 = CARTESIAN_POINT('',(18.922066729251,8.070014727137,
    -6.839577494189));
#3756 = CARTESIAN_POINT('',(19.318153845332,8.070014727134,
    -9.699525413961));
#3757 = CARTESIAN_POINT('',(19.641885234609,8.070014727135,
    -12.56856471106));
#3758 = CARTESIAN_POINT('',(19.893054358463,8.070014727134,
    -15.44486478197));
#3759 = CARTESIAN_POINT('',(20.07150114552,8.070014727134,
    -18.32659087055));
#3760 = CARTESIAN_POINT('',(20.177111135185,8.070014727134,
    -21.21190431301));
#3761 = CARTESIAN_POINT('',(20.209819282864,8.070014727134,
    -24.09896546246));
#3762 = CARTESIAN_POINT('',(20.169596031221,8.070014727134,
    -26.98592878148));
#3763 = CARTESIAN_POINT('',(20.056499477801,8.070014727134,
    -29.8709665921));
#3764 = CARTESIAN_POINT('',(19.870480713118,8.070014727134,
    -32.7521860321));
#3765 = CARTESIAN_POINT('',(19.612110202494,8.070014727135,
    -35.62794452859));
#3766 = CARTESIAN_POINT('',(19.279866644429,8.070014727134,
    -38.49567799133));
#3767 = CARTESIAN_POINT('',(18.8802547013,8.070014727137,-41.35627960054
    ));
#3768 = CARTESIAN_POINT('',(18.390044586682,8.070014727124,
    -44.1977634834));
#3769 = CARTESIAN_POINT('',(17.884376492691,8.070014727173,
    -47.13058524226));
#3770 = CARTESIAN_POINT('',(17.305904505622,8.070014727045,
    -49.01964306483));
#3771 = CARTESIAN_POINT('',(16.014485706113,8.070014727134,
    -49.57369177392));
#3772 = PCURVE('',#1009,#3773);
#3773 = DEFINITIONAL_REPRESENTATION('',(#3774),#3778);
#3774 = LINE('',#3775,#3776);
#3775 = CARTESIAN_POINT('',(31.,0.));
#3776 = VECTOR('',#3777,1.);
#3777 = DIRECTION('',(0.,1.));
#3778 = ( GEOMETRIC_REPRESENTATION_CONTEXT(2) 
PARAMETRIC_REPRESENTATION_CONTEXT() REPRESENTATION_CONTEXT('2D SPACE',''
  ) );
#3779 = PCURVE('',#1075,#3780);
#3780 = DEFINITIONAL_REPRESENTATION('',(#3781),#3785);
#3781 = LINE('',#3782,#3783);
#3782 = CARTESIAN_POINT('',(31.,0.));
#3783 = VECTOR('',#3784,1.);
#3784 = DIRECTION('',(0.,1.));
#3785 = ( GEOMETRIC_REPRESENTATION_CONTEXT(2) 
PARAMETRIC_REPRESENTATION_CONTEXT() REPRESENTATION_CONTEXT('2D SPACE',''
  ) );
#3786 = ADVANCED_FACE('',(#3787),#1075,.T.);
#3787 = FACE_BOUND('',#3788,.T.);
#3788 = EDGE_LOOP('',(#3789,#3790,#3791,#3792));
#3789 = ORIENTED_EDGE('',*,*,#1061,.T.);
#3790 = ORIENTED_EDGE('',*,*,#3747,.T.);
#3791 = ORIENTED_EDGE('',*,*,#2312,.F.);
#3792 = ORIENTED_EDGE('',*,*,#3793,.F.);
#3793 = EDGE_CURVE('',#1062,#2292,#3794,.T.);
#3794 = SURFACE_CURVE('',#3795,(#3818,#3825),.PCURVE_S1.);
#3795 = ( BOUNDED_CURVE() B_SPLINE_CURVE(3,(#3796,#3797,#3798,#3799,
    #3800,#3801,#3802,#3803,#3804,#3805,#3806,#3807,#3808,#3809,#3810,
    #3811,#3812,#3813,#3814,#3815,#3816,#3817),.UNSPECIFIED.,.F.,.F.) 
B_SPLINE_CURVE_WITH_KNOTS((4,1,1,1,1,1,1,1,1,1,1,1,1,1,1,1,1,1,1,4),(0.,
    5.24163189288E-02,0.104832637858,0.157248956786,0.209665275715,
    0.262081594644,0.314497913573,0.366914232502,0.41933055143,
    0.471746870359,0.524163189288,0.576579508217,0.628995827146,
    0.681412146074,0.733828465003,0.786244783932,0.838661102861,
0.89107742179,0.943493740718,1.),.UNSPECIFIED.) CURVE() 
GEOMETRIC_REPRESENTATION_ITEM() RATIONAL_B_SPLINE_CURVE((1.,
    0.999999999991,1.000000000004,0.999999999999,1.,1.,1.,1.,1.,1.,1.,1.
    ,1.,1.,1.,1.,1.,0.999999999999,1.000000000003,0.99999999999,
1.000000000024,1.)) REPRESENTATION_ITEM('') );
#3796 = CARTESIAN_POINT('',(16.498779064639,8.092471478009,
    4.441832125928));
#3797 = CARTESIAN_POINT('',(16.737821647769,8.092471478294,
    3.510620001403));
#3798 = CARTESIAN_POINT('',(17.192390555848,8.092471477877,
    1.642215751351));
#3799 = CARTESIAN_POINT('',(17.80324006992,8.092471478044,
    -1.176763848177));
#3800 = CARTESIAN_POINT('',(18.342701433042,8.092471477999,
    -4.010259079924));
#3801 = CARTESIAN_POINT('',(18.810429058956,8.092471478012,
    -6.856478216549));
#3802 = CARTESIAN_POINT('',(19.206124948223,8.092471478008,
    -9.713601282258));
#3803 = CARTESIAN_POINT('',(19.529536578564,8.092471478009,
    -12.57980674548));
#3804 = CARTESIAN_POINT('',(19.780457615312,8.092471478009,
    -15.45326581083));
#3805 = CARTESIAN_POINT('',(19.958728145375,8.092471478009,
    -18.33214553444));
#3806 = CARTESIAN_POINT('',(20.064233820569,8.092471478009,
    -21.21460906848));
#3807 = CARTESIAN_POINT('',(20.096909662951,8.092471478009,
    -24.09881858369));
#3808 = CARTESIAN_POINT('',(20.056726135411,8.092471478009,
    -26.98293036345));
#3809 = CARTESIAN_POINT('',(19.943741311572,8.092471478009,
    -29.86511854284));
#3810 = CARTESIAN_POINT('',(19.757906205378,8.092471478009,
    -32.74349210021));
#3811 = CARTESIAN_POINT('',(19.499791184738,8.092471478009,
    -35.61641019352));
#3812 = CARTESIAN_POINT('',(19.167874711461,8.092471478007,
    -38.48131086046));
#3813 = CARTESIAN_POINT('',(18.768661514328,8.092471478015,
    -41.33908790941));
#3814 = CARTESIAN_POINT('',(18.278920525977,8.092471477987,
    -44.17776166956));
#3815 = CARTESIAN_POINT('',(17.773809594496,8.092471478093,
    -47.10770002008));
#3816 = CARTESIAN_POINT('',(17.195756412007,8.092471477813,
    -48.99485646571));
#3817 = CARTESIAN_POINT('',(15.90452569735,8.092471478009,
    -49.54810487264));
#3818 = PCURVE('',#1075,#3819);
#3819 = DEFINITIONAL_REPRESENTATION('',(#3820),#3824);
#3820 = LINE('',#3821,#3822);
#3821 = CARTESIAN_POINT('',(30.,0.));
#3822 = VECTOR('',#3823,1.);
#3823 = DIRECTION('',(0.,1.));
#3824 = ( GEOMETRIC_REPRESENTATION_CONTEXT(2) 
PARAMETRIC_REPRESENTATION_CONTEXT() REPRESENTATION_CONTEXT('2D SPACE',''
  ) );
#3825 = PCURVE('',#1141,#3826);
#3826 = DEFINITIONAL_REPRESENTATION('',(#3827),#3831);
#3827 = LINE('',#3828,#3829);
#3828 = CARTESIAN_POINT('',(30.,0.));
#3829 = VECTOR('',#3830,1.);
#3830 = DIRECTION('',(0.,1.));
#3831 = ( GEOMETRIC_REPRESENTATION_CONTEXT(2) 
PARAMETRIC_REPRESENTATION_CONTEXT() REPRESENTATION_CONTEXT('2D SPACE',''
  ) );
#3832 = ADVANCED_FACE('',(#3833),#1141,.T.);
#3833 = FACE_BOUND('',#3834,.T.);
#3834 = EDGE_LOOP('',(#3835,#3836,#3837,#3838));
#3835 = ORIENTED_EDGE('',*,*,#1127,.T.);
#3836 = ORIENTED_EDGE('',*,*,#3793,.T.);
#3837 = ORIENTED_EDGE('',*,*,#2291,.F.);
#3838 = ORIENTED_EDGE('',*,*,#3839,.F.);
#3839 = EDGE_CURVE('',#1128,#2269,#3840,.T.);
#3840 = SURFACE_CURVE('',#3841,(#3864,#3871),.PCURVE_S1.);
#3841 = ( BOUNDED_CURVE() B_SPLINE_CURVE(3,(#3842,#3843,#3844,#3845,
    #3846,#3847,#3848,#3849,#3850,#3851,#3852,#3853,#3854,#3855,#3856,
    #3857,#3858,#3859,#3860,#3861,#3862,#3863),.UNSPECIFIED.,.F.,.F.) 
B_SPLINE_CURVE_WITH_KNOTS((4,1,1,1,1,1,1,1,1,1,1,1,1,1,1,1,1,1,1,4),(0.,
    5.24163189288E-02,0.104832637858,0.157248956786,0.209665275715,
    0.262081594644,0.314497913573,0.366914232502,0.41933055143,
    0.471746870359,0.524163189288,0.576579508217,0.628995827146,
    0.681412146074,0.733828465003,0.786244783932,0.838661102861,
0.89107742179,0.943493740718,1.),.UNSPECIFIED.) CURVE() 
GEOMETRIC_REPRESENTATION_ITEM() RATIONAL_B_SPLINE_CURVE((1.,
    0.999999999991,1.000000000004,0.999999999999,1.,1.,1.,1.,1.,1.,1.,1.
    ,1.,1.,1.,1.,1.,0.999999999999,1.000000000003,0.99999999999,
1.000000000024,1.)) REPRESENTATION_ITEM('') );
#3842 = CARTESIAN_POINT('',(16.387523319381,8.1,4.413272027751));
#3843 = CARTESIAN_POINT('',(16.626325445224,8.100000000091,
    3.482996625534));
#3844 = CARTESIAN_POINT('',(17.080437094897,8.099999999958,
    1.616471835733));
#3845 = CARTESIAN_POINT('',(17.690672144751,8.100000000011,
    -1.199672103509));
#3846 = CARTESIAN_POINT('',(18.229590854392,8.099999999997,
    -4.03031707339));
#3847 = CARTESIAN_POINT('',(18.696847984991,8.100000000001,
    -6.873673148968));
#3848 = CARTESIAN_POINT('',(19.092145836921,8.1,-9.727922185175));
#3849 = CARTESIAN_POINT('',(19.415232141917,8.1,-12.59124448276));
#3850 = CARTESIAN_POINT('',(19.665900772826,8.1,-15.46181308593));
#3851 = CARTESIAN_POINT('',(19.843991977589,8.1,-18.33779689467));
#3852 = CARTESIAN_POINT('',(19.949391522392,8.1,-21.2173609087));
#3853 = CARTESIAN_POINT('',(19.9820344971,8.1,-24.09866914803));
#3854 = CARTESIAN_POINT('',(19.941891385186,8.1,-26.97987974856));
#3855 = CARTESIAN_POINT('',(19.829020235931,8.1,-29.85916868995));
#3856 = CARTESIAN_POINT('',(19.643371985379,8.1,-32.73464682317));
#3857 = CARTESIAN_POINT('',(19.385516902328,8.1,-35.60467506719));
#3858 = CARTESIAN_POINT('',(19.053933207777,8.1,-38.46669362461));
#3859 = CARTESIAN_POINT('',(18.655125698054,8.099999999999,
    -41.32159694306));
#3860 = CARTESIAN_POINT('',(18.165862002618,8.100000000003,
    -44.15741166115));
#3861 = CARTESIAN_POINT('',(17.661317932673,8.09999999999,
    -47.08441640996));
#3862 = CARTESIAN_POINT('',(17.083690845728,8.100000000024,
    -48.96963837555));
#3863 = CARTESIAN_POINT('',(15.79265148988,8.1,-49.52207255112));
#3864 = PCURVE('',#1141,#3865);
#3865 = DEFINITIONAL_REPRESENTATION('',(#3866),#3870);
#3866 = LINE('',#3867,#3868);
#3867 = CARTESIAN_POINT('',(29.,0.));
#3868 = VECTOR('',#3869,1.);
#3869 = DIRECTION('',(0.,1.));
#3870 = ( GEOMETRIC_REPRESENTATION_CONTEXT(2) 
PARAMETRIC_REPRESENTATION_CONTEXT() REPRESENTATION_CONTEXT('2D SPACE',''
  ) );
#3871 = PCURVE('',#1209,#3872);
#3872 = DEFINITIONAL_REPRESENTATION('',(#3873),#3896);
#3873 = ( BOUNDED_CURVE() B_SPLINE_CURVE(3,(#3874,#3875,#3876,#3877,
    #3878,#3879,#3880,#3881,#3882,#3883,#3884,#3885,#3886,#3887,#3888,
    #3889,#3890,#3891,#3892,#3893,#3894,#3895),.UNSPECIFIED.,.F.,.F.) 
B_SPLINE_CURVE_WITH_KNOTS((4,1,1,1,1,1,1,1,1,1,1,1,1,1,1,1,1,1,1,4),(0.,
    5.24163189288E-02,0.104832637858,0.157248956786,0.209665275715,
    0.262081594644,0.314497913573,0.366914232502,0.41933055143,
    0.471746870359,0.524163189288,0.576579508217,0.628995827146,
    0.681412146074,0.733828465003,0.786244783932,0.838661102861,
0.89107742179,0.943493740718,1.),.UNSPECIFIED.) CURVE() 
GEOMETRIC_REPRESENTATION_ITEM() RATIONAL_B_SPLINE_CURVE((1.,
    0.999999999991,1.000000000004,0.999999999999,1.,1.,1.,1.,1.,1.,1.,1.
    ,1.,1.,1.,1.,1.,0.999999999999,1.000000000003,0.99999999999,
1.000000000024,1.)) REPRESENTATION_ITEM('') );
#3874 = CARTESIAN_POINT('',(13.19243548419,-27.17660924702));
#3875 = CARTESIAN_POINT('',(13.418429436459,-26.24313963701));
#3876 = CARTESIAN_POINT('',(13.846844852008,-24.370549876));
#3877 = CARTESIAN_POINT('',(14.418317444676,-21.5462849135));
#3878 = CARTESIAN_POINT('',(14.918281132287,-18.70850045512));
#3879 = CARTESIAN_POINT('',(15.346415309181,-15.85899100169));
#3880 = CARTESIAN_POINT('',(15.702447292266,-12.9995786181));
#3881 = CARTESIAN_POINT('',(15.986149846882,-10.13208629887));
#3882 = CARTESIAN_POINT('',(16.197341974854,-7.258343660234));
#3883 = CARTESIAN_POINT('',(16.33588910568,-4.38018382487));
#3884 = CARTESIAN_POINT('',(16.401702236406,-1.499443189769));
#3885 = CARTESIAN_POINT('',(16.394741696568,1.382041546397));
#3886 = CARTESIAN_POINT('',(16.315003286834,4.262428287797));
#3887 = CARTESIAN_POINT('',(16.162570120167,7.13989398421));
#3888 = CARTESIAN_POINT('',(15.937419101534,10.012548990712));
#3889 = CARTESIAN_POINT('',(15.640142973245,12.878762218798));
#3890 = CARTESIAN_POINT('',(15.269255281651,15.735953197674));
#3891 = CARTESIAN_POINT('',(14.831247915487,18.585105691785));
#3892 = CARTESIAN_POINT('',(14.303055259311,21.413928167118));
#3893 = CARTESIAN_POINT('',(13.758330364623,24.333722048057));
#3894 = CARTESIAN_POINT('',(13.154847521047,26.210827098024));
#3895 = CARTESIAN_POINT('',(11.856337502661,26.745465170779));
#3896 = ( GEOMETRIC_REPRESENTATION_CONTEXT(2) 
PARAMETRIC_REPRESENTATION_CONTEXT() REPRESENTATION_CONTEXT('2D SPACE',''
  ) );
#3897 = ADVANCED_FACE('',(#3898),#1209,.T.);
#3898 = FACE_BOUND('',#3899,.T.);
#3899 = EDGE_LOOP('',(#3900,#3901,#3902,#3903));
#3900 = ORIENTED_EDGE('',*,*,#1193,.T.);
#3901 = ORIENTED_EDGE('',*,*,#3839,.T.);
#3902 = ORIENTED_EDGE('',*,*,#2268,.T.);
#3903 = ORIENTED_EDGE('',*,*,#3904,.F.);
#3904 = EDGE_CURVE('',#1194,#2248,#3905,.T.);
#3905 = SURFACE_CURVE('',#3906,(#3929,#3955),.PCURVE_S1.);
#3906 = ( BOUNDED_CURVE() B_SPLINE_CURVE(3,(#3907,#3908,#3909,#3910,
    #3911,#3912,#3913,#3914,#3915,#3916,#3917,#3918,#3919,#3920,#3921,
    #3922,#3923,#3924,#3925,#3926,#3927,#3928),.UNSPECIFIED.,.F.,.F.) 
B_SPLINE_CURVE_WITH_KNOTS((4,1,1,1,1,1,1,1,1,1,1,1,1,1,1,1,1,1,1,4),(0.,
    5.24163189288E-02,0.104832637858,0.157248956786,0.209665275715,
    0.262081594644,0.314497913573,0.366914232502,0.41933055143,
    0.471746870359,0.524163189288,0.576579508217,0.628995827146,
    0.681412146074,0.733828465003,0.786244783932,0.838661102861,
0.89107742179,0.943493740718,1.),.UNSPECIFIED.) CURVE() 
GEOMETRIC_REPRESENTATION_ITEM() RATIONAL_B_SPLINE_CURVE((1.,
    0.999999999991,1.000000000004,0.999999999999,1.,1.,1.,1.,1.,1.,1.,1.
    ,1.,1.,1.,1.,1.,0.999999999999,1.000000000003,0.99999999999,
1.000000000024,1.)) REPRESENTATION_ITEM('') );
#3907 = CARTESIAN_POINT('',(0.948123159942,8.1,0.449874152603));
#3908 = CARTESIAN_POINT('',(1.15355610642,8.100000000091,-0.350408577182
    ));
#3909 = CARTESIAN_POINT('',(1.544212153042,8.099999999958,
    -1.956113242797));
#3910 = CARTESIAN_POINT('',(2.069175588691,8.100000000011,
    -4.378741373703));
#3911 = CARTESIAN_POINT('',(2.532788122453,8.099999999997,-6.81384422377
    ));
#3912 = CARTESIAN_POINT('',(2.934752755794,8.100000000001,-9.25988198416
    ));
#3913 = CARTESIAN_POINT('',(3.274813394657,8.1,-11.71529057098));
#3914 = CARTESIAN_POINT('',(3.552752998317,8.1,-14.17850455649));
#3915 = CARTESIAN_POINT('',(3.768394329988,8.1,-16.64795229607));
#3916 = CARTESIAN_POINT('',(3.921599635823,8.1,-19.12205848413));
#3917 = CARTESIAN_POINT('',(4.01227185691,8.1,-21.59924481751));
#3918 = CARTESIAN_POINT('',(4.04035062878,8.1,-24.07793081534));
#3919 = CARTESIAN_POINT('',(4.005827445446,8.1,-26.5565359169));
#3920 = CARTESIAN_POINT('',(3.908689225112,8.1,-29.03347631839));
#3921 = CARTESIAN_POINT('',(3.749128951866,8.1,-31.50718157983));
#3922 = CARTESIAN_POINT('',(3.526759458891,8.1,-33.9760374125));
#3923 = CARTESIAN_POINT('',(3.243547416807,8.1,-36.43860396974));
#3924 = CARTESIAN_POINT('',(2.892863207333,8.099999999999,
    -38.89280593598));
#3925 = CARTESIAN_POINT('',(2.500346898098,8.100000000003,
    -41.33895990779));
#3926 = CARTESIAN_POINT('',(1.957636058005,8.09999999999,-43.83167100861
    ));
#3927 = CARTESIAN_POINT('',(1.748068979521,8.100000000024,
    -45.52032327142));
#3928 = CARTESIAN_POINT('',(2.685579849911,8.1,-46.47215147579));
#3929 = PCURVE('',#1209,#3930);
#3930 = DEFINITIONAL_REPRESENTATION('',(#3931),#3954);
#3931 = ( BOUNDED_CURVE() B_SPLINE_CURVE(3,(#3932,#3933,#3934,#3935,
    #3936,#3937,#3938,#3939,#3940,#3941,#3942,#3943,#3944,#3945,#3946,
    #3947,#3948,#3949,#3950,#3951,#3952,#3953),.UNSPECIFIED.,.F.,.F.) 
B_SPLINE_CURVE_WITH_KNOTS((4,1,1,1,1,1,1,1,1,1,1,1,1,1,1,1,1,1,1,4),(0.,
    5.24163189288E-02,0.104832637858,0.157248956786,0.209665275715,
    0.262081594644,0.314497913573,0.366914232502,0.41933055143,
    0.471746870359,0.524163189288,0.576579508217,0.628995827146,
    0.681412146074,0.733828465003,0.786244783932,0.838661102861,
0.89107742179,0.943493740718,1.),.UNSPECIFIED.) CURVE() 
GEOMETRIC_REPRESENTATION_ITEM() RATIONAL_B_SPLINE_CURVE((1.,
    0.999999999991,1.000000000004,0.999999999999,1.,1.,1.,1.,1.,1.,1.,1.
    ,1.,1.,1.,1.,1.,0.999999999999,1.000000000003,0.99999999999,
1.000000000024,1.)) REPRESENTATION_ITEM('') );
#3932 = CARTESIAN_POINT('',(-2.299978964125,-23.4257833964));
#3933 = CARTESIAN_POINT('',(-2.105564432288,-22.62275280365));
#3934 = CARTESIAN_POINT('',(-1.737013938855,-21.01183065974));
#3935 = CARTESIAN_POINT('',(-1.245396461804,-18.58221630234));
#3936 = CARTESIAN_POINT('',(-0.815295543303,-16.14097160511));
#3937 = CARTESIAN_POINT('',(-0.446986990844,-13.68964031336));
#3938 = CARTESIAN_POINT('',(-0.140705377676,-11.229789883));
#3939 = CARTESIAN_POINT('',(0.103353791073,-8.762988576884));
#3940 = CARTESIAN_POINT('',(0.285034895892,-6.290810327126));
#3941 = CARTESIAN_POINT('',(0.404221846798,-3.814832183791));
#3942 = CARTESIAN_POINT('',(0.460839286097,-1.336633634932));
#3943 = CARTESIAN_POINT('',(0.454848577004,1.142204158203));
#3944 = CARTESIAN_POINT('',(0.386262937415,3.620100667275));
#3945 = CARTESIAN_POINT('',(0.25509105442,6.095472058302));
#3946 = CARTESIAN_POINT('',(6.154747785993E-02,8.566750691976));
#3947 = CARTESIAN_POINT('',(-0.194732735879,11.032317110863));
#3948 = CARTESIAN_POINT('',(-0.511763312817,13.490758634048));
#3949 = CARTESIAN_POINT('',(-0.896144722109,15.939909025107));
#3950 = CARTESIAN_POINT('',(-1.322243669156,18.380437245425));
#3951 = CARTESIAN_POINT('',(-1.899162837728,20.865453937734));
#3952 = CARTESIAN_POINT('',(-2.13191880119,22.551066433691));
#3953 = CARTESIAN_POINT('',(-1.207578318474,23.515689797888));
#3954 = ( GEOMETRIC_REPRESENTATION_CONTEXT(2) 
PARAMETRIC_REPRESENTATION_CONTEXT() REPRESENTATION_CONTEXT('2D SPACE',''
  ) );
#3955 = PCURVE('',#1235,#3956);
#3956 = DEFINITIONAL_REPRESENTATION('',(#3957),#3961);
#3957 = LINE('',#3958,#3959);
#3958 = CARTESIAN_POINT('',(13.,0.));
#3959 = VECTOR('',#3960,1.);
#3960 = DIRECTION('',(0.,1.));
#3961 = ( GEOMETRIC_REPRESENTATION_CONTEXT(2) 
PARAMETRIC_REPRESENTATION_CONTEXT() REPRESENTATION_CONTEXT('2D SPACE',''
  ) );
#3962 = ADVANCED_FACE('',(#3963),#1235,.T.);
#3963 = FACE_BOUND('',#3964,.T.);
#3964 = EDGE_LOOP('',(#3965,#3966,#3967,#3968));
#3965 = ORIENTED_EDGE('',*,*,#1221,.T.);
#3966 = ORIENTED_EDGE('',*,*,#3904,.T.);
#3967 = ORIENTED_EDGE('',*,*,#2247,.F.);
#3968 = ORIENTED_EDGE('',*,*,#3969,.F.);
#3969 = EDGE_CURVE('',#1222,#2227,#3970,.T.);
#3970 = SURFACE_CURVE('',#3971,(#3994,#4001),.PCURVE_S1.);
#3971 = ( BOUNDED_CURVE() B_SPLINE_CURVE(3,(#3972,#3973,#3974,#3975,
    #3976,#3977,#3978,#3979,#3980,#3981,#3982,#3983,#3984,#3985,#3986,
    #3987,#3988,#3989,#3990,#3991,#3992,#3993),.UNSPECIFIED.,.F.,.F.) 
B_SPLINE_CURVE_WITH_KNOTS((4,1,1,1,1,1,1,1,1,1,1,1,1,1,1,1,1,1,1,4),(0.,
    5.24163189288E-02,0.104832637858,0.157248956786,0.209665275715,
    0.262081594644,0.314497913573,0.366914232502,0.41933055143,
    0.471746870359,0.524163189288,0.576579508217,0.628995827146,
    0.681412146074,0.733828465003,0.786244783932,0.838661102861,
0.89107742179,0.943493740718,1.),.UNSPECIFIED.) CURVE() 
GEOMETRIC_REPRESENTATION_ITEM() RATIONAL_B_SPLINE_CURVE((1.,
    0.999999999991,1.000000000004,0.999999999999,1.,1.,1.,1.,1.,1.,1.,1.
    ,1.,1.,1.,1.,1.,0.999999999999,1.000000000003,0.99999999999,
1.000000000024,1.)) REPRESENTATION_ITEM('') );
#3972 = CARTESIAN_POINT('',(0.836867414684,8.092471478009,0.421314054426
    ));
#3973 = CARTESIAN_POINT('',(1.042059903982,8.092471478294,
    -0.378031952947));
#3974 = CARTESIAN_POINT('',(1.432258692042,8.092471477877,
    -1.981857158463));
#3975 = CARTESIAN_POINT('',(1.956607663535,8.092471478044,
    -4.401649629022));
#3976 = CARTESIAN_POINT('',(2.419677543801,8.092471477999,-6.83390221724
    ));
#3977 = CARTESIAN_POINT('',(2.82117168183,8.092471478012,-9.277076916578
    ));
#3978 = CARTESIAN_POINT('',(3.160834283354,8.092471478008,
    -11.72961147389));
#3979 = CARTESIAN_POINT('',(3.43844856167,8.092471478009,-14.18994229377
    ));
#3980 = CARTESIAN_POINT('',(3.653837487502,8.092471478009,
    -16.65649957117));
#3981 = CARTESIAN_POINT('',(3.806863468037,8.092471478009,
    -19.12770984436));
#3982 = CARTESIAN_POINT('',(3.897429558733,8.092471478009,
    -21.60199665773));
#3983 = CARTESIAN_POINT('',(3.925475462929,8.092471478009,
    -24.07778137969));
#3984 = CARTESIAN_POINT('',(3.890992695221,8.092471478009,-26.553485302)
  );
#3985 = CARTESIAN_POINT('',(3.793968149472,8.092471478009,-29.0275264655
    ));
#3986 = CARTESIAN_POINT('',(3.634594731867,8.092471478009,
    -31.49833630279));
#3987 = CARTESIAN_POINT('',(3.412485176481,8.092471478009,
    -33.96430228617));
#3988 = CARTESIAN_POINT('',(3.129605913121,8.092471478007,-36.4239867339
    ));
#3989 = CARTESIAN_POINT('',(2.779327391064,8.092471478015,
    -38.87531496963));
#3990 = CARTESIAN_POINT('',(2.387288374722,8.092471477987,
    -41.31860989941));
#3991 = CARTESIAN_POINT('',(1.84514439625,8.092471478093,-43.8083873984)
  );
#3992 = CARTESIAN_POINT('',(1.636003413084,8.092471477813,
    -45.49510518147));
#3993 = CARTESIAN_POINT('',(2.573705642441,8.092471478009,
    -46.44611915427));
#3994 = PCURVE('',#1235,#3995);
#3995 = DEFINITIONAL_REPRESENTATION('',(#3996),#4000);
#3996 = LINE('',#3997,#3998);
#3997 = CARTESIAN_POINT('',(12.,0.));
#3998 = VECTOR('',#3999,1.);
#3999 = DIRECTION('',(0.,1.));
#4000 = ( GEOMETRIC_REPRESENTATION_CONTEXT(2) 
PARAMETRIC_REPRESENTATION_CONTEXT() REPRESENTATION_CONTEXT('2D SPACE',''
  ) );
#4001 = PCURVE('',#1301,#4002);
#4002 = DEFINITIONAL_REPRESENTATION('',(#4003),#4007);
#4003 = LINE('',#4004,#4005);
#4004 = CARTESIAN_POINT('',(12.,0.));
#4005 = VECTOR('',#4006,1.);
#4006 = DIRECTION('',(0.,1.));
#4007 = ( GEOMETRIC_REPRESENTATION_CONTEXT(2) 
PARAMETRIC_REPRESENTATION_CONTEXT() REPRESENTATION_CONTEXT('2D SPACE',''
  ) );
#4008 = ADVANCED_FACE('',(#4009),#1301,.T.);
#4009 = FACE_BOUND('',#4010,.T.);
#4010 = EDGE_LOOP('',(#4011,#4012,#4013,#4014));
#4011 = ORIENTED_EDGE('',*,*,#1287,.T.);
#4012 = ORIENTED_EDGE('',*,*,#3969,.T.);
#4013 = ORIENTED_EDGE('',*,*,#2226,.F.);
#4014 = ORIENTED_EDGE('',*,*,#4015,.F.);
#4015 = EDGE_CURVE('',#1288,#2206,#4016,.T.);
#4016 = SURFACE_CURVE('',#4017,(#4040,#4047),.PCURVE_S1.);
#4017 = ( BOUNDED_CURVE() B_SPLINE_CURVE(3,(#4018,#4019,#4020,#4021,
    #4022,#4023,#4024,#4025,#4026,#4027,#4028,#4029,#4030,#4031,#4032,
    #4033,#4034,#4035,#4036,#4037,#4038,#4039),.UNSPECIFIED.,.F.,.F.) 
B_SPLINE_CURVE_WITH_KNOTS((4,1,1,1,1,1,1,1,1,1,1,1,1,1,1,1,1,1,1,4),(0.,
    5.24163189288E-02,0.104832637858,0.157248956786,0.209665275715,
    0.262081594644,0.314497913573,0.366914232502,0.41933055143,
    0.471746870359,0.524163189288,0.576579508217,0.628995827146,
    0.681412146074,0.733828465003,0.786244783932,0.838661102861,
0.89107742179,0.943493740718,1.),.UNSPECIFIED.) CURVE() 
GEOMETRIC_REPRESENTATION_ITEM() RATIONAL_B_SPLINE_CURVE((1.,
    0.999999999991,1.000000000004,0.999999999999,1.,1.,1.,1.,1.,1.,1.,1.
    ,1.,1.,1.,1.,1.,0.999999999999,1.000000000003,0.99999999999,
1.000000000024,1.)) REPRESENTATION_ITEM('') );
#4018 = CARTESIAN_POINT('',(0.727515286073,8.070014727134,0.393242627447
    ));
#4019 = CARTESIAN_POINT('',(0.932471432582,8.070014727374,
    -0.405182684893));
#4020 = CARTESIAN_POINT('',(1.322220785751,8.070014727023,
    -2.007160588688));
#4021 = CARTESIAN_POINT('',(1.845965806801,8.070014727164,
    -4.424165917716));
#4022 = CARTESIAN_POINT('',(2.308502318506,8.070014727126,
    -6.853617012887));
#4023 = CARTESIAN_POINT('',(2.709534011533,8.070014727137,
    -9.293977638933));
#4024 = CARTESIAN_POINT('',(3.048805386246,8.070014727134,
    -11.74368734219));
#4025 = CARTESIAN_POINT('',(3.326099905625,8.070014727135,
    -14.20118432819));
#4026 = CARTESIAN_POINT('',(3.541240744351,8.070014727134,
    -16.66490060003));
#4027 = CARTESIAN_POINT('',(3.694090467892,8.070014727134,
    -19.13326450825));
#4028 = CARTESIAN_POINT('',(3.784552244118,8.070014727134,-21.6047014132
    ));
#4029 = CARTESIAN_POINT('',(3.812565843016,8.070014727134,
    -24.07763450092));
#4030 = CARTESIAN_POINT('',(3.778122799411,8.070014727134,
    -26.55048688398));
#4031 = CARTESIAN_POINT('',(3.681209983242,8.070014727134,
    -29.02167841624));
#4032 = CARTESIAN_POINT('',(3.522020224127,8.070014727134,-31.4896423709
    ));
#4033 = CARTESIAN_POINT('',(3.300166158725,8.070014727135,-33.9527679511
    ));
#4034 = CARTESIAN_POINT('',(3.017613980153,8.070014727134,
    -36.40961960303));
#4035 = CARTESIAN_POINT('',(2.667734204094,8.070014727137,
    -38.85812327851));
#4036 = CARTESIAN_POINT('',(2.276164314009,8.070014727124,
    -41.29860808551));
#4037 = CARTESIAN_POINT('',(1.734577498082,8.070014727173,
    -43.78550217642));
#4038 = CARTESIAN_POINT('',(1.525855319406,8.070014727045,
    -45.47031858188));
#4039 = CARTESIAN_POINT('',(2.463745633678,8.070014727134,
    -46.42053225298));
#4040 = PCURVE('',#1301,#4041);
#4041 = DEFINITIONAL_REPRESENTATION('',(#4042),#4046);
#4042 = LINE('',#4043,#4044);
#4043 = CARTESIAN_POINT('',(11.,0.));
#4044 = VECTOR('',#4045,1.);
#4045 = DIRECTION('',(0.,1.));
#4046 = ( GEOMETRIC_REPRESENTATION_CONTEXT(2) 
PARAMETRIC_REPRESENTATION_CONTEXT() REPRESENTATION_CONTEXT('2D SPACE',''
  ) );
#4047 = PCURVE('',#1367,#4048);
#4048 = DEFINITIONAL_REPRESENTATION('',(#4049),#4053);
#4049 = LINE('',#4050,#4051);
#4050 = CARTESIAN_POINT('',(11.,0.));
#4051 = VECTOR('',#4052,1.);
#4052 = DIRECTION('',(0.,1.));
#4053 = ( GEOMETRIC_REPRESENTATION_CONTEXT(2) 
PARAMETRIC_REPRESENTATION_CONTEXT() REPRESENTATION_CONTEXT('2D SPACE',''
  ) );
#4054 = ADVANCED_FACE('',(#4055),#1367,.T.);
#4055 = FACE_BOUND('',#4056,.T.);
#4056 = EDGE_LOOP('',(#4057,#4058,#4059,#4060));
#4057 = ORIENTED_EDGE('',*,*,#1353,.T.);
#4058 = ORIENTED_EDGE('',*,*,#4015,.T.);
#4059 = ORIENTED_EDGE('',*,*,#2205,.F.);
#4060 = ORIENTED_EDGE('',*,*,#4061,.F.);
#4061 = EDGE_CURVE('',#1354,#2185,#4062,.T.);
#4062 = SURFACE_CURVE('',#4063,(#4086,#4093),.PCURVE_S1.);
#4063 = ( BOUNDED_CURVE() B_SPLINE_CURVE(3,(#4064,#4065,#4066,#4067,
    #4068,#4069,#4070,#4071,#4072,#4073,#4074,#4075,#4076,#4077,#4078,
    #4079,#4080,#4081,#4082,#4083,#4084,#4085),.UNSPECIFIED.,.F.,.F.) 
B_SPLINE_CURVE_WITH_KNOTS((4,1,1,1,1,1,1,1,1,1,1,1,1,1,1,1,1,1,1,4),(0.,
    5.24163189288E-02,0.104832637858,0.157248956786,0.209665275715,
    0.262081594644,0.314497913573,0.366914232502,0.41933055143,
    0.471746870359,0.524163189288,0.576579508217,0.628995827146,
    0.681412146074,0.733828465003,0.786244783932,0.838661102861,
0.89107742179,0.943493740718,1.),.UNSPECIFIED.) CURVE() 
GEOMETRIC_REPRESENTATION_ITEM() RATIONAL_B_SPLINE_CURVE((1.,
    0.999999999991,1.000000000004,0.999999999999,1.,1.,1.,1.,1.,1.,1.,1.
    ,1.,1.,1.,1.,1.,0.999999999999,1.000000000003,0.99999999999,
1.000000000024,1.)) REPRESENTATION_ITEM('') );
#4064 = CARTESIAN_POINT('',(0.621937819348,8.03301398861,0.366140181564)
  );
#4065 = CARTESIAN_POINT('',(0.826665781295,8.033013988829,
    -0.431396217136));
#4066 = CARTESIAN_POINT('',(1.215981213281,8.033013988508,
    -2.031590584457));
#4067 = CARTESIAN_POINT('',(1.739143131327,8.033013988637,
    -4.445904979925));
#4068 = CARTESIAN_POINT('',(2.201164685498,8.033013988603,
    -6.872651285069));
#4069 = CARTESIAN_POINT('',(2.601749896393,8.033013988612,
    -9.310294975187));
#4070 = CARTESIAN_POINT('',(2.940643548823,8.033013988609,
    -11.75727733386));
#4071 = CARTESIAN_POINT('',(3.217629346836,8.03301398861,-14.21203830543
    ));
#4072 = CARTESIAN_POINT('',(3.43253066203,8.03301398861,-16.67301163871)
  );
#4073 = CARTESIAN_POINT('',(3.585210212688,8.03301398861,-19.13862743396
    ));
#4074 = CARTESIAN_POINT('',(3.675571275213,8.03301398861,-21.60731280481
    ));
#4075 = CARTESIAN_POINT('',(3.703553683941,8.03301398861,-24.07749269217
    ));
#4076 = CARTESIAN_POINT('',(3.669148993226,8.03301398861,-26.54759196658
    ));
#4077 = CARTESIAN_POINT('',(3.57234404991,8.03301398861,-29.01603223236)
  );
#4078 = CARTESIAN_POINT('',(3.413331609685,8.03301398861,-31.48124853973
    ));
#4079 = CARTESIAN_POINT('',(3.191724215159,8.03301398861,-33.94163176297
    ));
#4080 = CARTESIAN_POINT('',(2.909487830926,8.033013988609,
    -36.39574840269));
#4081 = CARTESIAN_POINT('',(2.559993036786,8.033013988615,
    -38.84152501735));
#4082 = CARTESIAN_POINT('',(2.168876079468,8.03301398859,-41.27929670219
    ));
#4083 = CARTESIAN_POINT('',(1.627827193707,8.033013988686,
    -43.76340691709));
#4084 = CARTESIAN_POINT('',(1.419509363086,8.033013988433,
    -45.44638757375));
#4085 = CARTESIAN_POINT('',(2.357581269859,8.03301398861,-46.39582857091
    ));
#4086 = PCURVE('',#1367,#4087);
#4087 = DEFINITIONAL_REPRESENTATION('',(#4088),#4092);
#4088 = LINE('',#4089,#4090);
#4089 = CARTESIAN_POINT('',(10.,0.));
#4090 = VECTOR('',#4091,1.);
#4091 = DIRECTION('',(0.,1.));
#4092 = ( GEOMETRIC_REPRESENTATION_CONTEXT(2) 
PARAMETRIC_REPRESENTATION_CONTEXT() REPRESENTATION_CONTEXT('2D SPACE',''
  ) );
#4093 = PCURVE('',#1433,#4094);
#4094 = DEFINITIONAL_REPRESENTATION('',(#4095),#4099);
#4095 = LINE('',#4096,#4097);
#4096 = CARTESIAN_POINT('',(10.,0.));
#4097 = VECTOR('',#4098,1.);
#4098 = DIRECTION('',(0.,1.));
#4099 = ( GEOMETRIC_REPRESENTATION_CONTEXT(2) 
PARAMETRIC_REPRESENTATION_CONTEXT() REPRESENTATION_CONTEXT('2D SPACE',''
  ) );
#4100 = ADVANCED_FACE('',(#4101),#1433,.T.);
#4101 = FACE_BOUND('',#4102,.T.);
#4102 = EDGE_LOOP('',(#4103,#4104,#4105,#4106));
#4103 = ORIENTED_EDGE('',*,*,#1419,.T.);
#4104 = ORIENTED_EDGE('',*,*,#4061,.T.);
#4105 = ORIENTED_EDGE('',*,*,#2184,.F.);
#4106 = ORIENTED_EDGE('',*,*,#4107,.F.);
#4107 = EDGE_CURVE('',#1420,#2164,#4108,.T.);
#4108 = SURFACE_CURVE('',#4109,(#4132,#4139),.PCURVE_S1.);
#4109 = ( BOUNDED_CURVE() B_SPLINE_CURVE(3,(#4110,#4111,#4112,#4113,
    #4114,#4115,#4116,#4117,#4118,#4119,#4120,#4121,#4122,#4123,#4124,
    #4125,#4126,#4127,#4128,#4129,#4130,#4131),.UNSPECIFIED.,.F.,.F.) 
B_SPLINE_CURVE_WITH_KNOTS((4,1,1,1,1,1,1,1,1,1,1,1,1,1,1,1,1,1,1,4),(0.,
    5.24163189288E-02,0.104832637858,0.157248956786,0.209665275715,
    0.262081594644,0.314497913573,0.366914232502,0.41933055143,
    0.471746870359,0.524163189288,0.576579508217,0.628995827146,
    0.681412146074,0.733828465003,0.786244783932,0.838661102861,
0.89107742179,0.943493740718,1.),.UNSPECIFIED.) CURVE() 
GEOMETRIC_REPRESENTATION_ITEM() RATIONAL_B_SPLINE_CURVE((1.,
    0.999999999991,1.000000000004,0.999999999999,1.,1.,1.,1.,1.,1.,1.,1.
    ,1.,1.,1.,1.,1.,0.999999999999,1.000000000003,0.99999999999,
1.000000000024,1.)) REPRESENTATION_ITEM('') );
#4110 = CARTESIAN_POINT('',(0.521941474236,7.98210235533,0.340470447141)
  );
#4111 = CARTESIAN_POINT('',(0.726453314076,7.98210235554,-0.456224028326
    ));
#4112 = CARTESIAN_POINT('',(1.115357763205,7.982102355233,
    -2.054729142019));
#4113 = CARTESIAN_POINT('',(1.637967402697,7.982102355356,
    -4.466494854201));
#4114 = CARTESIAN_POINT('',(2.099501221442,7.982102355323,
    -6.890679352131));
#4115 = CARTESIAN_POINT('',(2.499663552503,7.982102355332,
    -9.325749731186));
#4116 = CARTESIAN_POINT('',(2.838199450112,7.98210235533,-11.77014892037
    ));
#4117 = CARTESIAN_POINT('',(3.114892846637,7.98210235533,-14.22231851092
    ));
#4118 = CARTESIAN_POINT('',(3.329567300186,7.98210235533,-16.68069390508
    ));
#4119 = CARTESIAN_POINT('',(3.482085673779,7.98210235533,-19.14370686034
    ));
#4120 = CARTESIAN_POINT('',(3.572351346612,7.98210235533,-21.60978615092
    ));
#4121 = CARTESIAN_POINT('',(3.60030421397,7.98210235533,-24.07735837983)
  );
#4122 = CARTESIAN_POINT('',(3.565935848703,7.98210235533,-26.54485008266
    ));
#4123 = CARTESIAN_POINT('',(3.469233075778,7.98210235533,-29.01068452162
    ));
#4124 = CARTESIAN_POINT('',(3.310388580869,7.98210235533,-31.47329843007
    ));
#4125 = CARTESIAN_POINT('',(3.089014817503,7.982102355331,
    -33.93108426504));
#4126 = CARTESIAN_POINT('',(2.807077533833,7.982102355329,-36.382610473)
  );
#4127 = CARTESIAN_POINT('',(2.457947370385,7.982102355334,
    -38.82580418685));
#4128 = CARTESIAN_POINT('',(2.067259402535,7.982102355318,
    -41.26100617317));
#4129 = CARTESIAN_POINT('',(1.526720010438,7.982102355378,
    -43.74247967412));
#4130 = CARTESIAN_POINT('',(1.318785152904,7.982102355218,
    -45.42372162865));
#4131 = CARTESIAN_POINT('',(2.257029052683,7.98210235533,-46.37243079491
    ));
#4132 = PCURVE('',#1433,#4133);
#4133 = DEFINITIONAL_REPRESENTATION('',(#4134),#4138);
#4134 = LINE('',#4135,#4136);
#4135 = CARTESIAN_POINT('',(9.,0.));
#4136 = VECTOR('',#4137,1.);
#4137 = DIRECTION('',(0.,1.));
#4138 = ( GEOMETRIC_REPRESENTATION_CONTEXT(2) 
PARAMETRIC_REPRESENTATION_CONTEXT() REPRESENTATION_CONTEXT('2D SPACE',''
  ) );
#4139 = PCURVE('',#1499,#4140);
#4140 = DEFINITIONAL_REPRESENTATION('',(#4141),#4145);
#4141 = LINE('',#4142,#4143);
#4142 = CARTESIAN_POINT('',(9.,0.));
#4143 = VECTOR('',#4144,1.);
#4144 = DIRECTION('',(0.,1.));
#4145 = ( GEOMETRIC_REPRESENTATION_CONTEXT(2) 
PARAMETRIC_REPRESENTATION_CONTEXT() REPRESENTATION_CONTEXT('2D SPACE',''
  ) );
#4146 = ADVANCED_FACE('',(#4147),#1499,.T.);
#4147 = FACE_BOUND('',#4148,.T.);
#4148 = EDGE_LOOP('',(#4149,#4150,#4151,#4152));
#4149 = ORIENTED_EDGE('',*,*,#1485,.T.);
#4150 = ORIENTED_EDGE('',*,*,#4107,.T.);
#4151 = ORIENTED_EDGE('',*,*,#2163,.F.);
#4152 = ORIENTED_EDGE('',*,*,#4153,.F.);
#4153 = EDGE_CURVE('',#1486,#2143,#4154,.T.);
#4154 = SURFACE_CURVE('',#4155,(#4178,#4185),.PCURVE_S1.);
#4155 = ( BOUNDED_CURVE() B_SPLINE_CURVE(3,(#4156,#4157,#4158,#4159,
    #4160,#4161,#4162,#4163,#4164,#4165,#4166,#4167,#4168,#4169,#4170,
    #4171,#4172,#4173,#4174,#4175,#4176,#4177),.UNSPECIFIED.,.F.,.F.) 
B_SPLINE_CURVE_WITH_KNOTS((4,1,1,1,1,1,1,1,1,1,1,1,1,1,1,1,1,1,1,4),(0.,
    5.24163189288E-02,0.104832637858,0.157248956786,0.209665275715,
    0.262081594644,0.314497913573,0.366914232502,0.41933055143,
    0.471746870359,0.524163189288,0.576579508217,0.628995827146,
    0.681412146074,0.733828465003,0.786244783932,0.838661102861,
0.89107742179,0.943493740718,1.),.UNSPECIFIED.) CURVE() 
GEOMETRIC_REPRESENTATION_ITEM() RATIONAL_B_SPLINE_CURVE((1.,
    0.999999999991,1.000000000004,0.999999999999,1.,1.,1.,1.,1.,1.,1.,1.
    ,1.,1.,1.,1.,1.,0.999999999999,1.000000000003,0.99999999999,
1.000000000024,1.)) REPRESENTATION_ITEM('') );
#4156 = CARTESIAN_POINT('',(0.429237215927,7.918150939456,0.316672640451
    ));
#4157 = CARTESIAN_POINT('',(0.633548694081,7.918150939541,
    -0.479241307154));
#4158 = CARTESIAN_POINT('',(1.022072130625,7.918150939417,
    -2.076180354508));
#4159 = CARTESIAN_POINT('',(1.544169765686,7.918150939467,
    -4.485583242015));
#4160 = CARTESIAN_POINT('',(2.00525141639,7.918150939453,-6.907392748866
    ));
#4161 = CARTESIAN_POINT('',(2.405021705511,7.918150939457,
    -9.340077471765));
#4162 = CARTESIAN_POINT('',(2.743225937044,7.918150939456,
    -11.78208186532));
#4163 = CARTESIAN_POINT('',(3.019648255032,7.918150939456,
    -14.23184904751));
#4164 = CARTESIAN_POINT('',(3.234112390488,7.918150939456,
    -16.68781595345));
#4165 = CARTESIAN_POINT('',(3.386481340616,7.918150939456,
    -19.14841587701));
#4166 = CARTESIAN_POINT('',(3.476658579912,7.918150939456,
    -21.61207913188));
#4167 = CARTESIAN_POINT('',(3.50458406016,7.918150939456,-24.07723386202
    ));
#4168 = CARTESIAN_POINT('',(3.470249371362,7.918150939456,-26.5423081466
    ));
#4169 = CARTESIAN_POINT('',(3.373641318202,7.918150939456,
    -29.00572678485));
#4170 = CARTESIAN_POINT('',(3.214952521442,7.918150939456,-31.4659280705
    ));
#4171 = CARTESIAN_POINT('',(2.993795352027,7.918150939456,
    -33.92130592792));
#4172 = CARTESIAN_POINT('',(2.712135357448,7.918150939456,
    -36.37043060756));
#4173 = CARTESIAN_POINT('',(2.36334323454,7.918150939458,-38.8112297749)
  );
#4174 = CARTESIAN_POINT('',(1.97305297271,7.91815093945,-41.24404945396)
  );
#4175 = CARTESIAN_POINT('',(1.432985920279,7.918150939481,
    -43.72307852034));
#4176 = CARTESIAN_POINT('',(1.225406107867,7.918150939398,
    -45.40270856274));
#4177 = CARTESIAN_POINT('',(2.163809458464,7.918150939456,-46.3507392674
    ));
#4178 = PCURVE('',#1499,#4179);
#4179 = DEFINITIONAL_REPRESENTATION('',(#4180),#4184);
#4180 = LINE('',#4181,#4182);
#4181 = CARTESIAN_POINT('',(8.,0.));
#4182 = VECTOR('',#4183,1.);
#4183 = DIRECTION('',(0.,1.));
#4184 = ( GEOMETRIC_REPRESENTATION_CONTEXT(2) 
PARAMETRIC_REPRESENTATION_CONTEXT() REPRESENTATION_CONTEXT('2D SPACE',''
  ) );
#4185 = PCURVE('',#1565,#4186);
#4186 = DEFINITIONAL_REPRESENTATION('',(#4187),#4191);
#4187 = LINE('',#4188,#4189);
#4188 = CARTESIAN_POINT('',(8.,0.));
#4189 = VECTOR('',#4190,1.);
#4190 = DIRECTION('',(0.,1.));
#4191 = ( GEOMETRIC_REPRESENTATION_CONTEXT(2) 
PARAMETRIC_REPRESENTATION_CONTEXT() REPRESENTATION_CONTEXT('2D SPACE',''
  ) );
#4192 = ADVANCED_FACE('',(#4193),#1565,.T.);
#4193 = FACE_BOUND('',#4194,.T.);
#4194 = EDGE_LOOP('',(#4195,#4196,#4197,#4198));
#4195 = ORIENTED_EDGE('',*,*,#1551,.T.);
#4196 = ORIENTED_EDGE('',*,*,#4153,.T.);
#4197 = ORIENTED_EDGE('',*,*,#2142,.F.);
#4198 = ORIENTED_EDGE('',*,*,#4199,.F.);
#4199 = EDGE_CURVE('',#1552,#2122,#4200,.T.);
#4200 = SURFACE_CURVE('',#4201,(#4224,#4231),.PCURVE_S1.);
#4201 = ( BOUNDED_CURVE() B_SPLINE_CURVE(3,(#4202,#4203,#4204,#4205,
    #4206,#4207,#4208,#4209,#4210,#4211,#4212,#4213,#4214,#4215,#4216,
    #4217,#4218,#4219,#4220,#4221,#4222,#4223),.UNSPECIFIED.,.F.,.F.) 
B_SPLINE_CURVE_WITH_KNOTS((4,1,1,1,1,1,1,1,1,1,1,1,1,1,1,1,1,1,1,4),(0.,
    5.24163189288E-02,0.104832637858,0.157248956786,0.209665275715,
    0.262081594644,0.314497913573,0.366914232502,0.41933055143,
    0.471746870359,0.524163189288,0.576579508217,0.628995827146,
    0.681412146074,0.733828465003,0.786244783932,0.838661102861,
0.89107742179,0.943493740718,1.),.UNSPECIFIED.) CURVE() 
GEOMETRIC_REPRESENTATION_ITEM() RATIONAL_B_SPLINE_CURVE((1.,
    0.999999999991,1.000000000004,0.999999999999,1.,1.,1.,1.,1.,1.,1.,1.
    ,1.,1.,1.,1.,1.,0.999999999999,1.000000000003,0.99999999999,
1.000000000024,1.)) REPRESENTATION_ITEM('') );
#4202 = CARTESIAN_POINT('',(0.345411239982,7.842253967444,0.295153948565
    ));
#4203 = CARTESIAN_POINT('',(0.549541544879,7.842253967417,
    -0.500054222851));
#4204 = CARTESIAN_POINT('',(0.937720458688,7.842253967457,-2.09557718515
    ));
#4205 = CARTESIAN_POINT('',(1.459355123842,7.842253967441,
    -4.502843535914));
#4206 = CARTESIAN_POINT('',(1.920027910647,7.842253967445,-6.92250550438
    ));
#4207 = CARTESIAN_POINT('',(2.319443703657,7.842253967444,
    -9.353033045323));
#4208 = CARTESIAN_POINT('',(2.657348032761,7.842253967444,
    -11.79287199271));
#4209 = CARTESIAN_POINT('',(2.933525233389,7.842253967444,
    -14.24046684507));
#4210 = CARTESIAN_POINT('',(3.147799192906,7.842253967444,
    -16.69425592359));
#4211 = CARTESIAN_POINT('',(3.300033029847,7.842253967444,
    -19.15267391138));
#4212 = CARTESIAN_POINT('',(3.390130304881,7.842253967444,
    -21.61415251418));
#4213 = CARTESIAN_POINT('',(3.418031020882,7.842253967444,
    -24.07712126928));
#4214 = CARTESIAN_POINT('',(3.383726783359,7.842253967444,
    -26.54000965163));
#4215 = CARTESIAN_POINT('',(3.287204378656,7.842253967444,
    -29.00124385029));
#4216 = CARTESIAN_POINT('',(3.128656368841,7.842253967444,-31.4592635699
    ));
#4217 = CARTESIAN_POINT('',(2.907695050184,7.842253967444,
    -33.91246406169));
#4218 = CARTESIAN_POINT('',(2.626285788737,7.842253967446,
    -36.35941720725));
#4219 = CARTESIAN_POINT('',(2.27779933223,7.842253967438,-38.79805115367
    ));
#4220 = CARTESIAN_POINT('',(1.88786868818,7.842253967468,-41.22871667902
    ));
#4221 = CARTESIAN_POINT('',(1.348228739286,7.842253967352,
    -43.70553541382));
#4222 = CARTESIAN_POINT('',(1.140969969825,7.842253967659,
    -45.38370791786));
#4223 = CARTESIAN_POINT('',(2.079517500306,7.842253967444,
    -46.33112513644));
#4224 = PCURVE('',#1565,#4225);
#4225 = DEFINITIONAL_REPRESENTATION('',(#4226),#4230);
#4226 = LINE('',#4227,#4228);
#4227 = CARTESIAN_POINT('',(7.,0.));
#4228 = VECTOR('',#4229,1.);
#4229 = DIRECTION('',(0.,1.));
#4230 = ( GEOMETRIC_REPRESENTATION_CONTEXT(2) 
PARAMETRIC_REPRESENTATION_CONTEXT() REPRESENTATION_CONTEXT('2D SPACE',''
  ) );
#4231 = PCURVE('',#1631,#4232);
#4232 = DEFINITIONAL_REPRESENTATION('',(#4233),#4237);
#4233 = LINE('',#4234,#4235);
#4234 = CARTESIAN_POINT('',(7.,0.));
#4235 = VECTOR('',#4236,1.);
#4236 = DIRECTION('',(0.,1.));
#4237 = ( GEOMETRIC_REPRESENTATION_CONTEXT(2) 
PARAMETRIC_REPRESENTATION_CONTEXT() REPRESENTATION_CONTEXT('2D SPACE',''
  ) );
#4238 = ADVANCED_FACE('',(#4239),#1631,.T.);
#4239 = FACE_BOUND('',#4240,.T.);
#4240 = EDGE_LOOP('',(#4241,#4242,#4243,#4244));
#4241 = ORIENTED_EDGE('',*,*,#1617,.T.);
#4242 = ORIENTED_EDGE('',*,*,#4199,.T.);
#4243 = ORIENTED_EDGE('',*,*,#2121,.F.);
#4244 = ORIENTED_EDGE('',*,*,#4245,.F.);
#4245 = EDGE_CURVE('',#1618,#2101,#4246,.T.);
#4246 = SURFACE_CURVE('',#4247,(#4270,#4277),.PCURVE_S1.);
#4247 = ( BOUNDED_CURVE() B_SPLINE_CURVE(3,(#4248,#4249,#4250,#4251,
    #4252,#4253,#4254,#4255,#4256,#4257,#4258,#4259,#4260,#4261,#4262,
    #4263,#4264,#4265,#4266,#4267,#4268,#4269),.UNSPECIFIED.,.F.,.F.) 
B_SPLINE_CURVE_WITH_KNOTS((4,1,1,1,1,1,1,1,1,1,1,1,1,1,1,1,1,1,1,4),(0.,
    5.24163189288E-02,0.104832637858,0.157248956786,0.209665275715,
    0.262081594644,0.314497913573,0.366914232502,0.41933055143,
    0.471746870359,0.524163189288,0.576579508217,0.628995827146,
    0.681412146074,0.733828465003,0.786244783932,0.838661102861,
0.89107742179,0.943493740718,1.),.UNSPECIFIED.) CURVE() 
GEOMETRIC_REPRESENTATION_ITEM() RATIONAL_B_SPLINE_CURVE((1.,
    0.999999999991,1.000000000004,0.999999999999,1.,1.,1.,1.,1.,1.,1.,1.
    ,1.,1.,1.,1.,1.,0.999999999999,1.000000000003,0.99999999999,
1.000000000024,1.)) REPRESENTATION_ITEM('') );
#4248 = CARTESIAN_POINT('',(0.271897832091,7.755710057528,0.276282562266
    ));
#4249 = CARTESIAN_POINT('',(0.47586925256,7.755710057473,-0.518306659657
    ));
#4250 = CARTESIAN_POINT('',(0.863746027668,7.755710057553,
    -2.112587749259));
#4251 = CARTESIAN_POINT('',(1.384974679258,7.755710057521,
    -4.517980407359));
#4252 = CARTESIAN_POINT('',(1.845288902008,7.755710057529,-6.93575903527
    ));
#4253 = CARTESIAN_POINT('',(2.244393810283,7.755710057527,
    -9.364394778394));
#4254 = CARTESIAN_POINT('',(2.582035132012,7.755710057528,
    -11.80233468045));
#4255 = CARTESIAN_POINT('',(2.857997370486,7.755710057528,
    -14.24802445069));
#4256 = CARTESIAN_POINT('',(3.072104550181,7.755710057528,
    -16.69990362583));
#4257 = CARTESIAN_POINT('',(3.224219896038,7.755710057528,
    -19.15640810729));
#4258 = CARTESIAN_POINT('',(3.314247044295,7.755710057528,
    -21.61597082164));
#4259 = CARTESIAN_POINT('',(3.342126042634,7.755710057528,
    -24.07702252809));
#4260 = CARTESIAN_POINT('',(3.307848510162,7.755710057528,
    -26.53799392564));
#4261 = CARTESIAN_POINT('',(3.211401217141,7.755710057528,
    -28.99731242219));
#4262 = CARTESIAN_POINT('',(3.052976674164,7.755710057528,
    -31.45341895975));
#4263 = CARTESIAN_POINT('',(2.832187112012,7.755710057527,
    -33.90470995311));
#4264 = CARTESIAN_POINT('',(2.550997737617,7.755710057529,-36.3497587144
    ));
#4265 = CARTESIAN_POINT('',(2.202779343361,7.755710057524,
    -38.78649381302));
#4266 = CARTESIAN_POINT('',(1.813164075595,7.755710057541,
    -41.21527019634));
#4267 = CARTESIAN_POINT('',(1.273898686623,7.755710057477,
    -43.69015052213));
#4268 = CARTESIAN_POINT('',(1.066921463814,7.755710057645,
    -45.36704479993));
#4269 = CARTESIAN_POINT('',(2.005595436981,7.755710057528,
    -46.31392400524));
#4270 = PCURVE('',#1631,#4271);
#4271 = DEFINITIONAL_REPRESENTATION('',(#4272),#4276);
#4272 = LINE('',#4273,#4274);
#4273 = CARTESIAN_POINT('',(6.,0.));
#4274 = VECTOR('',#4275,1.);
#4275 = DIRECTION('',(0.,1.));
#4276 = ( GEOMETRIC_REPRESENTATION_CONTEXT(2) 
PARAMETRIC_REPRESENTATION_CONTEXT() REPRESENTATION_CONTEXT('2D SPACE',''
  ) );
#4277 = PCURVE('',#1697,#4278);
#4278 = DEFINITIONAL_REPRESENTATION('',(#4279),#4283);
#4279 = LINE('',#4280,#4281);
#4280 = CARTESIAN_POINT('',(6.,0.));
#4281 = VECTOR('',#4282,1.);
#4282 = DIRECTION('',(0.,1.));
#4283 = ( GEOMETRIC_REPRESENTATION_CONTEXT(2) 
PARAMETRIC_REPRESENTATION_CONTEXT() REPRESENTATION_CONTEXT('2D SPACE',''
  ) );
#4284 = ADVANCED_FACE('',(#4285),#1697,.T.);
#4285 = FACE_BOUND('',#4286,.T.);
#4286 = EDGE_LOOP('',(#4287,#4288,#4289,#4290));
#4287 = ORIENTED_EDGE('',*,*,#1683,.T.);
#4288 = ORIENTED_EDGE('',*,*,#4245,.T.);
#4289 = ORIENTED_EDGE('',*,*,#2100,.F.);
#4290 = ORIENTED_EDGE('',*,*,#4291,.F.);
#4291 = EDGE_CURVE('',#1684,#2080,#4292,.T.);
#4292 = SURFACE_CURVE('',#4293,(#4316,#4323),.PCURVE_S1.);
#4293 = ( BOUNDED_CURVE() B_SPLINE_CURVE(3,(#4294,#4295,#4296,#4297,
    #4298,#4299,#4300,#4301,#4302,#4303,#4304,#4305,#4306,#4307,#4308,
    #4309,#4310,#4311,#4312,#4313,#4314,#4315),.UNSPECIFIED.,.F.,.F.) 
B_SPLINE_CURVE_WITH_KNOTS((4,1,1,1,1,1,1,1,1,1,1,1,1,1,1,1,1,1,1,4),(0.,
    5.24163189288E-02,0.104832637858,0.157248956786,0.209665275715,
    0.262081594644,0.314497913573,0.366914232502,0.41933055143,
    0.471746870359,0.524163189288,0.576579508217,0.628995827146,
    0.681412146074,0.733828465003,0.786244783932,0.838661102861,
0.89107742179,0.943493740718,1.),.UNSPECIFIED.) CURVE() 
GEOMETRIC_REPRESENTATION_ITEM() RATIONAL_B_SPLINE_CURVE((1.,
    0.999999999991,1.000000000004,0.999999999999,1.,1.,1.,1.,1.,1.,1.,1.
    ,1.,1.,1.,1.,1.,0.999999999999,1.000000000003,0.99999999999,
1.000000000024,1.)) REPRESENTATION_ITEM('') );
#4294 = CARTESIAN_POINT('',(0.209954827044,7.66,0.260381376207));
#4295 = CARTESIAN_POINT('',(0.413792370064,7.659999999977,-0.53368631431
    ));
#4296 = CARTESIAN_POINT('',(0.801414560777,7.660000000011,
    -2.126920990906));
#4297 = CARTESIAN_POINT('',(1.322301101914,7.659999999997,
    -4.530734860408));
#4298 = CARTESIAN_POINT('',(1.782313195646,7.660000000001,
    -6.946926569914));
#4299 = CARTESIAN_POINT('',(2.181156149869,7.66,-9.373968268584));
#4300 = CARTESIAN_POINT('',(2.518575859412,7.66,-11.81030801935));
#4301 = CARTESIAN_POINT('',(2.794356968998,7.66,-14.25439255165));
#4302 = CARTESIAN_POINT('',(3.008323618636,7.66,-16.70466242641));
#4303 = CARTESIAN_POINT('',(3.160339122926,7.66,-19.15955457164));
#4304 = CARTESIAN_POINT('',(3.250307181782,7.66,-21.61750294254));
#4305 = CARTESIAN_POINT('',(3.27816788064,7.66,-24.07693932795));
#4306 = CARTESIAN_POINT('',(3.243912850065,7.66,-26.53629545827));
#4307 = CARTESIAN_POINT('',(3.147528846768,7.66,-28.99399976839));
#4308 = CARTESIAN_POINT('',(2.989208337968,7.66,-31.44849424293));
#4309 = CARTESIAN_POINT('',(2.768563499266,7.66,-33.89817627713));
#4310 = CARTESIAN_POINT('',(2.487559403522,7.659999999999,
    -36.34162038849));
#4311 = CARTESIAN_POINT('',(2.139566880722,7.660000000003,
    -38.77675550231));
#4312 = CARTESIAN_POINT('',(1.750217351663,7.65999999999,-41.20394007874
    ));
#4313 = CARTESIAN_POINT('',(1.211267569811,7.660000000038,
    -43.67718708585));
#4314 = CARTESIAN_POINT('',(1.004527580979,7.659999999912,
    -45.35300431764));
#4315 = CARTESIAN_POINT('',(1.943308095488,7.66,-46.29943018994));
#4316 = PCURVE('',#1697,#4317);
#4317 = DEFINITIONAL_REPRESENTATION('',(#4318),#4322);
#4318 = LINE('',#4319,#4320);
#4319 = CARTESIAN_POINT('',(5.,0.));
#4320 = VECTOR('',#4321,1.);
#4321 = DIRECTION('',(0.,1.));
#4322 = ( GEOMETRIC_REPRESENTATION_CONTEXT(2) 
PARAMETRIC_REPRESENTATION_CONTEXT() REPRESENTATION_CONTEXT('2D SPACE',''
  ) );
#4323 = PCURVE('',#1763,#4324);
#4324 = DEFINITIONAL_REPRESENTATION('',(#4325),#4329);
#4325 = LINE('',#4326,#4327);
#4326 = CARTESIAN_POINT('',(5.,0.));
#4327 = VECTOR('',#4328,1.);
#4328 = DIRECTION('',(0.,1.));
#4329 = ( GEOMETRIC_REPRESENTATION_CONTEXT(2) 
PARAMETRIC_REPRESENTATION_CONTEXT() REPRESENTATION_CONTEXT('2D SPACE',''
  ) );
#4330 = ADVANCED_FACE('',(#4331),#1763,.T.);
#4331 = FACE_BOUND('',#4332,.T.);
#4332 = EDGE_LOOP('',(#4333,#4334,#4335,#4336));
#4333 = ORIENTED_EDGE('',*,*,#1749,.T.);
#4334 = ORIENTED_EDGE('',*,*,#4291,.T.);
#4335 = ORIENTED_EDGE('',*,*,#2079,.F.);
#4336 = ORIENTED_EDGE('',*,*,#4337,.F.);
#4337 = EDGE_CURVE('',#1750,#2059,#4338,.T.);
#4338 = SURFACE_CURVE('',#4339,(#4362,#4369),.PCURVE_S1.);
#4339 = ( BOUNDED_CURVE() B_SPLINE_CURVE(3,(#4340,#4341,#4342,#4343,
    #4344,#4345,#4346,#4347,#4348,#4349,#4350,#4351,#4352,#4353,#4354,
    #4355,#4356,#4357,#4358,#4359,#4360,#4361),.UNSPECIFIED.,.F.,.F.) 
B_SPLINE_CURVE_WITH_KNOTS((4,1,1,1,1,1,1,1,1,1,1,1,1,1,1,1,1,1,1,4),(0.,
    5.24163189288E-02,0.104832637858,0.157248956786,0.209665275715,
    0.262081594644,0.314497913573,0.366914232502,0.41933055143,
    0.471746870359,0.524163189288,0.576579508217,0.628995827146,
    0.681412146074,0.733828465003,0.786244783932,0.838661102861,
0.89107742179,0.943493740718,1.),.UNSPECIFIED.) CURVE() 
GEOMETRIC_REPRESENTATION_ITEM() RATIONAL_B_SPLINE_CURVE((1.,
    0.999999999991,1.000000000004,0.999999999999,1.,1.,1.,1.,1.,1.,1.,1.
    ,1.,1.,1.,1.,1.,0.999999999999,1.000000000003,0.99999999999,
1.000000000024,1.)) REPRESENTATION_ITEM('') );
#4340 = CARTESIAN_POINT('',(0.160642086832,7.556761420481,0.247722464089
    ));
#4341 = CARTESIAN_POINT('',(0.364373050163,7.556761420629,
    -0.545930036061));
#4342 = CARTESIAN_POINT('',(0.751792566648,7.556761420413,
    -2.138331664629));
#4343 = CARTESIAN_POINT('',(1.272406754107,7.5567614205,-4.540888662757)
  );
#4344 = CARTESIAN_POINT('',(1.732178323354,7.556761420476,
    -6.955817028718));
#4345 = CARTESIAN_POINT('',(2.130812736319,7.556761420483,
    -9.381589710818));
#4346 = CARTESIAN_POINT('',(2.468056020709,7.556761420481,
    -11.81665558337));
#4347 = CARTESIAN_POINT('',(2.743692933839,7.556761420481,
    -14.25946218797));
#4348 = CARTESIAN_POINT('',(2.957547707694,7.556761420481,
    -16.70845090093));
#4349 = CARTESIAN_POINT('',(3.109483728251,7.556761420481,
    -19.16205946752));
#4350 = CARTESIAN_POINT('',(3.199404746118,7.556761420481,
    -21.61872266186));
#4351 = CARTESIAN_POINT('',(3.227250876783,7.556761420481,
    -24.07687309244));
#4352 = CARTESIAN_POINT('',(3.193013759938,7.556761420481,
    -26.53494331075));
#4353 = CARTESIAN_POINT('',(3.096680141501,7.556761420481,-28.9913625693
    ));
#4354 = CARTESIAN_POINT('',(2.938442454165,7.556761420481,
    -31.44457368271));
#4355 = CARTESIAN_POINT('',(2.717912829601,7.556761420481,
    -33.89297482677));
#4356 = CARTESIAN_POINT('',(2.43705623393,7.556761420482,-36.33514147855
    ));
#4357 = CARTESIAN_POINT('',(2.089243527095,7.55676142048,-38.76900284667
    ));
#4358 = CARTESIAN_POINT('',(1.700105552206,7.556761420485,
    -41.19492018793));
#4359 = CARTESIAN_POINT('',(1.161407024917,7.556761420468,
    -43.66686691201));
#4360 = CARTESIAN_POINT('',(0.954855897264,7.556761420513,
    -45.34182670976));
#4361 = CARTESIAN_POINT('',(1.893721229511,7.556761420481,
    -46.28789168372));
#4362 = PCURVE('',#1763,#4363);
#4363 = DEFINITIONAL_REPRESENTATION('',(#4364),#4368);
#4364 = LINE('',#4365,#4366);
#4365 = CARTESIAN_POINT('',(4.,0.));
#4366 = VECTOR('',#4367,1.);
#4367 = DIRECTION('',(0.,1.));
#4368 = ( GEOMETRIC_REPRESENTATION_CONTEXT(2) 
PARAMETRIC_REPRESENTATION_CONTEXT() REPRESENTATION_CONTEXT('2D SPACE',''
  ) );
#4369 = PCURVE('',#1829,#4370);
#4370 = DEFINITIONAL_REPRESENTATION('',(#4371),#4375);
#4371 = LINE('',#4372,#4373);
#4372 = CARTESIAN_POINT('',(4.,0.));
#4373 = VECTOR('',#4374,1.);
#4374 = DIRECTION('',(0.,1.));
#4375 = ( GEOMETRIC_REPRESENTATION_CONTEXT(2) 
PARAMETRIC_REPRESENTATION_CONTEXT() REPRESENTATION_CONTEXT('2D SPACE',''
  ) );
#4376 = ADVANCED_FACE('',(#4377),#1829,.T.);
#4377 = FACE_BOUND('',#4378,.T.);
#4378 = EDGE_LOOP('',(#4379,#4380,#4381,#4382));
#4379 = ORIENTED_EDGE('',*,*,#1815,.T.);
#4380 = ORIENTED_EDGE('',*,*,#4337,.T.);
#4381 = ORIENTED_EDGE('',*,*,#2058,.F.);
#4382 = ORIENTED_EDGE('',*,*,#4383,.F.);
#4383 = EDGE_CURVE('',#1816,#2038,#4384,.T.);
#4384 = SURFACE_CURVE('',#4385,(#4408,#4415),.PCURVE_S1.);
#4385 = ( BOUNDED_CURVE() B_SPLINE_CURVE(3,(#4386,#4387,#4388,#4389,
    #4390,#4391,#4392,#4393,#4394,#4395,#4396,#4397,#4398,#4399,#4400,
    #4401,#4402,#4403,#4404,#4405,#4406,#4407),.UNSPECIFIED.,.F.,.F.) 
B_SPLINE_CURVE_WITH_KNOTS((4,1,1,1,1,1,1,1,1,1,1,1,1,1,1,1,1,1,1,4),(0.,
    5.24163189288E-02,0.104832637858,0.157248956786,0.209665275715,
    0.262081594644,0.314497913573,0.366914232502,0.41933055143,
    0.471746870359,0.524163189288,0.576579508217,0.628995827146,
    0.681412146074,0.733828465003,0.786244783932,0.838661102861,
0.89107742179,0.943493740718,1.),.UNSPECIFIED.) CURVE() 
GEOMETRIC_REPRESENTATION_ITEM() RATIONAL_B_SPLINE_CURVE((1.,
    0.999999999991,1.000000000004,0.999999999999,1.,1.,1.,1.,1.,1.,1.,1.
    ,1.,1.,1.,1.,1.,0.999999999999,1.000000000003,0.99999999999,
1.000000000024,1.)) REPRESENTATION_ITEM('') );
#4386 = CARTESIAN_POINT('',(0.124803366113,7.44776075969,0.238522423408)
  );
#4387 = CARTESIAN_POINT('',(0.328456871222,7.447760759821,
    -0.554828331048));
#4388 = CARTESIAN_POINT('',(0.715729091314,7.44776075963,-2.146624530817
    ));
#4389 = CARTESIAN_POINT('',(1.236145341974,7.447760759706,
    -4.548268079987));
#4390 = CARTESIAN_POINT('',(1.695742106693,7.447760759686,-6.96227829348
    ));
#4391 = CARTESIAN_POINT('',(2.094224959397,7.447760759691,
    -9.387128700101));
#4392 = CARTESIAN_POINT('',(2.431340024349,7.44776075969,-11.82126876392
    ));
#4393 = CARTESIAN_POINT('',(2.706872140697,7.44776075969,-14.26314661677
    ));
#4394 = CARTESIAN_POINT('',(2.920645607269,7.44776075969,-16.71120422756
    ));
#4395 = CARTESIAN_POINT('',(3.072523861916,7.44776075969,-19.1638799355)
  );
#4396 = CARTESIAN_POINT('',(3.162410692088,7.44776075969,-21.61960910987
    ));
#4397 = CARTESIAN_POINT('',(3.190246235117,7.44776075969,-24.07682495485
    ));
#4398 = CARTESIAN_POINT('',(3.156022137323,7.44776075969,-26.53396061871
    ));
#4399 = CARTESIAN_POINT('',(3.059725136786,7.44776075969,-28.98944594814
    ));
#4400 = CARTESIAN_POINT('',(2.901547641103,7.44776075969,-31.44172436097
    ));
#4401 = CARTESIAN_POINT('',(2.681101750018,7.447760759691,
    -33.88919460029));
#4402 = CARTESIAN_POINT('',(2.400352352082,7.447760759689,
    -36.33043284053));
#4403 = CARTESIAN_POINT('',(2.052670328994,7.447760759696,
    -38.76336849622));
#4404 = CARTESIAN_POINT('',(1.663686104081,7.447760759667,
    -41.18836485666));
#4405 = CARTESIAN_POINT('',(1.1251701794,7.447760759779,-43.65936658194)
  );
#4406 = CARTESIAN_POINT('',(0.918756309622,7.447760759483,
    -45.33370322758));
#4407 = CARTESIAN_POINT('',(1.857683284073,7.44776075969,-46.27950591363
    ));
#4408 = PCURVE('',#1829,#4409);
#4409 = DEFINITIONAL_REPRESENTATION('',(#4410),#4414);
#4410 = LINE('',#4411,#4412);
#4411 = CARTESIAN_POINT('',(3.,0.));
#4412 = VECTOR('',#4413,1.);
#4413 = DIRECTION('',(0.,1.));
#4414 = ( GEOMETRIC_REPRESENTATION_CONTEXT(2) 
PARAMETRIC_REPRESENTATION_CONTEXT() REPRESENTATION_CONTEXT('2D SPACE',''
  ) );
#4415 = PCURVE('',#1895,#4416);
#4416 = DEFINITIONAL_REPRESENTATION('',(#4417),#4421);
#4417 = LINE('',#4418,#4419);
#4418 = CARTESIAN_POINT('',(3.,0.));
#4419 = VECTOR('',#4420,1.);
#4420 = DIRECTION('',(0.,1.));
#4421 = ( GEOMETRIC_REPRESENTATION_CONTEXT(2) 
PARAMETRIC_REPRESENTATION_CONTEXT() REPRESENTATION_CONTEXT('2D SPACE',''
  ) );
#4422 = ADVANCED_FACE('',(#4423),#1895,.T.);
#4423 = FACE_BOUND('',#4424,.T.);
#4424 = EDGE_LOOP('',(#4425,#4426,#4427,#4428));
#4425 = ORIENTED_EDGE('',*,*,#1881,.T.);
#4426 = ORIENTED_EDGE('',*,*,#4383,.T.);
#4427 = ORIENTED_EDGE('',*,*,#2037,.F.);
#4428 = ORIENTED_EDGE('',*,*,#1970,.F.);
#4429 = ADVANCED_FACE('',(#4430),#2653,.F.);
#4430 = FACE_BOUND('',#4431,.F.);
#4431 = EDGE_LOOP('',(#4432,#4455,#4484,#4512,#4541,#4569,#4598,#4619));
#4432 = ORIENTED_EDGE('',*,*,#4433,.F.);
#4433 = EDGE_CURVE('',#4434,#2632,#4436,.T.);
#4434 = VERTEX_POINT('',#4435);
#4435 = CARTESIAN_POINT('',(5.855046988076,6.75,-0.147633915706));
#4436 = SURFACE_CURVE('',#4437,(#4441,#4448),.PCURVE_S1.);
#4437 = LINE('',#4438,#4439);
#4438 = CARTESIAN_POINT('',(5.855046988076,6.95,-0.147633915707));
#4439 = VECTOR('',#4440,1.);
#4440 = DIRECTION('',(0.,1.,0.));
#4441 = PCURVE('',#2653,#4442);
#4442 = DEFINITIONAL_REPRESENTATION('',(#4443),#4447);
#4443 = LINE('',#4444,#4445);
#4444 = CARTESIAN_POINT('',(0.,0.));
#4445 = VECTOR('',#4446,1.);
#4446 = DIRECTION('',(0.,1.));
#4447 = ( GEOMETRIC_REPRESENTATION_CONTEXT(2) 
PARAMETRIC_REPRESENTATION_CONTEXT() REPRESENTATION_CONTEXT('2D SPACE',''
  ) );
#4448 = PCURVE('',#2687,#4449);
#4449 = DEFINITIONAL_REPRESENTATION('',(#4450),#4454);
#4450 = LINE('',#4451,#4452);
#4451 = CARTESIAN_POINT('',(-3.35,0.));
#4452 = VECTOR('',#4453,1.);
#4453 = DIRECTION('',(0.,1.));
#4454 = ( GEOMETRIC_REPRESENTATION_CONTEXT(2) 
PARAMETRIC_REPRESENTATION_CONTEXT() REPRESENTATION_CONTEXT('2D SPACE',''
  ) );
#4455 = ORIENTED_EDGE('',*,*,#4456,.F.);
#4456 = EDGE_CURVE('',#4457,#4434,#4459,.T.);
#4457 = VERTEX_POINT('',#4458);
#4458 = CARTESIAN_POINT('',(5.751158158933,6.75,0.284491090618));
#4459 = SURFACE_CURVE('',#4460,(#4465,#4472),.PCURVE_S1.);
#4460 = CIRCLE('',#4461,102.75250594613);
#4461 = AXIS2_PLACEMENT_3D('',#4462,#4463,#4464);
#4462 = CARTESIAN_POINT('',(-94.10250594613,6.75,-23.95026170372));
#4463 = DIRECTION('',(0.,1.,0.));
#4464 = DIRECTION('',(0.971788115391,-0.,0.235855588836));
#4465 = PCURVE('',#2653,#4466);
#4466 = DEFINITIONAL_REPRESENTATION('',(#4467),#4471);
#4467 = LINE('',#4468,#4469);
#4468 = CARTESIAN_POINT('',(-4.32532606556E-03,-0.2));
#4469 = VECTOR('',#4470,1.);
#4470 = DIRECTION('',(1.,0.));
#4471 = ( GEOMETRIC_REPRESENTATION_CONTEXT(2) 
PARAMETRIC_REPRESENTATION_CONTEXT() REPRESENTATION_CONTEXT('2D SPACE',''
  ) );
#4472 = PCURVE('',#4473,#4478);
#4473 = PLANE('',#4474);
#4474 = AXIS2_PLACEMENT_3D('',#4475,#4476,#4477);
#4475 = CARTESIAN_POINT('',(-94.10250594613,6.75,-23.95026170372));
#4476 = DIRECTION('',(0.,1.,0.));
#4477 = DIRECTION('',(0.971788115391,-0.,0.235855588836));
#4478 = DEFINITIONAL_REPRESENTATION('',(#4479),#4483);
#4479 = CIRCLE('',#4480,102.75250594613);
#4480 = AXIS2_PLACEMENT_2D('',#4481,#4482);
#4481 = CARTESIAN_POINT('',(0.,0.));
#4482 = DIRECTION('',(1.,-1.080482674756E-17));
#4483 = ( GEOMETRIC_REPRESENTATION_CONTEXT(2) 
PARAMETRIC_REPRESENTATION_CONTEXT() REPRESENTATION_CONTEXT('2D SPACE',''
  ) );
#4484 = ORIENTED_EDGE('',*,*,#4485,.F.);
#4485 = EDGE_CURVE('',#4486,#4457,#4488,.T.);
#4486 = VERTEX_POINT('',#4487);
#4487 = CARTESIAN_POINT('',(5.751158158933,6.4,0.284491090618));
#4488 = SURFACE_CURVE('',#4489,(#4493,#4500),.PCURVE_S1.);
#4489 = LINE('',#4490,#4491);
#4490 = CARTESIAN_POINT('',(5.751158158933,6.575,0.284491090618));
#4491 = VECTOR('',#4492,1.);
#4492 = DIRECTION('',(0.,1.,0.));
#4493 = PCURVE('',#2653,#4494);
#4494 = DEFINITIONAL_REPRESENTATION('',(#4495),#4499);
#4495 = LINE('',#4496,#4497);
#4496 = CARTESIAN_POINT('',(-4.32532606556E-03,-0.375));
#4497 = VECTOR('',#4498,1.);
#4498 = DIRECTION('',(0.,1.));
#4499 = ( GEOMETRIC_REPRESENTATION_CONTEXT(2) 
PARAMETRIC_REPRESENTATION_CONTEXT() REPRESENTATION_CONTEXT('2D SPACE',''
  ) );
#4500 = PCURVE('',#4501,#4506);
#4501 = PLANE('',#4502);
#4502 = AXIS2_PLACEMENT_3D('',#4503,#4504,#4505);
#4503 = CARTESIAN_POINT('',(9.006648345492,6.575,1.07460731322));
#4504 = DIRECTION('',(-0.235855588836,0.,0.971788115391));
#4505 = DIRECTION('',(0.971788115391,0.,0.235855588836));
#4506 = DEFINITIONAL_REPRESENTATION('',(#4507),#4511);
#4507 = LINE('',#4508,#4509);
#4508 = CARTESIAN_POINT('',(-3.35,0.));
#4509 = VECTOR('',#4510,1.);
#4510 = DIRECTION('',(0.,1.));
#4511 = ( GEOMETRIC_REPRESENTATION_CONTEXT(2) 
PARAMETRIC_REPRESENTATION_CONTEXT() REPRESENTATION_CONTEXT('2D SPACE',''
  ) );
#4512 = ORIENTED_EDGE('',*,*,#4513,.T.);
#4513 = EDGE_CURVE('',#4486,#4514,#4516,.T.);
#4514 = VERTEX_POINT('',#4515);
#4515 = CARTESIAN_POINT('',(5.859947445251,6.4,-0.168222468503));
#4516 = SURFACE_CURVE('',#4517,(#4522,#4529),.PCURVE_S1.);
#4517 = CIRCLE('',#4518,102.75250594613);
#4518 = AXIS2_PLACEMENT_3D('',#4519,#4520,#4521);
#4519 = CARTESIAN_POINT('',(-94.10250594613,6.4,-23.95026170372));
#4520 = DIRECTION('',(0.,1.,0.));
#4521 = DIRECTION('',(0.971788115391,-0.,0.235855588836));
#4522 = PCURVE('',#2653,#4523);
#4523 = DEFINITIONAL_REPRESENTATION('',(#4524),#4528);
#4524 = LINE('',#4525,#4526);
#4525 = CARTESIAN_POINT('',(-4.32532606556E-03,-0.55));
#4526 = VECTOR('',#4527,1.);
#4527 = DIRECTION('',(1.,0.));
#4528 = ( GEOMETRIC_REPRESENTATION_CONTEXT(2) 
PARAMETRIC_REPRESENTATION_CONTEXT() REPRESENTATION_CONTEXT('2D SPACE',''
  ) );
#4529 = PCURVE('',#4530,#4535);
#4530 = PLANE('',#4531);
#4531 = AXIS2_PLACEMENT_3D('',#4532,#4533,#4534);
#4532 = CARTESIAN_POINT('',(-94.10250594613,6.4,-23.95026170372));
#4533 = DIRECTION('',(0.,1.,0.));
#4534 = DIRECTION('',(0.971788115391,-0.,0.235855588836));
#4535 = DEFINITIONAL_REPRESENTATION('',(#4536),#4540);
#4536 = CIRCLE('',#4537,102.75250594613);
#4537 = AXIS2_PLACEMENT_2D('',#4538,#4539);
#4538 = CARTESIAN_POINT('',(0.,0.));
#4539 = DIRECTION('',(1.,-1.080482674756E-17));
#4540 = ( GEOMETRIC_REPRESENTATION_CONTEXT(2) 
PARAMETRIC_REPRESENTATION_CONTEXT() REPRESENTATION_CONTEXT('2D SPACE',''
  ) );
#4541 = ORIENTED_EDGE('',*,*,#4542,.T.);
#4542 = EDGE_CURVE('',#4514,#4543,#4545,.T.);
#4543 = VERTEX_POINT('',#4544);
#4544 = CARTESIAN_POINT('',(5.859947445251,6.72,-0.168222468505));
#4545 = SURFACE_CURVE('',#4546,(#4550,#4557),.PCURVE_S1.);
#4546 = LINE('',#4547,#4548);
#4547 = CARTESIAN_POINT('',(5.859947445251,6.575,-0.168222468503));
#4548 = VECTOR('',#4549,1.);
#4549 = DIRECTION('',(0.,1.,0.));
#4550 = PCURVE('',#2653,#4551);
#4551 = DEFINITIONAL_REPRESENTATION('',(#4552),#4556);
#4552 = LINE('',#4553,#4554);
#4553 = CARTESIAN_POINT('',(2.059679078838E-04,-0.375));
#4554 = VECTOR('',#4555,1.);
#4555 = DIRECTION('',(0.,1.));
#4556 = ( GEOMETRIC_REPRESENTATION_CONTEXT(2) 
PARAMETRIC_REPRESENTATION_CONTEXT() REPRESENTATION_CONTEXT('2D SPACE',''
  ) );
#4557 = PCURVE('',#4558,#4563);
#4558 = PLANE('',#4559);
#4559 = AXIS2_PLACEMENT_3D('',#4560,#4561,#4562);
#4560 = CARTESIAN_POINT('',(9.118984446613,6.575,0.607134109951));
#4561 = DIRECTION('',(-0.231449724912,0.,0.972846866078));
#4562 = DIRECTION('',(0.972846866078,0.,0.231449724912));
#4563 = DEFINITIONAL_REPRESENTATION('',(#4564),#4568);
#4564 = LINE('',#4565,#4566);
#4565 = CARTESIAN_POINT('',(-3.35,0.));
#4566 = VECTOR('',#4567,1.);
#4567 = DIRECTION('',(0.,1.));
#4568 = ( GEOMETRIC_REPRESENTATION_CONTEXT(2) 
PARAMETRIC_REPRESENTATION_CONTEXT() REPRESENTATION_CONTEXT('2D SPACE',''
  ) );
#4569 = ORIENTED_EDGE('',*,*,#4570,.T.);
#4570 = EDGE_CURVE('',#4543,#4571,#4573,.T.);
#4571 = VERTEX_POINT('',#4572);
#4572 = CARTESIAN_POINT('',(5.952250165484,6.72,-0.559595666711));
#4573 = SURFACE_CURVE('',#4574,(#4579,#4586),.PCURVE_S1.);
#4574 = CIRCLE('',#4575,102.75250594613);
#4575 = AXIS2_PLACEMENT_3D('',#4576,#4577,#4578);
#4576 = CARTESIAN_POINT('',(-94.10250594613,6.72,-23.95026170372));
#4577 = DIRECTION('',(0.,1.,0.));
#4578 = DIRECTION('',(0.972799174228,-0.,0.231650095235));
#4579 = PCURVE('',#2653,#4580);
#4580 = DEFINITIONAL_REPRESENTATION('',(#4581),#4585);
#4581 = LINE('',#4582,#4583);
#4582 = CARTESIAN_POINT('',(0.,-0.23));
#4583 = VECTOR('',#4584,1.);
#4584 = DIRECTION('',(1.,0.));
#4585 = ( GEOMETRIC_REPRESENTATION_CONTEXT(2) 
PARAMETRIC_REPRESENTATION_CONTEXT() REPRESENTATION_CONTEXT('2D SPACE',''
  ) );
#4586 = PCURVE('',#4587,#4592);
#4587 = PLANE('',#4588);
#4588 = AXIS2_PLACEMENT_3D('',#4589,#4590,#4591);
#4589 = CARTESIAN_POINT('',(-94.10250594613,6.72,-23.95026170372));
#4590 = DIRECTION('',(0.,1.,0.));
#4591 = DIRECTION('',(0.972799174228,-0.,0.231650095235));
#4592 = DEFINITIONAL_REPRESENTATION('',(#4593),#4597);
#4593 = CIRCLE('',#4594,102.75250594613);
#4594 = AXIS2_PLACEMENT_2D('',#4595,#4596);
#4595 = CARTESIAN_POINT('',(0.,0.));
#4596 = DIRECTION('',(1.,-2.160965349511E-18));
#4597 = ( GEOMETRIC_REPRESENTATION_CONTEXT(2) 
PARAMETRIC_REPRESENTATION_CONTEXT() REPRESENTATION_CONTEXT('2D SPACE',''
  ) );
#4598 = ORIENTED_EDGE('',*,*,#4599,.T.);
#4599 = EDGE_CURVE('',#4571,#2634,#4600,.T.);
#4600 = SURFACE_CURVE('',#4601,(#4605,#4612),.PCURVE_S1.);
#4601 = LINE('',#4602,#4603);
#4602 = CARTESIAN_POINT('',(5.952250165484,6.95,-0.559595666711));
#4603 = VECTOR('',#4604,1.);
#4604 = DIRECTION('',(0.,1.,0.));
#4605 = PCURVE('',#2653,#4606);
#4606 = DEFINITIONAL_REPRESENTATION('',(#4607),#4611);
#4607 = LINE('',#4608,#4609);
#4608 = CARTESIAN_POINT('',(4.119358157676E-03,0.));
#4609 = VECTOR('',#4610,1.);
#4610 = DIRECTION('',(0.,1.));
#4611 = ( GEOMETRIC_REPRESENTATION_CONTEXT(2) 
PARAMETRIC_REPRESENTATION_CONTEXT() REPRESENTATION_CONTEXT('2D SPACE',''
  ) );
#4612 = PCURVE('',#2753,#4613);
#4613 = DEFINITIONAL_REPRESENTATION('',(#4614),#4618);
#4614 = LINE('',#4615,#4616);
#4615 = CARTESIAN_POINT('',(-3.35,0.));
#4616 = VECTOR('',#4617,1.);
#4617 = DIRECTION('',(0.,1.));
#4618 = ( GEOMETRIC_REPRESENTATION_CONTEXT(2) 
PARAMETRIC_REPRESENTATION_CONTEXT() REPRESENTATION_CONTEXT('2D SPACE',''
  ) );
#4619 = ORIENTED_EDGE('',*,*,#2631,.F.);
#4620 = ADVANCED_FACE('',(#4621),#2687,.T.);
#4621 = FACE_BOUND('',#4622,.T.);
#4622 = EDGE_LOOP('',(#4623,#4624,#4645,#4666));
#4623 = ORIENTED_EDGE('',*,*,#4433,.F.);
#4624 = ORIENTED_EDGE('',*,*,#4625,.F.);
#4625 = EDGE_CURVE('',#4626,#4434,#4628,.T.);
#4626 = VERTEX_POINT('',#4627);
#4627 = CARTESIAN_POINT('',(12.372801455401,6.75,1.404421722366));
#4628 = SURFACE_CURVE('',#4629,(#4633,#4639),.PCURVE_S1.);
#4629 = LINE('',#4630,#4631);
#4630 = CARTESIAN_POINT('',(-42.49429086219,6.75,-11.66093390019));
#4631 = VECTOR('',#4632,1.);
#4632 = DIRECTION('',(-0.972799174228,0.,-0.231650095235));
#4633 = PCURVE('',#2687,#4634);
#4634 = DEFINITIONAL_REPRESENTATION('',(#4635),#4638);
#4635 = B_SPLINE_CURVE_WITH_KNOTS('',1,(#4636,#4637),.UNSPECIFIED.,.F.,
  .F.,(2,2),(-56.40125297306,-49.70125297306),.PIECEWISE_BEZIER_KNOTS.);
#4636 = CARTESIAN_POINT('',(3.35,-0.2));
#4637 = CARTESIAN_POINT('',(-3.35,-0.2));
#4638 = ( GEOMETRIC_REPRESENTATION_CONTEXT(2) 
PARAMETRIC_REPRESENTATION_CONTEXT() REPRESENTATION_CONTEXT('2D SPACE',''
  ) );
#4639 = PCURVE('',#4473,#4640);
#4640 = DEFINITIONAL_REPRESENTATION('',(#4641),#4644);
#4641 = B_SPLINE_CURVE_WITH_KNOTS('',1,(#4642,#4643),.UNSPECIFIED.,.F.,
  .F.,(2,2),(-56.40125297306,-49.70125297306),.PIECEWISE_BEZIER_KNOTS.);
#4642 = CARTESIAN_POINT('',(109.4514821046,0.473416300759));
#4643 = CARTESIAN_POINT('',(102.7515447778,0.444436706481));
#4644 = ( GEOMETRIC_REPRESENTATION_CONTEXT(2) 
PARAMETRIC_REPRESENTATION_CONTEXT() REPRESENTATION_CONTEXT('2D SPACE',''
  ) );
#4645 = ORIENTED_EDGE('',*,*,#4646,.T.);
#4646 = EDGE_CURVE('',#4626,#2668,#4647,.T.);
#4647 = SURFACE_CURVE('',#4648,(#4652,#4659),.PCURVE_S1.);
#4648 = LINE('',#4649,#4650);
#4649 = CARTESIAN_POINT('',(12.372801455401,6.95,1.404421722365));
#4650 = VECTOR('',#4651,1.);
#4651 = DIRECTION('',(0.,1.,0.));
#4652 = PCURVE('',#2687,#4653);
#4653 = DEFINITIONAL_REPRESENTATION('',(#4654),#4658);
#4654 = LINE('',#4655,#4656);
#4655 = CARTESIAN_POINT('',(3.35,0.));
#4656 = VECTOR('',#4657,1.);
#4657 = DIRECTION('',(0.,1.));
#4658 = ( GEOMETRIC_REPRESENTATION_CONTEXT(2) 
PARAMETRIC_REPRESENTATION_CONTEXT() REPRESENTATION_CONTEXT('2D SPACE',''
  ) );
#4659 = PCURVE('',#2721,#4660);
#4660 = DEFINITIONAL_REPRESENTATION('',(#4661),#4665);
#4661 = LINE('',#4662,#4663);
#4662 = CARTESIAN_POINT('',(0.,0.));
#4663 = VECTOR('',#4664,1.);
#4664 = DIRECTION('',(0.,1.));
#4665 = ( GEOMETRIC_REPRESENTATION_CONTEXT(2) 
PARAMETRIC_REPRESENTATION_CONTEXT() REPRESENTATION_CONTEXT('2D SPACE',''
  ) );
#4666 = ORIENTED_EDGE('',*,*,#2667,.F.);
#4667 = ADVANCED_FACE('',(#4668),#2721,.T.);
#4668 = FACE_BOUND('',#4669,.T.);
#4669 = EDGE_LOOP('',(#4670,#4671,#4695,#4718,#4742,#4765,#4789,#4810));
#4670 = ORIENTED_EDGE('',*,*,#4646,.F.);
#4671 = ORIENTED_EDGE('',*,*,#4672,.F.);
#4672 = EDGE_CURVE('',#4673,#4626,#4675,.T.);
#4673 = VERTEX_POINT('',#4674);
#4674 = CARTESIAN_POINT('',(12.262138532051,6.75,1.864723535822));
#4675 = SURFACE_CURVE('',#4676,(#4681,#4688),.PCURVE_S1.);
#4676 = CIRCLE('',#4677,109.45250594613);
#4677 = AXIS2_PLACEMENT_3D('',#4678,#4679,#4680);
#4678 = CARTESIAN_POINT('',(-94.10250594613,6.75,-23.95026170372));
#4679 = DIRECTION('',(0.,1.,0.));
#4680 = DIRECTION('',(0.971788115391,-0.,0.235855588836));
#4681 = PCURVE('',#2721,#4682);
#4682 = DEFINITIONAL_REPRESENTATION('',(#4683),#4687);
#4683 = LINE('',#4684,#4685);
#4684 = CARTESIAN_POINT('',(-4.32532606556E-03,-0.2));
#4685 = VECTOR('',#4686,1.);
#4686 = DIRECTION('',(1.,0.));
#4687 = ( GEOMETRIC_REPRESENTATION_CONTEXT(2) 
PARAMETRIC_REPRESENTATION_CONTEXT() REPRESENTATION_CONTEXT('2D SPACE',''
  ) );
#4688 = PCURVE('',#4473,#4689);
#4689 = DEFINITIONAL_REPRESENTATION('',(#4690),#4694);
#4690 = CIRCLE('',#4691,109.45250594613);
#4691 = AXIS2_PLACEMENT_2D('',#4692,#4693);
#4692 = CARTESIAN_POINT('',(0.,0.));
#4693 = DIRECTION('',(1.,-1.217210714395E-17));
#4694 = ( GEOMETRIC_REPRESENTATION_CONTEXT(2) 
PARAMETRIC_REPRESENTATION_CONTEXT() REPRESENTATION_CONTEXT('2D SPACE',''
  ) );
#4695 = ORIENTED_EDGE('',*,*,#4696,.F.);
#4696 = EDGE_CURVE('',#4697,#4673,#4699,.T.);
#4697 = VERTEX_POINT('',#4698);
#4698 = CARTESIAN_POINT('',(12.262138532051,6.4,1.864723535822));
#4699 = SURFACE_CURVE('',#4700,(#4704,#4711),.PCURVE_S1.);
#4700 = LINE('',#4701,#4702);
#4701 = CARTESIAN_POINT('',(12.262138532051,6.575,1.864723535822));
#4702 = VECTOR('',#4703,1.);
#4703 = DIRECTION('',(0.,1.,0.));
#4704 = PCURVE('',#2721,#4705);
#4705 = DEFINITIONAL_REPRESENTATION('',(#4706),#4710);
#4706 = LINE('',#4707,#4708);
#4707 = CARTESIAN_POINT('',(-4.32532606556E-03,-0.375));
#4708 = VECTOR('',#4709,1.);
#4709 = DIRECTION('',(0.,1.));
#4710 = ( GEOMETRIC_REPRESENTATION_CONTEXT(2) 
PARAMETRIC_REPRESENTATION_CONTEXT() REPRESENTATION_CONTEXT('2D SPACE',''
  ) );
#4711 = PCURVE('',#4501,#4712);
#4712 = DEFINITIONAL_REPRESENTATION('',(#4713),#4717);
#4713 = LINE('',#4714,#4715);
#4714 = CARTESIAN_POINT('',(3.35,0.));
#4715 = VECTOR('',#4716,1.);
#4716 = DIRECTION('',(0.,1.));
#4717 = ( GEOMETRIC_REPRESENTATION_CONTEXT(2) 
PARAMETRIC_REPRESENTATION_CONTEXT() REPRESENTATION_CONTEXT('2D SPACE',''
  ) );
#4718 = ORIENTED_EDGE('',*,*,#4719,.T.);
#4719 = EDGE_CURVE('',#4697,#4720,#4722,.T.);
#4720 = VERTEX_POINT('',#4721);
#4721 = CARTESIAN_POINT('',(12.378021447975,6.4,1.382490688405));
#4722 = SURFACE_CURVE('',#4723,(#4728,#4735),.PCURVE_S1.);
#4723 = CIRCLE('',#4724,109.45250594613);
#4724 = AXIS2_PLACEMENT_3D('',#4725,#4726,#4727);
#4725 = CARTESIAN_POINT('',(-94.10250594613,6.4,-23.95026170372));
#4726 = DIRECTION('',(0.,1.,0.));
#4727 = DIRECTION('',(0.971788115391,-0.,0.235855588836));
#4728 = PCURVE('',#2721,#4729);
#4729 = DEFINITIONAL_REPRESENTATION('',(#4730),#4734);
#4730 = LINE('',#4731,#4732);
#4731 = CARTESIAN_POINT('',(-4.32532606556E-03,-0.55));
#4732 = VECTOR('',#4733,1.);
#4733 = DIRECTION('',(1.,0.));
#4734 = ( GEOMETRIC_REPRESENTATION_CONTEXT(2) 
PARAMETRIC_REPRESENTATION_CONTEXT() REPRESENTATION_CONTEXT('2D SPACE',''
  ) );
#4735 = PCURVE('',#4530,#4736);
#4736 = DEFINITIONAL_REPRESENTATION('',(#4737),#4741);
#4737 = CIRCLE('',#4738,109.45250594613);
#4738 = AXIS2_PLACEMENT_2D('',#4739,#4740);
#4739 = CARTESIAN_POINT('',(0.,0.));
#4740 = DIRECTION('',(1.,-1.217210714395E-17));
#4741 = ( GEOMETRIC_REPRESENTATION_CONTEXT(2) 
PARAMETRIC_REPRESENTATION_CONTEXT() REPRESENTATION_CONTEXT('2D SPACE',''
  ) );
#4742 = ORIENTED_EDGE('',*,*,#4743,.T.);
#4743 = EDGE_CURVE('',#4720,#4744,#4746,.T.);
#4744 = VERTEX_POINT('',#4745);
#4745 = CARTESIAN_POINT('',(12.378021447975,6.72,1.382490688405));
#4746 = SURFACE_CURVE('',#4747,(#4751,#4758),.PCURVE_S1.);
#4747 = LINE('',#4748,#4749);
#4748 = CARTESIAN_POINT('',(12.378021447975,6.575,1.382490688405));
#4749 = VECTOR('',#4750,1.);
#4750 = DIRECTION('',(0.,1.,0.));
#4751 = PCURVE('',#2721,#4752);
#4752 = DEFINITIONAL_REPRESENTATION('',(#4753),#4757);
#4753 = LINE('',#4754,#4755);
#4754 = CARTESIAN_POINT('',(2.059679078839E-04,-0.375));
#4755 = VECTOR('',#4756,1.);
#4756 = DIRECTION('',(0.,1.));
#4757 = ( GEOMETRIC_REPRESENTATION_CONTEXT(2) 
PARAMETRIC_REPRESENTATION_CONTEXT() REPRESENTATION_CONTEXT('2D SPACE',''
  ) );
#4758 = PCURVE('',#4558,#4759);
#4759 = DEFINITIONAL_REPRESENTATION('',(#4760),#4764);
#4760 = LINE('',#4761,#4762);
#4761 = CARTESIAN_POINT('',(3.35,0.));
#4762 = VECTOR('',#4763,1.);
#4763 = DIRECTION('',(0.,1.));
#4764 = ( GEOMETRIC_REPRESENTATION_CONTEXT(2) 
PARAMETRIC_REPRESENTATION_CONTEXT() REPRESENTATION_CONTEXT('2D SPACE',''
  ) );
#4765 = ORIENTED_EDGE('',*,*,#4766,.T.);
#4766 = EDGE_CURVE('',#4744,#4767,#4769,.T.);
#4767 = VERTEX_POINT('',#4768);
#4768 = CARTESIAN_POINT('',(12.476342787607,6.72,0.965597913776));
#4769 = SURFACE_CURVE('',#4770,(#4775,#4782),.PCURVE_S1.);
#4770 = CIRCLE('',#4771,109.45250594613);
#4771 = AXIS2_PLACEMENT_3D('',#4772,#4773,#4774);
#4772 = CARTESIAN_POINT('',(-94.10250594613,6.72,-23.95026170372));
#4773 = DIRECTION('',(0.,1.,0.));
#4774 = DIRECTION('',(0.972799174228,-0.,0.231650095235));
#4775 = PCURVE('',#2721,#4776);
#4776 = DEFINITIONAL_REPRESENTATION('',(#4777),#4781);
#4777 = LINE('',#4778,#4779);
#4778 = CARTESIAN_POINT('',(0.,-0.23));
#4779 = VECTOR('',#4780,1.);
#4780 = DIRECTION('',(1.,0.));
#4781 = ( GEOMETRIC_REPRESENTATION_CONTEXT(2) 
PARAMETRIC_REPRESENTATION_CONTEXT() REPRESENTATION_CONTEXT('2D SPACE',''
  ) );
#4782 = PCURVE('',#4587,#4783);
#4783 = DEFINITIONAL_REPRESENTATION('',(#4784),#4788);
#4784 = CIRCLE('',#4785,109.45250594613);
#4785 = AXIS2_PLACEMENT_2D('',#4786,#4787);
#4786 = CARTESIAN_POINT('',(0.,0.));
#4787 = DIRECTION('',(1.,4.057369047983E-18));
#4788 = ( GEOMETRIC_REPRESENTATION_CONTEXT(2) 
PARAMETRIC_REPRESENTATION_CONTEXT() REPRESENTATION_CONTEXT('2D SPACE',''
  ) );
#4789 = ORIENTED_EDGE('',*,*,#4790,.T.);
#4790 = EDGE_CURVE('',#4767,#2702,#4791,.T.);
#4791 = SURFACE_CURVE('',#4792,(#4796,#4803),.PCURVE_S1.);
#4792 = LINE('',#4793,#4794);
#4793 = CARTESIAN_POINT('',(12.476342787607,6.95,0.965597913776));
#4794 = VECTOR('',#4795,1.);
#4795 = DIRECTION('',(0.,1.,0.));
#4796 = PCURVE('',#2721,#4797);
#4797 = DEFINITIONAL_REPRESENTATION('',(#4798),#4802);
#4798 = LINE('',#4799,#4800);
#4799 = CARTESIAN_POINT('',(4.119358157676E-03,0.));
#4800 = VECTOR('',#4801,1.);
#4801 = DIRECTION('',(0.,1.));
#4802 = ( GEOMETRIC_REPRESENTATION_CONTEXT(2) 
PARAMETRIC_REPRESENTATION_CONTEXT() REPRESENTATION_CONTEXT('2D SPACE',''
  ) );
#4803 = PCURVE('',#2753,#4804);
#4804 = DEFINITIONAL_REPRESENTATION('',(#4805),#4809);
#4805 = LINE('',#4806,#4807);
#4806 = CARTESIAN_POINT('',(3.35,0.));
#4807 = VECTOR('',#4808,1.);
#4808 = DIRECTION('',(0.,1.));
#4809 = ( GEOMETRIC_REPRESENTATION_CONTEXT(2) 
PARAMETRIC_REPRESENTATION_CONTEXT() REPRESENTATION_CONTEXT('2D SPACE',''
  ) );
#4810 = ORIENTED_EDGE('',*,*,#2701,.F.);
#4811 = ADVANCED_FACE('',(#4812),#2753,.F.);
#4812 = FACE_BOUND('',#4813,.F.);
#4813 = EDGE_LOOP('',(#4814,#4815,#4836,#4837));
#4814 = ORIENTED_EDGE('',*,*,#4599,.F.);
#4815 = ORIENTED_EDGE('',*,*,#4816,.T.);
#4816 = EDGE_CURVE('',#4571,#4767,#4817,.T.);
#4817 = SURFACE_CURVE('',#4818,(#4822,#4829),.PCURVE_S1.);
#4818 = LINE('',#4819,#4820);
#4819 = CARTESIAN_POINT('',(9.214296476545,6.72,0.203001123532));
#4820 = VECTOR('',#4821,1.);
#4821 = DIRECTION('',(0.973745167481,0.,0.227640832908));
#4822 = PCURVE('',#2753,#4823);
#4823 = DEFINITIONAL_REPRESENTATION('',(#4824),#4828);
#4824 = LINE('',#4825,#4826);
#4825 = CARTESIAN_POINT('',(0.,-0.23));
#4826 = VECTOR('',#4827,1.);
#4827 = DIRECTION('',(1.,0.));
#4828 = ( GEOMETRIC_REPRESENTATION_CONTEXT(2) 
PARAMETRIC_REPRESENTATION_CONTEXT() REPRESENTATION_CONTEXT('2D SPACE',''
  ) );
#4829 = PCURVE('',#4587,#4830);
#4830 = DEFINITIONAL_REPRESENTATION('',(#4831),#4835);
#4831 = LINE('',#4832,#4833);
#4832 = CARTESIAN_POINT('',(106.10160571477,0.437072987293));
#4833 = VECTOR('',#4834,1.);
#4834 = DIRECTION('',(0.999991515456,4.119346507378E-03));
#4835 = ( GEOMETRIC_REPRESENTATION_CONTEXT(2) 
PARAMETRIC_REPRESENTATION_CONTEXT() REPRESENTATION_CONTEXT('2D SPACE',''
  ) );
#4836 = ORIENTED_EDGE('',*,*,#4790,.T.);
#4837 = ORIENTED_EDGE('',*,*,#2735,.F.);
#4838 = ADVANCED_FACE('',(#4839),#2926,.T.);
#4839 = FACE_BOUND('',#4840,.T.);
#4840 = EDGE_LOOP('',(#4841,#4842,#4865,#4892));
#4841 = ORIENTED_EDGE('',*,*,#2769,.F.);
#4842 = ORIENTED_EDGE('',*,*,#4843,.F.);
#4843 = EDGE_CURVE('',#4844,#2770,#4846,.T.);
#4844 = VERTEX_POINT('',#4845);
#4845 = CARTESIAN_POINT('',(12.047723579968,6.12,-31.60546501515));
#4846 = SEAM_CURVE('',#4847,(#4851,#4858),.PCURVE_S1.);
#4847 = LINE('',#4848,#4849);
#4848 = CARTESIAN_POINT('',(12.047723579968,6.12,-31.60546501515));
#4849 = VECTOR('',#4850,1.);
#4850 = DIRECTION('',(0.,1.,0.));
#4851 = PCURVE('',#2926,#4852);
#4852 = DEFINITIONAL_REPRESENTATION('',(#4853),#4857);
#4853 = LINE('',#4854,#4855);
#4854 = CARTESIAN_POINT('',(0.,-0.));
#4855 = VECTOR('',#4856,1.);
#4856 = DIRECTION('',(0.,1.));
#4857 = ( GEOMETRIC_REPRESENTATION_CONTEXT(2) 
PARAMETRIC_REPRESENTATION_CONTEXT() REPRESENTATION_CONTEXT('2D SPACE',''
  ) );
#4858 = PCURVE('',#2926,#4859);
#4859 = DEFINITIONAL_REPRESENTATION('',(#4860),#4864);
#4860 = LINE('',#4861,#4862);
#4861 = CARTESIAN_POINT('',(6.28318530718,-0.));
#4862 = VECTOR('',#4863,1.);
#4863 = DIRECTION('',(0.,1.));
#4864 = ( GEOMETRIC_REPRESENTATION_CONTEXT(2) 
PARAMETRIC_REPRESENTATION_CONTEXT() REPRESENTATION_CONTEXT('2D SPACE',''
  ) );
#4865 = ORIENTED_EDGE('',*,*,#4866,.T.);
#4866 = EDGE_CURVE('',#4844,#4844,#4867,.T.);
#4867 = SURFACE_CURVE('',#4868,(#4873,#4880),.PCURVE_S1.);
#4868 = CIRCLE('',#4869,1.);
#4869 = AXIS2_PLACEMENT_3D('',#4870,#4871,#4872);
#4870 = CARTESIAN_POINT('',(12.047723579968,6.12,-32.60546501515));
#4871 = DIRECTION('',(0.,1.,0.));
#4872 = DIRECTION('',(0.,-0.,1.));
#4873 = PCURVE('',#2926,#4874);
#4874 = DEFINITIONAL_REPRESENTATION('',(#4875),#4879);
#4875 = LINE('',#4876,#4877);
#4876 = CARTESIAN_POINT('',(0.,0.));
#4877 = VECTOR('',#4878,1.);
#4878 = DIRECTION('',(1.,0.));
#4879 = ( GEOMETRIC_REPRESENTATION_CONTEXT(2) 
PARAMETRIC_REPRESENTATION_CONTEXT() REPRESENTATION_CONTEXT('2D SPACE',''
  ) );
#4880 = PCURVE('',#4881,#4886);
#4881 = PLANE('',#4882);
#4882 = AXIS2_PLACEMENT_3D('',#4883,#4884,#4885);
#4883 = CARTESIAN_POINT('',(12.047723579968,6.12,-32.60546501515));
#4884 = DIRECTION('',(0.,1.,0.));
#4885 = DIRECTION('',(0.,-0.,1.));
#4886 = DEFINITIONAL_REPRESENTATION('',(#4887),#4891);
#4887 = CIRCLE('',#4888,1.);
#4888 = AXIS2_PLACEMENT_2D('',#4889,#4890);
#4889 = CARTESIAN_POINT('',(0.,0.));
#4890 = DIRECTION('',(1.,0.));
#4891 = ( GEOMETRIC_REPRESENTATION_CONTEXT(2) 
PARAMETRIC_REPRESENTATION_CONTEXT() REPRESENTATION_CONTEXT('2D SPACE',''
  ) );
#4892 = ORIENTED_EDGE('',*,*,#4843,.T.);
#4893 = ADVANCED_FACE('',(#4894),#3181,.T.);
#4894 = FACE_BOUND('',#4895,.T.);
#4895 = EDGE_LOOP('',(#4896,#4919,#4920,#4921,#4950,#4976,#5005,#5026));
#4896 = ORIENTED_EDGE('',*,*,#4897,.T.);
#4897 = EDGE_CURVE('',#4898,#3029,#4900,.T.);
#4898 = VERTEX_POINT('',#4899);
#4899 = CARTESIAN_POINT('',(8.892134725503,5.12,-21.67738146438));
#4900 = SEAM_CURVE('',#4901,(#4905,#4912),.PCURVE_S1.);
#4901 = LINE('',#4902,#4903);
#4902 = CARTESIAN_POINT('',(8.892134725503,5.12,-21.67738146438));
#4903 = VECTOR('',#4904,1.);
#4904 = DIRECTION('',(0.,1.,0.));
#4905 = PCURVE('',#3181,#4906);
#4906 = DEFINITIONAL_REPRESENTATION('',(#4907),#4911);
#4907 = LINE('',#4908,#4909);
#4908 = CARTESIAN_POINT('',(6.28318530718,-0.));
#4909 = VECTOR('',#4910,1.);
#4910 = DIRECTION('',(0.,1.));
#4911 = ( GEOMETRIC_REPRESENTATION_CONTEXT(2) 
PARAMETRIC_REPRESENTATION_CONTEXT() REPRESENTATION_CONTEXT('2D SPACE',''
  ) );
#4912 = PCURVE('',#3181,#4913);
#4913 = DEFINITIONAL_REPRESENTATION('',(#4914),#4918);
#4914 = LINE('',#4915,#4916);
#4915 = CARTESIAN_POINT('',(0.,-0.));
#4916 = VECTOR('',#4917,1.);
#4917 = DIRECTION('',(0.,1.));
#4918 = ( GEOMETRIC_REPRESENTATION_CONTEXT(2) 
PARAMETRIC_REPRESENTATION_CONTEXT() REPRESENTATION_CONTEXT('2D SPACE',''
  ) );
#4919 = ORIENTED_EDGE('',*,*,#3028,.F.);
#4920 = ORIENTED_EDGE('',*,*,#4897,.F.);
#4921 = ORIENTED_EDGE('',*,*,#4922,.T.);
#4922 = EDGE_CURVE('',#4898,#4923,#4925,.T.);
#4923 = VERTEX_POINT('',#4924);
#4924 = CARTESIAN_POINT('',(9.858755449206,5.12,-22.42116987895));
#4925 = SURFACE_CURVE('',#4926,(#4931,#4938),.PCURVE_S1.);
#4926 = CIRCLE('',#4927,1.);
#4927 = AXIS2_PLACEMENT_3D('',#4928,#4929,#4930);
#4928 = CARTESIAN_POINT('',(8.892134725503,5.12,-22.67738146438));
#4929 = DIRECTION('',(0.,1.,0.));
#4930 = DIRECTION('',(0.,-0.,1.));
#4931 = PCURVE('',#3181,#4932);
#4932 = DEFINITIONAL_REPRESENTATION('',(#4933),#4937);
#4933 = LINE('',#4934,#4935);
#4934 = CARTESIAN_POINT('',(0.,0.));
#4935 = VECTOR('',#4936,1.);
#4936 = DIRECTION('',(1.,0.));
#4937 = ( GEOMETRIC_REPRESENTATION_CONTEXT(2) 
PARAMETRIC_REPRESENTATION_CONTEXT() REPRESENTATION_CONTEXT('2D SPACE',''
  ) );
#4938 = PCURVE('',#4939,#4944);
#4939 = PLANE('',#4940);
#4940 = AXIS2_PLACEMENT_3D('',#4941,#4942,#4943);
#4941 = CARTESIAN_POINT('',(8.892134725503,5.12,-22.67738146438));
#4942 = DIRECTION('',(0.,1.,0.));
#4943 = DIRECTION('',(0.,-0.,1.));
#4944 = DEFINITIONAL_REPRESENTATION('',(#4945),#4949);
#4945 = CIRCLE('',#4946,1.);
#4946 = AXIS2_PLACEMENT_2D('',#4947,#4948);
#4947 = CARTESIAN_POINT('',(0.,0.));
#4948 = DIRECTION('',(1.,0.));
#4949 = ( GEOMETRIC_REPRESENTATION_CONTEXT(2) 
PARAMETRIC_REPRESENTATION_CONTEXT() REPRESENTATION_CONTEXT('2D SPACE',''
  ) );
#4950 = ORIENTED_EDGE('',*,*,#4951,.T.);
#4951 = EDGE_CURVE('',#4923,#4952,#4954,.T.);
#4952 = VERTEX_POINT('',#4953);
#4953 = CARTESIAN_POINT('',(9.858755449206,6.14,-22.42116987895));
#4954 = SURFACE_CURVE('',#4955,(#4959,#4965),.PCURVE_S1.);
#4955 = LINE('',#4956,#4957);
#4956 = CARTESIAN_POINT('',(9.858755449206,5.12,-22.42116987895));
#4957 = VECTOR('',#4958,1.);
#4958 = DIRECTION('',(0.,1.,0.));
#4959 = PCURVE('',#3181,#4960);
#4960 = DEFINITIONAL_REPRESENTATION('',(#4961),#4964);
#4961 = B_SPLINE_CURVE_WITH_KNOTS('',1,(#4962,#4963),.UNSPECIFIED.,.F.,
  .F.,(2,2),(-5.999999999062E-07,1.0200006),.PIECEWISE_BEZIER_KNOTS.);
#4962 = CARTESIAN_POINT('',(1.311695407596,-5.999999999062E-07));
#4963 = CARTESIAN_POINT('',(1.311695407596,1.0200006));
#4964 = ( GEOMETRIC_REPRESENTATION_CONTEXT(2) 
PARAMETRIC_REPRESENTATION_CONTEXT() REPRESENTATION_CONTEXT('2D SPACE',''
  ) );
#4965 = PCURVE('',#4966,#4971);
#4966 = CYLINDRICAL_SURFACE('',#4967,103.97250594613);
#4967 = AXIS2_PLACEMENT_3D('',#4968,#4969,#4970);
#4968 = CARTESIAN_POINT('',(-94.10250594613,5.42,-23.95026170372));
#4969 = DIRECTION('',(0.,1.,0.));
#4970 = DIRECTION('',(0.99956324156,-0.,2.95520916544E-02));
#4971 = DEFINITIONAL_REPRESENTATION('',(#4972),#4975);
#4972 = B_SPLINE_CURVE_WITH_KNOTS('',1,(#4973,#4974),.UNSPECIFIED.,.F.,
  .F.,(2,2),(-5.999999999062E-07,1.0200006),.PIECEWISE_BEZIER_KNOTS.);
#4973 = CARTESIAN_POINT('',(1.484917062981E-02,-0.3000006));
#4974 = CARTESIAN_POINT('',(1.484917062981E-02,0.7200006));
#4975 = ( GEOMETRIC_REPRESENTATION_CONTEXT(2) 
PARAMETRIC_REPRESENTATION_CONTEXT() REPRESENTATION_CONTEXT('2D SPACE',''
  ) );
#4976 = ORIENTED_EDGE('',*,*,#4977,.T.);
#4977 = EDGE_CURVE('',#4952,#4978,#4980,.T.);
#4978 = VERTEX_POINT('',#4979);
#4979 = CARTESIAN_POINT('',(9.864792134706,6.14,-22.90962608611));
#4980 = SURFACE_CURVE('',#4981,(#4986,#4993),.PCURVE_S1.);
#4981 = CIRCLE('',#4982,1.);
#4982 = AXIS2_PLACEMENT_3D('',#4983,#4984,#4985);
#4983 = CARTESIAN_POINT('',(8.892134725503,6.14,-22.67738146438));
#4984 = DIRECTION('',(0.,1.,0.));
#4985 = DIRECTION('',(0.,-0.,1.));
#4986 = PCURVE('',#3181,#4987);
#4987 = DEFINITIONAL_REPRESENTATION('',(#4988),#4992);
#4988 = LINE('',#4989,#4990);
#4989 = CARTESIAN_POINT('',(0.,1.02));
#4990 = VECTOR('',#4991,1.);
#4991 = DIRECTION('',(1.,0.));
#4992 = ( GEOMETRIC_REPRESENTATION_CONTEXT(2) 
PARAMETRIC_REPRESENTATION_CONTEXT() REPRESENTATION_CONTEXT('2D SPACE',''
  ) );
#4993 = PCURVE('',#4994,#4999);
#4994 = PLANE('',#4995);
#4995 = AXIS2_PLACEMENT_3D('',#4996,#4997,#4998);
#4996 = CARTESIAN_POINT('',(-94.10250594613,6.14,-23.95026170372));
#4997 = DIRECTION('',(0.,1.,0.));
#4998 = DIRECTION('',(0.99956324156,-0.,2.95520916544E-02));
#4999 = DEFINITIONAL_REPRESENTATION('',(#5000),#5004);
#5000 = CIRCLE('',#5001,1.);
#5001 = AXIS2_PLACEMENT_2D('',#5002,#5003);
#5002 = CARTESIAN_POINT('',(102.98727316659,1.771382762884));
#5003 = DIRECTION('',(2.95520916544E-02,-0.99956324156));
#5004 = ( GEOMETRIC_REPRESENTATION_CONTEXT(2) 
PARAMETRIC_REPRESENTATION_CONTEXT() REPRESENTATION_CONTEXT('2D SPACE',''
  ) );
#5005 = ORIENTED_EDGE('',*,*,#5006,.F.);
#5006 = EDGE_CURVE('',#5007,#4978,#5009,.T.);
#5007 = VERTEX_POINT('',#5008);
#5008 = CARTESIAN_POINT('',(9.864792134706,5.12,-22.90962608611));
#5009 = SURFACE_CURVE('',#5010,(#5014,#5020),.PCURVE_S1.);
#5010 = LINE('',#5011,#5012);
#5011 = CARTESIAN_POINT('',(9.864792134706,5.12,-22.90962608611));
#5012 = VECTOR('',#5013,1.);
#5013 = DIRECTION('',(0.,1.,0.));
#5014 = PCURVE('',#3181,#5015);
#5015 = DEFINITIONAL_REPRESENTATION('',(#5016),#5019);
#5016 = B_SPLINE_CURVE_WITH_KNOTS('',1,(#5017,#5018),.UNSPECIFIED.,.F.,
  .F.,(2,2),(-5.999999999062E-07,1.0200006),.PIECEWISE_BEZIER_KNOTS.);
#5017 = CARTESIAN_POINT('',(1.805181097047,-5.999999999062E-07));
#5018 = CARTESIAN_POINT('',(1.805181097047,1.0200006));
#5019 = ( GEOMETRIC_REPRESENTATION_CONTEXT(2) 
PARAMETRIC_REPRESENTATION_CONTEXT() REPRESENTATION_CONTEXT('2D SPACE',''
  ) );
#5020 = PCURVE('',#4966,#5021);
#5021 = DEFINITIONAL_REPRESENTATION('',(#5022),#5025);
#5022 = B_SPLINE_CURVE_WITH_KNOTS('',1,(#5023,#5024),.UNSPECIFIED.,.F.,
  .F.,(2,2),(-5.999999999062E-07,1.0200006),.PIECEWISE_BEZIER_KNOTS.);
#5023 = CARTESIAN_POINT('',(1.954746998679E-02,-0.3000006));
#5024 = CARTESIAN_POINT('',(1.954746998679E-02,0.7200006));
#5025 = ( GEOMETRIC_REPRESENTATION_CONTEXT(2) 
PARAMETRIC_REPRESENTATION_CONTEXT() REPRESENTATION_CONTEXT('2D SPACE',''
  ) );
#5026 = ORIENTED_EDGE('',*,*,#5027,.T.);
#5027 = EDGE_CURVE('',#5007,#4898,#5028,.T.);
#5028 = SURFACE_CURVE('',#5029,(#5034,#5041),.PCURVE_S1.);
#5029 = CIRCLE('',#5030,1.);
#5030 = AXIS2_PLACEMENT_3D('',#5031,#5032,#5033);
#5031 = CARTESIAN_POINT('',(8.892134725503,5.12,-22.67738146438));
#5032 = DIRECTION('',(0.,1.,0.));
#5033 = DIRECTION('',(0.,-0.,1.));
#5034 = PCURVE('',#3181,#5035);
#5035 = DEFINITIONAL_REPRESENTATION('',(#5036),#5040);
#5036 = LINE('',#5037,#5038);
#5037 = CARTESIAN_POINT('',(0.,0.));
#5038 = VECTOR('',#5039,1.);
#5039 = DIRECTION('',(1.,0.));
#5040 = ( GEOMETRIC_REPRESENTATION_CONTEXT(2) 
PARAMETRIC_REPRESENTATION_CONTEXT() REPRESENTATION_CONTEXT('2D SPACE',''
  ) );
#5041 = PCURVE('',#4939,#5042);
#5042 = DEFINITIONAL_REPRESENTATION('',(#5043),#5047);
#5043 = CIRCLE('',#5044,1.);
#5044 = AXIS2_PLACEMENT_2D('',#5045,#5046);
#5045 = CARTESIAN_POINT('',(0.,0.));
#5046 = DIRECTION('',(1.,0.));
#5047 = ( GEOMETRIC_REPRESENTATION_CONTEXT(2) 
PARAMETRIC_REPRESENTATION_CONTEXT() REPRESENTATION_CONTEXT('2D SPACE',''
  ) );
#5048 = ADVANCED_FACE('',(#5049),#4473,.T.);
#5049 = FACE_BOUND('',#5050,.F.);
#5050 = EDGE_LOOP('',(#5051,#5072,#5073,#5074));
#5051 = ORIENTED_EDGE('',*,*,#5052,.F.);
#5052 = EDGE_CURVE('',#4457,#4673,#5053,.T.);
#5053 = SURFACE_CURVE('',#5054,(#5058,#5065),.PCURVE_S1.);
#5054 = LINE('',#5055,#5056);
#5055 = CARTESIAN_POINT('',(9.006648345492,6.75,1.07460731322));
#5056 = VECTOR('',#5057,1.);
#5057 = DIRECTION('',(0.971788115391,0.,0.235855588836));
#5058 = PCURVE('',#4473,#5059);
#5059 = DEFINITIONAL_REPRESENTATION('',(#5060),#5064);
#5060 = LINE('',#5061,#5062);
#5061 = CARTESIAN_POINT('',(106.10250594613,-1.110223024625E-15));
#5062 = VECTOR('',#5063,1.);
#5063 = DIRECTION('',(1.,1.958492066229E-17));
#5064 = ( GEOMETRIC_REPRESENTATION_CONTEXT(2) 
PARAMETRIC_REPRESENTATION_CONTEXT() REPRESENTATION_CONTEXT('2D SPACE',''
  ) );
#5065 = PCURVE('',#4501,#5066);
#5066 = DEFINITIONAL_REPRESENTATION('',(#5067),#5071);
#5067 = LINE('',#5068,#5069);
#5068 = CARTESIAN_POINT('',(0.,0.175));
#5069 = VECTOR('',#5070,1.);
#5070 = DIRECTION('',(1.,0.));
#5071 = ( GEOMETRIC_REPRESENTATION_CONTEXT(2) 
PARAMETRIC_REPRESENTATION_CONTEXT() REPRESENTATION_CONTEXT('2D SPACE',''
  ) );
#5072 = ORIENTED_EDGE('',*,*,#4456,.T.);
#5073 = ORIENTED_EDGE('',*,*,#4625,.F.);
#5074 = ORIENTED_EDGE('',*,*,#4672,.F.);
#5075 = ADVANCED_FACE('',(#5076),#4501,.T.);
#5076 = FACE_BOUND('',#5077,.T.);
#5077 = EDGE_LOOP('',(#5078,#5079,#5100,#5101));
#5078 = ORIENTED_EDGE('',*,*,#4485,.F.);
#5079 = ORIENTED_EDGE('',*,*,#5080,.T.);
#5080 = EDGE_CURVE('',#4486,#4697,#5081,.T.);
#5081 = SURFACE_CURVE('',#5082,(#5086,#5093),.PCURVE_S1.);
#5082 = LINE('',#5083,#5084);
#5083 = CARTESIAN_POINT('',(9.006648345492,6.4,1.07460731322));
#5084 = VECTOR('',#5085,1.);
#5085 = DIRECTION('',(0.971788115391,0.,0.235855588836));
#5086 = PCURVE('',#4501,#5087);
#5087 = DEFINITIONAL_REPRESENTATION('',(#5088),#5092);
#5088 = LINE('',#5089,#5090);
#5089 = CARTESIAN_POINT('',(0.,-0.175));
#5090 = VECTOR('',#5091,1.);
#5091 = DIRECTION('',(1.,0.));
#5092 = ( GEOMETRIC_REPRESENTATION_CONTEXT(2) 
PARAMETRIC_REPRESENTATION_CONTEXT() REPRESENTATION_CONTEXT('2D SPACE',''
  ) );
#5093 = PCURVE('',#4530,#5094);
#5094 = DEFINITIONAL_REPRESENTATION('',(#5095),#5099);
#5095 = LINE('',#5096,#5097);
#5096 = CARTESIAN_POINT('',(106.10250594613,-1.110223024625E-15));
#5097 = VECTOR('',#5098,1.);
#5098 = DIRECTION('',(1.,1.958492066229E-17));
#5099 = ( GEOMETRIC_REPRESENTATION_CONTEXT(2) 
PARAMETRIC_REPRESENTATION_CONTEXT() REPRESENTATION_CONTEXT('2D SPACE',''
  ) );
#5100 = ORIENTED_EDGE('',*,*,#4696,.T.);
#5101 = ORIENTED_EDGE('',*,*,#5052,.F.);
#5102 = ADVANCED_FACE('',(#5103),#4530,.F.);
#5103 = FACE_BOUND('',#5104,.T.);
#5104 = EDGE_LOOP('',(#5105,#5106,#5127,#5128));
#5105 = ORIENTED_EDGE('',*,*,#4513,.T.);
#5106 = ORIENTED_EDGE('',*,*,#5107,.T.);
#5107 = EDGE_CURVE('',#4514,#4720,#5108,.T.);
#5108 = SURFACE_CURVE('',#5109,(#5113,#5120),.PCURVE_S1.);
#5109 = LINE('',#5110,#5111);
#5110 = CARTESIAN_POINT('',(9.118984446613,6.4,0.607134109951));
#5111 = VECTOR('',#5112,1.);
#5112 = DIRECTION('',(0.972846866078,0.,0.231449724912));
#5113 = PCURVE('',#4530,#5114);
#5114 = DEFINITIONAL_REPRESENTATION('',(#5115),#5119);
#5115 = LINE('',#5116,#5117);
#5116 = CARTESIAN_POINT('',(106.10141666651,0.480780000478));
#5117 = VECTOR('',#5118,1.);
#5118 = DIRECTION('',(0.999989733705,4.5312784669E-03));
#5119 = ( GEOMETRIC_REPRESENTATION_CONTEXT(2) 
PARAMETRIC_REPRESENTATION_CONTEXT() REPRESENTATION_CONTEXT('2D SPACE',''
  ) );
#5120 = PCURVE('',#4558,#5121);
#5121 = DEFINITIONAL_REPRESENTATION('',(#5122),#5126);
#5122 = LINE('',#5123,#5124);
#5123 = CARTESIAN_POINT('',(0.,-0.175));
#5124 = VECTOR('',#5125,1.);
#5125 = DIRECTION('',(1.,0.));
#5126 = ( GEOMETRIC_REPRESENTATION_CONTEXT(2) 
PARAMETRIC_REPRESENTATION_CONTEXT() REPRESENTATION_CONTEXT('2D SPACE',''
  ) );
#5127 = ORIENTED_EDGE('',*,*,#4719,.F.);
#5128 = ORIENTED_EDGE('',*,*,#5080,.F.);
#5129 = ADVANCED_FACE('',(#5130),#4558,.F.);
#5130 = FACE_BOUND('',#5131,.F.);
#5131 = EDGE_LOOP('',(#5132,#5133,#5134,#5135));
#5132 = ORIENTED_EDGE('',*,*,#4542,.F.);
#5133 = ORIENTED_EDGE('',*,*,#5107,.T.);
#5134 = ORIENTED_EDGE('',*,*,#4743,.T.);
#5135 = ORIENTED_EDGE('',*,*,#5136,.F.);
#5136 = EDGE_CURVE('',#4543,#4744,#5137,.T.);
#5137 = SURFACE_CURVE('',#5138,(#5142,#5148),.PCURVE_S1.);
#5138 = LINE('',#5139,#5140);
#5139 = CARTESIAN_POINT('',(-42.49176074976,6.72,-11.67156379688));
#5140 = VECTOR('',#5141,1.);
#5141 = DIRECTION('',(0.972846866078,-0.,0.231449724912));
#5142 = PCURVE('',#4558,#5143);
#5143 = DEFINITIONAL_REPRESENTATION('',(#5144),#5147);
#5144 = B_SPLINE_CURVE_WITH_KNOTS('',1,(#5145,#5146),.UNSPECIFIED.,.F.,
  .F.,(2,2),(49.701252973068,56.401252973068),.PIECEWISE_BEZIER_KNOTS.);
#5145 = CARTESIAN_POINT('',(-3.35,0.145));
#5146 = CARTESIAN_POINT('',(3.35,0.145));
#5147 = ( GEOMETRIC_REPRESENTATION_CONTEXT(2) 
PARAMETRIC_REPRESENTATION_CONTEXT() REPRESENTATION_CONTEXT('2D SPACE',''
  ) );
#5148 = PCURVE('',#4587,#5149);
#5149 = DEFINITIONAL_REPRESENTATION('',(#5150),#5153);
#5150 = B_SPLINE_CURVE_WITH_KNOTS('',1,(#5151,#5152),.UNSPECIFIED.,.F.,
  .F.,(2,2),(49.701252973068,56.401252973068),.PIECEWISE_BEZIER_KNOTS.);
#5151 = CARTESIAN_POINT('',(102.75250376661,2.116371852991E-02));
#5152 = CARTESIAN_POINT('',(109.45250362449,2.254370350297E-02));
#5153 = ( GEOMETRIC_REPRESENTATION_CONTEXT(2) 
PARAMETRIC_REPRESENTATION_CONTEXT() REPRESENTATION_CONTEXT('2D SPACE',''
  ) );
#5154 = ADVANCED_FACE('',(#5155),#4587,.F.);
#5155 = FACE_BOUND('',#5156,.T.);
#5156 = EDGE_LOOP('',(#5157,#5158,#5159,#5160));
#5157 = ORIENTED_EDGE('',*,*,#5136,.F.);
#5158 = ORIENTED_EDGE('',*,*,#4570,.T.);
#5159 = ORIENTED_EDGE('',*,*,#4816,.T.);
#5160 = ORIENTED_EDGE('',*,*,#4766,.F.);
#5161 = ADVANCED_FACE('',(#5162),#4881,.F.);
#5162 = FACE_BOUND('',#5163,.T.);
#5163 = EDGE_LOOP('',(#5164));
#5164 = ORIENTED_EDGE('',*,*,#4866,.F.);
#5165 = ADVANCED_FACE('',(#5166),#4939,.F.);
#5166 = FACE_BOUND('',#5167,.F.);
#5167 = EDGE_LOOP('',(#5168,#5169,#5170));
#5168 = ORIENTED_EDGE('',*,*,#5027,.T.);
#5169 = ORIENTED_EDGE('',*,*,#4922,.T.);
#5170 = ORIENTED_EDGE('',*,*,#5171,.T.);
#5171 = EDGE_CURVE('',#4923,#5007,#5172,.T.);
#5172 = SURFACE_CURVE('',#5173,(#5178,#5185),.PCURVE_S1.);
#5173 = CIRCLE('',#5174,103.97250594613);
#5174 = AXIS2_PLACEMENT_3D('',#5175,#5176,#5177);
#5175 = CARTESIAN_POINT('',(-94.10250594613,5.12,-23.95026170372));
#5176 = DIRECTION('',(0.,1.,0.));
#5177 = DIRECTION('',(0.99956324156,-0.,2.95520916544E-02));
#5178 = PCURVE('',#4939,#5179);
#5179 = DEFINITIONAL_REPRESENTATION('',(#5180),#5184);
#5180 = CIRCLE('',#5181,103.97250594613);
#5181 = AXIS2_PLACEMENT_2D('',#5182,#5183);
#5182 = CARTESIAN_POINT('',(-1.272880239343,-102.9946406716));
#5183 = DIRECTION('',(2.95520916544E-02,0.99956324156));
#5184 = ( GEOMETRIC_REPRESENTATION_CONTEXT(2) 
PARAMETRIC_REPRESENTATION_CONTEXT() REPRESENTATION_CONTEXT('2D SPACE',''
  ) );
#5185 = PCURVE('',#4966,#5186);
#5186 = DEFINITIONAL_REPRESENTATION('',(#5187),#5191);
#5187 = LINE('',#5188,#5189);
#5188 = CARTESIAN_POINT('',(-6.807593971342E-19,-0.3));
#5189 = VECTOR('',#5190,1.);
#5190 = DIRECTION('',(1.,0.));
#5191 = ( GEOMETRIC_REPRESENTATION_CONTEXT(2) 
PARAMETRIC_REPRESENTATION_CONTEXT() REPRESENTATION_CONTEXT('2D SPACE',''
  ) );
#5192 = ADVANCED_FACE('',(#5193),#4966,.T.);
#5193 = FACE_BOUND('',#5194,.T.);
#5194 = EDGE_LOOP('',(#5195,#5217,#5218,#5219));
#5195 = ORIENTED_EDGE('',*,*,#5196,.F.);
#5196 = EDGE_CURVE('',#4952,#4978,#5197,.T.);
#5197 = SURFACE_CURVE('',#5198,(#5203,#5210),.PCURVE_S1.);
#5198 = CIRCLE('',#5199,103.97250594613);
#5199 = AXIS2_PLACEMENT_3D('',#5200,#5201,#5202);
#5200 = CARTESIAN_POINT('',(-94.10250594613,6.14,-23.95026170372));
#5201 = DIRECTION('',(0.,1.,0.));
#5202 = DIRECTION('',(0.99956324156,-0.,2.95520916544E-02));
#5203 = PCURVE('',#4966,#5204);
#5204 = DEFINITIONAL_REPRESENTATION('',(#5205),#5209);
#5205 = LINE('',#5206,#5207);
#5206 = CARTESIAN_POINT('',(0.,0.72));
#5207 = VECTOR('',#5208,1.);
#5208 = DIRECTION('',(1.,0.));
#5209 = ( GEOMETRIC_REPRESENTATION_CONTEXT(2) 
PARAMETRIC_REPRESENTATION_CONTEXT() REPRESENTATION_CONTEXT('2D SPACE',''
  ) );
#5210 = PCURVE('',#4994,#5211);
#5211 = DEFINITIONAL_REPRESENTATION('',(#5212),#5216);
#5212 = CIRCLE('',#5213,103.97250594613);
#5213 = AXIS2_PLACEMENT_2D('',#5214,#5215);
#5214 = CARTESIAN_POINT('',(0.,0.));
#5215 = DIRECTION('',(1.,-0.));
#5216 = ( GEOMETRIC_REPRESENTATION_CONTEXT(2) 
PARAMETRIC_REPRESENTATION_CONTEXT() REPRESENTATION_CONTEXT('2D SPACE',''
  ) );
#5217 = ORIENTED_EDGE('',*,*,#4951,.F.);
#5218 = ORIENTED_EDGE('',*,*,#5171,.T.);
#5219 = ORIENTED_EDGE('',*,*,#5006,.T.);
#5220 = ADVANCED_FACE('',(#5221),#4994,.F.);
#5221 = FACE_BOUND('',#5222,.T.);
#5222 = EDGE_LOOP('',(#5223,#5224));
#5223 = ORIENTED_EDGE('',*,*,#4977,.F.);
#5224 = ORIENTED_EDGE('',*,*,#5196,.T.);
#5225 = ( GEOMETRIC_REPRESENTATION_CONTEXT(3) 
GLOBAL_UNCERTAINTY_ASSIGNED_CONTEXT((#5229)) 
GLOBAL_UNIT_ASSIGNED_CONTEXT((#5226,#5227,#5228)) REPRESENTATION_CONTEXT
('Context #1','3D Context with UNIT and UNCERTAINTY') );
#5226 = ( LENGTH_UNIT() NAMED_UNIT(*) SI_UNIT(.MILLI.,.METRE.) );
#5227 = ( NAMED_UNIT(*) PLANE_ANGLE_UNIT() SI_UNIT($,.RADIAN.) );
#5228 = ( NAMED_UNIT(*) SI_UNIT($,.STERADIAN.) SOLID_ANGLE_UNIT() );
#5229 = UNCERTAINTY_MEASURE_WITH_UNIT(LENGTH_MEASURE(5.E-07),#5226,
  'distance_accuracy_value','confusion accuracy');
#5230 = CONTEXT_DEPENDENT_SHAPE_REPRESENTATION(#5231,#5233);
#5231 = ( REPRESENTATION_RELATIONSHIP('','',#32,#10) 
REPRESENTATION_RELATIONSHIP_WITH_TRANSFORMATION(#5232) 
SHAPE_REPRESENTATION_RELATIONSHIP() );
#5232 = ITEM_DEFINED_TRANSFORMATION('','',#11,#15);
#5233 = PRODUCT_DEFINITION_SHAPE('Placement','Placement of an item',
  #5234);
#5234 = NEXT_ASSEMBLY_USAGE_OCCURRENCE('1','lid','',#5,#27,$);
#5235 = PRODUCT_RELATED_PRODUCT_CATEGORY('part',$,(#29));
ENDSEC;
END-ISO-10303-21;
