ISO-10303-21;
HEADER;
FILE_DESCRIPTION(('KiCad electronic assembly'),'2;1');
FILE_NAME('elicio-v4.step','2026-09-23T22:29:20',('Pcbnew'),('Kicad'),
  'Open CASCADE STEP processor 7.9','KiCad to STEP converter','Unknown'
  );
FILE_SCHEMA(('AUTOMOTIVE_DESIGN { 1 0 10303 214 1 1 1 1 }'));
ENDSEC;
DATA;
#1 = APPLICATION_PROTOCOL_DEFINITION('international standard',
  'automotive_design',2000,#2);
#2 = APPLICATION_CONTEXT(
  'core data for automotive mechanical design processes');
#3 = SHAPE_DEFINITION_REPRESENTATION(#4,#10);
#4 = PRODUCT_DEFINITION_SHAPE('','',#5);
#5 = PRODUCT_DEFINITION('design','',#6,#9);
#6 = PRODUCT_DEFINITION_FORMATION('','',#7);
#7 = PRODUCT('elicio-v4 1','elicio-v4 1','',(#8));
#8 = PRODUCT_CONTEXT('',#2,'mechanical');
#9 = PRODUCT_DEFINITION_CONTEXT('part definition',#2,'design');
#10 = SHAPE_REPRESENTATION('',(#11,#15,#19,#23,#27,#31,#35,#39,#43,#47,
    #51,#55,#59,#63,#67,#71,#75,#79,#83,#87,#91,#95,#99,#103,#107,#111,
    #115,#119,#123,#127,#131,#135,#139,#143,#147,#151,#155,#159,#163,
    #167,#171,#175,#179,#183,#187,#191,#195,#199,#203),#207);
#11 = AXIS2_PLACEMENT_3D('',#12,#13,#14);
#12 = CARTESIAN_POINT('',(0.,0.,0.));
#13 = DIRECTION('',(0.,0.,1.));
#14 = DIRECTION('',(1.,0.,-0.));
#15 = AXIS2_PLACEMENT_3D('',#16,#17,#18);
#16 = CARTESIAN_POINT('',(8.78,-22.66,0.105));
#17 = DIRECTION('',(0.,-0.,1.));
#18 = DIRECTION('',(1.110223024625E-16,1.,0.));
#19 = AXIS2_PLACEMENT_3D('',#20,#21,#22);
#20 = CARTESIAN_POINT('',(10.2,-18.5,0.105));
#21 = DIRECTION('',(0.,-0.,1.));
#22 = DIRECTION('',(1.110223024625E-16,1.,0.));
#23 = AXIS2_PLACEMENT_3D('',#24,#25,#26);
#24 = CARTESIAN_POINT('',(12.45,-25.5,0.105));
#25 = DIRECTION('',(-0.,0.,1.));
#26 = DIRECTION('',(1.110223024625E-16,-1.,0.));
#27 = AXIS2_PLACEMENT_3D('',#28,#29,#30);
#28 = CARTESIAN_POINT('',(11.05,-25.5,0.105));
#29 = DIRECTION('',(0.,-0.,1.));
#30 = DIRECTION('',(1.110223024625E-16,1.,0.));
#31 = AXIS2_PLACEMENT_3D('',#32,#33,#34);
#32 = CARTESIAN_POINT('',(11.4,-31.12,0.105));
#33 = DIRECTION('',(0.,-0.,1.));
#34 = DIRECTION('',(1.110223024625E-16,1.,0.));
#35 = AXIS2_PLACEMENT_3D('',#36,#37,#38);
#36 = CARTESIAN_POINT('',(7.75,-22.66,0.105));
#37 = DIRECTION('',(0.,-0.,1.));
#38 = DIRECTION('',(1.110223024625E-16,1.,0.));
#39 = AXIS2_PLACEMENT_3D('',#40,#41,#42);
#40 = CARTESIAN_POINT('',(12.6,-18.15,0.105));
#41 = DIRECTION('',(0.,0.,1.));
#42 = DIRECTION('',(-1.,1.224646799147E-16,0.));
#43 = AXIS2_PLACEMENT_3D('',#44,#45,#46);
#44 = CARTESIAN_POINT('',(11.4,-32.61,0.105));
#45 = DIRECTION('',(0.,-0.,1.));
#46 = DIRECTION('',(1.110223024625E-16,1.,0.));
#47 = AXIS2_PLACEMENT_3D('',#48,#49,#50);
#48 = CARTESIAN_POINT('',(22.4,-16.8,0.105));
#49 = DIRECTION('',(0.,0.,1.));
#50 = DIRECTION('',(1.,0.,0.));
#51 = AXIS2_PLACEMENT_3D('',#52,#53,#54);
#52 = CARTESIAN_POINT('',(9.1,-18.6,0.105));
#53 = DIRECTION('',(0.,-0.,1.));
#54 = DIRECTION('',(1.110223024625E-16,1.,0.));
#55 = AXIS2_PLACEMENT_3D('',#56,#57,#58);
#56 = CARTESIAN_POINT('',(22.4,-19.4,0.105));
#57 = DIRECTION('',(0.,0.,1.));
#58 = DIRECTION('',(1.,0.,0.));
#59 = AXIS2_PLACEMENT_3D('',#60,#61,#62);
#60 = CARTESIAN_POINT('',(7.95,-24.1,0.105));
#61 = DIRECTION('',(0.,0.,1.));
#62 = DIRECTION('',(-1.,1.224646799147E-16,0.));
#63 = AXIS2_PLACEMENT_3D('',#64,#65,#66);
#64 = CARTESIAN_POINT('',(12.6,-18.95,0.105));
#65 = DIRECTION('',(0.,0.,1.));
#66 = DIRECTION('',(1.,0.,0.));
#67 = AXIS2_PLACEMENT_3D('',#68,#69,#70);
#68 = CARTESIAN_POINT('',(14.6,-27.02,0.105));
#69 = DIRECTION('',(0.,0.,1.));
#70 = DIRECTION('',(-1.,1.224646799147E-16,0.));
#71 = AXIS2_PLACEMENT_3D('',#72,#73,#74);
#72 = CARTESIAN_POINT('',(14.65,-26.1,0.105));
#73 = DIRECTION('',(0.,0.,1.));
#74 = DIRECTION('',(1.,0.,0.));
#75 = AXIS2_PLACEMENT_3D('',#76,#77,#78);
#76 = CARTESIAN_POINT('',(18.,-21.15,0.105));
#77 = DIRECTION('',(0.,0.,1.));
#78 = DIRECTION('',(1.,0.,0.));
#79 = AXIS2_PLACEMENT_3D('',#80,#81,#82);
#80 = CARTESIAN_POINT('',(13.6,-25.15,0.105));
#81 = DIRECTION('',(0.,0.,1.));
#82 = DIRECTION('',(1.,0.,0.));
#83 = AXIS2_PLACEMENT_3D('',#84,#85,#86);
#84 = CARTESIAN_POINT('',(13.35,-27.7,0.105));
#85 = DIRECTION('',(0.,-0.,1.));
#86 = DIRECTION('',(1.110223024625E-16,1.,0.));
#87 = AXIS2_PLACEMENT_3D('',#88,#89,#90);
#88 = CARTESIAN_POINT('',(11.4,-29.63,0.105));
#89 = DIRECTION('',(0.,-0.,1.));
#90 = DIRECTION('',(1.110223024625E-16,1.,0.));
#91 = AXIS2_PLACEMENT_3D('',#92,#93,#94);
#92 = CARTESIAN_POINT('',(22.4,-27.1,0.105));
#93 = DIRECTION('',(0.,0.,1.));
#94 = DIRECTION('',(1.,0.,0.));
#95 = AXIS2_PLACEMENT_3D('',#96,#97,#98);
#96 = CARTESIAN_POINT('',(9.85,-23.75,-8.5E-02));
#97 = DIRECTION('',(1.499759782662E-32,1.224646799147E-16,-1.));
#98 = DIRECTION('',(-1.,1.224646799147E-16,0.));
#99 = AXIS2_PLACEMENT_3D('',#100,#101,#102);
#100 = CARTESIAN_POINT('',(4.6,-18.3,-8.5E-02));
#101 = DIRECTION('',(1.499759782662E-32,1.224646799147E-16,-1.));
#102 = DIRECTION('',(-1.,1.224646799147E-16,0.));
#103 = AXIS2_PLACEMENT_3D('',#104,#105,#106);
#104 = CARTESIAN_POINT('',(14.6,-28.55,-8.5E-02));
#105 = DIRECTION('',(-1.224646799147E-16,-1.359631073447E-32,-1.));
#106 = DIRECTION('',(1.110223024625E-16,-1.,0.));
#107 = AXIS2_PLACEMENT_3D('',#108,#109,#110);
#108 = CARTESIAN_POINT('',(11.8,-26.4,-8.5E-02));
#109 = DIRECTION('',(1.499759782662E-32,1.224646799147E-16,-1.));
#110 = DIRECTION('',(-1.,1.224646799147E-16,0.));
#111 = AXIS2_PLACEMENT_3D('',#112,#113,#114);
#112 = CARTESIAN_POINT('',(14.6,-27.1,-8.5E-02));
#113 = DIRECTION('',(-1.224646799147E-16,-1.359631073447E-32,-1.));
#114 = DIRECTION('',(1.110223024625E-16,-1.,0.));
#115 = AXIS2_PLACEMENT_3D('',#116,#117,#118);
#116 = CARTESIAN_POINT('',(11.65,-24.6,-8.5E-02));
#117 = DIRECTION('',(0.,-1.224646799147E-16,-1.));
#118 = DIRECTION('',(1.,0.,0.));
#119 = AXIS2_PLACEMENT_3D('',#120,#121,#122);
#120 = CARTESIAN_POINT('',(9.85,-21.85,-8.5E-02));
#121 = DIRECTION('',(1.499759782662E-32,1.224646799147E-16,-1.));
#122 = DIRECTION('',(-1.,1.224646799147E-16,0.));
#123 = AXIS2_PLACEMENT_3D('',#124,#125,#126);
#124 = CARTESIAN_POINT('',(13.3,-22.15,-8.5E-02));
#125 = DIRECTION('',(1.224646799147E-16,-1.359631073447E-32,-1.));
#126 = DIRECTION('',(1.110223024625E-16,1.,0.));
#127 = AXIS2_PLACEMENT_3D('',#128,#129,#130);
#128 = CARTESIAN_POINT('',(5.9,-17.3,-8.5E-02));
#129 = DIRECTION('',(-1.224646799147E-16,-1.359631073447E-32,-1.));
#130 = DIRECTION('',(1.110223024625E-16,-1.,0.));
#131 = AXIS2_PLACEMENT_3D('',#132,#133,#134);
#132 = CARTESIAN_POINT('',(13.3,-26.52,-8.5E-02));
#133 = DIRECTION('',(0.,-1.224646799147E-16,-1.));
#134 = DIRECTION('',(1.,0.,0.));
#135 = AXIS2_PLACEMENT_3D('',#136,#137,#138);
#136 = CARTESIAN_POINT('',(9.85,-19.95,-8.5E-02));
#137 = DIRECTION('',(1.499759782662E-32,1.224646799147E-16,-1.));
#138 = DIRECTION('',(-1.,1.224646799147E-16,0.));
#139 = AXIS2_PLACEMENT_3D('',#140,#141,#142);
#140 = CARTESIAN_POINT('',(4.7,-17.15,-8.5E-02));
#141 = DIRECTION('',(1.224646799147E-16,-1.359631073447E-32,-1.));
#142 = DIRECTION('',(1.110223024625E-16,1.,0.));
#143 = AXIS2_PLACEMENT_3D('',#144,#145,#146);
#144 = CARTESIAN_POINT('',(11.8,-25.6,-8.5E-02));
#145 = DIRECTION('',(1.499759782662E-32,1.224646799147E-16,-1.));
#146 = DIRECTION('',(-1.,1.224646799147E-16,0.));
#147 = AXIS2_PLACEMENT_3D('',#148,#149,#150);
#148 = CARTESIAN_POINT('',(14.4,-19.95,-8.5E-02));
#149 = DIRECTION('',(1.224646799147E-16,-1.359631073447E-32,-1.));
#150 = DIRECTION('',(1.110223024625E-16,1.,0.));
#151 = AXIS2_PLACEMENT_3D('',#152,#153,#154);
#152 = CARTESIAN_POINT('',(11.8,-27.2,-8.5E-02));
#153 = DIRECTION('',(1.499759782662E-32,1.224646799147E-16,-1.));
#154 = DIRECTION('',(-1.,1.224646799147E-16,0.));
#155 = AXIS2_PLACEMENT_3D('',#156,#157,#158);
#156 = CARTESIAN_POINT('',(9.3,-24.65,-8.5E-02));
#157 = DIRECTION('',(1.499759782662E-32,1.224646799147E-16,-1.));
#158 = DIRECTION('',(-1.,1.224646799147E-16,0.));
#159 = AXIS2_PLACEMENT_3D('',#160,#161,#162);
#160 = CARTESIAN_POINT('',(3.1,-18.3,-8.5E-02));
#161 = DIRECTION('',(1.499759782662E-32,1.224646799147E-16,-1.));
#162 = DIRECTION('',(-1.,1.224646799147E-16,0.));
#163 = AXIS2_PLACEMENT_3D('',#164,#165,#166);
#164 = CARTESIAN_POINT('',(11.95,-17.55,-8.5E-02));
#165 = DIRECTION('',(1.499759782662E-32,1.224646799147E-16,-1.));
#166 = DIRECTION('',(-1.,1.224646799147E-16,0.));
#167 = AXIS2_PLACEMENT_3D('',#168,#169,#170);
#168 = CARTESIAN_POINT('',(13.3,-23.65,-8.5E-02));
#169 = DIRECTION('',(1.224646799147E-16,-1.359631073447E-32,-1.));
#170 = DIRECTION('',(1.110223024625E-16,1.,0.));
#171 = AXIS2_PLACEMENT_3D('',#172,#173,#174);
#172 = CARTESIAN_POINT('',(11.65,-23.6,-8.5E-02));
#173 = DIRECTION('',(0.,-1.224646799147E-16,-1.));
#174 = DIRECTION('',(1.,0.,0.));
#175 = AXIS2_PLACEMENT_3D('',#176,#177,#178);
#176 = CARTESIAN_POINT('',(7.25,-17.45,-8.5E-02));
#177 = DIRECTION('',(1.499759782662E-32,1.224646799147E-16,-1.));
#178 = DIRECTION('',(-1.,1.224646799147E-16,0.));
#179 = AXIS2_PLACEMENT_3D('',#180,#181,#182);
#180 = CARTESIAN_POINT('',(9.39,-17.25,-8.5E-02));
#181 = DIRECTION('',(1.499759782662E-32,1.224646799147E-16,-1.));
#182 = DIRECTION('',(-1.,1.224646799147E-16,0.));
#183 = AXIS2_PLACEMENT_3D('',#184,#185,#186);
#184 = CARTESIAN_POINT('',(11.95,-18.35,-8.5E-02));
#185 = DIRECTION('',(1.499759782662E-32,1.224646799147E-16,-1.));
#186 = DIRECTION('',(-1.,1.224646799147E-16,0.));
#187 = AXIS2_PLACEMENT_3D('',#188,#189,#190);
#188 = CARTESIAN_POINT('',(12.6,-19.7,-8.5E-02));
#189 = DIRECTION('',(1.499759782662E-32,1.224646799147E-16,-1.));
#190 = DIRECTION('',(-1.,1.224646799147E-16,0.));
#191 = AXIS2_PLACEMENT_3D('',#192,#193,#194);
#192 = CARTESIAN_POINT('',(12.,-16.75,-8.5E-02));
#193 = DIRECTION('',(1.499759782662E-32,1.224646799147E-16,-1.));
#194 = DIRECTION('',(-1.,1.224646799147E-16,0.));
#195 = AXIS2_PLACEMENT_3D('',#196,#197,#198);
#196 = CARTESIAN_POINT('',(11.65,-22.55,-8.5E-02));
#197 = DIRECTION('',(0.,-1.224646799147E-16,-1.));
#198 = DIRECTION('',(1.,0.,0.));
#199 = AXIS2_PLACEMENT_3D('',#200,#201,#202);
#200 = CARTESIAN_POINT('',(14.55,-25.6,-8.5E-02));
#201 = DIRECTION('',(1.499759782662E-32,1.224646799147E-16,-1.));
#202 = DIRECTION('',(-1.,1.224646799147E-16,0.));
#203 = AXIS2_PLACEMENT_3D('',#204,#205,#206);
#204 = CARTESIAN_POINT('',(0.,0.,0.));
#205 = DIRECTION('',(0.,0.,1.));
#206 = DIRECTION('',(1.,0.,-0.));
#207 = ( GEOMETRIC_REPRESENTATION_CONTEXT(3) 
GLOBAL_UNCERTAINTY_ASSIGNED_CONTEXT((#211)) GLOBAL_UNIT_ASSIGNED_CONTEXT
((#208,#209,#210)) REPRESENTATION_CONTEXT('Context #1',
  '3D Context with UNIT and UNCERTAINTY') );
#208 = ( LENGTH_UNIT() NAMED_UNIT(*) SI_UNIT(.MILLI.,.METRE.) );
#209 = ( NAMED_UNIT(*) PLANE_ANGLE_UNIT() SI_UNIT($,.RADIAN.) );
#210 = ( NAMED_UNIT(*) SI_UNIT($,.STERADIAN.) SOLID_ANGLE_UNIT() );
#211 = UNCERTAINTY_MEASURE_WITH_UNIT(LENGTH_MEASURE(1.E-07),#208,
  'distance_accuracy_value','confusion accuracy');
#212 = PRODUCT_RELATED_PRODUCT_CATEGORY('part',$,(#7));
#213 = SHAPE_DEFINITION_REPRESENTATION(#214,#220);
#214 = PRODUCT_DEFINITION_SHAPE('','',#215);
#215 = PRODUCT_DEFINITION('design','',#216,#219);
#216 = PRODUCT_DEFINITION_FORMATION('','',#217);
#217 = PRODUCT('C_0201_0603Metric','C_0201_0603Metric','',(#218));
#218 = PRODUCT_CONTEXT('',#2,'mechanical');
#219 = PRODUCT_DEFINITION_CONTEXT('part definition',#2,'design');
#220 = SHAPE_REPRESENTATION('',(#11,#221),#225);
#221 = AXIS2_PLACEMENT_3D('',#222,#223,#224);
#222 = CARTESIAN_POINT('',(0.,0.,0.));
#223 = DIRECTION('',(0.,0.,1.));
#224 = DIRECTION('',(1.,0.,-0.));
#225 = ( GEOMETRIC_REPRESENTATION_CONTEXT(3) 
GLOBAL_UNCERTAINTY_ASSIGNED_CONTEXT((#229)) GLOBAL_UNIT_ASSIGNED_CONTEXT
((#226,#227,#228)) REPRESENTATION_CONTEXT('Context #1',
  '3D Context with UNIT and UNCERTAINTY') );
#226 = ( LENGTH_UNIT() NAMED_UNIT(*) SI_UNIT(.MILLI.,.METRE.) );
#227 = ( NAMED_UNIT(*) PLANE_ANGLE_UNIT() SI_UNIT($,.RADIAN.) );
#228 = ( NAMED_UNIT(*) SI_UNIT($,.STERADIAN.) SOLID_ANGLE_UNIT() );
#229 = UNCERTAINTY_MEASURE_WITH_UNIT(LENGTH_MEASURE(1.E-07),#226,
  'distance_accuracy_value','confusion accuracy');
#230 = CONTEXT_DEPENDENT_SHAPE_REPRESENTATION(#231,#233);
#231 = ( REPRESENTATION_RELATIONSHIP('','',#220,#10) 
REPRESENTATION_RELATIONSHIP_WITH_TRANSFORMATION(#232) 
SHAPE_REPRESENTATION_RELATIONSHIP() );
#232 = ITEM_DEFINED_TRANSFORMATION('','',#11,#15);
#233 = PRODUCT_DEFINITION_SHAPE('Placement','Placement of an item',#234
  );
#234 = NEXT_ASSEMBLY_USAGE_OCCURRENCE('2','C7','',#5,#215,$);
#235 = PRODUCT_RELATED_PRODUCT_CATEGORY('part',$,(#217));
#236 = SHAPE_DEFINITION_REPRESENTATION(#237,#243);
#237 = PRODUCT_DEFINITION_SHAPE('','',#238);
#238 = PRODUCT_DEFINITION('design','',#239,#242);
#239 = PRODUCT_DEFINITION_FORMATION('','',#240);
#240 = PRODUCT('C_0201_0603Metric','C_0201_0603Metric','',(#241));
#241 = PRODUCT_CONTEXT('',#2,'mechanical');
#242 = PRODUCT_DEFINITION_CONTEXT('part definition',#2,'design');
#243 = ADVANCED_BREP_SHAPE_REPRESENTATION('',(#11,#244),#1098);
#244 = MANIFOLD_SOLID_BREP('',#245);
#245 = CLOSED_SHELL('',(#246,#322,#353,#378,#403,#427,#451,#476,#501,
    #518,#604,#636,#660,#685,#709,#734,#758,#783,#800,#886,#917,#942,
    #967,#991,#1015,#1040,#1065,#1082));
#246 = ADVANCED_FACE('',(#247),#317,.F.);
#247 = FACE_BOUND('',#248,.F.);
#248 = EDGE_LOOP('',(#249,#259,#268,#276,#285,#293,#302,#310));
#249 = ORIENTED_EDGE('',*,*,#250,.F.);
#250 = EDGE_CURVE('',#251,#253,#255,.T.);
#251 = VERTEX_POINT('',#252);
#252 = CARTESIAN_POINT('',(-0.3,-0.15,1.5E-02));
#253 = VERTEX_POINT('',#254);
#254 = CARTESIAN_POINT('',(-0.3,-0.15,0.285));
#255 = LINE('',#256,#257);
#256 = CARTESIAN_POINT('',(-0.3,-0.15,0.));
#257 = VECTOR('',#258,1.);
#258 = DIRECTION('',(0.,0.,1.));
#259 = ORIENTED_EDGE('',*,*,#260,.T.);
#260 = EDGE_CURVE('',#251,#261,#263,.T.);
#261 = VERTEX_POINT('',#262);
#262 = CARTESIAN_POINT('',(-0.3,-0.135,-2.775557561563E-17));
#263 = CIRCLE('',#264,1.5E-02);
#264 = AXIS2_PLACEMENT_3D('',#265,#266,#267);
#265 = CARTESIAN_POINT('',(-0.3,-0.135,1.5E-02));
#266 = DIRECTION('',(1.,0.,-0.));
#267 = DIRECTION('',(0.,0.,1.));
#268 = ORIENTED_EDGE('',*,*,#269,.T.);
#269 = EDGE_CURVE('',#261,#270,#272,.T.);
#270 = VERTEX_POINT('',#271);
#271 = CARTESIAN_POINT('',(-0.3,0.135,-2.775557561563E-17));
#272 = LINE('',#273,#274);
#273 = CARTESIAN_POINT('',(-0.3,-0.15,0.));
#274 = VECTOR('',#275,1.);
#275 = DIRECTION('',(0.,1.,0.));
#276 = ORIENTED_EDGE('',*,*,#277,.F.);
#277 = EDGE_CURVE('',#278,#270,#280,.T.);
#278 = VERTEX_POINT('',#279);
#279 = CARTESIAN_POINT('',(-0.3,0.15,1.5E-02));
#280 = CIRCLE('',#281,1.5E-02);
#281 = AXIS2_PLACEMENT_3D('',#282,#283,#284);
#282 = CARTESIAN_POINT('',(-0.3,0.135,1.5E-02));
#283 = DIRECTION('',(-1.,0.,0.));
#284 = DIRECTION('',(0.,0.,1.));
#285 = ORIENTED_EDGE('',*,*,#286,.T.);
#286 = EDGE_CURVE('',#278,#287,#289,.T.);
#287 = VERTEX_POINT('',#288);
#288 = CARTESIAN_POINT('',(-0.3,0.15,0.285));
#289 = LINE('',#290,#291);
#290 = CARTESIAN_POINT('',(-0.3,0.15,0.));
#291 = VECTOR('',#292,1.);
#292 = DIRECTION('',(0.,0.,1.));
#293 = ORIENTED_EDGE('',*,*,#294,.T.);
#294 = EDGE_CURVE('',#287,#295,#297,.T.);
#295 = VERTEX_POINT('',#296);
#296 = CARTESIAN_POINT('',(-0.3,0.135,0.3));
#297 = CIRCLE('',#298,1.5E-02);
#298 = AXIS2_PLACEMENT_3D('',#299,#300,#301);
#299 = CARTESIAN_POINT('',(-0.3,0.135,0.285));
#300 = DIRECTION('',(1.,0.,-0.));
#301 = DIRECTION('',(0.,0.,1.));
#302 = ORIENTED_EDGE('',*,*,#303,.F.);
#303 = EDGE_CURVE('',#304,#295,#306,.T.);
#304 = VERTEX_POINT('',#305);
#305 = CARTESIAN_POINT('',(-0.3,-0.135,0.3));
#306 = LINE('',#307,#308);
#307 = CARTESIAN_POINT('',(-0.3,-0.15,0.3));
#308 = VECTOR('',#309,1.);
#309 = DIRECTION('',(0.,1.,0.));
#310 = ORIENTED_EDGE('',*,*,#311,.F.);
#311 = EDGE_CURVE('',#253,#304,#312,.T.);
#312 = CIRCLE('',#313,1.5E-02);
#313 = AXIS2_PLACEMENT_3D('',#314,#315,#316);
#314 = CARTESIAN_POINT('',(-0.3,-0.135,0.285));
#315 = DIRECTION('',(-1.,0.,0.));
#316 = DIRECTION('',(0.,0.,1.));
#317 = PLANE('',#318);
#318 = AXIS2_PLACEMENT_3D('',#319,#320,#321);
#319 = CARTESIAN_POINT('',(-0.3,-0.15,0.));
#320 = DIRECTION('',(1.,0.,0.));
#321 = DIRECTION('',(0.,0.,1.));
#322 = ADVANCED_FACE('',(#323),#348,.F.);
#323 = FACE_BOUND('',#324,.F.);
#324 = EDGE_LOOP('',(#325,#335,#341,#342));
#325 = ORIENTED_EDGE('',*,*,#326,.F.);
#326 = EDGE_CURVE('',#327,#329,#331,.T.);
#327 = VERTEX_POINT('',#328);
#328 = CARTESIAN_POINT('',(-0.15,-0.15,1.5E-02));
#329 = VERTEX_POINT('',#330);
#330 = CARTESIAN_POINT('',(-0.15,-0.15,0.285));
#331 = LINE('',#332,#333);
#332 = CARTESIAN_POINT('',(-0.15,-0.15,0.));
#333 = VECTOR('',#334,1.);
#334 = DIRECTION('',(0.,0.,1.));
#335 = ORIENTED_EDGE('',*,*,#336,.F.);
#336 = EDGE_CURVE('',#251,#327,#337,.T.);
#337 = LINE('',#338,#339);
#338 = CARTESIAN_POINT('',(-0.3,-0.15,1.5E-02));
#339 = VECTOR('',#340,1.);
#340 = DIRECTION('',(1.,0.,0.));
#341 = ORIENTED_EDGE('',*,*,#250,.T.);
#342 = ORIENTED_EDGE('',*,*,#343,.T.);
#343 = EDGE_CURVE('',#253,#329,#344,.T.);
#344 = LINE('',#345,#346);
#345 = CARTESIAN_POINT('',(-0.3,-0.15,0.285));
#346 = VECTOR('',#347,1.);
#347 = DIRECTION('',(1.,0.,0.));
#348 = PLANE('',#349);
#349 = AXIS2_PLACEMENT_3D('',#350,#351,#352);
#350 = CARTESIAN_POINT('',(-0.3,-0.15,0.));
#351 = DIRECTION('',(0.,1.,0.));
#352 = DIRECTION('',(0.,-0.,1.));
#353 = ADVANCED_FACE('',(#354),#373,.T.);
#354 = FACE_BOUND('',#355,.T.);
#355 = EDGE_LOOP('',(#356,#357,#365,#372));
#356 = ORIENTED_EDGE('',*,*,#260,.T.);
#357 = ORIENTED_EDGE('',*,*,#358,.T.);
#358 = EDGE_CURVE('',#261,#359,#361,.T.);
#359 = VERTEX_POINT('',#360);
#360 = CARTESIAN_POINT('',(-0.15,-0.135,-2.775557561563E-17));
#361 = LINE('',#362,#363);
#362 = CARTESIAN_POINT('',(-0.3,-0.135,-2.775557561563E-17));
#363 = VECTOR('',#364,1.);
#364 = DIRECTION('',(1.,0.,0.));
#365 = ORIENTED_EDGE('',*,*,#366,.F.);
#366 = EDGE_CURVE('',#327,#359,#367,.T.);
#367 = CIRCLE('',#368,1.5E-02);
#368 = AXIS2_PLACEMENT_3D('',#369,#370,#371);
#369 = CARTESIAN_POINT('',(-0.15,-0.135,1.5E-02));
#370 = DIRECTION('',(1.,0.,-0.));
#371 = DIRECTION('',(0.,0.,1.));
#372 = ORIENTED_EDGE('',*,*,#336,.F.);
#373 = CYLINDRICAL_SURFACE('',#374,1.5E-02);
#374 = AXIS2_PLACEMENT_3D('',#375,#376,#377);
#375 = CARTESIAN_POINT('',(-0.3,-0.135,1.5E-02));
#376 = DIRECTION('',(1.,0.,0.));
#377 = DIRECTION('',(0.,-1.,0.));
#378 = ADVANCED_FACE('',(#379),#398,.T.);
#379 = FACE_BOUND('',#380,.T.);
#380 = EDGE_LOOP('',(#381,#382,#391,#397));
#381 = ORIENTED_EDGE('',*,*,#343,.T.);
#382 = ORIENTED_EDGE('',*,*,#383,.T.);
#383 = EDGE_CURVE('',#329,#384,#386,.T.);
#384 = VERTEX_POINT('',#385);
#385 = CARTESIAN_POINT('',(-0.15,-0.135,0.3));
#386 = CIRCLE('',#387,1.5E-02);
#387 = AXIS2_PLACEMENT_3D('',#388,#389,#390);
#388 = CARTESIAN_POINT('',(-0.15,-0.135,0.285));
#389 = DIRECTION('',(-1.,0.,0.));
#390 = DIRECTION('',(0.,0.,1.));
#391 = ORIENTED_EDGE('',*,*,#392,.F.);
#392 = EDGE_CURVE('',#304,#384,#393,.T.);
#393 = LINE('',#394,#395);
#394 = CARTESIAN_POINT('',(-0.3,-0.135,0.3));
#395 = VECTOR('',#396,1.);
#396 = DIRECTION('',(1.,0.,0.));
#397 = ORIENTED_EDGE('',*,*,#311,.F.);
#398 = CYLINDRICAL_SURFACE('',#399,1.5E-02);
#399 = AXIS2_PLACEMENT_3D('',#400,#401,#402);
#400 = CARTESIAN_POINT('',(-0.3,-0.135,0.285));
#401 = DIRECTION('',(1.,0.,0.));
#402 = DIRECTION('',(0.,-1.,0.));
#403 = ADVANCED_FACE('',(#404),#422,.F.);
#404 = FACE_BOUND('',#405,.F.);
#405 = EDGE_LOOP('',(#406,#407,#408,#416));
#406 = ORIENTED_EDGE('',*,*,#269,.F.);
#407 = ORIENTED_EDGE('',*,*,#358,.T.);
#408 = ORIENTED_EDGE('',*,*,#409,.T.);
#409 = EDGE_CURVE('',#359,#410,#412,.T.);
#410 = VERTEX_POINT('',#411);
#411 = CARTESIAN_POINT('',(-0.15,0.135,-2.775557561563E-17));
#412 = LINE('',#413,#414);
#413 = CARTESIAN_POINT('',(-0.15,-0.15,0.));
#414 = VECTOR('',#415,1.);
#415 = DIRECTION('',(0.,1.,0.));
#416 = ORIENTED_EDGE('',*,*,#417,.F.);
#417 = EDGE_CURVE('',#270,#410,#418,.T.);
#418 = LINE('',#419,#420);
#419 = CARTESIAN_POINT('',(-0.3,0.135,-2.775557561563E-17));
#420 = VECTOR('',#421,1.);
#421 = DIRECTION('',(1.,0.,0.));
#422 = PLANE('',#423);
#423 = AXIS2_PLACEMENT_3D('',#424,#425,#426);
#424 = CARTESIAN_POINT('',(-0.3,-0.15,0.));
#425 = DIRECTION('',(0.,0.,1.));
#426 = DIRECTION('',(1.,0.,-0.));
#427 = ADVANCED_FACE('',(#428),#446,.T.);
#428 = FACE_BOUND('',#429,.T.);
#429 = EDGE_LOOP('',(#430,#431,#432,#440));
#430 = ORIENTED_EDGE('',*,*,#303,.F.);
#431 = ORIENTED_EDGE('',*,*,#392,.T.);
#432 = ORIENTED_EDGE('',*,*,#433,.T.);
#433 = EDGE_CURVE('',#384,#434,#436,.T.);
#434 = VERTEX_POINT('',#435);
#435 = CARTESIAN_POINT('',(-0.15,0.135,0.3));
#436 = LINE('',#437,#438);
#437 = CARTESIAN_POINT('',(-0.15,-0.15,0.3));
#438 = VECTOR('',#439,1.);
#439 = DIRECTION('',(0.,1.,0.));
#440 = ORIENTED_EDGE('',*,*,#441,.F.);
#441 = EDGE_CURVE('',#295,#434,#442,.T.);
#442 = LINE('',#443,#444);
#443 = CARTESIAN_POINT('',(-0.3,0.135,0.3));
#444 = VECTOR('',#445,1.);
#445 = DIRECTION('',(1.,0.,0.));
#446 = PLANE('',#447);
#447 = AXIS2_PLACEMENT_3D('',#448,#449,#450);
#448 = CARTESIAN_POINT('',(-0.3,-0.15,0.3));
#449 = DIRECTION('',(0.,0.,1.));
#450 = DIRECTION('',(1.,0.,-0.));
#451 = ADVANCED_FACE('',(#452),#471,.T.);
#452 = FACE_BOUND('',#453,.T.);
#453 = EDGE_LOOP('',(#454,#462,#469,#470));
#454 = ORIENTED_EDGE('',*,*,#455,.T.);
#455 = EDGE_CURVE('',#278,#456,#458,.T.);
#456 = VERTEX_POINT('',#457);
#457 = CARTESIAN_POINT('',(-0.15,0.15,1.5E-02));
#458 = LINE('',#459,#460);
#459 = CARTESIAN_POINT('',(-0.3,0.15,1.5E-02));
#460 = VECTOR('',#461,1.);
#461 = DIRECTION('',(1.,0.,0.));
#462 = ORIENTED_EDGE('',*,*,#463,.T.);
#463 = EDGE_CURVE('',#456,#410,#464,.T.);
#464 = CIRCLE('',#465,1.5E-02);
#465 = AXIS2_PLACEMENT_3D('',#466,#467,#468);
#466 = CARTESIAN_POINT('',(-0.15,0.135,1.5E-02));
#467 = DIRECTION('',(-1.,0.,0.));
#468 = DIRECTION('',(0.,0.,1.));
#469 = ORIENTED_EDGE('',*,*,#417,.F.);
#470 = ORIENTED_EDGE('',*,*,#277,.F.);
#471 = CYLINDRICAL_SURFACE('',#472,1.5E-02);
#472 = AXIS2_PLACEMENT_3D('',#473,#474,#475);
#473 = CARTESIAN_POINT('',(-0.3,0.135,1.5E-02));
#474 = DIRECTION('',(1.,0.,0.));
#475 = DIRECTION('',(-0.,1.,0.));
#476 = ADVANCED_FACE('',(#477),#496,.T.);
#477 = FACE_BOUND('',#478,.T.);
#478 = EDGE_LOOP('',(#479,#480,#481,#490));
#479 = ORIENTED_EDGE('',*,*,#294,.T.);
#480 = ORIENTED_EDGE('',*,*,#441,.T.);
#481 = ORIENTED_EDGE('',*,*,#482,.F.);
#482 = EDGE_CURVE('',#483,#434,#485,.T.);
#483 = VERTEX_POINT('',#484);
#484 = CARTESIAN_POINT('',(-0.15,0.15,0.285));
#485 = CIRCLE('',#486,1.5E-02);
#486 = AXIS2_PLACEMENT_3D('',#487,#488,#489);
#487 = CARTESIAN_POINT('',(-0.15,0.135,0.285));
#488 = DIRECTION('',(1.,0.,-0.));
#489 = DIRECTION('',(0.,0.,1.));
#490 = ORIENTED_EDGE('',*,*,#491,.F.);
#491 = EDGE_CURVE('',#287,#483,#492,.T.);
#492 = LINE('',#493,#494);
#493 = CARTESIAN_POINT('',(-0.3,0.15,0.285));
#494 = VECTOR('',#495,1.);
#495 = DIRECTION('',(1.,0.,0.));
#496 = CYLINDRICAL_SURFACE('',#497,1.5E-02);
#497 = AXIS2_PLACEMENT_3D('',#498,#499,#500);
#498 = CARTESIAN_POINT('',(-0.3,0.135,0.285));
#499 = DIRECTION('',(1.,0.,0.));
#500 = DIRECTION('',(-0.,1.,0.));
#501 = ADVANCED_FACE('',(#502),#513,.T.);
#502 = FACE_BOUND('',#503,.T.);
#503 = EDGE_LOOP('',(#504,#510,#511,#512));
#504 = ORIENTED_EDGE('',*,*,#505,.F.);
#505 = EDGE_CURVE('',#456,#483,#506,.T.);
#506 = LINE('',#507,#508);
#507 = CARTESIAN_POINT('',(-0.15,0.15,0.));
#508 = VECTOR('',#509,1.);
#509 = DIRECTION('',(0.,0.,1.));
#510 = ORIENTED_EDGE('',*,*,#455,.F.);
#511 = ORIENTED_EDGE('',*,*,#286,.T.);
#512 = ORIENTED_EDGE('',*,*,#491,.T.);
#513 = PLANE('',#514);
#514 = AXIS2_PLACEMENT_3D('',#515,#516,#517);
#515 = CARTESIAN_POINT('',(-0.3,0.15,0.));
#516 = DIRECTION('',(0.,1.,0.));
#517 = DIRECTION('',(0.,-0.,1.));
#518 = ADVANCED_FACE('',(#519,#529),#599,.T.);
#519 = FACE_BOUND('',#520,.T.);
#520 = EDGE_LOOP('',(#521,#522,#523,#524,#525,#526,#527,#528));
#521 = ORIENTED_EDGE('',*,*,#326,.F.);
#522 = ORIENTED_EDGE('',*,*,#366,.T.);
#523 = ORIENTED_EDGE('',*,*,#409,.T.);
#524 = ORIENTED_EDGE('',*,*,#463,.F.);
#525 = ORIENTED_EDGE('',*,*,#505,.T.);
#526 = ORIENTED_EDGE('',*,*,#482,.T.);
#527 = ORIENTED_EDGE('',*,*,#433,.F.);
#528 = ORIENTED_EDGE('',*,*,#383,.F.);
#529 = FACE_BOUND('',#530,.T.);
#530 = EDGE_LOOP('',(#531,#542,#550,#559,#567,#576,#584,#593));
#531 = ORIENTED_EDGE('',*,*,#532,.F.);
#532 = EDGE_CURVE('',#533,#535,#537,.T.);
#533 = VERTEX_POINT('',#534);
#534 = CARTESIAN_POINT('',(-0.15,-0.135,3.E-02));
#535 = VERTEX_POINT('',#536);
#536 = CARTESIAN_POINT('',(-0.15,-0.12,1.5E-02));
#537 = CIRCLE('',#538,1.5E-02);
#538 = AXIS2_PLACEMENT_3D('',#539,#540,#541);
#539 = CARTESIAN_POINT('',(-0.15,-0.12,3.E-02));
#540 = DIRECTION('',(1.,0.,-0.));
#541 = DIRECTION('',(0.,0.,1.));
#542 = ORIENTED_EDGE('',*,*,#543,.T.);
#543 = EDGE_CURVE('',#533,#544,#546,.T.);
#544 = VERTEX_POINT('',#545);
#545 = CARTESIAN_POINT('',(-0.15,-0.135,0.27));
#546 = LINE('',#547,#548);
#547 = CARTESIAN_POINT('',(-0.15,-0.135,1.5E-02));
#548 = VECTOR('',#549,1.);
#549 = DIRECTION('',(0.,0.,1.));
#550 = ORIENTED_EDGE('',*,*,#551,.T.);
#551 = EDGE_CURVE('',#544,#552,#554,.T.);
#552 = VERTEX_POINT('',#553);
#553 = CARTESIAN_POINT('',(-0.15,-0.12,0.285));
#554 = CIRCLE('',#555,1.5E-02);
#555 = AXIS2_PLACEMENT_3D('',#556,#557,#558);
#556 = CARTESIAN_POINT('',(-0.15,-0.12,0.27));
#557 = DIRECTION('',(-1.,0.,0.));
#558 = DIRECTION('',(0.,0.,1.));
#559 = ORIENTED_EDGE('',*,*,#560,.T.);
#560 = EDGE_CURVE('',#552,#561,#563,.T.);
#561 = VERTEX_POINT('',#562);
#562 = CARTESIAN_POINT('',(-0.15,0.12,0.285));
#563 = LINE('',#564,#565);
#564 = CARTESIAN_POINT('',(-0.15,-0.135,0.285));
#565 = VECTOR('',#566,1.);
#566 = DIRECTION('',(0.,1.,0.));
#567 = ORIENTED_EDGE('',*,*,#568,.F.);
#568 = EDGE_CURVE('',#569,#561,#571,.T.);
#569 = VERTEX_POINT('',#570);
#570 = CARTESIAN_POINT('',(-0.15,0.135,0.27));
#571 = CIRCLE('',#572,1.5E-02);
#572 = AXIS2_PLACEMENT_3D('',#573,#574,#575);
#573 = CARTESIAN_POINT('',(-0.15,0.12,0.27));
#574 = DIRECTION('',(1.,0.,-0.));
#575 = DIRECTION('',(0.,0.,1.));
#576 = ORIENTED_EDGE('',*,*,#577,.F.);
#577 = EDGE_CURVE('',#578,#569,#580,.T.);
#578 = VERTEX_POINT('',#579);
#579 = CARTESIAN_POINT('',(-0.15,0.135,3.E-02));
#580 = LINE('',#581,#582);
#581 = CARTESIAN_POINT('',(-0.15,0.135,1.5E-02));
#582 = VECTOR('',#583,1.);
#583 = DIRECTION('',(0.,0.,1.));
#584 = ORIENTED_EDGE('',*,*,#585,.T.);
#585 = EDGE_CURVE('',#578,#586,#588,.T.);
#586 = VERTEX_POINT('',#587);
#587 = CARTESIAN_POINT('',(-0.15,0.12,1.5E-02));
#588 = CIRCLE('',#589,1.5E-02);
#589 = AXIS2_PLACEMENT_3D('',#590,#591,#592);
#590 = CARTESIAN_POINT('',(-0.15,0.12,3.E-02));
#591 = DIRECTION('',(-1.,0.,0.));
#592 = DIRECTION('',(0.,0.,1.));
#593 = ORIENTED_EDGE('',*,*,#594,.F.);
#594 = EDGE_CURVE('',#535,#586,#595,.T.);
#595 = LINE('',#596,#597);
#596 = CARTESIAN_POINT('',(-0.15,-0.135,1.5E-02));
#597 = VECTOR('',#598,1.);
#598 = DIRECTION('',(0.,1.,0.));
#599 = PLANE('',#600);
#600 = AXIS2_PLACEMENT_3D('',#601,#602,#603);
#601 = CARTESIAN_POINT('',(-0.15,-0.15,0.));
#602 = DIRECTION('',(1.,0.,0.));
#603 = DIRECTION('',(0.,0.,1.));
#604 = ADVANCED_FACE('',(#605),#631,.T.);
#605 = FACE_BOUND('',#606,.T.);
#606 = EDGE_LOOP('',(#607,#608,#616,#625));
#607 = ORIENTED_EDGE('',*,*,#532,.T.);
#608 = ORIENTED_EDGE('',*,*,#609,.T.);
#609 = EDGE_CURVE('',#535,#610,#612,.T.);
#610 = VERTEX_POINT('',#611);
#611 = CARTESIAN_POINT('',(0.15,-0.12,1.5E-02));
#612 = LINE('',#613,#614);
#613 = CARTESIAN_POINT('',(-0.15,-0.12,1.5E-02));
#614 = VECTOR('',#615,1.);
#615 = DIRECTION('',(1.,0.,0.));
#616 = ORIENTED_EDGE('',*,*,#617,.F.);
#617 = EDGE_CURVE('',#618,#610,#620,.T.);
#618 = VERTEX_POINT('',#619);
#619 = CARTESIAN_POINT('',(0.15,-0.135,3.E-02));
#620 = CIRCLE('',#621,1.5E-02);
#621 = AXIS2_PLACEMENT_3D('',#622,#623,#624);
#622 = CARTESIAN_POINT('',(0.15,-0.12,3.E-02));
#623 = DIRECTION('',(1.,0.,-0.));
#624 = DIRECTION('',(0.,0.,1.));
#625 = ORIENTED_EDGE('',*,*,#626,.F.);
#626 = EDGE_CURVE('',#533,#618,#627,.T.);
#627 = LINE('',#628,#629);
#628 = CARTESIAN_POINT('',(-0.15,-0.135,3.E-02));
#629 = VECTOR('',#630,1.);
#630 = DIRECTION('',(1.,0.,0.));
#631 = CYLINDRICAL_SURFACE('',#632,1.5E-02);
#632 = AXIS2_PLACEMENT_3D('',#633,#634,#635);
#633 = CARTESIAN_POINT('',(-0.15,-0.12,3.E-02));
#634 = DIRECTION('',(1.,0.,0.));
#635 = DIRECTION('',(0.,-1.,0.));
#636 = ADVANCED_FACE('',(#637),#655,.F.);
#637 = FACE_BOUND('',#638,.F.);
#638 = EDGE_LOOP('',(#639,#640,#641,#649));
#639 = ORIENTED_EDGE('',*,*,#594,.F.);
#640 = ORIENTED_EDGE('',*,*,#609,.T.);
#641 = ORIENTED_EDGE('',*,*,#642,.T.);
#642 = EDGE_CURVE('',#610,#643,#645,.T.);
#643 = VERTEX_POINT('',#644);
#644 = CARTESIAN_POINT('',(0.15,0.12,1.5E-02));
#645 = LINE('',#646,#647);
#646 = CARTESIAN_POINT('',(0.15,-0.135,1.5E-02));
#647 = VECTOR('',#648,1.);
#648 = DIRECTION('',(0.,1.,0.));
#649 = ORIENTED_EDGE('',*,*,#650,.F.);
#650 = EDGE_CURVE('',#586,#643,#651,.T.);
#651 = LINE('',#652,#653);
#652 = CARTESIAN_POINT('',(-0.15,0.12,1.5E-02));
#653 = VECTOR('',#654,1.);
#654 = DIRECTION('',(1.,0.,0.));
#655 = PLANE('',#656);
#656 = AXIS2_PLACEMENT_3D('',#657,#658,#659);
#657 = CARTESIAN_POINT('',(-0.15,-0.135,1.5E-02));
#658 = DIRECTION('',(0.,0.,1.));
#659 = DIRECTION('',(1.,0.,-0.));
#660 = ADVANCED_FACE('',(#661),#680,.T.);
#661 = FACE_BOUND('',#662,.T.);
#662 = EDGE_LOOP('',(#663,#671,#678,#679));
#663 = ORIENTED_EDGE('',*,*,#664,.T.);
#664 = EDGE_CURVE('',#578,#665,#667,.T.);
#665 = VERTEX_POINT('',#666);
#666 = CARTESIAN_POINT('',(0.15,0.135,3.E-02));
#667 = LINE('',#668,#669);
#668 = CARTESIAN_POINT('',(-0.15,0.135,3.E-02));
#669 = VECTOR('',#670,1.);
#670 = DIRECTION('',(1.,0.,0.));
#671 = ORIENTED_EDGE('',*,*,#672,.T.);
#672 = EDGE_CURVE('',#665,#643,#673,.T.);
#673 = CIRCLE('',#674,1.5E-02);
#674 = AXIS2_PLACEMENT_3D('',#675,#676,#677);
#675 = CARTESIAN_POINT('',(0.15,0.12,3.E-02));
#676 = DIRECTION('',(-1.,0.,0.));
#677 = DIRECTION('',(0.,0.,1.));
#678 = ORIENTED_EDGE('',*,*,#650,.F.);
#679 = ORIENTED_EDGE('',*,*,#585,.F.);
#680 = CYLINDRICAL_SURFACE('',#681,1.5E-02);
#681 = AXIS2_PLACEMENT_3D('',#682,#683,#684);
#682 = CARTESIAN_POINT('',(-0.15,0.12,3.E-02));
#683 = DIRECTION('',(1.,0.,0.));
#684 = DIRECTION('',(-0.,1.,0.));
#685 = ADVANCED_FACE('',(#686),#704,.T.);
#686 = FACE_BOUND('',#687,.T.);
#687 = EDGE_LOOP('',(#688,#696,#697,#698));
#688 = ORIENTED_EDGE('',*,*,#689,.F.);
#689 = EDGE_CURVE('',#665,#690,#692,.T.);
#690 = VERTEX_POINT('',#691);
#691 = CARTESIAN_POINT('',(0.15,0.135,0.27));
#692 = LINE('',#693,#694);
#693 = CARTESIAN_POINT('',(0.15,0.135,1.5E-02));
#694 = VECTOR('',#695,1.);
#695 = DIRECTION('',(0.,0.,1.));
#696 = ORIENTED_EDGE('',*,*,#664,.F.);
#697 = ORIENTED_EDGE('',*,*,#577,.T.);
#698 = ORIENTED_EDGE('',*,*,#699,.T.);
#699 = EDGE_CURVE('',#569,#690,#700,.T.);
#700 = LINE('',#701,#702);
#701 = CARTESIAN_POINT('',(-0.15,0.135,0.27));
#702 = VECTOR('',#703,1.);
#703 = DIRECTION('',(1.,0.,0.));
#704 = PLANE('',#705);
#705 = AXIS2_PLACEMENT_3D('',#706,#707,#708);
#706 = CARTESIAN_POINT('',(-0.15,0.135,1.5E-02));
#707 = DIRECTION('',(0.,1.,0.));
#708 = DIRECTION('',(0.,-0.,1.));
#709 = ADVANCED_FACE('',(#710),#729,.T.);
#710 = FACE_BOUND('',#711,.T.);
#711 = EDGE_LOOP('',(#712,#713,#721,#728));
#712 = ORIENTED_EDGE('',*,*,#568,.T.);
#713 = ORIENTED_EDGE('',*,*,#714,.T.);
#714 = EDGE_CURVE('',#561,#715,#717,.T.);
#715 = VERTEX_POINT('',#716);
#716 = CARTESIAN_POINT('',(0.15,0.12,0.285));
#717 = LINE('',#718,#719);
#718 = CARTESIAN_POINT('',(-0.15,0.12,0.285));
#719 = VECTOR('',#720,1.);
#720 = DIRECTION('',(1.,0.,0.));
#721 = ORIENTED_EDGE('',*,*,#722,.F.);
#722 = EDGE_CURVE('',#690,#715,#723,.T.);
#723 = CIRCLE('',#724,1.5E-02);
#724 = AXIS2_PLACEMENT_3D('',#725,#726,#727);
#725 = CARTESIAN_POINT('',(0.15,0.12,0.27));
#726 = DIRECTION('',(1.,0.,-0.));
#727 = DIRECTION('',(0.,0.,1.));
#728 = ORIENTED_EDGE('',*,*,#699,.F.);
#729 = CYLINDRICAL_SURFACE('',#730,1.5E-02);
#730 = AXIS2_PLACEMENT_3D('',#731,#732,#733);
#731 = CARTESIAN_POINT('',(-0.15,0.12,0.27));
#732 = DIRECTION('',(1.,0.,0.));
#733 = DIRECTION('',(-0.,1.,0.));
#734 = ADVANCED_FACE('',(#735),#753,.T.);
#735 = FACE_BOUND('',#736,.T.);
#736 = EDGE_LOOP('',(#737,#738,#746,#752));
#737 = ORIENTED_EDGE('',*,*,#560,.F.);
#738 = ORIENTED_EDGE('',*,*,#739,.T.);
#739 = EDGE_CURVE('',#552,#740,#742,.T.);
#740 = VERTEX_POINT('',#741);
#741 = CARTESIAN_POINT('',(0.15,-0.12,0.285));
#742 = LINE('',#743,#744);
#743 = CARTESIAN_POINT('',(-0.15,-0.12,0.285));
#744 = VECTOR('',#745,1.);
#745 = DIRECTION('',(1.,0.,0.));
#746 = ORIENTED_EDGE('',*,*,#747,.T.);
#747 = EDGE_CURVE('',#740,#715,#748,.T.);
#748 = LINE('',#749,#750);
#749 = CARTESIAN_POINT('',(0.15,-0.135,0.285));
#750 = VECTOR('',#751,1.);
#751 = DIRECTION('',(0.,1.,0.));
#752 = ORIENTED_EDGE('',*,*,#714,.F.);
#753 = PLANE('',#754);
#754 = AXIS2_PLACEMENT_3D('',#755,#756,#757);
#755 = CARTESIAN_POINT('',(-0.15,-0.135,0.285));
#756 = DIRECTION('',(0.,0.,1.));
#757 = DIRECTION('',(1.,0.,-0.));
#758 = ADVANCED_FACE('',(#759),#778,.T.);
#759 = FACE_BOUND('',#760,.T.);
#760 = EDGE_LOOP('',(#761,#769,#776,#777));
#761 = ORIENTED_EDGE('',*,*,#762,.T.);
#762 = EDGE_CURVE('',#544,#763,#765,.T.);
#763 = VERTEX_POINT('',#764);
#764 = CARTESIAN_POINT('',(0.15,-0.135,0.27));
#765 = LINE('',#766,#767);
#766 = CARTESIAN_POINT('',(-0.15,-0.135,0.27));
#767 = VECTOR('',#768,1.);
#768 = DIRECTION('',(1.,0.,0.));
#769 = ORIENTED_EDGE('',*,*,#770,.T.);
#770 = EDGE_CURVE('',#763,#740,#771,.T.);
#771 = CIRCLE('',#772,1.5E-02);
#772 = AXIS2_PLACEMENT_3D('',#773,#774,#775);
#773 = CARTESIAN_POINT('',(0.15,-0.12,0.27));
#774 = DIRECTION('',(-1.,0.,0.));
#775 = DIRECTION('',(0.,0.,1.));
#776 = ORIENTED_EDGE('',*,*,#739,.F.);
#777 = ORIENTED_EDGE('',*,*,#551,.F.);
#778 = CYLINDRICAL_SURFACE('',#779,1.5E-02);
#779 = AXIS2_PLACEMENT_3D('',#780,#781,#782);
#780 = CARTESIAN_POINT('',(-0.15,-0.12,0.27));
#781 = DIRECTION('',(1.,0.,0.));
#782 = DIRECTION('',(0.,-1.,0.));
#783 = ADVANCED_FACE('',(#784),#795,.F.);
#784 = FACE_BOUND('',#785,.F.);
#785 = EDGE_LOOP('',(#786,#792,#793,#794));
#786 = ORIENTED_EDGE('',*,*,#787,.F.);
#787 = EDGE_CURVE('',#618,#763,#788,.T.);
#788 = LINE('',#789,#790);
#789 = CARTESIAN_POINT('',(0.15,-0.135,1.5E-02));
#790 = VECTOR('',#791,1.);
#791 = DIRECTION('',(0.,0.,1.));
#792 = ORIENTED_EDGE('',*,*,#626,.F.);
#793 = ORIENTED_EDGE('',*,*,#543,.T.);
#794 = ORIENTED_EDGE('',*,*,#762,.T.);
#795 = PLANE('',#796);
#796 = AXIS2_PLACEMENT_3D('',#797,#798,#799);
#797 = CARTESIAN_POINT('',(-0.15,-0.135,1.5E-02));
#798 = DIRECTION('',(0.,1.,0.));
#799 = DIRECTION('',(0.,-0.,1.));
#800 = ADVANCED_FACE('',(#801,#871),#881,.F.);
#801 = FACE_BOUND('',#802,.F.);
#802 = EDGE_LOOP('',(#803,#813,#822,#830,#839,#847,#856,#864));
#803 = ORIENTED_EDGE('',*,*,#804,.F.);
#804 = EDGE_CURVE('',#805,#807,#809,.T.);
#805 = VERTEX_POINT('',#806);
#806 = CARTESIAN_POINT('',(0.15,-0.15,1.5E-02));
#807 = VERTEX_POINT('',#808);
#808 = CARTESIAN_POINT('',(0.15,-0.15,0.285));
#809 = LINE('',#810,#811);
#810 = CARTESIAN_POINT('',(0.15,-0.15,0.));
#811 = VECTOR('',#812,1.);
#812 = DIRECTION('',(0.,0.,1.));
#813 = ORIENTED_EDGE('',*,*,#814,.T.);
#814 = EDGE_CURVE('',#805,#815,#817,.T.);
#815 = VERTEX_POINT('',#816);
#816 = CARTESIAN_POINT('',(0.15,-0.135,-2.775557561563E-17));
#817 = CIRCLE('',#818,1.5E-02);
#818 = AXIS2_PLACEMENT_3D('',#819,#820,#821);
#819 = CARTESIAN_POINT('',(0.15,-0.135,1.5E-02));
#820 = DIRECTION('',(1.,0.,-0.));
#821 = DIRECTION('',(0.,0.,1.));
#822 = ORIENTED_EDGE('',*,*,#823,.T.);
#823 = EDGE_CURVE('',#815,#824,#826,.T.);
#824 = VERTEX_POINT('',#825);
#825 = CARTESIAN_POINT('',(0.15,0.135,-2.775557561563E-17));
#826 = LINE('',#827,#828);
#827 = CARTESIAN_POINT('',(0.15,-0.15,0.));
#828 = VECTOR('',#829,1.);
#829 = DIRECTION('',(0.,1.,0.));
#830 = ORIENTED_EDGE('',*,*,#831,.F.);
#831 = EDGE_CURVE('',#832,#824,#834,.T.);
#832 = VERTEX_POINT('',#833);
#833 = CARTESIAN_POINT('',(0.15,0.15,1.5E-02));
#834 = CIRCLE('',#835,1.5E-02);
#835 = AXIS2_PLACEMENT_3D('',#836,#837,#838);
#836 = CARTESIAN_POINT('',(0.15,0.135,1.5E-02));
#837 = DIRECTION('',(-1.,0.,0.));
#838 = DIRECTION('',(0.,0.,1.));
#839 = ORIENTED_EDGE('',*,*,#840,.T.);
#840 = EDGE_CURVE('',#832,#841,#843,.T.);
#841 = VERTEX_POINT('',#842);
#842 = CARTESIAN_POINT('',(0.15,0.15,0.285));
#843 = LINE('',#844,#845);
#844 = CARTESIAN_POINT('',(0.15,0.15,0.));
#845 = VECTOR('',#846,1.);
#846 = DIRECTION('',(0.,0.,1.));
#847 = ORIENTED_EDGE('',*,*,#848,.T.);
#848 = EDGE_CURVE('',#841,#849,#851,.T.);
#849 = VERTEX_POINT('',#850);
#850 = CARTESIAN_POINT('',(0.15,0.135,0.3));
#851 = CIRCLE('',#852,1.5E-02);
#852 = AXIS2_PLACEMENT_3D('',#853,#854,#855);
#853 = CARTESIAN_POINT('',(0.15,0.135,0.285));
#854 = DIRECTION('',(1.,0.,-0.));
#855 = DIRECTION('',(0.,0.,1.));
#856 = ORIENTED_EDGE('',*,*,#857,.F.);
#857 = EDGE_CURVE('',#858,#849,#860,.T.);
#858 = VERTEX_POINT('',#859);
#859 = CARTESIAN_POINT('',(0.15,-0.135,0.3));
#860 = LINE('',#861,#862);
#861 = CARTESIAN_POINT('',(0.15,-0.15,0.3));
#862 = VECTOR('',#863,1.);
#863 = DIRECTION('',(0.,1.,0.));
#864 = ORIENTED_EDGE('',*,*,#865,.F.);
#865 = EDGE_CURVE('',#807,#858,#866,.T.);
#866 = CIRCLE('',#867,1.5E-02);
#867 = AXIS2_PLACEMENT_3D('',#868,#869,#870);
#868 = CARTESIAN_POINT('',(0.15,-0.135,0.285));
#869 = DIRECTION('',(-1.,0.,0.));
#870 = DIRECTION('',(0.,0.,1.));
#871 = FACE_BOUND('',#872,.F.);
#872 = EDGE_LOOP('',(#873,#874,#875,#876,#877,#878,#879,#880));
#873 = ORIENTED_EDGE('',*,*,#617,.F.);
#874 = ORIENTED_EDGE('',*,*,#787,.T.);
#875 = ORIENTED_EDGE('',*,*,#770,.T.);
#876 = ORIENTED_EDGE('',*,*,#747,.T.);
#877 = ORIENTED_EDGE('',*,*,#722,.F.);
#878 = ORIENTED_EDGE('',*,*,#689,.F.);
#879 = ORIENTED_EDGE('',*,*,#672,.T.);
#880 = ORIENTED_EDGE('',*,*,#642,.F.);
#881 = PLANE('',#882);
#882 = AXIS2_PLACEMENT_3D('',#883,#884,#885);
#883 = CARTESIAN_POINT('',(0.15,-0.15,0.));
#884 = DIRECTION('',(1.,0.,0.));
#885 = DIRECTION('',(0.,0.,1.));
#886 = ADVANCED_FACE('',(#887),#912,.F.);
#887 = FACE_BOUND('',#888,.F.);
#888 = EDGE_LOOP('',(#889,#899,#905,#906));
#889 = ORIENTED_EDGE('',*,*,#890,.F.);
#890 = EDGE_CURVE('',#891,#893,#895,.T.);
#891 = VERTEX_POINT('',#892);
#892 = CARTESIAN_POINT('',(0.3,-0.15,1.5E-02));
#893 = VERTEX_POINT('',#894);
#894 = CARTESIAN_POINT('',(0.3,-0.15,0.285));
#895 = LINE('',#896,#897);
#896 = CARTESIAN_POINT('',(0.3,-0.15,0.));
#897 = VECTOR('',#898,1.);
#898 = DIRECTION('',(0.,0.,1.));
#899 = ORIENTED_EDGE('',*,*,#900,.F.);
#900 = EDGE_CURVE('',#805,#891,#901,.T.);
#901 = LINE('',#902,#903);
#902 = CARTESIAN_POINT('',(0.15,-0.15,1.5E-02));
#903 = VECTOR('',#904,1.);
#904 = DIRECTION('',(1.,0.,0.));
#905 = ORIENTED_EDGE('',*,*,#804,.T.);
#906 = ORIENTED_EDGE('',*,*,#907,.T.);
#907 = EDGE_CURVE('',#807,#893,#908,.T.);
#908 = LINE('',#909,#910);
#909 = CARTESIAN_POINT('',(0.15,-0.15,0.285));
#910 = VECTOR('',#911,1.);
#911 = DIRECTION('',(1.,0.,0.));
#912 = PLANE('',#913);
#913 = AXIS2_PLACEMENT_3D('',#914,#915,#916);
#914 = CARTESIAN_POINT('',(0.15,-0.15,0.));
#915 = DIRECTION('',(0.,1.,0.));
#916 = DIRECTION('',(0.,-0.,1.));
#917 = ADVANCED_FACE('',(#918),#937,.T.);
#918 = FACE_BOUND('',#919,.T.);
#919 = EDGE_LOOP('',(#920,#921,#929,#936));
#920 = ORIENTED_EDGE('',*,*,#814,.T.);
#921 = ORIENTED_EDGE('',*,*,#922,.T.);
#922 = EDGE_CURVE('',#815,#923,#925,.T.);
#923 = VERTEX_POINT('',#924);
#924 = CARTESIAN_POINT('',(0.3,-0.135,-2.775557561563E-17));
#925 = LINE('',#926,#927);
#926 = CARTESIAN_POINT('',(0.15,-0.135,-2.775557561563E-17));
#927 = VECTOR('',#928,1.);
#928 = DIRECTION('',(1.,0.,0.));
#929 = ORIENTED_EDGE('',*,*,#930,.F.);
#930 = EDGE_CURVE('',#891,#923,#931,.T.);
#931 = CIRCLE('',#932,1.5E-02);
#932 = AXIS2_PLACEMENT_3D('',#933,#934,#935);
#933 = CARTESIAN_POINT('',(0.3,-0.135,1.5E-02));
#934 = DIRECTION('',(1.,0.,-0.));
#935 = DIRECTION('',(0.,0.,1.));
#936 = ORIENTED_EDGE('',*,*,#900,.F.);
#937 = CYLINDRICAL_SURFACE('',#938,1.5E-02);
#938 = AXIS2_PLACEMENT_3D('',#939,#940,#941);
#939 = CARTESIAN_POINT('',(0.15,-0.135,1.5E-02));
#940 = DIRECTION('',(1.,0.,0.));
#941 = DIRECTION('',(0.,-1.,0.));
#942 = ADVANCED_FACE('',(#943),#962,.T.);
#943 = FACE_BOUND('',#944,.T.);
#944 = EDGE_LOOP('',(#945,#946,#955,#961));
#945 = ORIENTED_EDGE('',*,*,#907,.T.);
#946 = ORIENTED_EDGE('',*,*,#947,.T.);
#947 = EDGE_CURVE('',#893,#948,#950,.T.);
#948 = VERTEX_POINT('',#949);
#949 = CARTESIAN_POINT('',(0.3,-0.135,0.3));
#950 = CIRCLE('',#951,1.5E-02);
#951 = AXIS2_PLACEMENT_3D('',#952,#953,#954);
#952 = CARTESIAN_POINT('',(0.3,-0.135,0.285));
#953 = DIRECTION('',(-1.,0.,0.));
#954 = DIRECTION('',(0.,0.,1.));
#955 = ORIENTED_EDGE('',*,*,#956,.F.);
#956 = EDGE_CURVE('',#858,#948,#957,.T.);
#957 = LINE('',#958,#959);
#958 = CARTESIAN_POINT('',(0.15,-0.135,0.3));
#959 = VECTOR('',#960,1.);
#960 = DIRECTION('',(1.,0.,0.));
#961 = ORIENTED_EDGE('',*,*,#865,.F.);
#962 = CYLINDRICAL_SURFACE('',#963,1.5E-02);
#963 = AXIS2_PLACEMENT_3D('',#964,#965,#966);
#964 = CARTESIAN_POINT('',(0.15,-0.135,0.285));
#965 = DIRECTION('',(1.,0.,0.));
#966 = DIRECTION('',(0.,-1.,0.));
#967 = ADVANCED_FACE('',(#968),#986,.F.);
#968 = FACE_BOUND('',#969,.F.);
#969 = EDGE_LOOP('',(#970,#971,#972,#980));
#970 = ORIENTED_EDGE('',*,*,#823,.F.);
#971 = ORIENTED_EDGE('',*,*,#922,.T.);
#972 = ORIENTED_EDGE('',*,*,#973,.T.);
#973 = EDGE_CURVE('',#923,#974,#976,.T.);
#974 = VERTEX_POINT('',#975);
#975 = CARTESIAN_POINT('',(0.3,0.135,-2.775557561563E-17));
#976 = LINE('',#977,#978);
#977 = CARTESIAN_POINT('',(0.3,-0.15,0.));
#978 = VECTOR('',#979,1.);
#979 = DIRECTION('',(0.,1.,0.));
#980 = ORIENTED_EDGE('',*,*,#981,.F.);
#981 = EDGE_CURVE('',#824,#974,#982,.T.);
#982 = LINE('',#983,#984);
#983 = CARTESIAN_POINT('',(0.15,0.135,-2.775557561563E-17));
#984 = VECTOR('',#985,1.);
#985 = DIRECTION('',(1.,0.,0.));
#986 = PLANE('',#987);
#987 = AXIS2_PLACEMENT_3D('',#988,#989,#990);
#988 = CARTESIAN_POINT('',(0.15,-0.15,0.));
#989 = DIRECTION('',(0.,0.,1.));
#990 = DIRECTION('',(1.,0.,-0.));
#991 = ADVANCED_FACE('',(#992),#1010,.T.);
#992 = FACE_BOUND('',#993,.T.);
#993 = EDGE_LOOP('',(#994,#995,#996,#1004));
#994 = ORIENTED_EDGE('',*,*,#857,.F.);
#995 = ORIENTED_EDGE('',*,*,#956,.T.);
#996 = ORIENTED_EDGE('',*,*,#997,.T.);
#997 = EDGE_CURVE('',#948,#998,#1000,.T.);
#998 = VERTEX_POINT('',#999);
#999 = CARTESIAN_POINT('',(0.3,0.135,0.3));
#1000 = LINE('',#1001,#1002);
#1001 = CARTESIAN_POINT('',(0.3,-0.15,0.3));
#1002 = VECTOR('',#1003,1.);
#1003 = DIRECTION('',(0.,1.,0.));
#1004 = ORIENTED_EDGE('',*,*,#1005,.F.);
#1005 = EDGE_CURVE('',#849,#998,#1006,.T.);
#1006 = LINE('',#1007,#1008);
#1007 = CARTESIAN_POINT('',(0.15,0.135,0.3));
#1008 = VECTOR('',#1009,1.);
#1009 = DIRECTION('',(1.,0.,0.));
#1010 = PLANE('',#1011);
#1011 = AXIS2_PLACEMENT_3D('',#1012,#1013,#1014);
#1012 = CARTESIAN_POINT('',(0.15,-0.15,0.3));
#1013 = DIRECTION('',(0.,0.,1.));
#1014 = DIRECTION('',(1.,0.,-0.));
#1015 = ADVANCED_FACE('',(#1016),#1035,.T.);
#1016 = FACE_BOUND('',#1017,.T.);
#1017 = EDGE_LOOP('',(#1018,#1026,#1033,#1034));
#1018 = ORIENTED_EDGE('',*,*,#1019,.T.);
#1019 = EDGE_CURVE('',#832,#1020,#1022,.T.);
#1020 = VERTEX_POINT('',#1021);
#1021 = CARTESIAN_POINT('',(0.3,0.15,1.5E-02));
#1022 = LINE('',#1023,#1024);
#1023 = CARTESIAN_POINT('',(0.15,0.15,1.5E-02));
#1024 = VECTOR('',#1025,1.);
#1025 = DIRECTION('',(1.,0.,0.));
#1026 = ORIENTED_EDGE('',*,*,#1027,.T.);
#1027 = EDGE_CURVE('',#1020,#974,#1028,.T.);
#1028 = CIRCLE('',#1029,1.5E-02);
#1029 = AXIS2_PLACEMENT_3D('',#1030,#1031,#1032);
#1030 = CARTESIAN_POINT('',(0.3,0.135,1.5E-02));
#1031 = DIRECTION('',(-1.,0.,0.));
#1032 = DIRECTION('',(0.,0.,1.));
#1033 = ORIENTED_EDGE('',*,*,#981,.F.);
#1034 = ORIENTED_EDGE('',*,*,#831,.F.);
#1035 = CYLINDRICAL_SURFACE('',#1036,1.5E-02);
#1036 = AXIS2_PLACEMENT_3D('',#1037,#1038,#1039);
#1037 = CARTESIAN_POINT('',(0.15,0.135,1.5E-02));
#1038 = DIRECTION('',(1.,0.,0.));
#1039 = DIRECTION('',(-0.,1.,0.));
#1040 = ADVANCED_FACE('',(#1041),#1060,.T.);
#1041 = FACE_BOUND('',#1042,.T.);
#1042 = EDGE_LOOP('',(#1043,#1044,#1045,#1054));
#1043 = ORIENTED_EDGE('',*,*,#848,.T.);
#1044 = ORIENTED_EDGE('',*,*,#1005,.T.);
#1045 = ORIENTED_EDGE('',*,*,#1046,.F.);
#1046 = EDGE_CURVE('',#1047,#998,#1049,.T.);
#1047 = VERTEX_POINT('',#1048);
#1048 = CARTESIAN_POINT('',(0.3,0.15,0.285));
#1049 = CIRCLE('',#1050,1.5E-02);
#1050 = AXIS2_PLACEMENT_3D('',#1051,#1052,#1053);
#1051 = CARTESIAN_POINT('',(0.3,0.135,0.285));
#1052 = DIRECTION('',(1.,0.,-0.));
#1053 = DIRECTION('',(0.,0.,1.));
#1054 = ORIENTED_EDGE('',*,*,#1055,.F.);
#1055 = EDGE_CURVE('',#841,#1047,#1056,.T.);
#1056 = LINE('',#1057,#1058);
#1057 = CARTESIAN_POINT('',(0.15,0.15,0.285));
#1058 = VECTOR('',#1059,1.);
#1059 = DIRECTION('',(1.,0.,0.));
#1060 = CYLINDRICAL_SURFACE('',#1061,1.5E-02);
#1061 = AXIS2_PLACEMENT_3D('',#1062,#1063,#1064);
#1062 = CARTESIAN_POINT('',(0.15,0.135,0.285));
#1063 = DIRECTION('',(1.,0.,0.));
#1064 = DIRECTION('',(-0.,1.,0.));
#1065 = ADVANCED_FACE('',(#1066),#1077,.T.);
#1066 = FACE_BOUND('',#1067,.T.);
#1067 = EDGE_LOOP('',(#1068,#1074,#1075,#1076));
#1068 = ORIENTED_EDGE('',*,*,#1069,.F.);
#1069 = EDGE_CURVE('',#1020,#1047,#1070,.T.);
#1070 = LINE('',#1071,#1072);
#1071 = CARTESIAN_POINT('',(0.3,0.15,0.));
#1072 = VECTOR('',#1073,1.);
#1073 = DIRECTION('',(0.,0.,1.));
#1074 = ORIENTED_EDGE('',*,*,#1019,.F.);
#1075 = ORIENTED_EDGE('',*,*,#840,.T.);
#1076 = ORIENTED_EDGE('',*,*,#1055,.T.);
#1077 = PLANE('',#1078);
#1078 = AXIS2_PLACEMENT_3D('',#1079,#1080,#1081);
#1079 = CARTESIAN_POINT('',(0.15,0.15,0.));
#1080 = DIRECTION('',(0.,1.,0.));
#1081 = DIRECTION('',(0.,-0.,1.));
#1082 = ADVANCED_FACE('',(#1083),#1093,.T.);
#1083 = FACE_BOUND('',#1084,.T.);
#1084 = EDGE_LOOP('',(#1085,#1086,#1087,#1088,#1089,#1090,#1091,#1092));
#1085 = ORIENTED_EDGE('',*,*,#890,.F.);
#1086 = ORIENTED_EDGE('',*,*,#930,.T.);
#1087 = ORIENTED_EDGE('',*,*,#973,.T.);
#1088 = ORIENTED_EDGE('',*,*,#1027,.F.);
#1089 = ORIENTED_EDGE('',*,*,#1069,.T.);
#1090 = ORIENTED_EDGE('',*,*,#1046,.T.);
#1091 = ORIENTED_EDGE('',*,*,#997,.F.);
#1092 = ORIENTED_EDGE('',*,*,#947,.F.);
#1093 = PLANE('',#1094);
#1094 = AXIS2_PLACEMENT_3D('',#1095,#1096,#1097);
#1095 = CARTESIAN_POINT('',(0.3,-0.15,0.));
#1096 = DIRECTION('',(1.,0.,0.));
#1097 = DIRECTION('',(0.,0.,1.));
#1098 = ( GEOMETRIC_REPRESENTATION_CONTEXT(3) 
GLOBAL_UNCERTAINTY_ASSIGNED_CONTEXT((#1102)) 
GLOBAL_UNIT_ASSIGNED_CONTEXT((#1099,#1100,#1101)) REPRESENTATION_CONTEXT
('Context #1','3D Context with UNIT and UNCERTAINTY') );
#1099 = ( LENGTH_UNIT() NAMED_UNIT(*) SI_UNIT(.MILLI.,.METRE.) );
#1100 = ( NAMED_UNIT(*) PLANE_ANGLE_UNIT() SI_UNIT($,.RADIAN.) );
#1101 = ( NAMED_UNIT(*) SI_UNIT($,.STERADIAN.) SOLID_ANGLE_UNIT() );
#1102 = UNCERTAINTY_MEASURE_WITH_UNIT(LENGTH_MEASURE(1.E-07),#1099,
  'distance_accuracy_value','confusion accuracy');
#1103 = CONTEXT_DEPENDENT_SHAPE_REPRESENTATION(#1104,#1106);
#1104 = ( REPRESENTATION_RELATIONSHIP('','',#243,#220) 
REPRESENTATION_RELATIONSHIP_WITH_TRANSFORMATION(#1105) 
SHAPE_REPRESENTATION_RELATIONSHIP() );
#1105 = ITEM_DEFINED_TRANSFORMATION('','',#11,#221);
#1106 = PRODUCT_DEFINITION_SHAPE('Placement','Placement of an item',
  #1107);
#1107 = NEXT_ASSEMBLY_USAGE_OCCURRENCE('1','=>[0:1:1:3]','',#215,#238,$
  );
#1108 = PRODUCT_RELATED_PRODUCT_CATEGORY('part',$,(#240));
#1109 = SHAPE_DEFINITION_REPRESENTATION(#1110,#1116);
#1110 = PRODUCT_DEFINITION_SHAPE('','',#1111);
#1111 = PRODUCT_DEFINITION('design','',#1112,#1115);
#1112 = PRODUCT_DEFINITION_FORMATION('','',#1113);
#1113 = PRODUCT('C_0402_1005Metric','C_0402_1005Metric','',(#1114));
#1114 = PRODUCT_CONTEXT('',#2,'mechanical');
#1115 = PRODUCT_DEFINITION_CONTEXT('part definition',#2,'design');
#1116 = SHAPE_REPRESENTATION('',(#11,#1117),#1121);
#1117 = AXIS2_PLACEMENT_3D('',#1118,#1119,#1120);
#1118 = CARTESIAN_POINT('',(0.,0.,0.));
#1119 = DIRECTION('',(0.,0.,1.));
#1120 = DIRECTION('',(1.,0.,-0.));
#1121 = ( GEOMETRIC_REPRESENTATION_CONTEXT(3) 
GLOBAL_UNCERTAINTY_ASSIGNED_CONTEXT((#1125)) 
GLOBAL_UNIT_ASSIGNED_CONTEXT((#1122,#1123,#1124)) REPRESENTATION_CONTEXT
('Context #1','3D Context with UNIT and UNCERTAINTY') );
#1122 = ( LENGTH_UNIT() NAMED_UNIT(*) SI_UNIT(.MILLI.,.METRE.) );
#1123 = ( NAMED_UNIT(*) PLANE_ANGLE_UNIT() SI_UNIT($,.RADIAN.) );
#1124 = ( NAMED_UNIT(*) SI_UNIT($,.STERADIAN.) SOLID_ANGLE_UNIT() );
#1125 = UNCERTAINTY_MEASURE_WITH_UNIT(LENGTH_MEASURE(1.E-07),#1122,
  'distance_accuracy_value','confusion accuracy');
#1126 = CONTEXT_DEPENDENT_SHAPE_REPRESENTATION(#1127,#1129);
#1127 = ( REPRESENTATION_RELATIONSHIP('','',#1116,#10) 
REPRESENTATION_RELATIONSHIP_WITH_TRANSFORMATION(#1128) 
SHAPE_REPRESENTATION_RELATIONSHIP() );
#1128 = ITEM_DEFINED_TRANSFORMATION('','',#11,#19);
#1129 = PRODUCT_DEFINITION_SHAPE('Placement','Placement of an item',
  #1130);
#1130 = NEXT_ASSEMBLY_USAGE_OCCURRENCE('4','C9','',#5,#1111,$);
#1131 = PRODUCT_RELATED_PRODUCT_CATEGORY('part',$,(#1113));
#1132 = SHAPE_DEFINITION_REPRESENTATION(#1133,#1139);
#1133 = PRODUCT_DEFINITION_SHAPE('','',#1134);
#1134 = PRODUCT_DEFINITION('design','',#1135,#1138);
#1135 = PRODUCT_DEFINITION_FORMATION('','',#1136);
#1136 = PRODUCT('C_0402_1005Metric','C_0402_1005Metric','',(#1137));
#1137 = PRODUCT_CONTEXT('',#2,'mechanical');
#1138 = PRODUCT_DEFINITION_CONTEXT('part definition',#2,'design');
#1139 = ADVANCED_BREP_SHAPE_REPRESENTATION('',(#11,#1140),#1994);
#1140 = MANIFOLD_SOLID_BREP('',#1141);
#1141 = CLOSED_SHELL('',(#1142,#1218,#1249,#1274,#1299,#1323,#1347,#1372
    ,#1397,#1414,#1500,#1532,#1556,#1581,#1605,#1630,#1654,#1679,#1696,
    #1782,#1813,#1838,#1863,#1887,#1911,#1936,#1961,#1978));
#1142 = ADVANCED_FACE('',(#1143),#1213,.F.);
#1143 = FACE_BOUND('',#1144,.F.);
#1144 = EDGE_LOOP('',(#1145,#1155,#1164,#1172,#1181,#1189,#1198,#1206));
#1145 = ORIENTED_EDGE('',*,*,#1146,.F.);
#1146 = EDGE_CURVE('',#1147,#1149,#1151,.T.);
#1147 = VERTEX_POINT('',#1148);
#1148 = CARTESIAN_POINT('',(-0.5,-0.25,2.E-02));
#1149 = VERTEX_POINT('',#1150);
#1150 = CARTESIAN_POINT('',(-0.5,-0.25,0.48));
#1151 = LINE('',#1152,#1153);
#1152 = CARTESIAN_POINT('',(-0.5,-0.25,0.));
#1153 = VECTOR('',#1154,1.);
#1154 = DIRECTION('',(0.,0.,1.));
#1155 = ORIENTED_EDGE('',*,*,#1156,.T.);
#1156 = EDGE_CURVE('',#1147,#1157,#1159,.T.);
#1157 = VERTEX_POINT('',#1158);
#1158 = CARTESIAN_POINT('',(-0.5,-0.23,0.));
#1159 = CIRCLE('',#1160,2.E-02);
#1160 = AXIS2_PLACEMENT_3D('',#1161,#1162,#1163);
#1161 = CARTESIAN_POINT('',(-0.5,-0.23,2.E-02));
#1162 = DIRECTION('',(1.,0.,-0.));
#1163 = DIRECTION('',(0.,0.,1.));
#1164 = ORIENTED_EDGE('',*,*,#1165,.T.);
#1165 = EDGE_CURVE('',#1157,#1166,#1168,.T.);
#1166 = VERTEX_POINT('',#1167);
#1167 = CARTESIAN_POINT('',(-0.5,0.23,0.));
#1168 = LINE('',#1169,#1170);
#1169 = CARTESIAN_POINT('',(-0.5,-0.25,0.));
#1170 = VECTOR('',#1171,1.);
#1171 = DIRECTION('',(0.,1.,0.));
#1172 = ORIENTED_EDGE('',*,*,#1173,.F.);
#1173 = EDGE_CURVE('',#1174,#1166,#1176,.T.);
#1174 = VERTEX_POINT('',#1175);
#1175 = CARTESIAN_POINT('',(-0.5,0.25,2.E-02));
#1176 = CIRCLE('',#1177,2.E-02);
#1177 = AXIS2_PLACEMENT_3D('',#1178,#1179,#1180);
#1178 = CARTESIAN_POINT('',(-0.5,0.23,2.E-02));
#1179 = DIRECTION('',(-1.,0.,0.));
#1180 = DIRECTION('',(0.,0.,1.));
#1181 = ORIENTED_EDGE('',*,*,#1182,.T.);
#1182 = EDGE_CURVE('',#1174,#1183,#1185,.T.);
#1183 = VERTEX_POINT('',#1184);
#1184 = CARTESIAN_POINT('',(-0.5,0.25,0.48));
#1185 = LINE('',#1186,#1187);
#1186 = CARTESIAN_POINT('',(-0.5,0.25,0.));
#1187 = VECTOR('',#1188,1.);
#1188 = DIRECTION('',(0.,0.,1.));
#1189 = ORIENTED_EDGE('',*,*,#1190,.T.);
#1190 = EDGE_CURVE('',#1183,#1191,#1193,.T.);
#1191 = VERTEX_POINT('',#1192);
#1192 = CARTESIAN_POINT('',(-0.5,0.23,0.5));
#1193 = CIRCLE('',#1194,2.E-02);
#1194 = AXIS2_PLACEMENT_3D('',#1195,#1196,#1197);
#1195 = CARTESIAN_POINT('',(-0.5,0.23,0.48));
#1196 = DIRECTION('',(1.,0.,-0.));
#1197 = DIRECTION('',(0.,0.,1.));
#1198 = ORIENTED_EDGE('',*,*,#1199,.F.);
#1199 = EDGE_CURVE('',#1200,#1191,#1202,.T.);
#1200 = VERTEX_POINT('',#1201);
#1201 = CARTESIAN_POINT('',(-0.5,-0.23,0.5));
#1202 = LINE('',#1203,#1204);
#1203 = CARTESIAN_POINT('',(-0.5,-0.25,0.5));
#1204 = VECTOR('',#1205,1.);
#1205 = DIRECTION('',(0.,1.,0.));
#1206 = ORIENTED_EDGE('',*,*,#1207,.F.);
#1207 = EDGE_CURVE('',#1149,#1200,#1208,.T.);
#1208 = CIRCLE('',#1209,2.E-02);
#1209 = AXIS2_PLACEMENT_3D('',#1210,#1211,#1212);
#1210 = CARTESIAN_POINT('',(-0.5,-0.23,0.48));
#1211 = DIRECTION('',(-1.,0.,0.));
#1212 = DIRECTION('',(0.,0.,1.));
#1213 = PLANE('',#1214);
#1214 = AXIS2_PLACEMENT_3D('',#1215,#1216,#1217);
#1215 = CARTESIAN_POINT('',(-0.5,-0.25,0.));
#1216 = DIRECTION('',(1.,0.,0.));
#1217 = DIRECTION('',(0.,0.,1.));
#1218 = ADVANCED_FACE('',(#1219),#1244,.F.);
#1219 = FACE_BOUND('',#1220,.F.);
#1220 = EDGE_LOOP('',(#1221,#1231,#1237,#1238));
#1221 = ORIENTED_EDGE('',*,*,#1222,.F.);
#1222 = EDGE_CURVE('',#1223,#1225,#1227,.T.);
#1223 = VERTEX_POINT('',#1224);
#1224 = CARTESIAN_POINT('',(-0.3,-0.25,2.E-02));
#1225 = VERTEX_POINT('',#1226);
#1226 = CARTESIAN_POINT('',(-0.3,-0.25,0.48));
#1227 = LINE('',#1228,#1229);
#1228 = CARTESIAN_POINT('',(-0.3,-0.25,0.));
#1229 = VECTOR('',#1230,1.);
#1230 = DIRECTION('',(0.,0.,1.));
#1231 = ORIENTED_EDGE('',*,*,#1232,.F.);
#1232 = EDGE_CURVE('',#1147,#1223,#1233,.T.);
#1233 = LINE('',#1234,#1235);
#1234 = CARTESIAN_POINT('',(-0.5,-0.25,2.E-02));
#1235 = VECTOR('',#1236,1.);
#1236 = DIRECTION('',(1.,0.,0.));
#1237 = ORIENTED_EDGE('',*,*,#1146,.T.);
#1238 = ORIENTED_EDGE('',*,*,#1239,.T.);
#1239 = EDGE_CURVE('',#1149,#1225,#1240,.T.);
#1240 = LINE('',#1241,#1242);
#1241 = CARTESIAN_POINT('',(-0.5,-0.25,0.48));
#1242 = VECTOR('',#1243,1.);
#1243 = DIRECTION('',(1.,0.,0.));
#1244 = PLANE('',#1245);
#1245 = AXIS2_PLACEMENT_3D('',#1246,#1247,#1248);
#1246 = CARTESIAN_POINT('',(-0.5,-0.25,0.));
#1247 = DIRECTION('',(0.,1.,0.));
#1248 = DIRECTION('',(0.,-0.,1.));
#1249 = ADVANCED_FACE('',(#1250),#1269,.T.);
#1250 = FACE_BOUND('',#1251,.T.);
#1251 = EDGE_LOOP('',(#1252,#1253,#1261,#1268));
#1252 = ORIENTED_EDGE('',*,*,#1156,.T.);
#1253 = ORIENTED_EDGE('',*,*,#1254,.T.);
#1254 = EDGE_CURVE('',#1157,#1255,#1257,.T.);
#1255 = VERTEX_POINT('',#1256);
#1256 = CARTESIAN_POINT('',(-0.3,-0.23,0.));
#1257 = LINE('',#1258,#1259);
#1258 = CARTESIAN_POINT('',(-0.5,-0.23,0.));
#1259 = VECTOR('',#1260,1.);
#1260 = DIRECTION('',(1.,0.,0.));
#1261 = ORIENTED_EDGE('',*,*,#1262,.F.);
#1262 = EDGE_CURVE('',#1223,#1255,#1263,.T.);
#1263 = CIRCLE('',#1264,2.E-02);
#1264 = AXIS2_PLACEMENT_3D('',#1265,#1266,#1267);
#1265 = CARTESIAN_POINT('',(-0.3,-0.23,2.E-02));
#1266 = DIRECTION('',(1.,0.,-0.));
#1267 = DIRECTION('',(0.,0.,1.));
#1268 = ORIENTED_EDGE('',*,*,#1232,.F.);
#1269 = CYLINDRICAL_SURFACE('',#1270,2.E-02);
#1270 = AXIS2_PLACEMENT_3D('',#1271,#1272,#1273);
#1271 = CARTESIAN_POINT('',(-0.5,-0.23,2.E-02));
#1272 = DIRECTION('',(1.,0.,0.));
#1273 = DIRECTION('',(0.,-1.,0.));
#1274 = ADVANCED_FACE('',(#1275),#1294,.T.);
#1275 = FACE_BOUND('',#1276,.T.);
#1276 = EDGE_LOOP('',(#1277,#1278,#1287,#1293));
#1277 = ORIENTED_EDGE('',*,*,#1239,.T.);
#1278 = ORIENTED_EDGE('',*,*,#1279,.T.);
#1279 = EDGE_CURVE('',#1225,#1280,#1282,.T.);
#1280 = VERTEX_POINT('',#1281);
#1281 = CARTESIAN_POINT('',(-0.3,-0.23,0.5));
#1282 = CIRCLE('',#1283,2.E-02);
#1283 = AXIS2_PLACEMENT_3D('',#1284,#1285,#1286);
#1284 = CARTESIAN_POINT('',(-0.3,-0.23,0.48));
#1285 = DIRECTION('',(-1.,0.,0.));
#1286 = DIRECTION('',(0.,0.,1.));
#1287 = ORIENTED_EDGE('',*,*,#1288,.F.);
#1288 = EDGE_CURVE('',#1200,#1280,#1289,.T.);
#1289 = LINE('',#1290,#1291);
#1290 = CARTESIAN_POINT('',(-0.5,-0.23,0.5));
#1291 = VECTOR('',#1292,1.);
#1292 = DIRECTION('',(1.,0.,0.));
#1293 = ORIENTED_EDGE('',*,*,#1207,.F.);
#1294 = CYLINDRICAL_SURFACE('',#1295,2.E-02);
#1295 = AXIS2_PLACEMENT_3D('',#1296,#1297,#1298);
#1296 = CARTESIAN_POINT('',(-0.5,-0.23,0.48));
#1297 = DIRECTION('',(1.,0.,0.));
#1298 = DIRECTION('',(0.,-1.,0.));
#1299 = ADVANCED_FACE('',(#1300),#1318,.F.);
#1300 = FACE_BOUND('',#1301,.F.);
#1301 = EDGE_LOOP('',(#1302,#1303,#1304,#1312));
#1302 = ORIENTED_EDGE('',*,*,#1165,.F.);
#1303 = ORIENTED_EDGE('',*,*,#1254,.T.);
#1304 = ORIENTED_EDGE('',*,*,#1305,.T.);
#1305 = EDGE_CURVE('',#1255,#1306,#1308,.T.);
#1306 = VERTEX_POINT('',#1307);
#1307 = CARTESIAN_POINT('',(-0.3,0.23,0.));
#1308 = LINE('',#1309,#1310);
#1309 = CARTESIAN_POINT('',(-0.3,-0.25,0.));
#1310 = VECTOR('',#1311,1.);
#1311 = DIRECTION('',(0.,1.,0.));
#1312 = ORIENTED_EDGE('',*,*,#1313,.F.);
#1313 = EDGE_CURVE('',#1166,#1306,#1314,.T.);
#1314 = LINE('',#1315,#1316);
#1315 = CARTESIAN_POINT('',(-0.5,0.23,0.));
#1316 = VECTOR('',#1317,1.);
#1317 = DIRECTION('',(1.,0.,0.));
#1318 = PLANE('',#1319);
#1319 = AXIS2_PLACEMENT_3D('',#1320,#1321,#1322);
#1320 = CARTESIAN_POINT('',(-0.5,-0.25,0.));
#1321 = DIRECTION('',(0.,0.,1.));
#1322 = DIRECTION('',(1.,0.,-0.));
#1323 = ADVANCED_FACE('',(#1324),#1342,.T.);
#1324 = FACE_BOUND('',#1325,.T.);
#1325 = EDGE_LOOP('',(#1326,#1327,#1328,#1336));
#1326 = ORIENTED_EDGE('',*,*,#1199,.F.);
#1327 = ORIENTED_EDGE('',*,*,#1288,.T.);
#1328 = ORIENTED_EDGE('',*,*,#1329,.T.);
#1329 = EDGE_CURVE('',#1280,#1330,#1332,.T.);
#1330 = VERTEX_POINT('',#1331);
#1331 = CARTESIAN_POINT('',(-0.3,0.23,0.5));
#1332 = LINE('',#1333,#1334);
#1333 = CARTESIAN_POINT('',(-0.3,-0.25,0.5));
#1334 = VECTOR('',#1335,1.);
#1335 = DIRECTION('',(0.,1.,0.));
#1336 = ORIENTED_EDGE('',*,*,#1337,.F.);
#1337 = EDGE_CURVE('',#1191,#1330,#1338,.T.);
#1338 = LINE('',#1339,#1340);
#1339 = CARTESIAN_POINT('',(-0.5,0.23,0.5));
#1340 = VECTOR('',#1341,1.);
#1341 = DIRECTION('',(1.,0.,0.));
#1342 = PLANE('',#1343);
#1343 = AXIS2_PLACEMENT_3D('',#1344,#1345,#1346);
#1344 = CARTESIAN_POINT('',(-0.5,-0.25,0.5));
#1345 = DIRECTION('',(0.,0.,1.));
#1346 = DIRECTION('',(1.,0.,-0.));
#1347 = ADVANCED_FACE('',(#1348),#1367,.T.);
#1348 = FACE_BOUND('',#1349,.T.);
#1349 = EDGE_LOOP('',(#1350,#1358,#1365,#1366));
#1350 = ORIENTED_EDGE('',*,*,#1351,.T.);
#1351 = EDGE_CURVE('',#1174,#1352,#1354,.T.);
#1352 = VERTEX_POINT('',#1353);
#1353 = CARTESIAN_POINT('',(-0.3,0.25,2.E-02));
#1354 = LINE('',#1355,#1356);
#1355 = CARTESIAN_POINT('',(-0.5,0.25,2.E-02));
#1356 = VECTOR('',#1357,1.);
#1357 = DIRECTION('',(1.,0.,0.));
#1358 = ORIENTED_EDGE('',*,*,#1359,.T.);
#1359 = EDGE_CURVE('',#1352,#1306,#1360,.T.);
#1360 = CIRCLE('',#1361,2.E-02);
#1361 = AXIS2_PLACEMENT_3D('',#1362,#1363,#1364);
#1362 = CARTESIAN_POINT('',(-0.3,0.23,2.E-02));
#1363 = DIRECTION('',(-1.,0.,0.));
#1364 = DIRECTION('',(0.,0.,1.));
#1365 = ORIENTED_EDGE('',*,*,#1313,.F.);
#1366 = ORIENTED_EDGE('',*,*,#1173,.F.);
#1367 = CYLINDRICAL_SURFACE('',#1368,2.E-02);
#1368 = AXIS2_PLACEMENT_3D('',#1369,#1370,#1371);
#1369 = CARTESIAN_POINT('',(-0.5,0.23,2.E-02));
#1370 = DIRECTION('',(1.,0.,0.));
#1371 = DIRECTION('',(-0.,1.,0.));
#1372 = ADVANCED_FACE('',(#1373),#1392,.T.);
#1373 = FACE_BOUND('',#1374,.T.);
#1374 = EDGE_LOOP('',(#1375,#1376,#1377,#1386));
#1375 = ORIENTED_EDGE('',*,*,#1190,.T.);
#1376 = ORIENTED_EDGE('',*,*,#1337,.T.);
#1377 = ORIENTED_EDGE('',*,*,#1378,.F.);
#1378 = EDGE_CURVE('',#1379,#1330,#1381,.T.);
#1379 = VERTEX_POINT('',#1380);
#1380 = CARTESIAN_POINT('',(-0.3,0.25,0.48));
#1381 = CIRCLE('',#1382,2.E-02);
#1382 = AXIS2_PLACEMENT_3D('',#1383,#1384,#1385);
#1383 = CARTESIAN_POINT('',(-0.3,0.23,0.48));
#1384 = DIRECTION('',(1.,0.,-0.));
#1385 = DIRECTION('',(0.,0.,1.));
#1386 = ORIENTED_EDGE('',*,*,#1387,.F.);
#1387 = EDGE_CURVE('',#1183,#1379,#1388,.T.);
#1388 = LINE('',#1389,#1390);
#1389 = CARTESIAN_POINT('',(-0.5,0.25,0.48));
#1390 = VECTOR('',#1391,1.);
#1391 = DIRECTION('',(1.,0.,0.));
#1392 = CYLINDRICAL_SURFACE('',#1393,2.E-02);
#1393 = AXIS2_PLACEMENT_3D('',#1394,#1395,#1396);
#1394 = CARTESIAN_POINT('',(-0.5,0.23,0.48));
#1395 = DIRECTION('',(1.,0.,0.));
#1396 = DIRECTION('',(-0.,1.,0.));
#1397 = ADVANCED_FACE('',(#1398),#1409,.T.);
#1398 = FACE_BOUND('',#1399,.T.);
#1399 = EDGE_LOOP('',(#1400,#1406,#1407,#1408));
#1400 = ORIENTED_EDGE('',*,*,#1401,.F.);
#1401 = EDGE_CURVE('',#1352,#1379,#1402,.T.);
#1402 = LINE('',#1403,#1404);
#1403 = CARTESIAN_POINT('',(-0.3,0.25,0.));
#1404 = VECTOR('',#1405,1.);
#1405 = DIRECTION('',(0.,0.,1.));
#1406 = ORIENTED_EDGE('',*,*,#1351,.F.);
#1407 = ORIENTED_EDGE('',*,*,#1182,.T.);
#1408 = ORIENTED_EDGE('',*,*,#1387,.T.);
#1409 = PLANE('',#1410);
#1410 = AXIS2_PLACEMENT_3D('',#1411,#1412,#1413);
#1411 = CARTESIAN_POINT('',(-0.5,0.25,0.));
#1412 = DIRECTION('',(0.,1.,0.));
#1413 = DIRECTION('',(0.,-0.,1.));
#1414 = ADVANCED_FACE('',(#1415,#1425),#1495,.T.);
#1415 = FACE_BOUND('',#1416,.T.);
#1416 = EDGE_LOOP('',(#1417,#1418,#1419,#1420,#1421,#1422,#1423,#1424));
#1417 = ORIENTED_EDGE('',*,*,#1222,.F.);
#1418 = ORIENTED_EDGE('',*,*,#1262,.T.);
#1419 = ORIENTED_EDGE('',*,*,#1305,.T.);
#1420 = ORIENTED_EDGE('',*,*,#1359,.F.);
#1421 = ORIENTED_EDGE('',*,*,#1401,.T.);
#1422 = ORIENTED_EDGE('',*,*,#1378,.T.);
#1423 = ORIENTED_EDGE('',*,*,#1329,.F.);
#1424 = ORIENTED_EDGE('',*,*,#1279,.F.);
#1425 = FACE_BOUND('',#1426,.T.);
#1426 = EDGE_LOOP('',(#1427,#1438,#1446,#1455,#1463,#1472,#1480,#1489));
#1427 = ORIENTED_EDGE('',*,*,#1428,.F.);
#1428 = EDGE_CURVE('',#1429,#1431,#1433,.T.);
#1429 = VERTEX_POINT('',#1430);
#1430 = CARTESIAN_POINT('',(-0.3,-0.23,4.E-02));
#1431 = VERTEX_POINT('',#1432);
#1432 = CARTESIAN_POINT('',(-0.3,-0.21,2.E-02));
#1433 = CIRCLE('',#1434,2.E-02);
#1434 = AXIS2_PLACEMENT_3D('',#1435,#1436,#1437);
#1435 = CARTESIAN_POINT('',(-0.3,-0.21,4.E-02));
#1436 = DIRECTION('',(1.,0.,-0.));
#1437 = DIRECTION('',(0.,0.,1.));
#1438 = ORIENTED_EDGE('',*,*,#1439,.T.);
#1439 = EDGE_CURVE('',#1429,#1440,#1442,.T.);
#1440 = VERTEX_POINT('',#1441);
#1441 = CARTESIAN_POINT('',(-0.3,-0.23,0.46));
#1442 = LINE('',#1443,#1444);
#1443 = CARTESIAN_POINT('',(-0.3,-0.23,2.E-02));
#1444 = VECTOR('',#1445,1.);
#1445 = DIRECTION('',(0.,0.,1.));
#1446 = ORIENTED_EDGE('',*,*,#1447,.T.);
#1447 = EDGE_CURVE('',#1440,#1448,#1450,.T.);
#1448 = VERTEX_POINT('',#1449);
#1449 = CARTESIAN_POINT('',(-0.3,-0.21,0.48));
#1450 = CIRCLE('',#1451,2.E-02);
#1451 = AXIS2_PLACEMENT_3D('',#1452,#1453,#1454);
#1452 = CARTESIAN_POINT('',(-0.3,-0.21,0.46));
#1453 = DIRECTION('',(-1.,0.,0.));
#1454 = DIRECTION('',(0.,0.,1.));
#1455 = ORIENTED_EDGE('',*,*,#1456,.T.);
#1456 = EDGE_CURVE('',#1448,#1457,#1459,.T.);
#1457 = VERTEX_POINT('',#1458);
#1458 = CARTESIAN_POINT('',(-0.3,0.21,0.48));
#1459 = LINE('',#1460,#1461);
#1460 = CARTESIAN_POINT('',(-0.3,-0.23,0.48));
#1461 = VECTOR('',#1462,1.);
#1462 = DIRECTION('',(0.,1.,0.));
#1463 = ORIENTED_EDGE('',*,*,#1464,.F.);
#1464 = EDGE_CURVE('',#1465,#1457,#1467,.T.);
#1465 = VERTEX_POINT('',#1466);
#1466 = CARTESIAN_POINT('',(-0.3,0.23,0.46));
#1467 = CIRCLE('',#1468,2.E-02);
#1468 = AXIS2_PLACEMENT_3D('',#1469,#1470,#1471);
#1469 = CARTESIAN_POINT('',(-0.3,0.21,0.46));
#1470 = DIRECTION('',(1.,0.,-0.));
#1471 = DIRECTION('',(0.,0.,1.));
#1472 = ORIENTED_EDGE('',*,*,#1473,.F.);
#1473 = EDGE_CURVE('',#1474,#1465,#1476,.T.);
#1474 = VERTEX_POINT('',#1475);
#1475 = CARTESIAN_POINT('',(-0.3,0.23,4.E-02));
#1476 = LINE('',#1477,#1478);
#1477 = CARTESIAN_POINT('',(-0.3,0.23,2.E-02));
#1478 = VECTOR('',#1479,1.);
#1479 = DIRECTION('',(0.,0.,1.));
#1480 = ORIENTED_EDGE('',*,*,#1481,.T.);
#1481 = EDGE_CURVE('',#1474,#1482,#1484,.T.);
#1482 = VERTEX_POINT('',#1483);
#1483 = CARTESIAN_POINT('',(-0.3,0.21,2.E-02));
#1484 = CIRCLE('',#1485,2.E-02);
#1485 = AXIS2_PLACEMENT_3D('',#1486,#1487,#1488);
#1486 = CARTESIAN_POINT('',(-0.3,0.21,4.E-02));
#1487 = DIRECTION('',(-1.,0.,0.));
#1488 = DIRECTION('',(0.,0.,1.));
#1489 = ORIENTED_EDGE('',*,*,#1490,.F.);
#1490 = EDGE_CURVE('',#1431,#1482,#1491,.T.);
#1491 = LINE('',#1492,#1493);
#1492 = CARTESIAN_POINT('',(-0.3,-0.23,2.E-02));
#1493 = VECTOR('',#1494,1.);
#1494 = DIRECTION('',(0.,1.,0.));
#1495 = PLANE('',#1496);
#1496 = AXIS2_PLACEMENT_3D('',#1497,#1498,#1499);
#1497 = CARTESIAN_POINT('',(-0.3,-0.25,0.));
#1498 = DIRECTION('',(1.,0.,0.));
#1499 = DIRECTION('',(0.,0.,1.));
#1500 = ADVANCED_FACE('',(#1501),#1527,.T.);
#1501 = FACE_BOUND('',#1502,.T.);
#1502 = EDGE_LOOP('',(#1503,#1504,#1512,#1521));
#1503 = ORIENTED_EDGE('',*,*,#1428,.T.);
#1504 = ORIENTED_EDGE('',*,*,#1505,.T.);
#1505 = EDGE_CURVE('',#1431,#1506,#1508,.T.);
#1506 = VERTEX_POINT('',#1507);
#1507 = CARTESIAN_POINT('',(0.3,-0.21,2.E-02));
#1508 = LINE('',#1509,#1510);
#1509 = CARTESIAN_POINT('',(-0.3,-0.21,2.E-02));
#1510 = VECTOR('',#1511,1.);
#1511 = DIRECTION('',(1.,0.,0.));
#1512 = ORIENTED_EDGE('',*,*,#1513,.F.);
#1513 = EDGE_CURVE('',#1514,#1506,#1516,.T.);
#1514 = VERTEX_POINT('',#1515);
#1515 = CARTESIAN_POINT('',(0.3,-0.23,4.E-02));
#1516 = CIRCLE('',#1517,2.E-02);
#1517 = AXIS2_PLACEMENT_3D('',#1518,#1519,#1520);
#1518 = CARTESIAN_POINT('',(0.3,-0.21,4.E-02));
#1519 = DIRECTION('',(1.,0.,-0.));
#1520 = DIRECTION('',(0.,0.,1.));
#1521 = ORIENTED_EDGE('',*,*,#1522,.F.);
#1522 = EDGE_CURVE('',#1429,#1514,#1523,.T.);
#1523 = LINE('',#1524,#1525);
#1524 = CARTESIAN_POINT('',(-0.3,-0.23,4.E-02));
#1525 = VECTOR('',#1526,1.);
#1526 = DIRECTION('',(1.,0.,0.));
#1527 = CYLINDRICAL_SURFACE('',#1528,2.E-02);
#1528 = AXIS2_PLACEMENT_3D('',#1529,#1530,#1531);
#1529 = CARTESIAN_POINT('',(-0.3,-0.21,4.E-02));
#1530 = DIRECTION('',(1.,0.,0.));
#1531 = DIRECTION('',(0.,-1.,0.));
#1532 = ADVANCED_FACE('',(#1533),#1551,.F.);
#1533 = FACE_BOUND('',#1534,.F.);
#1534 = EDGE_LOOP('',(#1535,#1536,#1537,#1545));
#1535 = ORIENTED_EDGE('',*,*,#1490,.F.);
#1536 = ORIENTED_EDGE('',*,*,#1505,.T.);
#1537 = ORIENTED_EDGE('',*,*,#1538,.T.);
#1538 = EDGE_CURVE('',#1506,#1539,#1541,.T.);
#1539 = VERTEX_POINT('',#1540);
#1540 = CARTESIAN_POINT('',(0.3,0.21,2.E-02));
#1541 = LINE('',#1542,#1543);
#1542 = CARTESIAN_POINT('',(0.3,-0.23,2.E-02));
#1543 = VECTOR('',#1544,1.);
#1544 = DIRECTION('',(0.,1.,0.));
#1545 = ORIENTED_EDGE('',*,*,#1546,.F.);
#1546 = EDGE_CURVE('',#1482,#1539,#1547,.T.);
#1547 = LINE('',#1548,#1549);
#1548 = CARTESIAN_POINT('',(-0.3,0.21,2.E-02));
#1549 = VECTOR('',#1550,1.);
#1550 = DIRECTION('',(1.,0.,0.));
#1551 = PLANE('',#1552);
#1552 = AXIS2_PLACEMENT_3D('',#1553,#1554,#1555);
#1553 = CARTESIAN_POINT('',(-0.3,-0.23,2.E-02));
#1554 = DIRECTION('',(0.,0.,1.));
#1555 = DIRECTION('',(1.,0.,-0.));
#1556 = ADVANCED_FACE('',(#1557),#1576,.T.);
#1557 = FACE_BOUND('',#1558,.T.);
#1558 = EDGE_LOOP('',(#1559,#1567,#1574,#1575));
#1559 = ORIENTED_EDGE('',*,*,#1560,.T.);
#1560 = EDGE_CURVE('',#1474,#1561,#1563,.T.);
#1561 = VERTEX_POINT('',#1562);
#1562 = CARTESIAN_POINT('',(0.3,0.23,4.E-02));
#1563 = LINE('',#1564,#1565);
#1564 = CARTESIAN_POINT('',(-0.3,0.23,4.E-02));
#1565 = VECTOR('',#1566,1.);
#1566 = DIRECTION('',(1.,0.,0.));
#1567 = ORIENTED_EDGE('',*,*,#1568,.T.);
#1568 = EDGE_CURVE('',#1561,#1539,#1569,.T.);
#1569 = CIRCLE('',#1570,2.E-02);
#1570 = AXIS2_PLACEMENT_3D('',#1571,#1572,#1573);
#1571 = CARTESIAN_POINT('',(0.3,0.21,4.E-02));
#1572 = DIRECTION('',(-1.,0.,0.));
#1573 = DIRECTION('',(0.,0.,1.));
#1574 = ORIENTED_EDGE('',*,*,#1546,.F.);
#1575 = ORIENTED_EDGE('',*,*,#1481,.F.);
#1576 = CYLINDRICAL_SURFACE('',#1577,2.E-02);
#1577 = AXIS2_PLACEMENT_3D('',#1578,#1579,#1580);
#1578 = CARTESIAN_POINT('',(-0.3,0.21,4.E-02));
#1579 = DIRECTION('',(1.,0.,0.));
#1580 = DIRECTION('',(-0.,1.,0.));
#1581 = ADVANCED_FACE('',(#1582),#1600,.T.);
#1582 = FACE_BOUND('',#1583,.T.);
#1583 = EDGE_LOOP('',(#1584,#1592,#1593,#1594));
#1584 = ORIENTED_EDGE('',*,*,#1585,.F.);
#1585 = EDGE_CURVE('',#1561,#1586,#1588,.T.);
#1586 = VERTEX_POINT('',#1587);
#1587 = CARTESIAN_POINT('',(0.3,0.23,0.46));
#1588 = LINE('',#1589,#1590);
#1589 = CARTESIAN_POINT('',(0.3,0.23,2.E-02));
#1590 = VECTOR('',#1591,1.);
#1591 = DIRECTION('',(0.,0.,1.));
#1592 = ORIENTED_EDGE('',*,*,#1560,.F.);
#1593 = ORIENTED_EDGE('',*,*,#1473,.T.);
#1594 = ORIENTED_EDGE('',*,*,#1595,.T.);
#1595 = EDGE_CURVE('',#1465,#1586,#1596,.T.);
#1596 = LINE('',#1597,#1598);
#1597 = CARTESIAN_POINT('',(-0.3,0.23,0.46));
#1598 = VECTOR('',#1599,1.);
#1599 = DIRECTION('',(1.,0.,0.));
#1600 = PLANE('',#1601);
#1601 = AXIS2_PLACEMENT_3D('',#1602,#1603,#1604);
#1602 = CARTESIAN_POINT('',(-0.3,0.23,2.E-02));
#1603 = DIRECTION('',(0.,1.,0.));
#1604 = DIRECTION('',(0.,-0.,1.));
#1605 = ADVANCED_FACE('',(#1606),#1625,.T.);
#1606 = FACE_BOUND('',#1607,.T.);
#1607 = EDGE_LOOP('',(#1608,#1609,#1617,#1624));
#1608 = ORIENTED_EDGE('',*,*,#1464,.T.);
#1609 = ORIENTED_EDGE('',*,*,#1610,.T.);
#1610 = EDGE_CURVE('',#1457,#1611,#1613,.T.);
#1611 = VERTEX_POINT('',#1612);
#1612 = CARTESIAN_POINT('',(0.3,0.21,0.48));
#1613 = LINE('',#1614,#1615);
#1614 = CARTESIAN_POINT('',(-0.3,0.21,0.48));
#1615 = VECTOR('',#1616,1.);
#1616 = DIRECTION('',(1.,0.,0.));
#1617 = ORIENTED_EDGE('',*,*,#1618,.F.);
#1618 = EDGE_CURVE('',#1586,#1611,#1619,.T.);
#1619 = CIRCLE('',#1620,2.E-02);
#1620 = AXIS2_PLACEMENT_3D('',#1621,#1622,#1623);
#1621 = CARTESIAN_POINT('',(0.3,0.21,0.46));
#1622 = DIRECTION('',(1.,0.,-0.));
#1623 = DIRECTION('',(0.,0.,1.));
#1624 = ORIENTED_EDGE('',*,*,#1595,.F.);
#1625 = CYLINDRICAL_SURFACE('',#1626,2.E-02);
#1626 = AXIS2_PLACEMENT_3D('',#1627,#1628,#1629);
#1627 = CARTESIAN_POINT('',(-0.3,0.21,0.46));
#1628 = DIRECTION('',(1.,0.,0.));
#1629 = DIRECTION('',(-0.,1.,0.));
#1630 = ADVANCED_FACE('',(#1631),#1649,.T.);
#1631 = FACE_BOUND('',#1632,.T.);
#1632 = EDGE_LOOP('',(#1633,#1634,#1642,#1648));
#1633 = ORIENTED_EDGE('',*,*,#1456,.F.);
#1634 = ORIENTED_EDGE('',*,*,#1635,.T.);
#1635 = EDGE_CURVE('',#1448,#1636,#1638,.T.);
#1636 = VERTEX_POINT('',#1637);
#1637 = CARTESIAN_POINT('',(0.3,-0.21,0.48));
#1638 = LINE('',#1639,#1640);
#1639 = CARTESIAN_POINT('',(-0.3,-0.21,0.48));
#1640 = VECTOR('',#1641,1.);
#1641 = DIRECTION('',(1.,0.,0.));
#1642 = ORIENTED_EDGE('',*,*,#1643,.T.);
#1643 = EDGE_CURVE('',#1636,#1611,#1644,.T.);
#1644 = LINE('',#1645,#1646);
#1645 = CARTESIAN_POINT('',(0.3,-0.23,0.48));
#1646 = VECTOR('',#1647,1.);
#1647 = DIRECTION('',(0.,1.,0.));
#1648 = ORIENTED_EDGE('',*,*,#1610,.F.);
#1649 = PLANE('',#1650);
#1650 = AXIS2_PLACEMENT_3D('',#1651,#1652,#1653);
#1651 = CARTESIAN_POINT('',(-0.3,-0.23,0.48));
#1652 = DIRECTION('',(0.,0.,1.));
#1653 = DIRECTION('',(1.,0.,-0.));
#1654 = ADVANCED_FACE('',(#1655),#1674,.T.);
#1655 = FACE_BOUND('',#1656,.T.);
#1656 = EDGE_LOOP('',(#1657,#1665,#1672,#1673));
#1657 = ORIENTED_EDGE('',*,*,#1658,.T.);
#1658 = EDGE_CURVE('',#1440,#1659,#1661,.T.);
#1659 = VERTEX_POINT('',#1660);
#1660 = CARTESIAN_POINT('',(0.3,-0.23,0.46));
#1661 = LINE('',#1662,#1663);
#1662 = CARTESIAN_POINT('',(-0.3,-0.23,0.46));
#1663 = VECTOR('',#1664,1.);
#1664 = DIRECTION('',(1.,0.,0.));
#1665 = ORIENTED_EDGE('',*,*,#1666,.T.);
#1666 = EDGE_CURVE('',#1659,#1636,#1667,.T.);
#1667 = CIRCLE('',#1668,2.E-02);
#1668 = AXIS2_PLACEMENT_3D('',#1669,#1670,#1671);
#1669 = CARTESIAN_POINT('',(0.3,-0.21,0.46));
#1670 = DIRECTION('',(-1.,0.,0.));
#1671 = DIRECTION('',(0.,0.,1.));
#1672 = ORIENTED_EDGE('',*,*,#1635,.F.);
#1673 = ORIENTED_EDGE('',*,*,#1447,.F.);
#1674 = CYLINDRICAL_SURFACE('',#1675,2.E-02);
#1675 = AXIS2_PLACEMENT_3D('',#1676,#1677,#1678);
#1676 = CARTESIAN_POINT('',(-0.3,-0.21,0.46));
#1677 = DIRECTION('',(1.,0.,0.));
#1678 = DIRECTION('',(0.,-1.,0.));
#1679 = ADVANCED_FACE('',(#1680),#1691,.F.);
#1680 = FACE_BOUND('',#1681,.F.);
#1681 = EDGE_LOOP('',(#1682,#1688,#1689,#1690));
#1682 = ORIENTED_EDGE('',*,*,#1683,.F.);
#1683 = EDGE_CURVE('',#1514,#1659,#1684,.T.);
#1684 = LINE('',#1685,#1686);
#1685 = CARTESIAN_POINT('',(0.3,-0.23,2.E-02));
#1686 = VECTOR('',#1687,1.);
#1687 = DIRECTION('',(0.,0.,1.));
#1688 = ORIENTED_EDGE('',*,*,#1522,.F.);
#1689 = ORIENTED_EDGE('',*,*,#1439,.T.);
#1690 = ORIENTED_EDGE('',*,*,#1658,.T.);
#1691 = PLANE('',#1692);
#1692 = AXIS2_PLACEMENT_3D('',#1693,#1694,#1695);
#1693 = CARTESIAN_POINT('',(-0.3,-0.23,2.E-02));
#1694 = DIRECTION('',(0.,1.,0.));
#1695 = DIRECTION('',(0.,-0.,1.));
#1696 = ADVANCED_FACE('',(#1697,#1767),#1777,.F.);
#1697 = FACE_BOUND('',#1698,.F.);
#1698 = EDGE_LOOP('',(#1699,#1709,#1718,#1726,#1735,#1743,#1752,#1760));
#1699 = ORIENTED_EDGE('',*,*,#1700,.F.);
#1700 = EDGE_CURVE('',#1701,#1703,#1705,.T.);
#1701 = VERTEX_POINT('',#1702);
#1702 = CARTESIAN_POINT('',(0.3,-0.25,2.E-02));
#1703 = VERTEX_POINT('',#1704);
#1704 = CARTESIAN_POINT('',(0.3,-0.25,0.48));
#1705 = LINE('',#1706,#1707);
#1706 = CARTESIAN_POINT('',(0.3,-0.25,0.));
#1707 = VECTOR('',#1708,1.);
#1708 = DIRECTION('',(0.,0.,1.));
#1709 = ORIENTED_EDGE('',*,*,#1710,.T.);
#1710 = EDGE_CURVE('',#1701,#1711,#1713,.T.);
#1711 = VERTEX_POINT('',#1712);
#1712 = CARTESIAN_POINT('',(0.3,-0.23,0.));
#1713 = CIRCLE('',#1714,2.E-02);
#1714 = AXIS2_PLACEMENT_3D('',#1715,#1716,#1717);
#1715 = CARTESIAN_POINT('',(0.3,-0.23,2.E-02));
#1716 = DIRECTION('',(1.,0.,-0.));
#1717 = DIRECTION('',(0.,0.,1.));
#1718 = ORIENTED_EDGE('',*,*,#1719,.T.);
#1719 = EDGE_CURVE('',#1711,#1720,#1722,.T.);
#1720 = VERTEX_POINT('',#1721);
#1721 = CARTESIAN_POINT('',(0.3,0.23,0.));
#1722 = LINE('',#1723,#1724);
#1723 = CARTESIAN_POINT('',(0.3,-0.25,0.));
#1724 = VECTOR('',#1725,1.);
#1725 = DIRECTION('',(0.,1.,0.));
#1726 = ORIENTED_EDGE('',*,*,#1727,.F.);
#1727 = EDGE_CURVE('',#1728,#1720,#1730,.T.);
#1728 = VERTEX_POINT('',#1729);
#1729 = CARTESIAN_POINT('',(0.3,0.25,2.E-02));
#1730 = CIRCLE('',#1731,2.E-02);
#1731 = AXIS2_PLACEMENT_3D('',#1732,#1733,#1734);
#1732 = CARTESIAN_POINT('',(0.3,0.23,2.E-02));
#1733 = DIRECTION('',(-1.,0.,0.));
#1734 = DIRECTION('',(0.,0.,1.));
#1735 = ORIENTED_EDGE('',*,*,#1736,.T.);
#1736 = EDGE_CURVE('',#1728,#1737,#1739,.T.);
#1737 = VERTEX_POINT('',#1738);
#1738 = CARTESIAN_POINT('',(0.3,0.25,0.48));
#1739 = LINE('',#1740,#1741);
#1740 = CARTESIAN_POINT('',(0.3,0.25,0.));
#1741 = VECTOR('',#1742,1.);
#1742 = DIRECTION('',(0.,0.,1.));
#1743 = ORIENTED_EDGE('',*,*,#1744,.T.);
#1744 = EDGE_CURVE('',#1737,#1745,#1747,.T.);
#1745 = VERTEX_POINT('',#1746);
#1746 = CARTESIAN_POINT('',(0.3,0.23,0.5));
#1747 = CIRCLE('',#1748,2.E-02);
#1748 = AXIS2_PLACEMENT_3D('',#1749,#1750,#1751);
#1749 = CARTESIAN_POINT('',(0.3,0.23,0.48));
#1750 = DIRECTION('',(1.,0.,-0.));
#1751 = DIRECTION('',(0.,0.,1.));
#1752 = ORIENTED_EDGE('',*,*,#1753,.F.);
#1753 = EDGE_CURVE('',#1754,#1745,#1756,.T.);
#1754 = VERTEX_POINT('',#1755);
#1755 = CARTESIAN_POINT('',(0.3,-0.23,0.5));
#1756 = LINE('',#1757,#1758);
#1757 = CARTESIAN_POINT('',(0.3,-0.25,0.5));
#1758 = VECTOR('',#1759,1.);
#1759 = DIRECTION('',(0.,1.,0.));
#1760 = ORIENTED_EDGE('',*,*,#1761,.F.);
#1761 = EDGE_CURVE('',#1703,#1754,#1762,.T.);
#1762 = CIRCLE('',#1763,2.E-02);
#1763 = AXIS2_PLACEMENT_3D('',#1764,#1765,#1766);
#1764 = CARTESIAN_POINT('',(0.3,-0.23,0.48));
#1765 = DIRECTION('',(-1.,0.,0.));
#1766 = DIRECTION('',(0.,0.,1.));
#1767 = FACE_BOUND('',#1768,.F.);
#1768 = EDGE_LOOP('',(#1769,#1770,#1771,#1772,#1773,#1774,#1775,#1776));
#1769 = ORIENTED_EDGE('',*,*,#1513,.F.);
#1770 = ORIENTED_EDGE('',*,*,#1683,.T.);
#1771 = ORIENTED_EDGE('',*,*,#1666,.T.);
#1772 = ORIENTED_EDGE('',*,*,#1643,.T.);
#1773 = ORIENTED_EDGE('',*,*,#1618,.F.);
#1774 = ORIENTED_EDGE('',*,*,#1585,.F.);
#1775 = ORIENTED_EDGE('',*,*,#1568,.T.);
#1776 = ORIENTED_EDGE('',*,*,#1538,.F.);
#1777 = PLANE('',#1778);
#1778 = AXIS2_PLACEMENT_3D('',#1779,#1780,#1781);
#1779 = CARTESIAN_POINT('',(0.3,-0.25,0.));
#1780 = DIRECTION('',(1.,0.,0.));
#1781 = DIRECTION('',(0.,0.,1.));
#1782 = ADVANCED_FACE('',(#1783),#1808,.F.);
#1783 = FACE_BOUND('',#1784,.F.);
#1784 = EDGE_LOOP('',(#1785,#1795,#1801,#1802));
#1785 = ORIENTED_EDGE('',*,*,#1786,.F.);
#1786 = EDGE_CURVE('',#1787,#1789,#1791,.T.);
#1787 = VERTEX_POINT('',#1788);
#1788 = CARTESIAN_POINT('',(0.5,-0.25,2.E-02));
#1789 = VERTEX_POINT('',#1790);
#1790 = CARTESIAN_POINT('',(0.5,-0.25,0.48));
#1791 = LINE('',#1792,#1793);
#1792 = CARTESIAN_POINT('',(0.5,-0.25,0.));
#1793 = VECTOR('',#1794,1.);
#1794 = DIRECTION('',(0.,0.,1.));
#1795 = ORIENTED_EDGE('',*,*,#1796,.F.);
#1796 = EDGE_CURVE('',#1701,#1787,#1797,.T.);
#1797 = LINE('',#1798,#1799);
#1798 = CARTESIAN_POINT('',(0.3,-0.25,2.E-02));
#1799 = VECTOR('',#1800,1.);
#1800 = DIRECTION('',(1.,0.,0.));
#1801 = ORIENTED_EDGE('',*,*,#1700,.T.);
#1802 = ORIENTED_EDGE('',*,*,#1803,.T.);
#1803 = EDGE_CURVE('',#1703,#1789,#1804,.T.);
#1804 = LINE('',#1805,#1806);
#1805 = CARTESIAN_POINT('',(0.3,-0.25,0.48));
#1806 = VECTOR('',#1807,1.);
#1807 = DIRECTION('',(1.,0.,0.));
#1808 = PLANE('',#1809);
#1809 = AXIS2_PLACEMENT_3D('',#1810,#1811,#1812);
#1810 = CARTESIAN_POINT('',(0.3,-0.25,0.));
#1811 = DIRECTION('',(0.,1.,0.));
#1812 = DIRECTION('',(0.,-0.,1.));
#1813 = ADVANCED_FACE('',(#1814),#1833,.T.);
#1814 = FACE_BOUND('',#1815,.T.);
#1815 = EDGE_LOOP('',(#1816,#1817,#1825,#1832));
#1816 = ORIENTED_EDGE('',*,*,#1710,.T.);
#1817 = ORIENTED_EDGE('',*,*,#1818,.T.);
#1818 = EDGE_CURVE('',#1711,#1819,#1821,.T.);
#1819 = VERTEX_POINT('',#1820);
#1820 = CARTESIAN_POINT('',(0.5,-0.23,0.));
#1821 = LINE('',#1822,#1823);
#1822 = CARTESIAN_POINT('',(0.3,-0.23,0.));
#1823 = VECTOR('',#1824,1.);
#1824 = DIRECTION('',(1.,0.,0.));
#1825 = ORIENTED_EDGE('',*,*,#1826,.F.);
#1826 = EDGE_CURVE('',#1787,#1819,#1827,.T.);
#1827 = CIRCLE('',#1828,2.E-02);
#1828 = AXIS2_PLACEMENT_3D('',#1829,#1830,#1831);
#1829 = CARTESIAN_POINT('',(0.5,-0.23,2.E-02));
#1830 = DIRECTION('',(1.,0.,-0.));
#1831 = DIRECTION('',(0.,0.,1.));
#1832 = ORIENTED_EDGE('',*,*,#1796,.F.);
#1833 = CYLINDRICAL_SURFACE('',#1834,2.E-02);
#1834 = AXIS2_PLACEMENT_3D('',#1835,#1836,#1837);
#1835 = CARTESIAN_POINT('',(0.3,-0.23,2.E-02));
#1836 = DIRECTION('',(1.,0.,0.));
#1837 = DIRECTION('',(0.,-1.,0.));
#1838 = ADVANCED_FACE('',(#1839),#1858,.T.);
#1839 = FACE_BOUND('',#1840,.T.);
#1840 = EDGE_LOOP('',(#1841,#1842,#1851,#1857));
#1841 = ORIENTED_EDGE('',*,*,#1803,.T.);
#1842 = ORIENTED_EDGE('',*,*,#1843,.T.);
#1843 = EDGE_CURVE('',#1789,#1844,#1846,.T.);
#1844 = VERTEX_POINT('',#1845);
#1845 = CARTESIAN_POINT('',(0.5,-0.23,0.5));
#1846 = CIRCLE('',#1847,2.E-02);
#1847 = AXIS2_PLACEMENT_3D('',#1848,#1849,#1850);
#1848 = CARTESIAN_POINT('',(0.5,-0.23,0.48));
#1849 = DIRECTION('',(-1.,0.,0.));
#1850 = DIRECTION('',(0.,0.,1.));
#1851 = ORIENTED_EDGE('',*,*,#1852,.F.);
#1852 = EDGE_CURVE('',#1754,#1844,#1853,.T.);
#1853 = LINE('',#1854,#1855);
#1854 = CARTESIAN_POINT('',(0.3,-0.23,0.5));
#1855 = VECTOR('',#1856,1.);
#1856 = DIRECTION('',(1.,0.,0.));
#1857 = ORIENTED_EDGE('',*,*,#1761,.F.);
#1858 = CYLINDRICAL_SURFACE('',#1859,2.E-02);
#1859 = AXIS2_PLACEMENT_3D('',#1860,#1861,#1862);
#1860 = CARTESIAN_POINT('',(0.3,-0.23,0.48));
#1861 = DIRECTION('',(1.,0.,0.));
#1862 = DIRECTION('',(0.,-1.,0.));
#1863 = ADVANCED_FACE('',(#1864),#1882,.F.);
#1864 = FACE_BOUND('',#1865,.F.);
#1865 = EDGE_LOOP('',(#1866,#1867,#1868,#1876));
#1866 = ORIENTED_EDGE('',*,*,#1719,.F.);
#1867 = ORIENTED_EDGE('',*,*,#1818,.T.);
#1868 = ORIENTED_EDGE('',*,*,#1869,.T.);
#1869 = EDGE_CURVE('',#1819,#1870,#1872,.T.);
#1870 = VERTEX_POINT('',#1871);
#1871 = CARTESIAN_POINT('',(0.5,0.23,0.));
#1872 = LINE('',#1873,#1874);
#1873 = CARTESIAN_POINT('',(0.5,-0.25,0.));
#1874 = VECTOR('',#1875,1.);
#1875 = DIRECTION('',(0.,1.,0.));
#1876 = ORIENTED_EDGE('',*,*,#1877,.F.);
#1877 = EDGE_CURVE('',#1720,#1870,#1878,.T.);
#1878 = LINE('',#1879,#1880);
#1879 = CARTESIAN_POINT('',(0.3,0.23,0.));
#1880 = VECTOR('',#1881,1.);
#1881 = DIRECTION('',(1.,0.,0.));
#1882 = PLANE('',#1883);
#1883 = AXIS2_PLACEMENT_3D('',#1884,#1885,#1886);
#1884 = CARTESIAN_POINT('',(0.3,-0.25,0.));
#1885 = DIRECTION('',(0.,0.,1.));
#1886 = DIRECTION('',(1.,0.,-0.));
#1887 = ADVANCED_FACE('',(#1888),#1906,.T.);
#1888 = FACE_BOUND('',#1889,.T.);
#1889 = EDGE_LOOP('',(#1890,#1891,#1892,#1900));
#1890 = ORIENTED_EDGE('',*,*,#1753,.F.);
#1891 = ORIENTED_EDGE('',*,*,#1852,.T.);
#1892 = ORIENTED_EDGE('',*,*,#1893,.T.);
#1893 = EDGE_CURVE('',#1844,#1894,#1896,.T.);
#1894 = VERTEX_POINT('',#1895);
#1895 = CARTESIAN_POINT('',(0.5,0.23,0.5));
#1896 = LINE('',#1897,#1898);
#1897 = CARTESIAN_POINT('',(0.5,-0.25,0.5));
#1898 = VECTOR('',#1899,1.);
#1899 = DIRECTION('',(0.,1.,0.));
#1900 = ORIENTED_EDGE('',*,*,#1901,.F.);
#1901 = EDGE_CURVE('',#1745,#1894,#1902,.T.);
#1902 = LINE('',#1903,#1904);
#1903 = CARTESIAN_POINT('',(0.3,0.23,0.5));
#1904 = VECTOR('',#1905,1.);
#1905 = DIRECTION('',(1.,0.,0.));
#1906 = PLANE('',#1907);
#1907 = AXIS2_PLACEMENT_3D('',#1908,#1909,#1910);
#1908 = CARTESIAN_POINT('',(0.3,-0.25,0.5));
#1909 = DIRECTION('',(0.,0.,1.));
#1910 = DIRECTION('',(1.,0.,-0.));
#1911 = ADVANCED_FACE('',(#1912),#1931,.T.);
#1912 = FACE_BOUND('',#1913,.T.);
#1913 = EDGE_LOOP('',(#1914,#1922,#1929,#1930));
#1914 = ORIENTED_EDGE('',*,*,#1915,.T.);
#1915 = EDGE_CURVE('',#1728,#1916,#1918,.T.);
#1916 = VERTEX_POINT('',#1917);
#1917 = CARTESIAN_POINT('',(0.5,0.25,2.E-02));
#1918 = LINE('',#1919,#1920);
#1919 = CARTESIAN_POINT('',(0.3,0.25,2.E-02));
#1920 = VECTOR('',#1921,1.);
#1921 = DIRECTION('',(1.,0.,0.));
#1922 = ORIENTED_EDGE('',*,*,#1923,.T.);
#1923 = EDGE_CURVE('',#1916,#1870,#1924,.T.);
#1924 = CIRCLE('',#1925,2.E-02);
#1925 = AXIS2_PLACEMENT_3D('',#1926,#1927,#1928);
#1926 = CARTESIAN_POINT('',(0.5,0.23,2.E-02));
#1927 = DIRECTION('',(-1.,0.,0.));
#1928 = DIRECTION('',(0.,0.,1.));
#1929 = ORIENTED_EDGE('',*,*,#1877,.F.);
#1930 = ORIENTED_EDGE('',*,*,#1727,.F.);
#1931 = CYLINDRICAL_SURFACE('',#1932,2.E-02);
#1932 = AXIS2_PLACEMENT_3D('',#1933,#1934,#1935);
#1933 = CARTESIAN_POINT('',(0.3,0.23,2.E-02));
#1934 = DIRECTION('',(1.,0.,0.));
#1935 = DIRECTION('',(-0.,1.,0.));
#1936 = ADVANCED_FACE('',(#1937),#1956,.T.);
#1937 = FACE_BOUND('',#1938,.T.);
#1938 = EDGE_LOOP('',(#1939,#1940,#1941,#1950));
#1939 = ORIENTED_EDGE('',*,*,#1744,.T.);
#1940 = ORIENTED_EDGE('',*,*,#1901,.T.);
#1941 = ORIENTED_EDGE('',*,*,#1942,.F.);
#1942 = EDGE_CURVE('',#1943,#1894,#1945,.T.);
#1943 = VERTEX_POINT('',#1944);
#1944 = CARTESIAN_POINT('',(0.5,0.25,0.48));
#1945 = CIRCLE('',#1946,2.E-02);
#1946 = AXIS2_PLACEMENT_3D('',#1947,#1948,#1949);
#1947 = CARTESIAN_POINT('',(0.5,0.23,0.48));
#1948 = DIRECTION('',(1.,0.,-0.));
#1949 = DIRECTION('',(0.,0.,1.));
#1950 = ORIENTED_EDGE('',*,*,#1951,.F.);
#1951 = EDGE_CURVE('',#1737,#1943,#1952,.T.);
#1952 = LINE('',#1953,#1954);
#1953 = CARTESIAN_POINT('',(0.3,0.25,0.48));
#1954 = VECTOR('',#1955,1.);
#1955 = DIRECTION('',(1.,0.,0.));
#1956 = CYLINDRICAL_SURFACE('',#1957,2.E-02);
#1957 = AXIS2_PLACEMENT_3D('',#1958,#1959,#1960);
#1958 = CARTESIAN_POINT('',(0.3,0.23,0.48));
#1959 = DIRECTION('',(1.,0.,0.));
#1960 = DIRECTION('',(-0.,1.,0.));
#1961 = ADVANCED_FACE('',(#1962),#1973,.T.);
#1962 = FACE_BOUND('',#1963,.T.);
#1963 = EDGE_LOOP('',(#1964,#1970,#1971,#1972));
#1964 = ORIENTED_EDGE('',*,*,#1965,.F.);
#1965 = EDGE_CURVE('',#1916,#1943,#1966,.T.);
#1966 = LINE('',#1967,#1968);
#1967 = CARTESIAN_POINT('',(0.5,0.25,0.));
#1968 = VECTOR('',#1969,1.);
#1969 = DIRECTION('',(0.,0.,1.));
#1970 = ORIENTED_EDGE('',*,*,#1915,.F.);
#1971 = ORIENTED_EDGE('',*,*,#1736,.T.);
#1972 = ORIENTED_EDGE('',*,*,#1951,.T.);
#1973 = PLANE('',#1974);
#1974 = AXIS2_PLACEMENT_3D('',#1975,#1976,#1977);
#1975 = CARTESIAN_POINT('',(0.3,0.25,0.));
#1976 = DIRECTION('',(0.,1.,0.));
#1977 = DIRECTION('',(0.,-0.,1.));
#1978 = ADVANCED_FACE('',(#1979),#1989,.T.);
#1979 = FACE_BOUND('',#1980,.T.);
#1980 = EDGE_LOOP('',(#1981,#1982,#1983,#1984,#1985,#1986,#1987,#1988));
#1981 = ORIENTED_EDGE('',*,*,#1786,.F.);
#1982 = ORIENTED_EDGE('',*,*,#1826,.T.);
#1983 = ORIENTED_EDGE('',*,*,#1869,.T.);
#1984 = ORIENTED_EDGE('',*,*,#1923,.F.);
#1985 = ORIENTED_EDGE('',*,*,#1965,.T.);
#1986 = ORIENTED_EDGE('',*,*,#1942,.T.);
#1987 = ORIENTED_EDGE('',*,*,#1893,.F.);
#1988 = ORIENTED_EDGE('',*,*,#1843,.F.);
#1989 = PLANE('',#1990);
#1990 = AXIS2_PLACEMENT_3D('',#1991,#1992,#1993);
#1991 = CARTESIAN_POINT('',(0.5,-0.25,0.));
#1992 = DIRECTION('',(1.,0.,0.));
#1993 = DIRECTION('',(0.,0.,1.));
#1994 = ( GEOMETRIC_REPRESENTATION_CONTEXT(3) 
GLOBAL_UNCERTAINTY_ASSIGNED_CONTEXT((#1998)) 
GLOBAL_UNIT_ASSIGNED_CONTEXT((#1995,#1996,#1997)) REPRESENTATION_CONTEXT
('Context #1','3D Context with UNIT and UNCERTAINTY') );
#1995 = ( LENGTH_UNIT() NAMED_UNIT(*) SI_UNIT(.MILLI.,.METRE.) );
#1996 = ( NAMED_UNIT(*) PLANE_ANGLE_UNIT() SI_UNIT($,.RADIAN.) );
#1997 = ( NAMED_UNIT(*) SI_UNIT($,.STERADIAN.) SOLID_ANGLE_UNIT() );
#1998 = UNCERTAINTY_MEASURE_WITH_UNIT(LENGTH_MEASURE(1.E-07),#1995,
  'distance_accuracy_value','confusion accuracy');
#1999 = CONTEXT_DEPENDENT_SHAPE_REPRESENTATION(#2000,#2002);
#2000 = ( REPRESENTATION_RELATIONSHIP('','',#1139,#1116) 
REPRESENTATION_RELATIONSHIP_WITH_TRANSFORMATION(#2001) 
SHAPE_REPRESENTATION_RELATIONSHIP() );
#2001 = ITEM_DEFINED_TRANSFORMATION('','',#11,#1117);
#2002 = PRODUCT_DEFINITION_SHAPE('Placement','Placement of an item',
  #2003);
#2003 = NEXT_ASSEMBLY_USAGE_OCCURRENCE('3','=>[0:1:1:5]','',#1111,#1134,
  $);
#2004 = PRODUCT_RELATED_PRODUCT_CATEGORY('part',$,(#1136));
#2005 = SHAPE_DEFINITION_REPRESENTATION(#2006,#2012);
#2006 = PRODUCT_DEFINITION_SHAPE('','',#2007);
#2007 = PRODUCT_DEFINITION('design','',#2008,#2011);
#2008 = PRODUCT_DEFINITION_FORMATION('','',#2009);
#2009 = PRODUCT('R_0201_0603Metric','R_0201_0603Metric','',(#2010));
#2010 = PRODUCT_CONTEXT('',#2,'mechanical');
#2011 = PRODUCT_DEFINITION_CONTEXT('part definition',#2,'design');
#2012 = SHAPE_REPRESENTATION('',(#11,#2013),#2017);
#2013 = AXIS2_PLACEMENT_3D('',#2014,#2015,#2016);
#2014 = CARTESIAN_POINT('',(0.,0.,0.));
#2015 = DIRECTION('',(0.,0.,1.));
#2016 = DIRECTION('',(1.,0.,-0.));
#2017 = ( GEOMETRIC_REPRESENTATION_CONTEXT(3) 
GLOBAL_UNCERTAINTY_ASSIGNED_CONTEXT((#2021)) 
GLOBAL_UNIT_ASSIGNED_CONTEXT((#2018,#2019,#2020)) REPRESENTATION_CONTEXT
('Context #1','3D Context with UNIT and UNCERTAINTY') );
#2018 = ( LENGTH_UNIT() NAMED_UNIT(*) SI_UNIT(.MILLI.,.METRE.) );
#2019 = ( NAMED_UNIT(*) PLANE_ANGLE_UNIT() SI_UNIT($,.RADIAN.) );
#2020 = ( NAMED_UNIT(*) SI_UNIT($,.STERADIAN.) SOLID_ANGLE_UNIT() );
#2021 = UNCERTAINTY_MEASURE_WITH_UNIT(LENGTH_MEASURE(1.E-07),#2018,
  'distance_accuracy_value','confusion accuracy');
#2022 = CONTEXT_DEPENDENT_SHAPE_REPRESENTATION(#2023,#2025);
#2023 = ( REPRESENTATION_RELATIONSHIP('','',#2012,#10) 
REPRESENTATION_RELATIONSHIP_WITH_TRANSFORMATION(#2024) 
SHAPE_REPRESENTATION_RELATIONSHIP() );
#2024 = ITEM_DEFINED_TRANSFORMATION('','',#11,#23);
#2025 = PRODUCT_DEFINITION_SHAPE('Placement','Placement of an item',
  #2026);
#2026 = NEXT_ASSEMBLY_USAGE_OCCURRENCE('6','R27','',#5,#2007,$);
#2027 = PRODUCT_RELATED_PRODUCT_CATEGORY('part',$,(#2009));
#2028 = SHAPE_DEFINITION_REPRESENTATION(#2029,#2035);
#2029 = PRODUCT_DEFINITION_SHAPE('','',#2030);
#2030 = PRODUCT_DEFINITION('design','',#2031,#2034);
#2031 = PRODUCT_DEFINITION_FORMATION('','',#2032);
#2032 = PRODUCT('R_0201_0603Metric','R_0201_0603Metric','',(#2033));
#2033 = PRODUCT_CONTEXT('',#2,'mechanical');
#2034 = PRODUCT_DEFINITION_CONTEXT('part definition',#2,'design');
#2035 = ADVANCED_BREP_SHAPE_REPRESENTATION('',(#11,#2036),#2826);
#2036 = MANIFOLD_SOLID_BREP('',#2037);
#2037 = CLOSED_SHELL('',(#2038,#2078,#2161,#2186,#2211,#2278,#2295,#2312
    ,#2361,#2378,#2395,#2444,#2461,#2530,#2561,#2585,#2654,#2678,#2695,
    #2712,#2729,#2746,#2763,#2780,#2797,#2814));
#2038 = ADVANCED_FACE('',(#2039),#2073,.F.);
#2039 = FACE_BOUND('',#2040,.F.);
#2040 = EDGE_LOOP('',(#2041,#2051,#2059,#2067));
#2041 = ORIENTED_EDGE('',*,*,#2042,.F.);
#2042 = EDGE_CURVE('',#2043,#2045,#2047,.T.);
#2043 = VERTEX_POINT('',#2044);
#2044 = CARTESIAN_POINT('',(-0.3,-0.15,2.3E-02));
#2045 = VERTEX_POINT('',#2046);
#2046 = CARTESIAN_POINT('',(-0.3,-0.15,0.207));
#2047 = LINE('',#2048,#2049);
#2048 = CARTESIAN_POINT('',(-0.3,-0.15,0.));
#2049 = VECTOR('',#2050,1.);
#2050 = DIRECTION('',(0.,0.,1.));
#2051 = ORIENTED_EDGE('',*,*,#2052,.T.);
#2052 = EDGE_CURVE('',#2043,#2053,#2055,.T.);
#2053 = VERTEX_POINT('',#2054);
#2054 = CARTESIAN_POINT('',(-0.3,0.15,2.3E-02));
#2055 = LINE('',#2056,#2057);
#2056 = CARTESIAN_POINT('',(-0.3,-0.15,2.3E-02));
#2057 = VECTOR('',#2058,1.);
#2058 = DIRECTION('',(0.,1.,0.));
#2059 = ORIENTED_EDGE('',*,*,#2060,.T.);
#2060 = EDGE_CURVE('',#2053,#2061,#2063,.T.);
#2061 = VERTEX_POINT('',#2062);
#2062 = CARTESIAN_POINT('',(-0.3,0.15,0.207));
#2063 = LINE('',#2064,#2065);
#2064 = CARTESIAN_POINT('',(-0.3,0.15,0.));
#2065 = VECTOR('',#2066,1.);
#2066 = DIRECTION('',(0.,0.,1.));
#2067 = ORIENTED_EDGE('',*,*,#2068,.F.);
#2068 = EDGE_CURVE('',#2045,#2061,#2069,.T.);
#2069 = LINE('',#2070,#2071);
#2070 = CARTESIAN_POINT('',(-0.3,-0.15,0.207));
#2071 = VECTOR('',#2072,1.);
#2072 = DIRECTION('',(0.,1.,0.));
#2073 = PLANE('',#2074);
#2074 = AXIS2_PLACEMENT_3D('',#2075,#2076,#2077);
#2075 = CARTESIAN_POINT('',(-0.3,-0.15,0.));
#2076 = DIRECTION('',(1.,0.,0.));
#2077 = DIRECTION('',(0.,0.,1.));
#2078 = ADVANCED_FACE('',(#2079),#2156,.F.);
#2079 = FACE_BOUND('',#2080,.F.);
#2080 = EDGE_LOOP('',(#2081,#2091,#2098,#2099,#2108,#2116,#2125,#2133,
    #2141,#2149));
#2081 = ORIENTED_EDGE('',*,*,#2082,.F.);
#2082 = EDGE_CURVE('',#2083,#2085,#2087,.T.);
#2083 = VERTEX_POINT('',#2084);
#2084 = CARTESIAN_POINT('',(-0.277,-0.15,-1.387778780781E-17));
#2085 = VERTEX_POINT('',#2086);
#2086 = CARTESIAN_POINT('',(-0.223,-0.15,-1.387778780781E-17));
#2087 = LINE('',#2088,#2089);
#2088 = CARTESIAN_POINT('',(-0.3,-0.15,0.));
#2089 = VECTOR('',#2090,1.);
#2090 = DIRECTION('',(1.,0.,0.));
#2091 = ORIENTED_EDGE('',*,*,#2092,.F.);
#2092 = EDGE_CURVE('',#2043,#2083,#2093,.T.);
#2093 = CIRCLE('',#2094,2.3E-02);
#2094 = AXIS2_PLACEMENT_3D('',#2095,#2096,#2097);
#2095 = CARTESIAN_POINT('',(-0.277,-0.15,2.3E-02));
#2096 = DIRECTION('',(0.,-1.,0.));
#2097 = DIRECTION('',(0.,0.,1.));
#2098 = ORIENTED_EDGE('',*,*,#2042,.T.);
#2099 = ORIENTED_EDGE('',*,*,#2100,.T.);
#2100 = EDGE_CURVE('',#2045,#2101,#2103,.T.);
#2101 = VERTEX_POINT('',#2102);
#2102 = CARTESIAN_POINT('',(-0.277,-0.15,0.23));
#2103 = CIRCLE('',#2104,2.3E-02);
#2104 = AXIS2_PLACEMENT_3D('',#2105,#2106,#2107);
#2105 = CARTESIAN_POINT('',(-0.277,-0.15,0.207));
#2106 = DIRECTION('',(0.,1.,0.));
#2107 = DIRECTION('',(0.,-0.,1.));
#2108 = ORIENTED_EDGE('',*,*,#2109,.T.);
#2109 = EDGE_CURVE('',#2101,#2110,#2112,.T.);
#2110 = VERTEX_POINT('',#2111);
#2111 = CARTESIAN_POINT('',(-0.223,-0.15,0.23));
#2112 = LINE('',#2113,#2114);
#2113 = CARTESIAN_POINT('',(-0.3,-0.15,0.23));
#2114 = VECTOR('',#2115,1.);
#2115 = DIRECTION('',(1.,0.,0.));
#2116 = ORIENTED_EDGE('',*,*,#2117,.F.);
#2117 = EDGE_CURVE('',#2118,#2110,#2120,.T.);
#2118 = VERTEX_POINT('',#2119);
#2119 = CARTESIAN_POINT('',(-0.2,-0.15,0.207));
#2120 = CIRCLE('',#2121,2.3E-02);
#2121 = AXIS2_PLACEMENT_3D('',#2122,#2123,#2124);
#2122 = CARTESIAN_POINT('',(-0.223,-0.15,0.207));
#2123 = DIRECTION('',(0.,-1.,0.));
#2124 = DIRECTION('',(0.,0.,1.));
#2125 = ORIENTED_EDGE('',*,*,#2126,.F.);
#2126 = EDGE_CURVE('',#2127,#2118,#2129,.T.);
#2127 = VERTEX_POINT('',#2128);
#2128 = CARTESIAN_POINT('',(-0.277,-0.15,0.207));
#2129 = LINE('',#2130,#2131);
#2130 = CARTESIAN_POINT('',(-0.277,-0.15,0.207));
#2131 = VECTOR('',#2132,1.);
#2132 = DIRECTION('',(1.,0.,0.));
#2133 = ORIENTED_EDGE('',*,*,#2134,.F.);
#2134 = EDGE_CURVE('',#2135,#2127,#2137,.T.);
#2135 = VERTEX_POINT('',#2136);
#2136 = CARTESIAN_POINT('',(-0.277,-0.15,2.3E-02));
#2137 = LINE('',#2138,#2139);
#2138 = CARTESIAN_POINT('',(-0.277,-0.15,2.3E-02));
#2139 = VECTOR('',#2140,1.);
#2140 = DIRECTION('',(0.,0.,1.));
#2141 = ORIENTED_EDGE('',*,*,#2142,.T.);
#2142 = EDGE_CURVE('',#2135,#2143,#2145,.T.);
#2143 = VERTEX_POINT('',#2144);
#2144 = CARTESIAN_POINT('',(-0.2,-0.15,2.3E-02));
#2145 = LINE('',#2146,#2147);
#2146 = CARTESIAN_POINT('',(-0.277,-0.15,2.3E-02));
#2147 = VECTOR('',#2148,1.);
#2148 = DIRECTION('',(1.,0.,0.));
#2149 = ORIENTED_EDGE('',*,*,#2150,.T.);
#2150 = EDGE_CURVE('',#2143,#2085,#2151,.T.);
#2151 = CIRCLE('',#2152,2.3E-02);
#2152 = AXIS2_PLACEMENT_3D('',#2153,#2154,#2155);
#2153 = CARTESIAN_POINT('',(-0.223,-0.15,2.3E-02));
#2154 = DIRECTION('',(0.,1.,0.));
#2155 = DIRECTION('',(0.,-0.,1.));
#2156 = PLANE('',#2157);
#2157 = AXIS2_PLACEMENT_3D('',#2158,#2159,#2160);
#2158 = CARTESIAN_POINT('',(-0.3,-0.15,0.));
#2159 = DIRECTION('',(0.,1.,0.));
#2160 = DIRECTION('',(0.,-0.,1.));
#2161 = ADVANCED_FACE('',(#2162),#2181,.T.);
#2162 = FACE_BOUND('',#2163,.T.);
#2163 = EDGE_LOOP('',(#2164,#2165,#2174,#2180));
#2164 = ORIENTED_EDGE('',*,*,#2052,.T.);
#2165 = ORIENTED_EDGE('',*,*,#2166,.T.);
#2166 = EDGE_CURVE('',#2053,#2167,#2169,.T.);
#2167 = VERTEX_POINT('',#2168);
#2168 = CARTESIAN_POINT('',(-0.277,0.15,-1.387778780781E-17));
#2169 = CIRCLE('',#2170,2.3E-02);
#2170 = AXIS2_PLACEMENT_3D('',#2171,#2172,#2173);
#2171 = CARTESIAN_POINT('',(-0.277,0.15,2.3E-02));
#2172 = DIRECTION('',(0.,-1.,0.));
#2173 = DIRECTION('',(0.,0.,1.));
#2174 = ORIENTED_EDGE('',*,*,#2175,.F.);
#2175 = EDGE_CURVE('',#2083,#2167,#2176,.T.);
#2176 = LINE('',#2177,#2178);
#2177 = CARTESIAN_POINT('',(-0.277,-0.15,-1.387778780781E-17));
#2178 = VECTOR('',#2179,1.);
#2179 = DIRECTION('',(0.,1.,0.));
#2180 = ORIENTED_EDGE('',*,*,#2092,.F.);
#2181 = CYLINDRICAL_SURFACE('',#2182,2.3E-02);
#2182 = AXIS2_PLACEMENT_3D('',#2183,#2184,#2185);
#2183 = CARTESIAN_POINT('',(-0.277,-0.15,2.3E-02));
#2184 = DIRECTION('',(0.,1.,0.));
#2185 = DIRECTION('',(-1.,0.,0.));
#2186 = ADVANCED_FACE('',(#2187),#2206,.T.);
#2187 = FACE_BOUND('',#2188,.T.);
#2188 = EDGE_LOOP('',(#2189,#2190,#2198,#2205));
#2189 = ORIENTED_EDGE('',*,*,#2100,.T.);
#2190 = ORIENTED_EDGE('',*,*,#2191,.T.);
#2191 = EDGE_CURVE('',#2101,#2192,#2194,.T.);
#2192 = VERTEX_POINT('',#2193);
#2193 = CARTESIAN_POINT('',(-0.277,0.15,0.23));
#2194 = LINE('',#2195,#2196);
#2195 = CARTESIAN_POINT('',(-0.277,-0.15,0.23));
#2196 = VECTOR('',#2197,1.);
#2197 = DIRECTION('',(0.,1.,0.));
#2198 = ORIENTED_EDGE('',*,*,#2199,.F.);
#2199 = EDGE_CURVE('',#2061,#2192,#2200,.T.);
#2200 = CIRCLE('',#2201,2.3E-02);
#2201 = AXIS2_PLACEMENT_3D('',#2202,#2203,#2204);
#2202 = CARTESIAN_POINT('',(-0.277,0.15,0.207));
#2203 = DIRECTION('',(0.,1.,0.));
#2204 = DIRECTION('',(0.,-0.,1.));
#2205 = ORIENTED_EDGE('',*,*,#2068,.F.);
#2206 = CYLINDRICAL_SURFACE('',#2207,2.3E-02);
#2207 = AXIS2_PLACEMENT_3D('',#2208,#2209,#2210);
#2208 = CARTESIAN_POINT('',(-0.277,-0.15,0.207));
#2209 = DIRECTION('',(0.,1.,0.));
#2210 = DIRECTION('',(-1.,0.,0.));
#2211 = ADVANCED_FACE('',(#2212),#2273,.T.);
#2212 = FACE_BOUND('',#2213,.T.);
#2213 = EDGE_LOOP('',(#2214,#2222,#2223,#2224,#2225,#2233,#2242,#2250,
    #2258,#2266));
#2214 = ORIENTED_EDGE('',*,*,#2215,.F.);
#2215 = EDGE_CURVE('',#2167,#2216,#2218,.T.);
#2216 = VERTEX_POINT('',#2217);
#2217 = CARTESIAN_POINT('',(-0.223,0.15,-1.387778780781E-17));
#2218 = LINE('',#2219,#2220);
#2219 = CARTESIAN_POINT('',(-0.3,0.15,0.));
#2220 = VECTOR('',#2221,1.);
#2221 = DIRECTION('',(1.,0.,0.));
#2222 = ORIENTED_EDGE('',*,*,#2166,.F.);
#2223 = ORIENTED_EDGE('',*,*,#2060,.T.);
#2224 = ORIENTED_EDGE('',*,*,#2199,.T.);
#2225 = ORIENTED_EDGE('',*,*,#2226,.T.);
#2226 = EDGE_CURVE('',#2192,#2227,#2229,.T.);
#2227 = VERTEX_POINT('',#2228);
#2228 = CARTESIAN_POINT('',(-0.223,0.15,0.23));
#2229 = LINE('',#2230,#2231);
#2230 = CARTESIAN_POINT('',(-0.3,0.15,0.23));
#2231 = VECTOR('',#2232,1.);
#2232 = DIRECTION('',(1.,0.,0.));
#2233 = ORIENTED_EDGE('',*,*,#2234,.F.);
#2234 = EDGE_CURVE('',#2235,#2227,#2237,.T.);
#2235 = VERTEX_POINT('',#2236);
#2236 = CARTESIAN_POINT('',(-0.2,0.15,0.207));
#2237 = CIRCLE('',#2238,2.3E-02);
#2238 = AXIS2_PLACEMENT_3D('',#2239,#2240,#2241);
#2239 = CARTESIAN_POINT('',(-0.223,0.15,0.207));
#2240 = DIRECTION('',(0.,-1.,0.));
#2241 = DIRECTION('',(0.,0.,1.));
#2242 = ORIENTED_EDGE('',*,*,#2243,.F.);
#2243 = EDGE_CURVE('',#2244,#2235,#2246,.T.);
#2244 = VERTEX_POINT('',#2245);
#2245 = CARTESIAN_POINT('',(-0.277,0.15,0.207));
#2246 = LINE('',#2247,#2248);
#2247 = CARTESIAN_POINT('',(-0.277,0.15,0.207));
#2248 = VECTOR('',#2249,1.);
#2249 = DIRECTION('',(1.,0.,0.));
#2250 = ORIENTED_EDGE('',*,*,#2251,.F.);
#2251 = EDGE_CURVE('',#2252,#2244,#2254,.T.);
#2252 = VERTEX_POINT('',#2253);
#2253 = CARTESIAN_POINT('',(-0.277,0.15,2.3E-02));
#2254 = LINE('',#2255,#2256);
#2255 = CARTESIAN_POINT('',(-0.277,0.15,2.3E-02));
#2256 = VECTOR('',#2257,1.);
#2257 = DIRECTION('',(0.,0.,1.));
#2258 = ORIENTED_EDGE('',*,*,#2259,.T.);
#2259 = EDGE_CURVE('',#2252,#2260,#2262,.T.);
#2260 = VERTEX_POINT('',#2261);
#2261 = CARTESIAN_POINT('',(-0.2,0.15,2.3E-02));
#2262 = LINE('',#2263,#2264);
#2263 = CARTESIAN_POINT('',(-0.277,0.15,2.3E-02));
#2264 = VECTOR('',#2265,1.);
#2265 = DIRECTION('',(1.,0.,0.));
#2266 = ORIENTED_EDGE('',*,*,#2267,.T.);
#2267 = EDGE_CURVE('',#2260,#2216,#2268,.T.);
#2268 = CIRCLE('',#2269,2.3E-02);
#2269 = AXIS2_PLACEMENT_3D('',#2270,#2271,#2272);
#2270 = CARTESIAN_POINT('',(-0.223,0.15,2.3E-02));
#2271 = DIRECTION('',(0.,1.,0.));
#2272 = DIRECTION('',(0.,-0.,1.));
#2273 = PLANE('',#2274);
#2274 = AXIS2_PLACEMENT_3D('',#2275,#2276,#2277);
#2275 = CARTESIAN_POINT('',(-0.3,0.15,0.));
#2276 = DIRECTION('',(0.,1.,0.));
#2277 = DIRECTION('',(0.,-0.,1.));
#2278 = ADVANCED_FACE('',(#2279),#2290,.F.);
#2279 = FACE_BOUND('',#2280,.F.);
#2280 = EDGE_LOOP('',(#2281,#2282,#2283,#2284));
#2281 = ORIENTED_EDGE('',*,*,#2215,.F.);
#2282 = ORIENTED_EDGE('',*,*,#2175,.F.);
#2283 = ORIENTED_EDGE('',*,*,#2082,.T.);
#2284 = ORIENTED_EDGE('',*,*,#2285,.T.);
#2285 = EDGE_CURVE('',#2085,#2216,#2286,.T.);
#2286 = LINE('',#2287,#2288);
#2287 = CARTESIAN_POINT('',(-0.223,-0.15,-1.387778780781E-17));
#2288 = VECTOR('',#2289,1.);
#2289 = DIRECTION('',(0.,1.,0.));
#2290 = PLANE('',#2291);
#2291 = AXIS2_PLACEMENT_3D('',#2292,#2293,#2294);
#2292 = CARTESIAN_POINT('',(-0.3,-0.15,0.));
#2293 = DIRECTION('',(0.,0.,1.));
#2294 = DIRECTION('',(1.,0.,-0.));
#2295 = ADVANCED_FACE('',(#2296),#2307,.T.);
#2296 = FACE_BOUND('',#2297,.T.);
#2297 = EDGE_LOOP('',(#2298,#2299,#2300,#2301));
#2298 = ORIENTED_EDGE('',*,*,#2150,.T.);
#2299 = ORIENTED_EDGE('',*,*,#2285,.T.);
#2300 = ORIENTED_EDGE('',*,*,#2267,.F.);
#2301 = ORIENTED_EDGE('',*,*,#2302,.F.);
#2302 = EDGE_CURVE('',#2143,#2260,#2303,.T.);
#2303 = LINE('',#2304,#2305);
#2304 = CARTESIAN_POINT('',(-0.2,-0.15,2.3E-02));
#2305 = VECTOR('',#2306,1.);
#2306 = DIRECTION('',(0.,1.,0.));
#2307 = CYLINDRICAL_SURFACE('',#2308,2.3E-02);
#2308 = AXIS2_PLACEMENT_3D('',#2309,#2310,#2311);
#2309 = CARTESIAN_POINT('',(-0.223,-0.15,2.3E-02));
#2310 = DIRECTION('',(0.,1.,0.));
#2311 = DIRECTION('',(1.,0.,0.));
#2312 = ADVANCED_FACE('',(#2313),#2356,.F.);
#2313 = FACE_BOUND('',#2314,.F.);
#2314 = EDGE_LOOP('',(#2315,#2316,#2317,#2318,#2326,#2334,#2342,#2350));
#2315 = ORIENTED_EDGE('',*,*,#2142,.F.);
#2316 = ORIENTED_EDGE('',*,*,#2134,.T.);
#2317 = ORIENTED_EDGE('',*,*,#2126,.T.);
#2318 = ORIENTED_EDGE('',*,*,#2319,.T.);
#2319 = EDGE_CURVE('',#2118,#2320,#2322,.T.);
#2320 = VERTEX_POINT('',#2321);
#2321 = CARTESIAN_POINT('',(0.2,-0.15,0.207));
#2322 = LINE('',#2323,#2324);
#2323 = CARTESIAN_POINT('',(-0.2,-0.15,0.207));
#2324 = VECTOR('',#2325,1.);
#2325 = DIRECTION('',(1.,0.,0.));
#2326 = ORIENTED_EDGE('',*,*,#2327,.T.);
#2327 = EDGE_CURVE('',#2320,#2328,#2330,.T.);
#2328 = VERTEX_POINT('',#2329);
#2329 = CARTESIAN_POINT('',(0.277,-0.15,0.207));
#2330 = LINE('',#2331,#2332);
#2331 = CARTESIAN_POINT('',(-0.277,-0.15,0.207));
#2332 = VECTOR('',#2333,1.);
#2333 = DIRECTION('',(1.,0.,0.));
#2334 = ORIENTED_EDGE('',*,*,#2335,.F.);
#2335 = EDGE_CURVE('',#2336,#2328,#2338,.T.);
#2336 = VERTEX_POINT('',#2337);
#2337 = CARTESIAN_POINT('',(0.277,-0.15,2.3E-02));
#2338 = LINE('',#2339,#2340);
#2339 = CARTESIAN_POINT('',(0.277,-0.15,2.3E-02));
#2340 = VECTOR('',#2341,1.);
#2341 = DIRECTION('',(0.,0.,1.));
#2342 = ORIENTED_EDGE('',*,*,#2343,.F.);
#2343 = EDGE_CURVE('',#2344,#2336,#2346,.T.);
#2344 = VERTEX_POINT('',#2345);
#2345 = CARTESIAN_POINT('',(0.2,-0.15,2.3E-02));
#2346 = LINE('',#2347,#2348);
#2347 = CARTESIAN_POINT('',(-0.277,-0.15,2.3E-02));
#2348 = VECTOR('',#2349,1.);
#2349 = DIRECTION('',(1.,0.,0.));
#2350 = ORIENTED_EDGE('',*,*,#2351,.F.);
#2351 = EDGE_CURVE('',#2143,#2344,#2352,.T.);
#2352 = LINE('',#2353,#2354);
#2353 = CARTESIAN_POINT('',(-0.277,-0.15,2.3E-02));
#2354 = VECTOR('',#2355,1.);
#2355 = DIRECTION('',(1.,0.,0.));
#2356 = PLANE('',#2357);
#2357 = AXIS2_PLACEMENT_3D('',#2358,#2359,#2360);
#2358 = CARTESIAN_POINT('',(-0.277,-0.15,2.3E-02));
#2359 = DIRECTION('',(0.,1.,0.));
#2360 = DIRECTION('',(0.,-0.,1.));
#2361 = ADVANCED_FACE('',(#2362),#2373,.T.);
#2362 = FACE_BOUND('',#2363,.T.);
#2363 = EDGE_LOOP('',(#2364,#2365,#2366,#2367));
#2364 = ORIENTED_EDGE('',*,*,#2226,.F.);
#2365 = ORIENTED_EDGE('',*,*,#2191,.F.);
#2366 = ORIENTED_EDGE('',*,*,#2109,.T.);
#2367 = ORIENTED_EDGE('',*,*,#2368,.T.);
#2368 = EDGE_CURVE('',#2110,#2227,#2369,.T.);
#2369 = LINE('',#2370,#2371);
#2370 = CARTESIAN_POINT('',(-0.223,-0.15,0.23));
#2371 = VECTOR('',#2372,1.);
#2372 = DIRECTION('',(0.,1.,0.));
#2373 = PLANE('',#2374);
#2374 = AXIS2_PLACEMENT_3D('',#2375,#2376,#2377);
#2375 = CARTESIAN_POINT('',(-0.3,-0.15,0.23));
#2376 = DIRECTION('',(0.,0.,1.));
#2377 = DIRECTION('',(1.,0.,-0.));
#2378 = ADVANCED_FACE('',(#2379),#2390,.T.);
#2379 = FACE_BOUND('',#2380,.T.);
#2380 = EDGE_LOOP('',(#2381,#2387,#2388,#2389));
#2381 = ORIENTED_EDGE('',*,*,#2382,.T.);
#2382 = EDGE_CURVE('',#2118,#2235,#2383,.T.);
#2383 = LINE('',#2384,#2385);
#2384 = CARTESIAN_POINT('',(-0.2,-0.15,0.207));
#2385 = VECTOR('',#2386,1.);
#2386 = DIRECTION('',(0.,1.,0.));
#2387 = ORIENTED_EDGE('',*,*,#2234,.T.);
#2388 = ORIENTED_EDGE('',*,*,#2368,.F.);
#2389 = ORIENTED_EDGE('',*,*,#2117,.F.);
#2390 = CYLINDRICAL_SURFACE('',#2391,2.3E-02);
#2391 = AXIS2_PLACEMENT_3D('',#2392,#2393,#2394);
#2392 = CARTESIAN_POINT('',(-0.223,-0.15,0.207));
#2393 = DIRECTION('',(0.,1.,0.));
#2394 = DIRECTION('',(1.,0.,0.));
#2395 = ADVANCED_FACE('',(#2396),#2439,.T.);
#2396 = FACE_BOUND('',#2397,.T.);
#2397 = EDGE_LOOP('',(#2398,#2399,#2400,#2401,#2409,#2417,#2425,#2433));
#2398 = ORIENTED_EDGE('',*,*,#2259,.F.);
#2399 = ORIENTED_EDGE('',*,*,#2251,.T.);
#2400 = ORIENTED_EDGE('',*,*,#2243,.T.);
#2401 = ORIENTED_EDGE('',*,*,#2402,.T.);
#2402 = EDGE_CURVE('',#2235,#2403,#2405,.T.);
#2403 = VERTEX_POINT('',#2404);
#2404 = CARTESIAN_POINT('',(0.2,0.15,0.207));
#2405 = LINE('',#2406,#2407);
#2406 = CARTESIAN_POINT('',(-0.2,0.15,0.207));
#2407 = VECTOR('',#2408,1.);
#2408 = DIRECTION('',(1.,0.,0.));
#2409 = ORIENTED_EDGE('',*,*,#2410,.T.);
#2410 = EDGE_CURVE('',#2403,#2411,#2413,.T.);
#2411 = VERTEX_POINT('',#2412);
#2412 = CARTESIAN_POINT('',(0.277,0.15,0.207));
#2413 = LINE('',#2414,#2415);
#2414 = CARTESIAN_POINT('',(-0.277,0.15,0.207));
#2415 = VECTOR('',#2416,1.);
#2416 = DIRECTION('',(1.,0.,0.));
#2417 = ORIENTED_EDGE('',*,*,#2418,.F.);
#2418 = EDGE_CURVE('',#2419,#2411,#2421,.T.);
#2419 = VERTEX_POINT('',#2420);
#2420 = CARTESIAN_POINT('',(0.277,0.15,2.3E-02));
#2421 = LINE('',#2422,#2423);
#2422 = CARTESIAN_POINT('',(0.277,0.15,2.3E-02));
#2423 = VECTOR('',#2424,1.);
#2424 = DIRECTION('',(0.,0.,1.));
#2425 = ORIENTED_EDGE('',*,*,#2426,.F.);
#2426 = EDGE_CURVE('',#2427,#2419,#2429,.T.);
#2427 = VERTEX_POINT('',#2428);
#2428 = CARTESIAN_POINT('',(0.2,0.15,2.3E-02));
#2429 = LINE('',#2430,#2431);
#2430 = CARTESIAN_POINT('',(-0.277,0.15,2.3E-02));
#2431 = VECTOR('',#2432,1.);
#2432 = DIRECTION('',(1.,0.,0.));
#2433 = ORIENTED_EDGE('',*,*,#2434,.F.);
#2434 = EDGE_CURVE('',#2260,#2427,#2435,.T.);
#2435 = LINE('',#2436,#2437);
#2436 = CARTESIAN_POINT('',(-0.277,0.15,2.3E-02));
#2437 = VECTOR('',#2438,1.);
#2438 = DIRECTION('',(1.,0.,0.));
#2439 = PLANE('',#2440);
#2440 = AXIS2_PLACEMENT_3D('',#2441,#2442,#2443);
#2441 = CARTESIAN_POINT('',(-0.277,0.15,2.3E-02));
#2442 = DIRECTION('',(0.,1.,0.));
#2443 = DIRECTION('',(0.,-0.,1.));
#2444 = ADVANCED_FACE('',(#2445),#2456,.F.);
#2445 = FACE_BOUND('',#2446,.F.);
#2446 = EDGE_LOOP('',(#2447,#2448,#2449,#2455));
#2447 = ORIENTED_EDGE('',*,*,#2302,.F.);
#2448 = ORIENTED_EDGE('',*,*,#2351,.T.);
#2449 = ORIENTED_EDGE('',*,*,#2450,.T.);
#2450 = EDGE_CURVE('',#2344,#2427,#2451,.T.);
#2451 = LINE('',#2452,#2453);
#2452 = CARTESIAN_POINT('',(0.2,-0.15,2.3E-02));
#2453 = VECTOR('',#2454,1.);
#2454 = DIRECTION('',(0.,1.,0.));
#2455 = ORIENTED_EDGE('',*,*,#2434,.F.);
#2456 = PLANE('',#2457);
#2457 = AXIS2_PLACEMENT_3D('',#2458,#2459,#2460);
#2458 = CARTESIAN_POINT('',(-0.277,-0.15,2.3E-02));
#2459 = DIRECTION('',(0.,0.,1.));
#2460 = DIRECTION('',(1.,0.,-0.));
#2461 = ADVANCED_FACE('',(#2462),#2525,.F.);
#2462 = FACE_BOUND('',#2463,.F.);
#2463 = EDGE_LOOP('',(#2464,#2474,#2481,#2482,#2483,#2484,#2493,#2501,
    #2510,#2518));
#2464 = ORIENTED_EDGE('',*,*,#2465,.F.);
#2465 = EDGE_CURVE('',#2466,#2468,#2470,.T.);
#2466 = VERTEX_POINT('',#2467);
#2467 = CARTESIAN_POINT('',(0.223,-0.15,-1.387778780781E-17));
#2468 = VERTEX_POINT('',#2469);
#2469 = CARTESIAN_POINT('',(0.277,-0.15,-1.387778780781E-17));
#2470 = LINE('',#2471,#2472);
#2471 = CARTESIAN_POINT('',(0.2,-0.15,0.));
#2472 = VECTOR('',#2473,1.);
#2473 = DIRECTION('',(1.,0.,0.));
#2474 = ORIENTED_EDGE('',*,*,#2475,.F.);
#2475 = EDGE_CURVE('',#2344,#2466,#2476,.T.);
#2476 = CIRCLE('',#2477,2.3E-02);
#2477 = AXIS2_PLACEMENT_3D('',#2478,#2479,#2480);
#2478 = CARTESIAN_POINT('',(0.223,-0.15,2.3E-02));
#2479 = DIRECTION('',(0.,-1.,0.));
#2480 = DIRECTION('',(0.,0.,1.));
#2481 = ORIENTED_EDGE('',*,*,#2343,.T.);
#2482 = ORIENTED_EDGE('',*,*,#2335,.T.);
#2483 = ORIENTED_EDGE('',*,*,#2327,.F.);
#2484 = ORIENTED_EDGE('',*,*,#2485,.T.);
#2485 = EDGE_CURVE('',#2320,#2486,#2488,.T.);
#2486 = VERTEX_POINT('',#2487);
#2487 = CARTESIAN_POINT('',(0.223,-0.15,0.23));
#2488 = CIRCLE('',#2489,2.3E-02);
#2489 = AXIS2_PLACEMENT_3D('',#2490,#2491,#2492);
#2490 = CARTESIAN_POINT('',(0.223,-0.15,0.207));
#2491 = DIRECTION('',(0.,1.,0.));
#2492 = DIRECTION('',(0.,-0.,1.));
#2493 = ORIENTED_EDGE('',*,*,#2494,.T.);
#2494 = EDGE_CURVE('',#2486,#2495,#2497,.T.);
#2495 = VERTEX_POINT('',#2496);
#2496 = CARTESIAN_POINT('',(0.277,-0.15,0.23));
#2497 = LINE('',#2498,#2499);
#2498 = CARTESIAN_POINT('',(0.2,-0.15,0.23));
#2499 = VECTOR('',#2500,1.);
#2500 = DIRECTION('',(1.,0.,0.));
#2501 = ORIENTED_EDGE('',*,*,#2502,.F.);
#2502 = EDGE_CURVE('',#2503,#2495,#2505,.T.);
#2503 = VERTEX_POINT('',#2504);
#2504 = CARTESIAN_POINT('',(0.3,-0.15,0.207));
#2505 = CIRCLE('',#2506,2.3E-02);
#2506 = AXIS2_PLACEMENT_3D('',#2507,#2508,#2509);
#2507 = CARTESIAN_POINT('',(0.277,-0.15,0.207));
#2508 = DIRECTION('',(0.,-1.,0.));
#2509 = DIRECTION('',(0.,0.,1.));
#2510 = ORIENTED_EDGE('',*,*,#2511,.F.);
#2511 = EDGE_CURVE('',#2512,#2503,#2514,.T.);
#2512 = VERTEX_POINT('',#2513);
#2513 = CARTESIAN_POINT('',(0.3,-0.15,2.3E-02));
#2514 = LINE('',#2515,#2516);
#2515 = CARTESIAN_POINT('',(0.3,-0.15,0.));
#2516 = VECTOR('',#2517,1.);
#2517 = DIRECTION('',(0.,0.,1.));
#2518 = ORIENTED_EDGE('',*,*,#2519,.T.);
#2519 = EDGE_CURVE('',#2512,#2468,#2520,.T.);
#2520 = CIRCLE('',#2521,2.3E-02);
#2521 = AXIS2_PLACEMENT_3D('',#2522,#2523,#2524);
#2522 = CARTESIAN_POINT('',(0.277,-0.15,2.3E-02));
#2523 = DIRECTION('',(0.,1.,0.));
#2524 = DIRECTION('',(0.,-0.,1.));
#2525 = PLANE('',#2526);
#2526 = AXIS2_PLACEMENT_3D('',#2527,#2528,#2529);
#2527 = CARTESIAN_POINT('',(0.2,-0.15,0.));
#2528 = DIRECTION('',(0.,1.,0.));
#2529 = DIRECTION('',(0.,-0.,1.));
#2530 = ADVANCED_FACE('',(#2531),#2556,.F.);
#2531 = FACE_BOUND('',#2532,.F.);
#2532 = EDGE_LOOP('',(#2533,#2534,#2542,#2550));
#2533 = ORIENTED_EDGE('',*,*,#2319,.F.);
#2534 = ORIENTED_EDGE('',*,*,#2535,.T.);
#2535 = EDGE_CURVE('',#2118,#2536,#2538,.T.);
#2536 = VERTEX_POINT('',#2537);
#2537 = CARTESIAN_POINT('',(-0.2,-0.15,0.23));
#2538 = LINE('',#2539,#2540);
#2539 = CARTESIAN_POINT('',(-0.2,-0.15,0.207));
#2540 = VECTOR('',#2541,1.);
#2541 = DIRECTION('',(0.,0.,1.));
#2542 = ORIENTED_EDGE('',*,*,#2543,.T.);
#2543 = EDGE_CURVE('',#2536,#2544,#2546,.T.);
#2544 = VERTEX_POINT('',#2545);
#2545 = CARTESIAN_POINT('',(0.2,-0.15,0.23));
#2546 = LINE('',#2547,#2548);
#2547 = CARTESIAN_POINT('',(-0.2,-0.15,0.23));
#2548 = VECTOR('',#2549,1.);
#2549 = DIRECTION('',(1.,0.,0.));
#2550 = ORIENTED_EDGE('',*,*,#2551,.F.);
#2551 = EDGE_CURVE('',#2320,#2544,#2552,.T.);
#2552 = LINE('',#2553,#2554);
#2553 = CARTESIAN_POINT('',(0.2,-0.15,0.207));
#2554 = VECTOR('',#2555,1.);
#2555 = DIRECTION('',(0.,0.,1.));
#2556 = PLANE('',#2557);
#2557 = AXIS2_PLACEMENT_3D('',#2558,#2559,#2560);
#2558 = CARTESIAN_POINT('',(-0.2,-0.15,0.207));
#2559 = DIRECTION('',(0.,1.,0.));
#2560 = DIRECTION('',(0.,-0.,1.));
#2561 = ADVANCED_FACE('',(#2562),#2580,.F.);
#2562 = FACE_BOUND('',#2563,.F.);
#2563 = EDGE_LOOP('',(#2564,#2565,#2566,#2574));
#2564 = ORIENTED_EDGE('',*,*,#2535,.F.);
#2565 = ORIENTED_EDGE('',*,*,#2382,.T.);
#2566 = ORIENTED_EDGE('',*,*,#2567,.T.);
#2567 = EDGE_CURVE('',#2235,#2568,#2570,.T.);
#2568 = VERTEX_POINT('',#2569);
#2569 = CARTESIAN_POINT('',(-0.2,0.15,0.23));
#2570 = LINE('',#2571,#2572);
#2571 = CARTESIAN_POINT('',(-0.2,0.15,0.207));
#2572 = VECTOR('',#2573,1.);
#2573 = DIRECTION('',(0.,0.,1.));
#2574 = ORIENTED_EDGE('',*,*,#2575,.F.);
#2575 = EDGE_CURVE('',#2536,#2568,#2576,.T.);
#2576 = LINE('',#2577,#2578);
#2577 = CARTESIAN_POINT('',(-0.2,-0.15,0.23));
#2578 = VECTOR('',#2579,1.);
#2579 = DIRECTION('',(0.,1.,0.));
#2580 = PLANE('',#2581);
#2581 = AXIS2_PLACEMENT_3D('',#2582,#2583,#2584);
#2582 = CARTESIAN_POINT('',(-0.2,-0.15,0.207));
#2583 = DIRECTION('',(1.,0.,0.));
#2584 = DIRECTION('',(0.,0.,1.));
#2585 = ADVANCED_FACE('',(#2586),#2649,.T.);
#2586 = FACE_BOUND('',#2587,.T.);
#2587 = EDGE_LOOP('',(#2588,#2598,#2605,#2606,#2607,#2608,#2617,#2625,
    #2634,#2642));
#2588 = ORIENTED_EDGE('',*,*,#2589,.F.);
#2589 = EDGE_CURVE('',#2590,#2592,#2594,.T.);
#2590 = VERTEX_POINT('',#2591);
#2591 = CARTESIAN_POINT('',(0.223,0.15,-1.387778780781E-17));
#2592 = VERTEX_POINT('',#2593);
#2593 = CARTESIAN_POINT('',(0.277,0.15,-1.387778780781E-17));
#2594 = LINE('',#2595,#2596);
#2595 = CARTESIAN_POINT('',(0.2,0.15,0.));
#2596 = VECTOR('',#2597,1.);
#2597 = DIRECTION('',(1.,0.,0.));
#2598 = ORIENTED_EDGE('',*,*,#2599,.F.);
#2599 = EDGE_CURVE('',#2427,#2590,#2600,.T.);
#2600 = CIRCLE('',#2601,2.3E-02);
#2601 = AXIS2_PLACEMENT_3D('',#2602,#2603,#2604);
#2602 = CARTESIAN_POINT('',(0.223,0.15,2.3E-02));
#2603 = DIRECTION('',(0.,-1.,0.));
#2604 = DIRECTION('',(0.,0.,1.));
#2605 = ORIENTED_EDGE('',*,*,#2426,.T.);
#2606 = ORIENTED_EDGE('',*,*,#2418,.T.);
#2607 = ORIENTED_EDGE('',*,*,#2410,.F.);
#2608 = ORIENTED_EDGE('',*,*,#2609,.T.);
#2609 = EDGE_CURVE('',#2403,#2610,#2612,.T.);
#2610 = VERTEX_POINT('',#2611);
#2611 = CARTESIAN_POINT('',(0.223,0.15,0.23));
#2612 = CIRCLE('',#2613,2.3E-02);
#2613 = AXIS2_PLACEMENT_3D('',#2614,#2615,#2616);
#2614 = CARTESIAN_POINT('',(0.223,0.15,0.207));
#2615 = DIRECTION('',(0.,1.,0.));
#2616 = DIRECTION('',(0.,-0.,1.));
#2617 = ORIENTED_EDGE('',*,*,#2618,.T.);
#2618 = EDGE_CURVE('',#2610,#2619,#2621,.T.);
#2619 = VERTEX_POINT('',#2620);
#2620 = CARTESIAN_POINT('',(0.277,0.15,0.23));
#2621 = LINE('',#2622,#2623);
#2622 = CARTESIAN_POINT('',(0.2,0.15,0.23));
#2623 = VECTOR('',#2624,1.);
#2624 = DIRECTION('',(1.,0.,0.));
#2625 = ORIENTED_EDGE('',*,*,#2626,.F.);
#2626 = EDGE_CURVE('',#2627,#2619,#2629,.T.);
#2627 = VERTEX_POINT('',#2628);
#2628 = CARTESIAN_POINT('',(0.3,0.15,0.207));
#2629 = CIRCLE('',#2630,2.3E-02);
#2630 = AXIS2_PLACEMENT_3D('',#2631,#2632,#2633);
#2631 = CARTESIAN_POINT('',(0.277,0.15,0.207));
#2632 = DIRECTION('',(0.,-1.,0.));
#2633 = DIRECTION('',(0.,0.,1.));
#2634 = ORIENTED_EDGE('',*,*,#2635,.F.);
#2635 = EDGE_CURVE('',#2636,#2627,#2638,.T.);
#2636 = VERTEX_POINT('',#2637);
#2637 = CARTESIAN_POINT('',(0.3,0.15,2.3E-02));
#2638 = LINE('',#2639,#2640);
#2639 = CARTESIAN_POINT('',(0.3,0.15,0.));
#2640 = VECTOR('',#2641,1.);
#2641 = DIRECTION('',(0.,0.,1.));
#2642 = ORIENTED_EDGE('',*,*,#2643,.T.);
#2643 = EDGE_CURVE('',#2636,#2592,#2644,.T.);
#2644 = CIRCLE('',#2645,2.3E-02);
#2645 = AXIS2_PLACEMENT_3D('',#2646,#2647,#2648);
#2646 = CARTESIAN_POINT('',(0.277,0.15,2.3E-02));
#2647 = DIRECTION('',(0.,1.,0.));
#2648 = DIRECTION('',(0.,-0.,1.));
#2649 = PLANE('',#2650);
#2650 = AXIS2_PLACEMENT_3D('',#2651,#2652,#2653);
#2651 = CARTESIAN_POINT('',(0.2,0.15,0.));
#2652 = DIRECTION('',(0.,1.,0.));
#2653 = DIRECTION('',(0.,-0.,1.));
#2654 = ADVANCED_FACE('',(#2655),#2673,.T.);
#2655 = FACE_BOUND('',#2656,.T.);
#2656 = EDGE_LOOP('',(#2657,#2658,#2659,#2667));
#2657 = ORIENTED_EDGE('',*,*,#2402,.F.);
#2658 = ORIENTED_EDGE('',*,*,#2567,.T.);
#2659 = ORIENTED_EDGE('',*,*,#2660,.T.);
#2660 = EDGE_CURVE('',#2568,#2661,#2663,.T.);
#2661 = VERTEX_POINT('',#2662);
#2662 = CARTESIAN_POINT('',(0.2,0.15,0.23));
#2663 = LINE('',#2664,#2665);
#2664 = CARTESIAN_POINT('',(-0.2,0.15,0.23));
#2665 = VECTOR('',#2666,1.);
#2666 = DIRECTION('',(1.,0.,0.));
#2667 = ORIENTED_EDGE('',*,*,#2668,.F.);
#2668 = EDGE_CURVE('',#2403,#2661,#2669,.T.);
#2669 = LINE('',#2670,#2671);
#2670 = CARTESIAN_POINT('',(0.2,0.15,0.207));
#2671 = VECTOR('',#2672,1.);
#2672 = DIRECTION('',(0.,0.,1.));
#2673 = PLANE('',#2674);
#2674 = AXIS2_PLACEMENT_3D('',#2675,#2676,#2677);
#2675 = CARTESIAN_POINT('',(-0.2,0.15,0.207));
#2676 = DIRECTION('',(0.,1.,0.));
#2677 = DIRECTION('',(0.,-0.,1.));
#2678 = ADVANCED_FACE('',(#2679),#2690,.T.);
#2679 = FACE_BOUND('',#2680,.T.);
#2680 = EDGE_LOOP('',(#2681,#2682,#2683,#2689));
#2681 = ORIENTED_EDGE('',*,*,#2450,.T.);
#2682 = ORIENTED_EDGE('',*,*,#2599,.T.);
#2683 = ORIENTED_EDGE('',*,*,#2684,.F.);
#2684 = EDGE_CURVE('',#2466,#2590,#2685,.T.);
#2685 = LINE('',#2686,#2687);
#2686 = CARTESIAN_POINT('',(0.223,-0.15,-1.387778780781E-17));
#2687 = VECTOR('',#2688,1.);
#2688 = DIRECTION('',(0.,1.,0.));
#2689 = ORIENTED_EDGE('',*,*,#2475,.F.);
#2690 = CYLINDRICAL_SURFACE('',#2691,2.3E-02);
#2691 = AXIS2_PLACEMENT_3D('',#2692,#2693,#2694);
#2692 = CARTESIAN_POINT('',(0.223,-0.15,2.3E-02));
#2693 = DIRECTION('',(0.,1.,0.));
#2694 = DIRECTION('',(-1.,0.,0.));
#2695 = ADVANCED_FACE('',(#2696),#2707,.F.);
#2696 = FACE_BOUND('',#2697,.F.);
#2697 = EDGE_LOOP('',(#2698,#2699,#2700,#2701));
#2698 = ORIENTED_EDGE('',*,*,#2589,.F.);
#2699 = ORIENTED_EDGE('',*,*,#2684,.F.);
#2700 = ORIENTED_EDGE('',*,*,#2465,.T.);
#2701 = ORIENTED_EDGE('',*,*,#2702,.T.);
#2702 = EDGE_CURVE('',#2468,#2592,#2703,.T.);
#2703 = LINE('',#2704,#2705);
#2704 = CARTESIAN_POINT('',(0.277,-0.15,-1.387778780781E-17));
#2705 = VECTOR('',#2706,1.);
#2706 = DIRECTION('',(0.,1.,0.));
#2707 = PLANE('',#2708);
#2708 = AXIS2_PLACEMENT_3D('',#2709,#2710,#2711);
#2709 = CARTESIAN_POINT('',(0.2,-0.15,0.));
#2710 = DIRECTION('',(0.,0.,1.));
#2711 = DIRECTION('',(1.,0.,-0.));
#2712 = ADVANCED_FACE('',(#2713),#2724,.T.);
#2713 = FACE_BOUND('',#2714,.T.);
#2714 = EDGE_LOOP('',(#2715,#2716,#2717,#2718));
#2715 = ORIENTED_EDGE('',*,*,#2519,.T.);
#2716 = ORIENTED_EDGE('',*,*,#2702,.T.);
#2717 = ORIENTED_EDGE('',*,*,#2643,.F.);
#2718 = ORIENTED_EDGE('',*,*,#2719,.F.);
#2719 = EDGE_CURVE('',#2512,#2636,#2720,.T.);
#2720 = LINE('',#2721,#2722);
#2721 = CARTESIAN_POINT('',(0.3,-0.15,2.3E-02));
#2722 = VECTOR('',#2723,1.);
#2723 = DIRECTION('',(0.,1.,0.));
#2724 = CYLINDRICAL_SURFACE('',#2725,2.3E-02);
#2725 = AXIS2_PLACEMENT_3D('',#2726,#2727,#2728);
#2726 = CARTESIAN_POINT('',(0.277,-0.15,2.3E-02));
#2727 = DIRECTION('',(0.,1.,0.));
#2728 = DIRECTION('',(1.,0.,0.));
#2729 = ADVANCED_FACE('',(#2730),#2741,.T.);
#2730 = FACE_BOUND('',#2731,.T.);
#2731 = EDGE_LOOP('',(#2732,#2733,#2734,#2735));
#2732 = ORIENTED_EDGE('',*,*,#2511,.F.);
#2733 = ORIENTED_EDGE('',*,*,#2719,.T.);
#2734 = ORIENTED_EDGE('',*,*,#2635,.T.);
#2735 = ORIENTED_EDGE('',*,*,#2736,.F.);
#2736 = EDGE_CURVE('',#2503,#2627,#2737,.T.);
#2737 = LINE('',#2738,#2739);
#2738 = CARTESIAN_POINT('',(0.3,-0.15,0.207));
#2739 = VECTOR('',#2740,1.);
#2740 = DIRECTION('',(0.,1.,0.));
#2741 = PLANE('',#2742);
#2742 = AXIS2_PLACEMENT_3D('',#2743,#2744,#2745);
#2743 = CARTESIAN_POINT('',(0.3,-0.15,0.));
#2744 = DIRECTION('',(1.,0.,0.));
#2745 = DIRECTION('',(0.,0.,1.));
#2746 = ADVANCED_FACE('',(#2747),#2758,.T.);
#2747 = FACE_BOUND('',#2748,.T.);
#2748 = EDGE_LOOP('',(#2749,#2750,#2751,#2757));
#2749 = ORIENTED_EDGE('',*,*,#2736,.T.);
#2750 = ORIENTED_EDGE('',*,*,#2626,.T.);
#2751 = ORIENTED_EDGE('',*,*,#2752,.F.);
#2752 = EDGE_CURVE('',#2495,#2619,#2753,.T.);
#2753 = LINE('',#2754,#2755);
#2754 = CARTESIAN_POINT('',(0.277,-0.15,0.23));
#2755 = VECTOR('',#2756,1.);
#2756 = DIRECTION('',(0.,1.,0.));
#2757 = ORIENTED_EDGE('',*,*,#2502,.F.);
#2758 = CYLINDRICAL_SURFACE('',#2759,2.3E-02);
#2759 = AXIS2_PLACEMENT_3D('',#2760,#2761,#2762);
#2760 = CARTESIAN_POINT('',(0.277,-0.15,0.207));
#2761 = DIRECTION('',(0.,1.,0.));
#2762 = DIRECTION('',(1.,0.,0.));
#2763 = ADVANCED_FACE('',(#2764),#2775,.T.);
#2764 = FACE_BOUND('',#2765,.T.);
#2765 = EDGE_LOOP('',(#2766,#2767,#2773,#2774));
#2766 = ORIENTED_EDGE('',*,*,#2618,.F.);
#2767 = ORIENTED_EDGE('',*,*,#2768,.F.);
#2768 = EDGE_CURVE('',#2486,#2610,#2769,.T.);
#2769 = LINE('',#2770,#2771);
#2770 = CARTESIAN_POINT('',(0.223,-0.15,0.23));
#2771 = VECTOR('',#2772,1.);
#2772 = DIRECTION('',(0.,1.,0.));
#2773 = ORIENTED_EDGE('',*,*,#2494,.T.);
#2774 = ORIENTED_EDGE('',*,*,#2752,.T.);
#2775 = PLANE('',#2776);
#2776 = AXIS2_PLACEMENT_3D('',#2777,#2778,#2779);
#2777 = CARTESIAN_POINT('',(0.2,-0.15,0.23));
#2778 = DIRECTION('',(0.,0.,1.));
#2779 = DIRECTION('',(1.,0.,-0.));
#2780 = ADVANCED_FACE('',(#2781),#2792,.T.);
#2781 = FACE_BOUND('',#2782,.T.);
#2782 = EDGE_LOOP('',(#2783,#2784,#2785,#2786));
#2783 = ORIENTED_EDGE('',*,*,#2485,.T.);
#2784 = ORIENTED_EDGE('',*,*,#2768,.T.);
#2785 = ORIENTED_EDGE('',*,*,#2609,.F.);
#2786 = ORIENTED_EDGE('',*,*,#2787,.F.);
#2787 = EDGE_CURVE('',#2320,#2403,#2788,.T.);
#2788 = LINE('',#2789,#2790);
#2789 = CARTESIAN_POINT('',(0.2,-0.15,0.207));
#2790 = VECTOR('',#2791,1.);
#2791 = DIRECTION('',(0.,1.,0.));
#2792 = CYLINDRICAL_SURFACE('',#2793,2.3E-02);
#2793 = AXIS2_PLACEMENT_3D('',#2794,#2795,#2796);
#2794 = CARTESIAN_POINT('',(0.223,-0.15,0.207));
#2795 = DIRECTION('',(0.,1.,0.));
#2796 = DIRECTION('',(-1.,0.,0.));
#2797 = ADVANCED_FACE('',(#2798),#2809,.T.);
#2798 = FACE_BOUND('',#2799,.T.);
#2799 = EDGE_LOOP('',(#2800,#2801,#2802,#2803));
#2800 = ORIENTED_EDGE('',*,*,#2551,.F.);
#2801 = ORIENTED_EDGE('',*,*,#2787,.T.);
#2802 = ORIENTED_EDGE('',*,*,#2668,.T.);
#2803 = ORIENTED_EDGE('',*,*,#2804,.F.);
#2804 = EDGE_CURVE('',#2544,#2661,#2805,.T.);
#2805 = LINE('',#2806,#2807);
#2806 = CARTESIAN_POINT('',(0.2,-0.15,0.23));
#2807 = VECTOR('',#2808,1.);
#2808 = DIRECTION('',(0.,1.,0.));
#2809 = PLANE('',#2810);
#2810 = AXIS2_PLACEMENT_3D('',#2811,#2812,#2813);
#2811 = CARTESIAN_POINT('',(0.2,-0.15,0.207));
#2812 = DIRECTION('',(1.,0.,0.));
#2813 = DIRECTION('',(0.,0.,1.));
#2814 = ADVANCED_FACE('',(#2815),#2821,.T.);
#2815 = FACE_BOUND('',#2816,.T.);
#2816 = EDGE_LOOP('',(#2817,#2818,#2819,#2820));
#2817 = ORIENTED_EDGE('',*,*,#2575,.F.);
#2818 = ORIENTED_EDGE('',*,*,#2543,.T.);
#2819 = ORIENTED_EDGE('',*,*,#2804,.T.);
#2820 = ORIENTED_EDGE('',*,*,#2660,.F.);
#2821 = PLANE('',#2822);
#2822 = AXIS2_PLACEMENT_3D('',#2823,#2824,#2825);
#2823 = CARTESIAN_POINT('',(-0.2,-0.15,0.23));
#2824 = DIRECTION('',(0.,0.,1.));
#2825 = DIRECTION('',(1.,0.,-0.));
#2826 = ( GEOMETRIC_REPRESENTATION_CONTEXT(3) 
GLOBAL_UNCERTAINTY_ASSIGNED_CONTEXT((#2830)) 
GLOBAL_UNIT_ASSIGNED_CONTEXT((#2827,#2828,#2829)) REPRESENTATION_CONTEXT
('Context #1','3D Context with UNIT and UNCERTAINTY') );
#2827 = ( LENGTH_UNIT() NAMED_UNIT(*) SI_UNIT(.MILLI.,.METRE.) );
#2828 = ( NAMED_UNIT(*) PLANE_ANGLE_UNIT() SI_UNIT($,.RADIAN.) );
#2829 = ( NAMED_UNIT(*) SI_UNIT($,.STERADIAN.) SOLID_ANGLE_UNIT() );
#2830 = UNCERTAINTY_MEASURE_WITH_UNIT(LENGTH_MEASURE(1.E-07),#2827,
  'distance_accuracy_value','confusion accuracy');
#2831 = CONTEXT_DEPENDENT_SHAPE_REPRESENTATION(#2832,#2834);
#2832 = ( REPRESENTATION_RELATIONSHIP('','',#2035,#2012) 
REPRESENTATION_RELATIONSHIP_WITH_TRANSFORMATION(#2833) 
SHAPE_REPRESENTATION_RELATIONSHIP() );
#2833 = ITEM_DEFINED_TRANSFORMATION('','',#11,#2013);
#2834 = PRODUCT_DEFINITION_SHAPE('Placement','Placement of an item',
  #2835);
#2835 = NEXT_ASSEMBLY_USAGE_OCCURRENCE('5','=>[0:1:1:7]','',#2007,#2030,
  $);
#2836 = PRODUCT_RELATED_PRODUCT_CATEGORY('part',$,(#2032));
#2837 = CONTEXT_DEPENDENT_SHAPE_REPRESENTATION(#2838,#2840);
#2838 = ( REPRESENTATION_RELATIONSHIP('','',#2012,#10) 
REPRESENTATION_RELATIONSHIP_WITH_TRANSFORMATION(#2839) 
SHAPE_REPRESENTATION_RELATIONSHIP() );
#2839 = ITEM_DEFINED_TRANSFORMATION('','',#11,#27);
#2840 = PRODUCT_DEFINITION_SHAPE('Placement','Placement of an item',
  #2841);
#2841 = NEXT_ASSEMBLY_USAGE_OCCURRENCE('7','R7','',#5,#2007,$);
#2842 = CONTEXT_DEPENDENT_SHAPE_REPRESENTATION(#2843,#2845);
#2843 = ( REPRESENTATION_RELATIONSHIP('','',#2012,#10) 
REPRESENTATION_RELATIONSHIP_WITH_TRANSFORMATION(#2844) 
SHAPE_REPRESENTATION_RELATIONSHIP() );
#2844 = ITEM_DEFINED_TRANSFORMATION('','',#11,#31);
#2845 = PRODUCT_DEFINITION_SHAPE('Placement','Placement of an item',
  #2846);
#2846 = NEXT_ASSEMBLY_USAGE_OCCURRENCE('8','R5','',#5,#2007,$);
#2847 = CONTEXT_DEPENDENT_SHAPE_REPRESENTATION(#2848,#2850);
#2848 = ( REPRESENTATION_RELATIONSHIP('','',#1116,#10) 
REPRESENTATION_RELATIONSHIP_WITH_TRANSFORMATION(#2849) 
SHAPE_REPRESENTATION_RELATIONSHIP() );
#2849 = ITEM_DEFINED_TRANSFORMATION('','',#11,#35);
#2850 = PRODUCT_DEFINITION_SHAPE('Placement','Placement of an item',
  #2851);
#2851 = NEXT_ASSEMBLY_USAGE_OCCURRENCE('9','C6','',#5,#1111,$);
#2852 = CONTEXT_DEPENDENT_SHAPE_REPRESENTATION(#2853,#2855);
#2853 = ( REPRESENTATION_RELATIONSHIP('','',#2012,#10) 
REPRESENTATION_RELATIONSHIP_WITH_TRANSFORMATION(#2854) 
SHAPE_REPRESENTATION_RELATIONSHIP() );
#2854 = ITEM_DEFINED_TRANSFORMATION('','',#11,#39);
#2855 = PRODUCT_DEFINITION_SHAPE('Placement','Placement of an item',
  #2856);
#2856 = NEXT_ASSEMBLY_USAGE_OCCURRENCE('10','R12','',#5,#2007,$);
#2857 = CONTEXT_DEPENDENT_SHAPE_REPRESENTATION(#2858,#2860);
#2858 = ( REPRESENTATION_RELATIONSHIP('','',#2012,#10) 
REPRESENTATION_RELATIONSHIP_WITH_TRANSFORMATION(#2859) 
SHAPE_REPRESENTATION_RELATIONSHIP() );
#2859 = ITEM_DEFINED_TRANSFORMATION('','',#11,#43);
#2860 = PRODUCT_DEFINITION_SHAPE('Placement','Placement of an item',
  #2861);
#2861 = NEXT_ASSEMBLY_USAGE_OCCURRENCE('11','R8','',#5,#2007,$);
#2862 = SHAPE_DEFINITION_REPRESENTATION(#2863,#2869);
#2863 = PRODUCT_DEFINITION_SHAPE('','',#2864);
#2864 = PRODUCT_DEFINITION('design','',#2865,#2868);
#2865 = PRODUCT_DEFINITION_FORMATION('','',#2866);
#2866 = PRODUCT('R_0402_1005Metric','R_0402_1005Metric','',(#2867));
#2867 = PRODUCT_CONTEXT('',#2,'mechanical');
#2868 = PRODUCT_DEFINITION_CONTEXT('part definition',#2,'design');
#2869 = SHAPE_REPRESENTATION('',(#11,#2870),#2874);
#2870 = AXIS2_PLACEMENT_3D('',#2871,#2872,#2873);
#2871 = CARTESIAN_POINT('',(0.,0.,0.));
#2872 = DIRECTION('',(0.,0.,1.));
#2873 = DIRECTION('',(1.,0.,-0.));
#2874 = ( GEOMETRIC_REPRESENTATION_CONTEXT(3) 
GLOBAL_UNCERTAINTY_ASSIGNED_CONTEXT((#2878)) 
GLOBAL_UNIT_ASSIGNED_CONTEXT((#2875,#2876,#2877)) REPRESENTATION_CONTEXT
('Context #1','3D Context with UNIT and UNCERTAINTY') );
#2875 = ( LENGTH_UNIT() NAMED_UNIT(*) SI_UNIT(.MILLI.,.METRE.) );
#2876 = ( NAMED_UNIT(*) PLANE_ANGLE_UNIT() SI_UNIT($,.RADIAN.) );
#2877 = ( NAMED_UNIT(*) SI_UNIT($,.STERADIAN.) SOLID_ANGLE_UNIT() );
#2878 = UNCERTAINTY_MEASURE_WITH_UNIT(LENGTH_MEASURE(1.E-07),#2875,
  'distance_accuracy_value','confusion accuracy');
#2879 = CONTEXT_DEPENDENT_SHAPE_REPRESENTATION(#2880,#2882);
#2880 = ( REPRESENTATION_RELATIONSHIP('','',#2869,#10) 
REPRESENTATION_RELATIONSHIP_WITH_TRANSFORMATION(#2881) 
SHAPE_REPRESENTATION_RELATIONSHIP() );
#2881 = ITEM_DEFINED_TRANSFORMATION('','',#11,#47);
#2882 = PRODUCT_DEFINITION_SHAPE('Placement','Placement of an item',
  #2883);
#2883 = NEXT_ASSEMBLY_USAGE_OCCURRENCE('13','R31','',#5,#2864,$);
#2884 = PRODUCT_RELATED_PRODUCT_CATEGORY('part',$,(#2866));
#2885 = SHAPE_DEFINITION_REPRESENTATION(#2886,#2892);
#2886 = PRODUCT_DEFINITION_SHAPE('','',#2887);
#2887 = PRODUCT_DEFINITION('design','',#2888,#2891);
#2888 = PRODUCT_DEFINITION_FORMATION('','',#2889);
#2889 = PRODUCT('R_0402_1005Metric','R_0402_1005Metric','',(#2890));
#2890 = PRODUCT_CONTEXT('',#2,'mechanical');
#2891 = PRODUCT_DEFINITION_CONTEXT('part definition',#2,'design');
#2892 = ADVANCED_BREP_SHAPE_REPRESENTATION('',(#11,#2893),#3683);
#2893 = MANIFOLD_SOLID_BREP('',#2894);
#2894 = CLOSED_SHELL('',(#2895,#2935,#3018,#3043,#3068,#3135,#3152,#3169
    ,#3218,#3235,#3252,#3301,#3318,#3387,#3418,#3442,#3511,#3535,#3552,
    #3569,#3586,#3603,#3620,#3637,#3654,#3671));
#2895 = ADVANCED_FACE('',(#2896),#2930,.F.);
#2896 = FACE_BOUND('',#2897,.F.);
#2897 = EDGE_LOOP('',(#2898,#2908,#2916,#2924));
#2898 = ORIENTED_EDGE('',*,*,#2899,.F.);
#2899 = EDGE_CURVE('',#2900,#2902,#2904,.T.);
#2900 = VERTEX_POINT('',#2901);
#2901 = CARTESIAN_POINT('',(-0.5,-0.25,3.5E-02));
#2902 = VERTEX_POINT('',#2903);
#2903 = CARTESIAN_POINT('',(-0.5,-0.25,0.315));
#2904 = LINE('',#2905,#2906);
#2905 = CARTESIAN_POINT('',(-0.5,-0.25,0.));
#2906 = VECTOR('',#2907,1.);
#2907 = DIRECTION('',(0.,0.,1.));
#2908 = ORIENTED_EDGE('',*,*,#2909,.T.);
#2909 = EDGE_CURVE('',#2900,#2910,#2912,.T.);
#2910 = VERTEX_POINT('',#2911);
#2911 = CARTESIAN_POINT('',(-0.5,0.25,3.5E-02));
#2912 = LINE('',#2913,#2914);
#2913 = CARTESIAN_POINT('',(-0.5,-0.25,3.5E-02));
#2914 = VECTOR('',#2915,1.);
#2915 = DIRECTION('',(0.,1.,0.));
#2916 = ORIENTED_EDGE('',*,*,#2917,.T.);
#2917 = EDGE_CURVE('',#2910,#2918,#2920,.T.);
#2918 = VERTEX_POINT('',#2919);
#2919 = CARTESIAN_POINT('',(-0.5,0.25,0.315));
#2920 = LINE('',#2921,#2922);
#2921 = CARTESIAN_POINT('',(-0.5,0.25,0.));
#2922 = VECTOR('',#2923,1.);
#2923 = DIRECTION('',(0.,0.,1.));
#2924 = ORIENTED_EDGE('',*,*,#2925,.F.);
#2925 = EDGE_CURVE('',#2902,#2918,#2926,.T.);
#2926 = LINE('',#2927,#2928);
#2927 = CARTESIAN_POINT('',(-0.5,-0.25,0.315));
#2928 = VECTOR('',#2929,1.);
#2929 = DIRECTION('',(0.,1.,0.));
#2930 = PLANE('',#2931);
#2931 = AXIS2_PLACEMENT_3D('',#2932,#2933,#2934);
#2932 = CARTESIAN_POINT('',(-0.5,-0.25,0.));
#2933 = DIRECTION('',(1.,0.,0.));
#2934 = DIRECTION('',(0.,0.,1.));
#2935 = ADVANCED_FACE('',(#2936),#3013,.F.);
#2936 = FACE_BOUND('',#2937,.F.);
#2937 = EDGE_LOOP('',(#2938,#2948,#2955,#2956,#2965,#2973,#2982,#2990,
    #2998,#3006));
#2938 = ORIENTED_EDGE('',*,*,#2939,.F.);
#2939 = EDGE_CURVE('',#2940,#2942,#2944,.T.);
#2940 = VERTEX_POINT('',#2941);
#2941 = CARTESIAN_POINT('',(-0.465,-0.25,-2.775557561563E-17));
#2942 = VERTEX_POINT('',#2943);
#2943 = CARTESIAN_POINT('',(-0.335,-0.25,-2.775557561563E-17));
#2944 = LINE('',#2945,#2946);
#2945 = CARTESIAN_POINT('',(-0.5,-0.25,0.));
#2946 = VECTOR('',#2947,1.);
#2947 = DIRECTION('',(1.,0.,0.));
#2948 = ORIENTED_EDGE('',*,*,#2949,.F.);
#2949 = EDGE_CURVE('',#2900,#2940,#2950,.T.);
#2950 = CIRCLE('',#2951,3.5E-02);
#2951 = AXIS2_PLACEMENT_3D('',#2952,#2953,#2954);
#2952 = CARTESIAN_POINT('',(-0.465,-0.25,3.5E-02));
#2953 = DIRECTION('',(0.,-1.,0.));
#2954 = DIRECTION('',(0.,0.,1.));
#2955 = ORIENTED_EDGE('',*,*,#2899,.T.);
#2956 = ORIENTED_EDGE('',*,*,#2957,.T.);
#2957 = EDGE_CURVE('',#2902,#2958,#2960,.T.);
#2958 = VERTEX_POINT('',#2959);
#2959 = CARTESIAN_POINT('',(-0.465,-0.25,0.35));
#2960 = CIRCLE('',#2961,3.5E-02);
#2961 = AXIS2_PLACEMENT_3D('',#2962,#2963,#2964);
#2962 = CARTESIAN_POINT('',(-0.465,-0.25,0.315));
#2963 = DIRECTION('',(0.,1.,0.));
#2964 = DIRECTION('',(0.,-0.,1.));
#2965 = ORIENTED_EDGE('',*,*,#2966,.T.);
#2966 = EDGE_CURVE('',#2958,#2967,#2969,.T.);
#2967 = VERTEX_POINT('',#2968);
#2968 = CARTESIAN_POINT('',(-0.335,-0.25,0.35));
#2969 = LINE('',#2970,#2971);
#2970 = CARTESIAN_POINT('',(-0.5,-0.25,0.35));
#2971 = VECTOR('',#2972,1.);
#2972 = DIRECTION('',(1.,0.,0.));
#2973 = ORIENTED_EDGE('',*,*,#2974,.F.);
#2974 = EDGE_CURVE('',#2975,#2967,#2977,.T.);
#2975 = VERTEX_POINT('',#2976);
#2976 = CARTESIAN_POINT('',(-0.3,-0.25,0.315));
#2977 = CIRCLE('',#2978,3.5E-02);
#2978 = AXIS2_PLACEMENT_3D('',#2979,#2980,#2981);
#2979 = CARTESIAN_POINT('',(-0.335,-0.25,0.315));
#2980 = DIRECTION('',(0.,-1.,0.));
#2981 = DIRECTION('',(0.,0.,1.));
#2982 = ORIENTED_EDGE('',*,*,#2983,.F.);
#2983 = EDGE_CURVE('',#2984,#2975,#2986,.T.);
#2984 = VERTEX_POINT('',#2985);
#2985 = CARTESIAN_POINT('',(-0.465,-0.25,0.315));
#2986 = LINE('',#2987,#2988);
#2987 = CARTESIAN_POINT('',(-0.465,-0.25,0.315));
#2988 = VECTOR('',#2989,1.);
#2989 = DIRECTION('',(1.,0.,0.));
#2990 = ORIENTED_EDGE('',*,*,#2991,.F.);
#2991 = EDGE_CURVE('',#2992,#2984,#2994,.T.);
#2992 = VERTEX_POINT('',#2993);
#2993 = CARTESIAN_POINT('',(-0.465,-0.25,3.5E-02));
#2994 = LINE('',#2995,#2996);
#2995 = CARTESIAN_POINT('',(-0.465,-0.25,3.5E-02));
#2996 = VECTOR('',#2997,1.);
#2997 = DIRECTION('',(0.,0.,1.));
#2998 = ORIENTED_EDGE('',*,*,#2999,.T.);
#2999 = EDGE_CURVE('',#2992,#3000,#3002,.T.);
#3000 = VERTEX_POINT('',#3001);
#3001 = CARTESIAN_POINT('',(-0.3,-0.25,3.5E-02));
#3002 = LINE('',#3003,#3004);
#3003 = CARTESIAN_POINT('',(-0.465,-0.25,3.5E-02));
#3004 = VECTOR('',#3005,1.);
#3005 = DIRECTION('',(1.,0.,0.));
#3006 = ORIENTED_EDGE('',*,*,#3007,.T.);
#3007 = EDGE_CURVE('',#3000,#2942,#3008,.T.);
#3008 = CIRCLE('',#3009,3.5E-02);
#3009 = AXIS2_PLACEMENT_3D('',#3010,#3011,#3012);
#3010 = CARTESIAN_POINT('',(-0.335,-0.25,3.5E-02));
#3011 = DIRECTION('',(0.,1.,0.));
#3012 = DIRECTION('',(0.,-0.,1.));
#3013 = PLANE('',#3014);
#3014 = AXIS2_PLACEMENT_3D('',#3015,#3016,#3017);
#3015 = CARTESIAN_POINT('',(-0.5,-0.25,0.));
#3016 = DIRECTION('',(0.,1.,0.));
#3017 = DIRECTION('',(0.,-0.,1.));
#3018 = ADVANCED_FACE('',(#3019),#3038,.T.);
#3019 = FACE_BOUND('',#3020,.T.);
#3020 = EDGE_LOOP('',(#3021,#3022,#3031,#3037));
#3021 = ORIENTED_EDGE('',*,*,#2909,.T.);
#3022 = ORIENTED_EDGE('',*,*,#3023,.T.);
#3023 = EDGE_CURVE('',#2910,#3024,#3026,.T.);
#3024 = VERTEX_POINT('',#3025);
#3025 = CARTESIAN_POINT('',(-0.465,0.25,-2.775557561563E-17));
#3026 = CIRCLE('',#3027,3.5E-02);
#3027 = AXIS2_PLACEMENT_3D('',#3028,#3029,#3030);
#3028 = CARTESIAN_POINT('',(-0.465,0.25,3.5E-02));
#3029 = DIRECTION('',(0.,-1.,0.));
#3030 = DIRECTION('',(0.,0.,1.));
#3031 = ORIENTED_EDGE('',*,*,#3032,.F.);
#3032 = EDGE_CURVE('',#2940,#3024,#3033,.T.);
#3033 = LINE('',#3034,#3035);
#3034 = CARTESIAN_POINT('',(-0.465,-0.25,-2.775557561563E-17));
#3035 = VECTOR('',#3036,1.);
#3036 = DIRECTION('',(0.,1.,0.));
#3037 = ORIENTED_EDGE('',*,*,#2949,.F.);
#3038 = CYLINDRICAL_SURFACE('',#3039,3.5E-02);
#3039 = AXIS2_PLACEMENT_3D('',#3040,#3041,#3042);
#3040 = CARTESIAN_POINT('',(-0.465,-0.25,3.5E-02));
#3041 = DIRECTION('',(0.,1.,0.));
#3042 = DIRECTION('',(-1.,0.,0.));
#3043 = ADVANCED_FACE('',(#3044),#3063,.T.);
#3044 = FACE_BOUND('',#3045,.T.);
#3045 = EDGE_LOOP('',(#3046,#3047,#3055,#3062));
#3046 = ORIENTED_EDGE('',*,*,#2957,.T.);
#3047 = ORIENTED_EDGE('',*,*,#3048,.T.);
#3048 = EDGE_CURVE('',#2958,#3049,#3051,.T.);
#3049 = VERTEX_POINT('',#3050);
#3050 = CARTESIAN_POINT('',(-0.465,0.25,0.35));
#3051 = LINE('',#3052,#3053);
#3052 = CARTESIAN_POINT('',(-0.465,-0.25,0.35));
#3053 = VECTOR('',#3054,1.);
#3054 = DIRECTION('',(0.,1.,0.));
#3055 = ORIENTED_EDGE('',*,*,#3056,.F.);
#3056 = EDGE_CURVE('',#2918,#3049,#3057,.T.);
#3057 = CIRCLE('',#3058,3.5E-02);
#3058 = AXIS2_PLACEMENT_3D('',#3059,#3060,#3061);
#3059 = CARTESIAN_POINT('',(-0.465,0.25,0.315));
#3060 = DIRECTION('',(0.,1.,0.));
#3061 = DIRECTION('',(0.,-0.,1.));
#3062 = ORIENTED_EDGE('',*,*,#2925,.F.);
#3063 = CYLINDRICAL_SURFACE('',#3064,3.5E-02);
#3064 = AXIS2_PLACEMENT_3D('',#3065,#3066,#3067);
#3065 = CARTESIAN_POINT('',(-0.465,-0.25,0.315));
#3066 = DIRECTION('',(0.,1.,0.));
#3067 = DIRECTION('',(-1.,0.,0.));
#3068 = ADVANCED_FACE('',(#3069),#3130,.T.);
#3069 = FACE_BOUND('',#3070,.T.);
#3070 = EDGE_LOOP('',(#3071,#3079,#3080,#3081,#3082,#3090,#3099,#3107,
    #3115,#3123));
#3071 = ORIENTED_EDGE('',*,*,#3072,.F.);
#3072 = EDGE_CURVE('',#3024,#3073,#3075,.T.);
#3073 = VERTEX_POINT('',#3074);
#3074 = CARTESIAN_POINT('',(-0.335,0.25,-2.775557561563E-17));
#3075 = LINE('',#3076,#3077);
#3076 = CARTESIAN_POINT('',(-0.5,0.25,0.));
#3077 = VECTOR('',#3078,1.);
#3078 = DIRECTION('',(1.,0.,0.));
#3079 = ORIENTED_EDGE('',*,*,#3023,.F.);
#3080 = ORIENTED_EDGE('',*,*,#2917,.T.);
#3081 = ORIENTED_EDGE('',*,*,#3056,.T.);
#3082 = ORIENTED_EDGE('',*,*,#3083,.T.);
#3083 = EDGE_CURVE('',#3049,#3084,#3086,.T.);
#3084 = VERTEX_POINT('',#3085);
#3085 = CARTESIAN_POINT('',(-0.335,0.25,0.35));
#3086 = LINE('',#3087,#3088);
#3087 = CARTESIAN_POINT('',(-0.5,0.25,0.35));
#3088 = VECTOR('',#3089,1.);
#3089 = DIRECTION('',(1.,0.,0.));
#3090 = ORIENTED_EDGE('',*,*,#3091,.F.);
#3091 = EDGE_CURVE('',#3092,#3084,#3094,.T.);
#3092 = VERTEX_POINT('',#3093);
#3093 = CARTESIAN_POINT('',(-0.3,0.25,0.315));
#3094 = CIRCLE('',#3095,3.5E-02);
#3095 = AXIS2_PLACEMENT_3D('',#3096,#3097,#3098);
#3096 = CARTESIAN_POINT('',(-0.335,0.25,0.315));
#3097 = DIRECTION('',(0.,-1.,0.));
#3098 = DIRECTION('',(0.,0.,1.));
#3099 = ORIENTED_EDGE('',*,*,#3100,.F.);
#3100 = EDGE_CURVE('',#3101,#3092,#3103,.T.);
#3101 = VERTEX_POINT('',#3102);
#3102 = CARTESIAN_POINT('',(-0.465,0.25,0.315));
#3103 = LINE('',#3104,#3105);
#3104 = CARTESIAN_POINT('',(-0.465,0.25,0.315));
#3105 = VECTOR('',#3106,1.);
#3106 = DIRECTION('',(1.,0.,0.));
#3107 = ORIENTED_EDGE('',*,*,#3108,.F.);
#3108 = EDGE_CURVE('',#3109,#3101,#3111,.T.);
#3109 = VERTEX_POINT('',#3110);
#3110 = CARTESIAN_POINT('',(-0.465,0.25,3.5E-02));
#3111 = LINE('',#3112,#3113);
#3112 = CARTESIAN_POINT('',(-0.465,0.25,3.5E-02));
#3113 = VECTOR('',#3114,1.);
#3114 = DIRECTION('',(0.,0.,1.));
#3115 = ORIENTED_EDGE('',*,*,#3116,.T.);
#3116 = EDGE_CURVE('',#3109,#3117,#3119,.T.);
#3117 = VERTEX_POINT('',#3118);
#3118 = CARTESIAN_POINT('',(-0.3,0.25,3.5E-02));
#3119 = LINE('',#3120,#3121);
#3120 = CARTESIAN_POINT('',(-0.465,0.25,3.5E-02));
#3121 = VECTOR('',#3122,1.);
#3122 = DIRECTION('',(1.,0.,0.));
#3123 = ORIENTED_EDGE('',*,*,#3124,.T.);
#3124 = EDGE_CURVE('',#3117,#3073,#3125,.T.);
#3125 = CIRCLE('',#3126,3.5E-02);
#3126 = AXIS2_PLACEMENT_3D('',#3127,#3128,#3129);
#3127 = CARTESIAN_POINT('',(-0.335,0.25,3.5E-02));
#3128 = DIRECTION('',(0.,1.,0.));
#3129 = DIRECTION('',(0.,-0.,1.));
#3130 = PLANE('',#3131);
#3131 = AXIS2_PLACEMENT_3D('',#3132,#3133,#3134);
#3132 = CARTESIAN_POINT('',(-0.5,0.25,0.));
#3133 = DIRECTION('',(0.,1.,0.));
#3134 = DIRECTION('',(0.,-0.,1.));
#3135 = ADVANCED_FACE('',(#3136),#3147,.F.);
#3136 = FACE_BOUND('',#3137,.F.);
#3137 = EDGE_LOOP('',(#3138,#3139,#3140,#3141));
#3138 = ORIENTED_EDGE('',*,*,#3072,.F.);
#3139 = ORIENTED_EDGE('',*,*,#3032,.F.);
#3140 = ORIENTED_EDGE('',*,*,#2939,.T.);
#3141 = ORIENTED_EDGE('',*,*,#3142,.T.);
#3142 = EDGE_CURVE('',#2942,#3073,#3143,.T.);
#3143 = LINE('',#3144,#3145);
#3144 = CARTESIAN_POINT('',(-0.335,-0.25,-2.775557561563E-17));
#3145 = VECTOR('',#3146,1.);
#3146 = DIRECTION('',(0.,1.,0.));
#3147 = PLANE('',#3148);
#3148 = AXIS2_PLACEMENT_3D('',#3149,#3150,#3151);
#3149 = CARTESIAN_POINT('',(-0.5,-0.25,0.));
#3150 = DIRECTION('',(0.,0.,1.));
#3151 = DIRECTION('',(1.,0.,-0.));
#3152 = ADVANCED_FACE('',(#3153),#3164,.T.);
#3153 = FACE_BOUND('',#3154,.T.);
#3154 = EDGE_LOOP('',(#3155,#3156,#3157,#3158));
#3155 = ORIENTED_EDGE('',*,*,#3007,.T.);
#3156 = ORIENTED_EDGE('',*,*,#3142,.T.);
#3157 = ORIENTED_EDGE('',*,*,#3124,.F.);
#3158 = ORIENTED_EDGE('',*,*,#3159,.F.);
#3159 = EDGE_CURVE('',#3000,#3117,#3160,.T.);
#3160 = LINE('',#3161,#3162);
#3161 = CARTESIAN_POINT('',(-0.3,-0.25,3.5E-02));
#3162 = VECTOR('',#3163,1.);
#3163 = DIRECTION('',(0.,1.,0.));
#3164 = CYLINDRICAL_SURFACE('',#3165,3.5E-02);
#3165 = AXIS2_PLACEMENT_3D('',#3166,#3167,#3168);
#3166 = CARTESIAN_POINT('',(-0.335,-0.25,3.5E-02));
#3167 = DIRECTION('',(0.,1.,0.));
#3168 = DIRECTION('',(1.,0.,0.));
#3169 = ADVANCED_FACE('',(#3170),#3213,.F.);
#3170 = FACE_BOUND('',#3171,.F.);
#3171 = EDGE_LOOP('',(#3172,#3173,#3174,#3175,#3183,#3191,#3199,#3207));
#3172 = ORIENTED_EDGE('',*,*,#2999,.F.);
#3173 = ORIENTED_EDGE('',*,*,#2991,.T.);
#3174 = ORIENTED_EDGE('',*,*,#2983,.T.);
#3175 = ORIENTED_EDGE('',*,*,#3176,.T.);
#3176 = EDGE_CURVE('',#2975,#3177,#3179,.T.);
#3177 = VERTEX_POINT('',#3178);
#3178 = CARTESIAN_POINT('',(0.3,-0.25,0.315));
#3179 = LINE('',#3180,#3181);
#3180 = CARTESIAN_POINT('',(-0.3,-0.25,0.315));
#3181 = VECTOR('',#3182,1.);
#3182 = DIRECTION('',(1.,0.,0.));
#3183 = ORIENTED_EDGE('',*,*,#3184,.T.);
#3184 = EDGE_CURVE('',#3177,#3185,#3187,.T.);
#3185 = VERTEX_POINT('',#3186);
#3186 = CARTESIAN_POINT('',(0.465,-0.25,0.315));
#3187 = LINE('',#3188,#3189);
#3188 = CARTESIAN_POINT('',(-0.465,-0.25,0.315));
#3189 = VECTOR('',#3190,1.);
#3190 = DIRECTION('',(1.,0.,0.));
#3191 = ORIENTED_EDGE('',*,*,#3192,.F.);
#3192 = EDGE_CURVE('',#3193,#3185,#3195,.T.);
#3193 = VERTEX_POINT('',#3194);
#3194 = CARTESIAN_POINT('',(0.465,-0.25,3.5E-02));
#3195 = LINE('',#3196,#3197);
#3196 = CARTESIAN_POINT('',(0.465,-0.25,3.5E-02));
#3197 = VECTOR('',#3198,1.);
#3198 = DIRECTION('',(0.,0.,1.));
#3199 = ORIENTED_EDGE('',*,*,#3200,.F.);
#3200 = EDGE_CURVE('',#3201,#3193,#3203,.T.);
#3201 = VERTEX_POINT('',#3202);
#3202 = CARTESIAN_POINT('',(0.3,-0.25,3.5E-02));
#3203 = LINE('',#3204,#3205);
#3204 = CARTESIAN_POINT('',(-0.465,-0.25,3.5E-02));
#3205 = VECTOR('',#3206,1.);
#3206 = DIRECTION('',(1.,0.,0.));
#3207 = ORIENTED_EDGE('',*,*,#3208,.F.);
#3208 = EDGE_CURVE('',#3000,#3201,#3209,.T.);
#3209 = LINE('',#3210,#3211);
#3210 = CARTESIAN_POINT('',(-0.465,-0.25,3.5E-02));
#3211 = VECTOR('',#3212,1.);
#3212 = DIRECTION('',(1.,0.,0.));
#3213 = PLANE('',#3214);
#3214 = AXIS2_PLACEMENT_3D('',#3215,#3216,#3217);
#3215 = CARTESIAN_POINT('',(-0.465,-0.25,3.5E-02));
#3216 = DIRECTION('',(0.,1.,0.));
#3217 = DIRECTION('',(0.,-0.,1.));
#3218 = ADVANCED_FACE('',(#3219),#3230,.T.);
#3219 = FACE_BOUND('',#3220,.T.);
#3220 = EDGE_LOOP('',(#3221,#3222,#3223,#3224));
#3221 = ORIENTED_EDGE('',*,*,#3083,.F.);
#3222 = ORIENTED_EDGE('',*,*,#3048,.F.);
#3223 = ORIENTED_EDGE('',*,*,#2966,.T.);
#3224 = ORIENTED_EDGE('',*,*,#3225,.T.);
#3225 = EDGE_CURVE('',#2967,#3084,#3226,.T.);
#3226 = LINE('',#3227,#3228);
#3227 = CARTESIAN_POINT('',(-0.335,-0.25,0.35));
#3228 = VECTOR('',#3229,1.);
#3229 = DIRECTION('',(0.,1.,0.));
#3230 = PLANE('',#3231);
#3231 = AXIS2_PLACEMENT_3D('',#3232,#3233,#3234);
#3232 = CARTESIAN_POINT('',(-0.5,-0.25,0.35));
#3233 = DIRECTION('',(0.,0.,1.));
#3234 = DIRECTION('',(1.,0.,-0.));
#3235 = ADVANCED_FACE('',(#3236),#3247,.T.);
#3236 = FACE_BOUND('',#3237,.T.);
#3237 = EDGE_LOOP('',(#3238,#3244,#3245,#3246));
#3238 = ORIENTED_EDGE('',*,*,#3239,.T.);
#3239 = EDGE_CURVE('',#2975,#3092,#3240,.T.);
#3240 = LINE('',#3241,#3242);
#3241 = CARTESIAN_POINT('',(-0.3,-0.25,0.315));
#3242 = VECTOR('',#3243,1.);
#3243 = DIRECTION('',(0.,1.,0.));
#3244 = ORIENTED_EDGE('',*,*,#3091,.T.);
#3245 = ORIENTED_EDGE('',*,*,#3225,.F.);
#3246 = ORIENTED_EDGE('',*,*,#2974,.F.);
#3247 = CYLINDRICAL_SURFACE('',#3248,3.5E-02);
#3248 = AXIS2_PLACEMENT_3D('',#3249,#3250,#3251);
#3249 = CARTESIAN_POINT('',(-0.335,-0.25,0.315));
#3250 = DIRECTION('',(0.,1.,0.));
#3251 = DIRECTION('',(1.,0.,0.));
#3252 = ADVANCED_FACE('',(#3253),#3296,.T.);
#3253 = FACE_BOUND('',#3254,.T.);
#3254 = EDGE_LOOP('',(#3255,#3256,#3257,#3258,#3266,#3274,#3282,#3290));
#3255 = ORIENTED_EDGE('',*,*,#3116,.F.);
#3256 = ORIENTED_EDGE('',*,*,#3108,.T.);
#3257 = ORIENTED_EDGE('',*,*,#3100,.T.);
#3258 = ORIENTED_EDGE('',*,*,#3259,.T.);
#3259 = EDGE_CURVE('',#3092,#3260,#3262,.T.);
#3260 = VERTEX_POINT('',#3261);
#3261 = CARTESIAN_POINT('',(0.3,0.25,0.315));
#3262 = LINE('',#3263,#3264);
#3263 = CARTESIAN_POINT('',(-0.3,0.25,0.315));
#3264 = VECTOR('',#3265,1.);
#3265 = DIRECTION('',(1.,0.,0.));
#3266 = ORIENTED_EDGE('',*,*,#3267,.T.);
#3267 = EDGE_CURVE('',#3260,#3268,#3270,.T.);
#3268 = VERTEX_POINT('',#3269);
#3269 = CARTESIAN_POINT('',(0.465,0.25,0.315));
#3270 = LINE('',#3271,#3272);
#3271 = CARTESIAN_POINT('',(-0.465,0.25,0.315));
#3272 = VECTOR('',#3273,1.);
#3273 = DIRECTION('',(1.,0.,0.));
#3274 = ORIENTED_EDGE('',*,*,#3275,.F.);
#3275 = EDGE_CURVE('',#3276,#3268,#3278,.T.);
#3276 = VERTEX_POINT('',#3277);
#3277 = CARTESIAN_POINT('',(0.465,0.25,3.5E-02));
#3278 = LINE('',#3279,#3280);
#3279 = CARTESIAN_POINT('',(0.465,0.25,3.5E-02));
#3280 = VECTOR('',#3281,1.);
#3281 = DIRECTION('',(0.,0.,1.));
#3282 = ORIENTED_EDGE('',*,*,#3283,.F.);
#3283 = EDGE_CURVE('',#3284,#3276,#3286,.T.);
#3284 = VERTEX_POINT('',#3285);
#3285 = CARTESIAN_POINT('',(0.3,0.25,3.5E-02));
#3286 = LINE('',#3287,#3288);
#3287 = CARTESIAN_POINT('',(-0.465,0.25,3.5E-02));
#3288 = VECTOR('',#3289,1.);
#3289 = DIRECTION('',(1.,0.,0.));
#3290 = ORIENTED_EDGE('',*,*,#3291,.F.);
#3291 = EDGE_CURVE('',#3117,#3284,#3292,.T.);
#3292 = LINE('',#3293,#3294);
#3293 = CARTESIAN_POINT('',(-0.465,0.25,3.5E-02));
#3294 = VECTOR('',#3295,1.);
#3295 = DIRECTION('',(1.,0.,0.));
#3296 = PLANE('',#3297);
#3297 = AXIS2_PLACEMENT_3D('',#3298,#3299,#3300);
#3298 = CARTESIAN_POINT('',(-0.465,0.25,3.5E-02));
#3299 = DIRECTION('',(0.,1.,0.));
#3300 = DIRECTION('',(0.,-0.,1.));
#3301 = ADVANCED_FACE('',(#3302),#3313,.F.);
#3302 = FACE_BOUND('',#3303,.F.);
#3303 = EDGE_LOOP('',(#3304,#3305,#3306,#3312));
#3304 = ORIENTED_EDGE('',*,*,#3159,.F.);
#3305 = ORIENTED_EDGE('',*,*,#3208,.T.);
#3306 = ORIENTED_EDGE('',*,*,#3307,.T.);
#3307 = EDGE_CURVE('',#3201,#3284,#3308,.T.);
#3308 = LINE('',#3309,#3310);
#3309 = CARTESIAN_POINT('',(0.3,-0.25,3.5E-02));
#3310 = VECTOR('',#3311,1.);
#3311 = DIRECTION('',(0.,1.,0.));
#3312 = ORIENTED_EDGE('',*,*,#3291,.F.);
#3313 = PLANE('',#3314);
#3314 = AXIS2_PLACEMENT_3D('',#3315,#3316,#3317);
#3315 = CARTESIAN_POINT('',(-0.465,-0.25,3.5E-02));
#3316 = DIRECTION('',(0.,0.,1.));
#3317 = DIRECTION('',(1.,0.,-0.));
#3318 = ADVANCED_FACE('',(#3319),#3382,.F.);
#3319 = FACE_BOUND('',#3320,.F.);
#3320 = EDGE_LOOP('',(#3321,#3331,#3338,#3339,#3340,#3341,#3350,#3358,
    #3367,#3375));
#3321 = ORIENTED_EDGE('',*,*,#3322,.F.);
#3322 = EDGE_CURVE('',#3323,#3325,#3327,.T.);
#3323 = VERTEX_POINT('',#3324);
#3324 = CARTESIAN_POINT('',(0.335,-0.25,-2.775557561563E-17));
#3325 = VERTEX_POINT('',#3326);
#3326 = CARTESIAN_POINT('',(0.465,-0.25,-2.775557561563E-17));
#3327 = LINE('',#3328,#3329);
#3328 = CARTESIAN_POINT('',(0.3,-0.25,0.));
#3329 = VECTOR('',#3330,1.);
#3330 = DIRECTION('',(1.,0.,0.));
#3331 = ORIENTED_EDGE('',*,*,#3332,.F.);
#3332 = EDGE_CURVE('',#3201,#3323,#3333,.T.);
#3333 = CIRCLE('',#3334,3.5E-02);
#3334 = AXIS2_PLACEMENT_3D('',#3335,#3336,#3337);
#3335 = CARTESIAN_POINT('',(0.335,-0.25,3.5E-02));
#3336 = DIRECTION('',(0.,-1.,0.));
#3337 = DIRECTION('',(0.,0.,1.));
#3338 = ORIENTED_EDGE('',*,*,#3200,.T.);
#3339 = ORIENTED_EDGE('',*,*,#3192,.T.);
#3340 = ORIENTED_EDGE('',*,*,#3184,.F.);
#3341 = ORIENTED_EDGE('',*,*,#3342,.T.);
#3342 = EDGE_CURVE('',#3177,#3343,#3345,.T.);
#3343 = VERTEX_POINT('',#3344);
#3344 = CARTESIAN_POINT('',(0.335,-0.25,0.35));
#3345 = CIRCLE('',#3346,3.5E-02);
#3346 = AXIS2_PLACEMENT_3D('',#3347,#3348,#3349);
#3347 = CARTESIAN_POINT('',(0.335,-0.25,0.315));
#3348 = DIRECTION('',(0.,1.,0.));
#3349 = DIRECTION('',(0.,-0.,1.));
#3350 = ORIENTED_EDGE('',*,*,#3351,.T.);
#3351 = EDGE_CURVE('',#3343,#3352,#3354,.T.);
#3352 = VERTEX_POINT('',#3353);
#3353 = CARTESIAN_POINT('',(0.465,-0.25,0.35));
#3354 = LINE('',#3355,#3356);
#3355 = CARTESIAN_POINT('',(0.3,-0.25,0.35));
#3356 = VECTOR('',#3357,1.);
#3357 = DIRECTION('',(1.,0.,0.));
#3358 = ORIENTED_EDGE('',*,*,#3359,.F.);
#3359 = EDGE_CURVE('',#3360,#3352,#3362,.T.);
#3360 = VERTEX_POINT('',#3361);
#3361 = CARTESIAN_POINT('',(0.5,-0.25,0.315));
#3362 = CIRCLE('',#3363,3.5E-02);
#3363 = AXIS2_PLACEMENT_3D('',#3364,#3365,#3366);
#3364 = CARTESIAN_POINT('',(0.465,-0.25,0.315));
#3365 = DIRECTION('',(0.,-1.,0.));
#3366 = DIRECTION('',(0.,0.,1.));
#3367 = ORIENTED_EDGE('',*,*,#3368,.F.);
#3368 = EDGE_CURVE('',#3369,#3360,#3371,.T.);
#3369 = VERTEX_POINT('',#3370);
#3370 = CARTESIAN_POINT('',(0.5,-0.25,3.5E-02));
#3371 = LINE('',#3372,#3373);
#3372 = CARTESIAN_POINT('',(0.5,-0.25,0.));
#3373 = VECTOR('',#3374,1.);
#3374 = DIRECTION('',(0.,0.,1.));
#3375 = ORIENTED_EDGE('',*,*,#3376,.T.);
#3376 = EDGE_CURVE('',#3369,#3325,#3377,.T.);
#3377 = CIRCLE('',#3378,3.5E-02);
#3378 = AXIS2_PLACEMENT_3D('',#3379,#3380,#3381);
#3379 = CARTESIAN_POINT('',(0.465,-0.25,3.5E-02));
#3380 = DIRECTION('',(0.,1.,0.));
#3381 = DIRECTION('',(0.,-0.,1.));
#3382 = PLANE('',#3383);
#3383 = AXIS2_PLACEMENT_3D('',#3384,#3385,#3386);
#3384 = CARTESIAN_POINT('',(0.3,-0.25,0.));
#3385 = DIRECTION('',(0.,1.,0.));
#3386 = DIRECTION('',(0.,-0.,1.));
#3387 = ADVANCED_FACE('',(#3388),#3413,.F.);
#3388 = FACE_BOUND('',#3389,.F.);
#3389 = EDGE_LOOP('',(#3390,#3391,#3399,#3407));
#3390 = ORIENTED_EDGE('',*,*,#3176,.F.);
#3391 = ORIENTED_EDGE('',*,*,#3392,.T.);
#3392 = EDGE_CURVE('',#2975,#3393,#3395,.T.);
#3393 = VERTEX_POINT('',#3394);
#3394 = CARTESIAN_POINT('',(-0.3,-0.25,0.35));
#3395 = LINE('',#3396,#3397);
#3396 = CARTESIAN_POINT('',(-0.3,-0.25,0.315));
#3397 = VECTOR('',#3398,1.);
#3398 = DIRECTION('',(0.,0.,1.));
#3399 = ORIENTED_EDGE('',*,*,#3400,.T.);
#3400 = EDGE_CURVE('',#3393,#3401,#3403,.T.);
#3401 = VERTEX_POINT('',#3402);
#3402 = CARTESIAN_POINT('',(0.3,-0.25,0.35));
#3403 = LINE('',#3404,#3405);
#3404 = CARTESIAN_POINT('',(-0.3,-0.25,0.35));
#3405 = VECTOR('',#3406,1.);
#3406 = DIRECTION('',(1.,0.,0.));
#3407 = ORIENTED_EDGE('',*,*,#3408,.F.);
#3408 = EDGE_CURVE('',#3177,#3401,#3409,.T.);
#3409 = LINE('',#3410,#3411);
#3410 = CARTESIAN_POINT('',(0.3,-0.25,0.315));
#3411 = VECTOR('',#3412,1.);
#3412 = DIRECTION('',(0.,0.,1.));
#3413 = PLANE('',#3414);
#3414 = AXIS2_PLACEMENT_3D('',#3415,#3416,#3417);
#3415 = CARTESIAN_POINT('',(-0.3,-0.25,0.315));
#3416 = DIRECTION('',(0.,1.,0.));
#3417 = DIRECTION('',(0.,-0.,1.));
#3418 = ADVANCED_FACE('',(#3419),#3437,.F.);
#3419 = FACE_BOUND('',#3420,.F.);
#3420 = EDGE_LOOP('',(#3421,#3422,#3423,#3431));
#3421 = ORIENTED_EDGE('',*,*,#3392,.F.);
#3422 = ORIENTED_EDGE('',*,*,#3239,.T.);
#3423 = ORIENTED_EDGE('',*,*,#3424,.T.);
#3424 = EDGE_CURVE('',#3092,#3425,#3427,.T.);
#3425 = VERTEX_POINT('',#3426);
#3426 = CARTESIAN_POINT('',(-0.3,0.25,0.35));
#3427 = LINE('',#3428,#3429);
#3428 = CARTESIAN_POINT('',(-0.3,0.25,0.315));
#3429 = VECTOR('',#3430,1.);
#3430 = DIRECTION('',(0.,0.,1.));
#3431 = ORIENTED_EDGE('',*,*,#3432,.F.);
#3432 = EDGE_CURVE('',#3393,#3425,#3433,.T.);
#3433 = LINE('',#3434,#3435);
#3434 = CARTESIAN_POINT('',(-0.3,-0.25,0.35));
#3435 = VECTOR('',#3436,1.);
#3436 = DIRECTION('',(0.,1.,0.));
#3437 = PLANE('',#3438);
#3438 = AXIS2_PLACEMENT_3D('',#3439,#3440,#3441);
#3439 = CARTESIAN_POINT('',(-0.3,-0.25,0.315));
#3440 = DIRECTION('',(1.,0.,0.));
#3441 = DIRECTION('',(0.,0.,1.));
#3442 = ADVANCED_FACE('',(#3443),#3506,.T.);
#3443 = FACE_BOUND('',#3444,.T.);
#3444 = EDGE_LOOP('',(#3445,#3455,#3462,#3463,#3464,#3465,#3474,#3482,
    #3491,#3499));
#3445 = ORIENTED_EDGE('',*,*,#3446,.F.);
#3446 = EDGE_CURVE('',#3447,#3449,#3451,.T.);
#3447 = VERTEX_POINT('',#3448);
#3448 = CARTESIAN_POINT('',(0.335,0.25,-2.775557561563E-17));
#3449 = VERTEX_POINT('',#3450);
#3450 = CARTESIAN_POINT('',(0.465,0.25,-2.775557561563E-17));
#3451 = LINE('',#3452,#3453);
#3452 = CARTESIAN_POINT('',(0.3,0.25,0.));
#3453 = VECTOR('',#3454,1.);
#3454 = DIRECTION('',(1.,0.,0.));
#3455 = ORIENTED_EDGE('',*,*,#3456,.F.);
#3456 = EDGE_CURVE('',#3284,#3447,#3457,.T.);
#3457 = CIRCLE('',#3458,3.5E-02);
#3458 = AXIS2_PLACEMENT_3D('',#3459,#3460,#3461);
#3459 = CARTESIAN_POINT('',(0.335,0.25,3.5E-02));
#3460 = DIRECTION('',(0.,-1.,0.));
#3461 = DIRECTION('',(0.,0.,1.));
#3462 = ORIENTED_EDGE('',*,*,#3283,.T.);
#3463 = ORIENTED_EDGE('',*,*,#3275,.T.);
#3464 = ORIENTED_EDGE('',*,*,#3267,.F.);
#3465 = ORIENTED_EDGE('',*,*,#3466,.T.);
#3466 = EDGE_CURVE('',#3260,#3467,#3469,.T.);
#3467 = VERTEX_POINT('',#3468);
#3468 = CARTESIAN_POINT('',(0.335,0.25,0.35));
#3469 = CIRCLE('',#3470,3.5E-02);
#3470 = AXIS2_PLACEMENT_3D('',#3471,#3472,#3473);
#3471 = CARTESIAN_POINT('',(0.335,0.25,0.315));
#3472 = DIRECTION('',(0.,1.,0.));
#3473 = DIRECTION('',(0.,-0.,1.));
#3474 = ORIENTED_EDGE('',*,*,#3475,.T.);
#3475 = EDGE_CURVE('',#3467,#3476,#3478,.T.);
#3476 = VERTEX_POINT('',#3477);
#3477 = CARTESIAN_POINT('',(0.465,0.25,0.35));
#3478 = LINE('',#3479,#3480);
#3479 = CARTESIAN_POINT('',(0.3,0.25,0.35));
#3480 = VECTOR('',#3481,1.);
#3481 = DIRECTION('',(1.,0.,0.));
#3482 = ORIENTED_EDGE('',*,*,#3483,.F.);
#3483 = EDGE_CURVE('',#3484,#3476,#3486,.T.);
#3484 = VERTEX_POINT('',#3485);
#3485 = CARTESIAN_POINT('',(0.5,0.25,0.315));
#3486 = CIRCLE('',#3487,3.5E-02);
#3487 = AXIS2_PLACEMENT_3D('',#3488,#3489,#3490);
#3488 = CARTESIAN_POINT('',(0.465,0.25,0.315));
#3489 = DIRECTION('',(0.,-1.,0.));
#3490 = DIRECTION('',(0.,0.,1.));
#3491 = ORIENTED_EDGE('',*,*,#3492,.F.);
#3492 = EDGE_CURVE('',#3493,#3484,#3495,.T.);
#3493 = VERTEX_POINT('',#3494);
#3494 = CARTESIAN_POINT('',(0.5,0.25,3.5E-02));
#3495 = LINE('',#3496,#3497);
#3496 = CARTESIAN_POINT('',(0.5,0.25,0.));
#3497 = VECTOR('',#3498,1.);
#3498 = DIRECTION('',(0.,0.,1.));
#3499 = ORIENTED_EDGE('',*,*,#3500,.T.);
#3500 = EDGE_CURVE('',#3493,#3449,#3501,.T.);
#3501 = CIRCLE('',#3502,3.5E-02);
#3502 = AXIS2_PLACEMENT_3D('',#3503,#3504,#3505);
#3503 = CARTESIAN_POINT('',(0.465,0.25,3.5E-02));
#3504 = DIRECTION('',(0.,1.,0.));
#3505 = DIRECTION('',(0.,-0.,1.));
#3506 = PLANE('',#3507);
#3507 = AXIS2_PLACEMENT_3D('',#3508,#3509,#3510);
#3508 = CARTESIAN_POINT('',(0.3,0.25,0.));
#3509 = DIRECTION('',(0.,1.,0.));
#3510 = DIRECTION('',(0.,-0.,1.));
#3511 = ADVANCED_FACE('',(#3512),#3530,.T.);
#3512 = FACE_BOUND('',#3513,.T.);
#3513 = EDGE_LOOP('',(#3514,#3515,#3516,#3524));
#3514 = ORIENTED_EDGE('',*,*,#3259,.F.);
#3515 = ORIENTED_EDGE('',*,*,#3424,.T.);
#3516 = ORIENTED_EDGE('',*,*,#3517,.T.);
#3517 = EDGE_CURVE('',#3425,#3518,#3520,.T.);
#3518 = VERTEX_POINT('',#3519);
#3519 = CARTESIAN_POINT('',(0.3,0.25,0.35));
#3520 = LINE('',#3521,#3522);
#3521 = CARTESIAN_POINT('',(-0.3,0.25,0.35));
#3522 = VECTOR('',#3523,1.);
#3523 = DIRECTION('',(1.,0.,0.));
#3524 = ORIENTED_EDGE('',*,*,#3525,.F.);
#3525 = EDGE_CURVE('',#3260,#3518,#3526,.T.);
#3526 = LINE('',#3527,#3528);
#3527 = CARTESIAN_POINT('',(0.3,0.25,0.315));
#3528 = VECTOR('',#3529,1.);
#3529 = DIRECTION('',(0.,0.,1.));
#3530 = PLANE('',#3531);
#3531 = AXIS2_PLACEMENT_3D('',#3532,#3533,#3534);
#3532 = CARTESIAN_POINT('',(-0.3,0.25,0.315));
#3533 = DIRECTION('',(0.,1.,0.));
#3534 = DIRECTION('',(0.,-0.,1.));
#3535 = ADVANCED_FACE('',(#3536),#3547,.T.);
#3536 = FACE_BOUND('',#3537,.T.);
#3537 = EDGE_LOOP('',(#3538,#3539,#3540,#3546));
#3538 = ORIENTED_EDGE('',*,*,#3307,.T.);
#3539 = ORIENTED_EDGE('',*,*,#3456,.T.);
#3540 = ORIENTED_EDGE('',*,*,#3541,.F.);
#3541 = EDGE_CURVE('',#3323,#3447,#3542,.T.);
#3542 = LINE('',#3543,#3544);
#3543 = CARTESIAN_POINT('',(0.335,-0.25,-2.775557561563E-17));
#3544 = VECTOR('',#3545,1.);
#3545 = DIRECTION('',(0.,1.,0.));
#3546 = ORIENTED_EDGE('',*,*,#3332,.F.);
#3547 = CYLINDRICAL_SURFACE('',#3548,3.5E-02);
#3548 = AXIS2_PLACEMENT_3D('',#3549,#3550,#3551);
#3549 = CARTESIAN_POINT('',(0.335,-0.25,3.5E-02));
#3550 = DIRECTION('',(0.,1.,0.));
#3551 = DIRECTION('',(-1.,0.,0.));
#3552 = ADVANCED_FACE('',(#3553),#3564,.F.);
#3553 = FACE_BOUND('',#3554,.F.);
#3554 = EDGE_LOOP('',(#3555,#3556,#3557,#3558));
#3555 = ORIENTED_EDGE('',*,*,#3446,.F.);
#3556 = ORIENTED_EDGE('',*,*,#3541,.F.);
#3557 = ORIENTED_EDGE('',*,*,#3322,.T.);
#3558 = ORIENTED_EDGE('',*,*,#3559,.T.);
#3559 = EDGE_CURVE('',#3325,#3449,#3560,.T.);
#3560 = LINE('',#3561,#3562);
#3561 = CARTESIAN_POINT('',(0.465,-0.25,-2.775557561563E-17));
#3562 = VECTOR('',#3563,1.);
#3563 = DIRECTION('',(0.,1.,0.));
#3564 = PLANE('',#3565);
#3565 = AXIS2_PLACEMENT_3D('',#3566,#3567,#3568);
#3566 = CARTESIAN_POINT('',(0.3,-0.25,0.));
#3567 = DIRECTION('',(0.,0.,1.));
#3568 = DIRECTION('',(1.,0.,-0.));
#3569 = ADVANCED_FACE('',(#3570),#3581,.T.);
#3570 = FACE_BOUND('',#3571,.T.);
#3571 = EDGE_LOOP('',(#3572,#3573,#3574,#3575));
#3572 = ORIENTED_EDGE('',*,*,#3376,.T.);
#3573 = ORIENTED_EDGE('',*,*,#3559,.T.);
#3574 = ORIENTED_EDGE('',*,*,#3500,.F.);
#3575 = ORIENTED_EDGE('',*,*,#3576,.F.);
#3576 = EDGE_CURVE('',#3369,#3493,#3577,.T.);
#3577 = LINE('',#3578,#3579);
#3578 = CARTESIAN_POINT('',(0.5,-0.25,3.5E-02));
#3579 = VECTOR('',#3580,1.);
#3580 = DIRECTION('',(0.,1.,0.));
#3581 = CYLINDRICAL_SURFACE('',#3582,3.5E-02);
#3582 = AXIS2_PLACEMENT_3D('',#3583,#3584,#3585);
#3583 = CARTESIAN_POINT('',(0.465,-0.25,3.5E-02));
#3584 = DIRECTION('',(0.,1.,0.));
#3585 = DIRECTION('',(1.,0.,0.));
#3586 = ADVANCED_FACE('',(#3587),#3598,.T.);
#3587 = FACE_BOUND('',#3588,.T.);
#3588 = EDGE_LOOP('',(#3589,#3590,#3591,#3592));
#3589 = ORIENTED_EDGE('',*,*,#3368,.F.);
#3590 = ORIENTED_EDGE('',*,*,#3576,.T.);
#3591 = ORIENTED_EDGE('',*,*,#3492,.T.);
#3592 = ORIENTED_EDGE('',*,*,#3593,.F.);
#3593 = EDGE_CURVE('',#3360,#3484,#3594,.T.);
#3594 = LINE('',#3595,#3596);
#3595 = CARTESIAN_POINT('',(0.5,-0.25,0.315));
#3596 = VECTOR('',#3597,1.);
#3597 = DIRECTION('',(0.,1.,0.));
#3598 = PLANE('',#3599);
#3599 = AXIS2_PLACEMENT_3D('',#3600,#3601,#3602);
#3600 = CARTESIAN_POINT('',(0.5,-0.25,0.));
#3601 = DIRECTION('',(1.,0.,0.));
#3602 = DIRECTION('',(0.,0.,1.));
#3603 = ADVANCED_FACE('',(#3604),#3615,.T.);
#3604 = FACE_BOUND('',#3605,.T.);
#3605 = EDGE_LOOP('',(#3606,#3607,#3608,#3614));
#3606 = ORIENTED_EDGE('',*,*,#3593,.T.);
#3607 = ORIENTED_EDGE('',*,*,#3483,.T.);
#3608 = ORIENTED_EDGE('',*,*,#3609,.F.);
#3609 = EDGE_CURVE('',#3352,#3476,#3610,.T.);
#3610 = LINE('',#3611,#3612);
#3611 = CARTESIAN_POINT('',(0.465,-0.25,0.35));
#3612 = VECTOR('',#3613,1.);
#3613 = DIRECTION('',(0.,1.,0.));
#3614 = ORIENTED_EDGE('',*,*,#3359,.F.);
#3615 = CYLINDRICAL_SURFACE('',#3616,3.5E-02);
#3616 = AXIS2_PLACEMENT_3D('',#3617,#3618,#3619);
#3617 = CARTESIAN_POINT('',(0.465,-0.25,0.315));
#3618 = DIRECTION('',(0.,1.,0.));
#3619 = DIRECTION('',(1.,0.,0.));
#3620 = ADVANCED_FACE('',(#3621),#3632,.T.);
#3621 = FACE_BOUND('',#3622,.T.);
#3622 = EDGE_LOOP('',(#3623,#3624,#3630,#3631));
#3623 = ORIENTED_EDGE('',*,*,#3475,.F.);
#3624 = ORIENTED_EDGE('',*,*,#3625,.F.);
#3625 = EDGE_CURVE('',#3343,#3467,#3626,.T.);
#3626 = LINE('',#3627,#3628);
#3627 = CARTESIAN_POINT('',(0.335,-0.25,0.35));
#3628 = VECTOR('',#3629,1.);
#3629 = DIRECTION('',(0.,1.,0.));
#3630 = ORIENTED_EDGE('',*,*,#3351,.T.);
#3631 = ORIENTED_EDGE('',*,*,#3609,.T.);
#3632 = PLANE('',#3633);
#3633 = AXIS2_PLACEMENT_3D('',#3634,#3635,#3636);
#3634 = CARTESIAN_POINT('',(0.3,-0.25,0.35));
#3635 = DIRECTION('',(0.,0.,1.));
#3636 = DIRECTION('',(1.,0.,-0.));
#3637 = ADVANCED_FACE('',(#3638),#3649,.T.);
#3638 = FACE_BOUND('',#3639,.T.);
#3639 = EDGE_LOOP('',(#3640,#3641,#3642,#3643));
#3640 = ORIENTED_EDGE('',*,*,#3342,.T.);
#3641 = ORIENTED_EDGE('',*,*,#3625,.T.);
#3642 = ORIENTED_EDGE('',*,*,#3466,.F.);
#3643 = ORIENTED_EDGE('',*,*,#3644,.F.);
#3644 = EDGE_CURVE('',#3177,#3260,#3645,.T.);
#3645 = LINE('',#3646,#3647);
#3646 = CARTESIAN_POINT('',(0.3,-0.25,0.315));
#3647 = VECTOR('',#3648,1.);
#3648 = DIRECTION('',(0.,1.,0.));
#3649 = CYLINDRICAL_SURFACE('',#3650,3.5E-02);
#3650 = AXIS2_PLACEMENT_3D('',#3651,#3652,#3653);
#3651 = CARTESIAN_POINT('',(0.335,-0.25,0.315));
#3652 = DIRECTION('',(0.,1.,0.));
#3653 = DIRECTION('',(-1.,0.,0.));
#3654 = ADVANCED_FACE('',(#3655),#3666,.T.);
#3655 = FACE_BOUND('',#3656,.T.);
#3656 = EDGE_LOOP('',(#3657,#3658,#3659,#3660));
#3657 = ORIENTED_EDGE('',*,*,#3408,.F.);
#3658 = ORIENTED_EDGE('',*,*,#3644,.T.);
#3659 = ORIENTED_EDGE('',*,*,#3525,.T.);
#3660 = ORIENTED_EDGE('',*,*,#3661,.F.);
#3661 = EDGE_CURVE('',#3401,#3518,#3662,.T.);
#3662 = LINE('',#3663,#3664);
#3663 = CARTESIAN_POINT('',(0.3,-0.25,0.35));
#3664 = VECTOR('',#3665,1.);
#3665 = DIRECTION('',(0.,1.,0.));
#3666 = PLANE('',#3667);
#3667 = AXIS2_PLACEMENT_3D('',#3668,#3669,#3670);
#3668 = CARTESIAN_POINT('',(0.3,-0.25,0.315));
#3669 = DIRECTION('',(1.,0.,0.));
#3670 = DIRECTION('',(0.,0.,1.));
#3671 = ADVANCED_FACE('',(#3672),#3678,.T.);
#3672 = FACE_BOUND('',#3673,.T.);
#3673 = EDGE_LOOP('',(#3674,#3675,#3676,#3677));
#3674 = ORIENTED_EDGE('',*,*,#3432,.F.);
#3675 = ORIENTED_EDGE('',*,*,#3400,.T.);
#3676 = ORIENTED_EDGE('',*,*,#3661,.T.);
#3677 = ORIENTED_EDGE('',*,*,#3517,.F.);
#3678 = PLANE('',#3679);
#3679 = AXIS2_PLACEMENT_3D('',#3680,#3681,#3682);
#3680 = CARTESIAN_POINT('',(-0.3,-0.25,0.35));
#3681 = DIRECTION('',(0.,0.,1.));
#3682 = DIRECTION('',(1.,0.,-0.));
#3683 = ( GEOMETRIC_REPRESENTATION_CONTEXT(3) 
GLOBAL_UNCERTAINTY_ASSIGNED_CONTEXT((#3687)) 
GLOBAL_UNIT_ASSIGNED_CONTEXT((#3684,#3685,#3686)) REPRESENTATION_CONTEXT
('Context #1','3D Context with UNIT and UNCERTAINTY') );
#3684 = ( LENGTH_UNIT() NAMED_UNIT(*) SI_UNIT(.MILLI.,.METRE.) );
#3685 = ( NAMED_UNIT(*) PLANE_ANGLE_UNIT() SI_UNIT($,.RADIAN.) );
#3686 = ( NAMED_UNIT(*) SI_UNIT($,.STERADIAN.) SOLID_ANGLE_UNIT() );
#3687 = UNCERTAINTY_MEASURE_WITH_UNIT(LENGTH_MEASURE(1.E-07),#3684,
  'distance_accuracy_value','confusion accuracy');
#3688 = CONTEXT_DEPENDENT_SHAPE_REPRESENTATION(#3689,#3691);
#3689 = ( REPRESENTATION_RELATIONSHIP('','',#2892,#2869) 
REPRESENTATION_RELATIONSHIP_WITH_TRANSFORMATION(#3690) 
SHAPE_REPRESENTATION_RELATIONSHIP() );
#3690 = ITEM_DEFINED_TRANSFORMATION('','',#11,#2870);
#3691 = PRODUCT_DEFINITION_SHAPE('Placement','Placement of an item',
  #3692);
#3692 = NEXT_ASSEMBLY_USAGE_OCCURRENCE('12','=>[0:1:1:9]','',#2864,#2887
  ,$);
#3693 = PRODUCT_RELATED_PRODUCT_CATEGORY('part',$,(#2889));
#3694 = CONTEXT_DEPENDENT_SHAPE_REPRESENTATION(#3695,#3697);
#3695 = ( REPRESENTATION_RELATIONSHIP('','',#220,#10) 
REPRESENTATION_RELATIONSHIP_WITH_TRANSFORMATION(#3696) 
SHAPE_REPRESENTATION_RELATIONSHIP() );
#3696 = ITEM_DEFINED_TRANSFORMATION('','',#11,#51);
#3697 = PRODUCT_DEFINITION_SHAPE('Placement','Placement of an item',
  #3698);
#3698 = NEXT_ASSEMBLY_USAGE_OCCURRENCE('14','C10','',#5,#215,$);
#3699 = SHAPE_DEFINITION_REPRESENTATION(#3700,#3706);
#3700 = PRODUCT_DEFINITION_SHAPE('','',#3701);
#3701 = PRODUCT_DEFINITION('design','',#3702,#3705);
#3702 = PRODUCT_DEFINITION_FORMATION('','',#3703);
#3703 = PRODUCT('PinHeader_1x03_P2.54mm_Horizontal',
  'PinHeader_1x03_P2.54mm_Horizontal','',(#3704));
#3704 = PRODUCT_CONTEXT('',#2,'mechanical');
#3705 = PRODUCT_DEFINITION_CONTEXT('part definition',#2,'design');
#3706 = SHAPE_REPRESENTATION('',(#11,#3707),#3711);
#3707 = AXIS2_PLACEMENT_3D('',#3708,#3709,#3710);
#3708 = CARTESIAN_POINT('',(0.,0.,0.));
#3709 = DIRECTION('',(0.,0.,1.));
#3710 = DIRECTION('',(1.,0.,-0.));
#3711 = ( GEOMETRIC_REPRESENTATION_CONTEXT(3) 
GLOBAL_UNCERTAINTY_ASSIGNED_CONTEXT((#3715)) 
GLOBAL_UNIT_ASSIGNED_CONTEXT((#3712,#3713,#3714)) REPRESENTATION_CONTEXT
('Context #1','3D Context with UNIT and UNCERTAINTY') );
#3712 = ( LENGTH_UNIT() NAMED_UNIT(*) SI_UNIT(.MILLI.,.METRE.) );
#3713 = ( NAMED_UNIT(*) PLANE_ANGLE_UNIT() SI_UNIT($,.RADIAN.) );
#3714 = ( NAMED_UNIT(*) SI_UNIT($,.STERADIAN.) SOLID_ANGLE_UNIT() );
#3715 = UNCERTAINTY_MEASURE_WITH_UNIT(LENGTH_MEASURE(1.E-07),#3712,
  'distance_accuracy_value','confusion accuracy');
#3716 = CONTEXT_DEPENDENT_SHAPE_REPRESENTATION(#3717,#3719);
#3717 = ( REPRESENTATION_RELATIONSHIP('','',#3706,#10) 
REPRESENTATION_RELATIONSHIP_WITH_TRANSFORMATION(#3718) 
SHAPE_REPRESENTATION_RELATIONSHIP() );
#3718 = ITEM_DEFINED_TRANSFORMATION('','',#11,#55);
#3719 = PRODUCT_DEFINITION_SHAPE('Placement','Placement of an item',
  #3720);
#3720 = NEXT_ASSEMBLY_USAGE_OCCURRENCE('16','J3','',#5,#3701,$);
#3721 = PRODUCT_RELATED_PRODUCT_CATEGORY('part',$,(#3703));
#3722 = SHAPE_DEFINITION_REPRESENTATION(#3723,#3729);
#3723 = PRODUCT_DEFINITION_SHAPE('','',#3724);
#3724 = PRODUCT_DEFINITION('design','',#3725,#3728);
#3725 = PRODUCT_DEFINITION_FORMATION('','',#3726);
#3726 = PRODUCT('PinHeader_1x03_P254mm_Horizontal',
  'PinHeader_1x03_P254mm_Horizontal','',(#3727));
#3727 = PRODUCT_CONTEXT('',#2,'mechanical');
#3728 = PRODUCT_DEFINITION_CONTEXT('part definition',#2,'design');
#3729 = ADVANCED_BREP_SHAPE_REPRESENTATION('',(#11,#3730),#6139);
#3730 = MANIFOLD_SOLID_BREP('',#3731);
#3731 = CLOSED_SHELL('',(#3732,#3772,#3803,#3834,#4081,#4328,#4345,#4362
    ,#4379,#4396,#4413,#4430,#4447,#4464,#4481,#4498,#4515,#4532,#4549,
    #4566,#4583,#4600,#4612,#4643,#4692,#4716,#4758,#4789,#4838,#4862,
    #4904,#4935,#4984,#5008,#5050,#5081,#5105,#5129,#5146,#5177,#5201,
    #5225,#5242,#5273,#5297,#5321,#5338,#5355,#5372,#5403,#5420,#5451,
    #5468,#5485,#5502,#5533,#5564,#5581,#5598,#5615,#5646,#5677,#5708,
    #5732,#5756,#5773,#5804,#5828,#5852,#5869,#5900,#5924,#5948,#5965,
    #5982,#5999,#6011,#6028,#6045,#6057,#6074,#6091,#6103,#6115,#6127));
#3732 = ADVANCED_FACE('',(#3733),#3767,.T.);
#3733 = FACE_BOUND('',#3734,.T.);
#3734 = EDGE_LOOP('',(#3735,#3745,#3753,#3761));
#3735 = ORIENTED_EDGE('',*,*,#3736,.T.);
#3736 = EDGE_CURVE('',#3737,#3739,#3741,.T.);
#3737 = VERTEX_POINT('',#3738);
#3738 = CARTESIAN_POINT('',(1.5,1.27,0.254));
#3739 = VERTEX_POINT('',#3740);
#3740 = CARTESIAN_POINT('',(4.04,1.27,0.254));
#3741 = LINE('',#3742,#3743);
#3742 = CARTESIAN_POINT('',(1.5,1.27,0.254));
#3743 = VECTOR('',#3744,1.);
#3744 = DIRECTION('',(1.,0.,0.));
#3745 = ORIENTED_EDGE('',*,*,#3746,.T.);
#3746 = EDGE_CURVE('',#3739,#3747,#3749,.T.);
#3747 = VERTEX_POINT('',#3748);
#3748 = CARTESIAN_POINT('',(4.04,1.016,0.));
#3749 = LINE('',#3750,#3751);
#3750 = CARTESIAN_POINT('',(4.04,1.27,0.254));
#3751 = VECTOR('',#3752,1.);
#3752 = DIRECTION('',(0.,-0.707106781187,-0.707106781187));
#3753 = ORIENTED_EDGE('',*,*,#3754,.F.);
#3754 = EDGE_CURVE('',#3755,#3747,#3757,.T.);
#3755 = VERTEX_POINT('',#3756);
#3756 = CARTESIAN_POINT('',(1.5,1.016,0.));
#3757 = LINE('',#3758,#3759);
#3758 = CARTESIAN_POINT('',(1.5,1.016,0.));
#3759 = VECTOR('',#3760,1.);
#3760 = DIRECTION('',(1.,0.,0.));
#3761 = ORIENTED_EDGE('',*,*,#3762,.F.);
#3762 = EDGE_CURVE('',#3737,#3755,#3763,.T.);
#3763 = LINE('',#3764,#3765);
#3764 = CARTESIAN_POINT('',(1.5,1.27,0.254));
#3765 = VECTOR('',#3766,1.);
#3766 = DIRECTION('',(0.,-0.707106781187,-0.707106781187));
#3767 = PLANE('',#3768);
#3768 = AXIS2_PLACEMENT_3D('',#3769,#3770,#3771);
#3769 = CARTESIAN_POINT('',(1.5,1.27,0.254));
#3770 = DIRECTION('',(0.,0.707106781187,-0.707106781187));
#3771 = DIRECTION('',(0.,-0.707106781187,-0.707106781187));
#3772 = ADVANCED_FACE('',(#3773),#3798,.T.);
#3773 = FACE_BOUND('',#3774,.T.);
#3774 = EDGE_LOOP('',(#3775,#3785,#3791,#3792));
#3775 = ORIENTED_EDGE('',*,*,#3776,.T.);
#3776 = EDGE_CURVE('',#3777,#3779,#3781,.T.);
#3777 = VERTEX_POINT('',#3778);
#3778 = CARTESIAN_POINT('',(1.5,1.27,2.286));
#3779 = VERTEX_POINT('',#3780);
#3780 = CARTESIAN_POINT('',(4.04,1.27,2.286));
#3781 = LINE('',#3782,#3783);
#3782 = CARTESIAN_POINT('',(1.5,1.27,2.286));
#3783 = VECTOR('',#3784,1.);
#3784 = DIRECTION('',(1.,0.,0.));
#3785 = ORIENTED_EDGE('',*,*,#3786,.T.);
#3786 = EDGE_CURVE('',#3779,#3739,#3787,.T.);
#3787 = LINE('',#3788,#3789);
#3788 = CARTESIAN_POINT('',(4.04,1.27,2.286));
#3789 = VECTOR('',#3790,1.);
#3790 = DIRECTION('',(0.,0.,-1.));
#3791 = ORIENTED_EDGE('',*,*,#3736,.F.);
#3792 = ORIENTED_EDGE('',*,*,#3793,.F.);
#3793 = EDGE_CURVE('',#3777,#3737,#3794,.T.);
#3794 = LINE('',#3795,#3796);
#3795 = CARTESIAN_POINT('',(1.5,1.27,2.286));
#3796 = VECTOR('',#3797,1.);
#3797 = DIRECTION('',(0.,0.,-1.));
#3798 = PLANE('',#3799);
#3799 = AXIS2_PLACEMENT_3D('',#3800,#3801,#3802);
#3800 = CARTESIAN_POINT('',(1.5,1.27,2.286));
#3801 = DIRECTION('',(0.,1.,0.));
#3802 = DIRECTION('',(0.,0.,-1.));
#3803 = ADVANCED_FACE('',(#3804),#3829,.T.);
#3804 = FACE_BOUND('',#3805,.T.);
#3805 = EDGE_LOOP('',(#3806,#3807,#3815,#3823));
#3806 = ORIENTED_EDGE('',*,*,#3754,.T.);
#3807 = ORIENTED_EDGE('',*,*,#3808,.T.);
#3808 = EDGE_CURVE('',#3747,#3809,#3811,.T.);
#3809 = VERTEX_POINT('',#3810);
#3810 = CARTESIAN_POINT('',(4.04,-1.016,0.));
#3811 = LINE('',#3812,#3813);
#3812 = CARTESIAN_POINT('',(4.04,1.016,0.));
#3813 = VECTOR('',#3814,1.);
#3814 = DIRECTION('',(0.,-1.,0.));
#3815 = ORIENTED_EDGE('',*,*,#3816,.F.);
#3816 = EDGE_CURVE('',#3817,#3809,#3819,.T.);
#3817 = VERTEX_POINT('',#3818);
#3818 = CARTESIAN_POINT('',(1.5,-1.016,0.));
#3819 = LINE('',#3820,#3821);
#3820 = CARTESIAN_POINT('',(1.5,-1.016,0.));
#3821 = VECTOR('',#3822,1.);
#3822 = DIRECTION('',(1.,0.,0.));
#3823 = ORIENTED_EDGE('',*,*,#3824,.F.);
#3824 = EDGE_CURVE('',#3755,#3817,#3825,.T.);
#3825 = LINE('',#3826,#3827);
#3826 = CARTESIAN_POINT('',(1.5,1.016,0.));
#3827 = VECTOR('',#3828,1.);
#3828 = DIRECTION('',(0.,-1.,0.));
#3829 = PLANE('',#3830);
#3830 = AXIS2_PLACEMENT_3D('',#3831,#3832,#3833);
#3831 = CARTESIAN_POINT('',(1.5,1.016,0.));
#3832 = DIRECTION('',(-0.,-0.,-1.));
#3833 = DIRECTION('',(0.,-1.,0.));
#3834 = ADVANCED_FACE('',(#3835,#3974,#4008,#4042),#4076,.T.);
#3835 = FACE_BOUND('',#3836,.T.);
#3836 = EDGE_LOOP('',(#3837,#3838,#3839,#3847,#3855,#3863,#3871,#3879,
    #3887,#3895,#3903,#3911,#3919,#3927,#3935,#3943,#3951,#3959,#3967,
    #3973));
#3837 = ORIENTED_EDGE('',*,*,#3762,.T.);
#3838 = ORIENTED_EDGE('',*,*,#3824,.T.);
#3839 = ORIENTED_EDGE('',*,*,#3840,.T.);
#3840 = EDGE_CURVE('',#3817,#3841,#3843,.T.);
#3841 = VERTEX_POINT('',#3842);
#3842 = CARTESIAN_POINT('',(1.5,-1.27,0.254));
#3843 = LINE('',#3844,#3845);
#3844 = CARTESIAN_POINT('',(1.5,-1.016,0.));
#3845 = VECTOR('',#3846,1.);
#3846 = DIRECTION('',(0.,-0.707106781187,0.707106781187));
#3847 = ORIENTED_EDGE('',*,*,#3848,.T.);
#3848 = EDGE_CURVE('',#3841,#3849,#3851,.T.);
#3849 = VERTEX_POINT('',#3850);
#3850 = CARTESIAN_POINT('',(1.5,-1.524,0.));
#3851 = LINE('',#3852,#3853);
#3852 = CARTESIAN_POINT('',(1.5,-1.27,0.254));
#3853 = VECTOR('',#3854,1.);
#3854 = DIRECTION('',(0.,-0.707106781187,-0.707106781187));
#3855 = ORIENTED_EDGE('',*,*,#3856,.T.);
#3856 = EDGE_CURVE('',#3849,#3857,#3859,.T.);
#3857 = VERTEX_POINT('',#3858);
#3858 = CARTESIAN_POINT('',(1.5,-3.556,0.));
#3859 = LINE('',#3860,#3861);
#3860 = CARTESIAN_POINT('',(1.5,-1.524,0.));
#3861 = VECTOR('',#3862,1.);
#3862 = DIRECTION('',(0.,-1.,0.));
#3863 = ORIENTED_EDGE('',*,*,#3864,.T.);
#3864 = EDGE_CURVE('',#3857,#3865,#3867,.T.);
#3865 = VERTEX_POINT('',#3866);
#3866 = CARTESIAN_POINT('',(1.5,-3.81,0.254));
#3867 = LINE('',#3868,#3869);
#3868 = CARTESIAN_POINT('',(1.5,-3.556,0.));
#3869 = VECTOR('',#3870,1.);
#3870 = DIRECTION('',(0.,-0.707106781187,0.707106781187));
#3871 = ORIENTED_EDGE('',*,*,#3872,.T.);
#3872 = EDGE_CURVE('',#3865,#3873,#3875,.T.);
#3873 = VERTEX_POINT('',#3874);
#3874 = CARTESIAN_POINT('',(1.5,-4.064,0.));
#3875 = LINE('',#3876,#3877);
#3876 = CARTESIAN_POINT('',(1.5,-3.81,0.254));
#3877 = VECTOR('',#3878,1.);
#3878 = DIRECTION('',(0.,-0.707106781187,-0.707106781187));
#3879 = ORIENTED_EDGE('',*,*,#3880,.T.);
#3880 = EDGE_CURVE('',#3873,#3881,#3883,.T.);
#3881 = VERTEX_POINT('',#3882);
#3882 = CARTESIAN_POINT('',(1.5,-6.096,0.));
#3883 = LINE('',#3884,#3885);
#3884 = CARTESIAN_POINT('',(1.5,-4.064,0.));
#3885 = VECTOR('',#3886,1.);
#3886 = DIRECTION('',(0.,-1.,0.));
#3887 = ORIENTED_EDGE('',*,*,#3888,.T.);
#3888 = EDGE_CURVE('',#3881,#3889,#3891,.T.);
#3889 = VERTEX_POINT('',#3890);
#3890 = CARTESIAN_POINT('',(1.5,-6.35,0.254));
#3891 = LINE('',#3892,#3893);
#3892 = CARTESIAN_POINT('',(1.5,-6.096,0.));
#3893 = VECTOR('',#3894,1.);
#3894 = DIRECTION('',(0.,-0.707106781187,0.707106781187));
#3895 = ORIENTED_EDGE('',*,*,#3896,.T.);
#3896 = EDGE_CURVE('',#3889,#3897,#3899,.T.);
#3897 = VERTEX_POINT('',#3898);
#3898 = CARTESIAN_POINT('',(1.5,-6.35,2.286));
#3899 = LINE('',#3900,#3901);
#3900 = CARTESIAN_POINT('',(1.5,-6.35,0.254));
#3901 = VECTOR('',#3902,1.);
#3902 = DIRECTION('',(0.,0.,1.));
#3903 = ORIENTED_EDGE('',*,*,#3904,.T.);
#3904 = EDGE_CURVE('',#3897,#3905,#3907,.T.);
#3905 = VERTEX_POINT('',#3906);
#3906 = CARTESIAN_POINT('',(1.5,-6.096,2.54));
#3907 = LINE('',#3908,#3909);
#3908 = CARTESIAN_POINT('',(1.5,-6.35,2.286));
#3909 = VECTOR('',#3910,1.);
#3910 = DIRECTION('',(0.,0.707106781187,0.707106781187));
#3911 = ORIENTED_EDGE('',*,*,#3912,.T.);
#3912 = EDGE_CURVE('',#3905,#3913,#3915,.T.);
#3913 = VERTEX_POINT('',#3914);
#3914 = CARTESIAN_POINT('',(1.5,-4.064,2.54));
#3915 = LINE('',#3916,#3917);
#3916 = CARTESIAN_POINT('',(1.5,-6.096,2.54));
#3917 = VECTOR('',#3918,1.);
#3918 = DIRECTION('',(0.,1.,0.));
#3919 = ORIENTED_EDGE('',*,*,#3920,.T.);
#3920 = EDGE_CURVE('',#3913,#3921,#3923,.T.);
#3921 = VERTEX_POINT('',#3922);
#3922 = CARTESIAN_POINT('',(1.5,-3.81,2.286));
#3923 = LINE('',#3924,#3925);
#3924 = CARTESIAN_POINT('',(1.5,-4.064,2.54));
#3925 = VECTOR('',#3926,1.);
#3926 = DIRECTION('',(0.,0.707106781187,-0.707106781187));
#3927 = ORIENTED_EDGE('',*,*,#3928,.T.);
#3928 = EDGE_CURVE('',#3921,#3929,#3931,.T.);
#3929 = VERTEX_POINT('',#3930);
#3930 = CARTESIAN_POINT('',(1.5,-3.556,2.54));
#3931 = LINE('',#3932,#3933);
#3932 = CARTESIAN_POINT('',(1.5,-3.81,2.286));
#3933 = VECTOR('',#3934,1.);
#3934 = DIRECTION('',(0.,0.707106781187,0.707106781187));
#3935 = ORIENTED_EDGE('',*,*,#3936,.T.);
#3936 = EDGE_CURVE('',#3929,#3937,#3939,.T.);
#3937 = VERTEX_POINT('',#3938);
#3938 = CARTESIAN_POINT('',(1.5,-1.524,2.54));
#3939 = LINE('',#3940,#3941);
#3940 = CARTESIAN_POINT('',(1.5,-3.556,2.54));
#3941 = VECTOR('',#3942,1.);
#3942 = DIRECTION('',(0.,1.,0.));
#3943 = ORIENTED_EDGE('',*,*,#3944,.T.);
#3944 = EDGE_CURVE('',#3937,#3945,#3947,.T.);
#3945 = VERTEX_POINT('',#3946);
#3946 = CARTESIAN_POINT('',(1.5,-1.27,2.286));
#3947 = LINE('',#3948,#3949);
#3948 = CARTESIAN_POINT('',(1.5,-1.524,2.54));
#3949 = VECTOR('',#3950,1.);
#3950 = DIRECTION('',(0.,0.707106781187,-0.707106781187));
#3951 = ORIENTED_EDGE('',*,*,#3952,.T.);
#3952 = EDGE_CURVE('',#3945,#3953,#3955,.T.);
#3953 = VERTEX_POINT('',#3954);
#3954 = CARTESIAN_POINT('',(1.5,-1.016,2.54));
#3955 = LINE('',#3956,#3957);
#3956 = CARTESIAN_POINT('',(1.5,-1.27,2.286));
#3957 = VECTOR('',#3958,1.);
#3958 = DIRECTION('',(0.,0.707106781187,0.707106781187));
#3959 = ORIENTED_EDGE('',*,*,#3960,.T.);
#3960 = EDGE_CURVE('',#3953,#3961,#3963,.T.);
#3961 = VERTEX_POINT('',#3962);
#3962 = CARTESIAN_POINT('',(1.5,1.016,2.54));
#3963 = LINE('',#3964,#3965);
#3964 = CARTESIAN_POINT('',(1.5,-1.016,2.54));
#3965 = VECTOR('',#3966,1.);
#3966 = DIRECTION('',(0.,1.,0.));
#3967 = ORIENTED_EDGE('',*,*,#3968,.T.);
#3968 = EDGE_CURVE('',#3961,#3777,#3969,.T.);
#3969 = LINE('',#3970,#3971);
#3970 = CARTESIAN_POINT('',(1.5,1.016,2.54));
#3971 = VECTOR('',#3972,1.);
#3972 = DIRECTION('',(0.,0.707106781187,-0.707106781187));
#3973 = ORIENTED_EDGE('',*,*,#3793,.T.);
#3974 = FACE_BOUND('',#3975,.T.);
#3975 = EDGE_LOOP('',(#3976,#3986,#3994,#4002));
#3976 = ORIENTED_EDGE('',*,*,#3977,.F.);
#3977 = EDGE_CURVE('',#3978,#3980,#3982,.T.);
#3978 = VERTEX_POINT('',#3979);
#3979 = CARTESIAN_POINT('',(1.5,-5.4,1.59));
#3980 = VERTEX_POINT('',#3981);
#3981 = CARTESIAN_POINT('',(1.5,-4.76,1.59));
#3982 = LINE('',#3983,#3984);
#3983 = CARTESIAN_POINT('',(1.5,-3.65,1.59));
#3984 = VECTOR('',#3985,1.);
#3985 = DIRECTION('',(1.621798224413E-32,1.,3.475980173821E-49));
#3986 = ORIENTED_EDGE('',*,*,#3987,.T.);
#3987 = EDGE_CURVE('',#3978,#3988,#3990,.T.);
#3988 = VERTEX_POINT('',#3989);
#3989 = CARTESIAN_POINT('',(1.5,-5.4,0.95));
#3990 = LINE('',#3991,#3992);
#3991 = CARTESIAN_POINT('',(1.5,-5.4,0.924540133779));
#3992 = VECTOR('',#3993,1.);
#3993 = DIRECTION('',(6.778309198623E-32,6.630961875715E-34,-1.));
#3994 = ORIENTED_EDGE('',*,*,#3995,.F.);
#3995 = EDGE_CURVE('',#3996,#3988,#3998,.T.);
#3996 = VERTEX_POINT('',#3997);
#3997 = CARTESIAN_POINT('',(1.5,-4.76,0.95));
#3998 = LINE('',#3999,#4000);
#3999 = CARTESIAN_POINT('',(1.5,-3.65,0.95));
#4000 = VECTOR('',#4001,1.);
#4001 = DIRECTION('',(-1.621798224413E-32,-1.,0.));
#4002 = ORIENTED_EDGE('',*,*,#4003,.F.);
#4003 = EDGE_CURVE('',#3980,#3996,#4004,.T.);
#4004 = LINE('',#4005,#4006);
#4005 = CARTESIAN_POINT('',(1.5,-4.76,0.924540133779));
#4006 = VECTOR('',#4007,1.);
#4007 = DIRECTION('',(6.778309198623E-32,6.630961875715E-34,-1.));
#4008 = FACE_BOUND('',#4009,.T.);
#4009 = EDGE_LOOP('',(#4010,#4020,#4028,#4036));
#4010 = ORIENTED_EDGE('',*,*,#4011,.F.);
#4011 = EDGE_CURVE('',#4012,#4014,#4016,.T.);
#4012 = VERTEX_POINT('',#4013);
#4013 = CARTESIAN_POINT('',(1.5,-2.22,0.95));
#4014 = VERTEX_POINT('',#4015);
#4015 = CARTESIAN_POINT('',(1.5,-2.86,0.95));
#4016 = LINE('',#4017,#4018);
#4017 = CARTESIAN_POINT('',(1.5,-2.38,0.95));
#4018 = VECTOR('',#4019,1.);
#4019 = DIRECTION('',(-1.621798224413E-32,-1.,0.));
#4020 = ORIENTED_EDGE('',*,*,#4021,.F.);
#4021 = EDGE_CURVE('',#4022,#4012,#4024,.T.);
#4022 = VERTEX_POINT('',#4023);
#4023 = CARTESIAN_POINT('',(1.5,-2.22,1.59));
#4024 = LINE('',#4025,#4026);
#4025 = CARTESIAN_POINT('',(1.5,-2.22,0.924540133779));
#4026 = VECTOR('',#4027,1.);
#4027 = DIRECTION('',(6.778309198623E-32,6.630961875715E-34,-1.));
#4028 = ORIENTED_EDGE('',*,*,#4029,.F.);
#4029 = EDGE_CURVE('',#4030,#4022,#4032,.T.);
#4030 = VERTEX_POINT('',#4031);
#4031 = CARTESIAN_POINT('',(1.5,-2.86,1.59));
#4032 = LINE('',#4033,#4034);
#4033 = CARTESIAN_POINT('',(1.5,-2.38,1.59));
#4034 = VECTOR('',#4035,1.);
#4035 = DIRECTION('',(1.621798224413E-32,1.,3.475980173821E-49));
#4036 = ORIENTED_EDGE('',*,*,#4037,.T.);
#4037 = EDGE_CURVE('',#4030,#4014,#4038,.T.);
#4038 = LINE('',#4039,#4040);
#4039 = CARTESIAN_POINT('',(1.5,-2.86,0.924540133779));
#4040 = VECTOR('',#4041,1.);
#4041 = DIRECTION('',(6.778309198623E-32,6.630961875715E-34,-1.));
#4042 = FACE_BOUND('',#4043,.T.);
#4043 = EDGE_LOOP('',(#4044,#4054,#4062,#4070));
#4044 = ORIENTED_EDGE('',*,*,#4045,.F.);
#4045 = EDGE_CURVE('',#4046,#4048,#4050,.T.);
#4046 = VERTEX_POINT('',#4047);
#4047 = CARTESIAN_POINT('',(1.5,0.32,0.95));
#4048 = VERTEX_POINT('',#4049);
#4049 = CARTESIAN_POINT('',(1.5,-0.32,0.95));
#4050 = LINE('',#4051,#4052);
#4051 = CARTESIAN_POINT('',(1.5,-1.11,0.95));
#4052 = VECTOR('',#4053,1.);
#4053 = DIRECTION('',(-1.621798224413E-32,-1.,0.));
#4054 = ORIENTED_EDGE('',*,*,#4055,.F.);
#4055 = EDGE_CURVE('',#4056,#4046,#4058,.T.);
#4056 = VERTEX_POINT('',#4057);
#4057 = CARTESIAN_POINT('',(1.5,0.32,1.59));
#4058 = LINE('',#4059,#4060);
#4059 = CARTESIAN_POINT('',(1.5,0.32,0.924540133779));
#4060 = VECTOR('',#4061,1.);
#4061 = DIRECTION('',(6.778309198623E-32,6.630961875715E-34,-1.));
#4062 = ORIENTED_EDGE('',*,*,#4063,.F.);
#4063 = EDGE_CURVE('',#4064,#4056,#4066,.T.);
#4064 = VERTEX_POINT('',#4065);
#4065 = CARTESIAN_POINT('',(1.5,-0.32,1.59));
#4066 = LINE('',#4067,#4068);
#4067 = CARTESIAN_POINT('',(1.5,-1.11,1.59));
#4068 = VECTOR('',#4069,1.);
#4069 = DIRECTION('',(1.621798224413E-32,1.,3.475980173821E-49));
#4070 = ORIENTED_EDGE('',*,*,#4071,.T.);
#4071 = EDGE_CURVE('',#4064,#4048,#4072,.T.);
#4072 = LINE('',#4073,#4074);
#4073 = CARTESIAN_POINT('',(1.5,-0.32,0.924540133779));
#4074 = VECTOR('',#4075,1.);
#4075 = DIRECTION('',(6.778309198623E-32,6.630961875715E-34,-1.));
#4076 = PLANE('',#4077);
#4077 = AXIS2_PLACEMENT_3D('',#4078,#4079,#4080);
#4078 = CARTESIAN_POINT('',(1.5,-2.54,1.27));
#4079 = DIRECTION('',(-1.,1.621798224413E-32,-6.778309198623E-32));
#4080 = DIRECTION('',(6.778309198623E-32,5.646275488721E-81,-1.));
#4081 = ADVANCED_FACE('',(#4082,#4221,#4255,#4289),#4323,.F.);
#4082 = FACE_BOUND('',#4083,.F.);
#4083 = EDGE_LOOP('',(#4084,#4085,#4086,#4094,#4102,#4110,#4118,#4126,
    #4134,#4142,#4150,#4158,#4166,#4174,#4182,#4190,#4198,#4206,#4214,
    #4220));
#4084 = ORIENTED_EDGE('',*,*,#3746,.T.);
#4085 = ORIENTED_EDGE('',*,*,#3808,.T.);
#4086 = ORIENTED_EDGE('',*,*,#4087,.T.);
#4087 = EDGE_CURVE('',#3809,#4088,#4090,.T.);
#4088 = VERTEX_POINT('',#4089);
#4089 = CARTESIAN_POINT('',(4.04,-1.27,0.254));
#4090 = LINE('',#4091,#4092);
#4091 = CARTESIAN_POINT('',(4.04,-1.016,0.));
#4092 = VECTOR('',#4093,1.);
#4093 = DIRECTION('',(0.,-0.707106781187,0.707106781187));
#4094 = ORIENTED_EDGE('',*,*,#4095,.T.);
#4095 = EDGE_CURVE('',#4088,#4096,#4098,.T.);
#4096 = VERTEX_POINT('',#4097);
#4097 = CARTESIAN_POINT('',(4.04,-1.524,0.));
#4098 = LINE('',#4099,#4100);
#4099 = CARTESIAN_POINT('',(4.04,-1.27,0.254));
#4100 = VECTOR('',#4101,1.);
#4101 = DIRECTION('',(0.,-0.707106781187,-0.707106781187));
#4102 = ORIENTED_EDGE('',*,*,#4103,.T.);
#4103 = EDGE_CURVE('',#4096,#4104,#4106,.T.);
#4104 = VERTEX_POINT('',#4105);
#4105 = CARTESIAN_POINT('',(4.04,-3.556,0.));
#4106 = LINE('',#4107,#4108);
#4107 = CARTESIAN_POINT('',(4.04,-1.524,0.));
#4108 = VECTOR('',#4109,1.);
#4109 = DIRECTION('',(0.,-1.,0.));
#4110 = ORIENTED_EDGE('',*,*,#4111,.T.);
#4111 = EDGE_CURVE('',#4104,#4112,#4114,.T.);
#4112 = VERTEX_POINT('',#4113);
#4113 = CARTESIAN_POINT('',(4.04,-3.81,0.254));
#4114 = LINE('',#4115,#4116);
#4115 = CARTESIAN_POINT('',(4.04,-3.556,0.));
#4116 = VECTOR('',#4117,1.);
#4117 = DIRECTION('',(0.,-0.707106781187,0.707106781187));
#4118 = ORIENTED_EDGE('',*,*,#4119,.T.);
#4119 = EDGE_CURVE('',#4112,#4120,#4122,.T.);
#4120 = VERTEX_POINT('',#4121);
#4121 = CARTESIAN_POINT('',(4.04,-4.064,0.));
#4122 = LINE('',#4123,#4124);
#4123 = CARTESIAN_POINT('',(4.04,-3.81,0.254));
#4124 = VECTOR('',#4125,1.);
#4125 = DIRECTION('',(0.,-0.707106781187,-0.707106781187));
#4126 = ORIENTED_EDGE('',*,*,#4127,.T.);
#4127 = EDGE_CURVE('',#4120,#4128,#4130,.T.);
#4128 = VERTEX_POINT('',#4129);
#4129 = CARTESIAN_POINT('',(4.04,-6.096,0.));
#4130 = LINE('',#4131,#4132);
#4131 = CARTESIAN_POINT('',(4.04,-4.064,0.));
#4132 = VECTOR('',#4133,1.);
#4133 = DIRECTION('',(0.,-1.,0.));
#4134 = ORIENTED_EDGE('',*,*,#4135,.T.);
#4135 = EDGE_CURVE('',#4128,#4136,#4138,.T.);
#4136 = VERTEX_POINT('',#4137);
#4137 = CARTESIAN_POINT('',(4.04,-6.35,0.254));
#4138 = LINE('',#4139,#4140);
#4139 = CARTESIAN_POINT('',(4.04,-6.096,0.));
#4140 = VECTOR('',#4141,1.);
#4141 = DIRECTION('',(0.,-0.707106781187,0.707106781187));
#4142 = ORIENTED_EDGE('',*,*,#4143,.T.);
#4143 = EDGE_CURVE('',#4136,#4144,#4146,.T.);
#4144 = VERTEX_POINT('',#4145);
#4145 = CARTESIAN_POINT('',(4.04,-6.35,2.286));
#4146 = LINE('',#4147,#4148);
#4147 = CARTESIAN_POINT('',(4.04,-6.35,0.254));
#4148 = VECTOR('',#4149,1.);
#4149 = DIRECTION('',(0.,0.,1.));
#4150 = ORIENTED_EDGE('',*,*,#4151,.T.);
#4151 = EDGE_CURVE('',#4144,#4152,#4154,.T.);
#4152 = VERTEX_POINT('',#4153);
#4153 = CARTESIAN_POINT('',(4.04,-6.096,2.54));
#4154 = LINE('',#4155,#4156);
#4155 = CARTESIAN_POINT('',(4.04,-6.35,2.286));
#4156 = VECTOR('',#4157,1.);
#4157 = DIRECTION('',(0.,0.707106781187,0.707106781187));
#4158 = ORIENTED_EDGE('',*,*,#4159,.T.);
#4159 = EDGE_CURVE('',#4152,#4160,#4162,.T.);
#4160 = VERTEX_POINT('',#4161);
#4161 = CARTESIAN_POINT('',(4.04,-4.064,2.54));
#4162 = LINE('',#4163,#4164);
#4163 = CARTESIAN_POINT('',(4.04,-6.096,2.54));
#4164 = VECTOR('',#4165,1.);
#4165 = DIRECTION('',(0.,1.,0.));
#4166 = ORIENTED_EDGE('',*,*,#4167,.T.);
#4167 = EDGE_CURVE('',#4160,#4168,#4170,.T.);
#4168 = VERTEX_POINT('',#4169);
#4169 = CARTESIAN_POINT('',(4.04,-3.81,2.286));
#4170 = LINE('',#4171,#4172);
#4171 = CARTESIAN_POINT('',(4.04,-4.064,2.54));
#4172 = VECTOR('',#4173,1.);
#4173 = DIRECTION('',(0.,0.707106781187,-0.707106781187));
#4174 = ORIENTED_EDGE('',*,*,#4175,.T.);
#4175 = EDGE_CURVE('',#4168,#4176,#4178,.T.);
#4176 = VERTEX_POINT('',#4177);
#4177 = CARTESIAN_POINT('',(4.04,-3.556,2.54));
#4178 = LINE('',#4179,#4180);
#4179 = CARTESIAN_POINT('',(4.04,-3.81,2.286));
#4180 = VECTOR('',#4181,1.);
#4181 = DIRECTION('',(0.,0.707106781187,0.707106781187));
#4182 = ORIENTED_EDGE('',*,*,#4183,.T.);
#4183 = EDGE_CURVE('',#4176,#4184,#4186,.T.);
#4184 = VERTEX_POINT('',#4185);
#4185 = CARTESIAN_POINT('',(4.04,-1.524,2.54));
#4186 = LINE('',#4187,#4188);
#4187 = CARTESIAN_POINT('',(4.04,-3.556,2.54));
#4188 = VECTOR('',#4189,1.);
#4189 = DIRECTION('',(0.,1.,0.));
#4190 = ORIENTED_EDGE('',*,*,#4191,.T.);
#4191 = EDGE_CURVE('',#4184,#4192,#4194,.T.);
#4192 = VERTEX_POINT('',#4193);
#4193 = CARTESIAN_POINT('',(4.04,-1.27,2.286));
#4194 = LINE('',#4195,#4196);
#4195 = CARTESIAN_POINT('',(4.04,-1.524,2.54));
#4196 = VECTOR('',#4197,1.);
#4197 = DIRECTION('',(0.,0.707106781187,-0.707106781187));
#4198 = ORIENTED_EDGE('',*,*,#4199,.T.);
#4199 = EDGE_CURVE('',#4192,#4200,#4202,.T.);
#4200 = VERTEX_POINT('',#4201);
#4201 = CARTESIAN_POINT('',(4.04,-1.016,2.54));
#4202 = LINE('',#4203,#4204);
#4203 = CARTESIAN_POINT('',(4.04,-1.27,2.286));
#4204 = VECTOR('',#4205,1.);
#4205 = DIRECTION('',(0.,0.707106781187,0.707106781187));
#4206 = ORIENTED_EDGE('',*,*,#4207,.T.);
#4207 = EDGE_CURVE('',#4200,#4208,#4210,.T.);
#4208 = VERTEX_POINT('',#4209);
#4209 = CARTESIAN_POINT('',(4.04,1.016,2.54));
#4210 = LINE('',#4211,#4212);
#4211 = CARTESIAN_POINT('',(4.04,-1.016,2.54));
#4212 = VECTOR('',#4213,1.);
#4213 = DIRECTION('',(0.,1.,0.));
#4214 = ORIENTED_EDGE('',*,*,#4215,.T.);
#4215 = EDGE_CURVE('',#4208,#3779,#4216,.T.);
#4216 = LINE('',#4217,#4218);
#4217 = CARTESIAN_POINT('',(4.04,1.016,2.54));
#4218 = VECTOR('',#4219,1.);
#4219 = DIRECTION('',(0.,0.707106781187,-0.707106781187));
#4220 = ORIENTED_EDGE('',*,*,#3786,.T.);
#4221 = FACE_BOUND('',#4222,.F.);
#4222 = EDGE_LOOP('',(#4223,#4233,#4241,#4249));
#4223 = ORIENTED_EDGE('',*,*,#4224,.F.);
#4224 = EDGE_CURVE('',#4225,#4227,#4229,.T.);
#4225 = VERTEX_POINT('',#4226);
#4226 = CARTESIAN_POINT('',(4.04,-5.4,1.59));
#4227 = VERTEX_POINT('',#4228);
#4228 = CARTESIAN_POINT('',(4.04,-4.76,1.59));
#4229 = LINE('',#4230,#4231);
#4230 = CARTESIAN_POINT('',(4.04,-3.65,1.59));
#4231 = VECTOR('',#4232,1.);
#4232 = DIRECTION('',(1.621798224413E-32,1.,3.475980173821E-49));
#4233 = ORIENTED_EDGE('',*,*,#4234,.T.);
#4234 = EDGE_CURVE('',#4225,#4235,#4237,.T.);
#4235 = VERTEX_POINT('',#4236);
#4236 = CARTESIAN_POINT('',(4.04,-5.4,0.95));
#4237 = LINE('',#4238,#4239);
#4238 = CARTESIAN_POINT('',(4.04,-5.4,0.924540133779));
#4239 = VECTOR('',#4240,1.);
#4240 = DIRECTION('',(6.778309198623E-32,6.630961875715E-34,-1.));
#4241 = ORIENTED_EDGE('',*,*,#4242,.F.);
#4242 = EDGE_CURVE('',#4243,#4235,#4245,.T.);
#4243 = VERTEX_POINT('',#4244);
#4244 = CARTESIAN_POINT('',(4.04,-4.76,0.95));
#4245 = LINE('',#4246,#4247);
#4246 = CARTESIAN_POINT('',(4.04,-3.65,0.95));
#4247 = VECTOR('',#4248,1.);
#4248 = DIRECTION('',(-1.621798224413E-32,-1.,0.));
#4249 = ORIENTED_EDGE('',*,*,#4250,.F.);
#4250 = EDGE_CURVE('',#4227,#4243,#4251,.T.);
#4251 = LINE('',#4252,#4253);
#4252 = CARTESIAN_POINT('',(4.04,-4.76,0.924540133779));
#4253 = VECTOR('',#4254,1.);
#4254 = DIRECTION('',(6.778309198623E-32,6.630961875715E-34,-1.));
#4255 = FACE_BOUND('',#4256,.F.);
#4256 = EDGE_LOOP('',(#4257,#4267,#4275,#4283));
#4257 = ORIENTED_EDGE('',*,*,#4258,.F.);
#4258 = EDGE_CURVE('',#4259,#4261,#4263,.T.);
#4259 = VERTEX_POINT('',#4260);
#4260 = CARTESIAN_POINT('',(4.04,-2.22,0.95));
#4261 = VERTEX_POINT('',#4262);
#4262 = CARTESIAN_POINT('',(4.04,-2.86,0.95));
#4263 = LINE('',#4264,#4265);
#4264 = CARTESIAN_POINT('',(4.04,-2.38,0.95));
#4265 = VECTOR('',#4266,1.);
#4266 = DIRECTION('',(-1.621798224413E-32,-1.,0.));
#4267 = ORIENTED_EDGE('',*,*,#4268,.F.);
#4268 = EDGE_CURVE('',#4269,#4259,#4271,.T.);
#4269 = VERTEX_POINT('',#4270);
#4270 = CARTESIAN_POINT('',(4.04,-2.22,1.59));
#4271 = LINE('',#4272,#4273);
#4272 = CARTESIAN_POINT('',(4.04,-2.22,0.924540133779));
#4273 = VECTOR('',#4274,1.);
#4274 = DIRECTION('',(6.778309198623E-32,6.630961875715E-34,-1.));
#4275 = ORIENTED_EDGE('',*,*,#4276,.F.);
#4276 = EDGE_CURVE('',#4277,#4269,#4279,.T.);
#4277 = VERTEX_POINT('',#4278);
#4278 = CARTESIAN_POINT('',(4.04,-2.86,1.59));
#4279 = LINE('',#4280,#4281);
#4280 = CARTESIAN_POINT('',(4.04,-2.38,1.59));
#4281 = VECTOR('',#4282,1.);
#4282 = DIRECTION('',(1.621798224413E-32,1.,3.475980173821E-49));
#4283 = ORIENTED_EDGE('',*,*,#4284,.T.);
#4284 = EDGE_CURVE('',#4277,#4261,#4285,.T.);
#4285 = LINE('',#4286,#4287);
#4286 = CARTESIAN_POINT('',(4.04,-2.86,0.924540133779));
#4287 = VECTOR('',#4288,1.);
#4288 = DIRECTION('',(6.778309198623E-32,6.630961875715E-34,-1.));
#4289 = FACE_BOUND('',#4290,.F.);
#4290 = EDGE_LOOP('',(#4291,#4301,#4309,#4317));
#4291 = ORIENTED_EDGE('',*,*,#4292,.F.);
#4292 = EDGE_CURVE('',#4293,#4295,#4297,.T.);
#4293 = VERTEX_POINT('',#4294);
#4294 = CARTESIAN_POINT('',(4.04,0.32,0.95));
#4295 = VERTEX_POINT('',#4296);
#4296 = CARTESIAN_POINT('',(4.04,-0.32,0.95));
#4297 = LINE('',#4298,#4299);
#4298 = CARTESIAN_POINT('',(4.04,-1.11,0.95));
#4299 = VECTOR('',#4300,1.);
#4300 = DIRECTION('',(-1.621798224413E-32,-1.,0.));
#4301 = ORIENTED_EDGE('',*,*,#4302,.F.);
#4302 = EDGE_CURVE('',#4303,#4293,#4305,.T.);
#4303 = VERTEX_POINT('',#4304);
#4304 = CARTESIAN_POINT('',(4.04,0.32,1.59));
#4305 = LINE('',#4306,#4307);
#4306 = CARTESIAN_POINT('',(4.04,0.32,0.924540133779));
#4307 = VECTOR('',#4308,1.);
#4308 = DIRECTION('',(6.778309198623E-32,6.630961875715E-34,-1.));
#4309 = ORIENTED_EDGE('',*,*,#4310,.F.);
#4310 = EDGE_CURVE('',#4311,#4303,#4313,.T.);
#4311 = VERTEX_POINT('',#4312);
#4312 = CARTESIAN_POINT('',(4.04,-0.32,1.59));
#4313 = LINE('',#4314,#4315);
#4314 = CARTESIAN_POINT('',(4.04,-1.11,1.59));
#4315 = VECTOR('',#4316,1.);
#4316 = DIRECTION('',(1.621798224413E-32,1.,3.475980173821E-49));
#4317 = ORIENTED_EDGE('',*,*,#4318,.T.);
#4318 = EDGE_CURVE('',#4311,#4295,#4319,.T.);
#4319 = LINE('',#4320,#4321);
#4320 = CARTESIAN_POINT('',(4.04,-0.32,0.924540133779));
#4321 = VECTOR('',#4322,1.);
#4322 = DIRECTION('',(6.778309198623E-32,6.630961875715E-34,-1.));
#4323 = PLANE('',#4324);
#4324 = AXIS2_PLACEMENT_3D('',#4325,#4326,#4327);
#4325 = CARTESIAN_POINT('',(4.04,-2.54,1.27));
#4326 = DIRECTION('',(-1.,1.621798224413E-32,-6.778309198623E-32));
#4327 = DIRECTION('',(6.778309198623E-32,5.646275488721E-81,-1.));
#4328 = ADVANCED_FACE('',(#4329),#4340,.T.);
#4329 = FACE_BOUND('',#4330,.T.);
#4330 = EDGE_LOOP('',(#4331,#4337,#4338,#4339));
#4331 = ORIENTED_EDGE('',*,*,#4332,.T.);
#4332 = EDGE_CURVE('',#3961,#4208,#4333,.T.);
#4333 = LINE('',#4334,#4335);
#4334 = CARTESIAN_POINT('',(1.5,1.016,2.54));
#4335 = VECTOR('',#4336,1.);
#4336 = DIRECTION('',(1.,0.,0.));
#4337 = ORIENTED_EDGE('',*,*,#4215,.T.);
#4338 = ORIENTED_EDGE('',*,*,#3776,.F.);
#4339 = ORIENTED_EDGE('',*,*,#3968,.F.);
#4340 = PLANE('',#4341);
#4341 = AXIS2_PLACEMENT_3D('',#4342,#4343,#4344);
#4342 = CARTESIAN_POINT('',(1.5,1.016,2.54));
#4343 = DIRECTION('',(0.,0.707106781187,0.707106781187));
#4344 = DIRECTION('',(0.,0.707106781187,-0.707106781187));
#4345 = ADVANCED_FACE('',(#4346),#4357,.T.);
#4346 = FACE_BOUND('',#4347,.T.);
#4347 = EDGE_LOOP('',(#4348,#4349,#4350,#4356));
#4348 = ORIENTED_EDGE('',*,*,#3816,.T.);
#4349 = ORIENTED_EDGE('',*,*,#4087,.T.);
#4350 = ORIENTED_EDGE('',*,*,#4351,.F.);
#4351 = EDGE_CURVE('',#3841,#4088,#4352,.T.);
#4352 = LINE('',#4353,#4354);
#4353 = CARTESIAN_POINT('',(1.5,-1.27,0.254));
#4354 = VECTOR('',#4355,1.);
#4355 = DIRECTION('',(1.,0.,0.));
#4356 = ORIENTED_EDGE('',*,*,#3840,.F.);
#4357 = PLANE('',#4358);
#4358 = AXIS2_PLACEMENT_3D('',#4359,#4360,#4361);
#4359 = CARTESIAN_POINT('',(1.5,-1.016,0.));
#4360 = DIRECTION('',(-0.,-0.707106781187,-0.707106781187));
#4361 = DIRECTION('',(0.,-0.707106781187,0.707106781187));
#4362 = ADVANCED_FACE('',(#4363),#4374,.T.);
#4363 = FACE_BOUND('',#4364,.T.);
#4364 = EDGE_LOOP('',(#4365,#4371,#4372,#4373));
#4365 = ORIENTED_EDGE('',*,*,#4366,.T.);
#4366 = EDGE_CURVE('',#3953,#4200,#4367,.T.);
#4367 = LINE('',#4368,#4369);
#4368 = CARTESIAN_POINT('',(1.5,-1.016,2.54));
#4369 = VECTOR('',#4370,1.);
#4370 = DIRECTION('',(1.,0.,0.));
#4371 = ORIENTED_EDGE('',*,*,#4207,.T.);
#4372 = ORIENTED_EDGE('',*,*,#4332,.F.);
#4373 = ORIENTED_EDGE('',*,*,#3960,.F.);
#4374 = PLANE('',#4375);
#4375 = AXIS2_PLACEMENT_3D('',#4376,#4377,#4378);
#4376 = CARTESIAN_POINT('',(1.5,-1.016,2.54));
#4377 = DIRECTION('',(0.,0.,1.));
#4378 = DIRECTION('',(0.,1.,0.));
#4379 = ADVANCED_FACE('',(#4380),#4391,.T.);
#4380 = FACE_BOUND('',#4381,.T.);
#4381 = EDGE_LOOP('',(#4382,#4383,#4384,#4390));
#4382 = ORIENTED_EDGE('',*,*,#4351,.T.);
#4383 = ORIENTED_EDGE('',*,*,#4095,.T.);
#4384 = ORIENTED_EDGE('',*,*,#4385,.F.);
#4385 = EDGE_CURVE('',#3849,#4096,#4386,.T.);
#4386 = LINE('',#4387,#4388);
#4387 = CARTESIAN_POINT('',(1.5,-1.524,0.));
#4388 = VECTOR('',#4389,1.);
#4389 = DIRECTION('',(1.,0.,0.));
#4390 = ORIENTED_EDGE('',*,*,#3848,.F.);
#4391 = PLANE('',#4392);
#4392 = AXIS2_PLACEMENT_3D('',#4393,#4394,#4395);
#4393 = CARTESIAN_POINT('',(1.5,-1.27,0.254));
#4394 = DIRECTION('',(0.,0.707106781187,-0.707106781187));
#4395 = DIRECTION('',(0.,-0.707106781187,-0.707106781187));
#4396 = ADVANCED_FACE('',(#4397),#4408,.T.);
#4397 = FACE_BOUND('',#4398,.T.);
#4398 = EDGE_LOOP('',(#4399,#4405,#4406,#4407));
#4399 = ORIENTED_EDGE('',*,*,#4400,.T.);
#4400 = EDGE_CURVE('',#3945,#4192,#4401,.T.);
#4401 = LINE('',#4402,#4403);
#4402 = CARTESIAN_POINT('',(1.5,-1.27,2.286));
#4403 = VECTOR('',#4404,1.);
#4404 = DIRECTION('',(1.,0.,0.));
#4405 = ORIENTED_EDGE('',*,*,#4199,.T.);
#4406 = ORIENTED_EDGE('',*,*,#4366,.F.);
#4407 = ORIENTED_EDGE('',*,*,#3952,.F.);
#4408 = PLANE('',#4409);
#4409 = AXIS2_PLACEMENT_3D('',#4410,#4411,#4412);
#4410 = CARTESIAN_POINT('',(1.5,-1.27,2.286));
#4411 = DIRECTION('',(0.,-0.707106781187,0.707106781187));
#4412 = DIRECTION('',(0.,0.707106781187,0.707106781187));
#4413 = ADVANCED_FACE('',(#4414),#4425,.T.);
#4414 = FACE_BOUND('',#4415,.T.);
#4415 = EDGE_LOOP('',(#4416,#4417,#4418,#4424));
#4416 = ORIENTED_EDGE('',*,*,#4385,.T.);
#4417 = ORIENTED_EDGE('',*,*,#4103,.T.);
#4418 = ORIENTED_EDGE('',*,*,#4419,.F.);
#4419 = EDGE_CURVE('',#3857,#4104,#4420,.T.);
#4420 = LINE('',#4421,#4422);
#4421 = CARTESIAN_POINT('',(1.5,-3.556,0.));
#4422 = VECTOR('',#4423,1.);
#4423 = DIRECTION('',(1.,0.,0.));
#4424 = ORIENTED_EDGE('',*,*,#3856,.F.);
#4425 = PLANE('',#4426);
#4426 = AXIS2_PLACEMENT_3D('',#4427,#4428,#4429);
#4427 = CARTESIAN_POINT('',(1.5,-1.524,0.));
#4428 = DIRECTION('',(-0.,-0.,-1.));
#4429 = DIRECTION('',(0.,-1.,0.));
#4430 = ADVANCED_FACE('',(#4431),#4442,.T.);
#4431 = FACE_BOUND('',#4432,.T.);
#4432 = EDGE_LOOP('',(#4433,#4439,#4440,#4441));
#4433 = ORIENTED_EDGE('',*,*,#4434,.T.);
#4434 = EDGE_CURVE('',#3937,#4184,#4435,.T.);
#4435 = LINE('',#4436,#4437);
#4436 = CARTESIAN_POINT('',(1.5,-1.524,2.54));
#4437 = VECTOR('',#4438,1.);
#4438 = DIRECTION('',(1.,0.,0.));
#4439 = ORIENTED_EDGE('',*,*,#4191,.T.);
#4440 = ORIENTED_EDGE('',*,*,#4400,.F.);
#4441 = ORIENTED_EDGE('',*,*,#3944,.F.);
#4442 = PLANE('',#4443);
#4443 = AXIS2_PLACEMENT_3D('',#4444,#4445,#4446);
#4444 = CARTESIAN_POINT('',(1.5,-1.524,2.54));
#4445 = DIRECTION('',(0.,0.707106781187,0.707106781187));
#4446 = DIRECTION('',(0.,0.707106781187,-0.707106781187));
#4447 = ADVANCED_FACE('',(#4448),#4459,.T.);
#4448 = FACE_BOUND('',#4449,.T.);
#4449 = EDGE_LOOP('',(#4450,#4451,#4452,#4458));
#4450 = ORIENTED_EDGE('',*,*,#4419,.T.);
#4451 = ORIENTED_EDGE('',*,*,#4111,.T.);
#4452 = ORIENTED_EDGE('',*,*,#4453,.F.);
#4453 = EDGE_CURVE('',#3865,#4112,#4454,.T.);
#4454 = LINE('',#4455,#4456);
#4455 = CARTESIAN_POINT('',(1.5,-3.81,0.254));
#4456 = VECTOR('',#4457,1.);
#4457 = DIRECTION('',(1.,0.,0.));
#4458 = ORIENTED_EDGE('',*,*,#3864,.F.);
#4459 = PLANE('',#4460);
#4460 = AXIS2_PLACEMENT_3D('',#4461,#4462,#4463);
#4461 = CARTESIAN_POINT('',(1.5,-3.556,0.));
#4462 = DIRECTION('',(-0.,-0.707106781187,-0.707106781187));
#4463 = DIRECTION('',(0.,-0.707106781187,0.707106781187));
#4464 = ADVANCED_FACE('',(#4465),#4476,.T.);
#4465 = FACE_BOUND('',#4466,.T.);
#4466 = EDGE_LOOP('',(#4467,#4473,#4474,#4475));
#4467 = ORIENTED_EDGE('',*,*,#4468,.T.);
#4468 = EDGE_CURVE('',#3929,#4176,#4469,.T.);
#4469 = LINE('',#4470,#4471);
#4470 = CARTESIAN_POINT('',(1.5,-3.556,2.54));
#4471 = VECTOR('',#4472,1.);
#4472 = DIRECTION('',(1.,0.,0.));
#4473 = ORIENTED_EDGE('',*,*,#4183,.T.);
#4474 = ORIENTED_EDGE('',*,*,#4434,.F.);
#4475 = ORIENTED_EDGE('',*,*,#3936,.F.);
#4476 = PLANE('',#4477);
#4477 = AXIS2_PLACEMENT_3D('',#4478,#4479,#4480);
#4478 = CARTESIAN_POINT('',(1.5,-3.556,2.54));
#4479 = DIRECTION('',(0.,0.,1.));
#4480 = DIRECTION('',(0.,1.,0.));
#4481 = ADVANCED_FACE('',(#4482),#4493,.T.);
#4482 = FACE_BOUND('',#4483,.T.);
#4483 = EDGE_LOOP('',(#4484,#4485,#4486,#4492));
#4484 = ORIENTED_EDGE('',*,*,#4453,.T.);
#4485 = ORIENTED_EDGE('',*,*,#4119,.T.);
#4486 = ORIENTED_EDGE('',*,*,#4487,.F.);
#4487 = EDGE_CURVE('',#3873,#4120,#4488,.T.);
#4488 = LINE('',#4489,#4490);
#4489 = CARTESIAN_POINT('',(1.5,-4.064,0.));
#4490 = VECTOR('',#4491,1.);
#4491 = DIRECTION('',(1.,0.,0.));
#4492 = ORIENTED_EDGE('',*,*,#3872,.F.);
#4493 = PLANE('',#4494);
#4494 = AXIS2_PLACEMENT_3D('',#4495,#4496,#4497);
#4495 = CARTESIAN_POINT('',(1.5,-3.81,0.254));
#4496 = DIRECTION('',(0.,0.707106781187,-0.707106781187));
#4497 = DIRECTION('',(0.,-0.707106781187,-0.707106781187));
#4498 = ADVANCED_FACE('',(#4499),#4510,.T.);
#4499 = FACE_BOUND('',#4500,.T.);
#4500 = EDGE_LOOP('',(#4501,#4507,#4508,#4509));
#4501 = ORIENTED_EDGE('',*,*,#4502,.T.);
#4502 = EDGE_CURVE('',#3921,#4168,#4503,.T.);
#4503 = LINE('',#4504,#4505);
#4504 = CARTESIAN_POINT('',(1.5,-3.81,2.286));
#4505 = VECTOR('',#4506,1.);
#4506 = DIRECTION('',(1.,0.,0.));
#4507 = ORIENTED_EDGE('',*,*,#4175,.T.);
#4508 = ORIENTED_EDGE('',*,*,#4468,.F.);
#4509 = ORIENTED_EDGE('',*,*,#3928,.F.);
#4510 = PLANE('',#4511);
#4511 = AXIS2_PLACEMENT_3D('',#4512,#4513,#4514);
#4512 = CARTESIAN_POINT('',(1.5,-3.81,2.286));
#4513 = DIRECTION('',(0.,-0.707106781187,0.707106781187));
#4514 = DIRECTION('',(0.,0.707106781187,0.707106781187));
#4515 = ADVANCED_FACE('',(#4516),#4527,.T.);
#4516 = FACE_BOUND('',#4517,.T.);
#4517 = EDGE_LOOP('',(#4518,#4519,#4520,#4526));
#4518 = ORIENTED_EDGE('',*,*,#4487,.T.);
#4519 = ORIENTED_EDGE('',*,*,#4127,.T.);
#4520 = ORIENTED_EDGE('',*,*,#4521,.F.);
#4521 = EDGE_CURVE('',#3881,#4128,#4522,.T.);
#4522 = LINE('',#4523,#4524);
#4523 = CARTESIAN_POINT('',(1.5,-6.096,0.));
#4524 = VECTOR('',#4525,1.);
#4525 = DIRECTION('',(1.,0.,0.));
#4526 = ORIENTED_EDGE('',*,*,#3880,.F.);
#4527 = PLANE('',#4528);
#4528 = AXIS2_PLACEMENT_3D('',#4529,#4530,#4531);
#4529 = CARTESIAN_POINT('',(1.5,-4.064,0.));
#4530 = DIRECTION('',(-0.,-0.,-1.));
#4531 = DIRECTION('',(0.,-1.,0.));
#4532 = ADVANCED_FACE('',(#4533),#4544,.T.);
#4533 = FACE_BOUND('',#4534,.T.);
#4534 = EDGE_LOOP('',(#4535,#4541,#4542,#4543));
#4535 = ORIENTED_EDGE('',*,*,#4536,.T.);
#4536 = EDGE_CURVE('',#3913,#4160,#4537,.T.);
#4537 = LINE('',#4538,#4539);
#4538 = CARTESIAN_POINT('',(1.5,-4.064,2.54));
#4539 = VECTOR('',#4540,1.);
#4540 = DIRECTION('',(1.,0.,0.));
#4541 = ORIENTED_EDGE('',*,*,#4167,.T.);
#4542 = ORIENTED_EDGE('',*,*,#4502,.F.);
#4543 = ORIENTED_EDGE('',*,*,#3920,.F.);
#4544 = PLANE('',#4545);
#4545 = AXIS2_PLACEMENT_3D('',#4546,#4547,#4548);
#4546 = CARTESIAN_POINT('',(1.5,-4.064,2.54));
#4547 = DIRECTION('',(0.,0.707106781187,0.707106781187));
#4548 = DIRECTION('',(0.,0.707106781187,-0.707106781187));
#4549 = ADVANCED_FACE('',(#4550),#4561,.T.);
#4550 = FACE_BOUND('',#4551,.T.);
#4551 = EDGE_LOOP('',(#4552,#4553,#4554,#4560));
#4552 = ORIENTED_EDGE('',*,*,#4521,.T.);
#4553 = ORIENTED_EDGE('',*,*,#4135,.T.);
#4554 = ORIENTED_EDGE('',*,*,#4555,.F.);
#4555 = EDGE_CURVE('',#3889,#4136,#4556,.T.);
#4556 = LINE('',#4557,#4558);
#4557 = CARTESIAN_POINT('',(1.5,-6.35,0.254));
#4558 = VECTOR('',#4559,1.);
#4559 = DIRECTION('',(1.,0.,0.));
#4560 = ORIENTED_EDGE('',*,*,#3888,.F.);
#4561 = PLANE('',#4562);
#4562 = AXIS2_PLACEMENT_3D('',#4563,#4564,#4565);
#4563 = CARTESIAN_POINT('',(1.5,-6.096,0.));
#4564 = DIRECTION('',(-0.,-0.707106781187,-0.707106781187));
#4565 = DIRECTION('',(0.,-0.707106781187,0.707106781187));
#4566 = ADVANCED_FACE('',(#4567),#4578,.T.);
#4567 = FACE_BOUND('',#4568,.T.);
#4568 = EDGE_LOOP('',(#4569,#4575,#4576,#4577));
#4569 = ORIENTED_EDGE('',*,*,#4570,.T.);
#4570 = EDGE_CURVE('',#3905,#4152,#4571,.T.);
#4571 = LINE('',#4572,#4573);
#4572 = CARTESIAN_POINT('',(1.5,-6.096,2.54));
#4573 = VECTOR('',#4574,1.);
#4574 = DIRECTION('',(1.,0.,0.));
#4575 = ORIENTED_EDGE('',*,*,#4159,.T.);
#4576 = ORIENTED_EDGE('',*,*,#4536,.F.);
#4577 = ORIENTED_EDGE('',*,*,#3912,.F.);
#4578 = PLANE('',#4579);
#4579 = AXIS2_PLACEMENT_3D('',#4580,#4581,#4582);
#4580 = CARTESIAN_POINT('',(1.5,-6.096,2.54));
#4581 = DIRECTION('',(0.,0.,1.));
#4582 = DIRECTION('',(0.,1.,0.));
#4583 = ADVANCED_FACE('',(#4584),#4595,.T.);
#4584 = FACE_BOUND('',#4585,.T.);
#4585 = EDGE_LOOP('',(#4586,#4587,#4588,#4594));
#4586 = ORIENTED_EDGE('',*,*,#4555,.T.);
#4587 = ORIENTED_EDGE('',*,*,#4143,.T.);
#4588 = ORIENTED_EDGE('',*,*,#4589,.F.);
#4589 = EDGE_CURVE('',#3897,#4144,#4590,.T.);
#4590 = LINE('',#4591,#4592);
#4591 = CARTESIAN_POINT('',(1.5,-6.35,2.286));
#4592 = VECTOR('',#4593,1.);
#4593 = DIRECTION('',(1.,0.,0.));
#4594 = ORIENTED_EDGE('',*,*,#3896,.F.);
#4595 = PLANE('',#4596);
#4596 = AXIS2_PLACEMENT_3D('',#4597,#4598,#4599);
#4597 = CARTESIAN_POINT('',(1.5,-6.35,0.254));
#4598 = DIRECTION('',(0.,-1.,0.));
#4599 = DIRECTION('',(0.,0.,1.));
#4600 = ADVANCED_FACE('',(#4601),#4607,.T.);
#4601 = FACE_BOUND('',#4602,.T.);
#4602 = EDGE_LOOP('',(#4603,#4604,#4605,#4606));
#4603 = ORIENTED_EDGE('',*,*,#4589,.T.);
#4604 = ORIENTED_EDGE('',*,*,#4151,.T.);
#4605 = ORIENTED_EDGE('',*,*,#4570,.F.);
#4606 = ORIENTED_EDGE('',*,*,#3904,.F.);
#4607 = PLANE('',#4608);
#4608 = AXIS2_PLACEMENT_3D('',#4609,#4610,#4611);
#4609 = CARTESIAN_POINT('',(1.5,-6.35,2.286));
#4610 = DIRECTION('',(0.,-0.707106781187,0.707106781187));
#4611 = DIRECTION('',(0.,0.707106781187,0.707106781187));
#4612 = ADVANCED_FACE('',(#4613),#4638,.T.);
#4613 = FACE_BOUND('',#4614,.T.);
#4614 = EDGE_LOOP('',(#4615,#4623,#4631,#4637));
#4615 = ORIENTED_EDGE('',*,*,#4616,.F.);
#4616 = EDGE_CURVE('',#4617,#3980,#4619,.T.);
#4617 = VERTEX_POINT('',#4618);
#4618 = CARTESIAN_POINT('',(0.32,-4.76,1.59));
#4619 = LINE('',#4620,#4621);
#4620 = CARTESIAN_POINT('',(-0.32,-4.76,1.59));
#4621 = VECTOR('',#4622,1.);
#4622 = DIRECTION('',(1.,0.,2.143287692327E-17));
#4623 = ORIENTED_EDGE('',*,*,#4624,.T.);
#4624 = EDGE_CURVE('',#4617,#4625,#4627,.T.);
#4625 = VERTEX_POINT('',#4626);
#4626 = CARTESIAN_POINT('',(0.32,-5.4,1.59));
#4627 = LINE('',#4628,#4629);
#4628 = CARTESIAN_POINT('',(0.32,-4.76,1.59));
#4629 = VECTOR('',#4630,1.);
#4630 = DIRECTION('',(0.,-1.,0.));
#4631 = ORIENTED_EDGE('',*,*,#4632,.T.);
#4632 = EDGE_CURVE('',#4625,#3978,#4633,.T.);
#4633 = LINE('',#4634,#4635);
#4634 = CARTESIAN_POINT('',(-0.32,-5.4,1.59));
#4635 = VECTOR('',#4636,1.);
#4636 = DIRECTION('',(1.,0.,2.143287692327E-17));
#4637 = ORIENTED_EDGE('',*,*,#3977,.T.);
#4638 = PLANE('',#4639);
#4639 = AXIS2_PLACEMENT_3D('',#4640,#4641,#4642);
#4640 = CARTESIAN_POINT('',(-0.32,-4.76,1.59));
#4641 = DIRECTION('',(-2.143287692327E-17,0.,1.));
#4642 = DIRECTION('',(1.,0.,2.143287692327E-17));
#4643 = ADVANCED_FACE('',(#4644),#4687,.T.);
#4644 = FACE_BOUND('',#4645,.T.);
#4645 = EDGE_LOOP('',(#4646,#4655,#4656,#4657,#4665,#4673,#4681));
#4646 = ORIENTED_EDGE('',*,*,#4647,.T.);
#4647 = EDGE_CURVE('',#4648,#4617,#4650,.T.);
#4648 = VERTEX_POINT('',#4649);
#4649 = CARTESIAN_POINT('',(-0.32,-4.76,0.95));
#4650 = CIRCLE('',#4651,0.64);
#4651 = AXIS2_PLACEMENT_3D('',#4652,#4653,#4654);
#4652 = CARTESIAN_POINT('',(0.32,-4.76,0.95));
#4653 = DIRECTION('',(0.,1.,0.));
#4654 = DIRECTION('',(0.,0.,-1.));
#4655 = ORIENTED_EDGE('',*,*,#4616,.T.);
#4656 = ORIENTED_EDGE('',*,*,#4003,.T.);
#4657 = ORIENTED_EDGE('',*,*,#4658,.T.);
#4658 = EDGE_CURVE('',#3996,#4659,#4661,.T.);
#4659 = VERTEX_POINT('',#4660);
#4660 = CARTESIAN_POINT('',(0.32,-4.76,0.95));
#4661 = LINE('',#4662,#4663);
#4662 = CARTESIAN_POINT('',(10.04,-4.76,0.95));
#4663 = VECTOR('',#4664,1.);
#4664 = DIRECTION('',(-1.,0.,0.));
#4665 = ORIENTED_EDGE('',*,*,#4666,.T.);
#4666 = EDGE_CURVE('',#4659,#4667,#4669,.T.);
#4667 = VERTEX_POINT('',#4668);
#4668 = CARTESIAN_POINT('',(0.32,-4.76,-2.84));
#4669 = LINE('',#4670,#4671);
#4670 = CARTESIAN_POINT('',(0.32,-4.76,0.95));
#4671 = VECTOR('',#4672,1.);
#4672 = DIRECTION('',(0.,0.,-1.));
#4673 = ORIENTED_EDGE('',*,*,#4674,.T.);
#4674 = EDGE_CURVE('',#4667,#4675,#4677,.T.);
#4675 = VERTEX_POINT('',#4676);
#4676 = CARTESIAN_POINT('',(-0.32,-4.76,-2.84));
#4677 = LINE('',#4678,#4679);
#4678 = CARTESIAN_POINT('',(0.32,-4.76,-2.84));
#4679 = VECTOR('',#4680,1.);
#4680 = DIRECTION('',(-1.,0.,0.));
#4681 = ORIENTED_EDGE('',*,*,#4682,.T.);
#4682 = EDGE_CURVE('',#4675,#4648,#4683,.T.);
#4683 = LINE('',#4684,#4685);
#4684 = CARTESIAN_POINT('',(-0.32,-4.76,-3.));
#4685 = VECTOR('',#4686,1.);
#4686 = DIRECTION('',(0.,0.,1.));
#4687 = PLANE('',#4688);
#4688 = AXIS2_PLACEMENT_3D('',#4689,#4690,#4691);
#4689 = CARTESIAN_POINT('',(3.575919732441,-4.76,0.579080267559));
#4690 = DIRECTION('',(1.030170245606E-33,1.,6.630961875715E-34));
#4691 = DIRECTION('',(1.,-1.030170245606E-33,-3.284969231842E-83));
#4692 = ADVANCED_FACE('',(#4693),#4711,.T.);
#4693 = FACE_BOUND('',#4694,.T.);
#4694 = EDGE_LOOP('',(#4695,#4696,#4697,#4705));
#4695 = ORIENTED_EDGE('',*,*,#4658,.F.);
#4696 = ORIENTED_EDGE('',*,*,#3995,.T.);
#4697 = ORIENTED_EDGE('',*,*,#4698,.T.);
#4698 = EDGE_CURVE('',#3988,#4699,#4701,.T.);
#4699 = VERTEX_POINT('',#4700);
#4700 = CARTESIAN_POINT('',(0.32,-5.4,0.95));
#4701 = LINE('',#4702,#4703);
#4702 = CARTESIAN_POINT('',(10.04,-5.4,0.95));
#4703 = VECTOR('',#4704,1.);
#4704 = DIRECTION('',(-1.,0.,0.));
#4705 = ORIENTED_EDGE('',*,*,#4706,.F.);
#4706 = EDGE_CURVE('',#4659,#4699,#4707,.T.);
#4707 = LINE('',#4708,#4709);
#4708 = CARTESIAN_POINT('',(0.32,-4.76,0.95));
#4709 = VECTOR('',#4710,1.);
#4710 = DIRECTION('',(0.,-1.,0.));
#4711 = PLANE('',#4712);
#4712 = AXIS2_PLACEMENT_3D('',#4713,#4714,#4715);
#4713 = CARTESIAN_POINT('',(10.04,-4.76,0.95));
#4714 = DIRECTION('',(-0.,-0.,-1.));
#4715 = DIRECTION('',(-1.,0.,0.));
#4716 = ADVANCED_FACE('',(#4717),#4753,.F.);
#4717 = FACE_BOUND('',#4718,.F.);
#4718 = EDGE_LOOP('',(#4719,#4728,#4729,#4730,#4731,#4739,#4747));
#4719 = ORIENTED_EDGE('',*,*,#4720,.T.);
#4720 = EDGE_CURVE('',#4721,#4625,#4723,.T.);
#4721 = VERTEX_POINT('',#4722);
#4722 = CARTESIAN_POINT('',(-0.32,-5.4,0.95));
#4723 = CIRCLE('',#4724,0.64);
#4724 = AXIS2_PLACEMENT_3D('',#4725,#4726,#4727);
#4725 = CARTESIAN_POINT('',(0.32,-5.4,0.95));
#4726 = DIRECTION('',(0.,1.,0.));
#4727 = DIRECTION('',(0.,0.,-1.));
#4728 = ORIENTED_EDGE('',*,*,#4632,.T.);
#4729 = ORIENTED_EDGE('',*,*,#3987,.T.);
#4730 = ORIENTED_EDGE('',*,*,#4698,.T.);
#4731 = ORIENTED_EDGE('',*,*,#4732,.T.);
#4732 = EDGE_CURVE('',#4699,#4733,#4735,.T.);
#4733 = VERTEX_POINT('',#4734);
#4734 = CARTESIAN_POINT('',(0.32,-5.4,-2.84));
#4735 = LINE('',#4736,#4737);
#4736 = CARTESIAN_POINT('',(0.32,-5.4,0.95));
#4737 = VECTOR('',#4738,1.);
#4738 = DIRECTION('',(0.,0.,-1.));
#4739 = ORIENTED_EDGE('',*,*,#4740,.T.);
#4740 = EDGE_CURVE('',#4733,#4741,#4743,.T.);
#4741 = VERTEX_POINT('',#4742);
#4742 = CARTESIAN_POINT('',(-0.32,-5.4,-2.84));
#4743 = LINE('',#4744,#4745);
#4744 = CARTESIAN_POINT('',(0.32,-5.4,-2.84));
#4745 = VECTOR('',#4746,1.);
#4746 = DIRECTION('',(-1.,0.,0.));
#4747 = ORIENTED_EDGE('',*,*,#4748,.T.);
#4748 = EDGE_CURVE('',#4741,#4721,#4749,.T.);
#4749 = LINE('',#4750,#4751);
#4750 = CARTESIAN_POINT('',(-0.32,-5.4,-3.));
#4751 = VECTOR('',#4752,1.);
#4752 = DIRECTION('',(0.,0.,1.));
#4753 = PLANE('',#4754);
#4754 = AXIS2_PLACEMENT_3D('',#4755,#4756,#4757);
#4755 = CARTESIAN_POINT('',(3.575919732441,-5.4,0.579080267559));
#4756 = DIRECTION('',(1.030170245606E-33,1.,6.630961875715E-34));
#4757 = DIRECTION('',(1.,-1.030170245606E-33,-3.284969231842E-83));
#4758 = ADVANCED_FACE('',(#4759),#4784,.T.);
#4759 = FACE_BOUND('',#4760,.T.);
#4760 = EDGE_LOOP('',(#4761,#4769,#4770,#4778));
#4761 = ORIENTED_EDGE('',*,*,#4762,.F.);
#4762 = EDGE_CURVE('',#4012,#4763,#4765,.T.);
#4763 = VERTEX_POINT('',#4764);
#4764 = CARTESIAN_POINT('',(0.32,-2.22,0.95));
#4765 = LINE('',#4766,#4767);
#4766 = CARTESIAN_POINT('',(10.04,-2.22,0.95));
#4767 = VECTOR('',#4768,1.);
#4768 = DIRECTION('',(-1.,0.,0.));
#4769 = ORIENTED_EDGE('',*,*,#4011,.T.);
#4770 = ORIENTED_EDGE('',*,*,#4771,.T.);
#4771 = EDGE_CURVE('',#4014,#4772,#4774,.T.);
#4772 = VERTEX_POINT('',#4773);
#4773 = CARTESIAN_POINT('',(0.32,-2.86,0.95));
#4774 = LINE('',#4775,#4776);
#4775 = CARTESIAN_POINT('',(10.04,-2.86,0.95));
#4776 = VECTOR('',#4777,1.);
#4777 = DIRECTION('',(-1.,0.,0.));
#4778 = ORIENTED_EDGE('',*,*,#4779,.F.);
#4779 = EDGE_CURVE('',#4763,#4772,#4780,.T.);
#4780 = LINE('',#4781,#4782);
#4781 = CARTESIAN_POINT('',(0.32,-2.22,0.95));
#4782 = VECTOR('',#4783,1.);
#4783 = DIRECTION('',(0.,-1.,0.));
#4784 = PLANE('',#4785);
#4785 = AXIS2_PLACEMENT_3D('',#4786,#4787,#4788);
#4786 = CARTESIAN_POINT('',(10.04,-2.22,0.95));
#4787 = DIRECTION('',(-0.,-0.,-1.));
#4788 = DIRECTION('',(-1.,0.,0.));
#4789 = ADVANCED_FACE('',(#4790),#4833,.F.);
#4790 = FACE_BOUND('',#4791,.F.);
#4791 = EDGE_LOOP('',(#4792,#4803,#4809,#4810,#4811,#4819,#4827));
#4792 = ORIENTED_EDGE('',*,*,#4793,.T.);
#4793 = EDGE_CURVE('',#4794,#4796,#4798,.T.);
#4794 = VERTEX_POINT('',#4795);
#4795 = CARTESIAN_POINT('',(-0.32,-2.86,0.95));
#4796 = VERTEX_POINT('',#4797);
#4797 = CARTESIAN_POINT('',(0.32,-2.86,1.59));
#4798 = CIRCLE('',#4799,0.64);
#4799 = AXIS2_PLACEMENT_3D('',#4800,#4801,#4802);
#4800 = CARTESIAN_POINT('',(0.32,-2.86,0.95));
#4801 = DIRECTION('',(0.,1.,0.));
#4802 = DIRECTION('',(0.,0.,-1.));
#4803 = ORIENTED_EDGE('',*,*,#4804,.T.);
#4804 = EDGE_CURVE('',#4796,#4030,#4805,.T.);
#4805 = LINE('',#4806,#4807);
#4806 = CARTESIAN_POINT('',(-0.32,-2.86,1.59));
#4807 = VECTOR('',#4808,1.);
#4808 = DIRECTION('',(1.,0.,2.143287692327E-17));
#4809 = ORIENTED_EDGE('',*,*,#4037,.T.);
#4810 = ORIENTED_EDGE('',*,*,#4771,.T.);
#4811 = ORIENTED_EDGE('',*,*,#4812,.T.);
#4812 = EDGE_CURVE('',#4772,#4813,#4815,.T.);
#4813 = VERTEX_POINT('',#4814);
#4814 = CARTESIAN_POINT('',(0.32,-2.86,-2.84));
#4815 = LINE('',#4816,#4817);
#4816 = CARTESIAN_POINT('',(0.32,-2.86,0.95));
#4817 = VECTOR('',#4818,1.);
#4818 = DIRECTION('',(0.,0.,-1.));
#4819 = ORIENTED_EDGE('',*,*,#4820,.T.);
#4820 = EDGE_CURVE('',#4813,#4821,#4823,.T.);
#4821 = VERTEX_POINT('',#4822);
#4822 = CARTESIAN_POINT('',(-0.32,-2.86,-2.84));
#4823 = LINE('',#4824,#4825);
#4824 = CARTESIAN_POINT('',(0.32,-2.86,-2.84));
#4825 = VECTOR('',#4826,1.);
#4826 = DIRECTION('',(-1.,0.,0.));
#4827 = ORIENTED_EDGE('',*,*,#4828,.T.);
#4828 = EDGE_CURVE('',#4821,#4794,#4829,.T.);
#4829 = LINE('',#4830,#4831);
#4830 = CARTESIAN_POINT('',(-0.32,-2.86,-3.));
#4831 = VECTOR('',#4832,1.);
#4832 = DIRECTION('',(0.,0.,1.));
#4833 = PLANE('',#4834);
#4834 = AXIS2_PLACEMENT_3D('',#4835,#4836,#4837);
#4835 = CARTESIAN_POINT('',(3.575919732441,-2.86,0.579080267559));
#4836 = DIRECTION('',(1.030170245606E-33,1.,6.630961875715E-34));
#4837 = DIRECTION('',(1.,-1.030170245606E-33,-3.284969231842E-83));
#4838 = ADVANCED_FACE('',(#4839),#4857,.T.);
#4839 = FACE_BOUND('',#4840,.T.);
#4840 = EDGE_LOOP('',(#4841,#4849,#4855,#4856));
#4841 = ORIENTED_EDGE('',*,*,#4842,.F.);
#4842 = EDGE_CURVE('',#4843,#4022,#4845,.T.);
#4843 = VERTEX_POINT('',#4844);
#4844 = CARTESIAN_POINT('',(0.32,-2.22,1.59));
#4845 = LINE('',#4846,#4847);
#4846 = CARTESIAN_POINT('',(-0.32,-2.22,1.59));
#4847 = VECTOR('',#4848,1.);
#4848 = DIRECTION('',(1.,0.,2.143287692327E-17));
#4849 = ORIENTED_EDGE('',*,*,#4850,.T.);
#4850 = EDGE_CURVE('',#4843,#4796,#4851,.T.);
#4851 = LINE('',#4852,#4853);
#4852 = CARTESIAN_POINT('',(0.32,-2.22,1.59));
#4853 = VECTOR('',#4854,1.);
#4854 = DIRECTION('',(0.,-1.,0.));
#4855 = ORIENTED_EDGE('',*,*,#4804,.T.);
#4856 = ORIENTED_EDGE('',*,*,#4029,.T.);
#4857 = PLANE('',#4858);
#4858 = AXIS2_PLACEMENT_3D('',#4859,#4860,#4861);
#4859 = CARTESIAN_POINT('',(-0.32,-2.22,1.59));
#4860 = DIRECTION('',(-2.143287692327E-17,0.,1.));
#4861 = DIRECTION('',(1.,0.,2.143287692327E-17));
#4862 = ADVANCED_FACE('',(#4863),#4899,.T.);
#4863 = FACE_BOUND('',#4864,.T.);
#4864 = EDGE_LOOP('',(#4865,#4874,#4875,#4876,#4877,#4885,#4893));
#4865 = ORIENTED_EDGE('',*,*,#4866,.T.);
#4866 = EDGE_CURVE('',#4867,#4843,#4869,.T.);
#4867 = VERTEX_POINT('',#4868);
#4868 = CARTESIAN_POINT('',(-0.32,-2.22,0.95));
#4869 = CIRCLE('',#4870,0.64);
#4870 = AXIS2_PLACEMENT_3D('',#4871,#4872,#4873);
#4871 = CARTESIAN_POINT('',(0.32,-2.22,0.95));
#4872 = DIRECTION('',(0.,1.,0.));
#4873 = DIRECTION('',(0.,0.,-1.));
#4874 = ORIENTED_EDGE('',*,*,#4842,.T.);
#4875 = ORIENTED_EDGE('',*,*,#4021,.T.);
#4876 = ORIENTED_EDGE('',*,*,#4762,.T.);
#4877 = ORIENTED_EDGE('',*,*,#4878,.T.);
#4878 = EDGE_CURVE('',#4763,#4879,#4881,.T.);
#4879 = VERTEX_POINT('',#4880);
#4880 = CARTESIAN_POINT('',(0.32,-2.22,-2.84));
#4881 = LINE('',#4882,#4883);
#4882 = CARTESIAN_POINT('',(0.32,-2.22,0.95));
#4883 = VECTOR('',#4884,1.);
#4884 = DIRECTION('',(0.,0.,-1.));
#4885 = ORIENTED_EDGE('',*,*,#4886,.T.);
#4886 = EDGE_CURVE('',#4879,#4887,#4889,.T.);
#4887 = VERTEX_POINT('',#4888);
#4888 = CARTESIAN_POINT('',(-0.32,-2.22,-2.84));
#4889 = LINE('',#4890,#4891);
#4890 = CARTESIAN_POINT('',(0.32,-2.22,-2.84));
#4891 = VECTOR('',#4892,1.);
#4892 = DIRECTION('',(-1.,0.,0.));
#4893 = ORIENTED_EDGE('',*,*,#4894,.T.);
#4894 = EDGE_CURVE('',#4887,#4867,#4895,.T.);
#4895 = LINE('',#4896,#4897);
#4896 = CARTESIAN_POINT('',(-0.32,-2.22,-3.));
#4897 = VECTOR('',#4898,1.);
#4898 = DIRECTION('',(0.,0.,1.));
#4899 = PLANE('',#4900);
#4900 = AXIS2_PLACEMENT_3D('',#4901,#4902,#4903);
#4901 = CARTESIAN_POINT('',(3.575919732441,-2.22,0.579080267559));
#4902 = DIRECTION('',(1.030170245606E-33,1.,6.630961875715E-34));
#4903 = DIRECTION('',(1.,-1.030170245606E-33,-3.284969231842E-83));
#4904 = ADVANCED_FACE('',(#4905),#4930,.T.);
#4905 = FACE_BOUND('',#4906,.T.);
#4906 = EDGE_LOOP('',(#4907,#4915,#4916,#4924));
#4907 = ORIENTED_EDGE('',*,*,#4908,.F.);
#4908 = EDGE_CURVE('',#4046,#4909,#4911,.T.);
#4909 = VERTEX_POINT('',#4910);
#4910 = CARTESIAN_POINT('',(0.32,0.32,0.95));
#4911 = LINE('',#4912,#4913);
#4912 = CARTESIAN_POINT('',(10.04,0.32,0.95));
#4913 = VECTOR('',#4914,1.);
#4914 = DIRECTION('',(-1.,0.,0.));
#4915 = ORIENTED_EDGE('',*,*,#4045,.T.);
#4916 = ORIENTED_EDGE('',*,*,#4917,.T.);
#4917 = EDGE_CURVE('',#4048,#4918,#4920,.T.);
#4918 = VERTEX_POINT('',#4919);
#4919 = CARTESIAN_POINT('',(0.32,-0.32,0.95));
#4920 = LINE('',#4921,#4922);
#4921 = CARTESIAN_POINT('',(10.04,-0.32,0.95));
#4922 = VECTOR('',#4923,1.);
#4923 = DIRECTION('',(-1.,0.,0.));
#4924 = ORIENTED_EDGE('',*,*,#4925,.F.);
#4925 = EDGE_CURVE('',#4909,#4918,#4926,.T.);
#4926 = LINE('',#4927,#4928);
#4927 = CARTESIAN_POINT('',(0.32,0.32,0.95));
#4928 = VECTOR('',#4929,1.);
#4929 = DIRECTION('',(0.,-1.,0.));
#4930 = PLANE('',#4931);
#4931 = AXIS2_PLACEMENT_3D('',#4932,#4933,#4934);
#4932 = CARTESIAN_POINT('',(10.04,0.32,0.95));
#4933 = DIRECTION('',(-0.,-0.,-1.));
#4934 = DIRECTION('',(-1.,0.,0.));
#4935 = ADVANCED_FACE('',(#4936),#4979,.F.);
#4936 = FACE_BOUND('',#4937,.F.);
#4937 = EDGE_LOOP('',(#4938,#4949,#4955,#4956,#4957,#4965,#4973));
#4938 = ORIENTED_EDGE('',*,*,#4939,.T.);
#4939 = EDGE_CURVE('',#4940,#4942,#4944,.T.);
#4940 = VERTEX_POINT('',#4941);
#4941 = CARTESIAN_POINT('',(-0.32,-0.32,0.95));
#4942 = VERTEX_POINT('',#4943);
#4943 = CARTESIAN_POINT('',(0.32,-0.32,1.59));
#4944 = CIRCLE('',#4945,0.64);
#4945 = AXIS2_PLACEMENT_3D('',#4946,#4947,#4948);
#4946 = CARTESIAN_POINT('',(0.32,-0.32,0.95));
#4947 = DIRECTION('',(0.,1.,0.));
#4948 = DIRECTION('',(0.,0.,-1.));
#4949 = ORIENTED_EDGE('',*,*,#4950,.T.);
#4950 = EDGE_CURVE('',#4942,#4064,#4951,.T.);
#4951 = LINE('',#4952,#4953);
#4952 = CARTESIAN_POINT('',(-0.32,-0.32,1.59));
#4953 = VECTOR('',#4954,1.);
#4954 = DIRECTION('',(1.,0.,2.143287692327E-17));
#4955 = ORIENTED_EDGE('',*,*,#4071,.T.);
#4956 = ORIENTED_EDGE('',*,*,#4917,.T.);
#4957 = ORIENTED_EDGE('',*,*,#4958,.T.);
#4958 = EDGE_CURVE('',#4918,#4959,#4961,.T.);
#4959 = VERTEX_POINT('',#4960);
#4960 = CARTESIAN_POINT('',(0.32,-0.32,-2.84));
#4961 = LINE('',#4962,#4963);
#4962 = CARTESIAN_POINT('',(0.32,-0.32,0.95));
#4963 = VECTOR('',#4964,1.);
#4964 = DIRECTION('',(0.,0.,-1.));
#4965 = ORIENTED_EDGE('',*,*,#4966,.T.);
#4966 = EDGE_CURVE('',#4959,#4967,#4969,.T.);
#4967 = VERTEX_POINT('',#4968);
#4968 = CARTESIAN_POINT('',(-0.32,-0.32,-2.84));
#4969 = LINE('',#4970,#4971);
#4970 = CARTESIAN_POINT('',(0.32,-0.32,-2.84));
#4971 = VECTOR('',#4972,1.);
#4972 = DIRECTION('',(-1.,0.,0.));
#4973 = ORIENTED_EDGE('',*,*,#4974,.T.);
#4974 = EDGE_CURVE('',#4967,#4940,#4975,.T.);
#4975 = LINE('',#4976,#4977);
#4976 = CARTESIAN_POINT('',(-0.32,-0.32,-3.));
#4977 = VECTOR('',#4978,1.);
#4978 = DIRECTION('',(0.,0.,1.));
#4979 = PLANE('',#4980);
#4980 = AXIS2_PLACEMENT_3D('',#4981,#4982,#4983);
#4981 = CARTESIAN_POINT('',(3.575919732441,-0.32,0.579080267559));
#4982 = DIRECTION('',(1.030170245606E-33,1.,6.630961875715E-34));
#4983 = DIRECTION('',(1.,-1.030170245606E-33,-3.284969231842E-83));
#4984 = ADVANCED_FACE('',(#4985),#5003,.T.);
#4985 = FACE_BOUND('',#4986,.T.);
#4986 = EDGE_LOOP('',(#4987,#4995,#5001,#5002));
#4987 = ORIENTED_EDGE('',*,*,#4988,.F.);
#4988 = EDGE_CURVE('',#4989,#4056,#4991,.T.);
#4989 = VERTEX_POINT('',#4990);
#4990 = CARTESIAN_POINT('',(0.32,0.32,1.59));
#4991 = LINE('',#4992,#4993);
#4992 = CARTESIAN_POINT('',(-0.32,0.32,1.59));
#4993 = VECTOR('',#4994,1.);
#4994 = DIRECTION('',(1.,0.,2.143287692327E-17));
#4995 = ORIENTED_EDGE('',*,*,#4996,.T.);
#4996 = EDGE_CURVE('',#4989,#4942,#4997,.T.);
#4997 = LINE('',#4998,#4999);
#4998 = CARTESIAN_POINT('',(0.32,0.32,1.59));
#4999 = VECTOR('',#5000,1.);
#5000 = DIRECTION('',(0.,-1.,0.));
#5001 = ORIENTED_EDGE('',*,*,#4950,.T.);
#5002 = ORIENTED_EDGE('',*,*,#4063,.T.);
#5003 = PLANE('',#5004);
#5004 = AXIS2_PLACEMENT_3D('',#5005,#5006,#5007);
#5005 = CARTESIAN_POINT('',(-0.32,0.32,1.59));
#5006 = DIRECTION('',(-2.143287692327E-17,0.,1.));
#5007 = DIRECTION('',(1.,0.,2.143287692327E-17));
#5008 = ADVANCED_FACE('',(#5009),#5045,.T.);
#5009 = FACE_BOUND('',#5010,.T.);
#5010 = EDGE_LOOP('',(#5011,#5020,#5021,#5022,#5023,#5031,#5039));
#5011 = ORIENTED_EDGE('',*,*,#5012,.T.);
#5012 = EDGE_CURVE('',#5013,#4989,#5015,.T.);
#5013 = VERTEX_POINT('',#5014);
#5014 = CARTESIAN_POINT('',(-0.32,0.32,0.95));
#5015 = CIRCLE('',#5016,0.64);
#5016 = AXIS2_PLACEMENT_3D('',#5017,#5018,#5019);
#5017 = CARTESIAN_POINT('',(0.32,0.32,0.95));
#5018 = DIRECTION('',(0.,1.,0.));
#5019 = DIRECTION('',(0.,0.,-1.));
#5020 = ORIENTED_EDGE('',*,*,#4988,.T.);
#5021 = ORIENTED_EDGE('',*,*,#4055,.T.);
#5022 = ORIENTED_EDGE('',*,*,#4908,.T.);
#5023 = ORIENTED_EDGE('',*,*,#5024,.T.);
#5024 = EDGE_CURVE('',#4909,#5025,#5027,.T.);
#5025 = VERTEX_POINT('',#5026);
#5026 = CARTESIAN_POINT('',(0.32,0.32,-2.84));
#5027 = LINE('',#5028,#5029);
#5028 = CARTESIAN_POINT('',(0.32,0.32,0.95));
#5029 = VECTOR('',#5030,1.);
#5030 = DIRECTION('',(0.,0.,-1.));
#5031 = ORIENTED_EDGE('',*,*,#5032,.T.);
#5032 = EDGE_CURVE('',#5025,#5033,#5035,.T.);
#5033 = VERTEX_POINT('',#5034);
#5034 = CARTESIAN_POINT('',(-0.32,0.32,-2.84));
#5035 = LINE('',#5036,#5037);
#5036 = CARTESIAN_POINT('',(0.32,0.32,-2.84));
#5037 = VECTOR('',#5038,1.);
#5038 = DIRECTION('',(-1.,0.,0.));
#5039 = ORIENTED_EDGE('',*,*,#5040,.T.);
#5040 = EDGE_CURVE('',#5033,#5013,#5041,.T.);
#5041 = LINE('',#5042,#5043);
#5042 = CARTESIAN_POINT('',(-0.32,0.32,-3.));
#5043 = VECTOR('',#5044,1.);
#5044 = DIRECTION('',(0.,0.,1.));
#5045 = PLANE('',#5046);
#5046 = AXIS2_PLACEMENT_3D('',#5047,#5048,#5049);
#5047 = CARTESIAN_POINT('',(3.575919732441,0.32,0.579080267559));
#5048 = DIRECTION('',(1.030170245606E-33,1.,6.630961875715E-34));
#5049 = DIRECTION('',(1.,-1.030170245606E-33,-3.284969231842E-83));
#5050 = ADVANCED_FACE('',(#5051),#5076,.T.);
#5051 = FACE_BOUND('',#5052,.T.);
#5052 = EDGE_LOOP('',(#5053,#5061,#5062,#5070));
#5053 = ORIENTED_EDGE('',*,*,#5054,.F.);
#5054 = EDGE_CURVE('',#4227,#5055,#5057,.T.);
#5055 = VERTEX_POINT('',#5056);
#5056 = CARTESIAN_POINT('',(9.88,-4.76,1.59));
#5057 = LINE('',#5058,#5059);
#5058 = CARTESIAN_POINT('',(-0.32,-4.76,1.59));
#5059 = VECTOR('',#5060,1.);
#5060 = DIRECTION('',(1.,0.,2.143287692327E-17));
#5061 = ORIENTED_EDGE('',*,*,#4224,.F.);
#5062 = ORIENTED_EDGE('',*,*,#5063,.T.);
#5063 = EDGE_CURVE('',#4225,#5064,#5066,.T.);
#5064 = VERTEX_POINT('',#5065);
#5065 = CARTESIAN_POINT('',(9.88,-5.4,1.59));
#5066 = LINE('',#5067,#5068);
#5067 = CARTESIAN_POINT('',(-0.32,-5.4,1.59));
#5068 = VECTOR('',#5069,1.);
#5069 = DIRECTION('',(1.,0.,2.143287692327E-17));
#5070 = ORIENTED_EDGE('',*,*,#5071,.F.);
#5071 = EDGE_CURVE('',#5055,#5064,#5072,.T.);
#5072 = LINE('',#5073,#5074);
#5073 = CARTESIAN_POINT('',(9.88,-4.76,1.59));
#5074 = VECTOR('',#5075,1.);
#5075 = DIRECTION('',(0.,-1.,0.));
#5076 = PLANE('',#5077);
#5077 = AXIS2_PLACEMENT_3D('',#5078,#5079,#5080);
#5078 = CARTESIAN_POINT('',(-0.32,-4.76,1.59));
#5079 = DIRECTION('',(-2.143287692327E-17,0.,1.));
#5080 = DIRECTION('',(1.,0.,2.143287692327E-17));
#5081 = ADVANCED_FACE('',(#5082),#5100,.T.);
#5082 = FACE_BOUND('',#5083,.T.);
#5083 = EDGE_LOOP('',(#5084,#5085,#5086,#5094));
#5084 = ORIENTED_EDGE('',*,*,#4250,.F.);
#5085 = ORIENTED_EDGE('',*,*,#5054,.T.);
#5086 = ORIENTED_EDGE('',*,*,#5087,.T.);
#5087 = EDGE_CURVE('',#5055,#5088,#5090,.T.);
#5088 = VERTEX_POINT('',#5089);
#5089 = CARTESIAN_POINT('',(9.88,-4.76,0.95));
#5090 = LINE('',#5091,#5092);
#5091 = CARTESIAN_POINT('',(9.88,-4.76,1.59));
#5092 = VECTOR('',#5093,1.);
#5093 = DIRECTION('',(0.,0.,-1.));
#5094 = ORIENTED_EDGE('',*,*,#5095,.T.);
#5095 = EDGE_CURVE('',#5088,#4243,#5096,.T.);
#5096 = LINE('',#5097,#5098);
#5097 = CARTESIAN_POINT('',(10.04,-4.76,0.95));
#5098 = VECTOR('',#5099,1.);
#5099 = DIRECTION('',(-1.,0.,0.));
#5100 = PLANE('',#5101);
#5101 = AXIS2_PLACEMENT_3D('',#5102,#5103,#5104);
#5102 = CARTESIAN_POINT('',(3.575919732441,-4.76,0.579080267559));
#5103 = DIRECTION('',(1.030170245606E-33,1.,6.630961875715E-34));
#5104 = DIRECTION('',(1.,-1.030170245606E-33,-3.284969231842E-83));
#5105 = ADVANCED_FACE('',(#5106),#5124,.T.);
#5106 = FACE_BOUND('',#5107,.T.);
#5107 = EDGE_LOOP('',(#5108,#5109,#5117,#5123));
#5108 = ORIENTED_EDGE('',*,*,#5095,.F.);
#5109 = ORIENTED_EDGE('',*,*,#5110,.T.);
#5110 = EDGE_CURVE('',#5088,#5111,#5113,.T.);
#5111 = VERTEX_POINT('',#5112);
#5112 = CARTESIAN_POINT('',(9.88,-5.4,0.95));
#5113 = LINE('',#5114,#5115);
#5114 = CARTESIAN_POINT('',(9.88,-4.76,0.95));
#5115 = VECTOR('',#5116,1.);
#5116 = DIRECTION('',(0.,-1.,0.));
#5117 = ORIENTED_EDGE('',*,*,#5118,.T.);
#5118 = EDGE_CURVE('',#5111,#4235,#5119,.T.);
#5119 = LINE('',#5120,#5121);
#5120 = CARTESIAN_POINT('',(10.04,-5.4,0.95));
#5121 = VECTOR('',#5122,1.);
#5122 = DIRECTION('',(-1.,0.,0.));
#5123 = ORIENTED_EDGE('',*,*,#4242,.F.);
#5124 = PLANE('',#5125);
#5125 = AXIS2_PLACEMENT_3D('',#5126,#5127,#5128);
#5126 = CARTESIAN_POINT('',(10.04,-4.76,0.95));
#5127 = DIRECTION('',(-0.,-0.,-1.));
#5128 = DIRECTION('',(-1.,0.,0.));
#5129 = ADVANCED_FACE('',(#5130),#5141,.F.);
#5130 = FACE_BOUND('',#5131,.F.);
#5131 = EDGE_LOOP('',(#5132,#5133,#5134,#5140));
#5132 = ORIENTED_EDGE('',*,*,#4234,.F.);
#5133 = ORIENTED_EDGE('',*,*,#5063,.T.);
#5134 = ORIENTED_EDGE('',*,*,#5135,.T.);
#5135 = EDGE_CURVE('',#5064,#5111,#5136,.T.);
#5136 = LINE('',#5137,#5138);
#5137 = CARTESIAN_POINT('',(9.88,-5.4,1.59));
#5138 = VECTOR('',#5139,1.);
#5139 = DIRECTION('',(0.,0.,-1.));
#5140 = ORIENTED_EDGE('',*,*,#5118,.T.);
#5141 = PLANE('',#5142);
#5142 = AXIS2_PLACEMENT_3D('',#5143,#5144,#5145);
#5143 = CARTESIAN_POINT('',(3.575919732441,-5.4,0.579080267559));
#5144 = DIRECTION('',(1.030170245606E-33,1.,6.630961875715E-34));
#5145 = DIRECTION('',(1.,-1.030170245606E-33,-3.284969231842E-83));
#5146 = ADVANCED_FACE('',(#5147),#5172,.T.);
#5147 = FACE_BOUND('',#5148,.T.);
#5148 = EDGE_LOOP('',(#5149,#5157,#5165,#5171));
#5149 = ORIENTED_EDGE('',*,*,#5150,.F.);
#5150 = EDGE_CURVE('',#5151,#4259,#5153,.T.);
#5151 = VERTEX_POINT('',#5152);
#5152 = CARTESIAN_POINT('',(9.88,-2.22,0.95));
#5153 = LINE('',#5154,#5155);
#5154 = CARTESIAN_POINT('',(10.04,-2.22,0.95));
#5155 = VECTOR('',#5156,1.);
#5156 = DIRECTION('',(-1.,0.,0.));
#5157 = ORIENTED_EDGE('',*,*,#5158,.T.);
#5158 = EDGE_CURVE('',#5151,#5159,#5161,.T.);
#5159 = VERTEX_POINT('',#5160);
#5160 = CARTESIAN_POINT('',(9.88,-2.86,0.95));
#5161 = LINE('',#5162,#5163);
#5162 = CARTESIAN_POINT('',(9.88,-2.22,0.95));
#5163 = VECTOR('',#5164,1.);
#5164 = DIRECTION('',(0.,-1.,0.));
#5165 = ORIENTED_EDGE('',*,*,#5166,.T.);
#5166 = EDGE_CURVE('',#5159,#4261,#5167,.T.);
#5167 = LINE('',#5168,#5169);
#5168 = CARTESIAN_POINT('',(10.04,-2.86,0.95));
#5169 = VECTOR('',#5170,1.);
#5170 = DIRECTION('',(-1.,0.,0.));
#5171 = ORIENTED_EDGE('',*,*,#4258,.F.);
#5172 = PLANE('',#5173);
#5173 = AXIS2_PLACEMENT_3D('',#5174,#5175,#5176);
#5174 = CARTESIAN_POINT('',(10.04,-2.22,0.95));
#5175 = DIRECTION('',(-0.,-0.,-1.));
#5176 = DIRECTION('',(-1.,0.,0.));
#5177 = ADVANCED_FACE('',(#5178),#5196,.F.);
#5178 = FACE_BOUND('',#5179,.F.);
#5179 = EDGE_LOOP('',(#5180,#5181,#5189,#5195));
#5180 = ORIENTED_EDGE('',*,*,#4284,.F.);
#5181 = ORIENTED_EDGE('',*,*,#5182,.T.);
#5182 = EDGE_CURVE('',#4277,#5183,#5185,.T.);
#5183 = VERTEX_POINT('',#5184);
#5184 = CARTESIAN_POINT('',(9.88,-2.86,1.59));
#5185 = LINE('',#5186,#5187);
#5186 = CARTESIAN_POINT('',(-0.32,-2.86,1.59));
#5187 = VECTOR('',#5188,1.);
#5188 = DIRECTION('',(1.,0.,2.143287692327E-17));
#5189 = ORIENTED_EDGE('',*,*,#5190,.T.);
#5190 = EDGE_CURVE('',#5183,#5159,#5191,.T.);
#5191 = LINE('',#5192,#5193);
#5192 = CARTESIAN_POINT('',(9.88,-2.86,1.59));
#5193 = VECTOR('',#5194,1.);
#5194 = DIRECTION('',(0.,0.,-1.));
#5195 = ORIENTED_EDGE('',*,*,#5166,.T.);
#5196 = PLANE('',#5197);
#5197 = AXIS2_PLACEMENT_3D('',#5198,#5199,#5200);
#5198 = CARTESIAN_POINT('',(3.575919732441,-2.86,0.579080267559));
#5199 = DIRECTION('',(1.030170245606E-33,1.,6.630961875715E-34));
#5200 = DIRECTION('',(1.,-1.030170245606E-33,-3.284969231842E-83));
#5201 = ADVANCED_FACE('',(#5202),#5220,.T.);
#5202 = FACE_BOUND('',#5203,.T.);
#5203 = EDGE_LOOP('',(#5204,#5212,#5213,#5214));
#5204 = ORIENTED_EDGE('',*,*,#5205,.F.);
#5205 = EDGE_CURVE('',#4269,#5206,#5208,.T.);
#5206 = VERTEX_POINT('',#5207);
#5207 = CARTESIAN_POINT('',(9.88,-2.22,1.59));
#5208 = LINE('',#5209,#5210);
#5209 = CARTESIAN_POINT('',(-0.32,-2.22,1.59));
#5210 = VECTOR('',#5211,1.);
#5211 = DIRECTION('',(1.,0.,2.143287692327E-17));
#5212 = ORIENTED_EDGE('',*,*,#4276,.F.);
#5213 = ORIENTED_EDGE('',*,*,#5182,.T.);
#5214 = ORIENTED_EDGE('',*,*,#5215,.F.);
#5215 = EDGE_CURVE('',#5206,#5183,#5216,.T.);
#5216 = LINE('',#5217,#5218);
#5217 = CARTESIAN_POINT('',(9.88,-2.22,1.59));
#5218 = VECTOR('',#5219,1.);
#5219 = DIRECTION('',(0.,-1.,0.));
#5220 = PLANE('',#5221);
#5221 = AXIS2_PLACEMENT_3D('',#5222,#5223,#5224);
#5222 = CARTESIAN_POINT('',(-0.32,-2.22,1.59));
#5223 = DIRECTION('',(-2.143287692327E-17,0.,1.));
#5224 = DIRECTION('',(1.,0.,2.143287692327E-17));
#5225 = ADVANCED_FACE('',(#5226),#5237,.T.);
#5226 = FACE_BOUND('',#5227,.T.);
#5227 = EDGE_LOOP('',(#5228,#5229,#5230,#5236));
#5228 = ORIENTED_EDGE('',*,*,#4268,.F.);
#5229 = ORIENTED_EDGE('',*,*,#5205,.T.);
#5230 = ORIENTED_EDGE('',*,*,#5231,.T.);
#5231 = EDGE_CURVE('',#5206,#5151,#5232,.T.);
#5232 = LINE('',#5233,#5234);
#5233 = CARTESIAN_POINT('',(9.88,-2.22,1.59));
#5234 = VECTOR('',#5235,1.);
#5235 = DIRECTION('',(0.,0.,-1.));
#5236 = ORIENTED_EDGE('',*,*,#5150,.T.);
#5237 = PLANE('',#5238);
#5238 = AXIS2_PLACEMENT_3D('',#5239,#5240,#5241);
#5239 = CARTESIAN_POINT('',(3.575919732441,-2.22,0.579080267559));
#5240 = DIRECTION('',(1.030170245606E-33,1.,6.630961875715E-34));
#5241 = DIRECTION('',(1.,-1.030170245606E-33,-3.284969231842E-83));
#5242 = ADVANCED_FACE('',(#5243),#5268,.T.);
#5243 = FACE_BOUND('',#5244,.T.);
#5244 = EDGE_LOOP('',(#5245,#5253,#5261,#5267));
#5245 = ORIENTED_EDGE('',*,*,#5246,.F.);
#5246 = EDGE_CURVE('',#5247,#4293,#5249,.T.);
#5247 = VERTEX_POINT('',#5248);
#5248 = CARTESIAN_POINT('',(9.88,0.32,0.95));
#5249 = LINE('',#5250,#5251);
#5250 = CARTESIAN_POINT('',(10.04,0.32,0.95));
#5251 = VECTOR('',#5252,1.);
#5252 = DIRECTION('',(-1.,0.,0.));
#5253 = ORIENTED_EDGE('',*,*,#5254,.T.);
#5254 = EDGE_CURVE('',#5247,#5255,#5257,.T.);
#5255 = VERTEX_POINT('',#5256);
#5256 = CARTESIAN_POINT('',(9.88,-0.32,0.95));
#5257 = LINE('',#5258,#5259);
#5258 = CARTESIAN_POINT('',(9.88,0.32,0.95));
#5259 = VECTOR('',#5260,1.);
#5260 = DIRECTION('',(0.,-1.,0.));
#5261 = ORIENTED_EDGE('',*,*,#5262,.T.);
#5262 = EDGE_CURVE('',#5255,#4295,#5263,.T.);
#5263 = LINE('',#5264,#5265);
#5264 = CARTESIAN_POINT('',(10.04,-0.32,0.95));
#5265 = VECTOR('',#5266,1.);
#5266 = DIRECTION('',(-1.,0.,0.));
#5267 = ORIENTED_EDGE('',*,*,#4292,.F.);
#5268 = PLANE('',#5269);
#5269 = AXIS2_PLACEMENT_3D('',#5270,#5271,#5272);
#5270 = CARTESIAN_POINT('',(10.04,0.32,0.95));
#5271 = DIRECTION('',(-0.,-0.,-1.));
#5272 = DIRECTION('',(-1.,0.,0.));
#5273 = ADVANCED_FACE('',(#5274),#5292,.F.);
#5274 = FACE_BOUND('',#5275,.F.);
#5275 = EDGE_LOOP('',(#5276,#5277,#5285,#5291));
#5276 = ORIENTED_EDGE('',*,*,#4318,.F.);
#5277 = ORIENTED_EDGE('',*,*,#5278,.T.);
#5278 = EDGE_CURVE('',#4311,#5279,#5281,.T.);
#5279 = VERTEX_POINT('',#5280);
#5280 = CARTESIAN_POINT('',(9.88,-0.32,1.59));
#5281 = LINE('',#5282,#5283);
#5282 = CARTESIAN_POINT('',(-0.32,-0.32,1.59));
#5283 = VECTOR('',#5284,1.);
#5284 = DIRECTION('',(1.,0.,2.143287692327E-17));
#5285 = ORIENTED_EDGE('',*,*,#5286,.T.);
#5286 = EDGE_CURVE('',#5279,#5255,#5287,.T.);
#5287 = LINE('',#5288,#5289);
#5288 = CARTESIAN_POINT('',(9.88,-0.32,1.59));
#5289 = VECTOR('',#5290,1.);
#5290 = DIRECTION('',(0.,0.,-1.));
#5291 = ORIENTED_EDGE('',*,*,#5262,.T.);
#5292 = PLANE('',#5293);
#5293 = AXIS2_PLACEMENT_3D('',#5294,#5295,#5296);
#5294 = CARTESIAN_POINT('',(3.575919732441,-0.32,0.579080267559));
#5295 = DIRECTION('',(1.030170245606E-33,1.,6.630961875715E-34));
#5296 = DIRECTION('',(1.,-1.030170245606E-33,-3.284969231842E-83));
#5297 = ADVANCED_FACE('',(#5298),#5316,.T.);
#5298 = FACE_BOUND('',#5299,.T.);
#5299 = EDGE_LOOP('',(#5300,#5308,#5309,#5310));
#5300 = ORIENTED_EDGE('',*,*,#5301,.F.);
#5301 = EDGE_CURVE('',#4303,#5302,#5304,.T.);
#5302 = VERTEX_POINT('',#5303);
#5303 = CARTESIAN_POINT('',(9.88,0.32,1.59));
#5304 = LINE('',#5305,#5306);
#5305 = CARTESIAN_POINT('',(-0.32,0.32,1.59));
#5306 = VECTOR('',#5307,1.);
#5307 = DIRECTION('',(1.,0.,2.143287692327E-17));
#5308 = ORIENTED_EDGE('',*,*,#4310,.F.);
#5309 = ORIENTED_EDGE('',*,*,#5278,.T.);
#5310 = ORIENTED_EDGE('',*,*,#5311,.F.);
#5311 = EDGE_CURVE('',#5302,#5279,#5312,.T.);
#5312 = LINE('',#5313,#5314);
#5313 = CARTESIAN_POINT('',(9.88,0.32,1.59));
#5314 = VECTOR('',#5315,1.);
#5315 = DIRECTION('',(0.,-1.,0.));
#5316 = PLANE('',#5317);
#5317 = AXIS2_PLACEMENT_3D('',#5318,#5319,#5320);
#5318 = CARTESIAN_POINT('',(-0.32,0.32,1.59));
#5319 = DIRECTION('',(-2.143287692327E-17,0.,1.));
#5320 = DIRECTION('',(1.,0.,2.143287692327E-17));
#5321 = ADVANCED_FACE('',(#5322),#5333,.T.);
#5322 = FACE_BOUND('',#5323,.T.);
#5323 = EDGE_LOOP('',(#5324,#5325,#5326,#5332));
#5324 = ORIENTED_EDGE('',*,*,#4302,.F.);
#5325 = ORIENTED_EDGE('',*,*,#5301,.T.);
#5326 = ORIENTED_EDGE('',*,*,#5327,.T.);
#5327 = EDGE_CURVE('',#5302,#5247,#5328,.T.);
#5328 = LINE('',#5329,#5330);
#5329 = CARTESIAN_POINT('',(9.88,0.32,1.59));
#5330 = VECTOR('',#5331,1.);
#5331 = DIRECTION('',(0.,0.,-1.));
#5332 = ORIENTED_EDGE('',*,*,#5246,.T.);
#5333 = PLANE('',#5334);
#5334 = AXIS2_PLACEMENT_3D('',#5335,#5336,#5337);
#5335 = CARTESIAN_POINT('',(3.575919732441,0.32,0.579080267559));
#5336 = DIRECTION('',(1.030170245606E-33,1.,6.630961875715E-34));
#5337 = DIRECTION('',(1.,-1.030170245606E-33,-3.284969231842E-83));
#5338 = ADVANCED_FACE('',(#5339),#5350,.T.);
#5339 = FACE_BOUND('',#5340,.T.);
#5340 = EDGE_LOOP('',(#5341,#5347,#5348,#5349));
#5341 = ORIENTED_EDGE('',*,*,#5342,.T.);
#5342 = EDGE_CURVE('',#4648,#4721,#5343,.T.);
#5343 = LINE('',#5344,#5345);
#5344 = CARTESIAN_POINT('',(-0.32,-4.76,0.95));
#5345 = VECTOR('',#5346,1.);
#5346 = DIRECTION('',(0.,-1.,0.));
#5347 = ORIENTED_EDGE('',*,*,#4720,.T.);
#5348 = ORIENTED_EDGE('',*,*,#4624,.F.);
#5349 = ORIENTED_EDGE('',*,*,#4647,.F.);
#5350 = CYLINDRICAL_SURFACE('',#5351,0.64);
#5351 = AXIS2_PLACEMENT_3D('',#5352,#5353,#5354);
#5352 = CARTESIAN_POINT('',(0.32,-4.76,0.95));
#5353 = DIRECTION('',(0.,-1.,0.));
#5354 = DIRECTION('',(-1.,0.,0.));
#5355 = ADVANCED_FACE('',(#5356),#5367,.T.);
#5356 = FACE_BOUND('',#5357,.T.);
#5357 = EDGE_LOOP('',(#5358,#5359,#5365,#5366));
#5358 = ORIENTED_EDGE('',*,*,#4682,.F.);
#5359 = ORIENTED_EDGE('',*,*,#5360,.T.);
#5360 = EDGE_CURVE('',#4675,#4741,#5361,.T.);
#5361 = LINE('',#5362,#5363);
#5362 = CARTESIAN_POINT('',(-0.32,-4.76,-2.84));
#5363 = VECTOR('',#5364,1.);
#5364 = DIRECTION('',(0.,-1.,0.));
#5365 = ORIENTED_EDGE('',*,*,#4748,.T.);
#5366 = ORIENTED_EDGE('',*,*,#5342,.F.);
#5367 = PLANE('',#5368);
#5368 = AXIS2_PLACEMENT_3D('',#5369,#5370,#5371);
#5369 = CARTESIAN_POINT('',(-0.32,-4.76,-3.));
#5370 = DIRECTION('',(-1.,0.,0.));
#5371 = DIRECTION('',(0.,0.,1.));
#5372 = ADVANCED_FACE('',(#5373),#5398,.T.);
#5373 = FACE_BOUND('',#5374,.F.);
#5374 = EDGE_LOOP('',(#5375,#5383,#5384,#5392));
#5375 = ORIENTED_EDGE('',*,*,#5376,.T.);
#5376 = EDGE_CURVE('',#5377,#4667,#5379,.T.);
#5377 = VERTEX_POINT('',#5378);
#5378 = CARTESIAN_POINT('',(0.16,-4.92,-3.));
#5379 = LINE('',#5380,#5381);
#5380 = CARTESIAN_POINT('',(0.266666666667,-4.813333333333,
    -2.893333333333));
#5381 = VECTOR('',#5382,1.);
#5382 = DIRECTION('',(0.57735026919,0.57735026919,0.57735026919));
#5383 = ORIENTED_EDGE('',*,*,#4674,.T.);
#5384 = ORIENTED_EDGE('',*,*,#5385,.T.);
#5385 = EDGE_CURVE('',#4675,#5386,#5388,.T.);
#5386 = VERTEX_POINT('',#5387);
#5387 = CARTESIAN_POINT('',(-0.16,-4.92,-3.));
#5388 = LINE('',#5389,#5390);
#5389 = CARTESIAN_POINT('',(-0.16,-4.92,-3.));
#5390 = VECTOR('',#5391,1.);
#5391 = DIRECTION('',(0.57735026919,-0.57735026919,-0.57735026919));
#5392 = ORIENTED_EDGE('',*,*,#5393,.F.);
#5393 = EDGE_CURVE('',#5377,#5386,#5394,.T.);
#5394 = LINE('',#5395,#5396);
#5395 = CARTESIAN_POINT('',(0.32,-4.92,-3.));
#5396 = VECTOR('',#5397,1.);
#5397 = DIRECTION('',(-1.,0.,0.));
#5398 = PLANE('',#5399);
#5399 = AXIS2_PLACEMENT_3D('',#5400,#5401,#5402);
#5400 = CARTESIAN_POINT('',(0.32,-4.84,-2.92));
#5401 = DIRECTION('',(-1.735167508357E-18,0.707106781187,-0.707106781187
    ));
#5402 = DIRECTION('',(1.,1.226948711654E-18,-1.226948711654E-18));
#5403 = ADVANCED_FACE('',(#5404),#5415,.T.);
#5404 = FACE_BOUND('',#5405,.T.);
#5405 = EDGE_LOOP('',(#5406,#5407,#5408,#5409));
#5406 = ORIENTED_EDGE('',*,*,#4666,.F.);
#5407 = ORIENTED_EDGE('',*,*,#4706,.T.);
#5408 = ORIENTED_EDGE('',*,*,#4732,.T.);
#5409 = ORIENTED_EDGE('',*,*,#5410,.F.);
#5410 = EDGE_CURVE('',#4667,#4733,#5411,.T.);
#5411 = LINE('',#5412,#5413);
#5412 = CARTESIAN_POINT('',(0.32,-4.76,-2.84));
#5413 = VECTOR('',#5414,1.);
#5414 = DIRECTION('',(0.,-1.,0.));
#5415 = PLANE('',#5416);
#5416 = AXIS2_PLACEMENT_3D('',#5417,#5418,#5419);
#5417 = CARTESIAN_POINT('',(0.32,-4.76,0.95));
#5418 = DIRECTION('',(1.,0.,0.));
#5419 = DIRECTION('',(0.,0.,-1.));
#5420 = ADVANCED_FACE('',(#5421),#5446,.F.);
#5421 = FACE_BOUND('',#5422,.F.);
#5422 = EDGE_LOOP('',(#5423,#5431,#5439,#5445));
#5423 = ORIENTED_EDGE('',*,*,#5424,.F.);
#5424 = EDGE_CURVE('',#5425,#4733,#5427,.T.);
#5425 = VERTEX_POINT('',#5426);
#5426 = CARTESIAN_POINT('',(0.16,-5.24,-3.));
#5427 = LINE('',#5428,#5429);
#5428 = CARTESIAN_POINT('',(0.16,-5.24,-3.));
#5429 = VECTOR('',#5430,1.);
#5430 = DIRECTION('',(0.57735026919,-0.57735026919,0.57735026919));
#5431 = ORIENTED_EDGE('',*,*,#5432,.T.);
#5432 = EDGE_CURVE('',#5425,#5433,#5435,.T.);
#5433 = VERTEX_POINT('',#5434);
#5434 = CARTESIAN_POINT('',(-0.16,-5.24,-3.));
#5435 = LINE('',#5436,#5437);
#5436 = CARTESIAN_POINT('',(0.32,-5.24,-3.));
#5437 = VECTOR('',#5438,1.);
#5438 = DIRECTION('',(-1.,0.,0.));
#5439 = ORIENTED_EDGE('',*,*,#5440,.T.);
#5440 = EDGE_CURVE('',#5433,#4741,#5441,.T.);
#5441 = LINE('',#5442,#5443);
#5442 = CARTESIAN_POINT('',(-5.333333333333E-02,-5.133333333333,
    -3.106666666667));
#5443 = VECTOR('',#5444,1.);
#5444 = DIRECTION('',(-0.57735026919,-0.57735026919,0.57735026919));
#5445 = ORIENTED_EDGE('',*,*,#4740,.F.);
#5446 = PLANE('',#5447);
#5447 = AXIS2_PLACEMENT_3D('',#5448,#5449,#5450);
#5448 = CARTESIAN_POINT('',(0.32,-5.32,-2.92));
#5449 = DIRECTION('',(1.735167508357E-18,0.707106781187,0.707106781187)
  );
#5450 = DIRECTION('',(-1.,1.226948711654E-18,1.226948711654E-18));
#5451 = ADVANCED_FACE('',(#5452),#5463,.T.);
#5452 = FACE_BOUND('',#5453,.T.);
#5453 = EDGE_LOOP('',(#5454,#5455,#5456,#5457));
#5454 = ORIENTED_EDGE('',*,*,#4878,.F.);
#5455 = ORIENTED_EDGE('',*,*,#4779,.T.);
#5456 = ORIENTED_EDGE('',*,*,#4812,.T.);
#5457 = ORIENTED_EDGE('',*,*,#5458,.F.);
#5458 = EDGE_CURVE('',#4879,#4813,#5459,.T.);
#5459 = LINE('',#5460,#5461);
#5460 = CARTESIAN_POINT('',(0.32,-2.22,-2.84));
#5461 = VECTOR('',#5462,1.);
#5462 = DIRECTION('',(0.,-1.,0.));
#5463 = PLANE('',#5464);
#5464 = AXIS2_PLACEMENT_3D('',#5465,#5466,#5467);
#5465 = CARTESIAN_POINT('',(0.32,-2.22,0.95));
#5466 = DIRECTION('',(1.,0.,0.));
#5467 = DIRECTION('',(0.,0.,-1.));
#5468 = ADVANCED_FACE('',(#5469),#5480,.T.);
#5469 = FACE_BOUND('',#5470,.T.);
#5470 = EDGE_LOOP('',(#5471,#5477,#5478,#5479));
#5471 = ORIENTED_EDGE('',*,*,#5472,.T.);
#5472 = EDGE_CURVE('',#4867,#4794,#5473,.T.);
#5473 = LINE('',#5474,#5475);
#5474 = CARTESIAN_POINT('',(-0.32,-2.22,0.95));
#5475 = VECTOR('',#5476,1.);
#5476 = DIRECTION('',(0.,-1.,0.));
#5477 = ORIENTED_EDGE('',*,*,#4793,.T.);
#5478 = ORIENTED_EDGE('',*,*,#4850,.F.);
#5479 = ORIENTED_EDGE('',*,*,#4866,.F.);
#5480 = CYLINDRICAL_SURFACE('',#5481,0.64);
#5481 = AXIS2_PLACEMENT_3D('',#5482,#5483,#5484);
#5482 = CARTESIAN_POINT('',(0.32,-2.22,0.95));
#5483 = DIRECTION('',(0.,-1.,0.));
#5484 = DIRECTION('',(-1.,0.,0.));
#5485 = ADVANCED_FACE('',(#5486),#5497,.T.);
#5486 = FACE_BOUND('',#5487,.T.);
#5487 = EDGE_LOOP('',(#5488,#5489,#5495,#5496));
#5488 = ORIENTED_EDGE('',*,*,#4894,.F.);
#5489 = ORIENTED_EDGE('',*,*,#5490,.T.);
#5490 = EDGE_CURVE('',#4887,#4821,#5491,.T.);
#5491 = LINE('',#5492,#5493);
#5492 = CARTESIAN_POINT('',(-0.32,-2.22,-2.84));
#5493 = VECTOR('',#5494,1.);
#5494 = DIRECTION('',(0.,-1.,0.));
#5495 = ORIENTED_EDGE('',*,*,#4828,.T.);
#5496 = ORIENTED_EDGE('',*,*,#5472,.F.);
#5497 = PLANE('',#5498);
#5498 = AXIS2_PLACEMENT_3D('',#5499,#5500,#5501);
#5499 = CARTESIAN_POINT('',(-0.32,-2.22,-3.));
#5500 = DIRECTION('',(-1.,0.,0.));
#5501 = DIRECTION('',(0.,0.,1.));
#5502 = ADVANCED_FACE('',(#5503),#5528,.F.);
#5503 = FACE_BOUND('',#5504,.F.);
#5504 = EDGE_LOOP('',(#5505,#5513,#5521,#5527));
#5505 = ORIENTED_EDGE('',*,*,#5506,.F.);
#5506 = EDGE_CURVE('',#5507,#4813,#5509,.T.);
#5507 = VERTEX_POINT('',#5508);
#5508 = CARTESIAN_POINT('',(0.16,-2.7,-3.));
#5509 = LINE('',#5510,#5511);
#5510 = CARTESIAN_POINT('',(0.16,-2.7,-3.));
#5511 = VECTOR('',#5512,1.);
#5512 = DIRECTION('',(0.57735026919,-0.57735026919,0.57735026919));
#5513 = ORIENTED_EDGE('',*,*,#5514,.T.);
#5514 = EDGE_CURVE('',#5507,#5515,#5517,.T.);
#5515 = VERTEX_POINT('',#5516);
#5516 = CARTESIAN_POINT('',(-0.16,-2.7,-3.));
#5517 = LINE('',#5518,#5519);
#5518 = CARTESIAN_POINT('',(0.32,-2.7,-3.));
#5519 = VECTOR('',#5520,1.);
#5520 = DIRECTION('',(-1.,0.,0.));
#5521 = ORIENTED_EDGE('',*,*,#5522,.T.);
#5522 = EDGE_CURVE('',#5515,#4821,#5523,.T.);
#5523 = LINE('',#5524,#5525);
#5524 = CARTESIAN_POINT('',(-5.333333333333E-02,-2.593333333333,
    -3.106666666667));
#5525 = VECTOR('',#5526,1.);
#5526 = DIRECTION('',(-0.57735026919,-0.57735026919,0.57735026919));
#5527 = ORIENTED_EDGE('',*,*,#4820,.F.);
#5528 = PLANE('',#5529);
#5529 = AXIS2_PLACEMENT_3D('',#5530,#5531,#5532);
#5530 = CARTESIAN_POINT('',(0.32,-2.78,-2.92));
#5531 = DIRECTION('',(1.735167508357E-18,0.707106781187,0.707106781187)
  );
#5532 = DIRECTION('',(-1.,1.226948711654E-18,1.226948711654E-18));
#5533 = ADVANCED_FACE('',(#5534),#5559,.T.);
#5534 = FACE_BOUND('',#5535,.F.);
#5535 = EDGE_LOOP('',(#5536,#5544,#5545,#5553));
#5536 = ORIENTED_EDGE('',*,*,#5537,.T.);
#5537 = EDGE_CURVE('',#5538,#4879,#5540,.T.);
#5538 = VERTEX_POINT('',#5539);
#5539 = CARTESIAN_POINT('',(0.16,-2.38,-3.));
#5540 = LINE('',#5541,#5542);
#5541 = CARTESIAN_POINT('',(0.266666666667,-2.273333333333,
    -2.893333333333));
#5542 = VECTOR('',#5543,1.);
#5543 = DIRECTION('',(0.57735026919,0.57735026919,0.57735026919));
#5544 = ORIENTED_EDGE('',*,*,#4886,.T.);
#5545 = ORIENTED_EDGE('',*,*,#5546,.T.);
#5546 = EDGE_CURVE('',#4887,#5547,#5549,.T.);
#5547 = VERTEX_POINT('',#5548);
#5548 = CARTESIAN_POINT('',(-0.16,-2.38,-3.));
#5549 = LINE('',#5550,#5551);
#5550 = CARTESIAN_POINT('',(-0.16,-2.38,-3.));
#5551 = VECTOR('',#5552,1.);
#5552 = DIRECTION('',(0.57735026919,-0.57735026919,-0.57735026919));
#5553 = ORIENTED_EDGE('',*,*,#5554,.F.);
#5554 = EDGE_CURVE('',#5538,#5547,#5555,.T.);
#5555 = LINE('',#5556,#5557);
#5556 = CARTESIAN_POINT('',(0.32,-2.38,-3.));
#5557 = VECTOR('',#5558,1.);
#5558 = DIRECTION('',(-1.,0.,0.));
#5559 = PLANE('',#5560);
#5560 = AXIS2_PLACEMENT_3D('',#5561,#5562,#5563);
#5561 = CARTESIAN_POINT('',(0.32,-2.3,-2.92));
#5562 = DIRECTION('',(-1.735167508357E-18,0.707106781187,-0.707106781187
    ));
#5563 = DIRECTION('',(1.,1.226948711654E-18,-1.226948711654E-18));
#5564 = ADVANCED_FACE('',(#5565),#5576,.T.);
#5565 = FACE_BOUND('',#5566,.T.);
#5566 = EDGE_LOOP('',(#5567,#5568,#5569,#5570));
#5567 = ORIENTED_EDGE('',*,*,#5024,.F.);
#5568 = ORIENTED_EDGE('',*,*,#4925,.T.);
#5569 = ORIENTED_EDGE('',*,*,#4958,.T.);
#5570 = ORIENTED_EDGE('',*,*,#5571,.F.);
#5571 = EDGE_CURVE('',#5025,#4959,#5572,.T.);
#5572 = LINE('',#5573,#5574);
#5573 = CARTESIAN_POINT('',(0.32,0.32,-2.84));
#5574 = VECTOR('',#5575,1.);
#5575 = DIRECTION('',(0.,-1.,0.));
#5576 = PLANE('',#5577);
#5577 = AXIS2_PLACEMENT_3D('',#5578,#5579,#5580);
#5578 = CARTESIAN_POINT('',(0.32,0.32,0.95));
#5579 = DIRECTION('',(1.,0.,0.));
#5580 = DIRECTION('',(0.,0.,-1.));
#5581 = ADVANCED_FACE('',(#5582),#5593,.T.);
#5582 = FACE_BOUND('',#5583,.T.);
#5583 = EDGE_LOOP('',(#5584,#5590,#5591,#5592));
#5584 = ORIENTED_EDGE('',*,*,#5585,.T.);
#5585 = EDGE_CURVE('',#5013,#4940,#5586,.T.);
#5586 = LINE('',#5587,#5588);
#5587 = CARTESIAN_POINT('',(-0.32,0.32,0.95));
#5588 = VECTOR('',#5589,1.);
#5589 = DIRECTION('',(0.,-1.,0.));
#5590 = ORIENTED_EDGE('',*,*,#4939,.T.);
#5591 = ORIENTED_EDGE('',*,*,#4996,.F.);
#5592 = ORIENTED_EDGE('',*,*,#5012,.F.);
#5593 = CYLINDRICAL_SURFACE('',#5594,0.64);
#5594 = AXIS2_PLACEMENT_3D('',#5595,#5596,#5597);
#5595 = CARTESIAN_POINT('',(0.32,0.32,0.95));
#5596 = DIRECTION('',(0.,-1.,0.));
#5597 = DIRECTION('',(-1.,0.,0.));
#5598 = ADVANCED_FACE('',(#5599),#5610,.T.);
#5599 = FACE_BOUND('',#5600,.T.);
#5600 = EDGE_LOOP('',(#5601,#5602,#5608,#5609));
#5601 = ORIENTED_EDGE('',*,*,#5040,.F.);
#5602 = ORIENTED_EDGE('',*,*,#5603,.T.);
#5603 = EDGE_CURVE('',#5033,#4967,#5604,.T.);
#5604 = LINE('',#5605,#5606);
#5605 = CARTESIAN_POINT('',(-0.32,0.32,-2.84));
#5606 = VECTOR('',#5607,1.);
#5607 = DIRECTION('',(0.,-1.,0.));
#5608 = ORIENTED_EDGE('',*,*,#4974,.T.);
#5609 = ORIENTED_EDGE('',*,*,#5585,.F.);
#5610 = PLANE('',#5611);
#5611 = AXIS2_PLACEMENT_3D('',#5612,#5613,#5614);
#5612 = CARTESIAN_POINT('',(-0.32,0.32,-3.));
#5613 = DIRECTION('',(-1.,0.,0.));
#5614 = DIRECTION('',(0.,0.,1.));
#5615 = ADVANCED_FACE('',(#5616),#5641,.F.);
#5616 = FACE_BOUND('',#5617,.F.);
#5617 = EDGE_LOOP('',(#5618,#5626,#5634,#5640));
#5618 = ORIENTED_EDGE('',*,*,#5619,.F.);
#5619 = EDGE_CURVE('',#5620,#4959,#5622,.T.);
#5620 = VERTEX_POINT('',#5621);
#5621 = CARTESIAN_POINT('',(0.16,-0.16,-3.));
#5622 = LINE('',#5623,#5624);
#5623 = CARTESIAN_POINT('',(0.16,-0.16,-3.));
#5624 = VECTOR('',#5625,1.);
#5625 = DIRECTION('',(0.57735026919,-0.57735026919,0.57735026919));
#5626 = ORIENTED_EDGE('',*,*,#5627,.T.);
#5627 = EDGE_CURVE('',#5620,#5628,#5630,.T.);
#5628 = VERTEX_POINT('',#5629);
#5629 = CARTESIAN_POINT('',(-0.16,-0.16,-3.));
#5630 = LINE('',#5631,#5632);
#5631 = CARTESIAN_POINT('',(0.32,-0.16,-3.));
#5632 = VECTOR('',#5633,1.);
#5633 = DIRECTION('',(-1.,0.,0.));
#5634 = ORIENTED_EDGE('',*,*,#5635,.T.);
#5635 = EDGE_CURVE('',#5628,#4967,#5636,.T.);
#5636 = LINE('',#5637,#5638);
#5637 = CARTESIAN_POINT('',(-5.333333333333E-02,-5.333333333333E-02,
    -3.106666666667));
#5638 = VECTOR('',#5639,1.);
#5639 = DIRECTION('',(-0.57735026919,-0.57735026919,0.57735026919));
#5640 = ORIENTED_EDGE('',*,*,#4966,.F.);
#5641 = PLANE('',#5642);
#5642 = AXIS2_PLACEMENT_3D('',#5643,#5644,#5645);
#5643 = CARTESIAN_POINT('',(0.32,-0.24,-2.92));
#5644 = DIRECTION('',(1.735167508357E-18,0.707106781187,0.707106781187)
  );
#5645 = DIRECTION('',(-1.,1.226948711654E-18,1.226948711654E-18));
#5646 = ADVANCED_FACE('',(#5647),#5672,.T.);
#5647 = FACE_BOUND('',#5648,.F.);
#5648 = EDGE_LOOP('',(#5649,#5657,#5658,#5666));
#5649 = ORIENTED_EDGE('',*,*,#5650,.T.);
#5650 = EDGE_CURVE('',#5651,#5025,#5653,.T.);
#5651 = VERTEX_POINT('',#5652);
#5652 = CARTESIAN_POINT('',(0.16,0.16,-3.));
#5653 = LINE('',#5654,#5655);
#5654 = CARTESIAN_POINT('',(0.266666666667,0.266666666667,
    -2.893333333333));
#5655 = VECTOR('',#5656,1.);
#5656 = DIRECTION('',(0.57735026919,0.57735026919,0.57735026919));
#5657 = ORIENTED_EDGE('',*,*,#5032,.T.);
#5658 = ORIENTED_EDGE('',*,*,#5659,.T.);
#5659 = EDGE_CURVE('',#5033,#5660,#5662,.T.);
#5660 = VERTEX_POINT('',#5661);
#5661 = CARTESIAN_POINT('',(-0.16,0.16,-3.));
#5662 = LINE('',#5663,#5664);
#5663 = CARTESIAN_POINT('',(-0.16,0.16,-3.));
#5664 = VECTOR('',#5665,1.);
#5665 = DIRECTION('',(0.57735026919,-0.57735026919,-0.57735026919));
#5666 = ORIENTED_EDGE('',*,*,#5667,.F.);
#5667 = EDGE_CURVE('',#5651,#5660,#5668,.T.);
#5668 = LINE('',#5669,#5670);
#5669 = CARTESIAN_POINT('',(0.32,0.16,-3.));
#5670 = VECTOR('',#5671,1.);
#5671 = DIRECTION('',(-1.,0.,0.));
#5672 = PLANE('',#5673);
#5673 = AXIS2_PLACEMENT_3D('',#5674,#5675,#5676);
#5674 = CARTESIAN_POINT('',(0.32,0.24,-2.92));
#5675 = DIRECTION('',(-1.735167508357E-18,0.707106781187,-0.707106781187
    ));
#5676 = DIRECTION('',(1.,1.226948711654E-18,-1.226948711654E-18));
#5677 = ADVANCED_FACE('',(#5678),#5703,.T.);
#5678 = FACE_BOUND('',#5679,.T.);
#5679 = EDGE_LOOP('',(#5680,#5688,#5689,#5697));
#5680 = ORIENTED_EDGE('',*,*,#5681,.F.);
#5681 = EDGE_CURVE('',#5055,#5682,#5684,.T.);
#5682 = VERTEX_POINT('',#5683);
#5683 = CARTESIAN_POINT('',(10.04,-4.92,1.43));
#5684 = LINE('',#5685,#5686);
#5685 = CARTESIAN_POINT('',(9.933333333333,-4.813333333333,
    1.536666666667));
#5686 = VECTOR('',#5687,1.);
#5687 = DIRECTION('',(0.57735026919,-0.57735026919,-0.57735026919));
#5688 = ORIENTED_EDGE('',*,*,#5071,.T.);
#5689 = ORIENTED_EDGE('',*,*,#5690,.T.);
#5690 = EDGE_CURVE('',#5064,#5691,#5693,.T.);
#5691 = VERTEX_POINT('',#5692);
#5692 = CARTESIAN_POINT('',(10.04,-5.24,1.43));
#5693 = LINE('',#5694,#5695);
#5694 = CARTESIAN_POINT('',(10.04,-5.24,1.43));
#5695 = VECTOR('',#5696,1.);
#5696 = DIRECTION('',(0.57735026919,0.57735026919,-0.57735026919));
#5697 = ORIENTED_EDGE('',*,*,#5698,.F.);
#5698 = EDGE_CURVE('',#5682,#5691,#5699,.T.);
#5699 = LINE('',#5700,#5701);
#5700 = CARTESIAN_POINT('',(10.04,-4.76,1.43));
#5701 = VECTOR('',#5702,1.);
#5702 = DIRECTION('',(0.,-1.,0.));
#5703 = PLANE('',#5704);
#5704 = AXIS2_PLACEMENT_3D('',#5705,#5706,#5707);
#5705 = CARTESIAN_POINT('',(9.96,-4.76,1.51));
#5706 = DIRECTION('',(0.707106781187,-1.735167508357E-18,0.707106781187)
  );
#5707 = DIRECTION('',(-1.226948711654E-18,-1.,-1.226948711654E-18));
#5708 = ADVANCED_FACE('',(#5709),#5727,.T.);
#5709 = FACE_BOUND('',#5710,.F.);
#5710 = EDGE_LOOP('',(#5711,#5712,#5713,#5721));
#5711 = ORIENTED_EDGE('',*,*,#5681,.F.);
#5712 = ORIENTED_EDGE('',*,*,#5087,.T.);
#5713 = ORIENTED_EDGE('',*,*,#5714,.T.);
#5714 = EDGE_CURVE('',#5088,#5715,#5717,.T.);
#5715 = VERTEX_POINT('',#5716);
#5716 = CARTESIAN_POINT('',(10.04,-4.92,1.11));
#5717 = LINE('',#5718,#5719);
#5718 = CARTESIAN_POINT('',(10.04,-4.92,1.11));
#5719 = VECTOR('',#5720,1.);
#5720 = DIRECTION('',(0.57735026919,-0.57735026919,0.57735026919));
#5721 = ORIENTED_EDGE('',*,*,#5722,.F.);
#5722 = EDGE_CURVE('',#5682,#5715,#5723,.T.);
#5723 = LINE('',#5724,#5725);
#5724 = CARTESIAN_POINT('',(10.04,-4.92,1.59));
#5725 = VECTOR('',#5726,1.);
#5726 = DIRECTION('',(0.,0.,-1.));
#5727 = PLANE('',#5728);
#5728 = AXIS2_PLACEMENT_3D('',#5729,#5730,#5731);
#5729 = CARTESIAN_POINT('',(9.96,-4.84,1.59));
#5730 = DIRECTION('',(0.707106781187,0.707106781187,-1.735167508357E-18)
  );
#5731 = DIRECTION('',(1.226948711654E-18,1.226948711654E-18,1.));
#5732 = ADVANCED_FACE('',(#5733),#5751,.T.);
#5733 = FACE_BOUND('',#5734,.F.);
#5734 = EDGE_LOOP('',(#5735,#5736,#5737,#5745));
#5735 = ORIENTED_EDGE('',*,*,#5714,.F.);
#5736 = ORIENTED_EDGE('',*,*,#5110,.T.);
#5737 = ORIENTED_EDGE('',*,*,#5738,.T.);
#5738 = EDGE_CURVE('',#5111,#5739,#5741,.T.);
#5739 = VERTEX_POINT('',#5740);
#5740 = CARTESIAN_POINT('',(10.04,-5.24,1.11));
#5741 = LINE('',#5742,#5743);
#5742 = CARTESIAN_POINT('',(10.146666666667,-5.133333333333,
    1.216666666667));
#5743 = VECTOR('',#5744,1.);
#5744 = DIRECTION('',(0.57735026919,0.57735026919,0.57735026919));
#5745 = ORIENTED_EDGE('',*,*,#5746,.F.);
#5746 = EDGE_CURVE('',#5715,#5739,#5747,.T.);
#5747 = LINE('',#5748,#5749);
#5748 = CARTESIAN_POINT('',(10.04,-4.76,1.11));
#5749 = VECTOR('',#5750,1.);
#5750 = DIRECTION('',(0.,-1.,0.));
#5751 = PLANE('',#5752);
#5752 = AXIS2_PLACEMENT_3D('',#5753,#5754,#5755);
#5753 = CARTESIAN_POINT('',(9.96,-4.76,1.03));
#5754 = DIRECTION('',(0.707106781187,0.,-0.707106781187));
#5755 = DIRECTION('',(0.,1.,0.));
#5756 = ADVANCED_FACE('',(#5757),#5768,.F.);
#5757 = FACE_BOUND('',#5758,.T.);
#5758 = EDGE_LOOP('',(#5759,#5760,#5761,#5762));
#5759 = ORIENTED_EDGE('',*,*,#5690,.F.);
#5760 = ORIENTED_EDGE('',*,*,#5135,.T.);
#5761 = ORIENTED_EDGE('',*,*,#5738,.T.);
#5762 = ORIENTED_EDGE('',*,*,#5763,.F.);
#5763 = EDGE_CURVE('',#5691,#5739,#5764,.T.);
#5764 = LINE('',#5765,#5766);
#5765 = CARTESIAN_POINT('',(10.04,-5.24,1.59));
#5766 = VECTOR('',#5767,1.);
#5767 = DIRECTION('',(0.,0.,-1.));
#5768 = PLANE('',#5769);
#5769 = AXIS2_PLACEMENT_3D('',#5770,#5771,#5772);
#5770 = CARTESIAN_POINT('',(9.96,-5.32,1.59));
#5771 = DIRECTION('',(-0.707106781187,0.707106781187,1.735167508357E-18)
  );
#5772 = DIRECTION('',(1.226948711654E-18,-1.226948711654E-18,1.));
#5773 = ADVANCED_FACE('',(#5774),#5799,.T.);
#5774 = FACE_BOUND('',#5775,.F.);
#5775 = EDGE_LOOP('',(#5776,#5784,#5785,#5793));
#5776 = ORIENTED_EDGE('',*,*,#5777,.F.);
#5777 = EDGE_CURVE('',#5151,#5778,#5780,.T.);
#5778 = VERTEX_POINT('',#5779);
#5779 = CARTESIAN_POINT('',(10.04,-2.38,1.11));
#5780 = LINE('',#5781,#5782);
#5781 = CARTESIAN_POINT('',(10.04,-2.38,1.11));
#5782 = VECTOR('',#5783,1.);
#5783 = DIRECTION('',(0.57735026919,-0.57735026919,0.57735026919));
#5784 = ORIENTED_EDGE('',*,*,#5158,.T.);
#5785 = ORIENTED_EDGE('',*,*,#5786,.T.);
#5786 = EDGE_CURVE('',#5159,#5787,#5789,.T.);
#5787 = VERTEX_POINT('',#5788);
#5788 = CARTESIAN_POINT('',(10.04,-2.7,1.11));
#5789 = LINE('',#5790,#5791);
#5790 = CARTESIAN_POINT('',(10.146666666667,-2.593333333333,
    1.216666666667));
#5791 = VECTOR('',#5792,1.);
#5792 = DIRECTION('',(0.57735026919,0.57735026919,0.57735026919));
#5793 = ORIENTED_EDGE('',*,*,#5794,.F.);
#5794 = EDGE_CURVE('',#5778,#5787,#5795,.T.);
#5795 = LINE('',#5796,#5797);
#5796 = CARTESIAN_POINT('',(10.04,-2.22,1.11));
#5797 = VECTOR('',#5798,1.);
#5798 = DIRECTION('',(0.,-1.,0.));
#5799 = PLANE('',#5800);
#5800 = AXIS2_PLACEMENT_3D('',#5801,#5802,#5803);
#5801 = CARTESIAN_POINT('',(9.96,-2.22,1.03));
#5802 = DIRECTION('',(0.707106781187,0.,-0.707106781187));
#5803 = DIRECTION('',(0.,1.,0.));
#5804 = ADVANCED_FACE('',(#5805),#5823,.F.);
#5805 = FACE_BOUND('',#5806,.T.);
#5806 = EDGE_LOOP('',(#5807,#5815,#5816,#5817));
#5807 = ORIENTED_EDGE('',*,*,#5808,.F.);
#5808 = EDGE_CURVE('',#5183,#5809,#5811,.T.);
#5809 = VERTEX_POINT('',#5810);
#5810 = CARTESIAN_POINT('',(10.04,-2.7,1.43));
#5811 = LINE('',#5812,#5813);
#5812 = CARTESIAN_POINT('',(10.04,-2.7,1.43));
#5813 = VECTOR('',#5814,1.);
#5814 = DIRECTION('',(0.57735026919,0.57735026919,-0.57735026919));
#5815 = ORIENTED_EDGE('',*,*,#5190,.T.);
#5816 = ORIENTED_EDGE('',*,*,#5786,.T.);
#5817 = ORIENTED_EDGE('',*,*,#5818,.F.);
#5818 = EDGE_CURVE('',#5809,#5787,#5819,.T.);
#5819 = LINE('',#5820,#5821);
#5820 = CARTESIAN_POINT('',(10.04,-2.7,1.59));
#5821 = VECTOR('',#5822,1.);
#5822 = DIRECTION('',(0.,0.,-1.));
#5823 = PLANE('',#5824);
#5824 = AXIS2_PLACEMENT_3D('',#5825,#5826,#5827);
#5825 = CARTESIAN_POINT('',(9.96,-2.78,1.59));
#5826 = DIRECTION('',(-0.707106781187,0.707106781187,1.735167508357E-18)
  );
#5827 = DIRECTION('',(1.226948711654E-18,-1.226948711654E-18,1.));
#5828 = ADVANCED_FACE('',(#5829),#5847,.T.);
#5829 = FACE_BOUND('',#5830,.T.);
#5830 = EDGE_LOOP('',(#5831,#5839,#5840,#5841));
#5831 = ORIENTED_EDGE('',*,*,#5832,.F.);
#5832 = EDGE_CURVE('',#5206,#5833,#5835,.T.);
#5833 = VERTEX_POINT('',#5834);
#5834 = CARTESIAN_POINT('',(10.04,-2.38,1.43));
#5835 = LINE('',#5836,#5837);
#5836 = CARTESIAN_POINT('',(9.933333333333,-2.273333333333,
    1.536666666667));
#5837 = VECTOR('',#5838,1.);
#5838 = DIRECTION('',(0.57735026919,-0.57735026919,-0.57735026919));
#5839 = ORIENTED_EDGE('',*,*,#5215,.T.);
#5840 = ORIENTED_EDGE('',*,*,#5808,.T.);
#5841 = ORIENTED_EDGE('',*,*,#5842,.F.);
#5842 = EDGE_CURVE('',#5833,#5809,#5843,.T.);
#5843 = LINE('',#5844,#5845);
#5844 = CARTESIAN_POINT('',(10.04,-2.22,1.43));
#5845 = VECTOR('',#5846,1.);
#5846 = DIRECTION('',(0.,-1.,0.));
#5847 = PLANE('',#5848);
#5848 = AXIS2_PLACEMENT_3D('',#5849,#5850,#5851);
#5849 = CARTESIAN_POINT('',(9.96,-2.22,1.51));
#5850 = DIRECTION('',(0.707106781187,-1.735167508357E-18,0.707106781187)
  );
#5851 = DIRECTION('',(-1.226948711654E-18,-1.,-1.226948711654E-18));
#5852 = ADVANCED_FACE('',(#5853),#5864,.T.);
#5853 = FACE_BOUND('',#5854,.F.);
#5854 = EDGE_LOOP('',(#5855,#5856,#5857,#5858));
#5855 = ORIENTED_EDGE('',*,*,#5832,.F.);
#5856 = ORIENTED_EDGE('',*,*,#5231,.T.);
#5857 = ORIENTED_EDGE('',*,*,#5777,.T.);
#5858 = ORIENTED_EDGE('',*,*,#5859,.F.);
#5859 = EDGE_CURVE('',#5833,#5778,#5860,.T.);
#5860 = LINE('',#5861,#5862);
#5861 = CARTESIAN_POINT('',(10.04,-2.38,1.59));
#5862 = VECTOR('',#5863,1.);
#5863 = DIRECTION('',(0.,0.,-1.));
#5864 = PLANE('',#5865);
#5865 = AXIS2_PLACEMENT_3D('',#5866,#5867,#5868);
#5866 = CARTESIAN_POINT('',(9.96,-2.3,1.59));
#5867 = DIRECTION('',(0.707106781187,0.707106781187,-1.735167508357E-18)
  );
#5868 = DIRECTION('',(1.226948711654E-18,1.226948711654E-18,1.));
#5869 = ADVANCED_FACE('',(#5870),#5895,.T.);
#5870 = FACE_BOUND('',#5871,.F.);
#5871 = EDGE_LOOP('',(#5872,#5880,#5881,#5889));
#5872 = ORIENTED_EDGE('',*,*,#5873,.F.);
#5873 = EDGE_CURVE('',#5247,#5874,#5876,.T.);
#5874 = VERTEX_POINT('',#5875);
#5875 = CARTESIAN_POINT('',(10.04,0.16,1.11));
#5876 = LINE('',#5877,#5878);
#5877 = CARTESIAN_POINT('',(10.04,0.16,1.11));
#5878 = VECTOR('',#5879,1.);
#5879 = DIRECTION('',(0.57735026919,-0.57735026919,0.57735026919));
#5880 = ORIENTED_EDGE('',*,*,#5254,.T.);
#5881 = ORIENTED_EDGE('',*,*,#5882,.T.);
#5882 = EDGE_CURVE('',#5255,#5883,#5885,.T.);
#5883 = VERTEX_POINT('',#5884);
#5884 = CARTESIAN_POINT('',(10.04,-0.16,1.11));
#5885 = LINE('',#5886,#5887);
#5886 = CARTESIAN_POINT('',(10.146666666667,-5.333333333333E-02,
    1.216666666667));
#5887 = VECTOR('',#5888,1.);
#5888 = DIRECTION('',(0.57735026919,0.57735026919,0.57735026919));
#5889 = ORIENTED_EDGE('',*,*,#5890,.F.);
#5890 = EDGE_CURVE('',#5874,#5883,#5891,.T.);
#5891 = LINE('',#5892,#5893);
#5892 = CARTESIAN_POINT('',(10.04,0.32,1.11));
#5893 = VECTOR('',#5894,1.);
#5894 = DIRECTION('',(0.,-1.,0.));
#5895 = PLANE('',#5896);
#5896 = AXIS2_PLACEMENT_3D('',#5897,#5898,#5899);
#5897 = CARTESIAN_POINT('',(9.96,0.32,1.03));
#5898 = DIRECTION('',(0.707106781187,0.,-0.707106781187));
#5899 = DIRECTION('',(0.,1.,0.));
#5900 = ADVANCED_FACE('',(#5901),#5919,.F.);
#5901 = FACE_BOUND('',#5902,.T.);
#5902 = EDGE_LOOP('',(#5903,#5911,#5912,#5913));
#5903 = ORIENTED_EDGE('',*,*,#5904,.F.);
#5904 = EDGE_CURVE('',#5279,#5905,#5907,.T.);
#5905 = VERTEX_POINT('',#5906);
#5906 = CARTESIAN_POINT('',(10.04,-0.16,1.43));
#5907 = LINE('',#5908,#5909);
#5908 = CARTESIAN_POINT('',(10.04,-0.16,1.43));
#5909 = VECTOR('',#5910,1.);
#5910 = DIRECTION('',(0.57735026919,0.57735026919,-0.57735026919));
#5911 = ORIENTED_EDGE('',*,*,#5286,.T.);
#5912 = ORIENTED_EDGE('',*,*,#5882,.T.);
#5913 = ORIENTED_EDGE('',*,*,#5914,.F.);
#5914 = EDGE_CURVE('',#5905,#5883,#5915,.T.);
#5915 = LINE('',#5916,#5917);
#5916 = CARTESIAN_POINT('',(10.04,-0.16,1.59));
#5917 = VECTOR('',#5918,1.);
#5918 = DIRECTION('',(0.,0.,-1.));
#5919 = PLANE('',#5920);
#5920 = AXIS2_PLACEMENT_3D('',#5921,#5922,#5923);
#5921 = CARTESIAN_POINT('',(9.96,-0.24,1.59));
#5922 = DIRECTION('',(-0.707106781187,0.707106781187,1.735167508357E-18)
  );
#5923 = DIRECTION('',(1.226948711654E-18,-1.226948711654E-18,1.));
#5924 = ADVANCED_FACE('',(#5925),#5943,.T.);
#5925 = FACE_BOUND('',#5926,.T.);
#5926 = EDGE_LOOP('',(#5927,#5935,#5936,#5937));
#5927 = ORIENTED_EDGE('',*,*,#5928,.F.);
#5928 = EDGE_CURVE('',#5302,#5929,#5931,.T.);
#5929 = VERTEX_POINT('',#5930);
#5930 = CARTESIAN_POINT('',(10.04,0.16,1.43));
#5931 = LINE('',#5932,#5933);
#5932 = CARTESIAN_POINT('',(9.933333333333,0.266666666667,1.536666666667
    ));
#5933 = VECTOR('',#5934,1.);
#5934 = DIRECTION('',(0.57735026919,-0.57735026919,-0.57735026919));
#5935 = ORIENTED_EDGE('',*,*,#5311,.T.);
#5936 = ORIENTED_EDGE('',*,*,#5904,.T.);
#5937 = ORIENTED_EDGE('',*,*,#5938,.F.);
#5938 = EDGE_CURVE('',#5929,#5905,#5939,.T.);
#5939 = LINE('',#5940,#5941);
#5940 = CARTESIAN_POINT('',(10.04,0.32,1.43));
#5941 = VECTOR('',#5942,1.);
#5942 = DIRECTION('',(0.,-1.,0.));
#5943 = PLANE('',#5944);
#5944 = AXIS2_PLACEMENT_3D('',#5945,#5946,#5947);
#5945 = CARTESIAN_POINT('',(9.96,0.32,1.51));
#5946 = DIRECTION('',(0.707106781187,-1.735167508357E-18,0.707106781187)
  );
#5947 = DIRECTION('',(-1.226948711654E-18,-1.,-1.226948711654E-18));
#5948 = ADVANCED_FACE('',(#5949),#5960,.T.);
#5949 = FACE_BOUND('',#5950,.F.);
#5950 = EDGE_LOOP('',(#5951,#5952,#5953,#5954));
#5951 = ORIENTED_EDGE('',*,*,#5928,.F.);
#5952 = ORIENTED_EDGE('',*,*,#5327,.T.);
#5953 = ORIENTED_EDGE('',*,*,#5873,.T.);
#5954 = ORIENTED_EDGE('',*,*,#5955,.F.);
#5955 = EDGE_CURVE('',#5929,#5874,#5956,.T.);
#5956 = LINE('',#5957,#5958);
#5957 = CARTESIAN_POINT('',(10.04,0.16,1.59));
#5958 = VECTOR('',#5959,1.);
#5959 = DIRECTION('',(0.,0.,-1.));
#5960 = PLANE('',#5961);
#5961 = AXIS2_PLACEMENT_3D('',#5962,#5963,#5964);
#5962 = CARTESIAN_POINT('',(9.96,0.24,1.59));
#5963 = DIRECTION('',(0.707106781187,0.707106781187,-1.735167508357E-18)
  );
#5964 = DIRECTION('',(1.226948711654E-18,1.226948711654E-18,1.));
#5965 = ADVANCED_FACE('',(#5966),#5977,.T.);
#5966 = FACE_BOUND('',#5967,.F.);
#5967 = EDGE_LOOP('',(#5968,#5969,#5970,#5971));
#5968 = ORIENTED_EDGE('',*,*,#5385,.F.);
#5969 = ORIENTED_EDGE('',*,*,#5360,.T.);
#5970 = ORIENTED_EDGE('',*,*,#5440,.F.);
#5971 = ORIENTED_EDGE('',*,*,#5972,.F.);
#5972 = EDGE_CURVE('',#5386,#5433,#5973,.T.);
#5973 = LINE('',#5974,#5975);
#5974 = CARTESIAN_POINT('',(-0.16,-4.76,-3.));
#5975 = VECTOR('',#5976,1.);
#5976 = DIRECTION('',(0.,-1.,0.));
#5977 = PLANE('',#5978);
#5978 = AXIS2_PLACEMENT_3D('',#5979,#5980,#5981);
#5979 = CARTESIAN_POINT('',(-0.24,-4.76,-2.92));
#5980 = DIRECTION('',(-0.707106781187,-1.735167508357E-18,
    -0.707106781187));
#5981 = DIRECTION('',(-1.226948711654E-18,1.,-1.226948711654E-18));
#5982 = ADVANCED_FACE('',(#5983),#5994,.T.);
#5983 = FACE_BOUND('',#5984,.F.);
#5984 = EDGE_LOOP('',(#5985,#5986,#5992,#5993));
#5985 = ORIENTED_EDGE('',*,*,#5376,.F.);
#5986 = ORIENTED_EDGE('',*,*,#5987,.T.);
#5987 = EDGE_CURVE('',#5377,#5425,#5988,.T.);
#5988 = LINE('',#5989,#5990);
#5989 = CARTESIAN_POINT('',(0.16,-4.76,-3.));
#5990 = VECTOR('',#5991,1.);
#5991 = DIRECTION('',(0.,-1.,0.));
#5992 = ORIENTED_EDGE('',*,*,#5424,.T.);
#5993 = ORIENTED_EDGE('',*,*,#5410,.F.);
#5994 = PLANE('',#5995);
#5995 = AXIS2_PLACEMENT_3D('',#5996,#5997,#5998);
#5996 = CARTESIAN_POINT('',(0.24,-4.76,-2.92));
#5997 = DIRECTION('',(0.707106781187,1.735167508357E-18,-0.707106781187)
  );
#5998 = DIRECTION('',(-1.226948711654E-18,1.,1.226948711654E-18));
#5999 = ADVANCED_FACE('',(#6000),#6006,.T.);
#6000 = FACE_BOUND('',#6001,.T.);
#6001 = EDGE_LOOP('',(#6002,#6003,#6004,#6005));
#6002 = ORIENTED_EDGE('',*,*,#5987,.T.);
#6003 = ORIENTED_EDGE('',*,*,#5432,.T.);
#6004 = ORIENTED_EDGE('',*,*,#5972,.F.);
#6005 = ORIENTED_EDGE('',*,*,#5393,.F.);
#6006 = PLANE('',#6007);
#6007 = AXIS2_PLACEMENT_3D('',#6008,#6009,#6010);
#6008 = CARTESIAN_POINT('',(0.32,-4.76,-3.));
#6009 = DIRECTION('',(-0.,-0.,-1.));
#6010 = DIRECTION('',(-1.,0.,0.));
#6011 = ADVANCED_FACE('',(#6012),#6023,.T.);
#6012 = FACE_BOUND('',#6013,.F.);
#6013 = EDGE_LOOP('',(#6014,#6015,#6021,#6022));
#6014 = ORIENTED_EDGE('',*,*,#5537,.F.);
#6015 = ORIENTED_EDGE('',*,*,#6016,.T.);
#6016 = EDGE_CURVE('',#5538,#5507,#6017,.T.);
#6017 = LINE('',#6018,#6019);
#6018 = CARTESIAN_POINT('',(0.16,-2.22,-3.));
#6019 = VECTOR('',#6020,1.);
#6020 = DIRECTION('',(0.,-1.,0.));
#6021 = ORIENTED_EDGE('',*,*,#5506,.T.);
#6022 = ORIENTED_EDGE('',*,*,#5458,.F.);
#6023 = PLANE('',#6024);
#6024 = AXIS2_PLACEMENT_3D('',#6025,#6026,#6027);
#6025 = CARTESIAN_POINT('',(0.24,-2.22,-2.92));
#6026 = DIRECTION('',(0.707106781187,1.735167508357E-18,-0.707106781187)
  );
#6027 = DIRECTION('',(-1.226948711654E-18,1.,1.226948711654E-18));
#6028 = ADVANCED_FACE('',(#6029),#6040,.T.);
#6029 = FACE_BOUND('',#6030,.F.);
#6030 = EDGE_LOOP('',(#6031,#6032,#6033,#6034));
#6031 = ORIENTED_EDGE('',*,*,#5546,.F.);
#6032 = ORIENTED_EDGE('',*,*,#5490,.T.);
#6033 = ORIENTED_EDGE('',*,*,#5522,.F.);
#6034 = ORIENTED_EDGE('',*,*,#6035,.F.);
#6035 = EDGE_CURVE('',#5547,#5515,#6036,.T.);
#6036 = LINE('',#6037,#6038);
#6037 = CARTESIAN_POINT('',(-0.16,-2.22,-3.));
#6038 = VECTOR('',#6039,1.);
#6039 = DIRECTION('',(0.,-1.,0.));
#6040 = PLANE('',#6041);
#6041 = AXIS2_PLACEMENT_3D('',#6042,#6043,#6044);
#6042 = CARTESIAN_POINT('',(-0.24,-2.22,-2.92));
#6043 = DIRECTION('',(-0.707106781187,-1.735167508357E-18,
    -0.707106781187));
#6044 = DIRECTION('',(-1.226948711654E-18,1.,-1.226948711654E-18));
#6045 = ADVANCED_FACE('',(#6046),#6052,.T.);
#6046 = FACE_BOUND('',#6047,.T.);
#6047 = EDGE_LOOP('',(#6048,#6049,#6050,#6051));
#6048 = ORIENTED_EDGE('',*,*,#6016,.T.);
#6049 = ORIENTED_EDGE('',*,*,#5514,.T.);
#6050 = ORIENTED_EDGE('',*,*,#6035,.F.);
#6051 = ORIENTED_EDGE('',*,*,#5554,.F.);
#6052 = PLANE('',#6053);
#6053 = AXIS2_PLACEMENT_3D('',#6054,#6055,#6056);
#6054 = CARTESIAN_POINT('',(0.32,-2.22,-3.));
#6055 = DIRECTION('',(-0.,-0.,-1.));
#6056 = DIRECTION('',(-1.,0.,0.));
#6057 = ADVANCED_FACE('',(#6058),#6069,.T.);
#6058 = FACE_BOUND('',#6059,.F.);
#6059 = EDGE_LOOP('',(#6060,#6061,#6067,#6068));
#6060 = ORIENTED_EDGE('',*,*,#5650,.F.);
#6061 = ORIENTED_EDGE('',*,*,#6062,.T.);
#6062 = EDGE_CURVE('',#5651,#5620,#6063,.T.);
#6063 = LINE('',#6064,#6065);
#6064 = CARTESIAN_POINT('',(0.16,0.32,-3.));
#6065 = VECTOR('',#6066,1.);
#6066 = DIRECTION('',(0.,-1.,0.));
#6067 = ORIENTED_EDGE('',*,*,#5619,.T.);
#6068 = ORIENTED_EDGE('',*,*,#5571,.F.);
#6069 = PLANE('',#6070);
#6070 = AXIS2_PLACEMENT_3D('',#6071,#6072,#6073);
#6071 = CARTESIAN_POINT('',(0.24,0.32,-2.92));
#6072 = DIRECTION('',(0.707106781187,1.735167508357E-18,-0.707106781187)
  );
#6073 = DIRECTION('',(-1.226948711654E-18,1.,1.226948711654E-18));
#6074 = ADVANCED_FACE('',(#6075),#6086,.T.);
#6075 = FACE_BOUND('',#6076,.F.);
#6076 = EDGE_LOOP('',(#6077,#6078,#6079,#6080));
#6077 = ORIENTED_EDGE('',*,*,#5659,.F.);
#6078 = ORIENTED_EDGE('',*,*,#5603,.T.);
#6079 = ORIENTED_EDGE('',*,*,#5635,.F.);
#6080 = ORIENTED_EDGE('',*,*,#6081,.F.);
#6081 = EDGE_CURVE('',#5660,#5628,#6082,.T.);
#6082 = LINE('',#6083,#6084);
#6083 = CARTESIAN_POINT('',(-0.16,0.32,-3.));
#6084 = VECTOR('',#6085,1.);
#6085 = DIRECTION('',(0.,-1.,0.));
#6086 = PLANE('',#6087);
#6087 = AXIS2_PLACEMENT_3D('',#6088,#6089,#6090);
#6088 = CARTESIAN_POINT('',(-0.24,0.32,-2.92));
#6089 = DIRECTION('',(-0.707106781187,-1.735167508357E-18,
    -0.707106781187));
#6090 = DIRECTION('',(-1.226948711654E-18,1.,-1.226948711654E-18));
#6091 = ADVANCED_FACE('',(#6092),#6098,.T.);
#6092 = FACE_BOUND('',#6093,.T.);
#6093 = EDGE_LOOP('',(#6094,#6095,#6096,#6097));
#6094 = ORIENTED_EDGE('',*,*,#6062,.T.);
#6095 = ORIENTED_EDGE('',*,*,#5627,.T.);
#6096 = ORIENTED_EDGE('',*,*,#6081,.F.);
#6097 = ORIENTED_EDGE('',*,*,#5667,.F.);
#6098 = PLANE('',#6099);
#6099 = AXIS2_PLACEMENT_3D('',#6100,#6101,#6102);
#6100 = CARTESIAN_POINT('',(0.32,0.32,-3.));
#6101 = DIRECTION('',(-0.,-0.,-1.));
#6102 = DIRECTION('',(-1.,0.,0.));
#6103 = ADVANCED_FACE('',(#6104),#6110,.T.);
#6104 = FACE_BOUND('',#6105,.T.);
#6105 = EDGE_LOOP('',(#6106,#6107,#6108,#6109));
#6106 = ORIENTED_EDGE('',*,*,#5698,.T.);
#6107 = ORIENTED_EDGE('',*,*,#5763,.T.);
#6108 = ORIENTED_EDGE('',*,*,#5746,.F.);
#6109 = ORIENTED_EDGE('',*,*,#5722,.F.);
#6110 = PLANE('',#6111);
#6111 = AXIS2_PLACEMENT_3D('',#6112,#6113,#6114);
#6112 = CARTESIAN_POINT('',(10.04,-4.76,1.59));
#6113 = DIRECTION('',(1.,0.,0.));
#6114 = DIRECTION('',(0.,0.,-1.));
#6115 = ADVANCED_FACE('',(#6116),#6122,.T.);
#6116 = FACE_BOUND('',#6117,.T.);
#6117 = EDGE_LOOP('',(#6118,#6119,#6120,#6121));
#6118 = ORIENTED_EDGE('',*,*,#5842,.T.);
#6119 = ORIENTED_EDGE('',*,*,#5818,.T.);
#6120 = ORIENTED_EDGE('',*,*,#5794,.F.);
#6121 = ORIENTED_EDGE('',*,*,#5859,.F.);
#6122 = PLANE('',#6123);
#6123 = AXIS2_PLACEMENT_3D('',#6124,#6125,#6126);
#6124 = CARTESIAN_POINT('',(10.04,-2.22,1.59));
#6125 = DIRECTION('',(1.,0.,0.));
#6126 = DIRECTION('',(0.,0.,-1.));
#6127 = ADVANCED_FACE('',(#6128),#6134,.T.);
#6128 = FACE_BOUND('',#6129,.T.);
#6129 = EDGE_LOOP('',(#6130,#6131,#6132,#6133));
#6130 = ORIENTED_EDGE('',*,*,#5938,.T.);
#6131 = ORIENTED_EDGE('',*,*,#5914,.T.);
#6132 = ORIENTED_EDGE('',*,*,#5890,.F.);
#6133 = ORIENTED_EDGE('',*,*,#5955,.F.);
#6134 = PLANE('',#6135);
#6135 = AXIS2_PLACEMENT_3D('',#6136,#6137,#6138);
#6136 = CARTESIAN_POINT('',(10.04,0.32,1.59));
#6137 = DIRECTION('',(1.,0.,0.));
#6138 = DIRECTION('',(0.,0.,-1.));
#6139 = ( GEOMETRIC_REPRESENTATION_CONTEXT(3) 
GLOBAL_UNCERTAINTY_ASSIGNED_CONTEXT((#6143)) 
GLOBAL_UNIT_ASSIGNED_CONTEXT((#6140,#6141,#6142)) REPRESENTATION_CONTEXT
('Context #1','3D Context with UNIT and UNCERTAINTY') );
#6140 = ( LENGTH_UNIT() NAMED_UNIT(*) SI_UNIT(.MILLI.,.METRE.) );
#6141 = ( NAMED_UNIT(*) PLANE_ANGLE_UNIT() SI_UNIT($,.RADIAN.) );
#6142 = ( NAMED_UNIT(*) SI_UNIT($,.STERADIAN.) SOLID_ANGLE_UNIT() );
#6143 = UNCERTAINTY_MEASURE_WITH_UNIT(LENGTH_MEASURE(1.E-07),#6140,
  'distance_accuracy_value','confusion accuracy');
#6144 = CONTEXT_DEPENDENT_SHAPE_REPRESENTATION(#6145,#6147);
#6145 = ( REPRESENTATION_RELATIONSHIP('','',#3729,#3706) 
REPRESENTATION_RELATIONSHIP_WITH_TRANSFORMATION(#6146) 
SHAPE_REPRESENTATION_RELATIONSHIP() );
#6146 = ITEM_DEFINED_TRANSFORMATION('','',#11,#3707);
#6147 = PRODUCT_DEFINITION_SHAPE('Placement','Placement of an item',
  #6148);
#6148 = NEXT_ASSEMBLY_USAGE_OCCURRENCE('15','=>[0:1:1:11]','',#3701,
  #3724,$);
#6149 = PRODUCT_RELATED_PRODUCT_CATEGORY('part',$,(#3726));
#6150 = CONTEXT_DEPENDENT_SHAPE_REPRESENTATION(#6151,#6153);
#6151 = ( REPRESENTATION_RELATIONSHIP('','',#2012,#10) 
REPRESENTATION_RELATIONSHIP_WITH_TRANSFORMATION(#6152) 
SHAPE_REPRESENTATION_RELATIONSHIP() );
#6152 = ITEM_DEFINED_TRANSFORMATION('','',#11,#59);
#6153 = PRODUCT_DEFINITION_SHAPE('Placement','Placement of an item',
  #6154);
#6154 = NEXT_ASSEMBLY_USAGE_OCCURRENCE('17','R23','',#5,#2007,$);
#6155 = CONTEXT_DEPENDENT_SHAPE_REPRESENTATION(#6156,#6158);
#6156 = ( REPRESENTATION_RELATIONSHIP('','',#2012,#10) 
REPRESENTATION_RELATIONSHIP_WITH_TRANSFORMATION(#6157) 
SHAPE_REPRESENTATION_RELATIONSHIP() );
#6157 = ITEM_DEFINED_TRANSFORMATION('','',#11,#63);
#6158 = PRODUCT_DEFINITION_SHAPE('Placement','Placement of an item',
  #6159);
#6159 = NEXT_ASSEMBLY_USAGE_OCCURRENCE('18','R13','',#5,#2007,$);
#6160 = CONTEXT_DEPENDENT_SHAPE_REPRESENTATION(#6161,#6163);
#6161 = ( REPRESENTATION_RELATIONSHIP('','',#2012,#10) 
REPRESENTATION_RELATIONSHIP_WITH_TRANSFORMATION(#6162) 
SHAPE_REPRESENTATION_RELATIONSHIP() );
#6162 = ITEM_DEFINED_TRANSFORMATION('','',#11,#67);
#6163 = PRODUCT_DEFINITION_SHAPE('Placement','Placement of an item',
  #6164);
#6164 = NEXT_ASSEMBLY_USAGE_OCCURRENCE('19','R22','',#5,#2007,$);
#6165 = SHAPE_DEFINITION_REPRESENTATION(#6166,#6172);
#6166 = PRODUCT_DEFINITION_SHAPE('','',#6167);
#6167 = PRODUCT_DEFINITION('design','',#6168,#6171);
#6168 = PRODUCT_DEFINITION_FORMATION('','',#6169);
#6169 = PRODUCT('LED_0402_1005Metric','LED_0402_1005Metric','',(#6170));
#6170 = PRODUCT_CONTEXT('',#2,'mechanical');
#6171 = PRODUCT_DEFINITION_CONTEXT('part definition',#2,'design');
#6172 = SHAPE_REPRESENTATION('',(#11,#6173),#6177);
#6173 = AXIS2_PLACEMENT_3D('',#6174,#6175,#6176);
#6174 = CARTESIAN_POINT('',(0.,0.,0.));
#6175 = DIRECTION('',(0.,0.,1.));
#6176 = DIRECTION('',(1.,0.,-0.));
#6177 = ( GEOMETRIC_REPRESENTATION_CONTEXT(3) 
GLOBAL_UNCERTAINTY_ASSIGNED_CONTEXT((#6181)) 
GLOBAL_UNIT_ASSIGNED_CONTEXT((#6178,#6179,#6180)) REPRESENTATION_CONTEXT
('Context #1','3D Context with UNIT and UNCERTAINTY') );
#6178 = ( LENGTH_UNIT() NAMED_UNIT(*) SI_UNIT(.MILLI.,.METRE.) );
#6179 = ( NAMED_UNIT(*) PLANE_ANGLE_UNIT() SI_UNIT($,.RADIAN.) );
#6180 = ( NAMED_UNIT(*) SI_UNIT($,.STERADIAN.) SOLID_ANGLE_UNIT() );
#6181 = UNCERTAINTY_MEASURE_WITH_UNIT(LENGTH_MEASURE(1.E-07),#6178,
  'distance_accuracy_value','confusion accuracy');
#6182 = CONTEXT_DEPENDENT_SHAPE_REPRESENTATION(#6183,#6185);
#6183 = ( REPRESENTATION_RELATIONSHIP('','',#6172,#10) 
REPRESENTATION_RELATIONSHIP_WITH_TRANSFORMATION(#6184) 
SHAPE_REPRESENTATION_RELATIONSHIP() );
#6184 = ITEM_DEFINED_TRANSFORMATION('','',#11,#71);
#6185 = PRODUCT_DEFINITION_SHAPE('Placement','Placement of an item',
  #6186);
#6186 = NEXT_ASSEMBLY_USAGE_OCCURRENCE('21','D2','',#5,#6167,$);
#6187 = PRODUCT_RELATED_PRODUCT_CATEGORY('part',$,(#6169));
#6188 = SHAPE_DEFINITION_REPRESENTATION(#6189,#6195);
#6189 = PRODUCT_DEFINITION_SHAPE('','',#6190);
#6190 = PRODUCT_DEFINITION('design','',#6191,#6194);
#6191 = PRODUCT_DEFINITION_FORMATION('','',#6192);
#6192 = PRODUCT('LED_0402_1005Metric','LED_0402_1005Metric','',(#6193));
#6193 = PRODUCT_CONTEXT('',#2,'mechanical');
#6194 = PRODUCT_DEFINITION_CONTEXT('part definition',#2,'design');
#6195 = ADVANCED_BREP_SHAPE_REPRESENTATION('',(#11,#6196),#7719);
#6196 = MANIFOLD_SOLID_BREP('',#6197);
#6197 = CLOSED_SHELL('',(#6198,#6238,#6285,#6364,#6388,#6428,#6459,#6476
    ,#6509,#6533,#6600,#6721,#6788,#6812,#6843,#6876,#6932,#6956,#6980,
    #7004,#7037,#7049,#7112,#7137,#7154,#7178,#7196,#7214,#7232,#7249,
    #7266,#7297,#7322,#7347,#7371,#7388,#7419,#7443,#7460,#7488,#7513,
    #7537,#7562,#7609,#7626,#7638,#7660,#7672,#7690,#7708));
#6198 = ADVANCED_FACE('',(#6199),#6233,.F.);
#6199 = FACE_BOUND('',#6200,.F.);
#6200 = EDGE_LOOP('',(#6201,#6211,#6219,#6227));
#6201 = ORIENTED_EDGE('',*,*,#6202,.T.);
#6202 = EDGE_CURVE('',#6203,#6205,#6207,.T.);
#6203 = VERTEX_POINT('',#6204);
#6204 = CARTESIAN_POINT('',(-0.35,-0.25,0.185));
#6205 = VERTEX_POINT('',#6206);
#6206 = CARTESIAN_POINT('',(-0.315,-0.25,0.5));
#6207 = LINE('',#6208,#6209);
#6208 = CARTESIAN_POINT('',(-0.35,-0.25,0.185));
#6209 = VECTOR('',#6210,1.);
#6210 = DIRECTION('',(0.110431526075,0.,0.993883734674));
#6211 = ORIENTED_EDGE('',*,*,#6212,.T.);
#6212 = EDGE_CURVE('',#6205,#6213,#6215,.T.);
#6213 = VERTEX_POINT('',#6214);
#6214 = CARTESIAN_POINT('',(0.315,-0.25,0.5));
#6215 = LINE('',#6216,#6217);
#6216 = CARTESIAN_POINT('',(-0.315,-0.25,0.5));
#6217 = VECTOR('',#6218,1.);
#6218 = DIRECTION('',(1.,0.,0.));
#6219 = ORIENTED_EDGE('',*,*,#6220,.T.);
#6220 = EDGE_CURVE('',#6213,#6221,#6223,.T.);
#6221 = VERTEX_POINT('',#6222);
#6222 = CARTESIAN_POINT('',(0.35,-0.25,0.185));
#6223 = LINE('',#6224,#6225);
#6224 = CARTESIAN_POINT('',(0.315,-0.25,0.5));
#6225 = VECTOR('',#6226,1.);
#6226 = DIRECTION('',(0.110431526075,0.,-0.993883734674));
#6227 = ORIENTED_EDGE('',*,*,#6228,.T.);
#6228 = EDGE_CURVE('',#6221,#6203,#6229,.T.);
#6229 = LINE('',#6230,#6231);
#6230 = CARTESIAN_POINT('',(0.35,-0.25,0.185));
#6231 = VECTOR('',#6232,1.);
#6232 = DIRECTION('',(-1.,0.,0.));
#6233 = PLANE('',#6234);
#6234 = AXIS2_PLACEMENT_3D('',#6235,#6236,#6237);
#6235 = CARTESIAN_POINT('',(0.,-0.25,0.336886104513));
#6236 = DIRECTION('',(0.,1.,0.));
#6237 = DIRECTION('',(0.,-0.,1.));
#6238 = ADVANCED_FACE('',(#6239),#6280,.T.);
#6239 = FACE_BOUND('',#6240,.T.);
#6240 = EDGE_LOOP('',(#6241,#6251,#6259,#6265,#6266,#6274));
#6241 = ORIENTED_EDGE('',*,*,#6242,.T.);
#6242 = EDGE_CURVE('',#6243,#6245,#6247,.T.);
#6243 = VERTEX_POINT('',#6244);
#6244 = CARTESIAN_POINT('',(-0.35,0.25,0.185));
#6245 = VERTEX_POINT('',#6246);
#6246 = CARTESIAN_POINT('',(-0.35,0.1875,0.185));
#6247 = LINE('',#6248,#6249);
#6248 = CARTESIAN_POINT('',(-0.35,0.25,0.185));
#6249 = VECTOR('',#6250,1.);
#6250 = DIRECTION('',(0.,-1.,0.));
#6251 = ORIENTED_EDGE('',*,*,#6252,.F.);
#6252 = EDGE_CURVE('',#6253,#6245,#6255,.T.);
#6253 = VERTEX_POINT('',#6254);
#6254 = CARTESIAN_POINT('',(-0.35,-0.1875,0.185));
#6255 = LINE('',#6256,#6257);
#6256 = CARTESIAN_POINT('',(-0.35,-0.25,0.185));
#6257 = VECTOR('',#6258,1.);
#6258 = DIRECTION('',(0.,1.,0.));
#6259 = ORIENTED_EDGE('',*,*,#6260,.T.);
#6260 = EDGE_CURVE('',#6253,#6203,#6261,.T.);
#6261 = LINE('',#6262,#6263);
#6262 = CARTESIAN_POINT('',(-0.35,0.25,0.185));
#6263 = VECTOR('',#6264,1.);
#6264 = DIRECTION('',(0.,-1.,0.));
#6265 = ORIENTED_EDGE('',*,*,#6202,.T.);
#6266 = ORIENTED_EDGE('',*,*,#6267,.F.);
#6267 = EDGE_CURVE('',#6268,#6205,#6270,.T.);
#6268 = VERTEX_POINT('',#6269);
#6269 = CARTESIAN_POINT('',(-0.315,0.25,0.5));
#6270 = LINE('',#6271,#6272);
#6271 = CARTESIAN_POINT('',(-0.315,0.25,0.5));
#6272 = VECTOR('',#6273,1.);
#6273 = DIRECTION('',(0.,-1.,0.));
#6274 = ORIENTED_EDGE('',*,*,#6275,.F.);
#6275 = EDGE_CURVE('',#6243,#6268,#6276,.T.);
#6276 = LINE('',#6277,#6278);
#6277 = CARTESIAN_POINT('',(-0.35,0.25,0.185));
#6278 = VECTOR('',#6279,1.);
#6279 = DIRECTION('',(0.110431526075,0.,0.993883734674));
#6280 = PLANE('',#6281);
#6281 = AXIS2_PLACEMENT_3D('',#6282,#6283,#6284);
#6282 = CARTESIAN_POINT('',(-0.35,0.25,0.185));
#6283 = DIRECTION('',(-0.993883734674,0.,0.110431526075));
#6284 = DIRECTION('',(0.110431526075,0.,0.993883734674));
#6285 = ADVANCED_FACE('',(#6286),#6359,.F.);
#6286 = FACE_BOUND('',#6287,.F.);
#6287 = EDGE_LOOP('',(#6288,#6298,#6306,#6314,#6320,#6321,#6329,#6337,
    #6345,#6353));
#6288 = ORIENTED_EDGE('',*,*,#6289,.F.);
#6289 = EDGE_CURVE('',#6290,#6292,#6294,.T.);
#6290 = VERTEX_POINT('',#6291);
#6291 = CARTESIAN_POINT('',(-0.485,-0.25,1.5E-02));
#6292 = VERTEX_POINT('',#6293);
#6293 = CARTESIAN_POINT('',(-0.4625,-0.25,1.5E-02));
#6294 = LINE('',#6295,#6296);
#6295 = CARTESIAN_POINT('',(-0.485,-0.25,1.5E-02));
#6296 = VECTOR('',#6297,1.);
#6297 = DIRECTION('',(1.,0.,0.));
#6298 = ORIENTED_EDGE('',*,*,#6299,.T.);
#6299 = EDGE_CURVE('',#6290,#6300,#6302,.T.);
#6300 = VERTEX_POINT('',#6301);
#6301 = CARTESIAN_POINT('',(-0.485,-0.25,0.185));
#6302 = LINE('',#6303,#6304);
#6303 = CARTESIAN_POINT('',(-0.485,-0.25,1.5E-02));
#6304 = VECTOR('',#6305,1.);
#6305 = DIRECTION('',(0.,0.,1.));
#6306 = ORIENTED_EDGE('',*,*,#6307,.T.);
#6307 = EDGE_CURVE('',#6300,#6308,#6310,.T.);
#6308 = VERTEX_POINT('',#6309);
#6309 = CARTESIAN_POINT('',(-0.4625,-0.25,0.185));
#6310 = LINE('',#6311,#6312);
#6311 = CARTESIAN_POINT('',(-0.485,-0.25,0.185));
#6312 = VECTOR('',#6313,1.);
#6313 = DIRECTION('',(1.,0.,0.));
#6314 = ORIENTED_EDGE('',*,*,#6315,.T.);
#6315 = EDGE_CURVE('',#6308,#6203,#6316,.T.);
#6316 = LINE('',#6317,#6318);
#6317 = CARTESIAN_POINT('',(-0.485,-0.25,0.185));
#6318 = VECTOR('',#6319,1.);
#6319 = DIRECTION('',(1.,0.,0.));
#6320 = ORIENTED_EDGE('',*,*,#6228,.F.);
#6321 = ORIENTED_EDGE('',*,*,#6322,.T.);
#6322 = EDGE_CURVE('',#6221,#6323,#6325,.T.);
#6323 = VERTEX_POINT('',#6324);
#6324 = CARTESIAN_POINT('',(0.4625,-0.25,0.185));
#6325 = LINE('',#6326,#6327);
#6326 = CARTESIAN_POINT('',(-0.485,-0.25,0.185));
#6327 = VECTOR('',#6328,1.);
#6328 = DIRECTION('',(1.,0.,0.));
#6329 = ORIENTED_EDGE('',*,*,#6330,.T.);
#6330 = EDGE_CURVE('',#6323,#6331,#6333,.T.);
#6331 = VERTEX_POINT('',#6332);
#6332 = CARTESIAN_POINT('',(0.485,-0.25,0.185));
#6333 = LINE('',#6334,#6335);
#6334 = CARTESIAN_POINT('',(-0.485,-0.25,0.185));
#6335 = VECTOR('',#6336,1.);
#6336 = DIRECTION('',(1.,0.,0.));
#6337 = ORIENTED_EDGE('',*,*,#6338,.F.);
#6338 = EDGE_CURVE('',#6339,#6331,#6341,.T.);
#6339 = VERTEX_POINT('',#6340);
#6340 = CARTESIAN_POINT('',(0.485,-0.25,1.5E-02));
#6341 = LINE('',#6342,#6343);
#6342 = CARTESIAN_POINT('',(0.485,-0.25,1.5E-02));
#6343 = VECTOR('',#6344,1.);
#6344 = DIRECTION('',(0.,0.,1.));
#6345 = ORIENTED_EDGE('',*,*,#6346,.F.);
#6346 = EDGE_CURVE('',#6347,#6339,#6349,.T.);
#6347 = VERTEX_POINT('',#6348);
#6348 = CARTESIAN_POINT('',(0.4625,-0.25,1.5E-02));
#6349 = LINE('',#6350,#6351);
#6350 = CARTESIAN_POINT('',(-0.485,-0.25,1.5E-02));
#6351 = VECTOR('',#6352,1.);
#6352 = DIRECTION('',(1.,0.,0.));
#6353 = ORIENTED_EDGE('',*,*,#6354,.F.);
#6354 = EDGE_CURVE('',#6292,#6347,#6355,.T.);
#6355 = LINE('',#6356,#6357);
#6356 = CARTESIAN_POINT('',(-0.485,-0.25,1.5E-02));
#6357 = VECTOR('',#6358,1.);
#6358 = DIRECTION('',(1.,0.,0.));
#6359 = PLANE('',#6360);
#6360 = AXIS2_PLACEMENT_3D('',#6361,#6362,#6363);
#6361 = CARTESIAN_POINT('',(-0.485,-0.25,1.5E-02));
#6362 = DIRECTION('',(0.,1.,0.));
#6363 = DIRECTION('',(0.,-0.,1.));
#6364 = ADVANCED_FACE('',(#6365),#6383,.T.);
#6365 = FACE_BOUND('',#6366,.T.);
#6366 = EDGE_LOOP('',(#6367,#6368,#6369,#6377));
#6367 = ORIENTED_EDGE('',*,*,#6267,.T.);
#6368 = ORIENTED_EDGE('',*,*,#6212,.T.);
#6369 = ORIENTED_EDGE('',*,*,#6370,.F.);
#6370 = EDGE_CURVE('',#6371,#6213,#6373,.T.);
#6371 = VERTEX_POINT('',#6372);
#6372 = CARTESIAN_POINT('',(0.315,0.25,0.5));
#6373 = LINE('',#6374,#6375);
#6374 = CARTESIAN_POINT('',(0.315,0.25,0.5));
#6375 = VECTOR('',#6376,1.);
#6376 = DIRECTION('',(0.,-1.,0.));
#6377 = ORIENTED_EDGE('',*,*,#6378,.F.);
#6378 = EDGE_CURVE('',#6268,#6371,#6379,.T.);
#6379 = LINE('',#6380,#6381);
#6380 = CARTESIAN_POINT('',(-0.315,0.25,0.5));
#6381 = VECTOR('',#6382,1.);
#6382 = DIRECTION('',(1.,0.,0.));
#6383 = PLANE('',#6384);
#6384 = AXIS2_PLACEMENT_3D('',#6385,#6386,#6387);
#6385 = CARTESIAN_POINT('',(-0.315,0.25,0.5));
#6386 = DIRECTION('',(0.,0.,1.));
#6387 = DIRECTION('',(1.,0.,-0.));
#6388 = ADVANCED_FACE('',(#6389),#6423,.T.);
#6389 = FACE_BOUND('',#6390,.T.);
#6390 = EDGE_LOOP('',(#6391,#6392,#6393,#6401,#6409,#6417));
#6391 = ORIENTED_EDGE('',*,*,#6370,.T.);
#6392 = ORIENTED_EDGE('',*,*,#6220,.T.);
#6393 = ORIENTED_EDGE('',*,*,#6394,.F.);
#6394 = EDGE_CURVE('',#6395,#6221,#6397,.T.);
#6395 = VERTEX_POINT('',#6396);
#6396 = CARTESIAN_POINT('',(0.35,-0.1875,0.185));
#6397 = LINE('',#6398,#6399);
#6398 = CARTESIAN_POINT('',(0.35,0.25,0.185));
#6399 = VECTOR('',#6400,1.);
#6400 = DIRECTION('',(0.,-1.,0.));
#6401 = ORIENTED_EDGE('',*,*,#6402,.T.);
#6402 = EDGE_CURVE('',#6395,#6403,#6405,.T.);
#6403 = VERTEX_POINT('',#6404);
#6404 = CARTESIAN_POINT('',(0.35,0.1875,0.185));
#6405 = LINE('',#6406,#6407);
#6406 = CARTESIAN_POINT('',(0.35,-0.25,0.185));
#6407 = VECTOR('',#6408,1.);
#6408 = DIRECTION('',(0.,1.,0.));
#6409 = ORIENTED_EDGE('',*,*,#6410,.F.);
#6410 = EDGE_CURVE('',#6411,#6403,#6413,.T.);
#6411 = VERTEX_POINT('',#6412);
#6412 = CARTESIAN_POINT('',(0.35,0.25,0.185));
#6413 = LINE('',#6414,#6415);
#6414 = CARTESIAN_POINT('',(0.35,0.25,0.185));
#6415 = VECTOR('',#6416,1.);
#6416 = DIRECTION('',(0.,-1.,0.));
#6417 = ORIENTED_EDGE('',*,*,#6418,.F.);
#6418 = EDGE_CURVE('',#6371,#6411,#6419,.T.);
#6419 = LINE('',#6420,#6421);
#6420 = CARTESIAN_POINT('',(0.315,0.25,0.5));
#6421 = VECTOR('',#6422,1.);
#6422 = DIRECTION('',(0.110431526075,0.,-0.993883734674));
#6423 = PLANE('',#6424);
#6424 = AXIS2_PLACEMENT_3D('',#6425,#6426,#6427);
#6425 = CARTESIAN_POINT('',(0.315,0.25,0.5));
#6426 = DIRECTION('',(0.993883734674,0.,0.110431526075));
#6427 = DIRECTION('',(0.110431526075,0.,-0.993883734674));
#6428 = ADVANCED_FACE('',(#6429),#6454,.T.);
#6429 = FACE_BOUND('',#6430,.T.);
#6430 = EDGE_LOOP('',(#6431,#6439,#6447,#6453));
#6431 = ORIENTED_EDGE('',*,*,#6432,.F.);
#6432 = EDGE_CURVE('',#6433,#6243,#6435,.T.);
#6433 = VERTEX_POINT('',#6434);
#6434 = CARTESIAN_POINT('',(-0.4625,0.25,0.185));
#6435 = LINE('',#6436,#6437);
#6436 = CARTESIAN_POINT('',(-0.485,0.25,0.185));
#6437 = VECTOR('',#6438,1.);
#6438 = DIRECTION('',(1.,0.,0.));
#6439 = ORIENTED_EDGE('',*,*,#6440,.F.);
#6440 = EDGE_CURVE('',#6441,#6433,#6443,.T.);
#6441 = VERTEX_POINT('',#6442);
#6442 = CARTESIAN_POINT('',(-0.4625,0.1875,0.185));
#6443 = LINE('',#6444,#6445);
#6444 = CARTESIAN_POINT('',(-0.4625,3.125E-02,0.185));
#6445 = VECTOR('',#6446,1.);
#6446 = DIRECTION('',(0.,1.,0.));
#6447 = ORIENTED_EDGE('',*,*,#6448,.F.);
#6448 = EDGE_CURVE('',#6245,#6441,#6449,.T.);
#6449 = LINE('',#6450,#6451);
#6450 = CARTESIAN_POINT('',(-0.47375,0.1875,0.185));
#6451 = VECTOR('',#6452,1.);
#6452 = DIRECTION('',(-1.,0.,0.));
#6453 = ORIENTED_EDGE('',*,*,#6242,.F.);
#6454 = PLANE('',#6455);
#6455 = AXIS2_PLACEMENT_3D('',#6456,#6457,#6458);
#6456 = CARTESIAN_POINT('',(-0.485,-0.25,0.185));
#6457 = DIRECTION('',(0.,0.,1.));
#6458 = DIRECTION('',(1.,0.,-0.));
#6459 = ADVANCED_FACE('',(#6460),#6471,.T.);
#6460 = FACE_BOUND('',#6461,.T.);
#6461 = EDGE_LOOP('',(#6462,#6463,#6464,#6465));
#6462 = ORIENTED_EDGE('',*,*,#6275,.T.);
#6463 = ORIENTED_EDGE('',*,*,#6378,.T.);
#6464 = ORIENTED_EDGE('',*,*,#6418,.T.);
#6465 = ORIENTED_EDGE('',*,*,#6466,.T.);
#6466 = EDGE_CURVE('',#6411,#6243,#6467,.T.);
#6467 = LINE('',#6468,#6469);
#6468 = CARTESIAN_POINT('',(0.35,0.25,0.185));
#6469 = VECTOR('',#6470,1.);
#6470 = DIRECTION('',(-1.,0.,0.));
#6471 = PLANE('',#6472);
#6472 = AXIS2_PLACEMENT_3D('',#6473,#6474,#6475);
#6473 = CARTESIAN_POINT('',(0.,0.25,0.336886104513));
#6474 = DIRECTION('',(0.,1.,0.));
#6475 = DIRECTION('',(0.,-0.,1.));
#6476 = ADVANCED_FACE('',(#6477),#6504,.T.);
#6477 = FACE_BOUND('',#6478,.T.);
#6478 = EDGE_LOOP('',(#6479,#6488,#6496,#6503));
#6479 = ORIENTED_EDGE('',*,*,#6480,.F.);
#6480 = EDGE_CURVE('',#6481,#6245,#6483,.T.);
#6481 = VERTEX_POINT('',#6482);
#6482 = CARTESIAN_POINT('',(-0.365,0.1875,0.2));
#6483 = CIRCLE('',#6484,1.5E-02);
#6484 = AXIS2_PLACEMENT_3D('',#6485,#6486,#6487);
#6485 = CARTESIAN_POINT('',(-0.365,0.1875,0.185));
#6486 = DIRECTION('',(-0.,1.,0.));
#6487 = DIRECTION('',(1.,0.,0.));
#6488 = ORIENTED_EDGE('',*,*,#6489,.F.);
#6489 = EDGE_CURVE('',#6490,#6481,#6492,.T.);
#6490 = VERTEX_POINT('',#6491);
#6491 = CARTESIAN_POINT('',(-0.365,-0.1875,0.2));
#6492 = LINE('',#6493,#6494);
#6493 = CARTESIAN_POINT('',(-0.365,-0.25,0.2));
#6494 = VECTOR('',#6495,1.);
#6495 = DIRECTION('',(0.,1.,0.));
#6496 = ORIENTED_EDGE('',*,*,#6497,.T.);
#6497 = EDGE_CURVE('',#6490,#6253,#6498,.T.);
#6498 = CIRCLE('',#6499,1.5E-02);
#6499 = AXIS2_PLACEMENT_3D('',#6500,#6501,#6502);
#6500 = CARTESIAN_POINT('',(-0.365,-0.1875,0.185));
#6501 = DIRECTION('',(-0.,1.,0.));
#6502 = DIRECTION('',(1.,0.,0.));
#6503 = ORIENTED_EDGE('',*,*,#6252,.T.);
#6504 = CYLINDRICAL_SURFACE('',#6505,1.5E-02);
#6505 = AXIS2_PLACEMENT_3D('',#6506,#6507,#6508);
#6506 = CARTESIAN_POINT('',(-0.365,-0.25,0.185));
#6507 = DIRECTION('',(0.,1.,0.));
#6508 = DIRECTION('',(1.,0.,0.));
#6509 = ADVANCED_FACE('',(#6510),#6528,.T.);
#6510 = FACE_BOUND('',#6511,.T.);
#6511 = EDGE_LOOP('',(#6512,#6520,#6521,#6522));
#6512 = ORIENTED_EDGE('',*,*,#6513,.F.);
#6513 = EDGE_CURVE('',#6308,#6514,#6516,.T.);
#6514 = VERTEX_POINT('',#6515);
#6515 = CARTESIAN_POINT('',(-0.4625,-0.1875,0.185));
#6516 = LINE('',#6517,#6518);
#6517 = CARTESIAN_POINT('',(-0.4625,-0.21875,0.185));
#6518 = VECTOR('',#6519,1.);
#6519 = DIRECTION('',(0.,1.,0.));
#6520 = ORIENTED_EDGE('',*,*,#6315,.T.);
#6521 = ORIENTED_EDGE('',*,*,#6260,.F.);
#6522 = ORIENTED_EDGE('',*,*,#6523,.F.);
#6523 = EDGE_CURVE('',#6514,#6253,#6524,.T.);
#6524 = LINE('',#6525,#6526);
#6525 = CARTESIAN_POINT('',(-1.125E-02,-0.1875,0.185));
#6526 = VECTOR('',#6527,1.);
#6527 = DIRECTION('',(1.,0.,0.));
#6528 = PLANE('',#6529);
#6529 = AXIS2_PLACEMENT_3D('',#6530,#6531,#6532);
#6530 = CARTESIAN_POINT('',(-0.485,-0.25,0.185));
#6531 = DIRECTION('',(0.,0.,1.));
#6532 = DIRECTION('',(1.,0.,-0.));
#6533 = ADVANCED_FACE('',(#6534),#6595,.F.);
#6534 = FACE_BOUND('',#6535,.F.);
#6535 = EDGE_LOOP('',(#6536,#6546,#6555,#6563,#6572,#6580,#6586,#6587,
    #6588,#6589));
#6536 = ORIENTED_EDGE('',*,*,#6537,.F.);
#6537 = EDGE_CURVE('',#6538,#6540,#6542,.T.);
#6538 = VERTEX_POINT('',#6539);
#6539 = CARTESIAN_POINT('',(-0.485,-0.25,-1.734723475977E-18));
#6540 = VERTEX_POINT('',#6541);
#6541 = CARTESIAN_POINT('',(-0.4625,-0.25,0.));
#6542 = LINE('',#6543,#6544);
#6543 = CARTESIAN_POINT('',(-0.5,-0.25,0.));
#6544 = VECTOR('',#6545,1.);
#6545 = DIRECTION('',(1.,0.,0.));
#6546 = ORIENTED_EDGE('',*,*,#6547,.F.);
#6547 = EDGE_CURVE('',#6548,#6538,#6550,.T.);
#6548 = VERTEX_POINT('',#6549);
#6549 = CARTESIAN_POINT('',(-0.5,-0.25,1.5E-02));
#6550 = CIRCLE('',#6551,1.5E-02);
#6551 = AXIS2_PLACEMENT_3D('',#6552,#6553,#6554);
#6552 = CARTESIAN_POINT('',(-0.485,-0.25,1.5E-02));
#6553 = DIRECTION('',(0.,-1.,0.));
#6554 = DIRECTION('',(0.,0.,1.));
#6555 = ORIENTED_EDGE('',*,*,#6556,.T.);
#6556 = EDGE_CURVE('',#6548,#6557,#6559,.T.);
#6557 = VERTEX_POINT('',#6558);
#6558 = CARTESIAN_POINT('',(-0.5,-0.25,0.185));
#6559 = LINE('',#6560,#6561);
#6560 = CARTESIAN_POINT('',(-0.5,-0.25,0.));
#6561 = VECTOR('',#6562,1.);
#6562 = DIRECTION('',(0.,0.,1.));
#6563 = ORIENTED_EDGE('',*,*,#6564,.T.);
#6564 = EDGE_CURVE('',#6557,#6565,#6567,.T.);
#6565 = VERTEX_POINT('',#6566);
#6566 = CARTESIAN_POINT('',(-0.485,-0.25,0.2));
#6567 = CIRCLE('',#6568,1.5E-02);
#6568 = AXIS2_PLACEMENT_3D('',#6569,#6570,#6571);
#6569 = CARTESIAN_POINT('',(-0.485,-0.25,0.185));
#6570 = DIRECTION('',(0.,1.,0.));
#6571 = DIRECTION('',(0.,-0.,1.));
#6572 = ORIENTED_EDGE('',*,*,#6573,.T.);
#6573 = EDGE_CURVE('',#6565,#6574,#6576,.T.);
#6574 = VERTEX_POINT('',#6575);
#6575 = CARTESIAN_POINT('',(-0.4625,-0.25,0.2));
#6576 = LINE('',#6577,#6578);
#6577 = CARTESIAN_POINT('',(-0.5,-0.25,0.2));
#6578 = VECTOR('',#6579,1.);
#6579 = DIRECTION('',(1.,0.,0.));
#6580 = ORIENTED_EDGE('',*,*,#6581,.F.);
#6581 = EDGE_CURVE('',#6308,#6574,#6582,.T.);
#6582 = LINE('',#6583,#6584);
#6583 = CARTESIAN_POINT('',(-0.4625,-0.25,0.15));
#6584 = VECTOR('',#6585,1.);
#6585 = DIRECTION('',(0.,0.,1.));
#6586 = ORIENTED_EDGE('',*,*,#6307,.F.);
#6587 = ORIENTED_EDGE('',*,*,#6299,.F.);
#6588 = ORIENTED_EDGE('',*,*,#6289,.T.);
#6589 = ORIENTED_EDGE('',*,*,#6590,.F.);
#6590 = EDGE_CURVE('',#6540,#6292,#6591,.T.);
#6591 = LINE('',#6592,#6593);
#6592 = CARTESIAN_POINT('',(-0.4625,-0.25,0.15));
#6593 = VECTOR('',#6594,1.);
#6594 = DIRECTION('',(0.,0.,1.));
#6595 = PLANE('',#6596);
#6596 = AXIS2_PLACEMENT_3D('',#6597,#6598,#6599);
#6597 = CARTESIAN_POINT('',(-0.5,-0.25,0.));
#6598 = DIRECTION('',(0.,1.,0.));
#6599 = DIRECTION('',(0.,-0.,1.));
#6600 = ADVANCED_FACE('',(#6601,#6690),#6716,.F.);
#6601 = FACE_BOUND('',#6602,.F.);
#6602 = EDGE_LOOP('',(#6603,#6611,#6612,#6620,#6628,#6636,#6644,#6652,
    #6660,#6668,#6676,#6684));
#6603 = ORIENTED_EDGE('',*,*,#6604,.F.);
#6604 = EDGE_CURVE('',#6292,#6605,#6607,.T.);
#6605 = VERTEX_POINT('',#6606);
#6606 = CARTESIAN_POINT('',(-0.4625,-0.1875,1.5E-02));
#6607 = LINE('',#6608,#6609);
#6608 = CARTESIAN_POINT('',(-0.4625,-0.21875,1.5E-02));
#6609 = VECTOR('',#6610,1.);
#6610 = DIRECTION('',(0.,1.,0.));
#6611 = ORIENTED_EDGE('',*,*,#6354,.T.);
#6612 = ORIENTED_EDGE('',*,*,#6613,.F.);
#6613 = EDGE_CURVE('',#6614,#6347,#6616,.T.);
#6614 = VERTEX_POINT('',#6615);
#6615 = CARTESIAN_POINT('',(0.4625,-0.1875,1.5E-02));
#6616 = LINE('',#6617,#6618);
#6617 = CARTESIAN_POINT('',(0.4625,-0.28125,1.5E-02));
#6618 = VECTOR('',#6619,1.);
#6619 = DIRECTION('',(0.,-1.,0.));
#6620 = ORIENTED_EDGE('',*,*,#6621,.F.);
#6621 = EDGE_CURVE('',#6622,#6614,#6624,.T.);
#6622 = VERTEX_POINT('',#6623);
#6623 = CARTESIAN_POINT('',(0.35,-0.1875,1.5E-02));
#6624 = LINE('',#6625,#6626);
#6625 = CARTESIAN_POINT('',(-1.125E-02,-0.1875,1.5E-02));
#6626 = VECTOR('',#6627,1.);
#6627 = DIRECTION('',(1.,0.,0.));
#6628 = ORIENTED_EDGE('',*,*,#6629,.T.);
#6629 = EDGE_CURVE('',#6622,#6630,#6632,.T.);
#6630 = VERTEX_POINT('',#6631);
#6631 = CARTESIAN_POINT('',(0.35,0.1875,1.5E-02));
#6632 = LINE('',#6633,#6634);
#6633 = CARTESIAN_POINT('',(0.35,-0.25,1.5E-02));
#6634 = VECTOR('',#6635,1.);
#6635 = DIRECTION('',(0.,1.,0.));
#6636 = ORIENTED_EDGE('',*,*,#6637,.F.);
#6637 = EDGE_CURVE('',#6638,#6630,#6640,.T.);
#6638 = VERTEX_POINT('',#6639);
#6639 = CARTESIAN_POINT('',(0.4625,0.1875,1.5E-02));
#6640 = LINE('',#6641,#6642);
#6641 = CARTESIAN_POINT('',(-0.47375,0.1875,1.5E-02));
#6642 = VECTOR('',#6643,1.);
#6643 = DIRECTION('',(-1.,0.,0.));
#6644 = ORIENTED_EDGE('',*,*,#6645,.F.);
#6645 = EDGE_CURVE('',#6646,#6638,#6648,.T.);
#6646 = VERTEX_POINT('',#6647);
#6647 = CARTESIAN_POINT('',(0.4625,0.25,1.5E-02));
#6648 = LINE('',#6649,#6650);
#6649 = CARTESIAN_POINT('',(0.4625,-3.125E-02,1.5E-02));
#6650 = VECTOR('',#6651,1.);
#6651 = DIRECTION('',(0.,-1.,0.));
#6652 = ORIENTED_EDGE('',*,*,#6653,.F.);
#6653 = EDGE_CURVE('',#6654,#6646,#6656,.T.);
#6654 = VERTEX_POINT('',#6655);
#6655 = CARTESIAN_POINT('',(-0.4625,0.25,1.5E-02));
#6656 = LINE('',#6657,#6658);
#6657 = CARTESIAN_POINT('',(-0.485,0.25,1.5E-02));
#6658 = VECTOR('',#6659,1.);
#6659 = DIRECTION('',(1.,0.,0.));
#6660 = ORIENTED_EDGE('',*,*,#6661,.F.);
#6661 = EDGE_CURVE('',#6662,#6654,#6664,.T.);
#6662 = VERTEX_POINT('',#6663);
#6663 = CARTESIAN_POINT('',(-0.4625,0.1875,1.5E-02));
#6664 = LINE('',#6665,#6666);
#6665 = CARTESIAN_POINT('',(-0.4625,3.125E-02,1.5E-02));
#6666 = VECTOR('',#6667,1.);
#6667 = DIRECTION('',(0.,1.,0.));
#6668 = ORIENTED_EDGE('',*,*,#6669,.F.);
#6669 = EDGE_CURVE('',#6670,#6662,#6672,.T.);
#6670 = VERTEX_POINT('',#6671);
#6671 = CARTESIAN_POINT('',(-0.35,0.1875,1.5E-02));
#6672 = LINE('',#6673,#6674);
#6673 = CARTESIAN_POINT('',(-0.47375,0.1875,1.5E-02));
#6674 = VECTOR('',#6675,1.);
#6675 = DIRECTION('',(-1.,0.,0.));
#6676 = ORIENTED_EDGE('',*,*,#6677,.F.);
#6677 = EDGE_CURVE('',#6678,#6670,#6680,.T.);
#6678 = VERTEX_POINT('',#6679);
#6679 = CARTESIAN_POINT('',(-0.35,-0.1875,1.5E-02));
#6680 = LINE('',#6681,#6682);
#6681 = CARTESIAN_POINT('',(-0.35,-0.25,1.5E-02));
#6682 = VECTOR('',#6683,1.);
#6683 = DIRECTION('',(0.,1.,0.));
#6684 = ORIENTED_EDGE('',*,*,#6685,.F.);
#6685 = EDGE_CURVE('',#6605,#6678,#6686,.T.);
#6686 = LINE('',#6687,#6688);
#6687 = CARTESIAN_POINT('',(-1.125E-02,-0.1875,1.5E-02));
#6688 = VECTOR('',#6689,1.);
#6689 = DIRECTION('',(1.,0.,0.));
#6690 = FACE_BOUND('',#6691,.F.);
#6691 = EDGE_LOOP('',(#6692,#6702,#6710));
#6692 = ORIENTED_EDGE('',*,*,#6693,.T.);
#6693 = EDGE_CURVE('',#6694,#6696,#6698,.T.);
#6694 = VERTEX_POINT('',#6695);
#6695 = CARTESIAN_POINT('',(0.173205080757,0.2,1.5E-02));
#6696 = VERTEX_POINT('',#6697);
#6697 = CARTESIAN_POINT('',(0.173205080757,-0.2,1.5E-02));
#6698 = LINE('',#6699,#6700);
#6699 = CARTESIAN_POINT('',(0.173205080757,0.2,1.5E-02));
#6700 = VECTOR('',#6701,1.);
#6701 = DIRECTION('',(0.,-1.,0.));
#6702 = ORIENTED_EDGE('',*,*,#6703,.T.);
#6703 = EDGE_CURVE('',#6696,#6704,#6706,.T.);
#6704 = VERTEX_POINT('',#6705);
#6705 = CARTESIAN_POINT('',(-0.173205080757,0.,1.5E-02));
#6706 = LINE('',#6707,#6708);
#6707 = CARTESIAN_POINT('',(0.173205080757,-0.2,1.5E-02));
#6708 = VECTOR('',#6709,1.);
#6709 = DIRECTION('',(-0.866025403784,0.5,0.));
#6710 = ORIENTED_EDGE('',*,*,#6711,.T.);
#6711 = EDGE_CURVE('',#6704,#6694,#6712,.T.);
#6712 = LINE('',#6713,#6714);
#6713 = CARTESIAN_POINT('',(-0.173205080757,0.,1.5E-02));
#6714 = VECTOR('',#6715,1.);
#6715 = DIRECTION('',(0.866025403784,0.5,0.));
#6716 = PLANE('',#6717);
#6717 = AXIS2_PLACEMENT_3D('',#6718,#6719,#6720);
#6718 = CARTESIAN_POINT('',(-0.485,-0.25,1.5E-02));
#6719 = DIRECTION('',(0.,0.,1.));
#6720 = DIRECTION('',(1.,0.,-0.));
#6721 = ADVANCED_FACE('',(#6722),#6783,.F.);
#6722 = FACE_BOUND('',#6723,.F.);
#6723 = EDGE_LOOP('',(#6724,#6734,#6740,#6741,#6742,#6743,#6751,#6759,
    #6768,#6776));
#6724 = ORIENTED_EDGE('',*,*,#6725,.F.);
#6725 = EDGE_CURVE('',#6726,#6728,#6730,.T.);
#6726 = VERTEX_POINT('',#6727);
#6727 = CARTESIAN_POINT('',(0.4625,-0.25,0.));
#6728 = VERTEX_POINT('',#6729);
#6729 = CARTESIAN_POINT('',(0.485,-0.25,-1.734723475977E-18));
#6730 = LINE('',#6731,#6732);
#6731 = CARTESIAN_POINT('',(0.35,-0.25,0.));
#6732 = VECTOR('',#6733,1.);
#6733 = DIRECTION('',(1.,0.,0.));
#6734 = ORIENTED_EDGE('',*,*,#6735,.F.);
#6735 = EDGE_CURVE('',#6347,#6726,#6736,.T.);
#6736 = LINE('',#6737,#6738);
#6737 = CARTESIAN_POINT('',(0.4625,-0.25,0.15));
#6738 = VECTOR('',#6739,1.);
#6739 = DIRECTION('',(0.,0.,-1.));
#6740 = ORIENTED_EDGE('',*,*,#6346,.T.);
#6741 = ORIENTED_EDGE('',*,*,#6338,.T.);
#6742 = ORIENTED_EDGE('',*,*,#6330,.F.);
#6743 = ORIENTED_EDGE('',*,*,#6744,.F.);
#6744 = EDGE_CURVE('',#6745,#6323,#6747,.T.);
#6745 = VERTEX_POINT('',#6746);
#6746 = CARTESIAN_POINT('',(0.4625,-0.25,0.2));
#6747 = LINE('',#6748,#6749);
#6748 = CARTESIAN_POINT('',(0.4625,-0.25,0.15));
#6749 = VECTOR('',#6750,1.);
#6750 = DIRECTION('',(0.,0.,-1.));
#6751 = ORIENTED_EDGE('',*,*,#6752,.T.);
#6752 = EDGE_CURVE('',#6745,#6753,#6755,.T.);
#6753 = VERTEX_POINT('',#6754);
#6754 = CARTESIAN_POINT('',(0.485,-0.25,0.2));
#6755 = LINE('',#6756,#6757);
#6756 = CARTESIAN_POINT('',(0.35,-0.25,0.2));
#6757 = VECTOR('',#6758,1.);
#6758 = DIRECTION('',(1.,0.,0.));
#6759 = ORIENTED_EDGE('',*,*,#6760,.F.);
#6760 = EDGE_CURVE('',#6761,#6753,#6763,.T.);
#6761 = VERTEX_POINT('',#6762);
#6762 = CARTESIAN_POINT('',(0.5,-0.25,0.185));
#6763 = CIRCLE('',#6764,1.5E-02);
#6764 = AXIS2_PLACEMENT_3D('',#6765,#6766,#6767);
#6765 = CARTESIAN_POINT('',(0.485,-0.25,0.185));
#6766 = DIRECTION('',(0.,-1.,0.));
#6767 = DIRECTION('',(0.,0.,1.));
#6768 = ORIENTED_EDGE('',*,*,#6769,.F.);
#6769 = EDGE_CURVE('',#6770,#6761,#6772,.T.);
#6770 = VERTEX_POINT('',#6771);
#6771 = CARTESIAN_POINT('',(0.5,-0.25,1.5E-02));
#6772 = LINE('',#6773,#6774);
#6773 = CARTESIAN_POINT('',(0.5,-0.25,0.));
#6774 = VECTOR('',#6775,1.);
#6775 = DIRECTION('',(0.,0.,1.));
#6776 = ORIENTED_EDGE('',*,*,#6777,.T.);
#6777 = EDGE_CURVE('',#6770,#6728,#6778,.T.);
#6778 = CIRCLE('',#6779,1.5E-02);
#6779 = AXIS2_PLACEMENT_3D('',#6780,#6781,#6782);
#6780 = CARTESIAN_POINT('',(0.485,-0.25,1.5E-02));
#6781 = DIRECTION('',(0.,1.,0.));
#6782 = DIRECTION('',(0.,-0.,1.));
#6783 = PLANE('',#6784);
#6784 = AXIS2_PLACEMENT_3D('',#6785,#6786,#6787);
#6785 = CARTESIAN_POINT('',(0.35,-0.25,0.));
#6786 = DIRECTION('',(0.,1.,0.));
#6787 = DIRECTION('',(0.,-0.,1.));
#6788 = ADVANCED_FACE('',(#6789),#6807,.T.);
#6789 = FACE_BOUND('',#6790,.T.);
#6790 = EDGE_LOOP('',(#6791,#6799,#6800,#6801));
#6791 = ORIENTED_EDGE('',*,*,#6792,.F.);
#6792 = EDGE_CURVE('',#6395,#6793,#6795,.T.);
#6793 = VERTEX_POINT('',#6794);
#6794 = CARTESIAN_POINT('',(0.4625,-0.1875,0.185));
#6795 = LINE('',#6796,#6797);
#6796 = CARTESIAN_POINT('',(-1.125E-02,-0.1875,0.185));
#6797 = VECTOR('',#6798,1.);
#6798 = DIRECTION('',(1.,0.,0.));
#6799 = ORIENTED_EDGE('',*,*,#6394,.T.);
#6800 = ORIENTED_EDGE('',*,*,#6322,.T.);
#6801 = ORIENTED_EDGE('',*,*,#6802,.F.);
#6802 = EDGE_CURVE('',#6793,#6323,#6803,.T.);
#6803 = LINE('',#6804,#6805);
#6804 = CARTESIAN_POINT('',(0.4625,-0.28125,0.185));
#6805 = VECTOR('',#6806,1.);
#6806 = DIRECTION('',(0.,-1.,0.));
#6807 = PLANE('',#6808);
#6808 = AXIS2_PLACEMENT_3D('',#6809,#6810,#6811);
#6809 = CARTESIAN_POINT('',(-0.485,-0.25,0.185));
#6810 = DIRECTION('',(0.,0.,1.));
#6811 = DIRECTION('',(1.,0.,-0.));
#6812 = ADVANCED_FACE('',(#6813),#6838,.T.);
#6813 = FACE_BOUND('',#6814,.T.);
#6814 = EDGE_LOOP('',(#6815,#6823,#6824,#6832));
#6815 = ORIENTED_EDGE('',*,*,#6816,.F.);
#6816 = EDGE_CURVE('',#6411,#6817,#6819,.T.);
#6817 = VERTEX_POINT('',#6818);
#6818 = CARTESIAN_POINT('',(0.4625,0.25,0.185));
#6819 = LINE('',#6820,#6821);
#6820 = CARTESIAN_POINT('',(-0.485,0.25,0.185));
#6821 = VECTOR('',#6822,1.);
#6822 = DIRECTION('',(1.,0.,0.));
#6823 = ORIENTED_EDGE('',*,*,#6410,.T.);
#6824 = ORIENTED_EDGE('',*,*,#6825,.F.);
#6825 = EDGE_CURVE('',#6826,#6403,#6828,.T.);
#6826 = VERTEX_POINT('',#6827);
#6827 = CARTESIAN_POINT('',(0.4625,0.1875,0.185));
#6828 = LINE('',#6829,#6830);
#6829 = CARTESIAN_POINT('',(-0.47375,0.1875,0.185));
#6830 = VECTOR('',#6831,1.);
#6831 = DIRECTION('',(-1.,0.,0.));
#6832 = ORIENTED_EDGE('',*,*,#6833,.F.);
#6833 = EDGE_CURVE('',#6817,#6826,#6834,.T.);
#6834 = LINE('',#6835,#6836);
#6835 = CARTESIAN_POINT('',(0.4625,-3.125E-02,0.185));
#6836 = VECTOR('',#6837,1.);
#6837 = DIRECTION('',(0.,-1.,0.));
#6838 = PLANE('',#6839);
#6839 = AXIS2_PLACEMENT_3D('',#6840,#6841,#6842);
#6840 = CARTESIAN_POINT('',(-0.485,-0.25,0.185));
#6841 = DIRECTION('',(0.,0.,1.));
#6842 = DIRECTION('',(1.,0.,-0.));
#6843 = ADVANCED_FACE('',(#6844),#6871,.T.);
#6844 = FACE_BOUND('',#6845,.T.);
#6845 = EDGE_LOOP('',(#6846,#6847,#6856,#6864));
#6846 = ORIENTED_EDGE('',*,*,#6402,.F.);
#6847 = ORIENTED_EDGE('',*,*,#6848,.T.);
#6848 = EDGE_CURVE('',#6395,#6849,#6851,.T.);
#6849 = VERTEX_POINT('',#6850);
#6850 = CARTESIAN_POINT('',(0.365,-0.1875,0.2));
#6851 = CIRCLE('',#6852,1.5E-02);
#6852 = AXIS2_PLACEMENT_3D('',#6853,#6854,#6855);
#6853 = CARTESIAN_POINT('',(0.365,-0.1875,0.185));
#6854 = DIRECTION('',(0.,1.,-0.));
#6855 = DIRECTION('',(-1.,0.,0.));
#6856 = ORIENTED_EDGE('',*,*,#6857,.T.);
#6857 = EDGE_CURVE('',#6849,#6858,#6860,.T.);
#6858 = VERTEX_POINT('',#6859);
#6859 = CARTESIAN_POINT('',(0.365,0.1875,0.2));
#6860 = LINE('',#6861,#6862);
#6861 = CARTESIAN_POINT('',(0.365,-0.25,0.2));
#6862 = VECTOR('',#6863,1.);
#6863 = DIRECTION('',(0.,1.,0.));
#6864 = ORIENTED_EDGE('',*,*,#6865,.F.);
#6865 = EDGE_CURVE('',#6403,#6858,#6866,.T.);
#6866 = CIRCLE('',#6867,1.5E-02);
#6867 = AXIS2_PLACEMENT_3D('',#6868,#6869,#6870);
#6868 = CARTESIAN_POINT('',(0.365,0.1875,0.185));
#6869 = DIRECTION('',(0.,1.,-0.));
#6870 = DIRECTION('',(-1.,0.,0.));
#6871 = CYLINDRICAL_SURFACE('',#6872,1.5E-02);
#6872 = AXIS2_PLACEMENT_3D('',#6873,#6874,#6875);
#6873 = CARTESIAN_POINT('',(0.365,-0.25,0.185));
#6874 = DIRECTION('',(0.,1.,0.));
#6875 = DIRECTION('',(-1.,0.,0.));
#6876 = ADVANCED_FACE('',(#6877),#6927,.T.);
#6877 = FACE_BOUND('',#6878,.T.);
#6878 = EDGE_LOOP('',(#6879,#6887,#6895,#6901,#6902,#6903,#6904,#6912,
    #6920,#6926));
#6879 = ORIENTED_EDGE('',*,*,#6880,.F.);
#6880 = EDGE_CURVE('',#6881,#6654,#6883,.T.);
#6881 = VERTEX_POINT('',#6882);
#6882 = CARTESIAN_POINT('',(-0.485,0.25,1.5E-02));
#6883 = LINE('',#6884,#6885);
#6884 = CARTESIAN_POINT('',(-0.485,0.25,1.5E-02));
#6885 = VECTOR('',#6886,1.);
#6886 = DIRECTION('',(1.,0.,0.));
#6887 = ORIENTED_EDGE('',*,*,#6888,.T.);
#6888 = EDGE_CURVE('',#6881,#6889,#6891,.T.);
#6889 = VERTEX_POINT('',#6890);
#6890 = CARTESIAN_POINT('',(-0.485,0.25,0.185));
#6891 = LINE('',#6892,#6893);
#6892 = CARTESIAN_POINT('',(-0.485,0.25,1.5E-02));
#6893 = VECTOR('',#6894,1.);
#6894 = DIRECTION('',(0.,0.,1.));
#6895 = ORIENTED_EDGE('',*,*,#6896,.T.);
#6896 = EDGE_CURVE('',#6889,#6433,#6897,.T.);
#6897 = LINE('',#6898,#6899);
#6898 = CARTESIAN_POINT('',(-0.485,0.25,0.185));
#6899 = VECTOR('',#6900,1.);
#6900 = DIRECTION('',(1.,0.,0.));
#6901 = ORIENTED_EDGE('',*,*,#6432,.T.);
#6902 = ORIENTED_EDGE('',*,*,#6466,.F.);
#6903 = ORIENTED_EDGE('',*,*,#6816,.T.);
#6904 = ORIENTED_EDGE('',*,*,#6905,.T.);
#6905 = EDGE_CURVE('',#6817,#6906,#6908,.T.);
#6906 = VERTEX_POINT('',#6907);
#6907 = CARTESIAN_POINT('',(0.485,0.25,0.185));
#6908 = LINE('',#6909,#6910);
#6909 = CARTESIAN_POINT('',(-0.485,0.25,0.185));
#6910 = VECTOR('',#6911,1.);
#6911 = DIRECTION('',(1.,0.,0.));
#6912 = ORIENTED_EDGE('',*,*,#6913,.F.);
#6913 = EDGE_CURVE('',#6914,#6906,#6916,.T.);
#6914 = VERTEX_POINT('',#6915);
#6915 = CARTESIAN_POINT('',(0.485,0.25,1.5E-02));
#6916 = LINE('',#6917,#6918);
#6917 = CARTESIAN_POINT('',(0.485,0.25,1.5E-02));
#6918 = VECTOR('',#6919,1.);
#6919 = DIRECTION('',(0.,0.,1.));
#6920 = ORIENTED_EDGE('',*,*,#6921,.F.);
#6921 = EDGE_CURVE('',#6646,#6914,#6922,.T.);
#6922 = LINE('',#6923,#6924);
#6923 = CARTESIAN_POINT('',(-0.485,0.25,1.5E-02));
#6924 = VECTOR('',#6925,1.);
#6925 = DIRECTION('',(1.,0.,0.));
#6926 = ORIENTED_EDGE('',*,*,#6653,.F.);
#6927 = PLANE('',#6928);
#6928 = AXIS2_PLACEMENT_3D('',#6929,#6930,#6931);
#6929 = CARTESIAN_POINT('',(-0.485,0.25,1.5E-02));
#6930 = DIRECTION('',(0.,1.,0.));
#6931 = DIRECTION('',(0.,-0.,1.));
#6932 = ADVANCED_FACE('',(#6933),#6951,.F.);
#6933 = FACE_BOUND('',#6934,.F.);
#6934 = EDGE_LOOP('',(#6935,#6943,#6949,#6950));
#6935 = ORIENTED_EDGE('',*,*,#6936,.F.);
#6936 = EDGE_CURVE('',#6937,#6481,#6939,.T.);
#6937 = VERTEX_POINT('',#6938);
#6938 = CARTESIAN_POINT('',(-0.4625,0.1875,0.2));
#6939 = LINE('',#6940,#6941);
#6940 = CARTESIAN_POINT('',(-0.48125,0.1875,0.2));
#6941 = VECTOR('',#6942,1.);
#6942 = DIRECTION('',(1.,0.,0.));
#6943 = ORIENTED_EDGE('',*,*,#6944,.T.);
#6944 = EDGE_CURVE('',#6937,#6441,#6945,.T.);
#6945 = LINE('',#6946,#6947);
#6946 = CARTESIAN_POINT('',(-0.4625,0.1875,0.3));
#6947 = VECTOR('',#6948,1.);
#6948 = DIRECTION('',(-0.,-0.,-1.));
#6949 = ORIENTED_EDGE('',*,*,#6448,.F.);
#6950 = ORIENTED_EDGE('',*,*,#6480,.F.);
#6951 = PLANE('',#6952);
#6952 = AXIS2_PLACEMENT_3D('',#6953,#6954,#6955);
#6953 = CARTESIAN_POINT('',(-0.4625,0.1875,0.3));
#6954 = DIRECTION('',(0.,-1.,0.));
#6955 = DIRECTION('',(1.,0.,0.));
#6956 = ADVANCED_FACE('',(#6957),#6975,.F.);
#6957 = FACE_BOUND('',#6958,.F.);
#6958 = EDGE_LOOP('',(#6959,#6960,#6968,#6974));
#6959 = ORIENTED_EDGE('',*,*,#6944,.F.);
#6960 = ORIENTED_EDGE('',*,*,#6961,.F.);
#6961 = EDGE_CURVE('',#6962,#6937,#6964,.T.);
#6962 = VERTEX_POINT('',#6963);
#6963 = CARTESIAN_POINT('',(-0.4625,0.25,0.2));
#6964 = LINE('',#6965,#6966);
#6965 = CARTESIAN_POINT('',(-0.4625,3.125E-02,0.2));
#6966 = VECTOR('',#6967,1.);
#6967 = DIRECTION('',(0.,-1.,0.));
#6968 = ORIENTED_EDGE('',*,*,#6969,.F.);
#6969 = EDGE_CURVE('',#6433,#6962,#6970,.T.);
#6970 = LINE('',#6971,#6972);
#6971 = CARTESIAN_POINT('',(-0.4625,0.25,0.15));
#6972 = VECTOR('',#6973,1.);
#6973 = DIRECTION('',(0.,0.,1.));
#6974 = ORIENTED_EDGE('',*,*,#6440,.F.);
#6975 = PLANE('',#6976);
#6976 = AXIS2_PLACEMENT_3D('',#6977,#6978,#6979);
#6977 = CARTESIAN_POINT('',(-0.4625,0.3125,0.3));
#6978 = DIRECTION('',(-1.,0.,0.));
#6979 = DIRECTION('',(0.,-1.,0.));
#6980 = ADVANCED_FACE('',(#6981),#6999,.F.);
#6981 = FACE_BOUND('',#6982,.F.);
#6982 = EDGE_LOOP('',(#6983,#6991,#6997,#6998));
#6983 = ORIENTED_EDGE('',*,*,#6984,.F.);
#6984 = EDGE_CURVE('',#6985,#6514,#6987,.T.);
#6985 = VERTEX_POINT('',#6986);
#6986 = CARTESIAN_POINT('',(-0.4625,-0.1875,0.2));
#6987 = LINE('',#6988,#6989);
#6988 = CARTESIAN_POINT('',(-0.4625,-0.1875,0.3));
#6989 = VECTOR('',#6990,1.);
#6990 = DIRECTION('',(-0.,-0.,-1.));
#6991 = ORIENTED_EDGE('',*,*,#6992,.F.);
#6992 = EDGE_CURVE('',#6490,#6985,#6993,.T.);
#6993 = LINE('',#6994,#6995);
#6994 = CARTESIAN_POINT('',(-1.875E-02,-0.1875,0.2));
#6995 = VECTOR('',#6996,1.);
#6996 = DIRECTION('',(-1.,0.,0.));
#6997 = ORIENTED_EDGE('',*,*,#6497,.T.);
#6998 = ORIENTED_EDGE('',*,*,#6523,.F.);
#6999 = PLANE('',#7000);
#7000 = AXIS2_PLACEMENT_3D('',#7001,#7002,#7003);
#7001 = CARTESIAN_POINT('',(0.4625,-0.1875,0.3));
#7002 = DIRECTION('',(0.,1.,0.));
#7003 = DIRECTION('',(-1.,0.,0.));
#7004 = ADVANCED_FACE('',(#7005),#7032,.T.);
#7005 = FACE_BOUND('',#7006,.T.);
#7006 = EDGE_LOOP('',(#7007,#7015,#7021,#7022,#7028,#7029,#7030,#7031));
#7007 = ORIENTED_EDGE('',*,*,#7008,.F.);
#7008 = EDGE_CURVE('',#7009,#6962,#7011,.T.);
#7009 = VERTEX_POINT('',#7010);
#7010 = CARTESIAN_POINT('',(-0.485,0.25,0.2));
#7011 = LINE('',#7012,#7013);
#7012 = CARTESIAN_POINT('',(-0.5,0.25,0.2));
#7013 = VECTOR('',#7014,1.);
#7014 = DIRECTION('',(1.,0.,0.));
#7015 = ORIENTED_EDGE('',*,*,#7016,.F.);
#7016 = EDGE_CURVE('',#6565,#7009,#7017,.T.);
#7017 = LINE('',#7018,#7019);
#7018 = CARTESIAN_POINT('',(-0.485,-0.25,0.2));
#7019 = VECTOR('',#7020,1.);
#7020 = DIRECTION('',(0.,1.,0.));
#7021 = ORIENTED_EDGE('',*,*,#6573,.T.);
#7022 = ORIENTED_EDGE('',*,*,#7023,.F.);
#7023 = EDGE_CURVE('',#6985,#6574,#7024,.T.);
#7024 = LINE('',#7025,#7026);
#7025 = CARTESIAN_POINT('',(-0.4625,-0.21875,0.2));
#7026 = VECTOR('',#7027,1.);
#7027 = DIRECTION('',(0.,-1.,0.));
#7028 = ORIENTED_EDGE('',*,*,#6992,.F.);
#7029 = ORIENTED_EDGE('',*,*,#6489,.T.);
#7030 = ORIENTED_EDGE('',*,*,#6936,.F.);
#7031 = ORIENTED_EDGE('',*,*,#6961,.F.);
#7032 = PLANE('',#7033);
#7033 = AXIS2_PLACEMENT_3D('',#7034,#7035,#7036);
#7034 = CARTESIAN_POINT('',(-0.5,-0.25,0.2));
#7035 = DIRECTION('',(0.,0.,1.));
#7036 = DIRECTION('',(1.,0.,-0.));
#7037 = ADVANCED_FACE('',(#7038),#7044,.F.);
#7038 = FACE_BOUND('',#7039,.F.);
#7039 = EDGE_LOOP('',(#7040,#7041,#7042,#7043));
#7040 = ORIENTED_EDGE('',*,*,#7023,.F.);
#7041 = ORIENTED_EDGE('',*,*,#6984,.T.);
#7042 = ORIENTED_EDGE('',*,*,#6513,.F.);
#7043 = ORIENTED_EDGE('',*,*,#6581,.T.);
#7044 = PLANE('',#7045);
#7045 = AXIS2_PLACEMENT_3D('',#7046,#7047,#7048);
#7046 = CARTESIAN_POINT('',(-0.4625,-0.1875,0.3));
#7047 = DIRECTION('',(-1.,0.,0.));
#7048 = DIRECTION('',(0.,-1.,0.));
#7049 = ADVANCED_FACE('',(#7050),#7107,.F.);
#7050 = FACE_BOUND('',#7051,.F.);
#7051 = EDGE_LOOP('',(#7052,#7062,#7068,#7069,#7077,#7085,#7093,#7101));
#7052 = ORIENTED_EDGE('',*,*,#7053,.F.);
#7053 = EDGE_CURVE('',#7054,#7056,#7058,.T.);
#7054 = VERTEX_POINT('',#7055);
#7055 = CARTESIAN_POINT('',(-0.485,0.25,-1.734723475977E-18));
#7056 = VERTEX_POINT('',#7057);
#7057 = CARTESIAN_POINT('',(-0.4625,0.25,0.));
#7058 = LINE('',#7059,#7060);
#7059 = CARTESIAN_POINT('',(-0.5,0.25,0.));
#7060 = VECTOR('',#7061,1.);
#7061 = DIRECTION('',(1.,0.,0.));
#7062 = ORIENTED_EDGE('',*,*,#7063,.F.);
#7063 = EDGE_CURVE('',#6538,#7054,#7064,.T.);
#7064 = LINE('',#7065,#7066);
#7065 = CARTESIAN_POINT('',(-0.485,-0.25,-1.734723475977E-18));
#7066 = VECTOR('',#7067,1.);
#7067 = DIRECTION('',(0.,1.,0.));
#7068 = ORIENTED_EDGE('',*,*,#6537,.T.);
#7069 = ORIENTED_EDGE('',*,*,#7070,.F.);
#7070 = EDGE_CURVE('',#7071,#6540,#7073,.T.);
#7071 = VERTEX_POINT('',#7072);
#7072 = CARTESIAN_POINT('',(-0.4625,-0.1875,0.));
#7073 = LINE('',#7074,#7075);
#7074 = CARTESIAN_POINT('',(-0.4625,-0.21875,0.));
#7075 = VECTOR('',#7076,1.);
#7076 = DIRECTION('',(0.,-1.,0.));
#7077 = ORIENTED_EDGE('',*,*,#7078,.F.);
#7078 = EDGE_CURVE('',#7079,#7071,#7081,.T.);
#7079 = VERTEX_POINT('',#7080);
#7080 = CARTESIAN_POINT('',(-0.365,-0.1875,-1.734723475977E-18));
#7081 = LINE('',#7082,#7083);
#7082 = CARTESIAN_POINT('',(-1.875E-02,-0.1875,0.));
#7083 = VECTOR('',#7084,1.);
#7084 = DIRECTION('',(-1.,0.,0.));
#7085 = ORIENTED_EDGE('',*,*,#7086,.T.);
#7086 = EDGE_CURVE('',#7079,#7087,#7089,.T.);
#7087 = VERTEX_POINT('',#7088);
#7088 = CARTESIAN_POINT('',(-0.365,0.1875,-1.734723475977E-18));
#7089 = LINE('',#7090,#7091);
#7090 = CARTESIAN_POINT('',(-0.365,-0.25,-1.734723475977E-18));
#7091 = VECTOR('',#7092,1.);
#7092 = DIRECTION('',(0.,1.,0.));
#7093 = ORIENTED_EDGE('',*,*,#7094,.F.);
#7094 = EDGE_CURVE('',#7095,#7087,#7097,.T.);
#7095 = VERTEX_POINT('',#7096);
#7096 = CARTESIAN_POINT('',(-0.4625,0.1875,0.));
#7097 = LINE('',#7098,#7099);
#7098 = CARTESIAN_POINT('',(-0.48125,0.1875,0.));
#7099 = VECTOR('',#7100,1.);
#7100 = DIRECTION('',(1.,0.,0.));
#7101 = ORIENTED_EDGE('',*,*,#7102,.F.);
#7102 = EDGE_CURVE('',#7056,#7095,#7103,.T.);
#7103 = LINE('',#7104,#7105);
#7104 = CARTESIAN_POINT('',(-0.4625,3.125E-02,0.));
#7105 = VECTOR('',#7106,1.);
#7106 = DIRECTION('',(0.,-1.,0.));
#7107 = PLANE('',#7108);
#7108 = AXIS2_PLACEMENT_3D('',#7109,#7110,#7111);
#7109 = CARTESIAN_POINT('',(-0.5,-0.25,0.));
#7110 = DIRECTION('',(0.,0.,1.));
#7111 = DIRECTION('',(1.,0.,-0.));
#7112 = ADVANCED_FACE('',(#7113),#7132,.T.);
#7113 = FACE_BOUND('',#7114,.T.);
#7114 = EDGE_LOOP('',(#7115,#7123,#7130,#7131));
#7115 = ORIENTED_EDGE('',*,*,#7116,.T.);
#7116 = EDGE_CURVE('',#6548,#7117,#7119,.T.);
#7117 = VERTEX_POINT('',#7118);
#7118 = CARTESIAN_POINT('',(-0.5,0.25,1.5E-02));
#7119 = LINE('',#7120,#7121);
#7120 = CARTESIAN_POINT('',(-0.5,-0.25,1.5E-02));
#7121 = VECTOR('',#7122,1.);
#7122 = DIRECTION('',(0.,1.,0.));
#7123 = ORIENTED_EDGE('',*,*,#7124,.T.);
#7124 = EDGE_CURVE('',#7117,#7054,#7125,.T.);
#7125 = CIRCLE('',#7126,1.5E-02);
#7126 = AXIS2_PLACEMENT_3D('',#7127,#7128,#7129);
#7127 = CARTESIAN_POINT('',(-0.485,0.25,1.5E-02));
#7128 = DIRECTION('',(0.,-1.,0.));
#7129 = DIRECTION('',(0.,0.,1.));
#7130 = ORIENTED_EDGE('',*,*,#7063,.F.);
#7131 = ORIENTED_EDGE('',*,*,#6547,.F.);
#7132 = CYLINDRICAL_SURFACE('',#7133,1.5E-02);
#7133 = AXIS2_PLACEMENT_3D('',#7134,#7135,#7136);
#7134 = CARTESIAN_POINT('',(-0.485,-0.25,1.5E-02));
#7135 = DIRECTION('',(0.,1.,0.));
#7136 = DIRECTION('',(-1.,0.,0.));
#7137 = ADVANCED_FACE('',(#7138),#7149,.F.);
#7138 = FACE_BOUND('',#7139,.F.);
#7139 = EDGE_LOOP('',(#7140,#7141,#7147,#7148));
#7140 = ORIENTED_EDGE('',*,*,#6604,.T.);
#7141 = ORIENTED_EDGE('',*,*,#7142,.T.);
#7142 = EDGE_CURVE('',#6605,#7071,#7143,.T.);
#7143 = LINE('',#7144,#7145);
#7144 = CARTESIAN_POINT('',(-0.4625,-0.1875,0.3));
#7145 = VECTOR('',#7146,1.);
#7146 = DIRECTION('',(-0.,-0.,-1.));
#7147 = ORIENTED_EDGE('',*,*,#7070,.T.);
#7148 = ORIENTED_EDGE('',*,*,#6590,.T.);
#7149 = PLANE('',#7150);
#7150 = AXIS2_PLACEMENT_3D('',#7151,#7152,#7153);
#7151 = CARTESIAN_POINT('',(-0.4625,-0.1875,0.3));
#7152 = DIRECTION('',(-1.,0.,0.));
#7153 = DIRECTION('',(0.,-1.,0.));
#7154 = ADVANCED_FACE('',(#7155),#7173,.F.);
#7155 = FACE_BOUND('',#7156,.F.);
#7156 = EDGE_LOOP('',(#7157,#7158,#7159,#7167));
#7157 = ORIENTED_EDGE('',*,*,#6556,.F.);
#7158 = ORIENTED_EDGE('',*,*,#7116,.T.);
#7159 = ORIENTED_EDGE('',*,*,#7160,.T.);
#7160 = EDGE_CURVE('',#7117,#7161,#7163,.T.);
#7161 = VERTEX_POINT('',#7162);
#7162 = CARTESIAN_POINT('',(-0.5,0.25,0.185));
#7163 = LINE('',#7164,#7165);
#7164 = CARTESIAN_POINT('',(-0.5,0.25,0.));
#7165 = VECTOR('',#7166,1.);
#7166 = DIRECTION('',(0.,0.,1.));
#7167 = ORIENTED_EDGE('',*,*,#7168,.F.);
#7168 = EDGE_CURVE('',#6557,#7161,#7169,.T.);
#7169 = LINE('',#7170,#7171);
#7170 = CARTESIAN_POINT('',(-0.5,-0.25,0.185));
#7171 = VECTOR('',#7172,1.);
#7172 = DIRECTION('',(0.,1.,0.));
#7173 = PLANE('',#7174);
#7174 = AXIS2_PLACEMENT_3D('',#7175,#7176,#7177);
#7175 = CARTESIAN_POINT('',(-0.5,-0.25,0.));
#7176 = DIRECTION('',(1.,0.,0.));
#7177 = DIRECTION('',(0.,0.,1.));
#7178 = ADVANCED_FACE('',(#7179),#7191,.T.);
#7179 = FACE_BOUND('',#7180,.T.);
#7180 = EDGE_LOOP('',(#7181,#7182,#7183,#7190));
#7181 = ORIENTED_EDGE('',*,*,#6564,.T.);
#7182 = ORIENTED_EDGE('',*,*,#7016,.T.);
#7183 = ORIENTED_EDGE('',*,*,#7184,.F.);
#7184 = EDGE_CURVE('',#7161,#7009,#7185,.T.);
#7185 = CIRCLE('',#7186,1.5E-02);
#7186 = AXIS2_PLACEMENT_3D('',#7187,#7188,#7189);
#7187 = CARTESIAN_POINT('',(-0.485,0.25,0.185));
#7188 = DIRECTION('',(0.,1.,0.));
#7189 = DIRECTION('',(0.,-0.,1.));
#7190 = ORIENTED_EDGE('',*,*,#7168,.F.);
#7191 = CYLINDRICAL_SURFACE('',#7192,1.5E-02);
#7192 = AXIS2_PLACEMENT_3D('',#7193,#7194,#7195);
#7193 = CARTESIAN_POINT('',(-0.485,-0.25,0.185));
#7194 = DIRECTION('',(0.,1.,0.));
#7195 = DIRECTION('',(-1.,0.,0.));
#7196 = ADVANCED_FACE('',(#7197),#7209,.F.);
#7197 = FACE_BOUND('',#7198,.F.);
#7198 = EDGE_LOOP('',(#7199,#7200,#7201,#7208));
#7199 = ORIENTED_EDGE('',*,*,#7142,.F.);
#7200 = ORIENTED_EDGE('',*,*,#6685,.T.);
#7201 = ORIENTED_EDGE('',*,*,#7202,.T.);
#7202 = EDGE_CURVE('',#6678,#7079,#7203,.T.);
#7203 = CIRCLE('',#7204,1.5E-02);
#7204 = AXIS2_PLACEMENT_3D('',#7205,#7206,#7207);
#7205 = CARTESIAN_POINT('',(-0.365,-0.1875,1.5E-02));
#7206 = DIRECTION('',(-0.,1.,0.));
#7207 = DIRECTION('',(1.,0.,0.));
#7208 = ORIENTED_EDGE('',*,*,#7078,.T.);
#7209 = PLANE('',#7210);
#7210 = AXIS2_PLACEMENT_3D('',#7211,#7212,#7213);
#7211 = CARTESIAN_POINT('',(0.4625,-0.1875,0.3));
#7212 = DIRECTION('',(0.,1.,0.));
#7213 = DIRECTION('',(-1.,0.,0.));
#7214 = ADVANCED_FACE('',(#7215),#7227,.T.);
#7215 = FACE_BOUND('',#7216,.T.);
#7216 = EDGE_LOOP('',(#7217,#7218,#7219,#7220));
#7217 = ORIENTED_EDGE('',*,*,#6677,.F.);
#7218 = ORIENTED_EDGE('',*,*,#7202,.T.);
#7219 = ORIENTED_EDGE('',*,*,#7086,.T.);
#7220 = ORIENTED_EDGE('',*,*,#7221,.F.);
#7221 = EDGE_CURVE('',#6670,#7087,#7222,.T.);
#7222 = CIRCLE('',#7223,1.5E-02);
#7223 = AXIS2_PLACEMENT_3D('',#7224,#7225,#7226);
#7224 = CARTESIAN_POINT('',(-0.365,0.1875,1.5E-02));
#7225 = DIRECTION('',(-0.,1.,0.));
#7226 = DIRECTION('',(1.,0.,0.));
#7227 = CYLINDRICAL_SURFACE('',#7228,1.5E-02);
#7228 = AXIS2_PLACEMENT_3D('',#7229,#7230,#7231);
#7229 = CARTESIAN_POINT('',(-0.365,-0.25,1.5E-02));
#7230 = DIRECTION('',(0.,1.,0.));
#7231 = DIRECTION('',(1.,0.,0.));
#7232 = ADVANCED_FACE('',(#7233),#7244,.F.);
#7233 = FACE_BOUND('',#7234,.F.);
#7234 = EDGE_LOOP('',(#7235,#7236,#7242,#7243));
#7235 = ORIENTED_EDGE('',*,*,#6669,.T.);
#7236 = ORIENTED_EDGE('',*,*,#7237,.T.);
#7237 = EDGE_CURVE('',#6662,#7095,#7238,.T.);
#7238 = LINE('',#7239,#7240);
#7239 = CARTESIAN_POINT('',(-0.4625,0.1875,0.3));
#7240 = VECTOR('',#7241,1.);
#7241 = DIRECTION('',(-0.,-0.,-1.));
#7242 = ORIENTED_EDGE('',*,*,#7094,.T.);
#7243 = ORIENTED_EDGE('',*,*,#7221,.F.);
#7244 = PLANE('',#7245);
#7245 = AXIS2_PLACEMENT_3D('',#7246,#7247,#7248);
#7246 = CARTESIAN_POINT('',(-0.4625,0.1875,0.3));
#7247 = DIRECTION('',(0.,-1.,0.));
#7248 = DIRECTION('',(1.,0.,0.));
#7249 = ADVANCED_FACE('',(#7250),#7261,.F.);
#7250 = FACE_BOUND('',#7251,.F.);
#7251 = EDGE_LOOP('',(#7252,#7253,#7254,#7260));
#7252 = ORIENTED_EDGE('',*,*,#7237,.F.);
#7253 = ORIENTED_EDGE('',*,*,#6661,.T.);
#7254 = ORIENTED_EDGE('',*,*,#7255,.F.);
#7255 = EDGE_CURVE('',#7056,#6654,#7256,.T.);
#7256 = LINE('',#7257,#7258);
#7257 = CARTESIAN_POINT('',(-0.4625,0.25,0.15));
#7258 = VECTOR('',#7259,1.);
#7259 = DIRECTION('',(0.,0.,1.));
#7260 = ORIENTED_EDGE('',*,*,#7102,.T.);
#7261 = PLANE('',#7262);
#7262 = AXIS2_PLACEMENT_3D('',#7263,#7264,#7265);
#7263 = CARTESIAN_POINT('',(-0.4625,0.3125,0.3));
#7264 = DIRECTION('',(-1.,0.,0.));
#7265 = DIRECTION('',(0.,-1.,0.));
#7266 = ADVANCED_FACE('',(#7267),#7292,.F.);
#7267 = FACE_BOUND('',#7268,.F.);
#7268 = EDGE_LOOP('',(#7269,#7270,#7278,#7286));
#7269 = ORIENTED_EDGE('',*,*,#6645,.T.);
#7270 = ORIENTED_EDGE('',*,*,#7271,.T.);
#7271 = EDGE_CURVE('',#6638,#7272,#7274,.T.);
#7272 = VERTEX_POINT('',#7273);
#7273 = CARTESIAN_POINT('',(0.4625,0.1875,0.));
#7274 = LINE('',#7275,#7276);
#7275 = CARTESIAN_POINT('',(0.4625,0.1875,0.3));
#7276 = VECTOR('',#7277,1.);
#7277 = DIRECTION('',(-0.,-0.,-1.));
#7278 = ORIENTED_EDGE('',*,*,#7279,.T.);
#7279 = EDGE_CURVE('',#7272,#7280,#7282,.T.);
#7280 = VERTEX_POINT('',#7281);
#7281 = CARTESIAN_POINT('',(0.4625,0.25,0.));
#7282 = LINE('',#7283,#7284);
#7283 = CARTESIAN_POINT('',(0.4625,-3.125E-02,0.));
#7284 = VECTOR('',#7285,1.);
#7285 = DIRECTION('',(0.,1.,0.));
#7286 = ORIENTED_EDGE('',*,*,#7287,.F.);
#7287 = EDGE_CURVE('',#6646,#7280,#7288,.T.);
#7288 = LINE('',#7289,#7290);
#7289 = CARTESIAN_POINT('',(0.4625,0.25,0.15));
#7290 = VECTOR('',#7291,1.);
#7291 = DIRECTION('',(0.,0.,-1.));
#7292 = PLANE('',#7293);
#7293 = AXIS2_PLACEMENT_3D('',#7294,#7295,#7296);
#7294 = CARTESIAN_POINT('',(0.4625,0.1875,0.3));
#7295 = DIRECTION('',(1.,0.,0.));
#7296 = DIRECTION('',(-0.,1.,0.));
#7297 = ADVANCED_FACE('',(#7298),#7317,.F.);
#7298 = FACE_BOUND('',#7299,.F.);
#7299 = EDGE_LOOP('',(#7300,#7301,#7302,#7311));
#7300 = ORIENTED_EDGE('',*,*,#7271,.F.);
#7301 = ORIENTED_EDGE('',*,*,#6637,.T.);
#7302 = ORIENTED_EDGE('',*,*,#7303,.F.);
#7303 = EDGE_CURVE('',#7304,#6630,#7306,.T.);
#7304 = VERTEX_POINT('',#7305);
#7305 = CARTESIAN_POINT('',(0.365,0.1875,-1.734723475977E-18));
#7306 = CIRCLE('',#7307,1.5E-02);
#7307 = AXIS2_PLACEMENT_3D('',#7308,#7309,#7310);
#7308 = CARTESIAN_POINT('',(0.365,0.1875,1.5E-02));
#7309 = DIRECTION('',(0.,1.,-0.));
#7310 = DIRECTION('',(-1.,0.,0.));
#7311 = ORIENTED_EDGE('',*,*,#7312,.T.);
#7312 = EDGE_CURVE('',#7304,#7272,#7313,.T.);
#7313 = LINE('',#7314,#7315);
#7314 = CARTESIAN_POINT('',(-5.625E-02,0.1875,0.));
#7315 = VECTOR('',#7316,1.);
#7316 = DIRECTION('',(1.,0.,0.));
#7317 = PLANE('',#7318);
#7318 = AXIS2_PLACEMENT_3D('',#7319,#7320,#7321);
#7319 = CARTESIAN_POINT('',(-0.4625,0.1875,0.3));
#7320 = DIRECTION('',(0.,-1.,0.));
#7321 = DIRECTION('',(1.,0.,0.));
#7322 = ADVANCED_FACE('',(#7323),#7342,.T.);
#7323 = FACE_BOUND('',#7324,.T.);
#7324 = EDGE_LOOP('',(#7325,#7326,#7334,#7341));
#7325 = ORIENTED_EDGE('',*,*,#7303,.F.);
#7326 = ORIENTED_EDGE('',*,*,#7327,.F.);
#7327 = EDGE_CURVE('',#7328,#7304,#7330,.T.);
#7328 = VERTEX_POINT('',#7329);
#7329 = CARTESIAN_POINT('',(0.365,-0.1875,-1.734723475977E-18));
#7330 = LINE('',#7331,#7332);
#7331 = CARTESIAN_POINT('',(0.365,-0.25,-1.734723475977E-18));
#7332 = VECTOR('',#7333,1.);
#7333 = DIRECTION('',(0.,1.,0.));
#7334 = ORIENTED_EDGE('',*,*,#7335,.T.);
#7335 = EDGE_CURVE('',#7328,#6622,#7336,.T.);
#7336 = CIRCLE('',#7337,1.5E-02);
#7337 = AXIS2_PLACEMENT_3D('',#7338,#7339,#7340);
#7338 = CARTESIAN_POINT('',(0.365,-0.1875,1.5E-02));
#7339 = DIRECTION('',(0.,1.,-0.));
#7340 = DIRECTION('',(-1.,0.,0.));
#7341 = ORIENTED_EDGE('',*,*,#6629,.T.);
#7342 = CYLINDRICAL_SURFACE('',#7343,1.5E-02);
#7343 = AXIS2_PLACEMENT_3D('',#7344,#7345,#7346);
#7344 = CARTESIAN_POINT('',(0.365,-0.25,1.5E-02));
#7345 = DIRECTION('',(0.,1.,0.));
#7346 = DIRECTION('',(-1.,0.,0.));
#7347 = ADVANCED_FACE('',(#7348),#7366,.F.);
#7348 = FACE_BOUND('',#7349,.F.);
#7349 = EDGE_LOOP('',(#7350,#7351,#7359,#7365));
#7350 = ORIENTED_EDGE('',*,*,#6621,.T.);
#7351 = ORIENTED_EDGE('',*,*,#7352,.T.);
#7352 = EDGE_CURVE('',#6614,#7353,#7355,.T.);
#7353 = VERTEX_POINT('',#7354);
#7354 = CARTESIAN_POINT('',(0.4625,-0.1875,0.));
#7355 = LINE('',#7356,#7357);
#7356 = CARTESIAN_POINT('',(0.4625,-0.1875,0.3));
#7357 = VECTOR('',#7358,1.);
#7358 = DIRECTION('',(-0.,-0.,-1.));
#7359 = ORIENTED_EDGE('',*,*,#7360,.T.);
#7360 = EDGE_CURVE('',#7353,#7328,#7361,.T.);
#7361 = LINE('',#7362,#7363);
#7362 = CARTESIAN_POINT('',(0.40625,-0.1875,0.));
#7363 = VECTOR('',#7364,1.);
#7364 = DIRECTION('',(-1.,0.,0.));
#7365 = ORIENTED_EDGE('',*,*,#7335,.T.);
#7366 = PLANE('',#7367);
#7367 = AXIS2_PLACEMENT_3D('',#7368,#7369,#7370);
#7368 = CARTESIAN_POINT('',(0.4625,-0.1875,0.3));
#7369 = DIRECTION('',(0.,1.,0.));
#7370 = DIRECTION('',(-1.,0.,0.));
#7371 = ADVANCED_FACE('',(#7372),#7383,.F.);
#7372 = FACE_BOUND('',#7373,.F.);
#7373 = EDGE_LOOP('',(#7374,#7375,#7376,#7377));
#7374 = ORIENTED_EDGE('',*,*,#7352,.F.);
#7375 = ORIENTED_EDGE('',*,*,#6613,.T.);
#7376 = ORIENTED_EDGE('',*,*,#6735,.T.);
#7377 = ORIENTED_EDGE('',*,*,#7378,.T.);
#7378 = EDGE_CURVE('',#6726,#7353,#7379,.T.);
#7379 = LINE('',#7380,#7381);
#7380 = CARTESIAN_POINT('',(0.4625,-0.28125,0.));
#7381 = VECTOR('',#7382,1.);
#7382 = DIRECTION('',(0.,1.,0.));
#7383 = PLANE('',#7384);
#7384 = AXIS2_PLACEMENT_3D('',#7385,#7386,#7387);
#7385 = CARTESIAN_POINT('',(0.4625,-0.3125,0.3));
#7386 = DIRECTION('',(1.,0.,0.));
#7387 = DIRECTION('',(-0.,1.,0.));
#7388 = ADVANCED_FACE('',(#7389),#7414,.T.);
#7389 = FACE_BOUND('',#7390,.T.);
#7390 = EDGE_LOOP('',(#7391,#7399,#7400,#7408));
#7391 = ORIENTED_EDGE('',*,*,#7392,.T.);
#7392 = EDGE_CURVE('',#7393,#6694,#7395,.T.);
#7393 = VERTEX_POINT('',#7394);
#7394 = CARTESIAN_POINT('',(0.173205080757,0.2,7.5E-03));
#7395 = LINE('',#7396,#7397);
#7396 = CARTESIAN_POINT('',(0.173205080757,0.2,7.5E-03));
#7397 = VECTOR('',#7398,1.);
#7398 = DIRECTION('',(0.,0.,1.));
#7399 = ORIENTED_EDGE('',*,*,#6693,.T.);
#7400 = ORIENTED_EDGE('',*,*,#7401,.F.);
#7401 = EDGE_CURVE('',#7402,#6696,#7404,.T.);
#7402 = VERTEX_POINT('',#7403);
#7403 = CARTESIAN_POINT('',(0.173205080757,-0.2,7.5E-03));
#7404 = LINE('',#7405,#7406);
#7405 = CARTESIAN_POINT('',(0.173205080757,-0.2,7.5E-03));
#7406 = VECTOR('',#7407,1.);
#7407 = DIRECTION('',(0.,0.,1.));
#7408 = ORIENTED_EDGE('',*,*,#7409,.F.);
#7409 = EDGE_CURVE('',#7393,#7402,#7410,.T.);
#7410 = LINE('',#7411,#7412);
#7411 = CARTESIAN_POINT('',(0.173205080757,0.2,7.5E-03));
#7412 = VECTOR('',#7413,1.);
#7413 = DIRECTION('',(0.,-1.,0.));
#7414 = PLANE('',#7415);
#7415 = AXIS2_PLACEMENT_3D('',#7416,#7417,#7418);
#7416 = CARTESIAN_POINT('',(0.173205080757,0.2,7.5E-03));
#7417 = DIRECTION('',(1.,0.,0.));
#7418 = DIRECTION('',(0.,-1.,0.));
#7419 = ADVANCED_FACE('',(#7420),#7438,.T.);
#7420 = FACE_BOUND('',#7421,.T.);
#7421 = EDGE_LOOP('',(#7422,#7430,#7431,#7432));
#7422 = ORIENTED_EDGE('',*,*,#7423,.T.);
#7423 = EDGE_CURVE('',#7424,#6704,#7426,.T.);
#7424 = VERTEX_POINT('',#7425);
#7425 = CARTESIAN_POINT('',(-0.173205080757,0.,7.5E-03));
#7426 = LINE('',#7427,#7428);
#7427 = CARTESIAN_POINT('',(-0.173205080757,0.,7.5E-03));
#7428 = VECTOR('',#7429,1.);
#7429 = DIRECTION('',(0.,0.,1.));
#7430 = ORIENTED_EDGE('',*,*,#6711,.T.);
#7431 = ORIENTED_EDGE('',*,*,#7392,.F.);
#7432 = ORIENTED_EDGE('',*,*,#7433,.F.);
#7433 = EDGE_CURVE('',#7424,#7393,#7434,.T.);
#7434 = LINE('',#7435,#7436);
#7435 = CARTESIAN_POINT('',(-0.173205080757,0.,7.5E-03));
#7436 = VECTOR('',#7437,1.);
#7437 = DIRECTION('',(0.866025403784,0.5,0.));
#7438 = PLANE('',#7439);
#7439 = AXIS2_PLACEMENT_3D('',#7440,#7441,#7442);
#7440 = CARTESIAN_POINT('',(-0.173205080757,0.,7.5E-03));
#7441 = DIRECTION('',(-0.5,0.866025403784,0.));
#7442 = DIRECTION('',(0.866025403784,0.5,0.));
#7443 = ADVANCED_FACE('',(#7444),#7455,.T.);
#7444 = FACE_BOUND('',#7445,.T.);
#7445 = EDGE_LOOP('',(#7446,#7447,#7448,#7449));
#7446 = ORIENTED_EDGE('',*,*,#7401,.T.);
#7447 = ORIENTED_EDGE('',*,*,#6703,.T.);
#7448 = ORIENTED_EDGE('',*,*,#7423,.F.);
#7449 = ORIENTED_EDGE('',*,*,#7450,.F.);
#7450 = EDGE_CURVE('',#7402,#7424,#7451,.T.);
#7451 = LINE('',#7452,#7453);
#7452 = CARTESIAN_POINT('',(0.173205080757,-0.2,7.5E-03));
#7453 = VECTOR('',#7454,1.);
#7454 = DIRECTION('',(-0.866025403784,0.5,0.));
#7455 = PLANE('',#7456);
#7456 = AXIS2_PLACEMENT_3D('',#7457,#7458,#7459);
#7457 = CARTESIAN_POINT('',(0.173205080757,-0.2,7.5E-03));
#7458 = DIRECTION('',(-0.5,-0.866025403784,0.));
#7459 = DIRECTION('',(-0.866025403784,0.5,0.));
#7460 = ADVANCED_FACE('',(#7461),#7483,.F.);
#7461 = FACE_BOUND('',#7462,.F.);
#7462 = EDGE_LOOP('',(#7463,#7471,#7472,#7473,#7474,#7475,#7476,#7477));
#7463 = ORIENTED_EDGE('',*,*,#7464,.F.);
#7464 = EDGE_CURVE('',#7280,#7465,#7467,.T.);
#7465 = VERTEX_POINT('',#7466);
#7466 = CARTESIAN_POINT('',(0.485,0.25,-1.734723475977E-18));
#7467 = LINE('',#7468,#7469);
#7468 = CARTESIAN_POINT('',(0.35,0.25,0.));
#7469 = VECTOR('',#7470,1.);
#7470 = DIRECTION('',(1.,0.,0.));
#7471 = ORIENTED_EDGE('',*,*,#7279,.F.);
#7472 = ORIENTED_EDGE('',*,*,#7312,.F.);
#7473 = ORIENTED_EDGE('',*,*,#7327,.F.);
#7474 = ORIENTED_EDGE('',*,*,#7360,.F.);
#7475 = ORIENTED_EDGE('',*,*,#7378,.F.);
#7476 = ORIENTED_EDGE('',*,*,#6725,.T.);
#7477 = ORIENTED_EDGE('',*,*,#7478,.T.);
#7478 = EDGE_CURVE('',#6728,#7465,#7479,.T.);
#7479 = LINE('',#7480,#7481);
#7480 = CARTESIAN_POINT('',(0.485,-0.25,-1.734723475977E-18));
#7481 = VECTOR('',#7482,1.);
#7482 = DIRECTION('',(0.,1.,0.));
#7483 = PLANE('',#7484);
#7484 = AXIS2_PLACEMENT_3D('',#7485,#7486,#7487);
#7485 = CARTESIAN_POINT('',(0.35,-0.25,0.));
#7486 = DIRECTION('',(0.,0.,1.));
#7487 = DIRECTION('',(1.,0.,-0.));
#7488 = ADVANCED_FACE('',(#7489),#7508,.T.);
#7489 = FACE_BOUND('',#7490,.T.);
#7490 = EDGE_LOOP('',(#7491,#7492,#7493,#7502));
#7491 = ORIENTED_EDGE('',*,*,#6777,.T.);
#7492 = ORIENTED_EDGE('',*,*,#7478,.T.);
#7493 = ORIENTED_EDGE('',*,*,#7494,.F.);
#7494 = EDGE_CURVE('',#7495,#7465,#7497,.T.);
#7495 = VERTEX_POINT('',#7496);
#7496 = CARTESIAN_POINT('',(0.5,0.25,1.5E-02));
#7497 = CIRCLE('',#7498,1.5E-02);
#7498 = AXIS2_PLACEMENT_3D('',#7499,#7500,#7501);
#7499 = CARTESIAN_POINT('',(0.485,0.25,1.5E-02));
#7500 = DIRECTION('',(0.,1.,0.));
#7501 = DIRECTION('',(0.,-0.,1.));
#7502 = ORIENTED_EDGE('',*,*,#7503,.F.);
#7503 = EDGE_CURVE('',#6770,#7495,#7504,.T.);
#7504 = LINE('',#7505,#7506);
#7505 = CARTESIAN_POINT('',(0.5,-0.25,1.5E-02));
#7506 = VECTOR('',#7507,1.);
#7507 = DIRECTION('',(0.,1.,0.));
#7508 = CYLINDRICAL_SURFACE('',#7509,1.5E-02);
#7509 = AXIS2_PLACEMENT_3D('',#7510,#7511,#7512);
#7510 = CARTESIAN_POINT('',(0.485,-0.25,1.5E-02));
#7511 = DIRECTION('',(0.,1.,0.));
#7512 = DIRECTION('',(1.,0.,0.));
#7513 = ADVANCED_FACE('',(#7514),#7532,.T.);
#7514 = FACE_BOUND('',#7515,.T.);
#7515 = EDGE_LOOP('',(#7516,#7517,#7518,#7526));
#7516 = ORIENTED_EDGE('',*,*,#6769,.F.);
#7517 = ORIENTED_EDGE('',*,*,#7503,.T.);
#7518 = ORIENTED_EDGE('',*,*,#7519,.T.);
#7519 = EDGE_CURVE('',#7495,#7520,#7522,.T.);
#7520 = VERTEX_POINT('',#7521);
#7521 = CARTESIAN_POINT('',(0.5,0.25,0.185));
#7522 = LINE('',#7523,#7524);
#7523 = CARTESIAN_POINT('',(0.5,0.25,0.));
#7524 = VECTOR('',#7525,1.);
#7525 = DIRECTION('',(0.,0.,1.));
#7526 = ORIENTED_EDGE('',*,*,#7527,.F.);
#7527 = EDGE_CURVE('',#6761,#7520,#7528,.T.);
#7528 = LINE('',#7529,#7530);
#7529 = CARTESIAN_POINT('',(0.5,-0.25,0.185));
#7530 = VECTOR('',#7531,1.);
#7531 = DIRECTION('',(0.,1.,0.));
#7532 = PLANE('',#7533);
#7533 = AXIS2_PLACEMENT_3D('',#7534,#7535,#7536);
#7534 = CARTESIAN_POINT('',(0.5,-0.25,0.));
#7535 = DIRECTION('',(1.,0.,0.));
#7536 = DIRECTION('',(0.,0.,1.));
#7537 = ADVANCED_FACE('',(#7538),#7557,.T.);
#7538 = FACE_BOUND('',#7539,.T.);
#7539 = EDGE_LOOP('',(#7540,#7541,#7550,#7556));
#7540 = ORIENTED_EDGE('',*,*,#7527,.T.);
#7541 = ORIENTED_EDGE('',*,*,#7542,.T.);
#7542 = EDGE_CURVE('',#7520,#7543,#7545,.T.);
#7543 = VERTEX_POINT('',#7544);
#7544 = CARTESIAN_POINT('',(0.485,0.25,0.2));
#7545 = CIRCLE('',#7546,1.5E-02);
#7546 = AXIS2_PLACEMENT_3D('',#7547,#7548,#7549);
#7547 = CARTESIAN_POINT('',(0.485,0.25,0.185));
#7548 = DIRECTION('',(0.,-1.,0.));
#7549 = DIRECTION('',(0.,0.,1.));
#7550 = ORIENTED_EDGE('',*,*,#7551,.F.);
#7551 = EDGE_CURVE('',#6753,#7543,#7552,.T.);
#7552 = LINE('',#7553,#7554);
#7553 = CARTESIAN_POINT('',(0.485,-0.25,0.2));
#7554 = VECTOR('',#7555,1.);
#7555 = DIRECTION('',(0.,1.,0.));
#7556 = ORIENTED_EDGE('',*,*,#6760,.F.);
#7557 = CYLINDRICAL_SURFACE('',#7558,1.5E-02);
#7558 = AXIS2_PLACEMENT_3D('',#7559,#7560,#7561);
#7559 = CARTESIAN_POINT('',(0.485,-0.25,0.185));
#7560 = DIRECTION('',(0.,1.,0.));
#7561 = DIRECTION('',(1.,0.,0.));
#7562 = ADVANCED_FACE('',(#7563),#7604,.T.);
#7563 = FACE_BOUND('',#7564,.T.);
#7564 = EDGE_LOOP('',(#7565,#7573,#7581,#7587,#7588,#7596,#7602,#7603));
#7565 = ORIENTED_EDGE('',*,*,#7566,.F.);
#7566 = EDGE_CURVE('',#7567,#7543,#7569,.T.);
#7567 = VERTEX_POINT('',#7568);
#7568 = CARTESIAN_POINT('',(0.4625,0.25,0.2));
#7569 = LINE('',#7570,#7571);
#7570 = CARTESIAN_POINT('',(0.35,0.25,0.2));
#7571 = VECTOR('',#7572,1.);
#7572 = DIRECTION('',(1.,0.,0.));
#7573 = ORIENTED_EDGE('',*,*,#7574,.F.);
#7574 = EDGE_CURVE('',#7575,#7567,#7577,.T.);
#7575 = VERTEX_POINT('',#7576);
#7576 = CARTESIAN_POINT('',(0.4625,0.1875,0.2));
#7577 = LINE('',#7578,#7579);
#7578 = CARTESIAN_POINT('',(0.4625,-3.125E-02,0.2));
#7579 = VECTOR('',#7580,1.);
#7580 = DIRECTION('',(0.,1.,0.));
#7581 = ORIENTED_EDGE('',*,*,#7582,.F.);
#7582 = EDGE_CURVE('',#6858,#7575,#7583,.T.);
#7583 = LINE('',#7584,#7585);
#7584 = CARTESIAN_POINT('',(-5.625E-02,0.1875,0.2));
#7585 = VECTOR('',#7586,1.);
#7586 = DIRECTION('',(1.,0.,0.));
#7587 = ORIENTED_EDGE('',*,*,#6857,.F.);
#7588 = ORIENTED_EDGE('',*,*,#7589,.F.);
#7589 = EDGE_CURVE('',#7590,#6849,#7592,.T.);
#7590 = VERTEX_POINT('',#7591);
#7591 = CARTESIAN_POINT('',(0.4625,-0.1875,0.2));
#7592 = LINE('',#7593,#7594);
#7593 = CARTESIAN_POINT('',(0.40625,-0.1875,0.2));
#7594 = VECTOR('',#7595,1.);
#7595 = DIRECTION('',(-1.,0.,0.));
#7596 = ORIENTED_EDGE('',*,*,#7597,.F.);
#7597 = EDGE_CURVE('',#6745,#7590,#7598,.T.);
#7598 = LINE('',#7599,#7600);
#7599 = CARTESIAN_POINT('',(0.4625,-0.28125,0.2));
#7600 = VECTOR('',#7601,1.);
#7601 = DIRECTION('',(0.,1.,0.));
#7602 = ORIENTED_EDGE('',*,*,#6752,.T.);
#7603 = ORIENTED_EDGE('',*,*,#7551,.T.);
#7604 = PLANE('',#7605);
#7605 = AXIS2_PLACEMENT_3D('',#7606,#7607,#7608);
#7606 = CARTESIAN_POINT('',(0.35,-0.25,0.2));
#7607 = DIRECTION('',(0.,0.,1.));
#7608 = DIRECTION('',(1.,0.,-0.));
#7609 = ADVANCED_FACE('',(#7610),#7621,.F.);
#7610 = FACE_BOUND('',#7611,.F.);
#7611 = EDGE_LOOP('',(#7612,#7618,#7619,#7620));
#7612 = ORIENTED_EDGE('',*,*,#7613,.F.);
#7613 = EDGE_CURVE('',#7590,#6793,#7614,.T.);
#7614 = LINE('',#7615,#7616);
#7615 = CARTESIAN_POINT('',(0.4625,-0.1875,0.3));
#7616 = VECTOR('',#7617,1.);
#7617 = DIRECTION('',(-0.,-0.,-1.));
#7618 = ORIENTED_EDGE('',*,*,#7597,.F.);
#7619 = ORIENTED_EDGE('',*,*,#6744,.T.);
#7620 = ORIENTED_EDGE('',*,*,#6802,.F.);
#7621 = PLANE('',#7622);
#7622 = AXIS2_PLACEMENT_3D('',#7623,#7624,#7625);
#7623 = CARTESIAN_POINT('',(0.4625,-0.3125,0.3));
#7624 = DIRECTION('',(1.,0.,0.));
#7625 = DIRECTION('',(-0.,1.,0.));
#7626 = ADVANCED_FACE('',(#7627),#7633,.F.);
#7627 = FACE_BOUND('',#7628,.F.);
#7628 = EDGE_LOOP('',(#7629,#7630,#7631,#7632));
#7629 = ORIENTED_EDGE('',*,*,#7589,.F.);
#7630 = ORIENTED_EDGE('',*,*,#7613,.T.);
#7631 = ORIENTED_EDGE('',*,*,#6792,.F.);
#7632 = ORIENTED_EDGE('',*,*,#6848,.T.);
#7633 = PLANE('',#7634);
#7634 = AXIS2_PLACEMENT_3D('',#7635,#7636,#7637);
#7635 = CARTESIAN_POINT('',(0.4625,-0.1875,0.3));
#7636 = DIRECTION('',(0.,1.,0.));
#7637 = DIRECTION('',(-1.,0.,0.));
#7638 = ADVANCED_FACE('',(#7639),#7655,.F.);
#7639 = FACE_BOUND('',#7640,.F.);
#7640 = EDGE_LOOP('',(#7641,#7642,#7648,#7649));
#7641 = ORIENTED_EDGE('',*,*,#7574,.F.);
#7642 = ORIENTED_EDGE('',*,*,#7643,.T.);
#7643 = EDGE_CURVE('',#7575,#6826,#7644,.T.);
#7644 = LINE('',#7645,#7646);
#7645 = CARTESIAN_POINT('',(0.4625,0.1875,0.3));
#7646 = VECTOR('',#7647,1.);
#7647 = DIRECTION('',(-0.,-0.,-1.));
#7648 = ORIENTED_EDGE('',*,*,#6833,.F.);
#7649 = ORIENTED_EDGE('',*,*,#7650,.F.);
#7650 = EDGE_CURVE('',#7567,#6817,#7651,.T.);
#7651 = LINE('',#7652,#7653);
#7652 = CARTESIAN_POINT('',(0.4625,0.25,0.15));
#7653 = VECTOR('',#7654,1.);
#7654 = DIRECTION('',(0.,0.,-1.));
#7655 = PLANE('',#7656);
#7656 = AXIS2_PLACEMENT_3D('',#7657,#7658,#7659);
#7657 = CARTESIAN_POINT('',(0.4625,0.1875,0.3));
#7658 = DIRECTION('',(1.,0.,0.));
#7659 = DIRECTION('',(-0.,1.,0.));
#7660 = ADVANCED_FACE('',(#7661),#7667,.F.);
#7661 = FACE_BOUND('',#7662,.F.);
#7662 = EDGE_LOOP('',(#7663,#7664,#7665,#7666));
#7663 = ORIENTED_EDGE('',*,*,#7643,.F.);
#7664 = ORIENTED_EDGE('',*,*,#7582,.F.);
#7665 = ORIENTED_EDGE('',*,*,#6865,.F.);
#7666 = ORIENTED_EDGE('',*,*,#6825,.F.);
#7667 = PLANE('',#7668);
#7668 = AXIS2_PLACEMENT_3D('',#7669,#7670,#7671);
#7669 = CARTESIAN_POINT('',(-0.4625,0.1875,0.3));
#7670 = DIRECTION('',(0.,-1.,0.));
#7671 = DIRECTION('',(1.,0.,0.));
#7672 = ADVANCED_FACE('',(#7673),#7685,.T.);
#7673 = FACE_BOUND('',#7674,.T.);
#7674 = EDGE_LOOP('',(#7675,#7676,#7677,#7678,#7679,#7680,#7681,#7682,
    #7683,#7684));
#7675 = ORIENTED_EDGE('',*,*,#7053,.F.);
#7676 = ORIENTED_EDGE('',*,*,#7124,.F.);
#7677 = ORIENTED_EDGE('',*,*,#7160,.T.);
#7678 = ORIENTED_EDGE('',*,*,#7184,.T.);
#7679 = ORIENTED_EDGE('',*,*,#7008,.T.);
#7680 = ORIENTED_EDGE('',*,*,#6969,.F.);
#7681 = ORIENTED_EDGE('',*,*,#6896,.F.);
#7682 = ORIENTED_EDGE('',*,*,#6888,.F.);
#7683 = ORIENTED_EDGE('',*,*,#6880,.T.);
#7684 = ORIENTED_EDGE('',*,*,#7255,.F.);
#7685 = PLANE('',#7686);
#7686 = AXIS2_PLACEMENT_3D('',#7687,#7688,#7689);
#7687 = CARTESIAN_POINT('',(-0.5,0.25,0.));
#7688 = DIRECTION('',(0.,1.,0.));
#7689 = DIRECTION('',(0.,-0.,1.));
#7690 = ADVANCED_FACE('',(#7691),#7703,.T.);
#7691 = FACE_BOUND('',#7692,.T.);
#7692 = EDGE_LOOP('',(#7693,#7694,#7695,#7696,#7697,#7698,#7699,#7700,
    #7701,#7702));
#7693 = ORIENTED_EDGE('',*,*,#7464,.F.);
#7694 = ORIENTED_EDGE('',*,*,#7287,.F.);
#7695 = ORIENTED_EDGE('',*,*,#6921,.T.);
#7696 = ORIENTED_EDGE('',*,*,#6913,.T.);
#7697 = ORIENTED_EDGE('',*,*,#6905,.F.);
#7698 = ORIENTED_EDGE('',*,*,#7650,.F.);
#7699 = ORIENTED_EDGE('',*,*,#7566,.T.);
#7700 = ORIENTED_EDGE('',*,*,#7542,.F.);
#7701 = ORIENTED_EDGE('',*,*,#7519,.F.);
#7702 = ORIENTED_EDGE('',*,*,#7494,.T.);
#7703 = PLANE('',#7704);
#7704 = AXIS2_PLACEMENT_3D('',#7705,#7706,#7707);
#7705 = CARTESIAN_POINT('',(0.35,0.25,0.));
#7706 = DIRECTION('',(0.,1.,0.));
#7707 = DIRECTION('',(0.,-0.,1.));
#7708 = ADVANCED_FACE('',(#7709),#7714,.T.);
#7709 = FACE_BOUND('',#7710,.T.);
#7710 = EDGE_LOOP('',(#7711,#7712,#7713));
#7711 = ORIENTED_EDGE('',*,*,#7433,.T.);
#7712 = ORIENTED_EDGE('',*,*,#7409,.T.);
#7713 = ORIENTED_EDGE('',*,*,#7450,.T.);
#7714 = PLANE('',#7715);
#7715 = AXIS2_PLACEMENT_3D('',#7716,#7717,#7718);
#7716 = CARTESIAN_POINT('',(5.773502691896E-02,0.,7.5E-03));
#7717 = DIRECTION('',(-0.,-0.,-1.));
#7718 = DIRECTION('',(-1.,0.,0.));
#7719 = ( GEOMETRIC_REPRESENTATION_CONTEXT(3) 
GLOBAL_UNCERTAINTY_ASSIGNED_CONTEXT((#7723)) 
GLOBAL_UNIT_ASSIGNED_CONTEXT((#7720,#7721,#7722)) REPRESENTATION_CONTEXT
('Context #1','3D Context with UNIT and UNCERTAINTY') );
#7720 = ( LENGTH_UNIT() NAMED_UNIT(*) SI_UNIT(.MILLI.,.METRE.) );
#7721 = ( NAMED_UNIT(*) PLANE_ANGLE_UNIT() SI_UNIT($,.RADIAN.) );
#7722 = ( NAMED_UNIT(*) SI_UNIT($,.STERADIAN.) SOLID_ANGLE_UNIT() );
#7723 = UNCERTAINTY_MEASURE_WITH_UNIT(LENGTH_MEASURE(1.E-07),#7720,
  'distance_accuracy_value','confusion accuracy');
#7724 = CONTEXT_DEPENDENT_SHAPE_REPRESENTATION(#7725,#7727);
#7725 = ( REPRESENTATION_RELATIONSHIP('','',#6195,#6172) 
REPRESENTATION_RELATIONSHIP_WITH_TRANSFORMATION(#7726) 
SHAPE_REPRESENTATION_RELATIONSHIP() );
#7726 = ITEM_DEFINED_TRANSFORMATION('','',#11,#6173);
#7727 = PRODUCT_DEFINITION_SHAPE('Placement','Placement of an item',
  #7728);
#7728 = NEXT_ASSEMBLY_USAGE_OCCURRENCE('20','=>[0:1:1:13]','',#6167,
  #6190,$);
#7729 = PRODUCT_RELATED_PRODUCT_CATEGORY('part',$,(#6192));
#7730 = CONTEXT_DEPENDENT_SHAPE_REPRESENTATION(#7731,#7733);
#7731 = ( REPRESENTATION_RELATIONSHIP('','',#2869,#10) 
REPRESENTATION_RELATIONSHIP_WITH_TRANSFORMATION(#7732) 
SHAPE_REPRESENTATION_RELATIONSHIP() );
#7732 = ITEM_DEFINED_TRANSFORMATION('','',#11,#75);
#7733 = PRODUCT_DEFINITION_SHAPE('Placement','Placement of an item',
  #7734);
#7734 = NEXT_ASSEMBLY_USAGE_OCCURRENCE('22','R32','',#5,#2864,$);
#7735 = CONTEXT_DEPENDENT_SHAPE_REPRESENTATION(#7736,#7738);
#7736 = ( REPRESENTATION_RELATIONSHIP('','',#220,#10) 
REPRESENTATION_RELATIONSHIP_WITH_TRANSFORMATION(#7737) 
SHAPE_REPRESENTATION_RELATIONSHIP() );
#7737 = ITEM_DEFINED_TRANSFORMATION('','',#11,#79);
#7738 = PRODUCT_DEFINITION_SHAPE('Placement','Placement of an item',
  #7739);
#7739 = NEXT_ASSEMBLY_USAGE_OCCURRENCE('23','C15','',#5,#215,$);
#7740 = CONTEXT_DEPENDENT_SHAPE_REPRESENTATION(#7741,#7743);
#7741 = ( REPRESENTATION_RELATIONSHIP('','',#2012,#10) 
REPRESENTATION_RELATIONSHIP_WITH_TRANSFORMATION(#7742) 
SHAPE_REPRESENTATION_RELATIONSHIP() );
#7742 = ITEM_DEFINED_TRANSFORMATION('','',#11,#83);
#7743 = PRODUCT_DEFINITION_SHAPE('Placement','Placement of an item',
  #7744);
#7744 = NEXT_ASSEMBLY_USAGE_OCCURRENCE('24','R28','',#5,#2007,$);
#7745 = CONTEXT_DEPENDENT_SHAPE_REPRESENTATION(#7746,#7748);
#7746 = ( REPRESENTATION_RELATIONSHIP('','',#2012,#10) 
REPRESENTATION_RELATIONSHIP_WITH_TRANSFORMATION(#7747) 
SHAPE_REPRESENTATION_RELATIONSHIP() );
#7747 = ITEM_DEFINED_TRANSFORMATION('','',#11,#87);
#7748 = PRODUCT_DEFINITION_SHAPE('Placement','Placement of an item',
  #7749);
#7749 = NEXT_ASSEMBLY_USAGE_OCCURRENCE('25','R6','',#5,#2007,$);
#7750 = CONTEXT_DEPENDENT_SHAPE_REPRESENTATION(#7751,#7753);
#7751 = ( REPRESENTATION_RELATIONSHIP('','',#2869,#10) 
REPRESENTATION_RELATIONSHIP_WITH_TRANSFORMATION(#7752) 
SHAPE_REPRESENTATION_RELATIONSHIP() );
#7752 = ITEM_DEFINED_TRANSFORMATION('','',#11,#91);
#7753 = PRODUCT_DEFINITION_SHAPE('Placement','Placement of an item',
  #7754);
#7754 = NEXT_ASSEMBLY_USAGE_OCCURRENCE('26','R33','',#5,#2864,$);
#7755 = CONTEXT_DEPENDENT_SHAPE_REPRESENTATION(#7756,#7758);
#7756 = ( REPRESENTATION_RELATIONSHIP('','',#220,#10) 
REPRESENTATION_RELATIONSHIP_WITH_TRANSFORMATION(#7757) 
SHAPE_REPRESENTATION_RELATIONSHIP() );
#7757 = ITEM_DEFINED_TRANSFORMATION('','',#11,#95);
#7758 = PRODUCT_DEFINITION_SHAPE('Placement','Placement of an item',
  #7759);
#7759 = NEXT_ASSEMBLY_USAGE_OCCURRENCE('27','C5','',#5,#215,$);
#7760 = CONTEXT_DEPENDENT_SHAPE_REPRESENTATION(#7761,#7763);
#7761 = ( REPRESENTATION_RELATIONSHIP('','',#220,#10) 
REPRESENTATION_RELATIONSHIP_WITH_TRANSFORMATION(#7762) 
SHAPE_REPRESENTATION_RELATIONSHIP() );
#7762 = ITEM_DEFINED_TRANSFORMATION('','',#11,#99);
#7763 = PRODUCT_DEFINITION_SHAPE('Placement','Placement of an item',
  #7764);
#7764 = NEXT_ASSEMBLY_USAGE_OCCURRENCE('28','C13','',#5,#215,$);
#7765 = CONTEXT_DEPENDENT_SHAPE_REPRESENTATION(#7766,#7768);
#7766 = ( REPRESENTATION_RELATIONSHIP('','',#2012,#10) 
REPRESENTATION_RELATIONSHIP_WITH_TRANSFORMATION(#7767) 
SHAPE_REPRESENTATION_RELATIONSHIP() );
#7767 = ITEM_DEFINED_TRANSFORMATION('','',#11,#103);
#7768 = PRODUCT_DEFINITION_SHAPE('Placement','Placement of an item',
  #7769);
#7769 = NEXT_ASSEMBLY_USAGE_OCCURRENCE('29','R17','',#5,#2007,$);
#7770 = CONTEXT_DEPENDENT_SHAPE_REPRESENTATION(#7771,#7773);
#7771 = ( REPRESENTATION_RELATIONSHIP('','',#2012,#10) 
REPRESENTATION_RELATIONSHIP_WITH_TRANSFORMATION(#7772) 
SHAPE_REPRESENTATION_RELATIONSHIP() );
#7772 = ITEM_DEFINED_TRANSFORMATION('','',#11,#107);
#7773 = PRODUCT_DEFINITION_SHAPE('Placement','Placement of an item',
  #7774);
#7774 = NEXT_ASSEMBLY_USAGE_OCCURRENCE('30','R20','',#5,#2007,$);
#7775 = CONTEXT_DEPENDENT_SHAPE_REPRESENTATION(#7776,#7778);
#7776 = ( REPRESENTATION_RELATIONSHIP('','',#2012,#10) 
REPRESENTATION_RELATIONSHIP_WITH_TRANSFORMATION(#7777) 
SHAPE_REPRESENTATION_RELATIONSHIP() );
#7777 = ITEM_DEFINED_TRANSFORMATION('','',#11,#111);
#7778 = PRODUCT_DEFINITION_SHAPE('Placement','Placement of an item',
  #7779);
#7779 = NEXT_ASSEMBLY_USAGE_OCCURRENCE('31','R16','',#5,#2007,$);
#7780 = CONTEXT_DEPENDENT_SHAPE_REPRESENTATION(#7781,#7783);
#7781 = ( REPRESENTATION_RELATIONSHIP('','',#220,#10) 
REPRESENTATION_RELATIONSHIP_WITH_TRANSFORMATION(#7782) 
SHAPE_REPRESENTATION_RELATIONSHIP() );
#7782 = ITEM_DEFINED_TRANSFORMATION('','',#11,#115);
#7783 = PRODUCT_DEFINITION_SHAPE('Placement','Placement of an item',
  #7784);
#7784 = NEXT_ASSEMBLY_USAGE_OCCURRENCE('32','C11','',#5,#215,$);
#7785 = CONTEXT_DEPENDENT_SHAPE_REPRESENTATION(#7786,#7788);
#7786 = ( REPRESENTATION_RELATIONSHIP('','',#2012,#10) 
REPRESENTATION_RELATIONSHIP_WITH_TRANSFORMATION(#7787) 
SHAPE_REPRESENTATION_RELATIONSHIP() );
#7787 = ITEM_DEFINED_TRANSFORMATION('','',#11,#119);
#7788 = PRODUCT_DEFINITION_SHAPE('Placement','Placement of an item',
  #7789);
#7789 = NEXT_ASSEMBLY_USAGE_OCCURRENCE('33','R14','',#5,#2007,$);
#7790 = CONTEXT_DEPENDENT_SHAPE_REPRESENTATION(#7791,#7793);
#7791 = ( REPRESENTATION_RELATIONSHIP('','',#2012,#10) 
REPRESENTATION_RELATIONSHIP_WITH_TRANSFORMATION(#7792) 
SHAPE_REPRESENTATION_RELATIONSHIP() );
#7792 = ITEM_DEFINED_TRANSFORMATION('','',#11,#123);
#7793 = PRODUCT_DEFINITION_SHAPE('Placement','Placement of an item',
  #7794);
#7794 = NEXT_ASSEMBLY_USAGE_OCCURRENCE('34','R4','',#5,#2007,$);
#7795 = CONTEXT_DEPENDENT_SHAPE_REPRESENTATION(#7796,#7798);
#7796 = ( REPRESENTATION_RELATIONSHIP('','',#2869,#10) 
REPRESENTATION_RELATIONSHIP_WITH_TRANSFORMATION(#7797) 
SHAPE_REPRESENTATION_RELATIONSHIP() );
#7797 = ITEM_DEFINED_TRANSFORMATION('','',#11,#127);
#7798 = PRODUCT_DEFINITION_SHAPE('Placement','Placement of an item',
  #7799);
#7799 = NEXT_ASSEMBLY_USAGE_OCCURRENCE('35','R1','',#5,#2864,$);
#7800 = CONTEXT_DEPENDENT_SHAPE_REPRESENTATION(#7801,#7803);
#7801 = ( REPRESENTATION_RELATIONSHIP('','',#2012,#10) 
REPRESENTATION_RELATIONSHIP_WITH_TRANSFORMATION(#7802) 
SHAPE_REPRESENTATION_RELATIONSHIP() );
#7802 = ITEM_DEFINED_TRANSFORMATION('','',#11,#131);
#7803 = PRODUCT_DEFINITION_SHAPE('Placement','Placement of an item',
  #7804);
#7804 = NEXT_ASSEMBLY_USAGE_OCCURRENCE('36','R19','',#5,#2007,$);
#7805 = CONTEXT_DEPENDENT_SHAPE_REPRESENTATION(#7806,#7808);
#7806 = ( REPRESENTATION_RELATIONSHIP('','',#2012,#10) 
REPRESENTATION_RELATIONSHIP_WITH_TRANSFORMATION(#7807) 
SHAPE_REPRESENTATION_RELATIONSHIP() );
#7807 = ITEM_DEFINED_TRANSFORMATION('','',#11,#135);
#7808 = PRODUCT_DEFINITION_SHAPE('Placement','Placement of an item',
  #7809);
#7809 = NEXT_ASSEMBLY_USAGE_OCCURRENCE('37','R15','',#5,#2007,$);
#7810 = CONTEXT_DEPENDENT_SHAPE_REPRESENTATION(#7811,#7813);
#7811 = ( REPRESENTATION_RELATIONSHIP('','',#220,#10) 
REPRESENTATION_RELATIONSHIP_WITH_TRANSFORMATION(#7812) 
SHAPE_REPRESENTATION_RELATIONSHIP() );
#7812 = ITEM_DEFINED_TRANSFORMATION('','',#11,#139);
#7813 = PRODUCT_DEFINITION_SHAPE('Placement','Placement of an item',
  #7814);
#7814 = NEXT_ASSEMBLY_USAGE_OCCURRENCE('38','C16','',#5,#215,$);
#7815 = CONTEXT_DEPENDENT_SHAPE_REPRESENTATION(#7816,#7818);
#7816 = ( REPRESENTATION_RELATIONSHIP('','',#2012,#10) 
REPRESENTATION_RELATIONSHIP_WITH_TRANSFORMATION(#7817) 
SHAPE_REPRESENTATION_RELATIONSHIP() );
#7817 = ITEM_DEFINED_TRANSFORMATION('','',#11,#143);
#7818 = PRODUCT_DEFINITION_SHAPE('Placement','Placement of an item',
  #7819);
#7819 = NEXT_ASSEMBLY_USAGE_OCCURRENCE('39','R18','',#5,#2007,$);
#7820 = CONTEXT_DEPENDENT_SHAPE_REPRESENTATION(#7821,#7823);
#7821 = ( REPRESENTATION_RELATIONSHIP('','',#220,#10) 
REPRESENTATION_RELATIONSHIP_WITH_TRANSFORMATION(#7822) 
SHAPE_REPRESENTATION_RELATIONSHIP() );
#7822 = ITEM_DEFINED_TRANSFORMATION('','',#11,#147);
#7823 = PRODUCT_DEFINITION_SHAPE('Placement','Placement of an item',
  #7824);
#7824 = NEXT_ASSEMBLY_USAGE_OCCURRENCE('40','C3','',#5,#215,$);
#7825 = CONTEXT_DEPENDENT_SHAPE_REPRESENTATION(#7826,#7828);
#7826 = ( REPRESENTATION_RELATIONSHIP('','',#2012,#10) 
REPRESENTATION_RELATIONSHIP_WITH_TRANSFORMATION(#7827) 
SHAPE_REPRESENTATION_RELATIONSHIP() );
#7827 = ITEM_DEFINED_TRANSFORMATION('','',#11,#151);
#7828 = PRODUCT_DEFINITION_SHAPE('Placement','Placement of an item',
  #7829);
#7829 = NEXT_ASSEMBLY_USAGE_OCCURRENCE('41','R21','',#5,#2007,$);
#7830 = CONTEXT_DEPENDENT_SHAPE_REPRESENTATION(#7831,#7833);
#7831 = ( REPRESENTATION_RELATIONSHIP('','',#2012,#10) 
REPRESENTATION_RELATIONSHIP_WITH_TRANSFORMATION(#7832) 
SHAPE_REPRESENTATION_RELATIONSHIP() );
#7832 = ITEM_DEFINED_TRANSFORMATION('','',#11,#155);
#7833 = PRODUCT_DEFINITION_SHAPE('Placement','Placement of an item',
  #7834);
#7834 = NEXT_ASSEMBLY_USAGE_OCCURRENCE('42','R24','',#5,#2007,$);
#7835 = CONTEXT_DEPENDENT_SHAPE_REPRESENTATION(#7836,#7838);
#7836 = ( REPRESENTATION_RELATIONSHIP('','',#220,#10) 
REPRESENTATION_RELATIONSHIP_WITH_TRANSFORMATION(#7837) 
SHAPE_REPRESENTATION_RELATIONSHIP() );
#7837 = ITEM_DEFINED_TRANSFORMATION('','',#11,#159);
#7838 = PRODUCT_DEFINITION_SHAPE('Placement','Placement of an item',
  #7839);
#7839 = NEXT_ASSEMBLY_USAGE_OCCURRENCE('43','C12','',#5,#215,$);
#7840 = CONTEXT_DEPENDENT_SHAPE_REPRESENTATION(#7841,#7843);
#7841 = ( REPRESENTATION_RELATIONSHIP('','',#220,#10) 
REPRESENTATION_RELATIONSHIP_WITH_TRANSFORMATION(#7842) 
SHAPE_REPRESENTATION_RELATIONSHIP() );
#7842 = ITEM_DEFINED_TRANSFORMATION('','',#11,#163);
#7843 = PRODUCT_DEFINITION_SHAPE('Placement','Placement of an item',
  #7844);
#7844 = NEXT_ASSEMBLY_USAGE_OCCURRENCE('44','C2','',#5,#215,$);
#7845 = CONTEXT_DEPENDENT_SHAPE_REPRESENTATION(#7846,#7848);
#7846 = ( REPRESENTATION_RELATIONSHIP('','',#220,#10) 
REPRESENTATION_RELATIONSHIP_WITH_TRANSFORMATION(#7847) 
SHAPE_REPRESENTATION_RELATIONSHIP() );
#7847 = ITEM_DEFINED_TRANSFORMATION('','',#11,#167);
#7848 = PRODUCT_DEFINITION_SHAPE('Placement','Placement of an item',
  #7849);
#7849 = NEXT_ASSEMBLY_USAGE_OCCURRENCE('45','C1','',#5,#215,$);
#7850 = CONTEXT_DEPENDENT_SHAPE_REPRESENTATION(#7851,#7853);
#7851 = ( REPRESENTATION_RELATIONSHIP('','',#1116,#10) 
REPRESENTATION_RELATIONSHIP_WITH_TRANSFORMATION(#7852) 
SHAPE_REPRESENTATION_RELATIONSHIP() );
#7852 = ITEM_DEFINED_TRANSFORMATION('','',#11,#171);
#7853 = PRODUCT_DEFINITION_SHAPE('Placement','Placement of an item',
  #7854);
#7854 = NEXT_ASSEMBLY_USAGE_OCCURRENCE('46','C14','',#5,#1111,$);
#7855 = CONTEXT_DEPENDENT_SHAPE_REPRESENTATION(#7856,#7858);
#7856 = ( REPRESENTATION_RELATIONSHIP('','',#220,#10) 
REPRESENTATION_RELATIONSHIP_WITH_TRANSFORMATION(#7857) 
SHAPE_REPRESENTATION_RELATIONSHIP() );
#7857 = ITEM_DEFINED_TRANSFORMATION('','',#11,#175);
#7858 = PRODUCT_DEFINITION_SHAPE('Placement','Placement of an item',
  #7859);
#7859 = NEXT_ASSEMBLY_USAGE_OCCURRENCE('47','C4','',#5,#215,$);
#7860 = CONTEXT_DEPENDENT_SHAPE_REPRESENTATION(#7861,#7863);
#7861 = ( REPRESENTATION_RELATIONSHIP('','',#2869,#10) 
REPRESENTATION_RELATIONSHIP_WITH_TRANSFORMATION(#7862) 
SHAPE_REPRESENTATION_RELATIONSHIP() );
#7862 = ITEM_DEFINED_TRANSFORMATION('','',#11,#179);
#7863 = PRODUCT_DEFINITION_SHAPE('Placement','Placement of an item',
  #7864);
#7864 = NEXT_ASSEMBLY_USAGE_OCCURRENCE('48','R2','',#5,#2864,$);
#7865 = CONTEXT_DEPENDENT_SHAPE_REPRESENTATION(#7866,#7868);
#7866 = ( REPRESENTATION_RELATIONSHIP('','',#2012,#10) 
REPRESENTATION_RELATIONSHIP_WITH_TRANSFORMATION(#7867) 
SHAPE_REPRESENTATION_RELATIONSHIP() );
#7867 = ITEM_DEFINED_TRANSFORMATION('','',#11,#183);
#7868 = PRODUCT_DEFINITION_SHAPE('Placement','Placement of an item',
  #7869);
#7869 = NEXT_ASSEMBLY_USAGE_OCCURRENCE('49','R25','',#5,#2007,$);
#7870 = SHAPE_DEFINITION_REPRESENTATION(#7871,#7877);
#7871 = PRODUCT_DEFINITION_SHAPE('','',#7872);
#7872 = PRODUCT_DEFINITION('design','',#7873,#7876);
#7873 = PRODUCT_DEFINITION_FORMATION('','',#7874);
#7874 = PRODUCT('D_SOD-523','D_SOD-523','',(#7875));
#7875 = PRODUCT_CONTEXT('',#2,'mechanical');
#7876 = PRODUCT_DEFINITION_CONTEXT('part definition',#2,'design');
#7877 = SHAPE_REPRESENTATION('',(#11,#7878),#7882);
#7878 = AXIS2_PLACEMENT_3D('',#7879,#7880,#7881);
#7879 = CARTESIAN_POINT('',(0.,0.,0.));
#7880 = DIRECTION('',(0.,0.,1.));
#7881 = DIRECTION('',(1.,0.,-0.));
#7882 = ( GEOMETRIC_REPRESENTATION_CONTEXT(3) 
GLOBAL_UNCERTAINTY_ASSIGNED_CONTEXT((#7886)) 
GLOBAL_UNIT_ASSIGNED_CONTEXT((#7883,#7884,#7885)) REPRESENTATION_CONTEXT
('Context #1','3D Context with UNIT and UNCERTAINTY') );
#7883 = ( LENGTH_UNIT() NAMED_UNIT(*) SI_UNIT(.MILLI.,.METRE.) );
#7884 = ( NAMED_UNIT(*) PLANE_ANGLE_UNIT() SI_UNIT($,.RADIAN.) );
#7885 = ( NAMED_UNIT(*) SI_UNIT($,.STERADIAN.) SOLID_ANGLE_UNIT() );
#7886 = UNCERTAINTY_MEASURE_WITH_UNIT(LENGTH_MEASURE(1.E-07),#7883,
  'distance_accuracy_value','confusion accuracy');
#7887 = CONTEXT_DEPENDENT_SHAPE_REPRESENTATION(#7888,#7890);
#7888 = ( REPRESENTATION_RELATIONSHIP('','',#7877,#10) 
REPRESENTATION_RELATIONSHIP_WITH_TRANSFORMATION(#7889) 
SHAPE_REPRESENTATION_RELATIONSHIP() );
#7889 = ITEM_DEFINED_TRANSFORMATION('','',#11,#187);
#7890 = PRODUCT_DEFINITION_SHAPE('Placement','Placement of an item',
  #7891);
#7891 = NEXT_ASSEMBLY_USAGE_OCCURRENCE('51','D1','',#5,#7872,$);
#7892 = PRODUCT_RELATED_PRODUCT_CATEGORY('part',$,(#7874));
#7893 = SHAPE_DEFINITION_REPRESENTATION(#7894,#7900);
#7894 = PRODUCT_DEFINITION_SHAPE('','',#7895);
#7895 = PRODUCT_DEFINITION('design','',#7896,#7899);
#7896 = PRODUCT_DEFINITION_FORMATION('','',#7897);
#7897 = PRODUCT('D_SOD_523','D_SOD_523','',(#7898));
#7898 = PRODUCT_CONTEXT('',#2,'mechanical');
#7899 = PRODUCT_DEFINITION_CONTEXT('part definition',#2,'design');
#7900 = ADVANCED_BREP_SHAPE_REPRESENTATION('',(#11,#7901),#8621);
#7901 = MANIFOLD_SOLID_BREP('',#7902);
#7902 = CLOSED_SHELL('',(#7903,#7943,#7978,#8002,#8030,#8047,#8077,#8115
    ,#8138,#8187,#8210,#8233,#8291,#8314,#8330,#8358,#8389,#8417,#8436,
    #8467,#8491,#8515,#8532,#8556,#8580,#8597,#8609));
#7903 = ADVANCED_FACE('',(#7904),#7938,.T.);
#7904 = FACE_BOUND('',#7905,.T.);
#7905 = EDGE_LOOP('',(#7906,#7916,#7924,#7932));
#7906 = ORIENTED_EDGE('',*,*,#7907,.F.);
#7907 = EDGE_CURVE('',#7908,#7910,#7912,.T.);
#7908 = VERTEX_POINT('',#7909);
#7909 = CARTESIAN_POINT('',(0.8,-0.15,0.));
#7910 = VERTEX_POINT('',#7911);
#7911 = CARTESIAN_POINT('',(0.8,-0.15,0.14));
#7912 = LINE('',#7913,#7914);
#7913 = CARTESIAN_POINT('',(0.8,-0.15,0.));
#7914 = VECTOR('',#7915,1.);
#7915 = DIRECTION('',(0.,0.,1.));
#7916 = ORIENTED_EDGE('',*,*,#7917,.T.);
#7917 = EDGE_CURVE('',#7908,#7918,#7920,.T.);
#7918 = VERTEX_POINT('',#7919);
#7919 = CARTESIAN_POINT('',(0.8,0.15,0.));
#7920 = LINE('',#7921,#7922);
#7921 = CARTESIAN_POINT('',(0.8,-0.15,0.));
#7922 = VECTOR('',#7923,1.);
#7923 = DIRECTION('',(3.330669073875E-16,1.,0.));
#7924 = ORIENTED_EDGE('',*,*,#7925,.T.);
#7925 = EDGE_CURVE('',#7918,#7926,#7928,.T.);
#7926 = VERTEX_POINT('',#7927);
#7927 = CARTESIAN_POINT('',(0.8,0.15,0.14));
#7928 = LINE('',#7929,#7930);
#7929 = CARTESIAN_POINT('',(0.8,0.15,0.));
#7930 = VECTOR('',#7931,1.);
#7931 = DIRECTION('',(0.,0.,1.));
#7932 = ORIENTED_EDGE('',*,*,#7933,.F.);
#7933 = EDGE_CURVE('',#7910,#7926,#7934,.T.);
#7934 = LINE('',#7935,#7936);
#7935 = CARTESIAN_POINT('',(0.8,-0.15,0.14));
#7936 = VECTOR('',#7937,1.);
#7937 = DIRECTION('',(3.330669073875E-16,1.,0.));
#7938 = PLANE('',#7939);
#7939 = AXIS2_PLACEMENT_3D('',#7940,#7941,#7942);
#7940 = CARTESIAN_POINT('',(0.8,-0.15,0.));
#7941 = DIRECTION('',(1.,-3.330669073875E-16,0.));
#7942 = DIRECTION('',(0.,0.,1.));
#7943 = ADVANCED_FACE('',(#7944),#7973,.F.);
#7944 = FACE_BOUND('',#7945,.F.);
#7945 = EDGE_LOOP('',(#7946,#7954,#7966,#7972));
#7946 = ORIENTED_EDGE('',*,*,#7947,.F.);
#7947 = EDGE_CURVE('',#7948,#7908,#7950,.T.);
#7948 = VERTEX_POINT('',#7949);
#7949 = CARTESIAN_POINT('',(0.590210246328,-0.15,0.));
#7950 = LINE('',#7951,#7952);
#7951 = CARTESIAN_POINT('',(0.590210246328,-0.15,0.));
#7952 = VECTOR('',#7953,1.);
#7953 = DIRECTION('',(1.,-3.330669073875E-16,0.));
#7954 = ORIENTED_EDGE('',*,*,#7955,.T.);
#7955 = EDGE_CURVE('',#7948,#7956,#7958,.T.);
#7956 = VERTEX_POINT('',#7957);
#7957 = CARTESIAN_POINT('',(0.6,-0.15,0.14));
#7958 = B_SPLINE_CURVE_WITH_KNOTS('',6,(#7959,#7960,#7961,#7962,#7963,
    #7964,#7965),.UNSPECIFIED.,.F.,.F.,(7,7),(0.,1.),
  .PIECEWISE_BEZIER_KNOTS.);
#7959 = CARTESIAN_POINT('',(0.590210246328,-0.15,0.));
#7960 = CARTESIAN_POINT('',(0.592052839095,-0.15,2.635030420451E-02));
#7961 = CARTESIAN_POINT('',(0.593440858671,-0.15,4.619990891917E-02));
#7962 = CARTESIAN_POINT('',(0.595069169764,-0.15,6.948584243309E-02));
#7963 = CARTESIAN_POINT('',(0.597095662504,-0.15,9.84660387753E-02));
#7964 = CARTESIAN_POINT('',(0.599092991412,-0.15,0.127029172887));
#7965 = CARTESIAN_POINT('',(0.6,-0.15,0.14));
#7966 = ORIENTED_EDGE('',*,*,#7967,.T.);
#7967 = EDGE_CURVE('',#7956,#7910,#7968,.T.);
#7968 = LINE('',#7969,#7970);
#7969 = CARTESIAN_POINT('',(0.590210246328,-0.15,0.14));
#7970 = VECTOR('',#7971,1.);
#7971 = DIRECTION('',(1.,-3.330669073875E-16,0.));
#7972 = ORIENTED_EDGE('',*,*,#7907,.F.);
#7973 = PLANE('',#7974);
#7974 = AXIS2_PLACEMENT_3D('',#7975,#7976,#7977);
#7975 = CARTESIAN_POINT('',(0.590210246328,-0.15,0.));
#7976 = DIRECTION('',(3.330669073875E-16,1.,0.));
#7977 = DIRECTION('',(0.,-0.,1.));
#7978 = ADVANCED_FACE('',(#7979),#7997,.T.);
#7979 = FACE_BOUND('',#7980,.T.);
#7980 = EDGE_LOOP('',(#7981,#7989,#7990,#7991));
#7981 = ORIENTED_EDGE('',*,*,#7982,.F.);
#7982 = EDGE_CURVE('',#7956,#7983,#7985,.T.);
#7983 = VERTEX_POINT('',#7984);
#7984 = CARTESIAN_POINT('',(0.6,0.15,0.14));
#7985 = LINE('',#7986,#7987);
#7986 = CARTESIAN_POINT('',(0.6,-0.4,0.14));
#7987 = VECTOR('',#7988,1.);
#7988 = DIRECTION('',(0.,1.,0.));
#7989 = ORIENTED_EDGE('',*,*,#7967,.T.);
#7990 = ORIENTED_EDGE('',*,*,#7933,.T.);
#7991 = ORIENTED_EDGE('',*,*,#7992,.F.);
#7992 = EDGE_CURVE('',#7983,#7926,#7993,.T.);
#7993 = LINE('',#7994,#7995);
#7994 = CARTESIAN_POINT('',(0.590210246328,0.15,0.14));
#7995 = VECTOR('',#7996,1.);
#7996 = DIRECTION('',(1.,-3.330669073875E-16,0.));
#7997 = PLANE('',#7998);
#7998 = AXIS2_PLACEMENT_3D('',#7999,#8000,#8001);
#7999 = CARTESIAN_POINT('',(0.590210246328,-0.15,0.14));
#8000 = DIRECTION('',(0.,0.,1.));
#8001 = DIRECTION('',(1.,-3.330669073875E-16,0.));
#8002 = ADVANCED_FACE('',(#8003),#8025,.T.);
#8003 = FACE_BOUND('',#8004,.T.);
#8004 = EDGE_LOOP('',(#8005,#8013,#8023,#8024));
#8005 = ORIENTED_EDGE('',*,*,#8006,.F.);
#8006 = EDGE_CURVE('',#8007,#7918,#8009,.T.);
#8007 = VERTEX_POINT('',#8008);
#8008 = CARTESIAN_POINT('',(0.590210246328,0.15,0.));
#8009 = LINE('',#8010,#8011);
#8010 = CARTESIAN_POINT('',(0.590210246328,0.15,0.));
#8011 = VECTOR('',#8012,1.);
#8012 = DIRECTION('',(1.,-3.330669073875E-16,0.));
#8013 = ORIENTED_EDGE('',*,*,#8014,.T.);
#8014 = EDGE_CURVE('',#8007,#7983,#8015,.T.);
#8015 = B_SPLINE_CURVE_WITH_KNOTS('',6,(#8016,#8017,#8018,#8019,#8020,
    #8021,#8022),.UNSPECIFIED.,.F.,.F.,(7,7),(0.,1.),
  .PIECEWISE_BEZIER_KNOTS.);
#8016 = CARTESIAN_POINT('',(0.590210246328,0.15,0.));
#8017 = CARTESIAN_POINT('',(0.592052839095,0.15,2.635030420451E-02));
#8018 = CARTESIAN_POINT('',(0.593440858671,0.15,4.619990891917E-02));
#8019 = CARTESIAN_POINT('',(0.595069169764,0.15,6.948584243308E-02));
#8020 = CARTESIAN_POINT('',(0.597095662504,0.15,9.84660387753E-02));
#8021 = CARTESIAN_POINT('',(0.599092991412,0.15,0.127029172887));
#8022 = CARTESIAN_POINT('',(0.6,0.15,0.14));
#8023 = ORIENTED_EDGE('',*,*,#7992,.T.);
#8024 = ORIENTED_EDGE('',*,*,#7925,.F.);
#8025 = PLANE('',#8026);
#8026 = AXIS2_PLACEMENT_3D('',#8027,#8028,#8029);
#8027 = CARTESIAN_POINT('',(0.590210246328,0.15,0.));
#8028 = DIRECTION('',(3.330669073875E-16,1.,0.));
#8029 = DIRECTION('',(0.,-0.,1.));
#8030 = ADVANCED_FACE('',(#8031),#8042,.F.);
#8031 = FACE_BOUND('',#8032,.F.);
#8032 = EDGE_LOOP('',(#8033,#8039,#8040,#8041));
#8033 = ORIENTED_EDGE('',*,*,#8034,.F.);
#8034 = EDGE_CURVE('',#7948,#8007,#8035,.T.);
#8035 = LINE('',#8036,#8037);
#8036 = CARTESIAN_POINT('',(0.590210246328,-0.15,0.));
#8037 = VECTOR('',#8038,1.);
#8038 = DIRECTION('',(3.330669073875E-16,1.,0.));
#8039 = ORIENTED_EDGE('',*,*,#7947,.T.);
#8040 = ORIENTED_EDGE('',*,*,#7917,.T.);
#8041 = ORIENTED_EDGE('',*,*,#8006,.F.);
#8042 = PLANE('',#8043);
#8043 = AXIS2_PLACEMENT_3D('',#8044,#8045,#8046);
#8044 = CARTESIAN_POINT('',(0.590210246328,-0.15,0.));
#8045 = DIRECTION('',(0.,0.,1.));
#8046 = DIRECTION('',(1.,-3.330669073875E-16,0.));
#8047 = ADVANCED_FACE('',(#8048),#8072,.T.);
#8048 = FACE_BOUND('',#8049,.T.);
#8049 = EDGE_LOOP('',(#8050,#8059,#8065,#8066));
#8050 = ORIENTED_EDGE('',*,*,#8051,.F.);
#8051 = EDGE_CURVE('',#8052,#8054,#8056,.T.);
#8052 = VERTEX_POINT('',#8053);
#8053 = CARTESIAN_POINT('',(0.590210246328,-0.390210246328,0.));
#8054 = VERTEX_POINT('',#8055);
#8055 = CARTESIAN_POINT('',(0.6,-0.4,0.14));
#8056 = B_SPLINE_CURVE_WITH_KNOTS('',1,(#8057,#8058),.UNSPECIFIED.,.F.,
  .F.,(2,2),(0.,1.),.PIECEWISE_BEZIER_KNOTS.);
#8057 = CARTESIAN_POINT('',(0.590210246328,-0.390210246328,0.));
#8058 = CARTESIAN_POINT('',(0.6,-0.4,0.14));
#8059 = ORIENTED_EDGE('',*,*,#8060,.T.);
#8060 = EDGE_CURVE('',#8052,#7948,#8061,.T.);
#8061 = LINE('',#8062,#8063);
#8062 = CARTESIAN_POINT('',(0.590210246328,-0.390210246328,0.));
#8063 = VECTOR('',#8064,1.);
#8064 = DIRECTION('',(0.,1.,0.));
#8065 = ORIENTED_EDGE('',*,*,#7955,.T.);
#8066 = ORIENTED_EDGE('',*,*,#8067,.F.);
#8067 = EDGE_CURVE('',#8054,#7956,#8068,.T.);
#8068 = LINE('',#8069,#8070);
#8069 = CARTESIAN_POINT('',(0.6,-0.4,0.14));
#8070 = VECTOR('',#8071,1.);
#8071 = DIRECTION('',(0.,1.,0.));
#8072 = B_SPLINE_SURFACE_WITH_KNOTS('',1,1,(
    (#8073,#8074)
    ,(#8075,#8076
    )),.UNSPECIFIED.,.F.,.F.,.F.,(2,2),(2,2),(0.,0.8),(0.,1.),
  .PIECEWISE_BEZIER_KNOTS.);
#8073 = CARTESIAN_POINT('',(0.590210246328,-0.390210246328,0.));
#8074 = CARTESIAN_POINT('',(0.6,-0.4,0.14));
#8075 = CARTESIAN_POINT('',(0.590210246328,0.390210246328,0.));
#8076 = CARTESIAN_POINT('',(0.6,0.4,0.14));
#8077 = ADVANCED_FACE('',(#8078),#8110,.T.);
#8078 = FACE_BOUND('',#8079,.T.);
#8079 = EDGE_LOOP('',(#8080,#8081,#8082,#8090,#8097,#8105));
#8080 = ORIENTED_EDGE('',*,*,#8067,.T.);
#8081 = ORIENTED_EDGE('',*,*,#7982,.T.);
#8082 = ORIENTED_EDGE('',*,*,#8083,.T.);
#8083 = EDGE_CURVE('',#7983,#8084,#8086,.T.);
#8084 = VERTEX_POINT('',#8085);
#8085 = CARTESIAN_POINT('',(0.6,0.4,0.14));
#8086 = LINE('',#8087,#8088);
#8087 = CARTESIAN_POINT('',(0.6,-0.4,0.14));
#8088 = VECTOR('',#8089,1.);
#8089 = DIRECTION('',(0.,1.,0.));
#8090 = ORIENTED_EDGE('',*,*,#8091,.T.);
#8091 = EDGE_CURVE('',#8084,#8092,#8094,.T.);
#8092 = VERTEX_POINT('',#8093);
#8093 = CARTESIAN_POINT('',(0.565735862148,0.365735862148,0.63));
#8094 = B_SPLINE_CURVE_WITH_KNOTS('',1,(#8095,#8096),.UNSPECIFIED.,.F.,
  .F.,(2,2),(0.,1.),.PIECEWISE_BEZIER_KNOTS.);
#8095 = CARTESIAN_POINT('',(0.6,0.4,0.14));
#8096 = CARTESIAN_POINT('',(0.565735862148,0.365735862148,0.63));
#8097 = ORIENTED_EDGE('',*,*,#8098,.F.);
#8098 = EDGE_CURVE('',#8099,#8092,#8101,.T.);
#8099 = VERTEX_POINT('',#8100);
#8100 = CARTESIAN_POINT('',(0.565735862148,-0.365735862148,0.63));
#8101 = LINE('',#8102,#8103);
#8102 = CARTESIAN_POINT('',(0.565735862148,-0.365735862148,0.63));
#8103 = VECTOR('',#8104,1.);
#8104 = DIRECTION('',(0.,1.,0.));
#8105 = ORIENTED_EDGE('',*,*,#8106,.F.);
#8106 = EDGE_CURVE('',#8054,#8099,#8107,.T.);
#8107 = B_SPLINE_CURVE_WITH_KNOTS('',1,(#8108,#8109),.UNSPECIFIED.,.F.,
  .F.,(2,2),(0.,1.),.PIECEWISE_BEZIER_KNOTS.);
#8108 = CARTESIAN_POINT('',(0.6,-0.4,0.14));
#8109 = CARTESIAN_POINT('',(0.565735862148,-0.365735862148,0.63));
#8110 = B_SPLINE_SURFACE_WITH_KNOTS('',1,1,(
    (#8111,#8112)
    ,(#8113,#8114
    )),.UNSPECIFIED.,.F.,.F.,.F.,(2,2),(2,2),(0.,0.8),(0.,1.),
  .PIECEWISE_BEZIER_KNOTS.);
#8111 = CARTESIAN_POINT('',(0.6,-0.4,0.14));
#8112 = CARTESIAN_POINT('',(0.565735862148,-0.365735862148,0.63));
#8113 = CARTESIAN_POINT('',(0.6,0.4,0.14));
#8114 = CARTESIAN_POINT('',(0.565735862148,0.365735862148,0.63));
#8115 = ADVANCED_FACE('',(#8116),#8133,.T.);
#8116 = FACE_BOUND('',#8117,.T.);
#8117 = EDGE_LOOP('',(#8118,#8119,#8127,#8132));
#8118 = ORIENTED_EDGE('',*,*,#8014,.F.);
#8119 = ORIENTED_EDGE('',*,*,#8120,.T.);
#8120 = EDGE_CURVE('',#8007,#8121,#8123,.T.);
#8121 = VERTEX_POINT('',#8122);
#8122 = CARTESIAN_POINT('',(0.590210246328,0.390210246328,0.));
#8123 = LINE('',#8124,#8125);
#8124 = CARTESIAN_POINT('',(0.590210246328,-0.390210246328,0.));
#8125 = VECTOR('',#8126,1.);
#8126 = DIRECTION('',(0.,1.,0.));
#8127 = ORIENTED_EDGE('',*,*,#8128,.T.);
#8128 = EDGE_CURVE('',#8121,#8084,#8129,.T.);
#8129 = B_SPLINE_CURVE_WITH_KNOTS('',1,(#8130,#8131),.UNSPECIFIED.,.F.,
  .F.,(2,2),(0.,1.),.PIECEWISE_BEZIER_KNOTS.);
#8130 = CARTESIAN_POINT('',(0.590210246328,0.390210246328,0.));
#8131 = CARTESIAN_POINT('',(0.6,0.4,0.14));
#8132 = ORIENTED_EDGE('',*,*,#8083,.F.);
#8133 = B_SPLINE_SURFACE_WITH_KNOTS('',1,1,(
    (#8134,#8135)
    ,(#8136,#8137
    )),.UNSPECIFIED.,.F.,.F.,.F.,(2,2),(2,2),(0.,0.8),(0.,1.),
  .PIECEWISE_BEZIER_KNOTS.);
#8134 = CARTESIAN_POINT('',(0.590210246328,-0.390210246328,0.));
#8135 = CARTESIAN_POINT('',(0.6,-0.4,0.14));
#8136 = CARTESIAN_POINT('',(0.590210246328,0.390210246328,0.));
#8137 = CARTESIAN_POINT('',(0.6,0.4,0.14));
#8138 = ADVANCED_FACE('',(#8139),#8182,.T.);
#8139 = FACE_BOUND('',#8140,.T.);
#8140 = EDGE_LOOP('',(#8141,#8149,#8157,#8165,#8173,#8179,#8180,#8181));
#8141 = ORIENTED_EDGE('',*,*,#8142,.F.);
#8142 = EDGE_CURVE('',#8143,#8052,#8145,.T.);
#8143 = VERTEX_POINT('',#8144);
#8144 = CARTESIAN_POINT('',(-0.590210246328,-0.390210246328,0.));
#8145 = LINE('',#8146,#8147);
#8146 = CARTESIAN_POINT('',(-0.590210246328,-0.390210246328,0.));
#8147 = VECTOR('',#8148,1.);
#8148 = DIRECTION('',(1.,0.,0.));
#8149 = ORIENTED_EDGE('',*,*,#8150,.F.);
#8150 = EDGE_CURVE('',#8151,#8143,#8153,.T.);
#8151 = VERTEX_POINT('',#8152);
#8152 = CARTESIAN_POINT('',(-0.590210246328,-0.15,0.));
#8153 = LINE('',#8154,#8155);
#8154 = CARTESIAN_POINT('',(-0.590210246328,0.390210246328,0.));
#8155 = VECTOR('',#8156,1.);
#8156 = DIRECTION('',(0.,-1.,0.));
#8157 = ORIENTED_EDGE('',*,*,#8158,.F.);
#8158 = EDGE_CURVE('',#8159,#8151,#8161,.T.);
#8159 = VERTEX_POINT('',#8160);
#8160 = CARTESIAN_POINT('',(-0.590210246328,0.15,0.));
#8161 = LINE('',#8162,#8163);
#8162 = CARTESIAN_POINT('',(-0.590210246328,0.15,0.));
#8163 = VECTOR('',#8164,1.);
#8164 = DIRECTION('',(-2.22044604925E-16,-1.,0.));
#8165 = ORIENTED_EDGE('',*,*,#8166,.F.);
#8166 = EDGE_CURVE('',#8167,#8159,#8169,.T.);
#8167 = VERTEX_POINT('',#8168);
#8168 = CARTESIAN_POINT('',(-0.590210246328,0.390210246328,0.));
#8169 = LINE('',#8170,#8171);
#8170 = CARTESIAN_POINT('',(-0.590210246328,0.390210246328,0.));
#8171 = VECTOR('',#8172,1.);
#8172 = DIRECTION('',(0.,-1.,0.));
#8173 = ORIENTED_EDGE('',*,*,#8174,.F.);
#8174 = EDGE_CURVE('',#8121,#8167,#8175,.T.);
#8175 = LINE('',#8176,#8177);
#8176 = CARTESIAN_POINT('',(0.590210246328,0.390210246328,0.));
#8177 = VECTOR('',#8178,1.);
#8178 = DIRECTION('',(-1.,0.,0.));
#8179 = ORIENTED_EDGE('',*,*,#8120,.F.);
#8180 = ORIENTED_EDGE('',*,*,#8034,.F.);
#8181 = ORIENTED_EDGE('',*,*,#8060,.F.);
#8182 = PLANE('',#8183);
#8183 = AXIS2_PLACEMENT_3D('',#8184,#8185,#8186);
#8184 = CARTESIAN_POINT('',(-0.590210246328,-0.390210246328,0.));
#8185 = DIRECTION('',(0.,0.,-1.));
#8186 = DIRECTION('',(0.834172834624,0.551503111483,0.));
#8187 = ADVANCED_FACE('',(#8188),#8205,.T.);
#8188 = FACE_BOUND('',#8189,.T.);
#8189 = EDGE_LOOP('',(#8190,#8191,#8192,#8200));
#8190 = ORIENTED_EDGE('',*,*,#8142,.T.);
#8191 = ORIENTED_EDGE('',*,*,#8051,.T.);
#8192 = ORIENTED_EDGE('',*,*,#8193,.F.);
#8193 = EDGE_CURVE('',#8194,#8054,#8196,.T.);
#8194 = VERTEX_POINT('',#8195);
#8195 = CARTESIAN_POINT('',(-0.6,-0.4,0.14));
#8196 = LINE('',#8197,#8198);
#8197 = CARTESIAN_POINT('',(-0.6,-0.4,0.14));
#8198 = VECTOR('',#8199,1.);
#8199 = DIRECTION('',(1.,0.,0.));
#8200 = ORIENTED_EDGE('',*,*,#8201,.F.);
#8201 = EDGE_CURVE('',#8143,#8194,#8202,.T.);
#8202 = B_SPLINE_CURVE_WITH_KNOTS('',1,(#8203,#8204),.UNSPECIFIED.,.F.,
  .F.,(2,2),(0.,1.),.PIECEWISE_BEZIER_KNOTS.);
#8203 = CARTESIAN_POINT('',(-0.590210246328,-0.390210246328,0.));
#8204 = CARTESIAN_POINT('',(-0.6,-0.4,0.14));
#8205 = B_SPLINE_SURFACE_WITH_KNOTS('',1,1,(
    (#8206,#8207)
    ,(#8208,#8209
    )),.UNSPECIFIED.,.F.,.F.,.F.,(2,2),(2,2),(0.,1.2),(0.,1.),
  .PIECEWISE_BEZIER_KNOTS.);
#8206 = CARTESIAN_POINT('',(-0.590210246328,-0.390210246328,0.));
#8207 = CARTESIAN_POINT('',(-0.6,-0.4,0.14));
#8208 = CARTESIAN_POINT('',(0.590210246328,-0.390210246328,0.));
#8209 = CARTESIAN_POINT('',(0.6,-0.4,0.14));
#8210 = ADVANCED_FACE('',(#8211),#8228,.T.);
#8211 = FACE_BOUND('',#8212,.T.);
#8212 = EDGE_LOOP('',(#8213,#8214,#8215,#8223));
#8213 = ORIENTED_EDGE('',*,*,#8193,.T.);
#8214 = ORIENTED_EDGE('',*,*,#8106,.T.);
#8215 = ORIENTED_EDGE('',*,*,#8216,.F.);
#8216 = EDGE_CURVE('',#8217,#8099,#8219,.T.);
#8217 = VERTEX_POINT('',#8218);
#8218 = CARTESIAN_POINT('',(-0.565735862148,-0.365735862148,0.63));
#8219 = LINE('',#8220,#8221);
#8220 = CARTESIAN_POINT('',(-0.565735862148,-0.365735862148,0.63));
#8221 = VECTOR('',#8222,1.);
#8222 = DIRECTION('',(1.,0.,0.));
#8223 = ORIENTED_EDGE('',*,*,#8224,.F.);
#8224 = EDGE_CURVE('',#8194,#8217,#8225,.T.);
#8225 = B_SPLINE_CURVE_WITH_KNOTS('',1,(#8226,#8227),.UNSPECIFIED.,.F.,
  .F.,(2,2),(0.,1.),.PIECEWISE_BEZIER_KNOTS.);
#8226 = CARTESIAN_POINT('',(-0.6,-0.4,0.14));
#8227 = CARTESIAN_POINT('',(-0.565735862148,-0.365735862148,0.63));
#8228 = B_SPLINE_SURFACE_WITH_KNOTS('',1,1,(
    (#8229,#8230)
    ,(#8231,#8232
    )),.UNSPECIFIED.,.F.,.F.,.F.,(2,2),(2,2),(0.,1.2),(0.,1.),
  .PIECEWISE_BEZIER_KNOTS.);
#8229 = CARTESIAN_POINT('',(-0.6,-0.4,0.14));
#8230 = CARTESIAN_POINT('',(-0.565735862148,-0.365735862148,0.63));
#8231 = CARTESIAN_POINT('',(0.6,-0.4,0.14));
#8232 = CARTESIAN_POINT('',(0.565735862148,-0.365735862148,0.63));
#8233 = ADVANCED_FACE('',(#8234,#8252),#8286,.F.);
#8234 = FACE_BOUND('',#8235,.F.);
#8235 = EDGE_LOOP('',(#8236,#8237,#8245,#8251));
#8236 = ORIENTED_EDGE('',*,*,#8216,.F.);
#8237 = ORIENTED_EDGE('',*,*,#8238,.F.);
#8238 = EDGE_CURVE('',#8239,#8217,#8241,.T.);
#8239 = VERTEX_POINT('',#8240);
#8240 = CARTESIAN_POINT('',(-0.565735862148,0.365735862148,0.63));
#8241 = LINE('',#8242,#8243);
#8242 = CARTESIAN_POINT('',(-0.565735862148,0.365735862148,0.63));
#8243 = VECTOR('',#8244,1.);
#8244 = DIRECTION('',(0.,-1.,0.));
#8245 = ORIENTED_EDGE('',*,*,#8246,.F.);
#8246 = EDGE_CURVE('',#8092,#8239,#8247,.T.);
#8247 = LINE('',#8248,#8249);
#8248 = CARTESIAN_POINT('',(0.565735862148,0.365735862148,0.63));
#8249 = VECTOR('',#8250,1.);
#8250 = DIRECTION('',(-1.,0.,0.));
#8251 = ORIENTED_EDGE('',*,*,#8098,.F.);
#8252 = FACE_BOUND('',#8253,.F.);
#8253 = EDGE_LOOP('',(#8254,#8264,#8272,#8280));
#8254 = ORIENTED_EDGE('',*,*,#8255,.F.);
#8255 = EDGE_CURVE('',#8256,#8258,#8260,.T.);
#8256 = VERTEX_POINT('',#8257);
#8257 = CARTESIAN_POINT('',(-0.265735862148,0.315735862148,0.63));
#8258 = VERTEX_POINT('',#8259);
#8259 = CARTESIAN_POINT('',(-0.265735862148,-0.315735862148,0.63));
#8260 = LINE('',#8261,#8262);
#8261 = CARTESIAN_POINT('',(-0.265735862148,-0.340735862148,0.63));
#8262 = VECTOR('',#8263,1.);
#8263 = DIRECTION('',(0.,-1.,0.));
#8264 = ORIENTED_EDGE('',*,*,#8265,.F.);
#8265 = EDGE_CURVE('',#8266,#8256,#8268,.T.);
#8266 = VERTEX_POINT('',#8267);
#8267 = CARTESIAN_POINT('',(-0.515735862148,0.315735862148,0.63));
#8268 = LINE('',#8269,#8270);
#8269 = CARTESIAN_POINT('',(-0.540735862148,0.315735862148,0.63));
#8270 = VECTOR('',#8271,1.);
#8271 = DIRECTION('',(1.,0.,0.));
#8272 = ORIENTED_EDGE('',*,*,#8273,.T.);
#8273 = EDGE_CURVE('',#8266,#8274,#8276,.T.);
#8274 = VERTEX_POINT('',#8275);
#8275 = CARTESIAN_POINT('',(-0.515735862148,-0.315735862148,0.63));
#8276 = LINE('',#8277,#8278);
#8277 = CARTESIAN_POINT('',(-0.515735862148,-0.340735862148,0.63));
#8278 = VECTOR('',#8279,1.);
#8279 = DIRECTION('',(0.,-1.,0.));
#8280 = ORIENTED_EDGE('',*,*,#8281,.T.);
#8281 = EDGE_CURVE('',#8274,#8258,#8282,.T.);
#8282 = LINE('',#8283,#8284);
#8283 = CARTESIAN_POINT('',(-0.540735862148,-0.315735862148,0.63));
#8284 = VECTOR('',#8285,1.);
#8285 = DIRECTION('',(1.,0.,0.));
#8286 = PLANE('',#8287);
#8287 = AXIS2_PLACEMENT_3D('',#8288,#8289,#8290);
#8288 = CARTESIAN_POINT('',(-0.565735862148,-0.365735862148,0.63));
#8289 = DIRECTION('',(0.,0.,-1.));
#8290 = DIRECTION('',(0.839792508326,0.542907490241,0.));
#8291 = ADVANCED_FACE('',(#8292),#8309,.T.);
#8292 = FACE_BOUND('',#8293,.T.);
#8293 = EDGE_LOOP('',(#8294,#8302,#8307,#8308));
#8294 = ORIENTED_EDGE('',*,*,#8295,.T.);
#8295 = EDGE_CURVE('',#8084,#8296,#8298,.T.);
#8296 = VERTEX_POINT('',#8297);
#8297 = CARTESIAN_POINT('',(-0.6,0.4,0.14));
#8298 = LINE('',#8299,#8300);
#8299 = CARTESIAN_POINT('',(0.6,0.4,0.14));
#8300 = VECTOR('',#8301,1.);
#8301 = DIRECTION('',(-1.,0.,0.));
#8302 = ORIENTED_EDGE('',*,*,#8303,.T.);
#8303 = EDGE_CURVE('',#8296,#8239,#8304,.T.);
#8304 = B_SPLINE_CURVE_WITH_KNOTS('',1,(#8305,#8306),.UNSPECIFIED.,.F.,
  .F.,(2,2),(0.,1.),.PIECEWISE_BEZIER_KNOTS.);
#8305 = CARTESIAN_POINT('',(-0.6,0.4,0.14));
#8306 = CARTESIAN_POINT('',(-0.565735862148,0.365735862148,0.63));
#8307 = ORIENTED_EDGE('',*,*,#8246,.F.);
#8308 = ORIENTED_EDGE('',*,*,#8091,.F.);
#8309 = B_SPLINE_SURFACE_WITH_KNOTS('',1,1,(
    (#8310,#8311)
    ,(#8312,#8313
    )),.UNSPECIFIED.,.F.,.F.,.F.,(2,2),(2,2),(0.,1.2),(0.,1.),
  .PIECEWISE_BEZIER_KNOTS.);
#8310 = CARTESIAN_POINT('',(0.6,0.4,0.14));
#8311 = CARTESIAN_POINT('',(0.565735862148,0.365735862148,0.63));
#8312 = CARTESIAN_POINT('',(-0.6,0.4,0.14));
#8313 = CARTESIAN_POINT('',(-0.565735862148,0.365735862148,0.63));
#8314 = ADVANCED_FACE('',(#8315),#8325,.T.);
#8315 = FACE_BOUND('',#8316,.T.);
#8316 = EDGE_LOOP('',(#8317,#8318,#8323,#8324));
#8317 = ORIENTED_EDGE('',*,*,#8174,.T.);
#8318 = ORIENTED_EDGE('',*,*,#8319,.T.);
#8319 = EDGE_CURVE('',#8167,#8296,#8320,.T.);
#8320 = B_SPLINE_CURVE_WITH_KNOTS('',1,(#8321,#8322),.UNSPECIFIED.,.F.,
  .F.,(2,2),(0.,1.),.PIECEWISE_BEZIER_KNOTS.);
#8321 = CARTESIAN_POINT('',(-0.590210246328,0.390210246328,0.));
#8322 = CARTESIAN_POINT('',(-0.6,0.4,0.14));
#8323 = ORIENTED_EDGE('',*,*,#8295,.F.);
#8324 = ORIENTED_EDGE('',*,*,#8128,.F.);
#8325 = B_SPLINE_SURFACE_WITH_KNOTS('',1,1,(
    (#8326,#8327)
    ,(#8328,#8329
    )),.UNSPECIFIED.,.F.,.F.,.F.,(2,2),(2,2),(0.,1.2),(0.,1.),
  .PIECEWISE_BEZIER_KNOTS.);
#8326 = CARTESIAN_POINT('',(0.590210246328,0.390210246328,0.));
#8327 = CARTESIAN_POINT('',(0.6,0.4,0.14));
#8328 = CARTESIAN_POINT('',(-0.590210246328,0.390210246328,0.));
#8329 = CARTESIAN_POINT('',(-0.6,0.4,0.14));
#8330 = ADVANCED_FACE('',(#8331),#8353,.T.);
#8331 = FACE_BOUND('',#8332,.T.);
#8332 = EDGE_LOOP('',(#8333,#8345,#8346,#8347));
#8333 = ORIENTED_EDGE('',*,*,#8334,.F.);
#8334 = EDGE_CURVE('',#8151,#8335,#8337,.T.);
#8335 = VERTEX_POINT('',#8336);
#8336 = CARTESIAN_POINT('',(-0.6,-0.15,0.14));
#8337 = B_SPLINE_CURVE_WITH_KNOTS('',6,(#8338,#8339,#8340,#8341,#8342,
    #8343,#8344),.UNSPECIFIED.,.F.,.F.,(7,7),(0.,1.),
  .PIECEWISE_BEZIER_KNOTS.);
#8338 = CARTESIAN_POINT('',(-0.590210246328,-0.15,0.));
#8339 = CARTESIAN_POINT('',(-0.592052839095,-0.15,2.635030420451E-02));
#8340 = CARTESIAN_POINT('',(-0.593440858671,-0.15,4.619990891917E-02));
#8341 = CARTESIAN_POINT('',(-0.595069169764,-0.15,6.948584243309E-02));
#8342 = CARTESIAN_POINT('',(-0.597095662504,-0.15,9.84660387753E-02));
#8343 = CARTESIAN_POINT('',(-0.599092991412,-0.15,0.127029172887));
#8344 = CARTESIAN_POINT('',(-0.6,-0.15,0.14));
#8345 = ORIENTED_EDGE('',*,*,#8150,.T.);
#8346 = ORIENTED_EDGE('',*,*,#8201,.T.);
#8347 = ORIENTED_EDGE('',*,*,#8348,.F.);
#8348 = EDGE_CURVE('',#8335,#8194,#8349,.T.);
#8349 = LINE('',#8350,#8351);
#8350 = CARTESIAN_POINT('',(-0.6,0.4,0.14));
#8351 = VECTOR('',#8352,1.);
#8352 = DIRECTION('',(0.,-1.,0.));
#8353 = B_SPLINE_SURFACE_WITH_KNOTS('',1,1,(
    (#8354,#8355)
    ,(#8356,#8357
    )),.UNSPECIFIED.,.F.,.F.,.F.,(2,2),(2,2),(0.,0.8),(0.,1.),
  .PIECEWISE_BEZIER_KNOTS.);
#8354 = CARTESIAN_POINT('',(-0.590210246328,0.390210246328,0.));
#8355 = CARTESIAN_POINT('',(-0.6,0.4,0.14));
#8356 = CARTESIAN_POINT('',(-0.590210246328,-0.390210246328,0.));
#8357 = CARTESIAN_POINT('',(-0.6,-0.4,0.14));
#8358 = ADVANCED_FACE('',(#8359),#8384,.F.);
#8359 = FACE_BOUND('',#8360,.F.);
#8360 = EDGE_LOOP('',(#8361,#8362,#8370,#8378));
#8361 = ORIENTED_EDGE('',*,*,#8158,.F.);
#8362 = ORIENTED_EDGE('',*,*,#8363,.T.);
#8363 = EDGE_CURVE('',#8159,#8364,#8366,.T.);
#8364 = VERTEX_POINT('',#8365);
#8365 = CARTESIAN_POINT('',(-0.8,0.15,0.));
#8366 = LINE('',#8367,#8368);
#8367 = CARTESIAN_POINT('',(-0.590210246328,0.15,0.));
#8368 = VECTOR('',#8369,1.);
#8369 = DIRECTION('',(-1.,2.22044604925E-16,0.));
#8370 = ORIENTED_EDGE('',*,*,#8371,.T.);
#8371 = EDGE_CURVE('',#8364,#8372,#8374,.T.);
#8372 = VERTEX_POINT('',#8373);
#8373 = CARTESIAN_POINT('',(-0.8,-0.15,0.));
#8374 = LINE('',#8375,#8376);
#8375 = CARTESIAN_POINT('',(-0.8,0.15,0.));
#8376 = VECTOR('',#8377,1.);
#8377 = DIRECTION('',(-2.22044604925E-16,-1.,0.));
#8378 = ORIENTED_EDGE('',*,*,#8379,.F.);
#8379 = EDGE_CURVE('',#8151,#8372,#8380,.T.);
#8380 = LINE('',#8381,#8382);
#8381 = CARTESIAN_POINT('',(-0.590210246328,-0.15,0.));
#8382 = VECTOR('',#8383,1.);
#8383 = DIRECTION('',(-1.,2.22044604925E-16,0.));
#8384 = PLANE('',#8385);
#8385 = AXIS2_PLACEMENT_3D('',#8386,#8387,#8388);
#8386 = CARTESIAN_POINT('',(-0.590210246328,0.15,0.));
#8387 = DIRECTION('',(0.,0.,1.));
#8388 = DIRECTION('',(-1.,2.22044604925E-16,0.));
#8389 = ADVANCED_FACE('',(#8390),#8412,.T.);
#8390 = FACE_BOUND('',#8391,.T.);
#8391 = EDGE_LOOP('',(#8392,#8393,#8394,#8406));
#8392 = ORIENTED_EDGE('',*,*,#8319,.F.);
#8393 = ORIENTED_EDGE('',*,*,#8166,.T.);
#8394 = ORIENTED_EDGE('',*,*,#8395,.T.);
#8395 = EDGE_CURVE('',#8159,#8396,#8398,.T.);
#8396 = VERTEX_POINT('',#8397);
#8397 = CARTESIAN_POINT('',(-0.6,0.15,0.14));
#8398 = B_SPLINE_CURVE_WITH_KNOTS('',6,(#8399,#8400,#8401,#8402,#8403,
    #8404,#8405),.UNSPECIFIED.,.F.,.F.,(7,7),(0.,1.),
  .PIECEWISE_BEZIER_KNOTS.);
#8399 = CARTESIAN_POINT('',(-0.590210246328,0.15,0.));
#8400 = CARTESIAN_POINT('',(-0.592052839095,0.15,2.635030420451E-02));
#8401 = CARTESIAN_POINT('',(-0.593440858671,0.15,4.619990891917E-02));
#8402 = CARTESIAN_POINT('',(-0.595069169764,0.15,6.948584243309E-02));
#8403 = CARTESIAN_POINT('',(-0.597095662504,0.15,9.84660387753E-02));
#8404 = CARTESIAN_POINT('',(-0.599092991412,0.15,0.127029172887));
#8405 = CARTESIAN_POINT('',(-0.6,0.15,0.14));
#8406 = ORIENTED_EDGE('',*,*,#8407,.F.);
#8407 = EDGE_CURVE('',#8296,#8396,#8408,.T.);
#8408 = LINE('',#8409,#8410);
#8409 = CARTESIAN_POINT('',(-0.6,0.4,0.14));
#8410 = VECTOR('',#8411,1.);
#8411 = DIRECTION('',(0.,-1.,0.));
#8412 = B_SPLINE_SURFACE_WITH_KNOTS('',1,1,(
    (#8413,#8414)
    ,(#8415,#8416
    )),.UNSPECIFIED.,.F.,.F.,.F.,(2,2),(2,2),(0.,0.8),(0.,1.),
  .PIECEWISE_BEZIER_KNOTS.);
#8413 = CARTESIAN_POINT('',(-0.590210246328,0.390210246328,0.));
#8414 = CARTESIAN_POINT('',(-0.6,0.4,0.14));
#8415 = CARTESIAN_POINT('',(-0.590210246328,-0.390210246328,0.));
#8416 = CARTESIAN_POINT('',(-0.6,-0.4,0.14));
#8417 = ADVANCED_FACE('',(#8418),#8431,.T.);
#8418 = FACE_BOUND('',#8419,.T.);
#8419 = EDGE_LOOP('',(#8420,#8421,#8427,#8428,#8429,#8430));
#8420 = ORIENTED_EDGE('',*,*,#8407,.T.);
#8421 = ORIENTED_EDGE('',*,*,#8422,.T.);
#8422 = EDGE_CURVE('',#8396,#8335,#8423,.T.);
#8423 = LINE('',#8424,#8425);
#8424 = CARTESIAN_POINT('',(-0.6,0.4,0.14));
#8425 = VECTOR('',#8426,1.);
#8426 = DIRECTION('',(0.,-1.,0.));
#8427 = ORIENTED_EDGE('',*,*,#8348,.T.);
#8428 = ORIENTED_EDGE('',*,*,#8224,.T.);
#8429 = ORIENTED_EDGE('',*,*,#8238,.F.);
#8430 = ORIENTED_EDGE('',*,*,#8303,.F.);
#8431 = B_SPLINE_SURFACE_WITH_KNOTS('',1,1,(
    (#8432,#8433)
    ,(#8434,#8435
    )),.UNSPECIFIED.,.F.,.F.,.F.,(2,2),(2,2),(0.,0.8),(0.,1.),
  .PIECEWISE_BEZIER_KNOTS.);
#8432 = CARTESIAN_POINT('',(-0.6,0.4,0.14));
#8433 = CARTESIAN_POINT('',(-0.565735862148,0.365735862148,0.63));
#8434 = CARTESIAN_POINT('',(-0.6,-0.4,0.14));
#8435 = CARTESIAN_POINT('',(-0.565735862148,-0.365735862148,0.63));
#8436 = ADVANCED_FACE('',(#8437),#8462,.F.);
#8437 = FACE_BOUND('',#8438,.F.);
#8438 = EDGE_LOOP('',(#8439,#8447,#8455,#8461));
#8439 = ORIENTED_EDGE('',*,*,#8440,.F.);
#8440 = EDGE_CURVE('',#8441,#8258,#8443,.T.);
#8441 = VERTEX_POINT('',#8442);
#8442 = CARTESIAN_POINT('',(-0.265735862148,-0.315735862148,0.62));
#8443 = LINE('',#8444,#8445);
#8444 = CARTESIAN_POINT('',(-0.265735862148,-0.315735862148,0.62));
#8445 = VECTOR('',#8446,1.);
#8446 = DIRECTION('',(0.,0.,1.));
#8447 = ORIENTED_EDGE('',*,*,#8448,.T.);
#8448 = EDGE_CURVE('',#8441,#8449,#8451,.T.);
#8449 = VERTEX_POINT('',#8450);
#8450 = CARTESIAN_POINT('',(-0.265735862148,0.315735862148,0.62));
#8451 = LINE('',#8452,#8453);
#8452 = CARTESIAN_POINT('',(-0.265735862148,-0.315735862148,0.62));
#8453 = VECTOR('',#8454,1.);
#8454 = DIRECTION('',(0.,1.,0.));
#8455 = ORIENTED_EDGE('',*,*,#8456,.T.);
#8456 = EDGE_CURVE('',#8449,#8256,#8457,.T.);
#8457 = LINE('',#8458,#8459);
#8458 = CARTESIAN_POINT('',(-0.265735862148,0.315735862148,0.62));
#8459 = VECTOR('',#8460,1.);
#8460 = DIRECTION('',(0.,0.,1.));
#8461 = ORIENTED_EDGE('',*,*,#8255,.T.);
#8462 = PLANE('',#8463);
#8463 = AXIS2_PLACEMENT_3D('',#8464,#8465,#8466);
#8464 = CARTESIAN_POINT('',(-0.265735862148,-0.315735862148,0.62));
#8465 = DIRECTION('',(1.,0.,0.));
#8466 = DIRECTION('',(0.,0.,1.));
#8467 = ADVANCED_FACE('',(#8468),#8486,.T.);
#8468 = FACE_BOUND('',#8469,.T.);
#8469 = EDGE_LOOP('',(#8470,#8471,#8479,#8485));
#8470 = ORIENTED_EDGE('',*,*,#8440,.F.);
#8471 = ORIENTED_EDGE('',*,*,#8472,.F.);
#8472 = EDGE_CURVE('',#8473,#8441,#8475,.T.);
#8473 = VERTEX_POINT('',#8474);
#8474 = CARTESIAN_POINT('',(-0.515735862148,-0.315735862148,0.62));
#8475 = LINE('',#8476,#8477);
#8476 = CARTESIAN_POINT('',(-0.515735862148,-0.315735862148,0.62));
#8477 = VECTOR('',#8478,1.);
#8478 = DIRECTION('',(1.,0.,0.));
#8479 = ORIENTED_EDGE('',*,*,#8480,.T.);
#8480 = EDGE_CURVE('',#8473,#8274,#8481,.T.);
#8481 = LINE('',#8482,#8483);
#8482 = CARTESIAN_POINT('',(-0.515735862148,-0.315735862148,0.62));
#8483 = VECTOR('',#8484,1.);
#8484 = DIRECTION('',(0.,0.,1.));
#8485 = ORIENTED_EDGE('',*,*,#8281,.T.);
#8486 = PLANE('',#8487);
#8487 = AXIS2_PLACEMENT_3D('',#8488,#8489,#8490);
#8488 = CARTESIAN_POINT('',(-0.515735862148,-0.315735862148,0.62));
#8489 = DIRECTION('',(0.,1.,0.));
#8490 = DIRECTION('',(0.,-0.,1.));
#8491 = ADVANCED_FACE('',(#8492),#8510,.T.);
#8492 = FACE_BOUND('',#8493,.T.);
#8493 = EDGE_LOOP('',(#8494,#8495,#8503,#8509));
#8494 = ORIENTED_EDGE('',*,*,#8480,.F.);
#8495 = ORIENTED_EDGE('',*,*,#8496,.T.);
#8496 = EDGE_CURVE('',#8473,#8497,#8499,.T.);
#8497 = VERTEX_POINT('',#8498);
#8498 = CARTESIAN_POINT('',(-0.515735862148,0.315735862148,0.62));
#8499 = LINE('',#8500,#8501);
#8500 = CARTESIAN_POINT('',(-0.515735862148,-0.315735862148,0.62));
#8501 = VECTOR('',#8502,1.);
#8502 = DIRECTION('',(0.,1.,0.));
#8503 = ORIENTED_EDGE('',*,*,#8504,.T.);
#8504 = EDGE_CURVE('',#8497,#8266,#8505,.T.);
#8505 = LINE('',#8506,#8507);
#8506 = CARTESIAN_POINT('',(-0.515735862148,0.315735862148,0.62));
#8507 = VECTOR('',#8508,1.);
#8508 = DIRECTION('',(0.,0.,1.));
#8509 = ORIENTED_EDGE('',*,*,#8273,.T.);
#8510 = PLANE('',#8511);
#8511 = AXIS2_PLACEMENT_3D('',#8512,#8513,#8514);
#8512 = CARTESIAN_POINT('',(-0.515735862148,-0.315735862148,0.62));
#8513 = DIRECTION('',(1.,0.,0.));
#8514 = DIRECTION('',(0.,0.,1.));
#8515 = ADVANCED_FACE('',(#8516),#8527,.F.);
#8516 = FACE_BOUND('',#8517,.F.);
#8517 = EDGE_LOOP('',(#8518,#8519,#8525,#8526));
#8518 = ORIENTED_EDGE('',*,*,#8456,.F.);
#8519 = ORIENTED_EDGE('',*,*,#8520,.F.);
#8520 = EDGE_CURVE('',#8497,#8449,#8521,.T.);
#8521 = LINE('',#8522,#8523);
#8522 = CARTESIAN_POINT('',(-0.515735862148,0.315735862148,0.62));
#8523 = VECTOR('',#8524,1.);
#8524 = DIRECTION('',(1.,0.,0.));
#8525 = ORIENTED_EDGE('',*,*,#8504,.T.);
#8526 = ORIENTED_EDGE('',*,*,#8265,.T.);
#8527 = PLANE('',#8528);
#8528 = AXIS2_PLACEMENT_3D('',#8529,#8530,#8531);
#8529 = CARTESIAN_POINT('',(-0.515735862148,0.315735862148,0.62));
#8530 = DIRECTION('',(0.,1.,0.));
#8531 = DIRECTION('',(0.,-0.,1.));
#8532 = ADVANCED_FACE('',(#8533),#8551,.T.);
#8533 = FACE_BOUND('',#8534,.T.);
#8534 = EDGE_LOOP('',(#8535,#8536,#8537,#8545));
#8535 = ORIENTED_EDGE('',*,*,#8379,.F.);
#8536 = ORIENTED_EDGE('',*,*,#8334,.T.);
#8537 = ORIENTED_EDGE('',*,*,#8538,.T.);
#8538 = EDGE_CURVE('',#8335,#8539,#8541,.T.);
#8539 = VERTEX_POINT('',#8540);
#8540 = CARTESIAN_POINT('',(-0.8,-0.15,0.14));
#8541 = LINE('',#8542,#8543);
#8542 = CARTESIAN_POINT('',(-0.590210246328,-0.15,0.14));
#8543 = VECTOR('',#8544,1.);
#8544 = DIRECTION('',(-1.,2.22044604925E-16,0.));
#8545 = ORIENTED_EDGE('',*,*,#8546,.F.);
#8546 = EDGE_CURVE('',#8372,#8539,#8547,.T.);
#8547 = LINE('',#8548,#8549);
#8548 = CARTESIAN_POINT('',(-0.8,-0.15,0.));
#8549 = VECTOR('',#8550,1.);
#8550 = DIRECTION('',(0.,0.,1.));
#8551 = PLANE('',#8552);
#8552 = AXIS2_PLACEMENT_3D('',#8553,#8554,#8555);
#8553 = CARTESIAN_POINT('',(-0.590210246328,-0.15,0.));
#8554 = DIRECTION('',(-2.22044604925E-16,-1.,0.));
#8555 = DIRECTION('',(0.,0.,1.));
#8556 = ADVANCED_FACE('',(#8557),#8575,.F.);
#8557 = FACE_BOUND('',#8558,.F.);
#8558 = EDGE_LOOP('',(#8559,#8560,#8561,#8569));
#8559 = ORIENTED_EDGE('',*,*,#8363,.F.);
#8560 = ORIENTED_EDGE('',*,*,#8395,.T.);
#8561 = ORIENTED_EDGE('',*,*,#8562,.T.);
#8562 = EDGE_CURVE('',#8396,#8563,#8565,.T.);
#8563 = VERTEX_POINT('',#8564);
#8564 = CARTESIAN_POINT('',(-0.8,0.15,0.14));
#8565 = LINE('',#8566,#8567);
#8566 = CARTESIAN_POINT('',(-0.590210246328,0.15,0.14));
#8567 = VECTOR('',#8568,1.);
#8568 = DIRECTION('',(-1.,2.22044604925E-16,0.));
#8569 = ORIENTED_EDGE('',*,*,#8570,.F.);
#8570 = EDGE_CURVE('',#8364,#8563,#8571,.T.);
#8571 = LINE('',#8572,#8573);
#8572 = CARTESIAN_POINT('',(-0.8,0.15,0.));
#8573 = VECTOR('',#8574,1.);
#8574 = DIRECTION('',(0.,0.,1.));
#8575 = PLANE('',#8576);
#8576 = AXIS2_PLACEMENT_3D('',#8577,#8578,#8579);
#8577 = CARTESIAN_POINT('',(-0.590210246328,0.15,0.));
#8578 = DIRECTION('',(-2.22044604925E-16,-1.,0.));
#8579 = DIRECTION('',(0.,0.,1.));
#8580 = ADVANCED_FACE('',(#8581),#8592,.T.);
#8581 = FACE_BOUND('',#8582,.T.);
#8582 = EDGE_LOOP('',(#8583,#8584,#8585,#8586));
#8583 = ORIENTED_EDGE('',*,*,#8570,.F.);
#8584 = ORIENTED_EDGE('',*,*,#8371,.T.);
#8585 = ORIENTED_EDGE('',*,*,#8546,.T.);
#8586 = ORIENTED_EDGE('',*,*,#8587,.F.);
#8587 = EDGE_CURVE('',#8563,#8539,#8588,.T.);
#8588 = LINE('',#8589,#8590);
#8589 = CARTESIAN_POINT('',(-0.8,0.15,0.14));
#8590 = VECTOR('',#8591,1.);
#8591 = DIRECTION('',(-2.22044604925E-16,-1.,0.));
#8592 = PLANE('',#8593);
#8593 = AXIS2_PLACEMENT_3D('',#8594,#8595,#8596);
#8594 = CARTESIAN_POINT('',(-0.8,0.15,0.));
#8595 = DIRECTION('',(-1.,2.22044604925E-16,0.));
#8596 = DIRECTION('',(0.,0.,1.));
#8597 = ADVANCED_FACE('',(#8598),#8604,.T.);
#8598 = FACE_BOUND('',#8599,.T.);
#8599 = EDGE_LOOP('',(#8600,#8601,#8602,#8603));
#8600 = ORIENTED_EDGE('',*,*,#8422,.F.);
#8601 = ORIENTED_EDGE('',*,*,#8562,.T.);
#8602 = ORIENTED_EDGE('',*,*,#8587,.T.);
#8603 = ORIENTED_EDGE('',*,*,#8538,.F.);
#8604 = PLANE('',#8605);
#8605 = AXIS2_PLACEMENT_3D('',#8606,#8607,#8608);
#8606 = CARTESIAN_POINT('',(-0.590210246328,0.15,0.14));
#8607 = DIRECTION('',(0.,0.,1.));
#8608 = DIRECTION('',(-1.,2.22044604925E-16,0.));
#8609 = ADVANCED_FACE('',(#8610),#8616,.T.);
#8610 = FACE_BOUND('',#8611,.T.);
#8611 = EDGE_LOOP('',(#8612,#8613,#8614,#8615));
#8612 = ORIENTED_EDGE('',*,*,#8496,.F.);
#8613 = ORIENTED_EDGE('',*,*,#8472,.T.);
#8614 = ORIENTED_EDGE('',*,*,#8448,.T.);
#8615 = ORIENTED_EDGE('',*,*,#8520,.F.);
#8616 = PLANE('',#8617);
#8617 = AXIS2_PLACEMENT_3D('',#8618,#8619,#8620);
#8618 = CARTESIAN_POINT('',(-0.515735862148,-0.315735862148,0.62));
#8619 = DIRECTION('',(0.,0.,1.));
#8620 = DIRECTION('',(1.,0.,-0.));
#8621 = ( GEOMETRIC_REPRESENTATION_CONTEXT(3) 
GLOBAL_UNCERTAINTY_ASSIGNED_CONTEXT((#8625)) 
GLOBAL_UNIT_ASSIGNED_CONTEXT((#8622,#8623,#8624)) REPRESENTATION_CONTEXT
('Context #1','3D Context with UNIT and UNCERTAINTY') );
#8622 = ( LENGTH_UNIT() NAMED_UNIT(*) SI_UNIT(.MILLI.,.METRE.) );
#8623 = ( NAMED_UNIT(*) PLANE_ANGLE_UNIT() SI_UNIT($,.RADIAN.) );
#8624 = ( NAMED_UNIT(*) SI_UNIT($,.STERADIAN.) SOLID_ANGLE_UNIT() );
#8625 = UNCERTAINTY_MEASURE_WITH_UNIT(LENGTH_MEASURE(1.E-07),#8622,
  'distance_accuracy_value','confusion accuracy');
#8626 = CONTEXT_DEPENDENT_SHAPE_REPRESENTATION(#8627,#8629);
#8627 = ( REPRESENTATION_RELATIONSHIP('','',#7900,#7877) 
REPRESENTATION_RELATIONSHIP_WITH_TRANSFORMATION(#8628) 
SHAPE_REPRESENTATION_RELATIONSHIP() );
#8628 = ITEM_DEFINED_TRANSFORMATION('','',#11,#7878);
#8629 = PRODUCT_DEFINITION_SHAPE('Placement','Placement of an item',
  #8630);
#8630 = NEXT_ASSEMBLY_USAGE_OCCURRENCE('50','=>[0:1:1:15]','',#7872,
  #7895,$);
#8631 = PRODUCT_RELATED_PRODUCT_CATEGORY('part',$,(#7897));
#8632 = CONTEXT_DEPENDENT_SHAPE_REPRESENTATION(#8633,#8635);
#8633 = ( REPRESENTATION_RELATIONSHIP('','',#2012,#10) 
REPRESENTATION_RELATIONSHIP_WITH_TRANSFORMATION(#8634) 
SHAPE_REPRESENTATION_RELATIONSHIP() );
#8634 = ITEM_DEFINED_TRANSFORMATION('','',#11,#191);
#8635 = PRODUCT_DEFINITION_SHAPE('Placement','Placement of an item',
  #8636);
#8636 = NEXT_ASSEMBLY_USAGE_OCCURRENCE('52','R11','',#5,#2007,$);
#8637 = CONTEXT_DEPENDENT_SHAPE_REPRESENTATION(#8638,#8640);
#8638 = ( REPRESENTATION_RELATIONSHIP('','',#1116,#10) 
REPRESENTATION_RELATIONSHIP_WITH_TRANSFORMATION(#8639) 
SHAPE_REPRESENTATION_RELATIONSHIP() );
#8639 = ITEM_DEFINED_TRANSFORMATION('','',#11,#195);
#8640 = PRODUCT_DEFINITION_SHAPE('Placement','Placement of an item',
  #8641);
#8641 = NEXT_ASSEMBLY_USAGE_OCCURRENCE('53','C8','',#5,#1111,$);
#8642 = CONTEXT_DEPENDENT_SHAPE_REPRESENTATION(#8643,#8645);
#8643 = ( REPRESENTATION_RELATIONSHIP('','',#2869,#10) 
REPRESENTATION_RELATIONSHIP_WITH_TRANSFORMATION(#8644) 
SHAPE_REPRESENTATION_RELATIONSHIP() );
#8644 = ITEM_DEFINED_TRANSFORMATION('','',#11,#199);
#8645 = PRODUCT_DEFINITION_SHAPE('Placement','Placement of an item',
  #8646);
#8646 = NEXT_ASSEMBLY_USAGE_OCCURRENCE('54','R3','',#5,#2864,$);
#8647 = SHAPE_DEFINITION_REPRESENTATION(#8648,#8654);
#8648 = PRODUCT_DEFINITION_SHAPE('','',#8649);
#8649 = PRODUCT_DEFINITION('design','',#8650,#8653);
#8650 = PRODUCT_DEFINITION_FORMATION('','',#8651);
#8651 = PRODUCT('elicio-v4_PCB','elicio-v4_PCB','',(#8652));
#8652 = PRODUCT_CONTEXT('',#2,'mechanical');
#8653 = PRODUCT_DEFINITION_CONTEXT('part definition',#2,'design');
#8654 = ADVANCED_BREP_SHAPE_REPRESENTATION('',(#11,#8655),#11907);
#8655 = MANIFOLD_SOLID_BREP('',#8656);
#8656 = CLOSED_SHELL('',(#8657,#8697,#8728,#8759,#9545,#10331,#10348,
    #10365,#10382,#10399,#10416,#10433,#10450,#10467,#10484,#10501,
    #10518,#10535,#10552,#10569,#10586,#10603,#10620,#10637,#10654,
    #10671,#10688,#10705,#10722,#10739,#10756,#10773,#10790,#10807,
    #10824,#10841,#10858,#10875,#10892,#10909,#10926,#10943,#10960,
    #10977,#10994,#11011,#11028,#11045,#11062,#11079,#11096,#11113,
    #11130,#11147,#11164,#11181,#11198,#11215,#11232,#11249,#11266,
    #11283,#11300,#11317,#11334,#11351,#11368,#11385,#11402,#11419,
    #11436,#11453,#11470,#11487,#11504,#11521,#11538,#11555,#11572,
    #11589,#11606,#11623,#11640,#11657,#11674,#11691,#11708,#11720,
    #11737,#11754,#11771,#11788,#11805,#11822,#11839,#11856,#11873,
    #11890));
#8657 = ADVANCED_FACE('',(#8658),#8692,.T.);
#8658 = FACE_BOUND('',#8659,.T.);
#8659 = EDGE_LOOP('',(#8660,#8670,#8678,#8686));
#8660 = ORIENTED_EDGE('',*,*,#8661,.T.);
#8661 = EDGE_CURVE('',#8662,#8664,#8666,.T.);
#8662 = VERTEX_POINT('',#8663);
#8663 = CARTESIAN_POINT('',(11.359338,8.862813,0.));
#8664 = VERTEX_POINT('',#8665);
#8665 = CARTESIAN_POINT('',(11.359338,8.862813,2.E-02));
#8666 = LINE('',#8667,#8668);
#8667 = CARTESIAN_POINT('',(11.359338,8.862813,0.));
#8668 = VECTOR('',#8669,1.);
#8669 = DIRECTION('',(0.,0.,1.));
#8670 = ORIENTED_EDGE('',*,*,#8671,.T.);
#8671 = EDGE_CURVE('',#8664,#8672,#8674,.T.);
#8672 = VERTEX_POINT('',#8673);
#8673 = CARTESIAN_POINT('',(12.230425,8.434794,2.E-02));
#8674 = LINE('',#8675,#8676);
#8675 = CARTESIAN_POINT('',(11.359338,8.862813,2.E-02));
#8676 = VECTOR('',#8677,1.);
#8677 = DIRECTION('',(0.89750677328,-0.441000671107,0.));
#8678 = ORIENTED_EDGE('',*,*,#8679,.F.);
#8679 = EDGE_CURVE('',#8680,#8672,#8682,.T.);
#8680 = VERTEX_POINT('',#8681);
#8681 = CARTESIAN_POINT('',(12.230425,8.434794,0.));
#8682 = LINE('',#8683,#8684);
#8683 = CARTESIAN_POINT('',(12.230425,8.434794,0.));
#8684 = VECTOR('',#8685,1.);
#8685 = DIRECTION('',(0.,0.,1.));
#8686 = ORIENTED_EDGE('',*,*,#8687,.F.);
#8687 = EDGE_CURVE('',#8662,#8680,#8688,.T.);
#8688 = LINE('',#8689,#8690);
#8689 = CARTESIAN_POINT('',(11.359338,8.862813,0.));
#8690 = VECTOR('',#8691,1.);
#8691 = DIRECTION('',(0.89750677328,-0.441000671107,0.));
#8692 = PLANE('',#8693);
#8693 = AXIS2_PLACEMENT_3D('',#8694,#8695,#8696);
#8694 = CARTESIAN_POINT('',(11.359338,8.862813,0.));
#8695 = DIRECTION('',(0.441000671107,0.89750677328,-0.));
#8696 = DIRECTION('',(0.89750677328,-0.441000671107,0.));
#8697 = ADVANCED_FACE('',(#8698),#8723,.T.);
#8698 = FACE_BOUND('',#8699,.T.);
#8699 = EDGE_LOOP('',(#8700,#8710,#8716,#8717));
#8700 = ORIENTED_EDGE('',*,*,#8701,.T.);
#8701 = EDGE_CURVE('',#8702,#8704,#8706,.T.);
#8702 = VERTEX_POINT('',#8703);
#8703 = CARTESIAN_POINT('',(10.4,9.01,0.));
#8704 = VERTEX_POINT('',#8705);
#8705 = CARTESIAN_POINT('',(10.4,9.01,2.E-02));
#8706 = LINE('',#8707,#8708);
#8707 = CARTESIAN_POINT('',(10.4,9.01,0.));
#8708 = VECTOR('',#8709,1.);
#8709 = DIRECTION('',(0.,0.,1.));
#8710 = ORIENTED_EDGE('',*,*,#8711,.T.);
#8711 = EDGE_CURVE('',#8704,#8664,#8712,.T.);
#8712 = LINE('',#8713,#8714);
#8713 = CARTESIAN_POINT('',(10.4,9.01,2.E-02));
#8714 = VECTOR('',#8715,1.);
#8715 = DIRECTION('',(0.98843408911,-0.151651084679,0.));
#8716 = ORIENTED_EDGE('',*,*,#8661,.F.);
#8717 = ORIENTED_EDGE('',*,*,#8718,.F.);
#8718 = EDGE_CURVE('',#8702,#8662,#8719,.T.);
#8719 = LINE('',#8720,#8721);
#8720 = CARTESIAN_POINT('',(10.4,9.01,0.));
#8721 = VECTOR('',#8722,1.);
#8722 = DIRECTION('',(0.98843408911,-0.151651084679,0.));
#8723 = PLANE('',#8724);
#8724 = AXIS2_PLACEMENT_3D('',#8725,#8726,#8727);
#8725 = CARTESIAN_POINT('',(10.4,9.01,0.));
#8726 = DIRECTION('',(0.151651084679,0.98843408911,-0.));
#8727 = DIRECTION('',(0.98843408911,-0.151651084679,0.));
#8728 = ADVANCED_FACE('',(#8729),#8754,.T.);
#8729 = FACE_BOUND('',#8730,.T.);
#8730 = EDGE_LOOP('',(#8731,#8732,#8740,#8748));
#8731 = ORIENTED_EDGE('',*,*,#8679,.T.);
#8732 = ORIENTED_EDGE('',*,*,#8733,.T.);
#8733 = EDGE_CURVE('',#8672,#8734,#8736,.T.);
#8734 = VERTEX_POINT('',#8735);
#8735 = CARTESIAN_POINT('',(12.933128,7.765315,2.E-02));
#8736 = LINE('',#8737,#8738);
#8737 = CARTESIAN_POINT('',(12.230425,8.434794,2.E-02));
#8738 = VECTOR('',#8739,1.);
#8739 = DIRECTION('',(0.724015431724,-0.68978377382,0.));
#8740 = ORIENTED_EDGE('',*,*,#8741,.F.);
#8741 = EDGE_CURVE('',#8742,#8734,#8744,.T.);
#8742 = VERTEX_POINT('',#8743);
#8743 = CARTESIAN_POINT('',(12.933128,7.765315,0.));
#8744 = LINE('',#8745,#8746);
#8745 = CARTESIAN_POINT('',(12.933128,7.765315,0.));
#8746 = VECTOR('',#8747,1.);
#8747 = DIRECTION('',(0.,0.,1.));
#8748 = ORIENTED_EDGE('',*,*,#8749,.F.);
#8749 = EDGE_CURVE('',#8680,#8742,#8750,.T.);
#8750 = LINE('',#8751,#8752);
#8751 = CARTESIAN_POINT('',(12.230425,8.434794,0.));
#8752 = VECTOR('',#8753,1.);
#8753 = DIRECTION('',(0.724015431724,-0.68978377382,0.));
#8754 = PLANE('',#8755);
#8755 = AXIS2_PLACEMENT_3D('',#8756,#8757,#8758);
#8756 = CARTESIAN_POINT('',(12.230425,8.434794,0.));
#8757 = DIRECTION('',(0.68978377382,0.724015431724,-0.));
#8758 = DIRECTION('',(0.724015431724,-0.68978377382,0.));
#8759 = ADVANCED_FACE('',(#8760,#9419,#9430,#9441,#9452,#9463,#9474,
    #9485,#9496,#9507,#9518,#9529),#9540,.F.);
#8760 = FACE_BOUND('',#8761,.F.);
#8761 = EDGE_LOOP('',(#8762,#8763,#8764,#8772,#8780,#8788,#8796,#8804,
    #8812,#8820,#8828,#8836,#8844,#8852,#8860,#8868,#8876,#8884,#8892,
    #8900,#8908,#8916,#8924,#8932,#8940,#8948,#8956,#8964,#8972,#8980,
    #8988,#8996,#9004,#9012,#9020,#9028,#9036,#9044,#9052,#9060,#9068,
    #9076,#9084,#9092,#9100,#9108,#9116,#9124,#9132,#9140,#9148,#9156,
    #9164,#9172,#9180,#9188,#9196,#9204,#9212,#9220,#9228,#9236,#9244,
    #9252,#9260,#9268,#9276,#9284,#9292,#9300,#9308,#9316,#9324,#9332,
    #9340,#9348,#9356,#9364,#9372,#9380,#9388,#9396,#9404,#9412,#9418));
#8762 = ORIENTED_EDGE('',*,*,#8687,.F.);
#8763 = ORIENTED_EDGE('',*,*,#8718,.F.);
#8764 = ORIENTED_EDGE('',*,*,#8765,.F.);
#8765 = EDGE_CURVE('',#8766,#8702,#8768,.T.);
#8766 = VERTEX_POINT('',#8767);
#8767 = CARTESIAN_POINT('',(9.440661,8.862813,0.));
#8768 = LINE('',#8769,#8770);
#8769 = CARTESIAN_POINT('',(9.440661,8.862813,0.));
#8770 = VECTOR('',#8771,1.);
#8771 = DIRECTION('',(0.988434112806,0.151650930236,0.));
#8772 = ORIENTED_EDGE('',*,*,#8773,.F.);
#8773 = EDGE_CURVE('',#8774,#8766,#8776,.T.);
#8774 = VERTEX_POINT('',#8775);
#8775 = CARTESIAN_POINT('',(8.569574,8.434794,0.));
#8776 = LINE('',#8777,#8778);
#8777 = CARTESIAN_POINT('',(8.569574,8.434794,0.));
#8778 = VECTOR('',#8779,1.);
#8779 = DIRECTION('',(0.89750677328,0.441000671107,0.));
#8780 = ORIENTED_EDGE('',*,*,#8781,.F.);
#8781 = EDGE_CURVE('',#8782,#8774,#8784,.T.);
#8782 = VERTEX_POINT('',#8783);
#8783 = CARTESIAN_POINT('',(7.866871,7.765315,0.));
#8784 = LINE('',#8785,#8786);
#8785 = CARTESIAN_POINT('',(7.866871,7.765315,0.));
#8786 = VECTOR('',#8787,1.);
#8787 = DIRECTION('',(0.724015431724,0.68978377382,0.));
#8788 = ORIENTED_EDGE('',*,*,#8789,.F.);
#8789 = EDGE_CURVE('',#8790,#8782,#8792,.T.);
#8790 = VERTEX_POINT('',#8791);
#8791 = CARTESIAN_POINT('',(7.397194,6.915965,0.));
#8792 = LINE('',#8793,#8794);
#8793 = CARTESIAN_POINT('',(7.397194,6.915965,0.));
#8794 = VECTOR('',#8795,1.);
#8795 = DIRECTION('',(0.4839223802,0.875110924364,0.));
#8796 = ORIENTED_EDGE('',*,*,#8797,.F.);
#8797 = EDGE_CURVE('',#8798,#8790,#8800,.T.);
#8798 = VERTEX_POINT('',#8799);
#8799 = CARTESIAN_POINT('',(7.20375,5.964874,0.));
#8800 = LINE('',#8801,#8802);
#8801 = CARTESIAN_POINT('',(7.20375,5.964874,0.));
#8802 = VECTOR('',#8803,1.);
#8803 = DIRECTION('',(0.199310895675,0.979936307555,0.));
#8804 = ORIENTED_EDGE('',*,*,#8805,.F.);
#8805 = EDGE_CURVE('',#8806,#8798,#8808,.T.);
#8806 = VERTEX_POINT('',#8807);
#8807 = CARTESIAN_POINT('',(7.304333,4.999537,0.));
#8808 = LINE('',#8809,#8810);
#8809 = CARTESIAN_POINT('',(7.304333,4.999537,0.));
#8810 = VECTOR('',#8811,1.);
#8811 = DIRECTION('',(-0.103633668216,0.994615535175,0.));
#8812 = ORIENTED_EDGE('',*,*,#8813,.F.);
#8813 = EDGE_CURVE('',#8814,#8806,#8816,.T.);
#8814 = VERTEX_POINT('',#8815);
#8815 = CARTESIAN_POINT('',(7.689692,4.108755,0.));
#8816 = LINE('',#8817,#8818);
#8817 = CARTESIAN_POINT('',(7.689692,4.108755,0.));
#8818 = VECTOR('',#8819,1.);
#8819 = DIRECTION('',(-0.397046532859,0.917798480465,0.));
#8820 = ORIENTED_EDGE('',*,*,#8821,.F.);
#8821 = EDGE_CURVE('',#8822,#8814,#8824,.T.);
#8822 = VERTEX_POINT('',#8823);
#8823 = CARTESIAN_POINT('',(8.324376,3.374474,0.));
#8824 = LINE('',#8825,#8826);
#8825 = CARTESIAN_POINT('',(8.324376,3.374474,0.));
#8826 = VECTOR('',#8827,1.);
#8827 = DIRECTION('',(-0.653933909825,0.756551678064,0.));
#8828 = ORIENTED_EDGE('',*,*,#8829,.F.);
#8829 = EDGE_CURVE('',#8830,#8822,#8832,.T.);
#8830 = VERTEX_POINT('',#8831);
#8831 = CARTESIAN_POINT('',(9.15,2.86424,0.));
#8832 = LINE('',#8833,#8834);
#8833 = CARTESIAN_POINT('',(9.15,2.86424,0.));
#8834 = VECTOR('',#8835,1.);
#8835 = DIRECTION('',(-0.850664490349,0.525708973539,0.));
#8836 = ORIENTED_EDGE('',*,*,#8837,.F.);
#8837 = EDGE_CURVE('',#8838,#8830,#8840,.T.);
#8838 = VERTEX_POINT('',#8839);
#8839 = CARTESIAN_POINT('',(9.15,-16.,0.));
#8840 = LINE('',#8841,#8842);
#8841 = CARTESIAN_POINT('',(9.15,-16.,0.));
#8842 = VECTOR('',#8843,1.);
#8843 = DIRECTION('',(0.,1.,0.));
#8844 = ORIENTED_EDGE('',*,*,#8845,.F.);
#8845 = EDGE_CURVE('',#8846,#8838,#8848,.T.);
#8846 = VERTEX_POINT('',#8847);
#8847 = CARTESIAN_POINT('',(7.15,-16.,0.));
#8848 = LINE('',#8849,#8850);
#8849 = CARTESIAN_POINT('',(7.15,-16.,0.));
#8850 = VECTOR('',#8851,1.);
#8851 = DIRECTION('',(1.,0.,0.));
#8852 = ORIENTED_EDGE('',*,*,#8853,.F.);
#8853 = EDGE_CURVE('',#8854,#8846,#8856,.T.);
#8854 = VERTEX_POINT('',#8855);
#8855 = CARTESIAN_POINT('',(7.15,-8.235759,0.));
#8856 = LINE('',#8857,#8858);
#8857 = CARTESIAN_POINT('',(7.15,-8.235759,0.));
#8858 = VECTOR('',#8859,1.);
#8859 = DIRECTION('',(0.,-1.,0.));
#8860 = ORIENTED_EDGE('',*,*,#8861,.F.);
#8861 = EDGE_CURVE('',#8862,#8854,#8864,.T.);
#8862 = VERTEX_POINT('',#8863);
#8863 = CARTESIAN_POINT('',(7.975623,-7.725525,0.));
#8864 = LINE('',#8865,#8866);
#8865 = CARTESIAN_POINT('',(7.975623,-7.725525,0.));
#8866 = VECTOR('',#8867,1.);
#8867 = DIRECTION('',(-0.850664205597,-0.525709434304,0.));
#8868 = ORIENTED_EDGE('',*,*,#8869,.F.);
#8869 = EDGE_CURVE('',#8870,#8862,#8872,.T.);
#8870 = VERTEX_POINT('',#8871);
#8871 = CARTESIAN_POINT('',(8.610307,-6.991244,0.));
#8872 = LINE('',#8873,#8874);
#8873 = CARTESIAN_POINT('',(8.610307,-6.991244,0.));
#8874 = VECTOR('',#8875,1.);
#8875 = DIRECTION('',(-0.653933909825,-0.756551678064,0.));
#8876 = ORIENTED_EDGE('',*,*,#8877,.F.);
#8877 = EDGE_CURVE('',#8878,#8870,#8880,.T.);
#8878 = VERTEX_POINT('',#8879);
#8879 = CARTESIAN_POINT('',(8.995666,-6.100462,0.));
#8880 = LINE('',#8881,#8882);
#8881 = CARTESIAN_POINT('',(8.995666,-6.100462,0.));
#8882 = VECTOR('',#8883,1.);
#8883 = DIRECTION('',(-0.397046532859,-0.917798480465,0.));
#8884 = ORIENTED_EDGE('',*,*,#8885,.F.);
#8885 = EDGE_CURVE('',#8886,#8878,#8888,.T.);
#8886 = VERTEX_POINT('',#8887);
#8887 = CARTESIAN_POINT('',(9.096249,-5.135125,0.));
#8888 = LINE('',#8889,#8890);
#8889 = CARTESIAN_POINT('',(9.096249,-5.135125,0.));
#8890 = VECTOR('',#8891,1.);
#8891 = DIRECTION('',(-0.103633668216,-0.994615535175,0.));
#8892 = ORIENTED_EDGE('',*,*,#8893,.F.);
#8893 = EDGE_CURVE('',#8894,#8886,#8896,.T.);
#8894 = VERTEX_POINT('',#8895);
#8895 = CARTESIAN_POINT('',(8.902805,-4.184034,0.));
#8896 = LINE('',#8897,#8898);
#8897 = CARTESIAN_POINT('',(8.902805,-4.184034,0.));
#8898 = VECTOR('',#8899,1.);
#8899 = DIRECTION('',(0.199310895675,-0.979936307555,0.));
#8900 = ORIENTED_EDGE('',*,*,#8901,.F.);
#8901 = EDGE_CURVE('',#8902,#8894,#8904,.T.);
#8902 = VERTEX_POINT('',#8903);
#8903 = CARTESIAN_POINT('',(8.433128,-3.334684,0.));
#8904 = LINE('',#8905,#8906);
#8905 = CARTESIAN_POINT('',(8.433128,-3.334684,0.));
#8906 = VECTOR('',#8907,1.);
#8907 = DIRECTION('',(0.4839223802,-0.875110924364,0.));
#8908 = ORIENTED_EDGE('',*,*,#8909,.F.);
#8909 = EDGE_CURVE('',#8910,#8902,#8912,.T.);
#8910 = VERTEX_POINT('',#8911);
#8911 = CARTESIAN_POINT('',(7.730425,-2.665205,0.));
#8912 = LINE('',#8913,#8914);
#8913 = CARTESIAN_POINT('',(7.730425,-2.665205,0.));
#8914 = VECTOR('',#8915,1.);
#8915 = DIRECTION('',(0.724015431724,-0.68978377382,0.));
#8916 = ORIENTED_EDGE('',*,*,#8917,.F.);
#8917 = EDGE_CURVE('',#8918,#8910,#8920,.T.);
#8918 = VERTEX_POINT('',#8919);
#8919 = CARTESIAN_POINT('',(6.859338,-2.237186,0.));
#8920 = LINE('',#8921,#8922);
#8921 = CARTESIAN_POINT('',(6.859338,-2.237186,0.));
#8922 = VECTOR('',#8923,1.);
#8923 = DIRECTION('',(0.89750677328,-0.441000671107,0.));
#8924 = ORIENTED_EDGE('',*,*,#8925,.F.);
#8925 = EDGE_CURVE('',#8926,#8918,#8928,.T.);
#8926 = VERTEX_POINT('',#8927);
#8927 = CARTESIAN_POINT('',(5.899999,-2.089999,0.));
#8928 = LINE('',#8929,#8930);
#8929 = CARTESIAN_POINT('',(5.899999,-2.089999,0.));
#8930 = VECTOR('',#8931,1.);
#8931 = DIRECTION('',(0.988434112806,-0.151650930236,0.));
#8932 = ORIENTED_EDGE('',*,*,#8933,.F.);
#8933 = EDGE_CURVE('',#8934,#8926,#8936,.T.);
#8934 = VERTEX_POINT('',#8935);
#8935 = CARTESIAN_POINT('',(4.940661,-2.237186,0.));
#8936 = LINE('',#8937,#8938);
#8937 = CARTESIAN_POINT('',(4.940661,-2.237186,0.));
#8938 = VECTOR('',#8939,1.);
#8939 = DIRECTION('',(0.98843408911,0.151651084679,0.));
#8940 = ORIENTED_EDGE('',*,*,#8941,.F.);
#8941 = EDGE_CURVE('',#8942,#8934,#8944,.T.);
#8942 = VERTEX_POINT('',#8943);
#8943 = CARTESIAN_POINT('',(4.069574,-2.665205,0.));
#8944 = LINE('',#8945,#8946);
#8945 = CARTESIAN_POINT('',(4.069574,-2.665205,0.));
#8946 = VECTOR('',#8947,1.);
#8947 = DIRECTION('',(0.89750677328,0.441000671107,0.));
#8948 = ORIENTED_EDGE('',*,*,#8949,.F.);
#8949 = EDGE_CURVE('',#8950,#8942,#8952,.T.);
#8950 = VERTEX_POINT('',#8951);
#8951 = CARTESIAN_POINT('',(3.366871,-3.334684,0.));
#8952 = LINE('',#8953,#8954);
#8953 = CARTESIAN_POINT('',(3.366871,-3.334684,0.));
#8954 = VECTOR('',#8955,1.);
#8955 = DIRECTION('',(0.724015431724,0.68978377382,0.));
#8956 = ORIENTED_EDGE('',*,*,#8957,.F.);
#8957 = EDGE_CURVE('',#8958,#8950,#8960,.T.);
#8958 = VERTEX_POINT('',#8959);
#8959 = CARTESIAN_POINT('',(2.897194,-4.184034,0.));
#8960 = LINE('',#8961,#8962);
#8961 = CARTESIAN_POINT('',(2.897194,-4.184034,0.));
#8962 = VECTOR('',#8963,1.);
#8963 = DIRECTION('',(0.4839223802,0.875110924364,0.));
#8964 = ORIENTED_EDGE('',*,*,#8965,.F.);
#8965 = EDGE_CURVE('',#8966,#8958,#8968,.T.);
#8966 = VERTEX_POINT('',#8967);
#8967 = CARTESIAN_POINT('',(2.70375,-5.135125,0.));
#8968 = LINE('',#8969,#8970);
#8969 = CARTESIAN_POINT('',(2.70375,-5.135125,0.));
#8970 = VECTOR('',#8971,1.);
#8971 = DIRECTION('',(0.199310895675,0.979936307555,0.));
#8972 = ORIENTED_EDGE('',*,*,#8973,.F.);
#8973 = EDGE_CURVE('',#8974,#8966,#8976,.T.);
#8974 = VERTEX_POINT('',#8975);
#8975 = CARTESIAN_POINT('',(2.804333,-6.100462,0.));
#8976 = LINE('',#8977,#8978);
#8977 = CARTESIAN_POINT('',(2.804333,-6.100462,0.));
#8978 = VECTOR('',#8979,1.);
#8979 = DIRECTION('',(-0.103633668216,0.994615535175,0.));
#8980 = ORIENTED_EDGE('',*,*,#8981,.F.);
#8981 = EDGE_CURVE('',#8982,#8974,#8984,.T.);
#8982 = VERTEX_POINT('',#8983);
#8983 = CARTESIAN_POINT('',(3.189692,-6.991244,0.));
#8984 = LINE('',#8985,#8986);
#8985 = CARTESIAN_POINT('',(3.189692,-6.991244,0.));
#8986 = VECTOR('',#8987,1.);
#8987 = DIRECTION('',(-0.397046532859,0.917798480465,0.));
#8988 = ORIENTED_EDGE('',*,*,#8989,.F.);
#8989 = EDGE_CURVE('',#8990,#8982,#8992,.T.);
#8990 = VERTEX_POINT('',#8991);
#8991 = CARTESIAN_POINT('',(3.824376,-7.725525,0.));
#8992 = LINE('',#8993,#8994);
#8993 = CARTESIAN_POINT('',(3.824376,-7.725525,0.));
#8994 = VECTOR('',#8995,1.);
#8995 = DIRECTION('',(-0.653933909825,0.756551678064,0.));
#8996 = ORIENTED_EDGE('',*,*,#8997,.F.);
#8997 = EDGE_CURVE('',#8998,#8990,#9000,.T.);
#8998 = VERTEX_POINT('',#8999);
#8999 = CARTESIAN_POINT('',(4.65,-8.235759,0.));
#9000 = LINE('',#9001,#9002);
#9001 = CARTESIAN_POINT('',(4.65,-8.235759,0.));
#9002 = VECTOR('',#9003,1.);
#9003 = DIRECTION('',(-0.850664490349,0.525708973539,0.));
#9004 = ORIENTED_EDGE('',*,*,#9005,.F.);
#9005 = EDGE_CURVE('',#9006,#8998,#9008,.T.);
#9006 = VERTEX_POINT('',#9007);
#9007 = CARTESIAN_POINT('',(4.65,-16.,0.));
#9008 = LINE('',#9009,#9010);
#9009 = CARTESIAN_POINT('',(4.65,-16.,0.));
#9010 = VECTOR('',#9011,1.);
#9011 = DIRECTION('',(0.,1.,0.));
#9012 = ORIENTED_EDGE('',*,*,#9013,.F.);
#9013 = EDGE_CURVE('',#9014,#9006,#9016,.T.);
#9014 = VERTEX_POINT('',#9015);
#9015 = CARTESIAN_POINT('',(2.25,-16.,0.));
#9016 = LINE('',#9017,#9018);
#9017 = CARTESIAN_POINT('',(2.25,-16.,0.));
#9018 = VECTOR('',#9019,1.);
#9019 = DIRECTION('',(1.,0.,0.));
#9020 = ORIENTED_EDGE('',*,*,#9021,.F.);
#9021 = EDGE_CURVE('',#9022,#9014,#9024,.T.);
#9022 = VERTEX_POINT('',#9023);
#9023 = CARTESIAN_POINT('',(2.25,-37.6,0.));
#9024 = LINE('',#9025,#9026);
#9025 = CARTESIAN_POINT('',(2.25,-37.6,0.));
#9026 = VECTOR('',#9027,1.);
#9027 = DIRECTION('',(0.,1.,0.));
#9028 = ORIENTED_EDGE('',*,*,#9029,.F.);
#9029 = EDGE_CURVE('',#9030,#9022,#9032,.T.);
#9030 = VERTEX_POINT('',#9031);
#9031 = CARTESIAN_POINT('',(7.25,-37.6,0.));
#9032 = LINE('',#9033,#9034);
#9033 = CARTESIAN_POINT('',(7.25,-37.6,0.));
#9034 = VECTOR('',#9035,1.);
#9035 = DIRECTION('',(-1.,0.,0.));
#9036 = ORIENTED_EDGE('',*,*,#9037,.F.);
#9037 = EDGE_CURVE('',#9038,#9030,#9040,.T.);
#9038 = VERTEX_POINT('',#9039);
#9039 = CARTESIAN_POINT('',(7.25,-40.05424,0.));
#9040 = LINE('',#9041,#9042);
#9041 = CARTESIAN_POINT('',(7.25,-40.05424,0.));
#9042 = VECTOR('',#9043,1.);
#9043 = DIRECTION('',(0.,1.,0.));
#9044 = ORIENTED_EDGE('',*,*,#9045,.F.);
#9045 = EDGE_CURVE('',#9046,#9038,#9048,.T.);
#9046 = VERTEX_POINT('',#9047);
#9047 = CARTESIAN_POINT('',(6.424376,-40.564474,0.));
#9048 = LINE('',#9049,#9050);
#9049 = CARTESIAN_POINT('',(6.424376,-40.564474,0.));
#9050 = VECTOR('',#9051,1.);
#9051 = DIRECTION('',(0.850664490349,0.525708973539,0.));
#9052 = ORIENTED_EDGE('',*,*,#9053,.F.);
#9053 = EDGE_CURVE('',#9054,#9046,#9056,.T.);
#9054 = VERTEX_POINT('',#9055);
#9055 = CARTESIAN_POINT('',(5.789692,-41.298755,0.));
#9056 = LINE('',#9057,#9058);
#9057 = CARTESIAN_POINT('',(5.789692,-41.298755,0.));
#9058 = VECTOR('',#9059,1.);
#9059 = DIRECTION('',(0.653933909825,0.756551678064,0.));
#9060 = ORIENTED_EDGE('',*,*,#9061,.F.);
#9061 = EDGE_CURVE('',#9062,#9054,#9064,.T.);
#9062 = VERTEX_POINT('',#9063);
#9063 = CARTESIAN_POINT('',(5.404333,-42.189537,0.));
#9064 = LINE('',#9065,#9066);
#9065 = CARTESIAN_POINT('',(5.404333,-42.189537,0.));
#9066 = VECTOR('',#9067,1.);
#9067 = DIRECTION('',(0.397046532859,0.917798480465,0.));
#9068 = ORIENTED_EDGE('',*,*,#9069,.F.);
#9069 = EDGE_CURVE('',#9070,#9062,#9072,.T.);
#9070 = VERTEX_POINT('',#9071);
#9071 = CARTESIAN_POINT('',(5.30375,-43.154874,0.));
#9072 = LINE('',#9073,#9074);
#9073 = CARTESIAN_POINT('',(5.30375,-43.154874,0.));
#9074 = VECTOR('',#9075,1.);
#9075 = DIRECTION('',(0.103633668216,0.994615535175,0.));
#9076 = ORIENTED_EDGE('',*,*,#9077,.F.);
#9077 = EDGE_CURVE('',#9078,#9070,#9080,.T.);
#9078 = VERTEX_POINT('',#9079);
#9079 = CARTESIAN_POINT('',(5.497194,-44.105965,0.));
#9080 = LINE('',#9081,#9082);
#9081 = CARTESIAN_POINT('',(5.497194,-44.105965,0.));
#9082 = VECTOR('',#9083,1.);
#9083 = DIRECTION('',(-0.199310895675,0.979936307555,0.));
#9084 = ORIENTED_EDGE('',*,*,#9085,.F.);
#9085 = EDGE_CURVE('',#9086,#9078,#9088,.T.);
#9086 = VERTEX_POINT('',#9087);
#9087 = CARTESIAN_POINT('',(5.966871,-44.955315,0.));
#9088 = LINE('',#9089,#9090);
#9089 = CARTESIAN_POINT('',(5.966871,-44.955315,0.));
#9090 = VECTOR('',#9091,1.);
#9091 = DIRECTION('',(-0.4839223802,0.875110924364,0.));
#9092 = ORIENTED_EDGE('',*,*,#9093,.F.);
#9093 = EDGE_CURVE('',#9094,#9086,#9096,.T.);
#9094 = VERTEX_POINT('',#9095);
#9095 = CARTESIAN_POINT('',(6.669574,-45.624794,0.));
#9096 = LINE('',#9097,#9098);
#9097 = CARTESIAN_POINT('',(6.669574,-45.624794,0.));
#9098 = VECTOR('',#9099,1.);
#9099 = DIRECTION('',(-0.724015431724,0.68978377382,0.));
#9100 = ORIENTED_EDGE('',*,*,#9101,.F.);
#9101 = EDGE_CURVE('',#9102,#9094,#9104,.T.);
#9102 = VERTEX_POINT('',#9103);
#9103 = CARTESIAN_POINT('',(7.540661,-46.052813,0.));
#9104 = LINE('',#9105,#9106);
#9105 = CARTESIAN_POINT('',(7.540661,-46.052813,0.));
#9106 = VECTOR('',#9107,1.);
#9107 = DIRECTION('',(-0.89750677328,0.441000671107,0.));
#9108 = ORIENTED_EDGE('',*,*,#9109,.F.);
#9109 = EDGE_CURVE('',#9110,#9102,#9112,.T.);
#9110 = VERTEX_POINT('',#9111);
#9111 = CARTESIAN_POINT('',(8.5,-46.2,0.));
#9112 = LINE('',#9113,#9114);
#9113 = CARTESIAN_POINT('',(8.5,-46.2,0.));
#9114 = VECTOR('',#9115,1.);
#9115 = DIRECTION('',(-0.988434112806,0.151650930236,0.));
#9116 = ORIENTED_EDGE('',*,*,#9117,.F.);
#9117 = EDGE_CURVE('',#9118,#9110,#9120,.T.);
#9118 = VERTEX_POINT('',#9119);
#9119 = CARTESIAN_POINT('',(9.459338,-46.052813,0.));
#9120 = LINE('',#9121,#9122);
#9121 = CARTESIAN_POINT('',(9.459338,-46.052813,0.));
#9122 = VECTOR('',#9123,1.);
#9123 = DIRECTION('',(-0.98843408911,-0.151651084679,0.));
#9124 = ORIENTED_EDGE('',*,*,#9125,.F.);
#9125 = EDGE_CURVE('',#9126,#9118,#9128,.T.);
#9126 = VERTEX_POINT('',#9127);
#9127 = CARTESIAN_POINT('',(10.330425,-45.624794,0.));
#9128 = LINE('',#9129,#9130);
#9129 = CARTESIAN_POINT('',(10.330425,-45.624794,0.));
#9130 = VECTOR('',#9131,1.);
#9131 = DIRECTION('',(-0.89750677328,-0.441000671107,0.));
#9132 = ORIENTED_EDGE('',*,*,#9133,.F.);
#9133 = EDGE_CURVE('',#9134,#9126,#9136,.T.);
#9134 = VERTEX_POINT('',#9135);
#9135 = CARTESIAN_POINT('',(11.033128,-44.955315,0.));
#9136 = LINE('',#9137,#9138);
#9137 = CARTESIAN_POINT('',(11.033128,-44.955315,0.));
#9138 = VECTOR('',#9139,1.);
#9139 = DIRECTION('',(-0.724015431724,-0.68978377382,0.));
#9140 = ORIENTED_EDGE('',*,*,#9141,.F.);
#9141 = EDGE_CURVE('',#9142,#9134,#9144,.T.);
#9142 = VERTEX_POINT('',#9143);
#9143 = CARTESIAN_POINT('',(11.502805,-44.105965,0.));
#9144 = LINE('',#9145,#9146);
#9145 = CARTESIAN_POINT('',(11.502805,-44.105965,0.));
#9146 = VECTOR('',#9147,1.);
#9147 = DIRECTION('',(-0.4839223802,-0.875110924364,0.));
#9148 = ORIENTED_EDGE('',*,*,#9149,.F.);
#9149 = EDGE_CURVE('',#9150,#9142,#9152,.T.);
#9150 = VERTEX_POINT('',#9151);
#9151 = CARTESIAN_POINT('',(11.696249,-43.154874,0.));
#9152 = LINE('',#9153,#9154);
#9153 = CARTESIAN_POINT('',(11.696249,-43.154874,0.));
#9154 = VECTOR('',#9155,1.);
#9155 = DIRECTION('',(-0.199310895675,-0.979936307555,0.));
#9156 = ORIENTED_EDGE('',*,*,#9157,.F.);
#9157 = EDGE_CURVE('',#9158,#9150,#9160,.T.);
#9158 = VERTEX_POINT('',#9159);
#9159 = CARTESIAN_POINT('',(11.595666,-42.189537,0.));
#9160 = LINE('',#9161,#9162);
#9161 = CARTESIAN_POINT('',(11.595666,-42.189537,0.));
#9162 = VECTOR('',#9163,1.);
#9163 = DIRECTION('',(0.103633668216,-0.994615535175,0.));
#9164 = ORIENTED_EDGE('',*,*,#9165,.F.);
#9165 = EDGE_CURVE('',#9166,#9158,#9168,.T.);
#9166 = VERTEX_POINT('',#9167);
#9167 = CARTESIAN_POINT('',(11.210307,-41.298755,0.));
#9168 = LINE('',#9169,#9170);
#9169 = CARTESIAN_POINT('',(11.210307,-41.298755,0.));
#9170 = VECTOR('',#9171,1.);
#9171 = DIRECTION('',(0.397046532859,-0.917798480465,0.));
#9172 = ORIENTED_EDGE('',*,*,#9173,.F.);
#9173 = EDGE_CURVE('',#9174,#9166,#9176,.T.);
#9174 = VERTEX_POINT('',#9175);
#9175 = CARTESIAN_POINT('',(10.575623,-40.564474,0.));
#9176 = LINE('',#9177,#9178);
#9177 = CARTESIAN_POINT('',(10.575623,-40.564474,0.));
#9178 = VECTOR('',#9179,1.);
#9179 = DIRECTION('',(0.653933909825,-0.756551678064,0.));
#9180 = ORIENTED_EDGE('',*,*,#9181,.F.);
#9181 = EDGE_CURVE('',#9182,#9174,#9184,.T.);
#9182 = VERTEX_POINT('',#9183);
#9183 = CARTESIAN_POINT('',(9.75,-40.05424,0.));
#9184 = LINE('',#9185,#9186);
#9185 = CARTESIAN_POINT('',(9.75,-40.05424,0.));
#9186 = VECTOR('',#9187,1.);
#9187 = DIRECTION('',(0.850664205597,-0.525709434304,0.));
#9188 = ORIENTED_EDGE('',*,*,#9189,.F.);
#9189 = EDGE_CURVE('',#9190,#9182,#9192,.T.);
#9190 = VERTEX_POINT('',#9191);
#9191 = CARTESIAN_POINT('',(9.75,-37.6,0.));
#9192 = LINE('',#9193,#9194);
#9193 = CARTESIAN_POINT('',(9.75,-37.6,0.));
#9194 = VECTOR('',#9195,1.);
#9195 = DIRECTION('',(0.,-1.,0.));
#9196 = ORIENTED_EDGE('',*,*,#9197,.F.);
#9197 = EDGE_CURVE('',#9198,#9190,#9200,.T.);
#9198 = VERTEX_POINT('',#9199);
#9199 = CARTESIAN_POINT('',(15.75,-37.6,0.));
#9200 = LINE('',#9201,#9202);
#9201 = CARTESIAN_POINT('',(15.75,-37.6,0.));
#9202 = VECTOR('',#9203,1.);
#9203 = DIRECTION('',(-1.,0.,0.));
#9204 = ORIENTED_EDGE('',*,*,#9205,.F.);
#9205 = EDGE_CURVE('',#9206,#9198,#9208,.T.);
#9206 = VERTEX_POINT('',#9207);
#9207 = CARTESIAN_POINT('',(15.75,-22.4,0.));
#9208 = LINE('',#9209,#9210);
#9209 = CARTESIAN_POINT('',(15.75,-22.4,0.));
#9210 = VECTOR('',#9211,1.);
#9211 = DIRECTION('',(0.,-1.,0.));
#9212 = ORIENTED_EDGE('',*,*,#9213,.F.);
#9213 = EDGE_CURVE('',#9214,#9206,#9216,.T.);
#9214 = VERTEX_POINT('',#9215);
#9215 = CARTESIAN_POINT('',(20.1,-22.4,0.));
#9216 = LINE('',#9217,#9218);
#9217 = CARTESIAN_POINT('',(20.1,-22.4,0.));
#9218 = VECTOR('',#9219,1.);
#9219 = DIRECTION('',(-1.,0.,0.));
#9220 = ORIENTED_EDGE('',*,*,#9221,.F.);
#9221 = EDGE_CURVE('',#9222,#9214,#9224,.T.);
#9222 = VERTEX_POINT('',#9223);
#9223 = CARTESIAN_POINT('',(20.1,-28.,0.));
#9224 = LINE('',#9225,#9226);
#9225 = CARTESIAN_POINT('',(20.1,-28.,0.));
#9226 = VECTOR('',#9227,1.);
#9227 = DIRECTION('',(0.,1.,0.));
#9228 = ORIENTED_EDGE('',*,*,#9229,.F.);
#9229 = EDGE_CURVE('',#9230,#9222,#9232,.T.);
#9230 = VERTEX_POINT('',#9231);
#9231 = CARTESIAN_POINT('',(33.4,-28.,0.));
#9232 = LINE('',#9233,#9234);
#9233 = CARTESIAN_POINT('',(33.4,-28.,0.));
#9234 = VECTOR('',#9235,1.);
#9235 = DIRECTION('',(-1.,0.,0.));
#9236 = ORIENTED_EDGE('',*,*,#9237,.F.);
#9237 = EDGE_CURVE('',#9238,#9230,#9240,.T.);
#9238 = VERTEX_POINT('',#9239);
#9239 = CARTESIAN_POINT('',(33.4,-16.,0.));
#9240 = LINE('',#9241,#9242);
#9241 = CARTESIAN_POINT('',(33.4,-16.,0.));
#9242 = VECTOR('',#9243,1.);
#9243 = DIRECTION('',(0.,-1.,0.));
#9244 = ORIENTED_EDGE('',*,*,#9245,.F.);
#9245 = EDGE_CURVE('',#9246,#9238,#9248,.T.);
#9246 = VERTEX_POINT('',#9247);
#9247 = CARTESIAN_POINT('',(20.1,-16.,0.));
#9248 = LINE('',#9249,#9250);
#9249 = CARTESIAN_POINT('',(20.1,-16.,0.));
#9250 = VECTOR('',#9251,1.);
#9251 = DIRECTION('',(1.,0.,0.));
#9252 = ORIENTED_EDGE('',*,*,#9253,.F.);
#9253 = EDGE_CURVE('',#9254,#9246,#9256,.T.);
#9254 = VERTEX_POINT('',#9255);
#9255 = CARTESIAN_POINT('',(20.1,-19.9,0.));
#9256 = LINE('',#9257,#9258);
#9257 = CARTESIAN_POINT('',(20.1,-19.9,0.));
#9258 = VECTOR('',#9259,1.);
#9259 = DIRECTION('',(0.,1.,0.));
#9260 = ORIENTED_EDGE('',*,*,#9261,.F.);
#9261 = EDGE_CURVE('',#9262,#9254,#9264,.T.);
#9262 = VERTEX_POINT('',#9263);
#9263 = CARTESIAN_POINT('',(15.75,-19.9,0.));
#9264 = LINE('',#9265,#9266);
#9265 = CARTESIAN_POINT('',(15.75,-19.9,0.));
#9266 = VECTOR('',#9267,1.);
#9267 = DIRECTION('',(1.,0.,0.));
#9268 = ORIENTED_EDGE('',*,*,#9269,.F.);
#9269 = EDGE_CURVE('',#9270,#9262,#9272,.T.);
#9270 = VERTEX_POINT('',#9271);
#9271 = CARTESIAN_POINT('',(15.75,-19.6,0.));
#9272 = LINE('',#9273,#9274);
#9273 = CARTESIAN_POINT('',(15.75,-19.6,0.));
#9274 = VECTOR('',#9275,1.);
#9275 = DIRECTION('',(0.,-1.,0.));
#9276 = ORIENTED_EDGE('',*,*,#9277,.F.);
#9277 = EDGE_CURVE('',#9278,#9270,#9280,.T.);
#9278 = VERTEX_POINT('',#9279);
#9279 = CARTESIAN_POINT('',(15.09,-19.6,0.));
#9280 = LINE('',#9281,#9282);
#9281 = CARTESIAN_POINT('',(15.09,-19.6,0.));
#9282 = VECTOR('',#9283,1.);
#9283 = DIRECTION('',(1.,0.,0.));
#9284 = ORIENTED_EDGE('',*,*,#9285,.F.);
#9285 = EDGE_CURVE('',#9286,#9278,#9288,.T.);
#9286 = VERTEX_POINT('',#9287);
#9287 = CARTESIAN_POINT('',(15.09,-19.3,0.));
#9288 = LINE('',#9289,#9290);
#9289 = CARTESIAN_POINT('',(15.09,-19.3,0.));
#9290 = VECTOR('',#9291,1.);
#9291 = DIRECTION('',(0.,-1.,0.));
#9292 = ORIENTED_EDGE('',*,*,#9293,.F.);
#9293 = EDGE_CURVE('',#9294,#9286,#9296,.T.);
#9294 = VERTEX_POINT('',#9295);
#9295 = CARTESIAN_POINT('',(19.114,-19.3,0.));
#9296 = LINE('',#9297,#9298);
#9297 = CARTESIAN_POINT('',(19.114,-19.3,0.));
#9298 = VECTOR('',#9299,1.);
#9299 = DIRECTION('',(-1.,0.,0.));
#9300 = ORIENTED_EDGE('',*,*,#9301,.F.);
#9301 = EDGE_CURVE('',#9302,#9294,#9304,.T.);
#9302 = VERTEX_POINT('',#9303);
#9303 = CARTESIAN_POINT('',(19.114,-1.75,0.));
#9304 = LINE('',#9305,#9306);
#9305 = CARTESIAN_POINT('',(19.114,-1.75,0.));
#9306 = VECTOR('',#9307,1.);
#9307 = DIRECTION('',(0.,-1.,0.));
#9308 = ORIENTED_EDGE('',*,*,#9309,.F.);
#9309 = EDGE_CURVE('',#9310,#9302,#9312,.T.);
#9310 = VERTEX_POINT('',#9311);
#9311 = CARTESIAN_POINT('',(13.914,-1.75,0.));
#9312 = LINE('',#9313,#9314);
#9313 = CARTESIAN_POINT('',(13.914,-1.75,0.));
#9314 = VECTOR('',#9315,1.);
#9315 = DIRECTION('',(1.,0.,0.));
#9316 = ORIENTED_EDGE('',*,*,#9317,.F.);
#9317 = EDGE_CURVE('',#9318,#9310,#9320,.T.);
#9318 = VERTEX_POINT('',#9319);
#9319 = CARTESIAN_POINT('',(13.914,-14.85,0.));
#9320 = LINE('',#9321,#9322);
#9321 = CARTESIAN_POINT('',(13.914,-14.85,0.));
#9322 = VECTOR('',#9323,1.);
#9323 = DIRECTION('',(0.,1.,0.));
#9324 = ORIENTED_EDGE('',*,*,#9325,.F.);
#9325 = EDGE_CURVE('',#9326,#9318,#9328,.T.);
#9326 = VERTEX_POINT('',#9327);
#9327 = CARTESIAN_POINT('',(16.904,-14.85,0.));
#9328 = LINE('',#9329,#9330);
#9329 = CARTESIAN_POINT('',(16.904,-14.85,0.));
#9330 = VECTOR('',#9331,1.);
#9331 = DIRECTION('',(-1.,0.,0.));
#9332 = ORIENTED_EDGE('',*,*,#9333,.F.);
#9333 = EDGE_CURVE('',#9334,#9326,#9336,.T.);
#9334 = VERTEX_POINT('',#9335);
#9335 = CARTESIAN_POINT('',(16.904,-16.3,0.));
#9336 = LINE('',#9337,#9338);
#9337 = CARTESIAN_POINT('',(16.904,-16.3,0.));
#9338 = VECTOR('',#9339,1.);
#9339 = DIRECTION('',(0.,1.,0.));
#9340 = ORIENTED_EDGE('',*,*,#9341,.F.);
#9341 = EDGE_CURVE('',#9342,#9334,#9344,.T.);
#9342 = VERTEX_POINT('',#9343);
#9343 = CARTESIAN_POINT('',(15.09,-16.3,0.));
#9344 = LINE('',#9345,#9346);
#9345 = CARTESIAN_POINT('',(15.09,-16.3,0.));
#9346 = VECTOR('',#9347,1.);
#9347 = DIRECTION('',(1.,0.,0.));
#9348 = ORIENTED_EDGE('',*,*,#9349,.F.);
#9349 = EDGE_CURVE('',#9350,#9342,#9352,.T.);
#9350 = VERTEX_POINT('',#9351);
#9351 = CARTESIAN_POINT('',(15.09,-16.,0.));
#9352 = LINE('',#9353,#9354);
#9353 = CARTESIAN_POINT('',(15.09,-16.,0.));
#9354 = VECTOR('',#9355,1.);
#9355 = DIRECTION('',(0.,-1.,0.));
#9356 = ORIENTED_EDGE('',*,*,#9357,.F.);
#9357 = EDGE_CURVE('',#9358,#9350,#9360,.T.);
#9358 = VERTEX_POINT('',#9359);
#9359 = CARTESIAN_POINT('',(11.65,-16.,0.));
#9360 = LINE('',#9361,#9362);
#9361 = CARTESIAN_POINT('',(11.65,-16.,0.));
#9362 = VECTOR('',#9363,1.);
#9363 = DIRECTION('',(1.,0.,0.));
#9364 = ORIENTED_EDGE('',*,*,#9365,.F.);
#9365 = EDGE_CURVE('',#9366,#9358,#9368,.T.);
#9366 = VERTEX_POINT('',#9367);
#9367 = CARTESIAN_POINT('',(11.65,2.86424,0.));
#9368 = LINE('',#9369,#9370);
#9369 = CARTESIAN_POINT('',(11.65,2.86424,0.));
#9370 = VECTOR('',#9371,1.);
#9371 = DIRECTION('',(0.,-1.,0.));
#9372 = ORIENTED_EDGE('',*,*,#9373,.F.);
#9373 = EDGE_CURVE('',#9374,#9366,#9376,.T.);
#9374 = VERTEX_POINT('',#9375);
#9375 = CARTESIAN_POINT('',(12.475623,3.374474,0.));
#9376 = LINE('',#9377,#9378);
#9377 = CARTESIAN_POINT('',(12.475623,3.374474,0.));
#9378 = VECTOR('',#9379,1.);
#9379 = DIRECTION('',(-0.850664205597,-0.525709434304,0.));
#9380 = ORIENTED_EDGE('',*,*,#9381,.F.);
#9381 = EDGE_CURVE('',#9382,#9374,#9384,.T.);
#9382 = VERTEX_POINT('',#9383);
#9383 = CARTESIAN_POINT('',(13.110307,4.108755,0.));
#9384 = LINE('',#9385,#9386);
#9385 = CARTESIAN_POINT('',(13.110307,4.108755,0.));
#9386 = VECTOR('',#9387,1.);
#9387 = DIRECTION('',(-0.653933909825,-0.756551678064,0.));
#9388 = ORIENTED_EDGE('',*,*,#9389,.F.);
#9389 = EDGE_CURVE('',#9390,#9382,#9392,.T.);
#9390 = VERTEX_POINT('',#9391);
#9391 = CARTESIAN_POINT('',(13.495666,4.999537,0.));
#9392 = LINE('',#9393,#9394);
#9393 = CARTESIAN_POINT('',(13.495666,4.999537,0.));
#9394 = VECTOR('',#9395,1.);
#9395 = DIRECTION('',(-0.397046532859,-0.917798480465,0.));
#9396 = ORIENTED_EDGE('',*,*,#9397,.F.);
#9397 = EDGE_CURVE('',#9398,#9390,#9400,.T.);
#9398 = VERTEX_POINT('',#9399);
#9399 = CARTESIAN_POINT('',(13.596249,5.964874,0.));
#9400 = LINE('',#9401,#9402);
#9401 = CARTESIAN_POINT('',(13.596249,5.964874,0.));
#9402 = VECTOR('',#9403,1.);
#9403 = DIRECTION('',(-0.103633668216,-0.994615535175,0.));
#9404 = ORIENTED_EDGE('',*,*,#9405,.F.);
#9405 = EDGE_CURVE('',#9406,#9398,#9408,.T.);
#9406 = VERTEX_POINT('',#9407);
#9407 = CARTESIAN_POINT('',(13.402805,6.915965,0.));
#9408 = LINE('',#9409,#9410);
#9409 = CARTESIAN_POINT('',(13.402805,6.915965,0.));
#9410 = VECTOR('',#9411,1.);
#9411 = DIRECTION('',(0.199310895675,-0.979936307555,0.));
#9412 = ORIENTED_EDGE('',*,*,#9413,.F.);
#9413 = EDGE_CURVE('',#8742,#9406,#9414,.T.);
#9414 = LINE('',#9415,#9416);
#9415 = CARTESIAN_POINT('',(12.933128,7.765315,0.));
#9416 = VECTOR('',#9417,1.);
#9417 = DIRECTION('',(0.4839223802,-0.875110924364,0.));
#9418 = ORIENTED_EDGE('',*,*,#8749,.F.);
#9419 = FACE_BOUND('',#9420,.F.);
#9420 = EDGE_LOOP('',(#9421));
#9421 = ORIENTED_EDGE('',*,*,#9422,.T.);
#9422 = EDGE_CURVE('',#9423,#9423,#9425,.T.);
#9423 = VERTEX_POINT('',#9424);
#9424 = CARTESIAN_POINT('',(8.5,-44.35,0.));
#9425 = CIRCLE('',#9426,1.35);
#9426 = AXIS2_PLACEMENT_3D('',#9427,#9428,#9429);
#9427 = CARTESIAN_POINT('',(8.5,-43.,0.));
#9428 = DIRECTION('',(-0.,0.,-1.));
#9429 = DIRECTION('',(-0.,-1.,0.));
#9430 = FACE_BOUND('',#9431,.F.);
#9431 = EDGE_LOOP('',(#9432));
#9432 = ORIENTED_EDGE('',*,*,#9433,.T.);
#9433 = EDGE_CURVE('',#9434,#9434,#9436,.T.);
#9434 = VERTEX_POINT('',#9435);
#9435 = CARTESIAN_POINT('',(7.46,-35.8953,0.));
#9436 = CIRCLE('',#9437,0.4953);
#9437 = AXIS2_PLACEMENT_3D('',#9438,#9439,#9440);
#9438 = CARTESIAN_POINT('',(7.46,-35.4,0.));
#9439 = DIRECTION('',(-0.,0.,-1.));
#9440 = DIRECTION('',(-0.,-1.,0.));
#9441 = FACE_BOUND('',#9442,.F.);
#9442 = EDGE_LOOP('',(#9443));
#9443 = ORIENTED_EDGE('',*,*,#9444,.T.);
#9444 = EDGE_CURVE('',#9445,#9445,#9447,.T.);
#9445 = VERTEX_POINT('',#9446);
#9446 = CARTESIAN_POINT('',(12.54,-36.9113,0.));
#9447 = CIRCLE('',#9448,0.4953);
#9448 = AXIS2_PLACEMENT_3D('',#9449,#9450,#9451);
#9449 = CARTESIAN_POINT('',(12.54,-36.416,0.));
#9450 = DIRECTION('',(-0.,0.,-1.));
#9451 = DIRECTION('',(-0.,-1.,0.));
#9452 = FACE_BOUND('',#9453,.F.);
#9453 = EDGE_LOOP('',(#9454));
#9454 = ORIENTED_EDGE('',*,*,#9455,.T.);
#9455 = EDGE_CURVE('',#9456,#9456,#9458,.T.);
#9456 = VERTEX_POINT('',#9457);
#9457 = CARTESIAN_POINT('',(12.54,-34.8793,0.));
#9458 = CIRCLE('',#9459,0.4953);
#9459 = AXIS2_PLACEMENT_3D('',#9460,#9461,#9462);
#9460 = CARTESIAN_POINT('',(12.54,-34.384,0.));
#9461 = DIRECTION('',(-0.,0.,-1.));
#9462 = DIRECTION('',(-0.,-1.,0.));
#9463 = FACE_BOUND('',#9464,.F.);
#9464 = EDGE_LOOP('',(#9465));
#9465 = ORIENTED_EDGE('',*,*,#9466,.T.);
#9466 = EDGE_CURVE('',#9467,#9467,#9469,.T.);
#9467 = VERTEX_POINT('',#9468);
#9468 = CARTESIAN_POINT('',(22.4,-24.98,0.));
#9469 = CIRCLE('',#9470,0.5);
#9470 = AXIS2_PLACEMENT_3D('',#9471,#9472,#9473);
#9471 = CARTESIAN_POINT('',(22.4,-24.48,0.));
#9472 = DIRECTION('',(-0.,0.,-1.));
#9473 = DIRECTION('',(-0.,-1.,0.));
#9474 = FACE_BOUND('',#9475,.F.);
#9475 = EDGE_LOOP('',(#9476));
#9476 = ORIENTED_EDGE('',*,*,#9477,.T.);
#9477 = EDGE_CURVE('',#9478,#9478,#9480,.T.);
#9478 = VERTEX_POINT('',#9479);
#9479 = CARTESIAN_POINT('',(22.4,-22.44,0.));
#9480 = CIRCLE('',#9481,0.5);
#9481 = AXIS2_PLACEMENT_3D('',#9482,#9483,#9484);
#9482 = CARTESIAN_POINT('',(22.4,-21.94,0.));
#9483 = DIRECTION('',(-0.,0.,-1.));
#9484 = DIRECTION('',(-0.,-1.,0.));
#9485 = FACE_BOUND('',#9486,.F.);
#9486 = EDGE_LOOP('',(#9487));
#9487 = ORIENTED_EDGE('',*,*,#9488,.T.);
#9488 = EDGE_CURVE('',#9489,#9489,#9491,.T.);
#9489 = VERTEX_POINT('',#9490);
#9490 = CARTESIAN_POINT('',(22.4,-19.9,0.));
#9491 = CIRCLE('',#9492,0.5);
#9492 = AXIS2_PLACEMENT_3D('',#9493,#9494,#9495);
#9493 = CARTESIAN_POINT('',(22.4,-19.4,0.));
#9494 = DIRECTION('',(-0.,0.,-1.));
#9495 = DIRECTION('',(-0.,-1.,0.));
#9496 = FACE_BOUND('',#9497,.F.);
#9497 = EDGE_LOOP('',(#9498));
#9498 = ORIENTED_EDGE('',*,*,#9499,.T.);
#9499 = EDGE_CURVE('',#9500,#9500,#9502,.T.);
#9500 = VERTEX_POINT('',#9501);
#9501 = CARTESIAN_POINT('',(5.9,-6.64,0.));
#9502 = CIRCLE('',#9503,1.35);
#9503 = AXIS2_PLACEMENT_3D('',#9504,#9505,#9506);
#9504 = CARTESIAN_POINT('',(5.9,-5.29,0.));
#9505 = DIRECTION('',(-0.,0.,-1.));
#9506 = DIRECTION('',(-0.,-1.,0.));
#9507 = FACE_BOUND('',#9508,.F.);
#9508 = EDGE_LOOP('',(#9509));
#9509 = ORIENTED_EDGE('',*,*,#9510,.T.);
#9510 = EDGE_CURVE('',#9511,#9511,#9513,.T.);
#9511 = VERTEX_POINT('',#9512);
#9512 = CARTESIAN_POINT('',(10.4,4.46,0.));
#9513 = CIRCLE('',#9514,1.35);
#9514 = AXIS2_PLACEMENT_3D('',#9515,#9516,#9517);
#9515 = CARTESIAN_POINT('',(10.4,5.81,0.));
#9516 = DIRECTION('',(-0.,0.,-1.));
#9517 = DIRECTION('',(-0.,-1.,0.));
#9518 = FACE_BOUND('',#9519,.F.);
#9519 = EDGE_LOOP('',(#9520));
#9520 = ORIENTED_EDGE('',*,*,#9521,.T.);
#9521 = EDGE_CURVE('',#9522,#9522,#9524,.T.);
#9522 = VERTEX_POINT('',#9523);
#9523 = CARTESIAN_POINT('',(16.514,-13.45,0.));
#9524 = CIRCLE('',#9525,1.35);
#9525 = AXIS2_PLACEMENT_3D('',#9526,#9527,#9528);
#9526 = CARTESIAN_POINT('',(16.514,-12.1,0.));
#9527 = DIRECTION('',(-0.,0.,-1.));
#9528 = DIRECTION('',(-0.,-1.,0.));
#9529 = FACE_BOUND('',#9530,.F.);
#9530 = EDGE_LOOP('',(#9531));
#9531 = ORIENTED_EDGE('',*,*,#9532,.T.);
#9532 = EDGE_CURVE('',#9533,#9533,#9535,.T.);
#9533 = VERTEX_POINT('',#9534);
#9534 = CARTESIAN_POINT('',(16.514,-5.7,0.));
#9535 = CIRCLE('',#9536,1.35);
#9536 = AXIS2_PLACEMENT_3D('',#9537,#9538,#9539);
#9537 = CARTESIAN_POINT('',(16.514,-4.35,0.));
#9538 = DIRECTION('',(-0.,0.,-1.));
#9539 = DIRECTION('',(-0.,-1.,0.));
#9540 = PLANE('',#9541);
#9541 = AXIS2_PLACEMENT_3D('',#9542,#9543,#9544);
#9542 = CARTESIAN_POINT('',(0.,0.,0.));
#9543 = DIRECTION('',(0.,0.,1.));
#9544 = DIRECTION('',(1.,0.,-0.));
#9545 = ADVANCED_FACE('',(#9546,#10205,#10216,#10227,#10238,#10249,
    #10260,#10271,#10282,#10293,#10304,#10315),#10326,.T.);
#9546 = FACE_BOUND('',#9547,.T.);
#9547 = EDGE_LOOP('',(#9548,#9549,#9550,#9558,#9566,#9574,#9582,#9590,
    #9598,#9606,#9614,#9622,#9630,#9638,#9646,#9654,#9662,#9670,#9678,
    #9686,#9694,#9702,#9710,#9718,#9726,#9734,#9742,#9750,#9758,#9766,
    #9774,#9782,#9790,#9798,#9806,#9814,#9822,#9830,#9838,#9846,#9854,
    #9862,#9870,#9878,#9886,#9894,#9902,#9910,#9918,#9926,#9934,#9942,
    #9950,#9958,#9966,#9974,#9982,#9990,#9998,#10006,#10014,#10022,
    #10030,#10038,#10046,#10054,#10062,#10070,#10078,#10086,#10094,
    #10102,#10110,#10118,#10126,#10134,#10142,#10150,#10158,#10166,
    #10174,#10182,#10190,#10198,#10204));
#9548 = ORIENTED_EDGE('',*,*,#8671,.F.);
#9549 = ORIENTED_EDGE('',*,*,#8711,.F.);
#9550 = ORIENTED_EDGE('',*,*,#9551,.F.);
#9551 = EDGE_CURVE('',#9552,#8704,#9554,.T.);
#9552 = VERTEX_POINT('',#9553);
#9553 = CARTESIAN_POINT('',(9.440661,8.862813,2.E-02));
#9554 = LINE('',#9555,#9556);
#9555 = CARTESIAN_POINT('',(9.440661,8.862813,2.E-02));
#9556 = VECTOR('',#9557,1.);
#9557 = DIRECTION('',(0.988434112806,0.151650930236,0.));
#9558 = ORIENTED_EDGE('',*,*,#9559,.F.);
#9559 = EDGE_CURVE('',#9560,#9552,#9562,.T.);
#9560 = VERTEX_POINT('',#9561);
#9561 = CARTESIAN_POINT('',(8.569574,8.434794,2.E-02));
#9562 = LINE('',#9563,#9564);
#9563 = CARTESIAN_POINT('',(8.569574,8.434794,2.E-02));
#9564 = VECTOR('',#9565,1.);
#9565 = DIRECTION('',(0.89750677328,0.441000671107,0.));
#9566 = ORIENTED_EDGE('',*,*,#9567,.F.);
#9567 = EDGE_CURVE('',#9568,#9560,#9570,.T.);
#9568 = VERTEX_POINT('',#9569);
#9569 = CARTESIAN_POINT('',(7.866871,7.765315,2.E-02));
#9570 = LINE('',#9571,#9572);
#9571 = CARTESIAN_POINT('',(7.866871,7.765315,2.E-02));
#9572 = VECTOR('',#9573,1.);
#9573 = DIRECTION('',(0.724015431724,0.68978377382,0.));
#9574 = ORIENTED_EDGE('',*,*,#9575,.F.);
#9575 = EDGE_CURVE('',#9576,#9568,#9578,.T.);
#9576 = VERTEX_POINT('',#9577);
#9577 = CARTESIAN_POINT('',(7.397194,6.915965,2.E-02));
#9578 = LINE('',#9579,#9580);
#9579 = CARTESIAN_POINT('',(7.397194,6.915965,2.E-02));
#9580 = VECTOR('',#9581,1.);
#9581 = DIRECTION('',(0.4839223802,0.875110924364,0.));
#9582 = ORIENTED_EDGE('',*,*,#9583,.F.);
#9583 = EDGE_CURVE('',#9584,#9576,#9586,.T.);
#9584 = VERTEX_POINT('',#9585);
#9585 = CARTESIAN_POINT('',(7.20375,5.964874,2.E-02));
#9586 = LINE('',#9587,#9588);
#9587 = CARTESIAN_POINT('',(7.20375,5.964874,2.E-02));
#9588 = VECTOR('',#9589,1.);
#9589 = DIRECTION('',(0.199310895675,0.979936307555,0.));
#9590 = ORIENTED_EDGE('',*,*,#9591,.F.);
#9591 = EDGE_CURVE('',#9592,#9584,#9594,.T.);
#9592 = VERTEX_POINT('',#9593);
#9593 = CARTESIAN_POINT('',(7.304333,4.999537,2.E-02));
#9594 = LINE('',#9595,#9596);
#9595 = CARTESIAN_POINT('',(7.304333,4.999537,2.E-02));
#9596 = VECTOR('',#9597,1.);
#9597 = DIRECTION('',(-0.103633668216,0.994615535175,0.));
#9598 = ORIENTED_EDGE('',*,*,#9599,.F.);
#9599 = EDGE_CURVE('',#9600,#9592,#9602,.T.);
#9600 = VERTEX_POINT('',#9601);
#9601 = CARTESIAN_POINT('',(7.689692,4.108755,2.E-02));
#9602 = LINE('',#9603,#9604);
#9603 = CARTESIAN_POINT('',(7.689692,4.108755,2.E-02));
#9604 = VECTOR('',#9605,1.);
#9605 = DIRECTION('',(-0.397046532859,0.917798480465,0.));
#9606 = ORIENTED_EDGE('',*,*,#9607,.F.);
#9607 = EDGE_CURVE('',#9608,#9600,#9610,.T.);
#9608 = VERTEX_POINT('',#9609);
#9609 = CARTESIAN_POINT('',(8.324376,3.374474,2.E-02));
#9610 = LINE('',#9611,#9612);
#9611 = CARTESIAN_POINT('',(8.324376,3.374474,2.E-02));
#9612 = VECTOR('',#9613,1.);
#9613 = DIRECTION('',(-0.653933909825,0.756551678064,0.));
#9614 = ORIENTED_EDGE('',*,*,#9615,.F.);
#9615 = EDGE_CURVE('',#9616,#9608,#9618,.T.);
#9616 = VERTEX_POINT('',#9617);
#9617 = CARTESIAN_POINT('',(9.15,2.86424,2.E-02));
#9618 = LINE('',#9619,#9620);
#9619 = CARTESIAN_POINT('',(9.15,2.86424,2.E-02));
#9620 = VECTOR('',#9621,1.);
#9621 = DIRECTION('',(-0.850664490349,0.525708973539,0.));
#9622 = ORIENTED_EDGE('',*,*,#9623,.F.);
#9623 = EDGE_CURVE('',#9624,#9616,#9626,.T.);
#9624 = VERTEX_POINT('',#9625);
#9625 = CARTESIAN_POINT('',(9.15,-16.,2.E-02));
#9626 = LINE('',#9627,#9628);
#9627 = CARTESIAN_POINT('',(9.15,-16.,2.E-02));
#9628 = VECTOR('',#9629,1.);
#9629 = DIRECTION('',(0.,1.,0.));
#9630 = ORIENTED_EDGE('',*,*,#9631,.F.);
#9631 = EDGE_CURVE('',#9632,#9624,#9634,.T.);
#9632 = VERTEX_POINT('',#9633);
#9633 = CARTESIAN_POINT('',(7.15,-16.,2.E-02));
#9634 = LINE('',#9635,#9636);
#9635 = CARTESIAN_POINT('',(7.15,-16.,2.E-02));
#9636 = VECTOR('',#9637,1.);
#9637 = DIRECTION('',(1.,0.,0.));
#9638 = ORIENTED_EDGE('',*,*,#9639,.F.);
#9639 = EDGE_CURVE('',#9640,#9632,#9642,.T.);
#9640 = VERTEX_POINT('',#9641);
#9641 = CARTESIAN_POINT('',(7.15,-8.235759,2.E-02));
#9642 = LINE('',#9643,#9644);
#9643 = CARTESIAN_POINT('',(7.15,-8.235759,2.E-02));
#9644 = VECTOR('',#9645,1.);
#9645 = DIRECTION('',(0.,-1.,0.));
#9646 = ORIENTED_EDGE('',*,*,#9647,.F.);
#9647 = EDGE_CURVE('',#9648,#9640,#9650,.T.);
#9648 = VERTEX_POINT('',#9649);
#9649 = CARTESIAN_POINT('',(7.975623,-7.725525,2.E-02));
#9650 = LINE('',#9651,#9652);
#9651 = CARTESIAN_POINT('',(7.975623,-7.725525,2.E-02));
#9652 = VECTOR('',#9653,1.);
#9653 = DIRECTION('',(-0.850664205597,-0.525709434304,0.));
#9654 = ORIENTED_EDGE('',*,*,#9655,.F.);
#9655 = EDGE_CURVE('',#9656,#9648,#9658,.T.);
#9656 = VERTEX_POINT('',#9657);
#9657 = CARTESIAN_POINT('',(8.610307,-6.991244,2.E-02));
#9658 = LINE('',#9659,#9660);
#9659 = CARTESIAN_POINT('',(8.610307,-6.991244,2.E-02));
#9660 = VECTOR('',#9661,1.);
#9661 = DIRECTION('',(-0.653933909825,-0.756551678064,0.));
#9662 = ORIENTED_EDGE('',*,*,#9663,.F.);
#9663 = EDGE_CURVE('',#9664,#9656,#9666,.T.);
#9664 = VERTEX_POINT('',#9665);
#9665 = CARTESIAN_POINT('',(8.995666,-6.100462,2.E-02));
#9666 = LINE('',#9667,#9668);
#9667 = CARTESIAN_POINT('',(8.995666,-6.100462,2.E-02));
#9668 = VECTOR('',#9669,1.);
#9669 = DIRECTION('',(-0.397046532859,-0.917798480465,0.));
#9670 = ORIENTED_EDGE('',*,*,#9671,.F.);
#9671 = EDGE_CURVE('',#9672,#9664,#9674,.T.);
#9672 = VERTEX_POINT('',#9673);
#9673 = CARTESIAN_POINT('',(9.096249,-5.135125,2.E-02));
#9674 = LINE('',#9675,#9676);
#9675 = CARTESIAN_POINT('',(9.096249,-5.135125,2.E-02));
#9676 = VECTOR('',#9677,1.);
#9677 = DIRECTION('',(-0.103633668216,-0.994615535175,0.));
#9678 = ORIENTED_EDGE('',*,*,#9679,.F.);
#9679 = EDGE_CURVE('',#9680,#9672,#9682,.T.);
#9680 = VERTEX_POINT('',#9681);
#9681 = CARTESIAN_POINT('',(8.902805,-4.184034,2.E-02));
#9682 = LINE('',#9683,#9684);
#9683 = CARTESIAN_POINT('',(8.902805,-4.184034,2.E-02));
#9684 = VECTOR('',#9685,1.);
#9685 = DIRECTION('',(0.199310895675,-0.979936307555,0.));
#9686 = ORIENTED_EDGE('',*,*,#9687,.F.);
#9687 = EDGE_CURVE('',#9688,#9680,#9690,.T.);
#9688 = VERTEX_POINT('',#9689);
#9689 = CARTESIAN_POINT('',(8.433128,-3.334684,2.E-02));
#9690 = LINE('',#9691,#9692);
#9691 = CARTESIAN_POINT('',(8.433128,-3.334684,2.E-02));
#9692 = VECTOR('',#9693,1.);
#9693 = DIRECTION('',(0.4839223802,-0.875110924364,0.));
#9694 = ORIENTED_EDGE('',*,*,#9695,.F.);
#9695 = EDGE_CURVE('',#9696,#9688,#9698,.T.);
#9696 = VERTEX_POINT('',#9697);
#9697 = CARTESIAN_POINT('',(7.730425,-2.665205,2.E-02));
#9698 = LINE('',#9699,#9700);
#9699 = CARTESIAN_POINT('',(7.730425,-2.665205,2.E-02));
#9700 = VECTOR('',#9701,1.);
#9701 = DIRECTION('',(0.724015431724,-0.68978377382,0.));
#9702 = ORIENTED_EDGE('',*,*,#9703,.F.);
#9703 = EDGE_CURVE('',#9704,#9696,#9706,.T.);
#9704 = VERTEX_POINT('',#9705);
#9705 = CARTESIAN_POINT('',(6.859338,-2.237186,2.E-02));
#9706 = LINE('',#9707,#9708);
#9707 = CARTESIAN_POINT('',(6.859338,-2.237186,2.E-02));
#9708 = VECTOR('',#9709,1.);
#9709 = DIRECTION('',(0.89750677328,-0.441000671107,0.));
#9710 = ORIENTED_EDGE('',*,*,#9711,.F.);
#9711 = EDGE_CURVE('',#9712,#9704,#9714,.T.);
#9712 = VERTEX_POINT('',#9713);
#9713 = CARTESIAN_POINT('',(5.899999,-2.089999,2.E-02));
#9714 = LINE('',#9715,#9716);
#9715 = CARTESIAN_POINT('',(5.899999,-2.089999,2.E-02));
#9716 = VECTOR('',#9717,1.);
#9717 = DIRECTION('',(0.988434112806,-0.151650930236,0.));
#9718 = ORIENTED_EDGE('',*,*,#9719,.F.);
#9719 = EDGE_CURVE('',#9720,#9712,#9722,.T.);
#9720 = VERTEX_POINT('',#9721);
#9721 = CARTESIAN_POINT('',(4.940661,-2.237186,2.E-02));
#9722 = LINE('',#9723,#9724);
#9723 = CARTESIAN_POINT('',(4.940661,-2.237186,2.E-02));
#9724 = VECTOR('',#9725,1.);
#9725 = DIRECTION('',(0.98843408911,0.151651084679,0.));
#9726 = ORIENTED_EDGE('',*,*,#9727,.F.);
#9727 = EDGE_CURVE('',#9728,#9720,#9730,.T.);
#9728 = VERTEX_POINT('',#9729);
#9729 = CARTESIAN_POINT('',(4.069574,-2.665205,2.E-02));
#9730 = LINE('',#9731,#9732);
#9731 = CARTESIAN_POINT('',(4.069574,-2.665205,2.E-02));
#9732 = VECTOR('',#9733,1.);
#9733 = DIRECTION('',(0.89750677328,0.441000671107,0.));
#9734 = ORIENTED_EDGE('',*,*,#9735,.F.);
#9735 = EDGE_CURVE('',#9736,#9728,#9738,.T.);
#9736 = VERTEX_POINT('',#9737);
#9737 = CARTESIAN_POINT('',(3.366871,-3.334684,2.E-02));
#9738 = LINE('',#9739,#9740);
#9739 = CARTESIAN_POINT('',(3.366871,-3.334684,2.E-02));
#9740 = VECTOR('',#9741,1.);
#9741 = DIRECTION('',(0.724015431724,0.68978377382,0.));
#9742 = ORIENTED_EDGE('',*,*,#9743,.F.);
#9743 = EDGE_CURVE('',#9744,#9736,#9746,.T.);
#9744 = VERTEX_POINT('',#9745);
#9745 = CARTESIAN_POINT('',(2.897194,-4.184034,2.E-02));
#9746 = LINE('',#9747,#9748);
#9747 = CARTESIAN_POINT('',(2.897194,-4.184034,2.E-02));
#9748 = VECTOR('',#9749,1.);
#9749 = DIRECTION('',(0.4839223802,0.875110924364,0.));
#9750 = ORIENTED_EDGE('',*,*,#9751,.F.);
#9751 = EDGE_CURVE('',#9752,#9744,#9754,.T.);
#9752 = VERTEX_POINT('',#9753);
#9753 = CARTESIAN_POINT('',(2.70375,-5.135125,2.E-02));
#9754 = LINE('',#9755,#9756);
#9755 = CARTESIAN_POINT('',(2.70375,-5.135125,2.E-02));
#9756 = VECTOR('',#9757,1.);
#9757 = DIRECTION('',(0.199310895675,0.979936307555,0.));
#9758 = ORIENTED_EDGE('',*,*,#9759,.F.);
#9759 = EDGE_CURVE('',#9760,#9752,#9762,.T.);
#9760 = VERTEX_POINT('',#9761);
#9761 = CARTESIAN_POINT('',(2.804333,-6.100462,2.E-02));
#9762 = LINE('',#9763,#9764);
#9763 = CARTESIAN_POINT('',(2.804333,-6.100462,2.E-02));
#9764 = VECTOR('',#9765,1.);
#9765 = DIRECTION('',(-0.103633668216,0.994615535175,0.));
#9766 = ORIENTED_EDGE('',*,*,#9767,.F.);
#9767 = EDGE_CURVE('',#9768,#9760,#9770,.T.);
#9768 = VERTEX_POINT('',#9769);
#9769 = CARTESIAN_POINT('',(3.189692,-6.991244,2.E-02));
#9770 = LINE('',#9771,#9772);
#9771 = CARTESIAN_POINT('',(3.189692,-6.991244,2.E-02));
#9772 = VECTOR('',#9773,1.);
#9773 = DIRECTION('',(-0.397046532859,0.917798480465,0.));
#9774 = ORIENTED_EDGE('',*,*,#9775,.F.);
#9775 = EDGE_CURVE('',#9776,#9768,#9778,.T.);
#9776 = VERTEX_POINT('',#9777);
#9777 = CARTESIAN_POINT('',(3.824376,-7.725525,2.E-02));
#9778 = LINE('',#9779,#9780);
#9779 = CARTESIAN_POINT('',(3.824376,-7.725525,2.E-02));
#9780 = VECTOR('',#9781,1.);
#9781 = DIRECTION('',(-0.653933909825,0.756551678064,0.));
#9782 = ORIENTED_EDGE('',*,*,#9783,.F.);
#9783 = EDGE_CURVE('',#9784,#9776,#9786,.T.);
#9784 = VERTEX_POINT('',#9785);
#9785 = CARTESIAN_POINT('',(4.65,-8.235759,2.E-02));
#9786 = LINE('',#9787,#9788);
#9787 = CARTESIAN_POINT('',(4.65,-8.235759,2.E-02));
#9788 = VECTOR('',#9789,1.);
#9789 = DIRECTION('',(-0.850664490349,0.525708973539,0.));
#9790 = ORIENTED_EDGE('',*,*,#9791,.F.);
#9791 = EDGE_CURVE('',#9792,#9784,#9794,.T.);
#9792 = VERTEX_POINT('',#9793);
#9793 = CARTESIAN_POINT('',(4.65,-16.,2.E-02));
#9794 = LINE('',#9795,#9796);
#9795 = CARTESIAN_POINT('',(4.65,-16.,2.E-02));
#9796 = VECTOR('',#9797,1.);
#9797 = DIRECTION('',(0.,1.,0.));
#9798 = ORIENTED_EDGE('',*,*,#9799,.F.);
#9799 = EDGE_CURVE('',#9800,#9792,#9802,.T.);
#9800 = VERTEX_POINT('',#9801);
#9801 = CARTESIAN_POINT('',(2.25,-16.,2.E-02));
#9802 = LINE('',#9803,#9804);
#9803 = CARTESIAN_POINT('',(2.25,-16.,2.E-02));
#9804 = VECTOR('',#9805,1.);
#9805 = DIRECTION('',(1.,0.,0.));
#9806 = ORIENTED_EDGE('',*,*,#9807,.F.);
#9807 = EDGE_CURVE('',#9808,#9800,#9810,.T.);
#9808 = VERTEX_POINT('',#9809);
#9809 = CARTESIAN_POINT('',(2.25,-37.6,2.E-02));
#9810 = LINE('',#9811,#9812);
#9811 = CARTESIAN_POINT('',(2.25,-37.6,2.E-02));
#9812 = VECTOR('',#9813,1.);
#9813 = DIRECTION('',(0.,1.,0.));
#9814 = ORIENTED_EDGE('',*,*,#9815,.F.);
#9815 = EDGE_CURVE('',#9816,#9808,#9818,.T.);
#9816 = VERTEX_POINT('',#9817);
#9817 = CARTESIAN_POINT('',(7.25,-37.6,2.E-02));
#9818 = LINE('',#9819,#9820);
#9819 = CARTESIAN_POINT('',(7.25,-37.6,2.E-02));
#9820 = VECTOR('',#9821,1.);
#9821 = DIRECTION('',(-1.,0.,0.));
#9822 = ORIENTED_EDGE('',*,*,#9823,.F.);
#9823 = EDGE_CURVE('',#9824,#9816,#9826,.T.);
#9824 = VERTEX_POINT('',#9825);
#9825 = CARTESIAN_POINT('',(7.25,-40.05424,2.E-02));
#9826 = LINE('',#9827,#9828);
#9827 = CARTESIAN_POINT('',(7.25,-40.05424,2.E-02));
#9828 = VECTOR('',#9829,1.);
#9829 = DIRECTION('',(0.,1.,0.));
#9830 = ORIENTED_EDGE('',*,*,#9831,.F.);
#9831 = EDGE_CURVE('',#9832,#9824,#9834,.T.);
#9832 = VERTEX_POINT('',#9833);
#9833 = CARTESIAN_POINT('',(6.424376,-40.564474,2.E-02));
#9834 = LINE('',#9835,#9836);
#9835 = CARTESIAN_POINT('',(6.424376,-40.564474,2.E-02));
#9836 = VECTOR('',#9837,1.);
#9837 = DIRECTION('',(0.850664490349,0.525708973539,0.));
#9838 = ORIENTED_EDGE('',*,*,#9839,.F.);
#9839 = EDGE_CURVE('',#9840,#9832,#9842,.T.);
#9840 = VERTEX_POINT('',#9841);
#9841 = CARTESIAN_POINT('',(5.789692,-41.298755,2.E-02));
#9842 = LINE('',#9843,#9844);
#9843 = CARTESIAN_POINT('',(5.789692,-41.298755,2.E-02));
#9844 = VECTOR('',#9845,1.);
#9845 = DIRECTION('',(0.653933909825,0.756551678064,0.));
#9846 = ORIENTED_EDGE('',*,*,#9847,.F.);
#9847 = EDGE_CURVE('',#9848,#9840,#9850,.T.);
#9848 = VERTEX_POINT('',#9849);
#9849 = CARTESIAN_POINT('',(5.404333,-42.189537,2.E-02));
#9850 = LINE('',#9851,#9852);
#9851 = CARTESIAN_POINT('',(5.404333,-42.189537,2.E-02));
#9852 = VECTOR('',#9853,1.);
#9853 = DIRECTION('',(0.397046532859,0.917798480465,0.));
#9854 = ORIENTED_EDGE('',*,*,#9855,.F.);
#9855 = EDGE_CURVE('',#9856,#9848,#9858,.T.);
#9856 = VERTEX_POINT('',#9857);
#9857 = CARTESIAN_POINT('',(5.30375,-43.154874,2.E-02));
#9858 = LINE('',#9859,#9860);
#9859 = CARTESIAN_POINT('',(5.30375,-43.154874,2.E-02));
#9860 = VECTOR('',#9861,1.);
#9861 = DIRECTION('',(0.103633668216,0.994615535175,0.));
#9862 = ORIENTED_EDGE('',*,*,#9863,.F.);
#9863 = EDGE_CURVE('',#9864,#9856,#9866,.T.);
#9864 = VERTEX_POINT('',#9865);
#9865 = CARTESIAN_POINT('',(5.497194,-44.105965,2.E-02));
#9866 = LINE('',#9867,#9868);
#9867 = CARTESIAN_POINT('',(5.497194,-44.105965,2.E-02));
#9868 = VECTOR('',#9869,1.);
#9869 = DIRECTION('',(-0.199310895675,0.979936307555,0.));
#9870 = ORIENTED_EDGE('',*,*,#9871,.F.);
#9871 = EDGE_CURVE('',#9872,#9864,#9874,.T.);
#9872 = VERTEX_POINT('',#9873);
#9873 = CARTESIAN_POINT('',(5.966871,-44.955315,2.E-02));
#9874 = LINE('',#9875,#9876);
#9875 = CARTESIAN_POINT('',(5.966871,-44.955315,2.E-02));
#9876 = VECTOR('',#9877,1.);
#9877 = DIRECTION('',(-0.4839223802,0.875110924364,0.));
#9878 = ORIENTED_EDGE('',*,*,#9879,.F.);
#9879 = EDGE_CURVE('',#9880,#9872,#9882,.T.);
#9880 = VERTEX_POINT('',#9881);
#9881 = CARTESIAN_POINT('',(6.669574,-45.624794,2.E-02));
#9882 = LINE('',#9883,#9884);
#9883 = CARTESIAN_POINT('',(6.669574,-45.624794,2.E-02));
#9884 = VECTOR('',#9885,1.);
#9885 = DIRECTION('',(-0.724015431724,0.68978377382,0.));
#9886 = ORIENTED_EDGE('',*,*,#9887,.F.);
#9887 = EDGE_CURVE('',#9888,#9880,#9890,.T.);
#9888 = VERTEX_POINT('',#9889);
#9889 = CARTESIAN_POINT('',(7.540661,-46.052813,2.E-02));
#9890 = LINE('',#9891,#9892);
#9891 = CARTESIAN_POINT('',(7.540661,-46.052813,2.E-02));
#9892 = VECTOR('',#9893,1.);
#9893 = DIRECTION('',(-0.89750677328,0.441000671107,0.));
#9894 = ORIENTED_EDGE('',*,*,#9895,.F.);
#9895 = EDGE_CURVE('',#9896,#9888,#9898,.T.);
#9896 = VERTEX_POINT('',#9897);
#9897 = CARTESIAN_POINT('',(8.5,-46.2,2.E-02));
#9898 = LINE('',#9899,#9900);
#9899 = CARTESIAN_POINT('',(8.5,-46.2,2.E-02));
#9900 = VECTOR('',#9901,1.);
#9901 = DIRECTION('',(-0.988434112806,0.151650930236,0.));
#9902 = ORIENTED_EDGE('',*,*,#9903,.F.);
#9903 = EDGE_CURVE('',#9904,#9896,#9906,.T.);
#9904 = VERTEX_POINT('',#9905);
#9905 = CARTESIAN_POINT('',(9.459338,-46.052813,2.E-02));
#9906 = LINE('',#9907,#9908);
#9907 = CARTESIAN_POINT('',(9.459338,-46.052813,2.E-02));
#9908 = VECTOR('',#9909,1.);
#9909 = DIRECTION('',(-0.98843408911,-0.151651084679,0.));
#9910 = ORIENTED_EDGE('',*,*,#9911,.F.);
#9911 = EDGE_CURVE('',#9912,#9904,#9914,.T.);
#9912 = VERTEX_POINT('',#9913);
#9913 = CARTESIAN_POINT('',(10.330425,-45.624794,2.E-02));
#9914 = LINE('',#9915,#9916);
#9915 = CARTESIAN_POINT('',(10.330425,-45.624794,2.E-02));
#9916 = VECTOR('',#9917,1.);
#9917 = DIRECTION('',(-0.89750677328,-0.441000671107,0.));
#9918 = ORIENTED_EDGE('',*,*,#9919,.F.);
#9919 = EDGE_CURVE('',#9920,#9912,#9922,.T.);
#9920 = VERTEX_POINT('',#9921);
#9921 = CARTESIAN_POINT('',(11.033128,-44.955315,2.E-02));
#9922 = LINE('',#9923,#9924);
#9923 = CARTESIAN_POINT('',(11.033128,-44.955315,2.E-02));
#9924 = VECTOR('',#9925,1.);
#9925 = DIRECTION('',(-0.724015431724,-0.68978377382,0.));
#9926 = ORIENTED_EDGE('',*,*,#9927,.F.);
#9927 = EDGE_CURVE('',#9928,#9920,#9930,.T.);
#9928 = VERTEX_POINT('',#9929);
#9929 = CARTESIAN_POINT('',(11.502805,-44.105965,2.E-02));
#9930 = LINE('',#9931,#9932);
#9931 = CARTESIAN_POINT('',(11.502805,-44.105965,2.E-02));
#9932 = VECTOR('',#9933,1.);
#9933 = DIRECTION('',(-0.4839223802,-0.875110924364,0.));
#9934 = ORIENTED_EDGE('',*,*,#9935,.F.);
#9935 = EDGE_CURVE('',#9936,#9928,#9938,.T.);
#9936 = VERTEX_POINT('',#9937);
#9937 = CARTESIAN_POINT('',(11.696249,-43.154874,2.E-02));
#9938 = LINE('',#9939,#9940);
#9939 = CARTESIAN_POINT('',(11.696249,-43.154874,2.E-02));
#9940 = VECTOR('',#9941,1.);
#9941 = DIRECTION('',(-0.199310895675,-0.979936307555,0.));
#9942 = ORIENTED_EDGE('',*,*,#9943,.F.);
#9943 = EDGE_CURVE('',#9944,#9936,#9946,.T.);
#9944 = VERTEX_POINT('',#9945);
#9945 = CARTESIAN_POINT('',(11.595666,-42.189537,2.E-02));
#9946 = LINE('',#9947,#9948);
#9947 = CARTESIAN_POINT('',(11.595666,-42.189537,2.E-02));
#9948 = VECTOR('',#9949,1.);
#9949 = DIRECTION('',(0.103633668216,-0.994615535175,0.));
#9950 = ORIENTED_EDGE('',*,*,#9951,.F.);
#9951 = EDGE_CURVE('',#9952,#9944,#9954,.T.);
#9952 = VERTEX_POINT('',#9953);
#9953 = CARTESIAN_POINT('',(11.210307,-41.298755,2.E-02));
#9954 = LINE('',#9955,#9956);
#9955 = CARTESIAN_POINT('',(11.210307,-41.298755,2.E-02));
#9956 = VECTOR('',#9957,1.);
#9957 = DIRECTION('',(0.397046532859,-0.917798480465,0.));
#9958 = ORIENTED_EDGE('',*,*,#9959,.F.);
#9959 = EDGE_CURVE('',#9960,#9952,#9962,.T.);
#9960 = VERTEX_POINT('',#9961);
#9961 = CARTESIAN_POINT('',(10.575623,-40.564474,2.E-02));
#9962 = LINE('',#9963,#9964);
#9963 = CARTESIAN_POINT('',(10.575623,-40.564474,2.E-02));
#9964 = VECTOR('',#9965,1.);
#9965 = DIRECTION('',(0.653933909825,-0.756551678064,0.));
#9966 = ORIENTED_EDGE('',*,*,#9967,.F.);
#9967 = EDGE_CURVE('',#9968,#9960,#9970,.T.);
#9968 = VERTEX_POINT('',#9969);
#9969 = CARTESIAN_POINT('',(9.75,-40.05424,2.E-02));
#9970 = LINE('',#9971,#9972);
#9971 = CARTESIAN_POINT('',(9.75,-40.05424,2.E-02));
#9972 = VECTOR('',#9973,1.);
#9973 = DIRECTION('',(0.850664205597,-0.525709434304,0.));
#9974 = ORIENTED_EDGE('',*,*,#9975,.F.);
#9975 = EDGE_CURVE('',#9976,#9968,#9978,.T.);
#9976 = VERTEX_POINT('',#9977);
#9977 = CARTESIAN_POINT('',(9.75,-37.6,2.E-02));
#9978 = LINE('',#9979,#9980);
#9979 = CARTESIAN_POINT('',(9.75,-37.6,2.E-02));
#9980 = VECTOR('',#9981,1.);
#9981 = DIRECTION('',(0.,-1.,0.));
#9982 = ORIENTED_EDGE('',*,*,#9983,.F.);
#9983 = EDGE_CURVE('',#9984,#9976,#9986,.T.);
#9984 = VERTEX_POINT('',#9985);
#9985 = CARTESIAN_POINT('',(15.75,-37.6,2.E-02));
#9986 = LINE('',#9987,#9988);
#9987 = CARTESIAN_POINT('',(15.75,-37.6,2.E-02));
#9988 = VECTOR('',#9989,1.);
#9989 = DIRECTION('',(-1.,0.,0.));
#9990 = ORIENTED_EDGE('',*,*,#9991,.F.);
#9991 = EDGE_CURVE('',#9992,#9984,#9994,.T.);
#9992 = VERTEX_POINT('',#9993);
#9993 = CARTESIAN_POINT('',(15.75,-22.4,2.E-02));
#9994 = LINE('',#9995,#9996);
#9995 = CARTESIAN_POINT('',(15.75,-22.4,2.E-02));
#9996 = VECTOR('',#9997,1.);
#9997 = DIRECTION('',(0.,-1.,0.));
#9998 = ORIENTED_EDGE('',*,*,#9999,.F.);
#9999 = EDGE_CURVE('',#10000,#9992,#10002,.T.);
#10000 = VERTEX_POINT('',#10001);
#10001 = CARTESIAN_POINT('',(20.1,-22.4,2.E-02));
#10002 = LINE('',#10003,#10004);
#10003 = CARTESIAN_POINT('',(20.1,-22.4,2.E-02));
#10004 = VECTOR('',#10005,1.);
#10005 = DIRECTION('',(-1.,0.,0.));
#10006 = ORIENTED_EDGE('',*,*,#10007,.F.);
#10007 = EDGE_CURVE('',#10008,#10000,#10010,.T.);
#10008 = VERTEX_POINT('',#10009);
#10009 = CARTESIAN_POINT('',(20.1,-28.,2.E-02));
#10010 = LINE('',#10011,#10012);
#10011 = CARTESIAN_POINT('',(20.1,-28.,2.E-02));
#10012 = VECTOR('',#10013,1.);
#10013 = DIRECTION('',(0.,1.,0.));
#10014 = ORIENTED_EDGE('',*,*,#10015,.F.);
#10015 = EDGE_CURVE('',#10016,#10008,#10018,.T.);
#10016 = VERTEX_POINT('',#10017);
#10017 = CARTESIAN_POINT('',(33.4,-28.,2.E-02));
#10018 = LINE('',#10019,#10020);
#10019 = CARTESIAN_POINT('',(33.4,-28.,2.E-02));
#10020 = VECTOR('',#10021,1.);
#10021 = DIRECTION('',(-1.,0.,0.));
#10022 = ORIENTED_EDGE('',*,*,#10023,.F.);
#10023 = EDGE_CURVE('',#10024,#10016,#10026,.T.);
#10024 = VERTEX_POINT('',#10025);
#10025 = CARTESIAN_POINT('',(33.4,-16.,2.E-02));
#10026 = LINE('',#10027,#10028);
#10027 = CARTESIAN_POINT('',(33.4,-16.,2.E-02));
#10028 = VECTOR('',#10029,1.);
#10029 = DIRECTION('',(0.,-1.,0.));
#10030 = ORIENTED_EDGE('',*,*,#10031,.F.);
#10031 = EDGE_CURVE('',#10032,#10024,#10034,.T.);
#10032 = VERTEX_POINT('',#10033);
#10033 = CARTESIAN_POINT('',(20.1,-16.,2.E-02));
#10034 = LINE('',#10035,#10036);
#10035 = CARTESIAN_POINT('',(20.1,-16.,2.E-02));
#10036 = VECTOR('',#10037,1.);
#10037 = DIRECTION('',(1.,0.,0.));
#10038 = ORIENTED_EDGE('',*,*,#10039,.F.);
#10039 = EDGE_CURVE('',#10040,#10032,#10042,.T.);
#10040 = VERTEX_POINT('',#10041);
#10041 = CARTESIAN_POINT('',(20.1,-19.9,2.E-02));
#10042 = LINE('',#10043,#10044);
#10043 = CARTESIAN_POINT('',(20.1,-19.9,2.E-02));
#10044 = VECTOR('',#10045,1.);
#10045 = DIRECTION('',(0.,1.,0.));
#10046 = ORIENTED_EDGE('',*,*,#10047,.F.);
#10047 = EDGE_CURVE('',#10048,#10040,#10050,.T.);
#10048 = VERTEX_POINT('',#10049);
#10049 = CARTESIAN_POINT('',(15.75,-19.9,2.E-02));
#10050 = LINE('',#10051,#10052);
#10051 = CARTESIAN_POINT('',(15.75,-19.9,2.E-02));
#10052 = VECTOR('',#10053,1.);
#10053 = DIRECTION('',(1.,0.,0.));
#10054 = ORIENTED_EDGE('',*,*,#10055,.F.);
#10055 = EDGE_CURVE('',#10056,#10048,#10058,.T.);
#10056 = VERTEX_POINT('',#10057);
#10057 = CARTESIAN_POINT('',(15.75,-19.6,2.E-02));
#10058 = LINE('',#10059,#10060);
#10059 = CARTESIAN_POINT('',(15.75,-19.6,2.E-02));
#10060 = VECTOR('',#10061,1.);
#10061 = DIRECTION('',(0.,-1.,0.));
#10062 = ORIENTED_EDGE('',*,*,#10063,.F.);
#10063 = EDGE_CURVE('',#10064,#10056,#10066,.T.);
#10064 = VERTEX_POINT('',#10065);
#10065 = CARTESIAN_POINT('',(15.09,-19.6,2.E-02));
#10066 = LINE('',#10067,#10068);
#10067 = CARTESIAN_POINT('',(15.09,-19.6,2.E-02));
#10068 = VECTOR('',#10069,1.);
#10069 = DIRECTION('',(1.,0.,0.));
#10070 = ORIENTED_EDGE('',*,*,#10071,.F.);
#10071 = EDGE_CURVE('',#10072,#10064,#10074,.T.);
#10072 = VERTEX_POINT('',#10073);
#10073 = CARTESIAN_POINT('',(15.09,-19.3,2.E-02));
#10074 = LINE('',#10075,#10076);
#10075 = CARTESIAN_POINT('',(15.09,-19.3,2.E-02));
#10076 = VECTOR('',#10077,1.);
#10077 = DIRECTION('',(0.,-1.,0.));
#10078 = ORIENTED_EDGE('',*,*,#10079,.F.);
#10079 = EDGE_CURVE('',#10080,#10072,#10082,.T.);
#10080 = VERTEX_POINT('',#10081);
#10081 = CARTESIAN_POINT('',(19.114,-19.3,2.E-02));
#10082 = LINE('',#10083,#10084);
#10083 = CARTESIAN_POINT('',(19.114,-19.3,2.E-02));
#10084 = VECTOR('',#10085,1.);
#10085 = DIRECTION('',(-1.,0.,0.));
#10086 = ORIENTED_EDGE('',*,*,#10087,.F.);
#10087 = EDGE_CURVE('',#10088,#10080,#10090,.T.);
#10088 = VERTEX_POINT('',#10089);
#10089 = CARTESIAN_POINT('',(19.114,-1.75,2.E-02));
#10090 = LINE('',#10091,#10092);
#10091 = CARTESIAN_POINT('',(19.114,-1.75,2.E-02));
#10092 = VECTOR('',#10093,1.);
#10093 = DIRECTION('',(0.,-1.,0.));
#10094 = ORIENTED_EDGE('',*,*,#10095,.F.);
#10095 = EDGE_CURVE('',#10096,#10088,#10098,.T.);
#10096 = VERTEX_POINT('',#10097);
#10097 = CARTESIAN_POINT('',(13.914,-1.75,2.E-02));
#10098 = LINE('',#10099,#10100);
#10099 = CARTESIAN_POINT('',(13.914,-1.75,2.E-02));
#10100 = VECTOR('',#10101,1.);
#10101 = DIRECTION('',(1.,0.,0.));
#10102 = ORIENTED_EDGE('',*,*,#10103,.F.);
#10103 = EDGE_CURVE('',#10104,#10096,#10106,.T.);
#10104 = VERTEX_POINT('',#10105);
#10105 = CARTESIAN_POINT('',(13.914,-14.85,2.E-02));
#10106 = LINE('',#10107,#10108);
#10107 = CARTESIAN_POINT('',(13.914,-14.85,2.E-02));
#10108 = VECTOR('',#10109,1.);
#10109 = DIRECTION('',(0.,1.,0.));
#10110 = ORIENTED_EDGE('',*,*,#10111,.F.);
#10111 = EDGE_CURVE('',#10112,#10104,#10114,.T.);
#10112 = VERTEX_POINT('',#10113);
#10113 = CARTESIAN_POINT('',(16.904,-14.85,2.E-02));
#10114 = LINE('',#10115,#10116);
#10115 = CARTESIAN_POINT('',(16.904,-14.85,2.E-02));
#10116 = VECTOR('',#10117,1.);
#10117 = DIRECTION('',(-1.,0.,0.));
#10118 = ORIENTED_EDGE('',*,*,#10119,.F.);
#10119 = EDGE_CURVE('',#10120,#10112,#10122,.T.);
#10120 = VERTEX_POINT('',#10121);
#10121 = CARTESIAN_POINT('',(16.904,-16.3,2.E-02));
#10122 = LINE('',#10123,#10124);
#10123 = CARTESIAN_POINT('',(16.904,-16.3,2.E-02));
#10124 = VECTOR('',#10125,1.);
#10125 = DIRECTION('',(0.,1.,0.));
#10126 = ORIENTED_EDGE('',*,*,#10127,.F.);
#10127 = EDGE_CURVE('',#10128,#10120,#10130,.T.);
#10128 = VERTEX_POINT('',#10129);
#10129 = CARTESIAN_POINT('',(15.09,-16.3,2.E-02));
#10130 = LINE('',#10131,#10132);
#10131 = CARTESIAN_POINT('',(15.09,-16.3,2.E-02));
#10132 = VECTOR('',#10133,1.);
#10133 = DIRECTION('',(1.,0.,0.));
#10134 = ORIENTED_EDGE('',*,*,#10135,.F.);
#10135 = EDGE_CURVE('',#10136,#10128,#10138,.T.);
#10136 = VERTEX_POINT('',#10137);
#10137 = CARTESIAN_POINT('',(15.09,-16.,2.E-02));
#10138 = LINE('',#10139,#10140);
#10139 = CARTESIAN_POINT('',(15.09,-16.,2.E-02));
#10140 = VECTOR('',#10141,1.);
#10141 = DIRECTION('',(0.,-1.,0.));
#10142 = ORIENTED_EDGE('',*,*,#10143,.F.);
#10143 = EDGE_CURVE('',#10144,#10136,#10146,.T.);
#10144 = VERTEX_POINT('',#10145);
#10145 = CARTESIAN_POINT('',(11.65,-16.,2.E-02));
#10146 = LINE('',#10147,#10148);
#10147 = CARTESIAN_POINT('',(11.65,-16.,2.E-02));
#10148 = VECTOR('',#10149,1.);
#10149 = DIRECTION('',(1.,0.,0.));
#10150 = ORIENTED_EDGE('',*,*,#10151,.F.);
#10151 = EDGE_CURVE('',#10152,#10144,#10154,.T.);
#10152 = VERTEX_POINT('',#10153);
#10153 = CARTESIAN_POINT('',(11.65,2.86424,2.E-02));
#10154 = LINE('',#10155,#10156);
#10155 = CARTESIAN_POINT('',(11.65,2.86424,2.E-02));
#10156 = VECTOR('',#10157,1.);
#10157 = DIRECTION('',(0.,-1.,0.));
#10158 = ORIENTED_EDGE('',*,*,#10159,.F.);
#10159 = EDGE_CURVE('',#10160,#10152,#10162,.T.);
#10160 = VERTEX_POINT('',#10161);
#10161 = CARTESIAN_POINT('',(12.475623,3.374474,2.E-02));
#10162 = LINE('',#10163,#10164);
#10163 = CARTESIAN_POINT('',(12.475623,3.374474,2.E-02));
#10164 = VECTOR('',#10165,1.);
#10165 = DIRECTION('',(-0.850664205597,-0.525709434304,0.));
#10166 = ORIENTED_EDGE('',*,*,#10167,.F.);
#10167 = EDGE_CURVE('',#10168,#10160,#10170,.T.);
#10168 = VERTEX_POINT('',#10169);
#10169 = CARTESIAN_POINT('',(13.110307,4.108755,2.E-02));
#10170 = LINE('',#10171,#10172);
#10171 = CARTESIAN_POINT('',(13.110307,4.108755,2.E-02));
#10172 = VECTOR('',#10173,1.);
#10173 = DIRECTION('',(-0.653933909825,-0.756551678064,0.));
#10174 = ORIENTED_EDGE('',*,*,#10175,.F.);
#10175 = EDGE_CURVE('',#10176,#10168,#10178,.T.);
#10176 = VERTEX_POINT('',#10177);
#10177 = CARTESIAN_POINT('',(13.495666,4.999537,2.E-02));
#10178 = LINE('',#10179,#10180);
#10179 = CARTESIAN_POINT('',(13.495666,4.999537,2.E-02));
#10180 = VECTOR('',#10181,1.);
#10181 = DIRECTION('',(-0.397046532859,-0.917798480465,0.));
#10182 = ORIENTED_EDGE('',*,*,#10183,.F.);
#10183 = EDGE_CURVE('',#10184,#10176,#10186,.T.);
#10184 = VERTEX_POINT('',#10185);
#10185 = CARTESIAN_POINT('',(13.596249,5.964874,2.E-02));
#10186 = LINE('',#10187,#10188);
#10187 = CARTESIAN_POINT('',(13.596249,5.964874,2.E-02));
#10188 = VECTOR('',#10189,1.);
#10189 = DIRECTION('',(-0.103633668216,-0.994615535175,0.));
#10190 = ORIENTED_EDGE('',*,*,#10191,.F.);
#10191 = EDGE_CURVE('',#10192,#10184,#10194,.T.);
#10192 = VERTEX_POINT('',#10193);
#10193 = CARTESIAN_POINT('',(13.402805,6.915965,2.E-02));
#10194 = LINE('',#10195,#10196);
#10195 = CARTESIAN_POINT('',(13.402805,6.915965,2.E-02));
#10196 = VECTOR('',#10197,1.);
#10197 = DIRECTION('',(0.199310895675,-0.979936307555,0.));
#10198 = ORIENTED_EDGE('',*,*,#10199,.F.);
#10199 = EDGE_CURVE('',#8734,#10192,#10200,.T.);
#10200 = LINE('',#10201,#10202);
#10201 = CARTESIAN_POINT('',(12.933128,7.765315,2.E-02));
#10202 = VECTOR('',#10203,1.);
#10203 = DIRECTION('',(0.4839223802,-0.875110924364,0.));
#10204 = ORIENTED_EDGE('',*,*,#8733,.F.);
#10205 = FACE_BOUND('',#10206,.T.);
#10206 = EDGE_LOOP('',(#10207));
#10207 = ORIENTED_EDGE('',*,*,#10208,.T.);
#10208 = EDGE_CURVE('',#10209,#10209,#10211,.T.);
#10209 = VERTEX_POINT('',#10210);
#10210 = CARTESIAN_POINT('',(8.5,-44.35,2.E-02));
#10211 = CIRCLE('',#10212,1.35);
#10212 = AXIS2_PLACEMENT_3D('',#10213,#10214,#10215);
#10213 = CARTESIAN_POINT('',(8.5,-43.,2.E-02));
#10214 = DIRECTION('',(-0.,0.,-1.));
#10215 = DIRECTION('',(-0.,-1.,0.));
#10216 = FACE_BOUND('',#10217,.T.);
#10217 = EDGE_LOOP('',(#10218));
#10218 = ORIENTED_EDGE('',*,*,#10219,.T.);
#10219 = EDGE_CURVE('',#10220,#10220,#10222,.T.);
#10220 = VERTEX_POINT('',#10221);
#10221 = CARTESIAN_POINT('',(7.46,-35.8953,2.E-02));
#10222 = CIRCLE('',#10223,0.4953);
#10223 = AXIS2_PLACEMENT_3D('',#10224,#10225,#10226);
#10224 = CARTESIAN_POINT('',(7.46,-35.4,2.E-02));
#10225 = DIRECTION('',(-0.,0.,-1.));
#10226 = DIRECTION('',(-0.,-1.,0.));
#10227 = FACE_BOUND('',#10228,.T.);
#10228 = EDGE_LOOP('',(#10229));
#10229 = ORIENTED_EDGE('',*,*,#10230,.T.);
#10230 = EDGE_CURVE('',#10231,#10231,#10233,.T.);
#10231 = VERTEX_POINT('',#10232);
#10232 = CARTESIAN_POINT('',(12.54,-36.9113,2.E-02));
#10233 = CIRCLE('',#10234,0.4953);
#10234 = AXIS2_PLACEMENT_3D('',#10235,#10236,#10237);
#10235 = CARTESIAN_POINT('',(12.54,-36.416,2.E-02));
#10236 = DIRECTION('',(-0.,0.,-1.));
#10237 = DIRECTION('',(-0.,-1.,0.));
#10238 = FACE_BOUND('',#10239,.T.);
#10239 = EDGE_LOOP('',(#10240));
#10240 = ORIENTED_EDGE('',*,*,#10241,.T.);
#10241 = EDGE_CURVE('',#10242,#10242,#10244,.T.);
#10242 = VERTEX_POINT('',#10243);
#10243 = CARTESIAN_POINT('',(12.54,-34.8793,2.E-02));
#10244 = CIRCLE('',#10245,0.4953);
#10245 = AXIS2_PLACEMENT_3D('',#10246,#10247,#10248);
#10246 = CARTESIAN_POINT('',(12.54,-34.384,2.E-02));
#10247 = DIRECTION('',(-0.,0.,-1.));
#10248 = DIRECTION('',(-0.,-1.,0.));
#10249 = FACE_BOUND('',#10250,.T.);
#10250 = EDGE_LOOP('',(#10251));
#10251 = ORIENTED_EDGE('',*,*,#10252,.T.);
#10252 = EDGE_CURVE('',#10253,#10253,#10255,.T.);
#10253 = VERTEX_POINT('',#10254);
#10254 = CARTESIAN_POINT('',(22.4,-24.98,2.E-02));
#10255 = CIRCLE('',#10256,0.5);
#10256 = AXIS2_PLACEMENT_3D('',#10257,#10258,#10259);
#10257 = CARTESIAN_POINT('',(22.4,-24.48,2.E-02));
#10258 = DIRECTION('',(-0.,0.,-1.));
#10259 = DIRECTION('',(-0.,-1.,0.));
#10260 = FACE_BOUND('',#10261,.T.);
#10261 = EDGE_LOOP('',(#10262));
#10262 = ORIENTED_EDGE('',*,*,#10263,.T.);
#10263 = EDGE_CURVE('',#10264,#10264,#10266,.T.);
#10264 = VERTEX_POINT('',#10265);
#10265 = CARTESIAN_POINT('',(22.4,-22.44,2.E-02));
#10266 = CIRCLE('',#10267,0.5);
#10267 = AXIS2_PLACEMENT_3D('',#10268,#10269,#10270);
#10268 = CARTESIAN_POINT('',(22.4,-21.94,2.E-02));
#10269 = DIRECTION('',(-0.,0.,-1.));
#10270 = DIRECTION('',(-0.,-1.,0.));
#10271 = FACE_BOUND('',#10272,.T.);
#10272 = EDGE_LOOP('',(#10273));
#10273 = ORIENTED_EDGE('',*,*,#10274,.T.);
#10274 = EDGE_CURVE('',#10275,#10275,#10277,.T.);
#10275 = VERTEX_POINT('',#10276);
#10276 = CARTESIAN_POINT('',(22.4,-19.9,2.E-02));
#10277 = CIRCLE('',#10278,0.5);
#10278 = AXIS2_PLACEMENT_3D('',#10279,#10280,#10281);
#10279 = CARTESIAN_POINT('',(22.4,-19.4,2.E-02));
#10280 = DIRECTION('',(-0.,0.,-1.));
#10281 = DIRECTION('',(-0.,-1.,0.));
#10282 = FACE_BOUND('',#10283,.T.);
#10283 = EDGE_LOOP('',(#10284));
#10284 = ORIENTED_EDGE('',*,*,#10285,.T.);
#10285 = EDGE_CURVE('',#10286,#10286,#10288,.T.);
#10286 = VERTEX_POINT('',#10287);
#10287 = CARTESIAN_POINT('',(5.9,-6.64,2.E-02));
#10288 = CIRCLE('',#10289,1.35);
#10289 = AXIS2_PLACEMENT_3D('',#10290,#10291,#10292);
#10290 = CARTESIAN_POINT('',(5.9,-5.29,2.E-02));
#10291 = DIRECTION('',(-0.,0.,-1.));
#10292 = DIRECTION('',(-0.,-1.,0.));
#10293 = FACE_BOUND('',#10294,.T.);
#10294 = EDGE_LOOP('',(#10295));
#10295 = ORIENTED_EDGE('',*,*,#10296,.T.);
#10296 = EDGE_CURVE('',#10297,#10297,#10299,.T.);
#10297 = VERTEX_POINT('',#10298);
#10298 = CARTESIAN_POINT('',(10.4,4.46,2.E-02));
#10299 = CIRCLE('',#10300,1.35);
#10300 = AXIS2_PLACEMENT_3D('',#10301,#10302,#10303);
#10301 = CARTESIAN_POINT('',(10.4,5.81,2.E-02));
#10302 = DIRECTION('',(-0.,0.,-1.));
#10303 = DIRECTION('',(-0.,-1.,0.));
#10304 = FACE_BOUND('',#10305,.T.);
#10305 = EDGE_LOOP('',(#10306));
#10306 = ORIENTED_EDGE('',*,*,#10307,.T.);
#10307 = EDGE_CURVE('',#10308,#10308,#10310,.T.);
#10308 = VERTEX_POINT('',#10309);
#10309 = CARTESIAN_POINT('',(16.514,-13.45,2.E-02));
#10310 = CIRCLE('',#10311,1.35);
#10311 = AXIS2_PLACEMENT_3D('',#10312,#10313,#10314);
#10312 = CARTESIAN_POINT('',(16.514,-12.1,2.E-02));
#10313 = DIRECTION('',(-0.,0.,-1.));
#10314 = DIRECTION('',(-0.,-1.,0.));
#10315 = FACE_BOUND('',#10316,.T.);
#10316 = EDGE_LOOP('',(#10317));
#10317 = ORIENTED_EDGE('',*,*,#10318,.T.);
#10318 = EDGE_CURVE('',#10319,#10319,#10321,.T.);
#10319 = VERTEX_POINT('',#10320);
#10320 = CARTESIAN_POINT('',(16.514,-5.7,2.E-02));
#10321 = CIRCLE('',#10322,1.35);
#10322 = AXIS2_PLACEMENT_3D('',#10323,#10324,#10325);
#10323 = CARTESIAN_POINT('',(16.514,-4.35,2.E-02));
#10324 = DIRECTION('',(-0.,0.,-1.));
#10325 = DIRECTION('',(-0.,-1.,0.));
#10326 = PLANE('',#10327);
#10327 = AXIS2_PLACEMENT_3D('',#10328,#10329,#10330);
#10328 = CARTESIAN_POINT('',(0.,0.,2.E-02));
#10329 = DIRECTION('',(0.,0.,1.));
#10330 = DIRECTION('',(1.,0.,-0.));
#10331 = ADVANCED_FACE('',(#10332),#10343,.T.);
#10332 = FACE_BOUND('',#10333,.T.);
#10333 = EDGE_LOOP('',(#10334,#10340,#10341,#10342));
#10334 = ORIENTED_EDGE('',*,*,#10335,.T.);
#10335 = EDGE_CURVE('',#8766,#9552,#10336,.T.);
#10336 = LINE('',#10337,#10338);
#10337 = CARTESIAN_POINT('',(9.440661,8.862813,0.));
#10338 = VECTOR('',#10339,1.);
#10339 = DIRECTION('',(0.,0.,1.));
#10340 = ORIENTED_EDGE('',*,*,#9551,.T.);
#10341 = ORIENTED_EDGE('',*,*,#8701,.F.);
#10342 = ORIENTED_EDGE('',*,*,#8765,.F.);
#10343 = PLANE('',#10344);
#10344 = AXIS2_PLACEMENT_3D('',#10345,#10346,#10347);
#10345 = CARTESIAN_POINT('',(9.440661,8.862813,0.));
#10346 = DIRECTION('',(-0.151650930236,0.988434112806,0.));
#10347 = DIRECTION('',(0.988434112806,0.151650930236,0.));
#10348 = ADVANCED_FACE('',(#10349),#10360,.T.);
#10349 = FACE_BOUND('',#10350,.T.);
#10350 = EDGE_LOOP('',(#10351,#10352,#10353,#10359));
#10351 = ORIENTED_EDGE('',*,*,#8741,.T.);
#10352 = ORIENTED_EDGE('',*,*,#10199,.T.);
#10353 = ORIENTED_EDGE('',*,*,#10354,.F.);
#10354 = EDGE_CURVE('',#9406,#10192,#10355,.T.);
#10355 = LINE('',#10356,#10357);
#10356 = CARTESIAN_POINT('',(13.402805,6.915965,0.));
#10357 = VECTOR('',#10358,1.);
#10358 = DIRECTION('',(0.,0.,1.));
#10359 = ORIENTED_EDGE('',*,*,#9413,.F.);
#10360 = PLANE('',#10361);
#10361 = AXIS2_PLACEMENT_3D('',#10362,#10363,#10364);
#10362 = CARTESIAN_POINT('',(12.933128,7.765315,0.));
#10363 = DIRECTION('',(0.875110924364,0.4839223802,-0.));
#10364 = DIRECTION('',(0.4839223802,-0.875110924364,0.));
#10365 = ADVANCED_FACE('',(#10366),#10377,.T.);
#10366 = FACE_BOUND('',#10367,.T.);
#10367 = EDGE_LOOP('',(#10368,#10374,#10375,#10376));
#10368 = ORIENTED_EDGE('',*,*,#10369,.T.);
#10369 = EDGE_CURVE('',#8774,#9560,#10370,.T.);
#10370 = LINE('',#10371,#10372);
#10371 = CARTESIAN_POINT('',(8.569574,8.434794,0.));
#10372 = VECTOR('',#10373,1.);
#10373 = DIRECTION('',(0.,0.,1.));
#10374 = ORIENTED_EDGE('',*,*,#9559,.T.);
#10375 = ORIENTED_EDGE('',*,*,#10335,.F.);
#10376 = ORIENTED_EDGE('',*,*,#8773,.F.);
#10377 = PLANE('',#10378);
#10378 = AXIS2_PLACEMENT_3D('',#10379,#10380,#10381);
#10379 = CARTESIAN_POINT('',(8.569574,8.434794,0.));
#10380 = DIRECTION('',(-0.441000671107,0.89750677328,0.));
#10381 = DIRECTION('',(0.89750677328,0.441000671107,0.));
#10382 = ADVANCED_FACE('',(#10383),#10394,.T.);
#10383 = FACE_BOUND('',#10384,.T.);
#10384 = EDGE_LOOP('',(#10385,#10386,#10387,#10393));
#10385 = ORIENTED_EDGE('',*,*,#10354,.T.);
#10386 = ORIENTED_EDGE('',*,*,#10191,.T.);
#10387 = ORIENTED_EDGE('',*,*,#10388,.F.);
#10388 = EDGE_CURVE('',#9398,#10184,#10389,.T.);
#10389 = LINE('',#10390,#10391);
#10390 = CARTESIAN_POINT('',(13.596249,5.964874,0.));
#10391 = VECTOR('',#10392,1.);
#10392 = DIRECTION('',(0.,0.,1.));
#10393 = ORIENTED_EDGE('',*,*,#9405,.F.);
#10394 = PLANE('',#10395);
#10395 = AXIS2_PLACEMENT_3D('',#10396,#10397,#10398);
#10396 = CARTESIAN_POINT('',(13.402805,6.915965,0.));
#10397 = DIRECTION('',(0.979936307555,0.199310895675,-0.));
#10398 = DIRECTION('',(0.199310895675,-0.979936307555,0.));
#10399 = ADVANCED_FACE('',(#10400),#10411,.T.);
#10400 = FACE_BOUND('',#10401,.T.);
#10401 = EDGE_LOOP('',(#10402,#10408,#10409,#10410));
#10402 = ORIENTED_EDGE('',*,*,#10403,.T.);
#10403 = EDGE_CURVE('',#8782,#9568,#10404,.T.);
#10404 = LINE('',#10405,#10406);
#10405 = CARTESIAN_POINT('',(7.866871,7.765315,0.));
#10406 = VECTOR('',#10407,1.);
#10407 = DIRECTION('',(0.,0.,1.));
#10408 = ORIENTED_EDGE('',*,*,#9567,.T.);
#10409 = ORIENTED_EDGE('',*,*,#10369,.F.);
#10410 = ORIENTED_EDGE('',*,*,#8781,.F.);
#10411 = PLANE('',#10412);
#10412 = AXIS2_PLACEMENT_3D('',#10413,#10414,#10415);
#10413 = CARTESIAN_POINT('',(7.866871,7.765315,0.));
#10414 = DIRECTION('',(-0.68978377382,0.724015431724,0.));
#10415 = DIRECTION('',(0.724015431724,0.68978377382,0.));
#10416 = ADVANCED_FACE('',(#10417),#10428,.T.);
#10417 = FACE_BOUND('',#10418,.T.);
#10418 = EDGE_LOOP('',(#10419,#10420,#10421,#10427));
#10419 = ORIENTED_EDGE('',*,*,#10388,.T.);
#10420 = ORIENTED_EDGE('',*,*,#10183,.T.);
#10421 = ORIENTED_EDGE('',*,*,#10422,.F.);
#10422 = EDGE_CURVE('',#9390,#10176,#10423,.T.);
#10423 = LINE('',#10424,#10425);
#10424 = CARTESIAN_POINT('',(13.495666,4.999537,0.));
#10425 = VECTOR('',#10426,1.);
#10426 = DIRECTION('',(0.,0.,1.));
#10427 = ORIENTED_EDGE('',*,*,#9397,.F.);
#10428 = PLANE('',#10429);
#10429 = AXIS2_PLACEMENT_3D('',#10430,#10431,#10432);
#10430 = CARTESIAN_POINT('',(13.596249,5.964874,0.));
#10431 = DIRECTION('',(0.994615535175,-0.103633668216,0.));
#10432 = DIRECTION('',(-0.103633668216,-0.994615535175,0.));
#10433 = ADVANCED_FACE('',(#10434),#10445,.T.);
#10434 = FACE_BOUND('',#10435,.T.);
#10435 = EDGE_LOOP('',(#10436,#10442,#10443,#10444));
#10436 = ORIENTED_EDGE('',*,*,#10437,.T.);
#10437 = EDGE_CURVE('',#8790,#9576,#10438,.T.);
#10438 = LINE('',#10439,#10440);
#10439 = CARTESIAN_POINT('',(7.397194,6.915965,0.));
#10440 = VECTOR('',#10441,1.);
#10441 = DIRECTION('',(0.,0.,1.));
#10442 = ORIENTED_EDGE('',*,*,#9575,.T.);
#10443 = ORIENTED_EDGE('',*,*,#10403,.F.);
#10444 = ORIENTED_EDGE('',*,*,#8789,.F.);
#10445 = PLANE('',#10446);
#10446 = AXIS2_PLACEMENT_3D('',#10447,#10448,#10449);
#10447 = CARTESIAN_POINT('',(7.397194,6.915965,0.));
#10448 = DIRECTION('',(-0.875110924364,0.4839223802,0.));
#10449 = DIRECTION('',(0.4839223802,0.875110924364,0.));
#10450 = ADVANCED_FACE('',(#10451),#10462,.T.);
#10451 = FACE_BOUND('',#10452,.T.);
#10452 = EDGE_LOOP('',(#10453,#10454,#10455,#10461));
#10453 = ORIENTED_EDGE('',*,*,#10422,.T.);
#10454 = ORIENTED_EDGE('',*,*,#10175,.T.);
#10455 = ORIENTED_EDGE('',*,*,#10456,.F.);
#10456 = EDGE_CURVE('',#9382,#10168,#10457,.T.);
#10457 = LINE('',#10458,#10459);
#10458 = CARTESIAN_POINT('',(13.110307,4.108755,0.));
#10459 = VECTOR('',#10460,1.);
#10460 = DIRECTION('',(0.,0.,1.));
#10461 = ORIENTED_EDGE('',*,*,#9389,.F.);
#10462 = PLANE('',#10463);
#10463 = AXIS2_PLACEMENT_3D('',#10464,#10465,#10466);
#10464 = CARTESIAN_POINT('',(13.495666,4.999537,0.));
#10465 = DIRECTION('',(0.917798480465,-0.397046532859,0.));
#10466 = DIRECTION('',(-0.397046532859,-0.917798480465,0.));
#10467 = ADVANCED_FACE('',(#10468),#10479,.T.);
#10468 = FACE_BOUND('',#10469,.T.);
#10469 = EDGE_LOOP('',(#10470,#10476,#10477,#10478));
#10470 = ORIENTED_EDGE('',*,*,#10471,.T.);
#10471 = EDGE_CURVE('',#8798,#9584,#10472,.T.);
#10472 = LINE('',#10473,#10474);
#10473 = CARTESIAN_POINT('',(7.20375,5.964874,0.));
#10474 = VECTOR('',#10475,1.);
#10475 = DIRECTION('',(0.,0.,1.));
#10476 = ORIENTED_EDGE('',*,*,#9583,.T.);
#10477 = ORIENTED_EDGE('',*,*,#10437,.F.);
#10478 = ORIENTED_EDGE('',*,*,#8797,.F.);
#10479 = PLANE('',#10480);
#10480 = AXIS2_PLACEMENT_3D('',#10481,#10482,#10483);
#10481 = CARTESIAN_POINT('',(7.20375,5.964874,0.));
#10482 = DIRECTION('',(-0.979936307555,0.199310895675,0.));
#10483 = DIRECTION('',(0.199310895675,0.979936307555,0.));
#10484 = ADVANCED_FACE('',(#10485),#10496,.T.);
#10485 = FACE_BOUND('',#10486,.T.);
#10486 = EDGE_LOOP('',(#10487,#10488,#10489,#10495));
#10487 = ORIENTED_EDGE('',*,*,#10456,.T.);
#10488 = ORIENTED_EDGE('',*,*,#10167,.T.);
#10489 = ORIENTED_EDGE('',*,*,#10490,.F.);
#10490 = EDGE_CURVE('',#9374,#10160,#10491,.T.);
#10491 = LINE('',#10492,#10493);
#10492 = CARTESIAN_POINT('',(12.475623,3.374474,0.));
#10493 = VECTOR('',#10494,1.);
#10494 = DIRECTION('',(0.,0.,1.));
#10495 = ORIENTED_EDGE('',*,*,#9381,.F.);
#10496 = PLANE('',#10497);
#10497 = AXIS2_PLACEMENT_3D('',#10498,#10499,#10500);
#10498 = CARTESIAN_POINT('',(13.110307,4.108755,0.));
#10499 = DIRECTION('',(0.756551678064,-0.653933909825,0.));
#10500 = DIRECTION('',(-0.653933909825,-0.756551678064,0.));
#10501 = ADVANCED_FACE('',(#10502),#10513,.T.);
#10502 = FACE_BOUND('',#10503,.T.);
#10503 = EDGE_LOOP('',(#10504,#10510,#10511,#10512));
#10504 = ORIENTED_EDGE('',*,*,#10505,.T.);
#10505 = EDGE_CURVE('',#8806,#9592,#10506,.T.);
#10506 = LINE('',#10507,#10508);
#10507 = CARTESIAN_POINT('',(7.304333,4.999537,0.));
#10508 = VECTOR('',#10509,1.);
#10509 = DIRECTION('',(0.,0.,1.));
#10510 = ORIENTED_EDGE('',*,*,#9591,.T.);
#10511 = ORIENTED_EDGE('',*,*,#10471,.F.);
#10512 = ORIENTED_EDGE('',*,*,#8805,.F.);
#10513 = PLANE('',#10514);
#10514 = AXIS2_PLACEMENT_3D('',#10515,#10516,#10517);
#10515 = CARTESIAN_POINT('',(7.304333,4.999537,0.));
#10516 = DIRECTION('',(-0.994615535175,-0.103633668216,0.));
#10517 = DIRECTION('',(-0.103633668216,0.994615535175,0.));
#10518 = ADVANCED_FACE('',(#10519),#10530,.T.);
#10519 = FACE_BOUND('',#10520,.T.);
#10520 = EDGE_LOOP('',(#10521,#10522,#10523,#10529));
#10521 = ORIENTED_EDGE('',*,*,#10490,.T.);
#10522 = ORIENTED_EDGE('',*,*,#10159,.T.);
#10523 = ORIENTED_EDGE('',*,*,#10524,.F.);
#10524 = EDGE_CURVE('',#9366,#10152,#10525,.T.);
#10525 = LINE('',#10526,#10527);
#10526 = CARTESIAN_POINT('',(11.65,2.86424,0.));
#10527 = VECTOR('',#10528,1.);
#10528 = DIRECTION('',(0.,0.,1.));
#10529 = ORIENTED_EDGE('',*,*,#9373,.F.);
#10530 = PLANE('',#10531);
#10531 = AXIS2_PLACEMENT_3D('',#10532,#10533,#10534);
#10532 = CARTESIAN_POINT('',(12.475623,3.374474,0.));
#10533 = DIRECTION('',(0.525709434304,-0.850664205597,0.));
#10534 = DIRECTION('',(-0.850664205597,-0.525709434304,0.));
#10535 = ADVANCED_FACE('',(#10536),#10547,.T.);
#10536 = FACE_BOUND('',#10537,.T.);
#10537 = EDGE_LOOP('',(#10538,#10544,#10545,#10546));
#10538 = ORIENTED_EDGE('',*,*,#10539,.T.);
#10539 = EDGE_CURVE('',#8814,#9600,#10540,.T.);
#10540 = LINE('',#10541,#10542);
#10541 = CARTESIAN_POINT('',(7.689692,4.108755,0.));
#10542 = VECTOR('',#10543,1.);
#10543 = DIRECTION('',(0.,0.,1.));
#10544 = ORIENTED_EDGE('',*,*,#9599,.T.);
#10545 = ORIENTED_EDGE('',*,*,#10505,.F.);
#10546 = ORIENTED_EDGE('',*,*,#8813,.F.);
#10547 = PLANE('',#10548);
#10548 = AXIS2_PLACEMENT_3D('',#10549,#10550,#10551);
#10549 = CARTESIAN_POINT('',(7.689692,4.108755,0.));
#10550 = DIRECTION('',(-0.917798480465,-0.397046532859,0.));
#10551 = DIRECTION('',(-0.397046532859,0.917798480465,0.));
#10552 = ADVANCED_FACE('',(#10553),#10564,.T.);
#10553 = FACE_BOUND('',#10554,.T.);
#10554 = EDGE_LOOP('',(#10555,#10556,#10557,#10563));
#10555 = ORIENTED_EDGE('',*,*,#10524,.T.);
#10556 = ORIENTED_EDGE('',*,*,#10151,.T.);
#10557 = ORIENTED_EDGE('',*,*,#10558,.F.);
#10558 = EDGE_CURVE('',#9358,#10144,#10559,.T.);
#10559 = LINE('',#10560,#10561);
#10560 = CARTESIAN_POINT('',(11.65,-16.,0.));
#10561 = VECTOR('',#10562,1.);
#10562 = DIRECTION('',(0.,0.,1.));
#10563 = ORIENTED_EDGE('',*,*,#9365,.F.);
#10564 = PLANE('',#10565);
#10565 = AXIS2_PLACEMENT_3D('',#10566,#10567,#10568);
#10566 = CARTESIAN_POINT('',(11.65,2.86424,0.));
#10567 = DIRECTION('',(1.,0.,-0.));
#10568 = DIRECTION('',(0.,-1.,0.));
#10569 = ADVANCED_FACE('',(#10570),#10581,.T.);
#10570 = FACE_BOUND('',#10571,.T.);
#10571 = EDGE_LOOP('',(#10572,#10578,#10579,#10580));
#10572 = ORIENTED_EDGE('',*,*,#10573,.T.);
#10573 = EDGE_CURVE('',#8822,#9608,#10574,.T.);
#10574 = LINE('',#10575,#10576);
#10575 = CARTESIAN_POINT('',(8.324376,3.374474,0.));
#10576 = VECTOR('',#10577,1.);
#10577 = DIRECTION('',(0.,0.,1.));
#10578 = ORIENTED_EDGE('',*,*,#9607,.T.);
#10579 = ORIENTED_EDGE('',*,*,#10539,.F.);
#10580 = ORIENTED_EDGE('',*,*,#8821,.F.);
#10581 = PLANE('',#10582);
#10582 = AXIS2_PLACEMENT_3D('',#10583,#10584,#10585);
#10583 = CARTESIAN_POINT('',(8.324376,3.374474,0.));
#10584 = DIRECTION('',(-0.756551678064,-0.653933909825,0.));
#10585 = DIRECTION('',(-0.653933909825,0.756551678064,0.));
#10586 = ADVANCED_FACE('',(#10587),#10598,.T.);
#10587 = FACE_BOUND('',#10588,.T.);
#10588 = EDGE_LOOP('',(#10589,#10590,#10591,#10597));
#10589 = ORIENTED_EDGE('',*,*,#10558,.T.);
#10590 = ORIENTED_EDGE('',*,*,#10143,.T.);
#10591 = ORIENTED_EDGE('',*,*,#10592,.F.);
#10592 = EDGE_CURVE('',#9350,#10136,#10593,.T.);
#10593 = LINE('',#10594,#10595);
#10594 = CARTESIAN_POINT('',(15.09,-16.,0.));
#10595 = VECTOR('',#10596,1.);
#10596 = DIRECTION('',(0.,0.,1.));
#10597 = ORIENTED_EDGE('',*,*,#9357,.F.);
#10598 = PLANE('',#10599);
#10599 = AXIS2_PLACEMENT_3D('',#10600,#10601,#10602);
#10600 = CARTESIAN_POINT('',(11.65,-16.,0.));
#10601 = DIRECTION('',(0.,1.,0.));
#10602 = DIRECTION('',(1.,0.,0.));
#10603 = ADVANCED_FACE('',(#10604),#10615,.T.);
#10604 = FACE_BOUND('',#10605,.T.);
#10605 = EDGE_LOOP('',(#10606,#10612,#10613,#10614));
#10606 = ORIENTED_EDGE('',*,*,#10607,.T.);
#10607 = EDGE_CURVE('',#8830,#9616,#10608,.T.);
#10608 = LINE('',#10609,#10610);
#10609 = CARTESIAN_POINT('',(9.15,2.86424,0.));
#10610 = VECTOR('',#10611,1.);
#10611 = DIRECTION('',(0.,0.,1.));
#10612 = ORIENTED_EDGE('',*,*,#9615,.T.);
#10613 = ORIENTED_EDGE('',*,*,#10573,.F.);
#10614 = ORIENTED_EDGE('',*,*,#8829,.F.);
#10615 = PLANE('',#10616);
#10616 = AXIS2_PLACEMENT_3D('',#10617,#10618,#10619);
#10617 = CARTESIAN_POINT('',(9.15,2.86424,0.));
#10618 = DIRECTION('',(-0.525708973539,-0.850664490349,0.));
#10619 = DIRECTION('',(-0.850664490349,0.525708973539,0.));
#10620 = ADVANCED_FACE('',(#10621),#10632,.T.);
#10621 = FACE_BOUND('',#10622,.T.);
#10622 = EDGE_LOOP('',(#10623,#10624,#10625,#10631));
#10623 = ORIENTED_EDGE('',*,*,#10592,.T.);
#10624 = ORIENTED_EDGE('',*,*,#10135,.T.);
#10625 = ORIENTED_EDGE('',*,*,#10626,.F.);
#10626 = EDGE_CURVE('',#9342,#10128,#10627,.T.);
#10627 = LINE('',#10628,#10629);
#10628 = CARTESIAN_POINT('',(15.09,-16.3,0.));
#10629 = VECTOR('',#10630,1.);
#10630 = DIRECTION('',(0.,0.,1.));
#10631 = ORIENTED_EDGE('',*,*,#9349,.F.);
#10632 = PLANE('',#10633);
#10633 = AXIS2_PLACEMENT_3D('',#10634,#10635,#10636);
#10634 = CARTESIAN_POINT('',(15.09,-16.,0.));
#10635 = DIRECTION('',(1.,0.,-0.));
#10636 = DIRECTION('',(0.,-1.,0.));
#10637 = ADVANCED_FACE('',(#10638),#10649,.T.);
#10638 = FACE_BOUND('',#10639,.T.);
#10639 = EDGE_LOOP('',(#10640,#10646,#10647,#10648));
#10640 = ORIENTED_EDGE('',*,*,#10641,.T.);
#10641 = EDGE_CURVE('',#8838,#9624,#10642,.T.);
#10642 = LINE('',#10643,#10644);
#10643 = CARTESIAN_POINT('',(9.15,-16.,0.));
#10644 = VECTOR('',#10645,1.);
#10645 = DIRECTION('',(0.,0.,1.));
#10646 = ORIENTED_EDGE('',*,*,#9623,.T.);
#10647 = ORIENTED_EDGE('',*,*,#10607,.F.);
#10648 = ORIENTED_EDGE('',*,*,#8837,.F.);
#10649 = PLANE('',#10650);
#10650 = AXIS2_PLACEMENT_3D('',#10651,#10652,#10653);
#10651 = CARTESIAN_POINT('',(9.15,-16.,0.));
#10652 = DIRECTION('',(-1.,0.,0.));
#10653 = DIRECTION('',(0.,1.,0.));
#10654 = ADVANCED_FACE('',(#10655),#10666,.T.);
#10655 = FACE_BOUND('',#10656,.T.);
#10656 = EDGE_LOOP('',(#10657,#10658,#10659,#10665));
#10657 = ORIENTED_EDGE('',*,*,#10626,.T.);
#10658 = ORIENTED_EDGE('',*,*,#10127,.T.);
#10659 = ORIENTED_EDGE('',*,*,#10660,.F.);
#10660 = EDGE_CURVE('',#9334,#10120,#10661,.T.);
#10661 = LINE('',#10662,#10663);
#10662 = CARTESIAN_POINT('',(16.904,-16.3,0.));
#10663 = VECTOR('',#10664,1.);
#10664 = DIRECTION('',(0.,0.,1.));
#10665 = ORIENTED_EDGE('',*,*,#9341,.F.);
#10666 = PLANE('',#10667);
#10667 = AXIS2_PLACEMENT_3D('',#10668,#10669,#10670);
#10668 = CARTESIAN_POINT('',(15.09,-16.3,0.));
#10669 = DIRECTION('',(0.,1.,0.));
#10670 = DIRECTION('',(1.,0.,0.));
#10671 = ADVANCED_FACE('',(#10672),#10683,.T.);
#10672 = FACE_BOUND('',#10673,.T.);
#10673 = EDGE_LOOP('',(#10674,#10680,#10681,#10682));
#10674 = ORIENTED_EDGE('',*,*,#10675,.T.);
#10675 = EDGE_CURVE('',#8846,#9632,#10676,.T.);
#10676 = LINE('',#10677,#10678);
#10677 = CARTESIAN_POINT('',(7.15,-16.,0.));
#10678 = VECTOR('',#10679,1.);
#10679 = DIRECTION('',(0.,0.,1.));
#10680 = ORIENTED_EDGE('',*,*,#9631,.T.);
#10681 = ORIENTED_EDGE('',*,*,#10641,.F.);
#10682 = ORIENTED_EDGE('',*,*,#8845,.F.);
#10683 = PLANE('',#10684);
#10684 = AXIS2_PLACEMENT_3D('',#10685,#10686,#10687);
#10685 = CARTESIAN_POINT('',(7.15,-16.,0.));
#10686 = DIRECTION('',(0.,1.,0.));
#10687 = DIRECTION('',(1.,0.,0.));
#10688 = ADVANCED_FACE('',(#10689),#10700,.T.);
#10689 = FACE_BOUND('',#10690,.T.);
#10690 = EDGE_LOOP('',(#10691,#10692,#10693,#10699));
#10691 = ORIENTED_EDGE('',*,*,#10660,.T.);
#10692 = ORIENTED_EDGE('',*,*,#10119,.T.);
#10693 = ORIENTED_EDGE('',*,*,#10694,.F.);
#10694 = EDGE_CURVE('',#9326,#10112,#10695,.T.);
#10695 = LINE('',#10696,#10697);
#10696 = CARTESIAN_POINT('',(16.904,-14.85,0.));
#10697 = VECTOR('',#10698,1.);
#10698 = DIRECTION('',(0.,0.,1.));
#10699 = ORIENTED_EDGE('',*,*,#9333,.F.);
#10700 = PLANE('',#10701);
#10701 = AXIS2_PLACEMENT_3D('',#10702,#10703,#10704);
#10702 = CARTESIAN_POINT('',(16.904,-16.3,0.));
#10703 = DIRECTION('',(-1.,0.,0.));
#10704 = DIRECTION('',(0.,1.,0.));
#10705 = ADVANCED_FACE('',(#10706),#10717,.T.);
#10706 = FACE_BOUND('',#10707,.T.);
#10707 = EDGE_LOOP('',(#10708,#10714,#10715,#10716));
#10708 = ORIENTED_EDGE('',*,*,#10709,.T.);
#10709 = EDGE_CURVE('',#8854,#9640,#10710,.T.);
#10710 = LINE('',#10711,#10712);
#10711 = CARTESIAN_POINT('',(7.15,-8.235759,0.));
#10712 = VECTOR('',#10713,1.);
#10713 = DIRECTION('',(0.,0.,1.));
#10714 = ORIENTED_EDGE('',*,*,#9639,.T.);
#10715 = ORIENTED_EDGE('',*,*,#10675,.F.);
#10716 = ORIENTED_EDGE('',*,*,#8853,.F.);
#10717 = PLANE('',#10718);
#10718 = AXIS2_PLACEMENT_3D('',#10719,#10720,#10721);
#10719 = CARTESIAN_POINT('',(7.15,-8.235759,0.));
#10720 = DIRECTION('',(1.,0.,-0.));
#10721 = DIRECTION('',(0.,-1.,0.));
#10722 = ADVANCED_FACE('',(#10723),#10734,.T.);
#10723 = FACE_BOUND('',#10724,.T.);
#10724 = EDGE_LOOP('',(#10725,#10726,#10727,#10733));
#10725 = ORIENTED_EDGE('',*,*,#10694,.T.);
#10726 = ORIENTED_EDGE('',*,*,#10111,.T.);
#10727 = ORIENTED_EDGE('',*,*,#10728,.F.);
#10728 = EDGE_CURVE('',#9318,#10104,#10729,.T.);
#10729 = LINE('',#10730,#10731);
#10730 = CARTESIAN_POINT('',(13.914,-14.85,0.));
#10731 = VECTOR('',#10732,1.);
#10732 = DIRECTION('',(0.,0.,1.));
#10733 = ORIENTED_EDGE('',*,*,#9325,.F.);
#10734 = PLANE('',#10735);
#10735 = AXIS2_PLACEMENT_3D('',#10736,#10737,#10738);
#10736 = CARTESIAN_POINT('',(16.904,-14.85,0.));
#10737 = DIRECTION('',(0.,-1.,0.));
#10738 = DIRECTION('',(-1.,0.,0.));
#10739 = ADVANCED_FACE('',(#10740),#10751,.T.);
#10740 = FACE_BOUND('',#10741,.T.);
#10741 = EDGE_LOOP('',(#10742,#10748,#10749,#10750));
#10742 = ORIENTED_EDGE('',*,*,#10743,.T.);
#10743 = EDGE_CURVE('',#8862,#9648,#10744,.T.);
#10744 = LINE('',#10745,#10746);
#10745 = CARTESIAN_POINT('',(7.975623,-7.725525,0.));
#10746 = VECTOR('',#10747,1.);
#10747 = DIRECTION('',(0.,0.,1.));
#10748 = ORIENTED_EDGE('',*,*,#9647,.T.);
#10749 = ORIENTED_EDGE('',*,*,#10709,.F.);
#10750 = ORIENTED_EDGE('',*,*,#8861,.F.);
#10751 = PLANE('',#10752);
#10752 = AXIS2_PLACEMENT_3D('',#10753,#10754,#10755);
#10753 = CARTESIAN_POINT('',(7.975623,-7.725525,0.));
#10754 = DIRECTION('',(0.525709434304,-0.850664205597,0.));
#10755 = DIRECTION('',(-0.850664205597,-0.525709434304,0.));
#10756 = ADVANCED_FACE('',(#10757),#10768,.T.);
#10757 = FACE_BOUND('',#10758,.T.);
#10758 = EDGE_LOOP('',(#10759,#10760,#10761,#10767));
#10759 = ORIENTED_EDGE('',*,*,#10728,.T.);
#10760 = ORIENTED_EDGE('',*,*,#10103,.T.);
#10761 = ORIENTED_EDGE('',*,*,#10762,.F.);
#10762 = EDGE_CURVE('',#9310,#10096,#10763,.T.);
#10763 = LINE('',#10764,#10765);
#10764 = CARTESIAN_POINT('',(13.914,-1.75,0.));
#10765 = VECTOR('',#10766,1.);
#10766 = DIRECTION('',(0.,0.,1.));
#10767 = ORIENTED_EDGE('',*,*,#9317,.F.);
#10768 = PLANE('',#10769);
#10769 = AXIS2_PLACEMENT_3D('',#10770,#10771,#10772);
#10770 = CARTESIAN_POINT('',(13.914,-14.85,0.));
#10771 = DIRECTION('',(-1.,0.,0.));
#10772 = DIRECTION('',(0.,1.,0.));
#10773 = ADVANCED_FACE('',(#10774),#10785,.T.);
#10774 = FACE_BOUND('',#10775,.T.);
#10775 = EDGE_LOOP('',(#10776,#10782,#10783,#10784));
#10776 = ORIENTED_EDGE('',*,*,#10777,.T.);
#10777 = EDGE_CURVE('',#8870,#9656,#10778,.T.);
#10778 = LINE('',#10779,#10780);
#10779 = CARTESIAN_POINT('',(8.610307,-6.991244,0.));
#10780 = VECTOR('',#10781,1.);
#10781 = DIRECTION('',(0.,0.,1.));
#10782 = ORIENTED_EDGE('',*,*,#9655,.T.);
#10783 = ORIENTED_EDGE('',*,*,#10743,.F.);
#10784 = ORIENTED_EDGE('',*,*,#8869,.F.);
#10785 = PLANE('',#10786);
#10786 = AXIS2_PLACEMENT_3D('',#10787,#10788,#10789);
#10787 = CARTESIAN_POINT('',(8.610307,-6.991244,0.));
#10788 = DIRECTION('',(0.756551678064,-0.653933909825,0.));
#10789 = DIRECTION('',(-0.653933909825,-0.756551678064,0.));
#10790 = ADVANCED_FACE('',(#10791),#10802,.T.);
#10791 = FACE_BOUND('',#10792,.T.);
#10792 = EDGE_LOOP('',(#10793,#10794,#10795,#10801));
#10793 = ORIENTED_EDGE('',*,*,#10762,.T.);
#10794 = ORIENTED_EDGE('',*,*,#10095,.T.);
#10795 = ORIENTED_EDGE('',*,*,#10796,.F.);
#10796 = EDGE_CURVE('',#9302,#10088,#10797,.T.);
#10797 = LINE('',#10798,#10799);
#10798 = CARTESIAN_POINT('',(19.114,-1.75,0.));
#10799 = VECTOR('',#10800,1.);
#10800 = DIRECTION('',(0.,0.,1.));
#10801 = ORIENTED_EDGE('',*,*,#9309,.F.);
#10802 = PLANE('',#10803);
#10803 = AXIS2_PLACEMENT_3D('',#10804,#10805,#10806);
#10804 = CARTESIAN_POINT('',(13.914,-1.75,0.));
#10805 = DIRECTION('',(0.,1.,0.));
#10806 = DIRECTION('',(1.,0.,0.));
#10807 = ADVANCED_FACE('',(#10808),#10819,.T.);
#10808 = FACE_BOUND('',#10809,.T.);
#10809 = EDGE_LOOP('',(#10810,#10816,#10817,#10818));
#10810 = ORIENTED_EDGE('',*,*,#10811,.T.);
#10811 = EDGE_CURVE('',#8878,#9664,#10812,.T.);
#10812 = LINE('',#10813,#10814);
#10813 = CARTESIAN_POINT('',(8.995666,-6.100462,0.));
#10814 = VECTOR('',#10815,1.);
#10815 = DIRECTION('',(0.,0.,1.));
#10816 = ORIENTED_EDGE('',*,*,#9663,.T.);
#10817 = ORIENTED_EDGE('',*,*,#10777,.F.);
#10818 = ORIENTED_EDGE('',*,*,#8877,.F.);
#10819 = PLANE('',#10820);
#10820 = AXIS2_PLACEMENT_3D('',#10821,#10822,#10823);
#10821 = CARTESIAN_POINT('',(8.995666,-6.100462,0.));
#10822 = DIRECTION('',(0.917798480465,-0.397046532859,0.));
#10823 = DIRECTION('',(-0.397046532859,-0.917798480465,0.));
#10824 = ADVANCED_FACE('',(#10825),#10836,.T.);
#10825 = FACE_BOUND('',#10826,.T.);
#10826 = EDGE_LOOP('',(#10827,#10828,#10829,#10835));
#10827 = ORIENTED_EDGE('',*,*,#10796,.T.);
#10828 = ORIENTED_EDGE('',*,*,#10087,.T.);
#10829 = ORIENTED_EDGE('',*,*,#10830,.F.);
#10830 = EDGE_CURVE('',#9294,#10080,#10831,.T.);
#10831 = LINE('',#10832,#10833);
#10832 = CARTESIAN_POINT('',(19.114,-19.3,0.));
#10833 = VECTOR('',#10834,1.);
#10834 = DIRECTION('',(0.,0.,1.));
#10835 = ORIENTED_EDGE('',*,*,#9301,.F.);
#10836 = PLANE('',#10837);
#10837 = AXIS2_PLACEMENT_3D('',#10838,#10839,#10840);
#10838 = CARTESIAN_POINT('',(19.114,-1.75,0.));
#10839 = DIRECTION('',(1.,0.,-0.));
#10840 = DIRECTION('',(0.,-1.,0.));
#10841 = ADVANCED_FACE('',(#10842),#10853,.T.);
#10842 = FACE_BOUND('',#10843,.T.);
#10843 = EDGE_LOOP('',(#10844,#10850,#10851,#10852));
#10844 = ORIENTED_EDGE('',*,*,#10845,.T.);
#10845 = EDGE_CURVE('',#8886,#9672,#10846,.T.);
#10846 = LINE('',#10847,#10848);
#10847 = CARTESIAN_POINT('',(9.096249,-5.135125,0.));
#10848 = VECTOR('',#10849,1.);
#10849 = DIRECTION('',(0.,0.,1.));
#10850 = ORIENTED_EDGE('',*,*,#9671,.T.);
#10851 = ORIENTED_EDGE('',*,*,#10811,.F.);
#10852 = ORIENTED_EDGE('',*,*,#8885,.F.);
#10853 = PLANE('',#10854);
#10854 = AXIS2_PLACEMENT_3D('',#10855,#10856,#10857);
#10855 = CARTESIAN_POINT('',(9.096249,-5.135125,0.));
#10856 = DIRECTION('',(0.994615535175,-0.103633668216,0.));
#10857 = DIRECTION('',(-0.103633668216,-0.994615535175,0.));
#10858 = ADVANCED_FACE('',(#10859),#10870,.T.);
#10859 = FACE_BOUND('',#10860,.T.);
#10860 = EDGE_LOOP('',(#10861,#10862,#10863,#10869));
#10861 = ORIENTED_EDGE('',*,*,#10830,.T.);
#10862 = ORIENTED_EDGE('',*,*,#10079,.T.);
#10863 = ORIENTED_EDGE('',*,*,#10864,.F.);
#10864 = EDGE_CURVE('',#9286,#10072,#10865,.T.);
#10865 = LINE('',#10866,#10867);
#10866 = CARTESIAN_POINT('',(15.09,-19.3,0.));
#10867 = VECTOR('',#10868,1.);
#10868 = DIRECTION('',(0.,0.,1.));
#10869 = ORIENTED_EDGE('',*,*,#9293,.F.);
#10870 = PLANE('',#10871);
#10871 = AXIS2_PLACEMENT_3D('',#10872,#10873,#10874);
#10872 = CARTESIAN_POINT('',(19.114,-19.3,0.));
#10873 = DIRECTION('',(0.,-1.,0.));
#10874 = DIRECTION('',(-1.,0.,0.));
#10875 = ADVANCED_FACE('',(#10876),#10887,.T.);
#10876 = FACE_BOUND('',#10877,.T.);
#10877 = EDGE_LOOP('',(#10878,#10884,#10885,#10886));
#10878 = ORIENTED_EDGE('',*,*,#10879,.T.);
#10879 = EDGE_CURVE('',#8894,#9680,#10880,.T.);
#10880 = LINE('',#10881,#10882);
#10881 = CARTESIAN_POINT('',(8.902805,-4.184034,0.));
#10882 = VECTOR('',#10883,1.);
#10883 = DIRECTION('',(0.,0.,1.));
#10884 = ORIENTED_EDGE('',*,*,#9679,.T.);
#10885 = ORIENTED_EDGE('',*,*,#10845,.F.);
#10886 = ORIENTED_EDGE('',*,*,#8893,.F.);
#10887 = PLANE('',#10888);
#10888 = AXIS2_PLACEMENT_3D('',#10889,#10890,#10891);
#10889 = CARTESIAN_POINT('',(8.902805,-4.184034,0.));
#10890 = DIRECTION('',(0.979936307555,0.199310895675,-0.));
#10891 = DIRECTION('',(0.199310895675,-0.979936307555,0.));
#10892 = ADVANCED_FACE('',(#10893),#10904,.T.);
#10893 = FACE_BOUND('',#10894,.T.);
#10894 = EDGE_LOOP('',(#10895,#10896,#10897,#10903));
#10895 = ORIENTED_EDGE('',*,*,#10864,.T.);
#10896 = ORIENTED_EDGE('',*,*,#10071,.T.);
#10897 = ORIENTED_EDGE('',*,*,#10898,.F.);
#10898 = EDGE_CURVE('',#9278,#10064,#10899,.T.);
#10899 = LINE('',#10900,#10901);
#10900 = CARTESIAN_POINT('',(15.09,-19.6,0.));
#10901 = VECTOR('',#10902,1.);
#10902 = DIRECTION('',(0.,0.,1.));
#10903 = ORIENTED_EDGE('',*,*,#9285,.F.);
#10904 = PLANE('',#10905);
#10905 = AXIS2_PLACEMENT_3D('',#10906,#10907,#10908);
#10906 = CARTESIAN_POINT('',(15.09,-19.3,0.));
#10907 = DIRECTION('',(1.,0.,-0.));
#10908 = DIRECTION('',(0.,-1.,0.));
#10909 = ADVANCED_FACE('',(#10910),#10921,.T.);
#10910 = FACE_BOUND('',#10911,.T.);
#10911 = EDGE_LOOP('',(#10912,#10918,#10919,#10920));
#10912 = ORIENTED_EDGE('',*,*,#10913,.T.);
#10913 = EDGE_CURVE('',#8902,#9688,#10914,.T.);
#10914 = LINE('',#10915,#10916);
#10915 = CARTESIAN_POINT('',(8.433128,-3.334684,0.));
#10916 = VECTOR('',#10917,1.);
#10917 = DIRECTION('',(0.,0.,1.));
#10918 = ORIENTED_EDGE('',*,*,#9687,.T.);
#10919 = ORIENTED_EDGE('',*,*,#10879,.F.);
#10920 = ORIENTED_EDGE('',*,*,#8901,.F.);
#10921 = PLANE('',#10922);
#10922 = AXIS2_PLACEMENT_3D('',#10923,#10924,#10925);
#10923 = CARTESIAN_POINT('',(8.433128,-3.334684,0.));
#10924 = DIRECTION('',(0.875110924364,0.4839223802,-0.));
#10925 = DIRECTION('',(0.4839223802,-0.875110924364,0.));
#10926 = ADVANCED_FACE('',(#10927),#10938,.T.);
#10927 = FACE_BOUND('',#10928,.T.);
#10928 = EDGE_LOOP('',(#10929,#10930,#10931,#10937));
#10929 = ORIENTED_EDGE('',*,*,#10898,.T.);
#10930 = ORIENTED_EDGE('',*,*,#10063,.T.);
#10931 = ORIENTED_EDGE('',*,*,#10932,.F.);
#10932 = EDGE_CURVE('',#9270,#10056,#10933,.T.);
#10933 = LINE('',#10934,#10935);
#10934 = CARTESIAN_POINT('',(15.75,-19.6,0.));
#10935 = VECTOR('',#10936,1.);
#10936 = DIRECTION('',(0.,0.,1.));
#10937 = ORIENTED_EDGE('',*,*,#9277,.F.);
#10938 = PLANE('',#10939);
#10939 = AXIS2_PLACEMENT_3D('',#10940,#10941,#10942);
#10940 = CARTESIAN_POINT('',(15.09,-19.6,0.));
#10941 = DIRECTION('',(0.,1.,0.));
#10942 = DIRECTION('',(1.,0.,0.));
#10943 = ADVANCED_FACE('',(#10944),#10955,.T.);
#10944 = FACE_BOUND('',#10945,.T.);
#10945 = EDGE_LOOP('',(#10946,#10952,#10953,#10954));
#10946 = ORIENTED_EDGE('',*,*,#10947,.T.);
#10947 = EDGE_CURVE('',#8910,#9696,#10948,.T.);
#10948 = LINE('',#10949,#10950);
#10949 = CARTESIAN_POINT('',(7.730425,-2.665205,0.));
#10950 = VECTOR('',#10951,1.);
#10951 = DIRECTION('',(0.,0.,1.));
#10952 = ORIENTED_EDGE('',*,*,#9695,.T.);
#10953 = ORIENTED_EDGE('',*,*,#10913,.F.);
#10954 = ORIENTED_EDGE('',*,*,#8909,.F.);
#10955 = PLANE('',#10956);
#10956 = AXIS2_PLACEMENT_3D('',#10957,#10958,#10959);
#10957 = CARTESIAN_POINT('',(7.730425,-2.665205,0.));
#10958 = DIRECTION('',(0.68978377382,0.724015431724,-0.));
#10959 = DIRECTION('',(0.724015431724,-0.68978377382,0.));
#10960 = ADVANCED_FACE('',(#10961),#10972,.T.);
#10961 = FACE_BOUND('',#10962,.T.);
#10962 = EDGE_LOOP('',(#10963,#10964,#10965,#10971));
#10963 = ORIENTED_EDGE('',*,*,#10932,.T.);
#10964 = ORIENTED_EDGE('',*,*,#10055,.T.);
#10965 = ORIENTED_EDGE('',*,*,#10966,.F.);
#10966 = EDGE_CURVE('',#9262,#10048,#10967,.T.);
#10967 = LINE('',#10968,#10969);
#10968 = CARTESIAN_POINT('',(15.75,-19.9,0.));
#10969 = VECTOR('',#10970,1.);
#10970 = DIRECTION('',(0.,0.,1.));
#10971 = ORIENTED_EDGE('',*,*,#9269,.F.);
#10972 = PLANE('',#10973);
#10973 = AXIS2_PLACEMENT_3D('',#10974,#10975,#10976);
#10974 = CARTESIAN_POINT('',(15.75,-19.6,0.));
#10975 = DIRECTION('',(1.,0.,-0.));
#10976 = DIRECTION('',(0.,-1.,0.));
#10977 = ADVANCED_FACE('',(#10978),#10989,.T.);
#10978 = FACE_BOUND('',#10979,.T.);
#10979 = EDGE_LOOP('',(#10980,#10986,#10987,#10988));
#10980 = ORIENTED_EDGE('',*,*,#10981,.T.);
#10981 = EDGE_CURVE('',#8918,#9704,#10982,.T.);
#10982 = LINE('',#10983,#10984);
#10983 = CARTESIAN_POINT('',(6.859338,-2.237186,0.));
#10984 = VECTOR('',#10985,1.);
#10985 = DIRECTION('',(0.,0.,1.));
#10986 = ORIENTED_EDGE('',*,*,#9703,.T.);
#10987 = ORIENTED_EDGE('',*,*,#10947,.F.);
#10988 = ORIENTED_EDGE('',*,*,#8917,.F.);
#10989 = PLANE('',#10990);
#10990 = AXIS2_PLACEMENT_3D('',#10991,#10992,#10993);
#10991 = CARTESIAN_POINT('',(6.859338,-2.237186,0.));
#10992 = DIRECTION('',(0.441000671107,0.89750677328,-0.));
#10993 = DIRECTION('',(0.89750677328,-0.441000671107,0.));
#10994 = ADVANCED_FACE('',(#10995),#11006,.T.);
#10995 = FACE_BOUND('',#10996,.T.);
#10996 = EDGE_LOOP('',(#10997,#10998,#10999,#11005));
#10997 = ORIENTED_EDGE('',*,*,#10966,.T.);
#10998 = ORIENTED_EDGE('',*,*,#10047,.T.);
#10999 = ORIENTED_EDGE('',*,*,#11000,.F.);
#11000 = EDGE_CURVE('',#9254,#10040,#11001,.T.);
#11001 = LINE('',#11002,#11003);
#11002 = CARTESIAN_POINT('',(20.1,-19.9,0.));
#11003 = VECTOR('',#11004,1.);
#11004 = DIRECTION('',(0.,0.,1.));
#11005 = ORIENTED_EDGE('',*,*,#9261,.F.);
#11006 = PLANE('',#11007);
#11007 = AXIS2_PLACEMENT_3D('',#11008,#11009,#11010);
#11008 = CARTESIAN_POINT('',(15.75,-19.9,0.));
#11009 = DIRECTION('',(0.,1.,0.));
#11010 = DIRECTION('',(1.,0.,0.));
#11011 = ADVANCED_FACE('',(#11012),#11023,.T.);
#11012 = FACE_BOUND('',#11013,.T.);
#11013 = EDGE_LOOP('',(#11014,#11020,#11021,#11022));
#11014 = ORIENTED_EDGE('',*,*,#11015,.T.);
#11015 = EDGE_CURVE('',#8926,#9712,#11016,.T.);
#11016 = LINE('',#11017,#11018);
#11017 = CARTESIAN_POINT('',(5.899999,-2.089999,0.));
#11018 = VECTOR('',#11019,1.);
#11019 = DIRECTION('',(0.,0.,1.));
#11020 = ORIENTED_EDGE('',*,*,#9711,.T.);
#11021 = ORIENTED_EDGE('',*,*,#10981,.F.);
#11022 = ORIENTED_EDGE('',*,*,#8925,.F.);
#11023 = PLANE('',#11024);
#11024 = AXIS2_PLACEMENT_3D('',#11025,#11026,#11027);
#11025 = CARTESIAN_POINT('',(5.899999,-2.089999,0.));
#11026 = DIRECTION('',(0.151650930236,0.988434112806,-0.));
#11027 = DIRECTION('',(0.988434112806,-0.151650930236,0.));
#11028 = ADVANCED_FACE('',(#11029),#11040,.T.);
#11029 = FACE_BOUND('',#11030,.T.);
#11030 = EDGE_LOOP('',(#11031,#11032,#11033,#11039));
#11031 = ORIENTED_EDGE('',*,*,#11000,.T.);
#11032 = ORIENTED_EDGE('',*,*,#10039,.T.);
#11033 = ORIENTED_EDGE('',*,*,#11034,.F.);
#11034 = EDGE_CURVE('',#9246,#10032,#11035,.T.);
#11035 = LINE('',#11036,#11037);
#11036 = CARTESIAN_POINT('',(20.1,-16.,0.));
#11037 = VECTOR('',#11038,1.);
#11038 = DIRECTION('',(0.,0.,1.));
#11039 = ORIENTED_EDGE('',*,*,#9253,.F.);
#11040 = PLANE('',#11041);
#11041 = AXIS2_PLACEMENT_3D('',#11042,#11043,#11044);
#11042 = CARTESIAN_POINT('',(20.1,-19.9,0.));
#11043 = DIRECTION('',(-1.,0.,0.));
#11044 = DIRECTION('',(0.,1.,0.));
#11045 = ADVANCED_FACE('',(#11046),#11057,.T.);
#11046 = FACE_BOUND('',#11047,.T.);
#11047 = EDGE_LOOP('',(#11048,#11054,#11055,#11056));
#11048 = ORIENTED_EDGE('',*,*,#11049,.T.);
#11049 = EDGE_CURVE('',#8934,#9720,#11050,.T.);
#11050 = LINE('',#11051,#11052);
#11051 = CARTESIAN_POINT('',(4.940661,-2.237186,0.));
#11052 = VECTOR('',#11053,1.);
#11053 = DIRECTION('',(0.,0.,1.));
#11054 = ORIENTED_EDGE('',*,*,#9719,.T.);
#11055 = ORIENTED_EDGE('',*,*,#11015,.F.);
#11056 = ORIENTED_EDGE('',*,*,#8933,.F.);
#11057 = PLANE('',#11058);
#11058 = AXIS2_PLACEMENT_3D('',#11059,#11060,#11061);
#11059 = CARTESIAN_POINT('',(4.940661,-2.237186,0.));
#11060 = DIRECTION('',(-0.151651084679,0.98843408911,0.));
#11061 = DIRECTION('',(0.98843408911,0.151651084679,0.));
#11062 = ADVANCED_FACE('',(#11063),#11074,.T.);
#11063 = FACE_BOUND('',#11064,.T.);
#11064 = EDGE_LOOP('',(#11065,#11066,#11067,#11073));
#11065 = ORIENTED_EDGE('',*,*,#11034,.T.);
#11066 = ORIENTED_EDGE('',*,*,#10031,.T.);
#11067 = ORIENTED_EDGE('',*,*,#11068,.F.);
#11068 = EDGE_CURVE('',#9238,#10024,#11069,.T.);
#11069 = LINE('',#11070,#11071);
#11070 = CARTESIAN_POINT('',(33.4,-16.,0.));
#11071 = VECTOR('',#11072,1.);
#11072 = DIRECTION('',(0.,0.,1.));
#11073 = ORIENTED_EDGE('',*,*,#9245,.F.);
#11074 = PLANE('',#11075);
#11075 = AXIS2_PLACEMENT_3D('',#11076,#11077,#11078);
#11076 = CARTESIAN_POINT('',(20.1,-16.,0.));
#11077 = DIRECTION('',(0.,1.,0.));
#11078 = DIRECTION('',(1.,0.,0.));
#11079 = ADVANCED_FACE('',(#11080),#11091,.T.);
#11080 = FACE_BOUND('',#11081,.T.);
#11081 = EDGE_LOOP('',(#11082,#11088,#11089,#11090));
#11082 = ORIENTED_EDGE('',*,*,#11083,.T.);
#11083 = EDGE_CURVE('',#8942,#9728,#11084,.T.);
#11084 = LINE('',#11085,#11086);
#11085 = CARTESIAN_POINT('',(4.069574,-2.665205,0.));
#11086 = VECTOR('',#11087,1.);
#11087 = DIRECTION('',(0.,0.,1.));
#11088 = ORIENTED_EDGE('',*,*,#9727,.T.);
#11089 = ORIENTED_EDGE('',*,*,#11049,.F.);
#11090 = ORIENTED_EDGE('',*,*,#8941,.F.);
#11091 = PLANE('',#11092);
#11092 = AXIS2_PLACEMENT_3D('',#11093,#11094,#11095);
#11093 = CARTESIAN_POINT('',(4.069574,-2.665205,0.));
#11094 = DIRECTION('',(-0.441000671107,0.89750677328,0.));
#11095 = DIRECTION('',(0.89750677328,0.441000671107,0.));
#11096 = ADVANCED_FACE('',(#11097),#11108,.T.);
#11097 = FACE_BOUND('',#11098,.T.);
#11098 = EDGE_LOOP('',(#11099,#11100,#11101,#11107));
#11099 = ORIENTED_EDGE('',*,*,#11068,.T.);
#11100 = ORIENTED_EDGE('',*,*,#10023,.T.);
#11101 = ORIENTED_EDGE('',*,*,#11102,.F.);
#11102 = EDGE_CURVE('',#9230,#10016,#11103,.T.);
#11103 = LINE('',#11104,#11105);
#11104 = CARTESIAN_POINT('',(33.4,-28.,0.));
#11105 = VECTOR('',#11106,1.);
#11106 = DIRECTION('',(0.,0.,1.));
#11107 = ORIENTED_EDGE('',*,*,#9237,.F.);
#11108 = PLANE('',#11109);
#11109 = AXIS2_PLACEMENT_3D('',#11110,#11111,#11112);
#11110 = CARTESIAN_POINT('',(33.4,-16.,0.));
#11111 = DIRECTION('',(1.,0.,-0.));
#11112 = DIRECTION('',(0.,-1.,0.));
#11113 = ADVANCED_FACE('',(#11114),#11125,.T.);
#11114 = FACE_BOUND('',#11115,.T.);
#11115 = EDGE_LOOP('',(#11116,#11122,#11123,#11124));
#11116 = ORIENTED_EDGE('',*,*,#11117,.T.);
#11117 = EDGE_CURVE('',#8950,#9736,#11118,.T.);
#11118 = LINE('',#11119,#11120);
#11119 = CARTESIAN_POINT('',(3.366871,-3.334684,0.));
#11120 = VECTOR('',#11121,1.);
#11121 = DIRECTION('',(0.,0.,1.));
#11122 = ORIENTED_EDGE('',*,*,#9735,.T.);
#11123 = ORIENTED_EDGE('',*,*,#11083,.F.);
#11124 = ORIENTED_EDGE('',*,*,#8949,.F.);
#11125 = PLANE('',#11126);
#11126 = AXIS2_PLACEMENT_3D('',#11127,#11128,#11129);
#11127 = CARTESIAN_POINT('',(3.366871,-3.334684,0.));
#11128 = DIRECTION('',(-0.68978377382,0.724015431724,0.));
#11129 = DIRECTION('',(0.724015431724,0.68978377382,0.));
#11130 = ADVANCED_FACE('',(#11131),#11142,.T.);
#11131 = FACE_BOUND('',#11132,.T.);
#11132 = EDGE_LOOP('',(#11133,#11134,#11135,#11141));
#11133 = ORIENTED_EDGE('',*,*,#11102,.T.);
#11134 = ORIENTED_EDGE('',*,*,#10015,.T.);
#11135 = ORIENTED_EDGE('',*,*,#11136,.F.);
#11136 = EDGE_CURVE('',#9222,#10008,#11137,.T.);
#11137 = LINE('',#11138,#11139);
#11138 = CARTESIAN_POINT('',(20.1,-28.,0.));
#11139 = VECTOR('',#11140,1.);
#11140 = DIRECTION('',(0.,0.,1.));
#11141 = ORIENTED_EDGE('',*,*,#9229,.F.);
#11142 = PLANE('',#11143);
#11143 = AXIS2_PLACEMENT_3D('',#11144,#11145,#11146);
#11144 = CARTESIAN_POINT('',(33.4,-28.,0.));
#11145 = DIRECTION('',(0.,-1.,0.));
#11146 = DIRECTION('',(-1.,0.,0.));
#11147 = ADVANCED_FACE('',(#11148),#11159,.T.);
#11148 = FACE_BOUND('',#11149,.T.);
#11149 = EDGE_LOOP('',(#11150,#11156,#11157,#11158));
#11150 = ORIENTED_EDGE('',*,*,#11151,.T.);
#11151 = EDGE_CURVE('',#8958,#9744,#11152,.T.);
#11152 = LINE('',#11153,#11154);
#11153 = CARTESIAN_POINT('',(2.897194,-4.184034,0.));
#11154 = VECTOR('',#11155,1.);
#11155 = DIRECTION('',(0.,0.,1.));
#11156 = ORIENTED_EDGE('',*,*,#9743,.T.);
#11157 = ORIENTED_EDGE('',*,*,#11117,.F.);
#11158 = ORIENTED_EDGE('',*,*,#8957,.F.);
#11159 = PLANE('',#11160);
#11160 = AXIS2_PLACEMENT_3D('',#11161,#11162,#11163);
#11161 = CARTESIAN_POINT('',(2.897194,-4.184034,0.));
#11162 = DIRECTION('',(-0.875110924364,0.4839223802,0.));
#11163 = DIRECTION('',(0.4839223802,0.875110924364,0.));
#11164 = ADVANCED_FACE('',(#11165),#11176,.T.);
#11165 = FACE_BOUND('',#11166,.T.);
#11166 = EDGE_LOOP('',(#11167,#11168,#11169,#11175));
#11167 = ORIENTED_EDGE('',*,*,#11136,.T.);
#11168 = ORIENTED_EDGE('',*,*,#10007,.T.);
#11169 = ORIENTED_EDGE('',*,*,#11170,.F.);
#11170 = EDGE_CURVE('',#9214,#10000,#11171,.T.);
#11171 = LINE('',#11172,#11173);
#11172 = CARTESIAN_POINT('',(20.1,-22.4,0.));
#11173 = VECTOR('',#11174,1.);
#11174 = DIRECTION('',(0.,0.,1.));
#11175 = ORIENTED_EDGE('',*,*,#9221,.F.);
#11176 = PLANE('',#11177);
#11177 = AXIS2_PLACEMENT_3D('',#11178,#11179,#11180);
#11178 = CARTESIAN_POINT('',(20.1,-28.,0.));
#11179 = DIRECTION('',(-1.,0.,0.));
#11180 = DIRECTION('',(0.,1.,0.));
#11181 = ADVANCED_FACE('',(#11182),#11193,.T.);
#11182 = FACE_BOUND('',#11183,.T.);
#11183 = EDGE_LOOP('',(#11184,#11190,#11191,#11192));
#11184 = ORIENTED_EDGE('',*,*,#11185,.T.);
#11185 = EDGE_CURVE('',#8966,#9752,#11186,.T.);
#11186 = LINE('',#11187,#11188);
#11187 = CARTESIAN_POINT('',(2.70375,-5.135125,0.));
#11188 = VECTOR('',#11189,1.);
#11189 = DIRECTION('',(0.,0.,1.));
#11190 = ORIENTED_EDGE('',*,*,#9751,.T.);
#11191 = ORIENTED_EDGE('',*,*,#11151,.F.);
#11192 = ORIENTED_EDGE('',*,*,#8965,.F.);
#11193 = PLANE('',#11194);
#11194 = AXIS2_PLACEMENT_3D('',#11195,#11196,#11197);
#11195 = CARTESIAN_POINT('',(2.70375,-5.135125,0.));
#11196 = DIRECTION('',(-0.979936307555,0.199310895675,0.));
#11197 = DIRECTION('',(0.199310895675,0.979936307555,0.));
#11198 = ADVANCED_FACE('',(#11199),#11210,.T.);
#11199 = FACE_BOUND('',#11200,.T.);
#11200 = EDGE_LOOP('',(#11201,#11202,#11203,#11209));
#11201 = ORIENTED_EDGE('',*,*,#11170,.T.);
#11202 = ORIENTED_EDGE('',*,*,#9999,.T.);
#11203 = ORIENTED_EDGE('',*,*,#11204,.F.);
#11204 = EDGE_CURVE('',#9206,#9992,#11205,.T.);
#11205 = LINE('',#11206,#11207);
#11206 = CARTESIAN_POINT('',(15.75,-22.4,0.));
#11207 = VECTOR('',#11208,1.);
#11208 = DIRECTION('',(0.,0.,1.));
#11209 = ORIENTED_EDGE('',*,*,#9213,.F.);
#11210 = PLANE('',#11211);
#11211 = AXIS2_PLACEMENT_3D('',#11212,#11213,#11214);
#11212 = CARTESIAN_POINT('',(20.1,-22.4,0.));
#11213 = DIRECTION('',(0.,-1.,0.));
#11214 = DIRECTION('',(-1.,0.,0.));
#11215 = ADVANCED_FACE('',(#11216),#11227,.T.);
#11216 = FACE_BOUND('',#11217,.T.);
#11217 = EDGE_LOOP('',(#11218,#11224,#11225,#11226));
#11218 = ORIENTED_EDGE('',*,*,#11219,.T.);
#11219 = EDGE_CURVE('',#8974,#9760,#11220,.T.);
#11220 = LINE('',#11221,#11222);
#11221 = CARTESIAN_POINT('',(2.804333,-6.100462,0.));
#11222 = VECTOR('',#11223,1.);
#11223 = DIRECTION('',(0.,0.,1.));
#11224 = ORIENTED_EDGE('',*,*,#9759,.T.);
#11225 = ORIENTED_EDGE('',*,*,#11185,.F.);
#11226 = ORIENTED_EDGE('',*,*,#8973,.F.);
#11227 = PLANE('',#11228);
#11228 = AXIS2_PLACEMENT_3D('',#11229,#11230,#11231);
#11229 = CARTESIAN_POINT('',(2.804333,-6.100462,0.));
#11230 = DIRECTION('',(-0.994615535175,-0.103633668216,0.));
#11231 = DIRECTION('',(-0.103633668216,0.994615535175,0.));
#11232 = ADVANCED_FACE('',(#11233),#11244,.T.);
#11233 = FACE_BOUND('',#11234,.T.);
#11234 = EDGE_LOOP('',(#11235,#11236,#11237,#11243));
#11235 = ORIENTED_EDGE('',*,*,#11204,.T.);
#11236 = ORIENTED_EDGE('',*,*,#9991,.T.);
#11237 = ORIENTED_EDGE('',*,*,#11238,.F.);
#11238 = EDGE_CURVE('',#9198,#9984,#11239,.T.);
#11239 = LINE('',#11240,#11241);
#11240 = CARTESIAN_POINT('',(15.75,-37.6,0.));
#11241 = VECTOR('',#11242,1.);
#11242 = DIRECTION('',(0.,0.,1.));
#11243 = ORIENTED_EDGE('',*,*,#9205,.F.);
#11244 = PLANE('',#11245);
#11245 = AXIS2_PLACEMENT_3D('',#11246,#11247,#11248);
#11246 = CARTESIAN_POINT('',(15.75,-22.4,0.));
#11247 = DIRECTION('',(1.,0.,-0.));
#11248 = DIRECTION('',(0.,-1.,0.));
#11249 = ADVANCED_FACE('',(#11250),#11261,.T.);
#11250 = FACE_BOUND('',#11251,.T.);
#11251 = EDGE_LOOP('',(#11252,#11258,#11259,#11260));
#11252 = ORIENTED_EDGE('',*,*,#11253,.T.);
#11253 = EDGE_CURVE('',#8982,#9768,#11254,.T.);
#11254 = LINE('',#11255,#11256);
#11255 = CARTESIAN_POINT('',(3.189692,-6.991244,0.));
#11256 = VECTOR('',#11257,1.);
#11257 = DIRECTION('',(0.,0.,1.));
#11258 = ORIENTED_EDGE('',*,*,#9767,.T.);
#11259 = ORIENTED_EDGE('',*,*,#11219,.F.);
#11260 = ORIENTED_EDGE('',*,*,#8981,.F.);
#11261 = PLANE('',#11262);
#11262 = AXIS2_PLACEMENT_3D('',#11263,#11264,#11265);
#11263 = CARTESIAN_POINT('',(3.189692,-6.991244,0.));
#11264 = DIRECTION('',(-0.917798480465,-0.397046532859,0.));
#11265 = DIRECTION('',(-0.397046532859,0.917798480465,0.));
#11266 = ADVANCED_FACE('',(#11267),#11278,.T.);
#11267 = FACE_BOUND('',#11268,.T.);
#11268 = EDGE_LOOP('',(#11269,#11270,#11271,#11277));
#11269 = ORIENTED_EDGE('',*,*,#11238,.T.);
#11270 = ORIENTED_EDGE('',*,*,#9983,.T.);
#11271 = ORIENTED_EDGE('',*,*,#11272,.F.);
#11272 = EDGE_CURVE('',#9190,#9976,#11273,.T.);
#11273 = LINE('',#11274,#11275);
#11274 = CARTESIAN_POINT('',(9.75,-37.6,0.));
#11275 = VECTOR('',#11276,1.);
#11276 = DIRECTION('',(0.,0.,1.));
#11277 = ORIENTED_EDGE('',*,*,#9197,.F.);
#11278 = PLANE('',#11279);
#11279 = AXIS2_PLACEMENT_3D('',#11280,#11281,#11282);
#11280 = CARTESIAN_POINT('',(15.75,-37.6,0.));
#11281 = DIRECTION('',(0.,-1.,0.));
#11282 = DIRECTION('',(-1.,0.,0.));
#11283 = ADVANCED_FACE('',(#11284),#11295,.T.);
#11284 = FACE_BOUND('',#11285,.T.);
#11285 = EDGE_LOOP('',(#11286,#11292,#11293,#11294));
#11286 = ORIENTED_EDGE('',*,*,#11287,.T.);
#11287 = EDGE_CURVE('',#8990,#9776,#11288,.T.);
#11288 = LINE('',#11289,#11290);
#11289 = CARTESIAN_POINT('',(3.824376,-7.725525,0.));
#11290 = VECTOR('',#11291,1.);
#11291 = DIRECTION('',(0.,0.,1.));
#11292 = ORIENTED_EDGE('',*,*,#9775,.T.);
#11293 = ORIENTED_EDGE('',*,*,#11253,.F.);
#11294 = ORIENTED_EDGE('',*,*,#8989,.F.);
#11295 = PLANE('',#11296);
#11296 = AXIS2_PLACEMENT_3D('',#11297,#11298,#11299);
#11297 = CARTESIAN_POINT('',(3.824376,-7.725525,0.));
#11298 = DIRECTION('',(-0.756551678064,-0.653933909825,0.));
#11299 = DIRECTION('',(-0.653933909825,0.756551678064,0.));
#11300 = ADVANCED_FACE('',(#11301),#11312,.T.);
#11301 = FACE_BOUND('',#11302,.T.);
#11302 = EDGE_LOOP('',(#11303,#11304,#11305,#11311));
#11303 = ORIENTED_EDGE('',*,*,#11272,.T.);
#11304 = ORIENTED_EDGE('',*,*,#9975,.T.);
#11305 = ORIENTED_EDGE('',*,*,#11306,.F.);
#11306 = EDGE_CURVE('',#9182,#9968,#11307,.T.);
#11307 = LINE('',#11308,#11309);
#11308 = CARTESIAN_POINT('',(9.75,-40.05424,0.));
#11309 = VECTOR('',#11310,1.);
#11310 = DIRECTION('',(0.,0.,1.));
#11311 = ORIENTED_EDGE('',*,*,#9189,.F.);
#11312 = PLANE('',#11313);
#11313 = AXIS2_PLACEMENT_3D('',#11314,#11315,#11316);
#11314 = CARTESIAN_POINT('',(9.75,-37.6,0.));
#11315 = DIRECTION('',(1.,0.,-0.));
#11316 = DIRECTION('',(0.,-1.,0.));
#11317 = ADVANCED_FACE('',(#11318),#11329,.T.);
#11318 = FACE_BOUND('',#11319,.T.);
#11319 = EDGE_LOOP('',(#11320,#11326,#11327,#11328));
#11320 = ORIENTED_EDGE('',*,*,#11321,.T.);
#11321 = EDGE_CURVE('',#8998,#9784,#11322,.T.);
#11322 = LINE('',#11323,#11324);
#11323 = CARTESIAN_POINT('',(4.65,-8.235759,0.));
#11324 = VECTOR('',#11325,1.);
#11325 = DIRECTION('',(0.,0.,1.));
#11326 = ORIENTED_EDGE('',*,*,#9783,.T.);
#11327 = ORIENTED_EDGE('',*,*,#11287,.F.);
#11328 = ORIENTED_EDGE('',*,*,#8997,.F.);
#11329 = PLANE('',#11330);
#11330 = AXIS2_PLACEMENT_3D('',#11331,#11332,#11333);
#11331 = CARTESIAN_POINT('',(4.65,-8.235759,0.));
#11332 = DIRECTION('',(-0.525708973539,-0.850664490349,0.));
#11333 = DIRECTION('',(-0.850664490349,0.525708973539,0.));
#11334 = ADVANCED_FACE('',(#11335),#11346,.T.);
#11335 = FACE_BOUND('',#11336,.T.);
#11336 = EDGE_LOOP('',(#11337,#11338,#11339,#11345));
#11337 = ORIENTED_EDGE('',*,*,#11306,.T.);
#11338 = ORIENTED_EDGE('',*,*,#9967,.T.);
#11339 = ORIENTED_EDGE('',*,*,#11340,.F.);
#11340 = EDGE_CURVE('',#9174,#9960,#11341,.T.);
#11341 = LINE('',#11342,#11343);
#11342 = CARTESIAN_POINT('',(10.575623,-40.564474,0.));
#11343 = VECTOR('',#11344,1.);
#11344 = DIRECTION('',(0.,0.,1.));
#11345 = ORIENTED_EDGE('',*,*,#9181,.F.);
#11346 = PLANE('',#11347);
#11347 = AXIS2_PLACEMENT_3D('',#11348,#11349,#11350);
#11348 = CARTESIAN_POINT('',(9.75,-40.05424,0.));
#11349 = DIRECTION('',(0.525709434304,0.850664205597,-0.));
#11350 = DIRECTION('',(0.850664205597,-0.525709434304,0.));
#11351 = ADVANCED_FACE('',(#11352),#11363,.T.);
#11352 = FACE_BOUND('',#11353,.T.);
#11353 = EDGE_LOOP('',(#11354,#11360,#11361,#11362));
#11354 = ORIENTED_EDGE('',*,*,#11355,.T.);
#11355 = EDGE_CURVE('',#9006,#9792,#11356,.T.);
#11356 = LINE('',#11357,#11358);
#11357 = CARTESIAN_POINT('',(4.65,-16.,0.));
#11358 = VECTOR('',#11359,1.);
#11359 = DIRECTION('',(0.,0.,1.));
#11360 = ORIENTED_EDGE('',*,*,#9791,.T.);
#11361 = ORIENTED_EDGE('',*,*,#11321,.F.);
#11362 = ORIENTED_EDGE('',*,*,#9005,.F.);
#11363 = PLANE('',#11364);
#11364 = AXIS2_PLACEMENT_3D('',#11365,#11366,#11367);
#11365 = CARTESIAN_POINT('',(4.65,-16.,0.));
#11366 = DIRECTION('',(-1.,0.,0.));
#11367 = DIRECTION('',(0.,1.,0.));
#11368 = ADVANCED_FACE('',(#11369),#11380,.T.);
#11369 = FACE_BOUND('',#11370,.T.);
#11370 = EDGE_LOOP('',(#11371,#11372,#11373,#11379));
#11371 = ORIENTED_EDGE('',*,*,#11340,.T.);
#11372 = ORIENTED_EDGE('',*,*,#9959,.T.);
#11373 = ORIENTED_EDGE('',*,*,#11374,.F.);
#11374 = EDGE_CURVE('',#9166,#9952,#11375,.T.);
#11375 = LINE('',#11376,#11377);
#11376 = CARTESIAN_POINT('',(11.210307,-41.298755,0.));
#11377 = VECTOR('',#11378,1.);
#11378 = DIRECTION('',(0.,0.,1.));
#11379 = ORIENTED_EDGE('',*,*,#9173,.F.);
#11380 = PLANE('',#11381);
#11381 = AXIS2_PLACEMENT_3D('',#11382,#11383,#11384);
#11382 = CARTESIAN_POINT('',(10.575623,-40.564474,0.));
#11383 = DIRECTION('',(0.756551678064,0.653933909825,-0.));
#11384 = DIRECTION('',(0.653933909825,-0.756551678064,0.));
#11385 = ADVANCED_FACE('',(#11386),#11397,.T.);
#11386 = FACE_BOUND('',#11387,.T.);
#11387 = EDGE_LOOP('',(#11388,#11394,#11395,#11396));
#11388 = ORIENTED_EDGE('',*,*,#11389,.T.);
#11389 = EDGE_CURVE('',#9014,#9800,#11390,.T.);
#11390 = LINE('',#11391,#11392);
#11391 = CARTESIAN_POINT('',(2.25,-16.,0.));
#11392 = VECTOR('',#11393,1.);
#11393 = DIRECTION('',(0.,0.,1.));
#11394 = ORIENTED_EDGE('',*,*,#9799,.T.);
#11395 = ORIENTED_EDGE('',*,*,#11355,.F.);
#11396 = ORIENTED_EDGE('',*,*,#9013,.F.);
#11397 = PLANE('',#11398);
#11398 = AXIS2_PLACEMENT_3D('',#11399,#11400,#11401);
#11399 = CARTESIAN_POINT('',(2.25,-16.,0.));
#11400 = DIRECTION('',(0.,1.,0.));
#11401 = DIRECTION('',(1.,0.,0.));
#11402 = ADVANCED_FACE('',(#11403),#11414,.T.);
#11403 = FACE_BOUND('',#11404,.T.);
#11404 = EDGE_LOOP('',(#11405,#11406,#11407,#11413));
#11405 = ORIENTED_EDGE('',*,*,#11374,.T.);
#11406 = ORIENTED_EDGE('',*,*,#9951,.T.);
#11407 = ORIENTED_EDGE('',*,*,#11408,.F.);
#11408 = EDGE_CURVE('',#9158,#9944,#11409,.T.);
#11409 = LINE('',#11410,#11411);
#11410 = CARTESIAN_POINT('',(11.595666,-42.189537,0.));
#11411 = VECTOR('',#11412,1.);
#11412 = DIRECTION('',(0.,0.,1.));
#11413 = ORIENTED_EDGE('',*,*,#9165,.F.);
#11414 = PLANE('',#11415);
#11415 = AXIS2_PLACEMENT_3D('',#11416,#11417,#11418);
#11416 = CARTESIAN_POINT('',(11.210307,-41.298755,0.));
#11417 = DIRECTION('',(0.917798480465,0.397046532859,-0.));
#11418 = DIRECTION('',(0.397046532859,-0.917798480465,0.));
#11419 = ADVANCED_FACE('',(#11420),#11431,.T.);
#11420 = FACE_BOUND('',#11421,.T.);
#11421 = EDGE_LOOP('',(#11422,#11428,#11429,#11430));
#11422 = ORIENTED_EDGE('',*,*,#11423,.T.);
#11423 = EDGE_CURVE('',#9022,#9808,#11424,.T.);
#11424 = LINE('',#11425,#11426);
#11425 = CARTESIAN_POINT('',(2.25,-37.6,0.));
#11426 = VECTOR('',#11427,1.);
#11427 = DIRECTION('',(0.,0.,1.));
#11428 = ORIENTED_EDGE('',*,*,#9807,.T.);
#11429 = ORIENTED_EDGE('',*,*,#11389,.F.);
#11430 = ORIENTED_EDGE('',*,*,#9021,.F.);
#11431 = PLANE('',#11432);
#11432 = AXIS2_PLACEMENT_3D('',#11433,#11434,#11435);
#11433 = CARTESIAN_POINT('',(2.25,-37.6,0.));
#11434 = DIRECTION('',(-1.,0.,0.));
#11435 = DIRECTION('',(0.,1.,0.));
#11436 = ADVANCED_FACE('',(#11437),#11448,.T.);
#11437 = FACE_BOUND('',#11438,.T.);
#11438 = EDGE_LOOP('',(#11439,#11440,#11441,#11447));
#11439 = ORIENTED_EDGE('',*,*,#11408,.T.);
#11440 = ORIENTED_EDGE('',*,*,#9943,.T.);
#11441 = ORIENTED_EDGE('',*,*,#11442,.F.);
#11442 = EDGE_CURVE('',#9150,#9936,#11443,.T.);
#11443 = LINE('',#11444,#11445);
#11444 = CARTESIAN_POINT('',(11.696249,-43.154874,0.));
#11445 = VECTOR('',#11446,1.);
#11446 = DIRECTION('',(0.,0.,1.));
#11447 = ORIENTED_EDGE('',*,*,#9157,.F.);
#11448 = PLANE('',#11449);
#11449 = AXIS2_PLACEMENT_3D('',#11450,#11451,#11452);
#11450 = CARTESIAN_POINT('',(11.595666,-42.189537,0.));
#11451 = DIRECTION('',(0.994615535175,0.103633668216,-0.));
#11452 = DIRECTION('',(0.103633668216,-0.994615535175,0.));
#11453 = ADVANCED_FACE('',(#11454),#11465,.T.);
#11454 = FACE_BOUND('',#11455,.T.);
#11455 = EDGE_LOOP('',(#11456,#11462,#11463,#11464));
#11456 = ORIENTED_EDGE('',*,*,#11457,.T.);
#11457 = EDGE_CURVE('',#9030,#9816,#11458,.T.);
#11458 = LINE('',#11459,#11460);
#11459 = CARTESIAN_POINT('',(7.25,-37.6,0.));
#11460 = VECTOR('',#11461,1.);
#11461 = DIRECTION('',(0.,0.,1.));
#11462 = ORIENTED_EDGE('',*,*,#9815,.T.);
#11463 = ORIENTED_EDGE('',*,*,#11423,.F.);
#11464 = ORIENTED_EDGE('',*,*,#9029,.F.);
#11465 = PLANE('',#11466);
#11466 = AXIS2_PLACEMENT_3D('',#11467,#11468,#11469);
#11467 = CARTESIAN_POINT('',(7.25,-37.6,0.));
#11468 = DIRECTION('',(0.,-1.,0.));
#11469 = DIRECTION('',(-1.,0.,0.));
#11470 = ADVANCED_FACE('',(#11471),#11482,.T.);
#11471 = FACE_BOUND('',#11472,.T.);
#11472 = EDGE_LOOP('',(#11473,#11474,#11475,#11481));
#11473 = ORIENTED_EDGE('',*,*,#11442,.T.);
#11474 = ORIENTED_EDGE('',*,*,#9935,.T.);
#11475 = ORIENTED_EDGE('',*,*,#11476,.F.);
#11476 = EDGE_CURVE('',#9142,#9928,#11477,.T.);
#11477 = LINE('',#11478,#11479);
#11478 = CARTESIAN_POINT('',(11.502805,-44.105965,0.));
#11479 = VECTOR('',#11480,1.);
#11480 = DIRECTION('',(0.,0.,1.));
#11481 = ORIENTED_EDGE('',*,*,#9149,.F.);
#11482 = PLANE('',#11483);
#11483 = AXIS2_PLACEMENT_3D('',#11484,#11485,#11486);
#11484 = CARTESIAN_POINT('',(11.696249,-43.154874,0.));
#11485 = DIRECTION('',(0.979936307555,-0.199310895675,0.));
#11486 = DIRECTION('',(-0.199310895675,-0.979936307555,0.));
#11487 = ADVANCED_FACE('',(#11488),#11499,.T.);
#11488 = FACE_BOUND('',#11489,.T.);
#11489 = EDGE_LOOP('',(#11490,#11496,#11497,#11498));
#11490 = ORIENTED_EDGE('',*,*,#11491,.T.);
#11491 = EDGE_CURVE('',#9038,#9824,#11492,.T.);
#11492 = LINE('',#11493,#11494);
#11493 = CARTESIAN_POINT('',(7.25,-40.05424,0.));
#11494 = VECTOR('',#11495,1.);
#11495 = DIRECTION('',(0.,0.,1.));
#11496 = ORIENTED_EDGE('',*,*,#9823,.T.);
#11497 = ORIENTED_EDGE('',*,*,#11457,.F.);
#11498 = ORIENTED_EDGE('',*,*,#9037,.F.);
#11499 = PLANE('',#11500);
#11500 = AXIS2_PLACEMENT_3D('',#11501,#11502,#11503);
#11501 = CARTESIAN_POINT('',(7.25,-40.05424,0.));
#11502 = DIRECTION('',(-1.,0.,0.));
#11503 = DIRECTION('',(0.,1.,0.));
#11504 = ADVANCED_FACE('',(#11505),#11516,.T.);
#11505 = FACE_BOUND('',#11506,.T.);
#11506 = EDGE_LOOP('',(#11507,#11508,#11509,#11515));
#11507 = ORIENTED_EDGE('',*,*,#11476,.T.);
#11508 = ORIENTED_EDGE('',*,*,#9927,.T.);
#11509 = ORIENTED_EDGE('',*,*,#11510,.F.);
#11510 = EDGE_CURVE('',#9134,#9920,#11511,.T.);
#11511 = LINE('',#11512,#11513);
#11512 = CARTESIAN_POINT('',(11.033128,-44.955315,0.));
#11513 = VECTOR('',#11514,1.);
#11514 = DIRECTION('',(0.,0.,1.));
#11515 = ORIENTED_EDGE('',*,*,#9141,.F.);
#11516 = PLANE('',#11517);
#11517 = AXIS2_PLACEMENT_3D('',#11518,#11519,#11520);
#11518 = CARTESIAN_POINT('',(11.502805,-44.105965,0.));
#11519 = DIRECTION('',(0.875110924364,-0.4839223802,0.));
#11520 = DIRECTION('',(-0.4839223802,-0.875110924364,0.));
#11521 = ADVANCED_FACE('',(#11522),#11533,.T.);
#11522 = FACE_BOUND('',#11523,.T.);
#11523 = EDGE_LOOP('',(#11524,#11530,#11531,#11532));
#11524 = ORIENTED_EDGE('',*,*,#11525,.T.);
#11525 = EDGE_CURVE('',#9046,#9832,#11526,.T.);
#11526 = LINE('',#11527,#11528);
#11527 = CARTESIAN_POINT('',(6.424376,-40.564474,0.));
#11528 = VECTOR('',#11529,1.);
#11529 = DIRECTION('',(0.,0.,1.));
#11530 = ORIENTED_EDGE('',*,*,#9831,.T.);
#11531 = ORIENTED_EDGE('',*,*,#11491,.F.);
#11532 = ORIENTED_EDGE('',*,*,#9045,.F.);
#11533 = PLANE('',#11534);
#11534 = AXIS2_PLACEMENT_3D('',#11535,#11536,#11537);
#11535 = CARTESIAN_POINT('',(6.424376,-40.564474,0.));
#11536 = DIRECTION('',(-0.525708973539,0.850664490349,0.));
#11537 = DIRECTION('',(0.850664490349,0.525708973539,0.));
#11538 = ADVANCED_FACE('',(#11539),#11550,.T.);
#11539 = FACE_BOUND('',#11540,.T.);
#11540 = EDGE_LOOP('',(#11541,#11542,#11543,#11549));
#11541 = ORIENTED_EDGE('',*,*,#11510,.T.);
#11542 = ORIENTED_EDGE('',*,*,#9919,.T.);
#11543 = ORIENTED_EDGE('',*,*,#11544,.F.);
#11544 = EDGE_CURVE('',#9126,#9912,#11545,.T.);
#11545 = LINE('',#11546,#11547);
#11546 = CARTESIAN_POINT('',(10.330425,-45.624794,0.));
#11547 = VECTOR('',#11548,1.);
#11548 = DIRECTION('',(0.,0.,1.));
#11549 = ORIENTED_EDGE('',*,*,#9133,.F.);
#11550 = PLANE('',#11551);
#11551 = AXIS2_PLACEMENT_3D('',#11552,#11553,#11554);
#11552 = CARTESIAN_POINT('',(11.033128,-44.955315,0.));
#11553 = DIRECTION('',(0.68978377382,-0.724015431724,0.));
#11554 = DIRECTION('',(-0.724015431724,-0.68978377382,0.));
#11555 = ADVANCED_FACE('',(#11556),#11567,.T.);
#11556 = FACE_BOUND('',#11557,.T.);
#11557 = EDGE_LOOP('',(#11558,#11564,#11565,#11566));
#11558 = ORIENTED_EDGE('',*,*,#11559,.T.);
#11559 = EDGE_CURVE('',#9054,#9840,#11560,.T.);
#11560 = LINE('',#11561,#11562);
#11561 = CARTESIAN_POINT('',(5.789692,-41.298755,0.));
#11562 = VECTOR('',#11563,1.);
#11563 = DIRECTION('',(0.,0.,1.));
#11564 = ORIENTED_EDGE('',*,*,#9839,.T.);
#11565 = ORIENTED_EDGE('',*,*,#11525,.F.);
#11566 = ORIENTED_EDGE('',*,*,#9053,.F.);
#11567 = PLANE('',#11568);
#11568 = AXIS2_PLACEMENT_3D('',#11569,#11570,#11571);
#11569 = CARTESIAN_POINT('',(5.789692,-41.298755,0.));
#11570 = DIRECTION('',(-0.756551678064,0.653933909825,0.));
#11571 = DIRECTION('',(0.653933909825,0.756551678064,0.));
#11572 = ADVANCED_FACE('',(#11573),#11584,.T.);
#11573 = FACE_BOUND('',#11574,.T.);
#11574 = EDGE_LOOP('',(#11575,#11576,#11577,#11583));
#11575 = ORIENTED_EDGE('',*,*,#11544,.T.);
#11576 = ORIENTED_EDGE('',*,*,#9911,.T.);
#11577 = ORIENTED_EDGE('',*,*,#11578,.F.);
#11578 = EDGE_CURVE('',#9118,#9904,#11579,.T.);
#11579 = LINE('',#11580,#11581);
#11580 = CARTESIAN_POINT('',(9.459338,-46.052813,0.));
#11581 = VECTOR('',#11582,1.);
#11582 = DIRECTION('',(0.,0.,1.));
#11583 = ORIENTED_EDGE('',*,*,#9125,.F.);
#11584 = PLANE('',#11585);
#11585 = AXIS2_PLACEMENT_3D('',#11586,#11587,#11588);
#11586 = CARTESIAN_POINT('',(10.330425,-45.624794,0.));
#11587 = DIRECTION('',(0.441000671107,-0.89750677328,0.));
#11588 = DIRECTION('',(-0.89750677328,-0.441000671107,0.));
#11589 = ADVANCED_FACE('',(#11590),#11601,.T.);
#11590 = FACE_BOUND('',#11591,.T.);
#11591 = EDGE_LOOP('',(#11592,#11598,#11599,#11600));
#11592 = ORIENTED_EDGE('',*,*,#11593,.T.);
#11593 = EDGE_CURVE('',#9062,#9848,#11594,.T.);
#11594 = LINE('',#11595,#11596);
#11595 = CARTESIAN_POINT('',(5.404333,-42.189537,0.));
#11596 = VECTOR('',#11597,1.);
#11597 = DIRECTION('',(0.,0.,1.));
#11598 = ORIENTED_EDGE('',*,*,#9847,.T.);
#11599 = ORIENTED_EDGE('',*,*,#11559,.F.);
#11600 = ORIENTED_EDGE('',*,*,#9061,.F.);
#11601 = PLANE('',#11602);
#11602 = AXIS2_PLACEMENT_3D('',#11603,#11604,#11605);
#11603 = CARTESIAN_POINT('',(5.404333,-42.189537,0.));
#11604 = DIRECTION('',(-0.917798480465,0.397046532859,0.));
#11605 = DIRECTION('',(0.397046532859,0.917798480465,0.));
#11606 = ADVANCED_FACE('',(#11607),#11618,.T.);
#11607 = FACE_BOUND('',#11608,.T.);
#11608 = EDGE_LOOP('',(#11609,#11610,#11611,#11617));
#11609 = ORIENTED_EDGE('',*,*,#11578,.T.);
#11610 = ORIENTED_EDGE('',*,*,#9903,.T.);
#11611 = ORIENTED_EDGE('',*,*,#11612,.F.);
#11612 = EDGE_CURVE('',#9110,#9896,#11613,.T.);
#11613 = LINE('',#11614,#11615);
#11614 = CARTESIAN_POINT('',(8.5,-46.2,0.));
#11615 = VECTOR('',#11616,1.);
#11616 = DIRECTION('',(0.,0.,1.));
#11617 = ORIENTED_EDGE('',*,*,#9117,.F.);
#11618 = PLANE('',#11619);
#11619 = AXIS2_PLACEMENT_3D('',#11620,#11621,#11622);
#11620 = CARTESIAN_POINT('',(9.459338,-46.052813,0.));
#11621 = DIRECTION('',(0.151651084679,-0.98843408911,0.));
#11622 = DIRECTION('',(-0.98843408911,-0.151651084679,0.));
#11623 = ADVANCED_FACE('',(#11624),#11635,.T.);
#11624 = FACE_BOUND('',#11625,.T.);
#11625 = EDGE_LOOP('',(#11626,#11632,#11633,#11634));
#11626 = ORIENTED_EDGE('',*,*,#11627,.T.);
#11627 = EDGE_CURVE('',#9070,#9856,#11628,.T.);
#11628 = LINE('',#11629,#11630);
#11629 = CARTESIAN_POINT('',(5.30375,-43.154874,0.));
#11630 = VECTOR('',#11631,1.);
#11631 = DIRECTION('',(0.,0.,1.));
#11632 = ORIENTED_EDGE('',*,*,#9855,.T.);
#11633 = ORIENTED_EDGE('',*,*,#11593,.F.);
#11634 = ORIENTED_EDGE('',*,*,#9069,.F.);
#11635 = PLANE('',#11636);
#11636 = AXIS2_PLACEMENT_3D('',#11637,#11638,#11639);
#11637 = CARTESIAN_POINT('',(5.30375,-43.154874,0.));
#11638 = DIRECTION('',(-0.994615535175,0.103633668216,0.));
#11639 = DIRECTION('',(0.103633668216,0.994615535175,0.));
#11640 = ADVANCED_FACE('',(#11641),#11652,.T.);
#11641 = FACE_BOUND('',#11642,.T.);
#11642 = EDGE_LOOP('',(#11643,#11644,#11645,#11651));
#11643 = ORIENTED_EDGE('',*,*,#11612,.T.);
#11644 = ORIENTED_EDGE('',*,*,#9895,.T.);
#11645 = ORIENTED_EDGE('',*,*,#11646,.F.);
#11646 = EDGE_CURVE('',#9102,#9888,#11647,.T.);
#11647 = LINE('',#11648,#11649);
#11648 = CARTESIAN_POINT('',(7.540661,-46.052813,0.));
#11649 = VECTOR('',#11650,1.);
#11650 = DIRECTION('',(0.,0.,1.));
#11651 = ORIENTED_EDGE('',*,*,#9109,.F.);
#11652 = PLANE('',#11653);
#11653 = AXIS2_PLACEMENT_3D('',#11654,#11655,#11656);
#11654 = CARTESIAN_POINT('',(8.5,-46.2,0.));
#11655 = DIRECTION('',(-0.151650930236,-0.988434112806,0.));
#11656 = DIRECTION('',(-0.988434112806,0.151650930236,0.));
#11657 = ADVANCED_FACE('',(#11658),#11669,.T.);
#11658 = FACE_BOUND('',#11659,.T.);
#11659 = EDGE_LOOP('',(#11660,#11666,#11667,#11668));
#11660 = ORIENTED_EDGE('',*,*,#11661,.T.);
#11661 = EDGE_CURVE('',#9078,#9864,#11662,.T.);
#11662 = LINE('',#11663,#11664);
#11663 = CARTESIAN_POINT('',(5.497194,-44.105965,0.));
#11664 = VECTOR('',#11665,1.);
#11665 = DIRECTION('',(0.,0.,1.));
#11666 = ORIENTED_EDGE('',*,*,#9863,.T.);
#11667 = ORIENTED_EDGE('',*,*,#11627,.F.);
#11668 = ORIENTED_EDGE('',*,*,#9077,.F.);
#11669 = PLANE('',#11670);
#11670 = AXIS2_PLACEMENT_3D('',#11671,#11672,#11673);
#11671 = CARTESIAN_POINT('',(5.497194,-44.105965,0.));
#11672 = DIRECTION('',(-0.979936307555,-0.199310895675,0.));
#11673 = DIRECTION('',(-0.199310895675,0.979936307555,0.));
#11674 = ADVANCED_FACE('',(#11675),#11686,.T.);
#11675 = FACE_BOUND('',#11676,.T.);
#11676 = EDGE_LOOP('',(#11677,#11678,#11679,#11685));
#11677 = ORIENTED_EDGE('',*,*,#11646,.T.);
#11678 = ORIENTED_EDGE('',*,*,#9887,.T.);
#11679 = ORIENTED_EDGE('',*,*,#11680,.F.);
#11680 = EDGE_CURVE('',#9094,#9880,#11681,.T.);
#11681 = LINE('',#11682,#11683);
#11682 = CARTESIAN_POINT('',(6.669574,-45.624794,0.));
#11683 = VECTOR('',#11684,1.);
#11684 = DIRECTION('',(0.,0.,1.));
#11685 = ORIENTED_EDGE('',*,*,#9101,.F.);
#11686 = PLANE('',#11687);
#11687 = AXIS2_PLACEMENT_3D('',#11688,#11689,#11690);
#11688 = CARTESIAN_POINT('',(7.540661,-46.052813,0.));
#11689 = DIRECTION('',(-0.441000671107,-0.89750677328,0.));
#11690 = DIRECTION('',(-0.89750677328,0.441000671107,0.));
#11691 = ADVANCED_FACE('',(#11692),#11703,.T.);
#11692 = FACE_BOUND('',#11693,.T.);
#11693 = EDGE_LOOP('',(#11694,#11700,#11701,#11702));
#11694 = ORIENTED_EDGE('',*,*,#11695,.T.);
#11695 = EDGE_CURVE('',#9086,#9872,#11696,.T.);
#11696 = LINE('',#11697,#11698);
#11697 = CARTESIAN_POINT('',(5.966871,-44.955315,0.));
#11698 = VECTOR('',#11699,1.);
#11699 = DIRECTION('',(0.,0.,1.));
#11700 = ORIENTED_EDGE('',*,*,#9871,.T.);
#11701 = ORIENTED_EDGE('',*,*,#11661,.F.);
#11702 = ORIENTED_EDGE('',*,*,#9085,.F.);
#11703 = PLANE('',#11704);
#11704 = AXIS2_PLACEMENT_3D('',#11705,#11706,#11707);
#11705 = CARTESIAN_POINT('',(5.966871,-44.955315,0.));
#11706 = DIRECTION('',(-0.875110924364,-0.4839223802,0.));
#11707 = DIRECTION('',(-0.4839223802,0.875110924364,0.));
#11708 = ADVANCED_FACE('',(#11709),#11715,.T.);
#11709 = FACE_BOUND('',#11710,.T.);
#11710 = EDGE_LOOP('',(#11711,#11712,#11713,#11714));
#11711 = ORIENTED_EDGE('',*,*,#11680,.T.);
#11712 = ORIENTED_EDGE('',*,*,#9879,.T.);
#11713 = ORIENTED_EDGE('',*,*,#11695,.F.);
#11714 = ORIENTED_EDGE('',*,*,#9093,.F.);
#11715 = PLANE('',#11716);
#11716 = AXIS2_PLACEMENT_3D('',#11717,#11718,#11719);
#11717 = CARTESIAN_POINT('',(6.669574,-45.624794,0.));
#11718 = DIRECTION('',(-0.68978377382,-0.724015431724,0.));
#11719 = DIRECTION('',(-0.724015431724,0.68978377382,0.));
#11720 = ADVANCED_FACE('',(#11721),#11732,.F.);
#11721 = FACE_BOUND('',#11722,.T.);
#11722 = EDGE_LOOP('',(#11723,#11724,#11730,#11731));
#11723 = ORIENTED_EDGE('',*,*,#9422,.T.);
#11724 = ORIENTED_EDGE('',*,*,#11725,.T.);
#11725 = EDGE_CURVE('',#9423,#10209,#11726,.T.);
#11726 = LINE('',#11727,#11728);
#11727 = CARTESIAN_POINT('',(8.5,-44.35,-4.6E-02));
#11728 = VECTOR('',#11729,1.);
#11729 = DIRECTION('',(0.,0.,1.));
#11730 = ORIENTED_EDGE('',*,*,#10208,.F.);
#11731 = ORIENTED_EDGE('',*,*,#11725,.F.);
#11732 = CYLINDRICAL_SURFACE('',#11733,1.35);
#11733 = AXIS2_PLACEMENT_3D('',#11734,#11735,#11736);
#11734 = CARTESIAN_POINT('',(8.5,-43.,-4.6E-02));
#11735 = DIRECTION('',(-0.,-0.,-1.));
#11736 = DIRECTION('',(-0.,-1.,0.));
#11737 = ADVANCED_FACE('',(#11738),#11749,.F.);
#11738 = FACE_BOUND('',#11739,.T.);
#11739 = EDGE_LOOP('',(#11740,#11741,#11747,#11748));
#11740 = ORIENTED_EDGE('',*,*,#9433,.T.);
#11741 = ORIENTED_EDGE('',*,*,#11742,.T.);
#11742 = EDGE_CURVE('',#9434,#10220,#11743,.T.);
#11743 = LINE('',#11744,#11745);
#11744 = CARTESIAN_POINT('',(7.46,-35.8953,-4.6E-02));
#11745 = VECTOR('',#11746,1.);
#11746 = DIRECTION('',(0.,0.,1.));
#11747 = ORIENTED_EDGE('',*,*,#10219,.F.);
#11748 = ORIENTED_EDGE('',*,*,#11742,.F.);
#11749 = CYLINDRICAL_SURFACE('',#11750,0.4953);
#11750 = AXIS2_PLACEMENT_3D('',#11751,#11752,#11753);
#11751 = CARTESIAN_POINT('',(7.46,-35.4,-4.6E-02));
#11752 = DIRECTION('',(-0.,-0.,-1.));
#11753 = DIRECTION('',(-0.,-1.,0.));
#11754 = ADVANCED_FACE('',(#11755),#11766,.F.);
#11755 = FACE_BOUND('',#11756,.T.);
#11756 = EDGE_LOOP('',(#11757,#11758,#11764,#11765));
#11757 = ORIENTED_EDGE('',*,*,#9444,.T.);
#11758 = ORIENTED_EDGE('',*,*,#11759,.T.);
#11759 = EDGE_CURVE('',#9445,#10231,#11760,.T.);
#11760 = LINE('',#11761,#11762);
#11761 = CARTESIAN_POINT('',(12.54,-36.9113,-4.6E-02));
#11762 = VECTOR('',#11763,1.);
#11763 = DIRECTION('',(0.,0.,1.));
#11764 = ORIENTED_EDGE('',*,*,#10230,.F.);
#11765 = ORIENTED_EDGE('',*,*,#11759,.F.);
#11766 = CYLINDRICAL_SURFACE('',#11767,0.4953);
#11767 = AXIS2_PLACEMENT_3D('',#11768,#11769,#11770);
#11768 = CARTESIAN_POINT('',(12.54,-36.416,-4.6E-02));
#11769 = DIRECTION('',(-0.,-0.,-1.));
#11770 = DIRECTION('',(-0.,-1.,0.));
#11771 = ADVANCED_FACE('',(#11772),#11783,.F.);
#11772 = FACE_BOUND('',#11773,.T.);
#11773 = EDGE_LOOP('',(#11774,#11775,#11781,#11782));
#11774 = ORIENTED_EDGE('',*,*,#9455,.T.);
#11775 = ORIENTED_EDGE('',*,*,#11776,.T.);
#11776 = EDGE_CURVE('',#9456,#10242,#11777,.T.);
#11777 = LINE('',#11778,#11779);
#11778 = CARTESIAN_POINT('',(12.54,-34.8793,-4.6E-02));
#11779 = VECTOR('',#11780,1.);
#11780 = DIRECTION('',(0.,0.,1.));
#11781 = ORIENTED_EDGE('',*,*,#10241,.F.);
#11782 = ORIENTED_EDGE('',*,*,#11776,.F.);
#11783 = CYLINDRICAL_SURFACE('',#11784,0.4953);
#11784 = AXIS2_PLACEMENT_3D('',#11785,#11786,#11787);
#11785 = CARTESIAN_POINT('',(12.54,-34.384,-4.6E-02));
#11786 = DIRECTION('',(-0.,-0.,-1.));
#11787 = DIRECTION('',(-0.,-1.,0.));
#11788 = ADVANCED_FACE('',(#11789),#11800,.F.);
#11789 = FACE_BOUND('',#11790,.T.);
#11790 = EDGE_LOOP('',(#11791,#11792,#11798,#11799));
#11791 = ORIENTED_EDGE('',*,*,#9466,.T.);
#11792 = ORIENTED_EDGE('',*,*,#11793,.T.);
#11793 = EDGE_CURVE('',#9467,#10253,#11794,.T.);
#11794 = LINE('',#11795,#11796);
#11795 = CARTESIAN_POINT('',(22.4,-24.98,-4.6E-02));
#11796 = VECTOR('',#11797,1.);
#11797 = DIRECTION('',(0.,0.,1.));
#11798 = ORIENTED_EDGE('',*,*,#10252,.F.);
#11799 = ORIENTED_EDGE('',*,*,#11793,.F.);
#11800 = CYLINDRICAL_SURFACE('',#11801,0.5);
#11801 = AXIS2_PLACEMENT_3D('',#11802,#11803,#11804);
#11802 = CARTESIAN_POINT('',(22.4,-24.48,-4.6E-02));
#11803 = DIRECTION('',(-0.,-0.,-1.));
#11804 = DIRECTION('',(-0.,-1.,0.));
#11805 = ADVANCED_FACE('',(#11806),#11817,.F.);
#11806 = FACE_BOUND('',#11807,.T.);
#11807 = EDGE_LOOP('',(#11808,#11809,#11815,#11816));
#11808 = ORIENTED_EDGE('',*,*,#9477,.T.);
#11809 = ORIENTED_EDGE('',*,*,#11810,.T.);
#11810 = EDGE_CURVE('',#9478,#10264,#11811,.T.);
#11811 = LINE('',#11812,#11813);
#11812 = CARTESIAN_POINT('',(22.4,-22.44,-4.6E-02));
#11813 = VECTOR('',#11814,1.);
#11814 = DIRECTION('',(0.,0.,1.));
#11815 = ORIENTED_EDGE('',*,*,#10263,.F.);
#11816 = ORIENTED_EDGE('',*,*,#11810,.F.);
#11817 = CYLINDRICAL_SURFACE('',#11818,0.5);
#11818 = AXIS2_PLACEMENT_3D('',#11819,#11820,#11821);
#11819 = CARTESIAN_POINT('',(22.4,-21.94,-4.6E-02));
#11820 = DIRECTION('',(-0.,-0.,-1.));
#11821 = DIRECTION('',(-0.,-1.,0.));
#11822 = ADVANCED_FACE('',(#11823),#11834,.F.);
#11823 = FACE_BOUND('',#11824,.T.);
#11824 = EDGE_LOOP('',(#11825,#11826,#11832,#11833));
#11825 = ORIENTED_EDGE('',*,*,#9488,.T.);
#11826 = ORIENTED_EDGE('',*,*,#11827,.T.);
#11827 = EDGE_CURVE('',#9489,#10275,#11828,.T.);
#11828 = LINE('',#11829,#11830);
#11829 = CARTESIAN_POINT('',(22.4,-19.9,-4.6E-02));
#11830 = VECTOR('',#11831,1.);
#11831 = DIRECTION('',(0.,0.,1.));
#11832 = ORIENTED_EDGE('',*,*,#10274,.F.);
#11833 = ORIENTED_EDGE('',*,*,#11827,.F.);
#11834 = CYLINDRICAL_SURFACE('',#11835,0.5);
#11835 = AXIS2_PLACEMENT_3D('',#11836,#11837,#11838);
#11836 = CARTESIAN_POINT('',(22.4,-19.4,-4.6E-02));
#11837 = DIRECTION('',(-0.,-0.,-1.));
#11838 = DIRECTION('',(-0.,-1.,0.));
#11839 = ADVANCED_FACE('',(#11840),#11851,.F.);
#11840 = FACE_BOUND('',#11841,.T.);
#11841 = EDGE_LOOP('',(#11842,#11843,#11849,#11850));
#11842 = ORIENTED_EDGE('',*,*,#9499,.T.);
#11843 = ORIENTED_EDGE('',*,*,#11844,.T.);
#11844 = EDGE_CURVE('',#9500,#10286,#11845,.T.);
#11845 = LINE('',#11846,#11847);
#11846 = CARTESIAN_POINT('',(5.9,-6.64,-4.6E-02));
#11847 = VECTOR('',#11848,1.);
#11848 = DIRECTION('',(0.,0.,1.));
#11849 = ORIENTED_EDGE('',*,*,#10285,.F.);
#11850 = ORIENTED_EDGE('',*,*,#11844,.F.);
#11851 = CYLINDRICAL_SURFACE('',#11852,1.35);
#11852 = AXIS2_PLACEMENT_3D('',#11853,#11854,#11855);
#11853 = CARTESIAN_POINT('',(5.9,-5.29,-4.6E-02));
#11854 = DIRECTION('',(-0.,-0.,-1.));
#11855 = DIRECTION('',(-0.,-1.,0.));
#11856 = ADVANCED_FACE('',(#11857),#11868,.F.);
#11857 = FACE_BOUND('',#11858,.T.);
#11858 = EDGE_LOOP('',(#11859,#11860,#11866,#11867));
#11859 = ORIENTED_EDGE('',*,*,#9510,.T.);
#11860 = ORIENTED_EDGE('',*,*,#11861,.T.);
#11861 = EDGE_CURVE('',#9511,#10297,#11862,.T.);
#11862 = LINE('',#11863,#11864);
#11863 = CARTESIAN_POINT('',(10.4,4.46,-4.6E-02));
#11864 = VECTOR('',#11865,1.);
#11865 = DIRECTION('',(0.,0.,1.));
#11866 = ORIENTED_EDGE('',*,*,#10296,.F.);
#11867 = ORIENTED_EDGE('',*,*,#11861,.F.);
#11868 = CYLINDRICAL_SURFACE('',#11869,1.35);
#11869 = AXIS2_PLACEMENT_3D('',#11870,#11871,#11872);
#11870 = CARTESIAN_POINT('',(10.4,5.81,-4.6E-02));
#11871 = DIRECTION('',(-0.,-0.,-1.));
#11872 = DIRECTION('',(-0.,-1.,0.));
#11873 = ADVANCED_FACE('',(#11874),#11885,.F.);
#11874 = FACE_BOUND('',#11875,.T.);
#11875 = EDGE_LOOP('',(#11876,#11877,#11883,#11884));
#11876 = ORIENTED_EDGE('',*,*,#9521,.T.);
#11877 = ORIENTED_EDGE('',*,*,#11878,.T.);
#11878 = EDGE_CURVE('',#9522,#10308,#11879,.T.);
#11879 = LINE('',#11880,#11881);
#11880 = CARTESIAN_POINT('',(16.514,-13.45,-4.6E-02));
#11881 = VECTOR('',#11882,1.);
#11882 = DIRECTION('',(0.,0.,1.));
#11883 = ORIENTED_EDGE('',*,*,#10307,.F.);
#11884 = ORIENTED_EDGE('',*,*,#11878,.F.);
#11885 = CYLINDRICAL_SURFACE('',#11886,1.35);
#11886 = AXIS2_PLACEMENT_3D('',#11887,#11888,#11889);
#11887 = CARTESIAN_POINT('',(16.514,-12.1,-4.6E-02));
#11888 = DIRECTION('',(-0.,-0.,-1.));
#11889 = DIRECTION('',(-0.,-1.,0.));
#11890 = ADVANCED_FACE('',(#11891),#11902,.F.);
#11891 = FACE_BOUND('',#11892,.T.);
#11892 = EDGE_LOOP('',(#11893,#11894,#11900,#11901));
#11893 = ORIENTED_EDGE('',*,*,#9532,.T.);
#11894 = ORIENTED_EDGE('',*,*,#11895,.T.);
#11895 = EDGE_CURVE('',#9533,#10319,#11896,.T.);
#11896 = LINE('',#11897,#11898);
#11897 = CARTESIAN_POINT('',(16.514,-5.7,-4.6E-02));
#11898 = VECTOR('',#11899,1.);
#11899 = DIRECTION('',(0.,0.,1.));
#11900 = ORIENTED_EDGE('',*,*,#10318,.F.);
#11901 = ORIENTED_EDGE('',*,*,#11895,.F.);
#11902 = CYLINDRICAL_SURFACE('',#11903,1.35);
#11903 = AXIS2_PLACEMENT_3D('',#11904,#11905,#11906);
#11904 = CARTESIAN_POINT('',(16.514,-4.35,-4.6E-02));
#11905 = DIRECTION('',(-0.,-0.,-1.));
#11906 = DIRECTION('',(-0.,-1.,0.));
#11907 = ( GEOMETRIC_REPRESENTATION_CONTEXT(3) 
GLOBAL_UNCERTAINTY_ASSIGNED_CONTEXT((#11911)) 
GLOBAL_UNIT_ASSIGNED_CONTEXT((#11908,#11909,#11910)) 
REPRESENTATION_CONTEXT('Context #1',
  '3D Context with UNIT and UNCERTAINTY') );
#11908 = ( LENGTH_UNIT() NAMED_UNIT(*) SI_UNIT(.MILLI.,.METRE.) );
#11909 = ( NAMED_UNIT(*) PLANE_ANGLE_UNIT() SI_UNIT($,.RADIAN.) );
#11910 = ( NAMED_UNIT(*) SI_UNIT($,.STERADIAN.) SOLID_ANGLE_UNIT() );
#11911 = UNCERTAINTY_MEASURE_WITH_UNIT(LENGTH_MEASURE(1.E-07),#11908,
  'distance_accuracy_value','confusion accuracy');
#11912 = CONTEXT_DEPENDENT_SHAPE_REPRESENTATION(#11913,#11915);
#11913 = ( REPRESENTATION_RELATIONSHIP('','',#8654,#10) 
REPRESENTATION_RELATIONSHIP_WITH_TRANSFORMATION(#11914) 
SHAPE_REPRESENTATION_RELATIONSHIP() );
#11914 = ITEM_DEFINED_TRANSFORMATION('','',#11,#203);
#11915 = PRODUCT_DEFINITION_SHAPE('Placement','Placement of an item',
  #11916);
#11916 = NEXT_ASSEMBLY_USAGE_OCCURRENCE('55','=>[0:1:1:16]','',#5,#8649,
  $);
#11917 = PRODUCT_RELATED_PRODUCT_CATEGORY('part',$,(#8651));
#11918 = MECHANICAL_DESIGN_GEOMETRIC_PRESENTATION_REPRESENTATION('',(
    #11919,#11927,#11934,#11941,#11948,#11955,#11962,#11969,#11976,
    #11983,#11990,#11997,#12004,#12011,#12018,#12025,#12032,#12039,
    #12046,#12053,#12060,#12067,#12074,#12082,#12089,#12096,#12103,
    #12110,#12117,#12124,#12131,#12138,#12145,#12152,#12159,#12166,
    #12173,#12180,#12187,#12194,#12201,#12208,#12215,#12222,#12229,
    #12236,#12243,#12250,#12257,#12264,#12271,#12278,#12285,#12292,
    #12299,#12306,#12313,#12320,#12327,#12334,#12341,#12348,#12355,
    #12362,#12369,#12376,#12383,#12390,#12397,#12404,#12411,#12418,
    #12425,#12432,#12439,#12446,#12453,#12460,#12467,#12474,#12481,
    #12488,#12495,#12502,#12509),#6139);
#11919 = STYLED_ITEM('color',(#11920),#3732);
#11920 = PRESENTATION_STYLE_ASSIGNMENT((#11921));
#11921 = SURFACE_STYLE_USAGE(.BOTH.,#11922);
#11922 = SURFACE_SIDE_STYLE('',(#11923));
#11923 = SURFACE_STYLE_FILL_AREA(#11924);
#11924 = FILL_AREA_STYLE('',(#11925));
#11925 = FILL_AREA_STYLE_COLOUR('',#11926);
#11926 = COLOUR_RGB('',0.147999998088,0.144999993226,0.144999993226);
#11927 = STYLED_ITEM('color',(#11928),#3772);
#11928 = PRESENTATION_STYLE_ASSIGNMENT((#11929));
#11929 = SURFACE_STYLE_USAGE(.BOTH.,#11930);
#11930 = SURFACE_SIDE_STYLE('',(#11931));
#11931 = SURFACE_STYLE_FILL_AREA(#11932);
#11932 = FILL_AREA_STYLE('',(#11933));
#11933 = FILL_AREA_STYLE_COLOUR('',#11926);
#11934 = STYLED_ITEM('color',(#11935),#3803);
#11935 = PRESENTATION_STYLE_ASSIGNMENT((#11936));
#11936 = SURFACE_STYLE_USAGE(.BOTH.,#11937);
#11937 = SURFACE_SIDE_STYLE('',(#11938));
#11938 = SURFACE_STYLE_FILL_AREA(#11939);
#11939 = FILL_AREA_STYLE('',(#11940));
#11940 = FILL_AREA_STYLE_COLOUR('',#11926);
#11941 = STYLED_ITEM('color',(#11942),#3834);
#11942 = PRESENTATION_STYLE_ASSIGNMENT((#11943));
#11943 = SURFACE_STYLE_USAGE(.BOTH.,#11944);
#11944 = SURFACE_SIDE_STYLE('',(#11945));
#11945 = SURFACE_STYLE_FILL_AREA(#11946);
#11946 = FILL_AREA_STYLE('',(#11947));
#11947 = FILL_AREA_STYLE_COLOUR('',#11926);
#11948 = STYLED_ITEM('color',(#11949),#4081);
#11949 = PRESENTATION_STYLE_ASSIGNMENT((#11950));
#11950 = SURFACE_STYLE_USAGE(.BOTH.,#11951);
#11951 = SURFACE_SIDE_STYLE('',(#11952));
#11952 = SURFACE_STYLE_FILL_AREA(#11953);
#11953 = FILL_AREA_STYLE('',(#11954));
#11954 = FILL_AREA_STYLE_COLOUR('',#11926);
#11955 = STYLED_ITEM('color',(#11956),#4328);
#11956 = PRESENTATION_STYLE_ASSIGNMENT((#11957));
#11957 = SURFACE_STYLE_USAGE(.BOTH.,#11958);
#11958 = SURFACE_SIDE_STYLE('',(#11959));
#11959 = SURFACE_STYLE_FILL_AREA(#11960);
#11960 = FILL_AREA_STYLE('',(#11961));
#11961 = FILL_AREA_STYLE_COLOUR('',#11926);
#11962 = STYLED_ITEM('color',(#11963),#4345);
#11963 = PRESENTATION_STYLE_ASSIGNMENT((#11964));
#11964 = SURFACE_STYLE_USAGE(.BOTH.,#11965);
#11965 = SURFACE_SIDE_STYLE('',(#11966));
#11966 = SURFACE_STYLE_FILL_AREA(#11967);
#11967 = FILL_AREA_STYLE('',(#11968));
#11968 = FILL_AREA_STYLE_COLOUR('',#11926);
#11969 = STYLED_ITEM('color',(#11970),#4362);
#11970 = PRESENTATION_STYLE_ASSIGNMENT((#11971));
#11971 = SURFACE_STYLE_USAGE(.BOTH.,#11972);
#11972 = SURFACE_SIDE_STYLE('',(#11973));
#11973 = SURFACE_STYLE_FILL_AREA(#11974);
#11974 = FILL_AREA_STYLE('',(#11975));
#11975 = FILL_AREA_STYLE_COLOUR('',#11926);
#11976 = STYLED_ITEM('color',(#11977),#4379);
#11977 = PRESENTATION_STYLE_ASSIGNMENT((#11978));
#11978 = SURFACE_STYLE_USAGE(.BOTH.,#11979);
#11979 = SURFACE_SIDE_STYLE('',(#11980));
#11980 = SURFACE_STYLE_FILL_AREA(#11981);
#11981 = FILL_AREA_STYLE('',(#11982));
#11982 = FILL_AREA_STYLE_COLOUR('',#11926);
#11983 = STYLED_ITEM('color',(#11984),#4396);
#11984 = PRESENTATION_STYLE_ASSIGNMENT((#11985));
#11985 = SURFACE_STYLE_USAGE(.BOTH.,#11986);
#11986 = SURFACE_SIDE_STYLE('',(#11987));
#11987 = SURFACE_STYLE_FILL_AREA(#11988);
#11988 = FILL_AREA_STYLE('',(#11989));
#11989 = FILL_AREA_STYLE_COLOUR('',#11926);
#11990 = STYLED_ITEM('color',(#11991),#4413);
#11991 = PRESENTATION_STYLE_ASSIGNMENT((#11992));
#11992 = SURFACE_STYLE_USAGE(.BOTH.,#11993);
#11993 = SURFACE_SIDE_STYLE('',(#11994));
#11994 = SURFACE_STYLE_FILL_AREA(#11995);
#11995 = FILL_AREA_STYLE('',(#11996));
#11996 = FILL_AREA_STYLE_COLOUR('',#11926);
#11997 = STYLED_ITEM('color',(#11998),#4430);
#11998 = PRESENTATION_STYLE_ASSIGNMENT((#11999));
#11999 = SURFACE_STYLE_USAGE(.BOTH.,#12000);
#12000 = SURFACE_SIDE_STYLE('',(#12001));
#12001 = SURFACE_STYLE_FILL_AREA(#12002);
#12002 = FILL_AREA_STYLE('',(#12003));
#12003 = FILL_AREA_STYLE_COLOUR('',#11926);
#12004 = STYLED_ITEM('color',(#12005),#4447);
#12005 = PRESENTATION_STYLE_ASSIGNMENT((#12006));
#12006 = SURFACE_STYLE_USAGE(.BOTH.,#12007);
#12007 = SURFACE_SIDE_STYLE('',(#12008));
#12008 = SURFACE_STYLE_FILL_AREA(#12009);
#12009 = FILL_AREA_STYLE('',(#12010));
#12010 = FILL_AREA_STYLE_COLOUR('',#11926);
#12011 = STYLED_ITEM('color',(#12012),#4464);
#12012 = PRESENTATION_STYLE_ASSIGNMENT((#12013));
#12013 = SURFACE_STYLE_USAGE(.BOTH.,#12014);
#12014 = SURFACE_SIDE_STYLE('',(#12015));
#12015 = SURFACE_STYLE_FILL_AREA(#12016);
#12016 = FILL_AREA_STYLE('',(#12017));
#12017 = FILL_AREA_STYLE_COLOUR('',#11926);
#12018 = STYLED_ITEM('color',(#12019),#4481);
#12019 = PRESENTATION_STYLE_ASSIGNMENT((#12020));
#12020 = SURFACE_STYLE_USAGE(.BOTH.,#12021);
#12021 = SURFACE_SIDE_STYLE('',(#12022));
#12022 = SURFACE_STYLE_FILL_AREA(#12023);
#12023 = FILL_AREA_STYLE('',(#12024));
#12024 = FILL_AREA_STYLE_COLOUR('',#11926);
#12025 = STYLED_ITEM('color',(#12026),#4498);
#12026 = PRESENTATION_STYLE_ASSIGNMENT((#12027));
#12027 = SURFACE_STYLE_USAGE(.BOTH.,#12028);
#12028 = SURFACE_SIDE_STYLE('',(#12029));
#12029 = SURFACE_STYLE_FILL_AREA(#12030);
#12030 = FILL_AREA_STYLE('',(#12031));
#12031 = FILL_AREA_STYLE_COLOUR('',#11926);
#12032 = STYLED_ITEM('color',(#12033),#4515);
#12033 = PRESENTATION_STYLE_ASSIGNMENT((#12034));
#12034 = SURFACE_STYLE_USAGE(.BOTH.,#12035);
#12035 = SURFACE_SIDE_STYLE('',(#12036));
#12036 = SURFACE_STYLE_FILL_AREA(#12037);
#12037 = FILL_AREA_STYLE('',(#12038));
#12038 = FILL_AREA_STYLE_COLOUR('',#11926);
#12039 = STYLED_ITEM('color',(#12040),#4532);
#12040 = PRESENTATION_STYLE_ASSIGNMENT((#12041));
#12041 = SURFACE_STYLE_USAGE(.BOTH.,#12042);
#12042 = SURFACE_SIDE_STYLE('',(#12043));
#12043 = SURFACE_STYLE_FILL_AREA(#12044);
#12044 = FILL_AREA_STYLE('',(#12045));
#12045 = FILL_AREA_STYLE_COLOUR('',#11926);
#12046 = STYLED_ITEM('color',(#12047),#4549);
#12047 = PRESENTATION_STYLE_ASSIGNMENT((#12048));
#12048 = SURFACE_STYLE_USAGE(.BOTH.,#12049);
#12049 = SURFACE_SIDE_STYLE('',(#12050));
#12050 = SURFACE_STYLE_FILL_AREA(#12051);
#12051 = FILL_AREA_STYLE('',(#12052));
#12052 = FILL_AREA_STYLE_COLOUR('',#11926);
#12053 = STYLED_ITEM('color',(#12054),#4566);
#12054 = PRESENTATION_STYLE_ASSIGNMENT((#12055));
#12055 = SURFACE_STYLE_USAGE(.BOTH.,#12056);
#12056 = SURFACE_SIDE_STYLE('',(#12057));
#12057 = SURFACE_STYLE_FILL_AREA(#12058);
#12058 = FILL_AREA_STYLE('',(#12059));
#12059 = FILL_AREA_STYLE_COLOUR('',#11926);
#12060 = STYLED_ITEM('color',(#12061),#4583);
#12061 = PRESENTATION_STYLE_ASSIGNMENT((#12062));
#12062 = SURFACE_STYLE_USAGE(.BOTH.,#12063);
#12063 = SURFACE_SIDE_STYLE('',(#12064));
#12064 = SURFACE_STYLE_FILL_AREA(#12065);
#12065 = FILL_AREA_STYLE('',(#12066));
#12066 = FILL_AREA_STYLE_COLOUR('',#11926);
#12067 = STYLED_ITEM('color',(#12068),#4600);
#12068 = PRESENTATION_STYLE_ASSIGNMENT((#12069));
#12069 = SURFACE_STYLE_USAGE(.BOTH.,#12070);
#12070 = SURFACE_SIDE_STYLE('',(#12071));
#12071 = SURFACE_STYLE_FILL_AREA(#12072);
#12072 = FILL_AREA_STYLE('',(#12073));
#12073 = FILL_AREA_STYLE_COLOUR('',#11926);
#12074 = STYLED_ITEM('color',(#12075),#4612);
#12075 = PRESENTATION_STYLE_ASSIGNMENT((#12076));
#12076 = SURFACE_STYLE_USAGE(.BOTH.,#12077);
#12077 = SURFACE_SIDE_STYLE('',(#12078));
#12078 = SURFACE_STYLE_FILL_AREA(#12079);
#12079 = FILL_AREA_STYLE('',(#12080));
#12080 = FILL_AREA_STYLE_COLOUR('',#12081);
#12081 = COLOUR_RGB('',0.859000020776,0.737999965183,0.495999988746);
#12082 = STYLED_ITEM('color',(#12083),#4643);
#12083 = PRESENTATION_STYLE_ASSIGNMENT((#12084));
#12084 = SURFACE_STYLE_USAGE(.BOTH.,#12085);
#12085 = SURFACE_SIDE_STYLE('',(#12086));
#12086 = SURFACE_STYLE_FILL_AREA(#12087);
#12087 = FILL_AREA_STYLE('',(#12088));
#12088 = FILL_AREA_STYLE_COLOUR('',#12081);
#12089 = STYLED_ITEM('color',(#12090),#4692);
#12090 = PRESENTATION_STYLE_ASSIGNMENT((#12091));
#12091 = SURFACE_STYLE_USAGE(.BOTH.,#12092);
#12092 = SURFACE_SIDE_STYLE('',(#12093));
#12093 = SURFACE_STYLE_FILL_AREA(#12094);
#12094 = FILL_AREA_STYLE('',(#12095));
#12095 = FILL_AREA_STYLE_COLOUR('',#12081);
#12096 = STYLED_ITEM('color',(#12097),#4716);
#12097 = PRESENTATION_STYLE_ASSIGNMENT((#12098));
#12098 = SURFACE_STYLE_USAGE(.BOTH.,#12099);
#12099 = SURFACE_SIDE_STYLE('',(#12100));
#12100 = SURFACE_STYLE_FILL_AREA(#12101);
#12101 = FILL_AREA_STYLE('',(#12102));
#12102 = FILL_AREA_STYLE_COLOUR('',#12081);
#12103 = STYLED_ITEM('color',(#12104),#4758);
#12104 = PRESENTATION_STYLE_ASSIGNMENT((#12105));
#12105 = SURFACE_STYLE_USAGE(.BOTH.,#12106);
#12106 = SURFACE_SIDE_STYLE('',(#12107));
#12107 = SURFACE_STYLE_FILL_AREA(#12108);
#12108 = FILL_AREA_STYLE('',(#12109));
#12109 = FILL_AREA_STYLE_COLOUR('',#12081);
#12110 = STYLED_ITEM('color',(#12111),#4789);
#12111 = PRESENTATION_STYLE_ASSIGNMENT((#12112));
#12112 = SURFACE_STYLE_USAGE(.BOTH.,#12113);
#12113 = SURFACE_SIDE_STYLE('',(#12114));
#12114 = SURFACE_STYLE_FILL_AREA(#12115);
#12115 = FILL_AREA_STYLE('',(#12116));
#12116 = FILL_AREA_STYLE_COLOUR('',#12081);
#12117 = STYLED_ITEM('color',(#12118),#4838);
#12118 = PRESENTATION_STYLE_ASSIGNMENT((#12119));
#12119 = SURFACE_STYLE_USAGE(.BOTH.,#12120);
#12120 = SURFACE_SIDE_STYLE('',(#12121));
#12121 = SURFACE_STYLE_FILL_AREA(#12122);
#12122 = FILL_AREA_STYLE('',(#12123));
#12123 = FILL_AREA_STYLE_COLOUR('',#12081);
#12124 = STYLED_ITEM('color',(#12125),#4862);
#12125 = PRESENTATION_STYLE_ASSIGNMENT((#12126));
#12126 = SURFACE_STYLE_USAGE(.BOTH.,#12127);
#12127 = SURFACE_SIDE_STYLE('',(#12128));
#12128 = SURFACE_STYLE_FILL_AREA(#12129);
#12129 = FILL_AREA_STYLE('',(#12130));
#12130 = FILL_AREA_STYLE_COLOUR('',#12081);
#12131 = STYLED_ITEM('color',(#12132),#4904);
#12132 = PRESENTATION_STYLE_ASSIGNMENT((#12133));
#12133 = SURFACE_STYLE_USAGE(.BOTH.,#12134);
#12134 = SURFACE_SIDE_STYLE('',(#12135));
#12135 = SURFACE_STYLE_FILL_AREA(#12136);
#12136 = FILL_AREA_STYLE('',(#12137));
#12137 = FILL_AREA_STYLE_COLOUR('',#12081);
#12138 = STYLED_ITEM('color',(#12139),#4935);
#12139 = PRESENTATION_STYLE_ASSIGNMENT((#12140));
#12140 = SURFACE_STYLE_USAGE(.BOTH.,#12141);
#12141 = SURFACE_SIDE_STYLE('',(#12142));
#12142 = SURFACE_STYLE_FILL_AREA(#12143);
#12143 = FILL_AREA_STYLE('',(#12144));
#12144 = FILL_AREA_STYLE_COLOUR('',#12081);
#12145 = STYLED_ITEM('color',(#12146),#4984);
#12146 = PRESENTATION_STYLE_ASSIGNMENT((#12147));
#12147 = SURFACE_STYLE_USAGE(.BOTH.,#12148);
#12148 = SURFACE_SIDE_STYLE('',(#12149));
#12149 = SURFACE_STYLE_FILL_AREA(#12150);
#12150 = FILL_AREA_STYLE('',(#12151));
#12151 = FILL_AREA_STYLE_COLOUR('',#12081);
#12152 = STYLED_ITEM('color',(#12153),#5008);
#12153 = PRESENTATION_STYLE_ASSIGNMENT((#12154));
#12154 = SURFACE_STYLE_USAGE(.BOTH.,#12155);
#12155 = SURFACE_SIDE_STYLE('',(#12156));
#12156 = SURFACE_STYLE_FILL_AREA(#12157);
#12157 = FILL_AREA_STYLE('',(#12158));
#12158 = FILL_AREA_STYLE_COLOUR('',#12081);
#12159 = STYLED_ITEM('color',(#12160),#5050);
#12160 = PRESENTATION_STYLE_ASSIGNMENT((#12161));
#12161 = SURFACE_STYLE_USAGE(.BOTH.,#12162);
#12162 = SURFACE_SIDE_STYLE('',(#12163));
#12163 = SURFACE_STYLE_FILL_AREA(#12164);
#12164 = FILL_AREA_STYLE('',(#12165));
#12165 = FILL_AREA_STYLE_COLOUR('',#12081);
#12166 = STYLED_ITEM('color',(#12167),#5081);
#12167 = PRESENTATION_STYLE_ASSIGNMENT((#12168));
#12168 = SURFACE_STYLE_USAGE(.BOTH.,#12169);
#12169 = SURFACE_SIDE_STYLE('',(#12170));
#12170 = SURFACE_STYLE_FILL_AREA(#12171);
#12171 = FILL_AREA_STYLE('',(#12172));
#12172 = FILL_AREA_STYLE_COLOUR('',#12081);
#12173 = STYLED_ITEM('color',(#12174),#5105);
#12174 = PRESENTATION_STYLE_ASSIGNMENT((#12175));
#12175 = SURFACE_STYLE_USAGE(.BOTH.,#12176);
#12176 = SURFACE_SIDE_STYLE('',(#12177));
#12177 = SURFACE_STYLE_FILL_AREA(#12178);
#12178 = FILL_AREA_STYLE('',(#12179));
#12179 = FILL_AREA_STYLE_COLOUR('',#12081);
#12180 = STYLED_ITEM('color',(#12181),#5129);
#12181 = PRESENTATION_STYLE_ASSIGNMENT((#12182));
#12182 = SURFACE_STYLE_USAGE(.BOTH.,#12183);
#12183 = SURFACE_SIDE_STYLE('',(#12184));
#12184 = SURFACE_STYLE_FILL_AREA(#12185);
#12185 = FILL_AREA_STYLE('',(#12186));
#12186 = FILL_AREA_STYLE_COLOUR('',#12081);
#12187 = STYLED_ITEM('color',(#12188),#5146);
#12188 = PRESENTATION_STYLE_ASSIGNMENT((#12189));
#12189 = SURFACE_STYLE_USAGE(.BOTH.,#12190);
#12190 = SURFACE_SIDE_STYLE('',(#12191));
#12191 = SURFACE_STYLE_FILL_AREA(#12192);
#12192 = FILL_AREA_STYLE('',(#12193));
#12193 = FILL_AREA_STYLE_COLOUR('',#12081);
#12194 = STYLED_ITEM('color',(#12195),#5177);
#12195 = PRESENTATION_STYLE_ASSIGNMENT((#12196));
#12196 = SURFACE_STYLE_USAGE(.BOTH.,#12197);
#12197 = SURFACE_SIDE_STYLE('',(#12198));
#12198 = SURFACE_STYLE_FILL_AREA(#12199);
#12199 = FILL_AREA_STYLE('',(#12200));
#12200 = FILL_AREA_STYLE_COLOUR('',#12081);
#12201 = STYLED_ITEM('color',(#12202),#5201);
#12202 = PRESENTATION_STYLE_ASSIGNMENT((#12203));
#12203 = SURFACE_STYLE_USAGE(.BOTH.,#12204);
#12204 = SURFACE_SIDE_STYLE('',(#12205));
#12205 = SURFACE_STYLE_FILL_AREA(#12206);
#12206 = FILL_AREA_STYLE('',(#12207));
#12207 = FILL_AREA_STYLE_COLOUR('',#12081);
#12208 = STYLED_ITEM('color',(#12209),#5225);
#12209 = PRESENTATION_STYLE_ASSIGNMENT((#12210));
#12210 = SURFACE_STYLE_USAGE(.BOTH.,#12211);
#12211 = SURFACE_SIDE_STYLE('',(#12212));
#12212 = SURFACE_STYLE_FILL_AREA(#12213);
#12213 = FILL_AREA_STYLE('',(#12214));
#12214 = FILL_AREA_STYLE_COLOUR('',#12081);
#12215 = STYLED_ITEM('color',(#12216),#5242);
#12216 = PRESENTATION_STYLE_ASSIGNMENT((#12217));
#12217 = SURFACE_STYLE_USAGE(.BOTH.,#12218);
#12218 = SURFACE_SIDE_STYLE('',(#12219));
#12219 = SURFACE_STYLE_FILL_AREA(#12220);
#12220 = FILL_AREA_STYLE('',(#12221));
#12221 = FILL_AREA_STYLE_COLOUR('',#12081);
#12222 = STYLED_ITEM('color',(#12223),#5273);
#12223 = PRESENTATION_STYLE_ASSIGNMENT((#12224));
#12224 = SURFACE_STYLE_USAGE(.BOTH.,#12225);
#12225 = SURFACE_SIDE_STYLE('',(#12226));
#12226 = SURFACE_STYLE_FILL_AREA(#12227);
#12227 = FILL_AREA_STYLE('',(#12228));
#12228 = FILL_AREA_STYLE_COLOUR('',#12081);
#12229 = STYLED_ITEM('color',(#12230),#5297);
#12230 = PRESENTATION_STYLE_ASSIGNMENT((#12231));
#12231 = SURFACE_STYLE_USAGE(.BOTH.,#12232);
#12232 = SURFACE_SIDE_STYLE('',(#12233));
#12233 = SURFACE_STYLE_FILL_AREA(#12234);
#12234 = FILL_AREA_STYLE('',(#12235));
#12235 = FILL_AREA_STYLE_COLOUR('',#12081);
#12236 = STYLED_ITEM('color',(#12237),#5321);
#12237 = PRESENTATION_STYLE_ASSIGNMENT((#12238));
#12238 = SURFACE_STYLE_USAGE(.BOTH.,#12239);
#12239 = SURFACE_SIDE_STYLE('',(#12240));
#12240 = SURFACE_STYLE_FILL_AREA(#12241);
#12241 = FILL_AREA_STYLE('',(#12242));
#12242 = FILL_AREA_STYLE_COLOUR('',#12081);
#12243 = STYLED_ITEM('color',(#12244),#5338);
#12244 = PRESENTATION_STYLE_ASSIGNMENT((#12245));
#12245 = SURFACE_STYLE_USAGE(.BOTH.,#12246);
#12246 = SURFACE_SIDE_STYLE('',(#12247));
#12247 = SURFACE_STYLE_FILL_AREA(#12248);
#12248 = FILL_AREA_STYLE('',(#12249));
#12249 = FILL_AREA_STYLE_COLOUR('',#12081);
#12250 = STYLED_ITEM('color',(#12251),#5355);
#12251 = PRESENTATION_STYLE_ASSIGNMENT((#12252));
#12252 = SURFACE_STYLE_USAGE(.BOTH.,#12253);
#12253 = SURFACE_SIDE_STYLE('',(#12254));
#12254 = SURFACE_STYLE_FILL_AREA(#12255);
#12255 = FILL_AREA_STYLE('',(#12256));
#12256 = FILL_AREA_STYLE_COLOUR('',#12081);
#12257 = STYLED_ITEM('color',(#12258),#5372);
#12258 = PRESENTATION_STYLE_ASSIGNMENT((#12259));
#12259 = SURFACE_STYLE_USAGE(.BOTH.,#12260);
#12260 = SURFACE_SIDE_STYLE('',(#12261));
#12261 = SURFACE_STYLE_FILL_AREA(#12262);
#12262 = FILL_AREA_STYLE('',(#12263));
#12263 = FILL_AREA_STYLE_COLOUR('',#12081);
#12264 = STYLED_ITEM('color',(#12265),#5403);
#12265 = PRESENTATION_STYLE_ASSIGNMENT((#12266));
#12266 = SURFACE_STYLE_USAGE(.BOTH.,#12267);
#12267 = SURFACE_SIDE_STYLE('',(#12268));
#12268 = SURFACE_STYLE_FILL_AREA(#12269);
#12269 = FILL_AREA_STYLE('',(#12270));
#12270 = FILL_AREA_STYLE_COLOUR('',#12081);
#12271 = STYLED_ITEM('color',(#12272),#5420);
#12272 = PRESENTATION_STYLE_ASSIGNMENT((#12273));
#12273 = SURFACE_STYLE_USAGE(.BOTH.,#12274);
#12274 = SURFACE_SIDE_STYLE('',(#12275));
#12275 = SURFACE_STYLE_FILL_AREA(#12276);
#12276 = FILL_AREA_STYLE('',(#12277));
#12277 = FILL_AREA_STYLE_COLOUR('',#12081);
#12278 = STYLED_ITEM('color',(#12279),#5451);
#12279 = PRESENTATION_STYLE_ASSIGNMENT((#12280));
#12280 = SURFACE_STYLE_USAGE(.BOTH.,#12281);
#12281 = SURFACE_SIDE_STYLE('',(#12282));
#12282 = SURFACE_STYLE_FILL_AREA(#12283);
#12283 = FILL_AREA_STYLE('',(#12284));
#12284 = FILL_AREA_STYLE_COLOUR('',#12081);
#12285 = STYLED_ITEM('color',(#12286),#5468);
#12286 = PRESENTATION_STYLE_ASSIGNMENT((#12287));
#12287 = SURFACE_STYLE_USAGE(.BOTH.,#12288);
#12288 = SURFACE_SIDE_STYLE('',(#12289));
#12289 = SURFACE_STYLE_FILL_AREA(#12290);
#12290 = FILL_AREA_STYLE('',(#12291));
#12291 = FILL_AREA_STYLE_COLOUR('',#12081);
#12292 = STYLED_ITEM('color',(#12293),#5485);
#12293 = PRESENTATION_STYLE_ASSIGNMENT((#12294));
#12294 = SURFACE_STYLE_USAGE(.BOTH.,#12295);
#12295 = SURFACE_SIDE_STYLE('',(#12296));
#12296 = SURFACE_STYLE_FILL_AREA(#12297);
#12297 = FILL_AREA_STYLE('',(#12298));
#12298 = FILL_AREA_STYLE_COLOUR('',#12081);
#12299 = STYLED_ITEM('color',(#12300),#5502);
#12300 = PRESENTATION_STYLE_ASSIGNMENT((#12301));
#12301 = SURFACE_STYLE_USAGE(.BOTH.,#12302);
#12302 = SURFACE_SIDE_STYLE('',(#12303));
#12303 = SURFACE_STYLE_FILL_AREA(#12304);
#12304 = FILL_AREA_STYLE('',(#12305));
#12305 = FILL_AREA_STYLE_COLOUR('',#12081);
#12306 = STYLED_ITEM('color',(#12307),#5533);
#12307 = PRESENTATION_STYLE_ASSIGNMENT((#12308));
#12308 = SURFACE_STYLE_USAGE(.BOTH.,#12309);
#12309 = SURFACE_SIDE_STYLE('',(#12310));
#12310 = SURFACE_STYLE_FILL_AREA(#12311);
#12311 = FILL_AREA_STYLE('',(#12312));
#12312 = FILL_AREA_STYLE_COLOUR('',#12081);
#12313 = STYLED_ITEM('color',(#12314),#5564);
#12314 = PRESENTATION_STYLE_ASSIGNMENT((#12315));
#12315 = SURFACE_STYLE_USAGE(.BOTH.,#12316);
#12316 = SURFACE_SIDE_STYLE('',(#12317));
#12317 = SURFACE_STYLE_FILL_AREA(#12318);
#12318 = FILL_AREA_STYLE('',(#12319));
#12319 = FILL_AREA_STYLE_COLOUR('',#12081);
#12320 = STYLED_ITEM('color',(#12321),#5581);
#12321 = PRESENTATION_STYLE_ASSIGNMENT((#12322));
#12322 = SURFACE_STYLE_USAGE(.BOTH.,#12323);
#12323 = SURFACE_SIDE_STYLE('',(#12324));
#12324 = SURFACE_STYLE_FILL_AREA(#12325);
#12325 = FILL_AREA_STYLE('',(#12326));
#12326 = FILL_AREA_STYLE_COLOUR('',#12081);
#12327 = STYLED_ITEM('color',(#12328),#5598);
#12328 = PRESENTATION_STYLE_ASSIGNMENT((#12329));
#12329 = SURFACE_STYLE_USAGE(.BOTH.,#12330);
#12330 = SURFACE_SIDE_STYLE('',(#12331));
#12331 = SURFACE_STYLE_FILL_AREA(#12332);
#12332 = FILL_AREA_STYLE('',(#12333));
#12333 = FILL_AREA_STYLE_COLOUR('',#12081);
#12334 = STYLED_ITEM('color',(#12335),#5615);
#12335 = PRESENTATION_STYLE_ASSIGNMENT((#12336));
#12336 = SURFACE_STYLE_USAGE(.BOTH.,#12337);
#12337 = SURFACE_SIDE_STYLE('',(#12338));
#12338 = SURFACE_STYLE_FILL_AREA(#12339);
#12339 = FILL_AREA_STYLE('',(#12340));
#12340 = FILL_AREA_STYLE_COLOUR('',#12081);
#12341 = STYLED_ITEM('color',(#12342),#5646);
#12342 = PRESENTATION_STYLE_ASSIGNMENT((#12343));
#12343 = SURFACE_STYLE_USAGE(.BOTH.,#12344);
#12344 = SURFACE_SIDE_STYLE('',(#12345));
#12345 = SURFACE_STYLE_FILL_AREA(#12346);
#12346 = FILL_AREA_STYLE('',(#12347));
#12347 = FILL_AREA_STYLE_COLOUR('',#12081);
#12348 = STYLED_ITEM('color',(#12349),#5677);
#12349 = PRESENTATION_STYLE_ASSIGNMENT((#12350));
#12350 = SURFACE_STYLE_USAGE(.BOTH.,#12351);
#12351 = SURFACE_SIDE_STYLE('',(#12352));
#12352 = SURFACE_STYLE_FILL_AREA(#12353);
#12353 = FILL_AREA_STYLE('',(#12354));
#12354 = FILL_AREA_STYLE_COLOUR('',#12081);
#12355 = STYLED_ITEM('color',(#12356),#5708);
#12356 = PRESENTATION_STYLE_ASSIGNMENT((#12357));
#12357 = SURFACE_STYLE_USAGE(.BOTH.,#12358);
#12358 = SURFACE_SIDE_STYLE('',(#12359));
#12359 = SURFACE_STYLE_FILL_AREA(#12360);
#12360 = FILL_AREA_STYLE('',(#12361));
#12361 = FILL_AREA_STYLE_COLOUR('',#12081);
#12362 = STYLED_ITEM('color',(#12363),#5732);
#12363 = PRESENTATION_STYLE_ASSIGNMENT((#12364));
#12364 = SURFACE_STYLE_USAGE(.BOTH.,#12365);
#12365 = SURFACE_SIDE_STYLE('',(#12366));
#12366 = SURFACE_STYLE_FILL_AREA(#12367);
#12367 = FILL_AREA_STYLE('',(#12368));
#12368 = FILL_AREA_STYLE_COLOUR('',#12081);
#12369 = STYLED_ITEM('color',(#12370),#5756);
#12370 = PRESENTATION_STYLE_ASSIGNMENT((#12371));
#12371 = SURFACE_STYLE_USAGE(.BOTH.,#12372);
#12372 = SURFACE_SIDE_STYLE('',(#12373));
#12373 = SURFACE_STYLE_FILL_AREA(#12374);
#12374 = FILL_AREA_STYLE('',(#12375));
#12375 = FILL_AREA_STYLE_COLOUR('',#12081);
#12376 = STYLED_ITEM('color',(#12377),#5773);
#12377 = PRESENTATION_STYLE_ASSIGNMENT((#12378));
#12378 = SURFACE_STYLE_USAGE(.BOTH.,#12379);
#12379 = SURFACE_SIDE_STYLE('',(#12380));
#12380 = SURFACE_STYLE_FILL_AREA(#12381);
#12381 = FILL_AREA_STYLE('',(#12382));
#12382 = FILL_AREA_STYLE_COLOUR('',#12081);
#12383 = STYLED_ITEM('color',(#12384),#5804);
#12384 = PRESENTATION_STYLE_ASSIGNMENT((#12385));
#12385 = SURFACE_STYLE_USAGE(.BOTH.,#12386);
#12386 = SURFACE_SIDE_STYLE('',(#12387));
#12387 = SURFACE_STYLE_FILL_AREA(#12388);
#12388 = FILL_AREA_STYLE('',(#12389));
#12389 = FILL_AREA_STYLE_COLOUR('',#12081);
#12390 = STYLED_ITEM('color',(#12391),#5828);
#12391 = PRESENTATION_STYLE_ASSIGNMENT((#12392));
#12392 = SURFACE_STYLE_USAGE(.BOTH.,#12393);
#12393 = SURFACE_SIDE_STYLE('',(#12394));
#12394 = SURFACE_STYLE_FILL_AREA(#12395);
#12395 = FILL_AREA_STYLE('',(#12396));
#12396 = FILL_AREA_STYLE_COLOUR('',#12081);
#12397 = STYLED_ITEM('color',(#12398),#5852);
#12398 = PRESENTATION_STYLE_ASSIGNMENT((#12399));
#12399 = SURFACE_STYLE_USAGE(.BOTH.,#12400);
#12400 = SURFACE_SIDE_STYLE('',(#12401));
#12401 = SURFACE_STYLE_FILL_AREA(#12402);
#12402 = FILL_AREA_STYLE('',(#12403));
#12403 = FILL_AREA_STYLE_COLOUR('',#12081);
#12404 = STYLED_ITEM('color',(#12405),#5869);
#12405 = PRESENTATION_STYLE_ASSIGNMENT((#12406));
#12406 = SURFACE_STYLE_USAGE(.BOTH.,#12407);
#12407 = SURFACE_SIDE_STYLE('',(#12408));
#12408 = SURFACE_STYLE_FILL_AREA(#12409);
#12409 = FILL_AREA_STYLE('',(#12410));
#12410 = FILL_AREA_STYLE_COLOUR('',#12081);
#12411 = STYLED_ITEM('color',(#12412),#5900);
#12412 = PRESENTATION_STYLE_ASSIGNMENT((#12413));
#12413 = SURFACE_STYLE_USAGE(.BOTH.,#12414);
#12414 = SURFACE_SIDE_STYLE('',(#12415));
#12415 = SURFACE_STYLE_FILL_AREA(#12416);
#12416 = FILL_AREA_STYLE('',(#12417));
#12417 = FILL_AREA_STYLE_COLOUR('',#12081);
#12418 = STYLED_ITEM('color',(#12419),#5924);
#12419 = PRESENTATION_STYLE_ASSIGNMENT((#12420));
#12420 = SURFACE_STYLE_USAGE(.BOTH.,#12421);
#12421 = SURFACE_SIDE_STYLE('',(#12422));
#12422 = SURFACE_STYLE_FILL_AREA(#12423);
#12423 = FILL_AREA_STYLE('',(#12424));
#12424 = FILL_AREA_STYLE_COLOUR('',#12081);
#12425 = STYLED_ITEM('color',(#12426),#5948);
#12426 = PRESENTATION_STYLE_ASSIGNMENT((#12427));
#12427 = SURFACE_STYLE_USAGE(.BOTH.,#12428);
#12428 = SURFACE_SIDE_STYLE('',(#12429));
#12429 = SURFACE_STYLE_FILL_AREA(#12430);
#12430 = FILL_AREA_STYLE('',(#12431));
#12431 = FILL_AREA_STYLE_COLOUR('',#12081);
#12432 = STYLED_ITEM('color',(#12433),#5965);
#12433 = PRESENTATION_STYLE_ASSIGNMENT((#12434));
#12434 = SURFACE_STYLE_USAGE(.BOTH.,#12435);
#12435 = SURFACE_SIDE_STYLE('',(#12436));
#12436 = SURFACE_STYLE_FILL_AREA(#12437);
#12437 = FILL_AREA_STYLE('',(#12438));
#12438 = FILL_AREA_STYLE_COLOUR('',#12081);
#12439 = STYLED_ITEM('color',(#12440),#5982);
#12440 = PRESENTATION_STYLE_ASSIGNMENT((#12441));
#12441 = SURFACE_STYLE_USAGE(.BOTH.,#12442);
#12442 = SURFACE_SIDE_STYLE('',(#12443));
#12443 = SURFACE_STYLE_FILL_AREA(#12444);
#12444 = FILL_AREA_STYLE('',(#12445));
#12445 = FILL_AREA_STYLE_COLOUR('',#12081);
#12446 = STYLED_ITEM('color',(#12447),#5999);
#12447 = PRESENTATION_STYLE_ASSIGNMENT((#12448));
#12448 = SURFACE_STYLE_USAGE(.BOTH.,#12449);
#12449 = SURFACE_SIDE_STYLE('',(#12450));
#12450 = SURFACE_STYLE_FILL_AREA(#12451);
#12451 = FILL_AREA_STYLE('',(#12452));
#12452 = FILL_AREA_STYLE_COLOUR('',#12081);
#12453 = STYLED_ITEM('color',(#12454),#6011);
#12454 = PRESENTATION_STYLE_ASSIGNMENT((#12455));
#12455 = SURFACE_STYLE_USAGE(.BOTH.,#12456);
#12456 = SURFACE_SIDE_STYLE('',(#12457));
#12457 = SURFACE_STYLE_FILL_AREA(#12458);
#12458 = FILL_AREA_STYLE('',(#12459));
#12459 = FILL_AREA_STYLE_COLOUR('',#12081);
#12460 = STYLED_ITEM('color',(#12461),#6028);
#12461 = PRESENTATION_STYLE_ASSIGNMENT((#12462));
#12462 = SURFACE_STYLE_USAGE(.BOTH.,#12463);
#12463 = SURFACE_SIDE_STYLE('',(#12464));
#12464 = SURFACE_STYLE_FILL_AREA(#12465);
#12465 = FILL_AREA_STYLE('',(#12466));
#12466 = FILL_AREA_STYLE_COLOUR('',#12081);
#12467 = STYLED_ITEM('color',(#12468),#6045);
#12468 = PRESENTATION_STYLE_ASSIGNMENT((#12469));
#12469 = SURFACE_STYLE_USAGE(.BOTH.,#12470);
#12470 = SURFACE_SIDE_STYLE('',(#12471));
#12471 = SURFACE_STYLE_FILL_AREA(#12472);
#12472 = FILL_AREA_STYLE('',(#12473));
#12473 = FILL_AREA_STYLE_COLOUR('',#12081);
#12474 = STYLED_ITEM('color',(#12475),#6057);
#12475 = PRESENTATION_STYLE_ASSIGNMENT((#12476));
#12476 = SURFACE_STYLE_USAGE(.BOTH.,#12477);
#12477 = SURFACE_SIDE_STYLE('',(#12478));
#12478 = SURFACE_STYLE_FILL_AREA(#12479);
#12479 = FILL_AREA_STYLE('',(#12480));
#12480 = FILL_AREA_STYLE_COLOUR('',#12081);
#12481 = STYLED_ITEM('color',(#12482),#6074);
#12482 = PRESENTATION_STYLE_ASSIGNMENT((#12483));
#12483 = SURFACE_STYLE_USAGE(.BOTH.,#12484);
#12484 = SURFACE_SIDE_STYLE('',(#12485));
#12485 = SURFACE_STYLE_FILL_AREA(#12486);
#12486 = FILL_AREA_STYLE('',(#12487));
#12487 = FILL_AREA_STYLE_COLOUR('',#12081);
#12488 = STYLED_ITEM('color',(#12489),#6091);
#12489 = PRESENTATION_STYLE_ASSIGNMENT((#12490));
#12490 = SURFACE_STYLE_USAGE(.BOTH.,#12491);
#12491 = SURFACE_SIDE_STYLE('',(#12492));
#12492 = SURFACE_STYLE_FILL_AREA(#12493);
#12493 = FILL_AREA_STYLE('',(#12494));
#12494 = FILL_AREA_STYLE_COLOUR('',#12081);
#12495 = STYLED_ITEM('color',(#12496),#6103);
#12496 = PRESENTATION_STYLE_ASSIGNMENT((#12497));
#12497 = SURFACE_STYLE_USAGE(.BOTH.,#12498);
#12498 = SURFACE_SIDE_STYLE('',(#12499));
#12499 = SURFACE_STYLE_FILL_AREA(#12500);
#12500 = FILL_AREA_STYLE('',(#12501));
#12501 = FILL_AREA_STYLE_COLOUR('',#12081);
#12502 = STYLED_ITEM('color',(#12503),#6115);
#12503 = PRESENTATION_STYLE_ASSIGNMENT((#12504));
#12504 = SURFACE_STYLE_USAGE(.BOTH.,#12505);
#12505 = SURFACE_SIDE_STYLE('',(#12506));
#12506 = SURFACE_STYLE_FILL_AREA(#12507);
#12507 = FILL_AREA_STYLE('',(#12508));
#12508 = FILL_AREA_STYLE_COLOUR('',#12081);
#12509 = STYLED_ITEM('color',(#12510),#6127);
#12510 = PRESENTATION_STYLE_ASSIGNMENT((#12511));
#12511 = SURFACE_STYLE_USAGE(.BOTH.,#12512);
#12512 = SURFACE_SIDE_STYLE('',(#12513));
#12513 = SURFACE_STYLE_FILL_AREA(#12514);
#12514 = FILL_AREA_STYLE('',(#12515));
#12515 = FILL_AREA_STYLE_COLOUR('',#12081);
#12516 = MECHANICAL_DESIGN_GEOMETRIC_PRESENTATION_REPRESENTATION('',(
    #12517,#12525,#12532,#12539,#12546,#12553,#12560,#12567,#12574,
    #12581,#12588,#12595,#12602,#12609,#12616,#12623,#12630,#12637,
    #12644,#12652,#12659,#12666,#12673,#12680,#12687,#12694,#12701),
  #8621);
#12517 = STYLED_ITEM('color',(#12518),#7903);
#12518 = PRESENTATION_STYLE_ASSIGNMENT((#12519));
#12519 = SURFACE_STYLE_USAGE(.BOTH.,#12520);
#12520 = SURFACE_SIDE_STYLE('',(#12521));
#12521 = SURFACE_STYLE_FILL_AREA(#12522);
#12522 = FILL_AREA_STYLE('',(#12523));
#12523 = FILL_AREA_STYLE_COLOUR('',#12524);
#12524 = COLOUR_RGB('',0.823999987314,0.819999987296,0.781000009244);
#12525 = STYLED_ITEM('color',(#12526),#7943);
#12526 = PRESENTATION_STYLE_ASSIGNMENT((#12527));
#12527 = SURFACE_STYLE_USAGE(.BOTH.,#12528);
#12528 = SURFACE_SIDE_STYLE('',(#12529));
#12529 = SURFACE_STYLE_FILL_AREA(#12530);
#12530 = FILL_AREA_STYLE('',(#12531));
#12531 = FILL_AREA_STYLE_COLOUR('',#12524);
#12532 = STYLED_ITEM('color',(#12533),#7978);
#12533 = PRESENTATION_STYLE_ASSIGNMENT((#12534));
#12534 = SURFACE_STYLE_USAGE(.BOTH.,#12535);
#12535 = SURFACE_SIDE_STYLE('',(#12536));
#12536 = SURFACE_STYLE_FILL_AREA(#12537);
#12537 = FILL_AREA_STYLE('',(#12538));
#12538 = FILL_AREA_STYLE_COLOUR('',#12524);
#12539 = STYLED_ITEM('color',(#12540),#8002);
#12540 = PRESENTATION_STYLE_ASSIGNMENT((#12541));
#12541 = SURFACE_STYLE_USAGE(.BOTH.,#12542);
#12542 = SURFACE_SIDE_STYLE('',(#12543));
#12543 = SURFACE_STYLE_FILL_AREA(#12544);
#12544 = FILL_AREA_STYLE('',(#12545));
#12545 = FILL_AREA_STYLE_COLOUR('',#12524);
#12546 = STYLED_ITEM('color',(#12547),#8030);
#12547 = PRESENTATION_STYLE_ASSIGNMENT((#12548));
#12548 = SURFACE_STYLE_USAGE(.BOTH.,#12549);
#12549 = SURFACE_SIDE_STYLE('',(#12550));
#12550 = SURFACE_STYLE_FILL_AREA(#12551);
#12551 = FILL_AREA_STYLE('',(#12552));
#12552 = FILL_AREA_STYLE_COLOUR('',#12524);
#12553 = STYLED_ITEM('color',(#12554),#8047);
#12554 = PRESENTATION_STYLE_ASSIGNMENT((#12555));
#12555 = SURFACE_STYLE_USAGE(.BOTH.,#12556);
#12556 = SURFACE_SIDE_STYLE('',(#12557));
#12557 = SURFACE_STYLE_FILL_AREA(#12558);
#12558 = FILL_AREA_STYLE('',(#12559));
#12559 = FILL_AREA_STYLE_COLOUR('',#11926);
#12560 = STYLED_ITEM('color',(#12561),#8077);
#12561 = PRESENTATION_STYLE_ASSIGNMENT((#12562));
#12562 = SURFACE_STYLE_USAGE(.BOTH.,#12563);
#12563 = SURFACE_SIDE_STYLE('',(#12564));
#12564 = SURFACE_STYLE_FILL_AREA(#12565);
#12565 = FILL_AREA_STYLE('',(#12566));
#12566 = FILL_AREA_STYLE_COLOUR('',#11926);
#12567 = STYLED_ITEM('color',(#12568),#8115);
#12568 = PRESENTATION_STYLE_ASSIGNMENT((#12569));
#12569 = SURFACE_STYLE_USAGE(.BOTH.,#12570);
#12570 = SURFACE_SIDE_STYLE('',(#12571));
#12571 = SURFACE_STYLE_FILL_AREA(#12572);
#12572 = FILL_AREA_STYLE('',(#12573));
#12573 = FILL_AREA_STYLE_COLOUR('',#11926);
#12574 = STYLED_ITEM('color',(#12575),#8138);
#12575 = PRESENTATION_STYLE_ASSIGNMENT((#12576));
#12576 = SURFACE_STYLE_USAGE(.BOTH.,#12577);
#12577 = SURFACE_SIDE_STYLE('',(#12578));
#12578 = SURFACE_STYLE_FILL_AREA(#12579);
#12579 = FILL_AREA_STYLE('',(#12580));
#12580 = FILL_AREA_STYLE_COLOUR('',#11926);
#12581 = STYLED_ITEM('color',(#12582),#8187);
#12582 = PRESENTATION_STYLE_ASSIGNMENT((#12583));
#12583 = SURFACE_STYLE_USAGE(.BOTH.,#12584);
#12584 = SURFACE_SIDE_STYLE('',(#12585));
#12585 = SURFACE_STYLE_FILL_AREA(#12586);
#12586 = FILL_AREA_STYLE('',(#12587));
#12587 = FILL_AREA_STYLE_COLOUR('',#11926);
#12588 = STYLED_ITEM('color',(#12589),#8210);
#12589 = PRESENTATION_STYLE_ASSIGNMENT((#12590));
#12590 = SURFACE_STYLE_USAGE(.BOTH.,#12591);
#12591 = SURFACE_SIDE_STYLE('',(#12592));
#12592 = SURFACE_STYLE_FILL_AREA(#12593);
#12593 = FILL_AREA_STYLE('',(#12594));
#12594 = FILL_AREA_STYLE_COLOUR('',#11926);
#12595 = STYLED_ITEM('color',(#12596),#8233);
#12596 = PRESENTATION_STYLE_ASSIGNMENT((#12597));
#12597 = SURFACE_STYLE_USAGE(.BOTH.,#12598);
#12598 = SURFACE_SIDE_STYLE('',(#12599));
#12599 = SURFACE_STYLE_FILL_AREA(#12600);
#12600 = FILL_AREA_STYLE('',(#12601));
#12601 = FILL_AREA_STYLE_COLOUR('',#11926);
#12602 = STYLED_ITEM('color',(#12603),#8291);
#12603 = PRESENTATION_STYLE_ASSIGNMENT((#12604));
#12604 = SURFACE_STYLE_USAGE(.BOTH.,#12605);
#12605 = SURFACE_SIDE_STYLE('',(#12606));
#12606 = SURFACE_STYLE_FILL_AREA(#12607);
#12607 = FILL_AREA_STYLE('',(#12608));
#12608 = FILL_AREA_STYLE_COLOUR('',#11926);
#12609 = STYLED_ITEM('color',(#12610),#8314);
#12610 = PRESENTATION_STYLE_ASSIGNMENT((#12611));
#12611 = SURFACE_STYLE_USAGE(.BOTH.,#12612);
#12612 = SURFACE_SIDE_STYLE('',(#12613));
#12613 = SURFACE_STYLE_FILL_AREA(#12614);
#12614 = FILL_AREA_STYLE('',(#12615));
#12615 = FILL_AREA_STYLE_COLOUR('',#11926);
#12616 = STYLED_ITEM('color',(#12617),#8330);
#12617 = PRESENTATION_STYLE_ASSIGNMENT((#12618));
#12618 = SURFACE_STYLE_USAGE(.BOTH.,#12619);
#12619 = SURFACE_SIDE_STYLE('',(#12620));
#12620 = SURFACE_STYLE_FILL_AREA(#12621);
#12621 = FILL_AREA_STYLE('',(#12622));
#12622 = FILL_AREA_STYLE_COLOUR('',#11926);
#12623 = STYLED_ITEM('color',(#12624),#8358);
#12624 = PRESENTATION_STYLE_ASSIGNMENT((#12625));
#12625 = SURFACE_STYLE_USAGE(.BOTH.,#12626);
#12626 = SURFACE_SIDE_STYLE('',(#12627));
#12627 = SURFACE_STYLE_FILL_AREA(#12628);
#12628 = FILL_AREA_STYLE('',(#12629));
#12629 = FILL_AREA_STYLE_COLOUR('',#12524);
#12630 = STYLED_ITEM('color',(#12631),#8389);
#12631 = PRESENTATION_STYLE_ASSIGNMENT((#12632));
#12632 = SURFACE_STYLE_USAGE(.BOTH.,#12633);
#12633 = SURFACE_SIDE_STYLE('',(#12634));
#12634 = SURFACE_STYLE_FILL_AREA(#12635);
#12635 = FILL_AREA_STYLE('',(#12636));
#12636 = FILL_AREA_STYLE_COLOUR('',#11926);
#12637 = STYLED_ITEM('color',(#12638),#8417);
#12638 = PRESENTATION_STYLE_ASSIGNMENT((#12639));
#12639 = SURFACE_STYLE_USAGE(.BOTH.,#12640);
#12640 = SURFACE_SIDE_STYLE('',(#12641));
#12641 = SURFACE_STYLE_FILL_AREA(#12642);
#12642 = FILL_AREA_STYLE('',(#12643));
#12643 = FILL_AREA_STYLE_COLOUR('',#11926);
#12644 = STYLED_ITEM('color',(#12645),#8436);
#12645 = PRESENTATION_STYLE_ASSIGNMENT((#12646));
#12646 = SURFACE_STYLE_USAGE(.BOTH.,#12647);
#12647 = SURFACE_SIDE_STYLE('',(#12648));
#12648 = SURFACE_STYLE_FILL_AREA(#12649);
#12649 = FILL_AREA_STYLE('',(#12650));
#12650 = FILL_AREA_STYLE_COLOUR('',#12651);
#12651 = COLOUR_RGB('',0.690999977303,0.663999984767,0.597999987832);
#12652 = STYLED_ITEM('color',(#12653),#8467);
#12653 = PRESENTATION_STYLE_ASSIGNMENT((#12654));
#12654 = SURFACE_STYLE_USAGE(.BOTH.,#12655);
#12655 = SURFACE_SIDE_STYLE('',(#12656));
#12656 = SURFACE_STYLE_FILL_AREA(#12657);
#12657 = FILL_AREA_STYLE('',(#12658));
#12658 = FILL_AREA_STYLE_COLOUR('',#12651);
#12659 = STYLED_ITEM('color',(#12660),#8491);
#12660 = PRESENTATION_STYLE_ASSIGNMENT((#12661));
#12661 = SURFACE_STYLE_USAGE(.BOTH.,#12662);
#12662 = SURFACE_SIDE_STYLE('',(#12663));
#12663 = SURFACE_STYLE_FILL_AREA(#12664);
#12664 = FILL_AREA_STYLE('',(#12665));
#12665 = FILL_AREA_STYLE_COLOUR('',#12651);
#12666 = STYLED_ITEM('color',(#12667),#8515);
#12667 = PRESENTATION_STYLE_ASSIGNMENT((#12668));
#12668 = SURFACE_STYLE_USAGE(.BOTH.,#12669);
#12669 = SURFACE_SIDE_STYLE('',(#12670));
#12670 = SURFACE_STYLE_FILL_AREA(#12671);
#12671 = FILL_AREA_STYLE('',(#12672));
#12672 = FILL_AREA_STYLE_COLOUR('',#12651);
#12673 = STYLED_ITEM('color',(#12674),#8532);
#12674 = PRESENTATION_STYLE_ASSIGNMENT((#12675));
#12675 = SURFACE_STYLE_USAGE(.BOTH.,#12676);
#12676 = SURFACE_SIDE_STYLE('',(#12677));
#12677 = SURFACE_STYLE_FILL_AREA(#12678);
#12678 = FILL_AREA_STYLE('',(#12679));
#12679 = FILL_AREA_STYLE_COLOUR('',#12524);
#12680 = STYLED_ITEM('color',(#12681),#8556);
#12681 = PRESENTATION_STYLE_ASSIGNMENT((#12682));
#12682 = SURFACE_STYLE_USAGE(.BOTH.,#12683);
#12683 = SURFACE_SIDE_STYLE('',(#12684));
#12684 = SURFACE_STYLE_FILL_AREA(#12685);
#12685 = FILL_AREA_STYLE('',(#12686));
#12686 = FILL_AREA_STYLE_COLOUR('',#12524);
#12687 = STYLED_ITEM('color',(#12688),#8580);
#12688 = PRESENTATION_STYLE_ASSIGNMENT((#12689));
#12689 = SURFACE_STYLE_USAGE(.BOTH.,#12690);
#12690 = SURFACE_SIDE_STYLE('',(#12691));
#12691 = SURFACE_STYLE_FILL_AREA(#12692);
#12692 = FILL_AREA_STYLE('',(#12693));
#12693 = FILL_AREA_STYLE_COLOUR('',#12524);
#12694 = STYLED_ITEM('color',(#12695),#8597);
#12695 = PRESENTATION_STYLE_ASSIGNMENT((#12696));
#12696 = SURFACE_STYLE_USAGE(.BOTH.,#12697);
#12697 = SURFACE_SIDE_STYLE('',(#12698));
#12698 = SURFACE_STYLE_FILL_AREA(#12699);
#12699 = FILL_AREA_STYLE('',(#12700));
#12700 = FILL_AREA_STYLE_COLOUR('',#12524);
#12701 = STYLED_ITEM('color',(#12702),#8609);
#12702 = PRESENTATION_STYLE_ASSIGNMENT((#12703));
#12703 = SURFACE_STYLE_USAGE(.BOTH.,#12704);
#12704 = SURFACE_SIDE_STYLE('',(#12705));
#12705 = SURFACE_STYLE_FILL_AREA(#12706);
#12706 = FILL_AREA_STYLE('',(#12707));
#12707 = FILL_AREA_STYLE_COLOUR('',#12651);
#12708 = MECHANICAL_DESIGN_GEOMETRIC_PRESENTATION_REPRESENTATION('',(
    #12709,#12716,#12723,#12730,#12737,#12744,#12751,#12758,#12765,
    #12772,#12779,#12787,#12794,#12801,#12808,#12815,#12822,#12829,
    #12836,#12843,#12850,#12857,#12864,#12871,#12878,#12885,#12892,
    #12899),#1994);
#12709 = STYLED_ITEM('color',(#12710),#1142);
#12710 = PRESENTATION_STYLE_ASSIGNMENT((#12711));
#12711 = SURFACE_STYLE_USAGE(.BOTH.,#12712);
#12712 = SURFACE_SIDE_STYLE('',(#12713));
#12713 = SURFACE_STYLE_FILL_AREA(#12714);
#12714 = FILL_AREA_STYLE('',(#12715));
#12715 = FILL_AREA_STYLE_COLOUR('',#12524);
#12716 = STYLED_ITEM('color',(#12717),#1218);
#12717 = PRESENTATION_STYLE_ASSIGNMENT((#12718));
#12718 = SURFACE_STYLE_USAGE(.BOTH.,#12719);
#12719 = SURFACE_SIDE_STYLE('',(#12720));
#12720 = SURFACE_STYLE_FILL_AREA(#12721);
#12721 = FILL_AREA_STYLE('',(#12722));
#12722 = FILL_AREA_STYLE_COLOUR('',#12524);
#12723 = STYLED_ITEM('color',(#12724),#1249);
#12724 = PRESENTATION_STYLE_ASSIGNMENT((#12725));
#12725 = SURFACE_STYLE_USAGE(.BOTH.,#12726);
#12726 = SURFACE_SIDE_STYLE('',(#12727));
#12727 = SURFACE_STYLE_FILL_AREA(#12728);
#12728 = FILL_AREA_STYLE('',(#12729));
#12729 = FILL_AREA_STYLE_COLOUR('',#12524);
#12730 = STYLED_ITEM('color',(#12731),#1274);
#12731 = PRESENTATION_STYLE_ASSIGNMENT((#12732));
#12732 = SURFACE_STYLE_USAGE(.BOTH.,#12733);
#12733 = SURFACE_SIDE_STYLE('',(#12734));
#12734 = SURFACE_STYLE_FILL_AREA(#12735);
#12735 = FILL_AREA_STYLE('',(#12736));
#12736 = FILL_AREA_STYLE_COLOUR('',#12524);
#12737 = STYLED_ITEM('color',(#12738),#1299);
#12738 = PRESENTATION_STYLE_ASSIGNMENT((#12739));
#12739 = SURFACE_STYLE_USAGE(.BOTH.,#12740);
#12740 = SURFACE_SIDE_STYLE('',(#12741));
#12741 = SURFACE_STYLE_FILL_AREA(#12742);
#12742 = FILL_AREA_STYLE('',(#12743));
#12743 = FILL_AREA_STYLE_COLOUR('',#12524);
#12744 = STYLED_ITEM('color',(#12745),#1323);
#12745 = PRESENTATION_STYLE_ASSIGNMENT((#12746));
#12746 = SURFACE_STYLE_USAGE(.BOTH.,#12747);
#12747 = SURFACE_SIDE_STYLE('',(#12748));
#12748 = SURFACE_STYLE_FILL_AREA(#12749);
#12749 = FILL_AREA_STYLE('',(#12750));
#12750 = FILL_AREA_STYLE_COLOUR('',#12524);
#12751 = STYLED_ITEM('color',(#12752),#1347);
#12752 = PRESENTATION_STYLE_ASSIGNMENT((#12753));
#12753 = SURFACE_STYLE_USAGE(.BOTH.,#12754);
#12754 = SURFACE_SIDE_STYLE('',(#12755));
#12755 = SURFACE_STYLE_FILL_AREA(#12756);
#12756 = FILL_AREA_STYLE('',(#12757));
#12757 = FILL_AREA_STYLE_COLOUR('',#12524);
#12758 = STYLED_ITEM('color',(#12759),#1372);
#12759 = PRESENTATION_STYLE_ASSIGNMENT((#12760));
#12760 = SURFACE_STYLE_USAGE(.BOTH.,#12761);
#12761 = SURFACE_SIDE_STYLE('',(#12762));
#12762 = SURFACE_STYLE_FILL_AREA(#12763);
#12763 = FILL_AREA_STYLE('',(#12764));
#12764 = FILL_AREA_STYLE_COLOUR('',#12524);
#12765 = STYLED_ITEM('color',(#12766),#1397);
#12766 = PRESENTATION_STYLE_ASSIGNMENT((#12767));
#12767 = SURFACE_STYLE_USAGE(.BOTH.,#12768);
#12768 = SURFACE_SIDE_STYLE('',(#12769));
#12769 = SURFACE_STYLE_FILL_AREA(#12770);
#12770 = FILL_AREA_STYLE('',(#12771));
#12771 = FILL_AREA_STYLE_COLOUR('',#12524);
#12772 = STYLED_ITEM('color',(#12773),#1414);
#12773 = PRESENTATION_STYLE_ASSIGNMENT((#12774));
#12774 = SURFACE_STYLE_USAGE(.BOTH.,#12775);
#12775 = SURFACE_SIDE_STYLE('',(#12776));
#12776 = SURFACE_STYLE_FILL_AREA(#12777);
#12777 = FILL_AREA_STYLE('',(#12778));
#12778 = FILL_AREA_STYLE_COLOUR('',#12524);
#12779 = STYLED_ITEM('color',(#12780),#1500);
#12780 = PRESENTATION_STYLE_ASSIGNMENT((#12781));
#12781 = SURFACE_STYLE_USAGE(.BOTH.,#12782);
#12782 = SURFACE_SIDE_STYLE('',(#12783));
#12783 = SURFACE_STYLE_FILL_AREA(#12784);
#12784 = FILL_AREA_STYLE('',(#12785));
#12785 = FILL_AREA_STYLE_COLOUR('',#12786);
#12786 = COLOUR_RGB('',0.379000005575,0.270000008848,0.214999999939);
#12787 = STYLED_ITEM('color',(#12788),#1532);
#12788 = PRESENTATION_STYLE_ASSIGNMENT((#12789));
#12789 = SURFACE_STYLE_USAGE(.BOTH.,#12790);
#12790 = SURFACE_SIDE_STYLE('',(#12791));
#12791 = SURFACE_STYLE_FILL_AREA(#12792);
#12792 = FILL_AREA_STYLE('',(#12793));
#12793 = FILL_AREA_STYLE_COLOUR('',#12786);
#12794 = STYLED_ITEM('color',(#12795),#1556);
#12795 = PRESENTATION_STYLE_ASSIGNMENT((#12796));
#12796 = SURFACE_STYLE_USAGE(.BOTH.,#12797);
#12797 = SURFACE_SIDE_STYLE('',(#12798));
#12798 = SURFACE_STYLE_FILL_AREA(#12799);
#12799 = FILL_AREA_STYLE('',(#12800));
#12800 = FILL_AREA_STYLE_COLOUR('',#12786);
#12801 = STYLED_ITEM('color',(#12802),#1581);
#12802 = PRESENTATION_STYLE_ASSIGNMENT((#12803));
#12803 = SURFACE_STYLE_USAGE(.BOTH.,#12804);
#12804 = SURFACE_SIDE_STYLE('',(#12805));
#12805 = SURFACE_STYLE_FILL_AREA(#12806);
#12806 = FILL_AREA_STYLE('',(#12807));
#12807 = FILL_AREA_STYLE_COLOUR('',#12786);
#12808 = STYLED_ITEM('color',(#12809),#1605);
#12809 = PRESENTATION_STYLE_ASSIGNMENT((#12810));
#12810 = SURFACE_STYLE_USAGE(.BOTH.,#12811);
#12811 = SURFACE_SIDE_STYLE('',(#12812));
#12812 = SURFACE_STYLE_FILL_AREA(#12813);
#12813 = FILL_AREA_STYLE('',(#12814));
#12814 = FILL_AREA_STYLE_COLOUR('',#12786);
#12815 = STYLED_ITEM('color',(#12816),#1630);
#12816 = PRESENTATION_STYLE_ASSIGNMENT((#12817));
#12817 = SURFACE_STYLE_USAGE(.BOTH.,#12818);
#12818 = SURFACE_SIDE_STYLE('',(#12819));
#12819 = SURFACE_STYLE_FILL_AREA(#12820);
#12820 = FILL_AREA_STYLE('',(#12821));
#12821 = FILL_AREA_STYLE_COLOUR('',#12786);
#12822 = STYLED_ITEM('color',(#12823),#1654);
#12823 = PRESENTATION_STYLE_ASSIGNMENT((#12824));
#12824 = SURFACE_STYLE_USAGE(.BOTH.,#12825);
#12825 = SURFACE_SIDE_STYLE('',(#12826));
#12826 = SURFACE_STYLE_FILL_AREA(#12827);
#12827 = FILL_AREA_STYLE('',(#12828));
#12828 = FILL_AREA_STYLE_COLOUR('',#12786);
#12829 = STYLED_ITEM('color',(#12830),#1679);
#12830 = PRESENTATION_STYLE_ASSIGNMENT((#12831));
#12831 = SURFACE_STYLE_USAGE(.BOTH.,#12832);
#12832 = SURFACE_SIDE_STYLE('',(#12833));
#12833 = SURFACE_STYLE_FILL_AREA(#12834);
#12834 = FILL_AREA_STYLE('',(#12835));
#12835 = FILL_AREA_STYLE_COLOUR('',#12786);
#12836 = STYLED_ITEM('color',(#12837),#1696);
#12837 = PRESENTATION_STYLE_ASSIGNMENT((#12838));
#12838 = SURFACE_STYLE_USAGE(.BOTH.,#12839);
#12839 = SURFACE_SIDE_STYLE('',(#12840));
#12840 = SURFACE_STYLE_FILL_AREA(#12841);
#12841 = FILL_AREA_STYLE('',(#12842));
#12842 = FILL_AREA_STYLE_COLOUR('',#12524);
#12843 = STYLED_ITEM('color',(#12844),#1782);
#12844 = PRESENTATION_STYLE_ASSIGNMENT((#12845));
#12845 = SURFACE_STYLE_USAGE(.BOTH.,#12846);
#12846 = SURFACE_SIDE_STYLE('',(#12847));
#12847 = SURFACE_STYLE_FILL_AREA(#12848);
#12848 = FILL_AREA_STYLE('',(#12849));
#12849 = FILL_AREA_STYLE_COLOUR('',#12524);
#12850 = STYLED_ITEM('color',(#12851),#1813);
#12851 = PRESENTATION_STYLE_ASSIGNMENT((#12852));
#12852 = SURFACE_STYLE_USAGE(.BOTH.,#12853);
#12853 = SURFACE_SIDE_STYLE('',(#12854));
#12854 = SURFACE_STYLE_FILL_AREA(#12855);
#12855 = FILL_AREA_STYLE('',(#12856));
#12856 = FILL_AREA_STYLE_COLOUR('',#12524);
#12857 = STYLED_ITEM('color',(#12858),#1838);
#12858 = PRESENTATION_STYLE_ASSIGNMENT((#12859));
#12859 = SURFACE_STYLE_USAGE(.BOTH.,#12860);
#12860 = SURFACE_SIDE_STYLE('',(#12861));
#12861 = SURFACE_STYLE_FILL_AREA(#12862);
#12862 = FILL_AREA_STYLE('',(#12863));
#12863 = FILL_AREA_STYLE_COLOUR('',#12524);
#12864 = STYLED_ITEM('color',(#12865),#1863);
#12865 = PRESENTATION_STYLE_ASSIGNMENT((#12866));
#12866 = SURFACE_STYLE_USAGE(.BOTH.,#12867);
#12867 = SURFACE_SIDE_STYLE('',(#12868));
#12868 = SURFACE_STYLE_FILL_AREA(#12869);
#12869 = FILL_AREA_STYLE('',(#12870));
#12870 = FILL_AREA_STYLE_COLOUR('',#12524);
#12871 = STYLED_ITEM('color',(#12872),#1887);
#12872 = PRESENTATION_STYLE_ASSIGNMENT((#12873));
#12873 = SURFACE_STYLE_USAGE(.BOTH.,#12874);
#12874 = SURFACE_SIDE_STYLE('',(#12875));
#12875 = SURFACE_STYLE_FILL_AREA(#12876);
#12876 = FILL_AREA_STYLE('',(#12877));
#12877 = FILL_AREA_STYLE_COLOUR('',#12524);
#12878 = STYLED_ITEM('color',(#12879),#1911);
#12879 = PRESENTATION_STYLE_ASSIGNMENT((#12880));
#12880 = SURFACE_STYLE_USAGE(.BOTH.,#12881);
#12881 = SURFACE_SIDE_STYLE('',(#12882));
#12882 = SURFACE_STYLE_FILL_AREA(#12883);
#12883 = FILL_AREA_STYLE('',(#12884));
#12884 = FILL_AREA_STYLE_COLOUR('',#12524);
#12885 = STYLED_ITEM('color',(#12886),#1936);
#12886 = PRESENTATION_STYLE_ASSIGNMENT((#12887));
#12887 = SURFACE_STYLE_USAGE(.BOTH.,#12888);
#12888 = SURFACE_SIDE_STYLE('',(#12889));
#12889 = SURFACE_STYLE_FILL_AREA(#12890);
#12890 = FILL_AREA_STYLE('',(#12891));
#12891 = FILL_AREA_STYLE_COLOUR('',#12524);
#12892 = STYLED_ITEM('color',(#12893),#1961);
#12893 = PRESENTATION_STYLE_ASSIGNMENT((#12894));
#12894 = SURFACE_STYLE_USAGE(.BOTH.,#12895);
#12895 = SURFACE_SIDE_STYLE('',(#12896));
#12896 = SURFACE_STYLE_FILL_AREA(#12897);
#12897 = FILL_AREA_STYLE('',(#12898));
#12898 = FILL_AREA_STYLE_COLOUR('',#12524);
#12899 = STYLED_ITEM('color',(#12900),#1978);
#12900 = PRESENTATION_STYLE_ASSIGNMENT((#12901));
#12901 = SURFACE_STYLE_USAGE(.BOTH.,#12902);
#12902 = SURFACE_SIDE_STYLE('',(#12903));
#12903 = SURFACE_STYLE_FILL_AREA(#12904);
#12904 = FILL_AREA_STYLE('',(#12905));
#12905 = FILL_AREA_STYLE_COLOUR('',#12524);
#12906 = MECHANICAL_DESIGN_GEOMETRIC_PRESENTATION_REPRESENTATION('',(
    #12907,#12914,#12921,#12928,#12935,#12942,#12949,#12956,#12964,
    #12971,#12978,#12985,#12992,#12999,#13007,#13014,#13021,#13028,
    #13035,#13042,#13049,#13056,#13063,#13070,#13077,#13084),#2826);
#12907 = STYLED_ITEM('color',(#12908),#2038);
#12908 = PRESENTATION_STYLE_ASSIGNMENT((#12909));
#12909 = SURFACE_STYLE_USAGE(.BOTH.,#12910);
#12910 = SURFACE_SIDE_STYLE('',(#12911));
#12911 = SURFACE_STYLE_FILL_AREA(#12912);
#12912 = FILL_AREA_STYLE('',(#12913));
#12913 = FILL_AREA_STYLE_COLOUR('',#12524);
#12914 = STYLED_ITEM('color',(#12915),#2078);
#12915 = PRESENTATION_STYLE_ASSIGNMENT((#12916));
#12916 = SURFACE_STYLE_USAGE(.BOTH.,#12917);
#12917 = SURFACE_SIDE_STYLE('',(#12918));
#12918 = SURFACE_STYLE_FILL_AREA(#12919);
#12919 = FILL_AREA_STYLE('',(#12920));
#12920 = FILL_AREA_STYLE_COLOUR('',#12524);
#12921 = STYLED_ITEM('color',(#12922),#2161);
#12922 = PRESENTATION_STYLE_ASSIGNMENT((#12923));
#12923 = SURFACE_STYLE_USAGE(.BOTH.,#12924);
#12924 = SURFACE_SIDE_STYLE('',(#12925));
#12925 = SURFACE_STYLE_FILL_AREA(#12926);
#12926 = FILL_AREA_STYLE('',(#12927));
#12927 = FILL_AREA_STYLE_COLOUR('',#12524);
#12928 = STYLED_ITEM('color',(#12929),#2186);
#12929 = PRESENTATION_STYLE_ASSIGNMENT((#12930));
#12930 = SURFACE_STYLE_USAGE(.BOTH.,#12931);
#12931 = SURFACE_SIDE_STYLE('',(#12932));
#12932 = SURFACE_STYLE_FILL_AREA(#12933);
#12933 = FILL_AREA_STYLE('',(#12934));
#12934 = FILL_AREA_STYLE_COLOUR('',#12524);
#12935 = STYLED_ITEM('color',(#12936),#2211);
#12936 = PRESENTATION_STYLE_ASSIGNMENT((#12937));
#12937 = SURFACE_STYLE_USAGE(.BOTH.,#12938);
#12938 = SURFACE_SIDE_STYLE('',(#12939));
#12939 = SURFACE_STYLE_FILL_AREA(#12940);
#12940 = FILL_AREA_STYLE('',(#12941));
#12941 = FILL_AREA_STYLE_COLOUR('',#12524);
#12942 = STYLED_ITEM('color',(#12943),#2278);
#12943 = PRESENTATION_STYLE_ASSIGNMENT((#12944));
#12944 = SURFACE_STYLE_USAGE(.BOTH.,#12945);
#12945 = SURFACE_SIDE_STYLE('',(#12946));
#12946 = SURFACE_STYLE_FILL_AREA(#12947);
#12947 = FILL_AREA_STYLE('',(#12948));
#12948 = FILL_AREA_STYLE_COLOUR('',#12524);
#12949 = STYLED_ITEM('color',(#12950),#2295);
#12950 = PRESENTATION_STYLE_ASSIGNMENT((#12951));
#12951 = SURFACE_STYLE_USAGE(.BOTH.,#12952);
#12952 = SURFACE_SIDE_STYLE('',(#12953));
#12953 = SURFACE_STYLE_FILL_AREA(#12954);
#12954 = FILL_AREA_STYLE('',(#12955));
#12955 = FILL_AREA_STYLE_COLOUR('',#12524);
#12956 = STYLED_ITEM('color',(#12957),#2312);
#12957 = PRESENTATION_STYLE_ASSIGNMENT((#12958));
#12958 = SURFACE_STYLE_USAGE(.BOTH.,#12959);
#12959 = SURFACE_SIDE_STYLE('',(#12960));
#12960 = SURFACE_STYLE_FILL_AREA(#12961);
#12961 = FILL_AREA_STYLE('',(#12962));
#12962 = FILL_AREA_STYLE_COLOUR('',#12963);
#12963 = COLOUR_RGB('',0.894999966383,0.890999961016,0.813000030345);
#12964 = STYLED_ITEM('color',(#12965),#2361);
#12965 = PRESENTATION_STYLE_ASSIGNMENT((#12966));
#12966 = SURFACE_STYLE_USAGE(.BOTH.,#12967);
#12967 = SURFACE_SIDE_STYLE('',(#12968));
#12968 = SURFACE_STYLE_FILL_AREA(#12969);
#12969 = FILL_AREA_STYLE('',(#12970));
#12970 = FILL_AREA_STYLE_COLOUR('',#12524);
#12971 = STYLED_ITEM('color',(#12972),#2378);
#12972 = PRESENTATION_STYLE_ASSIGNMENT((#12973));
#12973 = SURFACE_STYLE_USAGE(.BOTH.,#12974);
#12974 = SURFACE_SIDE_STYLE('',(#12975));
#12975 = SURFACE_STYLE_FILL_AREA(#12976);
#12976 = FILL_AREA_STYLE('',(#12977));
#12977 = FILL_AREA_STYLE_COLOUR('',#12524);
#12978 = STYLED_ITEM('color',(#12979),#2395);
#12979 = PRESENTATION_STYLE_ASSIGNMENT((#12980));
#12980 = SURFACE_STYLE_USAGE(.BOTH.,#12981);
#12981 = SURFACE_SIDE_STYLE('',(#12982));
#12982 = SURFACE_STYLE_FILL_AREA(#12983);
#12983 = FILL_AREA_STYLE('',(#12984));
#12984 = FILL_AREA_STYLE_COLOUR('',#12963);
#12985 = STYLED_ITEM('color',(#12986),#2444);
#12986 = PRESENTATION_STYLE_ASSIGNMENT((#12987));
#12987 = SURFACE_STYLE_USAGE(.BOTH.,#12988);
#12988 = SURFACE_SIDE_STYLE('',(#12989));
#12989 = SURFACE_STYLE_FILL_AREA(#12990);
#12990 = FILL_AREA_STYLE('',(#12991));
#12991 = FILL_AREA_STYLE_COLOUR('',#12963);
#12992 = STYLED_ITEM('color',(#12993),#2461);
#12993 = PRESENTATION_STYLE_ASSIGNMENT((#12994));
#12994 = SURFACE_STYLE_USAGE(.BOTH.,#12995);
#12995 = SURFACE_SIDE_STYLE('',(#12996));
#12996 = SURFACE_STYLE_FILL_AREA(#12997);
#12997 = FILL_AREA_STYLE('',(#12998));
#12998 = FILL_AREA_STYLE_COLOUR('',#12524);
#12999 = STYLED_ITEM('color',(#13000),#2530);
#13000 = PRESENTATION_STYLE_ASSIGNMENT((#13001));
#13001 = SURFACE_STYLE_USAGE(.BOTH.,#13002);
#13002 = SURFACE_SIDE_STYLE('',(#13003));
#13003 = SURFACE_STYLE_FILL_AREA(#13004);
#13004 = FILL_AREA_STYLE('',(#13005));
#13005 = FILL_AREA_STYLE_COLOUR('',#13006);
#13006 = COLOUR_RGB('',8.200000279077E-02,8.600000121357E-02,
  9.399999706163E-02);
#13007 = STYLED_ITEM('color',(#13008),#2561);
#13008 = PRESENTATION_STYLE_ASSIGNMENT((#13009));
#13009 = SURFACE_STYLE_USAGE(.BOTH.,#13010);
#13010 = SURFACE_SIDE_STYLE('',(#13011));
#13011 = SURFACE_STYLE_FILL_AREA(#13012);
#13012 = FILL_AREA_STYLE('',(#13013));
#13013 = FILL_AREA_STYLE_COLOUR('',#13006);
#13014 = STYLED_ITEM('color',(#13015),#2585);
#13015 = PRESENTATION_STYLE_ASSIGNMENT((#13016));
#13016 = SURFACE_STYLE_USAGE(.BOTH.,#13017);
#13017 = SURFACE_SIDE_STYLE('',(#13018));
#13018 = SURFACE_STYLE_FILL_AREA(#13019);
#13019 = FILL_AREA_STYLE('',(#13020));
#13020 = FILL_AREA_STYLE_COLOUR('',#12524);
#13021 = STYLED_ITEM('color',(#13022),#2654);
#13022 = PRESENTATION_STYLE_ASSIGNMENT((#13023));
#13023 = SURFACE_STYLE_USAGE(.BOTH.,#13024);
#13024 = SURFACE_SIDE_STYLE('',(#13025));
#13025 = SURFACE_STYLE_FILL_AREA(#13026);
#13026 = FILL_AREA_STYLE('',(#13027));
#13027 = FILL_AREA_STYLE_COLOUR('',#13006);
#13028 = STYLED_ITEM('color',(#13029),#2678);
#13029 = PRESENTATION_STYLE_ASSIGNMENT((#13030));
#13030 = SURFACE_STYLE_USAGE(.BOTH.,#13031);
#13031 = SURFACE_SIDE_STYLE('',(#13032));
#13032 = SURFACE_STYLE_FILL_AREA(#13033);
#13033 = FILL_AREA_STYLE('',(#13034));
#13034 = FILL_AREA_STYLE_COLOUR('',#12524);
#13035 = STYLED_ITEM('color',(#13036),#2695);
#13036 = PRESENTATION_STYLE_ASSIGNMENT((#13037));
#13037 = SURFACE_STYLE_USAGE(.BOTH.,#13038);
#13038 = SURFACE_SIDE_STYLE('',(#13039));
#13039 = SURFACE_STYLE_FILL_AREA(#13040);
#13040 = FILL_AREA_STYLE('',(#13041));
#13041 = FILL_AREA_STYLE_COLOUR('',#12524);
#13042 = STYLED_ITEM('color',(#13043),#2712);
#13043 = PRESENTATION_STYLE_ASSIGNMENT((#13044));
#13044 = SURFACE_STYLE_USAGE(.BOTH.,#13045);
#13045 = SURFACE_SIDE_STYLE('',(#13046));
#13046 = SURFACE_STYLE_FILL_AREA(#13047);
#13047 = FILL_AREA_STYLE('',(#13048));
#13048 = FILL_AREA_STYLE_COLOUR('',#12524);
#13049 = STYLED_ITEM('color',(#13050),#2729);
#13050 = PRESENTATION_STYLE_ASSIGNMENT((#13051));
#13051 = SURFACE_STYLE_USAGE(.BOTH.,#13052);
#13052 = SURFACE_SIDE_STYLE('',(#13053));
#13053 = SURFACE_STYLE_FILL_AREA(#13054);
#13054 = FILL_AREA_STYLE('',(#13055));
#13055 = FILL_AREA_STYLE_COLOUR('',#12524);
#13056 = STYLED_ITEM('color',(#13057),#2746);
#13057 = PRESENTATION_STYLE_ASSIGNMENT((#13058));
#13058 = SURFACE_STYLE_USAGE(.BOTH.,#13059);
#13059 = SURFACE_SIDE_STYLE('',(#13060));
#13060 = SURFACE_STYLE_FILL_AREA(#13061);
#13061 = FILL_AREA_STYLE('',(#13062));
#13062 = FILL_AREA_STYLE_COLOUR('',#12524);
#13063 = STYLED_ITEM('color',(#13064),#2763);
#13064 = PRESENTATION_STYLE_ASSIGNMENT((#13065));
#13065 = SURFACE_STYLE_USAGE(.BOTH.,#13066);
#13066 = SURFACE_SIDE_STYLE('',(#13067));
#13067 = SURFACE_STYLE_FILL_AREA(#13068);
#13068 = FILL_AREA_STYLE('',(#13069));
#13069 = FILL_AREA_STYLE_COLOUR('',#12524);
#13070 = STYLED_ITEM('color',(#13071),#2780);
#13071 = PRESENTATION_STYLE_ASSIGNMENT((#13072));
#13072 = SURFACE_STYLE_USAGE(.BOTH.,#13073);
#13073 = SURFACE_SIDE_STYLE('',(#13074));
#13074 = SURFACE_STYLE_FILL_AREA(#13075);
#13075 = FILL_AREA_STYLE('',(#13076));
#13076 = FILL_AREA_STYLE_COLOUR('',#12524);
#13077 = STYLED_ITEM('color',(#13078),#2797);
#13078 = PRESENTATION_STYLE_ASSIGNMENT((#13079));
#13079 = SURFACE_STYLE_USAGE(.BOTH.,#13080);
#13080 = SURFACE_SIDE_STYLE('',(#13081));
#13081 = SURFACE_STYLE_FILL_AREA(#13082);
#13082 = FILL_AREA_STYLE('',(#13083));
#13083 = FILL_AREA_STYLE_COLOUR('',#13006);
#13084 = STYLED_ITEM('color',(#13085),#2814);
#13085 = PRESENTATION_STYLE_ASSIGNMENT((#13086));
#13086 = SURFACE_STYLE_USAGE(.BOTH.,#13087);
#13087 = SURFACE_SIDE_STYLE('',(#13088));
#13088 = SURFACE_STYLE_FILL_AREA(#13089);
#13089 = FILL_AREA_STYLE('',(#13090));
#13090 = FILL_AREA_STYLE_COLOUR('',#13006);
#13091 = MECHANICAL_DESIGN_GEOMETRIC_PRESENTATION_REPRESENTATION('',(
    #13092,#13099,#13106,#13113,#13120,#13127,#13134,#13141,#13148,
    #13155,#13162,#13169,#13176,#13183,#13190,#13197,#13204,#13211,
    #13218,#13225,#13232,#13239,#13246,#13253,#13260,#13267),#3683);
#13092 = STYLED_ITEM('color',(#13093),#2895);
#13093 = PRESENTATION_STYLE_ASSIGNMENT((#13094));
#13094 = SURFACE_STYLE_USAGE(.BOTH.,#13095);
#13095 = SURFACE_SIDE_STYLE('',(#13096));
#13096 = SURFACE_STYLE_FILL_AREA(#13097);
#13097 = FILL_AREA_STYLE('',(#13098));
#13098 = FILL_AREA_STYLE_COLOUR('',#12524);
#13099 = STYLED_ITEM('color',(#13100),#2935);
#13100 = PRESENTATION_STYLE_ASSIGNMENT((#13101));
#13101 = SURFACE_STYLE_USAGE(.BOTH.,#13102);
#13102 = SURFACE_SIDE_STYLE('',(#13103));
#13103 = SURFACE_STYLE_FILL_AREA(#13104);
#13104 = FILL_AREA_STYLE('',(#13105));
#13105 = FILL_AREA_STYLE_COLOUR('',#12524);
#13106 = STYLED_ITEM('color',(#13107),#3018);
#13107 = PRESENTATION_STYLE_ASSIGNMENT((#13108));
#13108 = SURFACE_STYLE_USAGE(.BOTH.,#13109);
#13109 = SURFACE_SIDE_STYLE('',(#13110));
#13110 = SURFACE_STYLE_FILL_AREA(#13111);
#13111 = FILL_AREA_STYLE('',(#13112));
#13112 = FILL_AREA_STYLE_COLOUR('',#12524);
#13113 = STYLED_ITEM('color',(#13114),#3043);
#13114 = PRESENTATION_STYLE_ASSIGNMENT((#13115));
#13115 = SURFACE_STYLE_USAGE(.BOTH.,#13116);
#13116 = SURFACE_SIDE_STYLE('',(#13117));
#13117 = SURFACE_STYLE_FILL_AREA(#13118);
#13118 = FILL_AREA_STYLE('',(#13119));
#13119 = FILL_AREA_STYLE_COLOUR('',#12524);
#13120 = STYLED_ITEM('color',(#13121),#3068);
#13121 = PRESENTATION_STYLE_ASSIGNMENT((#13122));
#13122 = SURFACE_STYLE_USAGE(.BOTH.,#13123);
#13123 = SURFACE_SIDE_STYLE('',(#13124));
#13124 = SURFACE_STYLE_FILL_AREA(#13125);
#13125 = FILL_AREA_STYLE('',(#13126));
#13126 = FILL_AREA_STYLE_COLOUR('',#12524);
#13127 = STYLED_ITEM('color',(#13128),#3135);
#13128 = PRESENTATION_STYLE_ASSIGNMENT((#13129));
#13129 = SURFACE_STYLE_USAGE(.BOTH.,#13130);
#13130 = SURFACE_SIDE_STYLE('',(#13131));
#13131 = SURFACE_STYLE_FILL_AREA(#13132);
#13132 = FILL_AREA_STYLE('',(#13133));
#13133 = FILL_AREA_STYLE_COLOUR('',#12524);
#13134 = STYLED_ITEM('color',(#13135),#3152);
#13135 = PRESENTATION_STYLE_ASSIGNMENT((#13136));
#13136 = SURFACE_STYLE_USAGE(.BOTH.,#13137);
#13137 = SURFACE_SIDE_STYLE('',(#13138));
#13138 = SURFACE_STYLE_FILL_AREA(#13139);
#13139 = FILL_AREA_STYLE('',(#13140));
#13140 = FILL_AREA_STYLE_COLOUR('',#12524);
#13141 = STYLED_ITEM('color',(#13142),#3169);
#13142 = PRESENTATION_STYLE_ASSIGNMENT((#13143));
#13143 = SURFACE_STYLE_USAGE(.BOTH.,#13144);
#13144 = SURFACE_SIDE_STYLE('',(#13145));
#13145 = SURFACE_STYLE_FILL_AREA(#13146);
#13146 = FILL_AREA_STYLE('',(#13147));
#13147 = FILL_AREA_STYLE_COLOUR('',#12963);
#13148 = STYLED_ITEM('color',(#13149),#3218);
#13149 = PRESENTATION_STYLE_ASSIGNMENT((#13150));
#13150 = SURFACE_STYLE_USAGE(.BOTH.,#13151);
#13151 = SURFACE_SIDE_STYLE('',(#13152));
#13152 = SURFACE_STYLE_FILL_AREA(#13153);
#13153 = FILL_AREA_STYLE('',(#13154));
#13154 = FILL_AREA_STYLE_COLOUR('',#12524);
#13155 = STYLED_ITEM('color',(#13156),#3235);
#13156 = PRESENTATION_STYLE_ASSIGNMENT((#13157));
#13157 = SURFACE_STYLE_USAGE(.BOTH.,#13158);
#13158 = SURFACE_SIDE_STYLE('',(#13159));
#13159 = SURFACE_STYLE_FILL_AREA(#13160);
#13160 = FILL_AREA_STYLE('',(#13161));
#13161 = FILL_AREA_STYLE_COLOUR('',#12524);
#13162 = STYLED_ITEM('color',(#13163),#3252);
#13163 = PRESENTATION_STYLE_ASSIGNMENT((#13164));
#13164 = SURFACE_STYLE_USAGE(.BOTH.,#13165);
#13165 = SURFACE_SIDE_STYLE('',(#13166));
#13166 = SURFACE_STYLE_FILL_AREA(#13167);
#13167 = FILL_AREA_STYLE('',(#13168));
#13168 = FILL_AREA_STYLE_COLOUR('',#12963);
#13169 = STYLED_ITEM('color',(#13170),#3301);
#13170 = PRESENTATION_STYLE_ASSIGNMENT((#13171));
#13171 = SURFACE_STYLE_USAGE(.BOTH.,#13172);
#13172 = SURFACE_SIDE_STYLE('',(#13173));
#13173 = SURFACE_STYLE_FILL_AREA(#13174);
#13174 = FILL_AREA_STYLE('',(#13175));
#13175 = FILL_AREA_STYLE_COLOUR('',#12963);
#13176 = STYLED_ITEM('color',(#13177),#3318);
#13177 = PRESENTATION_STYLE_ASSIGNMENT((#13178));
#13178 = SURFACE_STYLE_USAGE(.BOTH.,#13179);
#13179 = SURFACE_SIDE_STYLE('',(#13180));
#13180 = SURFACE_STYLE_FILL_AREA(#13181);
#13181 = FILL_AREA_STYLE('',(#13182));
#13182 = FILL_AREA_STYLE_COLOUR('',#12524);
#13183 = STYLED_ITEM('color',(#13184),#3387);
#13184 = PRESENTATION_STYLE_ASSIGNMENT((#13185));
#13185 = SURFACE_STYLE_USAGE(.BOTH.,#13186);
#13186 = SURFACE_SIDE_STYLE('',(#13187));
#13187 = SURFACE_STYLE_FILL_AREA(#13188);
#13188 = FILL_AREA_STYLE('',(#13189));
#13189 = FILL_AREA_STYLE_COLOUR('',#13006);
#13190 = STYLED_ITEM('color',(#13191),#3418);
#13191 = PRESENTATION_STYLE_ASSIGNMENT((#13192));
#13192 = SURFACE_STYLE_USAGE(.BOTH.,#13193);
#13193 = SURFACE_SIDE_STYLE('',(#13194));
#13194 = SURFACE_STYLE_FILL_AREA(#13195);
#13195 = FILL_AREA_STYLE('',(#13196));
#13196 = FILL_AREA_STYLE_COLOUR('',#13006);
#13197 = STYLED_ITEM('color',(#13198),#3442);
#13198 = PRESENTATION_STYLE_ASSIGNMENT((#13199));
#13199 = SURFACE_STYLE_USAGE(.BOTH.,#13200);
#13200 = SURFACE_SIDE_STYLE('',(#13201));
#13201 = SURFACE_STYLE_FILL_AREA(#13202);
#13202 = FILL_AREA_STYLE('',(#13203));
#13203 = FILL_AREA_STYLE_COLOUR('',#12524);
#13204 = STYLED_ITEM('color',(#13205),#3511);
#13205 = PRESENTATION_STYLE_ASSIGNMENT((#13206));
#13206 = SURFACE_STYLE_USAGE(.BOTH.,#13207);
#13207 = SURFACE_SIDE_STYLE('',(#13208));
#13208 = SURFACE_STYLE_FILL_AREA(#13209);
#13209 = FILL_AREA_STYLE('',(#13210));
#13210 = FILL_AREA_STYLE_COLOUR('',#13006);
#13211 = STYLED_ITEM('color',(#13212),#3535);
#13212 = PRESENTATION_STYLE_ASSIGNMENT((#13213));
#13213 = SURFACE_STYLE_USAGE(.BOTH.,#13214);
#13214 = SURFACE_SIDE_STYLE('',(#13215));
#13215 = SURFACE_STYLE_FILL_AREA(#13216);
#13216 = FILL_AREA_STYLE('',(#13217));
#13217 = FILL_AREA_STYLE_COLOUR('',#12524);
#13218 = STYLED_ITEM('color',(#13219),#3552);
#13219 = PRESENTATION_STYLE_ASSIGNMENT((#13220));
#13220 = SURFACE_STYLE_USAGE(.BOTH.,#13221);
#13221 = SURFACE_SIDE_STYLE('',(#13222));
#13222 = SURFACE_STYLE_FILL_AREA(#13223);
#13223 = FILL_AREA_STYLE('',(#13224));
#13224 = FILL_AREA_STYLE_COLOUR('',#12524);
#13225 = STYLED_ITEM('color',(#13226),#3569);
#13226 = PRESENTATION_STYLE_ASSIGNMENT((#13227));
#13227 = SURFACE_STYLE_USAGE(.BOTH.,#13228);
#13228 = SURFACE_SIDE_STYLE('',(#13229));
#13229 = SURFACE_STYLE_FILL_AREA(#13230);
#13230 = FILL_AREA_STYLE('',(#13231));
#13231 = FILL_AREA_STYLE_COLOUR('',#12524);
#13232 = STYLED_ITEM('color',(#13233),#3586);
#13233 = PRESENTATION_STYLE_ASSIGNMENT((#13234));
#13234 = SURFACE_STYLE_USAGE(.BOTH.,#13235);
#13235 = SURFACE_SIDE_STYLE('',(#13236));
#13236 = SURFACE_STYLE_FILL_AREA(#13237);
#13237 = FILL_AREA_STYLE('',(#13238));
#13238 = FILL_AREA_STYLE_COLOUR('',#12524);
#13239 = STYLED_ITEM('color',(#13240),#3603);
#13240 = PRESENTATION_STYLE_ASSIGNMENT((#13241));
#13241 = SURFACE_STYLE_USAGE(.BOTH.,#13242);
#13242 = SURFACE_SIDE_STYLE('',(#13243));
#13243 = SURFACE_STYLE_FILL_AREA(#13244);
#13244 = FILL_AREA_STYLE('',(#13245));
#13245 = FILL_AREA_STYLE_COLOUR('',#12524);
#13246 = STYLED_ITEM('color',(#13247),#3620);
#13247 = PRESENTATION_STYLE_ASSIGNMENT((#13248));
#13248 = SURFACE_STYLE_USAGE(.BOTH.,#13249);
#13249 = SURFACE_SIDE_STYLE('',(#13250));
#13250 = SURFACE_STYLE_FILL_AREA(#13251);
#13251 = FILL_AREA_STYLE('',(#13252));
#13252 = FILL_AREA_STYLE_COLOUR('',#12524);
#13253 = STYLED_ITEM('color',(#13254),#3637);
#13254 = PRESENTATION_STYLE_ASSIGNMENT((#13255));
#13255 = SURFACE_STYLE_USAGE(.BOTH.,#13256);
#13256 = SURFACE_SIDE_STYLE('',(#13257));
#13257 = SURFACE_STYLE_FILL_AREA(#13258);
#13258 = FILL_AREA_STYLE('',(#13259));
#13259 = FILL_AREA_STYLE_COLOUR('',#12524);
#13260 = STYLED_ITEM('color',(#13261),#3654);
#13261 = PRESENTATION_STYLE_ASSIGNMENT((#13262));
#13262 = SURFACE_STYLE_USAGE(.BOTH.,#13263);
#13263 = SURFACE_SIDE_STYLE('',(#13264));
#13264 = SURFACE_STYLE_FILL_AREA(#13265);
#13265 = FILL_AREA_STYLE('',(#13266));
#13266 = FILL_AREA_STYLE_COLOUR('',#13006);
#13267 = STYLED_ITEM('color',(#13268),#3671);
#13268 = PRESENTATION_STYLE_ASSIGNMENT((#13269));
#13269 = SURFACE_STYLE_USAGE(.BOTH.,#13270);
#13270 = SURFACE_SIDE_STYLE('',(#13271));
#13271 = SURFACE_STYLE_FILL_AREA(#13272);
#13272 = FILL_AREA_STYLE('',(#13273));
#13273 = FILL_AREA_STYLE_COLOUR('',#13006);
#13274 = MECHANICAL_DESIGN_GEOMETRIC_PRESENTATION_REPRESENTATION('',(
    #13275,#13282,#13289,#13296,#13303,#13310,#13317,#13324,#13331,
    #13338,#13345,#13352,#13359,#13366,#13373,#13380,#13387,#13394,
    #13401,#13408,#13415,#13422,#13429,#13436,#13443,#13450,#13457,
    #13464,#13471,#13478,#13485,#13492,#13499,#13506,#13513,#13520,
    #13528,#13535,#13542,#13549,#13556,#13563,#13570,#13577,#13584,
    #13591,#13598,#13605,#13612,#13619),#7719);
#13275 = STYLED_ITEM('color',(#13276),#6198);
#13276 = PRESENTATION_STYLE_ASSIGNMENT((#13277));
#13277 = SURFACE_STYLE_USAGE(.BOTH.,#13278);
#13278 = SURFACE_SIDE_STYLE('',(#13279));
#13279 = SURFACE_STYLE_FILL_AREA(#13280);
#13280 = FILL_AREA_STYLE('',(#13281));
#13281 = FILL_AREA_STYLE_COLOUR('',#12963);
#13282 = STYLED_ITEM('color',(#13283),#6238);
#13283 = PRESENTATION_STYLE_ASSIGNMENT((#13284));
#13284 = SURFACE_STYLE_USAGE(.BOTH.,#13285);
#13285 = SURFACE_SIDE_STYLE('',(#13286));
#13286 = SURFACE_STYLE_FILL_AREA(#13287);
#13287 = FILL_AREA_STYLE('',(#13288));
#13288 = FILL_AREA_STYLE_COLOUR('',#12963);
#13289 = STYLED_ITEM('color',(#13290),#6285);
#13290 = PRESENTATION_STYLE_ASSIGNMENT((#13291));
#13291 = SURFACE_STYLE_USAGE(.BOTH.,#13292);
#13292 = SURFACE_SIDE_STYLE('',(#13293));
#13293 = SURFACE_STYLE_FILL_AREA(#13294);
#13294 = FILL_AREA_STYLE('',(#13295));
#13295 = FILL_AREA_STYLE_COLOUR('',#12963);
#13296 = STYLED_ITEM('color',(#13297),#6364);
#13297 = PRESENTATION_STYLE_ASSIGNMENT((#13298));
#13298 = SURFACE_STYLE_USAGE(.BOTH.,#13299);
#13299 = SURFACE_SIDE_STYLE('',(#13300));
#13300 = SURFACE_STYLE_FILL_AREA(#13301);
#13301 = FILL_AREA_STYLE('',(#13302));
#13302 = FILL_AREA_STYLE_COLOUR('',#12963);
#13303 = STYLED_ITEM('color',(#13304),#6388);
#13304 = PRESENTATION_STYLE_ASSIGNMENT((#13305));
#13305 = SURFACE_STYLE_USAGE(.BOTH.,#13306);
#13306 = SURFACE_SIDE_STYLE('',(#13307));
#13307 = SURFACE_STYLE_FILL_AREA(#13308);
#13308 = FILL_AREA_STYLE('',(#13309));
#13309 = FILL_AREA_STYLE_COLOUR('',#12963);
#13310 = STYLED_ITEM('color',(#13311),#6428);
#13311 = PRESENTATION_STYLE_ASSIGNMENT((#13312));
#13312 = SURFACE_STYLE_USAGE(.BOTH.,#13313);
#13313 = SURFACE_SIDE_STYLE('',(#13314));
#13314 = SURFACE_STYLE_FILL_AREA(#13315);
#13315 = FILL_AREA_STYLE('',(#13316));
#13316 = FILL_AREA_STYLE_COLOUR('',#12963);
#13317 = STYLED_ITEM('color',(#13318),#6459);
#13318 = PRESENTATION_STYLE_ASSIGNMENT((#13319));
#13319 = SURFACE_STYLE_USAGE(.BOTH.,#13320);
#13320 = SURFACE_SIDE_STYLE('',(#13321));
#13321 = SURFACE_STYLE_FILL_AREA(#13322);
#13322 = FILL_AREA_STYLE('',(#13323));
#13323 = FILL_AREA_STYLE_COLOUR('',#12963);
#13324 = STYLED_ITEM('color',(#13325),#6476);
#13325 = PRESENTATION_STYLE_ASSIGNMENT((#13326));
#13326 = SURFACE_STYLE_USAGE(.BOTH.,#13327);
#13327 = SURFACE_SIDE_STYLE('',(#13328));
#13328 = SURFACE_STYLE_FILL_AREA(#13329);
#13329 = FILL_AREA_STYLE('',(#13330));
#13330 = FILL_AREA_STYLE_COLOUR('',#12081);
#13331 = STYLED_ITEM('color',(#13332),#6509);
#13332 = PRESENTATION_STYLE_ASSIGNMENT((#13333));
#13333 = SURFACE_STYLE_USAGE(.BOTH.,#13334);
#13334 = SURFACE_SIDE_STYLE('',(#13335));
#13335 = SURFACE_STYLE_FILL_AREA(#13336);
#13336 = FILL_AREA_STYLE('',(#13337));
#13337 = FILL_AREA_STYLE_COLOUR('',#12963);
#13338 = STYLED_ITEM('color',(#13339),#6533);
#13339 = PRESENTATION_STYLE_ASSIGNMENT((#13340));
#13340 = SURFACE_STYLE_USAGE(.BOTH.,#13341);
#13341 = SURFACE_SIDE_STYLE('',(#13342));
#13342 = SURFACE_STYLE_FILL_AREA(#13343);
#13343 = FILL_AREA_STYLE('',(#13344));
#13344 = FILL_AREA_STYLE_COLOUR('',#12081);
#13345 = STYLED_ITEM('color',(#13346),#6600);
#13346 = PRESENTATION_STYLE_ASSIGNMENT((#13347));
#13347 = SURFACE_STYLE_USAGE(.BOTH.,#13348);
#13348 = SURFACE_SIDE_STYLE('',(#13349));
#13349 = SURFACE_STYLE_FILL_AREA(#13350);
#13350 = FILL_AREA_STYLE('',(#13351));
#13351 = FILL_AREA_STYLE_COLOUR('',#12963);
#13352 = STYLED_ITEM('color',(#13353),#6721);
#13353 = PRESENTATION_STYLE_ASSIGNMENT((#13354));
#13354 = SURFACE_STYLE_USAGE(.BOTH.,#13355);
#13355 = SURFACE_SIDE_STYLE('',(#13356));
#13356 = SURFACE_STYLE_FILL_AREA(#13357);
#13357 = FILL_AREA_STYLE('',(#13358));
#13358 = FILL_AREA_STYLE_COLOUR('',#12081);
#13359 = STYLED_ITEM('color',(#13360),#6788);
#13360 = PRESENTATION_STYLE_ASSIGNMENT((#13361));
#13361 = SURFACE_STYLE_USAGE(.BOTH.,#13362);
#13362 = SURFACE_SIDE_STYLE('',(#13363));
#13363 = SURFACE_STYLE_FILL_AREA(#13364);
#13364 = FILL_AREA_STYLE('',(#13365));
#13365 = FILL_AREA_STYLE_COLOUR('',#12963);
#13366 = STYLED_ITEM('color',(#13367),#6812);
#13367 = PRESENTATION_STYLE_ASSIGNMENT((#13368));
#13368 = SURFACE_STYLE_USAGE(.BOTH.,#13369);
#13369 = SURFACE_SIDE_STYLE('',(#13370));
#13370 = SURFACE_STYLE_FILL_AREA(#13371);
#13371 = FILL_AREA_STYLE('',(#13372));
#13372 = FILL_AREA_STYLE_COLOUR('',#12963);
#13373 = STYLED_ITEM('color',(#13374),#6843);
#13374 = PRESENTATION_STYLE_ASSIGNMENT((#13375));
#13375 = SURFACE_STYLE_USAGE(.BOTH.,#13376);
#13376 = SURFACE_SIDE_STYLE('',(#13377));
#13377 = SURFACE_STYLE_FILL_AREA(#13378);
#13378 = FILL_AREA_STYLE('',(#13379));
#13379 = FILL_AREA_STYLE_COLOUR('',#12081);
#13380 = STYLED_ITEM('color',(#13381),#6876);
#13381 = PRESENTATION_STYLE_ASSIGNMENT((#13382));
#13382 = SURFACE_STYLE_USAGE(.BOTH.,#13383);
#13383 = SURFACE_SIDE_STYLE('',(#13384));
#13384 = SURFACE_STYLE_FILL_AREA(#13385);
#13385 = FILL_AREA_STYLE('',(#13386));
#13386 = FILL_AREA_STYLE_COLOUR('',#12963);
#13387 = STYLED_ITEM('color',(#13388),#6932);
#13388 = PRESENTATION_STYLE_ASSIGNMENT((#13389));
#13389 = SURFACE_STYLE_USAGE(.BOTH.,#13390);
#13390 = SURFACE_SIDE_STYLE('',(#13391));
#13391 = SURFACE_STYLE_FILL_AREA(#13392);
#13392 = FILL_AREA_STYLE('',(#13393));
#13393 = FILL_AREA_STYLE_COLOUR('',#12081);
#13394 = STYLED_ITEM('color',(#13395),#6956);
#13395 = PRESENTATION_STYLE_ASSIGNMENT((#13396));
#13396 = SURFACE_STYLE_USAGE(.BOTH.,#13397);
#13397 = SURFACE_SIDE_STYLE('',(#13398));
#13398 = SURFACE_STYLE_FILL_AREA(#13399);
#13399 = FILL_AREA_STYLE('',(#13400));
#13400 = FILL_AREA_STYLE_COLOUR('',#12081);
#13401 = STYLED_ITEM('color',(#13402),#6980);
#13402 = PRESENTATION_STYLE_ASSIGNMENT((#13403));
#13403 = SURFACE_STYLE_USAGE(.BOTH.,#13404);
#13404 = SURFACE_SIDE_STYLE('',(#13405));
#13405 = SURFACE_STYLE_FILL_AREA(#13406);
#13406 = FILL_AREA_STYLE('',(#13407));
#13407 = FILL_AREA_STYLE_COLOUR('',#12081);
#13408 = STYLED_ITEM('color',(#13409),#7004);
#13409 = PRESENTATION_STYLE_ASSIGNMENT((#13410));
#13410 = SURFACE_STYLE_USAGE(.BOTH.,#13411);
#13411 = SURFACE_SIDE_STYLE('',(#13412));
#13412 = SURFACE_STYLE_FILL_AREA(#13413);
#13413 = FILL_AREA_STYLE('',(#13414));
#13414 = FILL_AREA_STYLE_COLOUR('',#12081);
#13415 = STYLED_ITEM('color',(#13416),#7037);
#13416 = PRESENTATION_STYLE_ASSIGNMENT((#13417));
#13417 = SURFACE_STYLE_USAGE(.BOTH.,#13418);
#13418 = SURFACE_SIDE_STYLE('',(#13419));
#13419 = SURFACE_STYLE_FILL_AREA(#13420);
#13420 = FILL_AREA_STYLE('',(#13421));
#13421 = FILL_AREA_STYLE_COLOUR('',#12081);
#13422 = STYLED_ITEM('color',(#13423),#7049);
#13423 = PRESENTATION_STYLE_ASSIGNMENT((#13424));
#13424 = SURFACE_STYLE_USAGE(.BOTH.,#13425);
#13425 = SURFACE_SIDE_STYLE('',(#13426));
#13426 = SURFACE_STYLE_FILL_AREA(#13427);
#13427 = FILL_AREA_STYLE('',(#13428));
#13428 = FILL_AREA_STYLE_COLOUR('',#12081);
#13429 = STYLED_ITEM('color',(#13430),#7112);
#13430 = PRESENTATION_STYLE_ASSIGNMENT((#13431));
#13431 = SURFACE_STYLE_USAGE(.BOTH.,#13432);
#13432 = SURFACE_SIDE_STYLE('',(#13433));
#13433 = SURFACE_STYLE_FILL_AREA(#13434);
#13434 = FILL_AREA_STYLE('',(#13435));
#13435 = FILL_AREA_STYLE_COLOUR('',#12081);
#13436 = STYLED_ITEM('color',(#13437),#7137);
#13437 = PRESENTATION_STYLE_ASSIGNMENT((#13438));
#13438 = SURFACE_STYLE_USAGE(.BOTH.,#13439);
#13439 = SURFACE_SIDE_STYLE('',(#13440));
#13440 = SURFACE_STYLE_FILL_AREA(#13441);
#13441 = FILL_AREA_STYLE('',(#13442));
#13442 = FILL_AREA_STYLE_COLOUR('',#12081);
#13443 = STYLED_ITEM('color',(#13444),#7154);
#13444 = PRESENTATION_STYLE_ASSIGNMENT((#13445));
#13445 = SURFACE_STYLE_USAGE(.BOTH.,#13446);
#13446 = SURFACE_SIDE_STYLE('',(#13447));
#13447 = SURFACE_STYLE_FILL_AREA(#13448);
#13448 = FILL_AREA_STYLE('',(#13449));
#13449 = FILL_AREA_STYLE_COLOUR('',#12081);
#13450 = STYLED_ITEM('color',(#13451),#7178);
#13451 = PRESENTATION_STYLE_ASSIGNMENT((#13452));
#13452 = SURFACE_STYLE_USAGE(.BOTH.,#13453);
#13453 = SURFACE_SIDE_STYLE('',(#13454));
#13454 = SURFACE_STYLE_FILL_AREA(#13455);
#13455 = FILL_AREA_STYLE('',(#13456));
#13456 = FILL_AREA_STYLE_COLOUR('',#12081);
#13457 = STYLED_ITEM('color',(#13458),#7196);
#13458 = PRESENTATION_STYLE_ASSIGNMENT((#13459));
#13459 = SURFACE_STYLE_USAGE(.BOTH.,#13460);
#13460 = SURFACE_SIDE_STYLE('',(#13461));
#13461 = SURFACE_STYLE_FILL_AREA(#13462);
#13462 = FILL_AREA_STYLE('',(#13463));
#13463 = FILL_AREA_STYLE_COLOUR('',#12081);
#13464 = STYLED_ITEM('color',(#13465),#7214);
#13465 = PRESENTATION_STYLE_ASSIGNMENT((#13466));
#13466 = SURFACE_STYLE_USAGE(.BOTH.,#13467);
#13467 = SURFACE_SIDE_STYLE('',(#13468));
#13468 = SURFACE_STYLE_FILL_AREA(#13469);
#13469 = FILL_AREA_STYLE('',(#13470));
#13470 = FILL_AREA_STYLE_COLOUR('',#12081);
#13471 = STYLED_ITEM('color',(#13472),#7232);
#13472 = PRESENTATION_STYLE_ASSIGNMENT((#13473));
#13473 = SURFACE_STYLE_USAGE(.BOTH.,#13474);
#13474 = SURFACE_SIDE_STYLE('',(#13475));
#13475 = SURFACE_STYLE_FILL_AREA(#13476);
#13476 = FILL_AREA_STYLE('',(#13477));
#13477 = FILL_AREA_STYLE_COLOUR('',#12081);
#13478 = STYLED_ITEM('color',(#13479),#7249);
#13479 = PRESENTATION_STYLE_ASSIGNMENT((#13480));
#13480 = SURFACE_STYLE_USAGE(.BOTH.,#13481);
#13481 = SURFACE_SIDE_STYLE('',(#13482));
#13482 = SURFACE_STYLE_FILL_AREA(#13483);
#13483 = FILL_AREA_STYLE('',(#13484));
#13484 = FILL_AREA_STYLE_COLOUR('',#12081);
#13485 = STYLED_ITEM('color',(#13486),#7266);
#13486 = PRESENTATION_STYLE_ASSIGNMENT((#13487));
#13487 = SURFACE_STYLE_USAGE(.BOTH.,#13488);
#13488 = SURFACE_SIDE_STYLE('',(#13489));
#13489 = SURFACE_STYLE_FILL_AREA(#13490);
#13490 = FILL_AREA_STYLE('',(#13491));
#13491 = FILL_AREA_STYLE_COLOUR('',#12081);
#13492 = STYLED_ITEM('color',(#13493),#7297);
#13493 = PRESENTATION_STYLE_ASSIGNMENT((#13494));
#13494 = SURFACE_STYLE_USAGE(.BOTH.,#13495);
#13495 = SURFACE_SIDE_STYLE('',(#13496));
#13496 = SURFACE_STYLE_FILL_AREA(#13497);
#13497 = FILL_AREA_STYLE('',(#13498));
#13498 = FILL_AREA_STYLE_COLOUR('',#12081);
#13499 = STYLED_ITEM('color',(#13500),#7322);
#13500 = PRESENTATION_STYLE_ASSIGNMENT((#13501));
#13501 = SURFACE_STYLE_USAGE(.BOTH.,#13502);
#13502 = SURFACE_SIDE_STYLE('',(#13503));
#13503 = SURFACE_STYLE_FILL_AREA(#13504);
#13504 = FILL_AREA_STYLE('',(#13505));
#13505 = FILL_AREA_STYLE_COLOUR('',#12081);
#13506 = STYLED_ITEM('color',(#13507),#7347);
#13507 = PRESENTATION_STYLE_ASSIGNMENT((#13508));
#13508 = SURFACE_STYLE_USAGE(.BOTH.,#13509);
#13509 = SURFACE_SIDE_STYLE('',(#13510));
#13510 = SURFACE_STYLE_FILL_AREA(#13511);
#13511 = FILL_AREA_STYLE('',(#13512));
#13512 = FILL_AREA_STYLE_COLOUR('',#12081);
#13513 = STYLED_ITEM('color',(#13514),#7371);
#13514 = PRESENTATION_STYLE_ASSIGNMENT((#13515));
#13515 = SURFACE_STYLE_USAGE(.BOTH.,#13516);
#13516 = SURFACE_SIDE_STYLE('',(#13517));
#13517 = SURFACE_STYLE_FILL_AREA(#13518);
#13518 = FILL_AREA_STYLE('',(#13519));
#13519 = FILL_AREA_STYLE_COLOUR('',#12081);
#13520 = STYLED_ITEM('color',(#13521),#7388);
#13521 = PRESENTATION_STYLE_ASSIGNMENT((#13522));
#13522 = SURFACE_STYLE_USAGE(.BOTH.,#13523);
#13523 = SURFACE_SIDE_STYLE('',(#13524));
#13524 = SURFACE_STYLE_FILL_AREA(#13525);
#13525 = FILL_AREA_STYLE('',(#13526));
#13526 = FILL_AREA_STYLE_COLOUR('',#13527);
#13527 = COLOUR_RGB('',0.340000006699,0.68000001254,0.444999988852);
#13528 = STYLED_ITEM('color',(#13529),#7419);
#13529 = PRESENTATION_STYLE_ASSIGNMENT((#13530));
#13530 = SURFACE_STYLE_USAGE(.BOTH.,#13531);
#13531 = SURFACE_SIDE_STYLE('',(#13532));
#13532 = SURFACE_STYLE_FILL_AREA(#13533);
#13533 = FILL_AREA_STYLE('',(#13534));
#13534 = FILL_AREA_STYLE_COLOUR('',#13527);
#13535 = STYLED_ITEM('color',(#13536),#7443);
#13536 = PRESENTATION_STYLE_ASSIGNMENT((#13537));
#13537 = SURFACE_STYLE_USAGE(.BOTH.,#13538);
#13538 = SURFACE_SIDE_STYLE('',(#13539));
#13539 = SURFACE_STYLE_FILL_AREA(#13540);
#13540 = FILL_AREA_STYLE('',(#13541));
#13541 = FILL_AREA_STYLE_COLOUR('',#13527);
#13542 = STYLED_ITEM('color',(#13543),#7460);
#13543 = PRESENTATION_STYLE_ASSIGNMENT((#13544));
#13544 = SURFACE_STYLE_USAGE(.BOTH.,#13545);
#13545 = SURFACE_SIDE_STYLE('',(#13546));
#13546 = SURFACE_STYLE_FILL_AREA(#13547);
#13547 = FILL_AREA_STYLE('',(#13548));
#13548 = FILL_AREA_STYLE_COLOUR('',#12081);
#13549 = STYLED_ITEM('color',(#13550),#7488);
#13550 = PRESENTATION_STYLE_ASSIGNMENT((#13551));
#13551 = SURFACE_STYLE_USAGE(.BOTH.,#13552);
#13552 = SURFACE_SIDE_STYLE('',(#13553));
#13553 = SURFACE_STYLE_FILL_AREA(#13554);
#13554 = FILL_AREA_STYLE('',(#13555));
#13555 = FILL_AREA_STYLE_COLOUR('',#12081);
#13556 = STYLED_ITEM('color',(#13557),#7513);
#13557 = PRESENTATION_STYLE_ASSIGNMENT((#13558));
#13558 = SURFACE_STYLE_USAGE(.BOTH.,#13559);
#13559 = SURFACE_SIDE_STYLE('',(#13560));
#13560 = SURFACE_STYLE_FILL_AREA(#13561);
#13561 = FILL_AREA_STYLE('',(#13562));
#13562 = FILL_AREA_STYLE_COLOUR('',#12081);
#13563 = STYLED_ITEM('color',(#13564),#7537);
#13564 = PRESENTATION_STYLE_ASSIGNMENT((#13565));
#13565 = SURFACE_STYLE_USAGE(.BOTH.,#13566);
#13566 = SURFACE_SIDE_STYLE('',(#13567));
#13567 = SURFACE_STYLE_FILL_AREA(#13568);
#13568 = FILL_AREA_STYLE('',(#13569));
#13569 = FILL_AREA_STYLE_COLOUR('',#12081);
#13570 = STYLED_ITEM('color',(#13571),#7562);
#13571 = PRESENTATION_STYLE_ASSIGNMENT((#13572));
#13572 = SURFACE_STYLE_USAGE(.BOTH.,#13573);
#13573 = SURFACE_SIDE_STYLE('',(#13574));
#13574 = SURFACE_STYLE_FILL_AREA(#13575);
#13575 = FILL_AREA_STYLE('',(#13576));
#13576 = FILL_AREA_STYLE_COLOUR('',#12081);
#13577 = STYLED_ITEM('color',(#13578),#7609);
#13578 = PRESENTATION_STYLE_ASSIGNMENT((#13579));
#13579 = SURFACE_STYLE_USAGE(.BOTH.,#13580);
#13580 = SURFACE_SIDE_STYLE('',(#13581));
#13581 = SURFACE_STYLE_FILL_AREA(#13582);
#13582 = FILL_AREA_STYLE('',(#13583));
#13583 = FILL_AREA_STYLE_COLOUR('',#12081);
#13584 = STYLED_ITEM('color',(#13585),#7626);
#13585 = PRESENTATION_STYLE_ASSIGNMENT((#13586));
#13586 = SURFACE_STYLE_USAGE(.BOTH.,#13587);
#13587 = SURFACE_SIDE_STYLE('',(#13588));
#13588 = SURFACE_STYLE_FILL_AREA(#13589);
#13589 = FILL_AREA_STYLE('',(#13590));
#13590 = FILL_AREA_STYLE_COLOUR('',#12081);
#13591 = STYLED_ITEM('color',(#13592),#7638);
#13592 = PRESENTATION_STYLE_ASSIGNMENT((#13593));
#13593 = SURFACE_STYLE_USAGE(.BOTH.,#13594);
#13594 = SURFACE_SIDE_STYLE('',(#13595));
#13595 = SURFACE_STYLE_FILL_AREA(#13596);
#13596 = FILL_AREA_STYLE('',(#13597));
#13597 = FILL_AREA_STYLE_COLOUR('',#12081);
#13598 = STYLED_ITEM('color',(#13599),#7660);
#13599 = PRESENTATION_STYLE_ASSIGNMENT((#13600));
#13600 = SURFACE_STYLE_USAGE(.BOTH.,#13601);
#13601 = SURFACE_SIDE_STYLE('',(#13602));
#13602 = SURFACE_STYLE_FILL_AREA(#13603);
#13603 = FILL_AREA_STYLE('',(#13604));
#13604 = FILL_AREA_STYLE_COLOUR('',#12081);
#13605 = STYLED_ITEM('color',(#13606),#7672);
#13606 = PRESENTATION_STYLE_ASSIGNMENT((#13607));
#13607 = SURFACE_STYLE_USAGE(.BOTH.,#13608);
#13608 = SURFACE_SIDE_STYLE('',(#13609));
#13609 = SURFACE_STYLE_FILL_AREA(#13610);
#13610 = FILL_AREA_STYLE('',(#13611));
#13611 = FILL_AREA_STYLE_COLOUR('',#12081);
#13612 = STYLED_ITEM('color',(#13613),#7690);
#13613 = PRESENTATION_STYLE_ASSIGNMENT((#13614));
#13614 = SURFACE_STYLE_USAGE(.BOTH.,#13615);
#13615 = SURFACE_SIDE_STYLE('',(#13616));
#13616 = SURFACE_STYLE_FILL_AREA(#13617);
#13617 = FILL_AREA_STYLE('',(#13618));
#13618 = FILL_AREA_STYLE_COLOUR('',#12081);
#13619 = STYLED_ITEM('color',(#13620),#7708);
#13620 = PRESENTATION_STYLE_ASSIGNMENT((#13621));
#13621 = SURFACE_STYLE_USAGE(.BOTH.,#13622);
#13622 = SURFACE_SIDE_STYLE('',(#13623));
#13623 = SURFACE_STYLE_FILL_AREA(#13624);
#13624 = FILL_AREA_STYLE('',(#13625));
#13625 = FILL_AREA_STYLE_COLOUR('',#13527);
#13626 = MECHANICAL_DESIGN_GEOMETRIC_PRESENTATION_REPRESENTATION('',(
    #13627,#13634,#13641,#13648,#13655,#13662,#13669,#13676,#13683,
    #13690,#13697,#13704,#13711,#13718,#13725,#13732,#13739,#13746,
    #13753,#13760,#13767,#13774,#13781,#13788,#13795,#13802,#13809,
    #13816),#1098);
#13627 = STYLED_ITEM('color',(#13628),#246);
#13628 = PRESENTATION_STYLE_ASSIGNMENT((#13629));
#13629 = SURFACE_STYLE_USAGE(.BOTH.,#13630);
#13630 = SURFACE_SIDE_STYLE('',(#13631));
#13631 = SURFACE_STYLE_FILL_AREA(#13632);
#13632 = FILL_AREA_STYLE('',(#13633));
#13633 = FILL_AREA_STYLE_COLOUR('',#12524);
#13634 = STYLED_ITEM('color',(#13635),#322);
#13635 = PRESENTATION_STYLE_ASSIGNMENT((#13636));
#13636 = SURFACE_STYLE_USAGE(.BOTH.,#13637);
#13637 = SURFACE_SIDE_STYLE('',(#13638));
#13638 = SURFACE_STYLE_FILL_AREA(#13639);
#13639 = FILL_AREA_STYLE('',(#13640));
#13640 = FILL_AREA_STYLE_COLOUR('',#12524);
#13641 = STYLED_ITEM('color',(#13642),#353);
#13642 = PRESENTATION_STYLE_ASSIGNMENT((#13643));
#13643 = SURFACE_STYLE_USAGE(.BOTH.,#13644);
#13644 = SURFACE_SIDE_STYLE('',(#13645));
#13645 = SURFACE_STYLE_FILL_AREA(#13646);
#13646 = FILL_AREA_STYLE('',(#13647));
#13647 = FILL_AREA_STYLE_COLOUR('',#12524);
#13648 = STYLED_ITEM('color',(#13649),#378);
#13649 = PRESENTATION_STYLE_ASSIGNMENT((#13650));
#13650 = SURFACE_STYLE_USAGE(.BOTH.,#13651);
#13651 = SURFACE_SIDE_STYLE('',(#13652));
#13652 = SURFACE_STYLE_FILL_AREA(#13653);
#13653 = FILL_AREA_STYLE('',(#13654));
#13654 = FILL_AREA_STYLE_COLOUR('',#12524);
#13655 = STYLED_ITEM('color',(#13656),#403);
#13656 = PRESENTATION_STYLE_ASSIGNMENT((#13657));
#13657 = SURFACE_STYLE_USAGE(.BOTH.,#13658);
#13658 = SURFACE_SIDE_STYLE('',(#13659));
#13659 = SURFACE_STYLE_FILL_AREA(#13660);
#13660 = FILL_AREA_STYLE('',(#13661));
#13661 = FILL_AREA_STYLE_COLOUR('',#12524);
#13662 = STYLED_ITEM('color',(#13663),#427);
#13663 = PRESENTATION_STYLE_ASSIGNMENT((#13664));
#13664 = SURFACE_STYLE_USAGE(.BOTH.,#13665);
#13665 = SURFACE_SIDE_STYLE('',(#13666));
#13666 = SURFACE_STYLE_FILL_AREA(#13667);
#13667 = FILL_AREA_STYLE('',(#13668));
#13668 = FILL_AREA_STYLE_COLOUR('',#12524);
#13669 = STYLED_ITEM('color',(#13670),#451);
#13670 = PRESENTATION_STYLE_ASSIGNMENT((#13671));
#13671 = SURFACE_STYLE_USAGE(.BOTH.,#13672);
#13672 = SURFACE_SIDE_STYLE('',(#13673));
#13673 = SURFACE_STYLE_FILL_AREA(#13674);
#13674 = FILL_AREA_STYLE('',(#13675));
#13675 = FILL_AREA_STYLE_COLOUR('',#12524);
#13676 = STYLED_ITEM('color',(#13677),#476);
#13677 = PRESENTATION_STYLE_ASSIGNMENT((#13678));
#13678 = SURFACE_STYLE_USAGE(.BOTH.,#13679);
#13679 = SURFACE_SIDE_STYLE('',(#13680));
#13680 = SURFACE_STYLE_FILL_AREA(#13681);
#13681 = FILL_AREA_STYLE('',(#13682));
#13682 = FILL_AREA_STYLE_COLOUR('',#12524);
#13683 = STYLED_ITEM('color',(#13684),#501);
#13684 = PRESENTATION_STYLE_ASSIGNMENT((#13685));
#13685 = SURFACE_STYLE_USAGE(.BOTH.,#13686);
#13686 = SURFACE_SIDE_STYLE('',(#13687));
#13687 = SURFACE_STYLE_FILL_AREA(#13688);
#13688 = FILL_AREA_STYLE('',(#13689));
#13689 = FILL_AREA_STYLE_COLOUR('',#12524);
#13690 = STYLED_ITEM('color',(#13691),#518);
#13691 = PRESENTATION_STYLE_ASSIGNMENT((#13692));
#13692 = SURFACE_STYLE_USAGE(.BOTH.,#13693);
#13693 = SURFACE_SIDE_STYLE('',(#13694));
#13694 = SURFACE_STYLE_FILL_AREA(#13695);
#13695 = FILL_AREA_STYLE('',(#13696));
#13696 = FILL_AREA_STYLE_COLOUR('',#12524);
#13697 = STYLED_ITEM('color',(#13698),#604);
#13698 = PRESENTATION_STYLE_ASSIGNMENT((#13699));
#13699 = SURFACE_STYLE_USAGE(.BOTH.,#13700);
#13700 = SURFACE_SIDE_STYLE('',(#13701));
#13701 = SURFACE_STYLE_FILL_AREA(#13702);
#13702 = FILL_AREA_STYLE('',(#13703));
#13703 = FILL_AREA_STYLE_COLOUR('',#12786);
#13704 = STYLED_ITEM('color',(#13705),#636);
#13705 = PRESENTATION_STYLE_ASSIGNMENT((#13706));
#13706 = SURFACE_STYLE_USAGE(.BOTH.,#13707);
#13707 = SURFACE_SIDE_STYLE('',(#13708));
#13708 = SURFACE_STYLE_FILL_AREA(#13709);
#13709 = FILL_AREA_STYLE('',(#13710));
#13710 = FILL_AREA_STYLE_COLOUR('',#12786);
#13711 = STYLED_ITEM('color',(#13712),#660);
#13712 = PRESENTATION_STYLE_ASSIGNMENT((#13713));
#13713 = SURFACE_STYLE_USAGE(.BOTH.,#13714);
#13714 = SURFACE_SIDE_STYLE('',(#13715));
#13715 = SURFACE_STYLE_FILL_AREA(#13716);
#13716 = FILL_AREA_STYLE('',(#13717));
#13717 = FILL_AREA_STYLE_COLOUR('',#12786);
#13718 = STYLED_ITEM('color',(#13719),#685);
#13719 = PRESENTATION_STYLE_ASSIGNMENT((#13720));
#13720 = SURFACE_STYLE_USAGE(.BOTH.,#13721);
#13721 = SURFACE_SIDE_STYLE('',(#13722));
#13722 = SURFACE_STYLE_FILL_AREA(#13723);
#13723 = FILL_AREA_STYLE('',(#13724));
#13724 = FILL_AREA_STYLE_COLOUR('',#12786);
#13725 = STYLED_ITEM('color',(#13726),#709);
#13726 = PRESENTATION_STYLE_ASSIGNMENT((#13727));
#13727 = SURFACE_STYLE_USAGE(.BOTH.,#13728);
#13728 = SURFACE_SIDE_STYLE('',(#13729));
#13729 = SURFACE_STYLE_FILL_AREA(#13730);
#13730 = FILL_AREA_STYLE('',(#13731));
#13731 = FILL_AREA_STYLE_COLOUR('',#12786);
#13732 = STYLED_ITEM('color',(#13733),#734);
#13733 = PRESENTATION_STYLE_ASSIGNMENT((#13734));
#13734 = SURFACE_STYLE_USAGE(.BOTH.,#13735);
#13735 = SURFACE_SIDE_STYLE('',(#13736));
#13736 = SURFACE_STYLE_FILL_AREA(#13737);
#13737 = FILL_AREA_STYLE('',(#13738));
#13738 = FILL_AREA_STYLE_COLOUR('',#12786);
#13739 = STYLED_ITEM('color',(#13740),#758);
#13740 = PRESENTATION_STYLE_ASSIGNMENT((#13741));
#13741 = SURFACE_STYLE_USAGE(.BOTH.,#13742);
#13742 = SURFACE_SIDE_STYLE('',(#13743));
#13743 = SURFACE_STYLE_FILL_AREA(#13744);
#13744 = FILL_AREA_STYLE('',(#13745));
#13745 = FILL_AREA_STYLE_COLOUR('',#12786);
#13746 = STYLED_ITEM('color',(#13747),#783);
#13747 = PRESENTATION_STYLE_ASSIGNMENT((#13748));
#13748 = SURFACE_STYLE_USAGE(.BOTH.,#13749);
#13749 = SURFACE_SIDE_STYLE('',(#13750));
#13750 = SURFACE_STYLE_FILL_AREA(#13751);
#13751 = FILL_AREA_STYLE('',(#13752));
#13752 = FILL_AREA_STYLE_COLOUR('',#12786);
#13753 = STYLED_ITEM('color',(#13754),#800);
#13754 = PRESENTATION_STYLE_ASSIGNMENT((#13755));
#13755 = SURFACE_STYLE_USAGE(.BOTH.,#13756);
#13756 = SURFACE_SIDE_STYLE('',(#13757));
#13757 = SURFACE_STYLE_FILL_AREA(#13758);
#13758 = FILL_AREA_STYLE('',(#13759));
#13759 = FILL_AREA_STYLE_COLOUR('',#12524);
#13760 = STYLED_ITEM('color',(#13761),#886);
#13761 = PRESENTATION_STYLE_ASSIGNMENT((#13762));
#13762 = SURFACE_STYLE_USAGE(.BOTH.,#13763);
#13763 = SURFACE_SIDE_STYLE('',(#13764));
#13764 = SURFACE_STYLE_FILL_AREA(#13765);
#13765 = FILL_AREA_STYLE('',(#13766));
#13766 = FILL_AREA_STYLE_COLOUR('',#12524);
#13767 = STYLED_ITEM('color',(#13768),#917);
#13768 = PRESENTATION_STYLE_ASSIGNMENT((#13769));
#13769 = SURFACE_STYLE_USAGE(.BOTH.,#13770);
#13770 = SURFACE_SIDE_STYLE('',(#13771));
#13771 = SURFACE_STYLE_FILL_AREA(#13772);
#13772 = FILL_AREA_STYLE('',(#13773));
#13773 = FILL_AREA_STYLE_COLOUR('',#12524);
#13774 = STYLED_ITEM('color',(#13775),#942);
#13775 = PRESENTATION_STYLE_ASSIGNMENT((#13776));
#13776 = SURFACE_STYLE_USAGE(.BOTH.,#13777);
#13777 = SURFACE_SIDE_STYLE('',(#13778));
#13778 = SURFACE_STYLE_FILL_AREA(#13779);
#13779 = FILL_AREA_STYLE('',(#13780));
#13780 = FILL_AREA_STYLE_COLOUR('',#12524);
#13781 = STYLED_ITEM('color',(#13782),#967);
#13782 = PRESENTATION_STYLE_ASSIGNMENT((#13783));
#13783 = SURFACE_STYLE_USAGE(.BOTH.,#13784);
#13784 = SURFACE_SIDE_STYLE('',(#13785));
#13785 = SURFACE_STYLE_FILL_AREA(#13786);
#13786 = FILL_AREA_STYLE('',(#13787));
#13787 = FILL_AREA_STYLE_COLOUR('',#12524);
#13788 = STYLED_ITEM('color',(#13789),#991);
#13789 = PRESENTATION_STYLE_ASSIGNMENT((#13790));
#13790 = SURFACE_STYLE_USAGE(.BOTH.,#13791);
#13791 = SURFACE_SIDE_STYLE('',(#13792));
#13792 = SURFACE_STYLE_FILL_AREA(#13793);
#13793 = FILL_AREA_STYLE('',(#13794));
#13794 = FILL_AREA_STYLE_COLOUR('',#12524);
#13795 = STYLED_ITEM('color',(#13796),#1015);
#13796 = PRESENTATION_STYLE_ASSIGNMENT((#13797));
#13797 = SURFACE_STYLE_USAGE(.BOTH.,#13798);
#13798 = SURFACE_SIDE_STYLE('',(#13799));
#13799 = SURFACE_STYLE_FILL_AREA(#13800);
#13800 = FILL_AREA_STYLE('',(#13801));
#13801 = FILL_AREA_STYLE_COLOUR('',#12524);
#13802 = STYLED_ITEM('color',(#13803),#1040);
#13803 = PRESENTATION_STYLE_ASSIGNMENT((#13804));
#13804 = SURFACE_STYLE_USAGE(.BOTH.,#13805);
#13805 = SURFACE_SIDE_STYLE('',(#13806));
#13806 = SURFACE_STYLE_FILL_AREA(#13807);
#13807 = FILL_AREA_STYLE('',(#13808));
#13808 = FILL_AREA_STYLE_COLOUR('',#12524);
#13809 = STYLED_ITEM('color',(#13810),#1065);
#13810 = PRESENTATION_STYLE_ASSIGNMENT((#13811));
#13811 = SURFACE_STYLE_USAGE(.BOTH.,#13812);
#13812 = SURFACE_SIDE_STYLE('',(#13813));
#13813 = SURFACE_STYLE_FILL_AREA(#13814);
#13814 = FILL_AREA_STYLE('',(#13815));
#13815 = FILL_AREA_STYLE_COLOUR('',#12524);
#13816 = STYLED_ITEM('color',(#13817),#1082);
#13817 = PRESENTATION_STYLE_ASSIGNMENT((#13818));
#13818 = SURFACE_STYLE_USAGE(.BOTH.,#13819);
#13819 = SURFACE_SIDE_STYLE('',(#13820));
#13820 = SURFACE_STYLE_FILL_AREA(#13821);
#13821 = FILL_AREA_STYLE('',(#13822));
#13822 = FILL_AREA_STYLE_COLOUR('',#12524);
#13823 = MECHANICAL_DESIGN_GEOMETRIC_PRESENTATION_REPRESENTATION('',(
    #13824),#11907);
#13824 = STYLED_ITEM('color',(#13825),#8655);
#13825 = PRESENTATION_STYLE_ASSIGNMENT((#13826));
#13826 = SURFACE_STYLE_USAGE(.BOTH.,#13827);
#13827 = SURFACE_SIDE_STYLE('',(#13828));
#13828 = SURFACE_STYLE_FILL_AREA(#13829);
#13829 = FILL_AREA_STYLE('',(#13830));
#13830 = FILL_AREA_STYLE_COLOUR('',#13831);
#13831 = COLOUR_RGB('',0.313304153717,0.484529207832,0.410020903123);
ENDSEC;
END-ISO-10303-21;
