ISO-10303-21;
HEADER;
FILE_DESCRIPTION(('Open CASCADE Model'),'2;1');
FILE_NAME('lid','2026-09-16T00:00:00Z',('Author'),('Open CASCADE'),
  'Open CASCADE STEP processor 7.9','build123d','Unknown');
FILE_SCHEMA(('AUTOMOTIVE_DESIGN { 1 0 10303 214 1 1 1 1 }'));
ENDSEC;
DATA;
#1 = APPLICATION_PROTOCOL_DEFINITION('international standard',
  'automotive_design',2000,#2);
#2 = APPLICATION_CONTEXT(
  'core data for automotive mechanical design processes');
#3 = SHAPE_DEFINITION_REPRESENTATION(#4,#10);
#4 = PRODUCT_DEFINITION_SHAPE('','',#5);
#5 = PRODUCT_DEFINITION('design','',#6,#9);
#6 = PRODUCT_DEFINITION_FORMATION('','',#7);
#7 = PRODUCT('lid','lid','',(#8));
#8 = PRODUCT_CONTEXT('',#2,'mechanical');
#9 = PRODUCT_DEFINITION_CONTEXT('part definition',#2,'design');
#10 = SHAPE_REPRESENTATION('',(#11,#15),#19);
#11 = AXIS2_PLACEMENT_3D('',#12,#13,#14);
#12 = CARTESIAN_POINT('',(0.,0.,0.));
#13 = DIRECTION('',(0.,0.,1.));
#14 = DIRECTION('',(1.,0.,-0.));
#15 = AXIS2_PLACEMENT_3D('',#16,#17,#18);
#16 = CARTESIAN_POINT('',(0.,0.,0.));
#17 = DIRECTION('',(-0.,3.129955513418E-02,0.999510048898));
#18 = DIRECTION('',(1.,0.,0.));
#19 = ( GEOMETRIC_REPRESENTATION_CONTEXT(3) 
GLOBAL_UNCERTAINTY_ASSIGNED_CONTEXT((#23)) GLOBAL_UNIT_ASSIGNED_CONTEXT(
(#20,#21,#22)) REPRESENTATION_CONTEXT('Context #1',
  '3D Context with UNIT and UNCERTAINTY') );
#20 = ( LENGTH_UNIT() NAMED_UNIT(*) SI_UNIT(.MILLI.,.METRE.) );
#21 = ( NAMED_UNIT(*) PLANE_ANGLE_UNIT() SI_UNIT($,.RADIAN.) );
#22 = ( NAMED_UNIT(*) SI_UNIT($,.STERADIAN.) SOLID_ANGLE_UNIT() );
#23 = UNCERTAINTY_MEASURE_WITH_UNIT(LENGTH_MEASURE(1.E-06),#20,
  'distance_accuracy_value','confusion accuracy');
#24 = PRODUCT_RELATED_PRODUCT_CATEGORY('part',$,(#7));
#25 = SHAPE_DEFINITION_REPRESENTATION(#26,#32);
#26 = PRODUCT_DEFINITION_SHAPE('','',#27);
#27 = PRODUCT_DEFINITION('design','',#28,#31);
#28 = PRODUCT_DEFINITION_FORMATION('','',#29);
#29 = PRODUCT('lid','lid','',(#30));
#30 = PRODUCT_CONTEXT('',#2,'mechanical');
#31 = PRODUCT_DEFINITION_CONTEXT('part definition',#2,'design');
#32 = ADVANCED_BREP_SHAPE_REPRESENTATION('',(#11,#33),#6681);
#33 = MANIFOLD_SOLID_BREP('',#34);
#34 = CLOSED_SHELL('',(#35,#309,#1965,#2031,#2582,#3820,#3866,#3912,
    #3958,#4004,#4050,#4096,#4142,#4188,#4234,#4280,#4326,#4372,#4437,
    #4594,#4640,#4686,#4732,#4778,#4824,#4870,#4916,#4962,#5008,#5054,
    #5061,#5252,#5299,#5348,#5470,#5625,#5757,#5806,#5853,#5933,#5980,
    #6007,#6034,#6041,#6164,#6213,#6260,#6333,#6388,#6415,#6442,#6469,
    #6494,#6501,#6528,#6556,#6561,#6612,#6639,#6670,#6677));
#35 = ADVANCED_FACE('',(#36),#49,.T.);
#36 = FACE_BOUND('',#37,.T.);
#37 = EDGE_LOOP('',(#38,#111,#198,#224));
#38 = ORIENTED_EDGE('',*,*,#39,.T.);
#39 = EDGE_CURVE('',#40,#42,#44,.T.);
#40 = VERTEX_POINT('',#41);
#41 = CARTESIAN_POINT('',(9.57597885303E-02,7.1,0.231066741679));
#42 = VERTEX_POINT('',#43);
#43 = CARTESIAN_POINT('',(9.57597885303E-02,7.22,0.231066741679));
#44 = SURFACE_CURVE('',#45,(#48,#100),.PCURVE_S1.);
#45 = B_SPLINE_CURVE_WITH_KNOTS('',1,(#46,#47),.UNSPECIFIED.,.F.,.F.,(2,
    2),(0.,1.),.PIECEWISE_BEZIER_KNOTS.);
#46 = CARTESIAN_POINT('',(9.57597885303E-02,7.1,0.231066741679));
#47 = CARTESIAN_POINT('',(9.57597885303E-02,7.22,0.231066741679));
#48 = PCURVE('',#49,#94);
#49 = ( BOUNDED_SURFACE() B_SPLINE_SURFACE(1,3,(
    (#50,#51,#52,#53,#54,#55,#56,#57,#58,#59,#60,#61,#62,#63,#64,#65,#66
      ,#67,#68,#69,#70,#71)
    ,(#72,#73,#74,#75,#76,#77,#78,#79,#80,#81,#82,#83,#84,#85,#86,#87
      ,#88,#89,#90,#91,#92,#93
)),.UNSPECIFIED.,.F.,.F.,.F.) B_SPLINE_SURFACE_WITH_KNOTS((2,2),(4,1,1,1
    ,1,1,1,1,1,1,1,1,1,1,1,1,1,1,1,4),(0.,1.),(0.,5.24163189288E-02,
    0.104832637858,0.157248956786,0.209665275715,0.262081594644,
    0.314497913573,0.366914232502,0.41933055143,0.471746870359,
    0.524163189288,0.576579508217,0.628995827146,0.681412146074,
    0.733828465003,0.786244783932,0.838661102861,0.89107742179,
0.943493740718,1.),.UNSPECIFIED.) GEOMETRIC_REPRESENTATION_ITEM() 
RATIONAL_B_SPLINE_SURFACE((
    (1.,0.999999999991,1.000000000004,0.999999999999,1.,1.,1.,1.,1.,1.
      ,1.,1.,1.,1.,1.,1.,1.,0.999999999999,1.000000000003,0.99999999999
      ,1.000000000024,1.)
    ,(1.,0.999999999991,1.000000000004,0.999999999999,1.,1.,1.,1.,1.,1.
      ,1.,1.,1.,1.,1.,1.,1.,0.999999999999,1.000000000003,0.99999999999
,1.000000000024,1.))) REPRESENTATION_ITEM('') SURFACE() );
#50 = CARTESIAN_POINT('',(9.57597885303E-02,7.1,0.231066741679));
#51 = CARTESIAN_POINT('',(0.299350521837,7.100000000109,-0.562039478975)
  );
#52 = CARTESIAN_POINT('',(0.686503373319,7.09999999995,-2.153345041471)
  );
#53 = CARTESIAN_POINT('',(1.206759216715,7.100000000013,-4.554248334638)
  );
#54 = CARTESIAN_POINT('',(1.666214320426,7.099999999996,-6.967514480509)
  );
#55 = CARTESIAN_POINT('',(2.064574349212,7.100000000001,-9.391617478207)
  );
#56 = CARTESIAN_POINT('',(2.401585505567,7.1,-11.82500726977));
#57 = CARTESIAN_POINT('',(2.677032694958,7.1,-14.26613246536));
#58 = CARTESIAN_POINT('',(2.890740270384,7.1,-16.7134355141));
#59 = CARTESIAN_POINT('',(3.042571711734,7.1,-19.16535523656));
#60 = CARTESIAN_POINT('',(3.132430836314,7.1,-21.62032748432));
#61 = CARTESIAN_POINT('',(3.160257799159,7.1,-24.07678594432));
#62 = CARTESIAN_POINT('',(3.126044251961,7.1,-26.53316424842));
#63 = CARTESIAN_POINT('',(3.029776926445,7.1,-28.98789272485));
#64 = CARTESIAN_POINT('',(2.871648209872,7.1,-31.43941528031));
#65 = CARTESIAN_POINT('',(2.651270176115,7.100000000001,-33.88613111757)
  );
#66 = CARTESIAN_POINT('',(2.370607650857,7.099999999998,-36.32661697626)
  );
#67 = CARTESIAN_POINT('',(2.023031533441,7.100000000007,-38.75880243774)
  );
#68 = CARTESIAN_POINT('',(1.634171906958,7.099999999974,-41.1830524385)
  );
#69 = CARTESIAN_POINT('',(1.095803962927,7.100000000101,-43.65328833979)
  );
#70 = CARTESIAN_POINT('',(0.889501326157,7.099999999766,-45.3271199855)
  );
#71 = CARTESIAN_POINT('',(1.828478255456,7.1,-46.27271011403));
#72 = CARTESIAN_POINT('',(9.57597885303E-02,7.22,0.231066741679));
#73 = CARTESIAN_POINT('',(0.299350521837,7.220000000116,-0.562039478975)
  );
#74 = CARTESIAN_POINT('',(0.686503373319,7.219999999946,-2.153345041471)
  );
#75 = CARTESIAN_POINT('',(1.206759216715,7.220000000014,-4.554248334638)
  );
#76 = CARTESIAN_POINT('',(1.666214320426,7.219999999996,-6.967514480509)
  );
#77 = CARTESIAN_POINT('',(2.064574349212,7.220000000001,-9.391617478207)
  );
#78 = CARTESIAN_POINT('',(2.401585505567,7.22,-11.82500726977));
#79 = CARTESIAN_POINT('',(2.677032694958,7.22,-14.26613246536));
#80 = CARTESIAN_POINT('',(2.890740270384,7.22,-16.7134355141));
#81 = CARTESIAN_POINT('',(3.042571711734,7.22,-19.16535523656));
#82 = CARTESIAN_POINT('',(3.132430836314,7.22,-21.62032748432));
#83 = CARTESIAN_POINT('',(3.160257799159,7.22,-24.07678594432));
#84 = CARTESIAN_POINT('',(3.126044251961,7.22,-26.53316424842));
#85 = CARTESIAN_POINT('',(3.029776926445,7.22,-28.98789272485));
#86 = CARTESIAN_POINT('',(2.871648209872,7.22,-31.43941528031));
#87 = CARTESIAN_POINT('',(2.651270176115,7.22,-33.88613111757));
#88 = CARTESIAN_POINT('',(2.370607650857,7.22,-36.32661697626));
#89 = CARTESIAN_POINT('',(2.023031533441,7.220000000002,-38.75880243774)
  );
#90 = CARTESIAN_POINT('',(1.634171906958,7.219999999994,-41.1830524385)
  );
#91 = CARTESIAN_POINT('',(1.095803962927,7.220000000024,-43.65328833979)
  );
#92 = CARTESIAN_POINT('',(0.889501326157,7.219999999944,-45.3271199855)
  );
#93 = CARTESIAN_POINT('',(1.828478255456,7.22,-46.27271011403));
#94 = DEFINITIONAL_REPRESENTATION('',(#95),#99);
#95 = LINE('',#96,#97);
#96 = CARTESIAN_POINT('',(0.,0.));
#97 = VECTOR('',#98,1.);
#98 = DIRECTION('',(1.,0.));
#99 = ( GEOMETRIC_REPRESENTATION_CONTEXT(2) 
PARAMETRIC_REPRESENTATION_CONTEXT() REPRESENTATION_CONTEXT('2D SPACE',''
  ) );
#100 = PCURVE('',#101,#106);
#101 = PLANE('',#102);
#102 = AXIS2_PLACEMENT_3D('',#103,#104,#105);
#103 = CARTESIAN_POINT('',(9.57597885303E-02,7.1,0.231066741679));
#104 = DIRECTION('',(-0.248644785141,-4.063876188863E-16,0.968594740241)
  );
#105 = DIRECTION('',(0.968572480859,6.779505212817E-03,0.248639071008));
#106 = DEFINITIONAL_REPRESENTATION('',(#107),#110);
#107 = B_SPLINE_CURVE_WITH_KNOTS('',1,(#108,#109),.UNSPECIFIED.,.F.,.F.,
  (2,2),(0.,1.),.PIECEWISE_BEZIER_KNOTS.);
#108 = CARTESIAN_POINT('',(0.,0.));
#109 = CARTESIAN_POINT('',(8.13540625538E-04,0.119997242267));
#110 = ( GEOMETRIC_REPRESENTATION_CONTEXT(2) 
PARAMETRIC_REPRESENTATION_CONTEXT() REPRESENTATION_CONTEXT('2D SPACE',''
  ) );
#111 = ORIENTED_EDGE('',*,*,#112,.T.);
#112 = EDGE_CURVE('',#42,#113,#115,.T.);
#113 = VERTEX_POINT('',#114);
#114 = CARTESIAN_POINT('',(1.828478255456,7.22,-46.27271011403));
#115 = SURFACE_CURVE('',#116,(#139,#146),.PCURVE_S1.);
#116 = ( BOUNDED_CURVE() B_SPLINE_CURVE(3,(#117,#118,#119,#120,#121,#122
    ,#123,#124,#125,#126,#127,#128,#129,#130,#131,#132,#133,#134,#135,
#136,#137,#138),.UNSPECIFIED.,.F.,.F.) B_SPLINE_CURVE_WITH_KNOTS((4,1,1,
    1,1,1,1,1,1,1,1,1,1,1,1,1,1,1,1,4),(0.,5.24163189288E-02,
    0.104832637858,0.157248956786,0.209665275715,0.262081594644,
    0.314497913573,0.366914232502,0.41933055143,0.471746870359,
    0.524163189288,0.576579508217,0.628995827146,0.681412146074,
    0.733828465003,0.786244783932,0.838661102861,0.89107742179,
0.943493740718,1.),.UNSPECIFIED.) CURVE() GEOMETRIC_REPRESENTATION_ITEM(
) RATIONAL_B_SPLINE_CURVE((1.,0.999999999991,1.000000000004,
    0.999999999999,1.,1.,1.,1.,1.,1.,1.,1.,1.,1.,1.,1.,1.,0.999999999999
    ,1.000000000003,0.99999999999,1.000000000024,1.)) 
REPRESENTATION_ITEM('') );
#117 = CARTESIAN_POINT('',(9.57597885303E-02,7.22,0.231066741679));
#118 = CARTESIAN_POINT('',(0.299350521837,7.220000000116,-0.562039478975
    ));
#119 = CARTESIAN_POINT('',(0.686503373319,7.219999999946,-2.153345041471
    ));
#120 = CARTESIAN_POINT('',(1.206759216715,7.220000000014,-4.554248334638
    ));
#121 = CARTESIAN_POINT('',(1.666214320426,7.219999999996,-6.967514480509
    ));
#122 = CARTESIAN_POINT('',(2.064574349212,7.220000000001,-9.391617478207
    ));
#123 = CARTESIAN_POINT('',(2.401585505567,7.22,-11.82500726977));
#124 = CARTESIAN_POINT('',(2.677032694958,7.22,-14.26613246536));
#125 = CARTESIAN_POINT('',(2.890740270384,7.22,-16.7134355141));
#126 = CARTESIAN_POINT('',(3.042571711734,7.22,-19.16535523656));
#127 = CARTESIAN_POINT('',(3.132430836314,7.22,-21.62032748432));
#128 = CARTESIAN_POINT('',(3.160257799159,7.22,-24.07678594432));
#129 = CARTESIAN_POINT('',(3.126044251961,7.22,-26.53316424842));
#130 = CARTESIAN_POINT('',(3.029776926445,7.22,-28.98789272485));
#131 = CARTESIAN_POINT('',(2.871648209872,7.22,-31.43941528031));
#132 = CARTESIAN_POINT('',(2.651270176115,7.22,-33.88613111757));
#133 = CARTESIAN_POINT('',(2.370607650857,7.22,-36.32661697626));
#134 = CARTESIAN_POINT('',(2.023031533441,7.220000000002,-38.75880243774
    ));
#135 = CARTESIAN_POINT('',(1.634171906958,7.219999999994,-41.1830524385)
  );
#136 = CARTESIAN_POINT('',(1.095803962927,7.220000000024,-43.65328833979
    ));
#137 = CARTESIAN_POINT('',(0.889501326157,7.219999999944,-45.3271199855)
  );
#138 = CARTESIAN_POINT('',(1.828478255456,7.22,-46.27271011403));
#139 = PCURVE('',#49,#140);
#140 = DEFINITIONAL_REPRESENTATION('',(#141),#145);
#141 = LINE('',#142,#143);
#142 = CARTESIAN_POINT('',(1.,0.));
#143 = VECTOR('',#144,1.);
#144 = DIRECTION('',(0.,1.));
#145 = ( GEOMETRIC_REPRESENTATION_CONTEXT(2) 
PARAMETRIC_REPRESENTATION_CONTEXT() REPRESENTATION_CONTEXT('2D SPACE',''
  ) );
#146 = PCURVE('',#147,#192);
#147 = ( BOUNDED_SURFACE() B_SPLINE_SURFACE(1,3,(
    (#148,#149,#150,#151,#152,#153,#154,#155,#156,#157,#158,#159,#160
      ,#161,#162,#163,#164,#165,#166,#167,#168,#169)
    ,(#170,#171,#172,#173,#174,#175,#176,#177,#178,#179,#180,#181,#182
      ,#183,#184,#185,#186,#187,#188,#189,#190,#191
)),.UNSPECIFIED.,.F.,.F.,.F.) B_SPLINE_SURFACE_WITH_KNOTS((2,2),(4,1,1,1
    ,1,1,1,1,1,1,1,1,1,1,1,1,1,1,1,4),(1.,2.),(0.,5.24163189288E-02,
    0.104832637858,0.157248956786,0.209665275715,0.262081594644,
    0.314497913573,0.366914232502,0.41933055143,0.471746870359,
    0.524163189288,0.576579508217,0.628995827146,0.681412146074,
    0.733828465003,0.786244783932,0.838661102861,0.89107742179,
0.943493740718,1.),.UNSPECIFIED.) GEOMETRIC_REPRESENTATION_ITEM() 
RATIONAL_B_SPLINE_SURFACE((
    (1.,0.999999999991,1.000000000004,0.999999999999,1.,1.,1.,1.,1.,1.
      ,1.,1.,1.,1.,1.,1.,1.,0.999999999999,1.000000000003,0.99999999999
      ,1.000000000024,1.)
    ,(1.,0.999999999991,1.000000000004,0.999999999999,1.,1.,1.,1.,1.,1.
      ,1.,1.,1.,1.,1.,1.,1.,0.999999999999,1.000000000003,0.99999999999
,1.000000000024,1.))) REPRESENTATION_ITEM('') SURFACE() );
#148 = CARTESIAN_POINT('',(9.57597885303E-02,7.22,0.231066741679));
#149 = CARTESIAN_POINT('',(0.299350521837,7.220000000116,-0.562039478975
    ));
#150 = CARTESIAN_POINT('',(0.686503373319,7.219999999946,-2.153345041471
    ));
#151 = CARTESIAN_POINT('',(1.206759216715,7.220000000014,-4.554248334638
    ));
#152 = CARTESIAN_POINT('',(1.666214320426,7.219999999996,-6.967514480509
    ));
#153 = CARTESIAN_POINT('',(2.064574349212,7.220000000001,-9.391617478207
    ));
#154 = CARTESIAN_POINT('',(2.401585505567,7.22,-11.82500726977));
#155 = CARTESIAN_POINT('',(2.677032694958,7.22,-14.26613246536));
#156 = CARTESIAN_POINT('',(2.890740270384,7.22,-16.7134355141));
#157 = CARTESIAN_POINT('',(3.042571711734,7.22,-19.16535523656));
#158 = CARTESIAN_POINT('',(3.132430836314,7.22,-21.62032748432));
#159 = CARTESIAN_POINT('',(3.160257799159,7.22,-24.07678594432));
#160 = CARTESIAN_POINT('',(3.126044251961,7.22,-26.53316424842));
#161 = CARTESIAN_POINT('',(3.029776926445,7.22,-28.98789272485));
#162 = CARTESIAN_POINT('',(2.871648209872,7.22,-31.43941528031));
#163 = CARTESIAN_POINT('',(2.651270176115,7.22,-33.88613111757));
#164 = CARTESIAN_POINT('',(2.370607650857,7.22,-36.32661697626));
#165 = CARTESIAN_POINT('',(2.023031533441,7.220000000002,-38.75880243774
    ));
#166 = CARTESIAN_POINT('',(1.634171906958,7.219999999994,-41.1830524385)
  );
#167 = CARTESIAN_POINT('',(1.095803962927,7.220000000024,-43.65328833979
    ));
#168 = CARTESIAN_POINT('',(0.889501326157,7.219999999944,-45.3271199855)
  );
#169 = CARTESIAN_POINT('',(1.828478255456,7.22,-46.27271011403));
#170 = CARTESIAN_POINT('',(0.103051875333,7.334863049154,0.232938669412)
  );
#171 = CARTESIAN_POINT('',(0.306658369025,7.334863049098,-0.560228947516
    ));
#172 = CARTESIAN_POINT('',(0.693841190832,7.33486304918,-2.151657695979)
  );
#173 = CARTESIAN_POINT('',(1.214137308331,7.334863049147,-4.552746848288
    ));
#174 = CARTESIAN_POINT('',(1.673627979433,7.334863049156,-6.966199810152
    ));
#175 = CARTESIAN_POINT('',(2.07201884611,7.334863049153,-9.390490462796)
  );
#176 = CARTESIAN_POINT('',(2.40905609121,7.334863049154,-11.82406862821)
  );
#177 = CARTESIAN_POINT('',(2.684524603551,7.334863049154,-14.26538279645
    ));
#178 = CARTESIAN_POINT('',(2.89824872253,7.334863049154,-16.7128752961)
  );
#179 = CARTESIAN_POINT('',(3.050091917481,7.334863049154,-19.16498482684
    ));
#180 = CARTESIAN_POINT('',(3.139957998214,7.334863049154,-21.62014711918
    ));
#181 = CARTESIAN_POINT('',(3.167787115321,7.334863049154,-24.07679573885
    ));
#182 = CARTESIAN_POINT('',(3.133570919142,7.334863049154,-26.53336419628
    ));
#183 = CARTESIAN_POINT('',(3.037296143,7.334863049154,-28.98828269881));
#184 = CARTESIAN_POINT('',(2.879155179262,7.334863049154,-31.4399950304)
  );
#185 = CARTESIAN_POINT('',(2.658760108295,7.334863049153,-33.88690027839
    ));
#186 = CARTESIAN_POINT('',(2.378075771568,7.334863049154,-36.32757504051
    ));
#187 = CARTESIAN_POINT('',(2.030473063989,7.334863049151,-38.75994885627
    ));
#188 = CARTESIAN_POINT('',(1.641582154096,7.334863049163,-41.18438624842
    ));
#189 = CARTESIAN_POINT('',(1.103177055918,7.334863049119,-43.65481442863
    ));
#190 = CARTESIAN_POINT('',(0.896846491579,7.334863049234,-45.32877286552
    ));
#191 = CARTESIAN_POINT('',(1.835810878413,7.334863049154,-46.27441636252
    ));
#192 = DEFINITIONAL_REPRESENTATION('',(#193),#197);
#193 = LINE('',#194,#195);
#194 = CARTESIAN_POINT('',(1.,0.));
#195 = VECTOR('',#196,1.);
#196 = DIRECTION('',(0.,1.));
#197 = ( GEOMETRIC_REPRESENTATION_CONTEXT(2) 
PARAMETRIC_REPRESENTATION_CONTEXT() REPRESENTATION_CONTEXT('2D SPACE',''
  ) );
#198 = ORIENTED_EDGE('',*,*,#199,.F.);
#199 = EDGE_CURVE('',#200,#113,#202,.T.);
#200 = VERTEX_POINT('',#201);
#201 = CARTESIAN_POINT('',(1.828478255456,7.1,-46.27271011403));
#202 = SURFACE_CURVE('',#203,(#206,#213),.PCURVE_S1.);
#203 = B_SPLINE_CURVE_WITH_KNOTS('',1,(#204,#205),.UNSPECIFIED.,.F.,.F.,
  (2,2),(0.,1.),.PIECEWISE_BEZIER_KNOTS.);
#204 = CARTESIAN_POINT('',(1.828478255456,7.1,-46.27271011403));
#205 = CARTESIAN_POINT('',(1.828478255456,7.22,-46.27271011403));
#206 = PCURVE('',#49,#207);
#207 = DEFINITIONAL_REPRESENTATION('',(#208),#212);
#208 = LINE('',#209,#210);
#209 = CARTESIAN_POINT('',(0.,1.));
#210 = VECTOR('',#211,1.);
#211 = DIRECTION('',(1.,0.));
#212 = ( GEOMETRIC_REPRESENTATION_CONTEXT(2) 
PARAMETRIC_REPRESENTATION_CONTEXT() REPRESENTATION_CONTEXT('2D SPACE',''
  ) );
#213 = PCURVE('',#214,#219);
#214 = PLANE('',#215);
#215 = AXIS2_PLACEMENT_3D('',#216,#217,#218);
#216 = CARTESIAN_POINT('',(1.828478255456,7.1,-46.27271011403));
#217 = DIRECTION('',(0.226637911096,-1.860845442947E-15,0.973979084608)
  );
#218 = DIRECTION('',(0.973948802227,7.885546797874E-03,-0.226630864605)
  );
#219 = DEFINITIONAL_REPRESENTATION('',(#220),#223);
#220 = B_SPLINE_CURVE_WITH_KNOTS('',1,(#221,#222),.UNSPECIFIED.,.F.,.F.,
  (2,2),(0.,1.),.PIECEWISE_BEZIER_KNOTS.);
#221 = CARTESIAN_POINT('',(0.,0.));
#222 = CARTESIAN_POINT('',(9.462656157453E-04,0.119996269031));
#223 = ( GEOMETRIC_REPRESENTATION_CONTEXT(2) 
PARAMETRIC_REPRESENTATION_CONTEXT() REPRESENTATION_CONTEXT('2D SPACE',''
  ) );
#224 = ORIENTED_EDGE('',*,*,#225,.F.);
#225 = EDGE_CURVE('',#40,#200,#226,.T.);
#226 = SURFACE_CURVE('',#227,(#250,#257),.PCURVE_S1.);
#227 = ( BOUNDED_CURVE() B_SPLINE_CURVE(3,(#228,#229,#230,#231,#232,#233
    ,#234,#235,#236,#237,#238,#239,#240,#241,#242,#243,#244,#245,#246,
#247,#248,#249),.UNSPECIFIED.,.F.,.F.) B_SPLINE_CURVE_WITH_KNOTS((4,1,1,
    1,1,1,1,1,1,1,1,1,1,1,1,1,1,1,1,4),(0.,5.24163189288E-02,
    0.104832637858,0.157248956786,0.209665275715,0.262081594644,
    0.314497913573,0.366914232502,0.41933055143,0.471746870359,
    0.524163189288,0.576579508217,0.628995827146,0.681412146074,
    0.733828465003,0.786244783932,0.838661102861,0.89107742179,
0.943493740718,1.),.UNSPECIFIED.) CURVE() GEOMETRIC_REPRESENTATION_ITEM(
) RATIONAL_B_SPLINE_CURVE((1.,0.999999999991,1.000000000004,
    0.999999999999,1.,1.,1.,1.,1.,1.,1.,1.,1.,1.,1.,1.,1.,0.999999999999
    ,1.000000000003,0.99999999999,1.000000000024,1.)) 
REPRESENTATION_ITEM('') );
#228 = CARTESIAN_POINT('',(9.57597885303E-02,7.1,0.231066741679));
#229 = CARTESIAN_POINT('',(0.299350521837,7.100000000109,-0.562039478975
    ));
#230 = CARTESIAN_POINT('',(0.686503373319,7.09999999995,-2.153345041471)
  );
#231 = CARTESIAN_POINT('',(1.206759216715,7.100000000013,-4.554248334638
    ));
#232 = CARTESIAN_POINT('',(1.666214320426,7.099999999996,-6.967514480509
    ));
#233 = CARTESIAN_POINT('',(2.064574349212,7.100000000001,-9.391617478207
    ));
#234 = CARTESIAN_POINT('',(2.401585505567,7.1,-11.82500726977));
#235 = CARTESIAN_POINT('',(2.677032694958,7.1,-14.26613246536));
#236 = CARTESIAN_POINT('',(2.890740270384,7.1,-16.7134355141));
#237 = CARTESIAN_POINT('',(3.042571711734,7.1,-19.16535523656));
#238 = CARTESIAN_POINT('',(3.132430836314,7.1,-21.62032748432));
#239 = CARTESIAN_POINT('',(3.160257799159,7.1,-24.07678594432));
#240 = CARTESIAN_POINT('',(3.126044251961,7.1,-26.53316424842));
#241 = CARTESIAN_POINT('',(3.029776926445,7.1,-28.98789272485));
#242 = CARTESIAN_POINT('',(2.871648209872,7.1,-31.43941528031));
#243 = CARTESIAN_POINT('',(2.651270176115,7.100000000001,-33.88613111757
    ));
#244 = CARTESIAN_POINT('',(2.370607650857,7.099999999998,-36.32661697626
    ));
#245 = CARTESIAN_POINT('',(2.023031533441,7.100000000007,-38.75880243774
    ));
#246 = CARTESIAN_POINT('',(1.634171906958,7.099999999974,-41.1830524385)
  );
#247 = CARTESIAN_POINT('',(1.095803962927,7.100000000101,-43.65328833979
    ));
#248 = CARTESIAN_POINT('',(0.889501326157,7.099999999766,-45.3271199855)
  );
#249 = CARTESIAN_POINT('',(1.828478255456,7.1,-46.27271011403));
#250 = PCURVE('',#49,#251);
#251 = DEFINITIONAL_REPRESENTATION('',(#252),#256);
#252 = LINE('',#253,#254);
#253 = CARTESIAN_POINT('',(0.,0.));
#254 = VECTOR('',#255,1.);
#255 = DIRECTION('',(0.,1.));
#256 = ( GEOMETRIC_REPRESENTATION_CONTEXT(2) 
PARAMETRIC_REPRESENTATION_CONTEXT() REPRESENTATION_CONTEXT('2D SPACE',''
  ) );
#257 = PCURVE('',#258,#303);
#258 = ( BOUNDED_SURFACE() B_SPLINE_SURFACE(1,3,(
    (#259,#260,#261,#262,#263,#264,#265,#266,#267,#268,#269,#270,#271
      ,#272,#273,#274,#275,#276,#277,#278,#279,#280)
    ,(#281,#282,#283,#284,#285,#286,#287,#288,#289,#290,#291,#292,#293
      ,#294,#295,#296,#297,#298,#299,#300,#301,#302
)),.UNSPECIFIED.,.F.,.F.,.F.) B_SPLINE_SURFACE_WITH_KNOTS((2,2),(4,1,1,1
    ,1,1,1,1,1,1,1,1,1,1,1,1,1,1,1,4),(42.,43.),(0.,5.24163189288E-02,
    0.104832637858,0.157248956786,0.209665275715,0.262081594644,
    0.314497913573,0.366914232502,0.41933055143,0.471746870359,
    0.524163189288,0.576579508217,0.628995827146,0.681412146074,
    0.733828465003,0.786244783932,0.838661102861,0.89107742179,
0.943493740718,1.),.UNSPECIFIED.) GEOMETRIC_REPRESENTATION_ITEM() 
RATIONAL_B_SPLINE_SURFACE((
    (1.,0.999999999991,1.000000000004,0.999999999999,1.,1.,1.,1.,1.,1.
      ,1.,1.,1.,1.,1.,1.,1.,0.999999999999,1.000000000003,0.99999999999
      ,1.000000000024,1.)
    ,(1.,0.999999999991,1.000000000004,0.999999999999,1.,1.,1.,1.,1.,1.
      ,1.,1.,1.,1.,1.,1.,1.,0.999999999999,1.000000000003,0.99999999999
,1.000000000024,1.))) REPRESENTATION_ITEM('') SURFACE() );
#259 = CARTESIAN_POINT('',(17.239886690793,7.1,4.632079438675));
#260 = CARTESIAN_POINT('',(17.480531029484,7.100000000109,3.694627527544
    ));
#261 = CARTESIAN_POINT('',(17.938145874771,7.09999999995,1.813703634306)
  );
#262 = CARTESIAN_POINT('',(18.553088516686,7.100000000013,
    -1.024165142547));
#263 = CARTESIAN_POINT('',(19.09616465643,7.099999999996,-3.876646816659
    ));
#264 = CARTESIAN_POINT('',(19.56702639157,7.100000000001,-6.741937654919
    ));
#265 = CARTESIAN_POINT('',(19.965373726011,7.1,-9.618205486377));
#266 = CARTESIAN_POINT('',(20.290952445275,7.1,-12.50361657389));
#267 = CARTESIAN_POINT('',(20.54355483243,7.1,-15.39632986789));
#268 = CARTESIAN_POINT('',(20.723019901678,7.1,-18.29450014224));
#269 = CARTESIAN_POINT('',(20.829232542988,7.1,-21.19627824189));
#270 = CARTESIAN_POINT('',(20.862127326721,7.1,-24.09981401906));
#271 = CARTESIAN_POINT('',(20.821674578671,7.1,-27.00325141704));
#272 = CARTESIAN_POINT('',(20.707932534598,7.1,-29.90475228349));
#273 = CARTESIAN_POINT('',(20.520852727372,7.1,-32.80241312269));
#274 = CARTESIAN_POINT('',(20.261006185105,7.100000000001,
    -35.69458136211));
#275 = CARTESIAN_POINT('',(19.926872973723,7.099999999998,-38.5786806181
    ));
#276 = CARTESIAN_POINT('',(19.524957371959,7.100000000007,-41.4556004413
    ));
#277 = CARTESIAN_POINT('',(19.032036993712,7.099999999974,
    -44.31331913046));
#278 = CARTESIAN_POINT('',(18.52315002793,7.100000000101,-47.2627990787)
  );
#279 = CARTESIAN_POINT('',(17.942258498676,7.099999999766,
    -49.16284166164));
#280 = CARTESIAN_POINT('',(16.649753084335,7.1,-49.72151391288));
#281 = CARTESIAN_POINT('',(9.57597885303E-02,7.1,0.231066741679));
#282 = CARTESIAN_POINT('',(0.299350521769,7.100000000109,-0.562039478975
    ));
#283 = CARTESIAN_POINT('',(0.68650337335,7.09999999995,-2.153345041471)
  );
#284 = CARTESIAN_POINT('',(1.206759216707,7.100000000013,-4.554248334638
    ));
#285 = CARTESIAN_POINT('',(1.666214320429,7.099999999996,-6.967514480509
    ));
#286 = CARTESIAN_POINT('',(2.064574349212,7.100000000001,-9.391617478207
    ));
#287 = CARTESIAN_POINT('',(2.401585505567,7.1,-11.82500726977));
#288 = CARTESIAN_POINT('',(2.677032694958,7.1,-14.26613246536));
#289 = CARTESIAN_POINT('',(2.890740270384,7.1,-16.7134355141));
#290 = CARTESIAN_POINT('',(3.042571711734,7.1,-19.16535523656));
#291 = CARTESIAN_POINT('',(3.132430836314,7.1,-21.62032748432));
#292 = CARTESIAN_POINT('',(3.160257799159,7.1,-24.07678594432));
#293 = CARTESIAN_POINT('',(3.126044251961,7.1,-26.53316424842));
#294 = CARTESIAN_POINT('',(3.029776926445,7.1,-28.98789272485));
#295 = CARTESIAN_POINT('',(2.871648209872,7.1,-31.43941528031));
#296 = CARTESIAN_POINT('',(2.651270176115,7.100000000001,-33.88613111757
    ));
#297 = CARTESIAN_POINT('',(2.370607650858,7.099999999998,-36.32661697626
    ));
#298 = CARTESIAN_POINT('',(2.023031533438,7.100000000007,-38.75880243774
    ));
#299 = CARTESIAN_POINT('',(1.63417190697,7.099999999974,-41.1830524385)
  );
#300 = CARTESIAN_POINT('',(1.095803962878,7.100000000101,-43.65328833979
    ));
#301 = CARTESIAN_POINT('',(0.88950132627,7.099999999766,-45.3271199855)
  );
#302 = CARTESIAN_POINT('',(1.828478255456,7.1,-46.27271011403));
#303 = DEFINITIONAL_REPRESENTATION('',(#304),#308);
#304 = LINE('',#305,#306);
#305 = CARTESIAN_POINT('',(43.,0.));
#306 = VECTOR('',#307,1.);
#307 = DIRECTION('',(0.,1.));
#308 = ( GEOMETRIC_REPRESENTATION_CONTEXT(2) 
PARAMETRIC_REPRESENTATION_CONTEXT() REPRESENTATION_CONTEXT('2D SPACE',''
  ) );
#309 = ADVANCED_FACE('',(#310),#101,.T.);
#310 = FACE_BOUND('',#311,.T.);
#311 = EDGE_LOOP('',(#312,#313,#334,#400,#466,#532,#598,#664,#730,#796,
    #862,#928,#994,#1060,#1126,#1192,#1220,#1286,#1352,#1418,#1484,#1550
    ,#1616,#1682,#1748,#1814,#1880,#1946));
#312 = ORIENTED_EDGE('',*,*,#39,.F.);
#313 = ORIENTED_EDGE('',*,*,#314,.F.);
#314 = EDGE_CURVE('',#315,#40,#317,.T.);
#315 = VERTEX_POINT('',#316);
#316 = CARTESIAN_POINT('',(17.239886690793,7.1,4.632079438675));
#317 = SURFACE_CURVE('',#318,(#321,#327),.PCURVE_S1.);
#318 = B_SPLINE_CURVE_WITH_KNOTS('',1,(#319,#320),.UNSPECIFIED.,.F.,.F.,
  (2,2),(42.,43.),.PIECEWISE_BEZIER_KNOTS.);
#319 = CARTESIAN_POINT('',(17.239886690793,7.1,4.632079438675));
#320 = CARTESIAN_POINT('',(9.57597885303E-02,7.1,0.231066741679));
#321 = PCURVE('',#101,#322);
#322 = DEFINITIONAL_REPRESENTATION('',(#323),#326);
#323 = B_SPLINE_CURVE_WITH_KNOTS('',1,(#324,#325),.UNSPECIFIED.,.F.,.F.,
  (2,2),(42.,43.),.PIECEWISE_BEZIER_KNOTS.);
#324 = CARTESIAN_POINT('',(17.699593234361,-0.119997242267));
#325 = CARTESIAN_POINT('',(-8.049116928532E-16,0.));
#326 = ( GEOMETRIC_REPRESENTATION_CONTEXT(2) 
PARAMETRIC_REPRESENTATION_CONTEXT() REPRESENTATION_CONTEXT('2D SPACE',''
  ) );
#327 = PCURVE('',#258,#328);
#328 = DEFINITIONAL_REPRESENTATION('',(#329),#333);
#329 = LINE('',#330,#331);
#330 = CARTESIAN_POINT('',(0.,0.));
#331 = VECTOR('',#332,1.);
#332 = DIRECTION('',(1.,0.));
#333 = ( GEOMETRIC_REPRESENTATION_CONTEXT(2) 
PARAMETRIC_REPRESENTATION_CONTEXT() REPRESENTATION_CONTEXT('2D SPACE',''
  ) );
#334 = ORIENTED_EDGE('',*,*,#335,.F.);
#335 = EDGE_CURVE('',#336,#315,#338,.T.);
#336 = VERTEX_POINT('',#337);
#337 = CARTESIAN_POINT('',(17.239886690793,7.22,4.632079438675));
#338 = SURFACE_CURVE('',#339,(#342,#348),.PCURVE_S1.);
#339 = B_SPLINE_CURVE_WITH_KNOTS('',1,(#340,#341),.UNSPECIFIED.,.F.,.F.,
  (2,2),(41.,42.),.PIECEWISE_BEZIER_KNOTS.);
#340 = CARTESIAN_POINT('',(17.239886690793,7.22,4.632079438675));
#341 = CARTESIAN_POINT('',(17.239886690793,7.1,4.632079438675));
#342 = PCURVE('',#101,#343);
#343 = DEFINITIONAL_REPRESENTATION('',(#344),#347);
#344 = B_SPLINE_CURVE_WITH_KNOTS('',1,(#345,#346),.UNSPECIFIED.,.F.,.F.,
  (2,2),(41.,42.),.PIECEWISE_BEZIER_KNOTS.);
#345 = CARTESIAN_POINT('',(17.700406774987,0.));
#346 = CARTESIAN_POINT('',(17.699593234361,-0.119997242267));
#347 = ( GEOMETRIC_REPRESENTATION_CONTEXT(2) 
PARAMETRIC_REPRESENTATION_CONTEXT() REPRESENTATION_CONTEXT('2D SPACE',''
  ) );
#348 = PCURVE('',#349,#394);
#349 = ( BOUNDED_SURFACE() B_SPLINE_SURFACE(1,3,(
    (#350,#351,#352,#353,#354,#355,#356,#357,#358,#359,#360,#361,#362
      ,#363,#364,#365,#366,#367,#368,#369,#370,#371)
    ,(#372,#373,#374,#375,#376,#377,#378,#379,#380,#381,#382,#383,#384
      ,#385,#386,#387,#388,#389,#390,#391,#392,#393
)),.UNSPECIFIED.,.F.,.F.,.F.) B_SPLINE_SURFACE_WITH_KNOTS((2,2),(4,1,1,1
    ,1,1,1,1,1,1,1,1,1,1,1,1,1,1,1,4),(41.,42.),(0.,5.24163189288E-02,
    0.104832637858,0.157248956786,0.209665275715,0.262081594644,
    0.314497913573,0.366914232502,0.41933055143,0.471746870359,
    0.524163189288,0.576579508217,0.628995827146,0.681412146074,
    0.733828465003,0.786244783932,0.838661102861,0.89107742179,
0.943493740718,1.),.UNSPECIFIED.) GEOMETRIC_REPRESENTATION_ITEM() 
RATIONAL_B_SPLINE_SURFACE((
    (1.,0.999999999991,1.000000000004,0.999999999999,1.,1.,1.,1.,1.,1.
      ,1.,1.,1.,1.,1.,1.,1.,0.999999999999,1.000000000003,0.99999999999
      ,1.000000000024,1.)
    ,(1.,0.999999999991,1.000000000004,0.999999999999,1.,1.,1.,1.,1.,1.
      ,1.,1.,1.,1.,1.,1.,1.,0.999999999999,1.000000000003,0.99999999999
,1.000000000024,1.))) REPRESENTATION_ITEM('') SURFACE() );
#350 = CARTESIAN_POINT('',(17.239886690793,7.22,4.632079438675));
#351 = CARTESIAN_POINT('',(17.480531029484,7.220000000116,3.694627527544
    ));
#352 = CARTESIAN_POINT('',(17.938145874771,7.219999999946,1.813703634306
    ));
#353 = CARTESIAN_POINT('',(18.553088516686,7.220000000014,
    -1.024165142547));
#354 = CARTESIAN_POINT('',(19.09616465643,7.219999999996,-3.876646816659
    ));
#355 = CARTESIAN_POINT('',(19.56702639157,7.220000000001,-6.741937654919
    ));
#356 = CARTESIAN_POINT('',(19.965373726011,7.22,-9.618205486377));
#357 = CARTESIAN_POINT('',(20.290952445275,7.22,-12.50361657389));
#358 = CARTESIAN_POINT('',(20.54355483243,7.22,-15.39632986789));
#359 = CARTESIAN_POINT('',(20.723019901678,7.22,-18.29450014224));
#360 = CARTESIAN_POINT('',(20.829232542988,7.22,-21.19627824189));
#361 = CARTESIAN_POINT('',(20.862127326721,7.22,-24.09981401906));
#362 = CARTESIAN_POINT('',(20.821674578671,7.22,-27.00325141704));
#363 = CARTESIAN_POINT('',(20.707932534598,7.22,-29.90475228349));
#364 = CARTESIAN_POINT('',(20.520852727372,7.22,-32.80241312269));
#365 = CARTESIAN_POINT('',(20.261006185105,7.22,-35.69458136211));
#366 = CARTESIAN_POINT('',(19.926872973723,7.22,-38.5786806181));
#367 = CARTESIAN_POINT('',(19.524957371959,7.220000000002,-41.4556004413
    ));
#368 = CARTESIAN_POINT('',(19.032036993712,7.219999999994,
    -44.31331913046));
#369 = CARTESIAN_POINT('',(18.52315002793,7.220000000024,-47.2627990787)
  );
#370 = CARTESIAN_POINT('',(17.942258498676,7.219999999944,
    -49.16284166164));
#371 = CARTESIAN_POINT('',(16.649753084335,7.22,-49.72151391288));
#372 = CARTESIAN_POINT('',(17.239886690793,7.1,4.632079438675));
#373 = CARTESIAN_POINT('',(17.480531029484,7.100000000109,3.694627527544
    ));
#374 = CARTESIAN_POINT('',(17.938145874771,7.09999999995,1.813703634306)
  );
#375 = CARTESIAN_POINT('',(18.553088516686,7.100000000013,
    -1.024165142547));
#376 = CARTESIAN_POINT('',(19.09616465643,7.099999999996,-3.876646816659
    ));
#377 = CARTESIAN_POINT('',(19.56702639157,7.100000000001,-6.741937654919
    ));
#378 = CARTESIAN_POINT('',(19.965373726011,7.1,-9.618205486377));
#379 = CARTESIAN_POINT('',(20.290952445275,7.1,-12.50361657389));
#380 = CARTESIAN_POINT('',(20.54355483243,7.1,-15.39632986789));
#381 = CARTESIAN_POINT('',(20.723019901678,7.1,-18.29450014224));
#382 = CARTESIAN_POINT('',(20.829232542988,7.1,-21.19627824189));
#383 = CARTESIAN_POINT('',(20.862127326721,7.1,-24.09981401906));
#384 = CARTESIAN_POINT('',(20.821674578671,7.1,-27.00325141704));
#385 = CARTESIAN_POINT('',(20.707932534598,7.1,-29.90475228349));
#386 = CARTESIAN_POINT('',(20.520852727372,7.1,-32.80241312269));
#387 = CARTESIAN_POINT('',(20.261006185105,7.100000000001,
    -35.69458136211));
#388 = CARTESIAN_POINT('',(19.926872973723,7.099999999998,-38.5786806181
    ));
#389 = CARTESIAN_POINT('',(19.524957371959,7.100000000007,-41.4556004413
    ));
#390 = CARTESIAN_POINT('',(19.032036993712,7.099999999974,
    -44.31331913046));
#391 = CARTESIAN_POINT('',(18.52315002793,7.100000000101,-47.2627990787)
  );
#392 = CARTESIAN_POINT('',(17.942258498676,7.099999999766,
    -49.16284166164));
#393 = CARTESIAN_POINT('',(16.649753084335,7.1,-49.72151391288));
#394 = DEFINITIONAL_REPRESENTATION('',(#395),#399);
#395 = LINE('',#396,#397);
#396 = CARTESIAN_POINT('',(0.,0.));
#397 = VECTOR('',#398,1.);
#398 = DIRECTION('',(1.,0.));
#399 = ( GEOMETRIC_REPRESENTATION_CONTEXT(2) 
PARAMETRIC_REPRESENTATION_CONTEXT() REPRESENTATION_CONTEXT('2D SPACE',''
  ) );
#400 = ORIENTED_EDGE('',*,*,#401,.F.);
#401 = EDGE_CURVE('',#402,#336,#404,.T.);
#402 = VERTEX_POINT('',#403);
#403 = CARTESIAN_POINT('',(17.23259460399,7.334863049154,4.630207510942)
  );
#404 = SURFACE_CURVE('',#405,(#408,#414),.PCURVE_S1.);
#405 = B_SPLINE_CURVE_WITH_KNOTS('',1,(#406,#407),.UNSPECIFIED.,.F.,.F.,
  (2,2),(40.,41.),.PIECEWISE_BEZIER_KNOTS.);
#406 = CARTESIAN_POINT('',(17.23259460399,7.334863049154,4.630207510942)
  );
#407 = CARTESIAN_POINT('',(17.239886690793,7.22,4.632079438675));
#408 = PCURVE('',#101,#409);
#409 = DEFINITIONAL_REPRESENTATION('',(#410),#413);
#410 = B_SPLINE_CURVE_WITH_KNOTS('',1,(#411,#412),.UNSPECIFIED.,.F.,.F.,
  (2,2),(40.,41.),.PIECEWISE_BEZIER_KNOTS.);
#411 = CARTESIAN_POINT('',(17.69365714065,0.114911449127));
#412 = CARTESIAN_POINT('',(17.700406774987,0.));
#413 = ( GEOMETRIC_REPRESENTATION_CONTEXT(2) 
PARAMETRIC_REPRESENTATION_CONTEXT() REPRESENTATION_CONTEXT('2D SPACE',''
  ) );
#414 = PCURVE('',#415,#460);
#415 = ( BOUNDED_SURFACE() B_SPLINE_SURFACE(1,3,(
    (#416,#417,#418,#419,#420,#421,#422,#423,#424,#425,#426,#427,#428
      ,#429,#430,#431,#432,#433,#434,#435,#436,#437)
    ,(#438,#439,#440,#441,#442,#443,#444,#445,#446,#447,#448,#449,#450
      ,#451,#452,#453,#454,#455,#456,#457,#458,#459
)),.UNSPECIFIED.,.F.,.F.,.F.) B_SPLINE_SURFACE_WITH_KNOTS((2,2),(4,1,1,1
    ,1,1,1,1,1,1,1,1,1,1,1,1,1,1,1,4),(40.,41.),(0.,5.24163189288E-02,
    0.104832637858,0.157248956786,0.209665275715,0.262081594644,
    0.314497913573,0.366914232502,0.41933055143,0.471746870359,
    0.524163189288,0.576579508217,0.628995827146,0.681412146074,
    0.733828465003,0.786244783932,0.838661102861,0.89107742179,
0.943493740718,1.),.UNSPECIFIED.) GEOMETRIC_REPRESENTATION_ITEM() 
RATIONAL_B_SPLINE_SURFACE((
    (1.,0.999999999991,1.000000000004,0.999999999999,1.,1.,1.,1.,1.,1.
      ,1.,1.,1.,1.,1.,1.,1.,0.999999999999,1.000000000003,0.99999999999
      ,1.000000000024,1.)
    ,(1.,0.999999999991,1.000000000004,0.999999999999,1.,1.,1.,1.,1.,1.
      ,1.,1.,1.,1.,1.,1.,1.,0.999999999999,1.000000000003,0.99999999999
,1.000000000024,1.))) REPRESENTATION_ITEM('') SURFACE() );
#416 = CARTESIAN_POINT('',(17.23259460399,7.334863049154,4.630207510942)
  );
#417 = CARTESIAN_POINT('',(17.473223182767,7.334863049098,3.69281699561)
  );
#418 = CARTESIAN_POINT('',(17.93080805704,7.33486304918,1.812016289035)
  );
#419 = CARTESIAN_POINT('',(18.545710425129,7.334863049147,
    -1.025666628956));
#420 = CARTESIAN_POINT('',(19.088750997408,7.334863049156,
    -3.877961487001));
#421 = CARTESIAN_POINT('',(19.559581894677,7.334863049153,
    -6.743064670335));
#422 = CARTESIAN_POINT('',(19.957903140367,7.334863049154,
    -9.619144127944));
#423 = CARTESIAN_POINT('',(20.283460536683,7.334863049154,-12.5043662428
    ));
#424 = CARTESIAN_POINT('',(20.536046380285,7.334863049154,-15.3968900859
    ));
#425 = CARTESIAN_POINT('',(20.715499695931,7.334863049154,
    -18.29487055196));
#426 = CARTESIAN_POINT('',(20.821705381088,7.334863049154,
    -21.19645860703));
#427 = CARTESIAN_POINT('',(20.85459801056,7.334863049154,-24.09980422453
    ));
#428 = CARTESIAN_POINT('',(20.81414791149,7.334863049154,-27.00305146917
    ));
#429 = CARTESIAN_POINT('',(20.700413318043,7.334863049154,
    -29.90436230952));
#430 = CARTESIAN_POINT('',(20.513345757983,7.334863049154,
    -32.80183337261));
#431 = CARTESIAN_POINT('',(20.253516252924,7.334863049153,-35.6938122013
    ));
#432 = CARTESIAN_POINT('',(19.919404853016,7.334863049154,
    -38.57772255384));
#433 = CARTESIAN_POINT('',(19.517515841396,7.334863049151,
    -41.45445402281));
#434 = CARTESIAN_POINT('',(19.024626746629,7.334863049163,
    -44.31198532039));
#435 = CARTESIAN_POINT('',(18.515776934725,7.334863049119,
    -47.26127299048));
#436 = CARTESIAN_POINT('',(17.934913333752,7.334863049234,
    -49.16118878018));
#437 = CARTESIAN_POINT('',(16.642420461378,7.334863049154,
    -49.71980766439));
#438 = CARTESIAN_POINT('',(17.239886690793,7.22,4.632079438675));
#439 = CARTESIAN_POINT('',(17.480531029484,7.220000000116,3.694627527544
    ));
#440 = CARTESIAN_POINT('',(17.938145874771,7.219999999946,1.813703634306
    ));
#441 = CARTESIAN_POINT('',(18.553088516686,7.220000000014,
    -1.024165142547));
#442 = CARTESIAN_POINT('',(19.09616465643,7.219999999996,-3.876646816659
    ));
#443 = CARTESIAN_POINT('',(19.56702639157,7.220000000001,-6.741937654919
    ));
#444 = CARTESIAN_POINT('',(19.965373726011,7.22,-9.618205486377));
#445 = CARTESIAN_POINT('',(20.290952445275,7.22,-12.50361657389));
#446 = CARTESIAN_POINT('',(20.54355483243,7.22,-15.39632986789));
#447 = CARTESIAN_POINT('',(20.723019901678,7.22,-18.29450014224));
#448 = CARTESIAN_POINT('',(20.829232542988,7.22,-21.19627824189));
#449 = CARTESIAN_POINT('',(20.862127326721,7.22,-24.09981401906));
#450 = CARTESIAN_POINT('',(20.821674578671,7.22,-27.00325141704));
#451 = CARTESIAN_POINT('',(20.707932534598,7.22,-29.90475228349));
#452 = CARTESIAN_POINT('',(20.520852727372,7.22,-32.80241312269));
#453 = CARTESIAN_POINT('',(20.261006185105,7.22,-35.69458136211));
#454 = CARTESIAN_POINT('',(19.926872973723,7.22,-38.5786806181));
#455 = CARTESIAN_POINT('',(19.524957371959,7.220000000002,-41.4556004413
    ));
#456 = CARTESIAN_POINT('',(19.032036993712,7.219999999994,
    -44.31331913046));
#457 = CARTESIAN_POINT('',(18.52315002793,7.220000000024,-47.2627990787)
  );
#458 = CARTESIAN_POINT('',(17.942258498676,7.219999999944,
    -49.16284166164));
#459 = CARTESIAN_POINT('',(16.649753084335,7.22,-49.72151391288));
#460 = DEFINITIONAL_REPRESENTATION('',(#461),#465);
#461 = LINE('',#462,#463);
#462 = CARTESIAN_POINT('',(0.,0.));
#463 = VECTOR('',#464,1.);
#464 = DIRECTION('',(1.,0.));
#465 = ( GEOMETRIC_REPRESENTATION_CONTEXT(2) 
PARAMETRIC_REPRESENTATION_CONTEXT() REPRESENTATION_CONTEXT('2D SPACE',''
  ) );
#466 = ORIENTED_EDGE('',*,*,#467,.F.);
#467 = EDGE_CURVE('',#468,#402,#470,.T.);
#468 = VERTEX_POINT('',#469);
#469 = CARTESIAN_POINT('',(17.21084311321,7.44776075969,4.624623756946)
  );
#470 = SURFACE_CURVE('',#471,(#474,#480),.PCURVE_S1.);
#471 = B_SPLINE_CURVE_WITH_KNOTS('',1,(#472,#473),.UNSPECIFIED.,.F.,.F.,
  (2,2),(39.,40.),.PIECEWISE_BEZIER_KNOTS.);
#472 = CARTESIAN_POINT('',(17.21084311321,7.44776075969,4.624623756946)
  );
#473 = CARTESIAN_POINT('',(17.23259460399,7.334863049154,4.630207510942)
  );
#474 = PCURVE('',#101,#475);
#475 = DEFINITIONAL_REPRESENTATION('',(#476),#479);
#476 = B_SPLINE_CURVE_WITH_KNOTS('',1,(#477,#478),.UNSPECIFIED.,.F.,.F.,
  (2,2),(39.,40.),.PIECEWISE_BEZIER_KNOTS.);
#477 = CARTESIAN_POINT('',(17.671966296474,0.227958810809));
#478 = CARTESIAN_POINT('',(17.69365714065,0.114911449127));
#479 = ( GEOMETRIC_REPRESENTATION_CONTEXT(2) 
PARAMETRIC_REPRESENTATION_CONTEXT() REPRESENTATION_CONTEXT('2D SPACE',''
  ) );
#480 = PCURVE('',#481,#526);
#481 = ( BOUNDED_SURFACE() B_SPLINE_SURFACE(1,3,(
    (#482,#483,#484,#485,#486,#487,#488,#489,#490,#491,#492,#493,#494
      ,#495,#496,#497,#498,#499,#500,#501,#502,#503)
    ,(#504,#505,#506,#507,#508,#509,#510,#511,#512,#513,#514,#515,#516
      ,#517,#518,#519,#520,#521,#522,#523,#524,#525
)),.UNSPECIFIED.,.F.,.F.,.F.) B_SPLINE_SURFACE_WITH_KNOTS((2,2),(4,1,1,1
    ,1,1,1,1,1,1,1,1,1,1,1,1,1,1,1,4),(39.,40.),(0.,5.24163189288E-02,
    0.104832637858,0.157248956786,0.209665275715,0.262081594644,
    0.314497913573,0.366914232502,0.41933055143,0.471746870359,
    0.524163189288,0.576579508217,0.628995827146,0.681412146074,
    0.733828465003,0.786244783932,0.838661102861,0.89107742179,
0.943493740718,1.),.UNSPECIFIED.) GEOMETRIC_REPRESENTATION_ITEM() 
RATIONAL_B_SPLINE_SURFACE((
    (1.,0.999999999991,1.000000000004,0.999999999999,1.,1.,1.,1.,1.,1.
      ,1.,1.,1.,1.,1.,1.,1.,0.999999999999,1.000000000003,0.99999999999
      ,1.000000000024,1.)
    ,(1.,0.999999999991,1.000000000004,0.999999999999,1.,1.,1.,1.,1.,1.
      ,1.,1.,1.,1.,1.,1.,1.,0.999999999999,1.000000000003,0.99999999999
,1.000000000024,1.))) REPRESENTATION_ITEM('') SURFACE() );
#482 = CARTESIAN_POINT('',(17.21084311321,7.44776075969,4.624623756946)
  );
#483 = CARTESIAN_POINT('',(17.45142468061,7.447760759821,3.687416379251)
  );
#484 = CARTESIAN_POINT('',(17.908920156539,7.44776075963,1.806983123822)
  );
#485 = CARTESIAN_POINT('',(18.523702391491,7.447760759706,
    -1.030145397244));
#486 = CARTESIAN_POINT('',(19.066636870147,7.447760759686,
    -3.881883003675));
#487 = CARTESIAN_POINT('',(19.53737578139,7.447760759691,-6.746426433029
    ));
#488 = CARTESIAN_POINT('',(19.935619207228,7.44776075969,-9.62194399223)
  );
#489 = CARTESIAN_POINT('',(20.261112999537,7.44776075969,-12.50660242248
    ));
#490 = CARTESIAN_POINT('',(20.513649495545,7.44776075969,-15.39856115444
    ));
#491 = CARTESIAN_POINT('',(20.693067751496,7.44776075969,-18.2959754433)
  );
#492 = CARTESIAN_POINT('',(20.799252687214,7.44776075969,-21.19699661635
    ));
#493 = CARTESIAN_POINT('',(20.832138890763,7.44776075969,-24.09977500852
    ));
#494 = CARTESIAN_POINT('',(20.791696693308,7.44776075969,-27.00245504675
    ));
#495 = CARTESIAN_POINT('',(20.677984324257,7.44776075969,-29.9031990602)
  );
#496 = CARTESIAN_POINT('',(20.490953296142,7.44776075969,-32.80010404203
    ));
#497 = CARTESIAN_POINT('',(20.231174611201,7.447760759691,-35.6915178794
    ));
#498 = CARTESIAN_POINT('',(19.897128272502,7.447760759689,
    -38.57486475384));
#499 = CARTESIAN_POINT('',(19.495318576394,7.447760759696,
    -41.45103438278));
#500 = CARTESIAN_POINT('',(19.002522796634,7.447760759667,
    -44.30800671241));
#501 = CARTESIAN_POINT('',(18.493783811279,7.447760759779,
    -47.25672083611));
#502 = CARTESIAN_POINT('',(17.913003515623,7.447760759483,
    -49.15625842058));
#503 = CARTESIAN_POINT('',(16.620548055718,7.44776075969,-49.71471811328
    ));
#504 = CARTESIAN_POINT('',(17.23259460399,7.334863049154,4.630207510942)
  );
#505 = CARTESIAN_POINT('',(17.473223182767,7.334863049098,3.69281699561)
  );
#506 = CARTESIAN_POINT('',(17.93080805704,7.33486304918,1.812016289035)
  );
#507 = CARTESIAN_POINT('',(18.545710425129,7.334863049147,
    -1.025666628956));
#508 = CARTESIAN_POINT('',(19.088750997408,7.334863049156,
    -3.877961487001));
#509 = CARTESIAN_POINT('',(19.559581894677,7.334863049153,
    -6.743064670335));
#510 = CARTESIAN_POINT('',(19.957903140367,7.334863049154,
    -9.619144127944));
#511 = CARTESIAN_POINT('',(20.283460536683,7.334863049154,-12.5043662428
    ));
#512 = CARTESIAN_POINT('',(20.536046380285,7.334863049154,-15.3968900859
    ));
#513 = CARTESIAN_POINT('',(20.715499695931,7.334863049154,
    -18.29487055196));
#514 = CARTESIAN_POINT('',(20.821705381088,7.334863049154,
    -21.19645860703));
#515 = CARTESIAN_POINT('',(20.85459801056,7.334863049154,-24.09980422453
    ));
#516 = CARTESIAN_POINT('',(20.81414791149,7.334863049154,-27.00305146917
    ));
#517 = CARTESIAN_POINT('',(20.700413318043,7.334863049154,
    -29.90436230952));
#518 = CARTESIAN_POINT('',(20.513345757983,7.334863049154,
    -32.80183337261));
#519 = CARTESIAN_POINT('',(20.253516252924,7.334863049153,-35.6938122013
    ));
#520 = CARTESIAN_POINT('',(19.919404853016,7.334863049154,
    -38.57772255384));
#521 = CARTESIAN_POINT('',(19.517515841396,7.334863049151,
    -41.45445402281));
#522 = CARTESIAN_POINT('',(19.024626746629,7.334863049163,
    -44.31198532039));
#523 = CARTESIAN_POINT('',(18.515776934725,7.334863049119,
    -47.26127299048));
#524 = CARTESIAN_POINT('',(17.934913333752,7.334863049234,
    -49.16118878018));
#525 = CARTESIAN_POINT('',(16.642420461378,7.334863049154,
    -49.71980766439));
#526 = DEFINITIONAL_REPRESENTATION('',(#527),#531);
#527 = LINE('',#528,#529);
#528 = CARTESIAN_POINT('',(0.,0.));
#529 = VECTOR('',#530,1.);
#530 = DIRECTION('',(1.,0.));
#531 = ( GEOMETRIC_REPRESENTATION_CONTEXT(2) 
PARAMETRIC_REPRESENTATION_CONTEXT() REPRESENTATION_CONTEXT('2D SPACE',''
  ) );
#532 = ORIENTED_EDGE('',*,*,#533,.F.);
#533 = EDGE_CURVE('',#534,#468,#536,.T.);
#534 = VERTEX_POINT('',#535);
#535 = CARTESIAN_POINT('',(17.175004392491,7.556761420481,4.615423716266
    ));
#536 = SURFACE_CURVE('',#537,(#540,#546),.PCURVE_S1.);
#537 = B_SPLINE_CURVE_WITH_KNOTS('',1,(#538,#539),.UNSPECIFIED.,.F.,.F.,
  (2,2),(38.,39.),.PIECEWISE_BEZIER_KNOTS.);
#538 = CARTESIAN_POINT('',(17.175004392491,7.556761420481,4.615423716266
    ));
#539 = CARTESIAN_POINT('',(17.21084311321,7.44776075969,4.624623756946)
  );
#540 = PCURVE('',#101,#541);
#541 = DEFINITIONAL_REPRESENTATION('',(#542),#545);
#542 = B_SPLINE_CURVE_WITH_KNOTS('',1,(#543,#544),.UNSPECIFIED.,.F.,.F.,
  (2,2),(38.,39.),.PIECEWISE_BEZIER_KNOTS.);
#543 = CARTESIAN_POINT('',(17.635705378815,0.337207813344));
#544 = CARTESIAN_POINT('',(17.671966296474,0.227958810809));
#545 = ( GEOMETRIC_REPRESENTATION_CONTEXT(2) 
PARAMETRIC_REPRESENTATION_CONTEXT() REPRESENTATION_CONTEXT('2D SPACE',''
  ) );
#546 = PCURVE('',#547,#592);
#547 = ( BOUNDED_SURFACE() B_SPLINE_SURFACE(1,3,(
    (#548,#549,#550,#551,#552,#553,#554,#555,#556,#557,#558,#559,#560
      ,#561,#562,#563,#564,#565,#566,#567,#568,#569)
    ,(#570,#571,#572,#573,#574,#575,#576,#577,#578,#579,#580,#581,#582
      ,#583,#584,#585,#586,#587,#588,#589,#590,#591
)),.UNSPECIFIED.,.F.,.F.,.F.) B_SPLINE_SURFACE_WITH_KNOTS((2,2),(4,1,1,1
    ,1,1,1,1,1,1,1,1,1,1,1,1,1,1,1,4),(38.,39.),(0.,5.24163189288E-02,
    0.104832637858,0.157248956786,0.209665275715,0.262081594644,
    0.314497913573,0.366914232502,0.41933055143,0.471746870359,
    0.524163189288,0.576579508217,0.628995827146,0.681412146074,
    0.733828465003,0.786244783932,0.838661102861,0.89107742179,
0.943493740718,1.),.UNSPECIFIED.) GEOMETRIC_REPRESENTATION_ITEM() 
RATIONAL_B_SPLINE_SURFACE((
    (1.,0.999999999991,1.000000000004,0.999999999999,1.,1.,1.,1.,1.,1.
      ,1.,1.,1.,1.,1.,1.,1.,0.999999999999,1.000000000003,0.99999999999
      ,1.000000000024,1.)
    ,(1.,0.999999999991,1.000000000004,0.999999999999,1.,1.,1.,1.,1.,1.
      ,1.,1.,1.,1.,1.,1.,1.,0.999999999999,1.000000000003,0.99999999999
,1.000000000024,1.))) REPRESENTATION_ITEM('') SURFACE() );
#548 = CARTESIAN_POINT('',(17.175004392491,7.556761420481,4.615423716266
    ));
#549 = CARTESIAN_POINT('',(17.4155085014,7.556761420629,3.678518084564)
  );
#550 = CARTESIAN_POINT('',(17.872856681329,7.556761420413,1.798690257495
    ));
#551 = CARTESIAN_POINT('',(18.487440979325,7.5567614205,-1.037524814436)
  );
#552 = CARTESIAN_POINT('',(19.030200653495,7.556761420476,
    -3.888344268448));
#553 = CARTESIAN_POINT('',(19.500788004466,7.556761420483,
    -6.751965422309));
#554 = CARTESIAN_POINT('',(19.898903210869,7.556761420481,
    -9.626557172781));
#555 = CARTESIAN_POINT('',(20.224292206395,7.556761420481,
    -12.51028685128));
#556 = CARTESIAN_POINT('',(20.47674739512,7.556761420481,-15.40131448106
    ));
#557 = CARTESIAN_POINT('',(20.656107885161,7.556761420481,
    -18.29779591128));
#558 = CARTESIAN_POINT('',(20.762258633185,7.556761420481,
    -21.19788306435));
#559 = CARTESIAN_POINT('',(20.795134249097,7.556761420481,
    -24.09972687094));
#560 = CARTESIAN_POINT('',(20.754705070694,7.556761420481,
    -27.00147235471));
#561 = CARTESIAN_POINT('',(20.641029319542,7.556761420481,
    -29.90128243904));
#562 = CARTESIAN_POINT('',(20.45405848308,7.556761420481,-32.79725472029
    ));
#563 = CARTESIAN_POINT('',(20.194363531616,7.556761420481,
    -35.68773765291));
#564 = CARTESIAN_POINT('',(19.860424390659,7.556761420482,
    -38.57015611581));
#565 = CARTESIAN_POINT('',(19.458745378272,7.55676142048,-41.44540003232
    ));
#566 = CARTESIAN_POINT('',(18.966103348583,7.556761420485,
    -44.30145138117));
#567 = CARTESIAN_POINT('',(18.457546965478,7.556761420468,
    -47.24922050597));
#568 = CARTESIAN_POINT('',(17.876903928644,7.556761420513,
    -49.14813493858));
#569 = CARTESIAN_POINT('',(16.58451011028,7.556761420481,-49.70633234319
    ));
#570 = CARTESIAN_POINT('',(17.21084311321,7.44776075969,4.624623756946)
  );
#571 = CARTESIAN_POINT('',(17.45142468061,7.447760759821,3.687416379251)
  );
#572 = CARTESIAN_POINT('',(17.908920156539,7.44776075963,1.806983123822)
  );
#573 = CARTESIAN_POINT('',(18.523702391491,7.447760759706,
    -1.030145397244));
#574 = CARTESIAN_POINT('',(19.066636870147,7.447760759686,
    -3.881883003675));
#575 = CARTESIAN_POINT('',(19.53737578139,7.447760759691,-6.746426433029
    ));
#576 = CARTESIAN_POINT('',(19.935619207228,7.44776075969,-9.62194399223)
  );
#577 = CARTESIAN_POINT('',(20.261112999537,7.44776075969,-12.50660242248
    ));
#578 = CARTESIAN_POINT('',(20.513649495545,7.44776075969,-15.39856115444
    ));
#579 = CARTESIAN_POINT('',(20.693067751496,7.44776075969,-18.2959754433)
  );
#580 = CARTESIAN_POINT('',(20.799252687214,7.44776075969,-21.19699661635
    ));
#581 = CARTESIAN_POINT('',(20.832138890763,7.44776075969,-24.09977500852
    ));
#582 = CARTESIAN_POINT('',(20.791696693308,7.44776075969,-27.00245504675
    ));
#583 = CARTESIAN_POINT('',(20.677984324257,7.44776075969,-29.9031990602)
  );
#584 = CARTESIAN_POINT('',(20.490953296142,7.44776075969,-32.80010404203
    ));
#585 = CARTESIAN_POINT('',(20.231174611201,7.447760759691,-35.6915178794
    ));
#586 = CARTESIAN_POINT('',(19.897128272502,7.447760759689,
    -38.57486475384));
#587 = CARTESIAN_POINT('',(19.495318576394,7.447760759696,
    -41.45103438278));
#588 = CARTESIAN_POINT('',(19.002522796634,7.447760759667,
    -44.30800671241));
#589 = CARTESIAN_POINT('',(18.493783811279,7.447760759779,
    -47.25672083611));
#590 = CARTESIAN_POINT('',(17.913003515623,7.447760759483,
    -49.15625842058));
#591 = CARTESIAN_POINT('',(16.620548055718,7.44776075969,-49.71471811328
    ));
#592 = DEFINITIONAL_REPRESENTATION('',(#593),#597);
#593 = LINE('',#594,#595);
#594 = CARTESIAN_POINT('',(0.,0.));
#595 = VECTOR('',#596,1.);
#596 = DIRECTION('',(1.,0.));
#597 = ( GEOMETRIC_REPRESENTATION_CONTEXT(2) 
PARAMETRIC_REPRESENTATION_CONTEXT() REPRESENTATION_CONTEXT('2D SPACE',''
  ) );
#598 = ORIENTED_EDGE('',*,*,#599,.F.);
#599 = EDGE_CURVE('',#600,#534,#602,.T.);
#600 = VERTEX_POINT('',#601);
#601 = CARTESIAN_POINT('',(17.125691652279,7.66,4.602764804148));
#602 = SURFACE_CURVE('',#603,(#606,#612),.PCURVE_S1.);
#603 = B_SPLINE_CURVE_WITH_KNOTS('',1,(#604,#605),.UNSPECIFIED.,.F.,.F.,
  (2,2),(37.,38.),.PIECEWISE_BEZIER_KNOTS.);
#604 = CARTESIAN_POINT('',(17.125691652279,7.66,4.602764804148));
#605 = CARTESIAN_POINT('',(17.175004392491,7.556761420481,4.615423716266
    ));
#606 = PCURVE('',#101,#607);
#607 = DEFINITIONAL_REPRESENTATION('',(#608),#611);
#608 = B_SPLINE_CURVE_WITH_KNOTS('',1,(#609,#610),.UNSPECIFIED.,.F.,.F.,
  (2,2),(37.,38.),.PIECEWISE_BEZIER_KNOTS.);
#609 = CARTESIAN_POINT('',(17.585494822029,0.440789176008));
#610 = CARTESIAN_POINT('',(17.635705378815,0.337207813344));
#611 = ( GEOMETRIC_REPRESENTATION_CONTEXT(2) 
PARAMETRIC_REPRESENTATION_CONTEXT() REPRESENTATION_CONTEXT('2D SPACE',''
  ) );
#612 = PCURVE('',#613,#658);
#613 = ( BOUNDED_SURFACE() B_SPLINE_SURFACE(1,3,(
    (#614,#615,#616,#617,#618,#619,#620,#621,#622,#623,#624,#625,#626
      ,#627,#628,#629,#630,#631,#632,#633,#634,#635)
    ,(#636,#637,#638,#639,#640,#641,#642,#643,#644,#645,#646,#647,#648
      ,#649,#650,#651,#652,#653,#654,#655,#656,#657
)),.UNSPECIFIED.,.F.,.F.,.F.) B_SPLINE_SURFACE_WITH_KNOTS((2,2),(4,1,1,1
    ,1,1,1,1,1,1,1,1,1,1,1,1,1,1,1,4),(37.,38.),(0.,5.24163189288E-02,
    0.104832637858,0.157248956786,0.209665275715,0.262081594644,
    0.314497913573,0.366914232502,0.41933055143,0.471746870359,
    0.524163189288,0.576579508217,0.628995827146,0.681412146074,
    0.733828465003,0.786244783932,0.838661102861,0.89107742179,
0.943493740718,1.),.UNSPECIFIED.) GEOMETRIC_REPRESENTATION_ITEM() 
RATIONAL_B_SPLINE_SURFACE((
    (1.,0.999999999991,1.000000000004,0.999999999999,1.,1.,1.,1.,1.,1.
      ,1.,1.,1.,1.,1.,1.,1.,0.999999999999,1.000000000003,0.99999999999
      ,1.000000000024,1.)
    ,(1.,0.999999999991,1.000000000004,0.999999999999,1.,1.,1.,1.,1.,1.
      ,1.,1.,1.,1.,1.,1.,1.,0.999999999999,1.000000000003,0.99999999999
,1.000000000024,1.))) REPRESENTATION_ITEM('') SURFACE() );
#614 = CARTESIAN_POINT('',(17.125691652279,7.66,4.602764804148));
#615 = CARTESIAN_POINT('',(17.366089181197,7.659999999977,3.666274363113
    ));
#616 = CARTESIAN_POINT('',(17.82323468734,7.660000000011,1.787279583633)
  );
#617 = CARTESIAN_POINT('',(18.43754663148,7.659999999997,-1.047678616748
    ));
#618 = CARTESIAN_POINT('',(18.980065781213,7.660000000001,
    -3.897234727262));
#619 = CARTESIAN_POINT('',(19.450444590913,7.66,-6.75958686454));
#620 = CARTESIAN_POINT('',(19.848383372166,7.66,-9.632904736797));
#621 = CARTESIAN_POINT('',(20.173628171235,7.66,-12.5153564876));
#622 = CARTESIAN_POINT('',(20.425971484178,7.66,-15.40510295559));
#623 = CARTESIAN_POINT('',(20.605252490486,7.66,-18.30030080716));
#624 = CARTESIAN_POINT('',(20.71135619752,7.66,-21.19910278367));
#625 = CARTESIAN_POINT('',(20.74421724524,7.66,-24.09966063543));
#626 = CARTESIAN_POINT('',(20.703805980567,7.66,-27.00012020719));
#627 = CARTESIAN_POINT('',(20.590180614275,7.66,-29.89864523995));
#628 = CARTESIAN_POINT('',(20.403292599277,7.66,-32.79333416008));
#629 = CARTESIAN_POINT('',(20.143712861954,7.66,-35.68253620255));
#630 = CARTESIAN_POINT('',(19.809921221059,7.659999999999,
    -38.56367720586));
#631 = CARTESIAN_POINT('',(19.408422024678,7.660000000003,
    -41.43764737673));
#632 = CARTESIAN_POINT('',(18.915991549005,7.65999999999,-44.2924314902)
  );
#633 = CARTESIAN_POINT('',(18.40768642105,7.660000000038,-47.23890033275
    ));
#634 = CARTESIAN_POINT('',(17.827232243843,7.659999999912,
    -49.13695732925));
#635 = CARTESIAN_POINT('',(16.534923244302,7.66,-49.69479383697));
#636 = CARTESIAN_POINT('',(17.175004392491,7.556761420481,4.615423716266
    ));
#637 = CARTESIAN_POINT('',(17.4155085014,7.556761420629,3.678518084564)
  );
#638 = CARTESIAN_POINT('',(17.872856681329,7.556761420413,1.798690257495
    ));
#639 = CARTESIAN_POINT('',(18.487440979325,7.5567614205,-1.037524814436)
  );
#640 = CARTESIAN_POINT('',(19.030200653495,7.556761420476,
    -3.888344268448));
#641 = CARTESIAN_POINT('',(19.500788004466,7.556761420483,
    -6.751965422309));
#642 = CARTESIAN_POINT('',(19.898903210869,7.556761420481,
    -9.626557172781));
#643 = CARTESIAN_POINT('',(20.224292206395,7.556761420481,
    -12.51028685128));
#644 = CARTESIAN_POINT('',(20.47674739512,7.556761420481,-15.40131448106
    ));
#645 = CARTESIAN_POINT('',(20.656107885161,7.556761420481,
    -18.29779591128));
#646 = CARTESIAN_POINT('',(20.762258633185,7.556761420481,
    -21.19788306435));
#647 = CARTESIAN_POINT('',(20.795134249097,7.556761420481,
    -24.09972687094));
#648 = CARTESIAN_POINT('',(20.754705070694,7.556761420481,
    -27.00147235471));
#649 = CARTESIAN_POINT('',(20.641029319542,7.556761420481,
    -29.90128243904));
#650 = CARTESIAN_POINT('',(20.45405848308,7.556761420481,-32.79725472029
    ));
#651 = CARTESIAN_POINT('',(20.194363531616,7.556761420481,
    -35.68773765291));
#652 = CARTESIAN_POINT('',(19.860424390659,7.556761420482,
    -38.57015611581));
#653 = CARTESIAN_POINT('',(19.458745378272,7.55676142048,-41.44540003232
    ));
#654 = CARTESIAN_POINT('',(18.966103348583,7.556761420485,
    -44.30145138117));
#655 = CARTESIAN_POINT('',(18.457546965478,7.556761420468,
    -47.24922050597));
#656 = CARTESIAN_POINT('',(17.876903928644,7.556761420513,
    -49.14813493858));
#657 = CARTESIAN_POINT('',(16.58451011028,7.556761420481,-49.70633234319
    ));
#658 = DEFINITIONAL_REPRESENTATION('',(#659),#663);
#659 = LINE('',#660,#661);
#660 = CARTESIAN_POINT('',(0.,0.));
#661 = VECTOR('',#662,1.);
#662 = DIRECTION('',(1.,0.));
#663 = ( GEOMETRIC_REPRESENTATION_CONTEXT(2) 
PARAMETRIC_REPRESENTATION_CONTEXT() REPRESENTATION_CONTEXT('2D SPACE',''
  ) );
#664 = ORIENTED_EDGE('',*,*,#665,.F.);
#665 = EDGE_CURVE('',#666,#600,#668,.T.);
#666 = VERTEX_POINT('',#667);
#667 = CARTESIAN_POINT('',(17.063748647232,7.755710057528,4.586863618088
    ));
#668 = SURFACE_CURVE('',#669,(#672,#678),.PCURVE_S1.);
#669 = B_SPLINE_CURVE_WITH_KNOTS('',1,(#670,#671),.UNSPECIFIED.,.F.,.F.,
  (2,2),(36.,37.),.PIECEWISE_BEZIER_KNOTS.);
#670 = CARTESIAN_POINT('',(17.063748647232,7.755710057528,4.586863618088
    ));
#671 = CARTESIAN_POINT('',(17.125691652279,7.66,4.602764804148));
#672 = PCURVE('',#101,#673);
#673 = DEFINITIONAL_REPRESENTATION('',(#674),#677);
#674 = B_SPLINE_CURVE_WITH_KNOTS('',1,(#675,#676),.UNSPECIFIED.,.F.,.F.,
  (2,2),(36.,37.),.PIECEWISE_BEZIER_KNOTS.);
#675 = CARTESIAN_POINT('',(17.522193742664,0.53693059297));
#676 = CARTESIAN_POINT('',(17.585494822029,0.440789176008));
#677 = ( GEOMETRIC_REPRESENTATION_CONTEXT(2) 
PARAMETRIC_REPRESENTATION_CONTEXT() REPRESENTATION_CONTEXT('2D SPACE',''
  ) );
#678 = PCURVE('',#679,#724);
#679 = ( BOUNDED_SURFACE() B_SPLINE_SURFACE(1,3,(
    (#680,#681,#682,#683,#684,#685,#686,#687,#688,#689,#690,#691,#692
      ,#693,#694,#695,#696,#697,#698,#699,#700,#701)
    ,(#702,#703,#704,#705,#706,#707,#708,#709,#710,#711,#712,#713,#714
      ,#715,#716,#717,#718,#719,#720,#721,#722,#723
)),.UNSPECIFIED.,.F.,.F.,.F.) B_SPLINE_SURFACE_WITH_KNOTS((2,2),(4,1,1,1
    ,1,1,1,1,1,1,1,1,1,1,1,1,1,1,1,4),(36.,37.),(0.,5.24163189288E-02,
    0.104832637858,0.157248956786,0.209665275715,0.262081594644,
    0.314497913573,0.366914232502,0.41933055143,0.471746870359,
    0.524163189288,0.576579508217,0.628995827146,0.681412146074,
    0.733828465003,0.786244783932,0.838661102861,0.89107742179,
0.943493740718,1.),.UNSPECIFIED.) GEOMETRIC_REPRESENTATION_ITEM() 
RATIONAL_B_SPLINE_SURFACE((
    (1.,0.999999999991,1.000000000004,0.999999999999,1.,1.,1.,1.,1.,1.
      ,1.,1.,1.,1.,1.,1.,1.,0.999999999999,1.000000000003,0.99999999999
      ,1.000000000024,1.)
    ,(1.,0.999999999991,1.000000000004,0.999999999999,1.,1.,1.,1.,1.,1.
      ,1.,1.,1.,1.,1.,1.,1.,0.999999999999,1.000000000003,0.99999999999
,1.000000000024,1.))) REPRESENTATION_ITEM('') SURFACE() );
#680 = CARTESIAN_POINT('',(17.063748647232,7.755710057528,4.586863618088
    ));
#681 = CARTESIAN_POINT('',(17.304012298935,7.755710057473,3.650894708458
    ));
#682 = CARTESIAN_POINT('',(17.760903220341,7.755710057553,1.772946341987
    ));
#683 = CARTESIAN_POINT('',(18.374873054165,7.755710057521,
    -1.060433069797));
#684 = CARTESIAN_POINT('',(18.917090074843,7.755710057529,
    -3.908402261906));
#685 = CARTESIAN_POINT('',(19.387206930501,7.755710057527,-6.76916035473
    ));
#686 = CARTESIAN_POINT('',(19.784924099566,7.755710057528,
    -9.640878075698));
#687 = CARTESIAN_POINT('',(20.109987769747,7.755710057528,
    -12.52172458856));
#688 = CARTESIAN_POINT('',(20.362190552633,7.755710057528,
    -15.40986175617));
#689 = CARTESIAN_POINT('',(20.541371717374,7.755710057528,
    -18.30344727151));
#690 = CARTESIAN_POINT('',(20.647416335007,7.755710057528,
    -21.20063490457));
#691 = CARTESIAN_POINT('',(20.680259083246,7.755710057528,
    -24.09957743529));
#692 = CARTESIAN_POINT('',(20.639870320469,7.755710057528,
    -26.99842173981));
#693 = CARTESIAN_POINT('',(20.526308243902,7.755710057528,
    -29.89533258614));
#694 = CARTESIAN_POINT('',(20.339524263081,7.755710057528,
    -32.78840944326));
#695 = CARTESIAN_POINT('',(20.080089249208,7.755710057527,
    -35.67600252658));
#696 = CARTESIAN_POINT('',(19.746482886962,7.755710057529,
    -38.55553887996));
#697 = CARTESIAN_POINT('',(19.345209562041,7.755710057524,-41.427909066)
  );
#698 = CARTESIAN_POINT('',(18.853044825064,7.755710057541,
    -44.28110137269));
#699 = CARTESIAN_POINT('',(18.345055304273,7.755710057477,
    -47.22593689611));
#700 = CARTESIAN_POINT('',(17.764838360925,7.755710057645,
    -49.12291684779));
#701 = CARTESIAN_POINT('',(16.47263590281,7.755710057528,-49.68030002167
    ));
#702 = CARTESIAN_POINT('',(17.125691652279,7.66,4.602764804148));
#703 = CARTESIAN_POINT('',(17.366089181197,7.659999999977,3.666274363113
    ));
#704 = CARTESIAN_POINT('',(17.82323468734,7.660000000011,1.787279583633)
  );
#705 = CARTESIAN_POINT('',(18.43754663148,7.659999999997,-1.047678616748
    ));
#706 = CARTESIAN_POINT('',(18.980065781213,7.660000000001,
    -3.897234727262));
#707 = CARTESIAN_POINT('',(19.450444590913,7.66,-6.75958686454));
#708 = CARTESIAN_POINT('',(19.848383372166,7.66,-9.632904736797));
#709 = CARTESIAN_POINT('',(20.173628171235,7.66,-12.5153564876));
#710 = CARTESIAN_POINT('',(20.425971484178,7.66,-15.40510295559));
#711 = CARTESIAN_POINT('',(20.605252490486,7.66,-18.30030080716));
#712 = CARTESIAN_POINT('',(20.71135619752,7.66,-21.19910278367));
#713 = CARTESIAN_POINT('',(20.74421724524,7.66,-24.09966063543));
#714 = CARTESIAN_POINT('',(20.703805980567,7.66,-27.00012020719));
#715 = CARTESIAN_POINT('',(20.590180614275,7.66,-29.89864523995));
#716 = CARTESIAN_POINT('',(20.403292599277,7.66,-32.79333416008));
#717 = CARTESIAN_POINT('',(20.143712861954,7.66,-35.68253620255));
#718 = CARTESIAN_POINT('',(19.809921221059,7.659999999999,
    -38.56367720586));
#719 = CARTESIAN_POINT('',(19.408422024678,7.660000000003,
    -41.43764737673));
#720 = CARTESIAN_POINT('',(18.915991549005,7.65999999999,-44.2924314902)
  );
#721 = CARTESIAN_POINT('',(18.40768642105,7.660000000038,-47.23890033275
    ));
#722 = CARTESIAN_POINT('',(17.827232243843,7.659999999912,
    -49.13695732925));
#723 = CARTESIAN_POINT('',(16.534923244302,7.66,-49.69479383697));
#724 = DEFINITIONAL_REPRESENTATION('',(#725),#729);
#725 = LINE('',#726,#727);
#726 = CARTESIAN_POINT('',(0.,0.));
#727 = VECTOR('',#728,1.);
#728 = DIRECTION('',(1.,0.));
#729 = ( GEOMETRIC_REPRESENTATION_CONTEXT(2) 
PARAMETRIC_REPRESENTATION_CONTEXT() REPRESENTATION_CONTEXT('2D SPACE',''
  ) );
#730 = ORIENTED_EDGE('',*,*,#731,.F.);
#731 = EDGE_CURVE('',#732,#666,#734,.T.);
#732 = VERTEX_POINT('',#733);
#733 = CARTESIAN_POINT('',(16.990235239341,7.842253967444,4.567992231789
    ));
#734 = SURFACE_CURVE('',#735,(#738,#744),.PCURVE_S1.);
#735 = B_SPLINE_CURVE_WITH_KNOTS('',1,(#736,#737),.UNSPECIFIED.,.F.,.F.,
  (2,2),(35.,36.),.PIECEWISE_BEZIER_KNOTS.);
#736 = CARTESIAN_POINT('',(16.990235239341,7.842253967444,4.567992231789
    ));
#737 = CARTESIAN_POINT('',(17.063748647232,7.755710057528,4.586863618088
    ));
#738 = PCURVE('',#101,#739);
#739 = DEFINITIONAL_REPRESENTATION('',(#740),#743);
#740 = B_SPLINE_CURVE_WITH_KNOTS('',1,(#741,#742),.UNSPECIFIED.,.F.,.F.,
  (2,2),(35.,36.),.PIECEWISE_BEZIER_KNOTS.);
#741 = CARTESIAN_POINT('',(17.446885239737,0.623987057929));
#742 = CARTESIAN_POINT('',(17.522193742664,0.53693059297));
#743 = ( GEOMETRIC_REPRESENTATION_CONTEXT(2) 
PARAMETRIC_REPRESENTATION_CONTEXT() REPRESENTATION_CONTEXT('2D SPACE',''
  ) );
#744 = PCURVE('',#745,#790);
#745 = ( BOUNDED_SURFACE() B_SPLINE_SURFACE(1,3,(
    (#746,#747,#748,#749,#750,#751,#752,#753,#754,#755,#756,#757,#758
      ,#759,#760,#761,#762,#763,#764,#765,#766,#767)
    ,(#768,#769,#770,#771,#772,#773,#774,#775,#776,#777,#778,#779,#780
      ,#781,#782,#783,#784,#785,#786,#787,#788,#789
)),.UNSPECIFIED.,.F.,.F.,.F.) B_SPLINE_SURFACE_WITH_KNOTS((2,2),(4,1,1,1
    ,1,1,1,1,1,1,1,1,1,1,1,1,1,1,1,4),(35.,36.),(0.,5.24163189288E-02,
    0.104832637858,0.157248956786,0.209665275715,0.262081594644,
    0.314497913573,0.366914232502,0.41933055143,0.471746870359,
    0.524163189288,0.576579508217,0.628995827146,0.681412146074,
    0.733828465003,0.786244783932,0.838661102861,0.89107742179,
0.943493740718,1.),.UNSPECIFIED.) GEOMETRIC_REPRESENTATION_ITEM() 
RATIONAL_B_SPLINE_SURFACE((
    (1.,0.999999999991,1.000000000004,0.999999999999,1.,1.,1.,1.,1.,1.
      ,1.,1.,1.,1.,1.,1.,1.,0.999999999999,1.000000000003,0.99999999999
      ,1.000000000024,1.)
    ,(1.,0.999999999991,1.000000000004,0.999999999999,1.,1.,1.,1.,1.,1.
      ,1.,1.,1.,1.,1.,1.,1.,0.999999999999,1.000000000003,0.99999999999
,1.000000000024,1.))) REPRESENTATION_ITEM('') SURFACE() );
#746 = CARTESIAN_POINT('',(16.990235239341,7.842253967444,4.567992231789
    ));
#747 = CARTESIAN_POINT('',(17.230340006578,7.842253967417,3.632642271838
    ));
#748 = CARTESIAN_POINT('',(17.686928789338,7.842253967457,1.755935777792
    ));
#749 = CARTESIAN_POINT('',(18.300492609577,7.842253967441,
    -1.075569941219));
#750 = CARTESIAN_POINT('',(18.842351066205,7.842253967445,
    -3.921655792802));
#751 = CARTESIAN_POINT('',(19.312157037127,7.842253967444,-6.7805220878)
  );
#752 = CARTESIAN_POINT('',(19.709611198817,7.842253967444,
    -9.650340763446));
#753 = CARTESIAN_POINT('',(20.034459906845,7.842253967444,
    -12.52928219418));
#754 = CARTESIAN_POINT('',(20.286495909908,7.842253967444,-15.4155094584
    ));
#755 = CARTESIAN_POINT('',(20.465558583565,7.842253967444,
    -18.30718146742));
#756 = CARTESIAN_POINT('',(20.571533074422,7.842253967444,
    -21.20245321204));
#757 = CARTESIAN_POINT('',(20.604354104999,7.842253967444,-24.0994786941
    ));
#758 = CARTESIAN_POINT('',(20.563992047273,7.842253967444,
    -26.99640601383));
#759 = CARTESIAN_POINT('',(20.450505082387,7.842253967444,
    -29.89140115805));
#760 = CARTESIAN_POINT('',(20.263844568403,7.842253967444,-32.7825648331
    ));
#761 = CARTESIAN_POINT('',(20.004581311036,7.842253967444,-35.668248418)
  );
#762 = CARTESIAN_POINT('',(19.671194835845,7.842253967446,
    -38.54588038712));
#763 = CARTESIAN_POINT('',(19.270189573164,7.842253967438,
    -41.41635172535));
#764 = CARTESIAN_POINT('',(18.77834021251,7.842253967468,-44.26765489));
#765 = CARTESIAN_POINT('',(18.27072525149,7.842253967352,-47.21055200444
    ));
#766 = CARTESIAN_POINT('',(17.690789855195,7.842253967659,
    -49.10625372983));
#767 = CARTESIAN_POINT('',(16.398713839485,7.842253967444,
    -49.66309889047));
#768 = CARTESIAN_POINT('',(17.063748647232,7.755710057528,4.586863618088
    ));
#769 = CARTESIAN_POINT('',(17.304012298935,7.755710057473,3.650894708458
    ));
#770 = CARTESIAN_POINT('',(17.760903220341,7.755710057553,1.772946341987
    ));
#771 = CARTESIAN_POINT('',(18.374873054165,7.755710057521,
    -1.060433069797));
#772 = CARTESIAN_POINT('',(18.917090074843,7.755710057529,
    -3.908402261906));
#773 = CARTESIAN_POINT('',(19.387206930501,7.755710057527,-6.76916035473
    ));
#774 = CARTESIAN_POINT('',(19.784924099566,7.755710057528,
    -9.640878075698));
#775 = CARTESIAN_POINT('',(20.109987769747,7.755710057528,
    -12.52172458856));
#776 = CARTESIAN_POINT('',(20.362190552633,7.755710057528,
    -15.40986175617));
#777 = CARTESIAN_POINT('',(20.541371717374,7.755710057528,
    -18.30344727151));
#778 = CARTESIAN_POINT('',(20.647416335007,7.755710057528,
    -21.20063490457));
#779 = CARTESIAN_POINT('',(20.680259083246,7.755710057528,
    -24.09957743529));
#780 = CARTESIAN_POINT('',(20.639870320469,7.755710057528,
    -26.99842173981));
#781 = CARTESIAN_POINT('',(20.526308243902,7.755710057528,
    -29.89533258614));
#782 = CARTESIAN_POINT('',(20.339524263081,7.755710057528,
    -32.78840944326));
#783 = CARTESIAN_POINT('',(20.080089249208,7.755710057527,
    -35.67600252658));
#784 = CARTESIAN_POINT('',(19.746482886962,7.755710057529,
    -38.55553887996));
#785 = CARTESIAN_POINT('',(19.345209562041,7.755710057524,-41.427909066)
  );
#786 = CARTESIAN_POINT('',(18.853044825064,7.755710057541,
    -44.28110137269));
#787 = CARTESIAN_POINT('',(18.345055304273,7.755710057477,
    -47.22593689611));
#788 = CARTESIAN_POINT('',(17.764838360925,7.755710057645,
    -49.12291684779));
#789 = CARTESIAN_POINT('',(16.47263590281,7.755710057528,-49.68030002167
    ));
#790 = DEFINITIONAL_REPRESENTATION('',(#791),#795);
#791 = LINE('',#792,#793);
#792 = CARTESIAN_POINT('',(0.,0.));
#793 = VECTOR('',#794,1.);
#794 = DIRECTION('',(1.,0.));
#795 = ( GEOMETRIC_REPRESENTATION_CONTEXT(2) 
PARAMETRIC_REPRESENTATION_CONTEXT() REPRESENTATION_CONTEXT('2D SPACE',''
  ) );
#796 = ORIENTED_EDGE('',*,*,#797,.F.);
#797 = EDGE_CURVE('',#798,#732,#800,.T.);
#798 = VERTEX_POINT('',#799);
#799 = CARTESIAN_POINT('',(16.906409263396,7.918150939456,4.546473539903
    ));
#800 = SURFACE_CURVE('',#801,(#804,#810),.PCURVE_S1.);
#801 = B_SPLINE_CURVE_WITH_KNOTS('',1,(#802,#803),.UNSPECIFIED.,.F.,.F.,
  (2,2),(34.,35.),.PIECEWISE_BEZIER_KNOTS.);
#802 = CARTESIAN_POINT('',(16.906409263396,7.918150939456,4.546473539903
    ));
#803 = CARTESIAN_POINT('',(16.990235239341,7.842253967444,4.567992231789
    ));
#804 = PCURVE('',#101,#805);
#805 = DEFINITIONAL_REPRESENTATION('',(#806),#809);
#806 = B_SPLINE_CURVE_WITH_KNOTS('',1,(#807,#808),.UNSPECIFIED.,.F.,.F.,
  (2,2),(34.,35.),.PIECEWISE_BEZIER_KNOTS.);
#807 = CARTESIAN_POINT('',(17.360857862613,0.700469010633));
#808 = CARTESIAN_POINT('',(17.446885239737,0.623987057929));
#809 = ( GEOMETRIC_REPRESENTATION_CONTEXT(2) 
PARAMETRIC_REPRESENTATION_CONTEXT() REPRESENTATION_CONTEXT('2D SPACE',''
  ) );
#810 = PCURVE('',#811,#856);
#811 = ( BOUNDED_SURFACE() B_SPLINE_SURFACE(1,3,(
    (#812,#813,#814,#815,#816,#817,#818,#819,#820,#821,#822,#823,#824
      ,#825,#826,#827,#828,#829,#830,#831,#832,#833)
    ,(#834,#835,#836,#837,#838,#839,#840,#841,#842,#843,#844,#845,#846
      ,#847,#848,#849,#850,#851,#852,#853,#854,#855
)),.UNSPECIFIED.,.F.,.F.,.F.) B_SPLINE_SURFACE_WITH_KNOTS((2,2),(4,1,1,1
    ,1,1,1,1,1,1,1,1,1,1,1,1,1,1,1,4),(34.,35.),(0.,5.24163189288E-02,
    0.104832637858,0.157248956786,0.209665275715,0.262081594644,
    0.314497913573,0.366914232502,0.41933055143,0.471746870359,
    0.524163189288,0.576579508217,0.628995827146,0.681412146074,
    0.733828465003,0.786244783932,0.838661102861,0.89107742179,
0.943493740718,1.),.UNSPECIFIED.) GEOMETRIC_REPRESENTATION_ITEM() 
RATIONAL_B_SPLINE_SURFACE((
    (1.,0.999999999991,1.000000000004,0.999999999999,1.,1.,1.,1.,1.,1.
      ,1.,1.,1.,1.,1.,1.,1.,0.999999999999,1.000000000003,0.99999999999
      ,1.000000000024,1.)
    ,(1.,0.999999999991,1.000000000004,0.999999999999,1.,1.,1.,1.,1.,1.
      ,1.,1.,1.,1.,1.,1.,1.,0.999999999999,1.000000000003,0.99999999999
,1.000000000024,1.))) REPRESENTATION_ITEM('') SURFACE() );
#812 = CARTESIAN_POINT('',(16.906409263396,7.918150939456,4.546473539903
    ));
#813 = CARTESIAN_POINT('',(17.146332856811,7.918150939541,3.611829355884
    ));
#814 = CARTESIAN_POINT('',(17.602577117664,7.918150939417,1.736538947269
    ));
#815 = CARTESIAN_POINT('',(18.215677967662,7.918150939467,-1.09283023515
    ));
#816 = CARTESIAN_POINT('',(18.757127560481,7.918150939453,
    -3.936768548307));
#817 = CARTESIAN_POINT('',(19.226579035268,7.918150939457,
    -6.793477661359));
#818 = CARTESIAN_POINT('',(19.623733294535,7.918150939456,
    -9.661130890829));
#819 = CARTESIAN_POINT('',(19.948336885201,7.918150939456,
    -12.53789999174));
#820 = CARTESIAN_POINT('',(20.200182712326,7.918150939456,
    -15.42194942854));
#821 = CARTESIAN_POINT('',(20.379110272796,7.918150939456,
    -18.31143950179));
#822 = CARTESIAN_POINT('',(20.48500479939,7.918150939456,-21.20452659433
    ));
#823 = CARTESIAN_POINT('',(20.51780106572,7.918150939456,-24.09936610136
    ));
#824 = CARTESIAN_POINT('',(20.47746945927,7.918150939456,-26.99410751886
    ));
#825 = CARTESIAN_POINT('',(20.364068142841,7.918150939456,
    -29.88691822349));
#826 = CARTESIAN_POINT('',(20.177548415802,7.918150939456,
    -32.77590033251));
#827 = CARTESIAN_POINT('',(19.918481009194,7.918150939456,
    -35.65940655176));
#828 = CARTESIAN_POINT('',(19.585345267128,7.918150939456,-38.5348669868
    ));
#829 = CARTESIAN_POINT('',(19.184645670874,7.918150939458,
    -41.40317310413));
#830 = CARTESIAN_POINT('',(18.693155927904,7.91815093945,-44.25232211498
    ));
#831 = CARTESIAN_POINT('',(18.185968070794,7.918150939481,
    -47.19300889821));
#832 = CARTESIAN_POINT('',(17.606353716462,7.918150939398,
    -49.08725308426));
#833 = CARTESIAN_POINT('',(16.314421881326,7.918150939456,
    -49.64348475951));
#834 = CARTESIAN_POINT('',(16.990235239341,7.842253967444,4.567992231789
    ));
#835 = CARTESIAN_POINT('',(17.230340006578,7.842253967417,3.632642271838
    ));
#836 = CARTESIAN_POINT('',(17.686928789338,7.842253967457,1.755935777792
    ));
#837 = CARTESIAN_POINT('',(18.300492609577,7.842253967441,
    -1.075569941219));
#838 = CARTESIAN_POINT('',(18.842351066205,7.842253967445,
    -3.921655792802));
#839 = CARTESIAN_POINT('',(19.312157037127,7.842253967444,-6.7805220878)
  );
#840 = CARTESIAN_POINT('',(19.709611198817,7.842253967444,
    -9.650340763446));
#841 = CARTESIAN_POINT('',(20.034459906845,7.842253967444,
    -12.52928219418));
#842 = CARTESIAN_POINT('',(20.286495909908,7.842253967444,-15.4155094584
    ));
#843 = CARTESIAN_POINT('',(20.465558583565,7.842253967444,
    -18.30718146742));
#844 = CARTESIAN_POINT('',(20.571533074422,7.842253967444,
    -21.20245321204));
#845 = CARTESIAN_POINT('',(20.604354104999,7.842253967444,-24.0994786941
    ));
#846 = CARTESIAN_POINT('',(20.563992047273,7.842253967444,
    -26.99640601383));
#847 = CARTESIAN_POINT('',(20.450505082387,7.842253967444,
    -29.89140115805));
#848 = CARTESIAN_POINT('',(20.263844568403,7.842253967444,-32.7825648331
    ));
#849 = CARTESIAN_POINT('',(20.004581311036,7.842253967444,-35.668248418)
  );
#850 = CARTESIAN_POINT('',(19.671194835845,7.842253967446,
    -38.54588038712));
#851 = CARTESIAN_POINT('',(19.270189573164,7.842253967438,
    -41.41635172535));
#852 = CARTESIAN_POINT('',(18.77834021251,7.842253967468,-44.26765489));
#853 = CARTESIAN_POINT('',(18.27072525149,7.842253967352,-47.21055200444
    ));
#854 = CARTESIAN_POINT('',(17.690789855195,7.842253967659,
    -49.10625372983));
#855 = CARTESIAN_POINT('',(16.398713839485,7.842253967444,
    -49.66309889047));
#856 = DEFINITIONAL_REPRESENTATION('',(#857),#861);
#857 = LINE('',#858,#859);
#858 = CARTESIAN_POINT('',(0.,0.));
#859 = VECTOR('',#860,1.);
#860 = DIRECTION('',(1.,0.));
#861 = ( GEOMETRIC_REPRESENTATION_CONTEXT(2) 
PARAMETRIC_REPRESENTATION_CONTEXT() REPRESENTATION_CONTEXT('2D SPACE',''
  ) );
#862 = ORIENTED_EDGE('',*,*,#863,.F.);
#863 = EDGE_CURVE('',#864,#798,#866,.T.);
#864 = VERTEX_POINT('',#865);
#865 = CARTESIAN_POINT('',(16.813705005087,7.98210235533,4.522675733213)
  );
#866 = SURFACE_CURVE('',#867,(#870,#876),.PCURVE_S1.);
#867 = B_SPLINE_CURVE_WITH_KNOTS('',1,(#868,#869),.UNSPECIFIED.,.F.,.F.,
  (2,2),(33.,34.),.PIECEWISE_BEZIER_KNOTS.);
#868 = CARTESIAN_POINT('',(16.813705005087,7.98210235533,4.522675733213)
  );
#869 = CARTESIAN_POINT('',(16.906409263396,7.918150939456,4.546473539903
    ));
#870 = PCURVE('',#101,#871);
#871 = DEFINITIONAL_REPRESENTATION('',(#872),#875);
#872 = B_SPLINE_CURVE_WITH_KNOTS('',1,(#873,#874),.UNSPECIFIED.,.F.,.F.,
  (2,2),(33.,34.),.PIECEWISE_BEZIER_KNOTS.);
#873 = CARTESIAN_POINT('',(17.265583563566,0.765067823666));
#874 = CARTESIAN_POINT('',(17.360857862613,0.700469010633));
#875 = ( GEOMETRIC_REPRESENTATION_CONTEXT(2) 
PARAMETRIC_REPRESENTATION_CONTEXT() REPRESENTATION_CONTEXT('2D SPACE',''
  ) );
#876 = PCURVE('',#877,#922);
#877 = ( BOUNDED_SURFACE() B_SPLINE_SURFACE(1,3,(
    (#878,#879,#880,#881,#882,#883,#884,#885,#886,#887,#888,#889,#890
      ,#891,#892,#893,#894,#895,#896,#897,#898,#899)
    ,(#900,#901,#902,#903,#904,#905,#906,#907,#908,#909,#910,#911,#912
      ,#913,#914,#915,#916,#917,#918,#919,#920,#921
)),.UNSPECIFIED.,.F.,.F.,.F.) B_SPLINE_SURFACE_WITH_KNOTS((2,2),(4,1,1,1
    ,1,1,1,1,1,1,1,1,1,1,1,1,1,1,1,4),(33.,34.),(0.,5.24163189288E-02,
    0.104832637858,0.157248956786,0.209665275715,0.262081594644,
    0.314497913573,0.366914232502,0.41933055143,0.471746870359,
    0.524163189288,0.576579508217,0.628995827146,0.681412146074,
    0.733828465003,0.786244783932,0.838661102861,0.89107742179,
0.943493740718,1.),.UNSPECIFIED.) GEOMETRIC_REPRESENTATION_ITEM() 
RATIONAL_B_SPLINE_SURFACE((
    (1.,0.999999999991,1.000000000004,0.999999999999,1.,1.,1.,1.,1.,1.
      ,1.,1.,1.,1.,1.,1.,1.,0.999999999999,1.000000000003,0.99999999999
      ,1.000000000024,1.)
    ,(1.,0.999999999991,1.000000000004,0.999999999999,1.,1.,1.,1.,1.,1.
      ,1.,1.,1.,1.,1.,1.,1.,0.999999999999,1.000000000003,0.99999999999
,1.000000000024,1.))) REPRESENTATION_ITEM('') SURFACE() );
#878 = CARTESIAN_POINT('',(16.813705005087,7.98210235533,4.522675733213)
  );
#879 = CARTESIAN_POINT('',(17.053428237352,7.98210235554,3.588812076597)
  );
#880 = CARTESIAN_POINT('',(17.509291484835,7.982102355233,1.715087734993
    ));
#881 = CARTESIAN_POINT('',(18.121880330718,7.982102355356,
    -1.111918623021));
#882 = CARTESIAN_POINT('',(18.662877755411,7.982102355323,
    -3.953481945027));
#883 = CARTESIAN_POINT('',(19.131937188281,7.982102355332,
    -6.807805401943));
#884 = CARTESIAN_POINT('',(19.528759781466,7.98210235533,-9.673063835776
    ));
#885 = CARTESIAN_POINT('',(19.853092293596,7.98210235533,-12.54743052833
    ));
#886 = CARTESIAN_POINT('',(20.104727802628,7.98210235533,-15.42907147691
    ));
#887 = CARTESIAN_POINT('',(20.283505939634,7.98210235533,-18.31614851846
    ));
#888 = CARTESIAN_POINT('',(20.38931203269,7.98210235533,-21.2068195753)
  );
#889 = CARTESIAN_POINT('',(20.42208091191,7.98210235533,-24.09924158355)
  );
#890 = CARTESIAN_POINT('',(20.381782981928,7.98210235533,-26.9915655828)
  );
#891 = CARTESIAN_POINT('',(20.268476385265,7.98210235533,-29.88196048672
    ));
#892 = CARTESIAN_POINT('',(20.082112356376,7.98210235533,-32.76852997293
    ));
#893 = CARTESIAN_POINT('',(19.823261543716,7.982102355331,
    -35.64962821465));
#894 = CARTESIAN_POINT('',(19.49040309075,7.982102355329,-38.52268712136
    ));
#895 = CARTESIAN_POINT('',(19.090041535007,7.982102355334,
    -41.38859869217));
#896 = CARTESIAN_POINT('',(18.598949498163,7.982102355318,
    -44.23536539585));
#897 = CARTESIAN_POINT('',(18.092233980309,7.982102355378,
    -47.17360774415));
#898 = CARTESIAN_POINT('',(17.512974672183,7.982102355218,-49.066240019)
  );
#899 = CARTESIAN_POINT('',(16.221202287108,7.98210235533,-49.621793232)
  );
#900 = CARTESIAN_POINT('',(16.906409263396,7.918150939456,4.546473539903
    ));
#901 = CARTESIAN_POINT('',(17.146332856811,7.918150939541,3.611829355884
    ));
#902 = CARTESIAN_POINT('',(17.602577117664,7.918150939417,1.736538947269
    ));
#903 = CARTESIAN_POINT('',(18.215677967662,7.918150939467,-1.09283023515
    ));
#904 = CARTESIAN_POINT('',(18.757127560481,7.918150939453,
    -3.936768548307));
#905 = CARTESIAN_POINT('',(19.226579035268,7.918150939457,
    -6.793477661359));
#906 = CARTESIAN_POINT('',(19.623733294535,7.918150939456,
    -9.661130890829));
#907 = CARTESIAN_POINT('',(19.948336885201,7.918150939456,
    -12.53789999174));
#908 = CARTESIAN_POINT('',(20.200182712326,7.918150939456,
    -15.42194942854));
#909 = CARTESIAN_POINT('',(20.379110272796,7.918150939456,
    -18.31143950179));
#910 = CARTESIAN_POINT('',(20.48500479939,7.918150939456,-21.20452659433
    ));
#911 = CARTESIAN_POINT('',(20.51780106572,7.918150939456,-24.09936610136
    ));
#912 = CARTESIAN_POINT('',(20.47746945927,7.918150939456,-26.99410751886
    ));
#913 = CARTESIAN_POINT('',(20.364068142841,7.918150939456,
    -29.88691822349));
#914 = CARTESIAN_POINT('',(20.177548415802,7.918150939456,
    -32.77590033251));
#915 = CARTESIAN_POINT('',(19.918481009194,7.918150939456,
    -35.65940655176));
#916 = CARTESIAN_POINT('',(19.585345267128,7.918150939456,-38.5348669868
    ));
#917 = CARTESIAN_POINT('',(19.184645670874,7.918150939458,
    -41.40317310413));
#918 = CARTESIAN_POINT('',(18.693155927904,7.91815093945,-44.25232211498
    ));
#919 = CARTESIAN_POINT('',(18.185968070794,7.918150939481,
    -47.19300889821));
#920 = CARTESIAN_POINT('',(17.606353716462,7.918150939398,
    -49.08725308426));
#921 = CARTESIAN_POINT('',(16.314421881326,7.918150939456,
    -49.64348475951));
#922 = DEFINITIONAL_REPRESENTATION('',(#923),#927);
#923 = LINE('',#924,#925);
#924 = CARTESIAN_POINT('',(0.,0.));
#925 = VECTOR('',#926,1.);
#926 = DIRECTION('',(1.,0.));
#927 = ( GEOMETRIC_REPRESENTATION_CONTEXT(2) 
PARAMETRIC_REPRESENTATION_CONTEXT() REPRESENTATION_CONTEXT('2D SPACE',''
  ) );
#928 = ORIENTED_EDGE('',*,*,#929,.F.);
#929 = EDGE_CURVE('',#930,#864,#932,.T.);
#930 = VERTEX_POINT('',#931);
#931 = CARTESIAN_POINT('',(16.713708659975,8.03301398861,4.49700599879)
  );
#932 = SURFACE_CURVE('',#933,(#936,#942),.PCURVE_S1.);
#933 = B_SPLINE_CURVE_WITH_KNOTS('',1,(#934,#935),.UNSPECIFIED.,.F.,.F.,
  (2,2),(32.,33.),.PIECEWISE_BEZIER_KNOTS.);
#934 = CARTESIAN_POINT('',(16.713708659975,8.03301398861,4.49700599879)
  );
#935 = CARTESIAN_POINT('',(16.813705005087,7.98210235533,4.522675733213)
  );
#936 = PCURVE('',#101,#937);
#937 = DEFINITIONAL_REPRESENTATION('',(#938),#941);
#938 = B_SPLINE_CURVE_WITH_KNOTS('',1,(#939,#940),.UNSPECIFIED.,.F.,.F.,
  (2,2),(32.,33.),.PIECEWISE_BEZIER_KNOTS.);
#939 = CARTESIAN_POINT('',(17.162692512267,0.816678193428));
#940 = CARTESIAN_POINT('',(17.265583563566,0.765067823666));
#941 = ( GEOMETRIC_REPRESENTATION_CONTEXT(2) 
PARAMETRIC_REPRESENTATION_CONTEXT() REPRESENTATION_CONTEXT('2D SPACE',''
  ) );
#942 = PCURVE('',#943,#988);
#943 = ( BOUNDED_SURFACE() B_SPLINE_SURFACE(1,3,(
    (#944,#945,#946,#947,#948,#949,#950,#951,#952,#953,#954,#955,#956
      ,#957,#958,#959,#960,#961,#962,#963,#964,#965)
    ,(#966,#967,#968,#969,#970,#971,#972,#973,#974,#975,#976,#977,#978
      ,#979,#980,#981,#982,#983,#984,#985,#986,#987
)),.UNSPECIFIED.,.F.,.F.,.F.) B_SPLINE_SURFACE_WITH_KNOTS((2,2),(4,1,1,1
    ,1,1,1,1,1,1,1,1,1,1,1,1,1,1,1,4),(32.,33.),(0.,5.24163189288E-02,
    0.104832637858,0.157248956786,0.209665275715,0.262081594644,
    0.314497913573,0.366914232502,0.41933055143,0.471746870359,
    0.524163189288,0.576579508217,0.628995827146,0.681412146074,
    0.733828465003,0.786244783932,0.838661102861,0.89107742179,
0.943493740718,1.),.UNSPECIFIED.) GEOMETRIC_REPRESENTATION_ITEM() 
RATIONAL_B_SPLINE_SURFACE((
    (1.,0.999999999991,1.000000000004,0.999999999999,1.,1.,1.,1.,1.,1.
      ,1.,1.,1.,1.,1.,1.,1.,0.999999999999,1.000000000003,0.99999999999
      ,1.000000000024,1.)
    ,(1.,0.999999999991,1.000000000004,0.999999999999,1.,1.,1.,1.,1.,1.
      ,1.,1.,1.,1.,1.,1.,1.,0.999999999999,1.000000000003,0.99999999999
,1.000000000024,1.))) REPRESENTATION_ITEM('') SURFACE() );
#944 = CARTESIAN_POINT('',(16.713708659975,8.03301398861,4.49700599879)
  );
#945 = CARTESIAN_POINT('',(16.953215770436,8.033013988829,3.563984265257
    ));
#946 = CARTESIAN_POINT('',(17.408668034618,8.033013988508,1.6919491775)
  );
#947 = CARTESIAN_POINT('',(18.020704602126,8.033013988637,
    -1.132508497315));
#948 = CARTESIAN_POINT('',(18.561214291345,8.033013988603,
    -3.971510012084));
#949 = CARTESIAN_POINT('',(19.029850844393,8.033013988612,
    -6.823260157943));
#950 = CARTESIAN_POINT('',(19.426315682754,8.033013988609,-9.68593542229
    ));
#951 = CARTESIAN_POINT('',(19.750355793398,8.03301398861,-12.55771073382
    ));
#952 = CARTESIAN_POINT('',(20.001764440784,8.03301398861,-15.43675374329
    ));
#953 = CARTESIAN_POINT('',(20.180381400724,8.03301398861,-18.32122794484
    ));
#954 = CARTESIAN_POINT('',(20.286092104089,8.03301398861,-21.2092929214)
  );
#955 = CARTESIAN_POINT('',(20.318831441939,8.03301398861,-24.09910727121
    ));
#956 = CARTESIAN_POINT('',(20.278569837406,8.03301398861,-26.98882369887
    ));
#957 = CARTESIAN_POINT('',(20.165365411133,8.03301398861,-29.87661277598
    ));
#958 = CARTESIAN_POINT('',(19.979169327559,8.03301398861,-32.76057986327
    ));
#959 = CARTESIAN_POINT('',(19.72055214606,8.03301398861,-35.63908071672)
  );
#960 = CARTESIAN_POINT('',(19.387992793657,8.033013988609,
    -38.50954919167));
#961 = CARTESIAN_POINT('',(18.987995868606,8.033013988615,
    -41.37287786169));
#962 = CARTESIAN_POINT('',(18.49733282123,8.03301398859,-44.21707486673)
  );
#963 = CARTESIAN_POINT('',(17.991126797038,8.033013988686,
    -47.15268050155));
#964 = CARTESIAN_POINT('',(17.412250462005,8.033013988433,
    -49.04357407303));
#965 = CARTESIAN_POINT('',(16.120650069932,8.03301398861,-49.59839545599
    ));
#966 = CARTESIAN_POINT('',(16.813705005087,7.98210235533,4.522675733213)
  );
#967 = CARTESIAN_POINT('',(17.053428237352,7.98210235554,3.588812076597)
  );
#968 = CARTESIAN_POINT('',(17.509291484835,7.982102355233,1.715087734993
    ));
#969 = CARTESIAN_POINT('',(18.121880330718,7.982102355356,
    -1.111918623021));
#970 = CARTESIAN_POINT('',(18.662877755411,7.982102355323,
    -3.953481945027));
#971 = CARTESIAN_POINT('',(19.131937188281,7.982102355332,
    -6.807805401943));
#972 = CARTESIAN_POINT('',(19.528759781466,7.98210235533,-9.673063835776
    ));
#973 = CARTESIAN_POINT('',(19.853092293596,7.98210235533,-12.54743052833
    ));
#974 = CARTESIAN_POINT('',(20.104727802628,7.98210235533,-15.42907147691
    ));
#975 = CARTESIAN_POINT('',(20.283505939634,7.98210235533,-18.31614851846
    ));
#976 = CARTESIAN_POINT('',(20.38931203269,7.98210235533,-21.2068195753)
  );
#977 = CARTESIAN_POINT('',(20.42208091191,7.98210235533,-24.09924158355)
  );
#978 = CARTESIAN_POINT('',(20.381782981928,7.98210235533,-26.9915655828)
  );
#979 = CARTESIAN_POINT('',(20.268476385265,7.98210235533,-29.88196048672
    ));
#980 = CARTESIAN_POINT('',(20.082112356376,7.98210235533,-32.76852997293
    ));
#981 = CARTESIAN_POINT('',(19.823261543716,7.982102355331,
    -35.64962821465));
#982 = CARTESIAN_POINT('',(19.49040309075,7.982102355329,-38.52268712136
    ));
#983 = CARTESIAN_POINT('',(19.090041535007,7.982102355334,
    -41.38859869217));
#984 = CARTESIAN_POINT('',(18.598949498163,7.982102355318,
    -44.23536539585));
#985 = CARTESIAN_POINT('',(18.092233980309,7.982102355378,
    -47.17360774415));
#986 = CARTESIAN_POINT('',(17.512974672183,7.982102355218,-49.066240019)
  );
#987 = CARTESIAN_POINT('',(16.221202287108,7.98210235533,-49.621793232)
  );
#988 = DEFINITIONAL_REPRESENTATION('',(#989),#993);
#989 = LINE('',#990,#991);
#990 = CARTESIAN_POINT('',(0.,0.));
#991 = VECTOR('',#992,1.);
#992 = DIRECTION('',(1.,0.));
#993 = ( GEOMETRIC_REPRESENTATION_CONTEXT(2) 
PARAMETRIC_REPRESENTATION_CONTEXT() REPRESENTATION_CONTEXT('2D SPACE',''
  ) );
#994 = ORIENTED_EDGE('',*,*,#995,.F.);
#995 = EDGE_CURVE('',#996,#930,#998,.T.);
#996 = VERTEX_POINT('',#997);
#997 = CARTESIAN_POINT('',(16.60813119325,8.070014727134,4.469903552908)
  );
#998 = SURFACE_CURVE('',#999,(#1002,#1008),.PCURVE_S1.);
#999 = B_SPLINE_CURVE_WITH_KNOTS('',1,(#1000,#1001),.UNSPECIFIED.,.F.,
  .F.,(2,2),(31.,32.),.PIECEWISE_BEZIER_KNOTS.);
#1000 = CARTESIAN_POINT('',(16.60813119325,8.070014727134,4.469903552908
    ));
#1001 = CARTESIAN_POINT('',(16.713708659975,8.03301398861,4.49700599879)
  );
#1002 = PCURVE('',#101,#1003);
#1003 = DEFINITIONAL_REPRESENTATION('',(#1004),#1007);
#1004 = B_SPLINE_CURVE_WITH_KNOTS('',1,(#1005,#1006),.UNSPECIFIED.,.F.,
  .F.,(2,2),(31.,32.),.PIECEWISE_BEZIER_KNOTS.);
#1005 = CARTESIAN_POINT('',(17.053945203132,0.854417052183));
#1006 = CARTESIAN_POINT('',(17.162692512267,0.816678193428));
#1007 = ( GEOMETRIC_REPRESENTATION_CONTEXT(2) 
PARAMETRIC_REPRESENTATION_CONTEXT() REPRESENTATION_CONTEXT('2D SPACE',''
  ) );
#1008 = PCURVE('',#1009,#1054);
#1009 = ( BOUNDED_SURFACE() B_SPLINE_SURFACE(1,3,(
    (#1010,#1011,#1012,#1013,#1014,#1015,#1016,#1017,#1018,#1019,#1020
      ,#1021,#1022,#1023,#1024,#1025,#1026,#1027,#1028,#1029,#1030,#1031
      )
    ,(#1032,#1033,#1034,#1035,#1036,#1037,#1038,#1039,#1040,#1041,#1042
      ,#1043,#1044,#1045,#1046,#1047,#1048,#1049,#1050,#1051,#1052,#1053
)),.UNSPECIFIED.,.F.,.F.,.F.) B_SPLINE_SURFACE_WITH_KNOTS((2,2),(4,1,1,1
    ,1,1,1,1,1,1,1,1,1,1,1,1,1,1,1,4),(31.,32.),(0.,5.24163189288E-02,
    0.104832637858,0.157248956786,0.209665275715,0.262081594644,
    0.314497913573,0.366914232502,0.41933055143,0.471746870359,
    0.524163189288,0.576579508217,0.628995827146,0.681412146074,
    0.733828465003,0.786244783932,0.838661102861,0.89107742179,
0.943493740718,1.),.UNSPECIFIED.) GEOMETRIC_REPRESENTATION_ITEM() 
RATIONAL_B_SPLINE_SURFACE((
    (1.,0.999999999991,1.000000000004,0.999999999999,1.,1.,1.,1.,1.,1.
      ,1.,1.,1.,1.,1.,1.,1.,0.999999999999,1.000000000003,0.99999999999
      ,1.000000000024,1.)
    ,(1.,0.999999999991,1.000000000004,0.999999999999,1.,1.,1.,1.,1.,1.
      ,1.,1.,1.,1.,1.,1.,1.,0.999999999999,1.000000000003,0.99999999999
,1.000000000024,1.))) REPRESENTATION_ITEM('') SURFACE() );
#1010 = CARTESIAN_POINT('',(16.60813119325,8.070014727134,4.469903552908
    ));
#1011 = CARTESIAN_POINT('',(16.847410118887,8.070014727374,
    3.537770733845));
#1012 = CARTESIAN_POINT('',(17.302428462269,8.070014727023,
    1.667519181346));
#1013 = CARTESIAN_POINT('',(17.913881926619,8.070014727164,
    -1.154247559422));
#1014 = CARTESIAN_POINT('',(18.453876658346,8.070014727126,
    -3.990544284294));
#1015 = CARTESIAN_POINT('',(18.922066729251,8.070014727137,
    -6.839577494189));
#1016 = CARTESIAN_POINT('',(19.318153845332,8.070014727134,
    -9.699525413961));
#1017 = CARTESIAN_POINT('',(19.641885234609,8.070014727135,
    -12.56856471106));
#1018 = CARTESIAN_POINT('',(19.893054358463,8.070014727134,
    -15.44486478197));
#1019 = CARTESIAN_POINT('',(20.07150114552,8.070014727134,
    -18.32659087055));
#1020 = CARTESIAN_POINT('',(20.177111135185,8.070014727134,
    -21.21190431301));
#1021 = CARTESIAN_POINT('',(20.209819282864,8.070014727134,
    -24.09896546246));
#1022 = CARTESIAN_POINT('',(20.169596031221,8.070014727134,
    -26.98592878148));
#1023 = CARTESIAN_POINT('',(20.056499477801,8.070014727134,
    -29.8709665921));
#1024 = CARTESIAN_POINT('',(19.870480713118,8.070014727134,
    -32.7521860321));
#1025 = CARTESIAN_POINT('',(19.612110202494,8.070014727135,
    -35.62794452859));
#1026 = CARTESIAN_POINT('',(19.279866644429,8.070014727134,
    -38.49567799133));
#1027 = CARTESIAN_POINT('',(18.8802547013,8.070014727137,-41.35627960054
    ));
#1028 = CARTESIAN_POINT('',(18.390044586682,8.070014727124,
    -44.1977634834));
#1029 = CARTESIAN_POINT('',(17.884376492691,8.070014727173,
    -47.13058524226));
#1030 = CARTESIAN_POINT('',(17.305904505622,8.070014727045,
    -49.01964306483));
#1031 = CARTESIAN_POINT('',(16.014485706113,8.070014727134,
    -49.57369177392));
#1032 = CARTESIAN_POINT('',(16.713708659975,8.03301398861,4.49700599879)
  );
#1033 = CARTESIAN_POINT('',(16.953215770436,8.033013988829,
    3.563984265257));
#1034 = CARTESIAN_POINT('',(17.408668034618,8.033013988508,1.6919491775)
  );
#1035 = CARTESIAN_POINT('',(18.020704602126,8.033013988637,
    -1.132508497315));
#1036 = CARTESIAN_POINT('',(18.561214291345,8.033013988603,
    -3.971510012084));
#1037 = CARTESIAN_POINT('',(19.029850844393,8.033013988612,
    -6.823260157943));
#1038 = CARTESIAN_POINT('',(19.426315682754,8.033013988609,
    -9.68593542229));
#1039 = CARTESIAN_POINT('',(19.750355793398,8.03301398861,
    -12.55771073382));
#1040 = CARTESIAN_POINT('',(20.001764440784,8.03301398861,
    -15.43675374329));
#1041 = CARTESIAN_POINT('',(20.180381400724,8.03301398861,
    -18.32122794484));
#1042 = CARTESIAN_POINT('',(20.286092104089,8.03301398861,-21.2092929214
    ));
#1043 = CARTESIAN_POINT('',(20.318831441939,8.03301398861,
    -24.09910727121));
#1044 = CARTESIAN_POINT('',(20.278569837406,8.03301398861,
    -26.98882369887));
#1045 = CARTESIAN_POINT('',(20.165365411133,8.03301398861,
    -29.87661277598));
#1046 = CARTESIAN_POINT('',(19.979169327559,8.03301398861,
    -32.76057986327));
#1047 = CARTESIAN_POINT('',(19.72055214606,8.03301398861,-35.63908071672
    ));
#1048 = CARTESIAN_POINT('',(19.387992793657,8.033013988609,
    -38.50954919167));
#1049 = CARTESIAN_POINT('',(18.987995868606,8.033013988615,
    -41.37287786169));
#1050 = CARTESIAN_POINT('',(18.49733282123,8.03301398859,-44.21707486673
    ));
#1051 = CARTESIAN_POINT('',(17.991126797038,8.033013988686,
    -47.15268050155));
#1052 = CARTESIAN_POINT('',(17.412250462005,8.033013988433,
    -49.04357407303));
#1053 = CARTESIAN_POINT('',(16.120650069932,8.03301398861,
    -49.59839545599));
#1054 = DEFINITIONAL_REPRESENTATION('',(#1055),#1059);
#1055 = LINE('',#1056,#1057);
#1056 = CARTESIAN_POINT('',(0.,0.));
#1057 = VECTOR('',#1058,1.);
#1058 = DIRECTION('',(1.,0.));
#1059 = ( GEOMETRIC_REPRESENTATION_CONTEXT(2) 
PARAMETRIC_REPRESENTATION_CONTEXT() REPRESENTATION_CONTEXT('2D SPACE',''
  ) );
#1060 = ORIENTED_EDGE('',*,*,#1061,.F.);
#1061 = EDGE_CURVE('',#1062,#996,#1064,.T.);
#1062 = VERTEX_POINT('',#1063);
#1063 = CARTESIAN_POINT('',(16.498779064639,8.092471478009,
    4.441832125928));
#1064 = SURFACE_CURVE('',#1065,(#1068,#1074),.PCURVE_S1.);
#1065 = B_SPLINE_CURVE_WITH_KNOTS('',1,(#1066,#1067),.UNSPECIFIED.,.F.,
  .F.,(2,2),(30.,31.),.PIECEWISE_BEZIER_KNOTS.);
#1066 = CARTESIAN_POINT('',(16.498779064639,8.092471478009,
    4.441832125928));
#1067 = CARTESIAN_POINT('',(16.60813119325,8.070014727134,4.469903552908
    ));
#1068 = PCURVE('',#101,#1069);
#1069 = DEFINITIONAL_REPRESENTATION('',(#1070),#1073);
#1070 = B_SPLINE_CURVE_WITH_KNOTS('',1,(#1071,#1072),.UNSPECIFIED.,.F.,
  .F.,(2,2),(30.,31.),.PIECEWISE_BEZIER_KNOTS.);
#1071 = CARTESIAN_POINT('',(16.94120233277,0.877638677593));
#1072 = CARTESIAN_POINT('',(17.053945203132,0.854417052183));
#1073 = ( GEOMETRIC_REPRESENTATION_CONTEXT(2) 
PARAMETRIC_REPRESENTATION_CONTEXT() REPRESENTATION_CONTEXT('2D SPACE',''
  ) );
#1074 = PCURVE('',#1075,#1120);
#1075 = ( BOUNDED_SURFACE() B_SPLINE_SURFACE(1,3,(
    (#1076,#1077,#1078,#1079,#1080,#1081,#1082,#1083,#1084,#1085,#1086
      ,#1087,#1088,#1089,#1090,#1091,#1092,#1093,#1094,#1095,#1096,#1097
      )
    ,(#1098,#1099,#1100,#1101,#1102,#1103,#1104,#1105,#1106,#1107,#1108
      ,#1109,#1110,#1111,#1112,#1113,#1114,#1115,#1116,#1117,#1118,#1119
)),.UNSPECIFIED.,.F.,.F.,.F.) B_SPLINE_SURFACE_WITH_KNOTS((2,2),(4,1,1,1
    ,1,1,1,1,1,1,1,1,1,1,1,1,1,1,1,4),(30.,31.),(0.,5.24163189288E-02,
    0.104832637858,0.157248956786,0.209665275715,0.262081594644,
    0.314497913573,0.366914232502,0.41933055143,0.471746870359,
    0.524163189288,0.576579508217,0.628995827146,0.681412146074,
    0.733828465003,0.786244783932,0.838661102861,0.89107742179,
0.943493740718,1.),.UNSPECIFIED.) GEOMETRIC_REPRESENTATION_ITEM() 
RATIONAL_B_SPLINE_SURFACE((
    (1.,0.999999999991,1.000000000004,0.999999999999,1.,1.,1.,1.,1.,1.
      ,1.,1.,1.,1.,1.,1.,1.,0.999999999999,1.000000000003,0.99999999999
      ,1.000000000024,1.)
    ,(1.,0.999999999991,1.000000000004,0.999999999999,1.,1.,1.,1.,1.,1.
      ,1.,1.,1.,1.,1.,1.,1.,0.999999999999,1.000000000003,0.99999999999
,1.000000000024,1.))) REPRESENTATION_ITEM('') SURFACE() );
#1076 = CARTESIAN_POINT('',(16.498779064639,8.092471478009,
    4.441832125928));
#1077 = CARTESIAN_POINT('',(16.737821647769,8.092471478294,
    3.510620001403));
#1078 = CARTESIAN_POINT('',(17.192390555848,8.092471477877,
    1.642215751351));
#1079 = CARTESIAN_POINT('',(17.80324006992,8.092471478044,
    -1.176763848177));
#1080 = CARTESIAN_POINT('',(18.342701433042,8.092471477999,
    -4.010259079924));
#1081 = CARTESIAN_POINT('',(18.810429058956,8.092471478012,
    -6.856478216549));
#1082 = CARTESIAN_POINT('',(19.206124948223,8.092471478008,
    -9.713601282258));
#1083 = CARTESIAN_POINT('',(19.529536578564,8.092471478009,
    -12.57980674548));
#1084 = CARTESIAN_POINT('',(19.780457615312,8.092471478009,
    -15.45326581083));
#1085 = CARTESIAN_POINT('',(19.958728145375,8.092471478009,
    -18.33214553444));
#1086 = CARTESIAN_POINT('',(20.064233820569,8.092471478009,
    -21.21460906848));
#1087 = CARTESIAN_POINT('',(20.096909662951,8.092471478009,
    -24.09881858369));
#1088 = CARTESIAN_POINT('',(20.056726135411,8.092471478009,
    -26.98293036345));
#1089 = CARTESIAN_POINT('',(19.943741311572,8.092471478009,
    -29.86511854284));
#1090 = CARTESIAN_POINT('',(19.757906205378,8.092471478009,
    -32.74349210021));
#1091 = CARTESIAN_POINT('',(19.499791184738,8.092471478009,
    -35.61641019352));
#1092 = CARTESIAN_POINT('',(19.167874711461,8.092471478007,
    -38.48131086046));
#1093 = CARTESIAN_POINT('',(18.768661514328,8.092471478015,
    -41.33908790941));
#1094 = CARTESIAN_POINT('',(18.278920525977,8.092471477987,
    -44.17776166956));
#1095 = CARTESIAN_POINT('',(17.773809594496,8.092471478093,
    -47.10770002008));
#1096 = CARTESIAN_POINT('',(17.195756412007,8.092471477813,
    -48.99485646571));
#1097 = CARTESIAN_POINT('',(15.90452569735,8.092471478009,
    -49.54810487264));
#1098 = CARTESIAN_POINT('',(16.60813119325,8.070014727134,4.469903552908
    ));
#1099 = CARTESIAN_POINT('',(16.847410118887,8.070014727374,
    3.537770733845));
#1100 = CARTESIAN_POINT('',(17.302428462269,8.070014727023,
    1.667519181346));
#1101 = CARTESIAN_POINT('',(17.913881926619,8.070014727164,
    -1.154247559422));
#1102 = CARTESIAN_POINT('',(18.453876658346,8.070014727126,
    -3.990544284294));
#1103 = CARTESIAN_POINT('',(18.922066729251,8.070014727137,
    -6.839577494189));
#1104 = CARTESIAN_POINT('',(19.318153845332,8.070014727134,
    -9.699525413961));
#1105 = CARTESIAN_POINT('',(19.641885234609,8.070014727135,
    -12.56856471106));
#1106 = CARTESIAN_POINT('',(19.893054358463,8.070014727134,
    -15.44486478197));
#1107 = CARTESIAN_POINT('',(20.07150114552,8.070014727134,
    -18.32659087055));
#1108 = CARTESIAN_POINT('',(20.177111135185,8.070014727134,
    -21.21190431301));
#1109 = CARTESIAN_POINT('',(20.209819282864,8.070014727134,
    -24.09896546246));
#1110 = CARTESIAN_POINT('',(20.169596031221,8.070014727134,
    -26.98592878148));
#1111 = CARTESIAN_POINT('',(20.056499477801,8.070014727134,
    -29.8709665921));
#1112 = CARTESIAN_POINT('',(19.870480713118,8.070014727134,
    -32.7521860321));
#1113 = CARTESIAN_POINT('',(19.612110202494,8.070014727135,
    -35.62794452859));
#1114 = CARTESIAN_POINT('',(19.279866644429,8.070014727134,
    -38.49567799133));
#1115 = CARTESIAN_POINT('',(18.8802547013,8.070014727137,-41.35627960054
    ));
#1116 = CARTESIAN_POINT('',(18.390044586682,8.070014727124,
    -44.1977634834));
#1117 = CARTESIAN_POINT('',(17.884376492691,8.070014727173,
    -47.13058524226));
#1118 = CARTESIAN_POINT('',(17.305904505622,8.070014727045,
    -49.01964306483));
#1119 = CARTESIAN_POINT('',(16.014485706113,8.070014727134,
    -49.57369177392));
#1120 = DEFINITIONAL_REPRESENTATION('',(#1121),#1125);
#1121 = LINE('',#1122,#1123);
#1122 = CARTESIAN_POINT('',(0.,0.));
#1123 = VECTOR('',#1124,1.);
#1124 = DIRECTION('',(1.,0.));
#1125 = ( GEOMETRIC_REPRESENTATION_CONTEXT(2) 
PARAMETRIC_REPRESENTATION_CONTEXT() REPRESENTATION_CONTEXT('2D SPACE',''
  ) );
#1126 = ORIENTED_EDGE('',*,*,#1127,.F.);
#1127 = EDGE_CURVE('',#1128,#1062,#1130,.T.);
#1128 = VERTEX_POINT('',#1129);
#1129 = CARTESIAN_POINT('',(16.387523319381,8.1,4.413272027751));
#1130 = SURFACE_CURVE('',#1131,(#1134,#1140),.PCURVE_S1.);
#1131 = B_SPLINE_CURVE_WITH_KNOTS('',1,(#1132,#1133),.UNSPECIFIED.,.F.,
  .F.,(2,2),(29.,30.),.PIECEWISE_BEZIER_KNOTS.);
#1132 = CARTESIAN_POINT('',(16.387523319381,8.1,4.413272027751));
#1133 = CARTESIAN_POINT('',(16.498779064639,8.092471478009,
    4.441832125928));
#1134 = PCURVE('',#101,#1135);
#1135 = DEFINITIONAL_REPRESENTATION('',(#1136),#1139);
#1136 = B_SPLINE_CURVE_WITH_KNOTS('',1,(#1137,#1138),.UNSPECIFIED.,.F.,
  .F.,(2,2),(29.,30.),.PIECEWISE_BEZIER_KNOTS.);
#1137 = CARTESIAN_POINT('',(16.826392962951,0.885945741211));
#1138 = CARTESIAN_POINT('',(16.94120233277,0.877638677593));
#1139 = ( GEOMETRIC_REPRESENTATION_CONTEXT(2) 
PARAMETRIC_REPRESENTATION_CONTEXT() REPRESENTATION_CONTEXT('2D SPACE',''
  ) );
#1140 = PCURVE('',#1141,#1186);
#1141 = ( BOUNDED_SURFACE() B_SPLINE_SURFACE(1,3,(
    (#1142,#1143,#1144,#1145,#1146,#1147,#1148,#1149,#1150,#1151,#1152
      ,#1153,#1154,#1155,#1156,#1157,#1158,#1159,#1160,#1161,#1162,#1163
      )
    ,(#1164,#1165,#1166,#1167,#1168,#1169,#1170,#1171,#1172,#1173,#1174
      ,#1175,#1176,#1177,#1178,#1179,#1180,#1181,#1182,#1183,#1184,#1185
)),.UNSPECIFIED.,.F.,.F.,.F.) B_SPLINE_SURFACE_WITH_KNOTS((2,2),(4,1,1,1
    ,1,1,1,1,1,1,1,1,1,1,1,1,1,1,1,4),(29.,30.),(0.,5.24163189288E-02,
    0.104832637858,0.157248956786,0.209665275715,0.262081594644,
    0.314497913573,0.366914232502,0.41933055143,0.471746870359,
    0.524163189288,0.576579508217,0.628995827146,0.681412146074,
    0.733828465003,0.786244783932,0.838661102861,0.89107742179,
0.943493740718,1.),.UNSPECIFIED.) GEOMETRIC_REPRESENTATION_ITEM() 
RATIONAL_B_SPLINE_SURFACE((
    (1.,0.999999999991,1.000000000004,0.999999999999,1.,1.,1.,1.,1.,1.
      ,1.,1.,1.,1.,1.,1.,1.,0.999999999999,1.000000000003,0.99999999999
      ,1.000000000024,1.)
    ,(1.,0.999999999991,1.000000000004,0.999999999999,1.,1.,1.,1.,1.,1.
      ,1.,1.,1.,1.,1.,1.,1.,0.999999999999,1.000000000003,0.99999999999
,1.000000000024,1.))) REPRESENTATION_ITEM('') SURFACE() );
#1142 = CARTESIAN_POINT('',(16.387523319381,8.1,4.413272027751));
#1143 = CARTESIAN_POINT('',(16.626325445224,8.100000000091,
    3.482996625534));
#1144 = CARTESIAN_POINT('',(17.080437094897,8.099999999958,
    1.616471835733));
#1145 = CARTESIAN_POINT('',(17.690672144751,8.100000000011,
    -1.199672103509));
#1146 = CARTESIAN_POINT('',(18.229590854392,8.099999999997,
    -4.03031707339));
#1147 = CARTESIAN_POINT('',(18.696847984991,8.100000000001,
    -6.873673148968));
#1148 = CARTESIAN_POINT('',(19.092145836921,8.1,-9.727922185175));
#1149 = CARTESIAN_POINT('',(19.415232141917,8.1,-12.59124448276));
#1150 = CARTESIAN_POINT('',(19.665900772826,8.1,-15.46181308593));
#1151 = CARTESIAN_POINT('',(19.843991977589,8.1,-18.33779689467));
#1152 = CARTESIAN_POINT('',(19.949391522392,8.1,-21.2173609087));
#1153 = CARTESIAN_POINT('',(19.9820344971,8.1,-24.09866914803));
#1154 = CARTESIAN_POINT('',(19.941891385186,8.1,-26.97987974856));
#1155 = CARTESIAN_POINT('',(19.829020235931,8.1,-29.85916868995));
#1156 = CARTESIAN_POINT('',(19.643371985379,8.1,-32.73464682317));
#1157 = CARTESIAN_POINT('',(19.385516902328,8.1,-35.60467506719));
#1158 = CARTESIAN_POINT('',(19.053933207777,8.1,-38.46669362461));
#1159 = CARTESIAN_POINT('',(18.655125698054,8.099999999999,
    -41.32159694306));
#1160 = CARTESIAN_POINT('',(18.165862002618,8.100000000003,
    -44.15741166115));
#1161 = CARTESIAN_POINT('',(17.661317932673,8.09999999999,
    -47.08441640996));
#1162 = CARTESIAN_POINT('',(17.083690845728,8.100000000024,
    -48.96963837555));
#1163 = CARTESIAN_POINT('',(15.79265148988,8.1,-49.52207255112));
#1164 = CARTESIAN_POINT('',(16.498779064639,8.092471478009,
    4.441832125928));
#1165 = CARTESIAN_POINT('',(16.737821647769,8.092471478294,
    3.510620001403));
#1166 = CARTESIAN_POINT('',(17.192390555848,8.092471477877,
    1.642215751351));
#1167 = CARTESIAN_POINT('',(17.80324006992,8.092471478044,
    -1.176763848177));
#1168 = CARTESIAN_POINT('',(18.342701433042,8.092471477999,
    -4.010259079924));
#1169 = CARTESIAN_POINT('',(18.810429058956,8.092471478012,
    -6.856478216549));
#1170 = CARTESIAN_POINT('',(19.206124948223,8.092471478008,
    -9.713601282258));
#1171 = CARTESIAN_POINT('',(19.529536578564,8.092471478009,
    -12.57980674548));
#1172 = CARTESIAN_POINT('',(19.780457615312,8.092471478009,
    -15.45326581083));
#1173 = CARTESIAN_POINT('',(19.958728145375,8.092471478009,
    -18.33214553444));
#1174 = CARTESIAN_POINT('',(20.064233820569,8.092471478009,
    -21.21460906848));
#1175 = CARTESIAN_POINT('',(20.096909662951,8.092471478009,
    -24.09881858369));
#1176 = CARTESIAN_POINT('',(20.056726135411,8.092471478009,
    -26.98293036345));
#1177 = CARTESIAN_POINT('',(19.943741311572,8.092471478009,
    -29.86511854284));
#1178 = CARTESIAN_POINT('',(19.757906205378,8.092471478009,
    -32.74349210021));
#1179 = CARTESIAN_POINT('',(19.499791184738,8.092471478009,
    -35.61641019352));
#1180 = CARTESIAN_POINT('',(19.167874711461,8.092471478007,
    -38.48131086046));
#1181 = CARTESIAN_POINT('',(18.768661514328,8.092471478015,
    -41.33908790941));
#1182 = CARTESIAN_POINT('',(18.278920525977,8.092471477987,
    -44.17776166956));
#1183 = CARTESIAN_POINT('',(17.773809594496,8.092471478093,
    -47.10770002008));
#1184 = CARTESIAN_POINT('',(17.195756412007,8.092471477813,
    -48.99485646571));
#1185 = CARTESIAN_POINT('',(15.90452569735,8.092471478009,
    -49.54810487264));
#1186 = DEFINITIONAL_REPRESENTATION('',(#1187),#1191);
#1187 = LINE('',#1188,#1189);
#1188 = CARTESIAN_POINT('',(0.,0.));
#1189 = VECTOR('',#1190,1.);
#1190 = DIRECTION('',(1.,0.));
#1191 = ( GEOMETRIC_REPRESENTATION_CONTEXT(2) 
PARAMETRIC_REPRESENTATION_CONTEXT() REPRESENTATION_CONTEXT('2D SPACE',''
  ) );
#1192 = ORIENTED_EDGE('',*,*,#1193,.F.);
#1193 = EDGE_CURVE('',#1194,#1128,#1196,.T.);
#1194 = VERTEX_POINT('',#1195);
#1195 = CARTESIAN_POINT('',(0.948123159942,8.1,0.449874152603));
#1196 = SURFACE_CURVE('',#1197,(#1201,#1208),.PCURVE_S1.);
#1197 = LINE('',#1198,#1199);
#1198 = CARTESIAN_POINT('',(0.948123159942,8.1,0.449874152603));
#1199 = VECTOR('',#1200,1.);
#1200 = DIRECTION('',(0.968594740241,0.,0.248644785141));
#1201 = PCURVE('',#101,#1202);
#1202 = DEFINITIONAL_REPRESENTATION('',(#1203),#1207);
#1203 = LINE('',#1204,#1205);
#1204 = CARTESIAN_POINT('',(0.886759281836,0.994011054303));
#1205 = VECTOR('',#1206,1.);
#1206 = DIRECTION('',(0.99997701889,-6.779505212817E-03));
#1207 = ( GEOMETRIC_REPRESENTATION_CONTEXT(2) 
PARAMETRIC_REPRESENTATION_CONTEXT() REPRESENTATION_CONTEXT('2D SPACE',''
  ) );
#1208 = PCURVE('',#1209,#1214);
#1209 = PLANE('',#1210);
#1210 = AXIS2_PLACEMENT_3D('',#1211,#1212,#1213);
#1211 = CARTESIAN_POINT('',(3.569846665829,8.100000000001,
    -22.94208593691));
#1212 = DIRECTION('',(2.861645822047E-12,1.,-4.964768126556E-14));
#1213 = DIRECTION('',(0.999905548055,-2.860693180939E-12,
    1.374390660925E-02));
#1214 = DEFINITIONAL_REPRESENTATION('',(#1215),#1219);
#1215 = LINE('',#1216,#1217);
#1216 = CARTESIAN_POINT('',(-2.299978964125,-23.4257833964));
#1217 = VECTOR('',#1218,1.);
#1218 = DIRECTION('',(0.97192060529,-0.235309024505));
#1219 = ( GEOMETRIC_REPRESENTATION_CONTEXT(2) 
PARAMETRIC_REPRESENTATION_CONTEXT() REPRESENTATION_CONTEXT('2D SPACE',''
  ) );
#1220 = ORIENTED_EDGE('',*,*,#1221,.F.);
#1221 = EDGE_CURVE('',#1222,#1194,#1224,.T.);
#1222 = VERTEX_POINT('',#1223);
#1223 = CARTESIAN_POINT('',(0.836867414684,8.092471478009,0.421314054426
    ));
#1224 = SURFACE_CURVE('',#1225,(#1228,#1234),.PCURVE_S1.);
#1225 = B_SPLINE_CURVE_WITH_KNOTS('',1,(#1226,#1227),.UNSPECIFIED.,.F.,
  .F.,(2,2),(12.,13.),.PIECEWISE_BEZIER_KNOTS.);
#1226 = CARTESIAN_POINT('',(0.836867414684,8.092471478009,0.421314054426
    ));
#1227 = CARTESIAN_POINT('',(0.948123159942,8.1,0.449874152603));
#1228 = PCURVE('',#101,#1229);
#1229 = DEFINITIONAL_REPRESENTATION('',(#1230),#1233);
#1230 = B_SPLINE_CURVE_WITH_KNOTS('',1,(#1231,#1232),.UNSPECIFIED.,.F.,
  .F.,(2,2),(12.,13.),.PIECEWISE_BEZIER_KNOTS.);
#1231 = CARTESIAN_POINT('',(0.771847832709,0.987261419966));
#1232 = CARTESIAN_POINT('',(0.886759281836,0.994011054303));
#1233 = ( GEOMETRIC_REPRESENTATION_CONTEXT(2) 
PARAMETRIC_REPRESENTATION_CONTEXT() REPRESENTATION_CONTEXT('2D SPACE',''
  ) );
#1234 = PCURVE('',#1235,#1280);
#1235 = ( BOUNDED_SURFACE() B_SPLINE_SURFACE(1,3,(
    (#1236,#1237,#1238,#1239,#1240,#1241,#1242,#1243,#1244,#1245,#1246
      ,#1247,#1248,#1249,#1250,#1251,#1252,#1253,#1254,#1255,#1256,#1257
      )
    ,(#1258,#1259,#1260,#1261,#1262,#1263,#1264,#1265,#1266,#1267,#1268
      ,#1269,#1270,#1271,#1272,#1273,#1274,#1275,#1276,#1277,#1278,#1279
)),.UNSPECIFIED.,.F.,.F.,.F.) B_SPLINE_SURFACE_WITH_KNOTS((2,2),(4,1,1,1
    ,1,1,1,1,1,1,1,1,1,1,1,1,1,1,1,4),(12.,13.),(0.,5.24163189288E-02,
    0.104832637858,0.157248956786,0.209665275715,0.262081594644,
    0.314497913573,0.366914232502,0.41933055143,0.471746870359,
    0.524163189288,0.576579508217,0.628995827146,0.681412146074,
    0.733828465003,0.786244783932,0.838661102861,0.89107742179,
0.943493740718,1.),.UNSPECIFIED.) GEOMETRIC_REPRESENTATION_ITEM() 
RATIONAL_B_SPLINE_SURFACE((
    (1.,0.999999999991,1.000000000004,0.999999999999,1.,1.,1.,1.,1.,1.
      ,1.,1.,1.,1.,1.,1.,1.,0.999999999999,1.000000000003,0.99999999999
      ,1.000000000024,1.)
    ,(1.,0.999999999991,1.000000000004,0.999999999999,1.,1.,1.,1.,1.,1.
      ,1.,1.,1.,1.,1.,1.,1.,0.999999999999,1.000000000003,0.99999999999
,1.000000000024,1.))) REPRESENTATION_ITEM('') SURFACE() );
#1236 = CARTESIAN_POINT('',(0.836867414684,8.092471478009,0.421314054426
    ));
#1237 = CARTESIAN_POINT('',(1.042059903982,8.092471478294,
    -0.378031952947));
#1238 = CARTESIAN_POINT('',(1.432258692042,8.092471477877,
    -1.981857158463));
#1239 = CARTESIAN_POINT('',(1.956607663535,8.092471478044,
    -4.401649629022));
#1240 = CARTESIAN_POINT('',(2.419677543801,8.092471477999,-6.83390221724
    ));
#1241 = CARTESIAN_POINT('',(2.82117168183,8.092471478012,-9.277076916578
    ));
#1242 = CARTESIAN_POINT('',(3.160834283354,8.092471478008,
    -11.72961147389));
#1243 = CARTESIAN_POINT('',(3.43844856167,8.092471478009,-14.18994229377
    ));
#1244 = CARTESIAN_POINT('',(3.653837487502,8.092471478009,
    -16.65649957117));
#1245 = CARTESIAN_POINT('',(3.806863468037,8.092471478009,
    -19.12770984436));
#1246 = CARTESIAN_POINT('',(3.897429558733,8.092471478009,
    -21.60199665773));
#1247 = CARTESIAN_POINT('',(3.925475462929,8.092471478009,
    -24.07778137969));
#1248 = CARTESIAN_POINT('',(3.890992695221,8.092471478009,-26.553485302)
  );
#1249 = CARTESIAN_POINT('',(3.793968149472,8.092471478009,-29.0275264655
    ));
#1250 = CARTESIAN_POINT('',(3.634594731867,8.092471478009,
    -31.49833630279));
#1251 = CARTESIAN_POINT('',(3.412485176481,8.092471478009,
    -33.96430228617));
#1252 = CARTESIAN_POINT('',(3.129605913121,8.092471478007,-36.4239867339
    ));
#1253 = CARTESIAN_POINT('',(2.779327391064,8.092471478015,
    -38.87531496963));
#1254 = CARTESIAN_POINT('',(2.387288374722,8.092471477987,
    -41.31860989941));
#1255 = CARTESIAN_POINT('',(1.84514439625,8.092471478093,-43.8083873984)
  );
#1256 = CARTESIAN_POINT('',(1.636003413084,8.092471477813,
    -45.49510518147));
#1257 = CARTESIAN_POINT('',(2.573705642441,8.092471478009,
    -46.44611915427));
#1258 = CARTESIAN_POINT('',(0.948123159942,8.1,0.449874152603));
#1259 = CARTESIAN_POINT('',(1.15355610642,8.100000000091,-0.350408577182
    ));
#1260 = CARTESIAN_POINT('',(1.544212153042,8.099999999958,
    -1.956113242797));
#1261 = CARTESIAN_POINT('',(2.069175588691,8.100000000011,
    -4.378741373703));
#1262 = CARTESIAN_POINT('',(2.532788122453,8.099999999997,-6.81384422377
    ));
#1263 = CARTESIAN_POINT('',(2.934752755794,8.100000000001,-9.25988198416
    ));
#1264 = CARTESIAN_POINT('',(3.274813394657,8.1,-11.71529057098));
#1265 = CARTESIAN_POINT('',(3.552752998317,8.1,-14.17850455649));
#1266 = CARTESIAN_POINT('',(3.768394329988,8.1,-16.64795229607));
#1267 = CARTESIAN_POINT('',(3.921599635823,8.1,-19.12205848413));
#1268 = CARTESIAN_POINT('',(4.01227185691,8.1,-21.59924481751));
#1269 = CARTESIAN_POINT('',(4.04035062878,8.1,-24.07793081534));
#1270 = CARTESIAN_POINT('',(4.005827445446,8.1,-26.5565359169));
#1271 = CARTESIAN_POINT('',(3.908689225112,8.1,-29.03347631839));
#1272 = CARTESIAN_POINT('',(3.749128951866,8.1,-31.50718157983));
#1273 = CARTESIAN_POINT('',(3.526759458891,8.1,-33.9760374125));
#1274 = CARTESIAN_POINT('',(3.243547416807,8.1,-36.43860396974));
#1275 = CARTESIAN_POINT('',(2.892863207333,8.099999999999,
    -38.89280593598));
#1276 = CARTESIAN_POINT('',(2.500346898098,8.100000000003,
    -41.33895990779));
#1277 = CARTESIAN_POINT('',(1.957636058005,8.09999999999,-43.83167100861
    ));
#1278 = CARTESIAN_POINT('',(1.748068979521,8.100000000024,
    -45.52032327142));
#1279 = CARTESIAN_POINT('',(2.685579849911,8.1,-46.47215147579));
#1280 = DEFINITIONAL_REPRESENTATION('',(#1281),#1285);
#1281 = LINE('',#1282,#1283);
#1282 = CARTESIAN_POINT('',(0.,0.));
#1283 = VECTOR('',#1284,1.);
#1284 = DIRECTION('',(1.,0.));
#1285 = ( GEOMETRIC_REPRESENTATION_CONTEXT(2) 
PARAMETRIC_REPRESENTATION_CONTEXT() REPRESENTATION_CONTEXT('2D SPACE',''
  ) );
#1286 = ORIENTED_EDGE('',*,*,#1287,.F.);
#1287 = EDGE_CURVE('',#1288,#1222,#1290,.T.);
#1288 = VERTEX_POINT('',#1289);
#1289 = CARTESIAN_POINT('',(0.727515286073,8.070014727134,0.393242627447
    ));
#1290 = SURFACE_CURVE('',#1291,(#1294,#1300),.PCURVE_S1.);
#1291 = B_SPLINE_CURVE_WITH_KNOTS('',1,(#1292,#1293),.UNSPECIFIED.,.F.,
  .F.,(2,2),(11.,12.),.PIECEWISE_BEZIER_KNOTS.);
#1292 = CARTESIAN_POINT('',(0.727515286073,8.070014727134,0.393242627447
    ));
#1293 = CARTESIAN_POINT('',(0.836867414684,8.092471478009,0.421314054426
    ));
#1294 = PCURVE('',#101,#1295);
#1295 = DEFINITIONAL_REPRESENTATION('',(#1296),#1299);
#1296 = B_SPLINE_CURVE_WITH_KNOTS('',1,(#1297,#1298),.UNSPECIFIED.,.F.,
  .F.,(2,2),(11.,12.),.PIECEWISE_BEZIER_KNOTS.);
#1297 = CARTESIAN_POINT('',(0.658800471027,0.96557057579));
#1298 = CARTESIAN_POINT('',(0.771847832709,0.987261419966));
#1299 = ( GEOMETRIC_REPRESENTATION_CONTEXT(2) 
PARAMETRIC_REPRESENTATION_CONTEXT() REPRESENTATION_CONTEXT('2D SPACE',''
  ) );
#1300 = PCURVE('',#1301,#1346);
#1301 = ( BOUNDED_SURFACE() B_SPLINE_SURFACE(1,3,(
    (#1302,#1303,#1304,#1305,#1306,#1307,#1308,#1309,#1310,#1311,#1312
      ,#1313,#1314,#1315,#1316,#1317,#1318,#1319,#1320,#1321,#1322,#1323
      )
    ,(#1324,#1325,#1326,#1327,#1328,#1329,#1330,#1331,#1332,#1333,#1334
      ,#1335,#1336,#1337,#1338,#1339,#1340,#1341,#1342,#1343,#1344,#1345
)),.UNSPECIFIED.,.F.,.F.,.F.) B_SPLINE_SURFACE_WITH_KNOTS((2,2),(4,1,1,1
    ,1,1,1,1,1,1,1,1,1,1,1,1,1,1,1,4),(11.,12.),(0.,5.24163189288E-02,
    0.104832637858,0.157248956786,0.209665275715,0.262081594644,
    0.314497913573,0.366914232502,0.41933055143,0.471746870359,
    0.524163189288,0.576579508217,0.628995827146,0.681412146074,
    0.733828465003,0.786244783932,0.838661102861,0.89107742179,
0.943493740718,1.),.UNSPECIFIED.) GEOMETRIC_REPRESENTATION_ITEM() 
RATIONAL_B_SPLINE_SURFACE((
    (1.,0.999999999991,1.000000000004,0.999999999999,1.,1.,1.,1.,1.,1.
      ,1.,1.,1.,1.,1.,1.,1.,0.999999999999,1.000000000003,0.99999999999
      ,1.000000000024,1.)
    ,(1.,0.999999999991,1.000000000004,0.999999999999,1.,1.,1.,1.,1.,1.
      ,1.,1.,1.,1.,1.,1.,1.,0.999999999999,1.000000000003,0.99999999999
,1.000000000024,1.))) REPRESENTATION_ITEM('') SURFACE() );
#1302 = CARTESIAN_POINT('',(0.727515286073,8.070014727134,0.393242627447
    ));
#1303 = CARTESIAN_POINT('',(0.932471432582,8.070014727374,
    -0.405182684893));
#1304 = CARTESIAN_POINT('',(1.322220785751,8.070014727023,
    -2.007160588688));
#1305 = CARTESIAN_POINT('',(1.845965806801,8.070014727164,
    -4.424165917716));
#1306 = CARTESIAN_POINT('',(2.308502318506,8.070014727126,
    -6.853617012887));
#1307 = CARTESIAN_POINT('',(2.709534011533,8.070014727137,
    -9.293977638933));
#1308 = CARTESIAN_POINT('',(3.048805386246,8.070014727134,
    -11.74368734219));
#1309 = CARTESIAN_POINT('',(3.326099905625,8.070014727135,
    -14.20118432819));
#1310 = CARTESIAN_POINT('',(3.541240744351,8.070014727134,
    -16.66490060003));
#1311 = CARTESIAN_POINT('',(3.694090467892,8.070014727134,
    -19.13326450825));
#1312 = CARTESIAN_POINT('',(3.784552244118,8.070014727134,-21.6047014132
    ));
#1313 = CARTESIAN_POINT('',(3.812565843016,8.070014727134,
    -24.07763450092));
#1314 = CARTESIAN_POINT('',(3.778122799411,8.070014727134,
    -26.55048688398));
#1315 = CARTESIAN_POINT('',(3.681209983242,8.070014727134,
    -29.02167841624));
#1316 = CARTESIAN_POINT('',(3.522020224127,8.070014727134,-31.4896423709
    ));
#1317 = CARTESIAN_POINT('',(3.300166158725,8.070014727135,-33.9527679511
    ));
#1318 = CARTESIAN_POINT('',(3.017613980153,8.070014727134,
    -36.40961960303));
#1319 = CARTESIAN_POINT('',(2.667734204094,8.070014727137,
    -38.85812327851));
#1320 = CARTESIAN_POINT('',(2.276164314009,8.070014727124,
    -41.29860808551));
#1321 = CARTESIAN_POINT('',(1.734577498082,8.070014727173,
    -43.78550217642));
#1322 = CARTESIAN_POINT('',(1.525855319406,8.070014727045,
    -45.47031858188));
#1323 = CARTESIAN_POINT('',(2.463745633678,8.070014727134,
    -46.42053225298));
#1324 = CARTESIAN_POINT('',(0.836867414684,8.092471478009,0.421314054426
    ));
#1325 = CARTESIAN_POINT('',(1.042059903982,8.092471478294,
    -0.378031952947));
#1326 = CARTESIAN_POINT('',(1.432258692042,8.092471477877,
    -1.981857158463));
#1327 = CARTESIAN_POINT('',(1.956607663535,8.092471478044,
    -4.401649629022));
#1328 = CARTESIAN_POINT('',(2.419677543801,8.092471477999,-6.83390221724
    ));
#1329 = CARTESIAN_POINT('',(2.82117168183,8.092471478012,-9.277076916578
    ));
#1330 = CARTESIAN_POINT('',(3.160834283354,8.092471478008,
    -11.72961147389));
#1331 = CARTESIAN_POINT('',(3.43844856167,8.092471478009,-14.18994229377
    ));
#1332 = CARTESIAN_POINT('',(3.653837487502,8.092471478009,
    -16.65649957117));
#1333 = CARTESIAN_POINT('',(3.806863468037,8.092471478009,
    -19.12770984436));
#1334 = CARTESIAN_POINT('',(3.897429558733,8.092471478009,
    -21.60199665773));
#1335 = CARTESIAN_POINT('',(3.925475462929,8.092471478009,
    -24.07778137969));
#1336 = CARTESIAN_POINT('',(3.890992695221,8.092471478009,-26.553485302)
  );
#1337 = CARTESIAN_POINT('',(3.793968149472,8.092471478009,-29.0275264655
    ));
#1338 = CARTESIAN_POINT('',(3.634594731867,8.092471478009,
    -31.49833630279));
#1339 = CARTESIAN_POINT('',(3.412485176481,8.092471478009,
    -33.96430228617));
#1340 = CARTESIAN_POINT('',(3.129605913121,8.092471478007,-36.4239867339
    ));
#1341 = CARTESIAN_POINT('',(2.779327391064,8.092471478015,
    -38.87531496963));
#1342 = CARTESIAN_POINT('',(2.387288374722,8.092471477987,
    -41.31860989941));
#1343 = CARTESIAN_POINT('',(1.84514439625,8.092471478093,-43.8083873984)
  );
#1344 = CARTESIAN_POINT('',(1.636003413084,8.092471477813,
    -45.49510518147));
#1345 = CARTESIAN_POINT('',(2.573705642441,8.092471478009,
    -46.44611915427));
#1346 = DEFINITIONAL_REPRESENTATION('',(#1347),#1351);
#1347 = LINE('',#1348,#1349);
#1348 = CARTESIAN_POINT('',(0.,0.));
#1349 = VECTOR('',#1350,1.);
#1350 = DIRECTION('',(1.,0.));
#1351 = ( GEOMETRIC_REPRESENTATION_CONTEXT(2) 
PARAMETRIC_REPRESENTATION_CONTEXT() REPRESENTATION_CONTEXT('2D SPACE',''
  ) );
#1352 = ORIENTED_EDGE('',*,*,#1353,.F.);
#1353 = EDGE_CURVE('',#1354,#1288,#1356,.T.);
#1354 = VERTEX_POINT('',#1355);
#1355 = CARTESIAN_POINT('',(0.621937819348,8.03301398861,0.366140181564)
  );
#1356 = SURFACE_CURVE('',#1357,(#1360,#1366),.PCURVE_S1.);
#1357 = B_SPLINE_CURVE_WITH_KNOTS('',1,(#1358,#1359),.UNSPECIFIED.,.F.,
  .F.,(2,2),(10.,11.),.PIECEWISE_BEZIER_KNOTS.);
#1358 = CARTESIAN_POINT('',(0.621937819348,8.03301398861,0.366140181564)
  );
#1359 = CARTESIAN_POINT('',(0.727515286073,8.070014727134,0.393242627447
    ));
#1360 = PCURVE('',#101,#1361);
#1361 = DEFINITIONAL_REPRESENTATION('',(#1362),#1365);
#1362 = B_SPLINE_CURVE_WITH_KNOTS('',1,(#1363,#1364),.UNSPECIFIED.,.F.,
  .F.,(2,2),(10.,11.),.PIECEWISE_BEZIER_KNOTS.);
#1363 = CARTESIAN_POINT('',(0.549551468493,0.929309658132));
#1364 = CARTESIAN_POINT('',(0.658800471027,0.96557057579));
#1365 = ( GEOMETRIC_REPRESENTATION_CONTEXT(2) 
PARAMETRIC_REPRESENTATION_CONTEXT() REPRESENTATION_CONTEXT('2D SPACE',''
  ) );
#1366 = PCURVE('',#1367,#1412);
#1367 = ( BOUNDED_SURFACE() B_SPLINE_SURFACE(1,3,(
    (#1368,#1369,#1370,#1371,#1372,#1373,#1374,#1375,#1376,#1377,#1378
      ,#1379,#1380,#1381,#1382,#1383,#1384,#1385,#1386,#1387,#1388,#1389
      )
    ,(#1390,#1391,#1392,#1393,#1394,#1395,#1396,#1397,#1398,#1399,#1400
      ,#1401,#1402,#1403,#1404,#1405,#1406,#1407,#1408,#1409,#1410,#1411
)),.UNSPECIFIED.,.F.,.F.,.F.) B_SPLINE_SURFACE_WITH_KNOTS((2,2),(4,1,1,1
    ,1,1,1,1,1,1,1,1,1,1,1,1,1,1,1,4),(10.,11.),(0.,5.24163189288E-02,
    0.104832637858,0.157248956786,0.209665275715,0.262081594644,
    0.314497913573,0.366914232502,0.41933055143,0.471746870359,
    0.524163189288,0.576579508217,0.628995827146,0.681412146074,
    0.733828465003,0.786244783932,0.838661102861,0.89107742179,
0.943493740718,1.),.UNSPECIFIED.) GEOMETRIC_REPRESENTATION_ITEM() 
RATIONAL_B_SPLINE_SURFACE((
    (1.,0.999999999991,1.000000000004,0.999999999999,1.,1.,1.,1.,1.,1.
      ,1.,1.,1.,1.,1.,1.,1.,0.999999999999,1.000000000003,0.99999999999
      ,1.000000000024,1.)
    ,(1.,0.999999999991,1.000000000004,0.999999999999,1.,1.,1.,1.,1.,1.
      ,1.,1.,1.,1.,1.,1.,1.,0.999999999999,1.000000000003,0.99999999999
,1.000000000024,1.))) REPRESENTATION_ITEM('') SURFACE() );
#1368 = CARTESIAN_POINT('',(0.621937819348,8.03301398861,0.366140181564)
  );
#1369 = CARTESIAN_POINT('',(0.826665781295,8.033013988829,
    -0.431396217136));
#1370 = CARTESIAN_POINT('',(1.215981213281,8.033013988508,
    -2.031590584457));
#1371 = CARTESIAN_POINT('',(1.739143131327,8.033013988637,
    -4.445904979925));
#1372 = CARTESIAN_POINT('',(2.201164685498,8.033013988603,
    -6.872651285069));
#1373 = CARTESIAN_POINT('',(2.601749896393,8.033013988612,
    -9.310294975187));
#1374 = CARTESIAN_POINT('',(2.940643548823,8.033013988609,
    -11.75727733386));
#1375 = CARTESIAN_POINT('',(3.217629346836,8.03301398861,-14.21203830543
    ));
#1376 = CARTESIAN_POINT('',(3.43253066203,8.03301398861,-16.67301163871)
  );
#1377 = CARTESIAN_POINT('',(3.585210212688,8.03301398861,-19.13862743396
    ));
#1378 = CARTESIAN_POINT('',(3.675571275213,8.03301398861,-21.60731280481
    ));
#1379 = CARTESIAN_POINT('',(3.703553683941,8.03301398861,-24.07749269217
    ));
#1380 = CARTESIAN_POINT('',(3.669148993226,8.03301398861,-26.54759196658
    ));
#1381 = CARTESIAN_POINT('',(3.57234404991,8.03301398861,-29.01603223236)
  );
#1382 = CARTESIAN_POINT('',(3.413331609685,8.03301398861,-31.48124853973
    ));
#1383 = CARTESIAN_POINT('',(3.191724215159,8.03301398861,-33.94163176297
    ));
#1384 = CARTESIAN_POINT('',(2.909487830926,8.033013988609,
    -36.39574840269));
#1385 = CARTESIAN_POINT('',(2.559993036786,8.033013988615,
    -38.84152501735));
#1386 = CARTESIAN_POINT('',(2.168876079468,8.03301398859,-41.27929670219
    ));
#1387 = CARTESIAN_POINT('',(1.627827193707,8.033013988686,
    -43.76340691709));
#1388 = CARTESIAN_POINT('',(1.419509363086,8.033013988433,
    -45.44638757375));
#1389 = CARTESIAN_POINT('',(2.357581269859,8.03301398861,-46.39582857091
    ));
#1390 = CARTESIAN_POINT('',(0.727515286073,8.070014727134,0.393242627447
    ));
#1391 = CARTESIAN_POINT('',(0.932471432582,8.070014727374,
    -0.405182684893));
#1392 = CARTESIAN_POINT('',(1.322220785751,8.070014727023,
    -2.007160588688));
#1393 = CARTESIAN_POINT('',(1.845965806801,8.070014727164,
    -4.424165917716));
#1394 = CARTESIAN_POINT('',(2.308502318506,8.070014727126,
    -6.853617012887));
#1395 = CARTESIAN_POINT('',(2.709534011533,8.070014727137,
    -9.293977638933));
#1396 = CARTESIAN_POINT('',(3.048805386246,8.070014727134,
    -11.74368734219));
#1397 = CARTESIAN_POINT('',(3.326099905625,8.070014727135,
    -14.20118432819));
#1398 = CARTESIAN_POINT('',(3.541240744351,8.070014727134,
    -16.66490060003));
#1399 = CARTESIAN_POINT('',(3.694090467892,8.070014727134,
    -19.13326450825));
#1400 = CARTESIAN_POINT('',(3.784552244118,8.070014727134,-21.6047014132
    ));
#1401 = CARTESIAN_POINT('',(3.812565843016,8.070014727134,
    -24.07763450092));
#1402 = CARTESIAN_POINT('',(3.778122799411,8.070014727134,
    -26.55048688398));
#1403 = CARTESIAN_POINT('',(3.681209983242,8.070014727134,
    -29.02167841624));
#1404 = CARTESIAN_POINT('',(3.522020224127,8.070014727134,-31.4896423709
    ));
#1405 = CARTESIAN_POINT('',(3.300166158725,8.070014727135,-33.9527679511
    ));
#1406 = CARTESIAN_POINT('',(3.017613980153,8.070014727134,
    -36.40961960303));
#1407 = CARTESIAN_POINT('',(2.667734204094,8.070014727137,
    -38.85812327851));
#1408 = CARTESIAN_POINT('',(2.276164314009,8.070014727124,
    -41.29860808551));
#1409 = CARTESIAN_POINT('',(1.734577498082,8.070014727173,
    -43.78550217642));
#1410 = CARTESIAN_POINT('',(1.525855319406,8.070014727045,
    -45.47031858188));
#1411 = CARTESIAN_POINT('',(2.463745633678,8.070014727134,
    -46.42053225298));
#1412 = DEFINITIONAL_REPRESENTATION('',(#1413),#1417);
#1413 = LINE('',#1414,#1415);
#1414 = CARTESIAN_POINT('',(0.,0.));
#1415 = VECTOR('',#1416,1.);
#1416 = DIRECTION('',(1.,0.));
#1417 = ( GEOMETRIC_REPRESENTATION_CONTEXT(2) 
PARAMETRIC_REPRESENTATION_CONTEXT() REPRESENTATION_CONTEXT('2D SPACE',''
  ) );
#1418 = ORIENTED_EDGE('',*,*,#1419,.F.);
#1419 = EDGE_CURVE('',#1420,#1354,#1422,.T.);
#1420 = VERTEX_POINT('',#1421);
#1421 = CARTESIAN_POINT('',(0.521941474236,7.98210235533,0.340470447141)
  );
#1422 = SURFACE_CURVE('',#1423,(#1426,#1432),.PCURVE_S1.);
#1423 = B_SPLINE_CURVE_WITH_KNOTS('',1,(#1424,#1425),.UNSPECIFIED.,.F.,
  .F.,(2,2),(9.,10.),.PIECEWISE_BEZIER_KNOTS.);
#1424 = CARTESIAN_POINT('',(0.521941474236,7.98210235533,0.340470447141)
  );
#1425 = CARTESIAN_POINT('',(0.621937819348,8.03301398861,0.366140181564)
  );
#1426 = PCURVE('',#101,#1427);
#1427 = DEFINITIONAL_REPRESENTATION('',(#1428),#1431);
#1428 = B_SPLINE_CURVE_WITH_KNOTS('',1,(#1429,#1430),.UNSPECIFIED.,.F.,
  .F.,(2,2),(9.,10.),.PIECEWISE_BEZIER_KNOTS.);
#1429 = CARTESIAN_POINT('',(0.445970105828,0.879099101346));
#1430 = CARTESIAN_POINT('',(0.549551468493,0.929309658132));
#1431 = ( GEOMETRIC_REPRESENTATION_CONTEXT(2) 
PARAMETRIC_REPRESENTATION_CONTEXT() REPRESENTATION_CONTEXT('2D SPACE',''
  ) );
#1432 = PCURVE('',#1433,#1478);
#1433 = ( BOUNDED_SURFACE() B_SPLINE_SURFACE(1,3,(
    (#1434,#1435,#1436,#1437,#1438,#1439,#1440,#1441,#1442,#1443,#1444
      ,#1445,#1446,#1447,#1448,#1449,#1450,#1451,#1452,#1453,#1454,#1455
      )
    ,(#1456,#1457,#1458,#1459,#1460,#1461,#1462,#1463,#1464,#1465,#1466
      ,#1467,#1468,#1469,#1470,#1471,#1472,#1473,#1474,#1475,#1476,#1477
)),.UNSPECIFIED.,.F.,.F.,.F.) B_SPLINE_SURFACE_WITH_KNOTS((2,2),(4,1,1,1
    ,1,1,1,1,1,1,1,1,1,1,1,1,1,1,1,4),(9.,10.),(0.,5.24163189288E-02,
    0.104832637858,0.157248956786,0.209665275715,0.262081594644,
    0.314497913573,0.366914232502,0.41933055143,0.471746870359,
    0.524163189288,0.576579508217,0.628995827146,0.681412146074,
    0.733828465003,0.786244783932,0.838661102861,0.89107742179,
0.943493740718,1.),.UNSPECIFIED.) GEOMETRIC_REPRESENTATION_ITEM() 
RATIONAL_B_SPLINE_SURFACE((
    (1.,0.999999999991,1.000000000004,0.999999999999,1.,1.,1.,1.,1.,1.
      ,1.,1.,1.,1.,1.,1.,1.,0.999999999999,1.000000000003,0.99999999999
      ,1.000000000024,1.)
    ,(1.,0.999999999991,1.000000000004,0.999999999999,1.,1.,1.,1.,1.,1.
      ,1.,1.,1.,1.,1.,1.,1.,0.999999999999,1.000000000003,0.99999999999
,1.000000000024,1.))) REPRESENTATION_ITEM('') SURFACE() );
#1434 = CARTESIAN_POINT('',(0.521941474236,7.98210235533,0.340470447141)
  );
#1435 = CARTESIAN_POINT('',(0.726453314076,7.98210235554,-0.456224028326
    ));
#1436 = CARTESIAN_POINT('',(1.115357763205,7.982102355233,
    -2.054729142019));
#1437 = CARTESIAN_POINT('',(1.637967402697,7.982102355356,
    -4.466494854201));
#1438 = CARTESIAN_POINT('',(2.099501221442,7.982102355323,
    -6.890679352131));
#1439 = CARTESIAN_POINT('',(2.499663552503,7.982102355332,
    -9.325749731186));
#1440 = CARTESIAN_POINT('',(2.838199450112,7.98210235533,-11.77014892037
    ));
#1441 = CARTESIAN_POINT('',(3.114892846637,7.98210235533,-14.22231851092
    ));
#1442 = CARTESIAN_POINT('',(3.329567300186,7.98210235533,-16.68069390508
    ));
#1443 = CARTESIAN_POINT('',(3.482085673779,7.98210235533,-19.14370686034
    ));
#1444 = CARTESIAN_POINT('',(3.572351346612,7.98210235533,-21.60978615092
    ));
#1445 = CARTESIAN_POINT('',(3.60030421397,7.98210235533,-24.07735837983)
  );
#1446 = CARTESIAN_POINT('',(3.565935848703,7.98210235533,-26.54485008266
    ));
#1447 = CARTESIAN_POINT('',(3.469233075778,7.98210235533,-29.01068452162
    ));
#1448 = CARTESIAN_POINT('',(3.310388580869,7.98210235533,-31.47329843007
    ));
#1449 = CARTESIAN_POINT('',(3.089014817503,7.982102355331,
    -33.93108426504));
#1450 = CARTESIAN_POINT('',(2.807077533833,7.982102355329,-36.382610473)
  );
#1451 = CARTESIAN_POINT('',(2.457947370385,7.982102355334,
    -38.82580418685));
#1452 = CARTESIAN_POINT('',(2.067259402535,7.982102355318,
    -41.26100617317));
#1453 = CARTESIAN_POINT('',(1.526720010438,7.982102355378,
    -43.74247967412));
#1454 = CARTESIAN_POINT('',(1.318785152904,7.982102355218,
    -45.42372162865));
#1455 = CARTESIAN_POINT('',(2.257029052683,7.98210235533,-46.37243079491
    ));
#1456 = CARTESIAN_POINT('',(0.621937819348,8.03301398861,0.366140181564)
  );
#1457 = CARTESIAN_POINT('',(0.826665781295,8.033013988829,
    -0.431396217136));
#1458 = CARTESIAN_POINT('',(1.215981213281,8.033013988508,
    -2.031590584457));
#1459 = CARTESIAN_POINT('',(1.739143131327,8.033013988637,
    -4.445904979925));
#1460 = CARTESIAN_POINT('',(2.201164685498,8.033013988603,
    -6.872651285069));
#1461 = CARTESIAN_POINT('',(2.601749896393,8.033013988612,
    -9.310294975187));
#1462 = CARTESIAN_POINT('',(2.940643548823,8.033013988609,
    -11.75727733386));
#1463 = CARTESIAN_POINT('',(3.217629346836,8.03301398861,-14.21203830543
    ));
#1464 = CARTESIAN_POINT('',(3.43253066203,8.03301398861,-16.67301163871)
  );
#1465 = CARTESIAN_POINT('',(3.585210212688,8.03301398861,-19.13862743396
    ));
#1466 = CARTESIAN_POINT('',(3.675571275213,8.03301398861,-21.60731280481
    ));
#1467 = CARTESIAN_POINT('',(3.703553683941,8.03301398861,-24.07749269217
    ));
#1468 = CARTESIAN_POINT('',(3.669148993226,8.03301398861,-26.54759196658
    ));
#1469 = CARTESIAN_POINT('',(3.57234404991,8.03301398861,-29.01603223236)
  );
#1470 = CARTESIAN_POINT('',(3.413331609685,8.03301398861,-31.48124853973
    ));
#1471 = CARTESIAN_POINT('',(3.191724215159,8.03301398861,-33.94163176297
    ));
#1472 = CARTESIAN_POINT('',(2.909487830926,8.033013988609,
    -36.39574840269));
#1473 = CARTESIAN_POINT('',(2.559993036786,8.033013988615,
    -38.84152501735));
#1474 = CARTESIAN_POINT('',(2.168876079468,8.03301398859,-41.27929670219
    ));
#1475 = CARTESIAN_POINT('',(1.627827193707,8.033013988686,
    -43.76340691709));
#1476 = CARTESIAN_POINT('',(1.419509363086,8.033013988433,
    -45.44638757375));
#1477 = CARTESIAN_POINT('',(2.357581269859,8.03301398861,-46.39582857091
    ));
#1478 = DEFINITIONAL_REPRESENTATION('',(#1479),#1483);
#1479 = LINE('',#1480,#1481);
#1480 = CARTESIAN_POINT('',(0.,0.));
#1481 = VECTOR('',#1482,1.);
#1482 = DIRECTION('',(1.,0.));
#1483 = ( GEOMETRIC_REPRESENTATION_CONTEXT(2) 
PARAMETRIC_REPRESENTATION_CONTEXT() REPRESENTATION_CONTEXT('2D SPACE',''
  ) );
#1484 = ORIENTED_EDGE('',*,*,#1485,.F.);
#1485 = EDGE_CURVE('',#1486,#1420,#1488,.T.);
#1486 = VERTEX_POINT('',#1487);
#1487 = CARTESIAN_POINT('',(0.429237215927,7.918150939456,0.316672640451
    ));
#1488 = SURFACE_CURVE('',#1489,(#1492,#1498),.PCURVE_S1.);
#1489 = B_SPLINE_CURVE_WITH_KNOTS('',1,(#1490,#1491),.UNSPECIFIED.,.F.,
  .F.,(2,2),(8.,9.),.PIECEWISE_BEZIER_KNOTS.);
#1490 = CARTESIAN_POINT('',(0.429237215927,7.918150939456,0.316672640451
    ));
#1491 = CARTESIAN_POINT('',(0.521941474236,7.98210235533,0.340470447141)
  );
#1492 = PCURVE('',#101,#1493);
#1493 = DEFINITIONAL_REPRESENTATION('',(#1494),#1497);
#1494 = B_SPLINE_CURVE_WITH_KNOTS('',1,(#1495,#1496),.UNSPECIFIED.,.F.,
  .F.,(2,2),(8.,9.),.PIECEWISE_BEZIER_KNOTS.);
#1495 = CARTESIAN_POINT('',(0.349828688866,0.81579802198));
#1496 = CARTESIAN_POINT('',(0.445970105828,0.879099101346));
#1497 = ( GEOMETRIC_REPRESENTATION_CONTEXT(2) 
PARAMETRIC_REPRESENTATION_CONTEXT() REPRESENTATION_CONTEXT('2D SPACE',''
  ) );
#1498 = PCURVE('',#1499,#1544);
#1499 = ( BOUNDED_SURFACE() B_SPLINE_SURFACE(1,3,(
    (#1500,#1501,#1502,#1503,#1504,#1505,#1506,#1507,#1508,#1509,#1510
      ,#1511,#1512,#1513,#1514,#1515,#1516,#1517,#1518,#1519,#1520,#1521
      )
    ,(#1522,#1523,#1524,#1525,#1526,#1527,#1528,#1529,#1530,#1531,#1532
      ,#1533,#1534,#1535,#1536,#1537,#1538,#1539,#1540,#1541,#1542,#1543
)),.UNSPECIFIED.,.F.,.F.,.F.) B_SPLINE_SURFACE_WITH_KNOTS((2,2),(4,1,1,1
    ,1,1,1,1,1,1,1,1,1,1,1,1,1,1,1,4),(8.,9.),(0.,5.24163189288E-02,
    0.104832637858,0.157248956786,0.209665275715,0.262081594644,
    0.314497913573,0.366914232502,0.41933055143,0.471746870359,
    0.524163189288,0.576579508217,0.628995827146,0.681412146074,
    0.733828465003,0.786244783932,0.838661102861,0.89107742179,
0.943493740718,1.),.UNSPECIFIED.) GEOMETRIC_REPRESENTATION_ITEM() 
RATIONAL_B_SPLINE_SURFACE((
    (1.,0.999999999991,1.000000000004,0.999999999999,1.,1.,1.,1.,1.,1.
      ,1.,1.,1.,1.,1.,1.,1.,0.999999999999,1.000000000003,0.99999999999
      ,1.000000000024,1.)
    ,(1.,0.999999999991,1.000000000004,0.999999999999,1.,1.,1.,1.,1.,1.
      ,1.,1.,1.,1.,1.,1.,1.,0.999999999999,1.000000000003,0.99999999999
,1.000000000024,1.))) REPRESENTATION_ITEM('') SURFACE() );
#1500 = CARTESIAN_POINT('',(0.429237215927,7.918150939456,0.316672640451
    ));
#1501 = CARTESIAN_POINT('',(0.633548694081,7.918150939541,
    -0.479241307154));
#1502 = CARTESIAN_POINT('',(1.022072130625,7.918150939417,
    -2.076180354508));
#1503 = CARTESIAN_POINT('',(1.544169765686,7.918150939467,
    -4.485583242015));
#1504 = CARTESIAN_POINT('',(2.00525141639,7.918150939453,-6.907392748866
    ));
#1505 = CARTESIAN_POINT('',(2.405021705511,7.918150939457,
    -9.340077471765));
#1506 = CARTESIAN_POINT('',(2.743225937044,7.918150939456,
    -11.78208186532));
#1507 = CARTESIAN_POINT('',(3.019648255032,7.918150939456,
    -14.23184904751));
#1508 = CARTESIAN_POINT('',(3.234112390488,7.918150939456,
    -16.68781595345));
#1509 = CARTESIAN_POINT('',(3.386481340616,7.918150939456,
    -19.14841587701));
#1510 = CARTESIAN_POINT('',(3.476658579912,7.918150939456,
    -21.61207913188));
#1511 = CARTESIAN_POINT('',(3.50458406016,7.918150939456,-24.07723386202
    ));
#1512 = CARTESIAN_POINT('',(3.470249371362,7.918150939456,-26.5423081466
    ));
#1513 = CARTESIAN_POINT('',(3.373641318202,7.918150939456,
    -29.00572678485));
#1514 = CARTESIAN_POINT('',(3.214952521442,7.918150939456,-31.4659280705
    ));
#1515 = CARTESIAN_POINT('',(2.993795352027,7.918150939456,
    -33.92130592792));
#1516 = CARTESIAN_POINT('',(2.712135357448,7.918150939456,
    -36.37043060756));
#1517 = CARTESIAN_POINT('',(2.36334323454,7.918150939458,-38.8112297749)
  );
#1518 = CARTESIAN_POINT('',(1.97305297271,7.91815093945,-41.24404945396)
  );
#1519 = CARTESIAN_POINT('',(1.432985920279,7.918150939481,
    -43.72307852034));
#1520 = CARTESIAN_POINT('',(1.225406107867,7.918150939398,
    -45.40270856274));
#1521 = CARTESIAN_POINT('',(2.163809458464,7.918150939456,-46.3507392674
    ));
#1522 = CARTESIAN_POINT('',(0.521941474236,7.98210235533,0.340470447141)
  );
#1523 = CARTESIAN_POINT('',(0.726453314076,7.98210235554,-0.456224028326
    ));
#1524 = CARTESIAN_POINT('',(1.115357763205,7.982102355233,
    -2.054729142019));
#1525 = CARTESIAN_POINT('',(1.637967402697,7.982102355356,
    -4.466494854201));
#1526 = CARTESIAN_POINT('',(2.099501221442,7.982102355323,
    -6.890679352131));
#1527 = CARTESIAN_POINT('',(2.499663552503,7.982102355332,
    -9.325749731186));
#1528 = CARTESIAN_POINT('',(2.838199450112,7.98210235533,-11.77014892037
    ));
#1529 = CARTESIAN_POINT('',(3.114892846637,7.98210235533,-14.22231851092
    ));
#1530 = CARTESIAN_POINT('',(3.329567300186,7.98210235533,-16.68069390508
    ));
#1531 = CARTESIAN_POINT('',(3.482085673779,7.98210235533,-19.14370686034
    ));
#1532 = CARTESIAN_POINT('',(3.572351346612,7.98210235533,-21.60978615092
    ));
#1533 = CARTESIAN_POINT('',(3.60030421397,7.98210235533,-24.07735837983)
  );
#1534 = CARTESIAN_POINT('',(3.565935848703,7.98210235533,-26.54485008266
    ));
#1535 = CARTESIAN_POINT('',(3.469233075778,7.98210235533,-29.01068452162
    ));
#1536 = CARTESIAN_POINT('',(3.310388580869,7.98210235533,-31.47329843007
    ));
#1537 = CARTESIAN_POINT('',(3.089014817503,7.982102355331,
    -33.93108426504));
#1538 = CARTESIAN_POINT('',(2.807077533833,7.982102355329,-36.382610473)
  );
#1539 = CARTESIAN_POINT('',(2.457947370385,7.982102355334,
    -38.82580418685));
#1540 = CARTESIAN_POINT('',(2.067259402535,7.982102355318,
    -41.26100617317));
#1541 = CARTESIAN_POINT('',(1.526720010438,7.982102355378,
    -43.74247967412));
#1542 = CARTESIAN_POINT('',(1.318785152904,7.982102355218,
    -45.42372162865));
#1543 = CARTESIAN_POINT('',(2.257029052683,7.98210235533,-46.37243079491
    ));
#1544 = DEFINITIONAL_REPRESENTATION('',(#1545),#1549);
#1545 = LINE('',#1546,#1547);
#1546 = CARTESIAN_POINT('',(0.,0.));
#1547 = VECTOR('',#1548,1.);
#1548 = DIRECTION('',(1.,0.));
#1549 = ( GEOMETRIC_REPRESENTATION_CONTEXT(2) 
PARAMETRIC_REPRESENTATION_CONTEXT() REPRESENTATION_CONTEXT('2D SPACE',''
  ) );
#1550 = ORIENTED_EDGE('',*,*,#1551,.F.);
#1551 = EDGE_CURVE('',#1552,#1486,#1554,.T.);
#1552 = VERTEX_POINT('',#1553);
#1553 = CARTESIAN_POINT('',(0.345411239982,7.842253967444,0.295153948565
    ));
#1554 = SURFACE_CURVE('',#1555,(#1558,#1564),.PCURVE_S1.);
#1555 = B_SPLINE_CURVE_WITH_KNOTS('',1,(#1556,#1557),.UNSPECIFIED.,.F.,
  .F.,(2,2),(7.,8.),.PIECEWISE_BEZIER_KNOTS.);
#1556 = CARTESIAN_POINT('',(0.345411239982,7.842253967444,0.295153948565
    ));
#1557 = CARTESIAN_POINT('',(0.429237215927,7.918150939456,0.316672640451
    ));
#1558 = PCURVE('',#101,#1559);
#1559 = DEFINITIONAL_REPRESENTATION('',(#1560),#1563);
#1560 = B_SPLINE_CURVE_WITH_KNOTS('',1,(#1561,#1562),.UNSPECIFIED.,.F.,
  .F.,(2,2),(7.,8.),.PIECEWISE_BEZIER_KNOTS.);
#1561 = CARTESIAN_POINT('',(0.262772223908,0.740489519053));
#1562 = CARTESIAN_POINT('',(0.349828688866,0.81579802198));
#1563 = ( GEOMETRIC_REPRESENTATION_CONTEXT(2) 
PARAMETRIC_REPRESENTATION_CONTEXT() REPRESENTATION_CONTEXT('2D SPACE',''
  ) );
#1564 = PCURVE('',#1565,#1610);
#1565 = ( BOUNDED_SURFACE() B_SPLINE_SURFACE(1,3,(
    (#1566,#1567,#1568,#1569,#1570,#1571,#1572,#1573,#1574,#1575,#1576
      ,#1577,#1578,#1579,#1580,#1581,#1582,#1583,#1584,#1585,#1586,#1587
      )
    ,(#1588,#1589,#1590,#1591,#1592,#1593,#1594,#1595,#1596,#1597,#1598
      ,#1599,#1600,#1601,#1602,#1603,#1604,#1605,#1606,#1607,#1608,#1609
)),.UNSPECIFIED.,.F.,.F.,.F.) B_SPLINE_SURFACE_WITH_KNOTS((2,2),(4,1,1,1
    ,1,1,1,1,1,1,1,1,1,1,1,1,1,1,1,4),(7.,8.),(0.,5.24163189288E-02,
    0.104832637858,0.157248956786,0.209665275715,0.262081594644,
    0.314497913573,0.366914232502,0.41933055143,0.471746870359,
    0.524163189288,0.576579508217,0.628995827146,0.681412146074,
    0.733828465003,0.786244783932,0.838661102861,0.89107742179,
0.943493740718,1.),.UNSPECIFIED.) GEOMETRIC_REPRESENTATION_ITEM() 
RATIONAL_B_SPLINE_SURFACE((
    (1.,0.999999999991,1.000000000004,0.999999999999,1.,1.,1.,1.,1.,1.
      ,1.,1.,1.,1.,1.,1.,1.,0.999999999999,1.000000000003,0.99999999999
      ,1.000000000024,1.)
    ,(1.,0.999999999991,1.000000000004,0.999999999999,1.,1.,1.,1.,1.,1.
      ,1.,1.,1.,1.,1.,1.,1.,0.999999999999,1.000000000003,0.99999999999
,1.000000000024,1.))) REPRESENTATION_ITEM('') SURFACE() );
#1566 = CARTESIAN_POINT('',(0.345411239982,7.842253967444,0.295153948565
    ));
#1567 = CARTESIAN_POINT('',(0.549541544879,7.842253967417,
    -0.500054222851));
#1568 = CARTESIAN_POINT('',(0.937720458688,7.842253967457,-2.09557718515
    ));
#1569 = CARTESIAN_POINT('',(1.459355123842,7.842253967441,
    -4.502843535914));
#1570 = CARTESIAN_POINT('',(1.920027910647,7.842253967445,-6.92250550438
    ));
#1571 = CARTESIAN_POINT('',(2.319443703657,7.842253967444,
    -9.353033045323));
#1572 = CARTESIAN_POINT('',(2.657348032761,7.842253967444,
    -11.79287199271));
#1573 = CARTESIAN_POINT('',(2.933525233389,7.842253967444,
    -14.24046684507));
#1574 = CARTESIAN_POINT('',(3.147799192906,7.842253967444,
    -16.69425592359));
#1575 = CARTESIAN_POINT('',(3.300033029847,7.842253967444,
    -19.15267391138));
#1576 = CARTESIAN_POINT('',(3.390130304881,7.842253967444,
    -21.61415251418));
#1577 = CARTESIAN_POINT('',(3.418031020882,7.842253967444,
    -24.07712126928));
#1578 = CARTESIAN_POINT('',(3.383726783359,7.842253967444,
    -26.54000965163));
#1579 = CARTESIAN_POINT('',(3.287204378656,7.842253967444,
    -29.00124385029));
#1580 = CARTESIAN_POINT('',(3.128656368841,7.842253967444,-31.4592635699
    ));
#1581 = CARTESIAN_POINT('',(2.907695050184,7.842253967444,
    -33.91246406169));
#1582 = CARTESIAN_POINT('',(2.626285788737,7.842253967446,
    -36.35941720725));
#1583 = CARTESIAN_POINT('',(2.27779933223,7.842253967438,-38.79805115367
    ));
#1584 = CARTESIAN_POINT('',(1.88786868818,7.842253967468,-41.22871667902
    ));
#1585 = CARTESIAN_POINT('',(1.348228739286,7.842253967352,
    -43.70553541382));
#1586 = CARTESIAN_POINT('',(1.140969969825,7.842253967659,
    -45.38370791786));
#1587 = CARTESIAN_POINT('',(2.079517500306,7.842253967444,
    -46.33112513644));
#1588 = CARTESIAN_POINT('',(0.429237215927,7.918150939456,0.316672640451
    ));
#1589 = CARTESIAN_POINT('',(0.633548694081,7.918150939541,
    -0.479241307154));
#1590 = CARTESIAN_POINT('',(1.022072130625,7.918150939417,
    -2.076180354508));
#1591 = CARTESIAN_POINT('',(1.544169765686,7.918150939467,
    -4.485583242015));
#1592 = CARTESIAN_POINT('',(2.00525141639,7.918150939453,-6.907392748866
    ));
#1593 = CARTESIAN_POINT('',(2.405021705511,7.918150939457,
    -9.340077471765));
#1594 = CARTESIAN_POINT('',(2.743225937044,7.918150939456,
    -11.78208186532));
#1595 = CARTESIAN_POINT('',(3.019648255032,7.918150939456,
    -14.23184904751));
#1596 = CARTESIAN_POINT('',(3.234112390488,7.918150939456,
    -16.68781595345));
#1597 = CARTESIAN_POINT('',(3.386481340616,7.918150939456,
    -19.14841587701));
#1598 = CARTESIAN_POINT('',(3.476658579912,7.918150939456,
    -21.61207913188));
#1599 = CARTESIAN_POINT('',(3.50458406016,7.918150939456,-24.07723386202
    ));
#1600 = CARTESIAN_POINT('',(3.470249371362,7.918150939456,-26.5423081466
    ));
#1601 = CARTESIAN_POINT('',(3.373641318202,7.918150939456,
    -29.00572678485));
#1602 = CARTESIAN_POINT('',(3.214952521442,7.918150939456,-31.4659280705
    ));
#1603 = CARTESIAN_POINT('',(2.993795352027,7.918150939456,
    -33.92130592792));
#1604 = CARTESIAN_POINT('',(2.712135357448,7.918150939456,
    -36.37043060756));
#1605 = CARTESIAN_POINT('',(2.36334323454,7.918150939458,-38.8112297749)
  );
#1606 = CARTESIAN_POINT('',(1.97305297271,7.91815093945,-41.24404945396)
  );
#1607 = CARTESIAN_POINT('',(1.432985920279,7.918150939481,
    -43.72307852034));
#1608 = CARTESIAN_POINT('',(1.225406107867,7.918150939398,
    -45.40270856274));
#1609 = CARTESIAN_POINT('',(2.163809458464,7.918150939456,-46.3507392674
    ));
#1610 = DEFINITIONAL_REPRESENTATION('',(#1611),#1615);
#1611 = LINE('',#1612,#1613);
#1612 = CARTESIAN_POINT('',(0.,0.));
#1613 = VECTOR('',#1614,1.);
#1614 = DIRECTION('',(1.,0.));
#1615 = ( GEOMETRIC_REPRESENTATION_CONTEXT(2) 
PARAMETRIC_REPRESENTATION_CONTEXT() REPRESENTATION_CONTEXT('2D SPACE',''
  ) );
#1616 = ORIENTED_EDGE('',*,*,#1617,.F.);
#1617 = EDGE_CURVE('',#1618,#1552,#1620,.T.);
#1618 = VERTEX_POINT('',#1619);
#1619 = CARTESIAN_POINT('',(0.271897832091,7.755710057528,0.276282562266
    ));
#1620 = SURFACE_CURVE('',#1621,(#1624,#1630),.PCURVE_S1.);
#1621 = B_SPLINE_CURVE_WITH_KNOTS('',1,(#1622,#1623),.UNSPECIFIED.,.F.,
  .F.,(2,2),(6.,7.),.PIECEWISE_BEZIER_KNOTS.);
#1622 = CARTESIAN_POINT('',(0.271897832091,7.755710057528,0.276282562266
    ));
#1623 = CARTESIAN_POINT('',(0.345411239982,7.842253967444,0.295153948565
    ));
#1624 = PCURVE('',#101,#1625);
#1625 = DEFINITIONAL_REPRESENTATION('',(#1626),#1629);
#1626 = B_SPLINE_CURVE_WITH_KNOTS('',1,(#1627,#1628),.UNSPECIFIED.,.F.,
  .F.,(2,2),(6.,7.),.PIECEWISE_BEZIER_KNOTS.);
#1627 = CARTESIAN_POINT('',(0.186290271204,0.654462141929));
#1628 = CARTESIAN_POINT('',(0.262772223908,0.740489519053));
#1629 = ( GEOMETRIC_REPRESENTATION_CONTEXT(2) 
PARAMETRIC_REPRESENTATION_CONTEXT() REPRESENTATION_CONTEXT('2D SPACE',''
  ) );
#1630 = PCURVE('',#1631,#1676);
#1631 = ( BOUNDED_SURFACE() B_SPLINE_SURFACE(1,3,(
    (#1632,#1633,#1634,#1635,#1636,#1637,#1638,#1639,#1640,#1641,#1642
      ,#1643,#1644,#1645,#1646,#1647,#1648,#1649,#1650,#1651,#1652,#1653
      )
    ,(#1654,#1655,#1656,#1657,#1658,#1659,#1660,#1661,#1662,#1663,#1664
      ,#1665,#1666,#1667,#1668,#1669,#1670,#1671,#1672,#1673,#1674,#1675
)),.UNSPECIFIED.,.F.,.F.,.F.) B_SPLINE_SURFACE_WITH_KNOTS((2,2),(4,1,1,1
    ,1,1,1,1,1,1,1,1,1,1,1,1,1,1,1,4),(6.,7.),(0.,5.24163189288E-02,
    0.104832637858,0.157248956786,0.209665275715,0.262081594644,
    0.314497913573,0.366914232502,0.41933055143,0.471746870359,
    0.524163189288,0.576579508217,0.628995827146,0.681412146074,
    0.733828465003,0.786244783932,0.838661102861,0.89107742179,
0.943493740718,1.),.UNSPECIFIED.) GEOMETRIC_REPRESENTATION_ITEM() 
RATIONAL_B_SPLINE_SURFACE((
    (1.,0.999999999991,1.000000000004,0.999999999999,1.,1.,1.,1.,1.,1.
      ,1.,1.,1.,1.,1.,1.,1.,0.999999999999,1.000000000003,0.99999999999
      ,1.000000000024,1.)
    ,(1.,0.999999999991,1.000000000004,0.999999999999,1.,1.,1.,1.,1.,1.
      ,1.,1.,1.,1.,1.,1.,1.,0.999999999999,1.000000000003,0.99999999999
,1.000000000024,1.))) REPRESENTATION_ITEM('') SURFACE() );
#1632 = CARTESIAN_POINT('',(0.271897832091,7.755710057528,0.276282562266
    ));
#1633 = CARTESIAN_POINT('',(0.47586925256,7.755710057473,-0.518306659657
    ));
#1634 = CARTESIAN_POINT('',(0.863746027668,7.755710057553,
    -2.112587749259));
#1635 = CARTESIAN_POINT('',(1.384974679258,7.755710057521,
    -4.517980407359));
#1636 = CARTESIAN_POINT('',(1.845288902008,7.755710057529,-6.93575903527
    ));
#1637 = CARTESIAN_POINT('',(2.244393810283,7.755710057527,
    -9.364394778394));
#1638 = CARTESIAN_POINT('',(2.582035132012,7.755710057528,
    -11.80233468045));
#1639 = CARTESIAN_POINT('',(2.857997370486,7.755710057528,
    -14.24802445069));
#1640 = CARTESIAN_POINT('',(3.072104550181,7.755710057528,
    -16.69990362583));
#1641 = CARTESIAN_POINT('',(3.224219896038,7.755710057528,
    -19.15640810729));
#1642 = CARTESIAN_POINT('',(3.314247044295,7.755710057528,
    -21.61597082164));
#1643 = CARTESIAN_POINT('',(3.342126042634,7.755710057528,
    -24.07702252809));
#1644 = CARTESIAN_POINT('',(3.307848510162,7.755710057528,
    -26.53799392564));
#1645 = CARTESIAN_POINT('',(3.211401217141,7.755710057528,
    -28.99731242219));
#1646 = CARTESIAN_POINT('',(3.052976674164,7.755710057528,
    -31.45341895975));
#1647 = CARTESIAN_POINT('',(2.832187112012,7.755710057527,
    -33.90470995311));
#1648 = CARTESIAN_POINT('',(2.550997737617,7.755710057529,-36.3497587144
    ));
#1649 = CARTESIAN_POINT('',(2.202779343361,7.755710057524,
    -38.78649381302));
#1650 = CARTESIAN_POINT('',(1.813164075595,7.755710057541,
    -41.21527019634));
#1651 = CARTESIAN_POINT('',(1.273898686623,7.755710057477,
    -43.69015052213));
#1652 = CARTESIAN_POINT('',(1.066921463814,7.755710057645,
    -45.36704479993));
#1653 = CARTESIAN_POINT('',(2.005595436981,7.755710057528,
    -46.31392400524));
#1654 = CARTESIAN_POINT('',(0.345411239982,7.842253967444,0.295153948565
    ));
#1655 = CARTESIAN_POINT('',(0.549541544879,7.842253967417,
    -0.500054222851));
#1656 = CARTESIAN_POINT('',(0.937720458688,7.842253967457,-2.09557718515
    ));
#1657 = CARTESIAN_POINT('',(1.459355123842,7.842253967441,
    -4.502843535914));
#1658 = CARTESIAN_POINT('',(1.920027910647,7.842253967445,-6.92250550438
    ));
#1659 = CARTESIAN_POINT('',(2.319443703657,7.842253967444,
    -9.353033045323));
#1660 = CARTESIAN_POINT('',(2.657348032761,7.842253967444,
    -11.79287199271));
#1661 = CARTESIAN_POINT('',(2.933525233389,7.842253967444,
    -14.24046684507));
#1662 = CARTESIAN_POINT('',(3.147799192906,7.842253967444,
    -16.69425592359));
#1663 = CARTESIAN_POINT('',(3.300033029847,7.842253967444,
    -19.15267391138));
#1664 = CARTESIAN_POINT('',(3.390130304881,7.842253967444,
    -21.61415251418));
#1665 = CARTESIAN_POINT('',(3.418031020882,7.842253967444,
    -24.07712126928));
#1666 = CARTESIAN_POINT('',(3.383726783359,7.842253967444,
    -26.54000965163));
#1667 = CARTESIAN_POINT('',(3.287204378656,7.842253967444,
    -29.00124385029));
#1668 = CARTESIAN_POINT('',(3.128656368841,7.842253967444,-31.4592635699
    ));
#1669 = CARTESIAN_POINT('',(2.907695050184,7.842253967444,
    -33.91246406169));
#1670 = CARTESIAN_POINT('',(2.626285788737,7.842253967446,
    -36.35941720725));
#1671 = CARTESIAN_POINT('',(2.27779933223,7.842253967438,-38.79805115367
    ));
#1672 = CARTESIAN_POINT('',(1.88786868818,7.842253967468,-41.22871667902
    ));
#1673 = CARTESIAN_POINT('',(1.348228739286,7.842253967352,
    -43.70553541382));
#1674 = CARTESIAN_POINT('',(1.140969969825,7.842253967659,
    -45.38370791786));
#1675 = CARTESIAN_POINT('',(2.079517500306,7.842253967444,
    -46.33112513644));
#1676 = DEFINITIONAL_REPRESENTATION('',(#1677),#1681);
#1677 = LINE('',#1678,#1679);
#1678 = CARTESIAN_POINT('',(0.,0.));
#1679 = VECTOR('',#1680,1.);
#1680 = DIRECTION('',(1.,0.));
#1681 = ( GEOMETRIC_REPRESENTATION_CONTEXT(2) 
PARAMETRIC_REPRESENTATION_CONTEXT() REPRESENTATION_CONTEXT('2D SPACE',''
  ) );
#1682 = ORIENTED_EDGE('',*,*,#1683,.F.);
#1683 = EDGE_CURVE('',#1684,#1618,#1686,.T.);
#1684 = VERTEX_POINT('',#1685);
#1685 = CARTESIAN_POINT('',(0.209954827044,7.66,0.260381376207));
#1686 = SURFACE_CURVE('',#1687,(#1690,#1696),.PCURVE_S1.);
#1687 = B_SPLINE_CURVE_WITH_KNOTS('',1,(#1688,#1689),.UNSPECIFIED.,.F.,
  .F.,(2,2),(5.,6.),.PIECEWISE_BEZIER_KNOTS.);
#1688 = CARTESIAN_POINT('',(0.209954827044,7.66,0.260381376207));
#1689 = CARTESIAN_POINT('',(0.271897832091,7.755710057528,0.276282562266
    ));
#1690 = PCURVE('',#101,#1691);
#1691 = DEFINITIONAL_REPRESENTATION('',(#1692),#1695);
#1692 = B_SPLINE_CURVE_WITH_KNOTS('',1,(#1693,#1694),.UNSPECIFIED.,.F.,
  .F.,(2,2),(5.,6.),.PIECEWISE_BEZIER_KNOTS.);
#1693 = CARTESIAN_POINT('',(0.12169145817,0.559187842882));
#1694 = CARTESIAN_POINT('',(0.186290271204,0.654462141929));
#1695 = ( GEOMETRIC_REPRESENTATION_CONTEXT(2) 
PARAMETRIC_REPRESENTATION_CONTEXT() REPRESENTATION_CONTEXT('2D SPACE',''
  ) );
#1696 = PCURVE('',#1697,#1742);
#1697 = ( BOUNDED_SURFACE() B_SPLINE_SURFACE(1,3,(
    (#1698,#1699,#1700,#1701,#1702,#1703,#1704,#1705,#1706,#1707,#1708
      ,#1709,#1710,#1711,#1712,#1713,#1714,#1715,#1716,#1717,#1718,#1719
      )
    ,(#1720,#1721,#1722,#1723,#1724,#1725,#1726,#1727,#1728,#1729,#1730
      ,#1731,#1732,#1733,#1734,#1735,#1736,#1737,#1738,#1739,#1740,#1741
)),.UNSPECIFIED.,.F.,.F.,.F.) B_SPLINE_SURFACE_WITH_KNOTS((2,2),(4,1,1,1
    ,1,1,1,1,1,1,1,1,1,1,1,1,1,1,1,4),(5.,6.),(0.,5.24163189288E-02,
    0.104832637858,0.157248956786,0.209665275715,0.262081594644,
    0.314497913573,0.366914232502,0.41933055143,0.471746870359,
    0.524163189288,0.576579508217,0.628995827146,0.681412146074,
    0.733828465003,0.786244783932,0.838661102861,0.89107742179,
0.943493740718,1.),.UNSPECIFIED.) GEOMETRIC_REPRESENTATION_ITEM() 
RATIONAL_B_SPLINE_SURFACE((
    (1.,0.999999999991,1.000000000004,0.999999999999,1.,1.,1.,1.,1.,1.
      ,1.,1.,1.,1.,1.,1.,1.,0.999999999999,1.000000000003,0.99999999999
      ,1.000000000024,1.)
    ,(1.,0.999999999991,1.000000000004,0.999999999999,1.,1.,1.,1.,1.,1.
      ,1.,1.,1.,1.,1.,1.,1.,0.999999999999,1.000000000003,0.99999999999
,1.000000000024,1.))) REPRESENTATION_ITEM('') SURFACE() );
#1698 = CARTESIAN_POINT('',(0.209954827044,7.66,0.260381376207));
#1699 = CARTESIAN_POINT('',(0.413792370064,7.659999999977,-0.53368631431
    ));
#1700 = CARTESIAN_POINT('',(0.801414560777,7.660000000011,
    -2.126920990906));
#1701 = CARTESIAN_POINT('',(1.322301101914,7.659999999997,
    -4.530734860408));
#1702 = CARTESIAN_POINT('',(1.782313195646,7.660000000001,
    -6.946926569914));
#1703 = CARTESIAN_POINT('',(2.181156149869,7.66,-9.373968268584));
#1704 = CARTESIAN_POINT('',(2.518575859412,7.66,-11.81030801935));
#1705 = CARTESIAN_POINT('',(2.794356968998,7.66,-14.25439255165));
#1706 = CARTESIAN_POINT('',(3.008323618636,7.66,-16.70466242641));
#1707 = CARTESIAN_POINT('',(3.160339122926,7.66,-19.15955457164));
#1708 = CARTESIAN_POINT('',(3.250307181782,7.66,-21.61750294254));
#1709 = CARTESIAN_POINT('',(3.27816788064,7.66,-24.07693932795));
#1710 = CARTESIAN_POINT('',(3.243912850065,7.66,-26.53629545827));
#1711 = CARTESIAN_POINT('',(3.147528846768,7.66,-28.99399976839));
#1712 = CARTESIAN_POINT('',(2.989208337968,7.66,-31.44849424293));
#1713 = CARTESIAN_POINT('',(2.768563499266,7.66,-33.89817627713));
#1714 = CARTESIAN_POINT('',(2.487559403522,7.659999999999,
    -36.34162038849));
#1715 = CARTESIAN_POINT('',(2.139566880722,7.660000000003,
    -38.77675550231));
#1716 = CARTESIAN_POINT('',(1.750217351663,7.65999999999,-41.20394007874
    ));
#1717 = CARTESIAN_POINT('',(1.211267569811,7.660000000038,
    -43.67718708585));
#1718 = CARTESIAN_POINT('',(1.004527580979,7.659999999912,
    -45.35300431764));
#1719 = CARTESIAN_POINT('',(1.943308095488,7.66,-46.29943018994));
#1720 = CARTESIAN_POINT('',(0.271897832091,7.755710057528,0.276282562266
    ));
#1721 = CARTESIAN_POINT('',(0.47586925256,7.755710057473,-0.518306659657
    ));
#1722 = CARTESIAN_POINT('',(0.863746027668,7.755710057553,
    -2.112587749259));
#1723 = CARTESIAN_POINT('',(1.384974679258,7.755710057521,
    -4.517980407359));
#1724 = CARTESIAN_POINT('',(1.845288902008,7.755710057529,-6.93575903527
    ));
#1725 = CARTESIAN_POINT('',(2.244393810283,7.755710057527,
    -9.364394778394));
#1726 = CARTESIAN_POINT('',(2.582035132012,7.755710057528,
    -11.80233468045));
#1727 = CARTESIAN_POINT('',(2.857997370486,7.755710057528,
    -14.24802445069));
#1728 = CARTESIAN_POINT('',(3.072104550181,7.755710057528,
    -16.69990362583));
#1729 = CARTESIAN_POINT('',(3.224219896038,7.755710057528,
    -19.15640810729));
#1730 = CARTESIAN_POINT('',(3.314247044295,7.755710057528,
    -21.61597082164));
#1731 = CARTESIAN_POINT('',(3.342126042634,7.755710057528,
    -24.07702252809));
#1732 = CARTESIAN_POINT('',(3.307848510162,7.755710057528,
    -26.53799392564));
#1733 = CARTESIAN_POINT('',(3.211401217141,7.755710057528,
    -28.99731242219));
#1734 = CARTESIAN_POINT('',(3.052976674164,7.755710057528,
    -31.45341895975));
#1735 = CARTESIAN_POINT('',(2.832187112012,7.755710057527,
    -33.90470995311));
#1736 = CARTESIAN_POINT('',(2.550997737617,7.755710057529,-36.3497587144
    ));
#1737 = CARTESIAN_POINT('',(2.202779343361,7.755710057524,
    -38.78649381302));
#1738 = CARTESIAN_POINT('',(1.813164075595,7.755710057541,
    -41.21527019634));
#1739 = CARTESIAN_POINT('',(1.273898686623,7.755710057477,
    -43.69015052213));
#1740 = CARTESIAN_POINT('',(1.066921463814,7.755710057645,
    -45.36704479993));
#1741 = CARTESIAN_POINT('',(2.005595436981,7.755710057528,
    -46.31392400524));
#1742 = DEFINITIONAL_REPRESENTATION('',(#1743),#1747);
#1743 = LINE('',#1744,#1745);
#1744 = CARTESIAN_POINT('',(0.,0.));
#1745 = VECTOR('',#1746,1.);
#1746 = DIRECTION('',(1.,0.));
#1747 = ( GEOMETRIC_REPRESENTATION_CONTEXT(2) 
PARAMETRIC_REPRESENTATION_CONTEXT() REPRESENTATION_CONTEXT('2D SPACE',''
  ) );
#1748 = ORIENTED_EDGE('',*,*,#1749,.F.);
#1749 = EDGE_CURVE('',#1750,#1684,#1752,.T.);
#1750 = VERTEX_POINT('',#1751);
#1751 = CARTESIAN_POINT('',(0.160642086832,7.556761420481,0.247722464089
    ));
#1752 = SURFACE_CURVE('',#1753,(#1756,#1762),.PCURVE_S1.);
#1753 = B_SPLINE_CURVE_WITH_KNOTS('',1,(#1754,#1755),.UNSPECIFIED.,.F.,
  .F.,(2,2),(4.,5.),.PIECEWISE_BEZIER_KNOTS.);
#1754 = CARTESIAN_POINT('',(0.160642086832,7.556761420481,0.247722464089
    ));
#1755 = CARTESIAN_POINT('',(0.209954827044,7.66,0.260381376207));
#1756 = PCURVE('',#101,#1757);
#1757 = DEFINITIONAL_REPRESENTATION('',(#1758),#1761);
#1758 = B_SPLINE_CURVE_WITH_KNOTS('',1,(#1759,#1760),.UNSPECIFIED.,.F.,
  .F.,(2,2),(4.,5.),.PIECEWISE_BEZIER_KNOTS.);
#1759 = CARTESIAN_POINT('',(7.008108840836E-02,0.456296791584));
#1760 = CARTESIAN_POINT('',(0.12169145817,0.559187842882));
#1761 = ( GEOMETRIC_REPRESENTATION_CONTEXT(2) 
PARAMETRIC_REPRESENTATION_CONTEXT() REPRESENTATION_CONTEXT('2D SPACE',''
  ) );
#1762 = PCURVE('',#1763,#1808);
#1763 = ( BOUNDED_SURFACE() B_SPLINE_SURFACE(1,3,(
    (#1764,#1765,#1766,#1767,#1768,#1769,#1770,#1771,#1772,#1773,#1774
      ,#1775,#1776,#1777,#1778,#1779,#1780,#1781,#1782,#1783,#1784,#1785
      )
    ,(#1786,#1787,#1788,#1789,#1790,#1791,#1792,#1793,#1794,#1795,#1796
      ,#1797,#1798,#1799,#1800,#1801,#1802,#1803,#1804,#1805,#1806,#1807
)),.UNSPECIFIED.,.F.,.F.,.F.) B_SPLINE_SURFACE_WITH_KNOTS((2,2),(4,1,1,1
    ,1,1,1,1,1,1,1,1,1,1,1,1,1,1,1,4),(4.,5.),(0.,5.24163189288E-02,
    0.104832637858,0.157248956786,0.209665275715,0.262081594644,
    0.314497913573,0.366914232502,0.41933055143,0.471746870359,
    0.524163189288,0.576579508217,0.628995827146,0.681412146074,
    0.733828465003,0.786244783932,0.838661102861,0.89107742179,
0.943493740718,1.),.UNSPECIFIED.) GEOMETRIC_REPRESENTATION_ITEM() 
RATIONAL_B_SPLINE_SURFACE((
    (1.,0.999999999991,1.000000000004,0.999999999999,1.,1.,1.,1.,1.,1.
      ,1.,1.,1.,1.,1.,1.,1.,0.999999999999,1.000000000003,0.99999999999
      ,1.000000000024,1.)
    ,(1.,0.999999999991,1.000000000004,0.999999999999,1.,1.,1.,1.,1.,1.
      ,1.,1.,1.,1.,1.,1.,1.,0.999999999999,1.000000000003,0.99999999999
,1.000000000024,1.))) REPRESENTATION_ITEM('') SURFACE() );
#1764 = CARTESIAN_POINT('',(0.160642086832,7.556761420481,0.247722464089
    ));
#1765 = CARTESIAN_POINT('',(0.364373050163,7.556761420629,
    -0.545930036061));
#1766 = CARTESIAN_POINT('',(0.751792566648,7.556761420413,
    -2.138331664629));
#1767 = CARTESIAN_POINT('',(1.272406754107,7.5567614205,-4.540888662757)
  );
#1768 = CARTESIAN_POINT('',(1.732178323354,7.556761420476,
    -6.955817028718));
#1769 = CARTESIAN_POINT('',(2.130812736319,7.556761420483,
    -9.381589710818));
#1770 = CARTESIAN_POINT('',(2.468056020709,7.556761420481,
    -11.81665558337));
#1771 = CARTESIAN_POINT('',(2.743692933839,7.556761420481,
    -14.25946218797));
#1772 = CARTESIAN_POINT('',(2.957547707694,7.556761420481,
    -16.70845090093));
#1773 = CARTESIAN_POINT('',(3.109483728251,7.556761420481,
    -19.16205946752));
#1774 = CARTESIAN_POINT('',(3.199404746118,7.556761420481,
    -21.61872266186));
#1775 = CARTESIAN_POINT('',(3.227250876783,7.556761420481,
    -24.07687309244));
#1776 = CARTESIAN_POINT('',(3.193013759938,7.556761420481,
    -26.53494331075));
#1777 = CARTESIAN_POINT('',(3.096680141501,7.556761420481,-28.9913625693
    ));
#1778 = CARTESIAN_POINT('',(2.938442454165,7.556761420481,
    -31.44457368271));
#1779 = CARTESIAN_POINT('',(2.717912829601,7.556761420481,
    -33.89297482677));
#1780 = CARTESIAN_POINT('',(2.43705623393,7.556761420482,-36.33514147855
    ));
#1781 = CARTESIAN_POINT('',(2.089243527095,7.55676142048,-38.76900284667
    ));
#1782 = CARTESIAN_POINT('',(1.700105552206,7.556761420485,
    -41.19492018793));
#1783 = CARTESIAN_POINT('',(1.161407024917,7.556761420468,
    -43.66686691201));
#1784 = CARTESIAN_POINT('',(0.954855897264,7.556761420513,
    -45.34182670976));
#1785 = CARTESIAN_POINT('',(1.893721229511,7.556761420481,
    -46.28789168372));
#1786 = CARTESIAN_POINT('',(0.209954827044,7.66,0.260381376207));
#1787 = CARTESIAN_POINT('',(0.413792370064,7.659999999977,-0.53368631431
    ));
#1788 = CARTESIAN_POINT('',(0.801414560777,7.660000000011,
    -2.126920990906));
#1789 = CARTESIAN_POINT('',(1.322301101914,7.659999999997,
    -4.530734860408));
#1790 = CARTESIAN_POINT('',(1.782313195646,7.660000000001,
    -6.946926569914));
#1791 = CARTESIAN_POINT('',(2.181156149869,7.66,-9.373968268584));
#1792 = CARTESIAN_POINT('',(2.518575859412,7.66,-11.81030801935));
#1793 = CARTESIAN_POINT('',(2.794356968998,7.66,-14.25439255165));
#1794 = CARTESIAN_POINT('',(3.008323618636,7.66,-16.70466242641));
#1795 = CARTESIAN_POINT('',(3.160339122926,7.66,-19.15955457164));
#1796 = CARTESIAN_POINT('',(3.250307181782,7.66,-21.61750294254));
#1797 = CARTESIAN_POINT('',(3.27816788064,7.66,-24.07693932795));
#1798 = CARTESIAN_POINT('',(3.243912850065,7.66,-26.53629545827));
#1799 = CARTESIAN_POINT('',(3.147528846768,7.66,-28.99399976839));
#1800 = CARTESIAN_POINT('',(2.989208337968,7.66,-31.44849424293));
#1801 = CARTESIAN_POINT('',(2.768563499266,7.66,-33.89817627713));
#1802 = CARTESIAN_POINT('',(2.487559403522,7.659999999999,
    -36.34162038849));
#1803 = CARTESIAN_POINT('',(2.139566880722,7.660000000003,
    -38.77675550231));
#1804 = CARTESIAN_POINT('',(1.750217351663,7.65999999999,-41.20394007874
    ));
#1805 = CARTESIAN_POINT('',(1.211267569811,7.660000000038,
    -43.67718708585));
#1806 = CARTESIAN_POINT('',(1.004527580979,7.659999999912,
    -45.35300431764));
#1807 = CARTESIAN_POINT('',(1.943308095488,7.66,-46.29943018994));
#1808 = DEFINITIONAL_REPRESENTATION('',(#1809),#1813);
#1809 = LINE('',#1810,#1811);
#1810 = CARTESIAN_POINT('',(0.,0.));
#1811 = VECTOR('',#1812,1.);
#1812 = DIRECTION('',(1.,0.));
#1813 = ( GEOMETRIC_REPRESENTATION_CONTEXT(2) 
PARAMETRIC_REPRESENTATION_CONTEXT() REPRESENTATION_CONTEXT('2D SPACE',''
  ) );
#1814 = ORIENTED_EDGE('',*,*,#1815,.F.);
#1815 = EDGE_CURVE('',#1816,#1750,#1818,.T.);
#1816 = VERTEX_POINT('',#1817);
#1817 = CARTESIAN_POINT('',(0.124803366113,7.44776075969,0.238522423408)
  );
#1818 = SURFACE_CURVE('',#1819,(#1822,#1828),.PCURVE_S1.);
#1819 = B_SPLINE_CURVE_WITH_KNOTS('',1,(#1820,#1821),.UNSPECIFIED.,.F.,
  .F.,(2,2),(3.,4.),.PIECEWISE_BEZIER_KNOTS.);
#1820 = CARTESIAN_POINT('',(0.124803366113,7.44776075969,0.238522423408)
  );
#1821 = CARTESIAN_POINT('',(0.160642086832,7.556761420481,0.247722464089
    ));
#1822 = PCURVE('',#101,#1823);
#1823 = DEFINITIONAL_REPRESENTATION('',(#1824),#1827);
#1824 = B_SPLINE_CURVE_WITH_KNOTS('',1,(#1825,#1826),.UNSPECIFIED.,.F.,
  .F.,(2,2),(3.,4.),.PIECEWISE_BEZIER_KNOTS.);
#1825 = CARTESIAN_POINT('',(3.234222965392E-02,0.347549482448));
#1826 = CARTESIAN_POINT('',(7.008108840836E-02,0.456296791584));
#1827 = ( GEOMETRIC_REPRESENTATION_CONTEXT(2) 
PARAMETRIC_REPRESENTATION_CONTEXT() REPRESENTATION_CONTEXT('2D SPACE',''
  ) );
#1828 = PCURVE('',#1829,#1874);
#1829 = ( BOUNDED_SURFACE() B_SPLINE_SURFACE(1,3,(
    (#1830,#1831,#1832,#1833,#1834,#1835,#1836,#1837,#1838,#1839,#1840
      ,#1841,#1842,#1843,#1844,#1845,#1846,#1847,#1848,#1849,#1850,#1851
      )
    ,(#1852,#1853,#1854,#1855,#1856,#1857,#1858,#1859,#1860,#1861,#1862
      ,#1863,#1864,#1865,#1866,#1867,#1868,#1869,#1870,#1871,#1872,#1873
)),.UNSPECIFIED.,.F.,.F.,.F.) B_SPLINE_SURFACE_WITH_KNOTS((2,2),(4,1,1,1
    ,1,1,1,1,1,1,1,1,1,1,1,1,1,1,1,4),(3.,4.),(0.,5.24163189288E-02,
    0.104832637858,0.157248956786,0.209665275715,0.262081594644,
    0.314497913573,0.366914232502,0.41933055143,0.471746870359,
    0.524163189288,0.576579508217,0.628995827146,0.681412146074,
    0.733828465003,0.786244783932,0.838661102861,0.89107742179,
0.943493740718,1.),.UNSPECIFIED.) GEOMETRIC_REPRESENTATION_ITEM() 
RATIONAL_B_SPLINE_SURFACE((
    (1.,0.999999999991,1.000000000004,0.999999999999,1.,1.,1.,1.,1.,1.
      ,1.,1.,1.,1.,1.,1.,1.,0.999999999999,1.000000000003,0.99999999999
      ,1.000000000024,1.)
    ,(1.,0.999999999991,1.000000000004,0.999999999999,1.,1.,1.,1.,1.,1.
      ,1.,1.,1.,1.,1.,1.,1.,0.999999999999,1.000000000003,0.99999999999
,1.000000000024,1.))) REPRESENTATION_ITEM('') SURFACE() );
#1830 = CARTESIAN_POINT('',(0.124803366113,7.44776075969,0.238522423408)
  );
#1831 = CARTESIAN_POINT('',(0.328456871222,7.447760759821,
    -0.554828331048));
#1832 = CARTESIAN_POINT('',(0.715729091314,7.44776075963,-2.146624530817
    ));
#1833 = CARTESIAN_POINT('',(1.236145341974,7.447760759706,
    -4.548268079987));
#1834 = CARTESIAN_POINT('',(1.695742106693,7.447760759686,-6.96227829348
    ));
#1835 = CARTESIAN_POINT('',(2.094224959397,7.447760759691,
    -9.387128700101));
#1836 = CARTESIAN_POINT('',(2.431340024349,7.44776075969,-11.82126876392
    ));
#1837 = CARTESIAN_POINT('',(2.706872140697,7.44776075969,-14.26314661677
    ));
#1838 = CARTESIAN_POINT('',(2.920645607269,7.44776075969,-16.71120422756
    ));
#1839 = CARTESIAN_POINT('',(3.072523861916,7.44776075969,-19.1638799355)
  );
#1840 = CARTESIAN_POINT('',(3.162410692088,7.44776075969,-21.61960910987
    ));
#1841 = CARTESIAN_POINT('',(3.190246235117,7.44776075969,-24.07682495485
    ));
#1842 = CARTESIAN_POINT('',(3.156022137323,7.44776075969,-26.53396061871
    ));
#1843 = CARTESIAN_POINT('',(3.059725136786,7.44776075969,-28.98944594814
    ));
#1844 = CARTESIAN_POINT('',(2.901547641103,7.44776075969,-31.44172436097
    ));
#1845 = CARTESIAN_POINT('',(2.681101750018,7.447760759691,
    -33.88919460029));
#1846 = CARTESIAN_POINT('',(2.400352352082,7.447760759689,
    -36.33043284053));
#1847 = CARTESIAN_POINT('',(2.052670328994,7.447760759696,
    -38.76336849622));
#1848 = CARTESIAN_POINT('',(1.663686104081,7.447760759667,
    -41.18836485666));
#1849 = CARTESIAN_POINT('',(1.1251701794,7.447760759779,-43.65936658194)
  );
#1850 = CARTESIAN_POINT('',(0.918756309622,7.447760759483,
    -45.33370322758));
#1851 = CARTESIAN_POINT('',(1.857683284073,7.44776075969,-46.27950591363
    ));
#1852 = CARTESIAN_POINT('',(0.160642086832,7.556761420481,0.247722464089
    ));
#1853 = CARTESIAN_POINT('',(0.364373050163,7.556761420629,
    -0.545930036061));
#1854 = CARTESIAN_POINT('',(0.751792566648,7.556761420413,
    -2.138331664629));
#1855 = CARTESIAN_POINT('',(1.272406754107,7.5567614205,-4.540888662757)
  );
#1856 = CARTESIAN_POINT('',(1.732178323354,7.556761420476,
    -6.955817028718));
#1857 = CARTESIAN_POINT('',(2.130812736319,7.556761420483,
    -9.381589710818));
#1858 = CARTESIAN_POINT('',(2.468056020709,7.556761420481,
    -11.81665558337));
#1859 = CARTESIAN_POINT('',(2.743692933839,7.556761420481,
    -14.25946218797));
#1860 = CARTESIAN_POINT('',(2.957547707694,7.556761420481,
    -16.70845090093));
#1861 = CARTESIAN_POINT('',(3.109483728251,7.556761420481,
    -19.16205946752));
#1862 = CARTESIAN_POINT('',(3.199404746118,7.556761420481,
    -21.61872266186));
#1863 = CARTESIAN_POINT('',(3.227250876783,7.556761420481,
    -24.07687309244));
#1864 = CARTESIAN_POINT('',(3.193013759938,7.556761420481,
    -26.53494331075));
#1865 = CARTESIAN_POINT('',(3.096680141501,7.556761420481,-28.9913625693
    ));
#1866 = CARTESIAN_POINT('',(2.938442454165,7.556761420481,
    -31.44457368271));
#1867 = CARTESIAN_POINT('',(2.717912829601,7.556761420481,
    -33.89297482677));
#1868 = CARTESIAN_POINT('',(2.43705623393,7.556761420482,-36.33514147855
    ));
#1869 = CARTESIAN_POINT('',(2.089243527095,7.55676142048,-38.76900284667
    ));
#1870 = CARTESIAN_POINT('',(1.700105552206,7.556761420485,
    -41.19492018793));
#1871 = CARTESIAN_POINT('',(1.161407024917,7.556761420468,
    -43.66686691201));
#1872 = CARTESIAN_POINT('',(0.954855897264,7.556761420513,
    -45.34182670976));
#1873 = CARTESIAN_POINT('',(1.893721229511,7.556761420481,
    -46.28789168372));
#1874 = DEFINITIONAL_REPRESENTATION('',(#1875),#1879);
#1875 = LINE('',#1876,#1877);
#1876 = CARTESIAN_POINT('',(0.,0.));
#1877 = VECTOR('',#1878,1.);
#1878 = DIRECTION('',(1.,0.));
#1879 = ( GEOMETRIC_REPRESENTATION_CONTEXT(2) 
PARAMETRIC_REPRESENTATION_CONTEXT() REPRESENTATION_CONTEXT('2D SPACE',''
  ) );
#1880 = ORIENTED_EDGE('',*,*,#1881,.F.);
#1881 = EDGE_CURVE('',#1882,#1816,#1884,.T.);
#1882 = VERTEX_POINT('',#1883);
#1883 = CARTESIAN_POINT('',(0.103051875333,7.334863049154,0.232938669412
    ));
#1884 = SURFACE_CURVE('',#1885,(#1888,#1894),.PCURVE_S1.);
#1885 = B_SPLINE_CURVE_WITH_KNOTS('',1,(#1886,#1887),.UNSPECIFIED.,.F.,
  .F.,(2,2),(2.,3.),.PIECEWISE_BEZIER_KNOTS.);
#1886 = CARTESIAN_POINT('',(0.103051875333,7.334863049154,0.232938669412
    ));
#1887 = CARTESIAN_POINT('',(0.124803366113,7.44776075969,0.238522423408)
  );
#1888 = PCURVE('',#101,#1889);
#1889 = DEFINITIONAL_REPRESENTATION('',(#1890),#1893);
#1890 = B_SPLINE_CURVE_WITH_KNOTS('',1,(#1891,#1892),.UNSPECIFIED.,.F.,
  .F.,(2,2),(2.,3.),.PIECEWISE_BEZIER_KNOTS.);
#1891 = CARTESIAN_POINT('',(9.120604243287E-03,0.234806612086));
#1892 = CARTESIAN_POINT('',(3.234222965392E-02,0.347549482448));
#1893 = ( GEOMETRIC_REPRESENTATION_CONTEXT(2) 
PARAMETRIC_REPRESENTATION_CONTEXT() REPRESENTATION_CONTEXT('2D SPACE',''
  ) );
#1894 = PCURVE('',#1895,#1940);
#1895 = ( BOUNDED_SURFACE() B_SPLINE_SURFACE(1,3,(
    (#1896,#1897,#1898,#1899,#1900,#1901,#1902,#1903,#1904,#1905,#1906
      ,#1907,#1908,#1909,#1910,#1911,#1912,#1913,#1914,#1915,#1916,#1917
      )
    ,(#1918,#1919,#1920,#1921,#1922,#1923,#1924,#1925,#1926,#1927,#1928
      ,#1929,#1930,#1931,#1932,#1933,#1934,#1935,#1936,#1937,#1938,#1939
)),.UNSPECIFIED.,.F.,.F.,.F.) B_SPLINE_SURFACE_WITH_KNOTS((2,2),(4,1,1,1
    ,1,1,1,1,1,1,1,1,1,1,1,1,1,1,1,4),(2.,3.),(0.,5.24163189288E-02,
    0.104832637858,0.157248956786,0.209665275715,0.262081594644,
    0.314497913573,0.366914232502,0.41933055143,0.471746870359,
    0.524163189288,0.576579508217,0.628995827146,0.681412146074,
    0.733828465003,0.786244783932,0.838661102861,0.89107742179,
0.943493740718,1.),.UNSPECIFIED.) GEOMETRIC_REPRESENTATION_ITEM() 
RATIONAL_B_SPLINE_SURFACE((
    (1.,0.999999999991,1.000000000004,0.999999999999,1.,1.,1.,1.,1.,1.
      ,1.,1.,1.,1.,1.,1.,1.,0.999999999999,1.000000000003,0.99999999999
      ,1.000000000024,1.)
    ,(1.,0.999999999991,1.000000000004,0.999999999999,1.,1.,1.,1.,1.,1.
      ,1.,1.,1.,1.,1.,1.,1.,0.999999999999,1.000000000003,0.99999999999
,1.000000000024,1.))) REPRESENTATION_ITEM('') SURFACE() );
#1896 = CARTESIAN_POINT('',(0.103051875333,7.334863049154,0.232938669412
    ));
#1897 = CARTESIAN_POINT('',(0.306658369025,7.334863049098,
    -0.560228947516));
#1898 = CARTESIAN_POINT('',(0.693841190832,7.33486304918,-2.151657695979
    ));
#1899 = CARTESIAN_POINT('',(1.214137308331,7.334863049147,
    -4.552746848288));
#1900 = CARTESIAN_POINT('',(1.673627979433,7.334863049156,
    -6.966199810152));
#1901 = CARTESIAN_POINT('',(2.07201884611,7.334863049153,-9.390490462796
    ));
#1902 = CARTESIAN_POINT('',(2.40905609121,7.334863049154,-11.82406862821
    ));
#1903 = CARTESIAN_POINT('',(2.684524603551,7.334863049154,
    -14.26538279645));
#1904 = CARTESIAN_POINT('',(2.89824872253,7.334863049154,-16.7128752961)
  );
#1905 = CARTESIAN_POINT('',(3.050091917481,7.334863049154,
    -19.16498482684));
#1906 = CARTESIAN_POINT('',(3.139957998214,7.334863049154,
    -21.62014711918));
#1907 = CARTESIAN_POINT('',(3.167787115321,7.334863049154,
    -24.07679573885));
#1908 = CARTESIAN_POINT('',(3.133570919142,7.334863049154,
    -26.53336419628));
#1909 = CARTESIAN_POINT('',(3.037296143,7.334863049154,-28.98828269881)
  );
#1910 = CARTESIAN_POINT('',(2.879155179262,7.334863049154,-31.4399950304
    ));
#1911 = CARTESIAN_POINT('',(2.658760108295,7.334863049153,
    -33.88690027839));
#1912 = CARTESIAN_POINT('',(2.378075771568,7.334863049154,
    -36.32757504051));
#1913 = CARTESIAN_POINT('',(2.030473063989,7.334863049151,
    -38.75994885627));
#1914 = CARTESIAN_POINT('',(1.641582154096,7.334863049163,
    -41.18438624842));
#1915 = CARTESIAN_POINT('',(1.103177055918,7.334863049119,
    -43.65481442863));
#1916 = CARTESIAN_POINT('',(0.896846491579,7.334863049234,
    -45.32877286552));
#1917 = CARTESIAN_POINT('',(1.835810878413,7.334863049154,
    -46.27441636252));
#1918 = CARTESIAN_POINT('',(0.124803366113,7.44776075969,0.238522423408)
  );
#1919 = CARTESIAN_POINT('',(0.328456871222,7.447760759821,
    -0.554828331048));
#1920 = CARTESIAN_POINT('',(0.715729091314,7.44776075963,-2.146624530817
    ));
#1921 = CARTESIAN_POINT('',(1.236145341974,7.447760759706,
    -4.548268079987));
#1922 = CARTESIAN_POINT('',(1.695742106693,7.447760759686,-6.96227829348
    ));
#1923 = CARTESIAN_POINT('',(2.094224959397,7.447760759691,
    -9.387128700101));
#1924 = CARTESIAN_POINT('',(2.431340024349,7.44776075969,-11.82126876392
    ));
#1925 = CARTESIAN_POINT('',(2.706872140697,7.44776075969,-14.26314661677
    ));
#1926 = CARTESIAN_POINT('',(2.920645607269,7.44776075969,-16.71120422756
    ));
#1927 = CARTESIAN_POINT('',(3.072523861916,7.44776075969,-19.1638799355)
  );
#1928 = CARTESIAN_POINT('',(3.162410692088,7.44776075969,-21.61960910987
    ));
#1929 = CARTESIAN_POINT('',(3.190246235117,7.44776075969,-24.07682495485
    ));
#1930 = CARTESIAN_POINT('',(3.156022137323,7.44776075969,-26.53396061871
    ));
#1931 = CARTESIAN_POINT('',(3.059725136786,7.44776075969,-28.98944594814
    ));
#1932 = CARTESIAN_POINT('',(2.901547641103,7.44776075969,-31.44172436097
    ));
#1933 = CARTESIAN_POINT('',(2.681101750018,7.447760759691,
    -33.88919460029));
#1934 = CARTESIAN_POINT('',(2.400352352082,7.447760759689,
    -36.33043284053));
#1935 = CARTESIAN_POINT('',(2.052670328994,7.447760759696,
    -38.76336849622));
#1936 = CARTESIAN_POINT('',(1.663686104081,7.447760759667,
    -41.18836485666));
#1937 = CARTESIAN_POINT('',(1.1251701794,7.447760759779,-43.65936658194)
  );
#1938 = CARTESIAN_POINT('',(0.918756309622,7.447760759483,
    -45.33370322758));
#1939 = CARTESIAN_POINT('',(1.857683284073,7.44776075969,-46.27950591363
    ));
#1940 = DEFINITIONAL_REPRESENTATION('',(#1941),#1945);
#1941 = LINE('',#1942,#1943);
#1942 = CARTESIAN_POINT('',(0.,0.));
#1943 = VECTOR('',#1944,1.);
#1944 = DIRECTION('',(1.,0.));
#1945 = ( GEOMETRIC_REPRESENTATION_CONTEXT(2) 
PARAMETRIC_REPRESENTATION_CONTEXT() REPRESENTATION_CONTEXT('2D SPACE',''
  ) );
#1946 = ORIENTED_EDGE('',*,*,#1947,.F.);
#1947 = EDGE_CURVE('',#42,#1882,#1948,.T.);
#1948 = SURFACE_CURVE('',#1949,(#1952,#1958),.PCURVE_S1.);
#1949 = B_SPLINE_CURVE_WITH_KNOTS('',1,(#1950,#1951),.UNSPECIFIED.,.F.,
  .F.,(2,2),(1.,2.),.PIECEWISE_BEZIER_KNOTS.);
#1950 = CARTESIAN_POINT('',(9.57597885303E-02,7.22,0.231066741679));
#1951 = CARTESIAN_POINT('',(0.103051875333,7.334863049154,0.232938669412
    ));
#1952 = PCURVE('',#101,#1953);
#1953 = DEFINITIONAL_REPRESENTATION('',(#1954),#1957);
#1954 = B_SPLINE_CURVE_WITH_KNOTS('',1,(#1955,#1956),.UNSPECIFIED.,.F.,
  .F.,(2,2),(1.,2.),.PIECEWISE_BEZIER_KNOTS.);
#1955 = CARTESIAN_POINT('',(8.13540625538E-04,0.119997242267));
#1956 = CARTESIAN_POINT('',(9.120604243287E-03,0.234806612086));
#1957 = ( GEOMETRIC_REPRESENTATION_CONTEXT(2) 
PARAMETRIC_REPRESENTATION_CONTEXT() REPRESENTATION_CONTEXT('2D SPACE',''
  ) );
#1958 = PCURVE('',#147,#1959);
#1959 = DEFINITIONAL_REPRESENTATION('',(#1960),#1964);
#1960 = LINE('',#1961,#1962);
#1961 = CARTESIAN_POINT('',(0.,0.));
#1962 = VECTOR('',#1963,1.);
#1963 = DIRECTION('',(1.,0.));
#1964 = ( GEOMETRIC_REPRESENTATION_CONTEXT(2) 
PARAMETRIC_REPRESENTATION_CONTEXT() REPRESENTATION_CONTEXT('2D SPACE',''
  ) );
#1965 = ADVANCED_FACE('',(#1966),#147,.T.);
#1966 = FACE_BOUND('',#1967,.T.);
#1967 = EDGE_LOOP('',(#1968,#1969,#2011,#2030));
#1968 = ORIENTED_EDGE('',*,*,#1947,.T.);
#1969 = ORIENTED_EDGE('',*,*,#1970,.T.);
#1970 = EDGE_CURVE('',#1882,#1971,#1973,.T.);
#1971 = VERTEX_POINT('',#1972);
#1972 = CARTESIAN_POINT('',(1.835810878413,7.334863049154,
    -46.27441636252));
#1973 = SURFACE_CURVE('',#1974,(#1997,#2004),.PCURVE_S1.);
#1974 = ( BOUNDED_CURVE() B_SPLINE_CURVE(3,(#1975,#1976,#1977,#1978,
    #1979,#1980,#1981,#1982,#1983,#1984,#1985,#1986,#1987,#1988,#1989,
    #1990,#1991,#1992,#1993,#1994,#1995,#1996),.UNSPECIFIED.,.F.,.F.) 
B_SPLINE_CURVE_WITH_KNOTS((4,1,1,1,1,1,1,1,1,1,1,1,1,1,1,1,1,1,1,4),(0.,
    5.24163189288E-02,0.104832637858,0.157248956786,0.209665275715,
    0.262081594644,0.314497913573,0.366914232502,0.41933055143,
    0.471746870359,0.524163189288,0.576579508217,0.628995827146,
    0.681412146074,0.733828465003,0.786244783932,0.838661102861,
0.89107742179,0.943493740718,1.),.UNSPECIFIED.) CURVE() 
GEOMETRIC_REPRESENTATION_ITEM() RATIONAL_B_SPLINE_CURVE((1.,
    0.999999999991,1.000000000004,0.999999999999,1.,1.,1.,1.,1.,1.,1.,1.
    ,1.,1.,1.,1.,1.,0.999999999999,1.000000000003,0.99999999999,
1.000000000024,1.)) REPRESENTATION_ITEM('') );
#1975 = CARTESIAN_POINT('',(0.103051875333,7.334863049154,0.232938669412
    ));
#1976 = CARTESIAN_POINT('',(0.306658369025,7.334863049098,
    -0.560228947516));
#1977 = CARTESIAN_POINT('',(0.693841190832,7.33486304918,-2.151657695979
    ));
#1978 = CARTESIAN_POINT('',(1.214137308331,7.334863049147,
    -4.552746848288));
#1979 = CARTESIAN_POINT('',(1.673627979433,7.334863049156,
    -6.966199810152));
#1980 = CARTESIAN_POINT('',(2.07201884611,7.334863049153,-9.390490462796
    ));
#1981 = CARTESIAN_POINT('',(2.40905609121,7.334863049154,-11.82406862821
    ));
#1982 = CARTESIAN_POINT('',(2.684524603551,7.334863049154,
    -14.26538279645));
#1983 = CARTESIAN_POINT('',(2.89824872253,7.334863049154,-16.7128752961)
  );
#1984 = CARTESIAN_POINT('',(3.050091917481,7.334863049154,
    -19.16498482684));
#1985 = CARTESIAN_POINT('',(3.139957998214,7.334863049154,
    -21.62014711918));
#1986 = CARTESIAN_POINT('',(3.167787115321,7.334863049154,
    -24.07679573885));
#1987 = CARTESIAN_POINT('',(3.133570919142,7.334863049154,
    -26.53336419628));
#1988 = CARTESIAN_POINT('',(3.037296143,7.334863049154,-28.98828269881)
  );
#1989 = CARTESIAN_POINT('',(2.879155179262,7.334863049154,-31.4399950304
    ));
#1990 = CARTESIAN_POINT('',(2.658760108295,7.334863049153,
    -33.88690027839));
#1991 = CARTESIAN_POINT('',(2.378075771568,7.334863049154,
    -36.32757504051));
#1992 = CARTESIAN_POINT('',(2.030473063989,7.334863049151,
    -38.75994885627));
#1993 = CARTESIAN_POINT('',(1.641582154096,7.334863049163,
    -41.18438624842));
#1994 = CARTESIAN_POINT('',(1.103177055918,7.334863049119,
    -43.65481442863));
#1995 = CARTESIAN_POINT('',(0.896846491579,7.334863049234,
    -45.32877286552));
#1996 = CARTESIAN_POINT('',(1.835810878413,7.334863049154,
    -46.27441636252));
#1997 = PCURVE('',#147,#1998);
#1998 = DEFINITIONAL_REPRESENTATION('',(#1999),#2003);
#1999 = LINE('',#2000,#2001);
#2000 = CARTESIAN_POINT('',(2.,0.));
#2001 = VECTOR('',#2002,1.);
#2002 = DIRECTION('',(0.,1.));
#2003 = ( GEOMETRIC_REPRESENTATION_CONTEXT(2) 
PARAMETRIC_REPRESENTATION_CONTEXT() REPRESENTATION_CONTEXT('2D SPACE',''
  ) );
#2004 = PCURVE('',#1895,#2005);
#2005 = DEFINITIONAL_REPRESENTATION('',(#2006),#2010);
#2006 = LINE('',#2007,#2008);
#2007 = CARTESIAN_POINT('',(2.,0.));
#2008 = VECTOR('',#2009,1.);
#2009 = DIRECTION('',(0.,1.));
#2010 = ( GEOMETRIC_REPRESENTATION_CONTEXT(2) 
PARAMETRIC_REPRESENTATION_CONTEXT() REPRESENTATION_CONTEXT('2D SPACE',''
  ) );
#2011 = ORIENTED_EDGE('',*,*,#2012,.F.);
#2012 = EDGE_CURVE('',#113,#1971,#2013,.T.);
#2013 = SURFACE_CURVE('',#2014,(#2017,#2024),.PCURVE_S1.);
#2014 = B_SPLINE_CURVE_WITH_KNOTS('',1,(#2015,#2016),.UNSPECIFIED.,.F.,
  .F.,(2,2),(1.,2.),.PIECEWISE_BEZIER_KNOTS.);
#2015 = CARTESIAN_POINT('',(1.828478255456,7.22,-46.27271011403));
#2016 = CARTESIAN_POINT('',(1.835810878413,7.334863049154,
    -46.27441636252));
#2017 = PCURVE('',#147,#2018);
#2018 = DEFINITIONAL_REPRESENTATION('',(#2019),#2023);
#2019 = LINE('',#2020,#2021);
#2020 = CARTESIAN_POINT('',(0.,1.));
#2021 = VECTOR('',#2022,1.);
#2022 = DIRECTION('',(1.,0.));
#2023 = ( GEOMETRIC_REPRESENTATION_CONTEXT(2) 
PARAMETRIC_REPRESENTATION_CONTEXT() REPRESENTATION_CONTEXT('2D SPACE',''
  ) );
#2024 = PCURVE('',#214,#2025);
#2025 = DEFINITIONAL_REPRESENTATION('',(#2026),#2029);
#2026 = B_SPLINE_CURVE_WITH_KNOTS('',1,(#2027,#2028),.UNSPECIFIED.,.F.,
  .F.,(2,2),(1.,2.),.PIECEWISE_BEZIER_KNOTS.);
#2027 = CARTESIAN_POINT('',(9.462656157453E-04,0.119996269031));
#2028 = CARTESIAN_POINT('',(9.380311483895E-03,0.234796380418));
#2029 = ( GEOMETRIC_REPRESENTATION_CONTEXT(2) 
PARAMETRIC_REPRESENTATION_CONTEXT() REPRESENTATION_CONTEXT('2D SPACE',''
  ) );
#2030 = ORIENTED_EDGE('',*,*,#112,.F.);
#2031 = ADVANCED_FACE('',(#2032),#214,.F.);
#2032 = FACE_BOUND('',#2033,.T.);
#2033 = EDGE_LOOP('',(#2034,#2035,#2036,#2057,#2078,#2099,#2120,#2141,
    #2162,#2183,#2204,#2225,#2246,#2267,#2290,#2311,#2332,#2353,#2374,
    #2395,#2416,#2437,#2458,#2479,#2500,#2521,#2542,#2563));
#2034 = ORIENTED_EDGE('',*,*,#199,.T.);
#2035 = ORIENTED_EDGE('',*,*,#2012,.T.);
#2036 = ORIENTED_EDGE('',*,*,#2037,.T.);
#2037 = EDGE_CURVE('',#1971,#2038,#2040,.T.);
#2038 = VERTEX_POINT('',#2039);
#2039 = CARTESIAN_POINT('',(1.857683284073,7.44776075969,-46.27950591363
    ));
#2040 = SURFACE_CURVE('',#2041,(#2044,#2050),.PCURVE_S1.);
#2041 = B_SPLINE_CURVE_WITH_KNOTS('',1,(#2042,#2043),.UNSPECIFIED.,.F.,
  .F.,(2,2),(2.,3.),.PIECEWISE_BEZIER_KNOTS.);
#2042 = CARTESIAN_POINT('',(1.835810878413,7.334863049154,
    -46.27441636252));
#2043 = CARTESIAN_POINT('',(1.857683284073,7.44776075969,-46.27950591363
    ));
#2044 = PCURVE('',#214,#2045);
#2045 = DEFINITIONAL_REPRESENTATION('',(#2046),#2049);
#2046 = B_SPLINE_CURVE_WITH_KNOTS('',1,(#2047,#2048),.UNSPECIFIED.,.F.,
  .F.,(2,2),(2.,3.),.PIECEWISE_BEZIER_KNOTS.);
#2047 = CARTESIAN_POINT('',(9.380311483895E-03,0.234796380418));
#2048 = CARTESIAN_POINT('',(3.272662432627E-02,0.347513497046));
#2049 = ( GEOMETRIC_REPRESENTATION_CONTEXT(2) 
PARAMETRIC_REPRESENTATION_CONTEXT() REPRESENTATION_CONTEXT('2D SPACE',''
  ) );
#2050 = PCURVE('',#1895,#2051);
#2051 = DEFINITIONAL_REPRESENTATION('',(#2052),#2056);
#2052 = LINE('',#2053,#2054);
#2053 = CARTESIAN_POINT('',(0.,1.));
#2054 = VECTOR('',#2055,1.);
#2055 = DIRECTION('',(1.,0.));
#2056 = ( GEOMETRIC_REPRESENTATION_CONTEXT(2) 
PARAMETRIC_REPRESENTATION_CONTEXT() REPRESENTATION_CONTEXT('2D SPACE',''
  ) );
#2057 = ORIENTED_EDGE('',*,*,#2058,.T.);
#2058 = EDGE_CURVE('',#2038,#2059,#2061,.T.);
#2059 = VERTEX_POINT('',#2060);
#2060 = CARTESIAN_POINT('',(1.893721229511,7.556761420481,
    -46.28789168372));
#2061 = SURFACE_CURVE('',#2062,(#2065,#2071),.PCURVE_S1.);
#2062 = B_SPLINE_CURVE_WITH_KNOTS('',1,(#2063,#2064),.UNSPECIFIED.,.F.,
  .F.,(2,2),(3.,4.),.PIECEWISE_BEZIER_KNOTS.);
#2063 = CARTESIAN_POINT('',(1.857683284073,7.44776075969,-46.27950591363
    ));
#2064 = CARTESIAN_POINT('',(1.893721229511,7.556761420481,
    -46.28789168372));
#2065 = PCURVE('',#214,#2066);
#2066 = DEFINITIONAL_REPRESENTATION('',(#2067),#2070);
#2067 = B_SPLINE_CURVE_WITH_KNOTS('',1,(#2068,#2069),.UNSPECIFIED.,.F.,
  .F.,(2,2),(3.,4.),.PIECEWISE_BEZIER_KNOTS.);
#2068 = CARTESIAN_POINT('',(3.272662432627E-02,0.347513497046));
#2069 = CARTESIAN_POINT('',(7.058574225734E-02,0.456218997798));
#2070 = ( GEOMETRIC_REPRESENTATION_CONTEXT(2) 
PARAMETRIC_REPRESENTATION_CONTEXT() REPRESENTATION_CONTEXT('2D SPACE',''
  ) );
#2071 = PCURVE('',#1829,#2072);
#2072 = DEFINITIONAL_REPRESENTATION('',(#2073),#2077);
#2073 = LINE('',#2074,#2075);
#2074 = CARTESIAN_POINT('',(0.,1.));
#2075 = VECTOR('',#2076,1.);
#2076 = DIRECTION('',(1.,0.));
#2077 = ( GEOMETRIC_REPRESENTATION_CONTEXT(2) 
PARAMETRIC_REPRESENTATION_CONTEXT() REPRESENTATION_CONTEXT('2D SPACE',''
  ) );
#2078 = ORIENTED_EDGE('',*,*,#2079,.T.);
#2079 = EDGE_CURVE('',#2059,#2080,#2082,.T.);
#2080 = VERTEX_POINT('',#2081);
#2081 = CARTESIAN_POINT('',(1.943308095488,7.66,-46.29943018994));
#2082 = SURFACE_CURVE('',#2083,(#2086,#2092),.PCURVE_S1.);
#2083 = B_SPLINE_CURVE_WITH_KNOTS('',1,(#2084,#2085),.UNSPECIFIED.,.F.,
  .F.,(2,2),(4.,5.),.PIECEWISE_BEZIER_KNOTS.);
#2084 = CARTESIAN_POINT('',(1.893721229511,7.556761420481,
    -46.28789168372));
#2085 = CARTESIAN_POINT('',(1.943308095488,7.66,-46.29943018994));
#2086 = PCURVE('',#214,#2087);
#2087 = DEFINITIONAL_REPRESENTATION('',(#2088),#2091);
#2088 = B_SPLINE_CURVE_WITH_KNOTS('',1,(#2089,#2090),.UNSPECIFIED.,.F.,
  .F.,(2,2),(4.,5.),.PIECEWISE_BEZIER_KNOTS.);
#2089 = CARTESIAN_POINT('',(7.058574225734E-02,0.456218997798));
#2090 = CARTESIAN_POINT('',(0.122309885273,0.559052901417));
#2091 = ( GEOMETRIC_REPRESENTATION_CONTEXT(2) 
PARAMETRIC_REPRESENTATION_CONTEXT() REPRESENTATION_CONTEXT('2D SPACE',''
  ) );
#2092 = PCURVE('',#1763,#2093);
#2093 = DEFINITIONAL_REPRESENTATION('',(#2094),#2098);
#2094 = LINE('',#2095,#2096);
#2095 = CARTESIAN_POINT('',(0.,1.));
#2096 = VECTOR('',#2097,1.);
#2097 = DIRECTION('',(1.,0.));
#2098 = ( GEOMETRIC_REPRESENTATION_CONTEXT(2) 
PARAMETRIC_REPRESENTATION_CONTEXT() REPRESENTATION_CONTEXT('2D SPACE',''
  ) );
#2099 = ORIENTED_EDGE('',*,*,#2100,.T.);
#2100 = EDGE_CURVE('',#2080,#2101,#2103,.T.);
#2101 = VERTEX_POINT('',#2102);
#2102 = CARTESIAN_POINT('',(2.005595436981,7.755710057528,
    -46.31392400524));
#2103 = SURFACE_CURVE('',#2104,(#2107,#2113),.PCURVE_S1.);
#2104 = B_SPLINE_CURVE_WITH_KNOTS('',1,(#2105,#2106),.UNSPECIFIED.,.F.,
  .F.,(2,2),(5.,6.),.PIECEWISE_BEZIER_KNOTS.);
#2105 = CARTESIAN_POINT('',(1.943308095488,7.66,-46.29943018994));
#2106 = CARTESIAN_POINT('',(2.005595436981,7.755710057528,
    -46.31392400524));
#2107 = PCURVE('',#214,#2108);
#2108 = DEFINITIONAL_REPRESENTATION('',(#2109),#2112);
#2109 = B_SPLINE_CURVE_WITH_KNOTS('',1,(#2110,#2111),.UNSPECIFIED.,.F.,
  .F.,(2,2),(5.,6.),.PIECEWISE_BEZIER_KNOTS.);
#2110 = CARTESIAN_POINT('',(0.122309885273,0.559052901417));
#2111 = CARTESIAN_POINT('',(0.187014038945,0.654255691302));
#2112 = ( GEOMETRIC_REPRESENTATION_CONTEXT(2) 
PARAMETRIC_REPRESENTATION_CONTEXT() REPRESENTATION_CONTEXT('2D SPACE',''
  ) );
#2113 = PCURVE('',#1697,#2114);
#2114 = DEFINITIONAL_REPRESENTATION('',(#2115),#2119);
#2115 = LINE('',#2116,#2117);
#2116 = CARTESIAN_POINT('',(0.,1.));
#2117 = VECTOR('',#2118,1.);
#2118 = DIRECTION('',(1.,0.));
#2119 = ( GEOMETRIC_REPRESENTATION_CONTEXT(2) 
PARAMETRIC_REPRESENTATION_CONTEXT() REPRESENTATION_CONTEXT('2D SPACE',''
  ) );
#2120 = ORIENTED_EDGE('',*,*,#2121,.T.);
#2121 = EDGE_CURVE('',#2101,#2122,#2124,.T.);
#2122 = VERTEX_POINT('',#2123);
#2123 = CARTESIAN_POINT('',(2.079517500306,7.842253967444,
    -46.33112513644));
#2124 = SURFACE_CURVE('',#2125,(#2128,#2134),.PCURVE_S1.);
#2125 = B_SPLINE_CURVE_WITH_KNOTS('',1,(#2126,#2127),.UNSPECIFIED.,.F.,
  .F.,(2,2),(6.,7.),.PIECEWISE_BEZIER_KNOTS.);
#2126 = CARTESIAN_POINT('',(2.005595436981,7.755710057528,
    -46.31392400524));
#2127 = CARTESIAN_POINT('',(2.079517500306,7.842253967444,
    -46.33112513644));
#2128 = PCURVE('',#214,#2129);
#2129 = DEFINITIONAL_REPRESENTATION('',(#2130),#2133);
#2130 = B_SPLINE_CURVE_WITH_KNOTS('',1,(#2131,#2132),.UNSPECIFIED.,.F.,
  .F.,(2,2),(6.,7.),.PIECEWISE_BEZIER_KNOTS.);
#2131 = CARTESIAN_POINT('',(0.187014038945,0.654255691302));
#2132 = CARTESIAN_POINT('',(0.263591097265,0.740198421322));
#2133 = ( GEOMETRIC_REPRESENTATION_CONTEXT(2) 
PARAMETRIC_REPRESENTATION_CONTEXT() REPRESENTATION_CONTEXT('2D SPACE',''
  ) );
#2134 = PCURVE('',#1631,#2135);
#2135 = DEFINITIONAL_REPRESENTATION('',(#2136),#2140);
#2136 = LINE('',#2137,#2138);
#2137 = CARTESIAN_POINT('',(0.,1.));
#2138 = VECTOR('',#2139,1.);
#2139 = DIRECTION('',(1.,0.));
#2140 = ( GEOMETRIC_REPRESENTATION_CONTEXT(2) 
PARAMETRIC_REPRESENTATION_CONTEXT() REPRESENTATION_CONTEXT('2D SPACE',''
  ) );
#2141 = ORIENTED_EDGE('',*,*,#2142,.T.);
#2142 = EDGE_CURVE('',#2122,#2143,#2145,.T.);
#2143 = VERTEX_POINT('',#2144);
#2144 = CARTESIAN_POINT('',(2.163809458464,7.918150939456,-46.3507392674
    ));
#2145 = SURFACE_CURVE('',#2146,(#2149,#2155),.PCURVE_S1.);
#2146 = B_SPLINE_CURVE_WITH_KNOTS('',1,(#2147,#2148),.UNSPECIFIED.,.F.,
  .F.,(2,2),(7.,8.),.PIECEWISE_BEZIER_KNOTS.);
#2147 = CARTESIAN_POINT('',(2.079517500306,7.842253967444,
    -46.33112513644));
#2148 = CARTESIAN_POINT('',(2.163809458464,7.918150939456,-46.3507392674
    ));
#2149 = PCURVE('',#214,#2150);
#2150 = DEFINITIONAL_REPRESENTATION('',(#2151),#2154);
#2151 = B_SPLINE_CURVE_WITH_KNOTS('',1,(#2152,#2153),.UNSPECIFIED.,.F.,
  .F.,(2,2),(7.,8.),.PIECEWISE_BEZIER_KNOTS.);
#2152 = CARTESIAN_POINT('',(0.263591097265,0.740198421322));
#2153 = CARTESIAN_POINT('',(0.350730805534,0.815410587539));
#2154 = ( GEOMETRIC_REPRESENTATION_CONTEXT(2) 
PARAMETRIC_REPRESENTATION_CONTEXT() REPRESENTATION_CONTEXT('2D SPACE',''
  ) );
#2155 = PCURVE('',#1565,#2156);
#2156 = DEFINITIONAL_REPRESENTATION('',(#2157),#2161);
#2157 = LINE('',#2158,#2159);
#2158 = CARTESIAN_POINT('',(0.,1.));
#2159 = VECTOR('',#2160,1.);
#2160 = DIRECTION('',(1.,0.));
#2161 = ( GEOMETRIC_REPRESENTATION_CONTEXT(2) 
PARAMETRIC_REPRESENTATION_CONTEXT() REPRESENTATION_CONTEXT('2D SPACE',''
  ) );
#2162 = ORIENTED_EDGE('',*,*,#2163,.T.);
#2163 = EDGE_CURVE('',#2143,#2164,#2166,.T.);
#2164 = VERTEX_POINT('',#2165);
#2165 = CARTESIAN_POINT('',(2.257029052683,7.98210235533,-46.37243079491
    ));
#2166 = SURFACE_CURVE('',#2167,(#2170,#2176),.PCURVE_S1.);
#2167 = B_SPLINE_CURVE_WITH_KNOTS('',1,(#2168,#2169),.UNSPECIFIED.,.F.,
  .F.,(2,2),(8.,9.),.PIECEWISE_BEZIER_KNOTS.);
#2168 = CARTESIAN_POINT('',(2.163809458464,7.918150939456,-46.3507392674
    ));
#2169 = CARTESIAN_POINT('',(2.257029052683,7.98210235533,-46.37243079491
    ));
#2170 = PCURVE('',#214,#2171);
#2171 = DEFINITIONAL_REPRESENTATION('',(#2172),#2175);
#2172 = B_SPLINE_CURVE_WITH_KNOTS('',1,(#2173,#2174),.UNSPECIFIED.,.F.,
  .F.,(2,2),(8.,9.),.PIECEWISE_BEZIER_KNOTS.);
#2173 = CARTESIAN_POINT('',(0.350730805534,0.815410587539));
#2174 = CARTESIAN_POINT('',(0.446942179184,0.878605288935));
#2175 = ( GEOMETRIC_REPRESENTATION_CONTEXT(2) 
PARAMETRIC_REPRESENTATION_CONTEXT() REPRESENTATION_CONTEXT('2D SPACE',''
  ) );
#2176 = PCURVE('',#1499,#2177);
#2177 = DEFINITIONAL_REPRESENTATION('',(#2178),#2182);
#2178 = LINE('',#2179,#2180);
#2179 = CARTESIAN_POINT('',(0.,1.));
#2180 = VECTOR('',#2181,1.);
#2181 = DIRECTION('',(1.,0.));
#2182 = ( GEOMETRIC_REPRESENTATION_CONTEXT(2) 
PARAMETRIC_REPRESENTATION_CONTEXT() REPRESENTATION_CONTEXT('2D SPACE',''
  ) );
#2183 = ORIENTED_EDGE('',*,*,#2184,.T.);
#2184 = EDGE_CURVE('',#2164,#2185,#2187,.T.);
#2185 = VERTEX_POINT('',#2186);
#2186 = CARTESIAN_POINT('',(2.357581269859,8.03301398861,-46.39582857091
    ));
#2187 = SURFACE_CURVE('',#2188,(#2191,#2197),.PCURVE_S1.);
#2188 = B_SPLINE_CURVE_WITH_KNOTS('',1,(#2189,#2190),.UNSPECIFIED.,.F.,
  .F.,(2,2),(9.,10.),.PIECEWISE_BEZIER_KNOTS.);
#2189 = CARTESIAN_POINT('',(2.257029052683,7.98210235533,-46.37243079491
    ));
#2190 = CARTESIAN_POINT('',(2.357581269859,8.03301398861,-46.39582857091
    ));
#2191 = PCURVE('',#214,#2192);
#2192 = DEFINITIONAL_REPRESENTATION('',(#2193),#2196);
#2193 = B_SPLINE_CURVE_WITH_KNOTS('',1,(#2194,#2195),.UNSPECIFIED.,.F.,
  .F.,(2,2),(9.,10.),.PIECEWISE_BEZIER_KNOTS.);
#2194 = CARTESIAN_POINT('',(0.446942179184,0.878605288935));
#2195 = CARTESIAN_POINT('',(0.550579014937,0.928701246651));
#2196 = ( GEOMETRIC_REPRESENTATION_CONTEXT(2) 
PARAMETRIC_REPRESENTATION_CONTEXT() REPRESENTATION_CONTEXT('2D SPACE',''
  ) );
#2197 = PCURVE('',#1433,#2198);
#2198 = DEFINITIONAL_REPRESENTATION('',(#2199),#2203);
#2199 = LINE('',#2200,#2201);
#2200 = CARTESIAN_POINT('',(0.,1.));
#2201 = VECTOR('',#2202,1.);
#2202 = DIRECTION('',(1.,0.));
#2203 = ( GEOMETRIC_REPRESENTATION_CONTEXT(2) 
PARAMETRIC_REPRESENTATION_CONTEXT() REPRESENTATION_CONTEXT('2D SPACE',''
  ) );
#2204 = ORIENTED_EDGE('',*,*,#2205,.T.);
#2205 = EDGE_CURVE('',#2185,#2206,#2208,.T.);
#2206 = VERTEX_POINT('',#2207);
#2207 = CARTESIAN_POINT('',(2.463745633678,8.070014727134,
    -46.42053225298));
#2208 = SURFACE_CURVE('',#2209,(#2212,#2218),.PCURVE_S1.);
#2209 = B_SPLINE_CURVE_WITH_KNOTS('',1,(#2210,#2211),.UNSPECIFIED.,.F.,
  .F.,(2,2),(10.,11.),.PIECEWISE_BEZIER_KNOTS.);
#2210 = CARTESIAN_POINT('',(2.357581269859,8.03301398861,-46.39582857091
    ));
#2211 = CARTESIAN_POINT('',(2.463745633678,8.070014727134,
    -46.42053225298));
#2212 = PCURVE('',#214,#2213);
#2213 = DEFINITIONAL_REPRESENTATION('',(#2214),#2217);
#2214 = B_SPLINE_CURVE_WITH_KNOTS('',1,(#2215,#2216),.UNSPECIFIED.,.F.,
  .F.,(2,2),(10.,11.),.PIECEWISE_BEZIER_KNOTS.);
#2215 = CARTESIAN_POINT('',(0.550579014937,0.928701246651));
#2216 = CARTESIAN_POINT('',(0.659868057799,0.964841304958));
#2217 = ( GEOMETRIC_REPRESENTATION_CONTEXT(2) 
PARAMETRIC_REPRESENTATION_CONTEXT() REPRESENTATION_CONTEXT('2D SPACE',''
  ) );
#2218 = PCURVE('',#1367,#2219);
#2219 = DEFINITIONAL_REPRESENTATION('',(#2220),#2224);
#2220 = LINE('',#2221,#2222);
#2221 = CARTESIAN_POINT('',(0.,1.));
#2222 = VECTOR('',#2223,1.);
#2223 = DIRECTION('',(1.,0.));
#2224 = ( GEOMETRIC_REPRESENTATION_CONTEXT(2) 
PARAMETRIC_REPRESENTATION_CONTEXT() REPRESENTATION_CONTEXT('2D SPACE',''
  ) );
#2225 = ORIENTED_EDGE('',*,*,#2226,.T.);
#2226 = EDGE_CURVE('',#2206,#2227,#2229,.T.);
#2227 = VERTEX_POINT('',#2228);
#2228 = CARTESIAN_POINT('',(2.573705642441,8.092471478009,
    -46.44611915427));
#2229 = SURFACE_CURVE('',#2230,(#2233,#2239),.PCURVE_S1.);
#2230 = B_SPLINE_CURVE_WITH_KNOTS('',1,(#2231,#2232),.UNSPECIFIED.,.F.,
  .F.,(2,2),(11.,12.),.PIECEWISE_BEZIER_KNOTS.);
#2231 = CARTESIAN_POINT('',(2.463745633678,8.070014727134,
    -46.42053225298));
#2232 = CARTESIAN_POINT('',(2.573705642441,8.092471478009,
    -46.44611915427));
#2233 = PCURVE('',#214,#2234);
#2234 = DEFINITIONAL_REPRESENTATION('',(#2235),#2238);
#2235 = B_SPLINE_CURVE_WITH_KNOTS('',1,(#2236,#2237),.UNSPECIFIED.,.F.,
  .F.,(2,2),(11.,12.),.PIECEWISE_BEZIER_KNOTS.);
#2236 = CARTESIAN_POINT('',(0.659868057799,0.964841304958));
#2237 = CARTESIAN_POINT('',(0.772939341947,0.986407097441));
#2238 = ( GEOMETRIC_REPRESENTATION_CONTEXT(2) 
PARAMETRIC_REPRESENTATION_CONTEXT() REPRESENTATION_CONTEXT('2D SPACE',''
  ) );
#2239 = PCURVE('',#1301,#2240);
#2240 = DEFINITIONAL_REPRESENTATION('',(#2241),#2245);
#2241 = LINE('',#2242,#2243);
#2242 = CARTESIAN_POINT('',(0.,1.));
#2243 = VECTOR('',#2244,1.);
#2244 = DIRECTION('',(1.,0.));
#2245 = ( GEOMETRIC_REPRESENTATION_CONTEXT(2) 
PARAMETRIC_REPRESENTATION_CONTEXT() REPRESENTATION_CONTEXT('2D SPACE',''
  ) );
#2246 = ORIENTED_EDGE('',*,*,#2247,.T.);
#2247 = EDGE_CURVE('',#2227,#2248,#2250,.T.);
#2248 = VERTEX_POINT('',#2249);
#2249 = CARTESIAN_POINT('',(2.685579849911,8.1,-46.47215147579));
#2250 = SURFACE_CURVE('',#2251,(#2254,#2260),.PCURVE_S1.);
#2251 = B_SPLINE_CURVE_WITH_KNOTS('',1,(#2252,#2253),.UNSPECIFIED.,.F.,
  .F.,(2,2),(12.,13.),.PIECEWISE_BEZIER_KNOTS.);
#2252 = CARTESIAN_POINT('',(2.573705642441,8.092471478009,
    -46.44611915427));
#2253 = CARTESIAN_POINT('',(2.685579849911,8.1,-46.47215147579));
#2254 = PCURVE('',#214,#2255);
#2255 = DEFINITIONAL_REPRESENTATION('',(#2256),#2259);
#2256 = B_SPLINE_CURVE_WITH_KNOTS('',1,(#2257,#2258),.UNSPECIFIED.,.F.,
  .F.,(2,2),(12.,13.),.PIECEWISE_BEZIER_KNOTS.);
#2257 = CARTESIAN_POINT('',(0.772939341947,0.986407097441));
#2258 = CARTESIAN_POINT('',(0.887858186359,0.99302962741));
#2259 = ( GEOMETRIC_REPRESENTATION_CONTEXT(2) 
PARAMETRIC_REPRESENTATION_CONTEXT() REPRESENTATION_CONTEXT('2D SPACE',''
  ) );
#2260 = PCURVE('',#1235,#2261);
#2261 = DEFINITIONAL_REPRESENTATION('',(#2262),#2266);
#2262 = LINE('',#2263,#2264);
#2263 = CARTESIAN_POINT('',(0.,1.));
#2264 = VECTOR('',#2265,1.);
#2265 = DIRECTION('',(1.,0.));
#2266 = ( GEOMETRIC_REPRESENTATION_CONTEXT(2) 
PARAMETRIC_REPRESENTATION_CONTEXT() REPRESENTATION_CONTEXT('2D SPACE',''
  ) );
#2267 = ORIENTED_EDGE('',*,*,#2268,.F.);
#2268 = EDGE_CURVE('',#2269,#2248,#2271,.T.);
#2269 = VERTEX_POINT('',#2270);
#2270 = CARTESIAN_POINT('',(15.79265148988,8.1,-49.52207255112));
#2271 = SURFACE_CURVE('',#2272,(#2276,#2283),.PCURVE_S1.);
#2272 = LINE('',#2273,#2274);
#2273 = CARTESIAN_POINT('',(15.79265148988,8.1,-49.52207255112));
#2274 = VECTOR('',#2275,1.);
#2275 = DIRECTION('',(-0.973979084608,0.,0.226637911096));
#2276 = PCURVE('',#214,#2277);
#2277 = DEFINITIONAL_REPRESENTATION('',(#2278),#2282);
#2278 = LINE('',#2279,#2280);
#2279 = CARTESIAN_POINT('',(14.344681161094,0.886911920744));
#2280 = VECTOR('',#2281,1.);
#2281 = DIRECTION('',(-0.999968908593,7.885546797874E-03));
#2282 = ( GEOMETRIC_REPRESENTATION_CONTEXT(2) 
PARAMETRIC_REPRESENTATION_CONTEXT() REPRESENTATION_CONTEXT('2D SPACE',''
  ) );
#2283 = PCURVE('',#1209,#2284);
#2284 = DEFINITIONAL_REPRESENTATION('',(#2285),#2289);
#2285 = LINE('',#2286,#2287);
#2286 = CARTESIAN_POINT('',(11.856337502661,26.745465170779));
#2287 = VECTOR('',#2288,1.);
#2288 = DIRECTION('',(-0.970772200105,-0.240002782283));
#2289 = ( GEOMETRIC_REPRESENTATION_CONTEXT(2) 
PARAMETRIC_REPRESENTATION_CONTEXT() REPRESENTATION_CONTEXT('2D SPACE',''
  ) );
#2290 = ORIENTED_EDGE('',*,*,#2291,.T.);
#2291 = EDGE_CURVE('',#2269,#2292,#2294,.T.);
#2292 = VERTEX_POINT('',#2293);
#2293 = CARTESIAN_POINT('',(15.90452569735,8.092471478009,
    -49.54810487264));
#2294 = SURFACE_CURVE('',#2295,(#2298,#2304),.PCURVE_S1.);
#2295 = B_SPLINE_CURVE_WITH_KNOTS('',1,(#2296,#2297),.UNSPECIFIED.,.F.,
  .F.,(2,2),(29.,30.),.PIECEWISE_BEZIER_KNOTS.);
#2296 = CARTESIAN_POINT('',(15.79265148988,8.1,-49.52207255112));
#2297 = CARTESIAN_POINT('',(15.90452569735,8.092471478009,
    -49.54810487264));
#2298 = PCURVE('',#214,#2299);
#2299 = DEFINITIONAL_REPRESENTATION('',(#2300),#2303);
#2300 = B_SPLINE_CURVE_WITH_KNOTS('',1,(#2301,#2302),.UNSPECIFIED.,.F.,
  .F.,(2,2),(29.,30.),.PIECEWISE_BEZIER_KNOTS.);
#2301 = CARTESIAN_POINT('',(14.344681161094,0.886911920744));
#2302 = CARTESIAN_POINT('',(14.459481272482,0.878477874875));
#2303 = ( GEOMETRIC_REPRESENTATION_CONTEXT(2) 
PARAMETRIC_REPRESENTATION_CONTEXT() REPRESENTATION_CONTEXT('2D SPACE',''
  ) );
#2304 = PCURVE('',#1141,#2305);
#2305 = DEFINITIONAL_REPRESENTATION('',(#2306),#2310);
#2306 = LINE('',#2307,#2308);
#2307 = CARTESIAN_POINT('',(0.,1.));
#2308 = VECTOR('',#2309,1.);
#2309 = DIRECTION('',(1.,0.));
#2310 = ( GEOMETRIC_REPRESENTATION_CONTEXT(2) 
PARAMETRIC_REPRESENTATION_CONTEXT() REPRESENTATION_CONTEXT('2D SPACE',''
  ) );
#2311 = ORIENTED_EDGE('',*,*,#2312,.T.);
#2312 = EDGE_CURVE('',#2292,#2313,#2315,.T.);
#2313 = VERTEX_POINT('',#2314);
#2314 = CARTESIAN_POINT('',(16.014485706113,8.070014727134,
    -49.57369177392));
#2315 = SURFACE_CURVE('',#2316,(#2319,#2325),.PCURVE_S1.);
#2316 = B_SPLINE_CURVE_WITH_KNOTS('',1,(#2317,#2318),.UNSPECIFIED.,.F.,
  .F.,(2,2),(30.,31.),.PIECEWISE_BEZIER_KNOTS.);
#2317 = CARTESIAN_POINT('',(15.90452569735,8.092471478009,
    -49.54810487264));
#2318 = CARTESIAN_POINT('',(16.014485706113,8.070014727134,
    -49.57369177392));
#2319 = PCURVE('',#214,#2320);
#2320 = DEFINITIONAL_REPRESENTATION('',(#2321),#2324);
#2321 = B_SPLINE_CURVE_WITH_KNOTS('',1,(#2322,#2323),.UNSPECIFIED.,.F.,
  .F.,(2,2),(30.,31.),.PIECEWISE_BEZIER_KNOTS.);
#2322 = CARTESIAN_POINT('',(14.459481272482,0.878477874875));
#2323 = CARTESIAN_POINT('',(14.572198389109,0.855131562033));
#2324 = ( GEOMETRIC_REPRESENTATION_CONTEXT(2) 
PARAMETRIC_REPRESENTATION_CONTEXT() REPRESENTATION_CONTEXT('2D SPACE',''
  ) );
#2325 = PCURVE('',#1075,#2326);
#2326 = DEFINITIONAL_REPRESENTATION('',(#2327),#2331);
#2327 = LINE('',#2328,#2329);
#2328 = CARTESIAN_POINT('',(0.,1.));
#2329 = VECTOR('',#2330,1.);
#2330 = DIRECTION('',(1.,0.));
#2331 = ( GEOMETRIC_REPRESENTATION_CONTEXT(2) 
PARAMETRIC_REPRESENTATION_CONTEXT() REPRESENTATION_CONTEXT('2D SPACE',''
  ) );
#2332 = ORIENTED_EDGE('',*,*,#2333,.T.);
#2333 = EDGE_CURVE('',#2313,#2334,#2336,.T.);
#2334 = VERTEX_POINT('',#2335);
#2335 = CARTESIAN_POINT('',(16.120650069932,8.03301398861,
    -49.59839545599));
#2336 = SURFACE_CURVE('',#2337,(#2340,#2346),.PCURVE_S1.);
#2337 = B_SPLINE_CURVE_WITH_KNOTS('',1,(#2338,#2339),.UNSPECIFIED.,.F.,
  .F.,(2,2),(31.,32.),.PIECEWISE_BEZIER_KNOTS.);
#2338 = CARTESIAN_POINT('',(16.014485706113,8.070014727134,
    -49.57369177392));
#2339 = CARTESIAN_POINT('',(16.120650069932,8.03301398861,
    -49.59839545599));
#2340 = PCURVE('',#214,#2341);
#2341 = DEFINITIONAL_REPRESENTATION('',(#2342),#2345);
#2342 = B_SPLINE_CURVE_WITH_KNOTS('',1,(#2343,#2344),.UNSPECIFIED.,.F.,
  .F.,(2,2),(31.,32.),.PIECEWISE_BEZIER_KNOTS.);
#2343 = CARTESIAN_POINT('',(14.572198389109,0.855131562033));
#2344 = CARTESIAN_POINT('',(14.680903889861,0.817272444102));
#2345 = ( GEOMETRIC_REPRESENTATION_CONTEXT(2) 
PARAMETRIC_REPRESENTATION_CONTEXT() REPRESENTATION_CONTEXT('2D SPACE',''
  ) );
#2346 = PCURVE('',#1009,#2347);
#2347 = DEFINITIONAL_REPRESENTATION('',(#2348),#2352);
#2348 = LINE('',#2349,#2350);
#2349 = CARTESIAN_POINT('',(0.,1.));
#2350 = VECTOR('',#2351,1.);
#2351 = DIRECTION('',(1.,0.));
#2352 = ( GEOMETRIC_REPRESENTATION_CONTEXT(2) 
PARAMETRIC_REPRESENTATION_CONTEXT() REPRESENTATION_CONTEXT('2D SPACE',''
  ) );
#2353 = ORIENTED_EDGE('',*,*,#2354,.T.);
#2354 = EDGE_CURVE('',#2334,#2355,#2357,.T.);
#2355 = VERTEX_POINT('',#2356);
#2356 = CARTESIAN_POINT('',(16.221202287108,7.98210235533,-49.621793232)
  );
#2357 = SURFACE_CURVE('',#2358,(#2361,#2367),.PCURVE_S1.);
#2358 = B_SPLINE_CURVE_WITH_KNOTS('',1,(#2359,#2360),.UNSPECIFIED.,.F.,
  .F.,(2,2),(32.,33.),.PIECEWISE_BEZIER_KNOTS.);
#2359 = CARTESIAN_POINT('',(16.120650069932,8.03301398861,
    -49.59839545599));
#2360 = CARTESIAN_POINT('',(16.221202287108,7.98210235533,-49.621793232)
  );
#2361 = PCURVE('',#214,#2362);
#2362 = DEFINITIONAL_REPRESENTATION('',(#2363),#2366);
#2363 = B_SPLINE_CURVE_WITH_KNOTS('',1,(#2364,#2365),.UNSPECIFIED.,.F.,
  .F.,(2,2),(32.,33.),.PIECEWISE_BEZIER_KNOTS.);
#2364 = CARTESIAN_POINT('',(14.680903889861,0.817272444102));
#2365 = CARTESIAN_POINT('',(14.783737793481,0.765548301086));
#2366 = ( GEOMETRIC_REPRESENTATION_CONTEXT(2) 
PARAMETRIC_REPRESENTATION_CONTEXT() REPRESENTATION_CONTEXT('2D SPACE',''
  ) );
#2367 = PCURVE('',#943,#2368);
#2368 = DEFINITIONAL_REPRESENTATION('',(#2369),#2373);
#2369 = LINE('',#2370,#2371);
#2370 = CARTESIAN_POINT('',(0.,1.));
#2371 = VECTOR('',#2372,1.);
#2372 = DIRECTION('',(1.,0.));
#2373 = ( GEOMETRIC_REPRESENTATION_CONTEXT(2) 
PARAMETRIC_REPRESENTATION_CONTEXT() REPRESENTATION_CONTEXT('2D SPACE',''
  ) );
#2374 = ORIENTED_EDGE('',*,*,#2375,.T.);
#2375 = EDGE_CURVE('',#2355,#2376,#2378,.T.);
#2376 = VERTEX_POINT('',#2377);
#2377 = CARTESIAN_POINT('',(16.314421881326,7.918150939456,
    -49.64348475951));
#2378 = SURFACE_CURVE('',#2379,(#2382,#2388),.PCURVE_S1.);
#2379 = B_SPLINE_CURVE_WITH_KNOTS('',1,(#2380,#2381),.UNSPECIFIED.,.F.,
  .F.,(2,2),(33.,34.),.PIECEWISE_BEZIER_KNOTS.);
#2380 = CARTESIAN_POINT('',(16.221202287108,7.98210235533,-49.621793232)
  );
#2381 = CARTESIAN_POINT('',(16.314421881326,7.918150939456,
    -49.64348475951));
#2382 = PCURVE('',#214,#2383);
#2383 = DEFINITIONAL_REPRESENTATION('',(#2384),#2387);
#2384 = B_SPLINE_CURVE_WITH_KNOTS('',1,(#2385,#2386),.UNSPECIFIED.,.F.,
  .F.,(2,2),(33.,34.),.PIECEWISE_BEZIER_KNOTS.);
#2385 = CARTESIAN_POINT('',(14.783737793481,0.765548301086));
#2386 = CARTESIAN_POINT('',(14.878940583365,0.700844147414));
#2387 = ( GEOMETRIC_REPRESENTATION_CONTEXT(2) 
PARAMETRIC_REPRESENTATION_CONTEXT() REPRESENTATION_CONTEXT('2D SPACE',''
  ) );
#2388 = PCURVE('',#877,#2389);
#2389 = DEFINITIONAL_REPRESENTATION('',(#2390),#2394);
#2390 = LINE('',#2391,#2392);
#2391 = CARTESIAN_POINT('',(0.,1.));
#2392 = VECTOR('',#2393,1.);
#2393 = DIRECTION('',(1.,0.));
#2394 = ( GEOMETRIC_REPRESENTATION_CONTEXT(2) 
PARAMETRIC_REPRESENTATION_CONTEXT() REPRESENTATION_CONTEXT('2D SPACE',''
  ) );
#2395 = ORIENTED_EDGE('',*,*,#2396,.T.);
#2396 = EDGE_CURVE('',#2376,#2397,#2399,.T.);
#2397 = VERTEX_POINT('',#2398);
#2398 = CARTESIAN_POINT('',(16.398713839485,7.842253967444,
    -49.66309889047));
#2399 = SURFACE_CURVE('',#2400,(#2403,#2409),.PCURVE_S1.);
#2400 = B_SPLINE_CURVE_WITH_KNOTS('',1,(#2401,#2402),.UNSPECIFIED.,.F.,
  .F.,(2,2),(34.,35.),.PIECEWISE_BEZIER_KNOTS.);
#2401 = CARTESIAN_POINT('',(16.314421881326,7.918150939456,
    -49.64348475951));
#2402 = CARTESIAN_POINT('',(16.398713839485,7.842253967444,
    -49.66309889047));
#2403 = PCURVE('',#214,#2404);
#2404 = DEFINITIONAL_REPRESENTATION('',(#2405),#2408);
#2405 = B_SPLINE_CURVE_WITH_KNOTS('',1,(#2406,#2407),.UNSPECIFIED.,.F.,
  .F.,(2,2),(34.,35.),.PIECEWISE_BEZIER_KNOTS.);
#2406 = CARTESIAN_POINT('',(14.878940583365,0.700844147414));
#2407 = CARTESIAN_POINT('',(14.964883313385,0.624267089094));
#2408 = ( GEOMETRIC_REPRESENTATION_CONTEXT(2) 
PARAMETRIC_REPRESENTATION_CONTEXT() REPRESENTATION_CONTEXT('2D SPACE',''
  ) );
#2409 = PCURVE('',#811,#2410);
#2410 = DEFINITIONAL_REPRESENTATION('',(#2411),#2415);
#2411 = LINE('',#2412,#2413);
#2412 = CARTESIAN_POINT('',(0.,1.));
#2413 = VECTOR('',#2414,1.);
#2414 = DIRECTION('',(1.,0.));
#2415 = ( GEOMETRIC_REPRESENTATION_CONTEXT(2) 
PARAMETRIC_REPRESENTATION_CONTEXT() REPRESENTATION_CONTEXT('2D SPACE',''
  ) );
#2416 = ORIENTED_EDGE('',*,*,#2417,.T.);
#2417 = EDGE_CURVE('',#2397,#2418,#2420,.T.);
#2418 = VERTEX_POINT('',#2419);
#2419 = CARTESIAN_POINT('',(16.47263590281,7.755710057528,
    -49.68030002167));
#2420 = SURFACE_CURVE('',#2421,(#2424,#2430),.PCURVE_S1.);
#2421 = B_SPLINE_CURVE_WITH_KNOTS('',1,(#2422,#2423),.UNSPECIFIED.,.F.,
  .F.,(2,2),(35.,36.),.PIECEWISE_BEZIER_KNOTS.);
#2422 = CARTESIAN_POINT('',(16.398713839485,7.842253967444,
    -49.66309889047));
#2423 = CARTESIAN_POINT('',(16.47263590281,7.755710057528,
    -49.68030002167));
#2424 = PCURVE('',#214,#2425);
#2425 = DEFINITIONAL_REPRESENTATION('',(#2426),#2429);
#2426 = B_SPLINE_CURVE_WITH_KNOTS('',1,(#2427,#2428),.UNSPECIFIED.,.F.,
  .F.,(2,2),(35.,36.),.PIECEWISE_BEZIER_KNOTS.);
#2427 = CARTESIAN_POINT('',(14.964883313385,0.624267089094));
#2428 = CARTESIAN_POINT('',(15.040095479602,0.537127380825));
#2429 = ( GEOMETRIC_REPRESENTATION_CONTEXT(2) 
PARAMETRIC_REPRESENTATION_CONTEXT() REPRESENTATION_CONTEXT('2D SPACE',''
  ) );
#2430 = PCURVE('',#745,#2431);
#2431 = DEFINITIONAL_REPRESENTATION('',(#2432),#2436);
#2432 = LINE('',#2433,#2434);
#2433 = CARTESIAN_POINT('',(0.,1.));
#2434 = VECTOR('',#2435,1.);
#2435 = DIRECTION('',(1.,0.));
#2436 = ( GEOMETRIC_REPRESENTATION_CONTEXT(2) 
PARAMETRIC_REPRESENTATION_CONTEXT() REPRESENTATION_CONTEXT('2D SPACE',''
  ) );
#2437 = ORIENTED_EDGE('',*,*,#2438,.T.);
#2438 = EDGE_CURVE('',#2418,#2439,#2441,.T.);
#2439 = VERTEX_POINT('',#2440);
#2440 = CARTESIAN_POINT('',(16.534923244302,7.66,-49.69479383697));
#2441 = SURFACE_CURVE('',#2442,(#2445,#2451),.PCURVE_S1.);
#2442 = B_SPLINE_CURVE_WITH_KNOTS('',1,(#2443,#2444),.UNSPECIFIED.,.F.,
  .F.,(2,2),(36.,37.),.PIECEWISE_BEZIER_KNOTS.);
#2443 = CARTESIAN_POINT('',(16.47263590281,7.755710057528,
    -49.68030002167));
#2444 = CARTESIAN_POINT('',(16.534923244302,7.66,-49.69479383697));
#2445 = PCURVE('',#214,#2446);
#2446 = DEFINITIONAL_REPRESENTATION('',(#2447),#2450);
#2447 = B_SPLINE_CURVE_WITH_KNOTS('',1,(#2448,#2449),.UNSPECIFIED.,.F.,
  .F.,(2,2),(36.,37.),.PIECEWISE_BEZIER_KNOTS.);
#2448 = CARTESIAN_POINT('',(15.040095479602,0.537127380825));
#2449 = CARTESIAN_POINT('',(15.103290180999,0.440916007175));
#2450 = ( GEOMETRIC_REPRESENTATION_CONTEXT(2) 
PARAMETRIC_REPRESENTATION_CONTEXT() REPRESENTATION_CONTEXT('2D SPACE',''
  ) );
#2451 = PCURVE('',#679,#2452);
#2452 = DEFINITIONAL_REPRESENTATION('',(#2453),#2457);
#2453 = LINE('',#2454,#2455);
#2454 = CARTESIAN_POINT('',(0.,1.));
#2455 = VECTOR('',#2456,1.);
#2456 = DIRECTION('',(1.,0.));
#2457 = ( GEOMETRIC_REPRESENTATION_CONTEXT(2) 
PARAMETRIC_REPRESENTATION_CONTEXT() REPRESENTATION_CONTEXT('2D SPACE',''
  ) );
#2458 = ORIENTED_EDGE('',*,*,#2459,.T.);
#2459 = EDGE_CURVE('',#2439,#2460,#2462,.T.);
#2460 = VERTEX_POINT('',#2461);
#2461 = CARTESIAN_POINT('',(16.58451011028,7.556761420481,
    -49.70633234319));
#2462 = SURFACE_CURVE('',#2463,(#2466,#2472),.PCURVE_S1.);
#2463 = B_SPLINE_CURVE_WITH_KNOTS('',1,(#2464,#2465),.UNSPECIFIED.,.F.,
  .F.,(2,2),(37.,38.),.PIECEWISE_BEZIER_KNOTS.);
#2464 = CARTESIAN_POINT('',(16.534923244302,7.66,-49.69479383697));
#2465 = CARTESIAN_POINT('',(16.58451011028,7.556761420481,
    -49.70633234319));
#2466 = PCURVE('',#214,#2467);
#2467 = DEFINITIONAL_REPRESENTATION('',(#2468),#2471);
#2468 = B_SPLINE_CURVE_WITH_KNOTS('',1,(#2469,#2470),.UNSPECIFIED.,.F.,
  .F.,(2,2),(37.,38.),.PIECEWISE_BEZIER_KNOTS.);
#2469 = CARTESIAN_POINT('',(15.103290180999,0.440916007175));
#2470 = CARTESIAN_POINT('',(15.153386138714,0.337279171422));
#2471 = ( GEOMETRIC_REPRESENTATION_CONTEXT(2) 
PARAMETRIC_REPRESENTATION_CONTEXT() REPRESENTATION_CONTEXT('2D SPACE',''
  ) );
#2472 = PCURVE('',#613,#2473);
#2473 = DEFINITIONAL_REPRESENTATION('',(#2474),#2478);
#2474 = LINE('',#2475,#2476);
#2475 = CARTESIAN_POINT('',(0.,1.));
#2476 = VECTOR('',#2477,1.);
#2477 = DIRECTION('',(1.,0.));
#2478 = ( GEOMETRIC_REPRESENTATION_CONTEXT(2) 
PARAMETRIC_REPRESENTATION_CONTEXT() REPRESENTATION_CONTEXT('2D SPACE',''
  ) );
#2479 = ORIENTED_EDGE('',*,*,#2480,.T.);
#2480 = EDGE_CURVE('',#2460,#2481,#2483,.T.);
#2481 = VERTEX_POINT('',#2482);
#2482 = CARTESIAN_POINT('',(16.620548055718,7.44776075969,
    -49.71471811328));
#2483 = SURFACE_CURVE('',#2484,(#2487,#2493),.PCURVE_S1.);
#2484 = B_SPLINE_CURVE_WITH_KNOTS('',1,(#2485,#2486),.UNSPECIFIED.,.F.,
  .F.,(2,2),(38.,39.),.PIECEWISE_BEZIER_KNOTS.);
#2485 = CARTESIAN_POINT('',(16.58451011028,7.556761420481,
    -49.70633234319));
#2486 = CARTESIAN_POINT('',(16.620548055718,7.44776075969,
    -49.71471811328));
#2487 = PCURVE('',#214,#2488);
#2488 = DEFINITIONAL_REPRESENTATION('',(#2489),#2492);
#2489 = B_SPLINE_CURVE_WITH_KNOTS('',1,(#2490,#2491),.UNSPECIFIED.,.F.,
  .F.,(2,2),(38.,39.),.PIECEWISE_BEZIER_KNOTS.);
#2490 = CARTESIAN_POINT('',(15.153386138714,0.337279171422));
#2491 = CARTESIAN_POINT('',(15.189526197021,0.22799012856));
#2492 = ( GEOMETRIC_REPRESENTATION_CONTEXT(2) 
PARAMETRIC_REPRESENTATION_CONTEXT() REPRESENTATION_CONTEXT('2D SPACE',''
  ) );
#2493 = PCURVE('',#547,#2494);
#2494 = DEFINITIONAL_REPRESENTATION('',(#2495),#2499);
#2495 = LINE('',#2496,#2497);
#2496 = CARTESIAN_POINT('',(0.,1.));
#2497 = VECTOR('',#2498,1.);
#2498 = DIRECTION('',(1.,0.));
#2499 = ( GEOMETRIC_REPRESENTATION_CONTEXT(2) 
PARAMETRIC_REPRESENTATION_CONTEXT() REPRESENTATION_CONTEXT('2D SPACE',''
  ) );
#2500 = ORIENTED_EDGE('',*,*,#2501,.T.);
#2501 = EDGE_CURVE('',#2481,#2502,#2504,.T.);
#2502 = VERTEX_POINT('',#2503);
#2503 = CARTESIAN_POINT('',(16.642420461378,7.334863049154,
    -49.71980766439));
#2504 = SURFACE_CURVE('',#2505,(#2508,#2514),.PCURVE_S1.);
#2505 = B_SPLINE_CURVE_WITH_KNOTS('',1,(#2506,#2507),.UNSPECIFIED.,.F.,
  .F.,(2,2),(39.,40.),.PIECEWISE_BEZIER_KNOTS.);
#2506 = CARTESIAN_POINT('',(16.620548055718,7.44776075969,
    -49.71471811328));
#2507 = CARTESIAN_POINT('',(16.642420461378,7.334863049154,
    -49.71980766439));
#2508 = PCURVE('',#214,#2509);
#2509 = DEFINITIONAL_REPRESENTATION('',(#2510),#2513);
#2510 = B_SPLINE_CURVE_WITH_KNOTS('',1,(#2511,#2512),.UNSPECIFIED.,.F.,
  .F.,(2,2),(39.,40.),.PIECEWISE_BEZIER_KNOTS.);
#2511 = CARTESIAN_POINT('',(15.189526197021,0.22799012856));
#2512 = CARTESIAN_POINT('',(15.211091989504,0.114918844412));
#2513 = ( GEOMETRIC_REPRESENTATION_CONTEXT(2) 
PARAMETRIC_REPRESENTATION_CONTEXT() REPRESENTATION_CONTEXT('2D SPACE',''
  ) );
#2514 = PCURVE('',#481,#2515);
#2515 = DEFINITIONAL_REPRESENTATION('',(#2516),#2520);
#2516 = LINE('',#2517,#2518);
#2517 = CARTESIAN_POINT('',(0.,1.));
#2518 = VECTOR('',#2519,1.);
#2519 = DIRECTION('',(1.,0.));
#2520 = ( GEOMETRIC_REPRESENTATION_CONTEXT(2) 
PARAMETRIC_REPRESENTATION_CONTEXT() REPRESENTATION_CONTEXT('2D SPACE',''
  ) );
#2521 = ORIENTED_EDGE('',*,*,#2522,.T.);
#2522 = EDGE_CURVE('',#2502,#2523,#2525,.T.);
#2523 = VERTEX_POINT('',#2524);
#2524 = CARTESIAN_POINT('',(16.649753084335,7.22,-49.72151391288));
#2525 = SURFACE_CURVE('',#2526,(#2529,#2535),.PCURVE_S1.);
#2526 = B_SPLINE_CURVE_WITH_KNOTS('',1,(#2527,#2528),.UNSPECIFIED.,.F.,
  .F.,(2,2),(40.,41.),.PIECEWISE_BEZIER_KNOTS.);
#2527 = CARTESIAN_POINT('',(16.642420461378,7.334863049154,
    -49.71980766439));
#2528 = CARTESIAN_POINT('',(16.649753084335,7.22,-49.72151391288));
#2529 = PCURVE('',#214,#2530);
#2530 = DEFINITIONAL_REPRESENTATION('',(#2531),#2534);
#2531 = B_SPLINE_CURVE_WITH_KNOTS('',1,(#2532,#2533),.UNSPECIFIED.,.F.,
  .F.,(2,2),(40.,41.),.PIECEWISE_BEZIER_KNOTS.);
#2532 = CARTESIAN_POINT('',(15.211091989504,0.114918844412));
#2533 = CARTESIAN_POINT('',(15.217714519474,0.));
#2534 = ( GEOMETRIC_REPRESENTATION_CONTEXT(2) 
PARAMETRIC_REPRESENTATION_CONTEXT() REPRESENTATION_CONTEXT('2D SPACE',''
  ) );
#2535 = PCURVE('',#415,#2536);
#2536 = DEFINITIONAL_REPRESENTATION('',(#2537),#2541);
#2537 = LINE('',#2538,#2539);
#2538 = CARTESIAN_POINT('',(0.,1.));
#2539 = VECTOR('',#2540,1.);
#2540 = DIRECTION('',(1.,0.));
#2541 = ( GEOMETRIC_REPRESENTATION_CONTEXT(2) 
PARAMETRIC_REPRESENTATION_CONTEXT() REPRESENTATION_CONTEXT('2D SPACE',''
  ) );
#2542 = ORIENTED_EDGE('',*,*,#2543,.T.);
#2543 = EDGE_CURVE('',#2523,#2544,#2546,.T.);
#2544 = VERTEX_POINT('',#2545);
#2545 = CARTESIAN_POINT('',(16.649753084335,7.1,-49.72151391288));
#2546 = SURFACE_CURVE('',#2547,(#2550,#2556),.PCURVE_S1.);
#2547 = B_SPLINE_CURVE_WITH_KNOTS('',1,(#2548,#2549),.UNSPECIFIED.,.F.,
  .F.,(2,2),(41.,42.),.PIECEWISE_BEZIER_KNOTS.);
#2548 = CARTESIAN_POINT('',(16.649753084335,7.22,-49.72151391288));
#2549 = CARTESIAN_POINT('',(16.649753084335,7.1,-49.72151391288));
#2550 = PCURVE('',#214,#2551);
#2551 = DEFINITIONAL_REPRESENTATION('',(#2552),#2555);
#2552 = B_SPLINE_CURVE_WITH_KNOTS('',1,(#2553,#2554),.UNSPECIFIED.,.F.,
  .F.,(2,2),(41.,42.),.PIECEWISE_BEZIER_KNOTS.);
#2553 = CARTESIAN_POINT('',(15.217714519474,0.));
#2554 = CARTESIAN_POINT('',(15.216768253858,-0.119996269031));
#2555 = ( GEOMETRIC_REPRESENTATION_CONTEXT(2) 
PARAMETRIC_REPRESENTATION_CONTEXT() REPRESENTATION_CONTEXT('2D SPACE',''
  ) );
#2556 = PCURVE('',#349,#2557);
#2557 = DEFINITIONAL_REPRESENTATION('',(#2558),#2562);
#2558 = LINE('',#2559,#2560);
#2559 = CARTESIAN_POINT('',(0.,1.));
#2560 = VECTOR('',#2561,1.);
#2561 = DIRECTION('',(1.,0.));
#2562 = ( GEOMETRIC_REPRESENTATION_CONTEXT(2) 
PARAMETRIC_REPRESENTATION_CONTEXT() REPRESENTATION_CONTEXT('2D SPACE',''
  ) );
#2563 = ORIENTED_EDGE('',*,*,#2564,.T.);
#2564 = EDGE_CURVE('',#2544,#200,#2565,.T.);
#2565 = SURFACE_CURVE('',#2566,(#2569,#2575),.PCURVE_S1.);
#2566 = B_SPLINE_CURVE_WITH_KNOTS('',1,(#2567,#2568),.UNSPECIFIED.,.F.,
  .F.,(2,2),(42.,43.),.PIECEWISE_BEZIER_KNOTS.);
#2567 = CARTESIAN_POINT('',(16.649753084335,7.1,-49.72151391288));
#2568 = CARTESIAN_POINT('',(1.828478255456,7.1,-46.27271011403));
#2569 = PCURVE('',#214,#2570);
#2570 = DEFINITIONAL_REPRESENTATION('',(#2571),#2574);
#2571 = B_SPLINE_CURVE_WITH_KNOTS('',1,(#2572,#2573),.UNSPECIFIED.,.F.,
  .F.,(2,2),(42.,43.),.PIECEWISE_BEZIER_KNOTS.);
#2572 = CARTESIAN_POINT('',(15.216768253858,-0.119996269031));
#2573 = CARTESIAN_POINT('',(0.,0.));
#2574 = ( GEOMETRIC_REPRESENTATION_CONTEXT(2) 
PARAMETRIC_REPRESENTATION_CONTEXT() REPRESENTATION_CONTEXT('2D SPACE',''
  ) );
#2575 = PCURVE('',#258,#2576);
#2576 = DEFINITIONAL_REPRESENTATION('',(#2577),#2581);
#2577 = LINE('',#2578,#2579);
#2578 = CARTESIAN_POINT('',(0.,1.));
#2579 = VECTOR('',#2580,1.);
#2580 = DIRECTION('',(1.,0.));
#2581 = ( GEOMETRIC_REPRESENTATION_CONTEXT(2) 
PARAMETRIC_REPRESENTATION_CONTEXT() REPRESENTATION_CONTEXT('2D SPACE',''
  ) );
#2582 = ADVANCED_FACE('',(#2583,#2628,#2766,#3021,#3159,#3423,#3561),
  #258,.T.);
#2583 = FACE_BOUND('',#2584,.T.);
#2584 = EDGE_LOOP('',(#2585,#2586,#2587,#2588));
#2585 = ORIENTED_EDGE('',*,*,#314,.T.);
#2586 = ORIENTED_EDGE('',*,*,#225,.T.);
#2587 = ORIENTED_EDGE('',*,*,#2564,.F.);
#2588 = ORIENTED_EDGE('',*,*,#2589,.F.);
#2589 = EDGE_CURVE('',#315,#2544,#2590,.T.);
#2590 = SURFACE_CURVE('',#2591,(#2614,#2621),.PCURVE_S1.);
#2591 = ( BOUNDED_CURVE() B_SPLINE_CURVE(3,(#2592,#2593,#2594,#2595,
    #2596,#2597,#2598,#2599,#2600,#2601,#2602,#2603,#2604,#2605,#2606,
    #2607,#2608,#2609,#2610,#2611,#2612,#2613),.UNSPECIFIED.,.F.,.F.) 
B_SPLINE_CURVE_WITH_KNOTS((4,1,1,1,1,1,1,1,1,1,1,1,1,1,1,1,1,1,1,4),(0.,
    5.24163189288E-02,0.104832637858,0.157248956786,0.209665275715,
    0.262081594644,0.314497913573,0.366914232502,0.41933055143,
    0.471746870359,0.524163189288,0.576579508217,0.628995827146,
    0.681412146074,0.733828465003,0.786244783932,0.838661102861,
0.89107742179,0.943493740718,1.),.UNSPECIFIED.) CURVE() 
GEOMETRIC_REPRESENTATION_ITEM() RATIONAL_B_SPLINE_CURVE((1.,
    0.999999999991,1.000000000004,0.999999999999,1.,1.,1.,1.,1.,1.,1.,1.
    ,1.,1.,1.,1.,1.,0.999999999999,1.000000000003,0.99999999999,
1.000000000024,1.)) REPRESENTATION_ITEM('') );
#2592 = CARTESIAN_POINT('',(17.239886690793,7.1,4.632079438675));
#2593 = CARTESIAN_POINT('',(17.480531029484,7.100000000109,
    3.694627527544));
#2594 = CARTESIAN_POINT('',(17.938145874771,7.09999999995,1.813703634306
    ));
#2595 = CARTESIAN_POINT('',(18.553088516686,7.100000000013,
    -1.024165142547));
#2596 = CARTESIAN_POINT('',(19.09616465643,7.099999999996,
    -3.876646816659));
#2597 = CARTESIAN_POINT('',(19.56702639157,7.100000000001,
    -6.741937654919));
#2598 = CARTESIAN_POINT('',(19.965373726011,7.1,-9.618205486377));
#2599 = CARTESIAN_POINT('',(20.290952445275,7.1,-12.50361657389));
#2600 = CARTESIAN_POINT('',(20.54355483243,7.1,-15.39632986789));
#2601 = CARTESIAN_POINT('',(20.723019901678,7.1,-18.29450014224));
#2602 = CARTESIAN_POINT('',(20.829232542988,7.1,-21.19627824189));
#2603 = CARTESIAN_POINT('',(20.862127326721,7.1,-24.09981401906));
#2604 = CARTESIAN_POINT('',(20.821674578671,7.1,-27.00325141704));
#2605 = CARTESIAN_POINT('',(20.707932534598,7.1,-29.90475228349));
#2606 = CARTESIAN_POINT('',(20.520852727372,7.1,-32.80241312269));
#2607 = CARTESIAN_POINT('',(20.261006185105,7.100000000001,
    -35.69458136211));
#2608 = CARTESIAN_POINT('',(19.926872973723,7.099999999998,
    -38.5786806181));
#2609 = CARTESIAN_POINT('',(19.524957371959,7.100000000007,
    -41.4556004413));
#2610 = CARTESIAN_POINT('',(19.032036993712,7.099999999974,
    -44.31331913046));
#2611 = CARTESIAN_POINT('',(18.52315002793,7.100000000101,-47.2627990787
    ));
#2612 = CARTESIAN_POINT('',(17.942258498676,7.099999999766,
    -49.16284166164));
#2613 = CARTESIAN_POINT('',(16.649753084335,7.1,-49.72151391288));
#2614 = PCURVE('',#258,#2615);
#2615 = DEFINITIONAL_REPRESENTATION('',(#2616),#2620);
#2616 = LINE('',#2617,#2618);
#2617 = CARTESIAN_POINT('',(42.,0.));
#2618 = VECTOR('',#2619,1.);
#2619 = DIRECTION('',(0.,1.));
#2620 = ( GEOMETRIC_REPRESENTATION_CONTEXT(2) 
PARAMETRIC_REPRESENTATION_CONTEXT() REPRESENTATION_CONTEXT('2D SPACE',''
  ) );
#2621 = PCURVE('',#349,#2622);
#2622 = DEFINITIONAL_REPRESENTATION('',(#2623),#2627);
#2623 = LINE('',#2624,#2625);
#2624 = CARTESIAN_POINT('',(42.,0.));
#2625 = VECTOR('',#2626,1.);
#2626 = DIRECTION('',(0.,1.));
#2627 = ( GEOMETRIC_REPRESENTATION_CONTEXT(2) 
PARAMETRIC_REPRESENTATION_CONTEXT() REPRESENTATION_CONTEXT('2D SPACE',''
  ) );
#2628 = FACE_BOUND('',#2629,.T.);
#2629 = EDGE_LOOP('',(#2630,#2666,#2700,#2734));
#2630 = ORIENTED_EDGE('',*,*,#2631,.F.);
#2631 = EDGE_CURVE('',#2632,#2634,#2636,.T.);
#2632 = VERTEX_POINT('',#2633);
#2633 = CARTESIAN_POINT('',(5.855046988076,7.100000000034,
    -0.147633915707));
#2634 = VERTEX_POINT('',#2635);
#2635 = CARTESIAN_POINT('',(5.952250165484,7.100000000015,
    -0.559595666711));
#2636 = SURFACE_CURVE('',#2637,(#2643,#2652),.PCURVE_S1.);
#2637 = B_SPLINE_CURVE_WITH_KNOTS('',4,(#2638,#2639,#2640,#2641,#2642),
  .UNSPECIFIED.,.F.,.F.,(5,5),(0.,1.),.PIECEWISE_BEZIER_KNOTS.);
#2638 = CARTESIAN_POINT('',(5.855046988076,7.100000000034,
    -0.147633915707));
#2639 = CARTESIAN_POINT('',(5.879559875232,7.10000000003,-0.250574155638
    ));
#2640 = CARTESIAN_POINT('',(5.903931413343,7.100000000025,
    -0.353548055501));
#2641 = CARTESIAN_POINT('',(5.928161532757,7.10000000002,-0.456555322811
    ));
#2642 = CARTESIAN_POINT('',(5.952250165484,7.100000000015,
    -0.559595666711));
#2643 = PCURVE('',#258,#2644);
#2644 = DEFINITIONAL_REPRESENTATION('',(#2645),#2651);
#2645 = B_SPLINE_CURVE_WITH_KNOTS('',4,(#2646,#2647,#2648,#2649,#2650),
  .UNSPECIFIED.,.F.,.F.,(5,5),(0.,1.),.PIECEWISE_BEZIER_KNOTS.);
#2646 = CARTESIAN_POINT('',(42.689265446445,3.633139161918E-02));
#2647 = CARTESIAN_POINT('',(42.689265458924,3.846854991417E-02));
#2648 = CARTESIAN_POINT('',(42.689265472169,4.06057090209E-02));
#2649 = CARTESIAN_POINT('',(42.689265485477,4.274286828271E-02));
#2650 = CARTESIAN_POINT('',(42.689265498043,4.488002697952E-02));
#2651 = ( GEOMETRIC_REPRESENTATION_CONTEXT(2) 
PARAMETRIC_REPRESENTATION_CONTEXT() REPRESENTATION_CONTEXT('2D SPACE',''
  ) );
#2652 = PCURVE('',#2653,#2658);
#2653 = CYLINDRICAL_SURFACE('',#2654,102.75250594613);
#2654 = AXIS2_PLACEMENT_3D('',#2655,#2656,#2657);
#2655 = CARTESIAN_POINT('',(-94.10250594613,6.95,-23.95026170372));
#2656 = DIRECTION('',(0.,1.,0.));
#2657 = DIRECTION('',(0.972799174228,-0.,0.231650095235));
#2658 = DEFINITIONAL_REPRESENTATION('',(#2659),#2665);
#2659 = B_SPLINE_CURVE_WITH_KNOTS('',4,(#2660,#2661,#2662,#2663,#2664),
  .UNSPECIFIED.,.F.,.F.,(5,5),(0.,1.),.PIECEWISE_BEZIER_KNOTS.);
#2660 = CARTESIAN_POINT('',(0.,0.150000000034));
#2661 = CARTESIAN_POINT('',(1.029839535976E-03,0.150000000029));
#2662 = CARTESIAN_POINT('',(2.059679080068E-03,0.150000000025));
#2663 = CARTESIAN_POINT('',(3.089518618762E-03,0.15000000002));
#2664 = CARTESIAN_POINT('',(4.119358157676E-03,0.150000000015));
#2665 = ( GEOMETRIC_REPRESENTATION_CONTEXT(2) 
PARAMETRIC_REPRESENTATION_CONTEXT() REPRESENTATION_CONTEXT('2D SPACE',''
  ) );
#2666 = ORIENTED_EDGE('',*,*,#2667,.T.);
#2667 = EDGE_CURVE('',#2632,#2668,#2670,.T.);
#2668 = VERTEX_POINT('',#2669);
#2669 = CARTESIAN_POINT('',(12.372801455401,7.100000000034,
    1.404421722365));
#2670 = SURFACE_CURVE('',#2671,(#2677,#2686),.PCURVE_S1.);
#2671 = B_SPLINE_CURVE_WITH_KNOTS('',4,(#2672,#2673,#2674,#2675,#2676),
  .UNSPECIFIED.,.F.,.F.,(5,5),(0.,1.),.PIECEWISE_BEZIER_KNOTS.);
#2672 = CARTESIAN_POINT('',(5.855046988076,7.100000000034,
    -0.147633915707));
#2673 = CARTESIAN_POINT('',(7.484485604908,7.100000000034,0.240379993811
    ));
#2674 = CARTESIAN_POINT('',(9.113924221739,7.100000000034,0.628393903329
    ));
#2675 = CARTESIAN_POINT('',(10.74336283857,7.100000000034,1.016407812847
    ));
#2676 = CARTESIAN_POINT('',(12.372801455401,7.100000000034,
    1.404421722365));
#2677 = PCURVE('',#258,#2678);
#2678 = DEFINITIONAL_REPRESENTATION('',(#2679),#2685);
#2679 = B_SPLINE_CURVE_WITH_KNOTS('',4,(#2680,#2681,#2682,#2683,#2684),
  .UNSPECIFIED.,.F.,.F.,(5,5),(0.,1.),.PIECEWISE_BEZIER_KNOTS.);
#2680 = CARTESIAN_POINT('',(42.689265446429,3.633139160299E-02));
#2681 = CARTESIAN_POINT('',(42.594632676596,3.63313916029E-02));
#2682 = CARTESIAN_POINT('',(42.499999906762,3.633139160281E-02));
#2683 = CARTESIAN_POINT('',(42.405367136929,3.633139160272E-02));
#2684 = CARTESIAN_POINT('',(42.310734367095,3.633139160264E-02));
#2685 = ( GEOMETRIC_REPRESENTATION_CONTEXT(2) 
PARAMETRIC_REPRESENTATION_CONTEXT() REPRESENTATION_CONTEXT('2D SPACE',''
  ) );
#2686 = PCURVE('',#2687,#2692);
#2687 = PLANE('',#2688);
#2688 = AXIS2_PLACEMENT_3D('',#2689,#2690,#2691);
#2689 = CARTESIAN_POINT('',(9.113924221739,6.95,0.628393903329));
#2690 = DIRECTION('',(-0.231650095235,0.,0.972799174228));
#2691 = DIRECTION('',(0.972799174228,0.,0.231650095235));
#2692 = DEFINITIONAL_REPRESENTATION('',(#2693),#2699);
#2693 = B_SPLINE_CURVE_WITH_KNOTS('',4,(#2694,#2695,#2696,#2697,#2698),
  .UNSPECIFIED.,.F.,.F.,(5,5),(0.,1.),.PIECEWISE_BEZIER_KNOTS.);
#2694 = CARTESIAN_POINT('',(-3.35,0.150000000034));
#2695 = CARTESIAN_POINT('',(-1.675,0.150000000034));
#2696 = CARTESIAN_POINT('',(-1.909583602355E-14,0.150000000034));
#2697 = CARTESIAN_POINT('',(1.675,0.150000000034));
#2698 = CARTESIAN_POINT('',(3.35,0.150000000034));
#2699 = ( GEOMETRIC_REPRESENTATION_CONTEXT(2) 
PARAMETRIC_REPRESENTATION_CONTEXT() REPRESENTATION_CONTEXT('2D SPACE',''
  ) );
#2700 = ORIENTED_EDGE('',*,*,#2701,.T.);
#2701 = EDGE_CURVE('',#2668,#2702,#2704,.T.);
#2702 = VERTEX_POINT('',#2703);
#2703 = CARTESIAN_POINT('',(12.476342787607,7.100000000015,
    0.965597913776));
#2704 = SURFACE_CURVE('',#2705,(#2711,#2720),.PCURVE_S1.);
#2705 = B_SPLINE_CURVE_WITH_KNOTS('',4,(#2706,#2707,#2708,#2709,#2710),
  .UNSPECIFIED.,.F.,.F.,(5,5),(0.,1.),.PIECEWISE_BEZIER_KNOTS.);
#2706 = CARTESIAN_POINT('',(12.372801455401,7.100000000034,
    1.404421722365));
#2707 = CARTESIAN_POINT('',(12.398912710815,7.10000000003,1.294769241199
    ));
#2708 = CARTESIAN_POINT('',(12.424873400488,7.100000000025,
    1.185080905296));
#2709 = CARTESIAN_POINT('',(12.450683450227,7.10000000002,1.075357026213
    ));
#2710 = CARTESIAN_POINT('',(12.476342787607,7.100000000015,
    0.965597913776));
#2711 = PCURVE('',#258,#2712);
#2712 = DEFINITIONAL_REPRESENTATION('',(#2713),#2719);
#2713 = B_SPLINE_CURVE_WITH_KNOTS('',4,(#2714,#2715,#2716,#2717,#2718),
  .UNSPECIFIED.,.F.,.F.,(5,5),(0.,1.),.PIECEWISE_BEZIER_KNOTS.);
#2714 = CARTESIAN_POINT('',(42.310734367112,3.633139161883E-02));
#2715 = CARTESIAN_POINT('',(42.310734380405,3.846854991384E-02));
#2716 = CARTESIAN_POINT('',(42.310734394513,4.060570902063E-02));
#2717 = CARTESIAN_POINT('',(42.31073440869,4.274286828251E-02));
#2718 = CARTESIAN_POINT('',(42.310734422075,4.488002697937E-02));
#2719 = ( GEOMETRIC_REPRESENTATION_CONTEXT(2) 
PARAMETRIC_REPRESENTATION_CONTEXT() REPRESENTATION_CONTEXT('2D SPACE',''
  ) );
#2720 = PCURVE('',#2721,#2726);
#2721 = CYLINDRICAL_SURFACE('',#2722,109.45250594613);
#2722 = AXIS2_PLACEMENT_3D('',#2723,#2724,#2725);
#2723 = CARTESIAN_POINT('',(-94.10250594613,6.95,-23.95026170372));
#2724 = DIRECTION('',(0.,1.,0.));
#2725 = DIRECTION('',(0.972799174228,-0.,0.231650095235));
#2726 = DEFINITIONAL_REPRESENTATION('',(#2727),#2733);
#2727 = B_SPLINE_CURVE_WITH_KNOTS('',4,(#2728,#2729,#2730,#2731,#2732),
  .UNSPECIFIED.,.F.,.F.,(5,5),(0.,1.),.PIECEWISE_BEZIER_KNOTS.);
#2728 = CARTESIAN_POINT('',(0.,0.150000000034));
#2729 = CARTESIAN_POINT('',(1.029839535963E-03,0.150000000029));
#2730 = CARTESIAN_POINT('',(2.059679080061E-03,0.150000000025));
#2731 = CARTESIAN_POINT('',(3.089518618766E-03,0.15000000002));
#2732 = CARTESIAN_POINT('',(4.119358157676E-03,0.150000000015));
#2733 = ( GEOMETRIC_REPRESENTATION_CONTEXT(2) 
PARAMETRIC_REPRESENTATION_CONTEXT() REPRESENTATION_CONTEXT('2D SPACE',''
  ) );
#2734 = ORIENTED_EDGE('',*,*,#2735,.F.);
#2735 = EDGE_CURVE('',#2634,#2702,#2736,.T.);
#2736 = SURFACE_CURVE('',#2737,(#2743,#2752),.PCURVE_S1.);
#2737 = B_SPLINE_CURVE_WITH_KNOTS('',4,(#2738,#2739,#2740,#2741,#2742),
  .UNSPECIFIED.,.F.,.F.,(5,5),(0.,1.),.PIECEWISE_BEZIER_KNOTS.);
#2738 = CARTESIAN_POINT('',(5.952250165484,7.100000000015,
    -0.559595666711));
#2739 = CARTESIAN_POINT('',(7.583273321014,7.100000000015,
    -0.178297271589));
#2740 = CARTESIAN_POINT('',(9.214296476545,7.100000000015,0.203001123532
    ));
#2741 = CARTESIAN_POINT('',(10.845319632076,7.100000000015,
    0.584299518654));
#2742 = CARTESIAN_POINT('',(12.476342787607,7.100000000015,
    0.965597913776));
#2743 = PCURVE('',#258,#2744);
#2744 = DEFINITIONAL_REPRESENTATION('',(#2745),#2751);
#2745 = B_SPLINE_CURVE_WITH_KNOTS('',4,(#2746,#2747,#2748,#2749,#2750),
  .UNSPECIFIED.,.F.,.F.,(5,5),(0.,1.),.PIECEWISE_BEZIER_KNOTS.);
#2746 = CARTESIAN_POINT('',(42.689265498052,4.488002698633E-02));
#2747 = CARTESIAN_POINT('',(42.59463272906,4.488002698629E-02));
#2748 = CARTESIAN_POINT('',(42.499999960068,4.488002698625E-02));
#2749 = CARTESIAN_POINT('',(42.405367191076,4.488002698622E-02));
#2750 = CARTESIAN_POINT('',(42.310734422084,4.488002698618E-02));
#2751 = ( GEOMETRIC_REPRESENTATION_CONTEXT(2) 
PARAMETRIC_REPRESENTATION_CONTEXT() REPRESENTATION_CONTEXT('2D SPACE',''
  ) );
#2752 = PCURVE('',#2753,#2758);
#2753 = PLANE('',#2754);
#2754 = AXIS2_PLACEMENT_3D('',#2755,#2756,#2757);
#2755 = CARTESIAN_POINT('',(9.214296476545,6.95,0.203001123532));
#2756 = DIRECTION('',(-0.227640832908,0.,0.973745167481));
#2757 = DIRECTION('',(0.973745167481,0.,0.227640832908));
#2758 = DEFINITIONAL_REPRESENTATION('',(#2759),#2765);
#2759 = B_SPLINE_CURVE_WITH_KNOTS('',4,(#2760,#2761,#2762,#2763,#2764),
  .UNSPECIFIED.,.F.,.F.,(5,5),(0.,1.),.PIECEWISE_BEZIER_KNOTS.);
#2760 = CARTESIAN_POINT('',(-3.35,0.150000000015));
#2761 = CARTESIAN_POINT('',(-1.675,0.150000000015));
#2762 = CARTESIAN_POINT('',(2.04281036531E-14,0.150000000015));
#2763 = CARTESIAN_POINT('',(1.675,0.150000000015));
#2764 = CARTESIAN_POINT('',(3.35,0.150000000015));
#2765 = ( GEOMETRIC_REPRESENTATION_CONTEXT(2) 
PARAMETRIC_REPRESENTATION_CONTEXT() REPRESENTATION_CONTEXT('2D SPACE',''
  ) );
#2766 = FACE_BOUND('',#2767,.T.);
#2767 = EDGE_LOOP('',(#2768));
#2768 = ORIENTED_EDGE('',*,*,#2769,.T.);
#2769 = EDGE_CURVE('',#2770,#2770,#2772,.T.);
#2770 = VERTEX_POINT('',#2771);
#2771 = CARTESIAN_POINT('',(8.892134725503,7.1,-21.67738146438));
#2772 = SURFACE_CURVE('',#2773,(#2826,#2921),.PCURVE_S1.);
#2773 = B_SPLINE_CURVE_WITH_KNOTS('',7,(#2774,#2775,#2776,#2777,#2778,
    #2779,#2780,#2781,#2782,#2783,#2784,#2785,#2786,#2787,#2788,#2789,
    #2790,#2791,#2792,#2793,#2794,#2795,#2796,#2797,#2798,#2799,#2800,
    #2801,#2802,#2803,#2804,#2805,#2806,#2807,#2808,#2809,#2810,#2811,
    #2812,#2813,#2814,#2815,#2816,#2817,#2818,#2819,#2820,#2821,#2822,
    #2823,#2824,#2825),.UNSPECIFIED.,.T.,.F.,(8,2,6,6,6,6,6,6,6,8),(0.,
    1.,2.27629748459,4.928358939047,7.33719623806,8.869877469449,
    10.299153221684,13.168738113795,15.38375359795,17.627723384823),
  .UNSPECIFIED.);
#2774 = CARTESIAN_POINT('',(8.892134725503,7.1,-21.67738146438));
#2775 = CARTESIAN_POINT('',(8.943028316931,7.1,-21.67738146438));
#2776 = CARTESIAN_POINT('',(8.993922984781,7.1,-21.68040337294));
#2777 = CARTESIAN_POINT('',(9.109283937395,7.1,-21.6941609148));
#2778 = CARTESIAN_POINT('',(9.222415094395,7.1,-21.72347758802));
#2779 = CARTESIAN_POINT('',(9.330814364102,7.1,-21.76790479219));
#2780 = CARTESIAN_POINT('',(9.432081839778,7.1,-21.82649130703));
#2781 = CARTESIAN_POINT('',(9.524081414751,7.1,-21.89782747075));
#2782 = CARTESIAN_POINT('',(9.572406349817,7.1,-21.941546561));
#2783 = CARTESIAN_POINT('',(9.71015507354,7.1,-22.0865561072));
#2784 = CARTESIAN_POINT('',(9.787815736795,7.1,-22.19919469779));
#2785 = CARTESIAN_POINT('',(9.847181301739,7.1,-22.32356025877));
#2786 = CARTESIAN_POINT('',(9.886272735314,7.1,-22.45602435006));
#2787 = CARTESIAN_POINT('',(9.903942218884,7.1,-22.59271508183));
#2788 = CARTESIAN_POINT('',(9.899867839989,7.1,-22.72950709294));
#2789 = CARTESIAN_POINT('',(9.852219536289,7.1,-22.98281150322));
#2790 = CARTESIAN_POINT('',(9.812271662758,7.1,-23.10019710381));
#2791 = CARTESIAN_POINT('',(9.755604510234,7.1,-23.21129965314));
#2792 = CARTESIAN_POINT('',(9.683484905018,7.1,-23.31330872955));
#2793 = CARTESIAN_POINT('',(9.597666167049,7.1,-23.40376100591));
#2794 = CARTESIAN_POINT('',(9.500379253356,7.1,-23.48054623756));
#2795 = CARTESIAN_POINT('',(9.326880407709,7.1,-23.58130793239));
#2796 = CARTESIAN_POINT('',(9.255845644884,7.1,-23.6143501918));
#2797 = CARTESIAN_POINT('',(9.181923030846,7.1,-23.64085663065));
#2798 = CARTESIAN_POINT('',(9.105835638511,7.1,-23.66053588605));
#2799 = CARTESIAN_POINT('',(9.028336500026,7.1,-23.67319409333));
#2800 = CARTESIAN_POINT('',(8.950198991512,7.1,-23.67873718164));
#2801 = CARTESIAN_POINT('',(8.799482286242,7.1,-23.67573356446));
#2802 = CARTESIAN_POINT('',(8.726872521591,7.1,-23.66811200684));
#2803 = CARTESIAN_POINT('',(8.655017177678,7.1,-23.65432942521));
#2804 = CARTESIAN_POINT('',(8.584540471475,7.1,-23.63448055442));
#2805 = CARTESIAN_POINT('',(8.516049265503,7.1,-23.608735522));
#2806 = CARTESIAN_POINT('',(8.450126356345,7.1,-23.57733808866));
#2807 = CARTESIAN_POINT('',(8.261228283412,7.1,-23.46687124988));
#2808 = CARTESIAN_POINT('',(8.147559120956,7.1,-23.37156019782));
#2809 = CARTESIAN_POINT('',(8.051002354198,7.1,-23.25730494966));
#2810 = CARTESIAN_POINT('',(7.975157677744,7.1,-23.12792231187));
#2811 = CARTESIAN_POINT('',(7.922620292173,7.1,-22.98780274987));
#2812 = CARTESIAN_POINT('',(7.895004412543,7.1,-22.84196810756));
#2813 = CARTESIAN_POINT('',(7.890221859981,7.1,-22.58306328824));
#2814 = CARTESIAN_POINT('',(7.90298122139,7.1,-22.46995153258));
#2815 = CARTESIAN_POINT('',(7.930651712531,7.1,-22.35895031607));
#2816 = CARTESIAN_POINT('',(7.972767347291,7.1,-22.25240412468));
#2817 = CARTESIAN_POINT('',(8.028457308214,7.1,-22.15250081629));
#2818 = CARTESIAN_POINT('',(8.096453520374,7.1,-22.06125835146));
#2819 = CARTESIAN_POINT('',(8.25467422722,7.1,-21.89847517587));
#2820 = CARTESIAN_POINT('',(8.345242397369,7.1,-21.82714101889));
#2821 = CARTESIAN_POINT('',(8.445009556571,7.1,-21.76821287794));
#2822 = CARTESIAN_POINT('',(8.551907095465,7.1,-21.7230498189));
#2823 = CARTESIAN_POINT('',(8.663686529617,7.1,-21.69259712336));
#2824 = CARTESIAN_POINT('',(8.777933419456,7.1,-21.67738146438));
#2825 = CARTESIAN_POINT('',(8.892134725503,7.1,-21.67738146438));
#2826 = PCURVE('',#258,#2827);
#2827 = DEFINITIONAL_REPRESENTATION('',(#2828),#2920);
#2828 = B_SPLINE_CURVE_WITH_KNOTS('',3,(#2829,#2830,#2831,#2832,#2833,
    #2834,#2835,#2836,#2837,#2838,#2839,#2840,#2841,#2842,#2843,#2844,
    #2845,#2846,#2847,#2848,#2849,#2850,#2851,#2852,#2853,#2854,#2855,
    #2856,#2857,#2858,#2859,#2860,#2861,#2862,#2863,#2864,#2865,#2866,
    #2867,#2868,#2869,#2870,#2871,#2872,#2873,#2874,#2875,#2876,#2877,
    #2878,#2879,#2880,#2881,#2882,#2883,#2884,#2885,#2886,#2887,#2888,
    #2889,#2890,#2891,#2892,#2893,#2894,#2895,#2896,#2897,#2898,#2899,
    #2900,#2901,#2902,#2903,#2904,#2905,#2906,#2907,#2908,#2909,#2910,
    #2911,#2912,#2913,#2914,#2915,#2916,#2917,#2918,#2919),
  .UNSPECIFIED.,.T.,.F.,(4,1,1,1,1,1,1,1,1,1,1,1,1,1,1,1,1,1,1,1,1,1,1,1
    ,1,1,1,1,1,1,1,1,1,1,1,1,1,1,1,1,1,1,1,1,1,1,1,1,1,1,1,1,1,1,1,1,1,1
    ,1,1,1,1,1,1,1,1,1,1,1,1,1,1,1,1,1,1,1,1,1,1,1,1,1,1,1,1,1,1,4),(0.,
    0.200315038464,0.400630076928,0.600945115392,0.801260153856,
    1.001575192319,1.201890230783,1.402205269247,1.602520307711,
    1.802835346175,2.003150384639,2.203465423103,2.403780461567,
    2.604095500031,2.804410538495,3.004725576958,3.205040615422,
    3.405355653886,3.60567069235,3.805985730814,4.006300769278,
    4.206615807742,4.406930846206,4.60724588467,4.807560923133,
    5.007875961597,5.208191000061,5.408506038525,5.608821076989,
    5.809136115453,6.009451153917,6.209766192381,6.410081230845,
    6.610396269309,6.810711307772,7.011026346236,7.2113413847,
    7.411656423164,7.611971461628,7.812286500092,8.012601538556,
    8.21291657702,8.413231615484,8.613546653948,8.813861692411,
    9.014176730875,9.214491769339,9.414806807803,9.615121846267,
    9.815436884731,10.015751923195,10.216066961659,10.416382000123,
    10.616697038586,10.81701207705,11.017327115514,11.217642153978,
    11.417957192442,11.618272230906,11.81858726937,12.018902307834,
    12.219217346298,12.419532384762,12.619847423225,12.820162461689,
    13.020477500153,13.220792538617,13.421107577081,13.621422615545,
    13.821737654009,14.022052692473,14.222367730937,14.4226827694,
    14.622997807864,14.823312846328,15.023627884792,15.223942923256,
    15.42425796172,15.624573000184,15.824888038648,16.025203077112,
    16.225518115576,16.425833154039,16.626148192503,16.826463230967,
    17.026778269431,17.227093307895,17.427408346359,17.627723384823),
  .QUASI_UNIFORM_KNOTS.);
#2829 = CARTESIAN_POINT('',(42.674168892698,0.475675171617));
#2830 = CARTESIAN_POINT('',(42.672825257111,0.475685701323));
#2831 = CARTESIAN_POINT('',(42.670140148793,0.475741095021));
#2832 = CARTESIAN_POINT('',(42.666139213128,0.475925999254));
#2833 = CARTESIAN_POINT('',(42.662185357533,0.476211724523));
#2834 = CARTESIAN_POINT('',(42.658298532702,0.476596590366));
#2835 = CARTESIAN_POINT('',(42.654498346918,0.477078478857));
#2836 = CARTESIAN_POINT('',(42.6508039524,0.477654783095));
#2837 = CARTESIAN_POINT('',(42.647233951695,0.478322439483));
#2838 = CARTESIAN_POINT('',(42.64380628683,0.47907794244));
#2839 = CARTESIAN_POINT('',(42.640538151488,0.479917366996));
#2840 = CARTESIAN_POINT('',(42.637445906775,0.480836391892));
#2841 = CARTESIAN_POINT('',(42.634545065029,0.48183030708));
#2842 = CARTESIAN_POINT('',(42.631850111787,0.482894055304));
#2843 = CARTESIAN_POINT('',(42.629373821302,0.484022600281));
#2844 = CARTESIAN_POINT('',(42.627129334368,0.485210000794));
#2845 = CARTESIAN_POINT('',(42.625127996591,0.486450212786));
#2846 = CARTESIAN_POINT('',(42.623379862594,0.487736962234));
#2847 = CARTESIAN_POINT('',(42.621893604155,0.489063812));
#2848 = CARTESIAN_POINT('',(42.620676563762,0.490424170927));
#2849 = CARTESIAN_POINT('',(42.619734753739,0.491811313672));
#2850 = CARTESIAN_POINT('',(42.619072853947,0.493218394671));
#2851 = CARTESIAN_POINT('',(42.618694191005,0.49463845965));
#2852 = CARTESIAN_POINT('',(42.618600709334,0.496064463122));
#2853 = CARTESIAN_POINT('',(42.618792904937,0.497489260239));
#2854 = CARTESIAN_POINT('',(42.619269822999,0.498905696489));
#2855 = CARTESIAN_POINT('',(42.620028739079,0.500306338437));
#2856 = CARTESIAN_POINT('',(42.621066228714,0.501685005808));
#2857 = CARTESIAN_POINT('',(42.622377119364,0.503034611747));
#2858 = CARTESIAN_POINT('',(42.623954767912,0.504348330203));
#2859 = CARTESIAN_POINT('',(42.625791226804,0.505619567216));
#2860 = CARTESIAN_POINT('',(42.627877294521,0.506841975368));
#2861 = CARTESIAN_POINT('',(42.63020257609,0.508009458314));
#2862 = CARTESIAN_POINT('',(42.632755522945,0.509116180711));
#2863 = CARTESIAN_POINT('',(42.635523459155,0.510156579779));
#2864 = CARTESIAN_POINT('',(42.638492606495,0.511125382582));
#2865 = CARTESIAN_POINT('',(42.641648061287,0.512017620928));
#2866 = CARTESIAN_POINT('',(42.644973908754,0.512828676622));
#2867 = CARTESIAN_POINT('',(42.648452788865,0.513554238769));
#2868 = CARTESIAN_POINT('',(42.652067984046,0.514190714794));
#2869 = CARTESIAN_POINT('',(42.655801230085,0.514734720674));
#2870 = CARTESIAN_POINT('',(42.659633675993,0.515183346173));
#2871 = CARTESIAN_POINT('',(42.663546027287,0.515534155062));
#2872 = CARTESIAN_POINT('',(42.667518571743,0.515785188447));
#2873 = CARTESIAN_POINT('',(42.671531239823,0.515934974518));
#2874 = CARTESIAN_POINT('',(42.675563627741,0.515982541483));
#2875 = CARTESIAN_POINT('',(42.679595119284,0.515927443052));
#2876 = CARTESIAN_POINT('',(42.683605492423,0.515769740355));
#2877 = CARTESIAN_POINT('',(42.687574085613,0.51551002498));
#2878 = CARTESIAN_POINT('',(42.69148064274,0.515149414525));
#2879 = CARTESIAN_POINT('',(42.695305179408,0.514689544055));
#2880 = CARTESIAN_POINT('',(42.699028088364,0.514132566036));
#2881 = CARTESIAN_POINT('',(42.702630174337,0.513481148531));
#2882 = CARTESIAN_POINT('',(42.706092761693,0.51273849948));
#2883 = CARTESIAN_POINT('',(42.709399168477,0.511907953157));
#2884 = CARTESIAN_POINT('',(42.712531183869,0.510993824597));
#2885 = CARTESIAN_POINT('',(42.715472274723,0.510000786471));
#2886 = CARTESIAN_POINT('',(42.718206970515,0.508933938487));
#2887 = CARTESIAN_POINT('',(42.720721026882,0.507798748018));
#2888 = CARTESIAN_POINT('',(42.723001388985,0.506601030949));
#2889 = CARTESIAN_POINT('',(42.725036218565,0.505346926469));
#2890 = CARTESIAN_POINT('',(42.726814915642,0.504042877446));
#2891 = CARTESIAN_POINT('',(42.728328154885,0.502695611467));
#2892 = CARTESIAN_POINT('',(42.72956793325,0.501312126067));
#2893 = CARTESIAN_POINT('',(42.730527630163,0.499899664327));
#2894 = CARTESIAN_POINT('',(42.731202086219,0.498465728068));
#2895 = CARTESIAN_POINT('',(42.731587682878,0.497017948926));
#2896 = CARTESIAN_POINT('',(42.731682494882,0.49556448444));
#2897 = CARTESIAN_POINT('',(42.731486246997,0.494112221216));
#2898 = CARTESIAN_POINT('',(42.730999847972,0.492668804302));
#2899 = CARTESIAN_POINT('',(42.730225898953,0.491241967105));
#2900 = CARTESIAN_POINT('',(42.729168524308,0.489839218678));
#2901 = CARTESIAN_POINT('',(42.727833327557,0.488467901102));
#2902 = CARTESIAN_POINT('',(42.726227332,0.487135148352));
#2903 = CARTESIAN_POINT('',(42.724358946038,0.485847872389));
#2904 = CARTESIAN_POINT('',(42.722237927618,0.484612737275));
#2905 = CARTESIAN_POINT('',(42.719875404068,0.483436147547));
#2906 = CARTESIAN_POINT('',(42.717283741741,0.4823241803));
#2907 = CARTESIAN_POINT('',(42.714477025549,0.481282712092));
#2908 = CARTESIAN_POINT('',(42.711469152339,0.480316748358));
#2909 = CARTESIAN_POINT('',(42.708275781743,0.479431227523));
#2910 = CARTESIAN_POINT('',(42.704913787152,0.478630680615));
#2911 = CARTESIAN_POINT('',(42.70140066073,0.477919091754));
#2912 = CARTESIAN_POINT('',(42.69775456627,0.477299946634));
#2913 = CARTESIAN_POINT('',(42.69399423362,0.47677622707));
#2914 = CARTESIAN_POINT('',(42.6901389088,0.47635041393));
#2915 = CARTESIAN_POINT('',(42.686208295665,0.476024488818));
#2916 = CARTESIAN_POINT('',(42.682222517634,0.475799908465));
#2917 = CARTESIAN_POINT('',(42.678202035587,0.475677663447));
#2918 = CARTESIAN_POINT('',(42.675512501911,0.475664553552));
#2919 = CARTESIAN_POINT('',(42.674168892698,0.475675171617));
#2920 = ( GEOMETRIC_REPRESENTATION_CONTEXT(2) 
PARAMETRIC_REPRESENTATION_CONTEXT() REPRESENTATION_CONTEXT('2D SPACE',''
  ) );
#2921 = PCURVE('',#2922,#2927);
#2922 = CYLINDRICAL_SURFACE('',#2923,1.);
#2923 = AXIS2_PLACEMENT_3D('',#2924,#2925,#2926);
#2924 = CARTESIAN_POINT('',(8.892134725503,5.12,-22.67738146438));
#2925 = DIRECTION('',(0.,1.,0.));
#2926 = DIRECTION('',(0.,-0.,1.));
#2927 = DEFINITIONAL_REPRESENTATION('',(#2928),#3020);
#2928 = B_SPLINE_CURVE_WITH_KNOTS('',3,(#2929,#2930,#2931,#2932,#2933,
    #2934,#2935,#2936,#2937,#2938,#2939,#2940,#2941,#2942,#2943,#2944,
    #2945,#2946,#2947,#2948,#2949,#2950,#2951,#2952,#2953,#2954,#2955,
    #2956,#2957,#2958,#2959,#2960,#2961,#2962,#2963,#2964,#2965,#2966,
    #2967,#2968,#2969,#2970,#2971,#2972,#2973,#2974,#2975,#2976,#2977,
    #2978,#2979,#2980,#2981,#2982,#2983,#2984,#2985,#2986,#2987,#2988,
    #2989,#2990,#2991,#2992,#2993,#2994,#2995,#2996,#2997,#2998,#2999,
    #3000,#3001,#3002,#3003,#3004,#3005,#3006,#3007,#3008,#3009,#3010,
    #3011,#3012,#3013,#3014,#3015,#3016,#3017,#3018,#3019),
  .UNSPECIFIED.,.F.,.F.,(4,1,1,1,1,1,1,1,1,1,1,1,1,1,1,1,1,1,1,1,1,1,1,1
    ,1,1,1,1,1,1,1,1,1,1,1,1,1,1,1,1,1,1,1,1,1,1,1,1,1,1,1,1,1,1,1,1,1,1
    ,1,1,1,1,1,1,1,1,1,1,1,1,1,1,1,1,1,1,1,1,1,1,1,1,1,1,1,1,1,1,4),(0.,
    0.200315038464,0.400630076928,0.600945115392,0.801260153856,
    1.001575192319,1.201890230783,1.402205269247,1.602520307711,
    1.802835346175,2.003150384639,2.203465423103,2.403780461567,
    2.604095500031,2.804410538495,3.004725576958,3.205040615422,
    3.405355653886,3.60567069235,3.805985730814,4.006300769278,
    4.206615807742,4.406930846206,4.60724588467,4.807560923133,
    5.007875961597,5.208191000061,5.408506038525,5.608821076989,
    5.809136115453,6.009451153917,6.209766192381,6.410081230845,
    6.610396269309,6.810711307772,7.011026346236,7.2113413847,
    7.411656423164,7.611971461628,7.812286500092,8.012601538556,
    8.21291657702,8.413231615484,8.613546653948,8.813861692411,
    9.014176730875,9.214491769339,9.414806807803,9.615121846267,
    9.815436884731,10.015751923195,10.216066961659,10.416382000123,
    10.616697038586,10.81701207705,11.017327115514,11.217642153978,
    11.417957192442,11.618272230906,11.81858726937,12.018902307834,
    12.219217346298,12.419532384762,12.619847423225,12.820162461689,
    13.020477500153,13.220792538617,13.421107577081,13.621422615545,
    13.821737654009,14.022052692473,14.222367730937,14.4226827694,
    14.622997807864,14.823312846328,15.023627884792,15.223942923256,
    15.42425796172,15.624573000184,15.824888038648,16.025203077112,
    16.225518115576,16.425833154039,16.626148192503,16.826463230967,
    17.026778269431,17.227093307895,17.427408346359,17.627723384823),
  .QUASI_UNIFORM_KNOTS.);
#2929 = CARTESIAN_POINT('',(2.13162820728E-14,1.98));
#2930 = CARTESIAN_POINT('',(2.378785090303E-02,1.98));
#2931 = CARTESIAN_POINT('',(7.136376624178E-02,1.98));
#2932 = CARTESIAN_POINT('',(0.142728512713,1.98));
#2933 = CARTESIAN_POINT('',(0.214094099127,1.98));
#2934 = CARTESIAN_POINT('',(0.285461424309,1.98));
#2935 = CARTESIAN_POINT('',(0.356831164191,1.98));
#2936 = CARTESIAN_POINT('',(0.428203641799,1.98));
#2937 = CARTESIAN_POINT('',(0.499578945043,1.98));
#2938 = CARTESIAN_POINT('',(0.570957261111,1.98));
#2939 = CARTESIAN_POINT('',(0.642338936855,1.98));
#2940 = CARTESIAN_POINT('',(0.713724552057,1.98));
#2941 = CARTESIAN_POINT('',(0.785113618733,1.98));
#2942 = CARTESIAN_POINT('',(0.856506466544,1.98));
#2943 = CARTESIAN_POINT('',(0.927924409955,1.98));
#2944 = CARTESIAN_POINT('',(0.999349194384,1.98));
#2945 = CARTESIAN_POINT('',(1.070776261509,1.98));
#2946 = CARTESIAN_POINT('',(1.1422022461,1.98));
#2947 = CARTESIAN_POINT('',(1.213626964049,1.98));
#2948 = CARTESIAN_POINT('',(1.285051676295,1.98));
#2949 = CARTESIAN_POINT('',(1.356478448784,1.98));
#2950 = CARTESIAN_POINT('',(1.427909297173,1.98));
#2951 = CARTESIAN_POINT('',(1.499345304461,1.98));
#2952 = CARTESIAN_POINT('',(1.570786036291,1.98));
#2953 = CARTESIAN_POINT('',(1.64222752884,1.98));
#2954 = CARTESIAN_POINT('',(1.713665176553,1.98));
#2955 = CARTESIAN_POINT('',(1.785077671634,1.98));
#2956 = CARTESIAN_POINT('',(1.856503954387,1.98));
#2957 = CARTESIAN_POINT('',(1.92793228955,1.98));
#2958 = CARTESIAN_POINT('',(1.999356797562,1.98));
#2959 = CARTESIAN_POINT('',(2.070774810006,1.98));
#2960 = CARTESIAN_POINT('',(2.142186199297,1.98));
#2961 = CARTESIAN_POINT('',(2.213592337095,1.98));
#2962 = CARTESIAN_POINT('',(2.284995271155,1.98));
#2963 = CARTESIAN_POINT('',(2.356396844913,1.98));
#2964 = CARTESIAN_POINT('',(2.427798023643,1.98));
#2965 = CARTESIAN_POINT('',(2.499197406546,1.98));
#2966 = CARTESIAN_POINT('',(2.570592504694,1.98));
#2967 = CARTESIAN_POINT('',(2.641970242974,1.98));
#2968 = CARTESIAN_POINT('',(2.713347132784,1.98));
#2969 = CARTESIAN_POINT('',(2.784721350976,1.98));
#2970 = CARTESIAN_POINT('',(2.856092287379,1.98));
#2971 = CARTESIAN_POINT('',(2.927460920478,1.98));
#2972 = CARTESIAN_POINT('',(2.998828541298,1.98));
#2973 = CARTESIAN_POINT('',(3.07019611272,1.98));
#2974 = CARTESIAN_POINT('',(3.141562992654,1.98));
#2975 = CARTESIAN_POINT('',(3.212927290142,1.98));
#2976 = CARTESIAN_POINT('',(3.28429476879,1.98));
#2977 = CARTESIAN_POINT('',(3.35566227444,1.98));
#2978 = CARTESIAN_POINT('',(3.427030809638,1.98));
#2979 = CARTESIAN_POINT('',(3.498401392654,1.98));
#2980 = CARTESIAN_POINT('',(3.56977507612,1.98));
#2981 = CARTESIAN_POINT('',(3.641151804243,1.98));
#2982 = CARTESIAN_POINT('',(3.712529659886,1.98));
#2983 = CARTESIAN_POINT('',(3.783935968251,1.98));
#2984 = CARTESIAN_POINT('',(3.855350602182,1.98));
#2985 = CARTESIAN_POINT('',(3.926768108648,1.98));
#2986 = CARTESIAN_POINT('',(3.998184507918,1.98));
#2987 = CARTESIAN_POINT('',(4.069599408059,1.98));
#2988 = CARTESIAN_POINT('',(4.141014194807,1.98));
#2989 = CARTESIAN_POINT('',(4.212431402012,1.98));
#2990 = CARTESIAN_POINT('',(4.283853833254,1.98));
#2991 = CARTESIAN_POINT('',(4.355283811262,1.98));
#2992 = CARTESIAN_POINT('',(4.426722249229,1.98));
#2993 = CARTESIAN_POINT('',(4.498168161838,1.98));
#2994 = CARTESIAN_POINT('',(4.569616213706,1.98));
#2995 = CARTESIAN_POINT('',(4.641061045457,1.98));
#2996 = CARTESIAN_POINT('',(4.712475548866,1.98));
#2997 = CARTESIAN_POINT('',(4.783896412867,1.98));
#2998 = CARTESIAN_POINT('',(4.855322595099,1.98));
#2999 = CARTESIAN_POINT('',(4.926746233558,1.98));
#3000 = CARTESIAN_POINT('',(4.998165655989,1.98));
#3001 = CARTESIAN_POINT('',(5.069580541897,1.98));
#3002 = CARTESIAN_POINT('',(5.140992028332,1.98));
#3003 = CARTESIAN_POINT('',(5.212401509037,1.98));
#3004 = CARTESIAN_POINT('',(5.283810074358,1.98));
#3005 = CARTESIAN_POINT('',(5.355216801017,1.98));
#3006 = CARTESIAN_POINT('',(5.42662086231,1.98));
#3007 = CARTESIAN_POINT('',(5.498009122023,1.98));
#3008 = CARTESIAN_POINT('',(5.56940114947,1.98));
#3009 = CARTESIAN_POINT('',(5.640795070374,1.98));
#3010 = CARTESIAN_POINT('',(5.712184284245,1.98));
#3011 = CARTESIAN_POINT('',(5.783567762357,1.98));
#3012 = CARTESIAN_POINT('',(5.854945967765,1.98));
#3013 = CARTESIAN_POINT('',(5.926320773435,1.98));
#3014 = CARTESIAN_POINT('',(5.997694385257,1.98));
#3015 = CARTESIAN_POINT('',(6.069068611377,1.98));
#3016 = CARTESIAN_POINT('',(6.140443859467,1.98));
#3017 = CARTESIAN_POINT('',(6.211818752915,1.98));
#3018 = CARTESIAN_POINT('',(6.259397703291,1.98));
#3019 = CARTESIAN_POINT('',(6.28318530718,1.98));
#3020 = ( GEOMETRIC_REPRESENTATION_CONTEXT(2) 
PARAMETRIC_REPRESENTATION_CONTEXT() REPRESENTATION_CONTEXT('2D SPACE',''
  ) );
#3021 = FACE_BOUND('',#3022,.T.);
#3022 = EDGE_LOOP('',(#3023,#3059,#3093,#3127));
#3023 = ORIENTED_EDGE('',*,*,#3024,.F.);
#3024 = EDGE_CURVE('',#3025,#3027,#3029,.T.);
#3025 = VERTEX_POINT('',#3026);
#3026 = CARTESIAN_POINT('',(14.698988692269,7.099999999996,
    -41.46674197966));
#3027 = VERTEX_POINT('',#3028);
#3028 = CARTESIAN_POINT('',(14.512830714866,7.099999999992,
    -42.58627412122));
#3029 = SURFACE_CURVE('',#3030,(#3036,#3045),.PCURVE_S1.);
#3030 = B_SPLINE_CURVE_WITH_KNOTS('',4,(#3031,#3032,#3033,#3034,#3035),
  .UNSPECIFIED.,.F.,.F.,(5,5),(0.,1.),.PIECEWISE_BEZIER_KNOTS.);
#3031 = CARTESIAN_POINT('',(14.698988692269,7.099999999996,
    -41.46674197966));
#3032 = CARTESIAN_POINT('',(14.653890786879,7.099999999994,
    -41.74686215415));
#3033 = CARTESIAN_POINT('',(14.607831284648,7.099999999993,
    -42.02682752256));
#3034 = CARTESIAN_POINT('',(14.56081097859,7.099999999992,
    -42.30663315539));
#3035 = CARTESIAN_POINT('',(14.512830714866,7.099999999992,
    -42.58627412122));
#3036 = PCURVE('',#258,#3037);
#3037 = DEFINITIONAL_REPRESENTATION('',(#3038),#3044);
#3038 = B_SPLINE_CURVE_WITH_KNOTS('',4,(#3039,#3040,#3041,#3042,#3043),
  .UNSPECIFIED.,.F.,.F.,(5,5),(0.,1.),.PIECEWISE_BEZIER_KNOTS.);
#3039 = CARTESIAN_POINT('',(42.268311961374,0.852728867855));
#3040 = CARTESIAN_POINT('',(42.268291981906,0.858074737781));
#3041 = CARTESIAN_POINT('',(42.26827381031,0.863420275231));
#3042 = CARTESIAN_POINT('',(42.268264304725,0.868764444566));
#3043 = CARTESIAN_POINT('',(42.268270256788,0.874106330936));
#3044 = ( GEOMETRIC_REPRESENTATION_CONTEXT(2) 
PARAMETRIC_REPRESENTATION_CONTEXT() REPRESENTATION_CONTEXT('2D SPACE',''
  ) );
#3045 = PCURVE('',#3046,#3051);
#3046 = CYLINDRICAL_SURFACE('',#3047,110.20250594613);
#3047 = AXIS2_PLACEMENT_3D('',#3048,#3049,#3050);
#3048 = CARTESIAN_POINT('',(-94.10250594613,5.165,-23.95026170372));
#3049 = DIRECTION('',(0.,1.,0.));
#3050 = DIRECTION('',(0.987286937845,0.,-0.158948112165));
#3051 = DEFINITIONAL_REPRESENTATION('',(#3052),#3058);
#3052 = B_SPLINE_CURVE_WITH_KNOTS('',4,(#3053,#3054,#3055,#3056,#3057),
  .UNSPECIFIED.,.F.,.F.,(5,5),(0.,1.),.PIECEWISE_BEZIER_KNOTS.);
#3053 = CARTESIAN_POINT('',(0.,1.934999999996));
#3054 = CARTESIAN_POINT('',(2.574598588272E-03,1.934999999994));
#3055 = CARTESIAN_POINT('',(5.149197230639E-03,1.9350000001));
#3056 = CARTESIAN_POINT('',(7.723796130349E-03,1.934999999863));
#3057 = CARTESIAN_POINT('',(1.029839539419E-02,1.934999999992));
#3058 = ( GEOMETRIC_REPRESENTATION_CONTEXT(2) 
PARAMETRIC_REPRESENTATION_CONTEXT() REPRESENTATION_CONTEXT('2D SPACE',''
  ) );
#3059 = ORIENTED_EDGE('',*,*,#3060,.T.);
#3060 = EDGE_CURVE('',#3025,#3061,#3063,.T.);
#3061 = VERTEX_POINT('',#3062);
#3062 = CARTESIAN_POINT('',(15.785004323898,7.099999999996,
    -41.64158490304));
#3063 = SURFACE_CURVE('',#3064,(#3070,#3079),.PCURVE_S1.);
#3064 = B_SPLINE_CURVE_WITH_KNOTS('',4,(#3065,#3066,#3067,#3068,#3069),
  .UNSPECIFIED.,.F.,.F.,(5,5),(0.,1.),.PIECEWISE_BEZIER_KNOTS.);
#3065 = CARTESIAN_POINT('',(14.698988692269,7.099999999996,
    -41.46674197966));
#3066 = CARTESIAN_POINT('',(14.97049260018,7.099999999996,-41.5104527105
    ));
#3067 = CARTESIAN_POINT('',(15.241996508089,7.099999999996,
    -41.55416344135));
#3068 = CARTESIAN_POINT('',(15.513500415995,7.099999999996,
    -41.59787417219));
#3069 = CARTESIAN_POINT('',(15.785004323898,7.099999999996,
    -41.64158490304));
#3070 = PCURVE('',#258,#3071);
#3071 = DEFINITIONAL_REPRESENTATION('',(#3072),#3078);
#3072 = B_SPLINE_CURVE_WITH_KNOTS('',4,(#3073,#3074,#3075,#3076,#3077),
  .UNSPECIFIED.,.F.,.F.,(5,5),(0.,1.),.PIECEWISE_BEZIER_KNOTS.);
#3073 = CARTESIAN_POINT('',(42.268311961374,0.852728867854));
#3074 = CARTESIAN_POINT('',(42.252771823258,0.8527289437));
#3075 = CARTESIAN_POINT('',(42.237231685092,0.852729019042));
#3076 = CARTESIAN_POINT('',(42.221691546876,0.852729093887));
#3077 = CARTESIAN_POINT('',(42.206151408613,0.852729168244));
#3078 = ( GEOMETRIC_REPRESENTATION_CONTEXT(2) 
PARAMETRIC_REPRESENTATION_CONTEXT() REPRESENTATION_CONTEXT('2D SPACE',''
  ) );
#3079 = PCURVE('',#3080,#3085);
#3080 = PLANE('',#3081);
#3081 = AXIS2_PLACEMENT_3D('',#3082,#3083,#3084);
#3082 = CARTESIAN_POINT('',(15.241996508084,5.165,-41.55416344135));
#3083 = DIRECTION('',(0.158948112165,0.,0.987286937845));
#3084 = DIRECTION('',(0.987286937845,0.,-0.158948112165));
#3085 = DEFINITIONAL_REPRESENTATION('',(#3086),#3092);
#3086 = B_SPLINE_CURVE_WITH_KNOTS('',4,(#3087,#3088,#3089,#3090,#3091),
  .UNSPECIFIED.,.F.,.F.,(5,5),(0.,1.),.PIECEWISE_BEZIER_KNOTS.);
#3087 = CARTESIAN_POINT('',(-0.55,1.934999999996));
#3088 = CARTESIAN_POINT('',(-0.274999999996,1.934999999996));
#3089 = CARTESIAN_POINT('',(5.551226145428E-12,1.934999999996));
#3090 = CARTESIAN_POINT('',(0.275000000004,1.934999999996));
#3091 = CARTESIAN_POINT('',(0.55,1.934999999996));
#3092 = ( GEOMETRIC_REPRESENTATION_CONTEXT(2) 
PARAMETRIC_REPRESENTATION_CONTEXT() REPRESENTATION_CONTEXT('2D SPACE',''
  ) );
#3093 = ORIENTED_EDGE('',*,*,#3094,.T.);
#3094 = EDGE_CURVE('',#3061,#3095,#3097,.T.);
#3095 = VERTEX_POINT('',#3096);
#3096 = CARTESIAN_POINT('',(15.596988187523,7.099999999992,
    -42.77229179372));
#3097 = SURFACE_CURVE('',#3098,(#3104,#3113),.PCURVE_S1.);
#3098 = B_SPLINE_CURVE_WITH_KNOTS('',4,(#3099,#3100,#3101,#3102,#3103),
  .UNSPECIFIED.,.F.,.F.,(5,5),(0.,1.),.PIECEWISE_BEZIER_KNOTS.);
#3099 = CARTESIAN_POINT('',(15.785004323898,7.099999999996,
    -41.64158490304));
#3100 = CARTESIAN_POINT('',(15.739456268227,7.099999999994,
    -41.92450113149));
#3101 = CARTESIAN_POINT('',(15.692937017547,7.099999999993,
    -42.20726100744));
#3102 = CARTESIAN_POINT('',(15.645447372282,7.099999999992,
    -42.48985955686));
#3103 = CARTESIAN_POINT('',(15.596988187523,7.099999999992,
    -42.77229179372));
#3104 = PCURVE('',#258,#3105);
#3105 = DEFINITIONAL_REPRESENTATION('',(#3106),#3112);
#3106 = B_SPLINE_CURVE_WITH_KNOTS('',4,(#3107,#3108,#3109,#3110,#3111),
  .UNSPECIFIED.,.F.,.F.,(5,5),(0.,1.),.PIECEWISE_BEZIER_KNOTS.);
#3107 = CARTESIAN_POINT('',(42.206151409094,0.852729168168));
#3108 = CARTESIAN_POINT('',(42.206125942917,0.858075147474));
#3109 = CARTESIAN_POINT('',(42.206102806816,0.863420769743));
#3110 = CARTESIAN_POINT('',(42.206090704301,0.868764965261));
#3111 = CARTESIAN_POINT('',(42.206098313447,0.874106799944));
#3112 = ( GEOMETRIC_REPRESENTATION_CONTEXT(2) 
PARAMETRIC_REPRESENTATION_CONTEXT() REPRESENTATION_CONTEXT('2D SPACE',''
  ) );
#3113 = PCURVE('',#3114,#3119);
#3114 = CYLINDRICAL_SURFACE('',#3115,111.30250594613);
#3115 = AXIS2_PLACEMENT_3D('',#3116,#3117,#3118);
#3116 = CARTESIAN_POINT('',(-94.10250594613,5.165,-23.95026170372));
#3117 = DIRECTION('',(0.,1.,0.));
#3118 = DIRECTION('',(0.987286937845,0.,-0.158948112165));
#3119 = DEFINITIONAL_REPRESENTATION('',(#3120),#3126);
#3120 = B_SPLINE_CURVE_WITH_KNOTS('',4,(#3121,#3122,#3123,#3124,#3125),
  .UNSPECIFIED.,.F.,.F.,(5,5),(0.,1.),.PIECEWISE_BEZIER_KNOTS.);
#3121 = CARTESIAN_POINT('',(0.,1.934999999996));
#3122 = CARTESIAN_POINT('',(2.574598585047E-03,1.93499999999));
#3123 = CARTESIAN_POINT('',(5.1491972133E-03,1.935000000046));
#3124 = CARTESIAN_POINT('',(7.723796130239E-03,1.934999999934));
#3125 = CARTESIAN_POINT('',(1.029839539419E-02,1.934999999992));
#3126 = ( GEOMETRIC_REPRESENTATION_CONTEXT(2) 
PARAMETRIC_REPRESENTATION_CONTEXT() REPRESENTATION_CONTEXT('2D SPACE',''
  ) );
#3127 = ORIENTED_EDGE('',*,*,#3128,.F.);
#3128 = EDGE_CURVE('',#3027,#3095,#3129,.T.);
#3129 = SURFACE_CURVE('',#3130,(#3136,#3145),.PCURVE_S1.);
#3130 = B_SPLINE_CURVE_WITH_KNOTS('',4,(#3131,#3132,#3133,#3134,#3135),
  .UNSPECIFIED.,.F.,.F.,(5,5),(0.,1.),.PIECEWISE_BEZIER_KNOTS.);
#3131 = CARTESIAN_POINT('',(14.512830714866,7.099999999992,
    -42.58627412122));
#3132 = CARTESIAN_POINT('',(14.783870083028,7.099999999992,
    -42.63277853935));
#3133 = CARTESIAN_POINT('',(15.054909451192,7.099999999992,
    -42.67928295747));
#3134 = CARTESIAN_POINT('',(15.325948819357,7.099999999992,
    -42.72578737559));
#3135 = CARTESIAN_POINT('',(15.596988187523,7.099999999992,
    -42.77229179372));
#3136 = PCURVE('',#258,#3137);
#3137 = DEFINITIONAL_REPRESENTATION('',(#3138),#3144);
#3138 = B_SPLINE_CURVE_WITH_KNOTS('',4,(#3139,#3140,#3141,#3142,#3143),
  .UNSPECIFIED.,.F.,.F.,(5,5),(0.,1.),.PIECEWISE_BEZIER_KNOTS.);
#3139 = CARTESIAN_POINT('',(42.268270243999,0.874106332824));
#3140 = CARTESIAN_POINT('',(42.252727259559,0.874106450984));
#3141 = CARTESIAN_POINT('',(42.237184275143,0.874106568358));
#3142 = CARTESIAN_POINT('',(42.221641290749,0.874106684956));
#3143 = CARTESIAN_POINT('',(42.206098306379,0.87410680079));
#3144 = ( GEOMETRIC_REPRESENTATION_CONTEXT(2) 
PARAMETRIC_REPRESENTATION_CONTEXT() REPRESENTATION_CONTEXT('2D SPACE',''
  ) );
#3145 = PCURVE('',#3146,#3151);
#3146 = PLANE('',#3147);
#3147 = AXIS2_PLACEMENT_3D('',#3148,#3149,#3150);
#3148 = CARTESIAN_POINT('',(15.054909451195,5.165,-42.67928295747));
#3149 = DIRECTION('',(0.169106974996,0.,0.985597702416));
#3150 = DIRECTION('',(0.985597702416,0.,-0.169106974996));
#3151 = DEFINITIONAL_REPRESENTATION('',(#3152),#3158);
#3152 = B_SPLINE_CURVE_WITH_KNOTS('',4,(#3153,#3154,#3155,#3156,#3157),
  .UNSPECIFIED.,.F.,.F.,(5,5),(0.,1.),.PIECEWISE_BEZIER_KNOTS.);
#3153 = CARTESIAN_POINT('',(-0.55,1.934999999992));
#3154 = CARTESIAN_POINT('',(-0.275000000002,1.934999999992));
#3155 = CARTESIAN_POINT('',(-2.617239758251E-12,1.934999999992));
#3156 = CARTESIAN_POINT('',(0.274999999998,1.934999999992));
#3157 = CARTESIAN_POINT('',(0.55,1.934999999992));
#3158 = ( GEOMETRIC_REPRESENTATION_CONTEXT(2) 
PARAMETRIC_REPRESENTATION_CONTEXT() REPRESENTATION_CONTEXT('2D SPACE',''
  ) );
#3159 = FACE_BOUND('',#3160,.T.);
#3160 = EDGE_LOOP('',(#3161,#3260,#3294,#3391));
#3161 = ORIENTED_EDGE('',*,*,#3162,.F.);
#3162 = EDGE_CURVE('',#3163,#3165,#3167,.T.);
#3163 = VERTEX_POINT('',#3164);
#3164 = CARTESIAN_POINT('',(12.657290252987,7.099999999995,
    -41.25085296387));
#3165 = VERTEX_POINT('',#3166);
#3166 = CARTESIAN_POINT('',(11.672020518215,7.099999999942,
    -46.50495287144));
#3167 = SURFACE_CURVE('',#3168,(#3195,#3225),.PCURVE_S1.);
#3168 = B_SPLINE_CURVE_WITH_KNOTS('',7,(#3169,#3170,#3171,#3172,#3173,
    #3174,#3175,#3176,#3177,#3178,#3179,#3180,#3181,#3182,#3183,#3184,
    #3185,#3186,#3187,#3188,#3189,#3190,#3191,#3192,#3193,#3194),
  .UNSPECIFIED.,.F.,.F.,(8,6,6,6,8),(0.,0.345742326113,0.681406786337,
    0.835242849814,1.),.UNSPECIFIED.);
#3169 = CARTESIAN_POINT('',(12.657290252987,7.099999999995,
    -41.25085296387));
#3170 = CARTESIAN_POINT('',(12.615050007207,7.099999999994,
    -41.51151226522));
#3171 = CARTESIAN_POINT('',(12.572067278942,7.099999999992,
    -41.7720512538));
#3172 = CARTESIAN_POINT('',(12.528342477883,7.099999999992,
    -42.0324674009));
#3173 = CARTESIAN_POINT('',(12.483876024454,7.099999999992,
    -42.29275817935));
#3174 = CARTESIAN_POINT('',(12.438668349807,7.099999999993,
    -42.5529210635));
#3175 = CARTESIAN_POINT('',(12.392719895826,7.099999999995,
    -42.81295352922));
#3176 = CARTESIAN_POINT('',(12.300703241765,7.100000000003,
    -43.32517690055));
#3177 = CARTESIAN_POINT('',(12.254677571029,7.100000000009,
    -43.57737544586));
#3178 = CARTESIAN_POINT('',(12.207954523761,7.100000000016,
    -43.82944634423));
#3179 = CARTESIAN_POINT('',(12.160534530935,7.100000000022,
    -44.08138725174));
#3180 = CARTESIAN_POINT('',(12.112418033657,7.100000000027,
    -44.33319582616));
#3181 = CARTESIAN_POINT('',(12.063605483161,7.100000000029,
    -44.58486972698));
#3182 = CARTESIAN_POINT('',(11.991407605577,7.100000000028,
    -44.95168675167));
#3183 = CARTESIAN_POINT('',(11.968571766885,7.100000000027,
    -45.06693811036));
#3184 = CARTESIAN_POINT('',(11.945589869284,7.100000000026,
    -45.18216046558));
#3185 = CARTESIAN_POINT('',(11.922461957749,7.100000000023,
    -45.29735359171));
#3186 = CARTESIAN_POINT('',(11.899188077679,7.100000000019,
    -45.41251726329));
#3187 = CARTESIAN_POINT('',(11.875768274898,7.100000000015,
    -45.52765125511));
#3188 = CARTESIAN_POINT('',(11.826963948314,7.100000000002,
    -45.76603086627));
#3189 = CARTESIAN_POINT('',(11.801557979009,7.099999999995,
    -45.88927208053));
#3190 = CARTESIAN_POINT('',(11.775984733166,7.099999999985,
    -46.01247876378));
#3191 = CARTESIAN_POINT('',(11.750244297009,7.099999999975,
    -46.13565049881));
#3192 = CARTESIAN_POINT('',(11.7243367293,7.099999999964,-46.25878700959
    ));
#3193 = CARTESIAN_POINT('',(11.698262110467,7.099999999953,
    -46.38188791908));
#3194 = CARTESIAN_POINT('',(11.672020518215,7.099999999942,
    -46.50495287144));
#3195 = PCURVE('',#258,#3196);
#3196 = DEFINITIONAL_REPRESENTATION('',(#3197),#3224);
#3197 = B_SPLINE_CURVE_WITH_KNOTS('',7,(#3198,#3199,#3200,#3201,#3202,
    #3203,#3204,#3205,#3206,#3207,#3208,#3209,#3210,#3211,#3212,#3213,
    #3214,#3215,#3216,#3217,#3218,#3219,#3220,#3221,#3222,#3223),
  .UNSPECIFIED.,.F.,.F.,(8,6,6,6,8),(0.,0.345742326113,0.681406786337,
    0.835242849814,1.),.UNSPECIFIED.);
#3198 = CARTESIAN_POINT('',(42.384152789409,0.854866534824));
#3199 = CARTESIAN_POINT('',(42.384143878554,0.85993583395));
#3200 = CARTESIAN_POINT('',(42.38413616347,0.865004756036));
#3201 = CARTESIAN_POINT('',(42.384131390291,0.870072805013));
#3202 = CARTESIAN_POINT('',(42.384131316429,0.875139497281));
#3203 = CARTESIAN_POINT('',(42.384137710579,0.880204361713));
#3204 = CARTESIAN_POINT('',(42.38415235271,0.885266939652));
#3205 = CARTESIAN_POINT('',(42.384200996014,0.895239143337));
#3206 = CARTESIAN_POINT('',(42.384235131295,0.900148724667));
#3207 = CARTESIAN_POINT('',(42.384273684712,0.905057194332));
#3208 = CARTESIAN_POINT('',(42.384310789785,0.909966196965));
#3209 = CARTESIAN_POINT('',(42.384340468756,0.914877356402));
#3210 = CARTESIAN_POINT('',(42.384356632594,0.919792275685));
#3211 = CARTESIAN_POINT('',(42.384351453279,0.926967508109));
#3212 = CARTESIAN_POINT('',(42.384345679682,0.929223601483));
#3213 = CARTESIAN_POINT('',(42.384335161354,0.931480969724));
#3214 = CARTESIAN_POINT('',(42.384319285198,0.933739765397));
#3215 = CARTESIAN_POINT('',(42.384297423866,0.936000141085));
#3216 = CARTESIAN_POINT('',(42.384268935763,0.938262249391));
#3217 = CARTESIAN_POINT('',(42.384194854888,0.942950961278));
#3218 = CARTESIAN_POINT('',(42.384146935257,0.945378174463));
#3219 = CARTESIAN_POINT('',(42.384098144808,0.947805535372));
#3220 = CARTESIAN_POINT('',(42.384022140953,0.9502400294));
#3221 = CARTESIAN_POINT('',(42.383918881506,0.952681523892));
#3222 = CARTESIAN_POINT('',(42.383772566718,0.955134025434));
#3223 = CARTESIAN_POINT('',(42.383571600646,0.957600178004));
#3224 = ( GEOMETRIC_REPRESENTATION_CONTEXT(2) 
PARAMETRIC_REPRESENTATION_CONTEXT() REPRESENTATION_CONTEXT('2D SPACE',''
  ) );
#3225 = PCURVE('',#3226,#3231);
#3226 = CYLINDRICAL_SURFACE('',#3227,108.15250594613);
#3227 = AXIS2_PLACEMENT_3D('',#3228,#3229,#3230);
#3228 = CARTESIAN_POINT('',(-94.10250594613,7.645,-23.95026170372));
#3229 = DIRECTION('',(0.,1.,0.));
#3230 = DIRECTION('',(0.98712272328,0.,-0.159964774822));
#3231 = DEFINITIONAL_REPRESENTATION('',(#3232),#3259);
#3232 = B_SPLINE_CURVE_WITH_KNOTS('',7,(#3233,#3234,#3235,#3236,#3237,
    #3238,#3239,#3240,#3241,#3242,#3243,#3244,#3245,#3246,#3247,#3248,
    #3249,#3250,#3251,#3252,#3253,#3254,#3255,#3256,#3257,#3258),
  .UNSPECIFIED.,.F.,.F.,(8,6,6,6,8),(0.,0.345742326113,0.681406786337,
    0.835242849814,1.),.UNSPECIFIED.);
#3233 = CARTESIAN_POINT('',(0.,-0.545000000005));
#3234 = CARTESIAN_POINT('',(2.441549259471E-03,-0.545000000006));
#3235 = CARTESIAN_POINT('',(4.883098588675E-03,-0.545000000008));
#3236 = CARTESIAN_POINT('',(7.324648074797E-03,-0.545000000008));
#3237 = CARTESIAN_POINT('',(9.766197802259E-03,-0.545000000008));
#3238 = CARTESIAN_POINT('',(1.220774785272E-02,-0.545000000007));
#3239 = CARTESIAN_POINT('',(1.464929830506E-02,-0.545000000005));
#3240 = CARTESIAN_POINT('',(1.946123264888E-02,-0.544999999997));
#3241 = CARTESIAN_POINT('',(2.183161653666E-02,-0.544999999991));
#3242 = CARTESIAN_POINT('',(2.420200061864E-02,-0.544999999984));
#3243 = CARTESIAN_POINT('',(2.657238461278E-02,-0.544999999978));
#3244 = CARTESIAN_POINT('',(2.894276823514E-02,-0.544999999973));
#3245 = CARTESIAN_POINT('',(3.131315119986E-02,-0.544999999971));
#3246 = CARTESIAN_POINT('',(3.476988665245E-02,-0.544999999972));
#3247 = CARTESIAN_POINT('',(3.58562398938E-02,-0.544999999973));
#3248 = CARTESIAN_POINT('',(3.694259290881E-02,-0.544999999974));
#3249 = CARTESIAN_POINT('',(3.802894566417E-02,-0.544999999977));
#3250 = CARTESIAN_POINT('',(3.91152981277E-02,-0.544999999981));
#3251 = CARTESIAN_POINT('',(4.02016502683E-02,-0.544999999985));
#3252 = CARTESIAN_POINT('',(4.245147582535E-02,-0.544999999998));
#3253 = CARTESIAN_POINT('',(4.361494911071E-02,-0.545000000005));
#3254 = CARTESIAN_POINT('',(4.4778422397E-02,-0.545000000015));
#3255 = CARTESIAN_POINT('',(4.594189431773E-02,-0.545000000025));
#3256 = CARTESIAN_POINT('',(4.71053648358E-02,-0.545000000036));
#3257 = CARTESIAN_POINT('',(4.826883295896E-02,-0.545000000047));
#3258 = CARTESIAN_POINT('',(4.943229789211E-02,-0.545000000058));
#3259 = ( GEOMETRIC_REPRESENTATION_CONTEXT(2) 
PARAMETRIC_REPRESENTATION_CONTEXT() REPRESENTATION_CONTEXT('2D SPACE',''
  ) );
#3260 = ORIENTED_EDGE('',*,*,#3261,.T.);
#3261 = EDGE_CURVE('',#3163,#3262,#3264,.T.);
#3262 = VERTEX_POINT('',#3263);
#3263 = CARTESIAN_POINT('',(14.532823427219,7.099999999995,
    -41.55478603603));
#3264 = SURFACE_CURVE('',#3265,(#3271,#3280),.PCURVE_S1.);
#3265 = B_SPLINE_CURVE_WITH_KNOTS('',4,(#3266,#3267,#3268,#3269,#3270),
  .UNSPECIFIED.,.F.,.F.,(5,5),(0.,1.),.PIECEWISE_BEZIER_KNOTS.);
#3266 = CARTESIAN_POINT('',(12.657290252987,7.099999999995,
    -41.25085296387));
#3267 = CARTESIAN_POINT('',(13.126173546559,7.099999999995,
    -41.32683623191));
#3268 = CARTESIAN_POINT('',(13.595056840121,7.099999999995,
    -41.40281949995));
#3269 = CARTESIAN_POINT('',(14.063940133675,7.099999999995,
    -41.47880276799));
#3270 = CARTESIAN_POINT('',(14.532823427219,7.099999999995,
    -41.55478603603));
#3271 = PCURVE('',#258,#3272);
#3272 = DEFINITIONAL_REPRESENTATION('',(#3273),#3279);
#3273 = B_SPLINE_CURVE_WITH_KNOTS('',4,(#3274,#3275,#3276,#3277,#3278),
  .UNSPECIFIED.,.F.,.F.,(5,5),(0.,1.),.PIECEWISE_BEZIER_KNOTS.);
#3274 = CARTESIAN_POINT('',(42.384152789409,0.854866534824));
#3275 = CARTESIAN_POINT('',(42.357309802136,0.854866689938));
#3276 = CARTESIAN_POINT('',(42.330466814691,0.85486684324));
#3277 = CARTESIAN_POINT('',(42.303623827079,0.854866994775));
#3278 = CARTESIAN_POINT('',(42.276780839302,0.85486714459));
#3279 = ( GEOMETRIC_REPRESENTATION_CONTEXT(2) 
PARAMETRIC_REPRESENTATION_CONTEXT() REPRESENTATION_CONTEXT('2D SPACE',''
  ) );
#3280 = PCURVE('',#3281,#3286);
#3281 = PLANE('',#3282);
#3282 = AXIS2_PLACEMENT_3D('',#3283,#3284,#3285);
#3283 = CARTESIAN_POINT('',(13.595056840103,7.645,-41.40281949995));
#3284 = DIRECTION('',(0.159964774822,0.,0.98712272328));
#3285 = DIRECTION('',(0.98712272328,0.,-0.159964774822));
#3286 = DEFINITIONAL_REPRESENTATION('',(#3287),#3293);
#3287 = B_SPLINE_CURVE_WITH_KNOTS('',4,(#3288,#3289,#3290,#3291,#3292),
  .UNSPECIFIED.,.F.,.F.,(5,5),(0.,1.),.PIECEWISE_BEZIER_KNOTS.);
#3288 = CARTESIAN_POINT('',(-0.95,-0.545000000005));
#3289 = CARTESIAN_POINT('',(-0.474999999986,-0.545000000005));
#3290 = CARTESIAN_POINT('',(1.899169710384E-11,-0.545000000005));
#3291 = CARTESIAN_POINT('',(0.475000000014,-0.545000000005));
#3292 = CARTESIAN_POINT('',(0.95,-0.545000000005));
#3293 = ( GEOMETRIC_REPRESENTATION_CONTEXT(2) 
PARAMETRIC_REPRESENTATION_CONTEXT() REPRESENTATION_CONTEXT('2D SPACE',''
  ) );
#3294 = ORIENTED_EDGE('',*,*,#3295,.T.);
#3295 = EDGE_CURVE('',#3262,#3296,#3298,.T.);
#3296 = VERTEX_POINT('',#3297);
#3297 = CARTESIAN_POINT('',(13.530244685322,7.099999999942,
    -46.90118884252));
#3298 = SURFACE_CURVE('',#3299,(#3326,#3356),.PCURVE_S1.);
#3299 = B_SPLINE_CURVE_WITH_KNOTS('',7,(#3300,#3301,#3302,#3303,#3304,
    #3305,#3306,#3307,#3308,#3309,#3310,#3311,#3312,#3313,#3314,#3315,
    #3316,#3317,#3318,#3319,#3320,#3321,#3322,#3323,#3324,#3325),
  .UNSPECIFIED.,.F.,.F.,(8,6,6,6,8),(0.,0.347059723692,0.678981161581,
    0.837046410366,1.),.UNSPECIFIED.);
#3300 = CARTESIAN_POINT('',(14.532823427219,7.099999999995,
    -41.55478603603));
#3301 = CARTESIAN_POINT('',(14.489677329909,7.099999999994,
    -41.82103523447));
#3302 = CARTESIAN_POINT('',(14.445769937524,7.099999999992,
    -42.0871610717));
#3303 = CARTESIAN_POINT('',(14.401101671548,7.099999999992,
    -42.35316094608));
#3304 = CARTESIAN_POINT('',(14.355672964676,7.099999999992,
    -42.61903225687));
#3305 = CARTESIAN_POINT('',(14.309484260812,7.099999999993,
    -42.88477240419));
#3306 = CARTESIAN_POINT('',(14.262536015074,7.099999999995,
    -43.15037878909));
#3307 = CARTESIAN_POINT('',(14.169202302719,7.100000000003,
    -43.66973938671));
#3308 = CARTESIAN_POINT('',(14.122881611727,7.100000000009,
    -43.92350523535));
#3309 = CARTESIAN_POINT('',(14.075867034663,7.100000000016,
    -44.17714405376));
#3310 = CARTESIAN_POINT('',(14.028158995322,7.100000000022,
    -44.43065353741));
#3311 = CARTESIAN_POINT('',(13.979757927442,7.100000000026,
    -44.68403138283));
#3312 = CARTESIAN_POINT('',(13.930664274707,7.100000000029,
    -44.93727528765));
#3313 = CARTESIAN_POINT('',(13.857169861444,7.100000000028,
    -45.31091606818));
#3314 = CARTESIAN_POINT('',(13.833304271562,7.100000000027,
    -45.43141828899));
#3315 = CARTESIAN_POINT('',(13.809281770261,7.100000000026,
    -45.55188936358));
#3316 = CARTESIAN_POINT('',(13.785102407287,7.100000000023,
    -45.67232904231));
#3317 = CARTESIAN_POINT('',(13.760766232964,7.100000000019,
    -45.79273707531));
#3318 = CARTESIAN_POINT('',(13.736273298199,7.100000000014,
    -45.9131132125));
#3319 = CARTESIAN_POINT('',(13.686211693548,7.100000000002,
    -46.15752296434));
#3320 = CARTESIAN_POINT('',(13.660633183278,7.099999999994,
    -46.28155454885));
#3321 = CARTESIAN_POINT('',(13.63488816607,7.099999999985,
    -46.40555175097));
#3322 = CARTESIAN_POINT('',(13.60897673285,7.099999999975,
    -46.52951413079));
#3323 = CARTESIAN_POINT('',(13.582898945289,7.099999999964,
    -46.65344139887));
#3324 = CARTESIAN_POINT('',(13.556654897522,7.099999999952,
    -46.77733311475));
#3325 = CARTESIAN_POINT('',(13.530244685322,7.099999999942,
    -46.90118884252));
#3326 = PCURVE('',#258,#3327);
#3327 = DEFINITIONAL_REPRESENTATION('',(#3328),#3355);
#3328 = B_SPLINE_CURVE_WITH_KNOTS('',7,(#3329,#3330,#3331,#3332,#3333,
    #3334,#3335,#3336,#3337,#3338,#3339,#3340,#3341,#3342,#3343,#3344,
    #3345,#3346,#3347,#3348,#3349,#3350,#3351,#3352,#3353,#3354),
  .UNSPECIFIED.,.F.,.F.,(8,6,6,6,8),(0.,0.347059723692,0.678981161581,
    0.837046410366,1.),.UNSPECIFIED.);
#3329 = CARTESIAN_POINT('',(42.276780839302,0.85486714459));
#3330 = CARTESIAN_POINT('',(42.276763220358,0.859955931772));
#3331 = CARTESIAN_POINT('',(42.276748020103,0.865044295477));
#3332 = CARTESIAN_POINT('',(42.276738717933,0.870131699944));
#3333 = CARTESIAN_POINT('',(42.276738793369,0.875217631906));
#3334 = CARTESIAN_POINT('',(42.276751726064,0.880301600595));
#3335 = CARTESIAN_POINT('',(42.276780995797,0.885383137737));
#3336 = CARTESIAN_POINT('',(42.27687702806,0.895318932954));
#3337 = CARTESIAN_POINT('',(42.276943226577,0.900173264243));
#3338 = CARTESIAN_POINT('',(42.277017652911,0.905026526531));
#3339 = CARTESIAN_POINT('',(42.277089153208,0.909880404277));
#3340 = CARTESIAN_POINT('',(42.27714644488,0.914736531291));
#3341 = CARTESIAN_POINT('',(42.277178116601,0.919596490733));
#3342 = CARTESIAN_POINT('',(42.277170014718,0.926778745029));
#3343 = CARTESIAN_POINT('',(42.277158961414,0.929096892285));
#3344 = CARTESIAN_POINT('',(42.277138216203,0.931416423007));
#3345 = CARTESIAN_POINT('',(42.277106499545,0.933737501856));
#3346 = CARTESIAN_POINT('',(42.27706250456,0.936060292028));
#3347 = CARTESIAN_POINT('',(42.277004897023,0.938384955256));
#3348 = CARTESIAN_POINT('',(42.276857489049,0.943110303998));
#3349 = CARTESIAN_POINT('',(42.276764614361,0.945511415449));
#3350 = CARTESIAN_POINT('',(42.276669489255,0.947912734026));
#3351 = CARTESIAN_POINT('',(42.276520807842,0.950321451814));
#3352 = CARTESIAN_POINT('',(42.276321216201,0.952737016652));
#3353 = CARTESIAN_POINT('',(42.276039171204,0.955163629444));
#3354 = CARTESIAN_POINT('',(42.275653768227,0.957603730583));
#3355 = ( GEOMETRIC_REPRESENTATION_CONTEXT(2) 
PARAMETRIC_REPRESENTATION_CONTEXT() REPRESENTATION_CONTEXT('2D SPACE',''
  ) );
#3356 = PCURVE('',#3357,#3362);
#3357 = CYLINDRICAL_SURFACE('',#3358,110.05250594613);
#3358 = AXIS2_PLACEMENT_3D('',#3359,#3360,#3361);
#3359 = CARTESIAN_POINT('',(-94.10250594613,7.645,-23.95026170372));
#3360 = DIRECTION('',(0.,1.,0.));
#3361 = DIRECTION('',(0.98712272328,0.,-0.159964774822));
#3362 = DEFINITIONAL_REPRESENTATION('',(#3363),#3390);
#3363 = B_SPLINE_CURVE_WITH_KNOTS('',7,(#3364,#3365,#3366,#3367,#3368,
    #3369,#3370,#3371,#3372,#3373,#3374,#3375,#3376,#3377,#3378,#3379,
    #3380,#3381,#3382,#3383,#3384,#3385,#3386,#3387,#3388,#3389),
  .UNSPECIFIED.,.F.,.F.,(8,6,6,6,8),(0.,0.347059723692,0.678981161581,
    0.837046410366,1.),.UNSPECIFIED.);
#3364 = CARTESIAN_POINT('',(0.,-0.545000000005));
#3365 = CARTESIAN_POINT('',(2.450852774866E-03,-0.545000000006));
#3366 = CARTESIAN_POINT('',(4.90170561974E-03,-0.545000000008));
#3367 = CARTESIAN_POINT('',(7.352558632263E-03,-0.545000000008));
#3368 = CARTESIAN_POINT('',(9.80341190087E-03,-0.545000000008));
#3369 = CARTESIAN_POINT('',(1.225426550479E-02,-0.545000000007));
#3370 = CARTESIAN_POINT('',(1.470511951403E-02,-0.545000000005));
#3371 = CARTESIAN_POINT('',(1.949992543637E-02,-0.544999999997));
#3372 = CARTESIAN_POINT('',(2.184387730558E-02,-0.544999999991));
#3373 = CARTESIAN_POINT('',(2.418782934669E-02,-0.544999999984));
#3374 = CARTESIAN_POINT('',(2.653178130223E-02,-0.544999999978));
#3375 = CARTESIAN_POINT('',(2.887573290764E-02,-0.544999999974));
#3376 = CARTESIAN_POINT('',(3.121968389127E-02,-0.544999999971));
#3377 = CARTESIAN_POINT('',(3.467985308749E-02,-0.544999999972));
#3378 = CARTESIAN_POINT('',(3.579607199592E-02,-0.544999999973));
#3379 = CARTESIAN_POINT('',(3.691229066122E-02,-0.544999999974));
#3380 = CARTESIAN_POINT('',(3.802850904197E-02,-0.544999999977));
#3381 = CARTESIAN_POINT('',(3.914472709374E-02,-0.544999999981));
#3382 = CARTESIAN_POINT('',(4.026094476907E-02,-0.544999999986));
#3383 = CARTESIAN_POINT('',(4.25278995063E-02,-0.544999999998));
#3384 = CARTESIAN_POINT('',(4.367863643852E-02,-0.545000000006));
#3385 = CARTESIAN_POINT('',(4.482937339085E-02,-0.545000000015));
#3386 = CARTESIAN_POINT('',(4.598010877012E-02,-0.545000000025));
#3387 = CARTESIAN_POINT('',(4.713084237645E-02,-0.545000000036));
#3388 = CARTESIAN_POINT('',(4.828157260592E-02,-0.545000000048));
#3389 = CARTESIAN_POINT('',(4.943229789211E-02,-0.545000000058));
#3390 = ( GEOMETRIC_REPRESENTATION_CONTEXT(2) 
PARAMETRIC_REPRESENTATION_CONTEXT() REPRESENTATION_CONTEXT('2D SPACE',''
  ) );
#3391 = ORIENTED_EDGE('',*,*,#3392,.F.);
#3392 = EDGE_CURVE('',#3165,#3296,#3393,.T.);
#3393 = SURFACE_CURVE('',#3394,(#3400,#3409),.PCURVE_S1.);
#3394 = B_SPLINE_CURVE_WITH_KNOTS('',4,(#3395,#3396,#3397,#3398,#3399),
  .UNSPECIFIED.,.F.,.F.,(5,5),(0.,1.),.PIECEWISE_BEZIER_KNOTS.);
#3395 = CARTESIAN_POINT('',(11.672020518215,7.099999999942,
    -46.50495287144));
#3396 = CARTESIAN_POINT('',(12.136576563682,7.099999999942,-46.604011865
    ));
#3397 = CARTESIAN_POINT('',(12.601132606648,7.099999999942,
    -46.70307085802));
#3398 = CARTESIAN_POINT('',(13.065688647174,7.099999999942,
    -46.80212985052));
#3399 = CARTESIAN_POINT('',(13.530244685322,7.099999999942,
    -46.90118884252));
#3400 = PCURVE('',#258,#3401);
#3401 = DEFINITIONAL_REPRESENTATION('',(#3402),#3408);
#3402 = B_SPLINE_CURVE_WITH_KNOTS('',4,(#3403,#3404,#3405,#3406,#3407),
  .UNSPECIFIED.,.F.,.F.,(5,5),(0.,1.),.PIECEWISE_BEZIER_KNOTS.);
#3403 = CARTESIAN_POINT('',(42.38357160064,0.957600178002));
#3404 = CARTESIAN_POINT('',(42.356592208957,0.9576010814));
#3405 = CARTESIAN_POINT('',(42.329612772259,0.957601974459));
#3406 = CARTESIAN_POINT('',(42.302633291637,0.957602857432));
#3407 = CARTESIAN_POINT('',(42.275653768222,0.957603730582));
#3408 = ( GEOMETRIC_REPRESENTATION_CONTEXT(2) 
PARAMETRIC_REPRESENTATION_CONTEXT() REPRESENTATION_CONTEXT('2D SPACE',''
  ) );
#3409 = PCURVE('',#3410,#3415);
#3410 = PLANE('',#3411);
#3411 = AXIS2_PLACEMENT_3D('',#3412,#3413,#3414);
#3412 = CARTESIAN_POINT('',(12.601132601769,7.645,-46.70307085698));
#3413 = DIRECTION('',(0.208545247939,0.,0.97801271953));
#3414 = DIRECTION('',(0.97801271953,0.,-0.208545247939));
#3415 = DEFINITIONAL_REPRESENTATION('',(#3416),#3422);
#3416 = B_SPLINE_CURVE_WITH_KNOTS('',4,(#3417,#3418,#3419,#3420,#3421),
  .UNSPECIFIED.,.F.,.F.,(5,5),(0.,1.),.PIECEWISE_BEZIER_KNOTS.);
#3417 = CARTESIAN_POINT('',(-0.95,-0.545000000058));
#3418 = CARTESIAN_POINT('',(-0.474999996227,-0.545000000058));
#3419 = CARTESIAN_POINT('',(4.988459201272E-09,-0.545000000058));
#3420 = CARTESIAN_POINT('',(0.47500000371,-0.545000000058));
#3421 = CARTESIAN_POINT('',(0.95,-0.545000000058));
#3422 = ( GEOMETRIC_REPRESENTATION_CONTEXT(2) 
PARAMETRIC_REPRESENTATION_CONTEXT() REPRESENTATION_CONTEXT('2D SPACE',''
  ) );
#3423 = FACE_BOUND('',#3424,.T.);
#3424 = EDGE_LOOP('',(#3425,#3461,#3495,#3529));
#3425 = ORIENTED_EDGE('',*,*,#3426,.F.);
#3426 = EDGE_CURVE('',#3427,#3429,#3431,.T.);
#3427 = VERTEX_POINT('',#3428);
#3428 = CARTESIAN_POINT('',(11.44094179738,7.099999999996,
    -40.94221320951));
#3429 = VERTEX_POINT('',#3430);
#3430 = CARTESIAN_POINT('',(11.260358296893,7.099999999992,
    -42.02822110374));
#3431 = SURFACE_CURVE('',#3432,(#3438,#3447),.PCURVE_S1.);
#3432 = B_SPLINE_CURVE_WITH_KNOTS('',4,(#3433,#3434,#3435,#3436,#3437),
  .UNSPECIFIED.,.F.,.F.,(5,5),(0.,1.),.PIECEWISE_BEZIER_KNOTS.);
#3433 = CARTESIAN_POINT('',(11.44094179738,7.099999999996,
    -40.94221320951));
#3434 = CARTESIAN_POINT('',(11.397194342533,7.099999999994,
    -41.21394522427));
#3435 = CARTESIAN_POINT('',(11.352514086084,7.099999999993,
    -41.48552706595));
#3436 = CARTESIAN_POINT('',(11.306901797023,7.099999999992,
    -41.75695395509));
#3437 = CARTESIAN_POINT('',(11.260358296893,7.099999999992,
    -42.02822110374));
#3438 = PCURVE('',#258,#3439);
#3439 = DEFINITIONAL_REPRESENTATION('',(#3440),#3446);
#3440 = B_SPLINE_CURVE_WITH_KNOTS('',4,(#3441,#3442,#3443,#3444,#3445),
  .UNSPECIFIED.,.F.,.F.,(5,5),(0.,1.),.PIECEWISE_BEZIER_KNOTS.);
#3441 = CARTESIAN_POINT('',(42.454793616386,0.852727929287));
#3442 = CARTESIAN_POINT('',(42.454790095968,0.858073457627));
#3443 = CARTESIAN_POINT('',(42.454786846386,0.863418727845));
#3444 = CARTESIAN_POINT('',(42.454785077345,0.868762821432));
#3445 = CARTESIAN_POINT('',(42.454786061283,0.874104869086));
#3446 = ( GEOMETRIC_REPRESENTATION_CONTEXT(2) 
PARAMETRIC_REPRESENTATION_CONTEXT() REPRESENTATION_CONTEXT('2D SPACE',''
  ) );
#3447 = PCURVE('',#3448,#3453);
#3448 = CYLINDRICAL_SURFACE('',#3449,106.90250594613);
#3449 = AXIS2_PLACEMENT_3D('',#3450,#3451,#3452);
#3450 = CARTESIAN_POINT('',(-94.10250594613,5.165,-23.95026170372));
#3451 = DIRECTION('',(0.,1.,0.));
#3452 = DIRECTION('',(0.987286937845,0.,-0.158948112165));
#3453 = DEFINITIONAL_REPRESENTATION('',(#3454),#3460);
#3454 = B_SPLINE_CURVE_WITH_KNOTS('',4,(#3455,#3456,#3457,#3458,#3459),
  .UNSPECIFIED.,.F.,.F.,(5,5),(0.,1.),.PIECEWISE_BEZIER_KNOTS.);
#3455 = CARTESIAN_POINT('',(0.,1.934999999996));
#3456 = CARTESIAN_POINT('',(2.574598618544E-03,1.93499999997));
#3457 = CARTESIAN_POINT('',(5.149197266225E-03,1.935000000127));
#3458 = CARTESIAN_POINT('',(7.72379616922E-03,1.93499999986));
#3459 = CARTESIAN_POINT('',(1.029839539419E-02,1.934999999992));
#3460 = ( GEOMETRIC_REPRESENTATION_CONTEXT(2) 
PARAMETRIC_REPRESENTATION_CONTEXT() REPRESENTATION_CONTEXT('2D SPACE',''
  ) );
#3461 = ORIENTED_EDGE('',*,*,#3462,.T.);
#3462 = EDGE_CURVE('',#3427,#3463,#3465,.T.);
#3463 = VERTEX_POINT('',#3464);
#3464 = CARTESIAN_POINT('',(12.52695742901,7.099999999996,
    -41.11705613289));
#3465 = SURFACE_CURVE('',#3466,(#3472,#3481),.PCURVE_S1.);
#3466 = B_SPLINE_CURVE_WITH_KNOTS('',4,(#3467,#3468,#3469,#3470,#3471),
  .UNSPECIFIED.,.F.,.F.,(5,5),(0.,1.),.PIECEWISE_BEZIER_KNOTS.);
#3467 = CARTESIAN_POINT('',(11.44094179738,7.099999999996,
    -40.94221320951));
#3468 = CARTESIAN_POINT('',(11.712445705292,7.099999999996,
    -40.98592394036));
#3469 = CARTESIAN_POINT('',(11.983949613201,7.099999999996,
    -41.0296346712));
#3470 = CARTESIAN_POINT('',(12.255453521107,7.099999999996,
    -41.07334540205));
#3471 = CARTESIAN_POINT('',(12.52695742901,7.099999999996,
    -41.11705613289));
#3472 = PCURVE('',#258,#3473);
#3473 = DEFINITIONAL_REPRESENTATION('',(#3474),#3480);
#3474 = B_SPLINE_CURVE_WITH_KNOTS('',4,(#3475,#3476,#3477,#3478,#3479),
  .UNSPECIFIED.,.F.,.F.,(5,5),(0.,1.),.PIECEWISE_BEZIER_KNOTS.);
#3475 = CARTESIAN_POINT('',(42.454793615986,0.852727929675));
#3476 = CARTESIAN_POINT('',(42.43925347834,0.852728010265));
#3477 = CARTESIAN_POINT('',(42.42371334064,0.852728090303));
#3478 = CARTESIAN_POINT('',(42.408173202886,0.852728169798));
#3479 = CARTESIAN_POINT('',(42.39263306508,0.852728248758));
#3480 = ( GEOMETRIC_REPRESENTATION_CONTEXT(2) 
PARAMETRIC_REPRESENTATION_CONTEXT() REPRESENTATION_CONTEXT('2D SPACE',''
  ) );
#3481 = PCURVE('',#3482,#3487);
#3482 = PLANE('',#3483);
#3483 = AXIS2_PLACEMENT_3D('',#3484,#3485,#3486);
#3484 = CARTESIAN_POINT('',(11.983949613195,5.165,-41.0296346712));
#3485 = DIRECTION('',(0.158948112165,0.,0.987286937845));
#3486 = DIRECTION('',(0.987286937845,0.,-0.158948112165));
#3487 = DEFINITIONAL_REPRESENTATION('',(#3488),#3494);
#3488 = B_SPLINE_CURVE_WITH_KNOTS('',4,(#3489,#3490,#3491,#3492,#3493),
  .UNSPECIFIED.,.F.,.F.,(5,5),(0.,1.),.PIECEWISE_BEZIER_KNOTS.);
#3489 = CARTESIAN_POINT('',(-0.55,1.934999999996));
#3490 = CARTESIAN_POINT('',(-0.274999999995,1.934999999996));
#3491 = CARTESIAN_POINT('',(6.077249814496E-12,1.934999999996));
#3492 = CARTESIAN_POINT('',(0.275000000005,1.934999999996));
#3493 = CARTESIAN_POINT('',(0.55,1.934999999996));
#3494 = ( GEOMETRIC_REPRESENTATION_CONTEXT(2) 
PARAMETRIC_REPRESENTATION_CONTEXT() REPRESENTATION_CONTEXT('2D SPACE',''
  ) );
#3495 = ORIENTED_EDGE('',*,*,#3496,.T.);
#3496 = EDGE_CURVE('',#3463,#3497,#3499,.T.);
#3497 = VERTEX_POINT('',#3498);
#3498 = CARTESIAN_POINT('',(12.34451576955,7.099999999992,
    -42.21423877623));
#3499 = SURFACE_CURVE('',#3500,(#3506,#3515),.PCURVE_S1.);
#3500 = B_SPLINE_CURVE_WITH_KNOTS('',4,(#3501,#3502,#3503,#3504,#3505),
  .UNSPECIFIED.,.F.,.F.,(5,5),(0.,1.),.PIECEWISE_BEZIER_KNOTS.);
#3501 = CARTESIAN_POINT('',(12.52695742901,7.099999999996,
    -41.11705613289));
#3502 = CARTESIAN_POINT('',(12.48275982408,7.099999999994,
    -41.39158420018));
#3503 = CARTESIAN_POINT('',(12.437619818741,7.099999999993,
    -41.66596055225));
#3504 = CARTESIAN_POINT('',(12.391538191244,7.099999999992,
    -41.94018035362));
#3505 = CARTESIAN_POINT('',(12.34451576955,7.099999999992,
    -42.21423877623));
#3506 = PCURVE('',#258,#3507);
#3507 = DEFINITIONAL_REPRESENTATION('',(#3508),#3514);
#3508 = B_SPLINE_CURVE_WITH_KNOTS('',4,(#3509,#3510,#3511,#3512,#3513),
  .UNSPECIFIED.,.F.,.F.,(5,5),(0.,1.),.PIECEWISE_BEZIER_KNOTS.);
#3509 = CARTESIAN_POINT('',(42.39263306508,0.852728248758));
#3510 = CARTESIAN_POINT('',(42.392624058496,0.858073893263));
#3511 = CARTESIAN_POINT('',(42.392615841044,0.863419251917));
#3512 = CARTESIAN_POINT('',(42.392611482505,0.868763374869));
#3513 = CARTESIAN_POINT('',(42.392614121943,0.874105367703));
#3514 = ( GEOMETRIC_REPRESENTATION_CONTEXT(2) 
PARAMETRIC_REPRESENTATION_CONTEXT() REPRESENTATION_CONTEXT('2D SPACE',''
  ) );
#3515 = PCURVE('',#3516,#3521);
#3516 = CYLINDRICAL_SURFACE('',#3517,108.00250594613);
#3517 = AXIS2_PLACEMENT_3D('',#3518,#3519,#3520);
#3518 = CARTESIAN_POINT('',(-94.10250594613,5.165,-23.95026170372));
#3519 = DIRECTION('',(0.,1.,0.));
#3520 = DIRECTION('',(0.987286937845,0.,-0.158948112165));
#3521 = DEFINITIONAL_REPRESENTATION('',(#3522),#3528);
#3522 = B_SPLINE_CURVE_WITH_KNOTS('',4,(#3523,#3524,#3525,#3526,#3527),
  .UNSPECIFIED.,.F.,.F.,(5,5),(0.,1.),.PIECEWISE_BEZIER_KNOTS.);
#3523 = CARTESIAN_POINT('',(0.,1.934999999996));
#3524 = CARTESIAN_POINT('',(2.574598601535E-03,1.934999999994));
#3525 = CARTESIAN_POINT('',(5.149197261423E-03,1.935000000024));
#3526 = CARTESIAN_POINT('',(7.723796141027E-03,1.934999999955));
#3527 = CARTESIAN_POINT('',(1.029839539419E-02,1.934999999992));
#3528 = ( GEOMETRIC_REPRESENTATION_CONTEXT(2) 
PARAMETRIC_REPRESENTATION_CONTEXT() REPRESENTATION_CONTEXT('2D SPACE',''
  ) );
#3529 = ORIENTED_EDGE('',*,*,#3530,.F.);
#3530 = EDGE_CURVE('',#3429,#3497,#3531,.T.);
#3531 = SURFACE_CURVE('',#3532,(#3538,#3547),.PCURVE_S1.);
#3532 = B_SPLINE_CURVE_WITH_KNOTS('',4,(#3533,#3534,#3535,#3536,#3537),
  .UNSPECIFIED.,.F.,.F.,(5,5),(0.,1.),.PIECEWISE_BEZIER_KNOTS.);
#3533 = CARTESIAN_POINT('',(11.260358296893,7.099999999992,
    -42.02822110374));
#3534 = CARTESIAN_POINT('',(11.531397665055,7.099999999992,
    -42.07472552186));
#3535 = CARTESIAN_POINT('',(11.802437033219,7.099999999992,
    -42.12122993998));
#3536 = CARTESIAN_POINT('',(12.073476401384,7.099999999992,
    -42.16773435811));
#3537 = CARTESIAN_POINT('',(12.34451576955,7.099999999992,
    -42.21423877623));
#3538 = PCURVE('',#258,#3539);
#3539 = DEFINITIONAL_REPRESENTATION('',(#3540),#3546);
#3540 = B_SPLINE_CURVE_WITH_KNOTS('',4,(#3541,#3542,#3543,#3544,#3545),
  .UNSPECIFIED.,.F.,.F.,(5,5),(0.,1.),.PIECEWISE_BEZIER_KNOTS.);
#3541 = CARTESIAN_POINT('',(42.454786058594,0.874104871084));
#3542 = CARTESIAN_POINT('',(42.439243073932,0.874104996659));
#3543 = CARTESIAN_POINT('',(42.423700089295,0.874105121374));
#3544 = CARTESIAN_POINT('',(42.408157104684,0.874105245237));
#3545 = CARTESIAN_POINT('',(42.392614120098,0.874105368265));
#3546 = ( GEOMETRIC_REPRESENTATION_CONTEXT(2) 
PARAMETRIC_REPRESENTATION_CONTEXT() REPRESENTATION_CONTEXT('2D SPACE',''
  ) );
#3547 = PCURVE('',#3548,#3553);
#3548 = PLANE('',#3549);
#3549 = AXIS2_PLACEMENT_3D('',#3550,#3551,#3552);
#3550 = CARTESIAN_POINT('',(11.802437033222,5.165,-42.12122993998));
#3551 = DIRECTION('',(0.169106974996,0.,0.985597702416));
#3552 = DIRECTION('',(0.985597702416,0.,-0.169106974996));
#3553 = DEFINITIONAL_REPRESENTATION('',(#3554),#3560);
#3554 = B_SPLINE_CURVE_WITH_KNOTS('',4,(#3555,#3556,#3557,#3558,#3559),
  .UNSPECIFIED.,.F.,.F.,(5,5),(0.,1.),.PIECEWISE_BEZIER_KNOTS.);
#3555 = CARTESIAN_POINT('',(-0.55,1.934999999992));
#3556 = CARTESIAN_POINT('',(-0.275000000002,1.934999999992));
#3557 = CARTESIAN_POINT('',(-2.864819492743E-12,1.934999999992));
#3558 = CARTESIAN_POINT('',(0.274999999998,1.934999999992));
#3559 = CARTESIAN_POINT('',(0.55,1.934999999992));
#3560 = ( GEOMETRIC_REPRESENTATION_CONTEXT(2) 
PARAMETRIC_REPRESENTATION_CONTEXT() REPRESENTATION_CONTEXT('2D SPACE',''
  ) );
#3561 = FACE_BOUND('',#3562,.T.);
#3562 = EDGE_LOOP('',(#3563));
#3563 = ORIENTED_EDGE('',*,*,#3564,.T.);
#3564 = EDGE_CURVE('',#3565,#3565,#3567,.T.);
#3565 = VERTEX_POINT('',#3566);
#3566 = CARTESIAN_POINT('',(12.047723579968,7.1,-31.60546501515));
#3567 = SURFACE_CURVE('',#3568,(#3625,#3720),.PCURVE_S1.);
#3568 = B_SPLINE_CURVE_WITH_KNOTS('',7,(#3569,#3570,#3571,#3572,#3573,
    #3574,#3575,#3576,#3577,#3578,#3579,#3580,#3581,#3582,#3583,#3584,
    #3585,#3586,#3587,#3588,#3589,#3590,#3591,#3592,#3593,#3594,#3595,
    #3596,#3597,#3598,#3599,#3600,#3601,#3602,#3603,#3604,#3605,#3606,
    #3607,#3608,#3609,#3610,#3611,#3612,#3613,#3614,#3615,#3616,#3617,
    #3618,#3619,#3620,#3621,#3622,#3623,#3624),.UNSPECIFIED.,.T.,.F.,(8,
    6,6,6,6,6,6,6,6,8),(0.,0.515021142319,1.,1.42213918236,
    1.687648611163,1.917945671339,2.210147908822,2.811508945667,
    3.282389244999,3.697270855841),.UNSPECIFIED.);
#3569 = CARTESIAN_POINT('',(12.047723579968,7.1,-31.60546501515));
#3570 = CARTESIAN_POINT('',(12.172702564789,7.1,-31.60546501515));
#3571 = CARTESIAN_POINT('',(12.297748287389,7.1,-31.62368816402));
#3572 = CARTESIAN_POINT('',(12.419547709671,7.1,-31.66016861218));
#3573 = CARTESIAN_POINT('',(12.534943324269,7.1,-31.71413860474));
#3574 = CARTESIAN_POINT('',(12.641038578248,7.1,-31.78425137356));
#3575 = CARTESIAN_POINT('',(12.735205098415,7.1,-31.86858020948));
#3576 = CARTESIAN_POINT('',(12.890786526242,7.1,-32.05491561864));
#3577 = CARTESIAN_POINT('',(12.953868490002,7.1,-32.15569620184));
#3578 = CARTESIAN_POINT('',(13.002786307845,7.1,-32.26478960507));
#3579 = CARTESIAN_POINT('',(13.036297929915,7.1,-32.37978155121));
#3580 = CARTESIAN_POINT('',(13.053646424715,7.1,-32.49810181585));
#3581 = CARTESIAN_POINT('',(13.054567717387,7.1,-32.61703654851));
#3582 = CARTESIAN_POINT('',(13.026292414103,7.1,-32.83548855198));
#3583 = CARTESIAN_POINT('',(13.000972181971,7.1,-32.9356058299));
#3584 = CARTESIAN_POINT('',(12.963711422835,7.1,-33.03237472198));
#3585 = CARTESIAN_POINT('',(12.915072503211,7.1,-33.12410401297));
#3586 = CARTESIAN_POINT('',(12.855891020822,7.1,-33.2092285182));
#3587 = CARTESIAN_POINT('',(12.787253908716,7.1,-33.28634339332));
#3588 = CARTESIAN_POINT('',(12.662262764465,7.1,-33.39697970487));
#3589 = CARTESIAN_POINT('',(12.610790578139,7.1,-33.43606812852));
#3590 = CARTESIAN_POINT('',(12.556438437646,7.1,-33.4712349341));
#3591 = CARTESIAN_POINT('',(12.499566468464,7.1,-33.50222882636));
#3592 = CARTESIAN_POINT('',(12.440559790731,7.1,-33.52884098213));
#3593 = CARTESIAN_POINT('',(12.379825031126,7.1,-33.55090679126));
#3594 = CARTESIAN_POINT('',(12.263976262698,7.1,-33.58340067555));
#3595 = CARTESIAN_POINT('',(12.209182019895,7.1,-33.594984987));
#3596 = CARTESIAN_POINT('',(12.153680571153,7.1,-33.60298350503));
#3597 = CARTESIAN_POINT('',(12.097753297785,7.1,-33.60734665457));
#3598 = CARTESIAN_POINT('',(12.041684630798,7.1,-33.60805244881));
#3599 = CARTESIAN_POINT('',(11.985760184108,7.1,-33.60510662568));
#3600 = CARTESIAN_POINT('',(11.859852135817,7.1,-33.59021454456));
#3601 = CARTESIAN_POINT('',(11.790124000603,7.1,-33.57606079092));
#3602 = CARTESIAN_POINT('',(11.721664939085,7.1,-33.55615089248));
#3603 = CARTESIAN_POINT('',(11.655042795519,7.1,-33.53062470371));
#3604 = CARTESIAN_POINT('',(11.590802872365,7.1,-33.49969040936));
#3605 = CARTESIAN_POINT('',(11.529462001228,7.1,-33.46362236932));
#3606 = CARTESIAN_POINT('',(11.352220442556,7.1,-33.33866083941));
#3607 = CARTESIAN_POINT('',(11.247124479914,7.1,-33.23415778668));
#3608 = CARTESIAN_POINT('',(11.160650149443,7.1,-33.11225782861));
#3609 = CARTESIAN_POINT('',(11.096052935856,7.1,-32.97705710325));
#3610 = CARTESIAN_POINT('',(11.055542908943,7.1,-32.83313731585));
#3611 = CARTESIAN_POINT('',(11.040303027408,7.1,-32.68562498309));
#3612 = CARTESIAN_POINT('',(11.057368342518,7.1,-32.42582796509));
#3613 = CARTESIAN_POINT('',(11.080085193805,7.1,-32.31268365289));
#3614 = CARTESIAN_POINT('',(11.117883084857,7.1,-32.20302017716));
#3615 = CARTESIAN_POINT('',(11.170065616332,7.1,-32.09922799159));
#3616 = CARTESIAN_POINT('',(11.235526616894,7.1,-32.00349525159));
#3617 = CARTESIAN_POINT('',(11.312758303357,7.1,-31.9177954159));
#3618 = CARTESIAN_POINT('',(11.476527305002,7.1,-31.77849711505));
#3619 = CARTESIAN_POINT('',(11.560913801231,7.1,-31.72225231391));
#3620 = CARTESIAN_POINT('',(11.651676361002,7.1,-31.67612480333));
#3621 = CARTESIAN_POINT('',(11.74735057224,7.1,-31.6409448507));
#3622 = CARTESIAN_POINT('',(11.846360936971,7.1,-31.61728826273));
#3623 = CARTESIAN_POINT('',(11.947055364859,7.1,-31.60546501515));
#3624 = CARTESIAN_POINT('',(12.047723579968,7.1,-31.60546501515));
#3625 = PCURVE('',#258,#3626);
#3626 = DEFINITIONAL_REPRESENTATION('',(#3627),#3719);
#3627 = B_SPLINE_CURVE_WITH_KNOTS('',3,(#3628,#3629,#3630,#3631,#3632,
    #3633,#3634,#3635,#3636,#3637,#3638,#3639,#3640,#3641,#3642,#3643,
    #3644,#3645,#3646,#3647,#3648,#3649,#3650,#3651,#3652,#3653,#3654,
    #3655,#3656,#3657,#3658,#3659,#3660,#3661,#3662,#3663,#3664,#3665,
    #3666,#3667,#3668,#3669,#3670,#3671,#3672,#3673,#3674,#3675,#3676,
    #3677,#3678,#3679,#3680,#3681,#3682,#3683,#3684,#3685,#3686,#3687,
    #3688,#3689,#3690,#3691,#3692,#3693,#3694,#3695,#3696,#3697,#3698,
    #3699,#3700,#3701,#3702,#3703,#3704,#3705,#3706,#3707,#3708,#3709,
    #3710,#3711,#3712,#3713,#3714,#3715,#3716,#3717,#3718),
  .UNSPECIFIED.,.F.,.F.,(4,1,1,1,1,1,1,1,1,1,1,1,1,1,1,1,1,1,1,1,1,1,1,1
    ,1,1,1,1,1,1,1,1,1,1,1,1,1,1,1,1,1,1,1,1,1,1,1,1,1,1,1,1,1,1,1,1,1,1
    ,1,1,1,1,1,1,1,1,1,1,1,1,1,1,1,1,1,1,1,1,1,1,1,1,1,1,1,1,1,1,4),(0.,
    4.201444154365E-02,8.40288830873E-02,0.126043324631,0.168057766175,
    0.210072207718,0.252086649262,0.294101090806,0.336115532349,
    0.378129973893,0.420144415436,0.46215885698,0.504173298524,
    0.546187740067,0.588202181611,0.630216623155,0.672231064698,
    0.714245506242,0.756259947786,0.798274389329,0.840288830873,
    0.882303272417,0.92431771396,0.966332155504,1.008346597048,
    1.050361038591,1.092375480135,1.134389921679,1.176404363222,
    1.218418804766,1.260433246309,1.302447687853,1.344462129397,
    1.38647657094,1.428491012484,1.470505454028,1.512519895571,
    1.554534337115,1.596548778659,1.638563220202,1.680577661746,
    1.72259210329,1.764606544833,1.806620986377,1.848635427921,
    1.890649869464,1.932664311008,1.974678752551,2.016693194095,
    2.058707635639,2.100722077182,2.142736518726,2.18475096027,
    2.226765401813,2.268779843357,2.310794284901,2.352808726444,
    2.394823167988,2.436837609532,2.478852051075,2.520866492619,
    2.562880934163,2.604895375706,2.64690981725,2.688924258794,
    2.730938700337,2.772953141881,2.814967583424,2.856982024968,
    2.898996466512,2.941010908055,2.983025349599,3.025039791143,
    3.067054232686,3.10906867423,3.151083115774,3.193097557317,
    3.235111998861,3.277126440405,3.319140881948,3.361155323492,
    3.403169765036,3.445184206579,3.487198648123,3.529213089666,
    3.57122753121,3.613241972754,3.655256414297,3.697270855841),
  .QUASI_UNIFORM_KNOTS.);
#3628 = CARTESIAN_POINT('',(42.481728826677,0.670863216307));
#3629 = CARTESIAN_POINT('',(42.480388233992,0.670829804275));
#3630 = CARTESIAN_POINT('',(42.477699891634,0.670796210748));
#3631 = CARTESIAN_POINT('',(42.47366674336,0.670845028415));
#3632 = CARTESIAN_POINT('',(42.469653931397,0.670992776554));
#3633 = CARTESIAN_POINT('',(42.465681954921,0.671238456093));
#3634 = CARTESIAN_POINT('',(42.461770946036,0.671580632473));
#3635 = CARTESIAN_POINT('',(42.457940588855,0.672017389219));
#3636 = CARTESIAN_POINT('',(42.454210089907,0.672546363727));
#3637 = CARTESIAN_POINT('',(42.450598134005,0.673164754257));
#3638 = CARTESIAN_POINT('',(42.447122837127,0.673869329017));
#3639 = CARTESIAN_POINT('',(42.443801701238,0.674656426466));
#3640 = CARTESIAN_POINT('',(42.440651524962,0.675521960973));
#3641 = CARTESIAN_POINT('',(42.437688434913,0.676461389792));
#3642 = CARTESIAN_POINT('',(42.434927409763,0.677469804933));
#3643 = CARTESIAN_POINT('',(42.432381221536,0.678542481702));
#3644 = CARTESIAN_POINT('',(42.430063227737,0.679673800225));
#3645 = CARTESIAN_POINT('',(42.427985013376,0.680858046407));
#3646 = CARTESIAN_POINT('',(42.426156974947,0.682089258054));
#3647 = CARTESIAN_POINT('',(42.424588183619,0.683361293287));
#3648 = CARTESIAN_POINT('',(42.423286427146,0.684667834797));
#3649 = CARTESIAN_POINT('',(42.422258187803,0.686002405868));
#3650 = CARTESIAN_POINT('',(42.421508621407,0.687358386077));
#3651 = CARTESIAN_POINT('',(42.421041512595,0.688729004769));
#3652 = CARTESIAN_POINT('',(42.420859234612,0.69010741684));
#3653 = CARTESIAN_POINT('',(42.420962618938,0.691486469685));
#3654 = CARTESIAN_POINT('',(42.421351092932,0.692859704418));
#3655 = CARTESIAN_POINT('',(42.422022800169,0.694220304092));
#3656 = CARTESIAN_POINT('',(42.422974344784,0.695561388222));
#3657 = CARTESIAN_POINT('',(42.42420094465,0.696876277153));
#3658 = CARTESIAN_POINT('',(42.425696461914,0.69815843158));
#3659 = CARTESIAN_POINT('',(42.427453447586,0.699401481468));
#3660 = CARTESIAN_POINT('',(42.429463169468,0.700599235485));
#3661 = CARTESIAN_POINT('',(42.431715609778,0.701745692519));
#3662 = CARTESIAN_POINT('',(42.434199518103,0.702835078015));
#3663 = CARTESIAN_POINT('',(42.436902191074,0.703861792875));
#3664 = CARTESIAN_POINT('',(42.439810246295,0.704820714655));
#3665 = CARTESIAN_POINT('',(42.442909221762,0.705706998985));
#3666 = CARTESIAN_POINT('',(42.446183525836,0.706516087206));
#3667 = CARTESIAN_POINT('',(42.449616772965,0.707243820203));
#3668 = CARTESIAN_POINT('',(42.453191750228,0.707886422973));
#3669 = CARTESIAN_POINT('',(42.45689045543,0.708440520869));
#3670 = CARTESIAN_POINT('',(42.460694220647,0.708903162094));
#3671 = CARTESIAN_POINT('',(42.46458396501,0.709271864857));
#3672 = CARTESIAN_POINT('',(42.468539983051,0.709544582974));
#3673 = CARTESIAN_POINT('',(42.472542299725,0.709719755623));
#3674 = CARTESIAN_POINT('',(42.476570666557,0.70979630393));
#3675 = CARTESIAN_POINT('',(42.48060454299,0.709773643097));
#3676 = CARTESIAN_POINT('',(42.484623593543,0.709651682007));
#3677 = CARTESIAN_POINT('',(42.488607203634,0.709430845638));
#3678 = CARTESIAN_POINT('',(42.49253500407,0.709112061958));
#3679 = CARTESIAN_POINT('',(42.496386922626,0.708696761048));
#3680 = CARTESIAN_POINT('',(42.500143217019,0.708186881096));
#3681 = CARTESIAN_POINT('',(42.503784630575,0.707584843816));
#3682 = CARTESIAN_POINT('',(42.507292081372,0.706893643422));
#3683 = CARTESIAN_POINT('',(42.510648827355,0.706116358892));
#3684 = CARTESIAN_POINT('',(42.513836579481,0.705256971106));
#3685 = CARTESIAN_POINT('',(42.516838419138,0.704319882154));
#3686 = CARTESIAN_POINT('',(42.519638559696,0.703309897691));
#3687 = CARTESIAN_POINT('',(42.522222408483,0.702232191215));
#3688 = CARTESIAN_POINT('',(42.524576556272,0.701092278958));
#3689 = CARTESIAN_POINT('',(42.526688795863,0.699895996727));
#3690 = CARTESIAN_POINT('',(42.52854814417,0.69864948027));
#3691 = CARTESIAN_POINT('',(42.530144876355,0.697359147105));
#3692 = CARTESIAN_POINT('',(42.531470571335,0.696031682141));
#3693 = CARTESIAN_POINT('',(42.532518170671,0.694674015354));
#3694 = CARTESIAN_POINT('',(42.533282051258,0.693293331748));
#3695 = CARTESIAN_POINT('',(42.533758115981,0.691896960024));
#3696 = CARTESIAN_POINT('',(42.533943893024,0.690492709593));
#3697 = CARTESIAN_POINT('',(42.533838685351,0.689087504988));
#3698 = CARTESIAN_POINT('',(42.533442940278,0.687688447803));
#3699 = CARTESIAN_POINT('',(42.532758749319,0.686303127853));
#3700 = CARTESIAN_POINT('',(42.531789763073,0.684938821499));
#3701 = CARTESIAN_POINT('',(42.530541120852,0.683602680561));
#3702 = CARTESIAN_POINT('',(42.529019395364,0.682301656809));
#3703 = CARTESIAN_POINT('',(42.527232552326,0.681042497787));
#3704 = CARTESIAN_POINT('',(42.525189919271,0.679831721334));
#3705 = CARTESIAN_POINT('',(42.522902180939,0.678675599018));
#3706 = CARTESIAN_POINT('',(42.520381330892,0.677580115301));
#3707 = CARTESIAN_POINT('',(42.517640836987,0.676550999891));
#3708 = CARTESIAN_POINT('',(42.514695055912,0.675593472764));
#3709 = CARTESIAN_POINT('',(42.511558697333,0.674712194914));
#3710 = CARTESIAN_POINT('',(42.508248449264,0.673911737079));
#3711 = CARTESIAN_POINT('',(42.5047814727,0.673196079753));
#3712 = CARTESIAN_POINT('',(42.501175696525,0.672568751554));
#3713 = CARTESIAN_POINT('',(42.497449653078,0.672032794943));
#3714 = CARTESIAN_POINT('',(42.493622440874,0.671590778875));
#3715 = CARTESIAN_POINT('',(42.489713677531,0.67124477308));
#3716 = CARTESIAN_POINT('',(42.485743404523,0.670996405357));
#3717 = CARTESIAN_POINT('',(42.483069291228,0.670896535998));
#3718 = CARTESIAN_POINT('',(42.481728826677,0.670863216307));
#3719 = ( GEOMETRIC_REPRESENTATION_CONTEXT(2) 
PARAMETRIC_REPRESENTATION_CONTEXT() REPRESENTATION_CONTEXT('2D SPACE',''
  ) );
#3720 = PCURVE('',#3721,#3726);
#3721 = CYLINDRICAL_SURFACE('',#3722,1.);
#3722 = AXIS2_PLACEMENT_3D('',#3723,#3724,#3725);
#3723 = CARTESIAN_POINT('',(12.047723579968,6.12,-32.60546501515));
#3724 = DIRECTION('',(0.,1.,0.));
#3725 = DIRECTION('',(0.,-0.,1.));
#3726 = DEFINITIONAL_REPRESENTATION('',(#3727),#3819);
#3727 = B_SPLINE_CURVE_WITH_KNOTS('',3,(#3728,#3729,#3730,#3731,#3732,
    #3733,#3734,#3735,#3736,#3737,#3738,#3739,#3740,#3741,#3742,#3743,
    #3744,#3745,#3746,#3747,#3748,#3749,#3750,#3751,#3752,#3753,#3754,
    #3755,#3756,#3757,#3758,#3759,#3760,#3761,#3762,#3763,#3764,#3765,
    #3766,#3767,#3768,#3769,#3770,#3771,#3772,#3773,#3774,#3775,#3776,
    #3777,#3778,#3779,#3780,#3781,#3782,#3783,#3784,#3785,#3786,#3787,
    #3788,#3789,#3790,#3791,#3792,#3793,#3794,#3795,#3796,#3797,#3798,
    #3799,#3800,#3801,#3802,#3803,#3804,#3805,#3806,#3807,#3808,#3809,
    #3810,#3811,#3812,#3813,#3814,#3815,#3816,#3817,#3818),
  .UNSPECIFIED.,.F.,.F.,(4,1,1,1,1,1,1,1,1,1,1,1,1,1,1,1,1,1,1,1,1,1,1,1
    ,1,1,1,1,1,1,1,1,1,1,1,1,1,1,1,1,1,1,1,1,1,1,1,1,1,1,1,1,1,1,1,1,1,1
    ,1,1,1,1,1,1,1,1,1,1,1,1,1,1,1,1,1,1,1,1,1,1,1,1,1,1,1,1,1,1,4),(0.,
    4.201444154365E-02,8.40288830873E-02,0.126043324631,0.168057766175,
    0.210072207718,0.252086649262,0.294101090806,0.336115532349,
    0.378129973893,0.420144415436,0.46215885698,0.504173298524,
    0.546187740067,0.588202181611,0.630216623155,0.672231064698,
    0.714245506242,0.756259947786,0.798274389329,0.840288830873,
    0.882303272417,0.92431771396,0.966332155504,1.008346597048,
    1.050361038591,1.092375480135,1.134389921679,1.176404363222,
    1.218418804766,1.260433246309,1.302447687853,1.344462129397,
    1.38647657094,1.428491012484,1.470505454028,1.512519895571,
    1.554534337115,1.596548778659,1.638563220202,1.680577661746,
    1.72259210329,1.764606544833,1.806620986377,1.848635427921,
    1.890649869464,1.932664311008,1.974678752551,2.016693194095,
    2.058707635639,2.100722077182,2.142736518726,2.18475096027,
    2.226765401813,2.268779843357,2.310794284901,2.352808726444,
    2.394823167988,2.436837609532,2.478852051075,2.520866492619,
    2.562880934163,2.604895375706,2.64690981725,2.688924258794,
    2.730938700337,2.772953141881,2.814967583424,2.856982024968,
    2.898996466512,2.941010908055,2.983025349599,3.025039791143,
    3.067054232686,3.10906867423,3.151083115774,3.193097557317,
    3.235111998861,3.277126440405,3.319140881948,3.361155323492,
    3.403169765036,3.445184206579,3.487198648123,3.529213089666,
    3.57122753121,3.613241972754,3.655256414297,3.697270855841),
  .QUASI_UNIFORM_KNOTS.);
#3728 = CARTESIAN_POINT('',(-3.552713678801E-15,0.98));
#3729 = CARTESIAN_POINT('',(2.378999758649E-02,0.98));
#3730 = CARTESIAN_POINT('',(7.137470116757E-02,0.98));
#3731 = CARTESIAN_POINT('',(0.142759797996,0.98));
#3732 = CARTESIAN_POINT('',(0.214145311425,0.98));
#3733 = CARTESIAN_POINT('',(0.28552901041,0.98));
#3734 = CARTESIAN_POINT('',(0.356910813829,0.98));
#3735 = CARTESIAN_POINT('',(0.428292438066,0.98));
#3736 = CARTESIAN_POINT('',(0.49967638508,0.98));
#3737 = CARTESIAN_POINT('',(0.571065153832,0.98));
#3738 = CARTESIAN_POINT('',(0.642460454112,0.98));
#3739 = CARTESIAN_POINT('',(0.713862188318,0.98));
#3740 = CARTESIAN_POINT('',(0.785268123049,0.98));
#3741 = CARTESIAN_POINT('',(0.856670553202,0.98));
#3742 = CARTESIAN_POINT('',(0.928063569021,0.98));
#3743 = CARTESIAN_POINT('',(0.999474556727,0.98));
#3744 = CARTESIAN_POINT('',(1.070888361789,0.98));
#3745 = CARTESIAN_POINT('',(1.142304061538,0.98));
#3746 = CARTESIAN_POINT('',(1.213720380853,0.98));
#3747 = CARTESIAN_POINT('',(1.285138360658,0.98));
#3748 = CARTESIAN_POINT('',(1.356559527595,0.98));
#3749 = CARTESIAN_POINT('',(1.427985244401,0.98));
#3750 = CARTESIAN_POINT('',(1.499416031587,0.98));
#3751 = CARTESIAN_POINT('',(1.570849776242,0.98));
#3752 = CARTESIAN_POINT('',(1.642284126488,0.98));
#3753 = CARTESIAN_POINT('',(1.713702703044,0.98));
#3754 = CARTESIAN_POINT('',(1.785125076907,0.98));
#3755 = CARTESIAN_POINT('',(1.856550992987,0.98));
#3756 = CARTESIAN_POINT('',(1.927973795425,0.98));
#3757 = CARTESIAN_POINT('',(1.999392474403,0.98));
#3758 = CARTESIAN_POINT('',(2.070807018813,0.98));
#3759 = CARTESIAN_POINT('',(2.142218450146,0.98));
#3760 = CARTESIAN_POINT('',(2.213627853632,0.98));
#3761 = CARTESIAN_POINT('',(2.285035261908,0.98));
#3762 = CARTESIAN_POINT('',(2.356440108308,0.98));
#3763 = CARTESIAN_POINT('',(2.427834984929,0.98));
#3764 = CARTESIAN_POINT('',(2.499224520343,0.98));
#3765 = CARTESIAN_POINT('',(2.570611255792,0.98));
#3766 = CARTESIAN_POINT('',(2.641993663005,0.98));
#3767 = CARTESIAN_POINT('',(2.713372744858,0.98));
#3768 = CARTESIAN_POINT('',(2.784749252705,0.98));
#3769 = CARTESIAN_POINT('',(2.856122879608,0.98));
#3770 = CARTESIAN_POINT('',(2.927492965874,0.98));
#3771 = CARTESIAN_POINT('',(2.99886174638,0.98));
#3772 = CARTESIAN_POINT('',(3.070228373195,0.98));
#3773 = CARTESIAN_POINT('',(3.141593901342,0.98));
#3774 = CARTESIAN_POINT('',(3.212959331396,0.98));
#3775 = CARTESIAN_POINT('',(3.284323506305,0.98));
#3776 = CARTESIAN_POINT('',(3.355690161793,0.98));
#3777 = CARTESIAN_POINT('',(3.427057457391,0.98));
#3778 = CARTESIAN_POINT('',(3.498425458865,0.98));
#3779 = CARTESIAN_POINT('',(3.569795276291,0.98));
#3780 = CARTESIAN_POINT('',(3.641167661569,0.98));
#3781 = CARTESIAN_POINT('',(3.712544243319,0.98));
#3782 = CARTESIAN_POINT('',(3.783918709067,0.98));
#3783 = CARTESIAN_POINT('',(3.855320733296,0.98));
#3784 = CARTESIAN_POINT('',(3.926734003336,0.98));
#3785 = CARTESIAN_POINT('',(3.99815091837,0.98));
#3786 = CARTESIAN_POINT('',(4.069567227867,0.98));
#3787 = CARTESIAN_POINT('',(4.140982007177,0.98));
#3788 = CARTESIAN_POINT('',(4.212396392023,0.98));
#3789 = CARTESIAN_POINT('',(4.28381278342,0.98));
#3790 = CARTESIAN_POINT('',(4.355234003859,0.98));
#3791 = CARTESIAN_POINT('',(4.42666253231,0.98));
#3792 = CARTESIAN_POINT('',(4.498099597348,0.98));
#3793 = CARTESIAN_POINT('',(4.569544655015,0.98));
#3794 = CARTESIAN_POINT('',(4.640993130309,0.98));
#3795 = CARTESIAN_POINT('',(4.712440131623,0.98));
#3796 = CARTESIAN_POINT('',(4.783861155131,0.98));
#3797 = CARTESIAN_POINT('',(4.85527881499,0.98));
#3798 = CARTESIAN_POINT('',(4.926706740637,0.98));
#3799 = CARTESIAN_POINT('',(4.998132035636,0.98));
#3800 = CARTESIAN_POINT('',(5.069553589649,0.98));
#3801 = CARTESIAN_POINT('',(5.140970426148,0.98));
#3802 = CARTESIAN_POINT('',(5.212383600463,0.98));
#3803 = CARTESIAN_POINT('',(5.283794540884,0.98));
#3804 = CARTESIAN_POINT('',(5.355204482007,0.98));
#3805 = CARTESIAN_POINT('',(5.426613247869,0.98));
#3806 = CARTESIAN_POINT('',(5.498019459817,0.98));
#3807 = CARTESIAN_POINT('',(5.56941536756,0.98));
#3808 = CARTESIAN_POINT('',(5.640801185912,0.98));
#3809 = CARTESIAN_POINT('',(5.712191608697,0.98));
#3810 = CARTESIAN_POINT('',(5.783576778901,0.98));
#3811 = CARTESIAN_POINT('',(5.854957118442,0.98));
#3812 = CARTESIAN_POINT('',(5.926332894659,0.98));
#3813 = CARTESIAN_POINT('',(5.997705811405,0.98));
#3814 = CARTESIAN_POINT('',(6.069077565349,0.98));
#3815 = CARTESIAN_POINT('',(6.140449109291,0.98));
#3816 = CARTESIAN_POINT('',(6.211820184024,0.98));
#3817 = CARTESIAN_POINT('',(6.259397791946,0.98));
#3818 = CARTESIAN_POINT('',(6.28318530718,0.98));
#3819 = ( GEOMETRIC_REPRESENTATION_CONTEXT(2) 
PARAMETRIC_REPRESENTATION_CONTEXT() REPRESENTATION_CONTEXT('2D SPACE',''
  ) );
#3820 = ADVANCED_FACE('',(#3821),#349,.T.);
#3821 = FACE_BOUND('',#3822,.T.);
#3822 = EDGE_LOOP('',(#3823,#3824,#3825,#3826));
#3823 = ORIENTED_EDGE('',*,*,#335,.T.);
#3824 = ORIENTED_EDGE('',*,*,#2589,.T.);
#3825 = ORIENTED_EDGE('',*,*,#2543,.F.);
#3826 = ORIENTED_EDGE('',*,*,#3827,.F.);
#3827 = EDGE_CURVE('',#336,#2523,#3828,.T.);
#3828 = SURFACE_CURVE('',#3829,(#3852,#3859),.PCURVE_S1.);
#3829 = ( BOUNDED_CURVE() B_SPLINE_CURVE(3,(#3830,#3831,#3832,#3833,
    #3834,#3835,#3836,#3837,#3838,#3839,#3840,#3841,#3842,#3843,#3844,
    #3845,#3846,#3847,#3848,#3849,#3850,#3851),.UNSPECIFIED.,.F.,.F.) 
B_SPLINE_CURVE_WITH_KNOTS((4,1,1,1,1,1,1,1,1,1,1,1,1,1,1,1,1,1,1,4),(0.,
    5.24163189288E-02,0.104832637858,0.157248956786,0.209665275715,
    0.262081594644,0.314497913573,0.366914232502,0.41933055143,
    0.471746870359,0.524163189288,0.576579508217,0.628995827146,
    0.681412146074,0.733828465003,0.786244783932,0.838661102861,
0.89107742179,0.943493740718,1.),.UNSPECIFIED.) CURVE() 
GEOMETRIC_REPRESENTATION_ITEM() RATIONAL_B_SPLINE_CURVE((1.,
    0.999999999991,1.000000000004,0.999999999999,1.,1.,1.,1.,1.,1.,1.,1.
    ,1.,1.,1.,1.,1.,0.999999999999,1.000000000003,0.99999999999,
1.000000000024,1.)) REPRESENTATION_ITEM('') );
#3830 = CARTESIAN_POINT('',(17.239886690793,7.22,4.632079438675));
#3831 = CARTESIAN_POINT('',(17.480531029484,7.220000000116,
    3.694627527544));
#3832 = CARTESIAN_POINT('',(17.938145874771,7.219999999946,
    1.813703634306));
#3833 = CARTESIAN_POINT('',(18.553088516686,7.220000000014,
    -1.024165142547));
#3834 = CARTESIAN_POINT('',(19.09616465643,7.219999999996,
    -3.876646816659));
#3835 = CARTESIAN_POINT('',(19.56702639157,7.220000000001,
    -6.741937654919));
#3836 = CARTESIAN_POINT('',(19.965373726011,7.22,-9.618205486377));
#3837 = CARTESIAN_POINT('',(20.290952445275,7.22,-12.50361657389));
#3838 = CARTESIAN_POINT('',(20.54355483243,7.22,-15.39632986789));
#3839 = CARTESIAN_POINT('',(20.723019901678,7.22,-18.29450014224));
#3840 = CARTESIAN_POINT('',(20.829232542988,7.22,-21.19627824189));
#3841 = CARTESIAN_POINT('',(20.862127326721,7.22,-24.09981401906));
#3842 = CARTESIAN_POINT('',(20.821674578671,7.22,-27.00325141704));
#3843 = CARTESIAN_POINT('',(20.707932534598,7.22,-29.90475228349));
#3844 = CARTESIAN_POINT('',(20.520852727372,7.22,-32.80241312269));
#3845 = CARTESIAN_POINT('',(20.261006185105,7.22,-35.69458136211));
#3846 = CARTESIAN_POINT('',(19.926872973723,7.22,-38.5786806181));
#3847 = CARTESIAN_POINT('',(19.524957371959,7.220000000002,
    -41.4556004413));
#3848 = CARTESIAN_POINT('',(19.032036993712,7.219999999994,
    -44.31331913046));
#3849 = CARTESIAN_POINT('',(18.52315002793,7.220000000024,-47.2627990787
    ));
#3850 = CARTESIAN_POINT('',(17.942258498676,7.219999999944,
    -49.16284166164));
#3851 = CARTESIAN_POINT('',(16.649753084335,7.22,-49.72151391288));
#3852 = PCURVE('',#349,#3853);
#3853 = DEFINITIONAL_REPRESENTATION('',(#3854),#3858);
#3854 = LINE('',#3855,#3856);
#3855 = CARTESIAN_POINT('',(41.,0.));
#3856 = VECTOR('',#3857,1.);
#3857 = DIRECTION('',(0.,1.));
#3858 = ( GEOMETRIC_REPRESENTATION_CONTEXT(2) 
PARAMETRIC_REPRESENTATION_CONTEXT() REPRESENTATION_CONTEXT('2D SPACE',''
  ) );
#3859 = PCURVE('',#415,#3860);
#3860 = DEFINITIONAL_REPRESENTATION('',(#3861),#3865);
#3861 = LINE('',#3862,#3863);
#3862 = CARTESIAN_POINT('',(41.,0.));
#3863 = VECTOR('',#3864,1.);
#3864 = DIRECTION('',(0.,1.));
#3865 = ( GEOMETRIC_REPRESENTATION_CONTEXT(2) 
PARAMETRIC_REPRESENTATION_CONTEXT() REPRESENTATION_CONTEXT('2D SPACE',''
  ) );
#3866 = ADVANCED_FACE('',(#3867),#415,.T.);
#3867 = FACE_BOUND('',#3868,.T.);
#3868 = EDGE_LOOP('',(#3869,#3870,#3871,#3872));
#3869 = ORIENTED_EDGE('',*,*,#401,.T.);
#3870 = ORIENTED_EDGE('',*,*,#3827,.T.);
#3871 = ORIENTED_EDGE('',*,*,#2522,.F.);
#3872 = ORIENTED_EDGE('',*,*,#3873,.F.);
#3873 = EDGE_CURVE('',#402,#2502,#3874,.T.);
#3874 = SURFACE_CURVE('',#3875,(#3898,#3905),.PCURVE_S1.);
#3875 = ( BOUNDED_CURVE() B_SPLINE_CURVE(3,(#3876,#3877,#3878,#3879,
    #3880,#3881,#3882,#3883,#3884,#3885,#3886,#3887,#3888,#3889,#3890,
    #3891,#3892,#3893,#3894,#3895,#3896,#3897),.UNSPECIFIED.,.F.,.F.) 
B_SPLINE_CURVE_WITH_KNOTS((4,1,1,1,1,1,1,1,1,1,1,1,1,1,1,1,1,1,1,4),(0.,
    5.24163189288E-02,0.104832637858,0.157248956786,0.209665275715,
    0.262081594644,0.314497913573,0.366914232502,0.41933055143,
    0.471746870359,0.524163189288,0.576579508217,0.628995827146,
    0.681412146074,0.733828465003,0.786244783932,0.838661102861,
0.89107742179,0.943493740718,1.),.UNSPECIFIED.) CURVE() 
GEOMETRIC_REPRESENTATION_ITEM() RATIONAL_B_SPLINE_CURVE((1.,
    0.999999999991,1.000000000004,0.999999999999,1.,1.,1.,1.,1.,1.,1.,1.
    ,1.,1.,1.,1.,1.,0.999999999999,1.000000000003,0.99999999999,
1.000000000024,1.)) REPRESENTATION_ITEM('') );
#3876 = CARTESIAN_POINT('',(17.23259460399,7.334863049154,4.630207510942
    ));
#3877 = CARTESIAN_POINT('',(17.473223182767,7.334863049098,3.69281699561
    ));
#3878 = CARTESIAN_POINT('',(17.93080805704,7.33486304918,1.812016289035)
  );
#3879 = CARTESIAN_POINT('',(18.545710425129,7.334863049147,
    -1.025666628956));
#3880 = CARTESIAN_POINT('',(19.088750997408,7.334863049156,
    -3.877961487001));
#3881 = CARTESIAN_POINT('',(19.559581894677,7.334863049153,
    -6.743064670335));
#3882 = CARTESIAN_POINT('',(19.957903140367,7.334863049154,
    -9.619144127944));
#3883 = CARTESIAN_POINT('',(20.283460536683,7.334863049154,
    -12.5043662428));
#3884 = CARTESIAN_POINT('',(20.536046380285,7.334863049154,
    -15.3968900859));
#3885 = CARTESIAN_POINT('',(20.715499695931,7.334863049154,
    -18.29487055196));
#3886 = CARTESIAN_POINT('',(20.821705381088,7.334863049154,
    -21.19645860703));
#3887 = CARTESIAN_POINT('',(20.85459801056,7.334863049154,
    -24.09980422453));
#3888 = CARTESIAN_POINT('',(20.81414791149,7.334863049154,
    -27.00305146917));
#3889 = CARTESIAN_POINT('',(20.700413318043,7.334863049154,
    -29.90436230952));
#3890 = CARTESIAN_POINT('',(20.513345757983,7.334863049154,
    -32.80183337261));
#3891 = CARTESIAN_POINT('',(20.253516252924,7.334863049153,
    -35.6938122013));
#3892 = CARTESIAN_POINT('',(19.919404853016,7.334863049154,
    -38.57772255384));
#3893 = CARTESIAN_POINT('',(19.517515841396,7.334863049151,
    -41.45445402281));
#3894 = CARTESIAN_POINT('',(19.024626746629,7.334863049163,
    -44.31198532039));
#3895 = CARTESIAN_POINT('',(18.515776934725,7.334863049119,
    -47.26127299048));
#3896 = CARTESIAN_POINT('',(17.934913333752,7.334863049234,
    -49.16118878018));
#3897 = CARTESIAN_POINT('',(16.642420461378,7.334863049154,
    -49.71980766439));
#3898 = PCURVE('',#415,#3899);
#3899 = DEFINITIONAL_REPRESENTATION('',(#3900),#3904);
#3900 = LINE('',#3901,#3902);
#3901 = CARTESIAN_POINT('',(40.,0.));
#3902 = VECTOR('',#3903,1.);
#3903 = DIRECTION('',(0.,1.));
#3904 = ( GEOMETRIC_REPRESENTATION_CONTEXT(2) 
PARAMETRIC_REPRESENTATION_CONTEXT() REPRESENTATION_CONTEXT('2D SPACE',''
  ) );
#3905 = PCURVE('',#481,#3906);
#3906 = DEFINITIONAL_REPRESENTATION('',(#3907),#3911);
#3907 = LINE('',#3908,#3909);
#3908 = CARTESIAN_POINT('',(40.,0.));
#3909 = VECTOR('',#3910,1.);
#3910 = DIRECTION('',(0.,1.));
#3911 = ( GEOMETRIC_REPRESENTATION_CONTEXT(2) 
PARAMETRIC_REPRESENTATION_CONTEXT() REPRESENTATION_CONTEXT('2D SPACE',''
  ) );
#3912 = ADVANCED_FACE('',(#3913),#481,.T.);
#3913 = FACE_BOUND('',#3914,.T.);
#3914 = EDGE_LOOP('',(#3915,#3916,#3917,#3918));
#3915 = ORIENTED_EDGE('',*,*,#467,.T.);
#3916 = ORIENTED_EDGE('',*,*,#3873,.T.);
#3917 = ORIENTED_EDGE('',*,*,#2501,.F.);
#3918 = ORIENTED_EDGE('',*,*,#3919,.F.);
#3919 = EDGE_CURVE('',#468,#2481,#3920,.T.);
#3920 = SURFACE_CURVE('',#3921,(#3944,#3951),.PCURVE_S1.);
#3921 = ( BOUNDED_CURVE() B_SPLINE_CURVE(3,(#3922,#3923,#3924,#3925,
    #3926,#3927,#3928,#3929,#3930,#3931,#3932,#3933,#3934,#3935,#3936,
    #3937,#3938,#3939,#3940,#3941,#3942,#3943),.UNSPECIFIED.,.F.,.F.) 
B_SPLINE_CURVE_WITH_KNOTS((4,1,1,1,1,1,1,1,1,1,1,1,1,1,1,1,1,1,1,4),(0.,
    5.24163189288E-02,0.104832637858,0.157248956786,0.209665275715,
    0.262081594644,0.314497913573,0.366914232502,0.41933055143,
    0.471746870359,0.524163189288,0.576579508217,0.628995827146,
    0.681412146074,0.733828465003,0.786244783932,0.838661102861,
0.89107742179,0.943493740718,1.),.UNSPECIFIED.) CURVE() 
GEOMETRIC_REPRESENTATION_ITEM() RATIONAL_B_SPLINE_CURVE((1.,
    0.999999999991,1.000000000004,0.999999999999,1.,1.,1.,1.,1.,1.,1.,1.
    ,1.,1.,1.,1.,1.,0.999999999999,1.000000000003,0.99999999999,
1.000000000024,1.)) REPRESENTATION_ITEM('') );
#3922 = CARTESIAN_POINT('',(17.21084311321,7.44776075969,4.624623756946)
  );
#3923 = CARTESIAN_POINT('',(17.45142468061,7.447760759821,3.687416379251
    ));
#3924 = CARTESIAN_POINT('',(17.908920156539,7.44776075963,1.806983123822
    ));
#3925 = CARTESIAN_POINT('',(18.523702391491,7.447760759706,
    -1.030145397244));
#3926 = CARTESIAN_POINT('',(19.066636870147,7.447760759686,
    -3.881883003675));
#3927 = CARTESIAN_POINT('',(19.53737578139,7.447760759691,
    -6.746426433029));
#3928 = CARTESIAN_POINT('',(19.935619207228,7.44776075969,-9.62194399223
    ));
#3929 = CARTESIAN_POINT('',(20.261112999537,7.44776075969,
    -12.50660242248));
#3930 = CARTESIAN_POINT('',(20.513649495545,7.44776075969,
    -15.39856115444));
#3931 = CARTESIAN_POINT('',(20.693067751496,7.44776075969,-18.2959754433
    ));
#3932 = CARTESIAN_POINT('',(20.799252687214,7.44776075969,
    -21.19699661635));
#3933 = CARTESIAN_POINT('',(20.832138890763,7.44776075969,
    -24.09977500852));
#3934 = CARTESIAN_POINT('',(20.791696693308,7.44776075969,
    -27.00245504675));
#3935 = CARTESIAN_POINT('',(20.677984324257,7.44776075969,-29.9031990602
    ));
#3936 = CARTESIAN_POINT('',(20.490953296142,7.44776075969,
    -32.80010404203));
#3937 = CARTESIAN_POINT('',(20.231174611201,7.447760759691,
    -35.6915178794));
#3938 = CARTESIAN_POINT('',(19.897128272502,7.447760759689,
    -38.57486475384));
#3939 = CARTESIAN_POINT('',(19.495318576394,7.447760759696,
    -41.45103438278));
#3940 = CARTESIAN_POINT('',(19.002522796634,7.447760759667,
    -44.30800671241));
#3941 = CARTESIAN_POINT('',(18.493783811279,7.447760759779,
    -47.25672083611));
#3942 = CARTESIAN_POINT('',(17.913003515623,7.447760759483,
    -49.15625842058));
#3943 = CARTESIAN_POINT('',(16.620548055718,7.44776075969,
    -49.71471811328));
#3944 = PCURVE('',#481,#3945);
#3945 = DEFINITIONAL_REPRESENTATION('',(#3946),#3950);
#3946 = LINE('',#3947,#3948);
#3947 = CARTESIAN_POINT('',(39.,0.));
#3948 = VECTOR('',#3949,1.);
#3949 = DIRECTION('',(0.,1.));
#3950 = ( GEOMETRIC_REPRESENTATION_CONTEXT(2) 
PARAMETRIC_REPRESENTATION_CONTEXT() REPRESENTATION_CONTEXT('2D SPACE',''
  ) );
#3951 = PCURVE('',#547,#3952);
#3952 = DEFINITIONAL_REPRESENTATION('',(#3953),#3957);
#3953 = LINE('',#3954,#3955);
#3954 = CARTESIAN_POINT('',(39.,0.));
#3955 = VECTOR('',#3956,1.);
#3956 = DIRECTION('',(0.,1.));
#3957 = ( GEOMETRIC_REPRESENTATION_CONTEXT(2) 
PARAMETRIC_REPRESENTATION_CONTEXT() REPRESENTATION_CONTEXT('2D SPACE',''
  ) );
#3958 = ADVANCED_FACE('',(#3959),#547,.T.);
#3959 = FACE_BOUND('',#3960,.T.);
#3960 = EDGE_LOOP('',(#3961,#3962,#3963,#3964));
#3961 = ORIENTED_EDGE('',*,*,#533,.T.);
#3962 = ORIENTED_EDGE('',*,*,#3919,.T.);
#3963 = ORIENTED_EDGE('',*,*,#2480,.F.);
#3964 = ORIENTED_EDGE('',*,*,#3965,.F.);
#3965 = EDGE_CURVE('',#534,#2460,#3966,.T.);
#3966 = SURFACE_CURVE('',#3967,(#3990,#3997),.PCURVE_S1.);
#3967 = ( BOUNDED_CURVE() B_SPLINE_CURVE(3,(#3968,#3969,#3970,#3971,
    #3972,#3973,#3974,#3975,#3976,#3977,#3978,#3979,#3980,#3981,#3982,
    #3983,#3984,#3985,#3986,#3987,#3988,#3989),.UNSPECIFIED.,.F.,.F.) 
B_SPLINE_CURVE_WITH_KNOTS((4,1,1,1,1,1,1,1,1,1,1,1,1,1,1,1,1,1,1,4),(0.,
    5.24163189288E-02,0.104832637858,0.157248956786,0.209665275715,
    0.262081594644,0.314497913573,0.366914232502,0.41933055143,
    0.471746870359,0.524163189288,0.576579508217,0.628995827146,
    0.681412146074,0.733828465003,0.786244783932,0.838661102861,
0.89107742179,0.943493740718,1.),.UNSPECIFIED.) CURVE() 
GEOMETRIC_REPRESENTATION_ITEM() RATIONAL_B_SPLINE_CURVE((1.,
    0.999999999991,1.000000000004,0.999999999999,1.,1.,1.,1.,1.,1.,1.,1.
    ,1.,1.,1.,1.,1.,0.999999999999,1.000000000003,0.99999999999,
1.000000000024,1.)) REPRESENTATION_ITEM('') );
#3968 = CARTESIAN_POINT('',(17.175004392491,7.556761420481,
    4.615423716266));
#3969 = CARTESIAN_POINT('',(17.4155085014,7.556761420629,3.678518084564)
  );
#3970 = CARTESIAN_POINT('',(17.872856681329,7.556761420413,
    1.798690257495));
#3971 = CARTESIAN_POINT('',(18.487440979325,7.5567614205,-1.037524814436
    ));
#3972 = CARTESIAN_POINT('',(19.030200653495,7.556761420476,
    -3.888344268448));
#3973 = CARTESIAN_POINT('',(19.500788004466,7.556761420483,
    -6.751965422309));
#3974 = CARTESIAN_POINT('',(19.898903210869,7.556761420481,
    -9.626557172781));
#3975 = CARTESIAN_POINT('',(20.224292206395,7.556761420481,
    -12.51028685128));
#3976 = CARTESIAN_POINT('',(20.47674739512,7.556761420481,
    -15.40131448106));
#3977 = CARTESIAN_POINT('',(20.656107885161,7.556761420481,
    -18.29779591128));
#3978 = CARTESIAN_POINT('',(20.762258633185,7.556761420481,
    -21.19788306435));
#3979 = CARTESIAN_POINT('',(20.795134249097,7.556761420481,
    -24.09972687094));
#3980 = CARTESIAN_POINT('',(20.754705070694,7.556761420481,
    -27.00147235471));
#3981 = CARTESIAN_POINT('',(20.641029319542,7.556761420481,
    -29.90128243904));
#3982 = CARTESIAN_POINT('',(20.45405848308,7.556761420481,
    -32.79725472029));
#3983 = CARTESIAN_POINT('',(20.194363531616,7.556761420481,
    -35.68773765291));
#3984 = CARTESIAN_POINT('',(19.860424390659,7.556761420482,
    -38.57015611581));
#3985 = CARTESIAN_POINT('',(19.458745378272,7.55676142048,
    -41.44540003232));
#3986 = CARTESIAN_POINT('',(18.966103348583,7.556761420485,
    -44.30145138117));
#3987 = CARTESIAN_POINT('',(18.457546965478,7.556761420468,
    -47.24922050597));
#3988 = CARTESIAN_POINT('',(17.876903928644,7.556761420513,
    -49.14813493858));
#3989 = CARTESIAN_POINT('',(16.58451011028,7.556761420481,
    -49.70633234319));
#3990 = PCURVE('',#547,#3991);
#3991 = DEFINITIONAL_REPRESENTATION('',(#3992),#3996);
#3992 = LINE('',#3993,#3994);
#3993 = CARTESIAN_POINT('',(38.,0.));
#3994 = VECTOR('',#3995,1.);
#3995 = DIRECTION('',(0.,1.));
#3996 = ( GEOMETRIC_REPRESENTATION_CONTEXT(2) 
PARAMETRIC_REPRESENTATION_CONTEXT() REPRESENTATION_CONTEXT('2D SPACE',''
  ) );
#3997 = PCURVE('',#613,#3998);
#3998 = DEFINITIONAL_REPRESENTATION('',(#3999),#4003);
#3999 = LINE('',#4000,#4001);
#4000 = CARTESIAN_POINT('',(38.,0.));
#4001 = VECTOR('',#4002,1.);
#4002 = DIRECTION('',(0.,1.));
#4003 = ( GEOMETRIC_REPRESENTATION_CONTEXT(2) 
PARAMETRIC_REPRESENTATION_CONTEXT() REPRESENTATION_CONTEXT('2D SPACE',''
  ) );
#4004 = ADVANCED_FACE('',(#4005),#613,.T.);
#4005 = FACE_BOUND('',#4006,.T.);
#4006 = EDGE_LOOP('',(#4007,#4008,#4009,#4010));
#4007 = ORIENTED_EDGE('',*,*,#599,.T.);
#4008 = ORIENTED_EDGE('',*,*,#3965,.T.);
#4009 = ORIENTED_EDGE('',*,*,#2459,.F.);
#4010 = ORIENTED_EDGE('',*,*,#4011,.F.);
#4011 = EDGE_CURVE('',#600,#2439,#4012,.T.);
#4012 = SURFACE_CURVE('',#4013,(#4036,#4043),.PCURVE_S1.);
#4013 = ( BOUNDED_CURVE() B_SPLINE_CURVE(3,(#4014,#4015,#4016,#4017,
    #4018,#4019,#4020,#4021,#4022,#4023,#4024,#4025,#4026,#4027,#4028,
    #4029,#4030,#4031,#4032,#4033,#4034,#4035),.UNSPECIFIED.,.F.,.F.) 
B_SPLINE_CURVE_WITH_KNOTS((4,1,1,1,1,1,1,1,1,1,1,1,1,1,1,1,1,1,1,4),(0.,
    5.24163189288E-02,0.104832637858,0.157248956786,0.209665275715,
    0.262081594644,0.314497913573,0.366914232502,0.41933055143,
    0.471746870359,0.524163189288,0.576579508217,0.628995827146,
    0.681412146074,0.733828465003,0.786244783932,0.838661102861,
0.89107742179,0.943493740718,1.),.UNSPECIFIED.) CURVE() 
GEOMETRIC_REPRESENTATION_ITEM() RATIONAL_B_SPLINE_CURVE((1.,
    0.999999999991,1.000000000004,0.999999999999,1.,1.,1.,1.,1.,1.,1.,1.
    ,1.,1.,1.,1.,1.,0.999999999999,1.000000000003,0.99999999999,
1.000000000024,1.)) REPRESENTATION_ITEM('') );
#4014 = CARTESIAN_POINT('',(17.125691652279,7.66,4.602764804148));
#4015 = CARTESIAN_POINT('',(17.366089181197,7.659999999977,
    3.666274363113));
#4016 = CARTESIAN_POINT('',(17.82323468734,7.660000000011,1.787279583633
    ));
#4017 = CARTESIAN_POINT('',(18.43754663148,7.659999999997,
    -1.047678616748));
#4018 = CARTESIAN_POINT('',(18.980065781213,7.660000000001,
    -3.897234727262));
#4019 = CARTESIAN_POINT('',(19.450444590913,7.66,-6.75958686454));
#4020 = CARTESIAN_POINT('',(19.848383372166,7.66,-9.632904736797));
#4021 = CARTESIAN_POINT('',(20.173628171235,7.66,-12.5153564876));
#4022 = CARTESIAN_POINT('',(20.425971484178,7.66,-15.40510295559));
#4023 = CARTESIAN_POINT('',(20.605252490486,7.66,-18.30030080716));
#4024 = CARTESIAN_POINT('',(20.71135619752,7.66,-21.19910278367));
#4025 = CARTESIAN_POINT('',(20.74421724524,7.66,-24.09966063543));
#4026 = CARTESIAN_POINT('',(20.703805980567,7.66,-27.00012020719));
#4027 = CARTESIAN_POINT('',(20.590180614275,7.66,-29.89864523995));
#4028 = CARTESIAN_POINT('',(20.403292599277,7.66,-32.79333416008));
#4029 = CARTESIAN_POINT('',(20.143712861954,7.66,-35.68253620255));
#4030 = CARTESIAN_POINT('',(19.809921221059,7.659999999999,
    -38.56367720586));
#4031 = CARTESIAN_POINT('',(19.408422024678,7.660000000003,
    -41.43764737673));
#4032 = CARTESIAN_POINT('',(18.915991549005,7.65999999999,-44.2924314902
    ));
#4033 = CARTESIAN_POINT('',(18.40768642105,7.660000000038,
    -47.23890033275));
#4034 = CARTESIAN_POINT('',(17.827232243843,7.659999999912,
    -49.13695732925));
#4035 = CARTESIAN_POINT('',(16.534923244302,7.66,-49.69479383697));
#4036 = PCURVE('',#613,#4037);
#4037 = DEFINITIONAL_REPRESENTATION('',(#4038),#4042);
#4038 = LINE('',#4039,#4040);
#4039 = CARTESIAN_POINT('',(37.,0.));
#4040 = VECTOR('',#4041,1.);
#4041 = DIRECTION('',(0.,1.));
#4042 = ( GEOMETRIC_REPRESENTATION_CONTEXT(2) 
PARAMETRIC_REPRESENTATION_CONTEXT() REPRESENTATION_CONTEXT('2D SPACE',''
  ) );
#4043 = PCURVE('',#679,#4044);
#4044 = DEFINITIONAL_REPRESENTATION('',(#4045),#4049);
#4045 = LINE('',#4046,#4047);
#4046 = CARTESIAN_POINT('',(37.,0.));
#4047 = VECTOR('',#4048,1.);
#4048 = DIRECTION('',(0.,1.));
#4049 = ( GEOMETRIC_REPRESENTATION_CONTEXT(2) 
PARAMETRIC_REPRESENTATION_CONTEXT() REPRESENTATION_CONTEXT('2D SPACE',''
  ) );
#4050 = ADVANCED_FACE('',(#4051),#679,.T.);
#4051 = FACE_BOUND('',#4052,.T.);
#4052 = EDGE_LOOP('',(#4053,#4054,#4055,#4056));
#4053 = ORIENTED_EDGE('',*,*,#665,.T.);
#4054 = ORIENTED_EDGE('',*,*,#4011,.T.);
#4055 = ORIENTED_EDGE('',*,*,#2438,.F.);
#4056 = ORIENTED_EDGE('',*,*,#4057,.F.);
#4057 = EDGE_CURVE('',#666,#2418,#4058,.T.);
#4058 = SURFACE_CURVE('',#4059,(#4082,#4089),.PCURVE_S1.);
#4059 = ( BOUNDED_CURVE() B_SPLINE_CURVE(3,(#4060,#4061,#4062,#4063,
    #4064,#4065,#4066,#4067,#4068,#4069,#4070,#4071,#4072,#4073,#4074,
    #4075,#4076,#4077,#4078,#4079,#4080,#4081),.UNSPECIFIED.,.F.,.F.) 
B_SPLINE_CURVE_WITH_KNOTS((4,1,1,1,1,1,1,1,1,1,1,1,1,1,1,1,1,1,1,4),(0.,
    5.24163189288E-02,0.104832637858,0.157248956786,0.209665275715,
    0.262081594644,0.314497913573,0.366914232502,0.41933055143,
    0.471746870359,0.524163189288,0.576579508217,0.628995827146,
    0.681412146074,0.733828465003,0.786244783932,0.838661102861,
0.89107742179,0.943493740718,1.),.UNSPECIFIED.) CURVE() 
GEOMETRIC_REPRESENTATION_ITEM() RATIONAL_B_SPLINE_CURVE((1.,
    0.999999999991,1.000000000004,0.999999999999,1.,1.,1.,1.,1.,1.,1.,1.
    ,1.,1.,1.,1.,1.,0.999999999999,1.000000000003,0.99999999999,
1.000000000024,1.)) REPRESENTATION_ITEM('') );
#4060 = CARTESIAN_POINT('',(17.063748647232,7.755710057528,
    4.586863618088));
#4061 = CARTESIAN_POINT('',(17.304012298935,7.755710057473,
    3.650894708458));
#4062 = CARTESIAN_POINT('',(17.760903220341,7.755710057553,
    1.772946341987));
#4063 = CARTESIAN_POINT('',(18.374873054165,7.755710057521,
    -1.060433069797));
#4064 = CARTESIAN_POINT('',(18.917090074843,7.755710057529,
    -3.908402261906));
#4065 = CARTESIAN_POINT('',(19.387206930501,7.755710057527,
    -6.76916035473));
#4066 = CARTESIAN_POINT('',(19.784924099566,7.755710057528,
    -9.640878075698));
#4067 = CARTESIAN_POINT('',(20.109987769747,7.755710057528,
    -12.52172458856));
#4068 = CARTESIAN_POINT('',(20.362190552633,7.755710057528,
    -15.40986175617));
#4069 = CARTESIAN_POINT('',(20.541371717374,7.755710057528,
    -18.30344727151));
#4070 = CARTESIAN_POINT('',(20.647416335007,7.755710057528,
    -21.20063490457));
#4071 = CARTESIAN_POINT('',(20.680259083246,7.755710057528,
    -24.09957743529));
#4072 = CARTESIAN_POINT('',(20.639870320469,7.755710057528,
    -26.99842173981));
#4073 = CARTESIAN_POINT('',(20.526308243902,7.755710057528,
    -29.89533258614));
#4074 = CARTESIAN_POINT('',(20.339524263081,7.755710057528,
    -32.78840944326));
#4075 = CARTESIAN_POINT('',(20.080089249208,7.755710057527,
    -35.67600252658));
#4076 = CARTESIAN_POINT('',(19.746482886962,7.755710057529,
    -38.55553887996));
#4077 = CARTESIAN_POINT('',(19.345209562041,7.755710057524,-41.427909066
    ));
#4078 = CARTESIAN_POINT('',(18.853044825064,7.755710057541,
    -44.28110137269));
#4079 = CARTESIAN_POINT('',(18.345055304273,7.755710057477,
    -47.22593689611));
#4080 = CARTESIAN_POINT('',(17.764838360925,7.755710057645,
    -49.12291684779));
#4081 = CARTESIAN_POINT('',(16.47263590281,7.755710057528,
    -49.68030002167));
#4082 = PCURVE('',#679,#4083);
#4083 = DEFINITIONAL_REPRESENTATION('',(#4084),#4088);
#4084 = LINE('',#4085,#4086);
#4085 = CARTESIAN_POINT('',(36.,0.));
#4086 = VECTOR('',#4087,1.);
#4087 = DIRECTION('',(0.,1.));
#4088 = ( GEOMETRIC_REPRESENTATION_CONTEXT(2) 
PARAMETRIC_REPRESENTATION_CONTEXT() REPRESENTATION_CONTEXT('2D SPACE',''
  ) );
#4089 = PCURVE('',#745,#4090);
#4090 = DEFINITIONAL_REPRESENTATION('',(#4091),#4095);
#4091 = LINE('',#4092,#4093);
#4092 = CARTESIAN_POINT('',(36.,0.));
#4093 = VECTOR('',#4094,1.);
#4094 = DIRECTION('',(0.,1.));
#4095 = ( GEOMETRIC_REPRESENTATION_CONTEXT(2) 
PARAMETRIC_REPRESENTATION_CONTEXT() REPRESENTATION_CONTEXT('2D SPACE',''
  ) );
#4096 = ADVANCED_FACE('',(#4097),#745,.T.);
#4097 = FACE_BOUND('',#4098,.T.);
#4098 = EDGE_LOOP('',(#4099,#4100,#4101,#4102));
#4099 = ORIENTED_EDGE('',*,*,#731,.T.);
#4100 = ORIENTED_EDGE('',*,*,#4057,.T.);
#4101 = ORIENTED_EDGE('',*,*,#2417,.F.);
#4102 = ORIENTED_EDGE('',*,*,#4103,.F.);
#4103 = EDGE_CURVE('',#732,#2397,#4104,.T.);
#4104 = SURFACE_CURVE('',#4105,(#4128,#4135),.PCURVE_S1.);
#4105 = ( BOUNDED_CURVE() B_SPLINE_CURVE(3,(#4106,#4107,#4108,#4109,
    #4110,#4111,#4112,#4113,#4114,#4115,#4116,#4117,#4118,#4119,#4120,
    #4121,#4122,#4123,#4124,#4125,#4126,#4127),.UNSPECIFIED.,.F.,.F.) 
B_SPLINE_CURVE_WITH_KNOTS((4,1,1,1,1,1,1,1,1,1,1,1,1,1,1,1,1,1,1,4),(0.,
    5.24163189288E-02,0.104832637858,0.157248956786,0.209665275715,
    0.262081594644,0.314497913573,0.366914232502,0.41933055143,
    0.471746870359,0.524163189288,0.576579508217,0.628995827146,
    0.681412146074,0.733828465003,0.786244783932,0.838661102861,
0.89107742179,0.943493740718,1.),.UNSPECIFIED.) CURVE() 
GEOMETRIC_REPRESENTATION_ITEM() RATIONAL_B_SPLINE_CURVE((1.,
    0.999999999991,1.000000000004,0.999999999999,1.,1.,1.,1.,1.,1.,1.,1.
    ,1.,1.,1.,1.,1.,0.999999999999,1.000000000003,0.99999999999,
1.000000000024,1.)) REPRESENTATION_ITEM('') );
#4106 = CARTESIAN_POINT('',(16.990235239341,7.842253967444,
    4.567992231789));
#4107 = CARTESIAN_POINT('',(17.230340006578,7.842253967417,
    3.632642271838));
#4108 = CARTESIAN_POINT('',(17.686928789338,7.842253967457,
    1.755935777792));
#4109 = CARTESIAN_POINT('',(18.300492609577,7.842253967441,
    -1.075569941219));
#4110 = CARTESIAN_POINT('',(18.842351066205,7.842253967445,
    -3.921655792802));
#4111 = CARTESIAN_POINT('',(19.312157037127,7.842253967444,-6.7805220878
    ));
#4112 = CARTESIAN_POINT('',(19.709611198817,7.842253967444,
    -9.650340763446));
#4113 = CARTESIAN_POINT('',(20.034459906845,7.842253967444,
    -12.52928219418));
#4114 = CARTESIAN_POINT('',(20.286495909908,7.842253967444,
    -15.4155094584));
#4115 = CARTESIAN_POINT('',(20.465558583565,7.842253967444,
    -18.30718146742));
#4116 = CARTESIAN_POINT('',(20.571533074422,7.842253967444,
    -21.20245321204));
#4117 = CARTESIAN_POINT('',(20.604354104999,7.842253967444,
    -24.0994786941));
#4118 = CARTESIAN_POINT('',(20.563992047273,7.842253967444,
    -26.99640601383));
#4119 = CARTESIAN_POINT('',(20.450505082387,7.842253967444,
    -29.89140115805));
#4120 = CARTESIAN_POINT('',(20.263844568403,7.842253967444,
    -32.7825648331));
#4121 = CARTESIAN_POINT('',(20.004581311036,7.842253967444,-35.668248418
    ));
#4122 = CARTESIAN_POINT('',(19.671194835845,7.842253967446,
    -38.54588038712));
#4123 = CARTESIAN_POINT('',(19.270189573164,7.842253967438,
    -41.41635172535));
#4124 = CARTESIAN_POINT('',(18.77834021251,7.842253967468,-44.26765489)
  );
#4125 = CARTESIAN_POINT('',(18.27072525149,7.842253967352,
    -47.21055200444));
#4126 = CARTESIAN_POINT('',(17.690789855195,7.842253967659,
    -49.10625372983));
#4127 = CARTESIAN_POINT('',(16.398713839485,7.842253967444,
    -49.66309889047));
#4128 = PCURVE('',#745,#4129);
#4129 = DEFINITIONAL_REPRESENTATION('',(#4130),#4134);
#4130 = LINE('',#4131,#4132);
#4131 = CARTESIAN_POINT('',(35.,0.));
#4132 = VECTOR('',#4133,1.);
#4133 = DIRECTION('',(0.,1.));
#4134 = ( GEOMETRIC_REPRESENTATION_CONTEXT(2) 
PARAMETRIC_REPRESENTATION_CONTEXT() REPRESENTATION_CONTEXT('2D SPACE',''
  ) );
#4135 = PCURVE('',#811,#4136);
#4136 = DEFINITIONAL_REPRESENTATION('',(#4137),#4141);
#4137 = LINE('',#4138,#4139);
#4138 = CARTESIAN_POINT('',(35.,0.));
#4139 = VECTOR('',#4140,1.);
#4140 = DIRECTION('',(0.,1.));
#4141 = ( GEOMETRIC_REPRESENTATION_CONTEXT(2) 
PARAMETRIC_REPRESENTATION_CONTEXT() REPRESENTATION_CONTEXT('2D SPACE',''
  ) );
#4142 = ADVANCED_FACE('',(#4143),#811,.T.);
#4143 = FACE_BOUND('',#4144,.T.);
#4144 = EDGE_LOOP('',(#4145,#4146,#4147,#4148));
#4145 = ORIENTED_EDGE('',*,*,#797,.T.);
#4146 = ORIENTED_EDGE('',*,*,#4103,.T.);
#4147 = ORIENTED_EDGE('',*,*,#2396,.F.);
#4148 = ORIENTED_EDGE('',*,*,#4149,.F.);
#4149 = EDGE_CURVE('',#798,#2376,#4150,.T.);
#4150 = SURFACE_CURVE('',#4151,(#4174,#4181),.PCURVE_S1.);
#4151 = ( BOUNDED_CURVE() B_SPLINE_CURVE(3,(#4152,#4153,#4154,#4155,
    #4156,#4157,#4158,#4159,#4160,#4161,#4162,#4163,#4164,#4165,#4166,
    #4167,#4168,#4169,#4170,#4171,#4172,#4173),.UNSPECIFIED.,.F.,.F.) 
B_SPLINE_CURVE_WITH_KNOTS((4,1,1,1,1,1,1,1,1,1,1,1,1,1,1,1,1,1,1,4),(0.,
    5.24163189288E-02,0.104832637858,0.157248956786,0.209665275715,
    0.262081594644,0.314497913573,0.366914232502,0.41933055143,
    0.471746870359,0.524163189288,0.576579508217,0.628995827146,
    0.681412146074,0.733828465003,0.786244783932,0.838661102861,
0.89107742179,0.943493740718,1.),.UNSPECIFIED.) CURVE() 
GEOMETRIC_REPRESENTATION_ITEM() RATIONAL_B_SPLINE_CURVE((1.,
    0.999999999991,1.000000000004,0.999999999999,1.,1.,1.,1.,1.,1.,1.,1.
    ,1.,1.,1.,1.,1.,0.999999999999,1.000000000003,0.99999999999,
1.000000000024,1.)) REPRESENTATION_ITEM('') );
#4152 = CARTESIAN_POINT('',(16.906409263396,7.918150939456,
    4.546473539903));
#4153 = CARTESIAN_POINT('',(17.146332856811,7.918150939541,
    3.611829355884));
#4154 = CARTESIAN_POINT('',(17.602577117664,7.918150939417,
    1.736538947269));
#4155 = CARTESIAN_POINT('',(18.215677967662,7.918150939467,
    -1.09283023515));
#4156 = CARTESIAN_POINT('',(18.757127560481,7.918150939453,
    -3.936768548307));
#4157 = CARTESIAN_POINT('',(19.226579035268,7.918150939457,
    -6.793477661359));
#4158 = CARTESIAN_POINT('',(19.623733294535,7.918150939456,
    -9.661130890829));
#4159 = CARTESIAN_POINT('',(19.948336885201,7.918150939456,
    -12.53789999174));
#4160 = CARTESIAN_POINT('',(20.200182712326,7.918150939456,
    -15.42194942854));
#4161 = CARTESIAN_POINT('',(20.379110272796,7.918150939456,
    -18.31143950179));
#4162 = CARTESIAN_POINT('',(20.48500479939,7.918150939456,
    -21.20452659433));
#4163 = CARTESIAN_POINT('',(20.51780106572,7.918150939456,
    -24.09936610136));
#4164 = CARTESIAN_POINT('',(20.47746945927,7.918150939456,
    -26.99410751886));
#4165 = CARTESIAN_POINT('',(20.364068142841,7.918150939456,
    -29.88691822349));
#4166 = CARTESIAN_POINT('',(20.177548415802,7.918150939456,
    -32.77590033251));
#4167 = CARTESIAN_POINT('',(19.918481009194,7.918150939456,
    -35.65940655176));
#4168 = CARTESIAN_POINT('',(19.585345267128,7.918150939456,
    -38.5348669868));
#4169 = CARTESIAN_POINT('',(19.184645670874,7.918150939458,
    -41.40317310413));
#4170 = CARTESIAN_POINT('',(18.693155927904,7.91815093945,
    -44.25232211498));
#4171 = CARTESIAN_POINT('',(18.185968070794,7.918150939481,
    -47.19300889821));
#4172 = CARTESIAN_POINT('',(17.606353716462,7.918150939398,
    -49.08725308426));
#4173 = CARTESIAN_POINT('',(16.314421881326,7.918150939456,
    -49.64348475951));
#4174 = PCURVE('',#811,#4175);
#4175 = DEFINITIONAL_REPRESENTATION('',(#4176),#4180);
#4176 = LINE('',#4177,#4178);
#4177 = CARTESIAN_POINT('',(34.,0.));
#4178 = VECTOR('',#4179,1.);
#4179 = DIRECTION('',(0.,1.));
#4180 = ( GEOMETRIC_REPRESENTATION_CONTEXT(2) 
PARAMETRIC_REPRESENTATION_CONTEXT() REPRESENTATION_CONTEXT('2D SPACE',''
  ) );
#4181 = PCURVE('',#877,#4182);
#4182 = DEFINITIONAL_REPRESENTATION('',(#4183),#4187);
#4183 = LINE('',#4184,#4185);
#4184 = CARTESIAN_POINT('',(34.,0.));
#4185 = VECTOR('',#4186,1.);
#4186 = DIRECTION('',(0.,1.));
#4187 = ( GEOMETRIC_REPRESENTATION_CONTEXT(2) 
PARAMETRIC_REPRESENTATION_CONTEXT() REPRESENTATION_CONTEXT('2D SPACE',''
  ) );
#4188 = ADVANCED_FACE('',(#4189),#877,.T.);
#4189 = FACE_BOUND('',#4190,.T.);
#4190 = EDGE_LOOP('',(#4191,#4192,#4193,#4194));
#4191 = ORIENTED_EDGE('',*,*,#863,.T.);
#4192 = ORIENTED_EDGE('',*,*,#4149,.T.);
#4193 = ORIENTED_EDGE('',*,*,#2375,.F.);
#4194 = ORIENTED_EDGE('',*,*,#4195,.F.);
#4195 = EDGE_CURVE('',#864,#2355,#4196,.T.);
#4196 = SURFACE_CURVE('',#4197,(#4220,#4227),.PCURVE_S1.);
#4197 = ( BOUNDED_CURVE() B_SPLINE_CURVE(3,(#4198,#4199,#4200,#4201,
    #4202,#4203,#4204,#4205,#4206,#4207,#4208,#4209,#4210,#4211,#4212,
    #4213,#4214,#4215,#4216,#4217,#4218,#4219),.UNSPECIFIED.,.F.,.F.) 
B_SPLINE_CURVE_WITH_KNOTS((4,1,1,1,1,1,1,1,1,1,1,1,1,1,1,1,1,1,1,4),(0.,
    5.24163189288E-02,0.104832637858,0.157248956786,0.209665275715,
    0.262081594644,0.314497913573,0.366914232502,0.41933055143,
    0.471746870359,0.524163189288,0.576579508217,0.628995827146,
    0.681412146074,0.733828465003,0.786244783932,0.838661102861,
0.89107742179,0.943493740718,1.),.UNSPECIFIED.) CURVE() 
GEOMETRIC_REPRESENTATION_ITEM() RATIONAL_B_SPLINE_CURVE((1.,
    0.999999999991,1.000000000004,0.999999999999,1.,1.,1.,1.,1.,1.,1.,1.
    ,1.,1.,1.,1.,1.,0.999999999999,1.000000000003,0.99999999999,
1.000000000024,1.)) REPRESENTATION_ITEM('') );
#4198 = CARTESIAN_POINT('',(16.813705005087,7.98210235533,4.522675733213
    ));
#4199 = CARTESIAN_POINT('',(17.053428237352,7.98210235554,3.588812076597
    ));
#4200 = CARTESIAN_POINT('',(17.509291484835,7.982102355233,
    1.715087734993));
#4201 = CARTESIAN_POINT('',(18.121880330718,7.982102355356,
    -1.111918623021));
#4202 = CARTESIAN_POINT('',(18.662877755411,7.982102355323,
    -3.953481945027));
#4203 = CARTESIAN_POINT('',(19.131937188281,7.982102355332,
    -6.807805401943));
#4204 = CARTESIAN_POINT('',(19.528759781466,7.98210235533,
    -9.673063835776));
#4205 = CARTESIAN_POINT('',(19.853092293596,7.98210235533,
    -12.54743052833));
#4206 = CARTESIAN_POINT('',(20.104727802628,7.98210235533,
    -15.42907147691));
#4207 = CARTESIAN_POINT('',(20.283505939634,7.98210235533,
    -18.31614851846));
#4208 = CARTESIAN_POINT('',(20.38931203269,7.98210235533,-21.2068195753)
  );
#4209 = CARTESIAN_POINT('',(20.42208091191,7.98210235533,-24.09924158355
    ));
#4210 = CARTESIAN_POINT('',(20.381782981928,7.98210235533,-26.9915655828
    ));
#4211 = CARTESIAN_POINT('',(20.268476385265,7.98210235533,
    -29.88196048672));
#4212 = CARTESIAN_POINT('',(20.082112356376,7.98210235533,
    -32.76852997293));
#4213 = CARTESIAN_POINT('',(19.823261543716,7.982102355331,
    -35.64962821465));
#4214 = CARTESIAN_POINT('',(19.49040309075,7.982102355329,
    -38.52268712136));
#4215 = CARTESIAN_POINT('',(19.090041535007,7.982102355334,
    -41.38859869217));
#4216 = CARTESIAN_POINT('',(18.598949498163,7.982102355318,
    -44.23536539585));
#4217 = CARTESIAN_POINT('',(18.092233980309,7.982102355378,
    -47.17360774415));
#4218 = CARTESIAN_POINT('',(17.512974672183,7.982102355218,-49.066240019
    ));
#4219 = CARTESIAN_POINT('',(16.221202287108,7.98210235533,-49.621793232)
  );
#4220 = PCURVE('',#877,#4221);
#4221 = DEFINITIONAL_REPRESENTATION('',(#4222),#4226);
#4222 = LINE('',#4223,#4224);
#4223 = CARTESIAN_POINT('',(33.,0.));
#4224 = VECTOR('',#4225,1.);
#4225 = DIRECTION('',(0.,1.));
#4226 = ( GEOMETRIC_REPRESENTATION_CONTEXT(2) 
PARAMETRIC_REPRESENTATION_CONTEXT() REPRESENTATION_CONTEXT('2D SPACE',''
  ) );
#4227 = PCURVE('',#943,#4228);
#4228 = DEFINITIONAL_REPRESENTATION('',(#4229),#4233);
#4229 = LINE('',#4230,#4231);
#4230 = CARTESIAN_POINT('',(33.,0.));
#4231 = VECTOR('',#4232,1.);
#4232 = DIRECTION('',(0.,1.));
#4233 = ( GEOMETRIC_REPRESENTATION_CONTEXT(2) 
PARAMETRIC_REPRESENTATION_CONTEXT() REPRESENTATION_CONTEXT('2D SPACE',''
  ) );
#4234 = ADVANCED_FACE('',(#4235),#943,.T.);
#4235 = FACE_BOUND('',#4236,.T.);
#4236 = EDGE_LOOP('',(#4237,#4238,#4239,#4240));
#4237 = ORIENTED_EDGE('',*,*,#929,.T.);
#4238 = ORIENTED_EDGE('',*,*,#4195,.T.);
#4239 = ORIENTED_EDGE('',*,*,#2354,.F.);
#4240 = ORIENTED_EDGE('',*,*,#4241,.F.);
#4241 = EDGE_CURVE('',#930,#2334,#4242,.T.);
#4242 = SURFACE_CURVE('',#4243,(#4266,#4273),.PCURVE_S1.);
#4243 = ( BOUNDED_CURVE() B_SPLINE_CURVE(3,(#4244,#4245,#4246,#4247,
    #4248,#4249,#4250,#4251,#4252,#4253,#4254,#4255,#4256,#4257,#4258,
    #4259,#4260,#4261,#4262,#4263,#4264,#4265),.UNSPECIFIED.,.F.,.F.) 
B_SPLINE_CURVE_WITH_KNOTS((4,1,1,1,1,1,1,1,1,1,1,1,1,1,1,1,1,1,1,4),(0.,
    5.24163189288E-02,0.104832637858,0.157248956786,0.209665275715,
    0.262081594644,0.314497913573,0.366914232502,0.41933055143,
    0.471746870359,0.524163189288,0.576579508217,0.628995827146,
    0.681412146074,0.733828465003,0.786244783932,0.838661102861,
0.89107742179,0.943493740718,1.),.UNSPECIFIED.) CURVE() 
GEOMETRIC_REPRESENTATION_ITEM() RATIONAL_B_SPLINE_CURVE((1.,
    0.999999999991,1.000000000004,0.999999999999,1.,1.,1.,1.,1.,1.,1.,1.
    ,1.,1.,1.,1.,1.,0.999999999999,1.000000000003,0.99999999999,
1.000000000024,1.)) REPRESENTATION_ITEM('') );
#4244 = CARTESIAN_POINT('',(16.713708659975,8.03301398861,4.49700599879)
  );
#4245 = CARTESIAN_POINT('',(16.953215770436,8.033013988829,
    3.563984265257));
#4246 = CARTESIAN_POINT('',(17.408668034618,8.033013988508,1.6919491775)
  );
#4247 = CARTESIAN_POINT('',(18.020704602126,8.033013988637,
    -1.132508497315));
#4248 = CARTESIAN_POINT('',(18.561214291345,8.033013988603,
    -3.971510012084));
#4249 = CARTESIAN_POINT('',(19.029850844393,8.033013988612,
    -6.823260157943));
#4250 = CARTESIAN_POINT('',(19.426315682754,8.033013988609,
    -9.68593542229));
#4251 = CARTESIAN_POINT('',(19.750355793398,8.03301398861,
    -12.55771073382));
#4252 = CARTESIAN_POINT('',(20.001764440784,8.03301398861,
    -15.43675374329));
#4253 = CARTESIAN_POINT('',(20.180381400724,8.03301398861,
    -18.32122794484));
#4254 = CARTESIAN_POINT('',(20.286092104089,8.03301398861,-21.2092929214
    ));
#4255 = CARTESIAN_POINT('',(20.318831441939,8.03301398861,
    -24.09910727121));
#4256 = CARTESIAN_POINT('',(20.278569837406,8.03301398861,
    -26.98882369887));
#4257 = CARTESIAN_POINT('',(20.165365411133,8.03301398861,
    -29.87661277598));
#4258 = CARTESIAN_POINT('',(19.979169327559,8.03301398861,
    -32.76057986327));
#4259 = CARTESIAN_POINT('',(19.72055214606,8.03301398861,-35.63908071672
    ));
#4260 = CARTESIAN_POINT('',(19.387992793657,8.033013988609,
    -38.50954919167));
#4261 = CARTESIAN_POINT('',(18.987995868606,8.033013988615,
    -41.37287786169));
#4262 = CARTESIAN_POINT('',(18.49733282123,8.03301398859,-44.21707486673
    ));
#4263 = CARTESIAN_POINT('',(17.991126797038,8.033013988686,
    -47.15268050155));
#4264 = CARTESIAN_POINT('',(17.412250462005,8.033013988433,
    -49.04357407303));
#4265 = CARTESIAN_POINT('',(16.120650069932,8.03301398861,
    -49.59839545599));
#4266 = PCURVE('',#943,#4267);
#4267 = DEFINITIONAL_REPRESENTATION('',(#4268),#4272);
#4268 = LINE('',#4269,#4270);
#4269 = CARTESIAN_POINT('',(32.,0.));
#4270 = VECTOR('',#4271,1.);
#4271 = DIRECTION('',(0.,1.));
#4272 = ( GEOMETRIC_REPRESENTATION_CONTEXT(2) 
PARAMETRIC_REPRESENTATION_CONTEXT() REPRESENTATION_CONTEXT('2D SPACE',''
  ) );
#4273 = PCURVE('',#1009,#4274);
#4274 = DEFINITIONAL_REPRESENTATION('',(#4275),#4279);
#4275 = LINE('',#4276,#4277);
#4276 = CARTESIAN_POINT('',(32.,0.));
#4277 = VECTOR('',#4278,1.);
#4278 = DIRECTION('',(0.,1.));
#4279 = ( GEOMETRIC_REPRESENTATION_CONTEXT(2) 
PARAMETRIC_REPRESENTATION_CONTEXT() REPRESENTATION_CONTEXT('2D SPACE',''
  ) );
#4280 = ADVANCED_FACE('',(#4281),#1009,.T.);
#4281 = FACE_BOUND('',#4282,.T.);
#4282 = EDGE_LOOP('',(#4283,#4284,#4285,#4286));
#4283 = ORIENTED_EDGE('',*,*,#995,.T.);
#4284 = ORIENTED_EDGE('',*,*,#4241,.T.);
#4285 = ORIENTED_EDGE('',*,*,#2333,.F.);
#4286 = ORIENTED_EDGE('',*,*,#4287,.F.);
#4287 = EDGE_CURVE('',#996,#2313,#4288,.T.);
#4288 = SURFACE_CURVE('',#4289,(#4312,#4319),.PCURVE_S1.);
#4289 = ( BOUNDED_CURVE() B_SPLINE_CURVE(3,(#4290,#4291,#4292,#4293,
    #4294,#4295,#4296,#4297,#4298,#4299,#4300,#4301,#4302,#4303,#4304,
    #4305,#4306,#4307,#4308,#4309,#4310,#4311),.UNSPECIFIED.,.F.,.F.) 
B_SPLINE_CURVE_WITH_KNOTS((4,1,1,1,1,1,1,1,1,1,1,1,1,1,1,1,1,1,1,4),(0.,
    5.24163189288E-02,0.104832637858,0.157248956786,0.209665275715,
    0.262081594644,0.314497913573,0.366914232502,0.41933055143,
    0.471746870359,0.524163189288,0.576579508217,0.628995827146,
    0.681412146074,0.733828465003,0.786244783932,0.838661102861,
0.89107742179,0.943493740718,1.),.UNSPECIFIED.) CURVE() 
GEOMETRIC_REPRESENTATION_ITEM() RATIONAL_B_SPLINE_CURVE((1.,
    0.999999999991,1.000000000004,0.999999999999,1.,1.,1.,1.,1.,1.,1.,1.
    ,1.,1.,1.,1.,1.,0.999999999999,1.000000000003,0.99999999999,
1.000000000024,1.)) REPRESENTATION_ITEM('') );
#4290 = CARTESIAN_POINT('',(16.60813119325,8.070014727134,4.469903552908
    ));
#4291 = CARTESIAN_POINT('',(16.847410118887,8.070014727374,
    3.537770733845));
#4292 = CARTESIAN_POINT('',(17.302428462269,8.070014727023,
    1.667519181346));
#4293 = CARTESIAN_POINT('',(17.913881926619,8.070014727164,
    -1.154247559422));
#4294 = CARTESIAN_POINT('',(18.453876658346,8.070014727126,
    -3.990544284294));
#4295 = CARTESIAN_POINT('',(18.922066729251,8.070014727137,
    -6.839577494189));
#4296 = CARTESIAN_POINT('',(19.318153845332,8.070014727134,
    -9.699525413961));
#4297 = CARTESIAN_POINT('',(19.641885234609,8.070014727135,
    -12.56856471106));
#4298 = CARTESIAN_POINT('',(19.893054358463,8.070014727134,
    -15.44486478197));
#4299 = CARTESIAN_POINT('',(20.07150114552,8.070014727134,
    -18.32659087055));
#4300 = CARTESIAN_POINT('',(20.177111135185,8.070014727134,
    -21.21190431301));
#4301 = CARTESIAN_POINT('',(20.209819282864,8.070014727134,
    -24.09896546246));
#4302 = CARTESIAN_POINT('',(20.169596031221,8.070014727134,
    -26.98592878148));
#4303 = CARTESIAN_POINT('',(20.056499477801,8.070014727134,
    -29.8709665921));
#4304 = CARTESIAN_POINT('',(19.870480713118,8.070014727134,
    -32.7521860321));
#4305 = CARTESIAN_POINT('',(19.612110202494,8.070014727135,
    -35.62794452859));
#4306 = CARTESIAN_POINT('',(19.279866644429,8.070014727134,
    -38.49567799133));
#4307 = CARTESIAN_POINT('',(18.8802547013,8.070014727137,-41.35627960054
    ));
#4308 = CARTESIAN_POINT('',(18.390044586682,8.070014727124,
    -44.1977634834));
#4309 = CARTESIAN_POINT('',(17.884376492691,8.070014727173,
    -47.13058524226));
#4310 = CARTESIAN_POINT('',(17.305904505622,8.070014727045,
    -49.01964306483));
#4311 = CARTESIAN_POINT('',(16.014485706113,8.070014727134,
    -49.57369177392));
#4312 = PCURVE('',#1009,#4313);
#4313 = DEFINITIONAL_REPRESENTATION('',(#4314),#4318);
#4314 = LINE('',#4315,#4316);
#4315 = CARTESIAN_POINT('',(31.,0.));
#4316 = VECTOR('',#4317,1.);
#4317 = DIRECTION('',(0.,1.));
#4318 = ( GEOMETRIC_REPRESENTATION_CONTEXT(2) 
PARAMETRIC_REPRESENTATION_CONTEXT() REPRESENTATION_CONTEXT('2D SPACE',''
  ) );
#4319 = PCURVE('',#1075,#4320);
#4320 = DEFINITIONAL_REPRESENTATION('',(#4321),#4325);
#4321 = LINE('',#4322,#4323);
#4322 = CARTESIAN_POINT('',(31.,0.));
#4323 = VECTOR('',#4324,1.);
#4324 = DIRECTION('',(0.,1.));
#4325 = ( GEOMETRIC_REPRESENTATION_CONTEXT(2) 
PARAMETRIC_REPRESENTATION_CONTEXT() REPRESENTATION_CONTEXT('2D SPACE',''
  ) );
#4326 = ADVANCED_FACE('',(#4327),#1075,.T.);
#4327 = FACE_BOUND('',#4328,.T.);
#4328 = EDGE_LOOP('',(#4329,#4330,#4331,#4332));
#4329 = ORIENTED_EDGE('',*,*,#1061,.T.);
#4330 = ORIENTED_EDGE('',*,*,#4287,.T.);
#4331 = ORIENTED_EDGE('',*,*,#2312,.F.);
#4332 = ORIENTED_EDGE('',*,*,#4333,.F.);
#4333 = EDGE_CURVE('',#1062,#2292,#4334,.T.);
#4334 = SURFACE_CURVE('',#4335,(#4358,#4365),.PCURVE_S1.);
#4335 = ( BOUNDED_CURVE() B_SPLINE_CURVE(3,(#4336,#4337,#4338,#4339,
    #4340,#4341,#4342,#4343,#4344,#4345,#4346,#4347,#4348,#4349,#4350,
    #4351,#4352,#4353,#4354,#4355,#4356,#4357),.UNSPECIFIED.,.F.,.F.) 
B_SPLINE_CURVE_WITH_KNOTS((4,1,1,1,1,1,1,1,1,1,1,1,1,1,1,1,1,1,1,4),(0.,
    5.24163189288E-02,0.104832637858,0.157248956786,0.209665275715,
    0.262081594644,0.314497913573,0.366914232502,0.41933055143,
    0.471746870359,0.524163189288,0.576579508217,0.628995827146,
    0.681412146074,0.733828465003,0.786244783932,0.838661102861,
0.89107742179,0.943493740718,1.),.UNSPECIFIED.) CURVE() 
GEOMETRIC_REPRESENTATION_ITEM() RATIONAL_B_SPLINE_CURVE((1.,
    0.999999999991,1.000000000004,0.999999999999,1.,1.,1.,1.,1.,1.,1.,1.
    ,1.,1.,1.,1.,1.,0.999999999999,1.000000000003,0.99999999999,
1.000000000024,1.)) REPRESENTATION_ITEM('') );
#4336 = CARTESIAN_POINT('',(16.498779064639,8.092471478009,
    4.441832125928));
#4337 = CARTESIAN_POINT('',(16.737821647769,8.092471478294,
    3.510620001403));
#4338 = CARTESIAN_POINT('',(17.192390555848,8.092471477877,
    1.642215751351));
#4339 = CARTESIAN_POINT('',(17.80324006992,8.092471478044,
    -1.176763848177));
#4340 = CARTESIAN_POINT('',(18.342701433042,8.092471477999,
    -4.010259079924));
#4341 = CARTESIAN_POINT('',(18.810429058956,8.092471478012,
    -6.856478216549));
#4342 = CARTESIAN_POINT('',(19.206124948223,8.092471478008,
    -9.713601282258));
#4343 = CARTESIAN_POINT('',(19.529536578564,8.092471478009,
    -12.57980674548));
#4344 = CARTESIAN_POINT('',(19.780457615312,8.092471478009,
    -15.45326581083));
#4345 = CARTESIAN_POINT('',(19.958728145375,8.092471478009,
    -18.33214553444));
#4346 = CARTESIAN_POINT('',(20.064233820569,8.092471478009,
    -21.21460906848));
#4347 = CARTESIAN_POINT('',(20.096909662951,8.092471478009,
    -24.09881858369));
#4348 = CARTESIAN_POINT('',(20.056726135411,8.092471478009,
    -26.98293036345));
#4349 = CARTESIAN_POINT('',(19.943741311572,8.092471478009,
    -29.86511854284));
#4350 = CARTESIAN_POINT('',(19.757906205378,8.092471478009,
    -32.74349210021));
#4351 = CARTESIAN_POINT('',(19.499791184738,8.092471478009,
    -35.61641019352));
#4352 = CARTESIAN_POINT('',(19.167874711461,8.092471478007,
    -38.48131086046));
#4353 = CARTESIAN_POINT('',(18.768661514328,8.092471478015,
    -41.33908790941));
#4354 = CARTESIAN_POINT('',(18.278920525977,8.092471477987,
    -44.17776166956));
#4355 = CARTESIAN_POINT('',(17.773809594496,8.092471478093,
    -47.10770002008));
#4356 = CARTESIAN_POINT('',(17.195756412007,8.092471477813,
    -48.99485646571));
#4357 = CARTESIAN_POINT('',(15.90452569735,8.092471478009,
    -49.54810487264));
#4358 = PCURVE('',#1075,#4359);
#4359 = DEFINITIONAL_REPRESENTATION('',(#4360),#4364);
#4360 = LINE('',#4361,#4362);
#4361 = CARTESIAN_POINT('',(30.,0.));
#4362 = VECTOR('',#4363,1.);
#4363 = DIRECTION('',(0.,1.));
#4364 = ( GEOMETRIC_REPRESENTATION_CONTEXT(2) 
PARAMETRIC_REPRESENTATION_CONTEXT() REPRESENTATION_CONTEXT('2D SPACE',''
  ) );
#4365 = PCURVE('',#1141,#4366);
#4366 = DEFINITIONAL_REPRESENTATION('',(#4367),#4371);
#4367 = LINE('',#4368,#4369);
#4368 = CARTESIAN_POINT('',(30.,0.));
#4369 = VECTOR('',#4370,1.);
#4370 = DIRECTION('',(0.,1.));
#4371 = ( GEOMETRIC_REPRESENTATION_CONTEXT(2) 
PARAMETRIC_REPRESENTATION_CONTEXT() REPRESENTATION_CONTEXT('2D SPACE',''
  ) );
#4372 = ADVANCED_FACE('',(#4373),#1141,.T.);
#4373 = FACE_BOUND('',#4374,.T.);
#4374 = EDGE_LOOP('',(#4375,#4376,#4377,#4378));
#4375 = ORIENTED_EDGE('',*,*,#1127,.T.);
#4376 = ORIENTED_EDGE('',*,*,#4333,.T.);
#4377 = ORIENTED_EDGE('',*,*,#2291,.F.);
#4378 = ORIENTED_EDGE('',*,*,#4379,.F.);
#4379 = EDGE_CURVE('',#1128,#2269,#4380,.T.);
#4380 = SURFACE_CURVE('',#4381,(#4404,#4411),.PCURVE_S1.);
#4381 = ( BOUNDED_CURVE() B_SPLINE_CURVE(3,(#4382,#4383,#4384,#4385,
    #4386,#4387,#4388,#4389,#4390,#4391,#4392,#4393,#4394,#4395,#4396,
    #4397,#4398,#4399,#4400,#4401,#4402,#4403),.UNSPECIFIED.,.F.,.F.) 
B_SPLINE_CURVE_WITH_KNOTS((4,1,1,1,1,1,1,1,1,1,1,1,1,1,1,1,1,1,1,4),(0.,
    5.24163189288E-02,0.104832637858,0.157248956786,0.209665275715,
    0.262081594644,0.314497913573,0.366914232502,0.41933055143,
    0.471746870359,0.524163189288,0.576579508217,0.628995827146,
    0.681412146074,0.733828465003,0.786244783932,0.838661102861,
0.89107742179,0.943493740718,1.),.UNSPECIFIED.) CURVE() 
GEOMETRIC_REPRESENTATION_ITEM() RATIONAL_B_SPLINE_CURVE((1.,
    0.999999999991,1.000000000004,0.999999999999,1.,1.,1.,1.,1.,1.,1.,1.
    ,1.,1.,1.,1.,1.,0.999999999999,1.000000000003,0.99999999999,
1.000000000024,1.)) REPRESENTATION_ITEM('') );
#4382 = CARTESIAN_POINT('',(16.387523319381,8.1,4.413272027751));
#4383 = CARTESIAN_POINT('',(16.626325445224,8.100000000091,
    3.482996625534));
#4384 = CARTESIAN_POINT('',(17.080437094897,8.099999999958,
    1.616471835733));
#4385 = CARTESIAN_POINT('',(17.690672144751,8.100000000011,
    -1.199672103509));
#4386 = CARTESIAN_POINT('',(18.229590854392,8.099999999997,
    -4.03031707339));
#4387 = CARTESIAN_POINT('',(18.696847984991,8.100000000001,
    -6.873673148968));
#4388 = CARTESIAN_POINT('',(19.092145836921,8.1,-9.727922185175));
#4389 = CARTESIAN_POINT('',(19.415232141917,8.1,-12.59124448276));
#4390 = CARTESIAN_POINT('',(19.665900772826,8.1,-15.46181308593));
#4391 = CARTESIAN_POINT('',(19.843991977589,8.1,-18.33779689467));
#4392 = CARTESIAN_POINT('',(19.949391522392,8.1,-21.2173609087));
#4393 = CARTESIAN_POINT('',(19.9820344971,8.1,-24.09866914803));
#4394 = CARTESIAN_POINT('',(19.941891385186,8.1,-26.97987974856));
#4395 = CARTESIAN_POINT('',(19.829020235931,8.1,-29.85916868995));
#4396 = CARTESIAN_POINT('',(19.643371985379,8.1,-32.73464682317));
#4397 = CARTESIAN_POINT('',(19.385516902328,8.1,-35.60467506719));
#4398 = CARTESIAN_POINT('',(19.053933207777,8.1,-38.46669362461));
#4399 = CARTESIAN_POINT('',(18.655125698054,8.099999999999,
    -41.32159694306));
#4400 = CARTESIAN_POINT('',(18.165862002618,8.100000000003,
    -44.15741166115));
#4401 = CARTESIAN_POINT('',(17.661317932673,8.09999999999,
    -47.08441640996));
#4402 = CARTESIAN_POINT('',(17.083690845728,8.100000000024,
    -48.96963837555));
#4403 = CARTESIAN_POINT('',(15.79265148988,8.1,-49.52207255112));
#4404 = PCURVE('',#1141,#4405);
#4405 = DEFINITIONAL_REPRESENTATION('',(#4406),#4410);
#4406 = LINE('',#4407,#4408);
#4407 = CARTESIAN_POINT('',(29.,0.));
#4408 = VECTOR('',#4409,1.);
#4409 = DIRECTION('',(0.,1.));
#4410 = ( GEOMETRIC_REPRESENTATION_CONTEXT(2) 
PARAMETRIC_REPRESENTATION_CONTEXT() REPRESENTATION_CONTEXT('2D SPACE',''
  ) );
#4411 = PCURVE('',#1209,#4412);
#4412 = DEFINITIONAL_REPRESENTATION('',(#4413),#4436);
#4413 = ( BOUNDED_CURVE() B_SPLINE_CURVE(3,(#4414,#4415,#4416,#4417,
    #4418,#4419,#4420,#4421,#4422,#4423,#4424,#4425,#4426,#4427,#4428,
    #4429,#4430,#4431,#4432,#4433,#4434,#4435),.UNSPECIFIED.,.F.,.F.) 
B_SPLINE_CURVE_WITH_KNOTS((4,1,1,1,1,1,1,1,1,1,1,1,1,1,1,1,1,1,1,4),(0.,
    5.24163189288E-02,0.104832637858,0.157248956786,0.209665275715,
    0.262081594644,0.314497913573,0.366914232502,0.41933055143,
    0.471746870359,0.524163189288,0.576579508217,0.628995827146,
    0.681412146074,0.733828465003,0.786244783932,0.838661102861,
0.89107742179,0.943493740718,1.),.UNSPECIFIED.) CURVE() 
GEOMETRIC_REPRESENTATION_ITEM() RATIONAL_B_SPLINE_CURVE((1.,
    0.999999999991,1.000000000004,0.999999999999,1.,1.,1.,1.,1.,1.,1.,1.
    ,1.,1.,1.,1.,1.,0.999999999999,1.000000000003,0.99999999999,
1.000000000024,1.)) REPRESENTATION_ITEM('') );
#4414 = CARTESIAN_POINT('',(13.19243548419,-27.17660924702));
#4415 = CARTESIAN_POINT('',(13.418429436459,-26.24313963701));
#4416 = CARTESIAN_POINT('',(13.846844852008,-24.370549876));
#4417 = CARTESIAN_POINT('',(14.418317444676,-21.5462849135));
#4418 = CARTESIAN_POINT('',(14.918281132287,-18.70850045512));
#4419 = CARTESIAN_POINT('',(15.346415309181,-15.85899100169));
#4420 = CARTESIAN_POINT('',(15.702447292266,-12.9995786181));
#4421 = CARTESIAN_POINT('',(15.986149846882,-10.13208629887));
#4422 = CARTESIAN_POINT('',(16.197341974854,-7.258343660234));
#4423 = CARTESIAN_POINT('',(16.33588910568,-4.38018382487));
#4424 = CARTESIAN_POINT('',(16.401702236406,-1.499443189769));
#4425 = CARTESIAN_POINT('',(16.394741696568,1.382041546397));
#4426 = CARTESIAN_POINT('',(16.315003286834,4.262428287797));
#4427 = CARTESIAN_POINT('',(16.162570120167,7.13989398421));
#4428 = CARTESIAN_POINT('',(15.937419101534,10.012548990712));
#4429 = CARTESIAN_POINT('',(15.640142973245,12.878762218798));
#4430 = CARTESIAN_POINT('',(15.269255281651,15.735953197674));
#4431 = CARTESIAN_POINT('',(14.831247915487,18.585105691785));
#4432 = CARTESIAN_POINT('',(14.303055259311,21.413928167118));
#4433 = CARTESIAN_POINT('',(13.758330364623,24.333722048057));
#4434 = CARTESIAN_POINT('',(13.154847521047,26.210827098024));
#4435 = CARTESIAN_POINT('',(11.856337502661,26.745465170779));
#4436 = ( GEOMETRIC_REPRESENTATION_CONTEXT(2) 
PARAMETRIC_REPRESENTATION_CONTEXT() REPRESENTATION_CONTEXT('2D SPACE',''
  ) );
#4437 = ADVANCED_FACE('',(#4438,#4502),#1209,.T.);
#4438 = FACE_BOUND('',#4439,.T.);
#4439 = EDGE_LOOP('',(#4440,#4441,#4442,#4443));
#4440 = ORIENTED_EDGE('',*,*,#1193,.T.);
#4441 = ORIENTED_EDGE('',*,*,#4379,.T.);
#4442 = ORIENTED_EDGE('',*,*,#2268,.T.);
#4443 = ORIENTED_EDGE('',*,*,#4444,.F.);
#4444 = EDGE_CURVE('',#1194,#2248,#4445,.T.);
#4445 = SURFACE_CURVE('',#4446,(#4469,#4495),.PCURVE_S1.);
#4446 = ( BOUNDED_CURVE() B_SPLINE_CURVE(3,(#4447,#4448,#4449,#4450,
    #4451,#4452,#4453,#4454,#4455,#4456,#4457,#4458,#4459,#4460,#4461,
    #4462,#4463,#4464,#4465,#4466,#4467,#4468),.UNSPECIFIED.,.F.,.F.) 
B_SPLINE_CURVE_WITH_KNOTS((4,1,1,1,1,1,1,1,1,1,1,1,1,1,1,1,1,1,1,4),(0.,
    5.24163189288E-02,0.104832637858,0.157248956786,0.209665275715,
    0.262081594644,0.314497913573,0.366914232502,0.41933055143,
    0.471746870359,0.524163189288,0.576579508217,0.628995827146,
    0.681412146074,0.733828465003,0.786244783932,0.838661102861,
0.89107742179,0.943493740718,1.),.UNSPECIFIED.) CURVE() 
GEOMETRIC_REPRESENTATION_ITEM() RATIONAL_B_SPLINE_CURVE((1.,
    0.999999999991,1.000000000004,0.999999999999,1.,1.,1.,1.,1.,1.,1.,1.
    ,1.,1.,1.,1.,1.,0.999999999999,1.000000000003,0.99999999999,
1.000000000024,1.)) REPRESENTATION_ITEM('') );
#4447 = CARTESIAN_POINT('',(0.948123159942,8.1,0.449874152603));
#4448 = CARTESIAN_POINT('',(1.15355610642,8.100000000091,-0.350408577182
    ));
#4449 = CARTESIAN_POINT('',(1.544212153042,8.099999999958,
    -1.956113242797));
#4450 = CARTESIAN_POINT('',(2.069175588691,8.100000000011,
    -4.378741373703));
#4451 = CARTESIAN_POINT('',(2.532788122453,8.099999999997,-6.81384422377
    ));
#4452 = CARTESIAN_POINT('',(2.934752755794,8.100000000001,-9.25988198416
    ));
#4453 = CARTESIAN_POINT('',(3.274813394657,8.1,-11.71529057098));
#4454 = CARTESIAN_POINT('',(3.552752998317,8.1,-14.17850455649));
#4455 = CARTESIAN_POINT('',(3.768394329988,8.1,-16.64795229607));
#4456 = CARTESIAN_POINT('',(3.921599635823,8.1,-19.12205848413));
#4457 = CARTESIAN_POINT('',(4.01227185691,8.1,-21.59924481751));
#4458 = CARTESIAN_POINT('',(4.04035062878,8.1,-24.07793081534));
#4459 = CARTESIAN_POINT('',(4.005827445446,8.1,-26.5565359169));
#4460 = CARTESIAN_POINT('',(3.908689225112,8.1,-29.03347631839));
#4461 = CARTESIAN_POINT('',(3.749128951866,8.1,-31.50718157983));
#4462 = CARTESIAN_POINT('',(3.526759458891,8.1,-33.9760374125));
#4463 = CARTESIAN_POINT('',(3.243547416807,8.1,-36.43860396974));
#4464 = CARTESIAN_POINT('',(2.892863207333,8.099999999999,
    -38.89280593598));
#4465 = CARTESIAN_POINT('',(2.500346898098,8.100000000003,
    -41.33895990779));
#4466 = CARTESIAN_POINT('',(1.957636058005,8.09999999999,-43.83167100861
    ));
#4467 = CARTESIAN_POINT('',(1.748068979521,8.100000000024,
    -45.52032327142));
#4468 = CARTESIAN_POINT('',(2.685579849911,8.1,-46.47215147579));
#4469 = PCURVE('',#1209,#4470);
#4470 = DEFINITIONAL_REPRESENTATION('',(#4471),#4494);
#4471 = ( BOUNDED_CURVE() B_SPLINE_CURVE(3,(#4472,#4473,#4474,#4475,
    #4476,#4477,#4478,#4479,#4480,#4481,#4482,#4483,#4484,#4485,#4486,
    #4487,#4488,#4489,#4490,#4491,#4492,#4493),.UNSPECIFIED.,.F.,.F.) 
B_SPLINE_CURVE_WITH_KNOTS((4,1,1,1,1,1,1,1,1,1,1,1,1,1,1,1,1,1,1,4),(0.,
    5.24163189288E-02,0.104832637858,0.157248956786,0.209665275715,
    0.262081594644,0.314497913573,0.366914232502,0.41933055143,
    0.471746870359,0.524163189288,0.576579508217,0.628995827146,
    0.681412146074,0.733828465003,0.786244783932,0.838661102861,
0.89107742179,0.943493740718,1.),.UNSPECIFIED.) CURVE() 
GEOMETRIC_REPRESENTATION_ITEM() RATIONAL_B_SPLINE_CURVE((1.,
    0.999999999991,1.000000000004,0.999999999999,1.,1.,1.,1.,1.,1.,1.,1.
    ,1.,1.,1.,1.,1.,0.999999999999,1.000000000003,0.99999999999,
1.000000000024,1.)) REPRESENTATION_ITEM('') );
#4472 = CARTESIAN_POINT('',(-2.299978964125,-23.4257833964));
#4473 = CARTESIAN_POINT('',(-2.105564432288,-22.62275280365));
#4474 = CARTESIAN_POINT('',(-1.737013938855,-21.01183065974));
#4475 = CARTESIAN_POINT('',(-1.245396461804,-18.58221630234));
#4476 = CARTESIAN_POINT('',(-0.815295543303,-16.14097160511));
#4477 = CARTESIAN_POINT('',(-0.446986990844,-13.68964031336));
#4478 = CARTESIAN_POINT('',(-0.140705377676,-11.229789883));
#4479 = CARTESIAN_POINT('',(0.103353791073,-8.762988576884));
#4480 = CARTESIAN_POINT('',(0.285034895892,-6.290810327126));
#4481 = CARTESIAN_POINT('',(0.404221846798,-3.814832183791));
#4482 = CARTESIAN_POINT('',(0.460839286097,-1.336633634932));
#4483 = CARTESIAN_POINT('',(0.454848577004,1.142204158203));
#4484 = CARTESIAN_POINT('',(0.386262937415,3.620100667275));
#4485 = CARTESIAN_POINT('',(0.25509105442,6.095472058302));
#4486 = CARTESIAN_POINT('',(6.154747785993E-02,8.566750691976));
#4487 = CARTESIAN_POINT('',(-0.194732735879,11.032317110863));
#4488 = CARTESIAN_POINT('',(-0.511763312817,13.490758634048));
#4489 = CARTESIAN_POINT('',(-0.896144722109,15.939909025107));
#4490 = CARTESIAN_POINT('',(-1.322243669156,18.380437245425));
#4491 = CARTESIAN_POINT('',(-1.899162837728,20.865453937734));
#4492 = CARTESIAN_POINT('',(-2.13191880119,22.551066433691));
#4493 = CARTESIAN_POINT('',(-1.207578318474,23.515689797888));
#4494 = ( GEOMETRIC_REPRESENTATION_CONTEXT(2) 
PARAMETRIC_REPRESENTATION_CONTEXT() REPRESENTATION_CONTEXT('2D SPACE',''
  ) );
#4495 = PCURVE('',#1235,#4496);
#4496 = DEFINITIONAL_REPRESENTATION('',(#4497),#4501);
#4497 = LINE('',#4498,#4499);
#4498 = CARTESIAN_POINT('',(13.,0.));
#4499 = VECTOR('',#4500,1.);
#4500 = DIRECTION('',(0.,1.));
#4501 = ( GEOMETRIC_REPRESENTATION_CONTEXT(2) 
PARAMETRIC_REPRESENTATION_CONTEXT() REPRESENTATION_CONTEXT('2D SPACE',''
  ) );
#4502 = FACE_BOUND('',#4503,.T.);
#4503 = EDGE_LOOP('',(#4504,#4527,#4551,#4572));
#4504 = ORIENTED_EDGE('',*,*,#4505,.F.);
#4505 = EDGE_CURVE('',#4506,#4508,#4510,.T.);
#4506 = VERTEX_POINT('',#4507);
#4507 = CARTESIAN_POINT('',(12.657290252987,8.099999999975,
    -41.25085296387));
#4508 = VERTEX_POINT('',#4509);
#4509 = CARTESIAN_POINT('',(14.532823427219,8.099999999969,
    -41.55478603603));
#4510 = SURFACE_CURVE('',#4511,(#4515,#4521),.PCURVE_S1.);
#4511 = LINE('',#4512,#4513);
#4512 = CARTESIAN_POINT('',(7.253198134342,8.09999999999,-40.37511141878
    ));
#4513 = VECTOR('',#4514,1.);
#4514 = DIRECTION('',(0.98712272328,-2.832737497077E-12,-0.159964774822)
  );
#4515 = PCURVE('',#1209,#4516);
#4516 = DEFINITIONAL_REPRESENTATION('',(#4517),#4520);
#4517 = B_SPLINE_CURVE_WITH_KNOTS('',1,(#4518,#4519),.UNSPECIFIED.,.F.,
  .F.,(2,2),(5.474589928076,7.374589928076),.PIECEWISE_BEZIER_KNOTS.);
#4518 = CARTESIAN_POINT('',(8.834951276286,18.431934704281));
#4519 = CARTESIAN_POINT('',(10.706130075003,18.761616222163));
#4520 = ( GEOMETRIC_REPRESENTATION_CONTEXT(2) 
PARAMETRIC_REPRESENTATION_CONTEXT() REPRESENTATION_CONTEXT('2D SPACE',''
  ) );
#4521 = PCURVE('',#3281,#4522);
#4522 = DEFINITIONAL_REPRESENTATION('',(#4523),#4526);
#4523 = B_SPLINE_CURVE_WITH_KNOTS('',1,(#4524,#4525),.UNSPECIFIED.,.F.,
  .F.,(2,2),(5.474589928076,7.374589928076),.PIECEWISE_BEZIER_KNOTS.);
#4524 = CARTESIAN_POINT('',(-0.95,0.454999999975));
#4525 = CARTESIAN_POINT('',(0.95,0.454999999969));
#4526 = ( GEOMETRIC_REPRESENTATION_CONTEXT(2) 
PARAMETRIC_REPRESENTATION_CONTEXT() REPRESENTATION_CONTEXT('2D SPACE',''
  ) );
#4527 = ORIENTED_EDGE('',*,*,#4528,.T.);
#4528 = EDGE_CURVE('',#4506,#4529,#4531,.T.);
#4529 = VERTEX_POINT('',#4530);
#4530 = CARTESIAN_POINT('',(11.672020518215,8.099999999977,
    -46.50495287144));
#4531 = SURFACE_CURVE('',#4532,(#4537,#4544),.PCURVE_S1.);
#4532 = CIRCLE('',#4533,108.15250594613);
#4533 = AXIS2_PLACEMENT_3D('',#4534,#4535,#4536);
#4534 = CARTESIAN_POINT('',(-94.10250594613,8.100000000281,
    -23.95026170372));
#4535 = DIRECTION('',(0.,1.,0.));
#4536 = DIRECTION('',(0.98712272328,0.,-0.159964774822));
#4537 = PCURVE('',#1209,#4538);
#4538 = DEFINITIONAL_REPRESENTATION('',(#4539),#4543);
#4539 = CIRCLE('',#4540,108.15250594613);
#4540 = AXIS2_PLACEMENT_2D('',#4541,#4542);
#4541 = CARTESIAN_POINT('',(-97.67698354187,-0.334319149958));
#4542 = DIRECTION('',(0.984830946693,0.173516588359));
#4543 = ( GEOMETRIC_REPRESENTATION_CONTEXT(2) 
PARAMETRIC_REPRESENTATION_CONTEXT() REPRESENTATION_CONTEXT('2D SPACE',''
  ) );
#4544 = PCURVE('',#3226,#4545);
#4545 = DEFINITIONAL_REPRESENTATION('',(#4546),#4550);
#4546 = LINE('',#4547,#4548);
#4547 = CARTESIAN_POINT('',(1.545173303727E-19,0.455000000281));
#4548 = VECTOR('',#4549,1.);
#4549 = DIRECTION('',(1.,0.));
#4550 = ( GEOMETRIC_REPRESENTATION_CONTEXT(2) 
PARAMETRIC_REPRESENTATION_CONTEXT() REPRESENTATION_CONTEXT('2D SPACE',''
  ) );
#4551 = ORIENTED_EDGE('',*,*,#4552,.T.);
#4552 = EDGE_CURVE('',#4529,#4553,#4555,.T.);
#4553 = VERTEX_POINT('',#4554);
#4554 = CARTESIAN_POINT('',(13.530244685322,8.099999999972,
    -46.90118884252));
#4555 = SURFACE_CURVE('',#4556,(#4560,#4566),.PCURVE_S1.);
#4556 = LINE('',#4557,#4558);
#4557 = CARTESIAN_POINT('',(5.858735891504,8.099999999994,
    -45.26536481741));
#4558 = VECTOR('',#4559,1.);
#4559 = DIRECTION('',(0.97801271953,-2.809079800751E-12,-0.208545247939)
  );
#4560 = PCURVE('',#1209,#4561);
#4561 = DEFINITIONAL_REPRESENTATION('',(#4562),#4565);
#4562 = B_SPLINE_CURVE_WITH_KNOTS('',1,(#4563,#4564),.UNSPECIFIED.,.F.,
  .F.,(2,2),(5.94397650524,7.84397650524),.PIECEWISE_BEZIER_KNOTS.);
#4563 = CARTESIAN_POINT('',(7.777562743712,23.671996896675));
#4564 = CARTESIAN_POINT('',(9.630165567751,24.093734701912));
#4565 = ( GEOMETRIC_REPRESENTATION_CONTEXT(2) 
PARAMETRIC_REPRESENTATION_CONTEXT() REPRESENTATION_CONTEXT('2D SPACE',''
  ) );
#4566 = PCURVE('',#3410,#4567);
#4567 = DEFINITIONAL_REPRESENTATION('',(#4568),#4571);
#4568 = B_SPLINE_CURVE_WITH_KNOTS('',1,(#4569,#4570),.UNSPECIFIED.,.F.,
  .F.,(2,2),(5.94397650524,7.84397650524),.PIECEWISE_BEZIER_KNOTS.);
#4569 = CARTESIAN_POINT('',(-0.95,0.454999999977));
#4570 = CARTESIAN_POINT('',(0.95,0.454999999972));
#4571 = ( GEOMETRIC_REPRESENTATION_CONTEXT(2) 
PARAMETRIC_REPRESENTATION_CONTEXT() REPRESENTATION_CONTEXT('2D SPACE',''
  ) );
#4572 = ORIENTED_EDGE('',*,*,#4573,.F.);
#4573 = EDGE_CURVE('',#4508,#4553,#4574,.T.);
#4574 = SURFACE_CURVE('',#4575,(#4580,#4587),.PCURVE_S1.);
#4575 = CIRCLE('',#4576,110.05250594613);
#4576 = AXIS2_PLACEMENT_3D('',#4577,#4578,#4579);
#4577 = CARTESIAN_POINT('',(-94.10250594613,8.100000000281,
    -23.95026170372));
#4578 = DIRECTION('',(0.,1.,0.));
#4579 = DIRECTION('',(0.98712272328,0.,-0.159964774822));
#4580 = PCURVE('',#1209,#4581);
#4581 = DEFINITIONAL_REPRESENTATION('',(#4582),#4586);
#4582 = CIRCLE('',#4583,110.05250594613);
#4583 = AXIS2_PLACEMENT_2D('',#4584,#4585);
#4584 = CARTESIAN_POINT('',(-97.67698354187,-0.334319149958));
#4585 = DIRECTION('',(0.984830946693,0.173516588359));
#4586 = ( GEOMETRIC_REPRESENTATION_CONTEXT(2) 
PARAMETRIC_REPRESENTATION_CONTEXT() REPRESENTATION_CONTEXT('2D SPACE',''
  ) );
#4587 = PCURVE('',#3357,#4588);
#4588 = DEFINITIONAL_REPRESENTATION('',(#4589),#4593);
#4589 = LINE('',#4590,#4591);
#4590 = CARTESIAN_POINT('',(1.545173303727E-19,0.455000000281));
#4591 = VECTOR('',#4592,1.);
#4592 = DIRECTION('',(1.,0.));
#4593 = ( GEOMETRIC_REPRESENTATION_CONTEXT(2) 
PARAMETRIC_REPRESENTATION_CONTEXT() REPRESENTATION_CONTEXT('2D SPACE',''
  ) );
#4594 = ADVANCED_FACE('',(#4595),#1235,.T.);
#4595 = FACE_BOUND('',#4596,.T.);
#4596 = EDGE_LOOP('',(#4597,#4598,#4599,#4600));
#4597 = ORIENTED_EDGE('',*,*,#1221,.T.);
#4598 = ORIENTED_EDGE('',*,*,#4444,.T.);
#4599 = ORIENTED_EDGE('',*,*,#2247,.F.);
#4600 = ORIENTED_EDGE('',*,*,#4601,.F.);
#4601 = EDGE_CURVE('',#1222,#2227,#4602,.T.);
#4602 = SURFACE_CURVE('',#4603,(#4626,#4633),.PCURVE_S1.);
#4603 = ( BOUNDED_CURVE() B_SPLINE_CURVE(3,(#4604,#4605,#4606,#4607,
    #4608,#4609,#4610,#4611,#4612,#4613,#4614,#4615,#4616,#4617,#4618,
    #4619,#4620,#4621,#4622,#4623,#4624,#4625),.UNSPECIFIED.,.F.,.F.) 
B_SPLINE_CURVE_WITH_KNOTS((4,1,1,1,1,1,1,1,1,1,1,1,1,1,1,1,1,1,1,4),(0.,
    5.24163189288E-02,0.104832637858,0.157248956786,0.209665275715,
    0.262081594644,0.314497913573,0.366914232502,0.41933055143,
    0.471746870359,0.524163189288,0.576579508217,0.628995827146,
    0.681412146074,0.733828465003,0.786244783932,0.838661102861,
0.89107742179,0.943493740718,1.),.UNSPECIFIED.) CURVE() 
GEOMETRIC_REPRESENTATION_ITEM() RATIONAL_B_SPLINE_CURVE((1.,
    0.999999999991,1.000000000004,0.999999999999,1.,1.,1.,1.,1.,1.,1.,1.
    ,1.,1.,1.,1.,1.,0.999999999999,1.000000000003,0.99999999999,
1.000000000024,1.)) REPRESENTATION_ITEM('') );
#4604 = CARTESIAN_POINT('',(0.836867414684,8.092471478009,0.421314054426
    ));
#4605 = CARTESIAN_POINT('',(1.042059903982,8.092471478294,
    -0.378031952947));
#4606 = CARTESIAN_POINT('',(1.432258692042,8.092471477877,
    -1.981857158463));
#4607 = CARTESIAN_POINT('',(1.956607663535,8.092471478044,
    -4.401649629022));
#4608 = CARTESIAN_POINT('',(2.419677543801,8.092471477999,-6.83390221724
    ));
#4609 = CARTESIAN_POINT('',(2.82117168183,8.092471478012,-9.277076916578
    ));
#4610 = CARTESIAN_POINT('',(3.160834283354,8.092471478008,
    -11.72961147389));
#4611 = CARTESIAN_POINT('',(3.43844856167,8.092471478009,-14.18994229377
    ));
#4612 = CARTESIAN_POINT('',(3.653837487502,8.092471478009,
    -16.65649957117));
#4613 = CARTESIAN_POINT('',(3.806863468037,8.092471478009,
    -19.12770984436));
#4614 = CARTESIAN_POINT('',(3.897429558733,8.092471478009,
    -21.60199665773));
#4615 = CARTESIAN_POINT('',(3.925475462929,8.092471478009,
    -24.07778137969));
#4616 = CARTESIAN_POINT('',(3.890992695221,8.092471478009,-26.553485302)
  );
#4617 = CARTESIAN_POINT('',(3.793968149472,8.092471478009,-29.0275264655
    ));
#4618 = CARTESIAN_POINT('',(3.634594731867,8.092471478009,
    -31.49833630279));
#4619 = CARTESIAN_POINT('',(3.412485176481,8.092471478009,
    -33.96430228617));
#4620 = CARTESIAN_POINT('',(3.129605913121,8.092471478007,-36.4239867339
    ));
#4621 = CARTESIAN_POINT('',(2.779327391064,8.092471478015,
    -38.87531496963));
#4622 = CARTESIAN_POINT('',(2.387288374722,8.092471477987,
    -41.31860989941));
#4623 = CARTESIAN_POINT('',(1.84514439625,8.092471478093,-43.8083873984)
  );
#4624 = CARTESIAN_POINT('',(1.636003413084,8.092471477813,
    -45.49510518147));
#4625 = CARTESIAN_POINT('',(2.573705642441,8.092471478009,
    -46.44611915427));
#4626 = PCURVE('',#1235,#4627);
#4627 = DEFINITIONAL_REPRESENTATION('',(#4628),#4632);
#4628 = LINE('',#4629,#4630);
#4629 = CARTESIAN_POINT('',(12.,0.));
#4630 = VECTOR('',#4631,1.);
#4631 = DIRECTION('',(0.,1.));
#4632 = ( GEOMETRIC_REPRESENTATION_CONTEXT(2) 
PARAMETRIC_REPRESENTATION_CONTEXT() REPRESENTATION_CONTEXT('2D SPACE',''
  ) );
#4633 = PCURVE('',#1301,#4634);
#4634 = DEFINITIONAL_REPRESENTATION('',(#4635),#4639);
#4635 = LINE('',#4636,#4637);
#4636 = CARTESIAN_POINT('',(12.,0.));
#4637 = VECTOR('',#4638,1.);
#4638 = DIRECTION('',(0.,1.));
#4639 = ( GEOMETRIC_REPRESENTATION_CONTEXT(2) 
PARAMETRIC_REPRESENTATION_CONTEXT() REPRESENTATION_CONTEXT('2D SPACE',''
  ) );
#4640 = ADVANCED_FACE('',(#4641),#1301,.T.);
#4641 = FACE_BOUND('',#4642,.T.);
#4642 = EDGE_LOOP('',(#4643,#4644,#4645,#4646));
#4643 = ORIENTED_EDGE('',*,*,#1287,.T.);
#4644 = ORIENTED_EDGE('',*,*,#4601,.T.);
#4645 = ORIENTED_EDGE('',*,*,#2226,.F.);
#4646 = ORIENTED_EDGE('',*,*,#4647,.F.);
#4647 = EDGE_CURVE('',#1288,#2206,#4648,.T.);
#4648 = SURFACE_CURVE('',#4649,(#4672,#4679),.PCURVE_S1.);
#4649 = ( BOUNDED_CURVE() B_SPLINE_CURVE(3,(#4650,#4651,#4652,#4653,
    #4654,#4655,#4656,#4657,#4658,#4659,#4660,#4661,#4662,#4663,#4664,
    #4665,#4666,#4667,#4668,#4669,#4670,#4671),.UNSPECIFIED.,.F.,.F.) 
B_SPLINE_CURVE_WITH_KNOTS((4,1,1,1,1,1,1,1,1,1,1,1,1,1,1,1,1,1,1,4),(0.,
    5.24163189288E-02,0.104832637858,0.157248956786,0.209665275715,
    0.262081594644,0.314497913573,0.366914232502,0.41933055143,
    0.471746870359,0.524163189288,0.576579508217,0.628995827146,
    0.681412146074,0.733828465003,0.786244783932,0.838661102861,
0.89107742179,0.943493740718,1.),.UNSPECIFIED.) CURVE() 
GEOMETRIC_REPRESENTATION_ITEM() RATIONAL_B_SPLINE_CURVE((1.,
    0.999999999991,1.000000000004,0.999999999999,1.,1.,1.,1.,1.,1.,1.,1.
    ,1.,1.,1.,1.,1.,0.999999999999,1.000000000003,0.99999999999,
1.000000000024,1.)) REPRESENTATION_ITEM('') );
#4650 = CARTESIAN_POINT('',(0.727515286073,8.070014727134,0.393242627447
    ));
#4651 = CARTESIAN_POINT('',(0.932471432582,8.070014727374,
    -0.405182684893));
#4652 = CARTESIAN_POINT('',(1.322220785751,8.070014727023,
    -2.007160588688));
#4653 = CARTESIAN_POINT('',(1.845965806801,8.070014727164,
    -4.424165917716));
#4654 = CARTESIAN_POINT('',(2.308502318506,8.070014727126,
    -6.853617012887));
#4655 = CARTESIAN_POINT('',(2.709534011533,8.070014727137,
    -9.293977638933));
#4656 = CARTESIAN_POINT('',(3.048805386246,8.070014727134,
    -11.74368734219));
#4657 = CARTESIAN_POINT('',(3.326099905625,8.070014727135,
    -14.20118432819));
#4658 = CARTESIAN_POINT('',(3.541240744351,8.070014727134,
    -16.66490060003));
#4659 = CARTESIAN_POINT('',(3.694090467892,8.070014727134,
    -19.13326450825));
#4660 = CARTESIAN_POINT('',(3.784552244118,8.070014727134,-21.6047014132
    ));
#4661 = CARTESIAN_POINT('',(3.812565843016,8.070014727134,
    -24.07763450092));
#4662 = CARTESIAN_POINT('',(3.778122799411,8.070014727134,
    -26.55048688398));
#4663 = CARTESIAN_POINT('',(3.681209983242,8.070014727134,
    -29.02167841624));
#4664 = CARTESIAN_POINT('',(3.522020224127,8.070014727134,-31.4896423709
    ));
#4665 = CARTESIAN_POINT('',(3.300166158725,8.070014727135,-33.9527679511
    ));
#4666 = CARTESIAN_POINT('',(3.017613980153,8.070014727134,
    -36.40961960303));
#4667 = CARTESIAN_POINT('',(2.667734204094,8.070014727137,
    -38.85812327851));
#4668 = CARTESIAN_POINT('',(2.276164314009,8.070014727124,
    -41.29860808551));
#4669 = CARTESIAN_POINT('',(1.734577498082,8.070014727173,
    -43.78550217642));
#4670 = CARTESIAN_POINT('',(1.525855319406,8.070014727045,
    -45.47031858188));
#4671 = CARTESIAN_POINT('',(2.463745633678,8.070014727134,
    -46.42053225298));
#4672 = PCURVE('',#1301,#4673);
#4673 = DEFINITIONAL_REPRESENTATION('',(#4674),#4678);
#4674 = LINE('',#4675,#4676);
#4675 = CARTESIAN_POINT('',(11.,0.));
#4676 = VECTOR('',#4677,1.);
#4677 = DIRECTION('',(0.,1.));
#4678 = ( GEOMETRIC_REPRESENTATION_CONTEXT(2) 
PARAMETRIC_REPRESENTATION_CONTEXT() REPRESENTATION_CONTEXT('2D SPACE',''
  ) );
#4679 = PCURVE('',#1367,#4680);
#4680 = DEFINITIONAL_REPRESENTATION('',(#4681),#4685);
#4681 = LINE('',#4682,#4683);
#4682 = CARTESIAN_POINT('',(11.,0.));
#4683 = VECTOR('',#4684,1.);
#4684 = DIRECTION('',(0.,1.));
#4685 = ( GEOMETRIC_REPRESENTATION_CONTEXT(2) 
PARAMETRIC_REPRESENTATION_CONTEXT() REPRESENTATION_CONTEXT('2D SPACE',''
  ) );
#4686 = ADVANCED_FACE('',(#4687),#1367,.T.);
#4687 = FACE_BOUND('',#4688,.T.);
#4688 = EDGE_LOOP('',(#4689,#4690,#4691,#4692));
#4689 = ORIENTED_EDGE('',*,*,#1353,.T.);
#4690 = ORIENTED_EDGE('',*,*,#4647,.T.);
#4691 = ORIENTED_EDGE('',*,*,#2205,.F.);
#4692 = ORIENTED_EDGE('',*,*,#4693,.F.);
#4693 = EDGE_CURVE('',#1354,#2185,#4694,.T.);
#4694 = SURFACE_CURVE('',#4695,(#4718,#4725),.PCURVE_S1.);
#4695 = ( BOUNDED_CURVE() B_SPLINE_CURVE(3,(#4696,#4697,#4698,#4699,
    #4700,#4701,#4702,#4703,#4704,#4705,#4706,#4707,#4708,#4709,#4710,
    #4711,#4712,#4713,#4714,#4715,#4716,#4717),.UNSPECIFIED.,.F.,.F.) 
B_SPLINE_CURVE_WITH_KNOTS((4,1,1,1,1,1,1,1,1,1,1,1,1,1,1,1,1,1,1,4),(0.,
    5.24163189288E-02,0.104832637858,0.157248956786,0.209665275715,
    0.262081594644,0.314497913573,0.366914232502,0.41933055143,
    0.471746870359,0.524163189288,0.576579508217,0.628995827146,
    0.681412146074,0.733828465003,0.786244783932,0.838661102861,
0.89107742179,0.943493740718,1.),.UNSPECIFIED.) CURVE() 
GEOMETRIC_REPRESENTATION_ITEM() RATIONAL_B_SPLINE_CURVE((1.,
    0.999999999991,1.000000000004,0.999999999999,1.,1.,1.,1.,1.,1.,1.,1.
    ,1.,1.,1.,1.,1.,0.999999999999,1.000000000003,0.99999999999,
1.000000000024,1.)) REPRESENTATION_ITEM('') );
#4696 = CARTESIAN_POINT('',(0.621937819348,8.03301398861,0.366140181564)
  );
#4697 = CARTESIAN_POINT('',(0.826665781295,8.033013988829,
    -0.431396217136));
#4698 = CARTESIAN_POINT('',(1.215981213281,8.033013988508,
    -2.031590584457));
#4699 = CARTESIAN_POINT('',(1.739143131327,8.033013988637,
    -4.445904979925));
#4700 = CARTESIAN_POINT('',(2.201164685498,8.033013988603,
    -6.872651285069));
#4701 = CARTESIAN_POINT('',(2.601749896393,8.033013988612,
    -9.310294975187));
#4702 = CARTESIAN_POINT('',(2.940643548823,8.033013988609,
    -11.75727733386));
#4703 = CARTESIAN_POINT('',(3.217629346836,8.03301398861,-14.21203830543
    ));
#4704 = CARTESIAN_POINT('',(3.43253066203,8.03301398861,-16.67301163871)
  );
#4705 = CARTESIAN_POINT('',(3.585210212688,8.03301398861,-19.13862743396
    ));
#4706 = CARTESIAN_POINT('',(3.675571275213,8.03301398861,-21.60731280481
    ));
#4707 = CARTESIAN_POINT('',(3.703553683941,8.03301398861,-24.07749269217
    ));
#4708 = CARTESIAN_POINT('',(3.669148993226,8.03301398861,-26.54759196658
    ));
#4709 = CARTESIAN_POINT('',(3.57234404991,8.03301398861,-29.01603223236)
  );
#4710 = CARTESIAN_POINT('',(3.413331609685,8.03301398861,-31.48124853973
    ));
#4711 = CARTESIAN_POINT('',(3.191724215159,8.03301398861,-33.94163176297
    ));
#4712 = CARTESIAN_POINT('',(2.909487830926,8.033013988609,
    -36.39574840269));
#4713 = CARTESIAN_POINT('',(2.559993036786,8.033013988615,
    -38.84152501735));
#4714 = CARTESIAN_POINT('',(2.168876079468,8.03301398859,-41.27929670219
    ));
#4715 = CARTESIAN_POINT('',(1.627827193707,8.033013988686,
    -43.76340691709));
#4716 = CARTESIAN_POINT('',(1.419509363086,8.033013988433,
    -45.44638757375));
#4717 = CARTESIAN_POINT('',(2.357581269859,8.03301398861,-46.39582857091
    ));
#4718 = PCURVE('',#1367,#4719);
#4719 = DEFINITIONAL_REPRESENTATION('',(#4720),#4724);
#4720 = LINE('',#4721,#4722);
#4721 = CARTESIAN_POINT('',(10.,0.));
#4722 = VECTOR('',#4723,1.);
#4723 = DIRECTION('',(0.,1.));
#4724 = ( GEOMETRIC_REPRESENTATION_CONTEXT(2) 
PARAMETRIC_REPRESENTATION_CONTEXT() REPRESENTATION_CONTEXT('2D SPACE',''
  ) );
#4725 = PCURVE('',#1433,#4726);
#4726 = DEFINITIONAL_REPRESENTATION('',(#4727),#4731);
#4727 = LINE('',#4728,#4729);
#4728 = CARTESIAN_POINT('',(10.,0.));
#4729 = VECTOR('',#4730,1.);
#4730 = DIRECTION('',(0.,1.));
#4731 = ( GEOMETRIC_REPRESENTATION_CONTEXT(2) 
PARAMETRIC_REPRESENTATION_CONTEXT() REPRESENTATION_CONTEXT('2D SPACE',''
  ) );
#4732 = ADVANCED_FACE('',(#4733),#1433,.T.);
#4733 = FACE_BOUND('',#4734,.T.);
#4734 = EDGE_LOOP('',(#4735,#4736,#4737,#4738));
#4735 = ORIENTED_EDGE('',*,*,#1419,.T.);
#4736 = ORIENTED_EDGE('',*,*,#4693,.T.);
#4737 = ORIENTED_EDGE('',*,*,#2184,.F.);
#4738 = ORIENTED_EDGE('',*,*,#4739,.F.);
#4739 = EDGE_CURVE('',#1420,#2164,#4740,.T.);
#4740 = SURFACE_CURVE('',#4741,(#4764,#4771),.PCURVE_S1.);
#4741 = ( BOUNDED_CURVE() B_SPLINE_CURVE(3,(#4742,#4743,#4744,#4745,
    #4746,#4747,#4748,#4749,#4750,#4751,#4752,#4753,#4754,#4755,#4756,
    #4757,#4758,#4759,#4760,#4761,#4762,#4763),.UNSPECIFIED.,.F.,.F.) 
B_SPLINE_CURVE_WITH_KNOTS((4,1,1,1,1,1,1,1,1,1,1,1,1,1,1,1,1,1,1,4),(0.,
    5.24163189288E-02,0.104832637858,0.157248956786,0.209665275715,
    0.262081594644,0.314497913573,0.366914232502,0.41933055143,
    0.471746870359,0.524163189288,0.576579508217,0.628995827146,
    0.681412146074,0.733828465003,0.786244783932,0.838661102861,
0.89107742179,0.943493740718,1.),.UNSPECIFIED.) CURVE() 
GEOMETRIC_REPRESENTATION_ITEM() RATIONAL_B_SPLINE_CURVE((1.,
    0.999999999991,1.000000000004,0.999999999999,1.,1.,1.,1.,1.,1.,1.,1.
    ,1.,1.,1.,1.,1.,0.999999999999,1.000000000003,0.99999999999,
1.000000000024,1.)) REPRESENTATION_ITEM('') );
#4742 = CARTESIAN_POINT('',(0.521941474236,7.98210235533,0.340470447141)
  );
#4743 = CARTESIAN_POINT('',(0.726453314076,7.98210235554,-0.456224028326
    ));
#4744 = CARTESIAN_POINT('',(1.115357763205,7.982102355233,
    -2.054729142019));
#4745 = CARTESIAN_POINT('',(1.637967402697,7.982102355356,
    -4.466494854201));
#4746 = CARTESIAN_POINT('',(2.099501221442,7.982102355323,
    -6.890679352131));
#4747 = CARTESIAN_POINT('',(2.499663552503,7.982102355332,
    -9.325749731186));
#4748 = CARTESIAN_POINT('',(2.838199450112,7.98210235533,-11.77014892037
    ));
#4749 = CARTESIAN_POINT('',(3.114892846637,7.98210235533,-14.22231851092
    ));
#4750 = CARTESIAN_POINT('',(3.329567300186,7.98210235533,-16.68069390508
    ));
#4751 = CARTESIAN_POINT('',(3.482085673779,7.98210235533,-19.14370686034
    ));
#4752 = CARTESIAN_POINT('',(3.572351346612,7.98210235533,-21.60978615092
    ));
#4753 = CARTESIAN_POINT('',(3.60030421397,7.98210235533,-24.07735837983)
  );
#4754 = CARTESIAN_POINT('',(3.565935848703,7.98210235533,-26.54485008266
    ));
#4755 = CARTESIAN_POINT('',(3.469233075778,7.98210235533,-29.01068452162
    ));
#4756 = CARTESIAN_POINT('',(3.310388580869,7.98210235533,-31.47329843007
    ));
#4757 = CARTESIAN_POINT('',(3.089014817503,7.982102355331,
    -33.93108426504));
#4758 = CARTESIAN_POINT('',(2.807077533833,7.982102355329,-36.382610473)
  );
#4759 = CARTESIAN_POINT('',(2.457947370385,7.982102355334,
    -38.82580418685));
#4760 = CARTESIAN_POINT('',(2.067259402535,7.982102355318,
    -41.26100617317));
#4761 = CARTESIAN_POINT('',(1.526720010438,7.982102355378,
    -43.74247967412));
#4762 = CARTESIAN_POINT('',(1.318785152904,7.982102355218,
    -45.42372162865));
#4763 = CARTESIAN_POINT('',(2.257029052683,7.98210235533,-46.37243079491
    ));
#4764 = PCURVE('',#1433,#4765);
#4765 = DEFINITIONAL_REPRESENTATION('',(#4766),#4770);
#4766 = LINE('',#4767,#4768);
#4767 = CARTESIAN_POINT('',(9.,0.));
#4768 = VECTOR('',#4769,1.);
#4769 = DIRECTION('',(0.,1.));
#4770 = ( GEOMETRIC_REPRESENTATION_CONTEXT(2) 
PARAMETRIC_REPRESENTATION_CONTEXT() REPRESENTATION_CONTEXT('2D SPACE',''
  ) );
#4771 = PCURVE('',#1499,#4772);
#4772 = DEFINITIONAL_REPRESENTATION('',(#4773),#4777);
#4773 = LINE('',#4774,#4775);
#4774 = CARTESIAN_POINT('',(9.,0.));
#4775 = VECTOR('',#4776,1.);
#4776 = DIRECTION('',(0.,1.));
#4777 = ( GEOMETRIC_REPRESENTATION_CONTEXT(2) 
PARAMETRIC_REPRESENTATION_CONTEXT() REPRESENTATION_CONTEXT('2D SPACE',''
  ) );
#4778 = ADVANCED_FACE('',(#4779),#1499,.T.);
#4779 = FACE_BOUND('',#4780,.T.);
#4780 = EDGE_LOOP('',(#4781,#4782,#4783,#4784));
#4781 = ORIENTED_EDGE('',*,*,#1485,.T.);
#4782 = ORIENTED_EDGE('',*,*,#4739,.T.);
#4783 = ORIENTED_EDGE('',*,*,#2163,.F.);
#4784 = ORIENTED_EDGE('',*,*,#4785,.F.);
#4785 = EDGE_CURVE('',#1486,#2143,#4786,.T.);
#4786 = SURFACE_CURVE('',#4787,(#4810,#4817),.PCURVE_S1.);
#4787 = ( BOUNDED_CURVE() B_SPLINE_CURVE(3,(#4788,#4789,#4790,#4791,
    #4792,#4793,#4794,#4795,#4796,#4797,#4798,#4799,#4800,#4801,#4802,
    #4803,#4804,#4805,#4806,#4807,#4808,#4809),.UNSPECIFIED.,.F.,.F.) 
B_SPLINE_CURVE_WITH_KNOTS((4,1,1,1,1,1,1,1,1,1,1,1,1,1,1,1,1,1,1,4),(0.,
    5.24163189288E-02,0.104832637858,0.157248956786,0.209665275715,
    0.262081594644,0.314497913573,0.366914232502,0.41933055143,
    0.471746870359,0.524163189288,0.576579508217,0.628995827146,
    0.681412146074,0.733828465003,0.786244783932,0.838661102861,
0.89107742179,0.943493740718,1.),.UNSPECIFIED.) CURVE() 
GEOMETRIC_REPRESENTATION_ITEM() RATIONAL_B_SPLINE_CURVE((1.,
    0.999999999991,1.000000000004,0.999999999999,1.,1.,1.,1.,1.,1.,1.,1.
    ,1.,1.,1.,1.,1.,0.999999999999,1.000000000003,0.99999999999,
1.000000000024,1.)) REPRESENTATION_ITEM('') );
#4788 = CARTESIAN_POINT('',(0.429237215927,7.918150939456,0.316672640451
    ));
#4789 = CARTESIAN_POINT('',(0.633548694081,7.918150939541,
    -0.479241307154));
#4790 = CARTESIAN_POINT('',(1.022072130625,7.918150939417,
    -2.076180354508));
#4791 = CARTESIAN_POINT('',(1.544169765686,7.918150939467,
    -4.485583242015));
#4792 = CARTESIAN_POINT('',(2.00525141639,7.918150939453,-6.907392748866
    ));
#4793 = CARTESIAN_POINT('',(2.405021705511,7.918150939457,
    -9.340077471765));
#4794 = CARTESIAN_POINT('',(2.743225937044,7.918150939456,
    -11.78208186532));
#4795 = CARTESIAN_POINT('',(3.019648255032,7.918150939456,
    -14.23184904751));
#4796 = CARTESIAN_POINT('',(3.234112390488,7.918150939456,
    -16.68781595345));
#4797 = CARTESIAN_POINT('',(3.386481340616,7.918150939456,
    -19.14841587701));
#4798 = CARTESIAN_POINT('',(3.476658579912,7.918150939456,
    -21.61207913188));
#4799 = CARTESIAN_POINT('',(3.50458406016,7.918150939456,-24.07723386202
    ));
#4800 = CARTESIAN_POINT('',(3.470249371362,7.918150939456,-26.5423081466
    ));
#4801 = CARTESIAN_POINT('',(3.373641318202,7.918150939456,
    -29.00572678485));
#4802 = CARTESIAN_POINT('',(3.214952521442,7.918150939456,-31.4659280705
    ));
#4803 = CARTESIAN_POINT('',(2.993795352027,7.918150939456,
    -33.92130592792));
#4804 = CARTESIAN_POINT('',(2.712135357448,7.918150939456,
    -36.37043060756));
#4805 = CARTESIAN_POINT('',(2.36334323454,7.918150939458,-38.8112297749)
  );
#4806 = CARTESIAN_POINT('',(1.97305297271,7.91815093945,-41.24404945396)
  );
#4807 = CARTESIAN_POINT('',(1.432985920279,7.918150939481,
    -43.72307852034));
#4808 = CARTESIAN_POINT('',(1.225406107867,7.918150939398,
    -45.40270856274));
#4809 = CARTESIAN_POINT('',(2.163809458464,7.918150939456,-46.3507392674
    ));
#4810 = PCURVE('',#1499,#4811);
#4811 = DEFINITIONAL_REPRESENTATION('',(#4812),#4816);
#4812 = LINE('',#4813,#4814);
#4813 = CARTESIAN_POINT('',(8.,0.));
#4814 = VECTOR('',#4815,1.);
#4815 = DIRECTION('',(0.,1.));
#4816 = ( GEOMETRIC_REPRESENTATION_CONTEXT(2) 
PARAMETRIC_REPRESENTATION_CONTEXT() REPRESENTATION_CONTEXT('2D SPACE',''
  ) );
#4817 = PCURVE('',#1565,#4818);
#4818 = DEFINITIONAL_REPRESENTATION('',(#4819),#4823);
#4819 = LINE('',#4820,#4821);
#4820 = CARTESIAN_POINT('',(8.,0.));
#4821 = VECTOR('',#4822,1.);
#4822 = DIRECTION('',(0.,1.));
#4823 = ( GEOMETRIC_REPRESENTATION_CONTEXT(2) 
PARAMETRIC_REPRESENTATION_CONTEXT() REPRESENTATION_CONTEXT('2D SPACE',''
  ) );
#4824 = ADVANCED_FACE('',(#4825),#1565,.T.);
#4825 = FACE_BOUND('',#4826,.T.);
#4826 = EDGE_LOOP('',(#4827,#4828,#4829,#4830));
#4827 = ORIENTED_EDGE('',*,*,#1551,.T.);
#4828 = ORIENTED_EDGE('',*,*,#4785,.T.);
#4829 = ORIENTED_EDGE('',*,*,#2142,.F.);
#4830 = ORIENTED_EDGE('',*,*,#4831,.F.);
#4831 = EDGE_CURVE('',#1552,#2122,#4832,.T.);
#4832 = SURFACE_CURVE('',#4833,(#4856,#4863),.PCURVE_S1.);
#4833 = ( BOUNDED_CURVE() B_SPLINE_CURVE(3,(#4834,#4835,#4836,#4837,
    #4838,#4839,#4840,#4841,#4842,#4843,#4844,#4845,#4846,#4847,#4848,
    #4849,#4850,#4851,#4852,#4853,#4854,#4855),.UNSPECIFIED.,.F.,.F.) 
B_SPLINE_CURVE_WITH_KNOTS((4,1,1,1,1,1,1,1,1,1,1,1,1,1,1,1,1,1,1,4),(0.,
    5.24163189288E-02,0.104832637858,0.157248956786,0.209665275715,
    0.262081594644,0.314497913573,0.366914232502,0.41933055143,
    0.471746870359,0.524163189288,0.576579508217,0.628995827146,
    0.681412146074,0.733828465003,0.786244783932,0.838661102861,
0.89107742179,0.943493740718,1.),.UNSPECIFIED.) CURVE() 
GEOMETRIC_REPRESENTATION_ITEM() RATIONAL_B_SPLINE_CURVE((1.,
    0.999999999991,1.000000000004,0.999999999999,1.,1.,1.,1.,1.,1.,1.,1.
    ,1.,1.,1.,1.,1.,0.999999999999,1.000000000003,0.99999999999,
1.000000000024,1.)) REPRESENTATION_ITEM('') );
#4834 = CARTESIAN_POINT('',(0.345411239982,7.842253967444,0.295153948565
    ));
#4835 = CARTESIAN_POINT('',(0.549541544879,7.842253967417,
    -0.500054222851));
#4836 = CARTESIAN_POINT('',(0.937720458688,7.842253967457,-2.09557718515
    ));
#4837 = CARTESIAN_POINT('',(1.459355123842,7.842253967441,
    -4.502843535914));
#4838 = CARTESIAN_POINT('',(1.920027910647,7.842253967445,-6.92250550438
    ));
#4839 = CARTESIAN_POINT('',(2.319443703657,7.842253967444,
    -9.353033045323));
#4840 = CARTESIAN_POINT('',(2.657348032761,7.842253967444,
    -11.79287199271));
#4841 = CARTESIAN_POINT('',(2.933525233389,7.842253967444,
    -14.24046684507));
#4842 = CARTESIAN_POINT('',(3.147799192906,7.842253967444,
    -16.69425592359));
#4843 = CARTESIAN_POINT('',(3.300033029847,7.842253967444,
    -19.15267391138));
#4844 = CARTESIAN_POINT('',(3.390130304881,7.842253967444,
    -21.61415251418));
#4845 = CARTESIAN_POINT('',(3.418031020882,7.842253967444,
    -24.07712126928));
#4846 = CARTESIAN_POINT('',(3.383726783359,7.842253967444,
    -26.54000965163));
#4847 = CARTESIAN_POINT('',(3.287204378656,7.842253967444,
    -29.00124385029));
#4848 = CARTESIAN_POINT('',(3.128656368841,7.842253967444,-31.4592635699
    ));
#4849 = CARTESIAN_POINT('',(2.907695050184,7.842253967444,
    -33.91246406169));
#4850 = CARTESIAN_POINT('',(2.626285788737,7.842253967446,
    -36.35941720725));
#4851 = CARTESIAN_POINT('',(2.27779933223,7.842253967438,-38.79805115367
    ));
#4852 = CARTESIAN_POINT('',(1.88786868818,7.842253967468,-41.22871667902
    ));
#4853 = CARTESIAN_POINT('',(1.348228739286,7.842253967352,
    -43.70553541382));
#4854 = CARTESIAN_POINT('',(1.140969969825,7.842253967659,
    -45.38370791786));
#4855 = CARTESIAN_POINT('',(2.079517500306,7.842253967444,
    -46.33112513644));
#4856 = PCURVE('',#1565,#4857);
#4857 = DEFINITIONAL_REPRESENTATION('',(#4858),#4862);
#4858 = LINE('',#4859,#4860);
#4859 = CARTESIAN_POINT('',(7.,0.));
#4860 = VECTOR('',#4861,1.);
#4861 = DIRECTION('',(0.,1.));
#4862 = ( GEOMETRIC_REPRESENTATION_CONTEXT(2) 
PARAMETRIC_REPRESENTATION_CONTEXT() REPRESENTATION_CONTEXT('2D SPACE',''
  ) );
#4863 = PCURVE('',#1631,#4864);
#4864 = DEFINITIONAL_REPRESENTATION('',(#4865),#4869);
#4865 = LINE('',#4866,#4867);
#4866 = CARTESIAN_POINT('',(7.,0.));
#4867 = VECTOR('',#4868,1.);
#4868 = DIRECTION('',(0.,1.));
#4869 = ( GEOMETRIC_REPRESENTATION_CONTEXT(2) 
PARAMETRIC_REPRESENTATION_CONTEXT() REPRESENTATION_CONTEXT('2D SPACE',''
  ) );
#4870 = ADVANCED_FACE('',(#4871),#1631,.T.);
#4871 = FACE_BOUND('',#4872,.T.);
#4872 = EDGE_LOOP('',(#4873,#4874,#4875,#4876));
#4873 = ORIENTED_EDGE('',*,*,#1617,.T.);
#4874 = ORIENTED_EDGE('',*,*,#4831,.T.);
#4875 = ORIENTED_EDGE('',*,*,#2121,.F.);
#4876 = ORIENTED_EDGE('',*,*,#4877,.F.);
#4877 = EDGE_CURVE('',#1618,#2101,#4878,.T.);
#4878 = SURFACE_CURVE('',#4879,(#4902,#4909),.PCURVE_S1.);
#4879 = ( BOUNDED_CURVE() B_SPLINE_CURVE(3,(#4880,#4881,#4882,#4883,
    #4884,#4885,#4886,#4887,#4888,#4889,#4890,#4891,#4892,#4893,#4894,
    #4895,#4896,#4897,#4898,#4899,#4900,#4901),.UNSPECIFIED.,.F.,.F.) 
B_SPLINE_CURVE_WITH_KNOTS((4,1,1,1,1,1,1,1,1,1,1,1,1,1,1,1,1,1,1,4),(0.,
    5.24163189288E-02,0.104832637858,0.157248956786,0.209665275715,
    0.262081594644,0.314497913573,0.366914232502,0.41933055143,
    0.471746870359,0.524163189288,0.576579508217,0.628995827146,
    0.681412146074,0.733828465003,0.786244783932,0.838661102861,
0.89107742179,0.943493740718,1.),.UNSPECIFIED.) CURVE() 
GEOMETRIC_REPRESENTATION_ITEM() RATIONAL_B_SPLINE_CURVE((1.,
    0.999999999991,1.000000000004,0.999999999999,1.,1.,1.,1.,1.,1.,1.,1.
    ,1.,1.,1.,1.,1.,0.999999999999,1.000000000003,0.99999999999,
1.000000000024,1.)) REPRESENTATION_ITEM('') );
#4880 = CARTESIAN_POINT('',(0.271897832091,7.755710057528,0.276282562266
    ));
#4881 = CARTESIAN_POINT('',(0.47586925256,7.755710057473,-0.518306659657
    ));
#4882 = CARTESIAN_POINT('',(0.863746027668,7.755710057553,
    -2.112587749259));
#4883 = CARTESIAN_POINT('',(1.384974679258,7.755710057521,
    -4.517980407359));
#4884 = CARTESIAN_POINT('',(1.845288902008,7.755710057529,-6.93575903527
    ));
#4885 = CARTESIAN_POINT('',(2.244393810283,7.755710057527,
    -9.364394778394));
#4886 = CARTESIAN_POINT('',(2.582035132012,7.755710057528,
    -11.80233468045));
#4887 = CARTESIAN_POINT('',(2.857997370486,7.755710057528,
    -14.24802445069));
#4888 = CARTESIAN_POINT('',(3.072104550181,7.755710057528,
    -16.69990362583));
#4889 = CARTESIAN_POINT('',(3.224219896038,7.755710057528,
    -19.15640810729));
#4890 = CARTESIAN_POINT('',(3.314247044295,7.755710057528,
    -21.61597082164));
#4891 = CARTESIAN_POINT('',(3.342126042634,7.755710057528,
    -24.07702252809));
#4892 = CARTESIAN_POINT('',(3.307848510162,7.755710057528,
    -26.53799392564));
#4893 = CARTESIAN_POINT('',(3.211401217141,7.755710057528,
    -28.99731242219));
#4894 = CARTESIAN_POINT('',(3.052976674164,7.755710057528,
    -31.45341895975));
#4895 = CARTESIAN_POINT('',(2.832187112012,7.755710057527,
    -33.90470995311));
#4896 = CARTESIAN_POINT('',(2.550997737617,7.755710057529,-36.3497587144
    ));
#4897 = CARTESIAN_POINT('',(2.202779343361,7.755710057524,
    -38.78649381302));
#4898 = CARTESIAN_POINT('',(1.813164075595,7.755710057541,
    -41.21527019634));
#4899 = CARTESIAN_POINT('',(1.273898686623,7.755710057477,
    -43.69015052213));
#4900 = CARTESIAN_POINT('',(1.066921463814,7.755710057645,
    -45.36704479993));
#4901 = CARTESIAN_POINT('',(2.005595436981,7.755710057528,
    -46.31392400524));
#4902 = PCURVE('',#1631,#4903);
#4903 = DEFINITIONAL_REPRESENTATION('',(#4904),#4908);
#4904 = LINE('',#4905,#4906);
#4905 = CARTESIAN_POINT('',(6.,0.));
#4906 = VECTOR('',#4907,1.);
#4907 = DIRECTION('',(0.,1.));
#4908 = ( GEOMETRIC_REPRESENTATION_CONTEXT(2) 
PARAMETRIC_REPRESENTATION_CONTEXT() REPRESENTATION_CONTEXT('2D SPACE',''
  ) );
#4909 = PCURVE('',#1697,#4910);
#4910 = DEFINITIONAL_REPRESENTATION('',(#4911),#4915);
#4911 = LINE('',#4912,#4913);
#4912 = CARTESIAN_POINT('',(6.,0.));
#4913 = VECTOR('',#4914,1.);
#4914 = DIRECTION('',(0.,1.));
#4915 = ( GEOMETRIC_REPRESENTATION_CONTEXT(2) 
PARAMETRIC_REPRESENTATION_CONTEXT() REPRESENTATION_CONTEXT('2D SPACE',''
  ) );
#4916 = ADVANCED_FACE('',(#4917),#1697,.T.);
#4917 = FACE_BOUND('',#4918,.T.);
#4918 = EDGE_LOOP('',(#4919,#4920,#4921,#4922));
#4919 = ORIENTED_EDGE('',*,*,#1683,.T.);
#4920 = ORIENTED_EDGE('',*,*,#4877,.T.);
#4921 = ORIENTED_EDGE('',*,*,#2100,.F.);
#4922 = ORIENTED_EDGE('',*,*,#4923,.F.);
#4923 = EDGE_CURVE('',#1684,#2080,#4924,.T.);
#4924 = SURFACE_CURVE('',#4925,(#4948,#4955),.PCURVE_S1.);
#4925 = ( BOUNDED_CURVE() B_SPLINE_CURVE(3,(#4926,#4927,#4928,#4929,
    #4930,#4931,#4932,#4933,#4934,#4935,#4936,#4937,#4938,#4939,#4940,
    #4941,#4942,#4943,#4944,#4945,#4946,#4947),.UNSPECIFIED.,.F.,.F.) 
B_SPLINE_CURVE_WITH_KNOTS((4,1,1,1,1,1,1,1,1,1,1,1,1,1,1,1,1,1,1,4),(0.,
    5.24163189288E-02,0.104832637858,0.157248956786,0.209665275715,
    0.262081594644,0.314497913573,0.366914232502,0.41933055143,
    0.471746870359,0.524163189288,0.576579508217,0.628995827146,
    0.681412146074,0.733828465003,0.786244783932,0.838661102861,
0.89107742179,0.943493740718,1.),.UNSPECIFIED.) CURVE() 
GEOMETRIC_REPRESENTATION_ITEM() RATIONAL_B_SPLINE_CURVE((1.,
    0.999999999991,1.000000000004,0.999999999999,1.,1.,1.,1.,1.,1.,1.,1.
    ,1.,1.,1.,1.,1.,0.999999999999,1.000000000003,0.99999999999,
1.000000000024,1.)) REPRESENTATION_ITEM('') );
#4926 = CARTESIAN_POINT('',(0.209954827044,7.66,0.260381376207));
#4927 = CARTESIAN_POINT('',(0.413792370064,7.659999999977,-0.53368631431
    ));
#4928 = CARTESIAN_POINT('',(0.801414560777,7.660000000011,
    -2.126920990906));
#4929 = CARTESIAN_POINT('',(1.322301101914,7.659999999997,
    -4.530734860408));
#4930 = CARTESIAN_POINT('',(1.782313195646,7.660000000001,
    -6.946926569914));
#4931 = CARTESIAN_POINT('',(2.181156149869,7.66,-9.373968268584));
#4932 = CARTESIAN_POINT('',(2.518575859412,7.66,-11.81030801935));
#4933 = CARTESIAN_POINT('',(2.794356968998,7.66,-14.25439255165));
#4934 = CARTESIAN_POINT('',(3.008323618636,7.66,-16.70466242641));
#4935 = CARTESIAN_POINT('',(3.160339122926,7.66,-19.15955457164));
#4936 = CARTESIAN_POINT('',(3.250307181782,7.66,-21.61750294254));
#4937 = CARTESIAN_POINT('',(3.27816788064,7.66,-24.07693932795));
#4938 = CARTESIAN_POINT('',(3.243912850065,7.66,-26.53629545827));
#4939 = CARTESIAN_POINT('',(3.147528846768,7.66,-28.99399976839));
#4940 = CARTESIAN_POINT('',(2.989208337968,7.66,-31.44849424293));
#4941 = CARTESIAN_POINT('',(2.768563499266,7.66,-33.89817627713));
#4942 = CARTESIAN_POINT('',(2.487559403522,7.659999999999,
    -36.34162038849));
#4943 = CARTESIAN_POINT('',(2.139566880722,7.660000000003,
    -38.77675550231));
#4944 = CARTESIAN_POINT('',(1.750217351663,7.65999999999,-41.20394007874
    ));
#4945 = CARTESIAN_POINT('',(1.211267569811,7.660000000038,
    -43.67718708585));
#4946 = CARTESIAN_POINT('',(1.004527580979,7.659999999912,
    -45.35300431764));
#4947 = CARTESIAN_POINT('',(1.943308095488,7.66,-46.29943018994));
#4948 = PCURVE('',#1697,#4949);
#4949 = DEFINITIONAL_REPRESENTATION('',(#4950),#4954);
#4950 = LINE('',#4951,#4952);
#4951 = CARTESIAN_POINT('',(5.,0.));
#4952 = VECTOR('',#4953,1.);
#4953 = DIRECTION('',(0.,1.));
#4954 = ( GEOMETRIC_REPRESENTATION_CONTEXT(2) 
PARAMETRIC_REPRESENTATION_CONTEXT() REPRESENTATION_CONTEXT('2D SPACE',''
  ) );
#4955 = PCURVE('',#1763,#4956);
#4956 = DEFINITIONAL_REPRESENTATION('',(#4957),#4961);
#4957 = LINE('',#4958,#4959);
#4958 = CARTESIAN_POINT('',(5.,0.));
#4959 = VECTOR('',#4960,1.);
#4960 = DIRECTION('',(0.,1.));
#4961 = ( GEOMETRIC_REPRESENTATION_CONTEXT(2) 
PARAMETRIC_REPRESENTATION_CONTEXT() REPRESENTATION_CONTEXT('2D SPACE',''
  ) );
#4962 = ADVANCED_FACE('',(#4963),#1763,.T.);
#4963 = FACE_BOUND('',#4964,.T.);
#4964 = EDGE_LOOP('',(#4965,#4966,#4967,#4968));
#4965 = ORIENTED_EDGE('',*,*,#1749,.T.);
#4966 = ORIENTED_EDGE('',*,*,#4923,.T.);
#4967 = ORIENTED_EDGE('',*,*,#2079,.F.);
#4968 = ORIENTED_EDGE('',*,*,#4969,.F.);
#4969 = EDGE_CURVE('',#1750,#2059,#4970,.T.);
#4970 = SURFACE_CURVE('',#4971,(#4994,#5001),.PCURVE_S1.);
#4971 = ( BOUNDED_CURVE() B_SPLINE_CURVE(3,(#4972,#4973,#4974,#4975,
    #4976,#4977,#4978,#4979,#4980,#4981,#4982,#4983,#4984,#4985,#4986,
    #4987,#4988,#4989,#4990,#4991,#4992,#4993),.UNSPECIFIED.,.F.,.F.) 
B_SPLINE_CURVE_WITH_KNOTS((4,1,1,1,1,1,1,1,1,1,1,1,1,1,1,1,1,1,1,4),(0.,
    5.24163189288E-02,0.104832637858,0.157248956786,0.209665275715,
    0.262081594644,0.314497913573,0.366914232502,0.41933055143,
    0.471746870359,0.524163189288,0.576579508217,0.628995827146,
    0.681412146074,0.733828465003,0.786244783932,0.838661102861,
0.89107742179,0.943493740718,1.),.UNSPECIFIED.) CURVE() 
GEOMETRIC_REPRESENTATION_ITEM() RATIONAL_B_SPLINE_CURVE((1.,
    0.999999999991,1.000000000004,0.999999999999,1.,1.,1.,1.,1.,1.,1.,1.
    ,1.,1.,1.,1.,1.,0.999999999999,1.000000000003,0.99999999999,
1.000000000024,1.)) REPRESENTATION_ITEM('') );
#4972 = CARTESIAN_POINT('',(0.160642086832,7.556761420481,0.247722464089
    ));
#4973 = CARTESIAN_POINT('',(0.364373050163,7.556761420629,
    -0.545930036061));
#4974 = CARTESIAN_POINT('',(0.751792566648,7.556761420413,
    -2.138331664629));
#4975 = CARTESIAN_POINT('',(1.272406754107,7.5567614205,-4.540888662757)
  );
#4976 = CARTESIAN_POINT('',(1.732178323354,7.556761420476,
    -6.955817028718));
#4977 = CARTESIAN_POINT('',(2.130812736319,7.556761420483,
    -9.381589710818));
#4978 = CARTESIAN_POINT('',(2.468056020709,7.556761420481,
    -11.81665558337));
#4979 = CARTESIAN_POINT('',(2.743692933839,7.556761420481,
    -14.25946218797));
#4980 = CARTESIAN_POINT('',(2.957547707694,7.556761420481,
    -16.70845090093));
#4981 = CARTESIAN_POINT('',(3.109483728251,7.556761420481,
    -19.16205946752));
#4982 = CARTESIAN_POINT('',(3.199404746118,7.556761420481,
    -21.61872266186));
#4983 = CARTESIAN_POINT('',(3.227250876783,7.556761420481,
    -24.07687309244));
#4984 = CARTESIAN_POINT('',(3.193013759938,7.556761420481,
    -26.53494331075));
#4985 = CARTESIAN_POINT('',(3.096680141501,7.556761420481,-28.9913625693
    ));
#4986 = CARTESIAN_POINT('',(2.938442454165,7.556761420481,
    -31.44457368271));
#4987 = CARTESIAN_POINT('',(2.717912829601,7.556761420481,
    -33.89297482677));
#4988 = CARTESIAN_POINT('',(2.43705623393,7.556761420482,-36.33514147855
    ));
#4989 = CARTESIAN_POINT('',(2.089243527095,7.55676142048,-38.76900284667
    ));
#4990 = CARTESIAN_POINT('',(1.700105552206,7.556761420485,
    -41.19492018793));
#4991 = CARTESIAN_POINT('',(1.161407024917,7.556761420468,
    -43.66686691201));
#4992 = CARTESIAN_POINT('',(0.954855897264,7.556761420513,
    -45.34182670976));
#4993 = CARTESIAN_POINT('',(1.893721229511,7.556761420481,
    -46.28789168372));
#4994 = PCURVE('',#1763,#4995);
#4995 = DEFINITIONAL_REPRESENTATION('',(#4996),#5000);
#4996 = LINE('',#4997,#4998);
#4997 = CARTESIAN_POINT('',(4.,0.));
#4998 = VECTOR('',#4999,1.);
#4999 = DIRECTION('',(0.,1.));
#5000 = ( GEOMETRIC_REPRESENTATION_CONTEXT(2) 
PARAMETRIC_REPRESENTATION_CONTEXT() REPRESENTATION_CONTEXT('2D SPACE',''
  ) );
#5001 = PCURVE('',#1829,#5002);
#5002 = DEFINITIONAL_REPRESENTATION('',(#5003),#5007);
#5003 = LINE('',#5004,#5005);
#5004 = CARTESIAN_POINT('',(4.,0.));
#5005 = VECTOR('',#5006,1.);
#5006 = DIRECTION('',(0.,1.));
#5007 = ( GEOMETRIC_REPRESENTATION_CONTEXT(2) 
PARAMETRIC_REPRESENTATION_CONTEXT() REPRESENTATION_CONTEXT('2D SPACE',''
  ) );
#5008 = ADVANCED_FACE('',(#5009),#1829,.T.);
#5009 = FACE_BOUND('',#5010,.T.);
#5010 = EDGE_LOOP('',(#5011,#5012,#5013,#5014));
#5011 = ORIENTED_EDGE('',*,*,#1815,.T.);
#5012 = ORIENTED_EDGE('',*,*,#4969,.T.);
#5013 = ORIENTED_EDGE('',*,*,#2058,.F.);
#5014 = ORIENTED_EDGE('',*,*,#5015,.F.);
#5015 = EDGE_CURVE('',#1816,#2038,#5016,.T.);
#5016 = SURFACE_CURVE('',#5017,(#5040,#5047),.PCURVE_S1.);
#5017 = ( BOUNDED_CURVE() B_SPLINE_CURVE(3,(#5018,#5019,#5020,#5021,
    #5022,#5023,#5024,#5025,#5026,#5027,#5028,#5029,#5030,#5031,#5032,
    #5033,#5034,#5035,#5036,#5037,#5038,#5039),.UNSPECIFIED.,.F.,.F.) 
B_SPLINE_CURVE_WITH_KNOTS((4,1,1,1,1,1,1,1,1,1,1,1,1,1,1,1,1,1,1,4),(0.,
    5.24163189288E-02,0.104832637858,0.157248956786,0.209665275715,
    0.262081594644,0.314497913573,0.366914232502,0.41933055143,
    0.471746870359,0.524163189288,0.576579508217,0.628995827146,
    0.681412146074,0.733828465003,0.786244783932,0.838661102861,
0.89107742179,0.943493740718,1.),.UNSPECIFIED.) CURVE() 
GEOMETRIC_REPRESENTATION_ITEM() RATIONAL_B_SPLINE_CURVE((1.,
    0.999999999991,1.000000000004,0.999999999999,1.,1.,1.,1.,1.,1.,1.,1.
    ,1.,1.,1.,1.,1.,0.999999999999,1.000000000003,0.99999999999,
1.000000000024,1.)) REPRESENTATION_ITEM('') );
#5018 = CARTESIAN_POINT('',(0.124803366113,7.44776075969,0.238522423408)
  );
#5019 = CARTESIAN_POINT('',(0.328456871222,7.447760759821,
    -0.554828331048));
#5020 = CARTESIAN_POINT('',(0.715729091314,7.44776075963,-2.146624530817
    ));
#5021 = CARTESIAN_POINT('',(1.236145341974,7.447760759706,
    -4.548268079987));
#5022 = CARTESIAN_POINT('',(1.695742106693,7.447760759686,-6.96227829348
    ));
#5023 = CARTESIAN_POINT('',(2.094224959397,7.447760759691,
    -9.387128700101));
#5024 = CARTESIAN_POINT('',(2.431340024349,7.44776075969,-11.82126876392
    ));
#5025 = CARTESIAN_POINT('',(2.706872140697,7.44776075969,-14.26314661677
    ));
#5026 = CARTESIAN_POINT('',(2.920645607269,7.44776075969,-16.71120422756
    ));
#5027 = CARTESIAN_POINT('',(3.072523861916,7.44776075969,-19.1638799355)
  );
#5028 = CARTESIAN_POINT('',(3.162410692088,7.44776075969,-21.61960910987
    ));
#5029 = CARTESIAN_POINT('',(3.190246235117,7.44776075969,-24.07682495485
    ));
#5030 = CARTESIAN_POINT('',(3.156022137323,7.44776075969,-26.53396061871
    ));
#5031 = CARTESIAN_POINT('',(3.059725136786,7.44776075969,-28.98944594814
    ));
#5032 = CARTESIAN_POINT('',(2.901547641103,7.44776075969,-31.44172436097
    ));
#5033 = CARTESIAN_POINT('',(2.681101750018,7.447760759691,
    -33.88919460029));
#5034 = CARTESIAN_POINT('',(2.400352352082,7.447760759689,
    -36.33043284053));
#5035 = CARTESIAN_POINT('',(2.052670328994,7.447760759696,
    -38.76336849622));
#5036 = CARTESIAN_POINT('',(1.663686104081,7.447760759667,
    -41.18836485666));
#5037 = CARTESIAN_POINT('',(1.1251701794,7.447760759779,-43.65936658194)
  );
#5038 = CARTESIAN_POINT('',(0.918756309622,7.447760759483,
    -45.33370322758));
#5039 = CARTESIAN_POINT('',(1.857683284073,7.44776075969,-46.27950591363
    ));
#5040 = PCURVE('',#1829,#5041);
#5041 = DEFINITIONAL_REPRESENTATION('',(#5042),#5046);
#5042 = LINE('',#5043,#5044);
#5043 = CARTESIAN_POINT('',(3.,0.));
#5044 = VECTOR('',#5045,1.);
#5045 = DIRECTION('',(0.,1.));
#5046 = ( GEOMETRIC_REPRESENTATION_CONTEXT(2) 
PARAMETRIC_REPRESENTATION_CONTEXT() REPRESENTATION_CONTEXT('2D SPACE',''
  ) );
#5047 = PCURVE('',#1895,#5048);
#5048 = DEFINITIONAL_REPRESENTATION('',(#5049),#5053);
#5049 = LINE('',#5050,#5051);
#5050 = CARTESIAN_POINT('',(3.,0.));
#5051 = VECTOR('',#5052,1.);
#5052 = DIRECTION('',(0.,1.));
#5053 = ( GEOMETRIC_REPRESENTATION_CONTEXT(2) 
PARAMETRIC_REPRESENTATION_CONTEXT() REPRESENTATION_CONTEXT('2D SPACE',''
  ) );
#5054 = ADVANCED_FACE('',(#5055),#1895,.T.);
#5055 = FACE_BOUND('',#5056,.T.);
#5056 = EDGE_LOOP('',(#5057,#5058,#5059,#5060));
#5057 = ORIENTED_EDGE('',*,*,#1881,.T.);
#5058 = ORIENTED_EDGE('',*,*,#5015,.T.);
#5059 = ORIENTED_EDGE('',*,*,#2037,.F.);
#5060 = ORIENTED_EDGE('',*,*,#1970,.F.);
#5061 = ADVANCED_FACE('',(#5062),#2653,.F.);
#5062 = FACE_BOUND('',#5063,.F.);
#5063 = EDGE_LOOP('',(#5064,#5087,#5116,#5144,#5173,#5201,#5230,#5251));
#5064 = ORIENTED_EDGE('',*,*,#5065,.F.);
#5065 = EDGE_CURVE('',#5066,#2632,#5068,.T.);
#5066 = VERTEX_POINT('',#5067);
#5067 = CARTESIAN_POINT('',(5.855046988076,6.75,-0.147633915706));
#5068 = SURFACE_CURVE('',#5069,(#5073,#5080),.PCURVE_S1.);
#5069 = LINE('',#5070,#5071);
#5070 = CARTESIAN_POINT('',(5.855046988076,6.95,-0.147633915707));
#5071 = VECTOR('',#5072,1.);
#5072 = DIRECTION('',(0.,1.,0.));
#5073 = PCURVE('',#2653,#5074);
#5074 = DEFINITIONAL_REPRESENTATION('',(#5075),#5079);
#5075 = LINE('',#5076,#5077);
#5076 = CARTESIAN_POINT('',(0.,0.));
#5077 = VECTOR('',#5078,1.);
#5078 = DIRECTION('',(0.,1.));
#5079 = ( GEOMETRIC_REPRESENTATION_CONTEXT(2) 
PARAMETRIC_REPRESENTATION_CONTEXT() REPRESENTATION_CONTEXT('2D SPACE',''
  ) );
#5080 = PCURVE('',#2687,#5081);
#5081 = DEFINITIONAL_REPRESENTATION('',(#5082),#5086);
#5082 = LINE('',#5083,#5084);
#5083 = CARTESIAN_POINT('',(-3.35,0.));
#5084 = VECTOR('',#5085,1.);
#5085 = DIRECTION('',(0.,1.));
#5086 = ( GEOMETRIC_REPRESENTATION_CONTEXT(2) 
PARAMETRIC_REPRESENTATION_CONTEXT() REPRESENTATION_CONTEXT('2D SPACE',''
  ) );
#5087 = ORIENTED_EDGE('',*,*,#5088,.F.);
#5088 = EDGE_CURVE('',#5089,#5066,#5091,.T.);
#5089 = VERTEX_POINT('',#5090);
#5090 = CARTESIAN_POINT('',(5.751158158933,6.75,0.284491090618));
#5091 = SURFACE_CURVE('',#5092,(#5097,#5104),.PCURVE_S1.);
#5092 = CIRCLE('',#5093,102.75250594613);
#5093 = AXIS2_PLACEMENT_3D('',#5094,#5095,#5096);
#5094 = CARTESIAN_POINT('',(-94.10250594613,6.75,-23.95026170372));
#5095 = DIRECTION('',(0.,1.,0.));
#5096 = DIRECTION('',(0.971788115391,-0.,0.235855588836));
#5097 = PCURVE('',#2653,#5098);
#5098 = DEFINITIONAL_REPRESENTATION('',(#5099),#5103);
#5099 = LINE('',#5100,#5101);
#5100 = CARTESIAN_POINT('',(-4.32532606556E-03,-0.2));
#5101 = VECTOR('',#5102,1.);
#5102 = DIRECTION('',(1.,0.));
#5103 = ( GEOMETRIC_REPRESENTATION_CONTEXT(2) 
PARAMETRIC_REPRESENTATION_CONTEXT() REPRESENTATION_CONTEXT('2D SPACE',''
  ) );
#5104 = PCURVE('',#5105,#5110);
#5105 = PLANE('',#5106);
#5106 = AXIS2_PLACEMENT_3D('',#5107,#5108,#5109);
#5107 = CARTESIAN_POINT('',(-94.10250594613,6.75,-23.95026170372));
#5108 = DIRECTION('',(0.,1.,0.));
#5109 = DIRECTION('',(0.971788115391,-0.,0.235855588836));
#5110 = DEFINITIONAL_REPRESENTATION('',(#5111),#5115);
#5111 = CIRCLE('',#5112,102.75250594613);
#5112 = AXIS2_PLACEMENT_2D('',#5113,#5114);
#5113 = CARTESIAN_POINT('',(0.,0.));
#5114 = DIRECTION('',(1.,-1.080482674756E-17));
#5115 = ( GEOMETRIC_REPRESENTATION_CONTEXT(2) 
PARAMETRIC_REPRESENTATION_CONTEXT() REPRESENTATION_CONTEXT('2D SPACE',''
  ) );
#5116 = ORIENTED_EDGE('',*,*,#5117,.F.);
#5117 = EDGE_CURVE('',#5118,#5089,#5120,.T.);
#5118 = VERTEX_POINT('',#5119);
#5119 = CARTESIAN_POINT('',(5.751158158933,6.4,0.284491090618));
#5120 = SURFACE_CURVE('',#5121,(#5125,#5132),.PCURVE_S1.);
#5121 = LINE('',#5122,#5123);
#5122 = CARTESIAN_POINT('',(5.751158158933,6.575,0.284491090618));
#5123 = VECTOR('',#5124,1.);
#5124 = DIRECTION('',(0.,1.,0.));
#5125 = PCURVE('',#2653,#5126);
#5126 = DEFINITIONAL_REPRESENTATION('',(#5127),#5131);
#5127 = LINE('',#5128,#5129);
#5128 = CARTESIAN_POINT('',(-4.32532606556E-03,-0.375));
#5129 = VECTOR('',#5130,1.);
#5130 = DIRECTION('',(0.,1.));
#5131 = ( GEOMETRIC_REPRESENTATION_CONTEXT(2) 
PARAMETRIC_REPRESENTATION_CONTEXT() REPRESENTATION_CONTEXT('2D SPACE',''
  ) );
#5132 = PCURVE('',#5133,#5138);
#5133 = PLANE('',#5134);
#5134 = AXIS2_PLACEMENT_3D('',#5135,#5136,#5137);
#5135 = CARTESIAN_POINT('',(9.006648345492,6.575,1.07460731322));
#5136 = DIRECTION('',(-0.235855588836,0.,0.971788115391));
#5137 = DIRECTION('',(0.971788115391,0.,0.235855588836));
#5138 = DEFINITIONAL_REPRESENTATION('',(#5139),#5143);
#5139 = LINE('',#5140,#5141);
#5140 = CARTESIAN_POINT('',(-3.35,0.));
#5141 = VECTOR('',#5142,1.);
#5142 = DIRECTION('',(0.,1.));
#5143 = ( GEOMETRIC_REPRESENTATION_CONTEXT(2) 
PARAMETRIC_REPRESENTATION_CONTEXT() REPRESENTATION_CONTEXT('2D SPACE',''
  ) );
#5144 = ORIENTED_EDGE('',*,*,#5145,.T.);
#5145 = EDGE_CURVE('',#5118,#5146,#5148,.T.);
#5146 = VERTEX_POINT('',#5147);
#5147 = CARTESIAN_POINT('',(5.859947445251,6.4,-0.168222468503));
#5148 = SURFACE_CURVE('',#5149,(#5154,#5161),.PCURVE_S1.);
#5149 = CIRCLE('',#5150,102.75250594613);
#5150 = AXIS2_PLACEMENT_3D('',#5151,#5152,#5153);
#5151 = CARTESIAN_POINT('',(-94.10250594613,6.4,-23.95026170372));
#5152 = DIRECTION('',(0.,1.,0.));
#5153 = DIRECTION('',(0.971788115391,-0.,0.235855588836));
#5154 = PCURVE('',#2653,#5155);
#5155 = DEFINITIONAL_REPRESENTATION('',(#5156),#5160);
#5156 = LINE('',#5157,#5158);
#5157 = CARTESIAN_POINT('',(-4.32532606556E-03,-0.55));
#5158 = VECTOR('',#5159,1.);
#5159 = DIRECTION('',(1.,0.));
#5160 = ( GEOMETRIC_REPRESENTATION_CONTEXT(2) 
PARAMETRIC_REPRESENTATION_CONTEXT() REPRESENTATION_CONTEXT('2D SPACE',''
  ) );
#5161 = PCURVE('',#5162,#5167);
#5162 = PLANE('',#5163);
#5163 = AXIS2_PLACEMENT_3D('',#5164,#5165,#5166);
#5164 = CARTESIAN_POINT('',(-94.10250594613,6.4,-23.95026170372));
#5165 = DIRECTION('',(0.,1.,0.));
#5166 = DIRECTION('',(0.971788115391,-0.,0.235855588836));
#5167 = DEFINITIONAL_REPRESENTATION('',(#5168),#5172);
#5168 = CIRCLE('',#5169,102.75250594613);
#5169 = AXIS2_PLACEMENT_2D('',#5170,#5171);
#5170 = CARTESIAN_POINT('',(0.,0.));
#5171 = DIRECTION('',(1.,-1.080482674756E-17));
#5172 = ( GEOMETRIC_REPRESENTATION_CONTEXT(2) 
PARAMETRIC_REPRESENTATION_CONTEXT() REPRESENTATION_CONTEXT('2D SPACE',''
  ) );
#5173 = ORIENTED_EDGE('',*,*,#5174,.T.);
#5174 = EDGE_CURVE('',#5146,#5175,#5177,.T.);
#5175 = VERTEX_POINT('',#5176);
#5176 = CARTESIAN_POINT('',(5.859947445251,6.72,-0.168222468505));
#5177 = SURFACE_CURVE('',#5178,(#5182,#5189),.PCURVE_S1.);
#5178 = LINE('',#5179,#5180);
#5179 = CARTESIAN_POINT('',(5.859947445251,6.575,-0.168222468503));
#5180 = VECTOR('',#5181,1.);
#5181 = DIRECTION('',(0.,1.,0.));
#5182 = PCURVE('',#2653,#5183);
#5183 = DEFINITIONAL_REPRESENTATION('',(#5184),#5188);
#5184 = LINE('',#5185,#5186);
#5185 = CARTESIAN_POINT('',(2.059679078838E-04,-0.375));
#5186 = VECTOR('',#5187,1.);
#5187 = DIRECTION('',(0.,1.));
#5188 = ( GEOMETRIC_REPRESENTATION_CONTEXT(2) 
PARAMETRIC_REPRESENTATION_CONTEXT() REPRESENTATION_CONTEXT('2D SPACE',''
  ) );
#5189 = PCURVE('',#5190,#5195);
#5190 = PLANE('',#5191);
#5191 = AXIS2_PLACEMENT_3D('',#5192,#5193,#5194);
#5192 = CARTESIAN_POINT('',(9.118984446613,6.575,0.607134109951));
#5193 = DIRECTION('',(-0.231449724912,0.,0.972846866078));
#5194 = DIRECTION('',(0.972846866078,0.,0.231449724912));
#5195 = DEFINITIONAL_REPRESENTATION('',(#5196),#5200);
#5196 = LINE('',#5197,#5198);
#5197 = CARTESIAN_POINT('',(-3.35,0.));
#5198 = VECTOR('',#5199,1.);
#5199 = DIRECTION('',(0.,1.));
#5200 = ( GEOMETRIC_REPRESENTATION_CONTEXT(2) 
PARAMETRIC_REPRESENTATION_CONTEXT() REPRESENTATION_CONTEXT('2D SPACE',''
  ) );
#5201 = ORIENTED_EDGE('',*,*,#5202,.T.);
#5202 = EDGE_CURVE('',#5175,#5203,#5205,.T.);
#5203 = VERTEX_POINT('',#5204);
#5204 = CARTESIAN_POINT('',(5.952250165484,6.72,-0.559595666711));
#5205 = SURFACE_CURVE('',#5206,(#5211,#5218),.PCURVE_S1.);
#5206 = CIRCLE('',#5207,102.75250594613);
#5207 = AXIS2_PLACEMENT_3D('',#5208,#5209,#5210);
#5208 = CARTESIAN_POINT('',(-94.10250594613,6.72,-23.95026170372));
#5209 = DIRECTION('',(0.,1.,0.));
#5210 = DIRECTION('',(0.972799174228,-0.,0.231650095235));
#5211 = PCURVE('',#2653,#5212);
#5212 = DEFINITIONAL_REPRESENTATION('',(#5213),#5217);
#5213 = LINE('',#5214,#5215);
#5214 = CARTESIAN_POINT('',(0.,-0.23));
#5215 = VECTOR('',#5216,1.);
#5216 = DIRECTION('',(1.,0.));
#5217 = ( GEOMETRIC_REPRESENTATION_CONTEXT(2) 
PARAMETRIC_REPRESENTATION_CONTEXT() REPRESENTATION_CONTEXT('2D SPACE',''
  ) );
#5218 = PCURVE('',#5219,#5224);
#5219 = PLANE('',#5220);
#5220 = AXIS2_PLACEMENT_3D('',#5221,#5222,#5223);
#5221 = CARTESIAN_POINT('',(-94.10250594613,6.72,-23.95026170372));
#5222 = DIRECTION('',(0.,1.,0.));
#5223 = DIRECTION('',(0.972799174228,-0.,0.231650095235));
#5224 = DEFINITIONAL_REPRESENTATION('',(#5225),#5229);
#5225 = CIRCLE('',#5226,102.75250594613);
#5226 = AXIS2_PLACEMENT_2D('',#5227,#5228);
#5227 = CARTESIAN_POINT('',(0.,0.));
#5228 = DIRECTION('',(1.,-2.160965349511E-18));
#5229 = ( GEOMETRIC_REPRESENTATION_CONTEXT(2) 
PARAMETRIC_REPRESENTATION_CONTEXT() REPRESENTATION_CONTEXT('2D SPACE',''
  ) );
#5230 = ORIENTED_EDGE('',*,*,#5231,.T.);
#5231 = EDGE_CURVE('',#5203,#2634,#5232,.T.);
#5232 = SURFACE_CURVE('',#5233,(#5237,#5244),.PCURVE_S1.);
#5233 = LINE('',#5234,#5235);
#5234 = CARTESIAN_POINT('',(5.952250165484,6.95,-0.559595666711));
#5235 = VECTOR('',#5236,1.);
#5236 = DIRECTION('',(0.,1.,0.));
#5237 = PCURVE('',#2653,#5238);
#5238 = DEFINITIONAL_REPRESENTATION('',(#5239),#5243);
#5239 = LINE('',#5240,#5241);
#5240 = CARTESIAN_POINT('',(4.119358157676E-03,0.));
#5241 = VECTOR('',#5242,1.);
#5242 = DIRECTION('',(0.,1.));
#5243 = ( GEOMETRIC_REPRESENTATION_CONTEXT(2) 
PARAMETRIC_REPRESENTATION_CONTEXT() REPRESENTATION_CONTEXT('2D SPACE',''
  ) );
#5244 = PCURVE('',#2753,#5245);
#5245 = DEFINITIONAL_REPRESENTATION('',(#5246),#5250);
#5246 = LINE('',#5247,#5248);
#5247 = CARTESIAN_POINT('',(-3.35,0.));
#5248 = VECTOR('',#5249,1.);
#5249 = DIRECTION('',(0.,1.));
#5250 = ( GEOMETRIC_REPRESENTATION_CONTEXT(2) 
PARAMETRIC_REPRESENTATION_CONTEXT() REPRESENTATION_CONTEXT('2D SPACE',''
  ) );
#5251 = ORIENTED_EDGE('',*,*,#2631,.F.);
#5252 = ADVANCED_FACE('',(#5253),#2687,.T.);
#5253 = FACE_BOUND('',#5254,.T.);
#5254 = EDGE_LOOP('',(#5255,#5256,#5277,#5298));
#5255 = ORIENTED_EDGE('',*,*,#5065,.F.);
#5256 = ORIENTED_EDGE('',*,*,#5257,.F.);
#5257 = EDGE_CURVE('',#5258,#5066,#5260,.T.);
#5258 = VERTEX_POINT('',#5259);
#5259 = CARTESIAN_POINT('',(12.372801455401,6.75,1.404421722366));
#5260 = SURFACE_CURVE('',#5261,(#5265,#5271),.PCURVE_S1.);
#5261 = LINE('',#5262,#5263);
#5262 = CARTESIAN_POINT('',(-42.49429086219,6.75,-11.66093390019));
#5263 = VECTOR('',#5264,1.);
#5264 = DIRECTION('',(-0.972799174228,0.,-0.231650095235));
#5265 = PCURVE('',#2687,#5266);
#5266 = DEFINITIONAL_REPRESENTATION('',(#5267),#5270);
#5267 = B_SPLINE_CURVE_WITH_KNOTS('',1,(#5268,#5269),.UNSPECIFIED.,.F.,
  .F.,(2,2),(-56.40125297306,-49.70125297306),.PIECEWISE_BEZIER_KNOTS.);
#5268 = CARTESIAN_POINT('',(3.35,-0.2));
#5269 = CARTESIAN_POINT('',(-3.35,-0.2));
#5270 = ( GEOMETRIC_REPRESENTATION_CONTEXT(2) 
PARAMETRIC_REPRESENTATION_CONTEXT() REPRESENTATION_CONTEXT('2D SPACE',''
  ) );
#5271 = PCURVE('',#5105,#5272);
#5272 = DEFINITIONAL_REPRESENTATION('',(#5273),#5276);
#5273 = B_SPLINE_CURVE_WITH_KNOTS('',1,(#5274,#5275),.UNSPECIFIED.,.F.,
  .F.,(2,2),(-56.40125297306,-49.70125297306),.PIECEWISE_BEZIER_KNOTS.);
#5274 = CARTESIAN_POINT('',(109.4514821046,0.473416300759));
#5275 = CARTESIAN_POINT('',(102.7515447778,0.444436706481));
#5276 = ( GEOMETRIC_REPRESENTATION_CONTEXT(2) 
PARAMETRIC_REPRESENTATION_CONTEXT() REPRESENTATION_CONTEXT('2D SPACE',''
  ) );
#5277 = ORIENTED_EDGE('',*,*,#5278,.T.);
#5278 = EDGE_CURVE('',#5258,#2668,#5279,.T.);
#5279 = SURFACE_CURVE('',#5280,(#5284,#5291),.PCURVE_S1.);
#5280 = LINE('',#5281,#5282);
#5281 = CARTESIAN_POINT('',(12.372801455401,6.95,1.404421722365));
#5282 = VECTOR('',#5283,1.);
#5283 = DIRECTION('',(0.,1.,0.));
#5284 = PCURVE('',#2687,#5285);
#5285 = DEFINITIONAL_REPRESENTATION('',(#5286),#5290);
#5286 = LINE('',#5287,#5288);
#5287 = CARTESIAN_POINT('',(3.35,0.));
#5288 = VECTOR('',#5289,1.);
#5289 = DIRECTION('',(0.,1.));
#5290 = ( GEOMETRIC_REPRESENTATION_CONTEXT(2) 
PARAMETRIC_REPRESENTATION_CONTEXT() REPRESENTATION_CONTEXT('2D SPACE',''
  ) );
#5291 = PCURVE('',#2721,#5292);
#5292 = DEFINITIONAL_REPRESENTATION('',(#5293),#5297);
#5293 = LINE('',#5294,#5295);
#5294 = CARTESIAN_POINT('',(0.,0.));
#5295 = VECTOR('',#5296,1.);
#5296 = DIRECTION('',(0.,1.));
#5297 = ( GEOMETRIC_REPRESENTATION_CONTEXT(2) 
PARAMETRIC_REPRESENTATION_CONTEXT() REPRESENTATION_CONTEXT('2D SPACE',''
  ) );
#5298 = ORIENTED_EDGE('',*,*,#2667,.F.);
#5299 = ADVANCED_FACE('',(#5300),#2753,.F.);
#5300 = FACE_BOUND('',#5301,.F.);
#5301 = EDGE_LOOP('',(#5302,#5303,#5326,#5347));
#5302 = ORIENTED_EDGE('',*,*,#5231,.F.);
#5303 = ORIENTED_EDGE('',*,*,#5304,.T.);
#5304 = EDGE_CURVE('',#5203,#5305,#5307,.T.);
#5305 = VERTEX_POINT('',#5306);
#5306 = CARTESIAN_POINT('',(12.476342787607,6.72,0.965597913776));
#5307 = SURFACE_CURVE('',#5308,(#5312,#5319),.PCURVE_S1.);
#5308 = LINE('',#5309,#5310);
#5309 = CARTESIAN_POINT('',(9.214296476545,6.72,0.203001123532));
#5310 = VECTOR('',#5311,1.);
#5311 = DIRECTION('',(0.973745167481,0.,0.227640832908));
#5312 = PCURVE('',#2753,#5313);
#5313 = DEFINITIONAL_REPRESENTATION('',(#5314),#5318);
#5314 = LINE('',#5315,#5316);
#5315 = CARTESIAN_POINT('',(0.,-0.23));
#5316 = VECTOR('',#5317,1.);
#5317 = DIRECTION('',(1.,0.));
#5318 = ( GEOMETRIC_REPRESENTATION_CONTEXT(2) 
PARAMETRIC_REPRESENTATION_CONTEXT() REPRESENTATION_CONTEXT('2D SPACE',''
  ) );
#5319 = PCURVE('',#5219,#5320);
#5320 = DEFINITIONAL_REPRESENTATION('',(#5321),#5325);
#5321 = LINE('',#5322,#5323);
#5322 = CARTESIAN_POINT('',(106.10160571477,0.437072987293));
#5323 = VECTOR('',#5324,1.);
#5324 = DIRECTION('',(0.999991515456,4.119346507378E-03));
#5325 = ( GEOMETRIC_REPRESENTATION_CONTEXT(2) 
PARAMETRIC_REPRESENTATION_CONTEXT() REPRESENTATION_CONTEXT('2D SPACE',''
  ) );
#5326 = ORIENTED_EDGE('',*,*,#5327,.T.);
#5327 = EDGE_CURVE('',#5305,#2702,#5328,.T.);
#5328 = SURFACE_CURVE('',#5329,(#5333,#5340),.PCURVE_S1.);
#5329 = LINE('',#5330,#5331);
#5330 = CARTESIAN_POINT('',(12.476342787607,6.95,0.965597913776));
#5331 = VECTOR('',#5332,1.);
#5332 = DIRECTION('',(0.,1.,0.));
#5333 = PCURVE('',#2753,#5334);
#5334 = DEFINITIONAL_REPRESENTATION('',(#5335),#5339);
#5335 = LINE('',#5336,#5337);
#5336 = CARTESIAN_POINT('',(3.35,0.));
#5337 = VECTOR('',#5338,1.);
#5338 = DIRECTION('',(0.,1.));
#5339 = ( GEOMETRIC_REPRESENTATION_CONTEXT(2) 
PARAMETRIC_REPRESENTATION_CONTEXT() REPRESENTATION_CONTEXT('2D SPACE',''
  ) );
#5340 = PCURVE('',#2721,#5341);
#5341 = DEFINITIONAL_REPRESENTATION('',(#5342),#5346);
#5342 = LINE('',#5343,#5344);
#5343 = CARTESIAN_POINT('',(4.119358157676E-03,0.));
#5344 = VECTOR('',#5345,1.);
#5345 = DIRECTION('',(0.,1.));
#5346 = ( GEOMETRIC_REPRESENTATION_CONTEXT(2) 
PARAMETRIC_REPRESENTATION_CONTEXT() REPRESENTATION_CONTEXT('2D SPACE',''
  ) );
#5347 = ORIENTED_EDGE('',*,*,#2735,.F.);
#5348 = ADVANCED_FACE('',(#5349),#2721,.T.);
#5349 = FACE_BOUND('',#5350,.T.);
#5350 = EDGE_LOOP('',(#5351,#5352,#5376,#5399,#5423,#5446,#5468,#5469));
#5351 = ORIENTED_EDGE('',*,*,#5278,.F.);
#5352 = ORIENTED_EDGE('',*,*,#5353,.F.);
#5353 = EDGE_CURVE('',#5354,#5258,#5356,.T.);
#5354 = VERTEX_POINT('',#5355);
#5355 = CARTESIAN_POINT('',(12.262138532051,6.75,1.864723535822));
#5356 = SURFACE_CURVE('',#5357,(#5362,#5369),.PCURVE_S1.);
#5357 = CIRCLE('',#5358,109.45250594613);
#5358 = AXIS2_PLACEMENT_3D('',#5359,#5360,#5361);
#5359 = CARTESIAN_POINT('',(-94.10250594613,6.75,-23.95026170372));
#5360 = DIRECTION('',(0.,1.,0.));
#5361 = DIRECTION('',(0.971788115391,-0.,0.235855588836));
#5362 = PCURVE('',#2721,#5363);
#5363 = DEFINITIONAL_REPRESENTATION('',(#5364),#5368);
#5364 = LINE('',#5365,#5366);
#5365 = CARTESIAN_POINT('',(-4.32532606556E-03,-0.2));
#5366 = VECTOR('',#5367,1.);
#5367 = DIRECTION('',(1.,0.));
#5368 = ( GEOMETRIC_REPRESENTATION_CONTEXT(2) 
PARAMETRIC_REPRESENTATION_CONTEXT() REPRESENTATION_CONTEXT('2D SPACE',''
  ) );
#5369 = PCURVE('',#5105,#5370);
#5370 = DEFINITIONAL_REPRESENTATION('',(#5371),#5375);
#5371 = CIRCLE('',#5372,109.45250594613);
#5372 = AXIS2_PLACEMENT_2D('',#5373,#5374);
#5373 = CARTESIAN_POINT('',(0.,0.));
#5374 = DIRECTION('',(1.,-1.217210714395E-17));
#5375 = ( GEOMETRIC_REPRESENTATION_CONTEXT(2) 
PARAMETRIC_REPRESENTATION_CONTEXT() REPRESENTATION_CONTEXT('2D SPACE',''
  ) );
#5376 = ORIENTED_EDGE('',*,*,#5377,.F.);
#5377 = EDGE_CURVE('',#5378,#5354,#5380,.T.);
#5378 = VERTEX_POINT('',#5379);
#5379 = CARTESIAN_POINT('',(12.262138532051,6.4,1.864723535822));
#5380 = SURFACE_CURVE('',#5381,(#5385,#5392),.PCURVE_S1.);
#5381 = LINE('',#5382,#5383);
#5382 = CARTESIAN_POINT('',(12.262138532051,6.575,1.864723535822));
#5383 = VECTOR('',#5384,1.);
#5384 = DIRECTION('',(0.,1.,0.));
#5385 = PCURVE('',#2721,#5386);
#5386 = DEFINITIONAL_REPRESENTATION('',(#5387),#5391);
#5387 = LINE('',#5388,#5389);
#5388 = CARTESIAN_POINT('',(-4.32532606556E-03,-0.375));
#5389 = VECTOR('',#5390,1.);
#5390 = DIRECTION('',(0.,1.));
#5391 = ( GEOMETRIC_REPRESENTATION_CONTEXT(2) 
PARAMETRIC_REPRESENTATION_CONTEXT() REPRESENTATION_CONTEXT('2D SPACE',''
  ) );
#5392 = PCURVE('',#5133,#5393);
#5393 = DEFINITIONAL_REPRESENTATION('',(#5394),#5398);
#5394 = LINE('',#5395,#5396);
#5395 = CARTESIAN_POINT('',(3.35,0.));
#5396 = VECTOR('',#5397,1.);
#5397 = DIRECTION('',(0.,1.));
#5398 = ( GEOMETRIC_REPRESENTATION_CONTEXT(2) 
PARAMETRIC_REPRESENTATION_CONTEXT() REPRESENTATION_CONTEXT('2D SPACE',''
  ) );
#5399 = ORIENTED_EDGE('',*,*,#5400,.T.);
#5400 = EDGE_CURVE('',#5378,#5401,#5403,.T.);
#5401 = VERTEX_POINT('',#5402);
#5402 = CARTESIAN_POINT('',(12.378021447975,6.4,1.382490688405));
#5403 = SURFACE_CURVE('',#5404,(#5409,#5416),.PCURVE_S1.);
#5404 = CIRCLE('',#5405,109.45250594613);
#5405 = AXIS2_PLACEMENT_3D('',#5406,#5407,#5408);
#5406 = CARTESIAN_POINT('',(-94.10250594613,6.4,-23.95026170372));
#5407 = DIRECTION('',(0.,1.,0.));
#5408 = DIRECTION('',(0.971788115391,-0.,0.235855588836));
#5409 = PCURVE('',#2721,#5410);
#5410 = DEFINITIONAL_REPRESENTATION('',(#5411),#5415);
#5411 = LINE('',#5412,#5413);
#5412 = CARTESIAN_POINT('',(-4.32532606556E-03,-0.55));
#5413 = VECTOR('',#5414,1.);
#5414 = DIRECTION('',(1.,0.));
#5415 = ( GEOMETRIC_REPRESENTATION_CONTEXT(2) 
PARAMETRIC_REPRESENTATION_CONTEXT() REPRESENTATION_CONTEXT('2D SPACE',''
  ) );
#5416 = PCURVE('',#5162,#5417);
#5417 = DEFINITIONAL_REPRESENTATION('',(#5418),#5422);
#5418 = CIRCLE('',#5419,109.45250594613);
#5419 = AXIS2_PLACEMENT_2D('',#5420,#5421);
#5420 = CARTESIAN_POINT('',(0.,0.));
#5421 = DIRECTION('',(1.,-1.217210714395E-17));
#5422 = ( GEOMETRIC_REPRESENTATION_CONTEXT(2) 
PARAMETRIC_REPRESENTATION_CONTEXT() REPRESENTATION_CONTEXT('2D SPACE',''
  ) );
#5423 = ORIENTED_EDGE('',*,*,#5424,.T.);
#5424 = EDGE_CURVE('',#5401,#5425,#5427,.T.);
#5425 = VERTEX_POINT('',#5426);
#5426 = CARTESIAN_POINT('',(12.378021447975,6.72,1.382490688405));
#5427 = SURFACE_CURVE('',#5428,(#5432,#5439),.PCURVE_S1.);
#5428 = LINE('',#5429,#5430);
#5429 = CARTESIAN_POINT('',(12.378021447975,6.575,1.382490688405));
#5430 = VECTOR('',#5431,1.);
#5431 = DIRECTION('',(0.,1.,0.));
#5432 = PCURVE('',#2721,#5433);
#5433 = DEFINITIONAL_REPRESENTATION('',(#5434),#5438);
#5434 = LINE('',#5435,#5436);
#5435 = CARTESIAN_POINT('',(2.059679078839E-04,-0.375));
#5436 = VECTOR('',#5437,1.);
#5437 = DIRECTION('',(0.,1.));
#5438 = ( GEOMETRIC_REPRESENTATION_CONTEXT(2) 
PARAMETRIC_REPRESENTATION_CONTEXT() REPRESENTATION_CONTEXT('2D SPACE',''
  ) );
#5439 = PCURVE('',#5190,#5440);
#5440 = DEFINITIONAL_REPRESENTATION('',(#5441),#5445);
#5441 = LINE('',#5442,#5443);
#5442 = CARTESIAN_POINT('',(3.35,0.));
#5443 = VECTOR('',#5444,1.);
#5444 = DIRECTION('',(0.,1.));
#5445 = ( GEOMETRIC_REPRESENTATION_CONTEXT(2) 
PARAMETRIC_REPRESENTATION_CONTEXT() REPRESENTATION_CONTEXT('2D SPACE',''
  ) );
#5446 = ORIENTED_EDGE('',*,*,#5447,.T.);
#5447 = EDGE_CURVE('',#5425,#5305,#5448,.T.);
#5448 = SURFACE_CURVE('',#5449,(#5454,#5461),.PCURVE_S1.);
#5449 = CIRCLE('',#5450,109.45250594613);
#5450 = AXIS2_PLACEMENT_3D('',#5451,#5452,#5453);
#5451 = CARTESIAN_POINT('',(-94.10250594613,6.72,-23.95026170372));
#5452 = DIRECTION('',(0.,1.,0.));
#5453 = DIRECTION('',(0.972799174228,-0.,0.231650095235));
#5454 = PCURVE('',#2721,#5455);
#5455 = DEFINITIONAL_REPRESENTATION('',(#5456),#5460);
#5456 = LINE('',#5457,#5458);
#5457 = CARTESIAN_POINT('',(0.,-0.23));
#5458 = VECTOR('',#5459,1.);
#5459 = DIRECTION('',(1.,0.));
#5460 = ( GEOMETRIC_REPRESENTATION_CONTEXT(2) 
PARAMETRIC_REPRESENTATION_CONTEXT() REPRESENTATION_CONTEXT('2D SPACE',''
  ) );
#5461 = PCURVE('',#5219,#5462);
#5462 = DEFINITIONAL_REPRESENTATION('',(#5463),#5467);
#5463 = CIRCLE('',#5464,109.45250594613);
#5464 = AXIS2_PLACEMENT_2D('',#5465,#5466);
#5465 = CARTESIAN_POINT('',(0.,0.));
#5466 = DIRECTION('',(1.,4.057369047983E-18));
#5467 = ( GEOMETRIC_REPRESENTATION_CONTEXT(2) 
PARAMETRIC_REPRESENTATION_CONTEXT() REPRESENTATION_CONTEXT('2D SPACE',''
  ) );
#5468 = ORIENTED_EDGE('',*,*,#5327,.T.);
#5469 = ORIENTED_EDGE('',*,*,#2701,.F.);
#5470 = ADVANCED_FACE('',(#5471),#2922,.T.);
#5471 = FACE_BOUND('',#5472,.T.);
#5472 = EDGE_LOOP('',(#5473,#5496,#5497,#5498,#5527,#5553,#5582,#5603));
#5473 = ORIENTED_EDGE('',*,*,#5474,.T.);
#5474 = EDGE_CURVE('',#5475,#2770,#5477,.T.);
#5475 = VERTEX_POINT('',#5476);
#5476 = CARTESIAN_POINT('',(8.892134725503,5.12,-21.67738146438));
#5477 = SEAM_CURVE('',#5478,(#5482,#5489),.PCURVE_S1.);
#5478 = LINE('',#5479,#5480);
#5479 = CARTESIAN_POINT('',(8.892134725503,5.12,-21.67738146438));
#5480 = VECTOR('',#5481,1.);
#5481 = DIRECTION('',(0.,1.,0.));
#5482 = PCURVE('',#2922,#5483);
#5483 = DEFINITIONAL_REPRESENTATION('',(#5484),#5488);
#5484 = LINE('',#5485,#5486);
#5485 = CARTESIAN_POINT('',(6.28318530718,-0.));
#5486 = VECTOR('',#5487,1.);
#5487 = DIRECTION('',(0.,1.));
#5488 = ( GEOMETRIC_REPRESENTATION_CONTEXT(2) 
PARAMETRIC_REPRESENTATION_CONTEXT() REPRESENTATION_CONTEXT('2D SPACE',''
  ) );
#5489 = PCURVE('',#2922,#5490);
#5490 = DEFINITIONAL_REPRESENTATION('',(#5491),#5495);
#5491 = LINE('',#5492,#5493);
#5492 = CARTESIAN_POINT('',(0.,-0.));
#5493 = VECTOR('',#5494,1.);
#5494 = DIRECTION('',(0.,1.));
#5495 = ( GEOMETRIC_REPRESENTATION_CONTEXT(2) 
PARAMETRIC_REPRESENTATION_CONTEXT() REPRESENTATION_CONTEXT('2D SPACE',''
  ) );
#5496 = ORIENTED_EDGE('',*,*,#2769,.F.);
#5497 = ORIENTED_EDGE('',*,*,#5474,.F.);
#5498 = ORIENTED_EDGE('',*,*,#5499,.T.);
#5499 = EDGE_CURVE('',#5475,#5500,#5502,.T.);
#5500 = VERTEX_POINT('',#5501);
#5501 = CARTESIAN_POINT('',(9.858755449206,5.12,-22.42116987895));
#5502 = SURFACE_CURVE('',#5503,(#5508,#5515),.PCURVE_S1.);
#5503 = CIRCLE('',#5504,1.);
#5504 = AXIS2_PLACEMENT_3D('',#5505,#5506,#5507);
#5505 = CARTESIAN_POINT('',(8.892134725503,5.12,-22.67738146438));
#5506 = DIRECTION('',(0.,1.,0.));
#5507 = DIRECTION('',(0.,-0.,1.));
#5508 = PCURVE('',#2922,#5509);
#5509 = DEFINITIONAL_REPRESENTATION('',(#5510),#5514);
#5510 = LINE('',#5511,#5512);
#5511 = CARTESIAN_POINT('',(0.,0.));
#5512 = VECTOR('',#5513,1.);
#5513 = DIRECTION('',(1.,0.));
#5514 = ( GEOMETRIC_REPRESENTATION_CONTEXT(2) 
PARAMETRIC_REPRESENTATION_CONTEXT() REPRESENTATION_CONTEXT('2D SPACE',''
  ) );
#5515 = PCURVE('',#5516,#5521);
#5516 = PLANE('',#5517);
#5517 = AXIS2_PLACEMENT_3D('',#5518,#5519,#5520);
#5518 = CARTESIAN_POINT('',(8.892134725503,5.12,-22.67738146438));
#5519 = DIRECTION('',(0.,1.,0.));
#5520 = DIRECTION('',(0.,-0.,1.));
#5521 = DEFINITIONAL_REPRESENTATION('',(#5522),#5526);
#5522 = CIRCLE('',#5523,1.);
#5523 = AXIS2_PLACEMENT_2D('',#5524,#5525);
#5524 = CARTESIAN_POINT('',(0.,0.));
#5525 = DIRECTION('',(1.,0.));
#5526 = ( GEOMETRIC_REPRESENTATION_CONTEXT(2) 
PARAMETRIC_REPRESENTATION_CONTEXT() REPRESENTATION_CONTEXT('2D SPACE',''
  ) );
#5527 = ORIENTED_EDGE('',*,*,#5528,.T.);
#5528 = EDGE_CURVE('',#5500,#5529,#5531,.T.);
#5529 = VERTEX_POINT('',#5530);
#5530 = CARTESIAN_POINT('',(9.858755449206,6.14,-22.42116987895));
#5531 = SURFACE_CURVE('',#5532,(#5536,#5542),.PCURVE_S1.);
#5532 = LINE('',#5533,#5534);
#5533 = CARTESIAN_POINT('',(9.858755449206,5.12,-22.42116987895));
#5534 = VECTOR('',#5535,1.);
#5535 = DIRECTION('',(0.,1.,0.));
#5536 = PCURVE('',#2922,#5537);
#5537 = DEFINITIONAL_REPRESENTATION('',(#5538),#5541);
#5538 = B_SPLINE_CURVE_WITH_KNOTS('',1,(#5539,#5540),.UNSPECIFIED.,.F.,
  .F.,(2,2),(-5.999999999062E-07,1.0200006),.PIECEWISE_BEZIER_KNOTS.);
#5539 = CARTESIAN_POINT('',(1.311695407596,-5.999999999062E-07));
#5540 = CARTESIAN_POINT('',(1.311695407596,1.0200006));
#5541 = ( GEOMETRIC_REPRESENTATION_CONTEXT(2) 
PARAMETRIC_REPRESENTATION_CONTEXT() REPRESENTATION_CONTEXT('2D SPACE',''
  ) );
#5542 = PCURVE('',#5543,#5548);
#5543 = CYLINDRICAL_SURFACE('',#5544,103.97250594613);
#5544 = AXIS2_PLACEMENT_3D('',#5545,#5546,#5547);
#5545 = CARTESIAN_POINT('',(-94.10250594613,5.42,-23.95026170372));
#5546 = DIRECTION('',(0.,1.,0.));
#5547 = DIRECTION('',(0.99956324156,-0.,2.95520916544E-02));
#5548 = DEFINITIONAL_REPRESENTATION('',(#5549),#5552);
#5549 = B_SPLINE_CURVE_WITH_KNOTS('',1,(#5550,#5551),.UNSPECIFIED.,.F.,
  .F.,(2,2),(-5.999999999062E-07,1.0200006),.PIECEWISE_BEZIER_KNOTS.);
#5550 = CARTESIAN_POINT('',(1.484917062981E-02,-0.3000006));
#5551 = CARTESIAN_POINT('',(1.484917062981E-02,0.7200006));
#5552 = ( GEOMETRIC_REPRESENTATION_CONTEXT(2) 
PARAMETRIC_REPRESENTATION_CONTEXT() REPRESENTATION_CONTEXT('2D SPACE',''
  ) );
#5553 = ORIENTED_EDGE('',*,*,#5554,.T.);
#5554 = EDGE_CURVE('',#5529,#5555,#5557,.T.);
#5555 = VERTEX_POINT('',#5556);
#5556 = CARTESIAN_POINT('',(9.864792134706,6.14,-22.90962608611));
#5557 = SURFACE_CURVE('',#5558,(#5563,#5570),.PCURVE_S1.);
#5558 = CIRCLE('',#5559,1.);
#5559 = AXIS2_PLACEMENT_3D('',#5560,#5561,#5562);
#5560 = CARTESIAN_POINT('',(8.892134725503,6.14,-22.67738146438));
#5561 = DIRECTION('',(0.,1.,0.));
#5562 = DIRECTION('',(0.,-0.,1.));
#5563 = PCURVE('',#2922,#5564);
#5564 = DEFINITIONAL_REPRESENTATION('',(#5565),#5569);
#5565 = LINE('',#5566,#5567);
#5566 = CARTESIAN_POINT('',(0.,1.02));
#5567 = VECTOR('',#5568,1.);
#5568 = DIRECTION('',(1.,0.));
#5569 = ( GEOMETRIC_REPRESENTATION_CONTEXT(2) 
PARAMETRIC_REPRESENTATION_CONTEXT() REPRESENTATION_CONTEXT('2D SPACE',''
  ) );
#5570 = PCURVE('',#5571,#5576);
#5571 = PLANE('',#5572);
#5572 = AXIS2_PLACEMENT_3D('',#5573,#5574,#5575);
#5573 = CARTESIAN_POINT('',(-94.10250594613,6.14,-23.95026170372));
#5574 = DIRECTION('',(0.,1.,0.));
#5575 = DIRECTION('',(0.99956324156,-0.,2.95520916544E-02));
#5576 = DEFINITIONAL_REPRESENTATION('',(#5577),#5581);
#5577 = CIRCLE('',#5578,1.);
#5578 = AXIS2_PLACEMENT_2D('',#5579,#5580);
#5579 = CARTESIAN_POINT('',(102.98727316659,1.771382762884));
#5580 = DIRECTION('',(2.95520916544E-02,-0.99956324156));
#5581 = ( GEOMETRIC_REPRESENTATION_CONTEXT(2) 
PARAMETRIC_REPRESENTATION_CONTEXT() REPRESENTATION_CONTEXT('2D SPACE',''
  ) );
#5582 = ORIENTED_EDGE('',*,*,#5583,.F.);
#5583 = EDGE_CURVE('',#5584,#5555,#5586,.T.);
#5584 = VERTEX_POINT('',#5585);
#5585 = CARTESIAN_POINT('',(9.864792134706,5.12,-22.90962608611));
#5586 = SURFACE_CURVE('',#5587,(#5591,#5597),.PCURVE_S1.);
#5587 = LINE('',#5588,#5589);
#5588 = CARTESIAN_POINT('',(9.864792134706,5.12,-22.90962608611));
#5589 = VECTOR('',#5590,1.);
#5590 = DIRECTION('',(0.,1.,0.));
#5591 = PCURVE('',#2922,#5592);
#5592 = DEFINITIONAL_REPRESENTATION('',(#5593),#5596);
#5593 = B_SPLINE_CURVE_WITH_KNOTS('',1,(#5594,#5595),.UNSPECIFIED.,.F.,
  .F.,(2,2),(-5.999999999062E-07,1.0200006),.PIECEWISE_BEZIER_KNOTS.);
#5594 = CARTESIAN_POINT('',(1.805181097047,-5.999999999062E-07));
#5595 = CARTESIAN_POINT('',(1.805181097047,1.0200006));
#5596 = ( GEOMETRIC_REPRESENTATION_CONTEXT(2) 
PARAMETRIC_REPRESENTATION_CONTEXT() REPRESENTATION_CONTEXT('2D SPACE',''
  ) );
#5597 = PCURVE('',#5543,#5598);
#5598 = DEFINITIONAL_REPRESENTATION('',(#5599),#5602);
#5599 = B_SPLINE_CURVE_WITH_KNOTS('',1,(#5600,#5601),.UNSPECIFIED.,.F.,
  .F.,(2,2),(-5.999999999062E-07,1.0200006),.PIECEWISE_BEZIER_KNOTS.);
#5600 = CARTESIAN_POINT('',(1.954746998679E-02,-0.3000006));
#5601 = CARTESIAN_POINT('',(1.954746998679E-02,0.7200006));
#5602 = ( GEOMETRIC_REPRESENTATION_CONTEXT(2) 
PARAMETRIC_REPRESENTATION_CONTEXT() REPRESENTATION_CONTEXT('2D SPACE',''
  ) );
#5603 = ORIENTED_EDGE('',*,*,#5604,.T.);
#5604 = EDGE_CURVE('',#5584,#5475,#5605,.T.);
#5605 = SURFACE_CURVE('',#5606,(#5611,#5618),.PCURVE_S1.);
#5606 = CIRCLE('',#5607,1.);
#5607 = AXIS2_PLACEMENT_3D('',#5608,#5609,#5610);
#5608 = CARTESIAN_POINT('',(8.892134725503,5.12,-22.67738146438));
#5609 = DIRECTION('',(0.,1.,0.));
#5610 = DIRECTION('',(0.,-0.,1.));
#5611 = PCURVE('',#2922,#5612);
#5612 = DEFINITIONAL_REPRESENTATION('',(#5613),#5617);
#5613 = LINE('',#5614,#5615);
#5614 = CARTESIAN_POINT('',(0.,0.));
#5615 = VECTOR('',#5616,1.);
#5616 = DIRECTION('',(1.,0.));
#5617 = ( GEOMETRIC_REPRESENTATION_CONTEXT(2) 
PARAMETRIC_REPRESENTATION_CONTEXT() REPRESENTATION_CONTEXT('2D SPACE',''
  ) );
#5618 = PCURVE('',#5516,#5619);
#5619 = DEFINITIONAL_REPRESENTATION('',(#5620),#5624);
#5620 = CIRCLE('',#5621,1.);
#5621 = AXIS2_PLACEMENT_2D('',#5622,#5623);
#5622 = CARTESIAN_POINT('',(0.,0.));
#5623 = DIRECTION('',(1.,0.));
#5624 = ( GEOMETRIC_REPRESENTATION_CONTEXT(2) 
PARAMETRIC_REPRESENTATION_CONTEXT() REPRESENTATION_CONTEXT('2D SPACE',''
  ) );
#5625 = ADVANCED_FACE('',(#5626),#3046,.F.);
#5626 = FACE_BOUND('',#5627,.F.);
#5627 = EDGE_LOOP('',(#5628,#5651,#5680,#5706,#5735,#5756));
#5628 = ORIENTED_EDGE('',*,*,#5629,.F.);
#5629 = EDGE_CURVE('',#5630,#3025,#5632,.T.);
#5630 = VERTEX_POINT('',#5631);
#5631 = CARTESIAN_POINT('',(14.698988692269,3.15,-41.46674197966));
#5632 = SURFACE_CURVE('',#5633,(#5637,#5644),.PCURVE_S1.);
#5633 = LINE('',#5634,#5635);
#5634 = CARTESIAN_POINT('',(14.698988692269,5.165,-41.46674197966));
#5635 = VECTOR('',#5636,1.);
#5636 = DIRECTION('',(0.,1.,0.));
#5637 = PCURVE('',#3046,#5638);
#5638 = DEFINITIONAL_REPRESENTATION('',(#5639),#5643);
#5639 = LINE('',#5640,#5641);
#5640 = CARTESIAN_POINT('',(0.,0.));
#5641 = VECTOR('',#5642,1.);
#5642 = DIRECTION('',(0.,1.));
#5643 = ( GEOMETRIC_REPRESENTATION_CONTEXT(2) 
PARAMETRIC_REPRESENTATION_CONTEXT() REPRESENTATION_CONTEXT('2D SPACE',''
  ) );
#5644 = PCURVE('',#3080,#5645);
#5645 = DEFINITIONAL_REPRESENTATION('',(#5646),#5650);
#5646 = LINE('',#5647,#5648);
#5647 = CARTESIAN_POINT('',(-0.55,0.));
#5648 = VECTOR('',#5649,1.);
#5649 = DIRECTION('',(0.,1.));
#5650 = ( GEOMETRIC_REPRESENTATION_CONTEXT(2) 
PARAMETRIC_REPRESENTATION_CONTEXT() REPRESENTATION_CONTEXT('2D SPACE',''
  ) );
#5651 = ORIENTED_EDGE('',*,*,#5652,.T.);
#5652 = EDGE_CURVE('',#5630,#5653,#5655,.T.);
#5653 = VERTEX_POINT('',#5654);
#5654 = CARTESIAN_POINT('',(14.531965216868,3.15,-42.47440789032));
#5655 = SURFACE_CURVE('',#5656,(#5661,#5668),.PCURVE_S1.);
#5656 = CIRCLE('',#5657,110.20250594613);
#5657 = AXIS2_PLACEMENT_3D('',#5658,#5659,#5660);
#5658 = CARTESIAN_POINT('',(-94.10250594613,3.15,-23.95026170372));
#5659 = DIRECTION('',(0.,1.,0.));
#5660 = DIRECTION('',(0.987286937845,0.,-0.158948112165));
#5661 = PCURVE('',#3046,#5662);
#5662 = DEFINITIONAL_REPRESENTATION('',(#5663),#5667);
#5663 = LINE('',#5664,#5665);
#5664 = CARTESIAN_POINT('',(0.,-2.015));
#5665 = VECTOR('',#5666,1.);
#5666 = DIRECTION('',(1.,0.));
#5667 = ( GEOMETRIC_REPRESENTATION_CONTEXT(2) 
PARAMETRIC_REPRESENTATION_CONTEXT() REPRESENTATION_CONTEXT('2D SPACE',''
  ) );
#5668 = PCURVE('',#5669,#5674);
#5669 = PLANE('',#5670);
#5670 = AXIS2_PLACEMENT_3D('',#5671,#5672,#5673);
#5671 = CARTESIAN_POINT('',(-94.10250594613,3.15,-23.95026170372));
#5672 = DIRECTION('',(0.,1.,0.));
#5673 = DIRECTION('',(0.987286937845,0.,-0.158948112165));
#5674 = DEFINITIONAL_REPRESENTATION('',(#5675),#5679);
#5675 = CIRCLE('',#5676,110.20250594613);
#5676 = AXIS2_PLACEMENT_2D('',#5677,#5678);
#5677 = CARTESIAN_POINT('',(0.,0.));
#5678 = DIRECTION('',(1.,7.842152550151E-18));
#5679 = ( GEOMETRIC_REPRESENTATION_CONTEXT(2) 
PARAMETRIC_REPRESENTATION_CONTEXT() REPRESENTATION_CONTEXT('2D SPACE',''
  ) );
#5680 = ORIENTED_EDGE('',*,*,#5681,.T.);
#5681 = EDGE_CURVE('',#5653,#5682,#5684,.T.);
#5682 = VERTEX_POINT('',#5683);
#5683 = CARTESIAN_POINT('',(14.531965216868,4.15,-42.47440789032));
#5684 = SURFACE_CURVE('',#5685,(#5689,#5695),.PCURVE_S1.);
#5685 = LINE('',#5686,#5687);
#5686 = CARTESIAN_POINT('',(14.531965216868,5.165,-42.47440789032));
#5687 = VECTOR('',#5688,1.);
#5688 = DIRECTION('',(0.,1.,0.));
#5689 = PCURVE('',#3046,#5690);
#5690 = DEFINITIONAL_REPRESENTATION('',(#5691),#5694);
#5691 = B_SPLINE_CURVE_WITH_KNOTS('',1,(#5692,#5693),.UNSPECIFIED.,.F.,
  .F.,(2,2),(-2.0150006,-0.915),.PIECEWISE_BEZIER_KNOTS.);
#5692 = CARTESIAN_POINT('',(9.268555854771E-03,-2.0150006));
#5693 = CARTESIAN_POINT('',(9.268555854771E-03,-0.915));
#5694 = ( GEOMETRIC_REPRESENTATION_CONTEXT(2) 
PARAMETRIC_REPRESENTATION_CONTEXT() REPRESENTATION_CONTEXT('2D SPACE',''
  ) );
#5695 = PCURVE('',#5696,#5701);
#5696 = PLANE('',#5697);
#5697 = AXIS2_PLACEMENT_3D('',#5698,#5699,#5700);
#5698 = CARTESIAN_POINT('',(13.447616750802,3.65,-42.2895068245));
#5699 = DIRECTION('',(0.168091878016,0.,0.985771332787));
#5700 = DIRECTION('',(0.985771332787,0.,-0.168091878016));
#5701 = DEFINITIONAL_REPRESENTATION('',(#5702),#5705);
#5702 = B_SPLINE_CURVE_WITH_KNOTS('',1,(#5703,#5704),.UNSPECIFIED.,.F.,
  .F.,(2,2),(-2.0150006,-0.915),.PIECEWISE_BEZIER_KNOTS.);
#5703 = CARTESIAN_POINT('',(1.1,-0.5000006));
#5704 = CARTESIAN_POINT('',(1.1,0.6));
#5705 = ( GEOMETRIC_REPRESENTATION_CONTEXT(2) 
PARAMETRIC_REPRESENTATION_CONTEXT() REPRESENTATION_CONTEXT('2D SPACE',''
  ) );
#5706 = ORIENTED_EDGE('',*,*,#5707,.T.);
#5707 = EDGE_CURVE('',#5682,#5708,#5710,.T.);
#5708 = VERTEX_POINT('',#5709);
#5709 = CARTESIAN_POINT('',(14.512830714866,4.15,-42.58627412122));
#5710 = SURFACE_CURVE('',#5711,(#5716,#5723),.PCURVE_S1.);
#5711 = CIRCLE('',#5712,110.20250594613);
#5712 = AXIS2_PLACEMENT_3D('',#5713,#5714,#5715);
#5713 = CARTESIAN_POINT('',(-94.10250594613,4.15,-23.95026170372));
#5714 = DIRECTION('',(0.,1.,0.));
#5715 = DIRECTION('',(0.987286937845,0.,-0.158948112165));
#5716 = PCURVE('',#3046,#5717);
#5717 = DEFINITIONAL_REPRESENTATION('',(#5718),#5722);
#5718 = LINE('',#5719,#5720);
#5719 = CARTESIAN_POINT('',(1.991342306548E-17,-1.015));
#5720 = VECTOR('',#5721,1.);
#5721 = DIRECTION('',(1.,0.));
#5722 = ( GEOMETRIC_REPRESENTATION_CONTEXT(2) 
PARAMETRIC_REPRESENTATION_CONTEXT() REPRESENTATION_CONTEXT('2D SPACE',''
  ) );
#5723 = PCURVE('',#5724,#5729);
#5724 = PLANE('',#5725);
#5725 = AXIS2_PLACEMENT_3D('',#5726,#5727,#5728);
#5726 = CARTESIAN_POINT('',(-94.10250594613,4.15,-23.95026170372));
#5727 = DIRECTION('',(0.,1.,0.));
#5728 = DIRECTION('',(0.985771332787,0.,-0.168091878016));
#5729 = DEFINITIONAL_REPRESENTATION('',(#5730),#5734);
#5730 = CIRCLE('',#5731,110.20250594613);
#5731 = AXIS2_PLACEMENT_2D('',#5732,#5733);
#5732 = CARTESIAN_POINT('',(0.,0.));
#5733 = DIRECTION('',(0.999957047244,-9.268423151051E-03));
#5734 = ( GEOMETRIC_REPRESENTATION_CONTEXT(2) 
PARAMETRIC_REPRESENTATION_CONTEXT() REPRESENTATION_CONTEXT('2D SPACE',''
  ) );
#5735 = ORIENTED_EDGE('',*,*,#5736,.T.);
#5736 = EDGE_CURVE('',#5708,#3027,#5737,.T.);
#5737 = SURFACE_CURVE('',#5738,(#5742,#5749),.PCURVE_S1.);
#5738 = LINE('',#5739,#5740);
#5739 = CARTESIAN_POINT('',(14.512830714866,5.165,-42.58627412122));
#5740 = VECTOR('',#5741,1.);
#5741 = DIRECTION('',(0.,1.,0.));
#5742 = PCURVE('',#3046,#5743);
#5743 = DEFINITIONAL_REPRESENTATION('',(#5744),#5748);
#5744 = LINE('',#5745,#5746);
#5745 = CARTESIAN_POINT('',(1.029839539419E-02,0.));
#5746 = VECTOR('',#5747,1.);
#5747 = DIRECTION('',(0.,1.));
#5748 = ( GEOMETRIC_REPRESENTATION_CONTEXT(2) 
PARAMETRIC_REPRESENTATION_CONTEXT() REPRESENTATION_CONTEXT('2D SPACE',''
  ) );
#5749 = PCURVE('',#3146,#5750);
#5750 = DEFINITIONAL_REPRESENTATION('',(#5751),#5755);
#5751 = LINE('',#5752,#5753);
#5752 = CARTESIAN_POINT('',(-0.55,0.));
#5753 = VECTOR('',#5754,1.);
#5754 = DIRECTION('',(0.,1.));
#5755 = ( GEOMETRIC_REPRESENTATION_CONTEXT(2) 
PARAMETRIC_REPRESENTATION_CONTEXT() REPRESENTATION_CONTEXT('2D SPACE',''
  ) );
#5756 = ORIENTED_EDGE('',*,*,#3024,.F.);
#5757 = ADVANCED_FACE('',(#5758),#3080,.T.);
#5758 = FACE_BOUND('',#5759,.T.);
#5759 = EDGE_LOOP('',(#5760,#5761,#5784,#5805));
#5760 = ORIENTED_EDGE('',*,*,#5629,.F.);
#5761 = ORIENTED_EDGE('',*,*,#5762,.T.);
#5762 = EDGE_CURVE('',#5630,#5763,#5765,.T.);
#5763 = VERTEX_POINT('',#5764);
#5764 = CARTESIAN_POINT('',(15.785004323898,3.15,-41.64158490304));
#5765 = SURFACE_CURVE('',#5766,(#5770,#5777),.PCURVE_S1.);
#5766 = LINE('',#5767,#5768);
#5767 = CARTESIAN_POINT('',(15.241996508084,3.15,-41.55416344135));
#5768 = VECTOR('',#5769,1.);
#5769 = DIRECTION('',(0.987286937845,0.,-0.158948112165));
#5770 = PCURVE('',#3080,#5771);
#5771 = DEFINITIONAL_REPRESENTATION('',(#5772),#5776);
#5772 = LINE('',#5773,#5774);
#5773 = CARTESIAN_POINT('',(0.,-2.015));
#5774 = VECTOR('',#5775,1.);
#5775 = DIRECTION('',(1.,0.));
#5776 = ( GEOMETRIC_REPRESENTATION_CONTEXT(2) 
PARAMETRIC_REPRESENTATION_CONTEXT() REPRESENTATION_CONTEXT('2D SPACE',''
  ) );
#5777 = PCURVE('',#5669,#5778);
#5778 = DEFINITIONAL_REPRESENTATION('',(#5779),#5783);
#5779 = LINE('',#5780,#5781);
#5780 = CARTESIAN_POINT('',(110.75250594613,-2.836325608486E-15));
#5781 = VECTOR('',#5782,1.);
#5782 = DIRECTION('',(1.,-1.956056470753E-17));
#5783 = ( GEOMETRIC_REPRESENTATION_CONTEXT(2) 
PARAMETRIC_REPRESENTATION_CONTEXT() REPRESENTATION_CONTEXT('2D SPACE',''
  ) );
#5784 = ORIENTED_EDGE('',*,*,#5785,.T.);
#5785 = EDGE_CURVE('',#5763,#3061,#5786,.T.);
#5786 = SURFACE_CURVE('',#5787,(#5791,#5798),.PCURVE_S1.);
#5787 = LINE('',#5788,#5789);
#5788 = CARTESIAN_POINT('',(15.785004323898,5.165,-41.64158490304));
#5789 = VECTOR('',#5790,1.);
#5790 = DIRECTION('',(0.,1.,0.));
#5791 = PCURVE('',#3080,#5792);
#5792 = DEFINITIONAL_REPRESENTATION('',(#5793),#5797);
#5793 = LINE('',#5794,#5795);
#5794 = CARTESIAN_POINT('',(0.55,0.));
#5795 = VECTOR('',#5796,1.);
#5796 = DIRECTION('',(0.,1.));
#5797 = ( GEOMETRIC_REPRESENTATION_CONTEXT(2) 
PARAMETRIC_REPRESENTATION_CONTEXT() REPRESENTATION_CONTEXT('2D SPACE',''
  ) );
#5798 = PCURVE('',#3114,#5799);
#5799 = DEFINITIONAL_REPRESENTATION('',(#5800),#5804);
#5800 = LINE('',#5801,#5802);
#5801 = CARTESIAN_POINT('',(0.,0.));
#5802 = VECTOR('',#5803,1.);
#5803 = DIRECTION('',(0.,1.));
#5804 = ( GEOMETRIC_REPRESENTATION_CONTEXT(2) 
PARAMETRIC_REPRESENTATION_CONTEXT() REPRESENTATION_CONTEXT('2D SPACE',''
  ) );
#5805 = ORIENTED_EDGE('',*,*,#3060,.F.);
#5806 = ADVANCED_FACE('',(#5807),#3146,.F.);
#5807 = FACE_BOUND('',#5808,.F.);
#5808 = EDGE_LOOP('',(#5809,#5810,#5831,#5852));
#5809 = ORIENTED_EDGE('',*,*,#5736,.F.);
#5810 = ORIENTED_EDGE('',*,*,#5811,.T.);
#5811 = EDGE_CURVE('',#5708,#5812,#5814,.T.);
#5812 = VERTEX_POINT('',#5813);
#5813 = CARTESIAN_POINT('',(15.596988187524,4.15,-42.77229179372));
#5814 = SURFACE_CURVE('',#5815,(#5819,#5825),.PCURVE_S1.);
#5815 = LINE('',#5816,#5817);
#5816 = CARTESIAN_POINT('',(-39.52379824747,4.15,-33.31477233059));
#5817 = VECTOR('',#5818,1.);
#5818 = DIRECTION('',(0.985597702416,0.,-0.169106974996));
#5819 = PCURVE('',#3146,#5820);
#5820 = DEFINITIONAL_REPRESENTATION('',(#5821),#5824);
#5821 = B_SPLINE_CURVE_WITH_KNOTS('',1,(#5822,#5823),.UNSPECIFIED.,.F.,
  .F.,(2,2),(54.826252973068,55.926252973068),.PIECEWISE_BEZIER_KNOTS.);
#5822 = CARTESIAN_POINT('',(-0.55,-1.015));
#5823 = CARTESIAN_POINT('',(0.55,-1.015));
#5824 = ( GEOMETRIC_REPRESENTATION_CONTEXT(2) 
PARAMETRIC_REPRESENTATION_CONTEXT() REPRESENTATION_CONTEXT('2D SPACE',''
  ) );
#5825 = PCURVE('',#5724,#5826);
#5826 = DEFINITIONAL_REPRESENTATION('',(#5827),#5830);
#5827 = B_SPLINE_CURVE_WITH_KNOTS('',1,(#5828,#5829),.UNSPECIFIED.,.F.,
  .F.,(2,2),(54.826252973068,55.926252973068),.PIECEWISE_BEZIER_KNOTS.);
#5828 = CARTESIAN_POINT('',(110.20244750743,0.113490877906));
#5829 = CARTESIAN_POINT('',(111.30244692412,0.114623701199));
#5830 = ( GEOMETRIC_REPRESENTATION_CONTEXT(2) 
PARAMETRIC_REPRESENTATION_CONTEXT() REPRESENTATION_CONTEXT('2D SPACE',''
  ) );
#5831 = ORIENTED_EDGE('',*,*,#5832,.T.);
#5832 = EDGE_CURVE('',#5812,#3095,#5833,.T.);
#5833 = SURFACE_CURVE('',#5834,(#5838,#5845),.PCURVE_S1.);
#5834 = LINE('',#5835,#5836);
#5835 = CARTESIAN_POINT('',(15.596988187523,5.165,-42.77229179372));
#5836 = VECTOR('',#5837,1.);
#5837 = DIRECTION('',(0.,1.,0.));
#5838 = PCURVE('',#3146,#5839);
#5839 = DEFINITIONAL_REPRESENTATION('',(#5840),#5844);
#5840 = LINE('',#5841,#5842);
#5841 = CARTESIAN_POINT('',(0.55,0.));
#5842 = VECTOR('',#5843,1.);
#5843 = DIRECTION('',(0.,1.));
#5844 = ( GEOMETRIC_REPRESENTATION_CONTEXT(2) 
PARAMETRIC_REPRESENTATION_CONTEXT() REPRESENTATION_CONTEXT('2D SPACE',''
  ) );
#5845 = PCURVE('',#3114,#5846);
#5846 = DEFINITIONAL_REPRESENTATION('',(#5847),#5851);
#5847 = LINE('',#5848,#5849);
#5848 = CARTESIAN_POINT('',(1.029839539419E-02,0.));
#5849 = VECTOR('',#5850,1.);
#5850 = DIRECTION('',(0.,1.));
#5851 = ( GEOMETRIC_REPRESENTATION_CONTEXT(2) 
PARAMETRIC_REPRESENTATION_CONTEXT() REPRESENTATION_CONTEXT('2D SPACE',''
  ) );
#5852 = ORIENTED_EDGE('',*,*,#3128,.F.);
#5853 = ADVANCED_FACE('',(#5854),#3114,.T.);
#5854 = FACE_BOUND('',#5855,.T.);
#5855 = EDGE_LOOP('',(#5856,#5857,#5881,#5909,#5931,#5932));
#5856 = ORIENTED_EDGE('',*,*,#5785,.F.);
#5857 = ORIENTED_EDGE('',*,*,#5858,.T.);
#5858 = EDGE_CURVE('',#5763,#5859,#5861,.T.);
#5859 = VERTEX_POINT('',#5860);
#5860 = CARTESIAN_POINT('',(15.335177078949,3.15,-44.23920854654));
#5861 = SURFACE_CURVE('',#5862,(#5867,#5874),.PCURVE_S1.);
#5862 = CIRCLE('',#5863,111.30250594613);
#5863 = AXIS2_PLACEMENT_3D('',#5864,#5865,#5866);
#5864 = CARTESIAN_POINT('',(-94.10250594613,3.15,-23.95026170372));
#5865 = DIRECTION('',(0.,1.,0.));
#5866 = DIRECTION('',(0.987286937845,0.,-0.158948112165));
#5867 = PCURVE('',#3114,#5868);
#5868 = DEFINITIONAL_REPRESENTATION('',(#5869),#5873);
#5869 = LINE('',#5870,#5871);
#5870 = CARTESIAN_POINT('',(0.,-2.015));
#5871 = VECTOR('',#5872,1.);
#5872 = DIRECTION('',(1.,0.));
#5873 = ( GEOMETRIC_REPRESENTATION_CONTEXT(2) 
PARAMETRIC_REPRESENTATION_CONTEXT() REPRESENTATION_CONTEXT('2D SPACE',''
  ) );
#5874 = PCURVE('',#5669,#5875);
#5875 = DEFINITIONAL_REPRESENTATION('',(#5876),#5880);
#5876 = CIRCLE('',#5877,111.30250594613);
#5877 = AXIS2_PLACEMENT_2D('',#5878,#5879);
#5878 = CARTESIAN_POINT('',(0.,0.));
#5879 = DIRECTION('',(1.,-1.956056470753E-17));
#5880 = ( GEOMETRIC_REPRESENTATION_CONTEXT(2) 
PARAMETRIC_REPRESENTATION_CONTEXT() REPRESENTATION_CONTEXT('2D SPACE',''
  ) );
#5881 = ORIENTED_EDGE('',*,*,#5882,.T.);
#5882 = EDGE_CURVE('',#5859,#5883,#5885,.T.);
#5883 = VERTEX_POINT('',#5884);
#5884 = CARTESIAN_POINT('',(15.335177078949,4.15,-44.23920854654));
#5885 = SURFACE_CURVE('',#5886,(#5890,#5897),.PCURVE_S1.);
#5886 = LINE('',#5887,#5888);
#5887 = CARTESIAN_POINT('',(15.335177078949,3.65,-44.23920854654));
#5888 = VECTOR('',#5889,1.);
#5889 = DIRECTION('',(0.,1.,0.));
#5890 = PCURVE('',#3114,#5891);
#5891 = DEFINITIONAL_REPRESENTATION('',(#5892),#5896);
#5892 = LINE('',#5893,#5894);
#5893 = CARTESIAN_POINT('',(2.368630940664E-02,-1.515));
#5894 = VECTOR('',#5895,1.);
#5895 = DIRECTION('',(0.,1.));
#5896 = ( GEOMETRIC_REPRESENTATION_CONTEXT(2) 
PARAMETRIC_REPRESENTATION_CONTEXT() REPRESENTATION_CONTEXT('2D SPACE',''
  ) );
#5897 = PCURVE('',#5898,#5903);
#5898 = PLANE('',#5899);
#5899 = AXIS2_PLACEMENT_3D('',#5900,#5901,#5902);
#5900 = CARTESIAN_POINT('',(13.172037079462,3.65,-43.83817819529));
#5901 = DIRECTION('',(0.182286523294,0.,0.983245454312));
#5902 = DIRECTION('',(0.983245454312,0.,-0.182286523294));
#5903 = DEFINITIONAL_REPRESENTATION('',(#5904),#5908);
#5904 = LINE('',#5905,#5906);
#5905 = CARTESIAN_POINT('',(2.2,0.));
#5906 = VECTOR('',#5907,1.);
#5907 = DIRECTION('',(0.,1.));
#5908 = ( GEOMETRIC_REPRESENTATION_CONTEXT(2) 
PARAMETRIC_REPRESENTATION_CONTEXT() REPRESENTATION_CONTEXT('2D SPACE',''
  ) );
#5909 = ORIENTED_EDGE('',*,*,#5910,.F.);
#5910 = EDGE_CURVE('',#5812,#5883,#5911,.T.);
#5911 = SURFACE_CURVE('',#5912,(#5917,#5924),.PCURVE_S1.);
#5912 = CIRCLE('',#5913,111.30250594613);
#5913 = AXIS2_PLACEMENT_3D('',#5914,#5915,#5916);
#5914 = CARTESIAN_POINT('',(-94.10250594613,4.15,-23.95026170372));
#5915 = DIRECTION('',(0.,1.,0.));
#5916 = DIRECTION('',(0.985771332787,0.,-0.168091878016));
#5917 = PCURVE('',#3114,#5918);
#5918 = DEFINITIONAL_REPRESENTATION('',(#5919),#5923);
#5919 = LINE('',#5920,#5921);
#5920 = CARTESIAN_POINT('',(9.268555854771E-03,-1.015));
#5921 = VECTOR('',#5922,1.);
#5922 = DIRECTION('',(1.,0.));
#5923 = ( GEOMETRIC_REPRESENTATION_CONTEXT(2) 
PARAMETRIC_REPRESENTATION_CONTEXT() REPRESENTATION_CONTEXT('2D SPACE',''
  ) );
#5924 = PCURVE('',#5724,#5925);
#5925 = DEFINITIONAL_REPRESENTATION('',(#5926),#5930);
#5926 = CIRCLE('',#5927,111.30250594613);
#5927 = AXIS2_PLACEMENT_2D('',#5928,#5929);
#5928 = CARTESIAN_POINT('',(0.,0.));
#5929 = DIRECTION('',(1.,-0.));
#5930 = ( GEOMETRIC_REPRESENTATION_CONTEXT(2) 
PARAMETRIC_REPRESENTATION_CONTEXT() REPRESENTATION_CONTEXT('2D SPACE',''
  ) );
#5931 = ORIENTED_EDGE('',*,*,#5832,.T.);
#5932 = ORIENTED_EDGE('',*,*,#3094,.F.);
#5933 = ADVANCED_FACE('',(#5934),#3226,.T.);
#5934 = FACE_BOUND('',#5935,.T.);
#5935 = EDGE_LOOP('',(#5936,#5957,#5958,#5979));
#5936 = ORIENTED_EDGE('',*,*,#5937,.F.);
#5937 = EDGE_CURVE('',#3163,#4506,#5938,.T.);
#5938 = SURFACE_CURVE('',#5939,(#5943,#5950),.PCURVE_S1.);
#5939 = LINE('',#5940,#5941);
#5940 = CARTESIAN_POINT('',(12.657290252987,7.645,-41.25085296387));
#5941 = VECTOR('',#5942,1.);
#5942 = DIRECTION('',(0.,1.,0.));
#5943 = PCURVE('',#3226,#5944);
#5944 = DEFINITIONAL_REPRESENTATION('',(#5945),#5949);
#5945 = LINE('',#5946,#5947);
#5946 = CARTESIAN_POINT('',(0.,0.));
#5947 = VECTOR('',#5948,1.);
#5948 = DIRECTION('',(0.,1.));
#5949 = ( GEOMETRIC_REPRESENTATION_CONTEXT(2) 
PARAMETRIC_REPRESENTATION_CONTEXT() REPRESENTATION_CONTEXT('2D SPACE',''
  ) );
#5950 = PCURVE('',#3281,#5951);
#5951 = DEFINITIONAL_REPRESENTATION('',(#5952),#5956);
#5952 = LINE('',#5953,#5954);
#5953 = CARTESIAN_POINT('',(-0.95,0.));
#5954 = VECTOR('',#5955,1.);
#5955 = DIRECTION('',(0.,1.));
#5956 = ( GEOMETRIC_REPRESENTATION_CONTEXT(2) 
PARAMETRIC_REPRESENTATION_CONTEXT() REPRESENTATION_CONTEXT('2D SPACE',''
  ) );
#5957 = ORIENTED_EDGE('',*,*,#3162,.T.);
#5958 = ORIENTED_EDGE('',*,*,#5959,.T.);
#5959 = EDGE_CURVE('',#3165,#4529,#5960,.T.);
#5960 = SURFACE_CURVE('',#5961,(#5965,#5972),.PCURVE_S1.);
#5961 = LINE('',#5962,#5963);
#5962 = CARTESIAN_POINT('',(11.672020518215,7.645,-46.50495287144));
#5963 = VECTOR('',#5964,1.);
#5964 = DIRECTION('',(0.,1.,0.));
#5965 = PCURVE('',#3226,#5966);
#5966 = DEFINITIONAL_REPRESENTATION('',(#5967),#5971);
#5967 = LINE('',#5968,#5969);
#5968 = CARTESIAN_POINT('',(4.943229789211E-02,0.));
#5969 = VECTOR('',#5970,1.);
#5970 = DIRECTION('',(0.,1.));
#5971 = ( GEOMETRIC_REPRESENTATION_CONTEXT(2) 
PARAMETRIC_REPRESENTATION_CONTEXT() REPRESENTATION_CONTEXT('2D SPACE',''
  ) );
#5972 = PCURVE('',#3410,#5973);
#5973 = DEFINITIONAL_REPRESENTATION('',(#5974),#5978);
#5974 = LINE('',#5975,#5976);
#5975 = CARTESIAN_POINT('',(-0.95,0.));
#5976 = VECTOR('',#5977,1.);
#5977 = DIRECTION('',(0.,1.));
#5978 = ( GEOMETRIC_REPRESENTATION_CONTEXT(2) 
PARAMETRIC_REPRESENTATION_CONTEXT() REPRESENTATION_CONTEXT('2D SPACE',''
  ) );
#5979 = ORIENTED_EDGE('',*,*,#4528,.F.);
#5980 = ADVANCED_FACE('',(#5981),#3410,.T.);
#5981 = FACE_BOUND('',#5982,.T.);
#5982 = EDGE_LOOP('',(#5983,#5984,#5985,#6006));
#5983 = ORIENTED_EDGE('',*,*,#5959,.F.);
#5984 = ORIENTED_EDGE('',*,*,#3392,.T.);
#5985 = ORIENTED_EDGE('',*,*,#5986,.T.);
#5986 = EDGE_CURVE('',#3296,#4553,#5987,.T.);
#5987 = SURFACE_CURVE('',#5988,(#5992,#5999),.PCURVE_S1.);
#5988 = LINE('',#5989,#5990);
#5989 = CARTESIAN_POINT('',(13.530244685322,7.645,-46.90118884252));
#5990 = VECTOR('',#5991,1.);
#5991 = DIRECTION('',(0.,1.,0.));
#5992 = PCURVE('',#3410,#5993);
#5993 = DEFINITIONAL_REPRESENTATION('',(#5994),#5998);
#5994 = LINE('',#5995,#5996);
#5995 = CARTESIAN_POINT('',(0.95,0.));
#5996 = VECTOR('',#5997,1.);
#5997 = DIRECTION('',(0.,1.));
#5998 = ( GEOMETRIC_REPRESENTATION_CONTEXT(2) 
PARAMETRIC_REPRESENTATION_CONTEXT() REPRESENTATION_CONTEXT('2D SPACE',''
  ) );
#5999 = PCURVE('',#3357,#6000);
#6000 = DEFINITIONAL_REPRESENTATION('',(#6001),#6005);
#6001 = LINE('',#6002,#6003);
#6002 = CARTESIAN_POINT('',(4.943229789211E-02,0.));
#6003 = VECTOR('',#6004,1.);
#6004 = DIRECTION('',(0.,1.));
#6005 = ( GEOMETRIC_REPRESENTATION_CONTEXT(2) 
PARAMETRIC_REPRESENTATION_CONTEXT() REPRESENTATION_CONTEXT('2D SPACE',''
  ) );
#6006 = ORIENTED_EDGE('',*,*,#4552,.F.);
#6007 = ADVANCED_FACE('',(#6008),#3357,.F.);
#6008 = FACE_BOUND('',#6009,.F.);
#6009 = EDGE_LOOP('',(#6010,#6031,#6032,#6033));
#6010 = ORIENTED_EDGE('',*,*,#6011,.F.);
#6011 = EDGE_CURVE('',#3262,#4508,#6012,.T.);
#6012 = SURFACE_CURVE('',#6013,(#6017,#6024),.PCURVE_S1.);
#6013 = LINE('',#6014,#6015);
#6014 = CARTESIAN_POINT('',(14.532823427219,7.645,-41.55478603603));
#6015 = VECTOR('',#6016,1.);
#6016 = DIRECTION('',(0.,1.,0.));
#6017 = PCURVE('',#3357,#6018);
#6018 = DEFINITIONAL_REPRESENTATION('',(#6019),#6023);
#6019 = LINE('',#6020,#6021);
#6020 = CARTESIAN_POINT('',(0.,0.));
#6021 = VECTOR('',#6022,1.);
#6022 = DIRECTION('',(0.,1.));
#6023 = ( GEOMETRIC_REPRESENTATION_CONTEXT(2) 
PARAMETRIC_REPRESENTATION_CONTEXT() REPRESENTATION_CONTEXT('2D SPACE',''
  ) );
#6024 = PCURVE('',#3281,#6025);
#6025 = DEFINITIONAL_REPRESENTATION('',(#6026),#6030);
#6026 = LINE('',#6027,#6028);
#6027 = CARTESIAN_POINT('',(0.95,0.));
#6028 = VECTOR('',#6029,1.);
#6029 = DIRECTION('',(0.,1.));
#6030 = ( GEOMETRIC_REPRESENTATION_CONTEXT(2) 
PARAMETRIC_REPRESENTATION_CONTEXT() REPRESENTATION_CONTEXT('2D SPACE',''
  ) );
#6031 = ORIENTED_EDGE('',*,*,#3295,.T.);
#6032 = ORIENTED_EDGE('',*,*,#5986,.T.);
#6033 = ORIENTED_EDGE('',*,*,#4573,.F.);
#6034 = ADVANCED_FACE('',(#6035),#3281,.F.);
#6035 = FACE_BOUND('',#6036,.F.);
#6036 = EDGE_LOOP('',(#6037,#6038,#6039,#6040));
#6037 = ORIENTED_EDGE('',*,*,#5937,.F.);
#6038 = ORIENTED_EDGE('',*,*,#3261,.T.);
#6039 = ORIENTED_EDGE('',*,*,#6011,.T.);
#6040 = ORIENTED_EDGE('',*,*,#4505,.F.);
#6041 = ADVANCED_FACE('',(#6042),#3448,.F.);
#6042 = FACE_BOUND('',#6043,.F.);
#6043 = EDGE_LOOP('',(#6044,#6067,#6095,#6118,#6142,#6163));
#6044 = ORIENTED_EDGE('',*,*,#6045,.F.);
#6045 = EDGE_CURVE('',#6046,#3427,#6048,.T.);
#6046 = VERTEX_POINT('',#6047);
#6047 = CARTESIAN_POINT('',(11.44094179738,3.15,-40.94221320951));
#6048 = SURFACE_CURVE('',#6049,(#6053,#6060),.PCURVE_S1.);
#6049 = LINE('',#6050,#6051);
#6050 = CARTESIAN_POINT('',(11.44094179738,5.165,-40.94221320951));
#6051 = VECTOR('',#6052,1.);
#6052 = DIRECTION('',(0.,1.,0.));
#6053 = PCURVE('',#3448,#6054);
#6054 = DEFINITIONAL_REPRESENTATION('',(#6055),#6059);
#6055 = LINE('',#6056,#6057);
#6056 = CARTESIAN_POINT('',(0.,0.));
#6057 = VECTOR('',#6058,1.);
#6058 = DIRECTION('',(0.,1.));
#6059 = ( GEOMETRIC_REPRESENTATION_CONTEXT(2) 
PARAMETRIC_REPRESENTATION_CONTEXT() REPRESENTATION_CONTEXT('2D SPACE',''
  ) );
#6060 = PCURVE('',#3482,#6061);
#6061 = DEFINITIONAL_REPRESENTATION('',(#6062),#6066);
#6062 = LINE('',#6063,#6064);
#6063 = CARTESIAN_POINT('',(-0.55,0.));
#6064 = VECTOR('',#6065,1.);
#6065 = DIRECTION('',(0.,1.));
#6066 = ( GEOMETRIC_REPRESENTATION_CONTEXT(2) 
PARAMETRIC_REPRESENTATION_CONTEXT() REPRESENTATION_CONTEXT('2D SPACE',''
  ) );
#6067 = ORIENTED_EDGE('',*,*,#6068,.F.);
#6068 = EDGE_CURVE('',#6069,#6046,#6071,.T.);
#6069 = VERTEX_POINT('',#6070);
#6070 = CARTESIAN_POINT('',(11.008897079975,3.15,-43.43714784404));
#6071 = SURFACE_CURVE('',#6072,(#6077,#6084),.PCURVE_S1.);
#6072 = CIRCLE('',#6073,106.90250594613);
#6073 = AXIS2_PLACEMENT_3D('',#6074,#6075,#6076);
#6074 = CARTESIAN_POINT('',(-94.10250594613,3.15,-23.95026170372));
#6075 = DIRECTION('',(0.,-1.,0.));
#6076 = DIRECTION('',(0.983245454312,0.,-0.182286523294));
#6077 = PCURVE('',#3448,#6078);
#6078 = DEFINITIONAL_REPRESENTATION('',(#6079),#6083);
#6079 = LINE('',#6080,#6081);
#6080 = CARTESIAN_POINT('',(2.368630940664E-02,-2.015));
#6081 = VECTOR('',#6082,1.);
#6082 = DIRECTION('',(-1.,-0.));
#6083 = ( GEOMETRIC_REPRESENTATION_CONTEXT(2) 
PARAMETRIC_REPRESENTATION_CONTEXT() REPRESENTATION_CONTEXT('2D SPACE',''
  ) );
#6084 = PCURVE('',#5669,#6085);
#6085 = DEFINITIONAL_REPRESENTATION('',(#6086),#6094);
#6086 = ( BOUNDED_CURVE() B_SPLINE_CURVE(2,(#6087,#6088,#6089,#6090,
#6091,#6092,#6093),.UNSPECIFIED.,.T.,.F.) B_SPLINE_CURVE_WITH_KNOTS((1,2
    ,2,2,2,1),(-2.094395102393,0.,2.094395102393,4.188790204786,
6.28318530718,8.377580409573),.UNSPECIFIED.) CURVE() 
GEOMETRIC_REPRESENTATION_ITEM() RATIONAL_B_SPLINE_CURVE((1.,0.5,1.,0.5,
1.,0.5,1.)) REPRESENTATION_ITEM('') );
#6087 = CARTESIAN_POINT('',(106.87251899021,2.531889067652));
#6088 = CARTESIAN_POINT('',(111.25787949451,-182.5767437562));
#6089 = CARTESIAN_POINT('',(-51.24357924295,-93.82026094578));
#6090 = CARTESIAN_POINT('',(-213.7450379804,-5.063778135304));
#6091 = CARTESIAN_POINT('',(-55.62893974725,91.288371878131));
#6092 = CARTESIAN_POINT('',(102.4871584859,187.64052189156));
#6093 = CARTESIAN_POINT('',(106.87251899021,2.531889067652));
#6094 = ( GEOMETRIC_REPRESENTATION_CONTEXT(2) 
PARAMETRIC_REPRESENTATION_CONTEXT() REPRESENTATION_CONTEXT('2D SPACE',''
  ) );
#6095 = ORIENTED_EDGE('',*,*,#6096,.T.);
#6096 = EDGE_CURVE('',#6069,#6097,#6099,.T.);
#6097 = VERTEX_POINT('',#6098);
#6098 = CARTESIAN_POINT('',(11.008897079975,4.15,-43.43714784404));
#6099 = SURFACE_CURVE('',#6100,(#6104,#6111),.PCURVE_S1.);
#6100 = LINE('',#6101,#6102);
#6101 = CARTESIAN_POINT('',(11.008897079975,3.65,-43.43714784404));
#6102 = VECTOR('',#6103,1.);
#6103 = DIRECTION('',(0.,1.,0.));
#6104 = PCURVE('',#3448,#6105);
#6105 = DEFINITIONAL_REPRESENTATION('',(#6106),#6110);
#6106 = LINE('',#6107,#6108);
#6107 = CARTESIAN_POINT('',(2.368630940664E-02,-1.515));
#6108 = VECTOR('',#6109,1.);
#6109 = DIRECTION('',(0.,1.));
#6110 = ( GEOMETRIC_REPRESENTATION_CONTEXT(2) 
PARAMETRIC_REPRESENTATION_CONTEXT() REPRESENTATION_CONTEXT('2D SPACE',''
  ) );
#6111 = PCURVE('',#5898,#6112);
#6112 = DEFINITIONAL_REPRESENTATION('',(#6113),#6117);
#6113 = LINE('',#6114,#6115);
#6114 = CARTESIAN_POINT('',(-2.2,0.));
#6115 = VECTOR('',#6116,1.);
#6116 = DIRECTION('',(0.,1.));
#6117 = ( GEOMETRIC_REPRESENTATION_CONTEXT(2) 
PARAMETRIC_REPRESENTATION_CONTEXT() REPRESENTATION_CONTEXT('2D SPACE',''
  ) );
#6118 = ORIENTED_EDGE('',*,*,#6119,.F.);
#6119 = EDGE_CURVE('',#6120,#6097,#6122,.T.);
#6120 = VERTEX_POINT('',#6121);
#6121 = CARTESIAN_POINT('',(11.260358296893,4.15,-42.02822110374));
#6122 = SURFACE_CURVE('',#6123,(#6128,#6135),.PCURVE_S1.);
#6123 = CIRCLE('',#6124,106.90250594613);
#6124 = AXIS2_PLACEMENT_3D('',#6125,#6126,#6127);
#6125 = CARTESIAN_POINT('',(-94.10250594613,4.15,-23.95026170372));
#6126 = DIRECTION('',(0.,1.,0.));
#6127 = DIRECTION('',(0.985771332787,0.,-0.168091878016));
#6128 = PCURVE('',#3448,#6129);
#6129 = DEFINITIONAL_REPRESENTATION('',(#6130),#6134);
#6130 = LINE('',#6131,#6132);
#6131 = CARTESIAN_POINT('',(9.268555854771E-03,-1.015));
#6132 = VECTOR('',#6133,1.);
#6133 = DIRECTION('',(1.,0.));
#6134 = ( GEOMETRIC_REPRESENTATION_CONTEXT(2) 
PARAMETRIC_REPRESENTATION_CONTEXT() REPRESENTATION_CONTEXT('2D SPACE',''
  ) );
#6135 = PCURVE('',#5724,#6136);
#6136 = DEFINITIONAL_REPRESENTATION('',(#6137),#6141);
#6137 = CIRCLE('',#6138,106.90250594613);
#6138 = AXIS2_PLACEMENT_2D('',#6139,#6140);
#6139 = CARTESIAN_POINT('',(0.,0.));
#6140 = DIRECTION('',(1.,-0.));
#6141 = ( GEOMETRIC_REPRESENTATION_CONTEXT(2) 
PARAMETRIC_REPRESENTATION_CONTEXT() REPRESENTATION_CONTEXT('2D SPACE',''
  ) );
#6142 = ORIENTED_EDGE('',*,*,#6143,.T.);
#6143 = EDGE_CURVE('',#6120,#3429,#6144,.T.);
#6144 = SURFACE_CURVE('',#6145,(#6149,#6156),.PCURVE_S1.);
#6145 = LINE('',#6146,#6147);
#6146 = CARTESIAN_POINT('',(11.260358296893,5.165,-42.02822110374));
#6147 = VECTOR('',#6148,1.);
#6148 = DIRECTION('',(0.,1.,0.));
#6149 = PCURVE('',#3448,#6150);
#6150 = DEFINITIONAL_REPRESENTATION('',(#6151),#6155);
#6151 = LINE('',#6152,#6153);
#6152 = CARTESIAN_POINT('',(1.029839539419E-02,0.));
#6153 = VECTOR('',#6154,1.);
#6154 = DIRECTION('',(0.,1.));
#6155 = ( GEOMETRIC_REPRESENTATION_CONTEXT(2) 
PARAMETRIC_REPRESENTATION_CONTEXT() REPRESENTATION_CONTEXT('2D SPACE',''
  ) );
#6156 = PCURVE('',#3548,#6157);
#6157 = DEFINITIONAL_REPRESENTATION('',(#6158),#6162);
#6158 = LINE('',#6159,#6160);
#6159 = CARTESIAN_POINT('',(-0.55,0.));
#6160 = VECTOR('',#6161,1.);
#6161 = DIRECTION('',(0.,1.));
#6162 = ( GEOMETRIC_REPRESENTATION_CONTEXT(2) 
PARAMETRIC_REPRESENTATION_CONTEXT() REPRESENTATION_CONTEXT('2D SPACE',''
  ) );
#6163 = ORIENTED_EDGE('',*,*,#3426,.F.);
#6164 = ADVANCED_FACE('',(#6165),#3482,.T.);
#6165 = FACE_BOUND('',#6166,.T.);
#6166 = EDGE_LOOP('',(#6167,#6168,#6191,#6212));
#6167 = ORIENTED_EDGE('',*,*,#6045,.F.);
#6168 = ORIENTED_EDGE('',*,*,#6169,.T.);
#6169 = EDGE_CURVE('',#6046,#6170,#6172,.T.);
#6170 = VERTEX_POINT('',#6171);
#6171 = CARTESIAN_POINT('',(12.52695742901,3.15,-41.11705613289));
#6172 = SURFACE_CURVE('',#6173,(#6177,#6184),.PCURVE_S1.);
#6173 = LINE('',#6174,#6175);
#6174 = CARTESIAN_POINT('',(11.983949613195,3.15,-41.0296346712));
#6175 = VECTOR('',#6176,1.);
#6176 = DIRECTION('',(0.987286937845,0.,-0.158948112165));
#6177 = PCURVE('',#3482,#6178);
#6178 = DEFINITIONAL_REPRESENTATION('',(#6179),#6183);
#6179 = LINE('',#6180,#6181);
#6180 = CARTESIAN_POINT('',(0.,-2.015));
#6181 = VECTOR('',#6182,1.);
#6182 = DIRECTION('',(1.,0.));
#6183 = ( GEOMETRIC_REPRESENTATION_CONTEXT(2) 
PARAMETRIC_REPRESENTATION_CONTEXT() REPRESENTATION_CONTEXT('2D SPACE',''
  ) );
#6184 = PCURVE('',#5669,#6185);
#6185 = DEFINITIONAL_REPRESENTATION('',(#6186),#6190);
#6186 = LINE('',#6187,#6188);
#6187 = CARTESIAN_POINT('',(107.45250594613,-2.549596528208E-15));
#6188 = VECTOR('',#6189,1.);
#6189 = DIRECTION('',(1.,-1.956056470753E-17));
#6190 = ( GEOMETRIC_REPRESENTATION_CONTEXT(2) 
PARAMETRIC_REPRESENTATION_CONTEXT() REPRESENTATION_CONTEXT('2D SPACE',''
  ) );
#6191 = ORIENTED_EDGE('',*,*,#6192,.T.);
#6192 = EDGE_CURVE('',#6170,#3463,#6193,.T.);
#6193 = SURFACE_CURVE('',#6194,(#6198,#6205),.PCURVE_S1.);
#6194 = LINE('',#6195,#6196);
#6195 = CARTESIAN_POINT('',(12.52695742901,5.165,-41.11705613289));
#6196 = VECTOR('',#6197,1.);
#6197 = DIRECTION('',(0.,1.,0.));
#6198 = PCURVE('',#3482,#6199);
#6199 = DEFINITIONAL_REPRESENTATION('',(#6200),#6204);
#6200 = LINE('',#6201,#6202);
#6201 = CARTESIAN_POINT('',(0.55,0.));
#6202 = VECTOR('',#6203,1.);
#6203 = DIRECTION('',(0.,1.));
#6204 = ( GEOMETRIC_REPRESENTATION_CONTEXT(2) 
PARAMETRIC_REPRESENTATION_CONTEXT() REPRESENTATION_CONTEXT('2D SPACE',''
  ) );
#6205 = PCURVE('',#3516,#6206);
#6206 = DEFINITIONAL_REPRESENTATION('',(#6207),#6211);
#6207 = LINE('',#6208,#6209);
#6208 = CARTESIAN_POINT('',(0.,0.));
#6209 = VECTOR('',#6210,1.);
#6210 = DIRECTION('',(0.,1.));
#6211 = ( GEOMETRIC_REPRESENTATION_CONTEXT(2) 
PARAMETRIC_REPRESENTATION_CONTEXT() REPRESENTATION_CONTEXT('2D SPACE',''
  ) );
#6212 = ORIENTED_EDGE('',*,*,#3462,.F.);
#6213 = ADVANCED_FACE('',(#6214),#3548,.F.);
#6214 = FACE_BOUND('',#6215,.F.);
#6215 = EDGE_LOOP('',(#6216,#6217,#6238,#6259));
#6216 = ORIENTED_EDGE('',*,*,#6143,.F.);
#6217 = ORIENTED_EDGE('',*,*,#6218,.T.);
#6218 = EDGE_CURVE('',#6120,#6219,#6221,.T.);
#6219 = VERTEX_POINT('',#6220);
#6220 = CARTESIAN_POINT('',(12.34451576955,4.15,-42.21423877623));
#6221 = SURFACE_CURVE('',#6222,(#6226,#6232),.PCURVE_S1.);
#6222 = LINE('',#6223,#6224);
#6223 = CARTESIAN_POINT('',(-41.15003445645,4.15,-33.03574582185));
#6224 = VECTOR('',#6225,1.);
#6225 = DIRECTION('',(0.985597702416,0.,-0.169106974996));
#6226 = PCURVE('',#3548,#6227);
#6227 = DEFINITIONAL_REPRESENTATION('',(#6228),#6231);
#6228 = B_SPLINE_CURVE_WITH_KNOTS('',1,(#6229,#6230),.UNSPECIFIED.,.F.,
  .F.,(2,2),(53.176252973068,54.276252973068),.PIECEWISE_BEZIER_KNOTS.);
#6229 = CARTESIAN_POINT('',(-0.55,-1.015));
#6230 = CARTESIAN_POINT('',(0.55,-1.015));
#6231 = ( GEOMETRIC_REPRESENTATION_CONTEXT(2) 
PARAMETRIC_REPRESENTATION_CONTEXT() REPRESENTATION_CONTEXT('2D SPACE',''
  ) );
#6232 = PCURVE('',#5724,#6233);
#6233 = DEFINITIONAL_REPRESENTATION('',(#6234),#6237);
#6234 = B_SPLINE_CURVE_WITH_KNOTS('',1,(#6235,#6236),.UNSPECIFIED.,.F.,
  .F.,(2,2),(53.176252973068,54.276252973068),.PIECEWISE_BEZIER_KNOTS.);
#6235 = CARTESIAN_POINT('',(106.90244925737,0.110092408026));
#6236 = CARTESIAN_POINT('',(108.00244867406,0.111225231319));
#6237 = ( GEOMETRIC_REPRESENTATION_CONTEXT(2) 
PARAMETRIC_REPRESENTATION_CONTEXT() REPRESENTATION_CONTEXT('2D SPACE',''
  ) );
#6238 = ORIENTED_EDGE('',*,*,#6239,.T.);
#6239 = EDGE_CURVE('',#6219,#3497,#6240,.T.);
#6240 = SURFACE_CURVE('',#6241,(#6245,#6252),.PCURVE_S1.);
#6241 = LINE('',#6242,#6243);
#6242 = CARTESIAN_POINT('',(12.34451576955,5.165,-42.21423877623));
#6243 = VECTOR('',#6244,1.);
#6244 = DIRECTION('',(0.,1.,0.));
#6245 = PCURVE('',#3548,#6246);
#6246 = DEFINITIONAL_REPRESENTATION('',(#6247),#6251);
#6247 = LINE('',#6248,#6249);
#6248 = CARTESIAN_POINT('',(0.55,0.));
#6249 = VECTOR('',#6250,1.);
#6250 = DIRECTION('',(0.,1.));
#6251 = ( GEOMETRIC_REPRESENTATION_CONTEXT(2) 
PARAMETRIC_REPRESENTATION_CONTEXT() REPRESENTATION_CONTEXT('2D SPACE',''
  ) );
#6252 = PCURVE('',#3516,#6253);
#6253 = DEFINITIONAL_REPRESENTATION('',(#6254),#6258);
#6254 = LINE('',#6255,#6256);
#6255 = CARTESIAN_POINT('',(1.029839539419E-02,0.));
#6256 = VECTOR('',#6257,1.);
#6257 = DIRECTION('',(0.,1.));
#6258 = ( GEOMETRIC_REPRESENTATION_CONTEXT(2) 
PARAMETRIC_REPRESENTATION_CONTEXT() REPRESENTATION_CONTEXT('2D SPACE',''
  ) );
#6259 = ORIENTED_EDGE('',*,*,#3530,.F.);
#6260 = ADVANCED_FACE('',(#6261),#3516,.T.);
#6261 = FACE_BOUND('',#6262,.T.);
#6262 = EDGE_LOOP('',(#6263,#6264,#6288,#6309,#6331,#6332));
#6263 = ORIENTED_EDGE('',*,*,#6192,.F.);
#6264 = ORIENTED_EDGE('',*,*,#6265,.T.);
#6265 = EDGE_CURVE('',#6170,#6266,#6268,.T.);
#6266 = VERTEX_POINT('',#6267);
#6267 = CARTESIAN_POINT('',(12.363268284736,3.15,-42.10460575869));
#6268 = SURFACE_CURVE('',#6269,(#6274,#6281),.PCURVE_S1.);
#6269 = CIRCLE('',#6270,108.00250594613);
#6270 = AXIS2_PLACEMENT_3D('',#6271,#6272,#6273);
#6271 = CARTESIAN_POINT('',(-94.10250594613,3.15,-23.95026170372));
#6272 = DIRECTION('',(0.,1.,0.));
#6273 = DIRECTION('',(0.987286937845,0.,-0.158948112165));
#6274 = PCURVE('',#3516,#6275);
#6275 = DEFINITIONAL_REPRESENTATION('',(#6276),#6280);
#6276 = LINE('',#6277,#6278);
#6277 = CARTESIAN_POINT('',(0.,-2.015));
#6278 = VECTOR('',#6279,1.);
#6279 = DIRECTION('',(1.,0.));
#6280 = ( GEOMETRIC_REPRESENTATION_CONTEXT(2) 
PARAMETRIC_REPRESENTATION_CONTEXT() REPRESENTATION_CONTEXT('2D SPACE',''
  ) );
#6281 = PCURVE('',#5669,#6282);
#6282 = DEFINITIONAL_REPRESENTATION('',(#6283),#6287);
#6283 = CIRCLE('',#6284,108.00250594613);
#6284 = AXIS2_PLACEMENT_2D('',#6285,#6286);
#6285 = CARTESIAN_POINT('',(0.,0.));
#6286 = DIRECTION('',(1.,-4.696328196521E-17));
#6287 = ( GEOMETRIC_REPRESENTATION_CONTEXT(2) 
PARAMETRIC_REPRESENTATION_CONTEXT() REPRESENTATION_CONTEXT('2D SPACE',''
  ) );
#6288 = ORIENTED_EDGE('',*,*,#6289,.T.);
#6289 = EDGE_CURVE('',#6266,#6290,#6292,.T.);
#6290 = VERTEX_POINT('',#6291);
#6291 = CARTESIAN_POINT('',(12.363268284736,4.15,-42.10460575869));
#6292 = SURFACE_CURVE('',#6293,(#6297,#6303),.PCURVE_S1.);
#6293 = LINE('',#6294,#6295);
#6294 = CARTESIAN_POINT('',(12.363268284736,5.165,-42.10460575869));
#6295 = VECTOR('',#6296,1.);
#6296 = DIRECTION('',(0.,1.,0.));
#6297 = PCURVE('',#3516,#6298);
#6298 = DEFINITIONAL_REPRESENTATION('',(#6299),#6302);
#6299 = B_SPLINE_CURVE_WITH_KNOTS('',1,(#6300,#6301),.UNSPECIFIED.,.F.,
  .F.,(2,2),(-2.0150006,-0.915),.PIECEWISE_BEZIER_KNOTS.);
#6300 = CARTESIAN_POINT('',(9.268555854771E-03,-2.0150006));
#6301 = CARTESIAN_POINT('',(9.268555854771E-03,-0.915));
#6302 = ( GEOMETRIC_REPRESENTATION_CONTEXT(2) 
PARAMETRIC_REPRESENTATION_CONTEXT() REPRESENTATION_CONTEXT('2D SPACE',''
  ) );
#6303 = PCURVE('',#5696,#6304);
#6304 = DEFINITIONAL_REPRESENTATION('',(#6305),#6308);
#6305 = B_SPLINE_CURVE_WITH_KNOTS('',1,(#6306,#6307),.UNSPECIFIED.,.F.,
  .F.,(2,2),(-2.0150006,-0.915),.PIECEWISE_BEZIER_KNOTS.);
#6306 = CARTESIAN_POINT('',(-1.1,-0.5000006));
#6307 = CARTESIAN_POINT('',(-1.1,0.6));
#6308 = ( GEOMETRIC_REPRESENTATION_CONTEXT(2) 
PARAMETRIC_REPRESENTATION_CONTEXT() REPRESENTATION_CONTEXT('2D SPACE',''
  ) );
#6309 = ORIENTED_EDGE('',*,*,#6310,.T.);
#6310 = EDGE_CURVE('',#6290,#6219,#6311,.T.);
#6311 = SURFACE_CURVE('',#6312,(#6317,#6324),.PCURVE_S1.);
#6312 = CIRCLE('',#6313,108.00250594613);
#6313 = AXIS2_PLACEMENT_3D('',#6314,#6315,#6316);
#6314 = CARTESIAN_POINT('',(-94.10250594613,4.15,-23.95026170372));
#6315 = DIRECTION('',(0.,1.,0.));
#6316 = DIRECTION('',(0.987286937845,0.,-0.158948112165));
#6317 = PCURVE('',#3516,#6318);
#6318 = DEFINITIONAL_REPRESENTATION('',(#6319),#6323);
#6319 = LINE('',#6320,#6321);
#6320 = CARTESIAN_POINT('',(-8.54786926605E-18,-1.015));
#6321 = VECTOR('',#6322,1.);
#6322 = DIRECTION('',(1.,0.));
#6323 = ( GEOMETRIC_REPRESENTATION_CONTEXT(2) 
PARAMETRIC_REPRESENTATION_CONTEXT() REPRESENTATION_CONTEXT('2D SPACE',''
  ) );
#6324 = PCURVE('',#5724,#6325);
#6325 = DEFINITIONAL_REPRESENTATION('',(#6326),#6330);
#6326 = CIRCLE('',#6327,108.00250594613);
#6327 = AXIS2_PLACEMENT_2D('',#6328,#6329);
#6328 = CARTESIAN_POINT('',(0.,0.));
#6329 = DIRECTION('',(0.999957047244,-9.268423151051E-03));
#6330 = ( GEOMETRIC_REPRESENTATION_CONTEXT(2) 
PARAMETRIC_REPRESENTATION_CONTEXT() REPRESENTATION_CONTEXT('2D SPACE',''
  ) );
#6331 = ORIENTED_EDGE('',*,*,#6239,.T.);
#6332 = ORIENTED_EDGE('',*,*,#3496,.F.);
#6333 = ADVANCED_FACE('',(#6334),#3721,.T.);
#6334 = FACE_BOUND('',#6335,.T.);
#6335 = EDGE_LOOP('',(#6336,#6337,#6360,#6387));
#6336 = ORIENTED_EDGE('',*,*,#3564,.F.);
#6337 = ORIENTED_EDGE('',*,*,#6338,.F.);
#6338 = EDGE_CURVE('',#6339,#3565,#6341,.T.);
#6339 = VERTEX_POINT('',#6340);
#6340 = CARTESIAN_POINT('',(12.047723579968,6.12,-31.60546501515));
#6341 = SEAM_CURVE('',#6342,(#6346,#6353),.PCURVE_S1.);
#6342 = LINE('',#6343,#6344);
#6343 = CARTESIAN_POINT('',(12.047723579968,6.12,-31.60546501515));
#6344 = VECTOR('',#6345,1.);
#6345 = DIRECTION('',(0.,1.,0.));
#6346 = PCURVE('',#3721,#6347);
#6347 = DEFINITIONAL_REPRESENTATION('',(#6348),#6352);
#6348 = LINE('',#6349,#6350);
#6349 = CARTESIAN_POINT('',(0.,-0.));
#6350 = VECTOR('',#6351,1.);
#6351 = DIRECTION('',(0.,1.));
#6352 = ( GEOMETRIC_REPRESENTATION_CONTEXT(2) 
PARAMETRIC_REPRESENTATION_CONTEXT() REPRESENTATION_CONTEXT('2D SPACE',''
  ) );
#6353 = PCURVE('',#3721,#6354);
#6354 = DEFINITIONAL_REPRESENTATION('',(#6355),#6359);
#6355 = LINE('',#6356,#6357);
#6356 = CARTESIAN_POINT('',(6.28318530718,-0.));
#6357 = VECTOR('',#6358,1.);
#6358 = DIRECTION('',(0.,1.));
#6359 = ( GEOMETRIC_REPRESENTATION_CONTEXT(2) 
PARAMETRIC_REPRESENTATION_CONTEXT() REPRESENTATION_CONTEXT('2D SPACE',''
  ) );
#6360 = ORIENTED_EDGE('',*,*,#6361,.T.);
#6361 = EDGE_CURVE('',#6339,#6339,#6362,.T.);
#6362 = SURFACE_CURVE('',#6363,(#6368,#6375),.PCURVE_S1.);
#6363 = CIRCLE('',#6364,1.);
#6364 = AXIS2_PLACEMENT_3D('',#6365,#6366,#6367);
#6365 = CARTESIAN_POINT('',(12.047723579968,6.12,-32.60546501515));
#6366 = DIRECTION('',(0.,1.,0.));
#6367 = DIRECTION('',(0.,-0.,1.));
#6368 = PCURVE('',#3721,#6369);
#6369 = DEFINITIONAL_REPRESENTATION('',(#6370),#6374);
#6370 = LINE('',#6371,#6372);
#6371 = CARTESIAN_POINT('',(0.,0.));
#6372 = VECTOR('',#6373,1.);
#6373 = DIRECTION('',(1.,0.));
#6374 = ( GEOMETRIC_REPRESENTATION_CONTEXT(2) 
PARAMETRIC_REPRESENTATION_CONTEXT() REPRESENTATION_CONTEXT('2D SPACE',''
  ) );
#6375 = PCURVE('',#6376,#6381);
#6376 = PLANE('',#6377);
#6377 = AXIS2_PLACEMENT_3D('',#6378,#6379,#6380);
#6378 = CARTESIAN_POINT('',(12.047723579968,6.12,-32.60546501515));
#6379 = DIRECTION('',(0.,1.,0.));
#6380 = DIRECTION('',(0.,-0.,1.));
#6381 = DEFINITIONAL_REPRESENTATION('',(#6382),#6386);
#6382 = CIRCLE('',#6383,1.);
#6383 = AXIS2_PLACEMENT_2D('',#6384,#6385);
#6384 = CARTESIAN_POINT('',(0.,0.));
#6385 = DIRECTION('',(1.,0.));
#6386 = ( GEOMETRIC_REPRESENTATION_CONTEXT(2) 
PARAMETRIC_REPRESENTATION_CONTEXT() REPRESENTATION_CONTEXT('2D SPACE',''
  ) );
#6387 = ORIENTED_EDGE('',*,*,#6338,.T.);
#6388 = ADVANCED_FACE('',(#6389),#5105,.T.);
#6389 = FACE_BOUND('',#6390,.F.);
#6390 = EDGE_LOOP('',(#6391,#6412,#6413,#6414));
#6391 = ORIENTED_EDGE('',*,*,#6392,.F.);
#6392 = EDGE_CURVE('',#5089,#5354,#6393,.T.);
#6393 = SURFACE_CURVE('',#6394,(#6398,#6405),.PCURVE_S1.);
#6394 = LINE('',#6395,#6396);
#6395 = CARTESIAN_POINT('',(9.006648345492,6.75,1.07460731322));
#6396 = VECTOR('',#6397,1.);
#6397 = DIRECTION('',(0.971788115391,0.,0.235855588836));
#6398 = PCURVE('',#5105,#6399);
#6399 = DEFINITIONAL_REPRESENTATION('',(#6400),#6404);
#6400 = LINE('',#6401,#6402);
#6401 = CARTESIAN_POINT('',(106.10250594613,-1.110223024625E-15));
#6402 = VECTOR('',#6403,1.);
#6403 = DIRECTION('',(1.,1.958492066229E-17));
#6404 = ( GEOMETRIC_REPRESENTATION_CONTEXT(2) 
PARAMETRIC_REPRESENTATION_CONTEXT() REPRESENTATION_CONTEXT('2D SPACE',''
  ) );
#6405 = PCURVE('',#5133,#6406);
#6406 = DEFINITIONAL_REPRESENTATION('',(#6407),#6411);
#6407 = LINE('',#6408,#6409);
#6408 = CARTESIAN_POINT('',(0.,0.175));
#6409 = VECTOR('',#6410,1.);
#6410 = DIRECTION('',(1.,0.));
#6411 = ( GEOMETRIC_REPRESENTATION_CONTEXT(2) 
PARAMETRIC_REPRESENTATION_CONTEXT() REPRESENTATION_CONTEXT('2D SPACE',''
  ) );
#6412 = ORIENTED_EDGE('',*,*,#5088,.T.);
#6413 = ORIENTED_EDGE('',*,*,#5257,.F.);
#6414 = ORIENTED_EDGE('',*,*,#5353,.F.);
#6415 = ADVANCED_FACE('',(#6416),#5133,.T.);
#6416 = FACE_BOUND('',#6417,.T.);
#6417 = EDGE_LOOP('',(#6418,#6419,#6440,#6441));
#6418 = ORIENTED_EDGE('',*,*,#5117,.F.);
#6419 = ORIENTED_EDGE('',*,*,#6420,.T.);
#6420 = EDGE_CURVE('',#5118,#5378,#6421,.T.);
#6421 = SURFACE_CURVE('',#6422,(#6426,#6433),.PCURVE_S1.);
#6422 = LINE('',#6423,#6424);
#6423 = CARTESIAN_POINT('',(9.006648345492,6.4,1.07460731322));
#6424 = VECTOR('',#6425,1.);
#6425 = DIRECTION('',(0.971788115391,0.,0.235855588836));
#6426 = PCURVE('',#5133,#6427);
#6427 = DEFINITIONAL_REPRESENTATION('',(#6428),#6432);
#6428 = LINE('',#6429,#6430);
#6429 = CARTESIAN_POINT('',(0.,-0.175));
#6430 = VECTOR('',#6431,1.);
#6431 = DIRECTION('',(1.,0.));
#6432 = ( GEOMETRIC_REPRESENTATION_CONTEXT(2) 
PARAMETRIC_REPRESENTATION_CONTEXT() REPRESENTATION_CONTEXT('2D SPACE',''
  ) );
#6433 = PCURVE('',#5162,#6434);
#6434 = DEFINITIONAL_REPRESENTATION('',(#6435),#6439);
#6435 = LINE('',#6436,#6437);
#6436 = CARTESIAN_POINT('',(106.10250594613,-1.110223024625E-15));
#6437 = VECTOR('',#6438,1.);
#6438 = DIRECTION('',(1.,1.958492066229E-17));
#6439 = ( GEOMETRIC_REPRESENTATION_CONTEXT(2) 
PARAMETRIC_REPRESENTATION_CONTEXT() REPRESENTATION_CONTEXT('2D SPACE',''
  ) );
#6440 = ORIENTED_EDGE('',*,*,#5377,.T.);
#6441 = ORIENTED_EDGE('',*,*,#6392,.F.);
#6442 = ADVANCED_FACE('',(#6443),#5162,.F.);
#6443 = FACE_BOUND('',#6444,.T.);
#6444 = EDGE_LOOP('',(#6445,#6446,#6467,#6468));
#6445 = ORIENTED_EDGE('',*,*,#5145,.T.);
#6446 = ORIENTED_EDGE('',*,*,#6447,.T.);
#6447 = EDGE_CURVE('',#5146,#5401,#6448,.T.);
#6448 = SURFACE_CURVE('',#6449,(#6453,#6460),.PCURVE_S1.);
#6449 = LINE('',#6450,#6451);
#6450 = CARTESIAN_POINT('',(9.118984446613,6.4,0.607134109951));
#6451 = VECTOR('',#6452,1.);
#6452 = DIRECTION('',(0.972846866078,0.,0.231449724912));
#6453 = PCURVE('',#5162,#6454);
#6454 = DEFINITIONAL_REPRESENTATION('',(#6455),#6459);
#6455 = LINE('',#6456,#6457);
#6456 = CARTESIAN_POINT('',(106.10141666651,0.480780000478));
#6457 = VECTOR('',#6458,1.);
#6458 = DIRECTION('',(0.999989733705,4.5312784669E-03));
#6459 = ( GEOMETRIC_REPRESENTATION_CONTEXT(2) 
PARAMETRIC_REPRESENTATION_CONTEXT() REPRESENTATION_CONTEXT('2D SPACE',''
  ) );
#6460 = PCURVE('',#5190,#6461);
#6461 = DEFINITIONAL_REPRESENTATION('',(#6462),#6466);
#6462 = LINE('',#6463,#6464);
#6463 = CARTESIAN_POINT('',(0.,-0.175));
#6464 = VECTOR('',#6465,1.);
#6465 = DIRECTION('',(1.,0.));
#6466 = ( GEOMETRIC_REPRESENTATION_CONTEXT(2) 
PARAMETRIC_REPRESENTATION_CONTEXT() REPRESENTATION_CONTEXT('2D SPACE',''
  ) );
#6467 = ORIENTED_EDGE('',*,*,#5400,.F.);
#6468 = ORIENTED_EDGE('',*,*,#6420,.F.);
#6469 = ADVANCED_FACE('',(#6470),#5190,.F.);
#6470 = FACE_BOUND('',#6471,.F.);
#6471 = EDGE_LOOP('',(#6472,#6473,#6474,#6475));
#6472 = ORIENTED_EDGE('',*,*,#5174,.F.);
#6473 = ORIENTED_EDGE('',*,*,#6447,.T.);
#6474 = ORIENTED_EDGE('',*,*,#5424,.T.);
#6475 = ORIENTED_EDGE('',*,*,#6476,.F.);
#6476 = EDGE_CURVE('',#5175,#5425,#6477,.T.);
#6477 = SURFACE_CURVE('',#6478,(#6482,#6488),.PCURVE_S1.);
#6478 = LINE('',#6479,#6480);
#6479 = CARTESIAN_POINT('',(-42.49176074976,6.72,-11.67156379688));
#6480 = VECTOR('',#6481,1.);
#6481 = DIRECTION('',(0.972846866078,-0.,0.231449724912));
#6482 = PCURVE('',#5190,#6483);
#6483 = DEFINITIONAL_REPRESENTATION('',(#6484),#6487);
#6484 = B_SPLINE_CURVE_WITH_KNOTS('',1,(#6485,#6486),.UNSPECIFIED.,.F.,
  .F.,(2,2),(49.701252973068,56.401252973068),.PIECEWISE_BEZIER_KNOTS.);
#6485 = CARTESIAN_POINT('',(-3.35,0.145));
#6486 = CARTESIAN_POINT('',(3.35,0.145));
#6487 = ( GEOMETRIC_REPRESENTATION_CONTEXT(2) 
PARAMETRIC_REPRESENTATION_CONTEXT() REPRESENTATION_CONTEXT('2D SPACE',''
  ) );
#6488 = PCURVE('',#5219,#6489);
#6489 = DEFINITIONAL_REPRESENTATION('',(#6490),#6493);
#6490 = B_SPLINE_CURVE_WITH_KNOTS('',1,(#6491,#6492),.UNSPECIFIED.,.F.,
  .F.,(2,2),(49.701252973068,56.401252973068),.PIECEWISE_BEZIER_KNOTS.);
#6491 = CARTESIAN_POINT('',(102.75250376661,2.116371852991E-02));
#6492 = CARTESIAN_POINT('',(109.45250362449,2.254370350297E-02));
#6493 = ( GEOMETRIC_REPRESENTATION_CONTEXT(2) 
PARAMETRIC_REPRESENTATION_CONTEXT() REPRESENTATION_CONTEXT('2D SPACE',''
  ) );
#6494 = ADVANCED_FACE('',(#6495),#5219,.F.);
#6495 = FACE_BOUND('',#6496,.T.);
#6496 = EDGE_LOOP('',(#6497,#6498,#6499,#6500));
#6497 = ORIENTED_EDGE('',*,*,#6476,.F.);
#6498 = ORIENTED_EDGE('',*,*,#5202,.T.);
#6499 = ORIENTED_EDGE('',*,*,#5304,.T.);
#6500 = ORIENTED_EDGE('',*,*,#5447,.F.);
#6501 = ADVANCED_FACE('',(#6502),#5516,.F.);
#6502 = FACE_BOUND('',#6503,.F.);
#6503 = EDGE_LOOP('',(#6504,#6505,#6506));
#6504 = ORIENTED_EDGE('',*,*,#5604,.T.);
#6505 = ORIENTED_EDGE('',*,*,#5499,.T.);
#6506 = ORIENTED_EDGE('',*,*,#6507,.T.);
#6507 = EDGE_CURVE('',#5500,#5584,#6508,.T.);
#6508 = SURFACE_CURVE('',#6509,(#6514,#6521),.PCURVE_S1.);
#6509 = CIRCLE('',#6510,103.97250594613);
#6510 = AXIS2_PLACEMENT_3D('',#6511,#6512,#6513);
#6511 = CARTESIAN_POINT('',(-94.10250594613,5.12,-23.95026170372));
#6512 = DIRECTION('',(0.,1.,0.));
#6513 = DIRECTION('',(0.99956324156,-0.,2.95520916544E-02));
#6514 = PCURVE('',#5516,#6515);
#6515 = DEFINITIONAL_REPRESENTATION('',(#6516),#6520);
#6516 = CIRCLE('',#6517,103.97250594613);
#6517 = AXIS2_PLACEMENT_2D('',#6518,#6519);
#6518 = CARTESIAN_POINT('',(-1.272880239343,-102.9946406716));
#6519 = DIRECTION('',(2.95520916544E-02,0.99956324156));
#6520 = ( GEOMETRIC_REPRESENTATION_CONTEXT(2) 
PARAMETRIC_REPRESENTATION_CONTEXT() REPRESENTATION_CONTEXT('2D SPACE',''
  ) );
#6521 = PCURVE('',#5543,#6522);
#6522 = DEFINITIONAL_REPRESENTATION('',(#6523),#6527);
#6523 = LINE('',#6524,#6525);
#6524 = CARTESIAN_POINT('',(-6.807593971342E-19,-0.3));
#6525 = VECTOR('',#6526,1.);
#6526 = DIRECTION('',(1.,0.));
#6527 = ( GEOMETRIC_REPRESENTATION_CONTEXT(2) 
PARAMETRIC_REPRESENTATION_CONTEXT() REPRESENTATION_CONTEXT('2D SPACE',''
  ) );
#6528 = ADVANCED_FACE('',(#6529),#5543,.T.);
#6529 = FACE_BOUND('',#6530,.T.);
#6530 = EDGE_LOOP('',(#6531,#6553,#6554,#6555));
#6531 = ORIENTED_EDGE('',*,*,#6532,.F.);
#6532 = EDGE_CURVE('',#5529,#5555,#6533,.T.);
#6533 = SURFACE_CURVE('',#6534,(#6539,#6546),.PCURVE_S1.);
#6534 = CIRCLE('',#6535,103.97250594613);
#6535 = AXIS2_PLACEMENT_3D('',#6536,#6537,#6538);
#6536 = CARTESIAN_POINT('',(-94.10250594613,6.14,-23.95026170372));
#6537 = DIRECTION('',(0.,1.,0.));
#6538 = DIRECTION('',(0.99956324156,-0.,2.95520916544E-02));
#6539 = PCURVE('',#5543,#6540);
#6540 = DEFINITIONAL_REPRESENTATION('',(#6541),#6545);
#6541 = LINE('',#6542,#6543);
#6542 = CARTESIAN_POINT('',(0.,0.72));
#6543 = VECTOR('',#6544,1.);
#6544 = DIRECTION('',(1.,0.));
#6545 = ( GEOMETRIC_REPRESENTATION_CONTEXT(2) 
PARAMETRIC_REPRESENTATION_CONTEXT() REPRESENTATION_CONTEXT('2D SPACE',''
  ) );
#6546 = PCURVE('',#5571,#6547);
#6547 = DEFINITIONAL_REPRESENTATION('',(#6548),#6552);
#6548 = CIRCLE('',#6549,103.97250594613);
#6549 = AXIS2_PLACEMENT_2D('',#6550,#6551);
#6550 = CARTESIAN_POINT('',(0.,0.));
#6551 = DIRECTION('',(1.,-0.));
#6552 = ( GEOMETRIC_REPRESENTATION_CONTEXT(2) 
PARAMETRIC_REPRESENTATION_CONTEXT() REPRESENTATION_CONTEXT('2D SPACE',''
  ) );
#6553 = ORIENTED_EDGE('',*,*,#5528,.F.);
#6554 = ORIENTED_EDGE('',*,*,#6507,.T.);
#6555 = ORIENTED_EDGE('',*,*,#5583,.T.);
#6556 = ADVANCED_FACE('',(#6557),#5571,.F.);
#6557 = FACE_BOUND('',#6558,.T.);
#6558 = EDGE_LOOP('',(#6559,#6560));
#6559 = ORIENTED_EDGE('',*,*,#5554,.F.);
#6560 = ORIENTED_EDGE('',*,*,#6532,.T.);
#6561 = ADVANCED_FACE('',(#6562),#5724,.T.);
#6562 = FACE_BOUND('',#6563,.F.);
#6563 = EDGE_LOOP('',(#6564,#6565,#6566,#6587,#6588,#6589,#6590,#6611));
#6564 = ORIENTED_EDGE('',*,*,#6218,.F.);
#6565 = ORIENTED_EDGE('',*,*,#6119,.T.);
#6566 = ORIENTED_EDGE('',*,*,#6567,.T.);
#6567 = EDGE_CURVE('',#6097,#5883,#6568,.T.);
#6568 = SURFACE_CURVE('',#6569,(#6573,#6580),.PCURVE_S1.);
#6569 = LINE('',#6570,#6571);
#6570 = CARTESIAN_POINT('',(13.172037079462,4.15,-43.83817819529));
#6571 = VECTOR('',#6572,1.);
#6572 = DIRECTION('',(0.983245454312,0.,-0.182286523294));
#6573 = PCURVE('',#5724,#6574);
#6574 = DEFINITIONAL_REPRESENTATION('',(#6575),#6579);
#6575 = LINE('',#6576,#6577);
#6576 = CARTESIAN_POINT('',(109.09116648537,1.572958545728));
#6577 = VECTOR('',#6578,1.);
#6578 = DIRECTION('',(0.999896065992,1.44172540501E-02));
#6579 = ( GEOMETRIC_REPRESENTATION_CONTEXT(2) 
PARAMETRIC_REPRESENTATION_CONTEXT() REPRESENTATION_CONTEXT('2D SPACE',''
  ) );
#6580 = PCURVE('',#5898,#6581);
#6581 = DEFINITIONAL_REPRESENTATION('',(#6582),#6586);
#6582 = LINE('',#6583,#6584);
#6583 = CARTESIAN_POINT('',(0.,0.5));
#6584 = VECTOR('',#6585,1.);
#6585 = DIRECTION('',(1.,0.));
#6586 = ( GEOMETRIC_REPRESENTATION_CONTEXT(2) 
PARAMETRIC_REPRESENTATION_CONTEXT() REPRESENTATION_CONTEXT('2D SPACE',''
  ) );
#6587 = ORIENTED_EDGE('',*,*,#5910,.F.);
#6588 = ORIENTED_EDGE('',*,*,#5811,.F.);
#6589 = ORIENTED_EDGE('',*,*,#5707,.F.);
#6590 = ORIENTED_EDGE('',*,*,#6591,.F.);
#6591 = EDGE_CURVE('',#6290,#5682,#6592,.T.);
#6592 = SURFACE_CURVE('',#6593,(#6597,#6604),.PCURVE_S1.);
#6593 = LINE('',#6594,#6595);
#6594 = CARTESIAN_POINT('',(13.447616750802,4.15,-42.2895068245));
#6595 = VECTOR('',#6596,1.);
#6596 = DIRECTION('',(0.985771332787,0.,-0.168091878016));
#6597 = PCURVE('',#5724,#6598);
#6598 = DEFINITIONAL_REPRESENTATION('',(#6599),#6603);
#6599 = LINE('',#6600,#6601);
#6600 = CARTESIAN_POINT('',(109.10250594613,-0.));
#6601 = VECTOR('',#6602,1.);
#6602 = DIRECTION('',(1.,-1.631868588655E-17));
#6603 = ( GEOMETRIC_REPRESENTATION_CONTEXT(2) 
PARAMETRIC_REPRESENTATION_CONTEXT() REPRESENTATION_CONTEXT('2D SPACE',''
  ) );
#6604 = PCURVE('',#5696,#6605);
#6605 = DEFINITIONAL_REPRESENTATION('',(#6606),#6610);
#6606 = LINE('',#6607,#6608);
#6607 = CARTESIAN_POINT('',(0.,0.5));
#6608 = VECTOR('',#6609,1.);
#6609 = DIRECTION('',(1.,0.));
#6610 = ( GEOMETRIC_REPRESENTATION_CONTEXT(2) 
PARAMETRIC_REPRESENTATION_CONTEXT() REPRESENTATION_CONTEXT('2D SPACE',''
  ) );
#6611 = ORIENTED_EDGE('',*,*,#6310,.T.);
#6612 = ADVANCED_FACE('',(#6613),#5696,.T.);
#6613 = FACE_BOUND('',#6614,.T.);
#6614 = EDGE_LOOP('',(#6615,#6616,#6637,#6638));
#6615 = ORIENTED_EDGE('',*,*,#6289,.F.);
#6616 = ORIENTED_EDGE('',*,*,#6617,.T.);
#6617 = EDGE_CURVE('',#6266,#5653,#6618,.T.);
#6618 = SURFACE_CURVE('',#6619,(#6623,#6630),.PCURVE_S1.);
#6619 = LINE('',#6620,#6621);
#6620 = CARTESIAN_POINT('',(13.447616750802,3.15,-42.2895068245));
#6621 = VECTOR('',#6622,1.);
#6622 = DIRECTION('',(0.985771332787,0.,-0.168091878016));
#6623 = PCURVE('',#5696,#6624);
#6624 = DEFINITIONAL_REPRESENTATION('',(#6625),#6629);
#6625 = LINE('',#6626,#6627);
#6626 = CARTESIAN_POINT('',(0.,-0.5));
#6627 = VECTOR('',#6628,1.);
#6628 = DIRECTION('',(1.,0.));
#6629 = ( GEOMETRIC_REPRESENTATION_CONTEXT(2) 
PARAMETRIC_REPRESENTATION_CONTEXT() REPRESENTATION_CONTEXT('2D SPACE',''
  ) );
#6630 = PCURVE('',#5669,#6631);
#6631 = DEFINITIONAL_REPRESENTATION('',(#6632),#6636);
#6632 = LINE('',#6633,#6634);
#6633 = CARTESIAN_POINT('',(109.09781969278,1.011208191949));
#6634 = VECTOR('',#6635,1.);
#6635 = DIRECTION('',(0.999957047244,9.268423151051E-03));
#6636 = ( GEOMETRIC_REPRESENTATION_CONTEXT(2) 
PARAMETRIC_REPRESENTATION_CONTEXT() REPRESENTATION_CONTEXT('2D SPACE',''
  ) );
#6637 = ORIENTED_EDGE('',*,*,#5681,.T.);
#6638 = ORIENTED_EDGE('',*,*,#6591,.F.);
#6639 = ADVANCED_FACE('',(#6640),#5669,.F.);
#6640 = FACE_BOUND('',#6641,.T.);
#6641 = EDGE_LOOP('',(#6642,#6643,#6644,#6645,#6646,#6647,#6648,#6669));
#6642 = ORIENTED_EDGE('',*,*,#5762,.F.);
#6643 = ORIENTED_EDGE('',*,*,#5652,.T.);
#6644 = ORIENTED_EDGE('',*,*,#6617,.F.);
#6645 = ORIENTED_EDGE('',*,*,#6265,.F.);
#6646 = ORIENTED_EDGE('',*,*,#6169,.F.);
#6647 = ORIENTED_EDGE('',*,*,#6068,.F.);
#6648 = ORIENTED_EDGE('',*,*,#6649,.T.);
#6649 = EDGE_CURVE('',#6069,#5859,#6650,.T.);
#6650 = SURFACE_CURVE('',#6651,(#6655,#6662),.PCURVE_S1.);
#6651 = LINE('',#6652,#6653);
#6652 = CARTESIAN_POINT('',(13.172037079462,3.15,-43.83817819529));
#6653 = VECTOR('',#6654,1.);
#6654 = DIRECTION('',(0.983245454312,0.,-0.182286523294));
#6655 = PCURVE('',#5669,#6656);
#6656 = DEFINITIONAL_REPRESENTATION('',(#6657),#6661);
#6657 = LINE('',#6658,#6659);
#6658 = CARTESIAN_POINT('',(109.07190187368,2.583994075851));
#6659 = VECTOR('',#6660,1.);
#6660 = DIRECTION('',(0.999719492488,2.368409463598E-02));
#6661 = ( GEOMETRIC_REPRESENTATION_CONTEXT(2) 
PARAMETRIC_REPRESENTATION_CONTEXT() REPRESENTATION_CONTEXT('2D SPACE',''
  ) );
#6662 = PCURVE('',#5898,#6663);
#6663 = DEFINITIONAL_REPRESENTATION('',(#6664),#6668);
#6664 = LINE('',#6665,#6666);
#6665 = CARTESIAN_POINT('',(0.,-0.5));
#6666 = VECTOR('',#6667,1.);
#6667 = DIRECTION('',(1.,0.));
#6668 = ( GEOMETRIC_REPRESENTATION_CONTEXT(2) 
PARAMETRIC_REPRESENTATION_CONTEXT() REPRESENTATION_CONTEXT('2D SPACE',''
  ) );
#6669 = ORIENTED_EDGE('',*,*,#5858,.F.);
#6670 = ADVANCED_FACE('',(#6671),#5898,.F.);
#6671 = FACE_BOUND('',#6672,.F.);
#6672 = EDGE_LOOP('',(#6673,#6674,#6675,#6676));
#6673 = ORIENTED_EDGE('',*,*,#6096,.F.);
#6674 = ORIENTED_EDGE('',*,*,#6649,.T.);
#6675 = ORIENTED_EDGE('',*,*,#5882,.T.);
#6676 = ORIENTED_EDGE('',*,*,#6567,.F.);
#6677 = ADVANCED_FACE('',(#6678),#6376,.F.);
#6678 = FACE_BOUND('',#6679,.T.);
#6679 = EDGE_LOOP('',(#6680));
#6680 = ORIENTED_EDGE('',*,*,#6361,.F.);
#6681 = ( GEOMETRIC_REPRESENTATION_CONTEXT(3) 
GLOBAL_UNCERTAINTY_ASSIGNED_CONTEXT((#6685)) 
GLOBAL_UNIT_ASSIGNED_CONTEXT((#6682,#6683,#6684)) REPRESENTATION_CONTEXT
('Context #1','3D Context with UNIT and UNCERTAINTY') );
#6682 = ( LENGTH_UNIT() NAMED_UNIT(*) SI_UNIT(.MILLI.,.METRE.) );
#6683 = ( NAMED_UNIT(*) PLANE_ANGLE_UNIT() SI_UNIT($,.RADIAN.) );
#6684 = ( NAMED_UNIT(*) SI_UNIT($,.STERADIAN.) SOLID_ANGLE_UNIT() );
#6685 = UNCERTAINTY_MEASURE_WITH_UNIT(LENGTH_MEASURE(1.E-06),#6682,
  'distance_accuracy_value','confusion accuracy');
#6686 = CONTEXT_DEPENDENT_SHAPE_REPRESENTATION(#6687,#6689);
#6687 = ( REPRESENTATION_RELATIONSHIP('','',#32,#10) 
REPRESENTATION_RELATIONSHIP_WITH_TRANSFORMATION(#6688) 
SHAPE_REPRESENTATION_RELATIONSHIP() );
#6688 = ITEM_DEFINED_TRANSFORMATION('','',#11,#15);
#6689 = PRODUCT_DEFINITION_SHAPE('Placement','Placement of an item',
  #6690);
#6690 = NEXT_ASSEMBLY_USAGE_OCCURRENCE('1','lid','',#5,#27,$);
#6691 = PRODUCT_RELATED_PRODUCT_CATEGORY('part',$,(#29));
ENDSEC;
END-ISO-10303-21;
