ISO-10303-21;
HEADER;
FILE_DESCRIPTION(('Open CASCADE Model'),'2;1');
FILE_NAME('lid','2026-09-16T00:00:00Z',('Author'),('Open CASCADE'),
  'Open CASCADE STEP processor 7.9','build123d','Unknown');
FILE_SCHEMA(('AUTOMOTIVE_DESIGN { 1 0 10303 214 1 1 1 1 }'));
ENDSEC;
DATA;
#1 = APPLICATION_PROTOCOL_DEFINITION('international standard',
  'automotive_design',2000,#2);
#2 = APPLICATION_CONTEXT(
  'core data for automotive mechanical design processes');
#3 = SHAPE_DEFINITION_REPRESENTATION(#4,#10);
#4 = PRODUCT_DEFINITION_SHAPE('','',#5);
#5 = PRODUCT_DEFINITION('design','',#6,#9);
#6 = PRODUCT_DEFINITION_FORMATION('','',#7);
#7 = PRODUCT('lid','lid','',(#8));
#8 = PRODUCT_CONTEXT('',#2,'mechanical');
#9 = PRODUCT_DEFINITION_CONTEXT('part definition',#2,'design');
#10 = SHAPE_REPRESENTATION('',(#11,#15),#19);
#11 = AXIS2_PLACEMENT_3D('',#12,#13,#14);
#12 = CARTESIAN_POINT('',(0.,0.,0.));
#13 = DIRECTION('',(0.,0.,1.));
#14 = DIRECTION('',(1.,0.,-0.));
#15 = AXIS2_PLACEMENT_3D('',#16,#17,#18);
#16 = CARTESIAN_POINT('',(0.,0.,0.));
#17 = DIRECTION('',(-0.,3.129955513418E-02,0.999510048898));
#18 = DIRECTION('',(1.,0.,0.));
#19 = ( GEOMETRIC_REPRESENTATION_CONTEXT(3) 
GLOBAL_UNCERTAINTY_ASSIGNED_CONTEXT((#23)) GLOBAL_UNIT_ASSIGNED_CONTEXT(
(#20,#21,#22)) REPRESENTATION_CONTEXT('Context #1',
  '3D Context with UNIT and UNCERTAINTY') );
#20 = ( LENGTH_UNIT() NAMED_UNIT(*) SI_UNIT(.MILLI.,.METRE.) );
#21 = ( NAMED_UNIT(*) PLANE_ANGLE_UNIT() SI_UNIT($,.RADIAN.) );
#22 = ( NAMED_UNIT(*) SI_UNIT($,.STERADIAN.) SOLID_ANGLE_UNIT() );
#23 = UNCERTAINTY_MEASURE_WITH_UNIT(LENGTH_MEASURE(5.E-07),#20,
  'distance_accuracy_value','confusion accuracy');
#24 = PRODUCT_RELATED_PRODUCT_CATEGORY('part',$,(#7));
#25 = SHAPE_DEFINITION_REPRESENTATION(#26,#32);
#26 = PRODUCT_DEFINITION_SHAPE('','',#27);
#27 = PRODUCT_DEFINITION('design','',#28,#31);
#28 = PRODUCT_DEFINITION_FORMATION('','',#29);
#29 = PRODUCT('lid','lid','',(#30));
#30 = PRODUCT_CONTEXT('',#2,'mechanical');
#31 = PRODUCT_DEFINITION_CONTEXT('part definition',#2,'design');
#32 = ADVANCED_BREP_SHAPE_REPRESENTATION('',(#11,#33),#5762);
#33 = MANIFOLD_SOLID_BREP('',#34);
#34 = CLOSED_SHELL('',(#35,#309,#1965,#2031,#2582,#3668,#3714,#3760,
    #3806,#3852,#3898,#3944,#3990,#4036,#4082,#4128,#4174,#4220,#4285,
    #4350,#4396,#4442,#4488,#4534,#4580,#4626,#4672,#4718,#4764,#4810,
    #4817,#4872,#5063,#5110,#5254,#5281,#5436,#5491,#5526,#5553,#5580,
    #5607,#5632,#5639,#5666,#5694,#5699,#5703,#5758));
#35 = ADVANCED_FACE('',(#36),#49,.T.);
#36 = FACE_BOUND('',#37,.T.);
#37 = EDGE_LOOP('',(#38,#111,#198,#224));
#38 = ORIENTED_EDGE('',*,*,#39,.T.);
#39 = EDGE_CURVE('',#40,#42,#44,.T.);
#40 = VERTEX_POINT('',#41);
#41 = CARTESIAN_POINT('',(9.57597885303E-02,7.1,0.231066741679));
#42 = VERTEX_POINT('',#43);
#43 = CARTESIAN_POINT('',(9.57597885303E-02,7.22,0.231066741679));
#44 = SURFACE_CURVE('',#45,(#48,#100),.PCURVE_S1.);
#45 = B_SPLINE_CURVE_WITH_KNOTS('',1,(#46,#47),.UNSPECIFIED.,.F.,.F.,(2,
    2),(0.,1.),.PIECEWISE_BEZIER_KNOTS.);
#46 = CARTESIAN_POINT('',(9.57597885303E-02,7.1,0.231066741679));
#47 = CARTESIAN_POINT('',(9.57597885303E-02,7.22,0.231066741679));
#48 = PCURVE('',#49,#94);
#49 = ( BOUNDED_SURFACE() B_SPLINE_SURFACE(1,3,(
    (#50,#51,#52,#53,#54,#55,#56,#57,#58,#59,#60,#61,#62,#63,#64,#65,#66
      ,#67,#68,#69,#70,#71)
    ,(#72,#73,#74,#75,#76,#77,#78,#79,#80,#81,#82,#83,#84,#85,#86,#87
      ,#88,#89,#90,#91,#92,#93
)),.UNSPECIFIED.,.F.,.F.,.F.) B_SPLINE_SURFACE_WITH_KNOTS((2,2),(4,1,1,1
    ,1,1,1,1,1,1,1,1,1,1,1,1,1,1,1,4),(0.,1.),(0.,5.24163189288E-02,
    0.104832637858,0.157248956786,0.209665275715,0.262081594644,
    0.314497913573,0.366914232502,0.41933055143,0.471746870359,
    0.524163189288,0.576579508217,0.628995827146,0.681412146074,
    0.733828465003,0.786244783932,0.838661102861,0.89107742179,
0.943493740718,1.),.UNSPECIFIED.) GEOMETRIC_REPRESENTATION_ITEM() 
RATIONAL_B_SPLINE_SURFACE((
    (1.,0.999999999991,1.000000000004,0.999999999999,1.,1.,1.,1.,1.,1.
      ,1.,1.,1.,1.,1.,1.,1.,0.999999999999,1.000000000003,0.99999999999
      ,1.000000000024,1.)
    ,(1.,0.999999999991,1.000000000004,0.999999999999,1.,1.,1.,1.,1.,1.
      ,1.,1.,1.,1.,1.,1.,1.,0.999999999999,1.000000000003,0.99999999999
,1.000000000024,1.))) REPRESENTATION_ITEM('') SURFACE() );
#50 = CARTESIAN_POINT('',(9.57597885303E-02,7.1,0.231066741679));
#51 = CARTESIAN_POINT('',(0.299350521837,7.100000000109,-0.562039478975)
  );
#52 = CARTESIAN_POINT('',(0.686503373319,7.09999999995,-2.153345041471)
  );
#53 = CARTESIAN_POINT('',(1.206759216715,7.100000000013,-4.554248334638)
  );
#54 = CARTESIAN_POINT('',(1.666214320426,7.099999999996,-6.967514480509)
  );
#55 = CARTESIAN_POINT('',(2.064574349212,7.100000000001,-9.391617478207)
  );
#56 = CARTESIAN_POINT('',(2.401585505567,7.1,-11.82500726977));
#57 = CARTESIAN_POINT('',(2.677032694958,7.1,-14.26613246536));
#58 = CARTESIAN_POINT('',(2.890740270384,7.1,-16.7134355141));
#59 = CARTESIAN_POINT('',(3.042571711734,7.1,-19.16535523656));
#60 = CARTESIAN_POINT('',(3.132430836314,7.1,-21.62032748432));
#61 = CARTESIAN_POINT('',(3.160257799159,7.1,-24.07678594432));
#62 = CARTESIAN_POINT('',(3.126044251961,7.1,-26.53316424842));
#63 = CARTESIAN_POINT('',(3.029776926445,7.1,-28.98789272485));
#64 = CARTESIAN_POINT('',(2.871648209872,7.1,-31.43941528031));
#65 = CARTESIAN_POINT('',(2.651270176115,7.100000000001,-33.88613111757)
  );
#66 = CARTESIAN_POINT('',(2.370607650857,7.099999999998,-36.32661697626)
  );
#67 = CARTESIAN_POINT('',(2.023031533441,7.100000000007,-38.75880243774)
  );
#68 = CARTESIAN_POINT('',(1.634171906958,7.099999999974,-41.1830524385)
  );
#69 = CARTESIAN_POINT('',(1.095803962927,7.100000000101,-43.65328833979)
  );
#70 = CARTESIAN_POINT('',(0.889501326157,7.099999999766,-45.3271199855)
  );
#71 = CARTESIAN_POINT('',(1.828478255456,7.1,-46.27271011403));
#72 = CARTESIAN_POINT('',(9.57597885303E-02,7.22,0.231066741679));
#73 = CARTESIAN_POINT('',(0.299350521837,7.220000000116,-0.562039478975)
  );
#74 = CARTESIAN_POINT('',(0.686503373319,7.219999999946,-2.153345041471)
  );
#75 = CARTESIAN_POINT('',(1.206759216715,7.220000000014,-4.554248334638)
  );
#76 = CARTESIAN_POINT('',(1.666214320426,7.219999999996,-6.967514480509)
  );
#77 = CARTESIAN_POINT('',(2.064574349212,7.220000000001,-9.391617478207)
  );
#78 = CARTESIAN_POINT('',(2.401585505567,7.22,-11.82500726977));
#79 = CARTESIAN_POINT('',(2.677032694958,7.22,-14.26613246536));
#80 = CARTESIAN_POINT('',(2.890740270384,7.22,-16.7134355141));
#81 = CARTESIAN_POINT('',(3.042571711734,7.22,-19.16535523656));
#82 = CARTESIAN_POINT('',(3.132430836314,7.22,-21.62032748432));
#83 = CARTESIAN_POINT('',(3.160257799159,7.22,-24.07678594432));
#84 = CARTESIAN_POINT('',(3.126044251961,7.22,-26.53316424842));
#85 = CARTESIAN_POINT('',(3.029776926445,7.22,-28.98789272485));
#86 = CARTESIAN_POINT('',(2.871648209872,7.22,-31.43941528031));
#87 = CARTESIAN_POINT('',(2.651270176115,7.22,-33.88613111757));
#88 = CARTESIAN_POINT('',(2.370607650857,7.22,-36.32661697626));
#89 = CARTESIAN_POINT('',(2.023031533441,7.220000000002,-38.75880243774)
  );
#90 = CARTESIAN_POINT('',(1.634171906958,7.219999999994,-41.1830524385)
  );
#91 = CARTESIAN_POINT('',(1.095803962927,7.220000000024,-43.65328833979)
  );
#92 = CARTESIAN_POINT('',(0.889501326157,7.219999999944,-45.3271199855)
  );
#93 = CARTESIAN_POINT('',(1.828478255456,7.22,-46.27271011403));
#94 = DEFINITIONAL_REPRESENTATION('',(#95),#99);
#95 = LINE('',#96,#97);
#96 = CARTESIAN_POINT('',(0.,0.));
#97 = VECTOR('',#98,1.);
#98 = DIRECTION('',(1.,0.));
#99 = ( GEOMETRIC_REPRESENTATION_CONTEXT(2) 
PARAMETRIC_REPRESENTATION_CONTEXT() REPRESENTATION_CONTEXT('2D SPACE',''
  ) );
#100 = PCURVE('',#101,#106);
#101 = PLANE('',#102);
#102 = AXIS2_PLACEMENT_3D('',#103,#104,#105);
#103 = CARTESIAN_POINT('',(9.57597885303E-02,7.1,0.231066741679));
#104 = DIRECTION('',(-0.248644785141,-4.063876188863E-16,0.968594740241)
  );
#105 = DIRECTION('',(0.968572480859,6.779505212817E-03,0.248639071008));
#106 = DEFINITIONAL_REPRESENTATION('',(#107),#110);
#107 = B_SPLINE_CURVE_WITH_KNOTS('',1,(#108,#109),.UNSPECIFIED.,.F.,.F.,
  (2,2),(0.,1.),.PIECEWISE_BEZIER_KNOTS.);
#108 = CARTESIAN_POINT('',(0.,0.));
#109 = CARTESIAN_POINT('',(8.13540625538E-04,0.119997242267));
#110 = ( GEOMETRIC_REPRESENTATION_CONTEXT(2) 
PARAMETRIC_REPRESENTATION_CONTEXT() REPRESENTATION_CONTEXT('2D SPACE',''
  ) );
#111 = ORIENTED_EDGE('',*,*,#112,.T.);
#112 = EDGE_CURVE('',#42,#113,#115,.T.);
#113 = VERTEX_POINT('',#114);
#114 = CARTESIAN_POINT('',(1.828478255456,7.22,-46.27271011403));
#115 = SURFACE_CURVE('',#116,(#139,#146),.PCURVE_S1.);
#116 = ( BOUNDED_CURVE() B_SPLINE_CURVE(3,(#117,#118,#119,#120,#121,#122
    ,#123,#124,#125,#126,#127,#128,#129,#130,#131,#132,#133,#134,#135,
#136,#137,#138),.UNSPECIFIED.,.F.,.F.) B_SPLINE_CURVE_WITH_KNOTS((4,1,1,
    1,1,1,1,1,1,1,1,1,1,1,1,1,1,1,1,4),(0.,5.24163189288E-02,
    0.104832637858,0.157248956786,0.209665275715,0.262081594644,
    0.314497913573,0.366914232502,0.41933055143,0.471746870359,
    0.524163189288,0.576579508217,0.628995827146,0.681412146074,
    0.733828465003,0.786244783932,0.838661102861,0.89107742179,
0.943493740718,1.),.UNSPECIFIED.) CURVE() GEOMETRIC_REPRESENTATION_ITEM(
) RATIONAL_B_SPLINE_CURVE((1.,0.999999999991,1.000000000004,
    0.999999999999,1.,1.,1.,1.,1.,1.,1.,1.,1.,1.,1.,1.,1.,0.999999999999
    ,1.000000000003,0.99999999999,1.000000000024,1.)) 
REPRESENTATION_ITEM('') );
#117 = CARTESIAN_POINT('',(9.57597885303E-02,7.22,0.231066741679));
#118 = CARTESIAN_POINT('',(0.299350521837,7.220000000116,-0.562039478975
    ));
#119 = CARTESIAN_POINT('',(0.686503373319,7.219999999946,-2.153345041471
    ));
#120 = CARTESIAN_POINT('',(1.206759216715,7.220000000014,-4.554248334638
    ));
#121 = CARTESIAN_POINT('',(1.666214320426,7.219999999996,-6.967514480509
    ));
#122 = CARTESIAN_POINT('',(2.064574349212,7.220000000001,-9.391617478207
    ));
#123 = CARTESIAN_POINT('',(2.401585505567,7.22,-11.82500726977));
#124 = CARTESIAN_POINT('',(2.677032694958,7.22,-14.26613246536));
#125 = CARTESIAN_POINT('',(2.890740270384,7.22,-16.7134355141));
#126 = CARTESIAN_POINT('',(3.042571711734,7.22,-19.16535523656));
#127 = CARTESIAN_POINT('',(3.132430836314,7.22,-21.62032748432));
#128 = CARTESIAN_POINT('',(3.160257799159,7.22,-24.07678594432));
#129 = CARTESIAN_POINT('',(3.126044251961,7.22,-26.53316424842));
#130 = CARTESIAN_POINT('',(3.029776926445,7.22,-28.98789272485));
#131 = CARTESIAN_POINT('',(2.871648209872,7.22,-31.43941528031));
#132 = CARTESIAN_POINT('',(2.651270176115,7.22,-33.88613111757));
#133 = CARTESIAN_POINT('',(2.370607650857,7.22,-36.32661697626));
#134 = CARTESIAN_POINT('',(2.023031533441,7.220000000002,-38.75880243774
    ));
#135 = CARTESIAN_POINT('',(1.634171906958,7.219999999994,-41.1830524385)
  );
#136 = CARTESIAN_POINT('',(1.095803962927,7.220000000024,-43.65328833979
    ));
#137 = CARTESIAN_POINT('',(0.889501326157,7.219999999944,-45.3271199855)
  );
#138 = CARTESIAN_POINT('',(1.828478255456,7.22,-46.27271011403));
#139 = PCURVE('',#49,#140);
#140 = DEFINITIONAL_REPRESENTATION('',(#141),#145);
#141 = LINE('',#142,#143);
#142 = CARTESIAN_POINT('',(1.,0.));
#143 = VECTOR('',#144,1.);
#144 = DIRECTION('',(0.,1.));
#145 = ( GEOMETRIC_REPRESENTATION_CONTEXT(2) 
PARAMETRIC_REPRESENTATION_CONTEXT() REPRESENTATION_CONTEXT('2D SPACE',''
  ) );
#146 = PCURVE('',#147,#192);
#147 = ( BOUNDED_SURFACE() B_SPLINE_SURFACE(1,3,(
    (#148,#149,#150,#151,#152,#153,#154,#155,#156,#157,#158,#159,#160
      ,#161,#162,#163,#164,#165,#166,#167,#168,#169)
    ,(#170,#171,#172,#173,#174,#175,#176,#177,#178,#179,#180,#181,#182
      ,#183,#184,#185,#186,#187,#188,#189,#190,#191
)),.UNSPECIFIED.,.F.,.F.,.F.) B_SPLINE_SURFACE_WITH_KNOTS((2,2),(4,1,1,1
    ,1,1,1,1,1,1,1,1,1,1,1,1,1,1,1,4),(1.,2.),(0.,5.24163189288E-02,
    0.104832637858,0.157248956786,0.209665275715,0.262081594644,
    0.314497913573,0.366914232502,0.41933055143,0.471746870359,
    0.524163189288,0.576579508217,0.628995827146,0.681412146074,
    0.733828465003,0.786244783932,0.838661102861,0.89107742179,
0.943493740718,1.),.UNSPECIFIED.) GEOMETRIC_REPRESENTATION_ITEM() 
RATIONAL_B_SPLINE_SURFACE((
    (1.,0.999999999991,1.000000000004,0.999999999999,1.,1.,1.,1.,1.,1.
      ,1.,1.,1.,1.,1.,1.,1.,0.999999999999,1.000000000003,0.99999999999
      ,1.000000000024,1.)
    ,(1.,0.999999999991,1.000000000004,0.999999999999,1.,1.,1.,1.,1.,1.
      ,1.,1.,1.,1.,1.,1.,1.,0.999999999999,1.000000000003,0.99999999999
,1.000000000024,1.))) REPRESENTATION_ITEM('') SURFACE() );
#148 = CARTESIAN_POINT('',(9.57597885303E-02,7.22,0.231066741679));
#149 = CARTESIAN_POINT('',(0.299350521837,7.220000000116,-0.562039478975
    ));
#150 = CARTESIAN_POINT('',(0.686503373319,7.219999999946,-2.153345041471
    ));
#151 = CARTESIAN_POINT('',(1.206759216715,7.220000000014,-4.554248334638
    ));
#152 = CARTESIAN_POINT('',(1.666214320426,7.219999999996,-6.967514480509
    ));
#153 = CARTESIAN_POINT('',(2.064574349212,7.220000000001,-9.391617478207
    ));
#154 = CARTESIAN_POINT('',(2.401585505567,7.22,-11.82500726977));
#155 = CARTESIAN_POINT('',(2.677032694958,7.22,-14.26613246536));
#156 = CARTESIAN_POINT('',(2.890740270384,7.22,-16.7134355141));
#157 = CARTESIAN_POINT('',(3.042571711734,7.22,-19.16535523656));
#158 = CARTESIAN_POINT('',(3.132430836314,7.22,-21.62032748432));
#159 = CARTESIAN_POINT('',(3.160257799159,7.22,-24.07678594432));
#160 = CARTESIAN_POINT('',(3.126044251961,7.22,-26.53316424842));
#161 = CARTESIAN_POINT('',(3.029776926445,7.22,-28.98789272485));
#162 = CARTESIAN_POINT('',(2.871648209872,7.22,-31.43941528031));
#163 = CARTESIAN_POINT('',(2.651270176115,7.22,-33.88613111757));
#164 = CARTESIAN_POINT('',(2.370607650857,7.22,-36.32661697626));
#165 = CARTESIAN_POINT('',(2.023031533441,7.220000000002,-38.75880243774
    ));
#166 = CARTESIAN_POINT('',(1.634171906958,7.219999999994,-41.1830524385)
  );
#167 = CARTESIAN_POINT('',(1.095803962927,7.220000000024,-43.65328833979
    ));
#168 = CARTESIAN_POINT('',(0.889501326157,7.219999999944,-45.3271199855)
  );
#169 = CARTESIAN_POINT('',(1.828478255456,7.22,-46.27271011403));
#170 = CARTESIAN_POINT('',(0.103051875333,7.334863049154,0.232938669412)
  );
#171 = CARTESIAN_POINT('',(0.306658369025,7.334863049098,-0.560228947516
    ));
#172 = CARTESIAN_POINT('',(0.693841190832,7.33486304918,-2.151657695979)
  );
#173 = CARTESIAN_POINT('',(1.214137308331,7.334863049147,-4.552746848288
    ));
#174 = CARTESIAN_POINT('',(1.673627979433,7.334863049156,-6.966199810152
    ));
#175 = CARTESIAN_POINT('',(2.07201884611,7.334863049153,-9.390490462796)
  );
#176 = CARTESIAN_POINT('',(2.40905609121,7.334863049154,-11.82406862821)
  );
#177 = CARTESIAN_POINT('',(2.684524603551,7.334863049154,-14.26538279645
    ));
#178 = CARTESIAN_POINT('',(2.89824872253,7.334863049154,-16.7128752961)
  );
#179 = CARTESIAN_POINT('',(3.050091917481,7.334863049154,-19.16498482684
    ));
#180 = CARTESIAN_POINT('',(3.139957998214,7.334863049154,-21.62014711918
    ));
#181 = CARTESIAN_POINT('',(3.167787115321,7.334863049154,-24.07679573885
    ));
#182 = CARTESIAN_POINT('',(3.133570919142,7.334863049154,-26.53336419628
    ));
#183 = CARTESIAN_POINT('',(3.037296143,7.334863049154,-28.98828269881));
#184 = CARTESIAN_POINT('',(2.879155179262,7.334863049154,-31.4399950304)
  );
#185 = CARTESIAN_POINT('',(2.658760108295,7.334863049153,-33.88690027839
    ));
#186 = CARTESIAN_POINT('',(2.378075771568,7.334863049154,-36.32757504051
    ));
#187 = CARTESIAN_POINT('',(2.030473063989,7.334863049151,-38.75994885627
    ));
#188 = CARTESIAN_POINT('',(1.641582154096,7.334863049163,-41.18438624842
    ));
#189 = CARTESIAN_POINT('',(1.103177055918,7.334863049119,-43.65481442863
    ));
#190 = CARTESIAN_POINT('',(0.896846491579,7.334863049234,-45.32877286552
    ));
#191 = CARTESIAN_POINT('',(1.835810878413,7.334863049154,-46.27441636252
    ));
#192 = DEFINITIONAL_REPRESENTATION('',(#193),#197);
#193 = LINE('',#194,#195);
#194 = CARTESIAN_POINT('',(1.,0.));
#195 = VECTOR('',#196,1.);
#196 = DIRECTION('',(0.,1.));
#197 = ( GEOMETRIC_REPRESENTATION_CONTEXT(2) 
PARAMETRIC_REPRESENTATION_CONTEXT() REPRESENTATION_CONTEXT('2D SPACE',''
  ) );
#198 = ORIENTED_EDGE('',*,*,#199,.F.);
#199 = EDGE_CURVE('',#200,#113,#202,.T.);
#200 = VERTEX_POINT('',#201);
#201 = CARTESIAN_POINT('',(1.828478255456,7.1,-46.27271011403));
#202 = SURFACE_CURVE('',#203,(#206,#213),.PCURVE_S1.);
#203 = B_SPLINE_CURVE_WITH_KNOTS('',1,(#204,#205),.UNSPECIFIED.,.F.,.F.,
  (2,2),(0.,1.),.PIECEWISE_BEZIER_KNOTS.);
#204 = CARTESIAN_POINT('',(1.828478255456,7.1,-46.27271011403));
#205 = CARTESIAN_POINT('',(1.828478255456,7.22,-46.27271011403));
#206 = PCURVE('',#49,#207);
#207 = DEFINITIONAL_REPRESENTATION('',(#208),#212);
#208 = LINE('',#209,#210);
#209 = CARTESIAN_POINT('',(0.,1.));
#210 = VECTOR('',#211,1.);
#211 = DIRECTION('',(1.,0.));
#212 = ( GEOMETRIC_REPRESENTATION_CONTEXT(2) 
PARAMETRIC_REPRESENTATION_CONTEXT() REPRESENTATION_CONTEXT('2D SPACE',''
  ) );
#213 = PCURVE('',#214,#219);
#214 = PLANE('',#215);
#215 = AXIS2_PLACEMENT_3D('',#216,#217,#218);
#216 = CARTESIAN_POINT('',(1.828478255456,7.1,-46.27271011403));
#217 = DIRECTION('',(0.226637911096,-1.860845442947E-15,0.973979084608)
  );
#218 = DIRECTION('',(0.973948802227,7.885546797874E-03,-0.226630864605)
  );
#219 = DEFINITIONAL_REPRESENTATION('',(#220),#223);
#220 = B_SPLINE_CURVE_WITH_KNOTS('',1,(#221,#222),.UNSPECIFIED.,.F.,.F.,
  (2,2),(0.,1.),.PIECEWISE_BEZIER_KNOTS.);
#221 = CARTESIAN_POINT('',(0.,0.));
#222 = CARTESIAN_POINT('',(9.462656157453E-04,0.119996269031));
#223 = ( GEOMETRIC_REPRESENTATION_CONTEXT(2) 
PARAMETRIC_REPRESENTATION_CONTEXT() REPRESENTATION_CONTEXT('2D SPACE',''
  ) );
#224 = ORIENTED_EDGE('',*,*,#225,.F.);
#225 = EDGE_CURVE('',#40,#200,#226,.T.);
#226 = SURFACE_CURVE('',#227,(#250,#257),.PCURVE_S1.);
#227 = ( BOUNDED_CURVE() B_SPLINE_CURVE(3,(#228,#229,#230,#231,#232,#233
    ,#234,#235,#236,#237,#238,#239,#240,#241,#242,#243,#244,#245,#246,
#247,#248,#249),.UNSPECIFIED.,.F.,.F.) B_SPLINE_CURVE_WITH_KNOTS((4,1,1,
    1,1,1,1,1,1,1,1,1,1,1,1,1,1,1,1,4),(0.,5.24163189288E-02,
    0.104832637858,0.157248956786,0.209665275715,0.262081594644,
    0.314497913573,0.366914232502,0.41933055143,0.471746870359,
    0.524163189288,0.576579508217,0.628995827146,0.681412146074,
    0.733828465003,0.786244783932,0.838661102861,0.89107742179,
0.943493740718,1.),.UNSPECIFIED.) CURVE() GEOMETRIC_REPRESENTATION_ITEM(
) RATIONAL_B_SPLINE_CURVE((1.,0.999999999991,1.000000000004,
    0.999999999999,1.,1.,1.,1.,1.,1.,1.,1.,1.,1.,1.,1.,1.,0.999999999999
    ,1.000000000003,0.99999999999,1.000000000024,1.)) 
REPRESENTATION_ITEM('') );
#228 = CARTESIAN_POINT('',(9.57597885303E-02,7.1,0.231066741679));
#229 = CARTESIAN_POINT('',(0.299350521837,7.100000000109,-0.562039478975
    ));
#230 = CARTESIAN_POINT('',(0.686503373319,7.09999999995,-2.153345041471)
  );
#231 = CARTESIAN_POINT('',(1.206759216715,7.100000000013,-4.554248334638
    ));
#232 = CARTESIAN_POINT('',(1.666214320426,7.099999999996,-6.967514480509
    ));
#233 = CARTESIAN_POINT('',(2.064574349212,7.100000000001,-9.391617478207
    ));
#234 = CARTESIAN_POINT('',(2.401585505567,7.1,-11.82500726977));
#235 = CARTESIAN_POINT('',(2.677032694958,7.1,-14.26613246536));
#236 = CARTESIAN_POINT('',(2.890740270384,7.1,-16.7134355141));
#237 = CARTESIAN_POINT('',(3.042571711734,7.1,-19.16535523656));
#238 = CARTESIAN_POINT('',(3.132430836314,7.1,-21.62032748432));
#239 = CARTESIAN_POINT('',(3.160257799159,7.1,-24.07678594432));
#240 = CARTESIAN_POINT('',(3.126044251961,7.1,-26.53316424842));
#241 = CARTESIAN_POINT('',(3.029776926445,7.1,-28.98789272485));
#242 = CARTESIAN_POINT('',(2.871648209872,7.1,-31.43941528031));
#243 = CARTESIAN_POINT('',(2.651270176115,7.100000000001,-33.88613111757
    ));
#244 = CARTESIAN_POINT('',(2.370607650857,7.099999999998,-36.32661697626
    ));
#245 = CARTESIAN_POINT('',(2.023031533441,7.100000000007,-38.75880243774
    ));
#246 = CARTESIAN_POINT('',(1.634171906958,7.099999999974,-41.1830524385)
  );
#247 = CARTESIAN_POINT('',(1.095803962927,7.100000000101,-43.65328833979
    ));
#248 = CARTESIAN_POINT('',(0.889501326157,7.099999999766,-45.3271199855)
  );
#249 = CARTESIAN_POINT('',(1.828478255456,7.1,-46.27271011403));
#250 = PCURVE('',#49,#251);
#251 = DEFINITIONAL_REPRESENTATION('',(#252),#256);
#252 = LINE('',#253,#254);
#253 = CARTESIAN_POINT('',(0.,0.));
#254 = VECTOR('',#255,1.);
#255 = DIRECTION('',(0.,1.));
#256 = ( GEOMETRIC_REPRESENTATION_CONTEXT(2) 
PARAMETRIC_REPRESENTATION_CONTEXT() REPRESENTATION_CONTEXT('2D SPACE',''
  ) );
#257 = PCURVE('',#258,#303);
#258 = ( BOUNDED_SURFACE() B_SPLINE_SURFACE(1,3,(
    (#259,#260,#261,#262,#263,#264,#265,#266,#267,#268,#269,#270,#271
      ,#272,#273,#274,#275,#276,#277,#278,#279,#280)
    ,(#281,#282,#283,#284,#285,#286,#287,#288,#289,#290,#291,#292,#293
      ,#294,#295,#296,#297,#298,#299,#300,#301,#302
)),.UNSPECIFIED.,.F.,.F.,.F.) B_SPLINE_SURFACE_WITH_KNOTS((2,2),(4,1,1,1
    ,1,1,1,1,1,1,1,1,1,1,1,1,1,1,1,4),(42.,43.),(0.,5.24163189288E-02,
    0.104832637858,0.157248956786,0.209665275715,0.262081594644,
    0.314497913573,0.366914232502,0.41933055143,0.471746870359,
    0.524163189288,0.576579508217,0.628995827146,0.681412146074,
    0.733828465003,0.786244783932,0.838661102861,0.89107742179,
0.943493740718,1.),.UNSPECIFIED.) GEOMETRIC_REPRESENTATION_ITEM() 
RATIONAL_B_SPLINE_SURFACE((
    (1.,0.999999999991,1.000000000004,0.999999999999,1.,1.,1.,1.,1.,1.
      ,1.,1.,1.,1.,1.,1.,1.,0.999999999999,1.000000000003,0.99999999999
      ,1.000000000024,1.)
    ,(1.,0.999999999991,1.000000000004,0.999999999999,1.,1.,1.,1.,1.,1.
      ,1.,1.,1.,1.,1.,1.,1.,0.999999999999,1.000000000003,0.99999999999
,1.000000000024,1.))) REPRESENTATION_ITEM('') SURFACE() );
#259 = CARTESIAN_POINT('',(17.239886690793,7.1,4.632079438675));
#260 = CARTESIAN_POINT('',(17.480531029484,7.100000000109,3.694627527544
    ));
#261 = CARTESIAN_POINT('',(17.938145874771,7.09999999995,1.813703634306)
  );
#262 = CARTESIAN_POINT('',(18.553088516686,7.100000000013,
    -1.024165142547));
#263 = CARTESIAN_POINT('',(19.09616465643,7.099999999996,-3.876646816659
    ));
#264 = CARTESIAN_POINT('',(19.56702639157,7.100000000001,-6.741937654919
    ));
#265 = CARTESIAN_POINT('',(19.965373726011,7.1,-9.618205486377));
#266 = CARTESIAN_POINT('',(20.290952445275,7.1,-12.50361657389));
#267 = CARTESIAN_POINT('',(20.54355483243,7.1,-15.39632986789));
#268 = CARTESIAN_POINT('',(20.723019901678,7.1,-18.29450014224));
#269 = CARTESIAN_POINT('',(20.829232542988,7.1,-21.19627824189));
#270 = CARTESIAN_POINT('',(20.862127326721,7.1,-24.09981401906));
#271 = CARTESIAN_POINT('',(20.821674578671,7.1,-27.00325141704));
#272 = CARTESIAN_POINT('',(20.707932534598,7.1,-29.90475228349));
#273 = CARTESIAN_POINT('',(20.520852727372,7.1,-32.80241312269));
#274 = CARTESIAN_POINT('',(20.261006185105,7.100000000001,
    -35.69458136211));
#275 = CARTESIAN_POINT('',(19.926872973723,7.099999999998,-38.5786806181
    ));
#276 = CARTESIAN_POINT('',(19.524957371959,7.100000000007,-41.4556004413
    ));
#277 = CARTESIAN_POINT('',(19.032036993712,7.099999999974,
    -44.31331913046));
#278 = CARTESIAN_POINT('',(18.52315002793,7.100000000101,-47.2627990787)
  );
#279 = CARTESIAN_POINT('',(17.942258498676,7.099999999766,
    -49.16284166164));
#280 = CARTESIAN_POINT('',(16.649753084335,7.1,-49.72151391288));
#281 = CARTESIAN_POINT('',(9.57597885303E-02,7.1,0.231066741679));
#282 = CARTESIAN_POINT('',(0.299350521769,7.100000000109,-0.562039478975
    ));
#283 = CARTESIAN_POINT('',(0.68650337335,7.09999999995,-2.153345041471)
  );
#284 = CARTESIAN_POINT('',(1.206759216707,7.100000000013,-4.554248334638
    ));
#285 = CARTESIAN_POINT('',(1.666214320429,7.099999999996,-6.967514480509
    ));
#286 = CARTESIAN_POINT('',(2.064574349212,7.100000000001,-9.391617478207
    ));
#287 = CARTESIAN_POINT('',(2.401585505567,7.1,-11.82500726977));
#288 = CARTESIAN_POINT('',(2.677032694958,7.1,-14.26613246536));
#289 = CARTESIAN_POINT('',(2.890740270384,7.1,-16.7134355141));
#290 = CARTESIAN_POINT('',(3.042571711734,7.1,-19.16535523656));
#291 = CARTESIAN_POINT('',(3.132430836314,7.1,-21.62032748432));
#292 = CARTESIAN_POINT('',(3.160257799159,7.1,-24.07678594432));
#293 = CARTESIAN_POINT('',(3.126044251961,7.1,-26.53316424842));
#294 = CARTESIAN_POINT('',(3.029776926445,7.1,-28.98789272485));
#295 = CARTESIAN_POINT('',(2.871648209872,7.1,-31.43941528031));
#296 = CARTESIAN_POINT('',(2.651270176115,7.100000000001,-33.88613111757
    ));
#297 = CARTESIAN_POINT('',(2.370607650858,7.099999999998,-36.32661697626
    ));
#298 = CARTESIAN_POINT('',(2.023031533438,7.100000000007,-38.75880243774
    ));
#299 = CARTESIAN_POINT('',(1.63417190697,7.099999999974,-41.1830524385)
  );
#300 = CARTESIAN_POINT('',(1.095803962878,7.100000000101,-43.65328833979
    ));
#301 = CARTESIAN_POINT('',(0.88950132627,7.099999999766,-45.3271199855)
  );
#302 = CARTESIAN_POINT('',(1.828478255456,7.1,-46.27271011403));
#303 = DEFINITIONAL_REPRESENTATION('',(#304),#308);
#304 = LINE('',#305,#306);
#305 = CARTESIAN_POINT('',(43.,0.));
#306 = VECTOR('',#307,1.);
#307 = DIRECTION('',(0.,1.));
#308 = ( GEOMETRIC_REPRESENTATION_CONTEXT(2) 
PARAMETRIC_REPRESENTATION_CONTEXT() REPRESENTATION_CONTEXT('2D SPACE',''
  ) );
#309 = ADVANCED_FACE('',(#310),#101,.T.);
#310 = FACE_BOUND('',#311,.T.);
#311 = EDGE_LOOP('',(#312,#313,#334,#400,#466,#532,#598,#664,#730,#796,
    #862,#928,#994,#1060,#1126,#1192,#1220,#1286,#1352,#1418,#1484,#1550
    ,#1616,#1682,#1748,#1814,#1880,#1946));
#312 = ORIENTED_EDGE('',*,*,#39,.F.);
#313 = ORIENTED_EDGE('',*,*,#314,.F.);
#314 = EDGE_CURVE('',#315,#40,#317,.T.);
#315 = VERTEX_POINT('',#316);
#316 = CARTESIAN_POINT('',(17.239886690793,7.1,4.632079438675));
#317 = SURFACE_CURVE('',#318,(#321,#327),.PCURVE_S1.);
#318 = B_SPLINE_CURVE_WITH_KNOTS('',1,(#319,#320),.UNSPECIFIED.,.F.,.F.,
  (2,2),(42.,43.),.PIECEWISE_BEZIER_KNOTS.);
#319 = CARTESIAN_POINT('',(17.239886690793,7.1,4.632079438675));
#320 = CARTESIAN_POINT('',(9.57597885303E-02,7.1,0.231066741679));
#321 = PCURVE('',#101,#322);
#322 = DEFINITIONAL_REPRESENTATION('',(#323),#326);
#323 = B_SPLINE_CURVE_WITH_KNOTS('',1,(#324,#325),.UNSPECIFIED.,.F.,.F.,
  (2,2),(42.,43.),.PIECEWISE_BEZIER_KNOTS.);
#324 = CARTESIAN_POINT('',(17.699593234361,-0.119997242267));
#325 = CARTESIAN_POINT('',(-8.049116928532E-16,0.));
#326 = ( GEOMETRIC_REPRESENTATION_CONTEXT(2) 
PARAMETRIC_REPRESENTATION_CONTEXT() REPRESENTATION_CONTEXT('2D SPACE',''
  ) );
#327 = PCURVE('',#258,#328);
#328 = DEFINITIONAL_REPRESENTATION('',(#329),#333);
#329 = LINE('',#330,#331);
#330 = CARTESIAN_POINT('',(0.,0.));
#331 = VECTOR('',#332,1.);
#332 = DIRECTION('',(1.,0.));
#333 = ( GEOMETRIC_REPRESENTATION_CONTEXT(2) 
PARAMETRIC_REPRESENTATION_CONTEXT() REPRESENTATION_CONTEXT('2D SPACE',''
  ) );
#334 = ORIENTED_EDGE('',*,*,#335,.F.);
#335 = EDGE_CURVE('',#336,#315,#338,.T.);
#336 = VERTEX_POINT('',#337);
#337 = CARTESIAN_POINT('',(17.239886690793,7.22,4.632079438675));
#338 = SURFACE_CURVE('',#339,(#342,#348),.PCURVE_S1.);
#339 = B_SPLINE_CURVE_WITH_KNOTS('',1,(#340,#341),.UNSPECIFIED.,.F.,.F.,
  (2,2),(41.,42.),.PIECEWISE_BEZIER_KNOTS.);
#340 = CARTESIAN_POINT('',(17.239886690793,7.22,4.632079438675));
#341 = CARTESIAN_POINT('',(17.239886690793,7.1,4.632079438675));
#342 = PCURVE('',#101,#343);
#343 = DEFINITIONAL_REPRESENTATION('',(#344),#347);
#344 = B_SPLINE_CURVE_WITH_KNOTS('',1,(#345,#346),.UNSPECIFIED.,.F.,.F.,
  (2,2),(41.,42.),.PIECEWISE_BEZIER_KNOTS.);
#345 = CARTESIAN_POINT('',(17.700406774987,0.));
#346 = CARTESIAN_POINT('',(17.699593234361,-0.119997242267));
#347 = ( GEOMETRIC_REPRESENTATION_CONTEXT(2) 
PARAMETRIC_REPRESENTATION_CONTEXT() REPRESENTATION_CONTEXT('2D SPACE',''
  ) );
#348 = PCURVE('',#349,#394);
#349 = ( BOUNDED_SURFACE() B_SPLINE_SURFACE(1,3,(
    (#350,#351,#352,#353,#354,#355,#356,#357,#358,#359,#360,#361,#362
      ,#363,#364,#365,#366,#367,#368,#369,#370,#371)
    ,(#372,#373,#374,#375,#376,#377,#378,#379,#380,#381,#382,#383,#384
      ,#385,#386,#387,#388,#389,#390,#391,#392,#393
)),.UNSPECIFIED.,.F.,.F.,.F.) B_SPLINE_SURFACE_WITH_KNOTS((2,2),(4,1,1,1
    ,1,1,1,1,1,1,1,1,1,1,1,1,1,1,1,4),(41.,42.),(0.,5.24163189288E-02,
    0.104832637858,0.157248956786,0.209665275715,0.262081594644,
    0.314497913573,0.366914232502,0.41933055143,0.471746870359,
    0.524163189288,0.576579508217,0.628995827146,0.681412146074,
    0.733828465003,0.786244783932,0.838661102861,0.89107742179,
0.943493740718,1.),.UNSPECIFIED.) GEOMETRIC_REPRESENTATION_ITEM() 
RATIONAL_B_SPLINE_SURFACE((
    (1.,0.999999999991,1.000000000004,0.999999999999,1.,1.,1.,1.,1.,1.
      ,1.,1.,1.,1.,1.,1.,1.,0.999999999999,1.000000000003,0.99999999999
      ,1.000000000024,1.)
    ,(1.,0.999999999991,1.000000000004,0.999999999999,1.,1.,1.,1.,1.,1.
      ,1.,1.,1.,1.,1.,1.,1.,0.999999999999,1.000000000003,0.99999999999
,1.000000000024,1.))) REPRESENTATION_ITEM('') SURFACE() );
#350 = CARTESIAN_POINT('',(17.239886690793,7.22,4.632079438675));
#351 = CARTESIAN_POINT('',(17.480531029484,7.220000000116,3.694627527544
    ));
#352 = CARTESIAN_POINT('',(17.938145874771,7.219999999946,1.813703634306
    ));
#353 = CARTESIAN_POINT('',(18.553088516686,7.220000000014,
    -1.024165142547));
#354 = CARTESIAN_POINT('',(19.09616465643,7.219999999996,-3.876646816659
    ));
#355 = CARTESIAN_POINT('',(19.56702639157,7.220000000001,-6.741937654919
    ));
#356 = CARTESIAN_POINT('',(19.965373726011,7.22,-9.618205486377));
#357 = CARTESIAN_POINT('',(20.290952445275,7.22,-12.50361657389));
#358 = CARTESIAN_POINT('',(20.54355483243,7.22,-15.39632986789));
#359 = CARTESIAN_POINT('',(20.723019901678,7.22,-18.29450014224));
#360 = CARTESIAN_POINT('',(20.829232542988,7.22,-21.19627824189));
#361 = CARTESIAN_POINT('',(20.862127326721,7.22,-24.09981401906));
#362 = CARTESIAN_POINT('',(20.821674578671,7.22,-27.00325141704));
#363 = CARTESIAN_POINT('',(20.707932534598,7.22,-29.90475228349));
#364 = CARTESIAN_POINT('',(20.520852727372,7.22,-32.80241312269));
#365 = CARTESIAN_POINT('',(20.261006185105,7.22,-35.69458136211));
#366 = CARTESIAN_POINT('',(19.926872973723,7.22,-38.5786806181));
#367 = CARTESIAN_POINT('',(19.524957371959,7.220000000002,-41.4556004413
    ));
#368 = CARTESIAN_POINT('',(19.032036993712,7.219999999994,
    -44.31331913046));
#369 = CARTESIAN_POINT('',(18.52315002793,7.220000000024,-47.2627990787)
  );
#370 = CARTESIAN_POINT('',(17.942258498676,7.219999999944,
    -49.16284166164));
#371 = CARTESIAN_POINT('',(16.649753084335,7.22,-49.72151391288));
#372 = CARTESIAN_POINT('',(17.239886690793,7.1,4.632079438675));
#373 = CARTESIAN_POINT('',(17.480531029484,7.100000000109,3.694627527544
    ));
#374 = CARTESIAN_POINT('',(17.938145874771,7.09999999995,1.813703634306)
  );
#375 = CARTESIAN_POINT('',(18.553088516686,7.100000000013,
    -1.024165142547));
#376 = CARTESIAN_POINT('',(19.09616465643,7.099999999996,-3.876646816659
    ));
#377 = CARTESIAN_POINT('',(19.56702639157,7.100000000001,-6.741937654919
    ));
#378 = CARTESIAN_POINT('',(19.965373726011,7.1,-9.618205486377));
#379 = CARTESIAN_POINT('',(20.290952445275,7.1,-12.50361657389));
#380 = CARTESIAN_POINT('',(20.54355483243,7.1,-15.39632986789));
#381 = CARTESIAN_POINT('',(20.723019901678,7.1,-18.29450014224));
#382 = CARTESIAN_POINT('',(20.829232542988,7.1,-21.19627824189));
#383 = CARTESIAN_POINT('',(20.862127326721,7.1,-24.09981401906));
#384 = CARTESIAN_POINT('',(20.821674578671,7.1,-27.00325141704));
#385 = CARTESIAN_POINT('',(20.707932534598,7.1,-29.90475228349));
#386 = CARTESIAN_POINT('',(20.520852727372,7.1,-32.80241312269));
#387 = CARTESIAN_POINT('',(20.261006185105,7.100000000001,
    -35.69458136211));
#388 = CARTESIAN_POINT('',(19.926872973723,7.099999999998,-38.5786806181
    ));
#389 = CARTESIAN_POINT('',(19.524957371959,7.100000000007,-41.4556004413
    ));
#390 = CARTESIAN_POINT('',(19.032036993712,7.099999999974,
    -44.31331913046));
#391 = CARTESIAN_POINT('',(18.52315002793,7.100000000101,-47.2627990787)
  );
#392 = CARTESIAN_POINT('',(17.942258498676,7.099999999766,
    -49.16284166164));
#393 = CARTESIAN_POINT('',(16.649753084335,7.1,-49.72151391288));
#394 = DEFINITIONAL_REPRESENTATION('',(#395),#399);
#395 = LINE('',#396,#397);
#396 = CARTESIAN_POINT('',(0.,0.));
#397 = VECTOR('',#398,1.);
#398 = DIRECTION('',(1.,0.));
#399 = ( GEOMETRIC_REPRESENTATION_CONTEXT(2) 
PARAMETRIC_REPRESENTATION_CONTEXT() REPRESENTATION_CONTEXT('2D SPACE',''
  ) );
#400 = ORIENTED_EDGE('',*,*,#401,.F.);
#401 = EDGE_CURVE('',#402,#336,#404,.T.);
#402 = VERTEX_POINT('',#403);
#403 = CARTESIAN_POINT('',(17.23259460399,7.334863049154,4.630207510942)
  );
#404 = SURFACE_CURVE('',#405,(#408,#414),.PCURVE_S1.);
#405 = B_SPLINE_CURVE_WITH_KNOTS('',1,(#406,#407),.UNSPECIFIED.,.F.,.F.,
  (2,2),(40.,41.),.PIECEWISE_BEZIER_KNOTS.);
#406 = CARTESIAN_POINT('',(17.23259460399,7.334863049154,4.630207510942)
  );
#407 = CARTESIAN_POINT('',(17.239886690793,7.22,4.632079438675));
#408 = PCURVE('',#101,#409);
#409 = DEFINITIONAL_REPRESENTATION('',(#410),#413);
#410 = B_SPLINE_CURVE_WITH_KNOTS('',1,(#411,#412),.UNSPECIFIED.,.F.,.F.,
  (2,2),(40.,41.),.PIECEWISE_BEZIER_KNOTS.);
#411 = CARTESIAN_POINT('',(17.69365714065,0.114911449127));
#412 = CARTESIAN_POINT('',(17.700406774987,0.));
#413 = ( GEOMETRIC_REPRESENTATION_CONTEXT(2) 
PARAMETRIC_REPRESENTATION_CONTEXT() REPRESENTATION_CONTEXT('2D SPACE',''
  ) );
#414 = PCURVE('',#415,#460);
#415 = ( BOUNDED_SURFACE() B_SPLINE_SURFACE(1,3,(
    (#416,#417,#418,#419,#420,#421,#422,#423,#424,#425,#426,#427,#428
      ,#429,#430,#431,#432,#433,#434,#435,#436,#437)
    ,(#438,#439,#440,#441,#442,#443,#444,#445,#446,#447,#448,#449,#450
      ,#451,#452,#453,#454,#455,#456,#457,#458,#459
)),.UNSPECIFIED.,.F.,.F.,.F.) B_SPLINE_SURFACE_WITH_KNOTS((2,2),(4,1,1,1
    ,1,1,1,1,1,1,1,1,1,1,1,1,1,1,1,4),(40.,41.),(0.,5.24163189288E-02,
    0.104832637858,0.157248956786,0.209665275715,0.262081594644,
    0.314497913573,0.366914232502,0.41933055143,0.471746870359,
    0.524163189288,0.576579508217,0.628995827146,0.681412146074,
    0.733828465003,0.786244783932,0.838661102861,0.89107742179,
0.943493740718,1.),.UNSPECIFIED.) GEOMETRIC_REPRESENTATION_ITEM() 
RATIONAL_B_SPLINE_SURFACE((
    (1.,0.999999999991,1.000000000004,0.999999999999,1.,1.,1.,1.,1.,1.
      ,1.,1.,1.,1.,1.,1.,1.,0.999999999999,1.000000000003,0.99999999999
      ,1.000000000024,1.)
    ,(1.,0.999999999991,1.000000000004,0.999999999999,1.,1.,1.,1.,1.,1.
      ,1.,1.,1.,1.,1.,1.,1.,0.999999999999,1.000000000003,0.99999999999
,1.000000000024,1.))) REPRESENTATION_ITEM('') SURFACE() );
#416 = CARTESIAN_POINT('',(17.23259460399,7.334863049154,4.630207510942)
  );
#417 = CARTESIAN_POINT('',(17.473223182767,7.334863049098,3.69281699561)
  );
#418 = CARTESIAN_POINT('',(17.93080805704,7.33486304918,1.812016289035)
  );
#419 = CARTESIAN_POINT('',(18.545710425129,7.334863049147,
    -1.025666628956));
#420 = CARTESIAN_POINT('',(19.088750997408,7.334863049156,
    -3.877961487001));
#421 = CARTESIAN_POINT('',(19.559581894677,7.334863049153,
    -6.743064670335));
#422 = CARTESIAN_POINT('',(19.957903140367,7.334863049154,
    -9.619144127944));
#423 = CARTESIAN_POINT('',(20.283460536683,7.334863049154,-12.5043662428
    ));
#424 = CARTESIAN_POINT('',(20.536046380285,7.334863049154,-15.3968900859
    ));
#425 = CARTESIAN_POINT('',(20.715499695931,7.334863049154,
    -18.29487055196));
#426 = CARTESIAN_POINT('',(20.821705381088,7.334863049154,
    -21.19645860703));
#427 = CARTESIAN_POINT('',(20.85459801056,7.334863049154,-24.09980422453
    ));
#428 = CARTESIAN_POINT('',(20.81414791149,7.334863049154,-27.00305146917
    ));
#429 = CARTESIAN_POINT('',(20.700413318043,7.334863049154,
    -29.90436230952));
#430 = CARTESIAN_POINT('',(20.513345757983,7.334863049154,
    -32.80183337261));
#431 = CARTESIAN_POINT('',(20.253516252924,7.334863049153,-35.6938122013
    ));
#432 = CARTESIAN_POINT('',(19.919404853016,7.334863049154,
    -38.57772255384));
#433 = CARTESIAN_POINT('',(19.517515841396,7.334863049151,
    -41.45445402281));
#434 = CARTESIAN_POINT('',(19.024626746629,7.334863049163,
    -44.31198532039));
#435 = CARTESIAN_POINT('',(18.515776934725,7.334863049119,
    -47.26127299048));
#436 = CARTESIAN_POINT('',(17.934913333752,7.334863049234,
    -49.16118878018));
#437 = CARTESIAN_POINT('',(16.642420461378,7.334863049154,
    -49.71980766439));
#438 = CARTESIAN_POINT('',(17.239886690793,7.22,4.632079438675));
#439 = CARTESIAN_POINT('',(17.480531029484,7.220000000116,3.694627527544
    ));
#440 = CARTESIAN_POINT('',(17.938145874771,7.219999999946,1.813703634306
    ));
#441 = CARTESIAN_POINT('',(18.553088516686,7.220000000014,
    -1.024165142547));
#442 = CARTESIAN_POINT('',(19.09616465643,7.219999999996,-3.876646816659
    ));
#443 = CARTESIAN_POINT('',(19.56702639157,7.220000000001,-6.741937654919
    ));
#444 = CARTESIAN_POINT('',(19.965373726011,7.22,-9.618205486377));
#445 = CARTESIAN_POINT('',(20.290952445275,7.22,-12.50361657389));
#446 = CARTESIAN_POINT('',(20.54355483243,7.22,-15.39632986789));
#447 = CARTESIAN_POINT('',(20.723019901678,7.22,-18.29450014224));
#448 = CARTESIAN_POINT('',(20.829232542988,7.22,-21.19627824189));
#449 = CARTESIAN_POINT('',(20.862127326721,7.22,-24.09981401906));
#450 = CARTESIAN_POINT('',(20.821674578671,7.22,-27.00325141704));
#451 = CARTESIAN_POINT('',(20.707932534598,7.22,-29.90475228349));
#452 = CARTESIAN_POINT('',(20.520852727372,7.22,-32.80241312269));
#453 = CARTESIAN_POINT('',(20.261006185105,7.22,-35.69458136211));
#454 = CARTESIAN_POINT('',(19.926872973723,7.22,-38.5786806181));
#455 = CARTESIAN_POINT('',(19.524957371959,7.220000000002,-41.4556004413
    ));
#456 = CARTESIAN_POINT('',(19.032036993712,7.219999999994,
    -44.31331913046));
#457 = CARTESIAN_POINT('',(18.52315002793,7.220000000024,-47.2627990787)
  );
#458 = CARTESIAN_POINT('',(17.942258498676,7.219999999944,
    -49.16284166164));
#459 = CARTESIAN_POINT('',(16.649753084335,7.22,-49.72151391288));
#460 = DEFINITIONAL_REPRESENTATION('',(#461),#465);
#461 = LINE('',#462,#463);
#462 = CARTESIAN_POINT('',(0.,0.));
#463 = VECTOR('',#464,1.);
#464 = DIRECTION('',(1.,0.));
#465 = ( GEOMETRIC_REPRESENTATION_CONTEXT(2) 
PARAMETRIC_REPRESENTATION_CONTEXT() REPRESENTATION_CONTEXT('2D SPACE',''
  ) );
#466 = ORIENTED_EDGE('',*,*,#467,.F.);
#467 = EDGE_CURVE('',#468,#402,#470,.T.);
#468 = VERTEX_POINT('',#469);
#469 = CARTESIAN_POINT('',(17.21084311321,7.44776075969,4.624623756946)
  );
#470 = SURFACE_CURVE('',#471,(#474,#480),.PCURVE_S1.);
#471 = B_SPLINE_CURVE_WITH_KNOTS('',1,(#472,#473),.UNSPECIFIED.,.F.,.F.,
  (2,2),(39.,40.),.PIECEWISE_BEZIER_KNOTS.);
#472 = CARTESIAN_POINT('',(17.21084311321,7.44776075969,4.624623756946)
  );
#473 = CARTESIAN_POINT('',(17.23259460399,7.334863049154,4.630207510942)
  );
#474 = PCURVE('',#101,#475);
#475 = DEFINITIONAL_REPRESENTATION('',(#476),#479);
#476 = B_SPLINE_CURVE_WITH_KNOTS('',1,(#477,#478),.UNSPECIFIED.,.F.,.F.,
  (2,2),(39.,40.),.PIECEWISE_BEZIER_KNOTS.);
#477 = CARTESIAN_POINT('',(17.671966296474,0.227958810809));
#478 = CARTESIAN_POINT('',(17.69365714065,0.114911449127));
#479 = ( GEOMETRIC_REPRESENTATION_CONTEXT(2) 
PARAMETRIC_REPRESENTATION_CONTEXT() REPRESENTATION_CONTEXT('2D SPACE',''
  ) );
#480 = PCURVE('',#481,#526);
#481 = ( BOUNDED_SURFACE() B_SPLINE_SURFACE(1,3,(
    (#482,#483,#484,#485,#486,#487,#488,#489,#490,#491,#492,#493,#494
      ,#495,#496,#497,#498,#499,#500,#501,#502,#503)
    ,(#504,#505,#506,#507,#508,#509,#510,#511,#512,#513,#514,#515,#516
      ,#517,#518,#519,#520,#521,#522,#523,#524,#525
)),.UNSPECIFIED.,.F.,.F.,.F.) B_SPLINE_SURFACE_WITH_KNOTS((2,2),(4,1,1,1
    ,1,1,1,1,1,1,1,1,1,1,1,1,1,1,1,4),(39.,40.),(0.,5.24163189288E-02,
    0.104832637858,0.157248956786,0.209665275715,0.262081594644,
    0.314497913573,0.366914232502,0.41933055143,0.471746870359,
    0.524163189288,0.576579508217,0.628995827146,0.681412146074,
    0.733828465003,0.786244783932,0.838661102861,0.89107742179,
0.943493740718,1.),.UNSPECIFIED.) GEOMETRIC_REPRESENTATION_ITEM() 
RATIONAL_B_SPLINE_SURFACE((
    (1.,0.999999999991,1.000000000004,0.999999999999,1.,1.,1.,1.,1.,1.
      ,1.,1.,1.,1.,1.,1.,1.,0.999999999999,1.000000000003,0.99999999999
      ,1.000000000024,1.)
    ,(1.,0.999999999991,1.000000000004,0.999999999999,1.,1.,1.,1.,1.,1.
      ,1.,1.,1.,1.,1.,1.,1.,0.999999999999,1.000000000003,0.99999999999
,1.000000000024,1.))) REPRESENTATION_ITEM('') SURFACE() );
#482 = CARTESIAN_POINT('',(17.21084311321,7.44776075969,4.624623756946)
  );
#483 = CARTESIAN_POINT('',(17.45142468061,7.447760759821,3.687416379251)
  );
#484 = CARTESIAN_POINT('',(17.908920156539,7.44776075963,1.806983123822)
  );
#485 = CARTESIAN_POINT('',(18.523702391491,7.447760759706,
    -1.030145397244));
#486 = CARTESIAN_POINT('',(19.066636870147,7.447760759686,
    -3.881883003675));
#487 = CARTESIAN_POINT('',(19.53737578139,7.447760759691,-6.746426433029
    ));
#488 = CARTESIAN_POINT('',(19.935619207228,7.44776075969,-9.62194399223)
  );
#489 = CARTESIAN_POINT('',(20.261112999537,7.44776075969,-12.50660242248
    ));
#490 = CARTESIAN_POINT('',(20.513649495545,7.44776075969,-15.39856115444
    ));
#491 = CARTESIAN_POINT('',(20.693067751496,7.44776075969,-18.2959754433)
  );
#492 = CARTESIAN_POINT('',(20.799252687214,7.44776075969,-21.19699661635
    ));
#493 = CARTESIAN_POINT('',(20.832138890763,7.44776075969,-24.09977500852
    ));
#494 = CARTESIAN_POINT('',(20.791696693308,7.44776075969,-27.00245504675
    ));
#495 = CARTESIAN_POINT('',(20.677984324257,7.44776075969,-29.9031990602)
  );
#496 = CARTESIAN_POINT('',(20.490953296142,7.44776075969,-32.80010404203
    ));
#497 = CARTESIAN_POINT('',(20.231174611201,7.447760759691,-35.6915178794
    ));
#498 = CARTESIAN_POINT('',(19.897128272502,7.447760759689,
    -38.57486475384));
#499 = CARTESIAN_POINT('',(19.495318576394,7.447760759696,
    -41.45103438278));
#500 = CARTESIAN_POINT('',(19.002522796634,7.447760759667,
    -44.30800671241));
#501 = CARTESIAN_POINT('',(18.493783811279,7.447760759779,
    -47.25672083611));
#502 = CARTESIAN_POINT('',(17.913003515623,7.447760759483,
    -49.15625842058));
#503 = CARTESIAN_POINT('',(16.620548055718,7.44776075969,-49.71471811328
    ));
#504 = CARTESIAN_POINT('',(17.23259460399,7.334863049154,4.630207510942)
  );
#505 = CARTESIAN_POINT('',(17.473223182767,7.334863049098,3.69281699561)
  );
#506 = CARTESIAN_POINT('',(17.93080805704,7.33486304918,1.812016289035)
  );
#507 = CARTESIAN_POINT('',(18.545710425129,7.334863049147,
    -1.025666628956));
#508 = CARTESIAN_POINT('',(19.088750997408,7.334863049156,
    -3.877961487001));
#509 = CARTESIAN_POINT('',(19.559581894677,7.334863049153,
    -6.743064670335));
#510 = CARTESIAN_POINT('',(19.957903140367,7.334863049154,
    -9.619144127944));
#511 = CARTESIAN_POINT('',(20.283460536683,7.334863049154,-12.5043662428
    ));
#512 = CARTESIAN_POINT('',(20.536046380285,7.334863049154,-15.3968900859
    ));
#513 = CARTESIAN_POINT('',(20.715499695931,7.334863049154,
    -18.29487055196));
#514 = CARTESIAN_POINT('',(20.821705381088,7.334863049154,
    -21.19645860703));
#515 = CARTESIAN_POINT('',(20.85459801056,7.334863049154,-24.09980422453
    ));
#516 = CARTESIAN_POINT('',(20.81414791149,7.334863049154,-27.00305146917
    ));
#517 = CARTESIAN_POINT('',(20.700413318043,7.334863049154,
    -29.90436230952));
#518 = CARTESIAN_POINT('',(20.513345757983,7.334863049154,
    -32.80183337261));
#519 = CARTESIAN_POINT('',(20.253516252924,7.334863049153,-35.6938122013
    ));
#520 = CARTESIAN_POINT('',(19.919404853016,7.334863049154,
    -38.57772255384));
#521 = CARTESIAN_POINT('',(19.517515841396,7.334863049151,
    -41.45445402281));
#522 = CARTESIAN_POINT('',(19.024626746629,7.334863049163,
    -44.31198532039));
#523 = CARTESIAN_POINT('',(18.515776934725,7.334863049119,
    -47.26127299048));
#524 = CARTESIAN_POINT('',(17.934913333752,7.334863049234,
    -49.16118878018));
#525 = CARTESIAN_POINT('',(16.642420461378,7.334863049154,
    -49.71980766439));
#526 = DEFINITIONAL_REPRESENTATION('',(#527),#531);
#527 = LINE('',#528,#529);
#528 = CARTESIAN_POINT('',(0.,0.));
#529 = VECTOR('',#530,1.);
#530 = DIRECTION('',(1.,0.));
#531 = ( GEOMETRIC_REPRESENTATION_CONTEXT(2) 
PARAMETRIC_REPRESENTATION_CONTEXT() REPRESENTATION_CONTEXT('2D SPACE',''
  ) );
#532 = ORIENTED_EDGE('',*,*,#533,.F.);
#533 = EDGE_CURVE('',#534,#468,#536,.T.);
#534 = VERTEX_POINT('',#535);
#535 = CARTESIAN_POINT('',(17.175004392491,7.556761420481,4.615423716266
    ));
#536 = SURFACE_CURVE('',#537,(#540,#546),.PCURVE_S1.);
#537 = B_SPLINE_CURVE_WITH_KNOTS('',1,(#538,#539),.UNSPECIFIED.,.F.,.F.,
  (2,2),(38.,39.),.PIECEWISE_BEZIER_KNOTS.);
#538 = CARTESIAN_POINT('',(17.175004392491,7.556761420481,4.615423716266
    ));
#539 = CARTESIAN_POINT('',(17.21084311321,7.44776075969,4.624623756946)
  );
#540 = PCURVE('',#101,#541);
#541 = DEFINITIONAL_REPRESENTATION('',(#542),#545);
#542 = B_SPLINE_CURVE_WITH_KNOTS('',1,(#543,#544),.UNSPECIFIED.,.F.,.F.,
  (2,2),(38.,39.),.PIECEWISE_BEZIER_KNOTS.);
#543 = CARTESIAN_POINT('',(17.635705378815,0.337207813344));
#544 = CARTESIAN_POINT('',(17.671966296474,0.227958810809));
#545 = ( GEOMETRIC_REPRESENTATION_CONTEXT(2) 
PARAMETRIC_REPRESENTATION_CONTEXT() REPRESENTATION_CONTEXT('2D SPACE',''
  ) );
#546 = PCURVE('',#547,#592);
#547 = ( BOUNDED_SURFACE() B_SPLINE_SURFACE(1,3,(
    (#548,#549,#550,#551,#552,#553,#554,#555,#556,#557,#558,#559,#560
      ,#561,#562,#563,#564,#565,#566,#567,#568,#569)
    ,(#570,#571,#572,#573,#574,#575,#576,#577,#578,#579,#580,#581,#582
      ,#583,#584,#585,#586,#587,#588,#589,#590,#591
)),.UNSPECIFIED.,.F.,.F.,.F.) B_SPLINE_SURFACE_WITH_KNOTS((2,2),(4,1,1,1
    ,1,1,1,1,1,1,1,1,1,1,1,1,1,1,1,4),(38.,39.),(0.,5.24163189288E-02,
    0.104832637858,0.157248956786,0.209665275715,0.262081594644,
    0.314497913573,0.366914232502,0.41933055143,0.471746870359,
    0.524163189288,0.576579508217,0.628995827146,0.681412146074,
    0.733828465003,0.786244783932,0.838661102861,0.89107742179,
0.943493740718,1.),.UNSPECIFIED.) GEOMETRIC_REPRESENTATION_ITEM() 
RATIONAL_B_SPLINE_SURFACE((
    (1.,0.999999999991,1.000000000004,0.999999999999,1.,1.,1.,1.,1.,1.
      ,1.,1.,1.,1.,1.,1.,1.,0.999999999999,1.000000000003,0.99999999999
      ,1.000000000024,1.)
    ,(1.,0.999999999991,1.000000000004,0.999999999999,1.,1.,1.,1.,1.,1.
      ,1.,1.,1.,1.,1.,1.,1.,0.999999999999,1.000000000003,0.99999999999
,1.000000000024,1.))) REPRESENTATION_ITEM('') SURFACE() );
#548 = CARTESIAN_POINT('',(17.175004392491,7.556761420481,4.615423716266
    ));
#549 = CARTESIAN_POINT('',(17.4155085014,7.556761420629,3.678518084564)
  );
#550 = CARTESIAN_POINT('',(17.872856681329,7.556761420413,1.798690257495
    ));
#551 = CARTESIAN_POINT('',(18.487440979325,7.5567614205,-1.037524814436)
  );
#552 = CARTESIAN_POINT('',(19.030200653495,7.556761420476,
    -3.888344268448));
#553 = CARTESIAN_POINT('',(19.500788004466,7.556761420483,
    -6.751965422309));
#554 = CARTESIAN_POINT('',(19.898903210869,7.556761420481,
    -9.626557172781));
#555 = CARTESIAN_POINT('',(20.224292206395,7.556761420481,
    -12.51028685128));
#556 = CARTESIAN_POINT('',(20.47674739512,7.556761420481,-15.40131448106
    ));
#557 = CARTESIAN_POINT('',(20.656107885161,7.556761420481,
    -18.29779591128));
#558 = CARTESIAN_POINT('',(20.762258633185,7.556761420481,
    -21.19788306435));
#559 = CARTESIAN_POINT('',(20.795134249097,7.556761420481,
    -24.09972687094));
#560 = CARTESIAN_POINT('',(20.754705070694,7.556761420481,
    -27.00147235471));
#561 = CARTESIAN_POINT('',(20.641029319542,7.556761420481,
    -29.90128243904));
#562 = CARTESIAN_POINT('',(20.45405848308,7.556761420481,-32.79725472029
    ));
#563 = CARTESIAN_POINT('',(20.194363531616,7.556761420481,
    -35.68773765291));
#564 = CARTESIAN_POINT('',(19.860424390659,7.556761420482,
    -38.57015611581));
#565 = CARTESIAN_POINT('',(19.458745378272,7.55676142048,-41.44540003232
    ));
#566 = CARTESIAN_POINT('',(18.966103348583,7.556761420485,
    -44.30145138117));
#567 = CARTESIAN_POINT('',(18.457546965478,7.556761420468,
    -47.24922050597));
#568 = CARTESIAN_POINT('',(17.876903928644,7.556761420513,
    -49.14813493858));
#569 = CARTESIAN_POINT('',(16.58451011028,7.556761420481,-49.70633234319
    ));
#570 = CARTESIAN_POINT('',(17.21084311321,7.44776075969,4.624623756946)
  );
#571 = CARTESIAN_POINT('',(17.45142468061,7.447760759821,3.687416379251)
  );
#572 = CARTESIAN_POINT('',(17.908920156539,7.44776075963,1.806983123822)
  );
#573 = CARTESIAN_POINT('',(18.523702391491,7.447760759706,
    -1.030145397244));
#574 = CARTESIAN_POINT('',(19.066636870147,7.447760759686,
    -3.881883003675));
#575 = CARTESIAN_POINT('',(19.53737578139,7.447760759691,-6.746426433029
    ));
#576 = CARTESIAN_POINT('',(19.935619207228,7.44776075969,-9.62194399223)
  );
#577 = CARTESIAN_POINT('',(20.261112999537,7.44776075969,-12.50660242248
    ));
#578 = CARTESIAN_POINT('',(20.513649495545,7.44776075969,-15.39856115444
    ));
#579 = CARTESIAN_POINT('',(20.693067751496,7.44776075969,-18.2959754433)
  );
#580 = CARTESIAN_POINT('',(20.799252687214,7.44776075969,-21.19699661635
    ));
#581 = CARTESIAN_POINT('',(20.832138890763,7.44776075969,-24.09977500852
    ));
#582 = CARTESIAN_POINT('',(20.791696693308,7.44776075969,-27.00245504675
    ));
#583 = CARTESIAN_POINT('',(20.677984324257,7.44776075969,-29.9031990602)
  );
#584 = CARTESIAN_POINT('',(20.490953296142,7.44776075969,-32.80010404203
    ));
#585 = CARTESIAN_POINT('',(20.231174611201,7.447760759691,-35.6915178794
    ));
#586 = CARTESIAN_POINT('',(19.897128272502,7.447760759689,
    -38.57486475384));
#587 = CARTESIAN_POINT('',(19.495318576394,7.447760759696,
    -41.45103438278));
#588 = CARTESIAN_POINT('',(19.002522796634,7.447760759667,
    -44.30800671241));
#589 = CARTESIAN_POINT('',(18.493783811279,7.447760759779,
    -47.25672083611));
#590 = CARTESIAN_POINT('',(17.913003515623,7.447760759483,
    -49.15625842058));
#591 = CARTESIAN_POINT('',(16.620548055718,7.44776075969,-49.71471811328
    ));
#592 = DEFINITIONAL_REPRESENTATION('',(#593),#597);
#593 = LINE('',#594,#595);
#594 = CARTESIAN_POINT('',(0.,0.));
#595 = VECTOR('',#596,1.);
#596 = DIRECTION('',(1.,0.));
#597 = ( GEOMETRIC_REPRESENTATION_CONTEXT(2) 
PARAMETRIC_REPRESENTATION_CONTEXT() REPRESENTATION_CONTEXT('2D SPACE',''
  ) );
#598 = ORIENTED_EDGE('',*,*,#599,.F.);
#599 = EDGE_CURVE('',#600,#534,#602,.T.);
#600 = VERTEX_POINT('',#601);
#601 = CARTESIAN_POINT('',(17.125691652279,7.66,4.602764804148));
#602 = SURFACE_CURVE('',#603,(#606,#612),.PCURVE_S1.);
#603 = B_SPLINE_CURVE_WITH_KNOTS('',1,(#604,#605),.UNSPECIFIED.,.F.,.F.,
  (2,2),(37.,38.),.PIECEWISE_BEZIER_KNOTS.);
#604 = CARTESIAN_POINT('',(17.125691652279,7.66,4.602764804148));
#605 = CARTESIAN_POINT('',(17.175004392491,7.556761420481,4.615423716266
    ));
#606 = PCURVE('',#101,#607);
#607 = DEFINITIONAL_REPRESENTATION('',(#608),#611);
#608 = B_SPLINE_CURVE_WITH_KNOTS('',1,(#609,#610),.UNSPECIFIED.,.F.,.F.,
  (2,2),(37.,38.),.PIECEWISE_BEZIER_KNOTS.);
#609 = CARTESIAN_POINT('',(17.585494822029,0.440789176008));
#610 = CARTESIAN_POINT('',(17.635705378815,0.337207813344));
#611 = ( GEOMETRIC_REPRESENTATION_CONTEXT(2) 
PARAMETRIC_REPRESENTATION_CONTEXT() REPRESENTATION_CONTEXT('2D SPACE',''
  ) );
#612 = PCURVE('',#613,#658);
#613 = ( BOUNDED_SURFACE() B_SPLINE_SURFACE(1,3,(
    (#614,#615,#616,#617,#618,#619,#620,#621,#622,#623,#624,#625,#626
      ,#627,#628,#629,#630,#631,#632,#633,#634,#635)
    ,(#636,#637,#638,#639,#640,#641,#642,#643,#644,#645,#646,#647,#648
      ,#649,#650,#651,#652,#653,#654,#655,#656,#657
)),.UNSPECIFIED.,.F.,.F.,.F.) B_SPLINE_SURFACE_WITH_KNOTS((2,2),(4,1,1,1
    ,1,1,1,1,1,1,1,1,1,1,1,1,1,1,1,4),(37.,38.),(0.,5.24163189288E-02,
    0.104832637858,0.157248956786,0.209665275715,0.262081594644,
    0.314497913573,0.366914232502,0.41933055143,0.471746870359,
    0.524163189288,0.576579508217,0.628995827146,0.681412146074,
    0.733828465003,0.786244783932,0.838661102861,0.89107742179,
0.943493740718,1.),.UNSPECIFIED.) GEOMETRIC_REPRESENTATION_ITEM() 
RATIONAL_B_SPLINE_SURFACE((
    (1.,0.999999999991,1.000000000004,0.999999999999,1.,1.,1.,1.,1.,1.
      ,1.,1.,1.,1.,1.,1.,1.,0.999999999999,1.000000000003,0.99999999999
      ,1.000000000024,1.)
    ,(1.,0.999999999991,1.000000000004,0.999999999999,1.,1.,1.,1.,1.,1.
      ,1.,1.,1.,1.,1.,1.,1.,0.999999999999,1.000000000003,0.99999999999
,1.000000000024,1.))) REPRESENTATION_ITEM('') SURFACE() );
#614 = CARTESIAN_POINT('',(17.125691652279,7.66,4.602764804148));
#615 = CARTESIAN_POINT('',(17.366089181197,7.659999999977,3.666274363113
    ));
#616 = CARTESIAN_POINT('',(17.82323468734,7.660000000011,1.787279583633)
  );
#617 = CARTESIAN_POINT('',(18.43754663148,7.659999999997,-1.047678616748
    ));
#618 = CARTESIAN_POINT('',(18.980065781213,7.660000000001,
    -3.897234727262));
#619 = CARTESIAN_POINT('',(19.450444590913,7.66,-6.75958686454));
#620 = CARTESIAN_POINT('',(19.848383372166,7.66,-9.632904736797));
#621 = CARTESIAN_POINT('',(20.173628171235,7.66,-12.5153564876));
#622 = CARTESIAN_POINT('',(20.425971484178,7.66,-15.40510295559));
#623 = CARTESIAN_POINT('',(20.605252490486,7.66,-18.30030080716));
#624 = CARTESIAN_POINT('',(20.71135619752,7.66,-21.19910278367));
#625 = CARTESIAN_POINT('',(20.74421724524,7.66,-24.09966063543));
#626 = CARTESIAN_POINT('',(20.703805980567,7.66,-27.00012020719));
#627 = CARTESIAN_POINT('',(20.590180614275,7.66,-29.89864523995));
#628 = CARTESIAN_POINT('',(20.403292599277,7.66,-32.79333416008));
#629 = CARTESIAN_POINT('',(20.143712861954,7.66,-35.68253620255));
#630 = CARTESIAN_POINT('',(19.809921221059,7.659999999999,
    -38.56367720586));
#631 = CARTESIAN_POINT('',(19.408422024678,7.660000000003,
    -41.43764737673));
#632 = CARTESIAN_POINT('',(18.915991549005,7.65999999999,-44.2924314902)
  );
#633 = CARTESIAN_POINT('',(18.40768642105,7.660000000038,-47.23890033275
    ));
#634 = CARTESIAN_POINT('',(17.827232243843,7.659999999912,
    -49.13695732925));
#635 = CARTESIAN_POINT('',(16.534923244302,7.66,-49.69479383697));
#636 = CARTESIAN_POINT('',(17.175004392491,7.556761420481,4.615423716266
    ));
#637 = CARTESIAN_POINT('',(17.4155085014,7.556761420629,3.678518084564)
  );
#638 = CARTESIAN_POINT('',(17.872856681329,7.556761420413,1.798690257495
    ));
#639 = CARTESIAN_POINT('',(18.487440979325,7.5567614205,-1.037524814436)
  );
#640 = CARTESIAN_POINT('',(19.030200653495,7.556761420476,
    -3.888344268448));
#641 = CARTESIAN_POINT('',(19.500788004466,7.556761420483,
    -6.751965422309));
#642 = CARTESIAN_POINT('',(19.898903210869,7.556761420481,
    -9.626557172781));
#643 = CARTESIAN_POINT('',(20.224292206395,7.556761420481,
    -12.51028685128));
#644 = CARTESIAN_POINT('',(20.47674739512,7.556761420481,-15.40131448106
    ));
#645 = CARTESIAN_POINT('',(20.656107885161,7.556761420481,
    -18.29779591128));
#646 = CARTESIAN_POINT('',(20.762258633185,7.556761420481,
    -21.19788306435));
#647 = CARTESIAN_POINT('',(20.795134249097,7.556761420481,
    -24.09972687094));
#648 = CARTESIAN_POINT('',(20.754705070694,7.556761420481,
    -27.00147235471));
#649 = CARTESIAN_POINT('',(20.641029319542,7.556761420481,
    -29.90128243904));
#650 = CARTESIAN_POINT('',(20.45405848308,7.556761420481,-32.79725472029
    ));
#651 = CARTESIAN_POINT('',(20.194363531616,7.556761420481,
    -35.68773765291));
#652 = CARTESIAN_POINT('',(19.860424390659,7.556761420482,
    -38.57015611581));
#653 = CARTESIAN_POINT('',(19.458745378272,7.55676142048,-41.44540003232
    ));
#654 = CARTESIAN_POINT('',(18.966103348583,7.556761420485,
    -44.30145138117));
#655 = CARTESIAN_POINT('',(18.457546965478,7.556761420468,
    -47.24922050597));
#656 = CARTESIAN_POINT('',(17.876903928644,7.556761420513,
    -49.14813493858));
#657 = CARTESIAN_POINT('',(16.58451011028,7.556761420481,-49.70633234319
    ));
#658 = DEFINITIONAL_REPRESENTATION('',(#659),#663);
#659 = LINE('',#660,#661);
#660 = CARTESIAN_POINT('',(0.,0.));
#661 = VECTOR('',#662,1.);
#662 = DIRECTION('',(1.,0.));
#663 = ( GEOMETRIC_REPRESENTATION_CONTEXT(2) 
PARAMETRIC_REPRESENTATION_CONTEXT() REPRESENTATION_CONTEXT('2D SPACE',''
  ) );
#664 = ORIENTED_EDGE('',*,*,#665,.F.);
#665 = EDGE_CURVE('',#666,#600,#668,.T.);
#666 = VERTEX_POINT('',#667);
#667 = CARTESIAN_POINT('',(17.063748647232,7.755710057528,4.586863618088
    ));
#668 = SURFACE_CURVE('',#669,(#672,#678),.PCURVE_S1.);
#669 = B_SPLINE_CURVE_WITH_KNOTS('',1,(#670,#671),.UNSPECIFIED.,.F.,.F.,
  (2,2),(36.,37.),.PIECEWISE_BEZIER_KNOTS.);
#670 = CARTESIAN_POINT('',(17.063748647232,7.755710057528,4.586863618088
    ));
#671 = CARTESIAN_POINT('',(17.125691652279,7.66,4.602764804148));
#672 = PCURVE('',#101,#673);
#673 = DEFINITIONAL_REPRESENTATION('',(#674),#677);
#674 = B_SPLINE_CURVE_WITH_KNOTS('',1,(#675,#676),.UNSPECIFIED.,.F.,.F.,
  (2,2),(36.,37.),.PIECEWISE_BEZIER_KNOTS.);
#675 = CARTESIAN_POINT('',(17.522193742664,0.53693059297));
#676 = CARTESIAN_POINT('',(17.585494822029,0.440789176008));
#677 = ( GEOMETRIC_REPRESENTATION_CONTEXT(2) 
PARAMETRIC_REPRESENTATION_CONTEXT() REPRESENTATION_CONTEXT('2D SPACE',''
  ) );
#678 = PCURVE('',#679,#724);
#679 = ( BOUNDED_SURFACE() B_SPLINE_SURFACE(1,3,(
    (#680,#681,#682,#683,#684,#685,#686,#687,#688,#689,#690,#691,#692
      ,#693,#694,#695,#696,#697,#698,#699,#700,#701)
    ,(#702,#703,#704,#705,#706,#707,#708,#709,#710,#711,#712,#713,#714
      ,#715,#716,#717,#718,#719,#720,#721,#722,#723
)),.UNSPECIFIED.,.F.,.F.,.F.) B_SPLINE_SURFACE_WITH_KNOTS((2,2),(4,1,1,1
    ,1,1,1,1,1,1,1,1,1,1,1,1,1,1,1,4),(36.,37.),(0.,5.24163189288E-02,
    0.104832637858,0.157248956786,0.209665275715,0.262081594644,
    0.314497913573,0.366914232502,0.41933055143,0.471746870359,
    0.524163189288,0.576579508217,0.628995827146,0.681412146074,
    0.733828465003,0.786244783932,0.838661102861,0.89107742179,
0.943493740718,1.),.UNSPECIFIED.) GEOMETRIC_REPRESENTATION_ITEM() 
RATIONAL_B_SPLINE_SURFACE((
    (1.,0.999999999991,1.000000000004,0.999999999999,1.,1.,1.,1.,1.,1.
      ,1.,1.,1.,1.,1.,1.,1.,0.999999999999,1.000000000003,0.99999999999
      ,1.000000000024,1.)
    ,(1.,0.999999999991,1.000000000004,0.999999999999,1.,1.,1.,1.,1.,1.
      ,1.,1.,1.,1.,1.,1.,1.,0.999999999999,1.000000000003,0.99999999999
,1.000000000024,1.))) REPRESENTATION_ITEM('') SURFACE() );
#680 = CARTESIAN_POINT('',(17.063748647232,7.755710057528,4.586863618088
    ));
#681 = CARTESIAN_POINT('',(17.304012298935,7.755710057473,3.650894708458
    ));
#682 = CARTESIAN_POINT('',(17.760903220341,7.755710057553,1.772946341987
    ));
#683 = CARTESIAN_POINT('',(18.374873054165,7.755710057521,
    -1.060433069797));
#684 = CARTESIAN_POINT('',(18.917090074843,7.755710057529,
    -3.908402261906));
#685 = CARTESIAN_POINT('',(19.387206930501,7.755710057527,-6.76916035473
    ));
#686 = CARTESIAN_POINT('',(19.784924099566,7.755710057528,
    -9.640878075698));
#687 = CARTESIAN_POINT('',(20.109987769747,7.755710057528,
    -12.52172458856));
#688 = CARTESIAN_POINT('',(20.362190552633,7.755710057528,
    -15.40986175617));
#689 = CARTESIAN_POINT('',(20.541371717374,7.755710057528,
    -18.30344727151));
#690 = CARTESIAN_POINT('',(20.647416335007,7.755710057528,
    -21.20063490457));
#691 = CARTESIAN_POINT('',(20.680259083246,7.755710057528,
    -24.09957743529));
#692 = CARTESIAN_POINT('',(20.639870320469,7.755710057528,
    -26.99842173981));
#693 = CARTESIAN_POINT('',(20.526308243902,7.755710057528,
    -29.89533258614));
#694 = CARTESIAN_POINT('',(20.339524263081,7.755710057528,
    -32.78840944326));
#695 = CARTESIAN_POINT('',(20.080089249208,7.755710057527,
    -35.67600252658));
#696 = CARTESIAN_POINT('',(19.746482886962,7.755710057529,
    -38.55553887996));
#697 = CARTESIAN_POINT('',(19.345209562041,7.755710057524,-41.427909066)
  );
#698 = CARTESIAN_POINT('',(18.853044825064,7.755710057541,
    -44.28110137269));
#699 = CARTESIAN_POINT('',(18.345055304273,7.755710057477,
    -47.22593689611));
#700 = CARTESIAN_POINT('',(17.764838360925,7.755710057645,
    -49.12291684779));
#701 = CARTESIAN_POINT('',(16.47263590281,7.755710057528,-49.68030002167
    ));
#702 = CARTESIAN_POINT('',(17.125691652279,7.66,4.602764804148));
#703 = CARTESIAN_POINT('',(17.366089181197,7.659999999977,3.666274363113
    ));
#704 = CARTESIAN_POINT('',(17.82323468734,7.660000000011,1.787279583633)
  );
#705 = CARTESIAN_POINT('',(18.43754663148,7.659999999997,-1.047678616748
    ));
#706 = CARTESIAN_POINT('',(18.980065781213,7.660000000001,
    -3.897234727262));
#707 = CARTESIAN_POINT('',(19.450444590913,7.66,-6.75958686454));
#708 = CARTESIAN_POINT('',(19.848383372166,7.66,-9.632904736797));
#709 = CARTESIAN_POINT('',(20.173628171235,7.66,-12.5153564876));
#710 = CARTESIAN_POINT('',(20.425971484178,7.66,-15.40510295559));
#711 = CARTESIAN_POINT('',(20.605252490486,7.66,-18.30030080716));
#712 = CARTESIAN_POINT('',(20.71135619752,7.66,-21.19910278367));
#713 = CARTESIAN_POINT('',(20.74421724524,7.66,-24.09966063543));
#714 = CARTESIAN_POINT('',(20.703805980567,7.66,-27.00012020719));
#715 = CARTESIAN_POINT('',(20.590180614275,7.66,-29.89864523995));
#716 = CARTESIAN_POINT('',(20.403292599277,7.66,-32.79333416008));
#717 = CARTESIAN_POINT('',(20.143712861954,7.66,-35.68253620255));
#718 = CARTESIAN_POINT('',(19.809921221059,7.659999999999,
    -38.56367720586));
#719 = CARTESIAN_POINT('',(19.408422024678,7.660000000003,
    -41.43764737673));
#720 = CARTESIAN_POINT('',(18.915991549005,7.65999999999,-44.2924314902)
  );
#721 = CARTESIAN_POINT('',(18.40768642105,7.660000000038,-47.23890033275
    ));
#722 = CARTESIAN_POINT('',(17.827232243843,7.659999999912,
    -49.13695732925));
#723 = CARTESIAN_POINT('',(16.534923244302,7.66,-49.69479383697));
#724 = DEFINITIONAL_REPRESENTATION('',(#725),#729);
#725 = LINE('',#726,#727);
#726 = CARTESIAN_POINT('',(0.,0.));
#727 = VECTOR('',#728,1.);
#728 = DIRECTION('',(1.,0.));
#729 = ( GEOMETRIC_REPRESENTATION_CONTEXT(2) 
PARAMETRIC_REPRESENTATION_CONTEXT() REPRESENTATION_CONTEXT('2D SPACE',''
  ) );
#730 = ORIENTED_EDGE('',*,*,#731,.F.);
#731 = EDGE_CURVE('',#732,#666,#734,.T.);
#732 = VERTEX_POINT('',#733);
#733 = CARTESIAN_POINT('',(16.990235239341,7.842253967444,4.567992231789
    ));
#734 = SURFACE_CURVE('',#735,(#738,#744),.PCURVE_S1.);
#735 = B_SPLINE_CURVE_WITH_KNOTS('',1,(#736,#737),.UNSPECIFIED.,.F.,.F.,
  (2,2),(35.,36.),.PIECEWISE_BEZIER_KNOTS.);
#736 = CARTESIAN_POINT('',(16.990235239341,7.842253967444,4.567992231789
    ));
#737 = CARTESIAN_POINT('',(17.063748647232,7.755710057528,4.586863618088
    ));
#738 = PCURVE('',#101,#739);
#739 = DEFINITIONAL_REPRESENTATION('',(#740),#743);
#740 = B_SPLINE_CURVE_WITH_KNOTS('',1,(#741,#742),.UNSPECIFIED.,.F.,.F.,
  (2,2),(35.,36.),.PIECEWISE_BEZIER_KNOTS.);
#741 = CARTESIAN_POINT('',(17.446885239737,0.623987057929));
#742 = CARTESIAN_POINT('',(17.522193742664,0.53693059297));
#743 = ( GEOMETRIC_REPRESENTATION_CONTEXT(2) 
PARAMETRIC_REPRESENTATION_CONTEXT() REPRESENTATION_CONTEXT('2D SPACE',''
  ) );
#744 = PCURVE('',#745,#790);
#745 = ( BOUNDED_SURFACE() B_SPLINE_SURFACE(1,3,(
    (#746,#747,#748,#749,#750,#751,#752,#753,#754,#755,#756,#757,#758
      ,#759,#760,#761,#762,#763,#764,#765,#766,#767)
    ,(#768,#769,#770,#771,#772,#773,#774,#775,#776,#777,#778,#779,#780
      ,#781,#782,#783,#784,#785,#786,#787,#788,#789
)),.UNSPECIFIED.,.F.,.F.,.F.) B_SPLINE_SURFACE_WITH_KNOTS((2,2),(4,1,1,1
    ,1,1,1,1,1,1,1,1,1,1,1,1,1,1,1,4),(35.,36.),(0.,5.24163189288E-02,
    0.104832637858,0.157248956786,0.209665275715,0.262081594644,
    0.314497913573,0.366914232502,0.41933055143,0.471746870359,
    0.524163189288,0.576579508217,0.628995827146,0.681412146074,
    0.733828465003,0.786244783932,0.838661102861,0.89107742179,
0.943493740718,1.),.UNSPECIFIED.) GEOMETRIC_REPRESENTATION_ITEM() 
RATIONAL_B_SPLINE_SURFACE((
    (1.,0.999999999991,1.000000000004,0.999999999999,1.,1.,1.,1.,1.,1.
      ,1.,1.,1.,1.,1.,1.,1.,0.999999999999,1.000000000003,0.99999999999
      ,1.000000000024,1.)
    ,(1.,0.999999999991,1.000000000004,0.999999999999,1.,1.,1.,1.,1.,1.
      ,1.,1.,1.,1.,1.,1.,1.,0.999999999999,1.000000000003,0.99999999999
,1.000000000024,1.))) REPRESENTATION_ITEM('') SURFACE() );
#746 = CARTESIAN_POINT('',(16.990235239341,7.842253967444,4.567992231789
    ));
#747 = CARTESIAN_POINT('',(17.230340006578,7.842253967417,3.632642271838
    ));
#748 = CARTESIAN_POINT('',(17.686928789338,7.842253967457,1.755935777792
    ));
#749 = CARTESIAN_POINT('',(18.300492609577,7.842253967441,
    -1.075569941219));
#750 = CARTESIAN_POINT('',(18.842351066205,7.842253967445,
    -3.921655792802));
#751 = CARTESIAN_POINT('',(19.312157037127,7.842253967444,-6.7805220878)
  );
#752 = CARTESIAN_POINT('',(19.709611198817,7.842253967444,
    -9.650340763446));
#753 = CARTESIAN_POINT('',(20.034459906845,7.842253967444,
    -12.52928219418));
#754 = CARTESIAN_POINT('',(20.286495909908,7.842253967444,-15.4155094584
    ));
#755 = CARTESIAN_POINT('',(20.465558583565,7.842253967444,
    -18.30718146742));
#756 = CARTESIAN_POINT('',(20.571533074422,7.842253967444,
    -21.20245321204));
#757 = CARTESIAN_POINT('',(20.604354104999,7.842253967444,-24.0994786941
    ));
#758 = CARTESIAN_POINT('',(20.563992047273,7.842253967444,
    -26.99640601383));
#759 = CARTESIAN_POINT('',(20.450505082387,7.842253967444,
    -29.89140115805));
#760 = CARTESIAN_POINT('',(20.263844568403,7.842253967444,-32.7825648331
    ));
#761 = CARTESIAN_POINT('',(20.004581311036,7.842253967444,-35.668248418)
  );
#762 = CARTESIAN_POINT('',(19.671194835845,7.842253967446,
    -38.54588038712));
#763 = CARTESIAN_POINT('',(19.270189573164,7.842253967438,
    -41.41635172535));
#764 = CARTESIAN_POINT('',(18.77834021251,7.842253967468,-44.26765489));
#765 = CARTESIAN_POINT('',(18.27072525149,7.842253967352,-47.21055200444
    ));
#766 = CARTESIAN_POINT('',(17.690789855195,7.842253967659,
    -49.10625372983));
#767 = CARTESIAN_POINT('',(16.398713839485,7.842253967444,
    -49.66309889047));
#768 = CARTESIAN_POINT('',(17.063748647232,7.755710057528,4.586863618088
    ));
#769 = CARTESIAN_POINT('',(17.304012298935,7.755710057473,3.650894708458
    ));
#770 = CARTESIAN_POINT('',(17.760903220341,7.755710057553,1.772946341987
    ));
#771 = CARTESIAN_POINT('',(18.374873054165,7.755710057521,
    -1.060433069797));
#772 = CARTESIAN_POINT('',(18.917090074843,7.755710057529,
    -3.908402261906));
#773 = CARTESIAN_POINT('',(19.387206930501,7.755710057527,-6.76916035473
    ));
#774 = CARTESIAN_POINT('',(19.784924099566,7.755710057528,
    -9.640878075698));
#775 = CARTESIAN_POINT('',(20.109987769747,7.755710057528,
    -12.52172458856));
#776 = CARTESIAN_POINT('',(20.362190552633,7.755710057528,
    -15.40986175617));
#777 = CARTESIAN_POINT('',(20.541371717374,7.755710057528,
    -18.30344727151));
#778 = CARTESIAN_POINT('',(20.647416335007,7.755710057528,
    -21.20063490457));
#779 = CARTESIAN_POINT('',(20.680259083246,7.755710057528,
    -24.09957743529));
#780 = CARTESIAN_POINT('',(20.639870320469,7.755710057528,
    -26.99842173981));
#781 = CARTESIAN_POINT('',(20.526308243902,7.755710057528,
    -29.89533258614));
#782 = CARTESIAN_POINT('',(20.339524263081,7.755710057528,
    -32.78840944326));
#783 = CARTESIAN_POINT('',(20.080089249208,7.755710057527,
    -35.67600252658));
#784 = CARTESIAN_POINT('',(19.746482886962,7.755710057529,
    -38.55553887996));
#785 = CARTESIAN_POINT('',(19.345209562041,7.755710057524,-41.427909066)
  );
#786 = CARTESIAN_POINT('',(18.853044825064,7.755710057541,
    -44.28110137269));
#787 = CARTESIAN_POINT('',(18.345055304273,7.755710057477,
    -47.22593689611));
#788 = CARTESIAN_POINT('',(17.764838360925,7.755710057645,
    -49.12291684779));
#789 = CARTESIAN_POINT('',(16.47263590281,7.755710057528,-49.68030002167
    ));
#790 = DEFINITIONAL_REPRESENTATION('',(#791),#795);
#791 = LINE('',#792,#793);
#792 = CARTESIAN_POINT('',(0.,0.));
#793 = VECTOR('',#794,1.);
#794 = DIRECTION('',(1.,0.));
#795 = ( GEOMETRIC_REPRESENTATION_CONTEXT(2) 
PARAMETRIC_REPRESENTATION_CONTEXT() REPRESENTATION_CONTEXT('2D SPACE',''
  ) );
#796 = ORIENTED_EDGE('',*,*,#797,.F.);
#797 = EDGE_CURVE('',#798,#732,#800,.T.);
#798 = VERTEX_POINT('',#799);
#799 = CARTESIAN_POINT('',(16.906409263396,7.918150939456,4.546473539903
    ));
#800 = SURFACE_CURVE('',#801,(#804,#810),.PCURVE_S1.);
#801 = B_SPLINE_CURVE_WITH_KNOTS('',1,(#802,#803),.UNSPECIFIED.,.F.,.F.,
  (2,2),(34.,35.),.PIECEWISE_BEZIER_KNOTS.);
#802 = CARTESIAN_POINT('',(16.906409263396,7.918150939456,4.546473539903
    ));
#803 = CARTESIAN_POINT('',(16.990235239341,7.842253967444,4.567992231789
    ));
#804 = PCURVE('',#101,#805);
#805 = DEFINITIONAL_REPRESENTATION('',(#806),#809);
#806 = B_SPLINE_CURVE_WITH_KNOTS('',1,(#807,#808),.UNSPECIFIED.,.F.,.F.,
  (2,2),(34.,35.),.PIECEWISE_BEZIER_KNOTS.);
#807 = CARTESIAN_POINT('',(17.360857862613,0.700469010633));
#808 = CARTESIAN_POINT('',(17.446885239737,0.623987057929));
#809 = ( GEOMETRIC_REPRESENTATION_CONTEXT(2) 
PARAMETRIC_REPRESENTATION_CONTEXT() REPRESENTATION_CONTEXT('2D SPACE',''
  ) );
#810 = PCURVE('',#811,#856);
#811 = ( BOUNDED_SURFACE() B_SPLINE_SURFACE(1,3,(
    (#812,#813,#814,#815,#816,#817,#818,#819,#820,#821,#822,#823,#824
      ,#825,#826,#827,#828,#829,#830,#831,#832,#833)
    ,(#834,#835,#836,#837,#838,#839,#840,#841,#842,#843,#844,#845,#846
      ,#847,#848,#849,#850,#851,#852,#853,#854,#855
)),.UNSPECIFIED.,.F.,.F.,.F.) B_SPLINE_SURFACE_WITH_KNOTS((2,2),(4,1,1,1
    ,1,1,1,1,1,1,1,1,1,1,1,1,1,1,1,4),(34.,35.),(0.,5.24163189288E-02,
    0.104832637858,0.157248956786,0.209665275715,0.262081594644,
    0.314497913573,0.366914232502,0.41933055143,0.471746870359,
    0.524163189288,0.576579508217,0.628995827146,0.681412146074,
    0.733828465003,0.786244783932,0.838661102861,0.89107742179,
0.943493740718,1.),.UNSPECIFIED.) GEOMETRIC_REPRESENTATION_ITEM() 
RATIONAL_B_SPLINE_SURFACE((
    (1.,0.999999999991,1.000000000004,0.999999999999,1.,1.,1.,1.,1.,1.
      ,1.,1.,1.,1.,1.,1.,1.,0.999999999999,1.000000000003,0.99999999999
      ,1.000000000024,1.)
    ,(1.,0.999999999991,1.000000000004,0.999999999999,1.,1.,1.,1.,1.,1.
      ,1.,1.,1.,1.,1.,1.,1.,0.999999999999,1.000000000003,0.99999999999
,1.000000000024,1.))) REPRESENTATION_ITEM('') SURFACE() );
#812 = CARTESIAN_POINT('',(16.906409263396,7.918150939456,4.546473539903
    ));
#813 = CARTESIAN_POINT('',(17.146332856811,7.918150939541,3.611829355884
    ));
#814 = CARTESIAN_POINT('',(17.602577117664,7.918150939417,1.736538947269
    ));
#815 = CARTESIAN_POINT('',(18.215677967662,7.918150939467,-1.09283023515
    ));
#816 = CARTESIAN_POINT('',(18.757127560481,7.918150939453,
    -3.936768548307));
#817 = CARTESIAN_POINT('',(19.226579035268,7.918150939457,
    -6.793477661359));
#818 = CARTESIAN_POINT('',(19.623733294535,7.918150939456,
    -9.661130890829));
#819 = CARTESIAN_POINT('',(19.948336885201,7.918150939456,
    -12.53789999174));
#820 = CARTESIAN_POINT('',(20.200182712326,7.918150939456,
    -15.42194942854));
#821 = CARTESIAN_POINT('',(20.379110272796,7.918150939456,
    -18.31143950179));
#822 = CARTESIAN_POINT('',(20.48500479939,7.918150939456,-21.20452659433
    ));
#823 = CARTESIAN_POINT('',(20.51780106572,7.918150939456,-24.09936610136
    ));
#824 = CARTESIAN_POINT('',(20.47746945927,7.918150939456,-26.99410751886
    ));
#825 = CARTESIAN_POINT('',(20.364068142841,7.918150939456,
    -29.88691822349));
#826 = CARTESIAN_POINT('',(20.177548415802,7.918150939456,
    -32.77590033251));
#827 = CARTESIAN_POINT('',(19.918481009194,7.918150939456,
    -35.65940655176));
#828 = CARTESIAN_POINT('',(19.585345267128,7.918150939456,-38.5348669868
    ));
#829 = CARTESIAN_POINT('',(19.184645670874,7.918150939458,
    -41.40317310413));
#830 = CARTESIAN_POINT('',(18.693155927904,7.91815093945,-44.25232211498
    ));
#831 = CARTESIAN_POINT('',(18.185968070794,7.918150939481,
    -47.19300889821));
#832 = CARTESIAN_POINT('',(17.606353716462,7.918150939398,
    -49.08725308426));
#833 = CARTESIAN_POINT('',(16.314421881326,7.918150939456,
    -49.64348475951));
#834 = CARTESIAN_POINT('',(16.990235239341,7.842253967444,4.567992231789
    ));
#835 = CARTESIAN_POINT('',(17.230340006578,7.842253967417,3.632642271838
    ));
#836 = CARTESIAN_POINT('',(17.686928789338,7.842253967457,1.755935777792
    ));
#837 = CARTESIAN_POINT('',(18.300492609577,7.842253967441,
    -1.075569941219));
#838 = CARTESIAN_POINT('',(18.842351066205,7.842253967445,
    -3.921655792802));
#839 = CARTESIAN_POINT('',(19.312157037127,7.842253967444,-6.7805220878)
  );
#840 = CARTESIAN_POINT('',(19.709611198817,7.842253967444,
    -9.650340763446));
#841 = CARTESIAN_POINT('',(20.034459906845,7.842253967444,
    -12.52928219418));
#842 = CARTESIAN_POINT('',(20.286495909908,7.842253967444,-15.4155094584
    ));
#843 = CARTESIAN_POINT('',(20.465558583565,7.842253967444,
    -18.30718146742));
#844 = CARTESIAN_POINT('',(20.571533074422,7.842253967444,
    -21.20245321204));
#845 = CARTESIAN_POINT('',(20.604354104999,7.842253967444,-24.0994786941
    ));
#846 = CARTESIAN_POINT('',(20.563992047273,7.842253967444,
    -26.99640601383));
#847 = CARTESIAN_POINT('',(20.450505082387,7.842253967444,
    -29.89140115805));
#848 = CARTESIAN_POINT('',(20.263844568403,7.842253967444,-32.7825648331
    ));
#849 = CARTESIAN_POINT('',(20.004581311036,7.842253967444,-35.668248418)
  );
#850 = CARTESIAN_POINT('',(19.671194835845,7.842253967446,
    -38.54588038712));
#851 = CARTESIAN_POINT('',(19.270189573164,7.842253967438,
    -41.41635172535));
#852 = CARTESIAN_POINT('',(18.77834021251,7.842253967468,-44.26765489));
#853 = CARTESIAN_POINT('',(18.27072525149,7.842253967352,-47.21055200444
    ));
#854 = CARTESIAN_POINT('',(17.690789855195,7.842253967659,
    -49.10625372983));
#855 = CARTESIAN_POINT('',(16.398713839485,7.842253967444,
    -49.66309889047));
#856 = DEFINITIONAL_REPRESENTATION('',(#857),#861);
#857 = LINE('',#858,#859);
#858 = CARTESIAN_POINT('',(0.,0.));
#859 = VECTOR('',#860,1.);
#860 = DIRECTION('',(1.,0.));
#861 = ( GEOMETRIC_REPRESENTATION_CONTEXT(2) 
PARAMETRIC_REPRESENTATION_CONTEXT() REPRESENTATION_CONTEXT('2D SPACE',''
  ) );
#862 = ORIENTED_EDGE('',*,*,#863,.F.);
#863 = EDGE_CURVE('',#864,#798,#866,.T.);
#864 = VERTEX_POINT('',#865);
#865 = CARTESIAN_POINT('',(16.813705005087,7.98210235533,4.522675733213)
  );
#866 = SURFACE_CURVE('',#867,(#870,#876),.PCURVE_S1.);
#867 = B_SPLINE_CURVE_WITH_KNOTS('',1,(#868,#869),.UNSPECIFIED.,.F.,.F.,
  (2,2),(33.,34.),.PIECEWISE_BEZIER_KNOTS.);
#868 = CARTESIAN_POINT('',(16.813705005087,7.98210235533,4.522675733213)
  );
#869 = CARTESIAN_POINT('',(16.906409263396,7.918150939456,4.546473539903
    ));
#870 = PCURVE('',#101,#871);
#871 = DEFINITIONAL_REPRESENTATION('',(#872),#875);
#872 = B_SPLINE_CURVE_WITH_KNOTS('',1,(#873,#874),.UNSPECIFIED.,.F.,.F.,
  (2,2),(33.,34.),.PIECEWISE_BEZIER_KNOTS.);
#873 = CARTESIAN_POINT('',(17.265583563566,0.765067823666));
#874 = CARTESIAN_POINT('',(17.360857862613,0.700469010633));
#875 = ( GEOMETRIC_REPRESENTATION_CONTEXT(2) 
PARAMETRIC_REPRESENTATION_CONTEXT() REPRESENTATION_CONTEXT('2D SPACE',''
  ) );
#876 = PCURVE('',#877,#922);
#877 = ( BOUNDED_SURFACE() B_SPLINE_SURFACE(1,3,(
    (#878,#879,#880,#881,#882,#883,#884,#885,#886,#887,#888,#889,#890
      ,#891,#892,#893,#894,#895,#896,#897,#898,#899)
    ,(#900,#901,#902,#903,#904,#905,#906,#907,#908,#909,#910,#911,#912
      ,#913,#914,#915,#916,#917,#918,#919,#920,#921
)),.UNSPECIFIED.,.F.,.F.,.F.) B_SPLINE_SURFACE_WITH_KNOTS((2,2),(4,1,1,1
    ,1,1,1,1,1,1,1,1,1,1,1,1,1,1,1,4),(33.,34.),(0.,5.24163189288E-02,
    0.104832637858,0.157248956786,0.209665275715,0.262081594644,
    0.314497913573,0.366914232502,0.41933055143,0.471746870359,
    0.524163189288,0.576579508217,0.628995827146,0.681412146074,
    0.733828465003,0.786244783932,0.838661102861,0.89107742179,
0.943493740718,1.),.UNSPECIFIED.) GEOMETRIC_REPRESENTATION_ITEM() 
RATIONAL_B_SPLINE_SURFACE((
    (1.,0.999999999991,1.000000000004,0.999999999999,1.,1.,1.,1.,1.,1.
      ,1.,1.,1.,1.,1.,1.,1.,0.999999999999,1.000000000003,0.99999999999
      ,1.000000000024,1.)
    ,(1.,0.999999999991,1.000000000004,0.999999999999,1.,1.,1.,1.,1.,1.
      ,1.,1.,1.,1.,1.,1.,1.,0.999999999999,1.000000000003,0.99999999999
,1.000000000024,1.))) REPRESENTATION_ITEM('') SURFACE() );
#878 = CARTESIAN_POINT('',(16.813705005087,7.98210235533,4.522675733213)
  );
#879 = CARTESIAN_POINT('',(17.053428237352,7.98210235554,3.588812076597)
  );
#880 = CARTESIAN_POINT('',(17.509291484835,7.982102355233,1.715087734993
    ));
#881 = CARTESIAN_POINT('',(18.121880330718,7.982102355356,
    -1.111918623021));
#882 = CARTESIAN_POINT('',(18.662877755411,7.982102355323,
    -3.953481945027));
#883 = CARTESIAN_POINT('',(19.131937188281,7.982102355332,
    -6.807805401943));
#884 = CARTESIAN_POINT('',(19.528759781466,7.98210235533,-9.673063835776
    ));
#885 = CARTESIAN_POINT('',(19.853092293596,7.98210235533,-12.54743052833
    ));
#886 = CARTESIAN_POINT('',(20.104727802628,7.98210235533,-15.42907147691
    ));
#887 = CARTESIAN_POINT('',(20.283505939634,7.98210235533,-18.31614851846
    ));
#888 = CARTESIAN_POINT('',(20.38931203269,7.98210235533,-21.2068195753)
  );
#889 = CARTESIAN_POINT('',(20.42208091191,7.98210235533,-24.09924158355)
  );
#890 = CARTESIAN_POINT('',(20.381782981928,7.98210235533,-26.9915655828)
  );
#891 = CARTESIAN_POINT('',(20.268476385265,7.98210235533,-29.88196048672
    ));
#892 = CARTESIAN_POINT('',(20.082112356376,7.98210235533,-32.76852997293
    ));
#893 = CARTESIAN_POINT('',(19.823261543716,7.982102355331,
    -35.64962821465));
#894 = CARTESIAN_POINT('',(19.49040309075,7.982102355329,-38.52268712136
    ));
#895 = CARTESIAN_POINT('',(19.090041535007,7.982102355334,
    -41.38859869217));
#896 = CARTESIAN_POINT('',(18.598949498163,7.982102355318,
    -44.23536539585));
#897 = CARTESIAN_POINT('',(18.092233980309,7.982102355378,
    -47.17360774415));
#898 = CARTESIAN_POINT('',(17.512974672183,7.982102355218,-49.066240019)
  );
#899 = CARTESIAN_POINT('',(16.221202287108,7.98210235533,-49.621793232)
  );
#900 = CARTESIAN_POINT('',(16.906409263396,7.918150939456,4.546473539903
    ));
#901 = CARTESIAN_POINT('',(17.146332856811,7.918150939541,3.611829355884
    ));
#902 = CARTESIAN_POINT('',(17.602577117664,7.918150939417,1.736538947269
    ));
#903 = CARTESIAN_POINT('',(18.215677967662,7.918150939467,-1.09283023515
    ));
#904 = CARTESIAN_POINT('',(18.757127560481,7.918150939453,
    -3.936768548307));
#905 = CARTESIAN_POINT('',(19.226579035268,7.918150939457,
    -6.793477661359));
#906 = CARTESIAN_POINT('',(19.623733294535,7.918150939456,
    -9.661130890829));
#907 = CARTESIAN_POINT('',(19.948336885201,7.918150939456,
    -12.53789999174));
#908 = CARTESIAN_POINT('',(20.200182712326,7.918150939456,
    -15.42194942854));
#909 = CARTESIAN_POINT('',(20.379110272796,7.918150939456,
    -18.31143950179));
#910 = CARTESIAN_POINT('',(20.48500479939,7.918150939456,-21.20452659433
    ));
#911 = CARTESIAN_POINT('',(20.51780106572,7.918150939456,-24.09936610136
    ));
#912 = CARTESIAN_POINT('',(20.47746945927,7.918150939456,-26.99410751886
    ));
#913 = CARTESIAN_POINT('',(20.364068142841,7.918150939456,
    -29.88691822349));
#914 = CARTESIAN_POINT('',(20.177548415802,7.918150939456,
    -32.77590033251));
#915 = CARTESIAN_POINT('',(19.918481009194,7.918150939456,
    -35.65940655176));
#916 = CARTESIAN_POINT('',(19.585345267128,7.918150939456,-38.5348669868
    ));
#917 = CARTESIAN_POINT('',(19.184645670874,7.918150939458,
    -41.40317310413));
#918 = CARTESIAN_POINT('',(18.693155927904,7.91815093945,-44.25232211498
    ));
#919 = CARTESIAN_POINT('',(18.185968070794,7.918150939481,
    -47.19300889821));
#920 = CARTESIAN_POINT('',(17.606353716462,7.918150939398,
    -49.08725308426));
#921 = CARTESIAN_POINT('',(16.314421881326,7.918150939456,
    -49.64348475951));
#922 = DEFINITIONAL_REPRESENTATION('',(#923),#927);
#923 = LINE('',#924,#925);
#924 = CARTESIAN_POINT('',(0.,0.));
#925 = VECTOR('',#926,1.);
#926 = DIRECTION('',(1.,0.));
#927 = ( GEOMETRIC_REPRESENTATION_CONTEXT(2) 
PARAMETRIC_REPRESENTATION_CONTEXT() REPRESENTATION_CONTEXT('2D SPACE',''
  ) );
#928 = ORIENTED_EDGE('',*,*,#929,.F.);
#929 = EDGE_CURVE('',#930,#864,#932,.T.);
#930 = VERTEX_POINT('',#931);
#931 = CARTESIAN_POINT('',(16.713708659975,8.03301398861,4.49700599879)
  );
#932 = SURFACE_CURVE('',#933,(#936,#942),.PCURVE_S1.);
#933 = B_SPLINE_CURVE_WITH_KNOTS('',1,(#934,#935),.UNSPECIFIED.,.F.,.F.,
  (2,2),(32.,33.),.PIECEWISE_BEZIER_KNOTS.);
#934 = CARTESIAN_POINT('',(16.713708659975,8.03301398861,4.49700599879)
  );
#935 = CARTESIAN_POINT('',(16.813705005087,7.98210235533,4.522675733213)
  );
#936 = PCURVE('',#101,#937);
#937 = DEFINITIONAL_REPRESENTATION('',(#938),#941);
#938 = B_SPLINE_CURVE_WITH_KNOTS('',1,(#939,#940),.UNSPECIFIED.,.F.,.F.,
  (2,2),(32.,33.),.PIECEWISE_BEZIER_KNOTS.);
#939 = CARTESIAN_POINT('',(17.162692512267,0.816678193428));
#940 = CARTESIAN_POINT('',(17.265583563566,0.765067823666));
#941 = ( GEOMETRIC_REPRESENTATION_CONTEXT(2) 
PARAMETRIC_REPRESENTATION_CONTEXT() REPRESENTATION_CONTEXT('2D SPACE',''
  ) );
#942 = PCURVE('',#943,#988);
#943 = ( BOUNDED_SURFACE() B_SPLINE_SURFACE(1,3,(
    (#944,#945,#946,#947,#948,#949,#950,#951,#952,#953,#954,#955,#956
      ,#957,#958,#959,#960,#961,#962,#963,#964,#965)
    ,(#966,#967,#968,#969,#970,#971,#972,#973,#974,#975,#976,#977,#978
      ,#979,#980,#981,#982,#983,#984,#985,#986,#987
)),.UNSPECIFIED.,.F.,.F.,.F.) B_SPLINE_SURFACE_WITH_KNOTS((2,2),(4,1,1,1
    ,1,1,1,1,1,1,1,1,1,1,1,1,1,1,1,4),(32.,33.),(0.,5.24163189288E-02,
    0.104832637858,0.157248956786,0.209665275715,0.262081594644,
    0.314497913573,0.366914232502,0.41933055143,0.471746870359,
    0.524163189288,0.576579508217,0.628995827146,0.681412146074,
    0.733828465003,0.786244783932,0.838661102861,0.89107742179,
0.943493740718,1.),.UNSPECIFIED.) GEOMETRIC_REPRESENTATION_ITEM() 
RATIONAL_B_SPLINE_SURFACE((
    (1.,0.999999999991,1.000000000004,0.999999999999,1.,1.,1.,1.,1.,1.
      ,1.,1.,1.,1.,1.,1.,1.,0.999999999999,1.000000000003,0.99999999999
      ,1.000000000024,1.)
    ,(1.,0.999999999991,1.000000000004,0.999999999999,1.,1.,1.,1.,1.,1.
      ,1.,1.,1.,1.,1.,1.,1.,0.999999999999,1.000000000003,0.99999999999
,1.000000000024,1.))) REPRESENTATION_ITEM('') SURFACE() );
#944 = CARTESIAN_POINT('',(16.713708659975,8.03301398861,4.49700599879)
  );
#945 = CARTESIAN_POINT('',(16.953215770436,8.033013988829,3.563984265257
    ));
#946 = CARTESIAN_POINT('',(17.408668034618,8.033013988508,1.6919491775)
  );
#947 = CARTESIAN_POINT('',(18.020704602126,8.033013988637,
    -1.132508497315));
#948 = CARTESIAN_POINT('',(18.561214291345,8.033013988603,
    -3.971510012084));
#949 = CARTESIAN_POINT('',(19.029850844393,8.033013988612,
    -6.823260157943));
#950 = CARTESIAN_POINT('',(19.426315682754,8.033013988609,-9.68593542229
    ));
#951 = CARTESIAN_POINT('',(19.750355793398,8.03301398861,-12.55771073382
    ));
#952 = CARTESIAN_POINT('',(20.001764440784,8.03301398861,-15.43675374329
    ));
#953 = CARTESIAN_POINT('',(20.180381400724,8.03301398861,-18.32122794484
    ));
#954 = CARTESIAN_POINT('',(20.286092104089,8.03301398861,-21.2092929214)
  );
#955 = CARTESIAN_POINT('',(20.318831441939,8.03301398861,-24.09910727121
    ));
#956 = CARTESIAN_POINT('',(20.278569837406,8.03301398861,-26.98882369887
    ));
#957 = CARTESIAN_POINT('',(20.165365411133,8.03301398861,-29.87661277598
    ));
#958 = CARTESIAN_POINT('',(19.979169327559,8.03301398861,-32.76057986327
    ));
#959 = CARTESIAN_POINT('',(19.72055214606,8.03301398861,-35.63908071672)
  );
#960 = CARTESIAN_POINT('',(19.387992793657,8.033013988609,
    -38.50954919167));
#961 = CARTESIAN_POINT('',(18.987995868606,8.033013988615,
    -41.37287786169));
#962 = CARTESIAN_POINT('',(18.49733282123,8.03301398859,-44.21707486673)
  );
#963 = CARTESIAN_POINT('',(17.991126797038,8.033013988686,
    -47.15268050155));
#964 = CARTESIAN_POINT('',(17.412250462005,8.033013988433,
    -49.04357407303));
#965 = CARTESIAN_POINT('',(16.120650069932,8.03301398861,-49.59839545599
    ));
#966 = CARTESIAN_POINT('',(16.813705005087,7.98210235533,4.522675733213)
  );
#967 = CARTESIAN_POINT('',(17.053428237352,7.98210235554,3.588812076597)
  );
#968 = CARTESIAN_POINT('',(17.509291484835,7.982102355233,1.715087734993
    ));
#969 = CARTESIAN_POINT('',(18.121880330718,7.982102355356,
    -1.111918623021));
#970 = CARTESIAN_POINT('',(18.662877755411,7.982102355323,
    -3.953481945027));
#971 = CARTESIAN_POINT('',(19.131937188281,7.982102355332,
    -6.807805401943));
#972 = CARTESIAN_POINT('',(19.528759781466,7.98210235533,-9.673063835776
    ));
#973 = CARTESIAN_POINT('',(19.853092293596,7.98210235533,-12.54743052833
    ));
#974 = CARTESIAN_POINT('',(20.104727802628,7.98210235533,-15.42907147691
    ));
#975 = CARTESIAN_POINT('',(20.283505939634,7.98210235533,-18.31614851846
    ));
#976 = CARTESIAN_POINT('',(20.38931203269,7.98210235533,-21.2068195753)
  );
#977 = CARTESIAN_POINT('',(20.42208091191,7.98210235533,-24.09924158355)
  );
#978 = CARTESIAN_POINT('',(20.381782981928,7.98210235533,-26.9915655828)
  );
#979 = CARTESIAN_POINT('',(20.268476385265,7.98210235533,-29.88196048672
    ));
#980 = CARTESIAN_POINT('',(20.082112356376,7.98210235533,-32.76852997293
    ));
#981 = CARTESIAN_POINT('',(19.823261543716,7.982102355331,
    -35.64962821465));
#982 = CARTESIAN_POINT('',(19.49040309075,7.982102355329,-38.52268712136
    ));
#983 = CARTESIAN_POINT('',(19.090041535007,7.982102355334,
    -41.38859869217));
#984 = CARTESIAN_POINT('',(18.598949498163,7.982102355318,
    -44.23536539585));
#985 = CARTESIAN_POINT('',(18.092233980309,7.982102355378,
    -47.17360774415));
#986 = CARTESIAN_POINT('',(17.512974672183,7.982102355218,-49.066240019)
  );
#987 = CARTESIAN_POINT('',(16.221202287108,7.98210235533,-49.621793232)
  );
#988 = DEFINITIONAL_REPRESENTATION('',(#989),#993);
#989 = LINE('',#990,#991);
#990 = CARTESIAN_POINT('',(0.,0.));
#991 = VECTOR('',#992,1.);
#992 = DIRECTION('',(1.,0.));
#993 = ( GEOMETRIC_REPRESENTATION_CONTEXT(2) 
PARAMETRIC_REPRESENTATION_CONTEXT() REPRESENTATION_CONTEXT('2D SPACE',''
  ) );
#994 = ORIENTED_EDGE('',*,*,#995,.F.);
#995 = EDGE_CURVE('',#996,#930,#998,.T.);
#996 = VERTEX_POINT('',#997);
#997 = CARTESIAN_POINT('',(16.60813119325,8.070014727134,4.469903552908)
  );
#998 = SURFACE_CURVE('',#999,(#1002,#1008),.PCURVE_S1.);
#999 = B_SPLINE_CURVE_WITH_KNOTS('',1,(#1000,#1001),.UNSPECIFIED.,.F.,
  .F.,(2,2),(31.,32.),.PIECEWISE_BEZIER_KNOTS.);
#1000 = CARTESIAN_POINT('',(16.60813119325,8.070014727134,4.469903552908
    ));
#1001 = CARTESIAN_POINT('',(16.713708659975,8.03301398861,4.49700599879)
  );
#1002 = PCURVE('',#101,#1003);
#1003 = DEFINITIONAL_REPRESENTATION('',(#1004),#1007);
#1004 = B_SPLINE_CURVE_WITH_KNOTS('',1,(#1005,#1006),.UNSPECIFIED.,.F.,
  .F.,(2,2),(31.,32.),.PIECEWISE_BEZIER_KNOTS.);
#1005 = CARTESIAN_POINT('',(17.053945203132,0.854417052183));
#1006 = CARTESIAN_POINT('',(17.162692512267,0.816678193428));
#1007 = ( GEOMETRIC_REPRESENTATION_CONTEXT(2) 
PARAMETRIC_REPRESENTATION_CONTEXT() REPRESENTATION_CONTEXT('2D SPACE',''
  ) );
#1008 = PCURVE('',#1009,#1054);
#1009 = ( BOUNDED_SURFACE() B_SPLINE_SURFACE(1,3,(
    (#1010,#1011,#1012,#1013,#1014,#1015,#1016,#1017,#1018,#1019,#1020
      ,#1021,#1022,#1023,#1024,#1025,#1026,#1027,#1028,#1029,#1030,#1031
      )
    ,(#1032,#1033,#1034,#1035,#1036,#1037,#1038,#1039,#1040,#1041,#1042
      ,#1043,#1044,#1045,#1046,#1047,#1048,#1049,#1050,#1051,#1052,#1053
)),.UNSPECIFIED.,.F.,.F.,.F.) B_SPLINE_SURFACE_WITH_KNOTS((2,2),(4,1,1,1
    ,1,1,1,1,1,1,1,1,1,1,1,1,1,1,1,4),(31.,32.),(0.,5.24163189288E-02,
    0.104832637858,0.157248956786,0.209665275715,0.262081594644,
    0.314497913573,0.366914232502,0.41933055143,0.471746870359,
    0.524163189288,0.576579508217,0.628995827146,0.681412146074,
    0.733828465003,0.786244783932,0.838661102861,0.89107742179,
0.943493740718,1.),.UNSPECIFIED.) GEOMETRIC_REPRESENTATION_ITEM() 
RATIONAL_B_SPLINE_SURFACE((
    (1.,0.999999999991,1.000000000004,0.999999999999,1.,1.,1.,1.,1.,1.
      ,1.,1.,1.,1.,1.,1.,1.,0.999999999999,1.000000000003,0.99999999999
      ,1.000000000024,1.)
    ,(1.,0.999999999991,1.000000000004,0.999999999999,1.,1.,1.,1.,1.,1.
      ,1.,1.,1.,1.,1.,1.,1.,0.999999999999,1.000000000003,0.99999999999
,1.000000000024,1.))) REPRESENTATION_ITEM('') SURFACE() );
#1010 = CARTESIAN_POINT('',(16.60813119325,8.070014727134,4.469903552908
    ));
#1011 = CARTESIAN_POINT('',(16.847410118887,8.070014727374,
    3.537770733845));
#1012 = CARTESIAN_POINT('',(17.302428462269,8.070014727023,
    1.667519181346));
#1013 = CARTESIAN_POINT('',(17.913881926619,8.070014727164,
    -1.154247559422));
#1014 = CARTESIAN_POINT('',(18.453876658346,8.070014727126,
    -3.990544284294));
#1015 = CARTESIAN_POINT('',(18.922066729251,8.070014727137,
    -6.839577494189));
#1016 = CARTESIAN_POINT('',(19.318153845332,8.070014727134,
    -9.699525413961));
#1017 = CARTESIAN_POINT('',(19.641885234609,8.070014727135,
    -12.56856471106));
#1018 = CARTESIAN_POINT('',(19.893054358463,8.070014727134,
    -15.44486478197));
#1019 = CARTESIAN_POINT('',(20.07150114552,8.070014727134,
    -18.32659087055));
#1020 = CARTESIAN_POINT('',(20.177111135185,8.070014727134,
    -21.21190431301));
#1021 = CARTESIAN_POINT('',(20.209819282864,8.070014727134,
    -24.09896546246));
#1022 = CARTESIAN_POINT('',(20.169596031221,8.070014727134,
    -26.98592878148));
#1023 = CARTESIAN_POINT('',(20.056499477801,8.070014727134,
    -29.8709665921));
#1024 = CARTESIAN_POINT('',(19.870480713118,8.070014727134,
    -32.7521860321));
#1025 = CARTESIAN_POINT('',(19.612110202494,8.070014727135,
    -35.62794452859));
#1026 = CARTESIAN_POINT('',(19.279866644429,8.070014727134,
    -38.49567799133));
#1027 = CARTESIAN_POINT('',(18.8802547013,8.070014727137,-41.35627960054
    ));
#1028 = CARTESIAN_POINT('',(18.390044586682,8.070014727124,
    -44.1977634834));
#1029 = CARTESIAN_POINT('',(17.884376492691,8.070014727173,
    -47.13058524226));
#1030 = CARTESIAN_POINT('',(17.305904505622,8.070014727045,
    -49.01964306483));
#1031 = CARTESIAN_POINT('',(16.014485706113,8.070014727134,
    -49.57369177392));
#1032 = CARTESIAN_POINT('',(16.713708659975,8.03301398861,4.49700599879)
  );
#1033 = CARTESIAN_POINT('',(16.953215770436,8.033013988829,
    3.563984265257));
#1034 = CARTESIAN_POINT('',(17.408668034618,8.033013988508,1.6919491775)
  );
#1035 = CARTESIAN_POINT('',(18.020704602126,8.033013988637,
    -1.132508497315));
#1036 = CARTESIAN_POINT('',(18.561214291345,8.033013988603,
    -3.971510012084));
#1037 = CARTESIAN_POINT('',(19.029850844393,8.033013988612,
    -6.823260157943));
#1038 = CARTESIAN_POINT('',(19.426315682754,8.033013988609,
    -9.68593542229));
#1039 = CARTESIAN_POINT('',(19.750355793398,8.03301398861,
    -12.55771073382));
#1040 = CARTESIAN_POINT('',(20.001764440784,8.03301398861,
    -15.43675374329));
#1041 = CARTESIAN_POINT('',(20.180381400724,8.03301398861,
    -18.32122794484));
#1042 = CARTESIAN_POINT('',(20.286092104089,8.03301398861,-21.2092929214
    ));
#1043 = CARTESIAN_POINT('',(20.318831441939,8.03301398861,
    -24.09910727121));
#1044 = CARTESIAN_POINT('',(20.278569837406,8.03301398861,
    -26.98882369887));
#1045 = CARTESIAN_POINT('',(20.165365411133,8.03301398861,
    -29.87661277598));
#1046 = CARTESIAN_POINT('',(19.979169327559,8.03301398861,
    -32.76057986327));
#1047 = CARTESIAN_POINT('',(19.72055214606,8.03301398861,-35.63908071672
    ));
#1048 = CARTESIAN_POINT('',(19.387992793657,8.033013988609,
    -38.50954919167));
#1049 = CARTESIAN_POINT('',(18.987995868606,8.033013988615,
    -41.37287786169));
#1050 = CARTESIAN_POINT('',(18.49733282123,8.03301398859,-44.21707486673
    ));
#1051 = CARTESIAN_POINT('',(17.991126797038,8.033013988686,
    -47.15268050155));
#1052 = CARTESIAN_POINT('',(17.412250462005,8.033013988433,
    -49.04357407303));
#1053 = CARTESIAN_POINT('',(16.120650069932,8.03301398861,
    -49.59839545599));
#1054 = DEFINITIONAL_REPRESENTATION('',(#1055),#1059);
#1055 = LINE('',#1056,#1057);
#1056 = CARTESIAN_POINT('',(0.,0.));
#1057 = VECTOR('',#1058,1.);
#1058 = DIRECTION('',(1.,0.));
#1059 = ( GEOMETRIC_REPRESENTATION_CONTEXT(2) 
PARAMETRIC_REPRESENTATION_CONTEXT() REPRESENTATION_CONTEXT('2D SPACE',''
  ) );
#1060 = ORIENTED_EDGE('',*,*,#1061,.F.);
#1061 = EDGE_CURVE('',#1062,#996,#1064,.T.);
#1062 = VERTEX_POINT('',#1063);
#1063 = CARTESIAN_POINT('',(16.498779064639,8.092471478009,
    4.441832125928));
#1064 = SURFACE_CURVE('',#1065,(#1068,#1074),.PCURVE_S1.);
#1065 = B_SPLINE_CURVE_WITH_KNOTS('',1,(#1066,#1067),.UNSPECIFIED.,.F.,
  .F.,(2,2),(30.,31.),.PIECEWISE_BEZIER_KNOTS.);
#1066 = CARTESIAN_POINT('',(16.498779064639,8.092471478009,
    4.441832125928));
#1067 = CARTESIAN_POINT('',(16.60813119325,8.070014727134,4.469903552908
    ));
#1068 = PCURVE('',#101,#1069);
#1069 = DEFINITIONAL_REPRESENTATION('',(#1070),#1073);
#1070 = B_SPLINE_CURVE_WITH_KNOTS('',1,(#1071,#1072),.UNSPECIFIED.,.F.,
  .F.,(2,2),(30.,31.),.PIECEWISE_BEZIER_KNOTS.);
#1071 = CARTESIAN_POINT('',(16.94120233277,0.877638677593));
#1072 = CARTESIAN_POINT('',(17.053945203132,0.854417052183));
#1073 = ( GEOMETRIC_REPRESENTATION_CONTEXT(2) 
PARAMETRIC_REPRESENTATION_CONTEXT() REPRESENTATION_CONTEXT('2D SPACE',''
  ) );
#1074 = PCURVE('',#1075,#1120);
#1075 = ( BOUNDED_SURFACE() B_SPLINE_SURFACE(1,3,(
    (#1076,#1077,#1078,#1079,#1080,#1081,#1082,#1083,#1084,#1085,#1086
      ,#1087,#1088,#1089,#1090,#1091,#1092,#1093,#1094,#1095,#1096,#1097
      )
    ,(#1098,#1099,#1100,#1101,#1102,#1103,#1104,#1105,#1106,#1107,#1108
      ,#1109,#1110,#1111,#1112,#1113,#1114,#1115,#1116,#1117,#1118,#1119
)),.UNSPECIFIED.,.F.,.F.,.F.) B_SPLINE_SURFACE_WITH_KNOTS((2,2),(4,1,1,1
    ,1,1,1,1,1,1,1,1,1,1,1,1,1,1,1,4),(30.,31.),(0.,5.24163189288E-02,
    0.104832637858,0.157248956786,0.209665275715,0.262081594644,
    0.314497913573,0.366914232502,0.41933055143,0.471746870359,
    0.524163189288,0.576579508217,0.628995827146,0.681412146074,
    0.733828465003,0.786244783932,0.838661102861,0.89107742179,
0.943493740718,1.),.UNSPECIFIED.) GEOMETRIC_REPRESENTATION_ITEM() 
RATIONAL_B_SPLINE_SURFACE((
    (1.,0.999999999991,1.000000000004,0.999999999999,1.,1.,1.,1.,1.,1.
      ,1.,1.,1.,1.,1.,1.,1.,0.999999999999,1.000000000003,0.99999999999
      ,1.000000000024,1.)
    ,(1.,0.999999999991,1.000000000004,0.999999999999,1.,1.,1.,1.,1.,1.
      ,1.,1.,1.,1.,1.,1.,1.,0.999999999999,1.000000000003,0.99999999999
,1.000000000024,1.))) REPRESENTATION_ITEM('') SURFACE() );
#1076 = CARTESIAN_POINT('',(16.498779064639,8.092471478009,
    4.441832125928));
#1077 = CARTESIAN_POINT('',(16.737821647769,8.092471478294,
    3.510620001403));
#1078 = CARTESIAN_POINT('',(17.192390555848,8.092471477877,
    1.642215751351));
#1079 = CARTESIAN_POINT('',(17.80324006992,8.092471478044,
    -1.176763848177));
#1080 = CARTESIAN_POINT('',(18.342701433042,8.092471477999,
    -4.010259079924));
#1081 = CARTESIAN_POINT('',(18.810429058956,8.092471478012,
    -6.856478216549));
#1082 = CARTESIAN_POINT('',(19.206124948223,8.092471478008,
    -9.713601282258));
#1083 = CARTESIAN_POINT('',(19.529536578564,8.092471478009,
    -12.57980674548));
#1084 = CARTESIAN_POINT('',(19.780457615312,8.092471478009,
    -15.45326581083));
#1085 = CARTESIAN_POINT('',(19.958728145375,8.092471478009,
    -18.33214553444));
#1086 = CARTESIAN_POINT('',(20.064233820569,8.092471478009,
    -21.21460906848));
#1087 = CARTESIAN_POINT('',(20.096909662951,8.092471478009,
    -24.09881858369));
#1088 = CARTESIAN_POINT('',(20.056726135411,8.092471478009,
    -26.98293036345));
#1089 = CARTESIAN_POINT('',(19.943741311572,8.092471478009,
    -29.86511854284));
#1090 = CARTESIAN_POINT('',(19.757906205378,8.092471478009,
    -32.74349210021));
#1091 = CARTESIAN_POINT('',(19.499791184738,8.092471478009,
    -35.61641019352));
#1092 = CARTESIAN_POINT('',(19.167874711461,8.092471478007,
    -38.48131086046));
#1093 = CARTESIAN_POINT('',(18.768661514328,8.092471478015,
    -41.33908790941));
#1094 = CARTESIAN_POINT('',(18.278920525977,8.092471477987,
    -44.17776166956));
#1095 = CARTESIAN_POINT('',(17.773809594496,8.092471478093,
    -47.10770002008));
#1096 = CARTESIAN_POINT('',(17.195756412007,8.092471477813,
    -48.99485646571));
#1097 = CARTESIAN_POINT('',(15.90452569735,8.092471478009,
    -49.54810487264));
#1098 = CARTESIAN_POINT('',(16.60813119325,8.070014727134,4.469903552908
    ));
#1099 = CARTESIAN_POINT('',(16.847410118887,8.070014727374,
    3.537770733845));
#1100 = CARTESIAN_POINT('',(17.302428462269,8.070014727023,
    1.667519181346));
#1101 = CARTESIAN_POINT('',(17.913881926619,8.070014727164,
    -1.154247559422));
#1102 = CARTESIAN_POINT('',(18.453876658346,8.070014727126,
    -3.990544284294));
#1103 = CARTESIAN_POINT('',(18.922066729251,8.070014727137,
    -6.839577494189));
#1104 = CARTESIAN_POINT('',(19.318153845332,8.070014727134,
    -9.699525413961));
#1105 = CARTESIAN_POINT('',(19.641885234609,8.070014727135,
    -12.56856471106));
#1106 = CARTESIAN_POINT('',(19.893054358463,8.070014727134,
    -15.44486478197));
#1107 = CARTESIAN_POINT('',(20.07150114552,8.070014727134,
    -18.32659087055));
#1108 = CARTESIAN_POINT('',(20.177111135185,8.070014727134,
    -21.21190431301));
#1109 = CARTESIAN_POINT('',(20.209819282864,8.070014727134,
    -24.09896546246));
#1110 = CARTESIAN_POINT('',(20.169596031221,8.070014727134,
    -26.98592878148));
#1111 = CARTESIAN_POINT('',(20.056499477801,8.070014727134,
    -29.8709665921));
#1112 = CARTESIAN_POINT('',(19.870480713118,8.070014727134,
    -32.7521860321));
#1113 = CARTESIAN_POINT('',(19.612110202494,8.070014727135,
    -35.62794452859));
#1114 = CARTESIAN_POINT('',(19.279866644429,8.070014727134,
    -38.49567799133));
#1115 = CARTESIAN_POINT('',(18.8802547013,8.070014727137,-41.35627960054
    ));
#1116 = CARTESIAN_POINT('',(18.390044586682,8.070014727124,
    -44.1977634834));
#1117 = CARTESIAN_POINT('',(17.884376492691,8.070014727173,
    -47.13058524226));
#1118 = CARTESIAN_POINT('',(17.305904505622,8.070014727045,
    -49.01964306483));
#1119 = CARTESIAN_POINT('',(16.014485706113,8.070014727134,
    -49.57369177392));
#1120 = DEFINITIONAL_REPRESENTATION('',(#1121),#1125);
#1121 = LINE('',#1122,#1123);
#1122 = CARTESIAN_POINT('',(0.,0.));
#1123 = VECTOR('',#1124,1.);
#1124 = DIRECTION('',(1.,0.));
#1125 = ( GEOMETRIC_REPRESENTATION_CONTEXT(2) 
PARAMETRIC_REPRESENTATION_CONTEXT() REPRESENTATION_CONTEXT('2D SPACE',''
  ) );
#1126 = ORIENTED_EDGE('',*,*,#1127,.F.);
#1127 = EDGE_CURVE('',#1128,#1062,#1130,.T.);
#1128 = VERTEX_POINT('',#1129);
#1129 = CARTESIAN_POINT('',(16.387523319381,8.1,4.413272027751));
#1130 = SURFACE_CURVE('',#1131,(#1134,#1140),.PCURVE_S1.);
#1131 = B_SPLINE_CURVE_WITH_KNOTS('',1,(#1132,#1133),.UNSPECIFIED.,.F.,
  .F.,(2,2),(29.,30.),.PIECEWISE_BEZIER_KNOTS.);
#1132 = CARTESIAN_POINT('',(16.387523319381,8.1,4.413272027751));
#1133 = CARTESIAN_POINT('',(16.498779064639,8.092471478009,
    4.441832125928));
#1134 = PCURVE('',#101,#1135);
#1135 = DEFINITIONAL_REPRESENTATION('',(#1136),#1139);
#1136 = B_SPLINE_CURVE_WITH_KNOTS('',1,(#1137,#1138),.UNSPECIFIED.,.F.,
  .F.,(2,2),(29.,30.),.PIECEWISE_BEZIER_KNOTS.);
#1137 = CARTESIAN_POINT('',(16.826392962951,0.885945741211));
#1138 = CARTESIAN_POINT('',(16.94120233277,0.877638677593));
#1139 = ( GEOMETRIC_REPRESENTATION_CONTEXT(2) 
PARAMETRIC_REPRESENTATION_CONTEXT() REPRESENTATION_CONTEXT('2D SPACE',''
  ) );
#1140 = PCURVE('',#1141,#1186);
#1141 = ( BOUNDED_SURFACE() B_SPLINE_SURFACE(1,3,(
    (#1142,#1143,#1144,#1145,#1146,#1147,#1148,#1149,#1150,#1151,#1152
      ,#1153,#1154,#1155,#1156,#1157,#1158,#1159,#1160,#1161,#1162,#1163
      )
    ,(#1164,#1165,#1166,#1167,#1168,#1169,#1170,#1171,#1172,#1173,#1174
      ,#1175,#1176,#1177,#1178,#1179,#1180,#1181,#1182,#1183,#1184,#1185
)),.UNSPECIFIED.,.F.,.F.,.F.) B_SPLINE_SURFACE_WITH_KNOTS((2,2),(4,1,1,1
    ,1,1,1,1,1,1,1,1,1,1,1,1,1,1,1,4),(29.,30.),(0.,5.24163189288E-02,
    0.104832637858,0.157248956786,0.209665275715,0.262081594644,
    0.314497913573,0.366914232502,0.41933055143,0.471746870359,
    0.524163189288,0.576579508217,0.628995827146,0.681412146074,
    0.733828465003,0.786244783932,0.838661102861,0.89107742179,
0.943493740718,1.),.UNSPECIFIED.) GEOMETRIC_REPRESENTATION_ITEM() 
RATIONAL_B_SPLINE_SURFACE((
    (1.,0.999999999991,1.000000000004,0.999999999999,1.,1.,1.,1.,1.,1.
      ,1.,1.,1.,1.,1.,1.,1.,0.999999999999,1.000000000003,0.99999999999
      ,1.000000000024,1.)
    ,(1.,0.999999999991,1.000000000004,0.999999999999,1.,1.,1.,1.,1.,1.
      ,1.,1.,1.,1.,1.,1.,1.,0.999999999999,1.000000000003,0.99999999999
,1.000000000024,1.))) REPRESENTATION_ITEM('') SURFACE() );
#1142 = CARTESIAN_POINT('',(16.387523319381,8.1,4.413272027751));
#1143 = CARTESIAN_POINT('',(16.626325445224,8.100000000091,
    3.482996625534));
#1144 = CARTESIAN_POINT('',(17.080437094897,8.099999999958,
    1.616471835733));
#1145 = CARTESIAN_POINT('',(17.690672144751,8.100000000011,
    -1.199672103509));
#1146 = CARTESIAN_POINT('',(18.229590854392,8.099999999997,
    -4.03031707339));
#1147 = CARTESIAN_POINT('',(18.696847984991,8.100000000001,
    -6.873673148968));
#1148 = CARTESIAN_POINT('',(19.092145836921,8.1,-9.727922185175));
#1149 = CARTESIAN_POINT('',(19.415232141917,8.1,-12.59124448276));
#1150 = CARTESIAN_POINT('',(19.665900772826,8.1,-15.46181308593));
#1151 = CARTESIAN_POINT('',(19.843991977589,8.1,-18.33779689467));
#1152 = CARTESIAN_POINT('',(19.949391522392,8.1,-21.2173609087));
#1153 = CARTESIAN_POINT('',(19.9820344971,8.1,-24.09866914803));
#1154 = CARTESIAN_POINT('',(19.941891385186,8.1,-26.97987974856));
#1155 = CARTESIAN_POINT('',(19.829020235931,8.1,-29.85916868995));
#1156 = CARTESIAN_POINT('',(19.643371985379,8.1,-32.73464682317));
#1157 = CARTESIAN_POINT('',(19.385516902328,8.1,-35.60467506719));
#1158 = CARTESIAN_POINT('',(19.053933207777,8.1,-38.46669362461));
#1159 = CARTESIAN_POINT('',(18.655125698054,8.099999999999,
    -41.32159694306));
#1160 = CARTESIAN_POINT('',(18.165862002618,8.100000000003,
    -44.15741166115));
#1161 = CARTESIAN_POINT('',(17.661317932673,8.09999999999,
    -47.08441640996));
#1162 = CARTESIAN_POINT('',(17.083690845728,8.100000000024,
    -48.96963837555));
#1163 = CARTESIAN_POINT('',(15.79265148988,8.1,-49.52207255112));
#1164 = CARTESIAN_POINT('',(16.498779064639,8.092471478009,
    4.441832125928));
#1165 = CARTESIAN_POINT('',(16.737821647769,8.092471478294,
    3.510620001403));
#1166 = CARTESIAN_POINT('',(17.192390555848,8.092471477877,
    1.642215751351));
#1167 = CARTESIAN_POINT('',(17.80324006992,8.092471478044,
    -1.176763848177));
#1168 = CARTESIAN_POINT('',(18.342701433042,8.092471477999,
    -4.010259079924));
#1169 = CARTESIAN_POINT('',(18.810429058956,8.092471478012,
    -6.856478216549));
#1170 = CARTESIAN_POINT('',(19.206124948223,8.092471478008,
    -9.713601282258));
#1171 = CARTESIAN_POINT('',(19.529536578564,8.092471478009,
    -12.57980674548));
#1172 = CARTESIAN_POINT('',(19.780457615312,8.092471478009,
    -15.45326581083));
#1173 = CARTESIAN_POINT('',(19.958728145375,8.092471478009,
    -18.33214553444));
#1174 = CARTESIAN_POINT('',(20.064233820569,8.092471478009,
    -21.21460906848));
#1175 = CARTESIAN_POINT('',(20.096909662951,8.092471478009,
    -24.09881858369));
#1176 = CARTESIAN_POINT('',(20.056726135411,8.092471478009,
    -26.98293036345));
#1177 = CARTESIAN_POINT('',(19.943741311572,8.092471478009,
    -29.86511854284));
#1178 = CARTESIAN_POINT('',(19.757906205378,8.092471478009,
    -32.74349210021));
#1179 = CARTESIAN_POINT('',(19.499791184738,8.092471478009,
    -35.61641019352));
#1180 = CARTESIAN_POINT('',(19.167874711461,8.092471478007,
    -38.48131086046));
#1181 = CARTESIAN_POINT('',(18.768661514328,8.092471478015,
    -41.33908790941));
#1182 = CARTESIAN_POINT('',(18.278920525977,8.092471477987,
    -44.17776166956));
#1183 = CARTESIAN_POINT('',(17.773809594496,8.092471478093,
    -47.10770002008));
#1184 = CARTESIAN_POINT('',(17.195756412007,8.092471477813,
    -48.99485646571));
#1185 = CARTESIAN_POINT('',(15.90452569735,8.092471478009,
    -49.54810487264));
#1186 = DEFINITIONAL_REPRESENTATION('',(#1187),#1191);
#1187 = LINE('',#1188,#1189);
#1188 = CARTESIAN_POINT('',(0.,0.));
#1189 = VECTOR('',#1190,1.);
#1190 = DIRECTION('',(1.,0.));
#1191 = ( GEOMETRIC_REPRESENTATION_CONTEXT(2) 
PARAMETRIC_REPRESENTATION_CONTEXT() REPRESENTATION_CONTEXT('2D SPACE',''
  ) );
#1192 = ORIENTED_EDGE('',*,*,#1193,.F.);
#1193 = EDGE_CURVE('',#1194,#1128,#1196,.T.);
#1194 = VERTEX_POINT('',#1195);
#1195 = CARTESIAN_POINT('',(0.948123159942,8.1,0.449874152603));
#1196 = SURFACE_CURVE('',#1197,(#1201,#1208),.PCURVE_S1.);
#1197 = LINE('',#1198,#1199);
#1198 = CARTESIAN_POINT('',(0.948123159942,8.1,0.449874152603));
#1199 = VECTOR('',#1200,1.);
#1200 = DIRECTION('',(0.968594740241,0.,0.248644785141));
#1201 = PCURVE('',#101,#1202);
#1202 = DEFINITIONAL_REPRESENTATION('',(#1203),#1207);
#1203 = LINE('',#1204,#1205);
#1204 = CARTESIAN_POINT('',(0.886759281836,0.994011054303));
#1205 = VECTOR('',#1206,1.);
#1206 = DIRECTION('',(0.99997701889,-6.779505212817E-03));
#1207 = ( GEOMETRIC_REPRESENTATION_CONTEXT(2) 
PARAMETRIC_REPRESENTATION_CONTEXT() REPRESENTATION_CONTEXT('2D SPACE',''
  ) );
#1208 = PCURVE('',#1209,#1214);
#1209 = PLANE('',#1210);
#1210 = AXIS2_PLACEMENT_3D('',#1211,#1212,#1213);
#1211 = CARTESIAN_POINT('',(3.569846665829,8.100000000001,
    -22.94208593691));
#1212 = DIRECTION('',(2.861645822047E-12,1.,-4.964768126556E-14));
#1213 = DIRECTION('',(0.999905548055,-2.860693180939E-12,
    1.374390660925E-02));
#1214 = DEFINITIONAL_REPRESENTATION('',(#1215),#1219);
#1215 = LINE('',#1216,#1217);
#1216 = CARTESIAN_POINT('',(-2.299978964125,-23.4257833964));
#1217 = VECTOR('',#1218,1.);
#1218 = DIRECTION('',(0.97192060529,-0.235309024505));
#1219 = ( GEOMETRIC_REPRESENTATION_CONTEXT(2) 
PARAMETRIC_REPRESENTATION_CONTEXT() REPRESENTATION_CONTEXT('2D SPACE',''
  ) );
#1220 = ORIENTED_EDGE('',*,*,#1221,.F.);
#1221 = EDGE_CURVE('',#1222,#1194,#1224,.T.);
#1222 = VERTEX_POINT('',#1223);
#1223 = CARTESIAN_POINT('',(0.836867414684,8.092471478009,0.421314054426
    ));
#1224 = SURFACE_CURVE('',#1225,(#1228,#1234),.PCURVE_S1.);
#1225 = B_SPLINE_CURVE_WITH_KNOTS('',1,(#1226,#1227),.UNSPECIFIED.,.F.,
  .F.,(2,2),(12.,13.),.PIECEWISE_BEZIER_KNOTS.);
#1226 = CARTESIAN_POINT('',(0.836867414684,8.092471478009,0.421314054426
    ));
#1227 = CARTESIAN_POINT('',(0.948123159942,8.1,0.449874152603));
#1228 = PCURVE('',#101,#1229);
#1229 = DEFINITIONAL_REPRESENTATION('',(#1230),#1233);
#1230 = B_SPLINE_CURVE_WITH_KNOTS('',1,(#1231,#1232),.UNSPECIFIED.,.F.,
  .F.,(2,2),(12.,13.),.PIECEWISE_BEZIER_KNOTS.);
#1231 = CARTESIAN_POINT('',(0.771847832709,0.987261419966));
#1232 = CARTESIAN_POINT('',(0.886759281836,0.994011054303));
#1233 = ( GEOMETRIC_REPRESENTATION_CONTEXT(2) 
PARAMETRIC_REPRESENTATION_CONTEXT() REPRESENTATION_CONTEXT('2D SPACE',''
  ) );
#1234 = PCURVE('',#1235,#1280);
#1235 = ( BOUNDED_SURFACE() B_SPLINE_SURFACE(1,3,(
    (#1236,#1237,#1238,#1239,#1240,#1241,#1242,#1243,#1244,#1245,#1246
      ,#1247,#1248,#1249,#1250,#1251,#1252,#1253,#1254,#1255,#1256,#1257
      )
    ,(#1258,#1259,#1260,#1261,#1262,#1263,#1264,#1265,#1266,#1267,#1268
      ,#1269,#1270,#1271,#1272,#1273,#1274,#1275,#1276,#1277,#1278,#1279
)),.UNSPECIFIED.,.F.,.F.,.F.) B_SPLINE_SURFACE_WITH_KNOTS((2,2),(4,1,1,1
    ,1,1,1,1,1,1,1,1,1,1,1,1,1,1,1,4),(12.,13.),(0.,5.24163189288E-02,
    0.104832637858,0.157248956786,0.209665275715,0.262081594644,
    0.314497913573,0.366914232502,0.41933055143,0.471746870359,
    0.524163189288,0.576579508217,0.628995827146,0.681412146074,
    0.733828465003,0.786244783932,0.838661102861,0.89107742179,
0.943493740718,1.),.UNSPECIFIED.) GEOMETRIC_REPRESENTATION_ITEM() 
RATIONAL_B_SPLINE_SURFACE((
    (1.,0.999999999991,1.000000000004,0.999999999999,1.,1.,1.,1.,1.,1.
      ,1.,1.,1.,1.,1.,1.,1.,0.999999999999,1.000000000003,0.99999999999
      ,1.000000000024,1.)
    ,(1.,0.999999999991,1.000000000004,0.999999999999,1.,1.,1.,1.,1.,1.
      ,1.,1.,1.,1.,1.,1.,1.,0.999999999999,1.000000000003,0.99999999999
,1.000000000024,1.))) REPRESENTATION_ITEM('') SURFACE() );
#1236 = CARTESIAN_POINT('',(0.836867414684,8.092471478009,0.421314054426
    ));
#1237 = CARTESIAN_POINT('',(1.042059903982,8.092471478294,
    -0.378031952947));
#1238 = CARTESIAN_POINT('',(1.432258692042,8.092471477877,
    -1.981857158463));
#1239 = CARTESIAN_POINT('',(1.956607663535,8.092471478044,
    -4.401649629022));
#1240 = CARTESIAN_POINT('',(2.419677543801,8.092471477999,-6.83390221724
    ));
#1241 = CARTESIAN_POINT('',(2.82117168183,8.092471478012,-9.277076916578
    ));
#1242 = CARTESIAN_POINT('',(3.160834283354,8.092471478008,
    -11.72961147389));
#1243 = CARTESIAN_POINT('',(3.43844856167,8.092471478009,-14.18994229377
    ));
#1244 = CARTESIAN_POINT('',(3.653837487502,8.092471478009,
    -16.65649957117));
#1245 = CARTESIAN_POINT('',(3.806863468037,8.092471478009,
    -19.12770984436));
#1246 = CARTESIAN_POINT('',(3.897429558733,8.092471478009,
    -21.60199665773));
#1247 = CARTESIAN_POINT('',(3.925475462929,8.092471478009,
    -24.07778137969));
#1248 = CARTESIAN_POINT('',(3.890992695221,8.092471478009,-26.553485302)
  );
#1249 = CARTESIAN_POINT('',(3.793968149472,8.092471478009,-29.0275264655
    ));
#1250 = CARTESIAN_POINT('',(3.634594731867,8.092471478009,
    -31.49833630279));
#1251 = CARTESIAN_POINT('',(3.412485176481,8.092471478009,
    -33.96430228617));
#1252 = CARTESIAN_POINT('',(3.129605913121,8.092471478007,-36.4239867339
    ));
#1253 = CARTESIAN_POINT('',(2.779327391064,8.092471478015,
    -38.87531496963));
#1254 = CARTESIAN_POINT('',(2.387288374722,8.092471477987,
    -41.31860989941));
#1255 = CARTESIAN_POINT('',(1.84514439625,8.092471478093,-43.8083873984)
  );
#1256 = CARTESIAN_POINT('',(1.636003413084,8.092471477813,
    -45.49510518147));
#1257 = CARTESIAN_POINT('',(2.573705642441,8.092471478009,
    -46.44611915427));
#1258 = CARTESIAN_POINT('',(0.948123159942,8.1,0.449874152603));
#1259 = CARTESIAN_POINT('',(1.15355610642,8.100000000091,-0.350408577182
    ));
#1260 = CARTESIAN_POINT('',(1.544212153042,8.099999999958,
    -1.956113242797));
#1261 = CARTESIAN_POINT('',(2.069175588691,8.100000000011,
    -4.378741373703));
#1262 = CARTESIAN_POINT('',(2.532788122453,8.099999999997,-6.81384422377
    ));
#1263 = CARTESIAN_POINT('',(2.934752755794,8.100000000001,-9.25988198416
    ));
#1264 = CARTESIAN_POINT('',(3.274813394657,8.1,-11.71529057098));
#1265 = CARTESIAN_POINT('',(3.552752998317,8.1,-14.17850455649));
#1266 = CARTESIAN_POINT('',(3.768394329988,8.1,-16.64795229607));
#1267 = CARTESIAN_POINT('',(3.921599635823,8.1,-19.12205848413));
#1268 = CARTESIAN_POINT('',(4.01227185691,8.1,-21.59924481751));
#1269 = CARTESIAN_POINT('',(4.04035062878,8.1,-24.07793081534));
#1270 = CARTESIAN_POINT('',(4.005827445446,8.1,-26.5565359169));
#1271 = CARTESIAN_POINT('',(3.908689225112,8.1,-29.03347631839));
#1272 = CARTESIAN_POINT('',(3.749128951866,8.1,-31.50718157983));
#1273 = CARTESIAN_POINT('',(3.526759458891,8.1,-33.9760374125));
#1274 = CARTESIAN_POINT('',(3.243547416807,8.1,-36.43860396974));
#1275 = CARTESIAN_POINT('',(2.892863207333,8.099999999999,
    -38.89280593598));
#1276 = CARTESIAN_POINT('',(2.500346898098,8.100000000003,
    -41.33895990779));
#1277 = CARTESIAN_POINT('',(1.957636058005,8.09999999999,-43.83167100861
    ));
#1278 = CARTESIAN_POINT('',(1.748068979521,8.100000000024,
    -45.52032327142));
#1279 = CARTESIAN_POINT('',(2.685579849911,8.1,-46.47215147579));
#1280 = DEFINITIONAL_REPRESENTATION('',(#1281),#1285);
#1281 = LINE('',#1282,#1283);
#1282 = CARTESIAN_POINT('',(0.,0.));
#1283 = VECTOR('',#1284,1.);
#1284 = DIRECTION('',(1.,0.));
#1285 = ( GEOMETRIC_REPRESENTATION_CONTEXT(2) 
PARAMETRIC_REPRESENTATION_CONTEXT() REPRESENTATION_CONTEXT('2D SPACE',''
  ) );
#1286 = ORIENTED_EDGE('',*,*,#1287,.F.);
#1287 = EDGE_CURVE('',#1288,#1222,#1290,.T.);
#1288 = VERTEX_POINT('',#1289);
#1289 = CARTESIAN_POINT('',(0.727515286073,8.070014727134,0.393242627447
    ));
#1290 = SURFACE_CURVE('',#1291,(#1294,#1300),.PCURVE_S1.);
#1291 = B_SPLINE_CURVE_WITH_KNOTS('',1,(#1292,#1293),.UNSPECIFIED.,.F.,
  .F.,(2,2),(11.,12.),.PIECEWISE_BEZIER_KNOTS.);
#1292 = CARTESIAN_POINT('',(0.727515286073,8.070014727134,0.393242627447
    ));
#1293 = CARTESIAN_POINT('',(0.836867414684,8.092471478009,0.421314054426
    ));
#1294 = PCURVE('',#101,#1295);
#1295 = DEFINITIONAL_REPRESENTATION('',(#1296),#1299);
#1296 = B_SPLINE_CURVE_WITH_KNOTS('',1,(#1297,#1298),.UNSPECIFIED.,.F.,
  .F.,(2,2),(11.,12.),.PIECEWISE_BEZIER_KNOTS.);
#1297 = CARTESIAN_POINT('',(0.658800471027,0.96557057579));
#1298 = CARTESIAN_POINT('',(0.771847832709,0.987261419966));
#1299 = ( GEOMETRIC_REPRESENTATION_CONTEXT(2) 
PARAMETRIC_REPRESENTATION_CONTEXT() REPRESENTATION_CONTEXT('2D SPACE',''
  ) );
#1300 = PCURVE('',#1301,#1346);
#1301 = ( BOUNDED_SURFACE() B_SPLINE_SURFACE(1,3,(
    (#1302,#1303,#1304,#1305,#1306,#1307,#1308,#1309,#1310,#1311,#1312
      ,#1313,#1314,#1315,#1316,#1317,#1318,#1319,#1320,#1321,#1322,#1323
      )
    ,(#1324,#1325,#1326,#1327,#1328,#1329,#1330,#1331,#1332,#1333,#1334
      ,#1335,#1336,#1337,#1338,#1339,#1340,#1341,#1342,#1343,#1344,#1345
)),.UNSPECIFIED.,.F.,.F.,.F.) B_SPLINE_SURFACE_WITH_KNOTS((2,2),(4,1,1,1
    ,1,1,1,1,1,1,1,1,1,1,1,1,1,1,1,4),(11.,12.),(0.,5.24163189288E-02,
    0.104832637858,0.157248956786,0.209665275715,0.262081594644,
    0.314497913573,0.366914232502,0.41933055143,0.471746870359,
    0.524163189288,0.576579508217,0.628995827146,0.681412146074,
    0.733828465003,0.786244783932,0.838661102861,0.89107742179,
0.943493740718,1.),.UNSPECIFIED.) GEOMETRIC_REPRESENTATION_ITEM() 
RATIONAL_B_SPLINE_SURFACE((
    (1.,0.999999999991,1.000000000004,0.999999999999,1.,1.,1.,1.,1.,1.
      ,1.,1.,1.,1.,1.,1.,1.,0.999999999999,1.000000000003,0.99999999999
      ,1.000000000024,1.)
    ,(1.,0.999999999991,1.000000000004,0.999999999999,1.,1.,1.,1.,1.,1.
      ,1.,1.,1.,1.,1.,1.,1.,0.999999999999,1.000000000003,0.99999999999
,1.000000000024,1.))) REPRESENTATION_ITEM('') SURFACE() );
#1302 = CARTESIAN_POINT('',(0.727515286073,8.070014727134,0.393242627447
    ));
#1303 = CARTESIAN_POINT('',(0.932471432582,8.070014727374,
    -0.405182684893));
#1304 = CARTESIAN_POINT('',(1.322220785751,8.070014727023,
    -2.007160588688));
#1305 = CARTESIAN_POINT('',(1.845965806801,8.070014727164,
    -4.424165917716));
#1306 = CARTESIAN_POINT('',(2.308502318506,8.070014727126,
    -6.853617012887));
#1307 = CARTESIAN_POINT('',(2.709534011533,8.070014727137,
    -9.293977638933));
#1308 = CARTESIAN_POINT('',(3.048805386246,8.070014727134,
    -11.74368734219));
#1309 = CARTESIAN_POINT('',(3.326099905625,8.070014727135,
    -14.20118432819));
#1310 = CARTESIAN_POINT('',(3.541240744351,8.070014727134,
    -16.66490060003));
#1311 = CARTESIAN_POINT('',(3.694090467892,8.070014727134,
    -19.13326450825));
#1312 = CARTESIAN_POINT('',(3.784552244118,8.070014727134,-21.6047014132
    ));
#1313 = CARTESIAN_POINT('',(3.812565843016,8.070014727134,
    -24.07763450092));
#1314 = CARTESIAN_POINT('',(3.778122799411,8.070014727134,
    -26.55048688398));
#1315 = CARTESIAN_POINT('',(3.681209983242,8.070014727134,
    -29.02167841624));
#1316 = CARTESIAN_POINT('',(3.522020224127,8.070014727134,-31.4896423709
    ));
#1317 = CARTESIAN_POINT('',(3.300166158725,8.070014727135,-33.9527679511
    ));
#1318 = CARTESIAN_POINT('',(3.017613980153,8.070014727134,
    -36.40961960303));
#1319 = CARTESIAN_POINT('',(2.667734204094,8.070014727137,
    -38.85812327851));
#1320 = CARTESIAN_POINT('',(2.276164314009,8.070014727124,
    -41.29860808551));
#1321 = CARTESIAN_POINT('',(1.734577498082,8.070014727173,
    -43.78550217642));
#1322 = CARTESIAN_POINT('',(1.525855319406,8.070014727045,
    -45.47031858188));
#1323 = CARTESIAN_POINT('',(2.463745633678,8.070014727134,
    -46.42053225298));
#1324 = CARTESIAN_POINT('',(0.836867414684,8.092471478009,0.421314054426
    ));
#1325 = CARTESIAN_POINT('',(1.042059903982,8.092471478294,
    -0.378031952947));
#1326 = CARTESIAN_POINT('',(1.432258692042,8.092471477877,
    -1.981857158463));
#1327 = CARTESIAN_POINT('',(1.956607663535,8.092471478044,
    -4.401649629022));
#1328 = CARTESIAN_POINT('',(2.419677543801,8.092471477999,-6.83390221724
    ));
#1329 = CARTESIAN_POINT('',(2.82117168183,8.092471478012,-9.277076916578
    ));
#1330 = CARTESIAN_POINT('',(3.160834283354,8.092471478008,
    -11.72961147389));
#1331 = CARTESIAN_POINT('',(3.43844856167,8.092471478009,-14.18994229377
    ));
#1332 = CARTESIAN_POINT('',(3.653837487502,8.092471478009,
    -16.65649957117));
#1333 = CARTESIAN_POINT('',(3.806863468037,8.092471478009,
    -19.12770984436));
#1334 = CARTESIAN_POINT('',(3.897429558733,8.092471478009,
    -21.60199665773));
#1335 = CARTESIAN_POINT('',(3.925475462929,8.092471478009,
    -24.07778137969));
#1336 = CARTESIAN_POINT('',(3.890992695221,8.092471478009,-26.553485302)
  );
#1337 = CARTESIAN_POINT('',(3.793968149472,8.092471478009,-29.0275264655
    ));
#1338 = CARTESIAN_POINT('',(3.634594731867,8.092471478009,
    -31.49833630279));
#1339 = CARTESIAN_POINT('',(3.412485176481,8.092471478009,
    -33.96430228617));
#1340 = CARTESIAN_POINT('',(3.129605913121,8.092471478007,-36.4239867339
    ));
#1341 = CARTESIAN_POINT('',(2.779327391064,8.092471478015,
    -38.87531496963));
#1342 = CARTESIAN_POINT('',(2.387288374722,8.092471477987,
    -41.31860989941));
#1343 = CARTESIAN_POINT('',(1.84514439625,8.092471478093,-43.8083873984)
  );
#1344 = CARTESIAN_POINT('',(1.636003413084,8.092471477813,
    -45.49510518147));
#1345 = CARTESIAN_POINT('',(2.573705642441,8.092471478009,
    -46.44611915427));
#1346 = DEFINITIONAL_REPRESENTATION('',(#1347),#1351);
#1347 = LINE('',#1348,#1349);
#1348 = CARTESIAN_POINT('',(0.,0.));
#1349 = VECTOR('',#1350,1.);
#1350 = DIRECTION('',(1.,0.));
#1351 = ( GEOMETRIC_REPRESENTATION_CONTEXT(2) 
PARAMETRIC_REPRESENTATION_CONTEXT() REPRESENTATION_CONTEXT('2D SPACE',''
  ) );
#1352 = ORIENTED_EDGE('',*,*,#1353,.F.);
#1353 = EDGE_CURVE('',#1354,#1288,#1356,.T.);
#1354 = VERTEX_POINT('',#1355);
#1355 = CARTESIAN_POINT('',(0.621937819348,8.03301398861,0.366140181564)
  );
#1356 = SURFACE_CURVE('',#1357,(#1360,#1366),.PCURVE_S1.);
#1357 = B_SPLINE_CURVE_WITH_KNOTS('',1,(#1358,#1359),.UNSPECIFIED.,.F.,
  .F.,(2,2),(10.,11.),.PIECEWISE_BEZIER_KNOTS.);
#1358 = CARTESIAN_POINT('',(0.621937819348,8.03301398861,0.366140181564)
  );
#1359 = CARTESIAN_POINT('',(0.727515286073,8.070014727134,0.393242627447
    ));
#1360 = PCURVE('',#101,#1361);
#1361 = DEFINITIONAL_REPRESENTATION('',(#1362),#1365);
#1362 = B_SPLINE_CURVE_WITH_KNOTS('',1,(#1363,#1364),.UNSPECIFIED.,.F.,
  .F.,(2,2),(10.,11.),.PIECEWISE_BEZIER_KNOTS.);
#1363 = CARTESIAN_POINT('',(0.549551468493,0.929309658132));
#1364 = CARTESIAN_POINT('',(0.658800471027,0.96557057579));
#1365 = ( GEOMETRIC_REPRESENTATION_CONTEXT(2) 
PARAMETRIC_REPRESENTATION_CONTEXT() REPRESENTATION_CONTEXT('2D SPACE',''
  ) );
#1366 = PCURVE('',#1367,#1412);
#1367 = ( BOUNDED_SURFACE() B_SPLINE_SURFACE(1,3,(
    (#1368,#1369,#1370,#1371,#1372,#1373,#1374,#1375,#1376,#1377,#1378
      ,#1379,#1380,#1381,#1382,#1383,#1384,#1385,#1386,#1387,#1388,#1389
      )
    ,(#1390,#1391,#1392,#1393,#1394,#1395,#1396,#1397,#1398,#1399,#1400
      ,#1401,#1402,#1403,#1404,#1405,#1406,#1407,#1408,#1409,#1410,#1411
)),.UNSPECIFIED.,.F.,.F.,.F.) B_SPLINE_SURFACE_WITH_KNOTS((2,2),(4,1,1,1
    ,1,1,1,1,1,1,1,1,1,1,1,1,1,1,1,4),(10.,11.),(0.,5.24163189288E-02,
    0.104832637858,0.157248956786,0.209665275715,0.262081594644,
    0.314497913573,0.366914232502,0.41933055143,0.471746870359,
    0.524163189288,0.576579508217,0.628995827146,0.681412146074,
    0.733828465003,0.786244783932,0.838661102861,0.89107742179,
0.943493740718,1.),.UNSPECIFIED.) GEOMETRIC_REPRESENTATION_ITEM() 
RATIONAL_B_SPLINE_SURFACE((
    (1.,0.999999999991,1.000000000004,0.999999999999,1.,1.,1.,1.,1.,1.
      ,1.,1.,1.,1.,1.,1.,1.,0.999999999999,1.000000000003,0.99999999999
      ,1.000000000024,1.)
    ,(1.,0.999999999991,1.000000000004,0.999999999999,1.,1.,1.,1.,1.,1.
      ,1.,1.,1.,1.,1.,1.,1.,0.999999999999,1.000000000003,0.99999999999
,1.000000000024,1.))) REPRESENTATION_ITEM('') SURFACE() );
#1368 = CARTESIAN_POINT('',(0.621937819348,8.03301398861,0.366140181564)
  );
#1369 = CARTESIAN_POINT('',(0.826665781295,8.033013988829,
    -0.431396217136));
#1370 = CARTESIAN_POINT('',(1.215981213281,8.033013988508,
    -2.031590584457));
#1371 = CARTESIAN_POINT('',(1.739143131327,8.033013988637,
    -4.445904979925));
#1372 = CARTESIAN_POINT('',(2.201164685498,8.033013988603,
    -6.872651285069));
#1373 = CARTESIAN_POINT('',(2.601749896393,8.033013988612,
    -9.310294975187));
#1374 = CARTESIAN_POINT('',(2.940643548823,8.033013988609,
    -11.75727733386));
#1375 = CARTESIAN_POINT('',(3.217629346836,8.03301398861,-14.21203830543
    ));
#1376 = CARTESIAN_POINT('',(3.43253066203,8.03301398861,-16.67301163871)
  );
#1377 = CARTESIAN_POINT('',(3.585210212688,8.03301398861,-19.13862743396
    ));
#1378 = CARTESIAN_POINT('',(3.675571275213,8.03301398861,-21.60731280481
    ));
#1379 = CARTESIAN_POINT('',(3.703553683941,8.03301398861,-24.07749269217
    ));
#1380 = CARTESIAN_POINT('',(3.669148993226,8.03301398861,-26.54759196658
    ));
#1381 = CARTESIAN_POINT('',(3.57234404991,8.03301398861,-29.01603223236)
  );
#1382 = CARTESIAN_POINT('',(3.413331609685,8.03301398861,-31.48124853973
    ));
#1383 = CARTESIAN_POINT('',(3.191724215159,8.03301398861,-33.94163176297
    ));
#1384 = CARTESIAN_POINT('',(2.909487830926,8.033013988609,
    -36.39574840269));
#1385 = CARTESIAN_POINT('',(2.559993036786,8.033013988615,
    -38.84152501735));
#1386 = CARTESIAN_POINT('',(2.168876079468,8.03301398859,-41.27929670219
    ));
#1387 = CARTESIAN_POINT('',(1.627827193707,8.033013988686,
    -43.76340691709));
#1388 = CARTESIAN_POINT('',(1.419509363086,8.033013988433,
    -45.44638757375));
#1389 = CARTESIAN_POINT('',(2.357581269859,8.03301398861,-46.39582857091
    ));
#1390 = CARTESIAN_POINT('',(0.727515286073,8.070014727134,0.393242627447
    ));
#1391 = CARTESIAN_POINT('',(0.932471432582,8.070014727374,
    -0.405182684893));
#1392 = CARTESIAN_POINT('',(1.322220785751,8.070014727023,
    -2.007160588688));
#1393 = CARTESIAN_POINT('',(1.845965806801,8.070014727164,
    -4.424165917716));
#1394 = CARTESIAN_POINT('',(2.308502318506,8.070014727126,
    -6.853617012887));
#1395 = CARTESIAN_POINT('',(2.709534011533,8.070014727137,
    -9.293977638933));
#1396 = CARTESIAN_POINT('',(3.048805386246,8.070014727134,
    -11.74368734219));
#1397 = CARTESIAN_POINT('',(3.326099905625,8.070014727135,
    -14.20118432819));
#1398 = CARTESIAN_POINT('',(3.541240744351,8.070014727134,
    -16.66490060003));
#1399 = CARTESIAN_POINT('',(3.694090467892,8.070014727134,
    -19.13326450825));
#1400 = CARTESIAN_POINT('',(3.784552244118,8.070014727134,-21.6047014132
    ));
#1401 = CARTESIAN_POINT('',(3.812565843016,8.070014727134,
    -24.07763450092));
#1402 = CARTESIAN_POINT('',(3.778122799411,8.070014727134,
    -26.55048688398));
#1403 = CARTESIAN_POINT('',(3.681209983242,8.070014727134,
    -29.02167841624));
#1404 = CARTESIAN_POINT('',(3.522020224127,8.070014727134,-31.4896423709
    ));
#1405 = CARTESIAN_POINT('',(3.300166158725,8.070014727135,-33.9527679511
    ));
#1406 = CARTESIAN_POINT('',(3.017613980153,8.070014727134,
    -36.40961960303));
#1407 = CARTESIAN_POINT('',(2.667734204094,8.070014727137,
    -38.85812327851));
#1408 = CARTESIAN_POINT('',(2.276164314009,8.070014727124,
    -41.29860808551));
#1409 = CARTESIAN_POINT('',(1.734577498082,8.070014727173,
    -43.78550217642));
#1410 = CARTESIAN_POINT('',(1.525855319406,8.070014727045,
    -45.47031858188));
#1411 = CARTESIAN_POINT('',(2.463745633678,8.070014727134,
    -46.42053225298));
#1412 = DEFINITIONAL_REPRESENTATION('',(#1413),#1417);
#1413 = LINE('',#1414,#1415);
#1414 = CARTESIAN_POINT('',(0.,0.));
#1415 = VECTOR('',#1416,1.);
#1416 = DIRECTION('',(1.,0.));
#1417 = ( GEOMETRIC_REPRESENTATION_CONTEXT(2) 
PARAMETRIC_REPRESENTATION_CONTEXT() REPRESENTATION_CONTEXT('2D SPACE',''
  ) );
#1418 = ORIENTED_EDGE('',*,*,#1419,.F.);
#1419 = EDGE_CURVE('',#1420,#1354,#1422,.T.);
#1420 = VERTEX_POINT('',#1421);
#1421 = CARTESIAN_POINT('',(0.521941474236,7.98210235533,0.340470447141)
  );
#1422 = SURFACE_CURVE('',#1423,(#1426,#1432),.PCURVE_S1.);
#1423 = B_SPLINE_CURVE_WITH_KNOTS('',1,(#1424,#1425),.UNSPECIFIED.,.F.,
  .F.,(2,2),(9.,10.),.PIECEWISE_BEZIER_KNOTS.);
#1424 = CARTESIAN_POINT('',(0.521941474236,7.98210235533,0.340470447141)
  );
#1425 = CARTESIAN_POINT('',(0.621937819348,8.03301398861,0.366140181564)
  );
#1426 = PCURVE('',#101,#1427);
#1427 = DEFINITIONAL_REPRESENTATION('',(#1428),#1431);
#1428 = B_SPLINE_CURVE_WITH_KNOTS('',1,(#1429,#1430),.UNSPECIFIED.,.F.,
  .F.,(2,2),(9.,10.),.PIECEWISE_BEZIER_KNOTS.);
#1429 = CARTESIAN_POINT('',(0.445970105828,0.879099101346));
#1430 = CARTESIAN_POINT('',(0.549551468493,0.929309658132));
#1431 = ( GEOMETRIC_REPRESENTATION_CONTEXT(2) 
PARAMETRIC_REPRESENTATION_CONTEXT() REPRESENTATION_CONTEXT('2D SPACE',''
  ) );
#1432 = PCURVE('',#1433,#1478);
#1433 = ( BOUNDED_SURFACE() B_SPLINE_SURFACE(1,3,(
    (#1434,#1435,#1436,#1437,#1438,#1439,#1440,#1441,#1442,#1443,#1444
      ,#1445,#1446,#1447,#1448,#1449,#1450,#1451,#1452,#1453,#1454,#1455
      )
    ,(#1456,#1457,#1458,#1459,#1460,#1461,#1462,#1463,#1464,#1465,#1466
      ,#1467,#1468,#1469,#1470,#1471,#1472,#1473,#1474,#1475,#1476,#1477
)),.UNSPECIFIED.,.F.,.F.,.F.) B_SPLINE_SURFACE_WITH_KNOTS((2,2),(4,1,1,1
    ,1,1,1,1,1,1,1,1,1,1,1,1,1,1,1,4),(9.,10.),(0.,5.24163189288E-02,
    0.104832637858,0.157248956786,0.209665275715,0.262081594644,
    0.314497913573,0.366914232502,0.41933055143,0.471746870359,
    0.524163189288,0.576579508217,0.628995827146,0.681412146074,
    0.733828465003,0.786244783932,0.838661102861,0.89107742179,
0.943493740718,1.),.UNSPECIFIED.) GEOMETRIC_REPRESENTATION_ITEM() 
RATIONAL_B_SPLINE_SURFACE((
    (1.,0.999999999991,1.000000000004,0.999999999999,1.,1.,1.,1.,1.,1.
      ,1.,1.,1.,1.,1.,1.,1.,0.999999999999,1.000000000003,0.99999999999
      ,1.000000000024,1.)
    ,(1.,0.999999999991,1.000000000004,0.999999999999,1.,1.,1.,1.,1.,1.
      ,1.,1.,1.,1.,1.,1.,1.,0.999999999999,1.000000000003,0.99999999999
,1.000000000024,1.))) REPRESENTATION_ITEM('') SURFACE() );
#1434 = CARTESIAN_POINT('',(0.521941474236,7.98210235533,0.340470447141)
  );
#1435 = CARTESIAN_POINT('',(0.726453314076,7.98210235554,-0.456224028326
    ));
#1436 = CARTESIAN_POINT('',(1.115357763205,7.982102355233,
    -2.054729142019));
#1437 = CARTESIAN_POINT('',(1.637967402697,7.982102355356,
    -4.466494854201));
#1438 = CARTESIAN_POINT('',(2.099501221442,7.982102355323,
    -6.890679352131));
#1439 = CARTESIAN_POINT('',(2.499663552503,7.982102355332,
    -9.325749731186));
#1440 = CARTESIAN_POINT('',(2.838199450112,7.98210235533,-11.77014892037
    ));
#1441 = CARTESIAN_POINT('',(3.114892846637,7.98210235533,-14.22231851092
    ));
#1442 = CARTESIAN_POINT('',(3.329567300186,7.98210235533,-16.68069390508
    ));
#1443 = CARTESIAN_POINT('',(3.482085673779,7.98210235533,-19.14370686034
    ));
#1444 = CARTESIAN_POINT('',(3.572351346612,7.98210235533,-21.60978615092
    ));
#1445 = CARTESIAN_POINT('',(3.60030421397,7.98210235533,-24.07735837983)
  );
#1446 = CARTESIAN_POINT('',(3.565935848703,7.98210235533,-26.54485008266
    ));
#1447 = CARTESIAN_POINT('',(3.469233075778,7.98210235533,-29.01068452162
    ));
#1448 = CARTESIAN_POINT('',(3.310388580869,7.98210235533,-31.47329843007
    ));
#1449 = CARTESIAN_POINT('',(3.089014817503,7.982102355331,
    -33.93108426504));
#1450 = CARTESIAN_POINT('',(2.807077533833,7.982102355329,-36.382610473)
  );
#1451 = CARTESIAN_POINT('',(2.457947370385,7.982102355334,
    -38.82580418685));
#1452 = CARTESIAN_POINT('',(2.067259402535,7.982102355318,
    -41.26100617317));
#1453 = CARTESIAN_POINT('',(1.526720010438,7.982102355378,
    -43.74247967412));
#1454 = CARTESIAN_POINT('',(1.318785152904,7.982102355218,
    -45.42372162865));
#1455 = CARTESIAN_POINT('',(2.257029052683,7.98210235533,-46.37243079491
    ));
#1456 = CARTESIAN_POINT('',(0.621937819348,8.03301398861,0.366140181564)
  );
#1457 = CARTESIAN_POINT('',(0.826665781295,8.033013988829,
    -0.431396217136));
#1458 = CARTESIAN_POINT('',(1.215981213281,8.033013988508,
    -2.031590584457));
#1459 = CARTESIAN_POINT('',(1.739143131327,8.033013988637,
    -4.445904979925));
#1460 = CARTESIAN_POINT('',(2.201164685498,8.033013988603,
    -6.872651285069));
#1461 = CARTESIAN_POINT('',(2.601749896393,8.033013988612,
    -9.310294975187));
#1462 = CARTESIAN_POINT('',(2.940643548823,8.033013988609,
    -11.75727733386));
#1463 = CARTESIAN_POINT('',(3.217629346836,8.03301398861,-14.21203830543
    ));
#1464 = CARTESIAN_POINT('',(3.43253066203,8.03301398861,-16.67301163871)
  );
#1465 = CARTESIAN_POINT('',(3.585210212688,8.03301398861,-19.13862743396
    ));
#1466 = CARTESIAN_POINT('',(3.675571275213,8.03301398861,-21.60731280481
    ));
#1467 = CARTESIAN_POINT('',(3.703553683941,8.03301398861,-24.07749269217
    ));
#1468 = CARTESIAN_POINT('',(3.669148993226,8.03301398861,-26.54759196658
    ));
#1469 = CARTESIAN_POINT('',(3.57234404991,8.03301398861,-29.01603223236)
  );
#1470 = CARTESIAN_POINT('',(3.413331609685,8.03301398861,-31.48124853973
    ));
#1471 = CARTESIAN_POINT('',(3.191724215159,8.03301398861,-33.94163176297
    ));
#1472 = CARTESIAN_POINT('',(2.909487830926,8.033013988609,
    -36.39574840269));
#1473 = CARTESIAN_POINT('',(2.559993036786,8.033013988615,
    -38.84152501735));
#1474 = CARTESIAN_POINT('',(2.168876079468,8.03301398859,-41.27929670219
    ));
#1475 = CARTESIAN_POINT('',(1.627827193707,8.033013988686,
    -43.76340691709));
#1476 = CARTESIAN_POINT('',(1.419509363086,8.033013988433,
    -45.44638757375));
#1477 = CARTESIAN_POINT('',(2.357581269859,8.03301398861,-46.39582857091
    ));
#1478 = DEFINITIONAL_REPRESENTATION('',(#1479),#1483);
#1479 = LINE('',#1480,#1481);
#1480 = CARTESIAN_POINT('',(0.,0.));
#1481 = VECTOR('',#1482,1.);
#1482 = DIRECTION('',(1.,0.));
#1483 = ( GEOMETRIC_REPRESENTATION_CONTEXT(2) 
PARAMETRIC_REPRESENTATION_CONTEXT() REPRESENTATION_CONTEXT('2D SPACE',''
  ) );
#1484 = ORIENTED_EDGE('',*,*,#1485,.F.);
#1485 = EDGE_CURVE('',#1486,#1420,#1488,.T.);
#1486 = VERTEX_POINT('',#1487);
#1487 = CARTESIAN_POINT('',(0.429237215927,7.918150939456,0.316672640451
    ));
#1488 = SURFACE_CURVE('',#1489,(#1492,#1498),.PCURVE_S1.);
#1489 = B_SPLINE_CURVE_WITH_KNOTS('',1,(#1490,#1491),.UNSPECIFIED.,.F.,
  .F.,(2,2),(8.,9.),.PIECEWISE_BEZIER_KNOTS.);
#1490 = CARTESIAN_POINT('',(0.429237215927,7.918150939456,0.316672640451
    ));
#1491 = CARTESIAN_POINT('',(0.521941474236,7.98210235533,0.340470447141)
  );
#1492 = PCURVE('',#101,#1493);
#1493 = DEFINITIONAL_REPRESENTATION('',(#1494),#1497);
#1494 = B_SPLINE_CURVE_WITH_KNOTS('',1,(#1495,#1496),.UNSPECIFIED.,.F.,
  .F.,(2,2),(8.,9.),.PIECEWISE_BEZIER_KNOTS.);
#1495 = CARTESIAN_POINT('',(0.349828688866,0.81579802198));
#1496 = CARTESIAN_POINT('',(0.445970105828,0.879099101346));
#1497 = ( GEOMETRIC_REPRESENTATION_CONTEXT(2) 
PARAMETRIC_REPRESENTATION_CONTEXT() REPRESENTATION_CONTEXT('2D SPACE',''
  ) );
#1498 = PCURVE('',#1499,#1544);
#1499 = ( BOUNDED_SURFACE() B_SPLINE_SURFACE(1,3,(
    (#1500,#1501,#1502,#1503,#1504,#1505,#1506,#1507,#1508,#1509,#1510
      ,#1511,#1512,#1513,#1514,#1515,#1516,#1517,#1518,#1519,#1520,#1521
      )
    ,(#1522,#1523,#1524,#1525,#1526,#1527,#1528,#1529,#1530,#1531,#1532
      ,#1533,#1534,#1535,#1536,#1537,#1538,#1539,#1540,#1541,#1542,#1543
)),.UNSPECIFIED.,.F.,.F.,.F.) B_SPLINE_SURFACE_WITH_KNOTS((2,2),(4,1,1,1
    ,1,1,1,1,1,1,1,1,1,1,1,1,1,1,1,4),(8.,9.),(0.,5.24163189288E-02,
    0.104832637858,0.157248956786,0.209665275715,0.262081594644,
    0.314497913573,0.366914232502,0.41933055143,0.471746870359,
    0.524163189288,0.576579508217,0.628995827146,0.681412146074,
    0.733828465003,0.786244783932,0.838661102861,0.89107742179,
0.943493740718,1.),.UNSPECIFIED.) GEOMETRIC_REPRESENTATION_ITEM() 
RATIONAL_B_SPLINE_SURFACE((
    (1.,0.999999999991,1.000000000004,0.999999999999,1.,1.,1.,1.,1.,1.
      ,1.,1.,1.,1.,1.,1.,1.,0.999999999999,1.000000000003,0.99999999999
      ,1.000000000024,1.)
    ,(1.,0.999999999991,1.000000000004,0.999999999999,1.,1.,1.,1.,1.,1.
      ,1.,1.,1.,1.,1.,1.,1.,0.999999999999,1.000000000003,0.99999999999
,1.000000000024,1.))) REPRESENTATION_ITEM('') SURFACE() );
#1500 = CARTESIAN_POINT('',(0.429237215927,7.918150939456,0.316672640451
    ));
#1501 = CARTESIAN_POINT('',(0.633548694081,7.918150939541,
    -0.479241307154));
#1502 = CARTESIAN_POINT('',(1.022072130625,7.918150939417,
    -2.076180354508));
#1503 = CARTESIAN_POINT('',(1.544169765686,7.918150939467,
    -4.485583242015));
#1504 = CARTESIAN_POINT('',(2.00525141639,7.918150939453,-6.907392748866
    ));
#1505 = CARTESIAN_POINT('',(2.405021705511,7.918150939457,
    -9.340077471765));
#1506 = CARTESIAN_POINT('',(2.743225937044,7.918150939456,
    -11.78208186532));
#1507 = CARTESIAN_POINT('',(3.019648255032,7.918150939456,
    -14.23184904751));
#1508 = CARTESIAN_POINT('',(3.234112390488,7.918150939456,
    -16.68781595345));
#1509 = CARTESIAN_POINT('',(3.386481340616,7.918150939456,
    -19.14841587701));
#1510 = CARTESIAN_POINT('',(3.476658579912,7.918150939456,
    -21.61207913188));
#1511 = CARTESIAN_POINT('',(3.50458406016,7.918150939456,-24.07723386202
    ));
#1512 = CARTESIAN_POINT('',(3.470249371362,7.918150939456,-26.5423081466
    ));
#1513 = CARTESIAN_POINT('',(3.373641318202,7.918150939456,
    -29.00572678485));
#1514 = CARTESIAN_POINT('',(3.214952521442,7.918150939456,-31.4659280705
    ));
#1515 = CARTESIAN_POINT('',(2.993795352027,7.918150939456,
    -33.92130592792));
#1516 = CARTESIAN_POINT('',(2.712135357448,7.918150939456,
    -36.37043060756));
#1517 = CARTESIAN_POINT('',(2.36334323454,7.918150939458,-38.8112297749)
  );
#1518 = CARTESIAN_POINT('',(1.97305297271,7.91815093945,-41.24404945396)
  );
#1519 = CARTESIAN_POINT('',(1.432985920279,7.918150939481,
    -43.72307852034));
#1520 = CARTESIAN_POINT('',(1.225406107867,7.918150939398,
    -45.40270856274));
#1521 = CARTESIAN_POINT('',(2.163809458464,7.918150939456,-46.3507392674
    ));
#1522 = CARTESIAN_POINT('',(0.521941474236,7.98210235533,0.340470447141)
  );
#1523 = CARTESIAN_POINT('',(0.726453314076,7.98210235554,-0.456224028326
    ));
#1524 = CARTESIAN_POINT('',(1.115357763205,7.982102355233,
    -2.054729142019));
#1525 = CARTESIAN_POINT('',(1.637967402697,7.982102355356,
    -4.466494854201));
#1526 = CARTESIAN_POINT('',(2.099501221442,7.982102355323,
    -6.890679352131));
#1527 = CARTESIAN_POINT('',(2.499663552503,7.982102355332,
    -9.325749731186));
#1528 = CARTESIAN_POINT('',(2.838199450112,7.98210235533,-11.77014892037
    ));
#1529 = CARTESIAN_POINT('',(3.114892846637,7.98210235533,-14.22231851092
    ));
#1530 = CARTESIAN_POINT('',(3.329567300186,7.98210235533,-16.68069390508
    ));
#1531 = CARTESIAN_POINT('',(3.482085673779,7.98210235533,-19.14370686034
    ));
#1532 = CARTESIAN_POINT('',(3.572351346612,7.98210235533,-21.60978615092
    ));
#1533 = CARTESIAN_POINT('',(3.60030421397,7.98210235533,-24.07735837983)
  );
#1534 = CARTESIAN_POINT('',(3.565935848703,7.98210235533,-26.54485008266
    ));
#1535 = CARTESIAN_POINT('',(3.469233075778,7.98210235533,-29.01068452162
    ));
#1536 = CARTESIAN_POINT('',(3.310388580869,7.98210235533,-31.47329843007
    ));
#1537 = CARTESIAN_POINT('',(3.089014817503,7.982102355331,
    -33.93108426504));
#1538 = CARTESIAN_POINT('',(2.807077533833,7.982102355329,-36.382610473)
  );
#1539 = CARTESIAN_POINT('',(2.457947370385,7.982102355334,
    -38.82580418685));
#1540 = CARTESIAN_POINT('',(2.067259402535,7.982102355318,
    -41.26100617317));
#1541 = CARTESIAN_POINT('',(1.526720010438,7.982102355378,
    -43.74247967412));
#1542 = CARTESIAN_POINT('',(1.318785152904,7.982102355218,
    -45.42372162865));
#1543 = CARTESIAN_POINT('',(2.257029052683,7.98210235533,-46.37243079491
    ));
#1544 = DEFINITIONAL_REPRESENTATION('',(#1545),#1549);
#1545 = LINE('',#1546,#1547);
#1546 = CARTESIAN_POINT('',(0.,0.));
#1547 = VECTOR('',#1548,1.);
#1548 = DIRECTION('',(1.,0.));
#1549 = ( GEOMETRIC_REPRESENTATION_CONTEXT(2) 
PARAMETRIC_REPRESENTATION_CONTEXT() REPRESENTATION_CONTEXT('2D SPACE',''
  ) );
#1550 = ORIENTED_EDGE('',*,*,#1551,.F.);
#1551 = EDGE_CURVE('',#1552,#1486,#1554,.T.);
#1552 = VERTEX_POINT('',#1553);
#1553 = CARTESIAN_POINT('',(0.345411239982,7.842253967444,0.295153948565
    ));
#1554 = SURFACE_CURVE('',#1555,(#1558,#1564),.PCURVE_S1.);
#1555 = B_SPLINE_CURVE_WITH_KNOTS('',1,(#1556,#1557),.UNSPECIFIED.,.F.,
  .F.,(2,2),(7.,8.),.PIECEWISE_BEZIER_KNOTS.);
#1556 = CARTESIAN_POINT('',(0.345411239982,7.842253967444,0.295153948565
    ));
#1557 = CARTESIAN_POINT('',(0.429237215927,7.918150939456,0.316672640451
    ));
#1558 = PCURVE('',#101,#1559);
#1559 = DEFINITIONAL_REPRESENTATION('',(#1560),#1563);
#1560 = B_SPLINE_CURVE_WITH_KNOTS('',1,(#1561,#1562),.UNSPECIFIED.,.F.,
  .F.,(2,2),(7.,8.),.PIECEWISE_BEZIER_KNOTS.);
#1561 = CARTESIAN_POINT('',(0.262772223908,0.740489519053));
#1562 = CARTESIAN_POINT('',(0.349828688866,0.81579802198));
#1563 = ( GEOMETRIC_REPRESENTATION_CONTEXT(2) 
PARAMETRIC_REPRESENTATION_CONTEXT() REPRESENTATION_CONTEXT('2D SPACE',''
  ) );
#1564 = PCURVE('',#1565,#1610);
#1565 = ( BOUNDED_SURFACE() B_SPLINE_SURFACE(1,3,(
    (#1566,#1567,#1568,#1569,#1570,#1571,#1572,#1573,#1574,#1575,#1576
      ,#1577,#1578,#1579,#1580,#1581,#1582,#1583,#1584,#1585,#1586,#1587
      )
    ,(#1588,#1589,#1590,#1591,#1592,#1593,#1594,#1595,#1596,#1597,#1598
      ,#1599,#1600,#1601,#1602,#1603,#1604,#1605,#1606,#1607,#1608,#1609
)),.UNSPECIFIED.,.F.,.F.,.F.) B_SPLINE_SURFACE_WITH_KNOTS((2,2),(4,1,1,1
    ,1,1,1,1,1,1,1,1,1,1,1,1,1,1,1,4),(7.,8.),(0.,5.24163189288E-02,
    0.104832637858,0.157248956786,0.209665275715,0.262081594644,
    0.314497913573,0.366914232502,0.41933055143,0.471746870359,
    0.524163189288,0.576579508217,0.628995827146,0.681412146074,
    0.733828465003,0.786244783932,0.838661102861,0.89107742179,
0.943493740718,1.),.UNSPECIFIED.) GEOMETRIC_REPRESENTATION_ITEM() 
RATIONAL_B_SPLINE_SURFACE((
    (1.,0.999999999991,1.000000000004,0.999999999999,1.,1.,1.,1.,1.,1.
      ,1.,1.,1.,1.,1.,1.,1.,0.999999999999,1.000000000003,0.99999999999
      ,1.000000000024,1.)
    ,(1.,0.999999999991,1.000000000004,0.999999999999,1.,1.,1.,1.,1.,1.
      ,1.,1.,1.,1.,1.,1.,1.,0.999999999999,1.000000000003,0.99999999999
,1.000000000024,1.))) REPRESENTATION_ITEM('') SURFACE() );
#1566 = CARTESIAN_POINT('',(0.345411239982,7.842253967444,0.295153948565
    ));
#1567 = CARTESIAN_POINT('',(0.549541544879,7.842253967417,
    -0.500054222851));
#1568 = CARTESIAN_POINT('',(0.937720458688,7.842253967457,-2.09557718515
    ));
#1569 = CARTESIAN_POINT('',(1.459355123842,7.842253967441,
    -4.502843535914));
#1570 = CARTESIAN_POINT('',(1.920027910647,7.842253967445,-6.92250550438
    ));
#1571 = CARTESIAN_POINT('',(2.319443703657,7.842253967444,
    -9.353033045323));
#1572 = CARTESIAN_POINT('',(2.657348032761,7.842253967444,
    -11.79287199271));
#1573 = CARTESIAN_POINT('',(2.933525233389,7.842253967444,
    -14.24046684507));
#1574 = CARTESIAN_POINT('',(3.147799192906,7.842253967444,
    -16.69425592359));
#1575 = CARTESIAN_POINT('',(3.300033029847,7.842253967444,
    -19.15267391138));
#1576 = CARTESIAN_POINT('',(3.390130304881,7.842253967444,
    -21.61415251418));
#1577 = CARTESIAN_POINT('',(3.418031020882,7.842253967444,
    -24.07712126928));
#1578 = CARTESIAN_POINT('',(3.383726783359,7.842253967444,
    -26.54000965163));
#1579 = CARTESIAN_POINT('',(3.287204378656,7.842253967444,
    -29.00124385029));
#1580 = CARTESIAN_POINT('',(3.128656368841,7.842253967444,-31.4592635699
    ));
#1581 = CARTESIAN_POINT('',(2.907695050184,7.842253967444,
    -33.91246406169));
#1582 = CARTESIAN_POINT('',(2.626285788737,7.842253967446,
    -36.35941720725));
#1583 = CARTESIAN_POINT('',(2.27779933223,7.842253967438,-38.79805115367
    ));
#1584 = CARTESIAN_POINT('',(1.88786868818,7.842253967468,-41.22871667902
    ));
#1585 = CARTESIAN_POINT('',(1.348228739286,7.842253967352,
    -43.70553541382));
#1586 = CARTESIAN_POINT('',(1.140969969825,7.842253967659,
    -45.38370791786));
#1587 = CARTESIAN_POINT('',(2.079517500306,7.842253967444,
    -46.33112513644));
#1588 = CARTESIAN_POINT('',(0.429237215927,7.918150939456,0.316672640451
    ));
#1589 = CARTESIAN_POINT('',(0.633548694081,7.918150939541,
    -0.479241307154));
#1590 = CARTESIAN_POINT('',(1.022072130625,7.918150939417,
    -2.076180354508));
#1591 = CARTESIAN_POINT('',(1.544169765686,7.918150939467,
    -4.485583242015));
#1592 = CARTESIAN_POINT('',(2.00525141639,7.918150939453,-6.907392748866
    ));
#1593 = CARTESIAN_POINT('',(2.405021705511,7.918150939457,
    -9.340077471765));
#1594 = CARTESIAN_POINT('',(2.743225937044,7.918150939456,
    -11.78208186532));
#1595 = CARTESIAN_POINT('',(3.019648255032,7.918150939456,
    -14.23184904751));
#1596 = CARTESIAN_POINT('',(3.234112390488,7.918150939456,
    -16.68781595345));
#1597 = CARTESIAN_POINT('',(3.386481340616,7.918150939456,
    -19.14841587701));
#1598 = CARTESIAN_POINT('',(3.476658579912,7.918150939456,
    -21.61207913188));
#1599 = CARTESIAN_POINT('',(3.50458406016,7.918150939456,-24.07723386202
    ));
#1600 = CARTESIAN_POINT('',(3.470249371362,7.918150939456,-26.5423081466
    ));
#1601 = CARTESIAN_POINT('',(3.373641318202,7.918150939456,
    -29.00572678485));
#1602 = CARTESIAN_POINT('',(3.214952521442,7.918150939456,-31.4659280705
    ));
#1603 = CARTESIAN_POINT('',(2.993795352027,7.918150939456,
    -33.92130592792));
#1604 = CARTESIAN_POINT('',(2.712135357448,7.918150939456,
    -36.37043060756));
#1605 = CARTESIAN_POINT('',(2.36334323454,7.918150939458,-38.8112297749)
  );
#1606 = CARTESIAN_POINT('',(1.97305297271,7.91815093945,-41.24404945396)
  );
#1607 = CARTESIAN_POINT('',(1.432985920279,7.918150939481,
    -43.72307852034));
#1608 = CARTESIAN_POINT('',(1.225406107867,7.918150939398,
    -45.40270856274));
#1609 = CARTESIAN_POINT('',(2.163809458464,7.918150939456,-46.3507392674
    ));
#1610 = DEFINITIONAL_REPRESENTATION('',(#1611),#1615);
#1611 = LINE('',#1612,#1613);
#1612 = CARTESIAN_POINT('',(0.,0.));
#1613 = VECTOR('',#1614,1.);
#1614 = DIRECTION('',(1.,0.));
#1615 = ( GEOMETRIC_REPRESENTATION_CONTEXT(2) 
PARAMETRIC_REPRESENTATION_CONTEXT() REPRESENTATION_CONTEXT('2D SPACE',''
  ) );
#1616 = ORIENTED_EDGE('',*,*,#1617,.F.);
#1617 = EDGE_CURVE('',#1618,#1552,#1620,.T.);
#1618 = VERTEX_POINT('',#1619);
#1619 = CARTESIAN_POINT('',(0.271897832091,7.755710057528,0.276282562266
    ));
#1620 = SURFACE_CURVE('',#1621,(#1624,#1630),.PCURVE_S1.);
#1621 = B_SPLINE_CURVE_WITH_KNOTS('',1,(#1622,#1623),.UNSPECIFIED.,.F.,
  .F.,(2,2),(6.,7.),.PIECEWISE_BEZIER_KNOTS.);
#1622 = CARTESIAN_POINT('',(0.271897832091,7.755710057528,0.276282562266
    ));
#1623 = CARTESIAN_POINT('',(0.345411239982,7.842253967444,0.295153948565
    ));
#1624 = PCURVE('',#101,#1625);
#1625 = DEFINITIONAL_REPRESENTATION('',(#1626),#1629);
#1626 = B_SPLINE_CURVE_WITH_KNOTS('',1,(#1627,#1628),.UNSPECIFIED.,.F.,
  .F.,(2,2),(6.,7.),.PIECEWISE_BEZIER_KNOTS.);
#1627 = CARTESIAN_POINT('',(0.186290271204,0.654462141929));
#1628 = CARTESIAN_POINT('',(0.262772223908,0.740489519053));
#1629 = ( GEOMETRIC_REPRESENTATION_CONTEXT(2) 
PARAMETRIC_REPRESENTATION_CONTEXT() REPRESENTATION_CONTEXT('2D SPACE',''
  ) );
#1630 = PCURVE('',#1631,#1676);
#1631 = ( BOUNDED_SURFACE() B_SPLINE_SURFACE(1,3,(
    (#1632,#1633,#1634,#1635,#1636,#1637,#1638,#1639,#1640,#1641,#1642
      ,#1643,#1644,#1645,#1646,#1647,#1648,#1649,#1650,#1651,#1652,#1653
      )
    ,(#1654,#1655,#1656,#1657,#1658,#1659,#1660,#1661,#1662,#1663,#1664
      ,#1665,#1666,#1667,#1668,#1669,#1670,#1671,#1672,#1673,#1674,#1675
)),.UNSPECIFIED.,.F.,.F.,.F.) B_SPLINE_SURFACE_WITH_KNOTS((2,2),(4,1,1,1
    ,1,1,1,1,1,1,1,1,1,1,1,1,1,1,1,4),(6.,7.),(0.,5.24163189288E-02,
    0.104832637858,0.157248956786,0.209665275715,0.262081594644,
    0.314497913573,0.366914232502,0.41933055143,0.471746870359,
    0.524163189288,0.576579508217,0.628995827146,0.681412146074,
    0.733828465003,0.786244783932,0.838661102861,0.89107742179,
0.943493740718,1.),.UNSPECIFIED.) GEOMETRIC_REPRESENTATION_ITEM() 
RATIONAL_B_SPLINE_SURFACE((
    (1.,0.999999999991,1.000000000004,0.999999999999,1.,1.,1.,1.,1.,1.
      ,1.,1.,1.,1.,1.,1.,1.,0.999999999999,1.000000000003,0.99999999999
      ,1.000000000024,1.)
    ,(1.,0.999999999991,1.000000000004,0.999999999999,1.,1.,1.,1.,1.,1.
      ,1.,1.,1.,1.,1.,1.,1.,0.999999999999,1.000000000003,0.99999999999
,1.000000000024,1.))) REPRESENTATION_ITEM('') SURFACE() );
#1632 = CARTESIAN_POINT('',(0.271897832091,7.755710057528,0.276282562266
    ));
#1633 = CARTESIAN_POINT('',(0.47586925256,7.755710057473,-0.518306659657
    ));
#1634 = CARTESIAN_POINT('',(0.863746027668,7.755710057553,
    -2.112587749259));
#1635 = CARTESIAN_POINT('',(1.384974679258,7.755710057521,
    -4.517980407359));
#1636 = CARTESIAN_POINT('',(1.845288902008,7.755710057529,-6.93575903527
    ));
#1637 = CARTESIAN_POINT('',(2.244393810283,7.755710057527,
    -9.364394778394));
#1638 = CARTESIAN_POINT('',(2.582035132012,7.755710057528,
    -11.80233468045));
#1639 = CARTESIAN_POINT('',(2.857997370486,7.755710057528,
    -14.24802445069));
#1640 = CARTESIAN_POINT('',(3.072104550181,7.755710057528,
    -16.69990362583));
#1641 = CARTESIAN_POINT('',(3.224219896038,7.755710057528,
    -19.15640810729));
#1642 = CARTESIAN_POINT('',(3.314247044295,7.755710057528,
    -21.61597082164));
#1643 = CARTESIAN_POINT('',(3.342126042634,7.755710057528,
    -24.07702252809));
#1644 = CARTESIAN_POINT('',(3.307848510162,7.755710057528,
    -26.53799392564));
#1645 = CARTESIAN_POINT('',(3.211401217141,7.755710057528,
    -28.99731242219));
#1646 = CARTESIAN_POINT('',(3.052976674164,7.755710057528,
    -31.45341895975));
#1647 = CARTESIAN_POINT('',(2.832187112012,7.755710057527,
    -33.90470995311));
#1648 = CARTESIAN_POINT('',(2.550997737617,7.755710057529,-36.3497587144
    ));
#1649 = CARTESIAN_POINT('',(2.202779343361,7.755710057524,
    -38.78649381302));
#1650 = CARTESIAN_POINT('',(1.813164075595,7.755710057541,
    -41.21527019634));
#1651 = CARTESIAN_POINT('',(1.273898686623,7.755710057477,
    -43.69015052213));
#1652 = CARTESIAN_POINT('',(1.066921463814,7.755710057645,
    -45.36704479993));
#1653 = CARTESIAN_POINT('',(2.005595436981,7.755710057528,
    -46.31392400524));
#1654 = CARTESIAN_POINT('',(0.345411239982,7.842253967444,0.295153948565
    ));
#1655 = CARTESIAN_POINT('',(0.549541544879,7.842253967417,
    -0.500054222851));
#1656 = CARTESIAN_POINT('',(0.937720458688,7.842253967457,-2.09557718515
    ));
#1657 = CARTESIAN_POINT('',(1.459355123842,7.842253967441,
    -4.502843535914));
#1658 = CARTESIAN_POINT('',(1.920027910647,7.842253967445,-6.92250550438
    ));
#1659 = CARTESIAN_POINT('',(2.319443703657,7.842253967444,
    -9.353033045323));
#1660 = CARTESIAN_POINT('',(2.657348032761,7.842253967444,
    -11.79287199271));
#1661 = CARTESIAN_POINT('',(2.933525233389,7.842253967444,
    -14.24046684507));
#1662 = CARTESIAN_POINT('',(3.147799192906,7.842253967444,
    -16.69425592359));
#1663 = CARTESIAN_POINT('',(3.300033029847,7.842253967444,
    -19.15267391138));
#1664 = CARTESIAN_POINT('',(3.390130304881,7.842253967444,
    -21.61415251418));
#1665 = CARTESIAN_POINT('',(3.418031020882,7.842253967444,
    -24.07712126928));
#1666 = CARTESIAN_POINT('',(3.383726783359,7.842253967444,
    -26.54000965163));
#1667 = CARTESIAN_POINT('',(3.287204378656,7.842253967444,
    -29.00124385029));
#1668 = CARTESIAN_POINT('',(3.128656368841,7.842253967444,-31.4592635699
    ));
#1669 = CARTESIAN_POINT('',(2.907695050184,7.842253967444,
    -33.91246406169));
#1670 = CARTESIAN_POINT('',(2.626285788737,7.842253967446,
    -36.35941720725));
#1671 = CARTESIAN_POINT('',(2.27779933223,7.842253967438,-38.79805115367
    ));
#1672 = CARTESIAN_POINT('',(1.88786868818,7.842253967468,-41.22871667902
    ));
#1673 = CARTESIAN_POINT('',(1.348228739286,7.842253967352,
    -43.70553541382));
#1674 = CARTESIAN_POINT('',(1.140969969825,7.842253967659,
    -45.38370791786));
#1675 = CARTESIAN_POINT('',(2.079517500306,7.842253967444,
    -46.33112513644));
#1676 = DEFINITIONAL_REPRESENTATION('',(#1677),#1681);
#1677 = LINE('',#1678,#1679);
#1678 = CARTESIAN_POINT('',(0.,0.));
#1679 = VECTOR('',#1680,1.);
#1680 = DIRECTION('',(1.,0.));
#1681 = ( GEOMETRIC_REPRESENTATION_CONTEXT(2) 
PARAMETRIC_REPRESENTATION_CONTEXT() REPRESENTATION_CONTEXT('2D SPACE',''
  ) );
#1682 = ORIENTED_EDGE('',*,*,#1683,.F.);
#1683 = EDGE_CURVE('',#1684,#1618,#1686,.T.);
#1684 = VERTEX_POINT('',#1685);
#1685 = CARTESIAN_POINT('',(0.209954827044,7.66,0.260381376207));
#1686 = SURFACE_CURVE('',#1687,(#1690,#1696),.PCURVE_S1.);
#1687 = B_SPLINE_CURVE_WITH_KNOTS('',1,(#1688,#1689),.UNSPECIFIED.,.F.,
  .F.,(2,2),(5.,6.),.PIECEWISE_BEZIER_KNOTS.);
#1688 = CARTESIAN_POINT('',(0.209954827044,7.66,0.260381376207));
#1689 = CARTESIAN_POINT('',(0.271897832091,7.755710057528,0.276282562266
    ));
#1690 = PCURVE('',#101,#1691);
#1691 = DEFINITIONAL_REPRESENTATION('',(#1692),#1695);
#1692 = B_SPLINE_CURVE_WITH_KNOTS('',1,(#1693,#1694),.UNSPECIFIED.,.F.,
  .F.,(2,2),(5.,6.),.PIECEWISE_BEZIER_KNOTS.);
#1693 = CARTESIAN_POINT('',(0.12169145817,0.559187842882));
#1694 = CARTESIAN_POINT('',(0.186290271204,0.654462141929));
#1695 = ( GEOMETRIC_REPRESENTATION_CONTEXT(2) 
PARAMETRIC_REPRESENTATION_CONTEXT() REPRESENTATION_CONTEXT('2D SPACE',''
  ) );
#1696 = PCURVE('',#1697,#1742);
#1697 = ( BOUNDED_SURFACE() B_SPLINE_SURFACE(1,3,(
    (#1698,#1699,#1700,#1701,#1702,#1703,#1704,#1705,#1706,#1707,#1708
      ,#1709,#1710,#1711,#1712,#1713,#1714,#1715,#1716,#1717,#1718,#1719
      )
    ,(#1720,#1721,#1722,#1723,#1724,#1725,#1726,#1727,#1728,#1729,#1730
      ,#1731,#1732,#1733,#1734,#1735,#1736,#1737,#1738,#1739,#1740,#1741
)),.UNSPECIFIED.,.F.,.F.,.F.) B_SPLINE_SURFACE_WITH_KNOTS((2,2),(4,1,1,1
    ,1,1,1,1,1,1,1,1,1,1,1,1,1,1,1,4),(5.,6.),(0.,5.24163189288E-02,
    0.104832637858,0.157248956786,0.209665275715,0.262081594644,
    0.314497913573,0.366914232502,0.41933055143,0.471746870359,
    0.524163189288,0.576579508217,0.628995827146,0.681412146074,
    0.733828465003,0.786244783932,0.838661102861,0.89107742179,
0.943493740718,1.),.UNSPECIFIED.) GEOMETRIC_REPRESENTATION_ITEM() 
RATIONAL_B_SPLINE_SURFACE((
    (1.,0.999999999991,1.000000000004,0.999999999999,1.,1.,1.,1.,1.,1.
      ,1.,1.,1.,1.,1.,1.,1.,0.999999999999,1.000000000003,0.99999999999
      ,1.000000000024,1.)
    ,(1.,0.999999999991,1.000000000004,0.999999999999,1.,1.,1.,1.,1.,1.
      ,1.,1.,1.,1.,1.,1.,1.,0.999999999999,1.000000000003,0.99999999999
,1.000000000024,1.))) REPRESENTATION_ITEM('') SURFACE() );
#1698 = CARTESIAN_POINT('',(0.209954827044,7.66,0.260381376207));
#1699 = CARTESIAN_POINT('',(0.413792370064,7.659999999977,-0.53368631431
    ));
#1700 = CARTESIAN_POINT('',(0.801414560777,7.660000000011,
    -2.126920990906));
#1701 = CARTESIAN_POINT('',(1.322301101914,7.659999999997,
    -4.530734860408));
#1702 = CARTESIAN_POINT('',(1.782313195646,7.660000000001,
    -6.946926569914));
#1703 = CARTESIAN_POINT('',(2.181156149869,7.66,-9.373968268584));
#1704 = CARTESIAN_POINT('',(2.518575859412,7.66,-11.81030801935));
#1705 = CARTESIAN_POINT('',(2.794356968998,7.66,-14.25439255165));
#1706 = CARTESIAN_POINT('',(3.008323618636,7.66,-16.70466242641));
#1707 = CARTESIAN_POINT('',(3.160339122926,7.66,-19.15955457164));
#1708 = CARTESIAN_POINT('',(3.250307181782,7.66,-21.61750294254));
#1709 = CARTESIAN_POINT('',(3.27816788064,7.66,-24.07693932795));
#1710 = CARTESIAN_POINT('',(3.243912850065,7.66,-26.53629545827));
#1711 = CARTESIAN_POINT('',(3.147528846768,7.66,-28.99399976839));
#1712 = CARTESIAN_POINT('',(2.989208337968,7.66,-31.44849424293));
#1713 = CARTESIAN_POINT('',(2.768563499266,7.66,-33.89817627713));
#1714 = CARTESIAN_POINT('',(2.487559403522,7.659999999999,
    -36.34162038849));
#1715 = CARTESIAN_POINT('',(2.139566880722,7.660000000003,
    -38.77675550231));
#1716 = CARTESIAN_POINT('',(1.750217351663,7.65999999999,-41.20394007874
    ));
#1717 = CARTESIAN_POINT('',(1.211267569811,7.660000000038,
    -43.67718708585));
#1718 = CARTESIAN_POINT('',(1.004527580979,7.659999999912,
    -45.35300431764));
#1719 = CARTESIAN_POINT('',(1.943308095488,7.66,-46.29943018994));
#1720 = CARTESIAN_POINT('',(0.271897832091,7.755710057528,0.276282562266
    ));
#1721 = CARTESIAN_POINT('',(0.47586925256,7.755710057473,-0.518306659657
    ));
#1722 = CARTESIAN_POINT('',(0.863746027668,7.755710057553,
    -2.112587749259));
#1723 = CARTESIAN_POINT('',(1.384974679258,7.755710057521,
    -4.517980407359));
#1724 = CARTESIAN_POINT('',(1.845288902008,7.755710057529,-6.93575903527
    ));
#1725 = CARTESIAN_POINT('',(2.244393810283,7.755710057527,
    -9.364394778394));
#1726 = CARTESIAN_POINT('',(2.582035132012,7.755710057528,
    -11.80233468045));
#1727 = CARTESIAN_POINT('',(2.857997370486,7.755710057528,
    -14.24802445069));
#1728 = CARTESIAN_POINT('',(3.072104550181,7.755710057528,
    -16.69990362583));
#1729 = CARTESIAN_POINT('',(3.224219896038,7.755710057528,
    -19.15640810729));
#1730 = CARTESIAN_POINT('',(3.314247044295,7.755710057528,
    -21.61597082164));
#1731 = CARTESIAN_POINT('',(3.342126042634,7.755710057528,
    -24.07702252809));
#1732 = CARTESIAN_POINT('',(3.307848510162,7.755710057528,
    -26.53799392564));
#1733 = CARTESIAN_POINT('',(3.211401217141,7.755710057528,
    -28.99731242219));
#1734 = CARTESIAN_POINT('',(3.052976674164,7.755710057528,
    -31.45341895975));
#1735 = CARTESIAN_POINT('',(2.832187112012,7.755710057527,
    -33.90470995311));
#1736 = CARTESIAN_POINT('',(2.550997737617,7.755710057529,-36.3497587144
    ));
#1737 = CARTESIAN_POINT('',(2.202779343361,7.755710057524,
    -38.78649381302));
#1738 = CARTESIAN_POINT('',(1.813164075595,7.755710057541,
    -41.21527019634));
#1739 = CARTESIAN_POINT('',(1.273898686623,7.755710057477,
    -43.69015052213));
#1740 = CARTESIAN_POINT('',(1.066921463814,7.755710057645,
    -45.36704479993));
#1741 = CARTESIAN_POINT('',(2.005595436981,7.755710057528,
    -46.31392400524));
#1742 = DEFINITIONAL_REPRESENTATION('',(#1743),#1747);
#1743 = LINE('',#1744,#1745);
#1744 = CARTESIAN_POINT('',(0.,0.));
#1745 = VECTOR('',#1746,1.);
#1746 = DIRECTION('',(1.,0.));
#1747 = ( GEOMETRIC_REPRESENTATION_CONTEXT(2) 
PARAMETRIC_REPRESENTATION_CONTEXT() REPRESENTATION_CONTEXT('2D SPACE',''
  ) );
#1748 = ORIENTED_EDGE('',*,*,#1749,.F.);
#1749 = EDGE_CURVE('',#1750,#1684,#1752,.T.);
#1750 = VERTEX_POINT('',#1751);
#1751 = CARTESIAN_POINT('',(0.160642086832,7.556761420481,0.247722464089
    ));
#1752 = SURFACE_CURVE('',#1753,(#1756,#1762),.PCURVE_S1.);
#1753 = B_SPLINE_CURVE_WITH_KNOTS('',1,(#1754,#1755),.UNSPECIFIED.,.F.,
  .F.,(2,2),(4.,5.),.PIECEWISE_BEZIER_KNOTS.);
#1754 = CARTESIAN_POINT('',(0.160642086832,7.556761420481,0.247722464089
    ));
#1755 = CARTESIAN_POINT('',(0.209954827044,7.66,0.260381376207));
#1756 = PCURVE('',#101,#1757);
#1757 = DEFINITIONAL_REPRESENTATION('',(#1758),#1761);
#1758 = B_SPLINE_CURVE_WITH_KNOTS('',1,(#1759,#1760),.UNSPECIFIED.,.F.,
  .F.,(2,2),(4.,5.),.PIECEWISE_BEZIER_KNOTS.);
#1759 = CARTESIAN_POINT('',(7.008108840836E-02,0.456296791584));
#1760 = CARTESIAN_POINT('',(0.12169145817,0.559187842882));
#1761 = ( GEOMETRIC_REPRESENTATION_CONTEXT(2) 
PARAMETRIC_REPRESENTATION_CONTEXT() REPRESENTATION_CONTEXT('2D SPACE',''
  ) );
#1762 = PCURVE('',#1763,#1808);
#1763 = ( BOUNDED_SURFACE() B_SPLINE_SURFACE(1,3,(
    (#1764,#1765,#1766,#1767,#1768,#1769,#1770,#1771,#1772,#1773,#1774
      ,#1775,#1776,#1777,#1778,#1779,#1780,#1781,#1782,#1783,#1784,#1785
      )
    ,(#1786,#1787,#1788,#1789,#1790,#1791,#1792,#1793,#1794,#1795,#1796
      ,#1797,#1798,#1799,#1800,#1801,#1802,#1803,#1804,#1805,#1806,#1807
)),.UNSPECIFIED.,.F.,.F.,.F.) B_SPLINE_SURFACE_WITH_KNOTS((2,2),(4,1,1,1
    ,1,1,1,1,1,1,1,1,1,1,1,1,1,1,1,4),(4.,5.),(0.,5.24163189288E-02,
    0.104832637858,0.157248956786,0.209665275715,0.262081594644,
    0.314497913573,0.366914232502,0.41933055143,0.471746870359,
    0.524163189288,0.576579508217,0.628995827146,0.681412146074,
    0.733828465003,0.786244783932,0.838661102861,0.89107742179,
0.943493740718,1.),.UNSPECIFIED.) GEOMETRIC_REPRESENTATION_ITEM() 
RATIONAL_B_SPLINE_SURFACE((
    (1.,0.999999999991,1.000000000004,0.999999999999,1.,1.,1.,1.,1.,1.
      ,1.,1.,1.,1.,1.,1.,1.,0.999999999999,1.000000000003,0.99999999999
      ,1.000000000024,1.)
    ,(1.,0.999999999991,1.000000000004,0.999999999999,1.,1.,1.,1.,1.,1.
      ,1.,1.,1.,1.,1.,1.,1.,0.999999999999,1.000000000003,0.99999999999
,1.000000000024,1.))) REPRESENTATION_ITEM('') SURFACE() );
#1764 = CARTESIAN_POINT('',(0.160642086832,7.556761420481,0.247722464089
    ));
#1765 = CARTESIAN_POINT('',(0.364373050163,7.556761420629,
    -0.545930036061));
#1766 = CARTESIAN_POINT('',(0.751792566648,7.556761420413,
    -2.138331664629));
#1767 = CARTESIAN_POINT('',(1.272406754107,7.5567614205,-4.540888662757)
  );
#1768 = CARTESIAN_POINT('',(1.732178323354,7.556761420476,
    -6.955817028718));
#1769 = CARTESIAN_POINT('',(2.130812736319,7.556761420483,
    -9.381589710818));
#1770 = CARTESIAN_POINT('',(2.468056020709,7.556761420481,
    -11.81665558337));
#1771 = CARTESIAN_POINT('',(2.743692933839,7.556761420481,
    -14.25946218797));
#1772 = CARTESIAN_POINT('',(2.957547707694,7.556761420481,
    -16.70845090093));
#1773 = CARTESIAN_POINT('',(3.109483728251,7.556761420481,
    -19.16205946752));
#1774 = CARTESIAN_POINT('',(3.199404746118,7.556761420481,
    -21.61872266186));
#1775 = CARTESIAN_POINT('',(3.227250876783,7.556761420481,
    -24.07687309244));
#1776 = CARTESIAN_POINT('',(3.193013759938,7.556761420481,
    -26.53494331075));
#1777 = CARTESIAN_POINT('',(3.096680141501,7.556761420481,-28.9913625693
    ));
#1778 = CARTESIAN_POINT('',(2.938442454165,7.556761420481,
    -31.44457368271));
#1779 = CARTESIAN_POINT('',(2.717912829601,7.556761420481,
    -33.89297482677));
#1780 = CARTESIAN_POINT('',(2.43705623393,7.556761420482,-36.33514147855
    ));
#1781 = CARTESIAN_POINT('',(2.089243527095,7.55676142048,-38.76900284667
    ));
#1782 = CARTESIAN_POINT('',(1.700105552206,7.556761420485,
    -41.19492018793));
#1783 = CARTESIAN_POINT('',(1.161407024917,7.556761420468,
    -43.66686691201));
#1784 = CARTESIAN_POINT('',(0.954855897264,7.556761420513,
    -45.34182670976));
#1785 = CARTESIAN_POINT('',(1.893721229511,7.556761420481,
    -46.28789168372));
#1786 = CARTESIAN_POINT('',(0.209954827044,7.66,0.260381376207));
#1787 = CARTESIAN_POINT('',(0.413792370064,7.659999999977,-0.53368631431
    ));
#1788 = CARTESIAN_POINT('',(0.801414560777,7.660000000011,
    -2.126920990906));
#1789 = CARTESIAN_POINT('',(1.322301101914,7.659999999997,
    -4.530734860408));
#1790 = CARTESIAN_POINT('',(1.782313195646,7.660000000001,
    -6.946926569914));
#1791 = CARTESIAN_POINT('',(2.181156149869,7.66,-9.373968268584));
#1792 = CARTESIAN_POINT('',(2.518575859412,7.66,-11.81030801935));
#1793 = CARTESIAN_POINT('',(2.794356968998,7.66,-14.25439255165));
#1794 = CARTESIAN_POINT('',(3.008323618636,7.66,-16.70466242641));
#1795 = CARTESIAN_POINT('',(3.160339122926,7.66,-19.15955457164));
#1796 = CARTESIAN_POINT('',(3.250307181782,7.66,-21.61750294254));
#1797 = CARTESIAN_POINT('',(3.27816788064,7.66,-24.07693932795));
#1798 = CARTESIAN_POINT('',(3.243912850065,7.66,-26.53629545827));
#1799 = CARTESIAN_POINT('',(3.147528846768,7.66,-28.99399976839));
#1800 = CARTESIAN_POINT('',(2.989208337968,7.66,-31.44849424293));
#1801 = CARTESIAN_POINT('',(2.768563499266,7.66,-33.89817627713));
#1802 = CARTESIAN_POINT('',(2.487559403522,7.659999999999,
    -36.34162038849));
#1803 = CARTESIAN_POINT('',(2.139566880722,7.660000000003,
    -38.77675550231));
#1804 = CARTESIAN_POINT('',(1.750217351663,7.65999999999,-41.20394007874
    ));
#1805 = CARTESIAN_POINT('',(1.211267569811,7.660000000038,
    -43.67718708585));
#1806 = CARTESIAN_POINT('',(1.004527580979,7.659999999912,
    -45.35300431764));
#1807 = CARTESIAN_POINT('',(1.943308095488,7.66,-46.29943018994));
#1808 = DEFINITIONAL_REPRESENTATION('',(#1809),#1813);
#1809 = LINE('',#1810,#1811);
#1810 = CARTESIAN_POINT('',(0.,0.));
#1811 = VECTOR('',#1812,1.);
#1812 = DIRECTION('',(1.,0.));
#1813 = ( GEOMETRIC_REPRESENTATION_CONTEXT(2) 
PARAMETRIC_REPRESENTATION_CONTEXT() REPRESENTATION_CONTEXT('2D SPACE',''
  ) );
#1814 = ORIENTED_EDGE('',*,*,#1815,.F.);
#1815 = EDGE_CURVE('',#1816,#1750,#1818,.T.);
#1816 = VERTEX_POINT('',#1817);
#1817 = CARTESIAN_POINT('',(0.124803366113,7.44776075969,0.238522423408)
  );
#1818 = SURFACE_CURVE('',#1819,(#1822,#1828),.PCURVE_S1.);
#1819 = B_SPLINE_CURVE_WITH_KNOTS('',1,(#1820,#1821),.UNSPECIFIED.,.F.,
  .F.,(2,2),(3.,4.),.PIECEWISE_BEZIER_KNOTS.);
#1820 = CARTESIAN_POINT('',(0.124803366113,7.44776075969,0.238522423408)
  );
#1821 = CARTESIAN_POINT('',(0.160642086832,7.556761420481,0.247722464089
    ));
#1822 = PCURVE('',#101,#1823);
#1823 = DEFINITIONAL_REPRESENTATION('',(#1824),#1827);
#1824 = B_SPLINE_CURVE_WITH_KNOTS('',1,(#1825,#1826),.UNSPECIFIED.,.F.,
  .F.,(2,2),(3.,4.),.PIECEWISE_BEZIER_KNOTS.);
#1825 = CARTESIAN_POINT('',(3.234222965392E-02,0.347549482448));
#1826 = CARTESIAN_POINT('',(7.008108840836E-02,0.456296791584));
#1827 = ( GEOMETRIC_REPRESENTATION_CONTEXT(2) 
PARAMETRIC_REPRESENTATION_CONTEXT() REPRESENTATION_CONTEXT('2D SPACE',''
  ) );
#1828 = PCURVE('',#1829,#1874);
#1829 = ( BOUNDED_SURFACE() B_SPLINE_SURFACE(1,3,(
    (#1830,#1831,#1832,#1833,#1834,#1835,#1836,#1837,#1838,#1839,#1840
      ,#1841,#1842,#1843,#1844,#1845,#1846,#1847,#1848,#1849,#1850,#1851
      )
    ,(#1852,#1853,#1854,#1855,#1856,#1857,#1858,#1859,#1860,#1861,#1862
      ,#1863,#1864,#1865,#1866,#1867,#1868,#1869,#1870,#1871,#1872,#1873
)),.UNSPECIFIED.,.F.,.F.,.F.) B_SPLINE_SURFACE_WITH_KNOTS((2,2),(4,1,1,1
    ,1,1,1,1,1,1,1,1,1,1,1,1,1,1,1,4),(3.,4.),(0.,5.24163189288E-02,
    0.104832637858,0.157248956786,0.209665275715,0.262081594644,
    0.314497913573,0.366914232502,0.41933055143,0.471746870359,
    0.524163189288,0.576579508217,0.628995827146,0.681412146074,
    0.733828465003,0.786244783932,0.838661102861,0.89107742179,
0.943493740718,1.),.UNSPECIFIED.) GEOMETRIC_REPRESENTATION_ITEM() 
RATIONAL_B_SPLINE_SURFACE((
    (1.,0.999999999991,1.000000000004,0.999999999999,1.,1.,1.,1.,1.,1.
      ,1.,1.,1.,1.,1.,1.,1.,0.999999999999,1.000000000003,0.99999999999
      ,1.000000000024,1.)
    ,(1.,0.999999999991,1.000000000004,0.999999999999,1.,1.,1.,1.,1.,1.
      ,1.,1.,1.,1.,1.,1.,1.,0.999999999999,1.000000000003,0.99999999999
,1.000000000024,1.))) REPRESENTATION_ITEM('') SURFACE() );
#1830 = CARTESIAN_POINT('',(0.124803366113,7.44776075969,0.238522423408)
  );
#1831 = CARTESIAN_POINT('',(0.328456871222,7.447760759821,
    -0.554828331048));
#1832 = CARTESIAN_POINT('',(0.715729091314,7.44776075963,-2.146624530817
    ));
#1833 = CARTESIAN_POINT('',(1.236145341974,7.447760759706,
    -4.548268079987));
#1834 = CARTESIAN_POINT('',(1.695742106693,7.447760759686,-6.96227829348
    ));
#1835 = CARTESIAN_POINT('',(2.094224959397,7.447760759691,
    -9.387128700101));
#1836 = CARTESIAN_POINT('',(2.431340024349,7.44776075969,-11.82126876392
    ));
#1837 = CARTESIAN_POINT('',(2.706872140697,7.44776075969,-14.26314661677
    ));
#1838 = CARTESIAN_POINT('',(2.920645607269,7.44776075969,-16.71120422756
    ));
#1839 = CARTESIAN_POINT('',(3.072523861916,7.44776075969,-19.1638799355)
  );
#1840 = CARTESIAN_POINT('',(3.162410692088,7.44776075969,-21.61960910987
    ));
#1841 = CARTESIAN_POINT('',(3.190246235117,7.44776075969,-24.07682495485
    ));
#1842 = CARTESIAN_POINT('',(3.156022137323,7.44776075969,-26.53396061871
    ));
#1843 = CARTESIAN_POINT('',(3.059725136786,7.44776075969,-28.98944594814
    ));
#1844 = CARTESIAN_POINT('',(2.901547641103,7.44776075969,-31.44172436097
    ));
#1845 = CARTESIAN_POINT('',(2.681101750018,7.447760759691,
    -33.88919460029));
#1846 = CARTESIAN_POINT('',(2.400352352082,7.447760759689,
    -36.33043284053));
#1847 = CARTESIAN_POINT('',(2.052670328994,7.447760759696,
    -38.76336849622));
#1848 = CARTESIAN_POINT('',(1.663686104081,7.447760759667,
    -41.18836485666));
#1849 = CARTESIAN_POINT('',(1.1251701794,7.447760759779,-43.65936658194)
  );
#1850 = CARTESIAN_POINT('',(0.918756309622,7.447760759483,
    -45.33370322758));
#1851 = CARTESIAN_POINT('',(1.857683284073,7.44776075969,-46.27950591363
    ));
#1852 = CARTESIAN_POINT('',(0.160642086832,7.556761420481,0.247722464089
    ));
#1853 = CARTESIAN_POINT('',(0.364373050163,7.556761420629,
    -0.545930036061));
#1854 = CARTESIAN_POINT('',(0.751792566648,7.556761420413,
    -2.138331664629));
#1855 = CARTESIAN_POINT('',(1.272406754107,7.5567614205,-4.540888662757)
  );
#1856 = CARTESIAN_POINT('',(1.732178323354,7.556761420476,
    -6.955817028718));
#1857 = CARTESIAN_POINT('',(2.130812736319,7.556761420483,
    -9.381589710818));
#1858 = CARTESIAN_POINT('',(2.468056020709,7.556761420481,
    -11.81665558337));
#1859 = CARTESIAN_POINT('',(2.743692933839,7.556761420481,
    -14.25946218797));
#1860 = CARTESIAN_POINT('',(2.957547707694,7.556761420481,
    -16.70845090093));
#1861 = CARTESIAN_POINT('',(3.109483728251,7.556761420481,
    -19.16205946752));
#1862 = CARTESIAN_POINT('',(3.199404746118,7.556761420481,
    -21.61872266186));
#1863 = CARTESIAN_POINT('',(3.227250876783,7.556761420481,
    -24.07687309244));
#1864 = CARTESIAN_POINT('',(3.193013759938,7.556761420481,
    -26.53494331075));
#1865 = CARTESIAN_POINT('',(3.096680141501,7.556761420481,-28.9913625693
    ));
#1866 = CARTESIAN_POINT('',(2.938442454165,7.556761420481,
    -31.44457368271));
#1867 = CARTESIAN_POINT('',(2.717912829601,7.556761420481,
    -33.89297482677));
#1868 = CARTESIAN_POINT('',(2.43705623393,7.556761420482,-36.33514147855
    ));
#1869 = CARTESIAN_POINT('',(2.089243527095,7.55676142048,-38.76900284667
    ));
#1870 = CARTESIAN_POINT('',(1.700105552206,7.556761420485,
    -41.19492018793));
#1871 = CARTESIAN_POINT('',(1.161407024917,7.556761420468,
    -43.66686691201));
#1872 = CARTESIAN_POINT('',(0.954855897264,7.556761420513,
    -45.34182670976));
#1873 = CARTESIAN_POINT('',(1.893721229511,7.556761420481,
    -46.28789168372));
#1874 = DEFINITIONAL_REPRESENTATION('',(#1875),#1879);
#1875 = LINE('',#1876,#1877);
#1876 = CARTESIAN_POINT('',(0.,0.));
#1877 = VECTOR('',#1878,1.);
#1878 = DIRECTION('',(1.,0.));
#1879 = ( GEOMETRIC_REPRESENTATION_CONTEXT(2) 
PARAMETRIC_REPRESENTATION_CONTEXT() REPRESENTATION_CONTEXT('2D SPACE',''
  ) );
#1880 = ORIENTED_EDGE('',*,*,#1881,.F.);
#1881 = EDGE_CURVE('',#1882,#1816,#1884,.T.);
#1882 = VERTEX_POINT('',#1883);
#1883 = CARTESIAN_POINT('',(0.103051875333,7.334863049154,0.232938669412
    ));
#1884 = SURFACE_CURVE('',#1885,(#1888,#1894),.PCURVE_S1.);
#1885 = B_SPLINE_CURVE_WITH_KNOTS('',1,(#1886,#1887),.UNSPECIFIED.,.F.,
  .F.,(2,2),(2.,3.),.PIECEWISE_BEZIER_KNOTS.);
#1886 = CARTESIAN_POINT('',(0.103051875333,7.334863049154,0.232938669412
    ));
#1887 = CARTESIAN_POINT('',(0.124803366113,7.44776075969,0.238522423408)
  );
#1888 = PCURVE('',#101,#1889);
#1889 = DEFINITIONAL_REPRESENTATION('',(#1890),#1893);
#1890 = B_SPLINE_CURVE_WITH_KNOTS('',1,(#1891,#1892),.UNSPECIFIED.,.F.,
  .F.,(2,2),(2.,3.),.PIECEWISE_BEZIER_KNOTS.);
#1891 = CARTESIAN_POINT('',(9.120604243287E-03,0.234806612086));
#1892 = CARTESIAN_POINT('',(3.234222965392E-02,0.347549482448));
#1893 = ( GEOMETRIC_REPRESENTATION_CONTEXT(2) 
PARAMETRIC_REPRESENTATION_CONTEXT() REPRESENTATION_CONTEXT('2D SPACE',''
  ) );
#1894 = PCURVE('',#1895,#1940);
#1895 = ( BOUNDED_SURFACE() B_SPLINE_SURFACE(1,3,(
    (#1896,#1897,#1898,#1899,#1900,#1901,#1902,#1903,#1904,#1905,#1906
      ,#1907,#1908,#1909,#1910,#1911,#1912,#1913,#1914,#1915,#1916,#1917
      )
    ,(#1918,#1919,#1920,#1921,#1922,#1923,#1924,#1925,#1926,#1927,#1928
      ,#1929,#1930,#1931,#1932,#1933,#1934,#1935,#1936,#1937,#1938,#1939
)),.UNSPECIFIED.,.F.,.F.,.F.) B_SPLINE_SURFACE_WITH_KNOTS((2,2),(4,1,1,1
    ,1,1,1,1,1,1,1,1,1,1,1,1,1,1,1,4),(2.,3.),(0.,5.24163189288E-02,
    0.104832637858,0.157248956786,0.209665275715,0.262081594644,
    0.314497913573,0.366914232502,0.41933055143,0.471746870359,
    0.524163189288,0.576579508217,0.628995827146,0.681412146074,
    0.733828465003,0.786244783932,0.838661102861,0.89107742179,
0.943493740718,1.),.UNSPECIFIED.) GEOMETRIC_REPRESENTATION_ITEM() 
RATIONAL_B_SPLINE_SURFACE((
    (1.,0.999999999991,1.000000000004,0.999999999999,1.,1.,1.,1.,1.,1.
      ,1.,1.,1.,1.,1.,1.,1.,0.999999999999,1.000000000003,0.99999999999
      ,1.000000000024,1.)
    ,(1.,0.999999999991,1.000000000004,0.999999999999,1.,1.,1.,1.,1.,1.
      ,1.,1.,1.,1.,1.,1.,1.,0.999999999999,1.000000000003,0.99999999999
,1.000000000024,1.))) REPRESENTATION_ITEM('') SURFACE() );
#1896 = CARTESIAN_POINT('',(0.103051875333,7.334863049154,0.232938669412
    ));
#1897 = CARTESIAN_POINT('',(0.306658369025,7.334863049098,
    -0.560228947516));
#1898 = CARTESIAN_POINT('',(0.693841190832,7.33486304918,-2.151657695979
    ));
#1899 = CARTESIAN_POINT('',(1.214137308331,7.334863049147,
    -4.552746848288));
#1900 = CARTESIAN_POINT('',(1.673627979433,7.334863049156,
    -6.966199810152));
#1901 = CARTESIAN_POINT('',(2.07201884611,7.334863049153,-9.390490462796
    ));
#1902 = CARTESIAN_POINT('',(2.40905609121,7.334863049154,-11.82406862821
    ));
#1903 = CARTESIAN_POINT('',(2.684524603551,7.334863049154,
    -14.26538279645));
#1904 = CARTESIAN_POINT('',(2.89824872253,7.334863049154,-16.7128752961)
  );
#1905 = CARTESIAN_POINT('',(3.050091917481,7.334863049154,
    -19.16498482684));
#1906 = CARTESIAN_POINT('',(3.139957998214,7.334863049154,
    -21.62014711918));
#1907 = CARTESIAN_POINT('',(3.167787115321,7.334863049154,
    -24.07679573885));
#1908 = CARTESIAN_POINT('',(3.133570919142,7.334863049154,
    -26.53336419628));
#1909 = CARTESIAN_POINT('',(3.037296143,7.334863049154,-28.98828269881)
  );
#1910 = CARTESIAN_POINT('',(2.879155179262,7.334863049154,-31.4399950304
    ));
#1911 = CARTESIAN_POINT('',(2.658760108295,7.334863049153,
    -33.88690027839));
#1912 = CARTESIAN_POINT('',(2.378075771568,7.334863049154,
    -36.32757504051));
#1913 = CARTESIAN_POINT('',(2.030473063989,7.334863049151,
    -38.75994885627));
#1914 = CARTESIAN_POINT('',(1.641582154096,7.334863049163,
    -41.18438624842));
#1915 = CARTESIAN_POINT('',(1.103177055918,7.334863049119,
    -43.65481442863));
#1916 = CARTESIAN_POINT('',(0.896846491579,7.334863049234,
    -45.32877286552));
#1917 = CARTESIAN_POINT('',(1.835810878413,7.334863049154,
    -46.27441636252));
#1918 = CARTESIAN_POINT('',(0.124803366113,7.44776075969,0.238522423408)
  );
#1919 = CARTESIAN_POINT('',(0.328456871222,7.447760759821,
    -0.554828331048));
#1920 = CARTESIAN_POINT('',(0.715729091314,7.44776075963,-2.146624530817
    ));
#1921 = CARTESIAN_POINT('',(1.236145341974,7.447760759706,
    -4.548268079987));
#1922 = CARTESIAN_POINT('',(1.695742106693,7.447760759686,-6.96227829348
    ));
#1923 = CARTESIAN_POINT('',(2.094224959397,7.447760759691,
    -9.387128700101));
#1924 = CARTESIAN_POINT('',(2.431340024349,7.44776075969,-11.82126876392
    ));
#1925 = CARTESIAN_POINT('',(2.706872140697,7.44776075969,-14.26314661677
    ));
#1926 = CARTESIAN_POINT('',(2.920645607269,7.44776075969,-16.71120422756
    ));
#1927 = CARTESIAN_POINT('',(3.072523861916,7.44776075969,-19.1638799355)
  );
#1928 = CARTESIAN_POINT('',(3.162410692088,7.44776075969,-21.61960910987
    ));
#1929 = CARTESIAN_POINT('',(3.190246235117,7.44776075969,-24.07682495485
    ));
#1930 = CARTESIAN_POINT('',(3.156022137323,7.44776075969,-26.53396061871
    ));
#1931 = CARTESIAN_POINT('',(3.059725136786,7.44776075969,-28.98944594814
    ));
#1932 = CARTESIAN_POINT('',(2.901547641103,7.44776075969,-31.44172436097
    ));
#1933 = CARTESIAN_POINT('',(2.681101750018,7.447760759691,
    -33.88919460029));
#1934 = CARTESIAN_POINT('',(2.400352352082,7.447760759689,
    -36.33043284053));
#1935 = CARTESIAN_POINT('',(2.052670328994,7.447760759696,
    -38.76336849622));
#1936 = CARTESIAN_POINT('',(1.663686104081,7.447760759667,
    -41.18836485666));
#1937 = CARTESIAN_POINT('',(1.1251701794,7.447760759779,-43.65936658194)
  );
#1938 = CARTESIAN_POINT('',(0.918756309622,7.447760759483,
    -45.33370322758));
#1939 = CARTESIAN_POINT('',(1.857683284073,7.44776075969,-46.27950591363
    ));
#1940 = DEFINITIONAL_REPRESENTATION('',(#1941),#1945);
#1941 = LINE('',#1942,#1943);
#1942 = CARTESIAN_POINT('',(0.,0.));
#1943 = VECTOR('',#1944,1.);
#1944 = DIRECTION('',(1.,0.));
#1945 = ( GEOMETRIC_REPRESENTATION_CONTEXT(2) 
PARAMETRIC_REPRESENTATION_CONTEXT() REPRESENTATION_CONTEXT('2D SPACE',''
  ) );
#1946 = ORIENTED_EDGE('',*,*,#1947,.F.);
#1947 = EDGE_CURVE('',#42,#1882,#1948,.T.);
#1948 = SURFACE_CURVE('',#1949,(#1952,#1958),.PCURVE_S1.);
#1949 = B_SPLINE_CURVE_WITH_KNOTS('',1,(#1950,#1951),.UNSPECIFIED.,.F.,
  .F.,(2,2),(1.,2.),.PIECEWISE_BEZIER_KNOTS.);
#1950 = CARTESIAN_POINT('',(9.57597885303E-02,7.22,0.231066741679));
#1951 = CARTESIAN_POINT('',(0.103051875333,7.334863049154,0.232938669412
    ));
#1952 = PCURVE('',#101,#1953);
#1953 = DEFINITIONAL_REPRESENTATION('',(#1954),#1957);
#1954 = B_SPLINE_CURVE_WITH_KNOTS('',1,(#1955,#1956),.UNSPECIFIED.,.F.,
  .F.,(2,2),(1.,2.),.PIECEWISE_BEZIER_KNOTS.);
#1955 = CARTESIAN_POINT('',(8.13540625538E-04,0.119997242267));
#1956 = CARTESIAN_POINT('',(9.120604243287E-03,0.234806612086));
#1957 = ( GEOMETRIC_REPRESENTATION_CONTEXT(2) 
PARAMETRIC_REPRESENTATION_CONTEXT() REPRESENTATION_CONTEXT('2D SPACE',''
  ) );
#1958 = PCURVE('',#147,#1959);
#1959 = DEFINITIONAL_REPRESENTATION('',(#1960),#1964);
#1960 = LINE('',#1961,#1962);
#1961 = CARTESIAN_POINT('',(0.,0.));
#1962 = VECTOR('',#1963,1.);
#1963 = DIRECTION('',(1.,0.));
#1964 = ( GEOMETRIC_REPRESENTATION_CONTEXT(2) 
PARAMETRIC_REPRESENTATION_CONTEXT() REPRESENTATION_CONTEXT('2D SPACE',''
  ) );
#1965 = ADVANCED_FACE('',(#1966),#147,.T.);
#1966 = FACE_BOUND('',#1967,.T.);
#1967 = EDGE_LOOP('',(#1968,#1969,#2011,#2030));
#1968 = ORIENTED_EDGE('',*,*,#1947,.T.);
#1969 = ORIENTED_EDGE('',*,*,#1970,.T.);
#1970 = EDGE_CURVE('',#1882,#1971,#1973,.T.);
#1971 = VERTEX_POINT('',#1972);
#1972 = CARTESIAN_POINT('',(1.835810878413,7.334863049154,
    -46.27441636252));
#1973 = SURFACE_CURVE('',#1974,(#1997,#2004),.PCURVE_S1.);
#1974 = ( BOUNDED_CURVE() B_SPLINE_CURVE(3,(#1975,#1976,#1977,#1978,
    #1979,#1980,#1981,#1982,#1983,#1984,#1985,#1986,#1987,#1988,#1989,
    #1990,#1991,#1992,#1993,#1994,#1995,#1996),.UNSPECIFIED.,.F.,.F.) 
B_SPLINE_CURVE_WITH_KNOTS((4,1,1,1,1,1,1,1,1,1,1,1,1,1,1,1,1,1,1,4),(0.,
    5.24163189288E-02,0.104832637858,0.157248956786,0.209665275715,
    0.262081594644,0.314497913573,0.366914232502,0.41933055143,
    0.471746870359,0.524163189288,0.576579508217,0.628995827146,
    0.681412146074,0.733828465003,0.786244783932,0.838661102861,
0.89107742179,0.943493740718,1.),.UNSPECIFIED.) CURVE() 
GEOMETRIC_REPRESENTATION_ITEM() RATIONAL_B_SPLINE_CURVE((1.,
    0.999999999991,1.000000000004,0.999999999999,1.,1.,1.,1.,1.,1.,1.,1.
    ,1.,1.,1.,1.,1.,0.999999999999,1.000000000003,0.99999999999,
1.000000000024,1.)) REPRESENTATION_ITEM('') );
#1975 = CARTESIAN_POINT('',(0.103051875333,7.334863049154,0.232938669412
    ));
#1976 = CARTESIAN_POINT('',(0.306658369025,7.334863049098,
    -0.560228947516));
#1977 = CARTESIAN_POINT('',(0.693841190832,7.33486304918,-2.151657695979
    ));
#1978 = CARTESIAN_POINT('',(1.214137308331,7.334863049147,
    -4.552746848288));
#1979 = CARTESIAN_POINT('',(1.673627979433,7.334863049156,
    -6.966199810152));
#1980 = CARTESIAN_POINT('',(2.07201884611,7.334863049153,-9.390490462796
    ));
#1981 = CARTESIAN_POINT('',(2.40905609121,7.334863049154,-11.82406862821
    ));
#1982 = CARTESIAN_POINT('',(2.684524603551,7.334863049154,
    -14.26538279645));
#1983 = CARTESIAN_POINT('',(2.89824872253,7.334863049154,-16.7128752961)
  );
#1984 = CARTESIAN_POINT('',(3.050091917481,7.334863049154,
    -19.16498482684));
#1985 = CARTESIAN_POINT('',(3.139957998214,7.334863049154,
    -21.62014711918));
#1986 = CARTESIAN_POINT('',(3.167787115321,7.334863049154,
    -24.07679573885));
#1987 = CARTESIAN_POINT('',(3.133570919142,7.334863049154,
    -26.53336419628));
#1988 = CARTESIAN_POINT('',(3.037296143,7.334863049154,-28.98828269881)
  );
#1989 = CARTESIAN_POINT('',(2.879155179262,7.334863049154,-31.4399950304
    ));
#1990 = CARTESIAN_POINT('',(2.658760108295,7.334863049153,
    -33.88690027839));
#1991 = CARTESIAN_POINT('',(2.378075771568,7.334863049154,
    -36.32757504051));
#1992 = CARTESIAN_POINT('',(2.030473063989,7.334863049151,
    -38.75994885627));
#1993 = CARTESIAN_POINT('',(1.641582154096,7.334863049163,
    -41.18438624842));
#1994 = CARTESIAN_POINT('',(1.103177055918,7.334863049119,
    -43.65481442863));
#1995 = CARTESIAN_POINT('',(0.896846491579,7.334863049234,
    -45.32877286552));
#1996 = CARTESIAN_POINT('',(1.835810878413,7.334863049154,
    -46.27441636252));
#1997 = PCURVE('',#147,#1998);
#1998 = DEFINITIONAL_REPRESENTATION('',(#1999),#2003);
#1999 = LINE('',#2000,#2001);
#2000 = CARTESIAN_POINT('',(2.,0.));
#2001 = VECTOR('',#2002,1.);
#2002 = DIRECTION('',(0.,1.));
#2003 = ( GEOMETRIC_REPRESENTATION_CONTEXT(2) 
PARAMETRIC_REPRESENTATION_CONTEXT() REPRESENTATION_CONTEXT('2D SPACE',''
  ) );
#2004 = PCURVE('',#1895,#2005);
#2005 = DEFINITIONAL_REPRESENTATION('',(#2006),#2010);
#2006 = LINE('',#2007,#2008);
#2007 = CARTESIAN_POINT('',(2.,0.));
#2008 = VECTOR('',#2009,1.);
#2009 = DIRECTION('',(0.,1.));
#2010 = ( GEOMETRIC_REPRESENTATION_CONTEXT(2) 
PARAMETRIC_REPRESENTATION_CONTEXT() REPRESENTATION_CONTEXT('2D SPACE',''
  ) );
#2011 = ORIENTED_EDGE('',*,*,#2012,.F.);
#2012 = EDGE_CURVE('',#113,#1971,#2013,.T.);
#2013 = SURFACE_CURVE('',#2014,(#2017,#2024),.PCURVE_S1.);
#2014 = B_SPLINE_CURVE_WITH_KNOTS('',1,(#2015,#2016),.UNSPECIFIED.,.F.,
  .F.,(2,2),(1.,2.),.PIECEWISE_BEZIER_KNOTS.);
#2015 = CARTESIAN_POINT('',(1.828478255456,7.22,-46.27271011403));
#2016 = CARTESIAN_POINT('',(1.835810878413,7.334863049154,
    -46.27441636252));
#2017 = PCURVE('',#147,#2018);
#2018 = DEFINITIONAL_REPRESENTATION('',(#2019),#2023);
#2019 = LINE('',#2020,#2021);
#2020 = CARTESIAN_POINT('',(0.,1.));
#2021 = VECTOR('',#2022,1.);
#2022 = DIRECTION('',(1.,0.));
#2023 = ( GEOMETRIC_REPRESENTATION_CONTEXT(2) 
PARAMETRIC_REPRESENTATION_CONTEXT() REPRESENTATION_CONTEXT('2D SPACE',''
  ) );
#2024 = PCURVE('',#214,#2025);
#2025 = DEFINITIONAL_REPRESENTATION('',(#2026),#2029);
#2026 = B_SPLINE_CURVE_WITH_KNOTS('',1,(#2027,#2028),.UNSPECIFIED.,.F.,
  .F.,(2,2),(1.,2.),.PIECEWISE_BEZIER_KNOTS.);
#2027 = CARTESIAN_POINT('',(9.462656157453E-04,0.119996269031));
#2028 = CARTESIAN_POINT('',(9.380311483895E-03,0.234796380418));
#2029 = ( GEOMETRIC_REPRESENTATION_CONTEXT(2) 
PARAMETRIC_REPRESENTATION_CONTEXT() REPRESENTATION_CONTEXT('2D SPACE',''
  ) );
#2030 = ORIENTED_EDGE('',*,*,#112,.F.);
#2031 = ADVANCED_FACE('',(#2032),#214,.F.);
#2032 = FACE_BOUND('',#2033,.T.);
#2033 = EDGE_LOOP('',(#2034,#2035,#2036,#2057,#2078,#2099,#2120,#2141,
    #2162,#2183,#2204,#2225,#2246,#2267,#2290,#2311,#2332,#2353,#2374,
    #2395,#2416,#2437,#2458,#2479,#2500,#2521,#2542,#2563));
#2034 = ORIENTED_EDGE('',*,*,#199,.T.);
#2035 = ORIENTED_EDGE('',*,*,#2012,.T.);
#2036 = ORIENTED_EDGE('',*,*,#2037,.T.);
#2037 = EDGE_CURVE('',#1971,#2038,#2040,.T.);
#2038 = VERTEX_POINT('',#2039);
#2039 = CARTESIAN_POINT('',(1.857683284073,7.44776075969,-46.27950591363
    ));
#2040 = SURFACE_CURVE('',#2041,(#2044,#2050),.PCURVE_S1.);
#2041 = B_SPLINE_CURVE_WITH_KNOTS('',1,(#2042,#2043),.UNSPECIFIED.,.F.,
  .F.,(2,2),(2.,3.),.PIECEWISE_BEZIER_KNOTS.);
#2042 = CARTESIAN_POINT('',(1.835810878413,7.334863049154,
    -46.27441636252));
#2043 = CARTESIAN_POINT('',(1.857683284073,7.44776075969,-46.27950591363
    ));
#2044 = PCURVE('',#214,#2045);
#2045 = DEFINITIONAL_REPRESENTATION('',(#2046),#2049);
#2046 = B_SPLINE_CURVE_WITH_KNOTS('',1,(#2047,#2048),.UNSPECIFIED.,.F.,
  .F.,(2,2),(2.,3.),.PIECEWISE_BEZIER_KNOTS.);
#2047 = CARTESIAN_POINT('',(9.380311483895E-03,0.234796380418));
#2048 = CARTESIAN_POINT('',(3.272662432627E-02,0.347513497046));
#2049 = ( GEOMETRIC_REPRESENTATION_CONTEXT(2) 
PARAMETRIC_REPRESENTATION_CONTEXT() REPRESENTATION_CONTEXT('2D SPACE',''
  ) );
#2050 = PCURVE('',#1895,#2051);
#2051 = DEFINITIONAL_REPRESENTATION('',(#2052),#2056);
#2052 = LINE('',#2053,#2054);
#2053 = CARTESIAN_POINT('',(0.,1.));
#2054 = VECTOR('',#2055,1.);
#2055 = DIRECTION('',(1.,0.));
#2056 = ( GEOMETRIC_REPRESENTATION_CONTEXT(2) 
PARAMETRIC_REPRESENTATION_CONTEXT() REPRESENTATION_CONTEXT('2D SPACE',''
  ) );
#2057 = ORIENTED_EDGE('',*,*,#2058,.T.);
#2058 = EDGE_CURVE('',#2038,#2059,#2061,.T.);
#2059 = VERTEX_POINT('',#2060);
#2060 = CARTESIAN_POINT('',(1.893721229511,7.556761420481,
    -46.28789168372));
#2061 = SURFACE_CURVE('',#2062,(#2065,#2071),.PCURVE_S1.);
#2062 = B_SPLINE_CURVE_WITH_KNOTS('',1,(#2063,#2064),.UNSPECIFIED.,.F.,
  .F.,(2,2),(3.,4.),.PIECEWISE_BEZIER_KNOTS.);
#2063 = CARTESIAN_POINT('',(1.857683284073,7.44776075969,-46.27950591363
    ));
#2064 = CARTESIAN_POINT('',(1.893721229511,7.556761420481,
    -46.28789168372));
#2065 = PCURVE('',#214,#2066);
#2066 = DEFINITIONAL_REPRESENTATION('',(#2067),#2070);
#2067 = B_SPLINE_CURVE_WITH_KNOTS('',1,(#2068,#2069),.UNSPECIFIED.,.F.,
  .F.,(2,2),(3.,4.),.PIECEWISE_BEZIER_KNOTS.);
#2068 = CARTESIAN_POINT('',(3.272662432627E-02,0.347513497046));
#2069 = CARTESIAN_POINT('',(7.058574225734E-02,0.456218997798));
#2070 = ( GEOMETRIC_REPRESENTATION_CONTEXT(2) 
PARAMETRIC_REPRESENTATION_CONTEXT() REPRESENTATION_CONTEXT('2D SPACE',''
  ) );
#2071 = PCURVE('',#1829,#2072);
#2072 = DEFINITIONAL_REPRESENTATION('',(#2073),#2077);
#2073 = LINE('',#2074,#2075);
#2074 = CARTESIAN_POINT('',(0.,1.));
#2075 = VECTOR('',#2076,1.);
#2076 = DIRECTION('',(1.,0.));
#2077 = ( GEOMETRIC_REPRESENTATION_CONTEXT(2) 
PARAMETRIC_REPRESENTATION_CONTEXT() REPRESENTATION_CONTEXT('2D SPACE',''
  ) );
#2078 = ORIENTED_EDGE('',*,*,#2079,.T.);
#2079 = EDGE_CURVE('',#2059,#2080,#2082,.T.);
#2080 = VERTEX_POINT('',#2081);
#2081 = CARTESIAN_POINT('',(1.943308095488,7.66,-46.29943018994));
#2082 = SURFACE_CURVE('',#2083,(#2086,#2092),.PCURVE_S1.);
#2083 = B_SPLINE_CURVE_WITH_KNOTS('',1,(#2084,#2085),.UNSPECIFIED.,.F.,
  .F.,(2,2),(4.,5.),.PIECEWISE_BEZIER_KNOTS.);
#2084 = CARTESIAN_POINT('',(1.893721229511,7.556761420481,
    -46.28789168372));
#2085 = CARTESIAN_POINT('',(1.943308095488,7.66,-46.29943018994));
#2086 = PCURVE('',#214,#2087);
#2087 = DEFINITIONAL_REPRESENTATION('',(#2088),#2091);
#2088 = B_SPLINE_CURVE_WITH_KNOTS('',1,(#2089,#2090),.UNSPECIFIED.,.F.,
  .F.,(2,2),(4.,5.),.PIECEWISE_BEZIER_KNOTS.);
#2089 = CARTESIAN_POINT('',(7.058574225734E-02,0.456218997798));
#2090 = CARTESIAN_POINT('',(0.122309885273,0.559052901417));
#2091 = ( GEOMETRIC_REPRESENTATION_CONTEXT(2) 
PARAMETRIC_REPRESENTATION_CONTEXT() REPRESENTATION_CONTEXT('2D SPACE',''
  ) );
#2092 = PCURVE('',#1763,#2093);
#2093 = DEFINITIONAL_REPRESENTATION('',(#2094),#2098);
#2094 = LINE('',#2095,#2096);
#2095 = CARTESIAN_POINT('',(0.,1.));
#2096 = VECTOR('',#2097,1.);
#2097 = DIRECTION('',(1.,0.));
#2098 = ( GEOMETRIC_REPRESENTATION_CONTEXT(2) 
PARAMETRIC_REPRESENTATION_CONTEXT() REPRESENTATION_CONTEXT('2D SPACE',''
  ) );
#2099 = ORIENTED_EDGE('',*,*,#2100,.T.);
#2100 = EDGE_CURVE('',#2080,#2101,#2103,.T.);
#2101 = VERTEX_POINT('',#2102);
#2102 = CARTESIAN_POINT('',(2.005595436981,7.755710057528,
    -46.31392400524));
#2103 = SURFACE_CURVE('',#2104,(#2107,#2113),.PCURVE_S1.);
#2104 = B_SPLINE_CURVE_WITH_KNOTS('',1,(#2105,#2106),.UNSPECIFIED.,.F.,
  .F.,(2,2),(5.,6.),.PIECEWISE_BEZIER_KNOTS.);
#2105 = CARTESIAN_POINT('',(1.943308095488,7.66,-46.29943018994));
#2106 = CARTESIAN_POINT('',(2.005595436981,7.755710057528,
    -46.31392400524));
#2107 = PCURVE('',#214,#2108);
#2108 = DEFINITIONAL_REPRESENTATION('',(#2109),#2112);
#2109 = B_SPLINE_CURVE_WITH_KNOTS('',1,(#2110,#2111),.UNSPECIFIED.,.F.,
  .F.,(2,2),(5.,6.),.PIECEWISE_BEZIER_KNOTS.);
#2110 = CARTESIAN_POINT('',(0.122309885273,0.559052901417));
#2111 = CARTESIAN_POINT('',(0.187014038945,0.654255691302));
#2112 = ( GEOMETRIC_REPRESENTATION_CONTEXT(2) 
PARAMETRIC_REPRESENTATION_CONTEXT() REPRESENTATION_CONTEXT('2D SPACE',''
  ) );
#2113 = PCURVE('',#1697,#2114);
#2114 = DEFINITIONAL_REPRESENTATION('',(#2115),#2119);
#2115 = LINE('',#2116,#2117);
#2116 = CARTESIAN_POINT('',(0.,1.));
#2117 = VECTOR('',#2118,1.);
#2118 = DIRECTION('',(1.,0.));
#2119 = ( GEOMETRIC_REPRESENTATION_CONTEXT(2) 
PARAMETRIC_REPRESENTATION_CONTEXT() REPRESENTATION_CONTEXT('2D SPACE',''
  ) );
#2120 = ORIENTED_EDGE('',*,*,#2121,.T.);
#2121 = EDGE_CURVE('',#2101,#2122,#2124,.T.);
#2122 = VERTEX_POINT('',#2123);
#2123 = CARTESIAN_POINT('',(2.079517500306,7.842253967444,
    -46.33112513644));
#2124 = SURFACE_CURVE('',#2125,(#2128,#2134),.PCURVE_S1.);
#2125 = B_SPLINE_CURVE_WITH_KNOTS('',1,(#2126,#2127),.UNSPECIFIED.,.F.,
  .F.,(2,2),(6.,7.),.PIECEWISE_BEZIER_KNOTS.);
#2126 = CARTESIAN_POINT('',(2.005595436981,7.755710057528,
    -46.31392400524));
#2127 = CARTESIAN_POINT('',(2.079517500306,7.842253967444,
    -46.33112513644));
#2128 = PCURVE('',#214,#2129);
#2129 = DEFINITIONAL_REPRESENTATION('',(#2130),#2133);
#2130 = B_SPLINE_CURVE_WITH_KNOTS('',1,(#2131,#2132),.UNSPECIFIED.,.F.,
  .F.,(2,2),(6.,7.),.PIECEWISE_BEZIER_KNOTS.);
#2131 = CARTESIAN_POINT('',(0.187014038945,0.654255691302));
#2132 = CARTESIAN_POINT('',(0.263591097265,0.740198421322));
#2133 = ( GEOMETRIC_REPRESENTATION_CONTEXT(2) 
PARAMETRIC_REPRESENTATION_CONTEXT() REPRESENTATION_CONTEXT('2D SPACE',''
  ) );
#2134 = PCURVE('',#1631,#2135);
#2135 = DEFINITIONAL_REPRESENTATION('',(#2136),#2140);
#2136 = LINE('',#2137,#2138);
#2137 = CARTESIAN_POINT('',(0.,1.));
#2138 = VECTOR('',#2139,1.);
#2139 = DIRECTION('',(1.,0.));
#2140 = ( GEOMETRIC_REPRESENTATION_CONTEXT(2) 
PARAMETRIC_REPRESENTATION_CONTEXT() REPRESENTATION_CONTEXT('2D SPACE',''
  ) );
#2141 = ORIENTED_EDGE('',*,*,#2142,.T.);
#2142 = EDGE_CURVE('',#2122,#2143,#2145,.T.);
#2143 = VERTEX_POINT('',#2144);
#2144 = CARTESIAN_POINT('',(2.163809458464,7.918150939456,-46.3507392674
    ));
#2145 = SURFACE_CURVE('',#2146,(#2149,#2155),.PCURVE_S1.);
#2146 = B_SPLINE_CURVE_WITH_KNOTS('',1,(#2147,#2148),.UNSPECIFIED.,.F.,
  .F.,(2,2),(7.,8.),.PIECEWISE_BEZIER_KNOTS.);
#2147 = CARTESIAN_POINT('',(2.079517500306,7.842253967444,
    -46.33112513644));
#2148 = CARTESIAN_POINT('',(2.163809458464,7.918150939456,-46.3507392674
    ));
#2149 = PCURVE('',#214,#2150);
#2150 = DEFINITIONAL_REPRESENTATION('',(#2151),#2154);
#2151 = B_SPLINE_CURVE_WITH_KNOTS('',1,(#2152,#2153),.UNSPECIFIED.,.F.,
  .F.,(2,2),(7.,8.),.PIECEWISE_BEZIER_KNOTS.);
#2152 = CARTESIAN_POINT('',(0.263591097265,0.740198421322));
#2153 = CARTESIAN_POINT('',(0.350730805534,0.815410587539));
#2154 = ( GEOMETRIC_REPRESENTATION_CONTEXT(2) 
PARAMETRIC_REPRESENTATION_CONTEXT() REPRESENTATION_CONTEXT('2D SPACE',''
  ) );
#2155 = PCURVE('',#1565,#2156);
#2156 = DEFINITIONAL_REPRESENTATION('',(#2157),#2161);
#2157 = LINE('',#2158,#2159);
#2158 = CARTESIAN_POINT('',(0.,1.));
#2159 = VECTOR('',#2160,1.);
#2160 = DIRECTION('',(1.,0.));
#2161 = ( GEOMETRIC_REPRESENTATION_CONTEXT(2) 
PARAMETRIC_REPRESENTATION_CONTEXT() REPRESENTATION_CONTEXT('2D SPACE',''
  ) );
#2162 = ORIENTED_EDGE('',*,*,#2163,.T.);
#2163 = EDGE_CURVE('',#2143,#2164,#2166,.T.);
#2164 = VERTEX_POINT('',#2165);
#2165 = CARTESIAN_POINT('',(2.257029052683,7.98210235533,-46.37243079491
    ));
#2166 = SURFACE_CURVE('',#2167,(#2170,#2176),.PCURVE_S1.);
#2167 = B_SPLINE_CURVE_WITH_KNOTS('',1,(#2168,#2169),.UNSPECIFIED.,.F.,
  .F.,(2,2),(8.,9.),.PIECEWISE_BEZIER_KNOTS.);
#2168 = CARTESIAN_POINT('',(2.163809458464,7.918150939456,-46.3507392674
    ));
#2169 = CARTESIAN_POINT('',(2.257029052683,7.98210235533,-46.37243079491
    ));
#2170 = PCURVE('',#214,#2171);
#2171 = DEFINITIONAL_REPRESENTATION('',(#2172),#2175);
#2172 = B_SPLINE_CURVE_WITH_KNOTS('',1,(#2173,#2174),.UNSPECIFIED.,.F.,
  .F.,(2,2),(8.,9.),.PIECEWISE_BEZIER_KNOTS.);
#2173 = CARTESIAN_POINT('',(0.350730805534,0.815410587539));
#2174 = CARTESIAN_POINT('',(0.446942179184,0.878605288935));
#2175 = ( GEOMETRIC_REPRESENTATION_CONTEXT(2) 
PARAMETRIC_REPRESENTATION_CONTEXT() REPRESENTATION_CONTEXT('2D SPACE',''
  ) );
#2176 = PCURVE('',#1499,#2177);
#2177 = DEFINITIONAL_REPRESENTATION('',(#2178),#2182);
#2178 = LINE('',#2179,#2180);
#2179 = CARTESIAN_POINT('',(0.,1.));
#2180 = VECTOR('',#2181,1.);
#2181 = DIRECTION('',(1.,0.));
#2182 = ( GEOMETRIC_REPRESENTATION_CONTEXT(2) 
PARAMETRIC_REPRESENTATION_CONTEXT() REPRESENTATION_CONTEXT('2D SPACE',''
  ) );
#2183 = ORIENTED_EDGE('',*,*,#2184,.T.);
#2184 = EDGE_CURVE('',#2164,#2185,#2187,.T.);
#2185 = VERTEX_POINT('',#2186);
#2186 = CARTESIAN_POINT('',(2.357581269859,8.03301398861,-46.39582857091
    ));
#2187 = SURFACE_CURVE('',#2188,(#2191,#2197),.PCURVE_S1.);
#2188 = B_SPLINE_CURVE_WITH_KNOTS('',1,(#2189,#2190),.UNSPECIFIED.,.F.,
  .F.,(2,2),(9.,10.),.PIECEWISE_BEZIER_KNOTS.);
#2189 = CARTESIAN_POINT('',(2.257029052683,7.98210235533,-46.37243079491
    ));
#2190 = CARTESIAN_POINT('',(2.357581269859,8.03301398861,-46.39582857091
    ));
#2191 = PCURVE('',#214,#2192);
#2192 = DEFINITIONAL_REPRESENTATION('',(#2193),#2196);
#2193 = B_SPLINE_CURVE_WITH_KNOTS('',1,(#2194,#2195),.UNSPECIFIED.,.F.,
  .F.,(2,2),(9.,10.),.PIECEWISE_BEZIER_KNOTS.);
#2194 = CARTESIAN_POINT('',(0.446942179184,0.878605288935));
#2195 = CARTESIAN_POINT('',(0.550579014937,0.928701246651));
#2196 = ( GEOMETRIC_REPRESENTATION_CONTEXT(2) 
PARAMETRIC_REPRESENTATION_CONTEXT() REPRESENTATION_CONTEXT('2D SPACE',''
  ) );
#2197 = PCURVE('',#1433,#2198);
#2198 = DEFINITIONAL_REPRESENTATION('',(#2199),#2203);
#2199 = LINE('',#2200,#2201);
#2200 = CARTESIAN_POINT('',(0.,1.));
#2201 = VECTOR('',#2202,1.);
#2202 = DIRECTION('',(1.,0.));
#2203 = ( GEOMETRIC_REPRESENTATION_CONTEXT(2) 
PARAMETRIC_REPRESENTATION_CONTEXT() REPRESENTATION_CONTEXT('2D SPACE',''
  ) );
#2204 = ORIENTED_EDGE('',*,*,#2205,.T.);
#2205 = EDGE_CURVE('',#2185,#2206,#2208,.T.);
#2206 = VERTEX_POINT('',#2207);
#2207 = CARTESIAN_POINT('',(2.463745633678,8.070014727134,
    -46.42053225298));
#2208 = SURFACE_CURVE('',#2209,(#2212,#2218),.PCURVE_S1.);
#2209 = B_SPLINE_CURVE_WITH_KNOTS('',1,(#2210,#2211),.UNSPECIFIED.,.F.,
  .F.,(2,2),(10.,11.),.PIECEWISE_BEZIER_KNOTS.);
#2210 = CARTESIAN_POINT('',(2.357581269859,8.03301398861,-46.39582857091
    ));
#2211 = CARTESIAN_POINT('',(2.463745633678,8.070014727134,
    -46.42053225298));
#2212 = PCURVE('',#214,#2213);
#2213 = DEFINITIONAL_REPRESENTATION('',(#2214),#2217);
#2214 = B_SPLINE_CURVE_WITH_KNOTS('',1,(#2215,#2216),.UNSPECIFIED.,.F.,
  .F.,(2,2),(10.,11.),.PIECEWISE_BEZIER_KNOTS.);
#2215 = CARTESIAN_POINT('',(0.550579014937,0.928701246651));
#2216 = CARTESIAN_POINT('',(0.659868057799,0.964841304958));
#2217 = ( GEOMETRIC_REPRESENTATION_CONTEXT(2) 
PARAMETRIC_REPRESENTATION_CONTEXT() REPRESENTATION_CONTEXT('2D SPACE',''
  ) );
#2218 = PCURVE('',#1367,#2219);
#2219 = DEFINITIONAL_REPRESENTATION('',(#2220),#2224);
#2220 = LINE('',#2221,#2222);
#2221 = CARTESIAN_POINT('',(0.,1.));
#2222 = VECTOR('',#2223,1.);
#2223 = DIRECTION('',(1.,0.));
#2224 = ( GEOMETRIC_REPRESENTATION_CONTEXT(2) 
PARAMETRIC_REPRESENTATION_CONTEXT() REPRESENTATION_CONTEXT('2D SPACE',''
  ) );
#2225 = ORIENTED_EDGE('',*,*,#2226,.T.);
#2226 = EDGE_CURVE('',#2206,#2227,#2229,.T.);
#2227 = VERTEX_POINT('',#2228);
#2228 = CARTESIAN_POINT('',(2.573705642441,8.092471478009,
    -46.44611915427));
#2229 = SURFACE_CURVE('',#2230,(#2233,#2239),.PCURVE_S1.);
#2230 = B_SPLINE_CURVE_WITH_KNOTS('',1,(#2231,#2232),.UNSPECIFIED.,.F.,
  .F.,(2,2),(11.,12.),.PIECEWISE_BEZIER_KNOTS.);
#2231 = CARTESIAN_POINT('',(2.463745633678,8.070014727134,
    -46.42053225298));
#2232 = CARTESIAN_POINT('',(2.573705642441,8.092471478009,
    -46.44611915427));
#2233 = PCURVE('',#214,#2234);
#2234 = DEFINITIONAL_REPRESENTATION('',(#2235),#2238);
#2235 = B_SPLINE_CURVE_WITH_KNOTS('',1,(#2236,#2237),.UNSPECIFIED.,.F.,
  .F.,(2,2),(11.,12.),.PIECEWISE_BEZIER_KNOTS.);
#2236 = CARTESIAN_POINT('',(0.659868057799,0.964841304958));
#2237 = CARTESIAN_POINT('',(0.772939341947,0.986407097441));
#2238 = ( GEOMETRIC_REPRESENTATION_CONTEXT(2) 
PARAMETRIC_REPRESENTATION_CONTEXT() REPRESENTATION_CONTEXT('2D SPACE',''
  ) );
#2239 = PCURVE('',#1301,#2240);
#2240 = DEFINITIONAL_REPRESENTATION('',(#2241),#2245);
#2241 = LINE('',#2242,#2243);
#2242 = CARTESIAN_POINT('',(0.,1.));
#2243 = VECTOR('',#2244,1.);
#2244 = DIRECTION('',(1.,0.));
#2245 = ( GEOMETRIC_REPRESENTATION_CONTEXT(2) 
PARAMETRIC_REPRESENTATION_CONTEXT() REPRESENTATION_CONTEXT('2D SPACE',''
  ) );
#2246 = ORIENTED_EDGE('',*,*,#2247,.T.);
#2247 = EDGE_CURVE('',#2227,#2248,#2250,.T.);
#2248 = VERTEX_POINT('',#2249);
#2249 = CARTESIAN_POINT('',(2.685579849911,8.1,-46.47215147579));
#2250 = SURFACE_CURVE('',#2251,(#2254,#2260),.PCURVE_S1.);
#2251 = B_SPLINE_CURVE_WITH_KNOTS('',1,(#2252,#2253),.UNSPECIFIED.,.F.,
  .F.,(2,2),(12.,13.),.PIECEWISE_BEZIER_KNOTS.);
#2252 = CARTESIAN_POINT('',(2.573705642441,8.092471478009,
    -46.44611915427));
#2253 = CARTESIAN_POINT('',(2.685579849911,8.1,-46.47215147579));
#2254 = PCURVE('',#214,#2255);
#2255 = DEFINITIONAL_REPRESENTATION('',(#2256),#2259);
#2256 = B_SPLINE_CURVE_WITH_KNOTS('',1,(#2257,#2258),.UNSPECIFIED.,.F.,
  .F.,(2,2),(12.,13.),.PIECEWISE_BEZIER_KNOTS.);
#2257 = CARTESIAN_POINT('',(0.772939341947,0.986407097441));
#2258 = CARTESIAN_POINT('',(0.887858186359,0.99302962741));
#2259 = ( GEOMETRIC_REPRESENTATION_CONTEXT(2) 
PARAMETRIC_REPRESENTATION_CONTEXT() REPRESENTATION_CONTEXT('2D SPACE',''
  ) );
#2260 = PCURVE('',#1235,#2261);
#2261 = DEFINITIONAL_REPRESENTATION('',(#2262),#2266);
#2262 = LINE('',#2263,#2264);
#2263 = CARTESIAN_POINT('',(0.,1.));
#2264 = VECTOR('',#2265,1.);
#2265 = DIRECTION('',(1.,0.));
#2266 = ( GEOMETRIC_REPRESENTATION_CONTEXT(2) 
PARAMETRIC_REPRESENTATION_CONTEXT() REPRESENTATION_CONTEXT('2D SPACE',''
  ) );
#2267 = ORIENTED_EDGE('',*,*,#2268,.F.);
#2268 = EDGE_CURVE('',#2269,#2248,#2271,.T.);
#2269 = VERTEX_POINT('',#2270);
#2270 = CARTESIAN_POINT('',(15.79265148988,8.1,-49.52207255112));
#2271 = SURFACE_CURVE('',#2272,(#2276,#2283),.PCURVE_S1.);
#2272 = LINE('',#2273,#2274);
#2273 = CARTESIAN_POINT('',(15.79265148988,8.1,-49.52207255112));
#2274 = VECTOR('',#2275,1.);
#2275 = DIRECTION('',(-0.973979084608,0.,0.226637911096));
#2276 = PCURVE('',#214,#2277);
#2277 = DEFINITIONAL_REPRESENTATION('',(#2278),#2282);
#2278 = LINE('',#2279,#2280);
#2279 = CARTESIAN_POINT('',(14.344681161094,0.886911920744));
#2280 = VECTOR('',#2281,1.);
#2281 = DIRECTION('',(-0.999968908593,7.885546797874E-03));
#2282 = ( GEOMETRIC_REPRESENTATION_CONTEXT(2) 
PARAMETRIC_REPRESENTATION_CONTEXT() REPRESENTATION_CONTEXT('2D SPACE',''
  ) );
#2283 = PCURVE('',#1209,#2284);
#2284 = DEFINITIONAL_REPRESENTATION('',(#2285),#2289);
#2285 = LINE('',#2286,#2287);
#2286 = CARTESIAN_POINT('',(11.856337502661,26.745465170779));
#2287 = VECTOR('',#2288,1.);
#2288 = DIRECTION('',(-0.970772200105,-0.240002782283));
#2289 = ( GEOMETRIC_REPRESENTATION_CONTEXT(2) 
PARAMETRIC_REPRESENTATION_CONTEXT() REPRESENTATION_CONTEXT('2D SPACE',''
  ) );
#2290 = ORIENTED_EDGE('',*,*,#2291,.T.);
#2291 = EDGE_CURVE('',#2269,#2292,#2294,.T.);
#2292 = VERTEX_POINT('',#2293);
#2293 = CARTESIAN_POINT('',(15.90452569735,8.092471478009,
    -49.54810487264));
#2294 = SURFACE_CURVE('',#2295,(#2298,#2304),.PCURVE_S1.);
#2295 = B_SPLINE_CURVE_WITH_KNOTS('',1,(#2296,#2297),.UNSPECIFIED.,.F.,
  .F.,(2,2),(29.,30.),.PIECEWISE_BEZIER_KNOTS.);
#2296 = CARTESIAN_POINT('',(15.79265148988,8.1,-49.52207255112));
#2297 = CARTESIAN_POINT('',(15.90452569735,8.092471478009,
    -49.54810487264));
#2298 = PCURVE('',#214,#2299);
#2299 = DEFINITIONAL_REPRESENTATION('',(#2300),#2303);
#2300 = B_SPLINE_CURVE_WITH_KNOTS('',1,(#2301,#2302),.UNSPECIFIED.,.F.,
  .F.,(2,2),(29.,30.),.PIECEWISE_BEZIER_KNOTS.);
#2301 = CARTESIAN_POINT('',(14.344681161094,0.886911920744));
#2302 = CARTESIAN_POINT('',(14.459481272482,0.878477874875));
#2303 = ( GEOMETRIC_REPRESENTATION_CONTEXT(2) 
PARAMETRIC_REPRESENTATION_CONTEXT() REPRESENTATION_CONTEXT('2D SPACE',''
  ) );
#2304 = PCURVE('',#1141,#2305);
#2305 = DEFINITIONAL_REPRESENTATION('',(#2306),#2310);
#2306 = LINE('',#2307,#2308);
#2307 = CARTESIAN_POINT('',(0.,1.));
#2308 = VECTOR('',#2309,1.);
#2309 = DIRECTION('',(1.,0.));
#2310 = ( GEOMETRIC_REPRESENTATION_CONTEXT(2) 
PARAMETRIC_REPRESENTATION_CONTEXT() REPRESENTATION_CONTEXT('2D SPACE',''
  ) );
#2311 = ORIENTED_EDGE('',*,*,#2312,.T.);
#2312 = EDGE_CURVE('',#2292,#2313,#2315,.T.);
#2313 = VERTEX_POINT('',#2314);
#2314 = CARTESIAN_POINT('',(16.014485706113,8.070014727134,
    -49.57369177392));
#2315 = SURFACE_CURVE('',#2316,(#2319,#2325),.PCURVE_S1.);
#2316 = B_SPLINE_CURVE_WITH_KNOTS('',1,(#2317,#2318),.UNSPECIFIED.,.F.,
  .F.,(2,2),(30.,31.),.PIECEWISE_BEZIER_KNOTS.);
#2317 = CARTESIAN_POINT('',(15.90452569735,8.092471478009,
    -49.54810487264));
#2318 = CARTESIAN_POINT('',(16.014485706113,8.070014727134,
    -49.57369177392));
#2319 = PCURVE('',#214,#2320);
#2320 = DEFINITIONAL_REPRESENTATION('',(#2321),#2324);
#2321 = B_SPLINE_CURVE_WITH_KNOTS('',1,(#2322,#2323),.UNSPECIFIED.,.F.,
  .F.,(2,2),(30.,31.),.PIECEWISE_BEZIER_KNOTS.);
#2322 = CARTESIAN_POINT('',(14.459481272482,0.878477874875));
#2323 = CARTESIAN_POINT('',(14.572198389109,0.855131562033));
#2324 = ( GEOMETRIC_REPRESENTATION_CONTEXT(2) 
PARAMETRIC_REPRESENTATION_CONTEXT() REPRESENTATION_CONTEXT('2D SPACE',''
  ) );
#2325 = PCURVE('',#1075,#2326);
#2326 = DEFINITIONAL_REPRESENTATION('',(#2327),#2331);
#2327 = LINE('',#2328,#2329);
#2328 = CARTESIAN_POINT('',(0.,1.));
#2329 = VECTOR('',#2330,1.);
#2330 = DIRECTION('',(1.,0.));
#2331 = ( GEOMETRIC_REPRESENTATION_CONTEXT(2) 
PARAMETRIC_REPRESENTATION_CONTEXT() REPRESENTATION_CONTEXT('2D SPACE',''
  ) );
#2332 = ORIENTED_EDGE('',*,*,#2333,.T.);
#2333 = EDGE_CURVE('',#2313,#2334,#2336,.T.);
#2334 = VERTEX_POINT('',#2335);
#2335 = CARTESIAN_POINT('',(16.120650069932,8.03301398861,
    -49.59839545599));
#2336 = SURFACE_CURVE('',#2337,(#2340,#2346),.PCURVE_S1.);
#2337 = B_SPLINE_CURVE_WITH_KNOTS('',1,(#2338,#2339),.UNSPECIFIED.,.F.,
  .F.,(2,2),(31.,32.),.PIECEWISE_BEZIER_KNOTS.);
#2338 = CARTESIAN_POINT('',(16.014485706113,8.070014727134,
    -49.57369177392));
#2339 = CARTESIAN_POINT('',(16.120650069932,8.03301398861,
    -49.59839545599));
#2340 = PCURVE('',#214,#2341);
#2341 = DEFINITIONAL_REPRESENTATION('',(#2342),#2345);
#2342 = B_SPLINE_CURVE_WITH_KNOTS('',1,(#2343,#2344),.UNSPECIFIED.,.F.,
  .F.,(2,2),(31.,32.),.PIECEWISE_BEZIER_KNOTS.);
#2343 = CARTESIAN_POINT('',(14.572198389109,0.855131562033));
#2344 = CARTESIAN_POINT('',(14.680903889861,0.817272444102));
#2345 = ( GEOMETRIC_REPRESENTATION_CONTEXT(2) 
PARAMETRIC_REPRESENTATION_CONTEXT() REPRESENTATION_CONTEXT('2D SPACE',''
  ) );
#2346 = PCURVE('',#1009,#2347);
#2347 = DEFINITIONAL_REPRESENTATION('',(#2348),#2352);
#2348 = LINE('',#2349,#2350);
#2349 = CARTESIAN_POINT('',(0.,1.));
#2350 = VECTOR('',#2351,1.);
#2351 = DIRECTION('',(1.,0.));
#2352 = ( GEOMETRIC_REPRESENTATION_CONTEXT(2) 
PARAMETRIC_REPRESENTATION_CONTEXT() REPRESENTATION_CONTEXT('2D SPACE',''
  ) );
#2353 = ORIENTED_EDGE('',*,*,#2354,.T.);
#2354 = EDGE_CURVE('',#2334,#2355,#2357,.T.);
#2355 = VERTEX_POINT('',#2356);
#2356 = CARTESIAN_POINT('',(16.221202287108,7.98210235533,-49.621793232)
  );
#2357 = SURFACE_CURVE('',#2358,(#2361,#2367),.PCURVE_S1.);
#2358 = B_SPLINE_CURVE_WITH_KNOTS('',1,(#2359,#2360),.UNSPECIFIED.,.F.,
  .F.,(2,2),(32.,33.),.PIECEWISE_BEZIER_KNOTS.);
#2359 = CARTESIAN_POINT('',(16.120650069932,8.03301398861,
    -49.59839545599));
#2360 = CARTESIAN_POINT('',(16.221202287108,7.98210235533,-49.621793232)
  );
#2361 = PCURVE('',#214,#2362);
#2362 = DEFINITIONAL_REPRESENTATION('',(#2363),#2366);
#2363 = B_SPLINE_CURVE_WITH_KNOTS('',1,(#2364,#2365),.UNSPECIFIED.,.F.,
  .F.,(2,2),(32.,33.),.PIECEWISE_BEZIER_KNOTS.);
#2364 = CARTESIAN_POINT('',(14.680903889861,0.817272444102));
#2365 = CARTESIAN_POINT('',(14.783737793481,0.765548301086));
#2366 = ( GEOMETRIC_REPRESENTATION_CONTEXT(2) 
PARAMETRIC_REPRESENTATION_CONTEXT() REPRESENTATION_CONTEXT('2D SPACE',''
  ) );
#2367 = PCURVE('',#943,#2368);
#2368 = DEFINITIONAL_REPRESENTATION('',(#2369),#2373);
#2369 = LINE('',#2370,#2371);
#2370 = CARTESIAN_POINT('',(0.,1.));
#2371 = VECTOR('',#2372,1.);
#2372 = DIRECTION('',(1.,0.));
#2373 = ( GEOMETRIC_REPRESENTATION_CONTEXT(2) 
PARAMETRIC_REPRESENTATION_CONTEXT() REPRESENTATION_CONTEXT('2D SPACE',''
  ) );
#2374 = ORIENTED_EDGE('',*,*,#2375,.T.);
#2375 = EDGE_CURVE('',#2355,#2376,#2378,.T.);
#2376 = VERTEX_POINT('',#2377);
#2377 = CARTESIAN_POINT('',(16.314421881326,7.918150939456,
    -49.64348475951));
#2378 = SURFACE_CURVE('',#2379,(#2382,#2388),.PCURVE_S1.);
#2379 = B_SPLINE_CURVE_WITH_KNOTS('',1,(#2380,#2381),.UNSPECIFIED.,.F.,
  .F.,(2,2),(33.,34.),.PIECEWISE_BEZIER_KNOTS.);
#2380 = CARTESIAN_POINT('',(16.221202287108,7.98210235533,-49.621793232)
  );
#2381 = CARTESIAN_POINT('',(16.314421881326,7.918150939456,
    -49.64348475951));
#2382 = PCURVE('',#214,#2383);
#2383 = DEFINITIONAL_REPRESENTATION('',(#2384),#2387);
#2384 = B_SPLINE_CURVE_WITH_KNOTS('',1,(#2385,#2386),.UNSPECIFIED.,.F.,
  .F.,(2,2),(33.,34.),.PIECEWISE_BEZIER_KNOTS.);
#2385 = CARTESIAN_POINT('',(14.783737793481,0.765548301086));
#2386 = CARTESIAN_POINT('',(14.878940583365,0.700844147414));
#2387 = ( GEOMETRIC_REPRESENTATION_CONTEXT(2) 
PARAMETRIC_REPRESENTATION_CONTEXT() REPRESENTATION_CONTEXT('2D SPACE',''
  ) );
#2388 = PCURVE('',#877,#2389);
#2389 = DEFINITIONAL_REPRESENTATION('',(#2390),#2394);
#2390 = LINE('',#2391,#2392);
#2391 = CARTESIAN_POINT('',(0.,1.));
#2392 = VECTOR('',#2393,1.);
#2393 = DIRECTION('',(1.,0.));
#2394 = ( GEOMETRIC_REPRESENTATION_CONTEXT(2) 
PARAMETRIC_REPRESENTATION_CONTEXT() REPRESENTATION_CONTEXT('2D SPACE',''
  ) );
#2395 = ORIENTED_EDGE('',*,*,#2396,.T.);
#2396 = EDGE_CURVE('',#2376,#2397,#2399,.T.);
#2397 = VERTEX_POINT('',#2398);
#2398 = CARTESIAN_POINT('',(16.398713839485,7.842253967444,
    -49.66309889047));
#2399 = SURFACE_CURVE('',#2400,(#2403,#2409),.PCURVE_S1.);
#2400 = B_SPLINE_CURVE_WITH_KNOTS('',1,(#2401,#2402),.UNSPECIFIED.,.F.,
  .F.,(2,2),(34.,35.),.PIECEWISE_BEZIER_KNOTS.);
#2401 = CARTESIAN_POINT('',(16.314421881326,7.918150939456,
    -49.64348475951));
#2402 = CARTESIAN_POINT('',(16.398713839485,7.842253967444,
    -49.66309889047));
#2403 = PCURVE('',#214,#2404);
#2404 = DEFINITIONAL_REPRESENTATION('',(#2405),#2408);
#2405 = B_SPLINE_CURVE_WITH_KNOTS('',1,(#2406,#2407),.UNSPECIFIED.,.F.,
  .F.,(2,2),(34.,35.),.PIECEWISE_BEZIER_KNOTS.);
#2406 = CARTESIAN_POINT('',(14.878940583365,0.700844147414));
#2407 = CARTESIAN_POINT('',(14.964883313385,0.624267089094));
#2408 = ( GEOMETRIC_REPRESENTATION_CONTEXT(2) 
PARAMETRIC_REPRESENTATION_CONTEXT() REPRESENTATION_CONTEXT('2D SPACE',''
  ) );
#2409 = PCURVE('',#811,#2410);
#2410 = DEFINITIONAL_REPRESENTATION('',(#2411),#2415);
#2411 = LINE('',#2412,#2413);
#2412 = CARTESIAN_POINT('',(0.,1.));
#2413 = VECTOR('',#2414,1.);
#2414 = DIRECTION('',(1.,0.));
#2415 = ( GEOMETRIC_REPRESENTATION_CONTEXT(2) 
PARAMETRIC_REPRESENTATION_CONTEXT() REPRESENTATION_CONTEXT('2D SPACE',''
  ) );
#2416 = ORIENTED_EDGE('',*,*,#2417,.T.);
#2417 = EDGE_CURVE('',#2397,#2418,#2420,.T.);
#2418 = VERTEX_POINT('',#2419);
#2419 = CARTESIAN_POINT('',(16.47263590281,7.755710057528,
    -49.68030002167));
#2420 = SURFACE_CURVE('',#2421,(#2424,#2430),.PCURVE_S1.);
#2421 = B_SPLINE_CURVE_WITH_KNOTS('',1,(#2422,#2423),.UNSPECIFIED.,.F.,
  .F.,(2,2),(35.,36.),.PIECEWISE_BEZIER_KNOTS.);
#2422 = CARTESIAN_POINT('',(16.398713839485,7.842253967444,
    -49.66309889047));
#2423 = CARTESIAN_POINT('',(16.47263590281,7.755710057528,
    -49.68030002167));
#2424 = PCURVE('',#214,#2425);
#2425 = DEFINITIONAL_REPRESENTATION('',(#2426),#2429);
#2426 = B_SPLINE_CURVE_WITH_KNOTS('',1,(#2427,#2428),.UNSPECIFIED.,.F.,
  .F.,(2,2),(35.,36.),.PIECEWISE_BEZIER_KNOTS.);
#2427 = CARTESIAN_POINT('',(14.964883313385,0.624267089094));
#2428 = CARTESIAN_POINT('',(15.040095479602,0.537127380825));
#2429 = ( GEOMETRIC_REPRESENTATION_CONTEXT(2) 
PARAMETRIC_REPRESENTATION_CONTEXT() REPRESENTATION_CONTEXT('2D SPACE',''
  ) );
#2430 = PCURVE('',#745,#2431);
#2431 = DEFINITIONAL_REPRESENTATION('',(#2432),#2436);
#2432 = LINE('',#2433,#2434);
#2433 = CARTESIAN_POINT('',(0.,1.));
#2434 = VECTOR('',#2435,1.);
#2435 = DIRECTION('',(1.,0.));
#2436 = ( GEOMETRIC_REPRESENTATION_CONTEXT(2) 
PARAMETRIC_REPRESENTATION_CONTEXT() REPRESENTATION_CONTEXT('2D SPACE',''
  ) );
#2437 = ORIENTED_EDGE('',*,*,#2438,.T.);
#2438 = EDGE_CURVE('',#2418,#2439,#2441,.T.);
#2439 = VERTEX_POINT('',#2440);
#2440 = CARTESIAN_POINT('',(16.534923244302,7.66,-49.69479383697));
#2441 = SURFACE_CURVE('',#2442,(#2445,#2451),.PCURVE_S1.);
#2442 = B_SPLINE_CURVE_WITH_KNOTS('',1,(#2443,#2444),.UNSPECIFIED.,.F.,
  .F.,(2,2),(36.,37.),.PIECEWISE_BEZIER_KNOTS.);
#2443 = CARTESIAN_POINT('',(16.47263590281,7.755710057528,
    -49.68030002167));
#2444 = CARTESIAN_POINT('',(16.534923244302,7.66,-49.69479383697));
#2445 = PCURVE('',#214,#2446);
#2446 = DEFINITIONAL_REPRESENTATION('',(#2447),#2450);
#2447 = B_SPLINE_CURVE_WITH_KNOTS('',1,(#2448,#2449),.UNSPECIFIED.,.F.,
  .F.,(2,2),(36.,37.),.PIECEWISE_BEZIER_KNOTS.);
#2448 = CARTESIAN_POINT('',(15.040095479602,0.537127380825));
#2449 = CARTESIAN_POINT('',(15.103290180999,0.440916007175));
#2450 = ( GEOMETRIC_REPRESENTATION_CONTEXT(2) 
PARAMETRIC_REPRESENTATION_CONTEXT() REPRESENTATION_CONTEXT('2D SPACE',''
  ) );
#2451 = PCURVE('',#679,#2452);
#2452 = DEFINITIONAL_REPRESENTATION('',(#2453),#2457);
#2453 = LINE('',#2454,#2455);
#2454 = CARTESIAN_POINT('',(0.,1.));
#2455 = VECTOR('',#2456,1.);
#2456 = DIRECTION('',(1.,0.));
#2457 = ( GEOMETRIC_REPRESENTATION_CONTEXT(2) 
PARAMETRIC_REPRESENTATION_CONTEXT() REPRESENTATION_CONTEXT('2D SPACE',''
  ) );
#2458 = ORIENTED_EDGE('',*,*,#2459,.T.);
#2459 = EDGE_CURVE('',#2439,#2460,#2462,.T.);
#2460 = VERTEX_POINT('',#2461);
#2461 = CARTESIAN_POINT('',(16.58451011028,7.556761420481,
    -49.70633234319));
#2462 = SURFACE_CURVE('',#2463,(#2466,#2472),.PCURVE_S1.);
#2463 = B_SPLINE_CURVE_WITH_KNOTS('',1,(#2464,#2465),.UNSPECIFIED.,.F.,
  .F.,(2,2),(37.,38.),.PIECEWISE_BEZIER_KNOTS.);
#2464 = CARTESIAN_POINT('',(16.534923244302,7.66,-49.69479383697));
#2465 = CARTESIAN_POINT('',(16.58451011028,7.556761420481,
    -49.70633234319));
#2466 = PCURVE('',#214,#2467);
#2467 = DEFINITIONAL_REPRESENTATION('',(#2468),#2471);
#2468 = B_SPLINE_CURVE_WITH_KNOTS('',1,(#2469,#2470),.UNSPECIFIED.,.F.,
  .F.,(2,2),(37.,38.),.PIECEWISE_BEZIER_KNOTS.);
#2469 = CARTESIAN_POINT('',(15.103290180999,0.440916007175));
#2470 = CARTESIAN_POINT('',(15.153386138714,0.337279171422));
#2471 = ( GEOMETRIC_REPRESENTATION_CONTEXT(2) 
PARAMETRIC_REPRESENTATION_CONTEXT() REPRESENTATION_CONTEXT('2D SPACE',''
  ) );
#2472 = PCURVE('',#613,#2473);
#2473 = DEFINITIONAL_REPRESENTATION('',(#2474),#2478);
#2474 = LINE('',#2475,#2476);
#2475 = CARTESIAN_POINT('',(0.,1.));
#2476 = VECTOR('',#2477,1.);
#2477 = DIRECTION('',(1.,0.));
#2478 = ( GEOMETRIC_REPRESENTATION_CONTEXT(2) 
PARAMETRIC_REPRESENTATION_CONTEXT() REPRESENTATION_CONTEXT('2D SPACE',''
  ) );
#2479 = ORIENTED_EDGE('',*,*,#2480,.T.);
#2480 = EDGE_CURVE('',#2460,#2481,#2483,.T.);
#2481 = VERTEX_POINT('',#2482);
#2482 = CARTESIAN_POINT('',(16.620548055718,7.44776075969,
    -49.71471811328));
#2483 = SURFACE_CURVE('',#2484,(#2487,#2493),.PCURVE_S1.);
#2484 = B_SPLINE_CURVE_WITH_KNOTS('',1,(#2485,#2486),.UNSPECIFIED.,.F.,
  .F.,(2,2),(38.,39.),.PIECEWISE_BEZIER_KNOTS.);
#2485 = CARTESIAN_POINT('',(16.58451011028,7.556761420481,
    -49.70633234319));
#2486 = CARTESIAN_POINT('',(16.620548055718,7.44776075969,
    -49.71471811328));
#2487 = PCURVE('',#214,#2488);
#2488 = DEFINITIONAL_REPRESENTATION('',(#2489),#2492);
#2489 = B_SPLINE_CURVE_WITH_KNOTS('',1,(#2490,#2491),.UNSPECIFIED.,.F.,
  .F.,(2,2),(38.,39.),.PIECEWISE_BEZIER_KNOTS.);
#2490 = CARTESIAN_POINT('',(15.153386138714,0.337279171422));
#2491 = CARTESIAN_POINT('',(15.189526197021,0.22799012856));
#2492 = ( GEOMETRIC_REPRESENTATION_CONTEXT(2) 
PARAMETRIC_REPRESENTATION_CONTEXT() REPRESENTATION_CONTEXT('2D SPACE',''
  ) );
#2493 = PCURVE('',#547,#2494);
#2494 = DEFINITIONAL_REPRESENTATION('',(#2495),#2499);
#2495 = LINE('',#2496,#2497);
#2496 = CARTESIAN_POINT('',(0.,1.));
#2497 = VECTOR('',#2498,1.);
#2498 = DIRECTION('',(1.,0.));
#2499 = ( GEOMETRIC_REPRESENTATION_CONTEXT(2) 
PARAMETRIC_REPRESENTATION_CONTEXT() REPRESENTATION_CONTEXT('2D SPACE',''
  ) );
#2500 = ORIENTED_EDGE('',*,*,#2501,.T.);
#2501 = EDGE_CURVE('',#2481,#2502,#2504,.T.);
#2502 = VERTEX_POINT('',#2503);
#2503 = CARTESIAN_POINT('',(16.642420461378,7.334863049154,
    -49.71980766439));
#2504 = SURFACE_CURVE('',#2505,(#2508,#2514),.PCURVE_S1.);
#2505 = B_SPLINE_CURVE_WITH_KNOTS('',1,(#2506,#2507),.UNSPECIFIED.,.F.,
  .F.,(2,2),(39.,40.),.PIECEWISE_BEZIER_KNOTS.);
#2506 = CARTESIAN_POINT('',(16.620548055718,7.44776075969,
    -49.71471811328));
#2507 = CARTESIAN_POINT('',(16.642420461378,7.334863049154,
    -49.71980766439));
#2508 = PCURVE('',#214,#2509);
#2509 = DEFINITIONAL_REPRESENTATION('',(#2510),#2513);
#2510 = B_SPLINE_CURVE_WITH_KNOTS('',1,(#2511,#2512),.UNSPECIFIED.,.F.,
  .F.,(2,2),(39.,40.),.PIECEWISE_BEZIER_KNOTS.);
#2511 = CARTESIAN_POINT('',(15.189526197021,0.22799012856));
#2512 = CARTESIAN_POINT('',(15.211091989504,0.114918844412));
#2513 = ( GEOMETRIC_REPRESENTATION_CONTEXT(2) 
PARAMETRIC_REPRESENTATION_CONTEXT() REPRESENTATION_CONTEXT('2D SPACE',''
  ) );
#2514 = PCURVE('',#481,#2515);
#2515 = DEFINITIONAL_REPRESENTATION('',(#2516),#2520);
#2516 = LINE('',#2517,#2518);
#2517 = CARTESIAN_POINT('',(0.,1.));
#2518 = VECTOR('',#2519,1.);
#2519 = DIRECTION('',(1.,0.));
#2520 = ( GEOMETRIC_REPRESENTATION_CONTEXT(2) 
PARAMETRIC_REPRESENTATION_CONTEXT() REPRESENTATION_CONTEXT('2D SPACE',''
  ) );
#2521 = ORIENTED_EDGE('',*,*,#2522,.T.);
#2522 = EDGE_CURVE('',#2502,#2523,#2525,.T.);
#2523 = VERTEX_POINT('',#2524);
#2524 = CARTESIAN_POINT('',(16.649753084335,7.22,-49.72151391288));
#2525 = SURFACE_CURVE('',#2526,(#2529,#2535),.PCURVE_S1.);
#2526 = B_SPLINE_CURVE_WITH_KNOTS('',1,(#2527,#2528),.UNSPECIFIED.,.F.,
  .F.,(2,2),(40.,41.),.PIECEWISE_BEZIER_KNOTS.);
#2527 = CARTESIAN_POINT('',(16.642420461378,7.334863049154,
    -49.71980766439));
#2528 = CARTESIAN_POINT('',(16.649753084335,7.22,-49.72151391288));
#2529 = PCURVE('',#214,#2530);
#2530 = DEFINITIONAL_REPRESENTATION('',(#2531),#2534);
#2531 = B_SPLINE_CURVE_WITH_KNOTS('',1,(#2532,#2533),.UNSPECIFIED.,.F.,
  .F.,(2,2),(40.,41.),.PIECEWISE_BEZIER_KNOTS.);
#2532 = CARTESIAN_POINT('',(15.211091989504,0.114918844412));
#2533 = CARTESIAN_POINT('',(15.217714519474,0.));
#2534 = ( GEOMETRIC_REPRESENTATION_CONTEXT(2) 
PARAMETRIC_REPRESENTATION_CONTEXT() REPRESENTATION_CONTEXT('2D SPACE',''
  ) );
#2535 = PCURVE('',#415,#2536);
#2536 = DEFINITIONAL_REPRESENTATION('',(#2537),#2541);
#2537 = LINE('',#2538,#2539);
#2538 = CARTESIAN_POINT('',(0.,1.));
#2539 = VECTOR('',#2540,1.);
#2540 = DIRECTION('',(1.,0.));
#2541 = ( GEOMETRIC_REPRESENTATION_CONTEXT(2) 
PARAMETRIC_REPRESENTATION_CONTEXT() REPRESENTATION_CONTEXT('2D SPACE',''
  ) );
#2542 = ORIENTED_EDGE('',*,*,#2543,.T.);
#2543 = EDGE_CURVE('',#2523,#2544,#2546,.T.);
#2544 = VERTEX_POINT('',#2545);
#2545 = CARTESIAN_POINT('',(16.649753084335,7.1,-49.72151391288));
#2546 = SURFACE_CURVE('',#2547,(#2550,#2556),.PCURVE_S1.);
#2547 = B_SPLINE_CURVE_WITH_KNOTS('',1,(#2548,#2549),.UNSPECIFIED.,.F.,
  .F.,(2,2),(41.,42.),.PIECEWISE_BEZIER_KNOTS.);
#2548 = CARTESIAN_POINT('',(16.649753084335,7.22,-49.72151391288));
#2549 = CARTESIAN_POINT('',(16.649753084335,7.1,-49.72151391288));
#2550 = PCURVE('',#214,#2551);
#2551 = DEFINITIONAL_REPRESENTATION('',(#2552),#2555);
#2552 = B_SPLINE_CURVE_WITH_KNOTS('',1,(#2553,#2554),.UNSPECIFIED.,.F.,
  .F.,(2,2),(41.,42.),.PIECEWISE_BEZIER_KNOTS.);
#2553 = CARTESIAN_POINT('',(15.217714519474,0.));
#2554 = CARTESIAN_POINT('',(15.216768253858,-0.119996269031));
#2555 = ( GEOMETRIC_REPRESENTATION_CONTEXT(2) 
PARAMETRIC_REPRESENTATION_CONTEXT() REPRESENTATION_CONTEXT('2D SPACE',''
  ) );
#2556 = PCURVE('',#349,#2557);
#2557 = DEFINITIONAL_REPRESENTATION('',(#2558),#2562);
#2558 = LINE('',#2559,#2560);
#2559 = CARTESIAN_POINT('',(0.,1.));
#2560 = VECTOR('',#2561,1.);
#2561 = DIRECTION('',(1.,0.));
#2562 = ( GEOMETRIC_REPRESENTATION_CONTEXT(2) 
PARAMETRIC_REPRESENTATION_CONTEXT() REPRESENTATION_CONTEXT('2D SPACE',''
  ) );
#2563 = ORIENTED_EDGE('',*,*,#2564,.T.);
#2564 = EDGE_CURVE('',#2544,#200,#2565,.T.);
#2565 = SURFACE_CURVE('',#2566,(#2569,#2575),.PCURVE_S1.);
#2566 = B_SPLINE_CURVE_WITH_KNOTS('',1,(#2567,#2568),.UNSPECIFIED.,.F.,
  .F.,(2,2),(42.,43.),.PIECEWISE_BEZIER_KNOTS.);
#2567 = CARTESIAN_POINT('',(16.649753084335,7.1,-49.72151391288));
#2568 = CARTESIAN_POINT('',(1.828478255456,7.1,-46.27271011403));
#2569 = PCURVE('',#214,#2570);
#2570 = DEFINITIONAL_REPRESENTATION('',(#2571),#2574);
#2571 = B_SPLINE_CURVE_WITH_KNOTS('',1,(#2572,#2573),.UNSPECIFIED.,.F.,
  .F.,(2,2),(42.,43.),.PIECEWISE_BEZIER_KNOTS.);
#2572 = CARTESIAN_POINT('',(15.216768253858,-0.119996269031));
#2573 = CARTESIAN_POINT('',(0.,0.));
#2574 = ( GEOMETRIC_REPRESENTATION_CONTEXT(2) 
PARAMETRIC_REPRESENTATION_CONTEXT() REPRESENTATION_CONTEXT('2D SPACE',''
  ) );
#2575 = PCURVE('',#258,#2576);
#2576 = DEFINITIONAL_REPRESENTATION('',(#2577),#2581);
#2577 = LINE('',#2578,#2579);
#2578 = CARTESIAN_POINT('',(0.,1.));
#2579 = VECTOR('',#2580,1.);
#2580 = DIRECTION('',(1.,0.));
#2581 = ( GEOMETRIC_REPRESENTATION_CONTEXT(2) 
PARAMETRIC_REPRESENTATION_CONTEXT() REPRESENTATION_CONTEXT('2D SPACE',''
  ) );
#2582 = ADVANCED_FACE('',(#2583,#2628,#3016,#3154,#3409),#258,.T.);
#2583 = FACE_BOUND('',#2584,.T.);
#2584 = EDGE_LOOP('',(#2585,#2586,#2587,#2588));
#2585 = ORIENTED_EDGE('',*,*,#314,.T.);
#2586 = ORIENTED_EDGE('',*,*,#225,.T.);
#2587 = ORIENTED_EDGE('',*,*,#2564,.F.);
#2588 = ORIENTED_EDGE('',*,*,#2589,.F.);
#2589 = EDGE_CURVE('',#315,#2544,#2590,.T.);
#2590 = SURFACE_CURVE('',#2591,(#2614,#2621),.PCURVE_S1.);
#2591 = ( BOUNDED_CURVE() B_SPLINE_CURVE(3,(#2592,#2593,#2594,#2595,
    #2596,#2597,#2598,#2599,#2600,#2601,#2602,#2603,#2604,#2605,#2606,
    #2607,#2608,#2609,#2610,#2611,#2612,#2613),.UNSPECIFIED.,.F.,.F.) 
B_SPLINE_CURVE_WITH_KNOTS((4,1,1,1,1,1,1,1,1,1,1,1,1,1,1,1,1,1,1,4),(0.,
    5.24163189288E-02,0.104832637858,0.157248956786,0.209665275715,
    0.262081594644,0.314497913573,0.366914232502,0.41933055143,
    0.471746870359,0.524163189288,0.576579508217,0.628995827146,
    0.681412146074,0.733828465003,0.786244783932,0.838661102861,
0.89107742179,0.943493740718,1.),.UNSPECIFIED.) CURVE() 
GEOMETRIC_REPRESENTATION_ITEM() RATIONAL_B_SPLINE_CURVE((1.,
    0.999999999991,1.000000000004,0.999999999999,1.,1.,1.,1.,1.,1.,1.,1.
    ,1.,1.,1.,1.,1.,0.999999999999,1.000000000003,0.99999999999,
1.000000000024,1.)) REPRESENTATION_ITEM('') );
#2592 = CARTESIAN_POINT('',(17.239886690793,7.1,4.632079438675));
#2593 = CARTESIAN_POINT('',(17.480531029484,7.100000000109,
    3.694627527544));
#2594 = CARTESIAN_POINT('',(17.938145874771,7.09999999995,1.813703634306
    ));
#2595 = CARTESIAN_POINT('',(18.553088516686,7.100000000013,
    -1.024165142547));
#2596 = CARTESIAN_POINT('',(19.09616465643,7.099999999996,
    -3.876646816659));
#2597 = CARTESIAN_POINT('',(19.56702639157,7.100000000001,
    -6.741937654919));
#2598 = CARTESIAN_POINT('',(19.965373726011,7.1,-9.618205486377));
#2599 = CARTESIAN_POINT('',(20.290952445275,7.1,-12.50361657389));
#2600 = CARTESIAN_POINT('',(20.54355483243,7.1,-15.39632986789));
#2601 = CARTESIAN_POINT('',(20.723019901678,7.1,-18.29450014224));
#2602 = CARTESIAN_POINT('',(20.829232542988,7.1,-21.19627824189));
#2603 = CARTESIAN_POINT('',(20.862127326721,7.1,-24.09981401906));
#2604 = CARTESIAN_POINT('',(20.821674578671,7.1,-27.00325141704));
#2605 = CARTESIAN_POINT('',(20.707932534598,7.1,-29.90475228349));
#2606 = CARTESIAN_POINT('',(20.520852727372,7.1,-32.80241312269));
#2607 = CARTESIAN_POINT('',(20.261006185105,7.100000000001,
    -35.69458136211));
#2608 = CARTESIAN_POINT('',(19.926872973723,7.099999999998,
    -38.5786806181));
#2609 = CARTESIAN_POINT('',(19.524957371959,7.100000000007,
    -41.4556004413));
#2610 = CARTESIAN_POINT('',(19.032036993712,7.099999999974,
    -44.31331913046));
#2611 = CARTESIAN_POINT('',(18.52315002793,7.100000000101,-47.2627990787
    ));
#2612 = CARTESIAN_POINT('',(17.942258498676,7.099999999766,
    -49.16284166164));
#2613 = CARTESIAN_POINT('',(16.649753084335,7.1,-49.72151391288));
#2614 = PCURVE('',#258,#2615);
#2615 = DEFINITIONAL_REPRESENTATION('',(#2616),#2620);
#2616 = LINE('',#2617,#2618);
#2617 = CARTESIAN_POINT('',(42.,0.));
#2618 = VECTOR('',#2619,1.);
#2619 = DIRECTION('',(0.,1.));
#2620 = ( GEOMETRIC_REPRESENTATION_CONTEXT(2) 
PARAMETRIC_REPRESENTATION_CONTEXT() REPRESENTATION_CONTEXT('2D SPACE',''
  ) );
#2621 = PCURVE('',#349,#2622);
#2622 = DEFINITIONAL_REPRESENTATION('',(#2623),#2627);
#2623 = LINE('',#2624,#2625);
#2624 = CARTESIAN_POINT('',(42.,0.));
#2625 = VECTOR('',#2626,1.);
#2626 = DIRECTION('',(0.,1.));
#2627 = ( GEOMETRIC_REPRESENTATION_CONTEXT(2) 
PARAMETRIC_REPRESENTATION_CONTEXT() REPRESENTATION_CONTEXT('2D SPACE',''
  ) );
#2628 = FACE_BOUND('',#2629,.T.);
#2629 = EDGE_LOOP('',(#2630));
#2630 = ORIENTED_EDGE('',*,*,#2631,.T.);
#2631 = EDGE_CURVE('',#2632,#2632,#2634,.T.);
#2632 = VERTEX_POINT('',#2633);
#2633 = CARTESIAN_POINT('',(16.194524276204,7.1,-7.988254330734));
#2634 = SURFACE_CURVE('',#2635,(#2733,#2872),.PCURVE_S1.);
#2635 = B_SPLINE_CURVE_WITH_KNOTS('',6,(#2636,#2637,#2638,#2639,#2640,
    #2641,#2642,#2643,#2644,#2645,#2646,#2647,#2648,#2649,#2650,#2651,
    #2652,#2653,#2654,#2655,#2656,#2657,#2658,#2659,#2660,#2661,#2662,
    #2663,#2664,#2665,#2666,#2667,#2668,#2669,#2670,#2671,#2672,#2673,
    #2674,#2675,#2676,#2677,#2678,#2679,#2680,#2681,#2682,#2683,#2684,
    #2685,#2686,#2687,#2688,#2689,#2690,#2691,#2692,#2693,#2694,#2695,
    #2696,#2697,#2698,#2699,#2700,#2701,#2702,#2703,#2704,#2705,#2706,
    #2707,#2708,#2709,#2710,#2711,#2712,#2713,#2714,#2715,#2716,#2717,
    #2718,#2719,#2720,#2721,#2722,#2723,#2724,#2725,#2726,#2727,#2728,
    #2729,#2730,#2731,#2732),.UNSPECIFIED.,.T.,.F.,(7,5,5,5,5,5,5,5,5,5,
    5,5,5,5,5,5,5,5,5,7),(0.,1.,5.17201665418,7.078771937072,
    11.832711985936,14.959119618059,16.972603274939,19.07159442417,
    20.319079711621,23.195563032716,25.051237345211,27.171252644603,
    29.183727288932,31.210739590172,35.818355540365,38.865009549665,
    40.847022532088,42.836656220827,46.850542829632,47.893684279673),
  .UNSPECIFIED.);
#2636 = CARTESIAN_POINT('',(16.194524276204,7.1,-7.988254330734));
#2637 = CARTESIAN_POINT('',(16.233859717869,7.1,-7.988254330734));
#2638 = CARTESIAN_POINT('',(16.273195508879,7.1,-7.989285849442));
#2639 = CARTESIAN_POINT('',(16.312497843445,7.1,-7.991348917365));
#2640 = CARTESIAN_POINT('',(16.35173300552,7.1,-7.994442100643));
#2641 = CARTESIAN_POINT('',(16.390867368802,7.1,-7.998562501049));
#2642 = CARTESIAN_POINT('',(16.59257616275,7.1,-8.025163501256));
#2643 = CARTESIAN_POINT('',(16.75297384438,7.1,-8.064428388426));
#2644 = CARTESIAN_POINT('',(16.908568259623,7.1,-8.121186459025));
#2645 = CARTESIAN_POINT('',(17.057026121363,7.1,-8.19465552822));
#2646 = CARTESIAN_POINT('',(17.196160878885,7.1,-8.283699371829));
#2647 = CARTESIAN_POINT('',(17.382442069106,7.1,-8.43382343549));
#2648 = CARTESIAN_POINT('',(17.438521488496,7.1,-8.483839859894));
#2649 = CARTESIAN_POINT('',(17.492064182809,7.1,-8.536634853124));
#2650 = CARTESIAN_POINT('',(17.542899655655,7.1,-8.592046860292));
#2651 = CARTESIAN_POINT('',(17.590871413769,7.1,-8.64990054808));
#2652 = CARTESIAN_POINT('',(17.747945503591,7.1,-8.859864284234));
#2653 = CARTESIAN_POINT('',(17.841404460225,7.1,-9.023773447856));
#2654 = CARTESIAN_POINT('',(17.913924893714,7.1,-9.19873404069));
#2655 = CARTESIAN_POINT('',(17.964022748034,7.1,-9.381393568703));
#2656 = CARTESIAN_POINT('',(17.990803134673,7.1,-9.568195803501));
#2657 = CARTESIAN_POINT('',(17.996473304961,7.1,-9.878453708931));
#2658 = CARTESIAN_POINT('',(17.988620481625,7.1,-10.00173384503));
#2659 = CARTESIAN_POINT('',(17.97064442042,7.1,-10.12414942803));
#2660 = CARTESIAN_POINT('',(17.942675965891,7.1,-10.24466780659));
#2661 = CARTESIAN_POINT('',(17.904974699628,7.1,-10.3622818398));
#2662 = CARTESIAN_POINT('',(17.827660702788,7.1,-10.54927234024));
#2663 = CARTESIAN_POINT('',(17.793504350487,7.1,-10.62091984275));
#2664 = CARTESIAN_POINT('',(17.755585591562,7.1,-10.69070677418));
#2665 = CARTESIAN_POINT('',(17.714033168361,7.1,-10.75838783362));
#2666 = CARTESIAN_POINT('',(17.668996841403,7.1,-10.82373015547));
#2667 = CARTESIAN_POINT('',(17.570243633585,7.1,-10.95196411196));
#2668 = CARTESIAN_POINT('',(17.516238322151,7.1,-11.01463512532));
#2669 = CARTESIAN_POINT('',(17.458824086669,7.1,-11.07427807717));
#2670 = CARTESIAN_POINT('',(17.398214786917,7.1,-11.13066403127));
#2671 = CARTESIAN_POINT('',(17.334644182391,7.1,-11.1835847209));
#2672 = CARTESIAN_POINT('',(17.228973719599,7.1,-11.26213473259));
#2673 = CARTESIAN_POINT('',(17.188625338792,7.1,-11.29012646277));
#2674 = CARTESIAN_POINT('',(17.147372892973,7.1,-11.31678928437));
#2675 = CARTESIAN_POINT('',(17.105271170885,7.1,-11.34208713821));
#2676 = CARTESIAN_POINT('',(17.062376820991,7.1,-11.36598700456));
#2677 = CARTESIAN_POINT('',(16.91814871625,7.1,-11.4402751789));
#2678 = CARTESIAN_POINT('',(16.813641843012,7.1,-11.48450088942));
#2679 = CARTESIAN_POINT('',(16.705950939526,7.1,-11.52076614234));
#2680 = CARTESIAN_POINT('',(16.595832540609,7.1,-11.54879619706));
#2681 = CARTESIAN_POINT('',(16.484071300509,7.1,-11.56841281019));
#2682 = CARTESIAN_POINT('',(16.298836623443,7.1,-11.58671109272));
#2683 = CARTESIAN_POINT('',(16.225848536593,7.1,-11.59035198134));
#2684 = CARTESIAN_POINT('',(16.152726454831,7.1,-11.59043697132));
#2685 = CARTESIAN_POINT('',(16.079685910021,7.1,-11.58696217485));
#2686 = CARTESIAN_POINT('',(16.006942035785,7.1,-11.57994109186));
#2687 = CARTESIAN_POINT('',(15.852187577068,7.1,-11.55736720515));
#2688 = CARTESIAN_POINT('',(15.770331497114,7.1,-11.54074129043));
#2689 = CARTESIAN_POINT('',(15.689461533522,7.1,-11.51957314733));
#2690 = CARTESIAN_POINT('',(15.609890858391,7.1,-11.49393785364));
#2691 = CARTESIAN_POINT('',(15.531924545563,7.1,-11.46393907093));
#2692 = CARTESIAN_POINT('',(15.383651019883,7.1,-11.39721496866));
#2693 = CARTESIAN_POINT('',(15.313154529164,7.1,-11.36090744456));
#2694 = CARTESIAN_POINT('',(15.244621954149,7.1,-11.32089927845));
#2695 = CARTESIAN_POINT('',(15.178294427583,7.1,-11.27732458682));
#2696 = CARTESIAN_POINT('',(15.114400532272,7.1,-11.23033823039));
#2697 = CARTESIAN_POINT('',(14.991468124992,7.1,-11.1295298929));
#2698 = CARTESIAN_POINT('',(14.932466897396,7.1,-11.07566006368));
#2699 = CARTESIAN_POINT('',(14.876371744137,7.1,-11.01868517098));
#2700 = CARTESIAN_POINT('',(14.823385063077,7.1,-10.95880229912));
#2701 = CARTESIAN_POINT('',(14.773691090842,7.1,-10.89622584366));
#2702 = CARTESIAN_POINT('',(14.622356175668,7.1,-10.68334653761));
#2703 = CARTESIAN_POINT('',(14.535093601456,7.1,-10.52273825221));
#2704 = CARTESIAN_POINT('',(14.467680465729,7.1,-10.35213998156));
#2705 = CARTESIAN_POINT('',(14.421418168807,7.1,-10.17462634932));
#2706 = CARTESIAN_POINT('',(14.397077361443,7.1,-9.993445039974));
#2707 = CARTESIAN_POINT('',(14.393096893395,7.1,-9.692067725235));
#2708 = CARTESIAN_POINT('',(14.401107157851,7.1,-9.571978770138));
#2709 = CARTESIAN_POINT('',(14.418723615158,7.1,-9.452733366342));
#2710 = CARTESIAN_POINT('',(14.445829040496,7.1,-9.335288163503));
#2711 = CARTESIAN_POINT('',(14.482179484996,7.1,-9.220574768325));
#2712 = CARTESIAN_POINT('',(14.556828862191,7.1,-9.037227260272));
#2713 = CARTESIAN_POINT('',(14.59000915652,7.1,-8.966495729215));
#2714 = CARTESIAN_POINT('',(14.626846288983,7.1,-8.897543440732));
#2715 = CARTESIAN_POINT('',(14.667219045173,7.1,-8.830605165156));
#2716 = CARTESIAN_POINT('',(14.710986399242,7.1,-8.765904138273));
#2717 = CARTESIAN_POINT('',(14.805170271897,7.1,-8.641159357147));
#2718 = CARTESIAN_POINT('',(14.85561251276,7.1,-8.581133405331));
#2719 = CARTESIAN_POINT('',(14.909152353319,7.1,-8.523787015671));
#2720 = CARTESIAN_POINT('',(14.965610496865,7.1,-8.46931771374));
#2721 = CARTESIAN_POINT('',(15.024791314386,7.1,-8.417906612243));
#2722 = CARTESIAN_POINT('',(15.210941191586,7.1,-8.272502053478));
#2723 = CARTESIAN_POINT('',(15.345639405453,7.1,-8.188385614877));
#2724 = CARTESIAN_POINT('',(15.488817393422,7.1,-8.118746547969));
#2725 = CARTESIAN_POINT('',(15.638526590497,7.1,-8.06458385695));
#2726 = CARTESIAN_POINT('',(15.79269152968,7.1,-8.026591002416));
#2727 = CARTESIAN_POINT('',(15.989748821936,7.1,-7.999469665041));
#2728 = CARTESIAN_POINT('',(16.030550160164,7.1,-7.99498706979));
#2729 = CARTESIAN_POINT('',(16.071466596,7.1,-7.99162159928));
#2730 = CARTESIAN_POINT('',(16.112459938161,7.1,-7.989376763183));
#2731 = CARTESIAN_POINT('',(16.153491935341,7.1,-7.988254330734));
#2732 = CARTESIAN_POINT('',(16.194524276204,7.1,-7.988254330734));
#2733 = PCURVE('',#258,#2734);
#2734 = DEFINITIONAL_REPRESENTATION('',(#2735),#2871);
#2735 = B_SPLINE_CURVE_WITH_KNOTS('',3,(#2736,#2737,#2738,#2739,#2740,
    #2741,#2742,#2743,#2744,#2745,#2746,#2747,#2748,#2749,#2750,#2751,
    #2752,#2753,#2754,#2755,#2756,#2757,#2758,#2759,#2760,#2761,#2762,
    #2763,#2764,#2765,#2766,#2767,#2768,#2769,#2770,#2771,#2772,#2773,
    #2774,#2775,#2776,#2777,#2778,#2779,#2780,#2781,#2782,#2783,#2784,
    #2785,#2786,#2787,#2788,#2789,#2790,#2791,#2792,#2793,#2794,#2795,
    #2796,#2797,#2798,#2799,#2800,#2801,#2802,#2803,#2804,#2805,#2806,
    #2807,#2808,#2809,#2810,#2811,#2812,#2813,#2814,#2815,#2816,#2817,
    #2818,#2819,#2820,#2821,#2822,#2823,#2824,#2825,#2826,#2827,#2828,
    #2829,#2830,#2831,#2832,#2833,#2834,#2835,#2836,#2837,#2838,#2839,
    #2840,#2841,#2842,#2843,#2844,#2845,#2846,#2847,#2848,#2849,#2850,
    #2851,#2852,#2853,#2854,#2855,#2856,#2857,#2858,#2859,#2860,#2861,
    #2862,#2863,#2864,#2865,#2866,#2867,#2868,#2869,#2870),
  .UNSPECIFIED.,.T.,.F.,(4,1,1,1,1,1,1,1,1,1,1,1,1,1,1,1,1,1,1,1,1,1,1,1
    ,1,1,1,1,1,1,1,1,1,1,1,1,1,1,1,1,1,1,1,1,1,1,1,1,1,1,1,1,1,1,1,1,1,1
    ,1,1,1,1,1,1,1,1,1,1,1,1,1,1,1,1,1,1,1,1,1,1,1,1,1,1,1,1,1,1,1,1,1,1
    ,1,1,1,1,1,1,1,1,1,1,1,1,1,1,1,1,1,1,1,1,1,1,1,1,1,1,1,1,1,1,1,1,1,1
    ,1,1,1,1,1,1,4),(0.,0.362830941513,0.725661883025,1.088492824538,
    1.451323766051,1.814154707563,2.176985649076,2.539816590589,
    2.902647532101,3.265478473614,3.628309415127,3.991140356639,
    4.353971298152,4.716802239665,5.079633181177,5.44246412269,
    5.805295064203,6.168126005715,6.530956947228,6.893787888741,
    7.256618830253,7.619449771766,7.982280713279,8.345111654791,
    8.707942596304,9.070773537817,9.433604479329,9.796435420842,
    10.159266362355,10.522097303867,10.88492824538,11.247759186893,
    11.610590128405,11.973421069918,12.336252011431,12.699082952943,
    13.061913894456,13.424744835969,13.787575777481,14.150406718994,
    14.513237660507,14.876068602019,15.238899543532,15.601730485045,
    15.964561426558,16.32739236807,16.690223309583,17.053054251096,
    17.415885192608,17.778716134121,18.141547075634,18.504378017146,
    18.867208958659,19.230039900172,19.592870841684,19.955701783197,
    20.31853272471,20.681363666222,21.044194607735,21.407025549248,
    21.76985649076,22.132687432273,22.495518373786,22.858349315298,
    23.221180256811,23.584011198324,23.946842139836,24.309673081349,
    24.672504022862,25.035334964374,25.398165905887,25.7609968474,
    26.123827788912,26.486658730425,26.849489671938,27.21232061345,
    27.575151554963,27.937982496476,28.300813437988,28.663644379501,
    29.026475321014,29.389306262526,29.752137204039,30.114968145552,
    30.477799087064,30.840630028577,31.20346097009,31.566291911602,
    31.929122853115,32.291953794628,32.65478473614,33.017615677653,
    33.380446619166,33.743277560678,34.106108502191,34.468939443704,
    34.831770385216,35.194601326729,35.557432268242,35.920263209754,
    36.283094151267,36.64592509278,37.008756034292,37.371586975805,
    37.734417917318,38.09724885883,38.460079800343,38.822910741856,
    39.185741683368,39.548572624881,39.911403566394,40.274234507906,
    40.637065449419,40.999896390932,41.362727332444,41.725558273957,
    42.08838921547,42.451220156982,42.814051098495,43.176882040008,
    43.53971298152,43.902543923033,44.265374864546,44.628205806058,
    44.991036747571,45.353867689084,45.716698630597,46.079529572109,
    46.442360513622,46.805191455135,47.168022396647,47.53085333816,
    47.893684279673),.QUASI_UNIFORM_KNOTS.);
#2736 = CARTESIAN_POINT('',(42.198105232834,0.223211455462));
#2737 = CARTESIAN_POINT('',(42.196509179384,0.223287569765));
#2738 = CARTESIAN_POINT('',(42.193328056241,0.223464759114));
#2739 = CARTESIAN_POINT('',(42.188599843689,0.223804493955));
#2740 = CARTESIAN_POINT('',(42.183925777691,0.224217299135));
#2741 = CARTESIAN_POINT('',(42.179315995395,0.224702115897));
#2742 = CARTESIAN_POINT('',(42.17478092385,0.225257711824));
#2743 = CARTESIAN_POINT('',(42.170330751739,0.225882695997));
#2744 = CARTESIAN_POINT('',(42.165975388813,0.226575539202));
#2745 = CARTESIAN_POINT('',(42.161724480001,0.227334575881));
#2746 = CARTESIAN_POINT('',(42.157587402404,0.228158009382));
#2747 = CARTESIAN_POINT('',(42.153573264503,0.229043914708));
#2748 = CARTESIAN_POINT('',(42.149690901991,0.229990240414));
#2749 = CARTESIAN_POINT('',(42.145948873159,0.230994808851));
#2750 = CARTESIAN_POINT('',(42.142355447728,0.23205531632));
#2751 = CARTESIAN_POINT('',(42.138918610576,0.233169327661));
#2752 = CARTESIAN_POINT('',(42.135646000664,0.234334285641));
#2753 = CARTESIAN_POINT('',(42.132544578612,0.235547645784));
#2754 = CARTESIAN_POINT('',(42.129621206396,0.236806676896));
#2755 = CARTESIAN_POINT('',(42.126882267605,0.23810858568));
#2756 = CARTESIAN_POINT('',(42.124333751809,0.239450493058));
#2757 = CARTESIAN_POINT('',(42.121981262114,0.240829418419));
#2758 = CARTESIAN_POINT('',(42.119829724219,0.242242478983));
#2759 = CARTESIAN_POINT('',(42.117884040146,0.24368647885));
#2760 = CARTESIAN_POINT('',(42.1161485136,0.245158222728));
#2761 = CARTESIAN_POINT('',(42.114626957916,0.246654474032));
#2762 = CARTESIAN_POINT('',(42.113322686449,0.248171968487));
#2763 = CARTESIAN_POINT('',(42.112238529196,0.249707412455));
#2764 = CARTESIAN_POINT('',(42.11137683707,0.251257484898));
#2765 = CARTESIAN_POINT('',(42.110739484259,0.252818838089));
#2766 = CARTESIAN_POINT('',(42.110327865572,0.25438809777));
#2767 = CARTESIAN_POINT('',(42.110142890695,0.25596186486));
#2768 = CARTESIAN_POINT('',(42.110184970734,0.257536709577));
#2769 = CARTESIAN_POINT('',(42.110454013665,0.259109192485));
#2770 = CARTESIAN_POINT('',(42.110949366775,0.26067578352));
#2771 = CARTESIAN_POINT('',(42.111669978832,0.262233270812));
#2772 = CARTESIAN_POINT('',(42.112614281794,0.263778248757));
#2773 = CARTESIAN_POINT('',(42.113780204083,0.265307351026));
#2774 = CARTESIAN_POINT('',(42.115165198411,0.266817254872));
#2775 = CARTESIAN_POINT('',(42.116766244316,0.268304679618));
#2776 = CARTESIAN_POINT('',(42.118579851803,0.269766387029));
#2777 = CARTESIAN_POINT('',(42.120602060986,0.271199182968));
#2778 = CARTESIAN_POINT('',(42.122828431723,0.272599915057));
#2779 = CARTESIAN_POINT('',(42.125254052388,0.273965487995));
#2780 = CARTESIAN_POINT('',(42.127873684006,0.275292935785));
#2781 = CARTESIAN_POINT('',(42.130681568207,0.276579309788));
#2782 = CARTESIAN_POINT('',(42.133671565722,0.277821761396));
#2783 = CARTESIAN_POINT('',(42.136837130762,0.279017525169));
#2784 = CARTESIAN_POINT('',(42.14017130139,0.280163918299));
#2785 = CARTESIAN_POINT('',(42.143666782563,0.281258368945));
#2786 = CARTESIAN_POINT('',(42.147315878672,0.282298396782));
#2787 = CARTESIAN_POINT('',(42.15111055991,0.283281632346));
#2788 = CARTESIAN_POINT('',(42.155042478132,0.284205823266));
#2789 = CARTESIAN_POINT('',(42.159102970176,0.28506883535));
#2790 = CARTESIAN_POINT('',(42.163283045405,0.285868650938));
#2791 = CARTESIAN_POINT('',(42.167573478953,0.286603390445));
#2792 = CARTESIAN_POINT('',(42.171964774517,0.287271304056));
#2793 = CARTESIAN_POINT('',(42.176447182787,0.28787077883));
#2794 = CARTESIAN_POINT('',(42.181010803392,0.288400349796));
#2795 = CARTESIAN_POINT('',(42.185645469124,0.28885869194));
#2796 = CARTESIAN_POINT('',(42.19034079994,0.289244627156));
#2797 = CARTESIAN_POINT('',(42.195086315815,0.289557136354));
#2798 = CARTESIAN_POINT('',(42.199871414194,0.289795358744));
#2799 = CARTESIAN_POINT('',(42.204685380019,0.289958594607));
#2800 = CARTESIAN_POINT('',(42.20951740237,0.290046307418));
#2801 = CARTESIAN_POINT('',(42.214356533597,0.290058125499));
#2802 = CARTESIAN_POINT('',(42.219191875771,0.28999384659));
#2803 = CARTESIAN_POINT('',(42.224012520641,0.289853441001));
#2804 = CARTESIAN_POINT('',(42.228807516676,0.289637049318));
#2805 = CARTESIAN_POINT('',(42.233565983299,0.289344985507));
#2806 = CARTESIAN_POINT('',(42.23827706692,0.28897773987));
#2807 = CARTESIAN_POINT('',(42.242930006846,0.288535975824));
#2808 = CARTESIAN_POINT('',(42.247514154087,0.288020533042));
#2809 = CARTESIAN_POINT('',(42.252018960682,0.287432428307));
#2810 = CARTESIAN_POINT('',(42.256434065545,0.28677284953));
#2811 = CARTESIAN_POINT('',(42.260749287786,0.286043157399));
#2812 = CARTESIAN_POINT('',(42.264954617126,0.28524489018));
#2813 = CARTESIAN_POINT('',(42.269040312175,0.284379747103));
#2814 = CARTESIAN_POINT('',(42.272996866778,0.283449598947));
#2815 = CARTESIAN_POINT('',(42.276815044959,0.28245648022));
#2816 = CARTESIAN_POINT('',(42.280485929133,0.281402581315));
#2817 = CARTESIAN_POINT('',(42.284000919927,0.280290249449));
#2818 = CARTESIAN_POINT('',(42.287351740086,0.279121989583));
#2819 = CARTESIAN_POINT('',(42.290530526327,0.277900436931));
#2820 = CARTESIAN_POINT('',(42.293529757984,0.276628382317));
#2821 = CARTESIAN_POINT('',(42.296342345042,0.275308742102));
#2822 = CARTESIAN_POINT('',(42.298961639323,0.273944550231));
#2823 = CARTESIAN_POINT('',(42.301381378246,0.272538996761));
#2824 = CARTESIAN_POINT('',(42.303595943762,0.271095268261));
#2825 = CARTESIAN_POINT('',(42.305600056499,0.269616711276));
#2826 = CARTESIAN_POINT('',(42.30738879114,0.2681068827));
#2827 = CARTESIAN_POINT('',(42.308957850313,0.266569363354));
#2828 = CARTESIAN_POINT('',(42.31030347501,0.265007801341));
#2829 = CARTESIAN_POINT('',(42.311422457101,0.263425894082));
#2830 = CARTESIAN_POINT('',(42.312312129283,0.261827387044));
#2831 = CARTESIAN_POINT('',(42.312970365802,0.260216068079));
#2832 = CARTESIAN_POINT('',(42.313395585334,0.258595763688));
#2833 = CARTESIAN_POINT('',(42.31358675706,0.256970333134));
#2834 = CARTESIAN_POINT('',(42.313543413894,0.255343670408));
#2835 = CARTESIAN_POINT('',(42.313265656603,0.253719678154));
#2836 = CARTESIAN_POINT('',(42.312754209698,0.252102347176));
#2837 = CARTESIAN_POINT('',(42.312010279599,0.25049539077));
#2838 = CARTESIAN_POINT('',(42.311035650707,0.248902634959));
#2839 = CARTESIAN_POINT('',(42.309832670771,0.247327887903));
#2840 = CARTESIAN_POINT('',(42.30840422048,0.245774885472));
#2841 = CARTESIAN_POINT('',(42.306753715564,0.244247300356));
#2842 = CARTESIAN_POINT('',(42.304885100985,0.242748734982));
#2843 = CARTESIAN_POINT('',(42.302802843051,0.241282716318));
#2844 = CARTESIAN_POINT('',(42.300511936608,0.239852700057));
#2845 = CARTESIAN_POINT('',(42.298017852941,0.238462036241));
#2846 = CARTESIAN_POINT('',(42.29532647485,0.237113925693));
#2847 = CARTESIAN_POINT('',(42.29244420815,0.235811501024));
#2848 = CARTESIAN_POINT('',(42.289377868062,0.234557754605));
#2849 = CARTESIAN_POINT('',(42.286134695464,0.233355553245));
#2850 = CARTESIAN_POINT('',(42.282722356193,0.232207636553));
#2851 = CARTESIAN_POINT('',(42.27914885304,0.231116587519));
#2852 = CARTESIAN_POINT('',(42.275422592156,0.230084855534));
#2853 = CARTESIAN_POINT('',(42.271552297357,0.229114731476));
#2854 = CARTESIAN_POINT('',(42.267546990967,0.228208345633));
#2855 = CARTESIAN_POINT('',(42.263416047822,0.227367679111));
#2856 = CARTESIAN_POINT('',(42.259168947024,0.226594517749));
#2857 = CARTESIAN_POINT('',(42.254815469759,0.225890499341));
#2858 = CARTESIAN_POINT('',(42.25036584124,0.225257124911));
#2859 = CARTESIAN_POINT('',(42.245830352108,0.224695695042));
#2860 = CARTESIAN_POINT('',(42.241219443417,0.224207333511));
#2861 = CARTESIAN_POINT('',(42.23654366989,0.2237929862));
#2862 = CARTESIAN_POINT('',(42.231813697718,0.223453425125));
#2863 = CARTESIAN_POINT('',(42.22704029363,0.223189249522));
#2864 = CARTESIAN_POINT('',(42.222234322003,0.223000886356));
#2865 = CARTESIAN_POINT('',(42.217406726219,0.222888588793));
#2866 = CARTESIAN_POINT('',(42.212568572719,0.222852436098));
#2867 = CARTESIAN_POINT('',(42.207730867727,0.222892322513));
#2868 = CARTESIAN_POINT('',(42.202904290041,0.223007995402));
#2869 = CARTESIAN_POINT('',(42.199701264658,0.223135314351));
#2870 = CARTESIAN_POINT('',(42.198105232834,0.223211455462));
#2871 = ( GEOMETRIC_REPRESENTATION_CONTEXT(2) 
PARAMETRIC_REPRESENTATION_CONTEXT() REPRESENTATION_CONTEXT('2D SPACE',''
  ) );
#2872 = PCURVE('',#2873,#2878);
#2873 = CYLINDRICAL_SURFACE('',#2874,1.8);
#2874 = AXIS2_PLACEMENT_3D('',#2875,#2876,#2877);
#2875 = CARTESIAN_POINT('',(16.194524276204,4.05,-9.788254330734));
#2876 = DIRECTION('',(0.,1.,0.));
#2877 = DIRECTION('',(0.,-0.,1.));
#2878 = DEFINITIONAL_REPRESENTATION('',(#2879),#3015);
#2879 = B_SPLINE_CURVE_WITH_KNOTS('',3,(#2880,#2881,#2882,#2883,#2884,
    #2885,#2886,#2887,#2888,#2889,#2890,#2891,#2892,#2893,#2894,#2895,
    #2896,#2897,#2898,#2899,#2900,#2901,#2902,#2903,#2904,#2905,#2906,
    #2907,#2908,#2909,#2910,#2911,#2912,#2913,#2914,#2915,#2916,#2917,
    #2918,#2919,#2920,#2921,#2922,#2923,#2924,#2925,#2926,#2927,#2928,
    #2929,#2930,#2931,#2932,#2933,#2934,#2935,#2936,#2937,#2938,#2939,
    #2940,#2941,#2942,#2943,#2944,#2945,#2946,#2947,#2948,#2949,#2950,
    #2951,#2952,#2953,#2954,#2955,#2956,#2957,#2958,#2959,#2960,#2961,
    #2962,#2963,#2964,#2965,#2966,#2967,#2968,#2969,#2970,#2971,#2972,
    #2973,#2974,#2975,#2976,#2977,#2978,#2979,#2980,#2981,#2982,#2983,
    #2984,#2985,#2986,#2987,#2988,#2989,#2990,#2991,#2992,#2993,#2994,
    #2995,#2996,#2997,#2998,#2999,#3000,#3001,#3002,#3003,#3004,#3005,
    #3006,#3007,#3008,#3009,#3010,#3011,#3012,#3013,#3014),
  .UNSPECIFIED.,.F.,.F.,(4,1,1,1,1,1,1,1,1,1,1,1,1,1,1,1,1,1,1,1,1,1,1,1
    ,1,1,1,1,1,1,1,1,1,1,1,1,1,1,1,1,1,1,1,1,1,1,1,1,1,1,1,1,1,1,1,1,1,1
    ,1,1,1,1,1,1,1,1,1,1,1,1,1,1,1,1,1,1,1,1,1,1,1,1,1,1,1,1,1,1,1,1,1,1
    ,1,1,1,1,1,1,1,1,1,1,1,1,1,1,1,1,1,1,1,1,1,1,1,1,1,1,1,1,1,1,1,1,1,1
    ,1,1,1,1,1,1,4),(0.,0.362830941513,0.725661883025,1.088492824538,
    1.451323766051,1.814154707563,2.176985649076,2.539816590589,
    2.902647532101,3.265478473614,3.628309415127,3.991140356639,
    4.353971298152,4.716802239665,5.079633181177,5.44246412269,
    5.805295064203,6.168126005715,6.530956947228,6.893787888741,
    7.256618830253,7.619449771766,7.982280713279,8.345111654791,
    8.707942596304,9.070773537817,9.433604479329,9.796435420842,
    10.159266362355,10.522097303867,10.88492824538,11.247759186893,
    11.610590128405,11.973421069918,12.336252011431,12.699082952943,
    13.061913894456,13.424744835969,13.787575777481,14.150406718994,
    14.513237660507,14.876068602019,15.238899543532,15.601730485045,
    15.964561426558,16.32739236807,16.690223309583,17.053054251096,
    17.415885192608,17.778716134121,18.141547075634,18.504378017146,
    18.867208958659,19.230039900172,19.592870841684,19.955701783197,
    20.31853272471,20.681363666222,21.044194607735,21.407025549248,
    21.76985649076,22.132687432273,22.495518373786,22.858349315298,
    23.221180256811,23.584011198324,23.946842139836,24.309673081349,
    24.672504022862,25.035334964374,25.398165905887,25.7609968474,
    26.123827788912,26.486658730425,26.849489671938,27.21232061345,
    27.575151554963,27.937982496476,28.300813437988,28.663644379501,
    29.026475321014,29.389306262526,29.752137204039,30.114968145552,
    30.477799087064,30.840630028577,31.20346097009,31.566291911602,
    31.929122853115,32.291953794628,32.65478473614,33.017615677653,
    33.380446619166,33.743277560678,34.106108502191,34.468939443704,
    34.831770385216,35.194601326729,35.557432268242,35.920263209754,
    36.283094151267,36.64592509278,37.008756034292,37.371586975805,
    37.734417917318,38.09724885883,38.460079800343,38.822910741856,
    39.185741683368,39.548572624881,39.911403566394,40.274234507906,
    40.637065449419,40.999896390932,41.362727332444,41.725558273957,
    42.08838921547,42.451220156982,42.814051098495,43.176882040008,
    43.53971298152,43.902543923033,44.265374864546,44.628205806058,
    44.991036747571,45.353867689084,45.716698630597,46.079529572109,
    46.442360513622,46.805191455135,47.168022396647,47.53085333816,
    47.893684279673),.QUASI_UNIFORM_KNOTS.);
#2880 = CARTESIAN_POINT('',(-1.7763568394E-15,3.05));
#2881 = CARTESIAN_POINT('',(1.585791952146E-02,3.05));
#2882 = CARTESIAN_POINT('',(4.757393486115E-02,3.05));
#2883 = CARTESIAN_POINT('',(9.51490451048E-02,3.05));
#2884 = CARTESIAN_POINT('',(0.142724772561,3.05));
#2885 = CARTESIAN_POINT('',(0.190304246487,3.05));
#2886 = CARTESIAN_POINT('',(0.237886135261,3.05));
#2887 = CARTESIAN_POINT('',(0.285469528288,3.05));
#2888 = CARTESIAN_POINT('',(0.333054236281,3.05));
#2889 = CARTESIAN_POINT('',(0.380640451454,3.05));
#2890 = CARTESIAN_POINT('',(0.42822860557,3.05));
#2891 = CARTESIAN_POINT('',(0.47581919052,3.05));
#2892 = CARTESIAN_POINT('',(0.523412599009,3.05));
#2893 = CARTESIAN_POINT('',(0.571008941993,3.05));
#2894 = CARTESIAN_POINT('',(0.618607909482,3.05));
#2895 = CARTESIAN_POINT('',(0.666208403518,3.05));
#2896 = CARTESIAN_POINT('',(0.713808916253,3.05));
#2897 = CARTESIAN_POINT('',(0.761412487952,3.05));
#2898 = CARTESIAN_POINT('',(0.80901822397,3.05));
#2899 = CARTESIAN_POINT('',(0.856626368172,3.05));
#2900 = CARTESIAN_POINT('',(0.90423700976,3.05));
#2901 = CARTESIAN_POINT('',(0.951849425625,3.05));
#2902 = CARTESIAN_POINT('',(0.999468534642,3.05));
#2903 = CARTESIAN_POINT('',(1.047090742295,3.05));
#2904 = CARTESIAN_POINT('',(1.094714720248,3.05));
#2905 = CARTESIAN_POINT('',(1.142339568403,3.05));
#2906 = CARTESIAN_POINT('',(1.18996502279,3.05));
#2907 = CARTESIAN_POINT('',(1.237591148532,3.05));
#2908 = CARTESIAN_POINT('',(1.28521819336,3.05));
#2909 = CARTESIAN_POINT('',(1.33284641549,3.05));
#2910 = CARTESIAN_POINT('',(1.380475906145,3.05));
#2911 = CARTESIAN_POINT('',(1.428106460851,3.05));
#2912 = CARTESIAN_POINT('',(1.475737211704,3.05));
#2913 = CARTESIAN_POINT('',(1.523367068538,3.05));
#2914 = CARTESIAN_POINT('',(1.570992019787,3.05));
#2915 = CARTESIAN_POINT('',(1.618617369471,3.05));
#2916 = CARTESIAN_POINT('',(1.66624204569,3.05));
#2917 = CARTESIAN_POINT('',(1.713865429719,3.05));
#2918 = CARTESIAN_POINT('',(1.761487314573,3.05));
#2919 = CARTESIAN_POINT('',(1.809107673279,3.05));
#2920 = CARTESIAN_POINT('',(1.85672648125,3.05));
#2921 = CARTESIAN_POINT('',(1.904343564246,3.05));
#2922 = CARTESIAN_POINT('',(1.951958291224,3.05));
#2923 = CARTESIAN_POINT('',(1.999569813014,3.05));
#2924 = CARTESIAN_POINT('',(2.047179440096,3.05));
#2925 = CARTESIAN_POINT('',(2.094786568427,3.05));
#2926 = CARTESIAN_POINT('',(2.14239131404,3.05));
#2927 = CARTESIAN_POINT('',(2.189993731019,3.05));
#2928 = CARTESIAN_POINT('',(2.237593522728,3.05));
#2929 = CARTESIAN_POINT('',(2.285191007292,3.05));
#2930 = CARTESIAN_POINT('',(2.332786010777,3.05));
#2931 = CARTESIAN_POINT('',(2.380378517985,3.05));
#2932 = CARTESIAN_POINT('',(2.427968690437,3.05));
#2933 = CARTESIAN_POINT('',(2.475556679996,3.05));
#2934 = CARTESIAN_POINT('',(2.523142271429,3.05));
#2935 = CARTESIAN_POINT('',(2.570725773433,3.05));
#2936 = CARTESIAN_POINT('',(2.618307343864,3.05));
#2937 = CARTESIAN_POINT('',(2.665887012432,3.05));
#2938 = CARTESIAN_POINT('',(2.713465505197,3.05));
#2939 = CARTESIAN_POINT('',(2.761042861867,3.05));
#2940 = CARTESIAN_POINT('',(2.808618760238,3.05));
#2941 = CARTESIAN_POINT('',(2.856193455755,3.05));
#2942 = CARTESIAN_POINT('',(2.903767324104,3.05));
#2943 = CARTESIAN_POINT('',(2.951340731437,3.05));
#2944 = CARTESIAN_POINT('',(2.998913963952,3.05));
#2945 = CARTESIAN_POINT('',(3.046486595002,3.05));
#2946 = CARTESIAN_POINT('',(3.094059097197,3.05));
#2947 = CARTESIAN_POINT('',(3.141632003822,3.05));
#2948 = CARTESIAN_POINT('',(3.189205349977,3.05));
#2949 = CARTESIAN_POINT('',(3.236779557402,3.05));
#2950 = CARTESIAN_POINT('',(3.284354746556,3.05));
#2951 = CARTESIAN_POINT('',(3.3319311606,3.05));
#2952 = CARTESIAN_POINT('',(3.379509083659,3.05));
#2953 = CARTESIAN_POINT('',(3.427088491097,3.05));
#2954 = CARTESIAN_POINT('',(3.474669670975,3.05));
#2955 = CARTESIAN_POINT('',(3.522252900456,3.05));
#2956 = CARTESIAN_POINT('',(3.569838055786,3.05));
#2957 = CARTESIAN_POINT('',(3.61742545735,3.05));
#2958 = CARTESIAN_POINT('',(3.665015177186,3.05));
#2959 = CARTESIAN_POINT('',(3.712607203089,3.05));
#2960 = CARTESIAN_POINT('',(3.760201711669,3.05));
#2961 = CARTESIAN_POINT('',(3.807798790072,3.05));
#2962 = CARTESIAN_POINT('',(3.855398190381,3.05));
#2963 = CARTESIAN_POINT('',(3.903000281787,3.05));
#2964 = CARTESIAN_POINT('',(3.950604757569,3.05));
#2965 = CARTESIAN_POINT('',(3.998211602827,3.05));
#2966 = CARTESIAN_POINT('',(4.045821075331,3.05));
#2967 = CARTESIAN_POINT('',(4.093432173182,3.05));
#2968 = CARTESIAN_POINT('',(4.141047683823,3.05));
#2969 = CARTESIAN_POINT('',(4.188668274045,3.05));
#2970 = CARTESIAN_POINT('',(4.236290968555,3.05));
#2971 = CARTESIAN_POINT('',(4.283914913525,3.05));
#2972 = CARTESIAN_POINT('',(4.331539536438,3.05));
#2973 = CARTESIAN_POINT('',(4.379164777397,3.05));
#2974 = CARTESIAN_POINT('',(4.426790790993,3.05));
#2975 = CARTESIAN_POINT('',(4.474417810754,3.05));
#2976 = CARTESIAN_POINT('',(4.52204596125,3.05));
#2977 = CARTESIAN_POINT('',(4.569675135286,3.05));
#2978 = CARTESIAN_POINT('',(4.617304630443,3.05));
#2979 = CARTESIAN_POINT('',(4.664933600895,3.05));
#2980 = CARTESIAN_POINT('',(4.712558360045,3.05));
#2981 = CARTESIAN_POINT('',(4.76018283936,3.05));
#2982 = CARTESIAN_POINT('',(4.807806817852,3.05));
#2983 = CARTESIAN_POINT('',(4.855429439714,3.05));
#2984 = CARTESIAN_POINT('',(4.903050533092,3.05));
#2985 = CARTESIAN_POINT('',(4.950670036321,3.05));
#2986 = CARTESIAN_POINT('',(4.998287901921,3.05));
#2987 = CARTESIAN_POINT('',(5.045903958552,3.05));
#2988 = CARTESIAN_POINT('',(5.093517470063,3.05));
#2989 = CARTESIAN_POINT('',(5.1411279849,3.05));
#2990 = CARTESIAN_POINT('',(5.188736466234,3.05));
#2991 = CARTESIAN_POINT('',(5.236342398478,3.05));
#2992 = CARTESIAN_POINT('',(5.283945904439,3.05));
#2993 = CARTESIAN_POINT('',(5.331547017058,3.05));
#2994 = CARTESIAN_POINT('',(5.379145449972,3.05));
#2995 = CARTESIAN_POINT('',(5.426741554165,3.05));
#2996 = CARTESIAN_POINT('',(5.474335109997,3.05));
#2997 = CARTESIAN_POINT('',(5.521926184303,3.05));
#2998 = CARTESIAN_POINT('',(5.569515060672,3.05));
#2999 = CARTESIAN_POINT('',(5.617101350556,3.05));
#3000 = CARTESIAN_POINT('',(5.664686533526,3.05));
#3001 = CARTESIAN_POINT('',(5.712271343255,3.05));
#3002 = CARTESIAN_POINT('',(5.75985413806,3.05));
#3003 = CARTESIAN_POINT('',(5.807434809279,3.05));
#3004 = CARTESIAN_POINT('',(5.855013478249,3.05));
#3005 = CARTESIAN_POINT('',(5.902590607773,3.05));
#3006 = CARTESIAN_POINT('',(5.950166750549,3.05));
#3007 = CARTESIAN_POINT('',(5.997742414312,3.05));
#3008 = CARTESIAN_POINT('',(6.045317854683,3.05));
#3009 = CARTESIAN_POINT('',(6.092893023239,3.05));
#3010 = CARTESIAN_POINT('',(6.140466901709,3.05));
#3011 = CARTESIAN_POINT('',(6.188039025654,3.05));
#3012 = CARTESIAN_POINT('',(6.235611948769,3.05));
#3013 = CARTESIAN_POINT('',(6.267327442832,3.05));
#3014 = CARTESIAN_POINT('',(6.28318530718,3.05));
#3015 = ( GEOMETRIC_REPRESENTATION_CONTEXT(2) 
PARAMETRIC_REPRESENTATION_CONTEXT() REPRESENTATION_CONTEXT('2D SPACE',''
  ) );
#3016 = FACE_BOUND('',#3017,.T.);
#3017 = EDGE_LOOP('',(#3018,#3054,#3088,#3122));
#3018 = ORIENTED_EDGE('',*,*,#3019,.F.);
#3019 = EDGE_CURVE('',#3020,#3022,#3024,.T.);
#3020 = VERTEX_POINT('',#3021);
#3021 = CARTESIAN_POINT('',(5.855046988076,7.100000000034,
    -0.147633915707));
#3022 = VERTEX_POINT('',#3023);
#3023 = CARTESIAN_POINT('',(5.952250165484,7.100000000015,
    -0.559595666711));
#3024 = SURFACE_CURVE('',#3025,(#3031,#3040),.PCURVE_S1.);
#3025 = B_SPLINE_CURVE_WITH_KNOTS('',4,(#3026,#3027,#3028,#3029,#3030),
  .UNSPECIFIED.,.F.,.F.,(5,5),(0.,1.),.PIECEWISE_BEZIER_KNOTS.);
#3026 = CARTESIAN_POINT('',(5.855046988076,7.100000000034,
    -0.147633915707));
#3027 = CARTESIAN_POINT('',(5.879559875232,7.10000000003,-0.250574155638
    ));
#3028 = CARTESIAN_POINT('',(5.903931413343,7.100000000025,
    -0.353548055501));
#3029 = CARTESIAN_POINT('',(5.928161532757,7.10000000002,-0.456555322811
    ));
#3030 = CARTESIAN_POINT('',(5.952250165484,7.100000000015,
    -0.559595666711));
#3031 = PCURVE('',#258,#3032);
#3032 = DEFINITIONAL_REPRESENTATION('',(#3033),#3039);
#3033 = B_SPLINE_CURVE_WITH_KNOTS('',4,(#3034,#3035,#3036,#3037,#3038),
  .UNSPECIFIED.,.F.,.F.,(5,5),(0.,1.),.PIECEWISE_BEZIER_KNOTS.);
#3034 = CARTESIAN_POINT('',(42.689265446445,3.633139161918E-02));
#3035 = CARTESIAN_POINT('',(42.689265458924,3.846854991417E-02));
#3036 = CARTESIAN_POINT('',(42.689265472169,4.06057090209E-02));
#3037 = CARTESIAN_POINT('',(42.689265485477,4.274286828271E-02));
#3038 = CARTESIAN_POINT('',(42.689265498043,4.488002697952E-02));
#3039 = ( GEOMETRIC_REPRESENTATION_CONTEXT(2) 
PARAMETRIC_REPRESENTATION_CONTEXT() REPRESENTATION_CONTEXT('2D SPACE',''
  ) );
#3040 = PCURVE('',#3041,#3046);
#3041 = CYLINDRICAL_SURFACE('',#3042,102.75250594613);
#3042 = AXIS2_PLACEMENT_3D('',#3043,#3044,#3045);
#3043 = CARTESIAN_POINT('',(-94.10250594613,6.95,-23.95026170372));
#3044 = DIRECTION('',(0.,1.,0.));
#3045 = DIRECTION('',(0.972799174228,-0.,0.231650095235));
#3046 = DEFINITIONAL_REPRESENTATION('',(#3047),#3053);
#3047 = B_SPLINE_CURVE_WITH_KNOTS('',4,(#3048,#3049,#3050,#3051,#3052),
  .UNSPECIFIED.,.F.,.F.,(5,5),(0.,1.),.PIECEWISE_BEZIER_KNOTS.);
#3048 = CARTESIAN_POINT('',(0.,0.150000000034));
#3049 = CARTESIAN_POINT('',(1.029839535976E-03,0.150000000029));
#3050 = CARTESIAN_POINT('',(2.059679080068E-03,0.150000000025));
#3051 = CARTESIAN_POINT('',(3.089518618762E-03,0.15000000002));
#3052 = CARTESIAN_POINT('',(4.119358157676E-03,0.150000000015));
#3053 = ( GEOMETRIC_REPRESENTATION_CONTEXT(2) 
PARAMETRIC_REPRESENTATION_CONTEXT() REPRESENTATION_CONTEXT('2D SPACE',''
  ) );
#3054 = ORIENTED_EDGE('',*,*,#3055,.T.);
#3055 = EDGE_CURVE('',#3020,#3056,#3058,.T.);
#3056 = VERTEX_POINT('',#3057);
#3057 = CARTESIAN_POINT('',(12.372801455401,7.100000000034,
    1.404421722365));
#3058 = SURFACE_CURVE('',#3059,(#3065,#3074),.PCURVE_S1.);
#3059 = B_SPLINE_CURVE_WITH_KNOTS('',4,(#3060,#3061,#3062,#3063,#3064),
  .UNSPECIFIED.,.F.,.F.,(5,5),(0.,1.),.PIECEWISE_BEZIER_KNOTS.);
#3060 = CARTESIAN_POINT('',(5.855046988076,7.100000000034,
    -0.147633915707));
#3061 = CARTESIAN_POINT('',(7.484485604908,7.100000000034,0.240379993811
    ));
#3062 = CARTESIAN_POINT('',(9.113924221739,7.100000000034,0.628393903329
    ));
#3063 = CARTESIAN_POINT('',(10.74336283857,7.100000000034,1.016407812847
    ));
#3064 = CARTESIAN_POINT('',(12.372801455401,7.100000000034,
    1.404421722365));
#3065 = PCURVE('',#258,#3066);
#3066 = DEFINITIONAL_REPRESENTATION('',(#3067),#3073);
#3067 = B_SPLINE_CURVE_WITH_KNOTS('',4,(#3068,#3069,#3070,#3071,#3072),
  .UNSPECIFIED.,.F.,.F.,(5,5),(0.,1.),.PIECEWISE_BEZIER_KNOTS.);
#3068 = CARTESIAN_POINT('',(42.689265446429,3.633139160299E-02));
#3069 = CARTESIAN_POINT('',(42.594632676596,3.63313916029E-02));
#3070 = CARTESIAN_POINT('',(42.499999906762,3.633139160281E-02));
#3071 = CARTESIAN_POINT('',(42.405367136929,3.633139160272E-02));
#3072 = CARTESIAN_POINT('',(42.310734367095,3.633139160264E-02));
#3073 = ( GEOMETRIC_REPRESENTATION_CONTEXT(2) 
PARAMETRIC_REPRESENTATION_CONTEXT() REPRESENTATION_CONTEXT('2D SPACE',''
  ) );
#3074 = PCURVE('',#3075,#3080);
#3075 = PLANE('',#3076);
#3076 = AXIS2_PLACEMENT_3D('',#3077,#3078,#3079);
#3077 = CARTESIAN_POINT('',(9.113924221739,6.95,0.628393903329));
#3078 = DIRECTION('',(-0.231650095235,0.,0.972799174228));
#3079 = DIRECTION('',(0.972799174228,0.,0.231650095235));
#3080 = DEFINITIONAL_REPRESENTATION('',(#3081),#3087);
#3081 = B_SPLINE_CURVE_WITH_KNOTS('',4,(#3082,#3083,#3084,#3085,#3086),
  .UNSPECIFIED.,.F.,.F.,(5,5),(0.,1.),.PIECEWISE_BEZIER_KNOTS.);
#3082 = CARTESIAN_POINT('',(-3.35,0.150000000034));
#3083 = CARTESIAN_POINT('',(-1.675,0.150000000034));
#3084 = CARTESIAN_POINT('',(-1.909583602355E-14,0.150000000034));
#3085 = CARTESIAN_POINT('',(1.675,0.150000000034));
#3086 = CARTESIAN_POINT('',(3.35,0.150000000034));
#3087 = ( GEOMETRIC_REPRESENTATION_CONTEXT(2) 
PARAMETRIC_REPRESENTATION_CONTEXT() REPRESENTATION_CONTEXT('2D SPACE',''
  ) );
#3088 = ORIENTED_EDGE('',*,*,#3089,.T.);
#3089 = EDGE_CURVE('',#3056,#3090,#3092,.T.);
#3090 = VERTEX_POINT('',#3091);
#3091 = CARTESIAN_POINT('',(12.476342787607,7.100000000015,
    0.965597913776));
#3092 = SURFACE_CURVE('',#3093,(#3099,#3108),.PCURVE_S1.);
#3093 = B_SPLINE_CURVE_WITH_KNOTS('',4,(#3094,#3095,#3096,#3097,#3098),
  .UNSPECIFIED.,.F.,.F.,(5,5),(0.,1.),.PIECEWISE_BEZIER_KNOTS.);
#3094 = CARTESIAN_POINT('',(12.372801455401,7.100000000034,
    1.404421722365));
#3095 = CARTESIAN_POINT('',(12.398912710815,7.10000000003,1.294769241199
    ));
#3096 = CARTESIAN_POINT('',(12.424873400488,7.100000000025,
    1.185080905296));
#3097 = CARTESIAN_POINT('',(12.450683450227,7.10000000002,1.075357026213
    ));
#3098 = CARTESIAN_POINT('',(12.476342787607,7.100000000015,
    0.965597913776));
#3099 = PCURVE('',#258,#3100);
#3100 = DEFINITIONAL_REPRESENTATION('',(#3101),#3107);
#3101 = B_SPLINE_CURVE_WITH_KNOTS('',4,(#3102,#3103,#3104,#3105,#3106),
  .UNSPECIFIED.,.F.,.F.,(5,5),(0.,1.),.PIECEWISE_BEZIER_KNOTS.);
#3102 = CARTESIAN_POINT('',(42.310734367112,3.633139161883E-02));
#3103 = CARTESIAN_POINT('',(42.310734380405,3.846854991384E-02));
#3104 = CARTESIAN_POINT('',(42.310734394513,4.060570902063E-02));
#3105 = CARTESIAN_POINT('',(42.31073440869,4.274286828251E-02));
#3106 = CARTESIAN_POINT('',(42.310734422075,4.488002697937E-02));
#3107 = ( GEOMETRIC_REPRESENTATION_CONTEXT(2) 
PARAMETRIC_REPRESENTATION_CONTEXT() REPRESENTATION_CONTEXT('2D SPACE',''
  ) );
#3108 = PCURVE('',#3109,#3114);
#3109 = CYLINDRICAL_SURFACE('',#3110,109.45250594613);
#3110 = AXIS2_PLACEMENT_3D('',#3111,#3112,#3113);
#3111 = CARTESIAN_POINT('',(-94.10250594613,6.95,-23.95026170372));
#3112 = DIRECTION('',(0.,1.,0.));
#3113 = DIRECTION('',(0.972799174228,-0.,0.231650095235));
#3114 = DEFINITIONAL_REPRESENTATION('',(#3115),#3121);
#3115 = B_SPLINE_CURVE_WITH_KNOTS('',4,(#3116,#3117,#3118,#3119,#3120),
  .UNSPECIFIED.,.F.,.F.,(5,5),(0.,1.),.PIECEWISE_BEZIER_KNOTS.);
#3116 = CARTESIAN_POINT('',(0.,0.150000000034));
#3117 = CARTESIAN_POINT('',(1.029839535963E-03,0.150000000029));
#3118 = CARTESIAN_POINT('',(2.059679080061E-03,0.150000000025));
#3119 = CARTESIAN_POINT('',(3.089518618766E-03,0.15000000002));
#3120 = CARTESIAN_POINT('',(4.119358157676E-03,0.150000000015));
#3121 = ( GEOMETRIC_REPRESENTATION_CONTEXT(2) 
PARAMETRIC_REPRESENTATION_CONTEXT() REPRESENTATION_CONTEXT('2D SPACE',''
  ) );
#3122 = ORIENTED_EDGE('',*,*,#3123,.F.);
#3123 = EDGE_CURVE('',#3022,#3090,#3124,.T.);
#3124 = SURFACE_CURVE('',#3125,(#3131,#3140),.PCURVE_S1.);
#3125 = B_SPLINE_CURVE_WITH_KNOTS('',4,(#3126,#3127,#3128,#3129,#3130),
  .UNSPECIFIED.,.F.,.F.,(5,5),(0.,1.),.PIECEWISE_BEZIER_KNOTS.);
#3126 = CARTESIAN_POINT('',(5.952250165484,7.100000000015,
    -0.559595666711));
#3127 = CARTESIAN_POINT('',(7.583273321014,7.100000000015,
    -0.178297271589));
#3128 = CARTESIAN_POINT('',(9.214296476545,7.100000000015,0.203001123532
    ));
#3129 = CARTESIAN_POINT('',(10.845319632076,7.100000000015,
    0.584299518654));
#3130 = CARTESIAN_POINT('',(12.476342787607,7.100000000015,
    0.965597913776));
#3131 = PCURVE('',#258,#3132);
#3132 = DEFINITIONAL_REPRESENTATION('',(#3133),#3139);
#3133 = B_SPLINE_CURVE_WITH_KNOTS('',4,(#3134,#3135,#3136,#3137,#3138),
  .UNSPECIFIED.,.F.,.F.,(5,5),(0.,1.),.PIECEWISE_BEZIER_KNOTS.);
#3134 = CARTESIAN_POINT('',(42.689265498052,4.488002698633E-02));
#3135 = CARTESIAN_POINT('',(42.59463272906,4.488002698629E-02));
#3136 = CARTESIAN_POINT('',(42.499999960068,4.488002698625E-02));
#3137 = CARTESIAN_POINT('',(42.405367191076,4.488002698622E-02));
#3138 = CARTESIAN_POINT('',(42.310734422084,4.488002698618E-02));
#3139 = ( GEOMETRIC_REPRESENTATION_CONTEXT(2) 
PARAMETRIC_REPRESENTATION_CONTEXT() REPRESENTATION_CONTEXT('2D SPACE',''
  ) );
#3140 = PCURVE('',#3141,#3146);
#3141 = PLANE('',#3142);
#3142 = AXIS2_PLACEMENT_3D('',#3143,#3144,#3145);
#3143 = CARTESIAN_POINT('',(9.214296476545,6.95,0.203001123532));
#3144 = DIRECTION('',(-0.227640832908,0.,0.973745167481));
#3145 = DIRECTION('',(0.973745167481,0.,0.227640832908));
#3146 = DEFINITIONAL_REPRESENTATION('',(#3147),#3153);
#3147 = B_SPLINE_CURVE_WITH_KNOTS('',4,(#3148,#3149,#3150,#3151,#3152),
  .UNSPECIFIED.,.F.,.F.,(5,5),(0.,1.),.PIECEWISE_BEZIER_KNOTS.);
#3148 = CARTESIAN_POINT('',(-3.35,0.150000000015));
#3149 = CARTESIAN_POINT('',(-1.675,0.150000000015));
#3150 = CARTESIAN_POINT('',(2.04281036531E-14,0.150000000015));
#3151 = CARTESIAN_POINT('',(1.675,0.150000000015));
#3152 = CARTESIAN_POINT('',(3.35,0.150000000015));
#3153 = ( GEOMETRIC_REPRESENTATION_CONTEXT(2) 
PARAMETRIC_REPRESENTATION_CONTEXT() REPRESENTATION_CONTEXT('2D SPACE',''
  ) );
#3154 = FACE_BOUND('',#3155,.T.);
#3155 = EDGE_LOOP('',(#3156));
#3156 = ORIENTED_EDGE('',*,*,#3157,.T.);
#3157 = EDGE_CURVE('',#3158,#3158,#3160,.T.);
#3158 = VERTEX_POINT('',#3159);
#3159 = CARTESIAN_POINT('',(8.892134725503,7.1,-21.67738146438));
#3160 = SURFACE_CURVE('',#3161,(#3214,#3309),.PCURVE_S1.);
#3161 = B_SPLINE_CURVE_WITH_KNOTS('',7,(#3162,#3163,#3164,#3165,#3166,
    #3167,#3168,#3169,#3170,#3171,#3172,#3173,#3174,#3175,#3176,#3177,
    #3178,#3179,#3180,#3181,#3182,#3183,#3184,#3185,#3186,#3187,#3188,
    #3189,#3190,#3191,#3192,#3193,#3194,#3195,#3196,#3197,#3198,#3199,
    #3200,#3201,#3202,#3203,#3204,#3205,#3206,#3207,#3208,#3209,#3210,
    #3211,#3212,#3213),.UNSPECIFIED.,.T.,.F.,(8,2,6,6,6,6,6,6,6,8),(0.,
    1.,2.27629748459,4.928358939047,7.33719623806,8.869877469449,
    10.299153221684,13.168738113795,15.38375359795,17.627723384823),
  .UNSPECIFIED.);
#3162 = CARTESIAN_POINT('',(8.892134725503,7.1,-21.67738146438));
#3163 = CARTESIAN_POINT('',(8.943028316931,7.1,-21.67738146438));
#3164 = CARTESIAN_POINT('',(8.993922984781,7.1,-21.68040337294));
#3165 = CARTESIAN_POINT('',(9.109283937395,7.1,-21.6941609148));
#3166 = CARTESIAN_POINT('',(9.222415094395,7.1,-21.72347758802));
#3167 = CARTESIAN_POINT('',(9.330814364102,7.1,-21.76790479219));
#3168 = CARTESIAN_POINT('',(9.432081839778,7.1,-21.82649130703));
#3169 = CARTESIAN_POINT('',(9.524081414751,7.1,-21.89782747075));
#3170 = CARTESIAN_POINT('',(9.572406349817,7.1,-21.941546561));
#3171 = CARTESIAN_POINT('',(9.71015507354,7.1,-22.0865561072));
#3172 = CARTESIAN_POINT('',(9.787815736795,7.1,-22.19919469779));
#3173 = CARTESIAN_POINT('',(9.847181301739,7.1,-22.32356025877));
#3174 = CARTESIAN_POINT('',(9.886272735314,7.1,-22.45602435006));
#3175 = CARTESIAN_POINT('',(9.903942218884,7.1,-22.59271508183));
#3176 = CARTESIAN_POINT('',(9.899867839989,7.1,-22.72950709294));
#3177 = CARTESIAN_POINT('',(9.852219536289,7.1,-22.98281150322));
#3178 = CARTESIAN_POINT('',(9.812271662758,7.1,-23.10019710381));
#3179 = CARTESIAN_POINT('',(9.755604510234,7.1,-23.21129965314));
#3180 = CARTESIAN_POINT('',(9.683484905018,7.1,-23.31330872955));
#3181 = CARTESIAN_POINT('',(9.597666167049,7.1,-23.40376100591));
#3182 = CARTESIAN_POINT('',(9.500379253356,7.1,-23.48054623756));
#3183 = CARTESIAN_POINT('',(9.326880407709,7.1,-23.58130793239));
#3184 = CARTESIAN_POINT('',(9.255845644884,7.1,-23.6143501918));
#3185 = CARTESIAN_POINT('',(9.181923030846,7.1,-23.64085663065));
#3186 = CARTESIAN_POINT('',(9.105835638511,7.1,-23.66053588605));
#3187 = CARTESIAN_POINT('',(9.028336500026,7.1,-23.67319409333));
#3188 = CARTESIAN_POINT('',(8.950198991512,7.1,-23.67873718164));
#3189 = CARTESIAN_POINT('',(8.799482286242,7.1,-23.67573356446));
#3190 = CARTESIAN_POINT('',(8.726872521591,7.1,-23.66811200684));
#3191 = CARTESIAN_POINT('',(8.655017177678,7.1,-23.65432942521));
#3192 = CARTESIAN_POINT('',(8.584540471475,7.1,-23.63448055442));
#3193 = CARTESIAN_POINT('',(8.516049265503,7.1,-23.608735522));
#3194 = CARTESIAN_POINT('',(8.450126356345,7.1,-23.57733808866));
#3195 = CARTESIAN_POINT('',(8.261228283412,7.1,-23.46687124988));
#3196 = CARTESIAN_POINT('',(8.147559120956,7.1,-23.37156019782));
#3197 = CARTESIAN_POINT('',(8.051002354198,7.1,-23.25730494966));
#3198 = CARTESIAN_POINT('',(7.975157677744,7.1,-23.12792231187));
#3199 = CARTESIAN_POINT('',(7.922620292173,7.1,-22.98780274987));
#3200 = CARTESIAN_POINT('',(7.895004412543,7.1,-22.84196810756));
#3201 = CARTESIAN_POINT('',(7.890221859981,7.1,-22.58306328824));
#3202 = CARTESIAN_POINT('',(7.90298122139,7.1,-22.46995153258));
#3203 = CARTESIAN_POINT('',(7.930651712531,7.1,-22.35895031607));
#3204 = CARTESIAN_POINT('',(7.972767347291,7.1,-22.25240412468));
#3205 = CARTESIAN_POINT('',(8.028457308214,7.1,-22.15250081629));
#3206 = CARTESIAN_POINT('',(8.096453520374,7.1,-22.06125835146));
#3207 = CARTESIAN_POINT('',(8.25467422722,7.1,-21.89847517587));
#3208 = CARTESIAN_POINT('',(8.345242397369,7.1,-21.82714101889));
#3209 = CARTESIAN_POINT('',(8.445009556571,7.1,-21.76821287794));
#3210 = CARTESIAN_POINT('',(8.551907095465,7.1,-21.7230498189));
#3211 = CARTESIAN_POINT('',(8.663686529617,7.1,-21.69259712336));
#3212 = CARTESIAN_POINT('',(8.777933419456,7.1,-21.67738146438));
#3213 = CARTESIAN_POINT('',(8.892134725503,7.1,-21.67738146438));
#3214 = PCURVE('',#258,#3215);
#3215 = DEFINITIONAL_REPRESENTATION('',(#3216),#3308);
#3216 = B_SPLINE_CURVE_WITH_KNOTS('',3,(#3217,#3218,#3219,#3220,#3221,
    #3222,#3223,#3224,#3225,#3226,#3227,#3228,#3229,#3230,#3231,#3232,
    #3233,#3234,#3235,#3236,#3237,#3238,#3239,#3240,#3241,#3242,#3243,
    #3244,#3245,#3246,#3247,#3248,#3249,#3250,#3251,#3252,#3253,#3254,
    #3255,#3256,#3257,#3258,#3259,#3260,#3261,#3262,#3263,#3264,#3265,
    #3266,#3267,#3268,#3269,#3270,#3271,#3272,#3273,#3274,#3275,#3276,
    #3277,#3278,#3279,#3280,#3281,#3282,#3283,#3284,#3285,#3286,#3287,
    #3288,#3289,#3290,#3291,#3292,#3293,#3294,#3295,#3296,#3297,#3298,
    #3299,#3300,#3301,#3302,#3303,#3304,#3305,#3306,#3307),
  .UNSPECIFIED.,.T.,.F.,(4,1,1,1,1,1,1,1,1,1,1,1,1,1,1,1,1,1,1,1,1,1,1,1
    ,1,1,1,1,1,1,1,1,1,1,1,1,1,1,1,1,1,1,1,1,1,1,1,1,1,1,1,1,1,1,1,1,1,1
    ,1,1,1,1,1,1,1,1,1,1,1,1,1,1,1,1,1,1,1,1,1,1,1,1,1,1,1,1,1,1,4),(0.,
    0.200315038464,0.400630076928,0.600945115392,0.801260153856,
    1.001575192319,1.201890230783,1.402205269247,1.602520307711,
    1.802835346175,2.003150384639,2.203465423103,2.403780461567,
    2.604095500031,2.804410538495,3.004725576958,3.205040615422,
    3.405355653886,3.60567069235,3.805985730814,4.006300769278,
    4.206615807742,4.406930846206,4.60724588467,4.807560923133,
    5.007875961597,5.208191000061,5.408506038525,5.608821076989,
    5.809136115453,6.009451153917,6.209766192381,6.410081230845,
    6.610396269309,6.810711307772,7.011026346236,7.2113413847,
    7.411656423164,7.611971461628,7.812286500092,8.012601538556,
    8.21291657702,8.413231615484,8.613546653948,8.813861692411,
    9.014176730875,9.214491769339,9.414806807803,9.615121846267,
    9.815436884731,10.015751923195,10.216066961659,10.416382000123,
    10.616697038586,10.81701207705,11.017327115514,11.217642153978,
    11.417957192442,11.618272230906,11.81858726937,12.018902307834,
    12.219217346298,12.419532384762,12.619847423225,12.820162461689,
    13.020477500153,13.220792538617,13.421107577081,13.621422615545,
    13.821737654009,14.022052692473,14.222367730937,14.4226827694,
    14.622997807864,14.823312846328,15.023627884792,15.223942923256,
    15.42425796172,15.624573000184,15.824888038648,16.025203077112,
    16.225518115576,16.425833154039,16.626148192503,16.826463230967,
    17.026778269431,17.227093307895,17.427408346359,17.627723384823),
  .QUASI_UNIFORM_KNOTS.);
#3217 = CARTESIAN_POINT('',(42.674168892698,0.475675171617));
#3218 = CARTESIAN_POINT('',(42.672825257111,0.475685701323));
#3219 = CARTESIAN_POINT('',(42.670140148793,0.475741095021));
#3220 = CARTESIAN_POINT('',(42.666139213128,0.475925999254));
#3221 = CARTESIAN_POINT('',(42.662185357533,0.476211724523));
#3222 = CARTESIAN_POINT('',(42.658298532702,0.476596590366));
#3223 = CARTESIAN_POINT('',(42.654498346918,0.477078478857));
#3224 = CARTESIAN_POINT('',(42.6508039524,0.477654783095));
#3225 = CARTESIAN_POINT('',(42.647233951695,0.478322439483));
#3226 = CARTESIAN_POINT('',(42.64380628683,0.47907794244));
#3227 = CARTESIAN_POINT('',(42.640538151488,0.479917366996));
#3228 = CARTESIAN_POINT('',(42.637445906775,0.480836391892));
#3229 = CARTESIAN_POINT('',(42.634545065029,0.48183030708));
#3230 = CARTESIAN_POINT('',(42.631850111787,0.482894055304));
#3231 = CARTESIAN_POINT('',(42.629373821302,0.484022600281));
#3232 = CARTESIAN_POINT('',(42.627129334368,0.485210000794));
#3233 = CARTESIAN_POINT('',(42.625127996591,0.486450212786));
#3234 = CARTESIAN_POINT('',(42.623379862594,0.487736962234));
#3235 = CARTESIAN_POINT('',(42.621893604155,0.489063812));
#3236 = CARTESIAN_POINT('',(42.620676563762,0.490424170927));
#3237 = CARTESIAN_POINT('',(42.619734753739,0.491811313672));
#3238 = CARTESIAN_POINT('',(42.619072853947,0.493218394671));
#3239 = CARTESIAN_POINT('',(42.618694191005,0.49463845965));
#3240 = CARTESIAN_POINT('',(42.618600709334,0.496064463122));
#3241 = CARTESIAN_POINT('',(42.618792904937,0.497489260239));
#3242 = CARTESIAN_POINT('',(42.619269822999,0.498905696489));
#3243 = CARTESIAN_POINT('',(42.620028739079,0.500306338437));
#3244 = CARTESIAN_POINT('',(42.621066228714,0.501685005808));
#3245 = CARTESIAN_POINT('',(42.622377119364,0.503034611747));
#3246 = CARTESIAN_POINT('',(42.623954767912,0.504348330203));
#3247 = CARTESIAN_POINT('',(42.625791226804,0.505619567216));
#3248 = CARTESIAN_POINT('',(42.627877294521,0.506841975368));
#3249 = CARTESIAN_POINT('',(42.63020257609,0.508009458314));
#3250 = CARTESIAN_POINT('',(42.632755522945,0.509116180711));
#3251 = CARTESIAN_POINT('',(42.635523459155,0.510156579779));
#3252 = CARTESIAN_POINT('',(42.638492606495,0.511125382582));
#3253 = CARTESIAN_POINT('',(42.641648061287,0.512017620928));
#3254 = CARTESIAN_POINT('',(42.644973908754,0.512828676622));
#3255 = CARTESIAN_POINT('',(42.648452788865,0.513554238769));
#3256 = CARTESIAN_POINT('',(42.652067984046,0.514190714794));
#3257 = CARTESIAN_POINT('',(42.655801230085,0.514734720674));
#3258 = CARTESIAN_POINT('',(42.659633675993,0.515183346173));
#3259 = CARTESIAN_POINT('',(42.663546027287,0.515534155062));
#3260 = CARTESIAN_POINT('',(42.667518571743,0.515785188447));
#3261 = CARTESIAN_POINT('',(42.671531239823,0.515934974518));
#3262 = CARTESIAN_POINT('',(42.675563627741,0.515982541483));
#3263 = CARTESIAN_POINT('',(42.679595119284,0.515927443052));
#3264 = CARTESIAN_POINT('',(42.683605492423,0.515769740355));
#3265 = CARTESIAN_POINT('',(42.687574085613,0.51551002498));
#3266 = CARTESIAN_POINT('',(42.69148064274,0.515149414525));
#3267 = CARTESIAN_POINT('',(42.695305179408,0.514689544055));
#3268 = CARTESIAN_POINT('',(42.699028088364,0.514132566036));
#3269 = CARTESIAN_POINT('',(42.702630174337,0.513481148531));
#3270 = CARTESIAN_POINT('',(42.706092761693,0.51273849948));
#3271 = CARTESIAN_POINT('',(42.709399168477,0.511907953157));
#3272 = CARTESIAN_POINT('',(42.712531183869,0.510993824597));
#3273 = CARTESIAN_POINT('',(42.715472274723,0.510000786471));
#3274 = CARTESIAN_POINT('',(42.718206970515,0.508933938487));
#3275 = CARTESIAN_POINT('',(42.720721026882,0.507798748018));
#3276 = CARTESIAN_POINT('',(42.723001388985,0.506601030949));
#3277 = CARTESIAN_POINT('',(42.725036218565,0.505346926469));
#3278 = CARTESIAN_POINT('',(42.726814915642,0.504042877446));
#3279 = CARTESIAN_POINT('',(42.728328154885,0.502695611467));
#3280 = CARTESIAN_POINT('',(42.72956793325,0.501312126067));
#3281 = CARTESIAN_POINT('',(42.730527630163,0.499899664327));
#3282 = CARTESIAN_POINT('',(42.731202086219,0.498465728068));
#3283 = CARTESIAN_POINT('',(42.731587682878,0.497017948926));
#3284 = CARTESIAN_POINT('',(42.731682494882,0.49556448444));
#3285 = CARTESIAN_POINT('',(42.731486246997,0.494112221216));
#3286 = CARTESIAN_POINT('',(42.730999847972,0.492668804302));
#3287 = CARTESIAN_POINT('',(42.730225898953,0.491241967105));
#3288 = CARTESIAN_POINT('',(42.729168524308,0.489839218678));
#3289 = CARTESIAN_POINT('',(42.727833327557,0.488467901102));
#3290 = CARTESIAN_POINT('',(42.726227332,0.487135148352));
#3291 = CARTESIAN_POINT('',(42.724358946038,0.485847872389));
#3292 = CARTESIAN_POINT('',(42.722237927618,0.484612737275));
#3293 = CARTESIAN_POINT('',(42.719875404068,0.483436147547));
#3294 = CARTESIAN_POINT('',(42.717283741741,0.4823241803));
#3295 = CARTESIAN_POINT('',(42.714477025549,0.481282712092));
#3296 = CARTESIAN_POINT('',(42.711469152339,0.480316748358));
#3297 = CARTESIAN_POINT('',(42.708275781743,0.479431227523));
#3298 = CARTESIAN_POINT('',(42.704913787152,0.478630680615));
#3299 = CARTESIAN_POINT('',(42.70140066073,0.477919091754));
#3300 = CARTESIAN_POINT('',(42.69775456627,0.477299946634));
#3301 = CARTESIAN_POINT('',(42.69399423362,0.47677622707));
#3302 = CARTESIAN_POINT('',(42.6901389088,0.47635041393));
#3303 = CARTESIAN_POINT('',(42.686208295665,0.476024488818));
#3304 = CARTESIAN_POINT('',(42.682222517634,0.475799908465));
#3305 = CARTESIAN_POINT('',(42.678202035587,0.475677663447));
#3306 = CARTESIAN_POINT('',(42.675512501911,0.475664553552));
#3307 = CARTESIAN_POINT('',(42.674168892698,0.475675171617));
#3308 = ( GEOMETRIC_REPRESENTATION_CONTEXT(2) 
PARAMETRIC_REPRESENTATION_CONTEXT() REPRESENTATION_CONTEXT('2D SPACE',''
  ) );
#3309 = PCURVE('',#3310,#3315);
#3310 = CYLINDRICAL_SURFACE('',#3311,1.);
#3311 = AXIS2_PLACEMENT_3D('',#3312,#3313,#3314);
#3312 = CARTESIAN_POINT('',(8.892134725503,5.12,-22.67738146438));
#3313 = DIRECTION('',(0.,1.,0.));
#3314 = DIRECTION('',(0.,-0.,1.));
#3315 = DEFINITIONAL_REPRESENTATION('',(#3316),#3408);
#3316 = B_SPLINE_CURVE_WITH_KNOTS('',3,(#3317,#3318,#3319,#3320,#3321,
    #3322,#3323,#3324,#3325,#3326,#3327,#3328,#3329,#3330,#3331,#3332,
    #3333,#3334,#3335,#3336,#3337,#3338,#3339,#3340,#3341,#3342,#3343,
    #3344,#3345,#3346,#3347,#3348,#3349,#3350,#3351,#3352,#3353,#3354,
    #3355,#3356,#3357,#3358,#3359,#3360,#3361,#3362,#3363,#3364,#3365,
    #3366,#3367,#3368,#3369,#3370,#3371,#3372,#3373,#3374,#3375,#3376,
    #3377,#3378,#3379,#3380,#3381,#3382,#3383,#3384,#3385,#3386,#3387,
    #3388,#3389,#3390,#3391,#3392,#3393,#3394,#3395,#3396,#3397,#3398,
    #3399,#3400,#3401,#3402,#3403,#3404,#3405,#3406,#3407),
  .UNSPECIFIED.,.F.,.F.,(4,1,1,1,1,1,1,1,1,1,1,1,1,1,1,1,1,1,1,1,1,1,1,1
    ,1,1,1,1,1,1,1,1,1,1,1,1,1,1,1,1,1,1,1,1,1,1,1,1,1,1,1,1,1,1,1,1,1,1
    ,1,1,1,1,1,1,1,1,1,1,1,1,1,1,1,1,1,1,1,1,1,1,1,1,1,1,1,1,1,1,4),(0.,
    0.200315038464,0.400630076928,0.600945115392,0.801260153856,
    1.001575192319,1.201890230783,1.402205269247,1.602520307711,
    1.802835346175,2.003150384639,2.203465423103,2.403780461567,
    2.604095500031,2.804410538495,3.004725576958,3.205040615422,
    3.405355653886,3.60567069235,3.805985730814,4.006300769278,
    4.206615807742,4.406930846206,4.60724588467,4.807560923133,
    5.007875961597,5.208191000061,5.408506038525,5.608821076989,
    5.809136115453,6.009451153917,6.209766192381,6.410081230845,
    6.610396269309,6.810711307772,7.011026346236,7.2113413847,
    7.411656423164,7.611971461628,7.812286500092,8.012601538556,
    8.21291657702,8.413231615484,8.613546653948,8.813861692411,
    9.014176730875,9.214491769339,9.414806807803,9.615121846267,
    9.815436884731,10.015751923195,10.216066961659,10.416382000123,
    10.616697038586,10.81701207705,11.017327115514,11.217642153978,
    11.417957192442,11.618272230906,11.81858726937,12.018902307834,
    12.219217346298,12.419532384762,12.619847423225,12.820162461689,
    13.020477500153,13.220792538617,13.421107577081,13.621422615545,
    13.821737654009,14.022052692473,14.222367730937,14.4226827694,
    14.622997807864,14.823312846328,15.023627884792,15.223942923256,
    15.42425796172,15.624573000184,15.824888038648,16.025203077112,
    16.225518115576,16.425833154039,16.626148192503,16.826463230967,
    17.026778269431,17.227093307895,17.427408346359,17.627723384823),
  .QUASI_UNIFORM_KNOTS.);
#3317 = CARTESIAN_POINT('',(2.13162820728E-14,1.98));
#3318 = CARTESIAN_POINT('',(2.378785090303E-02,1.98));
#3319 = CARTESIAN_POINT('',(7.136376624178E-02,1.98));
#3320 = CARTESIAN_POINT('',(0.142728512713,1.98));
#3321 = CARTESIAN_POINT('',(0.214094099127,1.98));
#3322 = CARTESIAN_POINT('',(0.285461424309,1.98));
#3323 = CARTESIAN_POINT('',(0.356831164191,1.98));
#3324 = CARTESIAN_POINT('',(0.428203641799,1.98));
#3325 = CARTESIAN_POINT('',(0.499578945043,1.98));
#3326 = CARTESIAN_POINT('',(0.570957261111,1.98));
#3327 = CARTESIAN_POINT('',(0.642338936855,1.98));
#3328 = CARTESIAN_POINT('',(0.713724552057,1.98));
#3329 = CARTESIAN_POINT('',(0.785113618733,1.98));
#3330 = CARTESIAN_POINT('',(0.856506466544,1.98));
#3331 = CARTESIAN_POINT('',(0.927924409955,1.98));
#3332 = CARTESIAN_POINT('',(0.999349194384,1.98));
#3333 = CARTESIAN_POINT('',(1.070776261509,1.98));
#3334 = CARTESIAN_POINT('',(1.1422022461,1.98));
#3335 = CARTESIAN_POINT('',(1.213626964049,1.98));
#3336 = CARTESIAN_POINT('',(1.285051676295,1.98));
#3337 = CARTESIAN_POINT('',(1.356478448784,1.98));
#3338 = CARTESIAN_POINT('',(1.427909297173,1.98));
#3339 = CARTESIAN_POINT('',(1.499345304461,1.98));
#3340 = CARTESIAN_POINT('',(1.570786036291,1.98));
#3341 = CARTESIAN_POINT('',(1.64222752884,1.98));
#3342 = CARTESIAN_POINT('',(1.713665176553,1.98));
#3343 = CARTESIAN_POINT('',(1.785077671634,1.98));
#3344 = CARTESIAN_POINT('',(1.856503954387,1.98));
#3345 = CARTESIAN_POINT('',(1.92793228955,1.98));
#3346 = CARTESIAN_POINT('',(1.999356797562,1.98));
#3347 = CARTESIAN_POINT('',(2.070774810006,1.98));
#3348 = CARTESIAN_POINT('',(2.142186199297,1.98));
#3349 = CARTESIAN_POINT('',(2.213592337095,1.98));
#3350 = CARTESIAN_POINT('',(2.284995271155,1.98));
#3351 = CARTESIAN_POINT('',(2.356396844913,1.98));
#3352 = CARTESIAN_POINT('',(2.427798023643,1.98));
#3353 = CARTESIAN_POINT('',(2.499197406546,1.98));
#3354 = CARTESIAN_POINT('',(2.570592504694,1.98));
#3355 = CARTESIAN_POINT('',(2.641970242974,1.98));
#3356 = CARTESIAN_POINT('',(2.713347132784,1.98));
#3357 = CARTESIAN_POINT('',(2.784721350976,1.98));
#3358 = CARTESIAN_POINT('',(2.856092287379,1.98));
#3359 = CARTESIAN_POINT('',(2.927460920478,1.98));
#3360 = CARTESIAN_POINT('',(2.998828541298,1.98));
#3361 = CARTESIAN_POINT('',(3.07019611272,1.98));
#3362 = CARTESIAN_POINT('',(3.141562992654,1.98));
#3363 = CARTESIAN_POINT('',(3.212927290142,1.98));
#3364 = CARTESIAN_POINT('',(3.28429476879,1.98));
#3365 = CARTESIAN_POINT('',(3.35566227444,1.98));
#3366 = CARTESIAN_POINT('',(3.427030809638,1.98));
#3367 = CARTESIAN_POINT('',(3.498401392654,1.98));
#3368 = CARTESIAN_POINT('',(3.56977507612,1.98));
#3369 = CARTESIAN_POINT('',(3.641151804243,1.98));
#3370 = CARTESIAN_POINT('',(3.712529659886,1.98));
#3371 = CARTESIAN_POINT('',(3.783935968251,1.98));
#3372 = CARTESIAN_POINT('',(3.855350602182,1.98));
#3373 = CARTESIAN_POINT('',(3.926768108648,1.98));
#3374 = CARTESIAN_POINT('',(3.998184507918,1.98));
#3375 = CARTESIAN_POINT('',(4.069599408059,1.98));
#3376 = CARTESIAN_POINT('',(4.141014194807,1.98));
#3377 = CARTESIAN_POINT('',(4.212431402012,1.98));
#3378 = CARTESIAN_POINT('',(4.283853833254,1.98));
#3379 = CARTESIAN_POINT('',(4.355283811262,1.98));
#3380 = CARTESIAN_POINT('',(4.426722249229,1.98));
#3381 = CARTESIAN_POINT('',(4.498168161838,1.98));
#3382 = CARTESIAN_POINT('',(4.569616213706,1.98));
#3383 = CARTESIAN_POINT('',(4.641061045457,1.98));
#3384 = CARTESIAN_POINT('',(4.712475548866,1.98));
#3385 = CARTESIAN_POINT('',(4.783896412867,1.98));
#3386 = CARTESIAN_POINT('',(4.855322595099,1.98));
#3387 = CARTESIAN_POINT('',(4.926746233558,1.98));
#3388 = CARTESIAN_POINT('',(4.998165655989,1.98));
#3389 = CARTESIAN_POINT('',(5.069580541897,1.98));
#3390 = CARTESIAN_POINT('',(5.140992028332,1.98));
#3391 = CARTESIAN_POINT('',(5.212401509037,1.98));
#3392 = CARTESIAN_POINT('',(5.283810074358,1.98));
#3393 = CARTESIAN_POINT('',(5.355216801017,1.98));
#3394 = CARTESIAN_POINT('',(5.42662086231,1.98));
#3395 = CARTESIAN_POINT('',(5.498009122023,1.98));
#3396 = CARTESIAN_POINT('',(5.56940114947,1.98));
#3397 = CARTESIAN_POINT('',(5.640795070374,1.98));
#3398 = CARTESIAN_POINT('',(5.712184284245,1.98));
#3399 = CARTESIAN_POINT('',(5.783567762357,1.98));
#3400 = CARTESIAN_POINT('',(5.854945967765,1.98));
#3401 = CARTESIAN_POINT('',(5.926320773435,1.98));
#3402 = CARTESIAN_POINT('',(5.997694385257,1.98));
#3403 = CARTESIAN_POINT('',(6.069068611377,1.98));
#3404 = CARTESIAN_POINT('',(6.140443859467,1.98));
#3405 = CARTESIAN_POINT('',(6.211818752915,1.98));
#3406 = CARTESIAN_POINT('',(6.259397703291,1.98));
#3407 = CARTESIAN_POINT('',(6.28318530718,1.98));
#3408 = ( GEOMETRIC_REPRESENTATION_CONTEXT(2) 
PARAMETRIC_REPRESENTATION_CONTEXT() REPRESENTATION_CONTEXT('2D SPACE',''
  ) );
#3409 = FACE_BOUND('',#3410,.T.);
#3410 = EDGE_LOOP('',(#3411));
#3411 = ORIENTED_EDGE('',*,*,#3412,.T.);
#3412 = EDGE_CURVE('',#3413,#3413,#3415,.T.);
#3413 = VERTEX_POINT('',#3414);
#3414 = CARTESIAN_POINT('',(12.047723579968,7.1,-31.60546501515));
#3415 = SURFACE_CURVE('',#3416,(#3473,#3568),.PCURVE_S1.);
#3416 = B_SPLINE_CURVE_WITH_KNOTS('',7,(#3417,#3418,#3419,#3420,#3421,
    #3422,#3423,#3424,#3425,#3426,#3427,#3428,#3429,#3430,#3431,#3432,
    #3433,#3434,#3435,#3436,#3437,#3438,#3439,#3440,#3441,#3442,#3443,
    #3444,#3445,#3446,#3447,#3448,#3449,#3450,#3451,#3452,#3453,#3454,
    #3455,#3456,#3457,#3458,#3459,#3460,#3461,#3462,#3463,#3464,#3465,
    #3466,#3467,#3468,#3469,#3470,#3471,#3472),.UNSPECIFIED.,.T.,.F.,(8,
    6,6,6,6,6,6,6,6,8),(0.,0.515021142319,1.,1.42213918236,
    1.687648611163,1.917945671339,2.210147908822,2.811508945667,
    3.282389244999,3.697270855841),.UNSPECIFIED.);
#3417 = CARTESIAN_POINT('',(12.047723579968,7.1,-31.60546501515));
#3418 = CARTESIAN_POINT('',(12.172702564789,7.1,-31.60546501515));
#3419 = CARTESIAN_POINT('',(12.297748287389,7.1,-31.62368816402));
#3420 = CARTESIAN_POINT('',(12.419547709671,7.1,-31.66016861218));
#3421 = CARTESIAN_POINT('',(12.534943324269,7.1,-31.71413860474));
#3422 = CARTESIAN_POINT('',(12.641038578248,7.1,-31.78425137356));
#3423 = CARTESIAN_POINT('',(12.735205098415,7.1,-31.86858020948));
#3424 = CARTESIAN_POINT('',(12.890786526242,7.1,-32.05491561864));
#3425 = CARTESIAN_POINT('',(12.953868490002,7.1,-32.15569620184));
#3426 = CARTESIAN_POINT('',(13.002786307845,7.1,-32.26478960507));
#3427 = CARTESIAN_POINT('',(13.036297929915,7.1,-32.37978155121));
#3428 = CARTESIAN_POINT('',(13.053646424715,7.1,-32.49810181585));
#3429 = CARTESIAN_POINT('',(13.054567717387,7.1,-32.61703654851));
#3430 = CARTESIAN_POINT('',(13.026292414103,7.1,-32.83548855198));
#3431 = CARTESIAN_POINT('',(13.000972181971,7.1,-32.9356058299));
#3432 = CARTESIAN_POINT('',(12.963711422835,7.1,-33.03237472198));
#3433 = CARTESIAN_POINT('',(12.915072503211,7.1,-33.12410401297));
#3434 = CARTESIAN_POINT('',(12.855891020822,7.1,-33.2092285182));
#3435 = CARTESIAN_POINT('',(12.787253908716,7.1,-33.28634339332));
#3436 = CARTESIAN_POINT('',(12.662262764465,7.1,-33.39697970487));
#3437 = CARTESIAN_POINT('',(12.610790578139,7.1,-33.43606812852));
#3438 = CARTESIAN_POINT('',(12.556438437646,7.1,-33.4712349341));
#3439 = CARTESIAN_POINT('',(12.499566468464,7.1,-33.50222882636));
#3440 = CARTESIAN_POINT('',(12.440559790731,7.1,-33.52884098213));
#3441 = CARTESIAN_POINT('',(12.379825031126,7.1,-33.55090679126));
#3442 = CARTESIAN_POINT('',(12.263976262698,7.1,-33.58340067555));
#3443 = CARTESIAN_POINT('',(12.209182019895,7.1,-33.594984987));
#3444 = CARTESIAN_POINT('',(12.153680571153,7.1,-33.60298350503));
#3445 = CARTESIAN_POINT('',(12.097753297785,7.1,-33.60734665457));
#3446 = CARTESIAN_POINT('',(12.041684630798,7.1,-33.60805244881));
#3447 = CARTESIAN_POINT('',(11.985760184108,7.1,-33.60510662568));
#3448 = CARTESIAN_POINT('',(11.859852135817,7.1,-33.59021454456));
#3449 = CARTESIAN_POINT('',(11.790124000603,7.1,-33.57606079092));
#3450 = CARTESIAN_POINT('',(11.721664939085,7.1,-33.55615089248));
#3451 = CARTESIAN_POINT('',(11.655042795519,7.1,-33.53062470371));
#3452 = CARTESIAN_POINT('',(11.590802872365,7.1,-33.49969040936));
#3453 = CARTESIAN_POINT('',(11.529462001228,7.1,-33.46362236932));
#3454 = CARTESIAN_POINT('',(11.352220442556,7.1,-33.33866083941));
#3455 = CARTESIAN_POINT('',(11.247124479914,7.1,-33.23415778668));
#3456 = CARTESIAN_POINT('',(11.160650149443,7.1,-33.11225782861));
#3457 = CARTESIAN_POINT('',(11.096052935856,7.1,-32.97705710325));
#3458 = CARTESIAN_POINT('',(11.055542908943,7.1,-32.83313731585));
#3459 = CARTESIAN_POINT('',(11.040303027408,7.1,-32.68562498309));
#3460 = CARTESIAN_POINT('',(11.057368342518,7.1,-32.42582796509));
#3461 = CARTESIAN_POINT('',(11.080085193805,7.1,-32.31268365289));
#3462 = CARTESIAN_POINT('',(11.117883084857,7.1,-32.20302017716));
#3463 = CARTESIAN_POINT('',(11.170065616332,7.1,-32.09922799159));
#3464 = CARTESIAN_POINT('',(11.235526616894,7.1,-32.00349525159));
#3465 = CARTESIAN_POINT('',(11.312758303357,7.1,-31.9177954159));
#3466 = CARTESIAN_POINT('',(11.476527305002,7.1,-31.77849711505));
#3467 = CARTESIAN_POINT('',(11.560913801231,7.1,-31.72225231391));
#3468 = CARTESIAN_POINT('',(11.651676361002,7.1,-31.67612480333));
#3469 = CARTESIAN_POINT('',(11.74735057224,7.1,-31.6409448507));
#3470 = CARTESIAN_POINT('',(11.846360936971,7.1,-31.61728826273));
#3471 = CARTESIAN_POINT('',(11.947055364859,7.1,-31.60546501515));
#3472 = CARTESIAN_POINT('',(12.047723579968,7.1,-31.60546501515));
#3473 = PCURVE('',#258,#3474);
#3474 = DEFINITIONAL_REPRESENTATION('',(#3475),#3567);
#3475 = B_SPLINE_CURVE_WITH_KNOTS('',3,(#3476,#3477,#3478,#3479,#3480,
    #3481,#3482,#3483,#3484,#3485,#3486,#3487,#3488,#3489,#3490,#3491,
    #3492,#3493,#3494,#3495,#3496,#3497,#3498,#3499,#3500,#3501,#3502,
    #3503,#3504,#3505,#3506,#3507,#3508,#3509,#3510,#3511,#3512,#3513,
    #3514,#3515,#3516,#3517,#3518,#3519,#3520,#3521,#3522,#3523,#3524,
    #3525,#3526,#3527,#3528,#3529,#3530,#3531,#3532,#3533,#3534,#3535,
    #3536,#3537,#3538,#3539,#3540,#3541,#3542,#3543,#3544,#3545,#3546,
    #3547,#3548,#3549,#3550,#3551,#3552,#3553,#3554,#3555,#3556,#3557,
    #3558,#3559,#3560,#3561,#3562,#3563,#3564,#3565,#3566),
  .UNSPECIFIED.,.F.,.F.,(4,1,1,1,1,1,1,1,1,1,1,1,1,1,1,1,1,1,1,1,1,1,1,1
    ,1,1,1,1,1,1,1,1,1,1,1,1,1,1,1,1,1,1,1,1,1,1,1,1,1,1,1,1,1,1,1,1,1,1
    ,1,1,1,1,1,1,1,1,1,1,1,1,1,1,1,1,1,1,1,1,1,1,1,1,1,1,1,1,1,1,4),(0.,
    4.201444154365E-02,8.40288830873E-02,0.126043324631,0.168057766175,
    0.210072207718,0.252086649262,0.294101090806,0.336115532349,
    0.378129973893,0.420144415436,0.46215885698,0.504173298524,
    0.546187740067,0.588202181611,0.630216623155,0.672231064698,
    0.714245506242,0.756259947786,0.798274389329,0.840288830873,
    0.882303272417,0.92431771396,0.966332155504,1.008346597048,
    1.050361038591,1.092375480135,1.134389921679,1.176404363222,
    1.218418804766,1.260433246309,1.302447687853,1.344462129397,
    1.38647657094,1.428491012484,1.470505454028,1.512519895571,
    1.554534337115,1.596548778659,1.638563220202,1.680577661746,
    1.72259210329,1.764606544833,1.806620986377,1.848635427921,
    1.890649869464,1.932664311008,1.974678752551,2.016693194095,
    2.058707635639,2.100722077182,2.142736518726,2.18475096027,
    2.226765401813,2.268779843357,2.310794284901,2.352808726444,
    2.394823167988,2.436837609532,2.478852051075,2.520866492619,
    2.562880934163,2.604895375706,2.64690981725,2.688924258794,
    2.730938700337,2.772953141881,2.814967583424,2.856982024968,
    2.898996466512,2.941010908055,2.983025349599,3.025039791143,
    3.067054232686,3.10906867423,3.151083115774,3.193097557317,
    3.235111998861,3.277126440405,3.319140881948,3.361155323492,
    3.403169765036,3.445184206579,3.487198648123,3.529213089666,
    3.57122753121,3.613241972754,3.655256414297,3.697270855841),
  .QUASI_UNIFORM_KNOTS.);
#3476 = CARTESIAN_POINT('',(42.481728826677,0.670863216307));
#3477 = CARTESIAN_POINT('',(42.480388233992,0.670829804275));
#3478 = CARTESIAN_POINT('',(42.477699891634,0.670796210748));
#3479 = CARTESIAN_POINT('',(42.47366674336,0.670845028415));
#3480 = CARTESIAN_POINT('',(42.469653931397,0.670992776554));
#3481 = CARTESIAN_POINT('',(42.465681954921,0.671238456093));
#3482 = CARTESIAN_POINT('',(42.461770946036,0.671580632473));
#3483 = CARTESIAN_POINT('',(42.457940588855,0.672017389219));
#3484 = CARTESIAN_POINT('',(42.454210089907,0.672546363727));
#3485 = CARTESIAN_POINT('',(42.450598134005,0.673164754257));
#3486 = CARTESIAN_POINT('',(42.447122837127,0.673869329017));
#3487 = CARTESIAN_POINT('',(42.443801701238,0.674656426466));
#3488 = CARTESIAN_POINT('',(42.440651524962,0.675521960973));
#3489 = CARTESIAN_POINT('',(42.437688434913,0.676461389792));
#3490 = CARTESIAN_POINT('',(42.434927409763,0.677469804933));
#3491 = CARTESIAN_POINT('',(42.432381221536,0.678542481702));
#3492 = CARTESIAN_POINT('',(42.430063227737,0.679673800225));
#3493 = CARTESIAN_POINT('',(42.427985013376,0.680858046407));
#3494 = CARTESIAN_POINT('',(42.426156974947,0.682089258054));
#3495 = CARTESIAN_POINT('',(42.424588183619,0.683361293287));
#3496 = CARTESIAN_POINT('',(42.423286427146,0.684667834797));
#3497 = CARTESIAN_POINT('',(42.422258187803,0.686002405868));
#3498 = CARTESIAN_POINT('',(42.421508621407,0.687358386077));
#3499 = CARTESIAN_POINT('',(42.421041512595,0.688729004769));
#3500 = CARTESIAN_POINT('',(42.420859234612,0.69010741684));
#3501 = CARTESIAN_POINT('',(42.420962618938,0.691486469685));
#3502 = CARTESIAN_POINT('',(42.421351092932,0.692859704418));
#3503 = CARTESIAN_POINT('',(42.422022800169,0.694220304092));
#3504 = CARTESIAN_POINT('',(42.422974344784,0.695561388222));
#3505 = CARTESIAN_POINT('',(42.42420094465,0.696876277153));
#3506 = CARTESIAN_POINT('',(42.425696461914,0.69815843158));
#3507 = CARTESIAN_POINT('',(42.427453447586,0.699401481468));
#3508 = CARTESIAN_POINT('',(42.429463169468,0.700599235485));
#3509 = CARTESIAN_POINT('',(42.431715609778,0.701745692519));
#3510 = CARTESIAN_POINT('',(42.434199518103,0.702835078015));
#3511 = CARTESIAN_POINT('',(42.436902191074,0.703861792875));
#3512 = CARTESIAN_POINT('',(42.439810246295,0.704820714655));
#3513 = CARTESIAN_POINT('',(42.442909221762,0.705706998985));
#3514 = CARTESIAN_POINT('',(42.446183525836,0.706516087206));
#3515 = CARTESIAN_POINT('',(42.449616772965,0.707243820203));
#3516 = CARTESIAN_POINT('',(42.453191750228,0.707886422973));
#3517 = CARTESIAN_POINT('',(42.45689045543,0.708440520869));
#3518 = CARTESIAN_POINT('',(42.460694220647,0.708903162094));
#3519 = CARTESIAN_POINT('',(42.46458396501,0.709271864857));
#3520 = CARTESIAN_POINT('',(42.468539983051,0.709544582974));
#3521 = CARTESIAN_POINT('',(42.472542299725,0.709719755623));
#3522 = CARTESIAN_POINT('',(42.476570666557,0.70979630393));
#3523 = CARTESIAN_POINT('',(42.48060454299,0.709773643097));
#3524 = CARTESIAN_POINT('',(42.484623593543,0.709651682007));
#3525 = CARTESIAN_POINT('',(42.488607203634,0.709430845638));
#3526 = CARTESIAN_POINT('',(42.49253500407,0.709112061958));
#3527 = CARTESIAN_POINT('',(42.496386922626,0.708696761048));
#3528 = CARTESIAN_POINT('',(42.500143217019,0.708186881096));
#3529 = CARTESIAN_POINT('',(42.503784630575,0.707584843816));
#3530 = CARTESIAN_POINT('',(42.507292081372,0.706893643422));
#3531 = CARTESIAN_POINT('',(42.510648827355,0.706116358892));
#3532 = CARTESIAN_POINT('',(42.513836579481,0.705256971106));
#3533 = CARTESIAN_POINT('',(42.516838419138,0.704319882154));
#3534 = CARTESIAN_POINT('',(42.519638559696,0.703309897691));
#3535 = CARTESIAN_POINT('',(42.522222408483,0.702232191215));
#3536 = CARTESIAN_POINT('',(42.524576556272,0.701092278958));
#3537 = CARTESIAN_POINT('',(42.526688795863,0.699895996727));
#3538 = CARTESIAN_POINT('',(42.52854814417,0.69864948027));
#3539 = CARTESIAN_POINT('',(42.530144876355,0.697359147105));
#3540 = CARTESIAN_POINT('',(42.531470571335,0.696031682141));
#3541 = CARTESIAN_POINT('',(42.532518170671,0.694674015354));
#3542 = CARTESIAN_POINT('',(42.533282051258,0.693293331748));
#3543 = CARTESIAN_POINT('',(42.533758115981,0.691896960024));
#3544 = CARTESIAN_POINT('',(42.533943893024,0.690492709593));
#3545 = CARTESIAN_POINT('',(42.533838685351,0.689087504988));
#3546 = CARTESIAN_POINT('',(42.533442940278,0.687688447803));
#3547 = CARTESIAN_POINT('',(42.532758749319,0.686303127853));
#3548 = CARTESIAN_POINT('',(42.531789763073,0.684938821499));
#3549 = CARTESIAN_POINT('',(42.530541120852,0.683602680561));
#3550 = CARTESIAN_POINT('',(42.529019395364,0.682301656809));
#3551 = CARTESIAN_POINT('',(42.527232552326,0.681042497787));
#3552 = CARTESIAN_POINT('',(42.525189919271,0.679831721334));
#3553 = CARTESIAN_POINT('',(42.522902180939,0.678675599018));
#3554 = CARTESIAN_POINT('',(42.520381330892,0.677580115301));
#3555 = CARTESIAN_POINT('',(42.517640836987,0.676550999891));
#3556 = CARTESIAN_POINT('',(42.514695055912,0.675593472764));
#3557 = CARTESIAN_POINT('',(42.511558697333,0.674712194914));
#3558 = CARTESIAN_POINT('',(42.508248449264,0.673911737079));
#3559 = CARTESIAN_POINT('',(42.5047814727,0.673196079753));
#3560 = CARTESIAN_POINT('',(42.501175696525,0.672568751554));
#3561 = CARTESIAN_POINT('',(42.497449653078,0.672032794943));
#3562 = CARTESIAN_POINT('',(42.493622440874,0.671590778875));
#3563 = CARTESIAN_POINT('',(42.489713677531,0.67124477308));
#3564 = CARTESIAN_POINT('',(42.485743404523,0.670996405357));
#3565 = CARTESIAN_POINT('',(42.483069291228,0.670896535998));
#3566 = CARTESIAN_POINT('',(42.481728826677,0.670863216307));
#3567 = ( GEOMETRIC_REPRESENTATION_CONTEXT(2) 
PARAMETRIC_REPRESENTATION_CONTEXT() REPRESENTATION_CONTEXT('2D SPACE',''
  ) );
#3568 = PCURVE('',#3569,#3574);
#3569 = CYLINDRICAL_SURFACE('',#3570,1.);
#3570 = AXIS2_PLACEMENT_3D('',#3571,#3572,#3573);
#3571 = CARTESIAN_POINT('',(12.047723579968,6.12,-32.60546501515));
#3572 = DIRECTION('',(0.,1.,0.));
#3573 = DIRECTION('',(0.,-0.,1.));
#3574 = DEFINITIONAL_REPRESENTATION('',(#3575),#3667);
#3575 = B_SPLINE_CURVE_WITH_KNOTS('',3,(#3576,#3577,#3578,#3579,#3580,
    #3581,#3582,#3583,#3584,#3585,#3586,#3587,#3588,#3589,#3590,#3591,
    #3592,#3593,#3594,#3595,#3596,#3597,#3598,#3599,#3600,#3601,#3602,
    #3603,#3604,#3605,#3606,#3607,#3608,#3609,#3610,#3611,#3612,#3613,
    #3614,#3615,#3616,#3617,#3618,#3619,#3620,#3621,#3622,#3623,#3624,
    #3625,#3626,#3627,#3628,#3629,#3630,#3631,#3632,#3633,#3634,#3635,
    #3636,#3637,#3638,#3639,#3640,#3641,#3642,#3643,#3644,#3645,#3646,
    #3647,#3648,#3649,#3650,#3651,#3652,#3653,#3654,#3655,#3656,#3657,
    #3658,#3659,#3660,#3661,#3662,#3663,#3664,#3665,#3666),
  .UNSPECIFIED.,.F.,.F.,(4,1,1,1,1,1,1,1,1,1,1,1,1,1,1,1,1,1,1,1,1,1,1,1
    ,1,1,1,1,1,1,1,1,1,1,1,1,1,1,1,1,1,1,1,1,1,1,1,1,1,1,1,1,1,1,1,1,1,1
    ,1,1,1,1,1,1,1,1,1,1,1,1,1,1,1,1,1,1,1,1,1,1,1,1,1,1,1,1,1,1,4),(0.,
    4.201444154365E-02,8.40288830873E-02,0.126043324631,0.168057766175,
    0.210072207718,0.252086649262,0.294101090806,0.336115532349,
    0.378129973893,0.420144415436,0.46215885698,0.504173298524,
    0.546187740067,0.588202181611,0.630216623155,0.672231064698,
    0.714245506242,0.756259947786,0.798274389329,0.840288830873,
    0.882303272417,0.92431771396,0.966332155504,1.008346597048,
    1.050361038591,1.092375480135,1.134389921679,1.176404363222,
    1.218418804766,1.260433246309,1.302447687853,1.344462129397,
    1.38647657094,1.428491012484,1.470505454028,1.512519895571,
    1.554534337115,1.596548778659,1.638563220202,1.680577661746,
    1.72259210329,1.764606544833,1.806620986377,1.848635427921,
    1.890649869464,1.932664311008,1.974678752551,2.016693194095,
    2.058707635639,2.100722077182,2.142736518726,2.18475096027,
    2.226765401813,2.268779843357,2.310794284901,2.352808726444,
    2.394823167988,2.436837609532,2.478852051075,2.520866492619,
    2.562880934163,2.604895375706,2.64690981725,2.688924258794,
    2.730938700337,2.772953141881,2.814967583424,2.856982024968,
    2.898996466512,2.941010908055,2.983025349599,3.025039791143,
    3.067054232686,3.10906867423,3.151083115774,3.193097557317,
    3.235111998861,3.277126440405,3.319140881948,3.361155323492,
    3.403169765036,3.445184206579,3.487198648123,3.529213089666,
    3.57122753121,3.613241972754,3.655256414297,3.697270855841),
  .QUASI_UNIFORM_KNOTS.);
#3576 = CARTESIAN_POINT('',(-3.552713678801E-15,0.98));
#3577 = CARTESIAN_POINT('',(2.378999758649E-02,0.98));
#3578 = CARTESIAN_POINT('',(7.137470116757E-02,0.98));
#3579 = CARTESIAN_POINT('',(0.142759797996,0.98));
#3580 = CARTESIAN_POINT('',(0.214145311425,0.98));
#3581 = CARTESIAN_POINT('',(0.28552901041,0.98));
#3582 = CARTESIAN_POINT('',(0.356910813829,0.98));
#3583 = CARTESIAN_POINT('',(0.428292438066,0.98));
#3584 = CARTESIAN_POINT('',(0.49967638508,0.98));
#3585 = CARTESIAN_POINT('',(0.571065153832,0.98));
#3586 = CARTESIAN_POINT('',(0.642460454112,0.98));
#3587 = CARTESIAN_POINT('',(0.713862188318,0.98));
#3588 = CARTESIAN_POINT('',(0.785268123049,0.98));
#3589 = CARTESIAN_POINT('',(0.856670553202,0.98));
#3590 = CARTESIAN_POINT('',(0.928063569021,0.98));
#3591 = CARTESIAN_POINT('',(0.999474556727,0.98));
#3592 = CARTESIAN_POINT('',(1.070888361789,0.98));
#3593 = CARTESIAN_POINT('',(1.142304061538,0.98));
#3594 = CARTESIAN_POINT('',(1.213720380853,0.98));
#3595 = CARTESIAN_POINT('',(1.285138360658,0.98));
#3596 = CARTESIAN_POINT('',(1.356559527595,0.98));
#3597 = CARTESIAN_POINT('',(1.427985244401,0.98));
#3598 = CARTESIAN_POINT('',(1.499416031587,0.98));
#3599 = CARTESIAN_POINT('',(1.570849776242,0.98));
#3600 = CARTESIAN_POINT('',(1.642284126488,0.98));
#3601 = CARTESIAN_POINT('',(1.713702703044,0.98));
#3602 = CARTESIAN_POINT('',(1.785125076907,0.98));
#3603 = CARTESIAN_POINT('',(1.856550992987,0.98));
#3604 = CARTESIAN_POINT('',(1.927973795425,0.98));
#3605 = CARTESIAN_POINT('',(1.999392474403,0.98));
#3606 = CARTESIAN_POINT('',(2.070807018813,0.98));
#3607 = CARTESIAN_POINT('',(2.142218450146,0.98));
#3608 = CARTESIAN_POINT('',(2.213627853632,0.98));
#3609 = CARTESIAN_POINT('',(2.285035261908,0.98));
#3610 = CARTESIAN_POINT('',(2.356440108308,0.98));
#3611 = CARTESIAN_POINT('',(2.427834984929,0.98));
#3612 = CARTESIAN_POINT('',(2.499224520343,0.98));
#3613 = CARTESIAN_POINT('',(2.570611255792,0.98));
#3614 = CARTESIAN_POINT('',(2.641993663005,0.98));
#3615 = CARTESIAN_POINT('',(2.713372744858,0.98));
#3616 = CARTESIAN_POINT('',(2.784749252705,0.98));
#3617 = CARTESIAN_POINT('',(2.856122879608,0.98));
#3618 = CARTESIAN_POINT('',(2.927492965874,0.98));
#3619 = CARTESIAN_POINT('',(2.99886174638,0.98));
#3620 = CARTESIAN_POINT('',(3.070228373195,0.98));
#3621 = CARTESIAN_POINT('',(3.141593901342,0.98));
#3622 = CARTESIAN_POINT('',(3.212959331396,0.98));
#3623 = CARTESIAN_POINT('',(3.284323506305,0.98));
#3624 = CARTESIAN_POINT('',(3.355690161793,0.98));
#3625 = CARTESIAN_POINT('',(3.427057457391,0.98));
#3626 = CARTESIAN_POINT('',(3.498425458865,0.98));
#3627 = CARTESIAN_POINT('',(3.569795276291,0.98));
#3628 = CARTESIAN_POINT('',(3.641167661569,0.98));
#3629 = CARTESIAN_POINT('',(3.712544243319,0.98));
#3630 = CARTESIAN_POINT('',(3.783918709067,0.98));
#3631 = CARTESIAN_POINT('',(3.855320733296,0.98));
#3632 = CARTESIAN_POINT('',(3.926734003336,0.98));
#3633 = CARTESIAN_POINT('',(3.99815091837,0.98));
#3634 = CARTESIAN_POINT('',(4.069567227867,0.98));
#3635 = CARTESIAN_POINT('',(4.140982007177,0.98));
#3636 = CARTESIAN_POINT('',(4.212396392023,0.98));
#3637 = CARTESIAN_POINT('',(4.28381278342,0.98));
#3638 = CARTESIAN_POINT('',(4.355234003859,0.98));
#3639 = CARTESIAN_POINT('',(4.42666253231,0.98));
#3640 = CARTESIAN_POINT('',(4.498099597348,0.98));
#3641 = CARTESIAN_POINT('',(4.569544655015,0.98));
#3642 = CARTESIAN_POINT('',(4.640993130309,0.98));
#3643 = CARTESIAN_POINT('',(4.712440131623,0.98));
#3644 = CARTESIAN_POINT('',(4.783861155131,0.98));
#3645 = CARTESIAN_POINT('',(4.85527881499,0.98));
#3646 = CARTESIAN_POINT('',(4.926706740637,0.98));
#3647 = CARTESIAN_POINT('',(4.998132035636,0.98));
#3648 = CARTESIAN_POINT('',(5.069553589649,0.98));
#3649 = CARTESIAN_POINT('',(5.140970426148,0.98));
#3650 = CARTESIAN_POINT('',(5.212383600463,0.98));
#3651 = CARTESIAN_POINT('',(5.283794540884,0.98));
#3652 = CARTESIAN_POINT('',(5.355204482007,0.98));
#3653 = CARTESIAN_POINT('',(5.426613247869,0.98));
#3654 = CARTESIAN_POINT('',(5.498019459817,0.98));
#3655 = CARTESIAN_POINT('',(5.56941536756,0.98));
#3656 = CARTESIAN_POINT('',(5.640801185912,0.98));
#3657 = CARTESIAN_POINT('',(5.712191608697,0.98));
#3658 = CARTESIAN_POINT('',(5.783576778901,0.98));
#3659 = CARTESIAN_POINT('',(5.854957118442,0.98));
#3660 = CARTESIAN_POINT('',(5.926332894659,0.98));
#3661 = CARTESIAN_POINT('',(5.997705811405,0.98));
#3662 = CARTESIAN_POINT('',(6.069077565349,0.98));
#3663 = CARTESIAN_POINT('',(6.140449109291,0.98));
#3664 = CARTESIAN_POINT('',(6.211820184024,0.98));
#3665 = CARTESIAN_POINT('',(6.259397791946,0.98));
#3666 = CARTESIAN_POINT('',(6.28318530718,0.98));
#3667 = ( GEOMETRIC_REPRESENTATION_CONTEXT(2) 
PARAMETRIC_REPRESENTATION_CONTEXT() REPRESENTATION_CONTEXT('2D SPACE',''
  ) );
#3668 = ADVANCED_FACE('',(#3669),#349,.T.);
#3669 = FACE_BOUND('',#3670,.T.);
#3670 = EDGE_LOOP('',(#3671,#3672,#3673,#3674));
#3671 = ORIENTED_EDGE('',*,*,#335,.T.);
#3672 = ORIENTED_EDGE('',*,*,#2589,.T.);
#3673 = ORIENTED_EDGE('',*,*,#2543,.F.);
#3674 = ORIENTED_EDGE('',*,*,#3675,.F.);
#3675 = EDGE_CURVE('',#336,#2523,#3676,.T.);
#3676 = SURFACE_CURVE('',#3677,(#3700,#3707),.PCURVE_S1.);
#3677 = ( BOUNDED_CURVE() B_SPLINE_CURVE(3,(#3678,#3679,#3680,#3681,
    #3682,#3683,#3684,#3685,#3686,#3687,#3688,#3689,#3690,#3691,#3692,
    #3693,#3694,#3695,#3696,#3697,#3698,#3699),.UNSPECIFIED.,.F.,.F.) 
B_SPLINE_CURVE_WITH_KNOTS((4,1,1,1,1,1,1,1,1,1,1,1,1,1,1,1,1,1,1,4),(0.,
    5.24163189288E-02,0.104832637858,0.157248956786,0.209665275715,
    0.262081594644,0.314497913573,0.366914232502,0.41933055143,
    0.471746870359,0.524163189288,0.576579508217,0.628995827146,
    0.681412146074,0.733828465003,0.786244783932,0.838661102861,
0.89107742179,0.943493740718,1.),.UNSPECIFIED.) CURVE() 
GEOMETRIC_REPRESENTATION_ITEM() RATIONAL_B_SPLINE_CURVE((1.,
    0.999999999991,1.000000000004,0.999999999999,1.,1.,1.,1.,1.,1.,1.,1.
    ,1.,1.,1.,1.,1.,0.999999999999,1.000000000003,0.99999999999,
1.000000000024,1.)) REPRESENTATION_ITEM('') );
#3678 = CARTESIAN_POINT('',(17.239886690793,7.22,4.632079438675));
#3679 = CARTESIAN_POINT('',(17.480531029484,7.220000000116,
    3.694627527544));
#3680 = CARTESIAN_POINT('',(17.938145874771,7.219999999946,
    1.813703634306));
#3681 = CARTESIAN_POINT('',(18.553088516686,7.220000000014,
    -1.024165142547));
#3682 = CARTESIAN_POINT('',(19.09616465643,7.219999999996,
    -3.876646816659));
#3683 = CARTESIAN_POINT('',(19.56702639157,7.220000000001,
    -6.741937654919));
#3684 = CARTESIAN_POINT('',(19.965373726011,7.22,-9.618205486377));
#3685 = CARTESIAN_POINT('',(20.290952445275,7.22,-12.50361657389));
#3686 = CARTESIAN_POINT('',(20.54355483243,7.22,-15.39632986789));
#3687 = CARTESIAN_POINT('',(20.723019901678,7.22,-18.29450014224));
#3688 = CARTESIAN_POINT('',(20.829232542988,7.22,-21.19627824189));
#3689 = CARTESIAN_POINT('',(20.862127326721,7.22,-24.09981401906));
#3690 = CARTESIAN_POINT('',(20.821674578671,7.22,-27.00325141704));
#3691 = CARTESIAN_POINT('',(20.707932534598,7.22,-29.90475228349));
#3692 = CARTESIAN_POINT('',(20.520852727372,7.22,-32.80241312269));
#3693 = CARTESIAN_POINT('',(20.261006185105,7.22,-35.69458136211));
#3694 = CARTESIAN_POINT('',(19.926872973723,7.22,-38.5786806181));
#3695 = CARTESIAN_POINT('',(19.524957371959,7.220000000002,
    -41.4556004413));
#3696 = CARTESIAN_POINT('',(19.032036993712,7.219999999994,
    -44.31331913046));
#3697 = CARTESIAN_POINT('',(18.52315002793,7.220000000024,-47.2627990787
    ));
#3698 = CARTESIAN_POINT('',(17.942258498676,7.219999999944,
    -49.16284166164));
#3699 = CARTESIAN_POINT('',(16.649753084335,7.22,-49.72151391288));
#3700 = PCURVE('',#349,#3701);
#3701 = DEFINITIONAL_REPRESENTATION('',(#3702),#3706);
#3702 = LINE('',#3703,#3704);
#3703 = CARTESIAN_POINT('',(41.,0.));
#3704 = VECTOR('',#3705,1.);
#3705 = DIRECTION('',(0.,1.));
#3706 = ( GEOMETRIC_REPRESENTATION_CONTEXT(2) 
PARAMETRIC_REPRESENTATION_CONTEXT() REPRESENTATION_CONTEXT('2D SPACE',''
  ) );
#3707 = PCURVE('',#415,#3708);
#3708 = DEFINITIONAL_REPRESENTATION('',(#3709),#3713);
#3709 = LINE('',#3710,#3711);
#3710 = CARTESIAN_POINT('',(41.,0.));
#3711 = VECTOR('',#3712,1.);
#3712 = DIRECTION('',(0.,1.));
#3713 = ( GEOMETRIC_REPRESENTATION_CONTEXT(2) 
PARAMETRIC_REPRESENTATION_CONTEXT() REPRESENTATION_CONTEXT('2D SPACE',''
  ) );
#3714 = ADVANCED_FACE('',(#3715),#415,.T.);
#3715 = FACE_BOUND('',#3716,.T.);
#3716 = EDGE_LOOP('',(#3717,#3718,#3719,#3720));
#3717 = ORIENTED_EDGE('',*,*,#401,.T.);
#3718 = ORIENTED_EDGE('',*,*,#3675,.T.);
#3719 = ORIENTED_EDGE('',*,*,#2522,.F.);
#3720 = ORIENTED_EDGE('',*,*,#3721,.F.);
#3721 = EDGE_CURVE('',#402,#2502,#3722,.T.);
#3722 = SURFACE_CURVE('',#3723,(#3746,#3753),.PCURVE_S1.);
#3723 = ( BOUNDED_CURVE() B_SPLINE_CURVE(3,(#3724,#3725,#3726,#3727,
    #3728,#3729,#3730,#3731,#3732,#3733,#3734,#3735,#3736,#3737,#3738,
    #3739,#3740,#3741,#3742,#3743,#3744,#3745),.UNSPECIFIED.,.F.,.F.) 
B_SPLINE_CURVE_WITH_KNOTS((4,1,1,1,1,1,1,1,1,1,1,1,1,1,1,1,1,1,1,4),(0.,
    5.24163189288E-02,0.104832637858,0.157248956786,0.209665275715,
    0.262081594644,0.314497913573,0.366914232502,0.41933055143,
    0.471746870359,0.524163189288,0.576579508217,0.628995827146,
    0.681412146074,0.733828465003,0.786244783932,0.838661102861,
0.89107742179,0.943493740718,1.),.UNSPECIFIED.) CURVE() 
GEOMETRIC_REPRESENTATION_ITEM() RATIONAL_B_SPLINE_CURVE((1.,
    0.999999999991,1.000000000004,0.999999999999,1.,1.,1.,1.,1.,1.,1.,1.
    ,1.,1.,1.,1.,1.,0.999999999999,1.000000000003,0.99999999999,
1.000000000024,1.)) REPRESENTATION_ITEM('') );
#3724 = CARTESIAN_POINT('',(17.23259460399,7.334863049154,4.630207510942
    ));
#3725 = CARTESIAN_POINT('',(17.473223182767,7.334863049098,3.69281699561
    ));
#3726 = CARTESIAN_POINT('',(17.93080805704,7.33486304918,1.812016289035)
  );
#3727 = CARTESIAN_POINT('',(18.545710425129,7.334863049147,
    -1.025666628956));
#3728 = CARTESIAN_POINT('',(19.088750997408,7.334863049156,
    -3.877961487001));
#3729 = CARTESIAN_POINT('',(19.559581894677,7.334863049153,
    -6.743064670335));
#3730 = CARTESIAN_POINT('',(19.957903140367,7.334863049154,
    -9.619144127944));
#3731 = CARTESIAN_POINT('',(20.283460536683,7.334863049154,
    -12.5043662428));
#3732 = CARTESIAN_POINT('',(20.536046380285,7.334863049154,
    -15.3968900859));
#3733 = CARTESIAN_POINT('',(20.715499695931,7.334863049154,
    -18.29487055196));
#3734 = CARTESIAN_POINT('',(20.821705381088,7.334863049154,
    -21.19645860703));
#3735 = CARTESIAN_POINT('',(20.85459801056,7.334863049154,
    -24.09980422453));
#3736 = CARTESIAN_POINT('',(20.81414791149,7.334863049154,
    -27.00305146917));
#3737 = CARTESIAN_POINT('',(20.700413318043,7.334863049154,
    -29.90436230952));
#3738 = CARTESIAN_POINT('',(20.513345757983,7.334863049154,
    -32.80183337261));
#3739 = CARTESIAN_POINT('',(20.253516252924,7.334863049153,
    -35.6938122013));
#3740 = CARTESIAN_POINT('',(19.919404853016,7.334863049154,
    -38.57772255384));
#3741 = CARTESIAN_POINT('',(19.517515841396,7.334863049151,
    -41.45445402281));
#3742 = CARTESIAN_POINT('',(19.024626746629,7.334863049163,
    -44.31198532039));
#3743 = CARTESIAN_POINT('',(18.515776934725,7.334863049119,
    -47.26127299048));
#3744 = CARTESIAN_POINT('',(17.934913333752,7.334863049234,
    -49.16118878018));
#3745 = CARTESIAN_POINT('',(16.642420461378,7.334863049154,
    -49.71980766439));
#3746 = PCURVE('',#415,#3747);
#3747 = DEFINITIONAL_REPRESENTATION('',(#3748),#3752);
#3748 = LINE('',#3749,#3750);
#3749 = CARTESIAN_POINT('',(40.,0.));
#3750 = VECTOR('',#3751,1.);
#3751 = DIRECTION('',(0.,1.));
#3752 = ( GEOMETRIC_REPRESENTATION_CONTEXT(2) 
PARAMETRIC_REPRESENTATION_CONTEXT() REPRESENTATION_CONTEXT('2D SPACE',''
  ) );
#3753 = PCURVE('',#481,#3754);
#3754 = DEFINITIONAL_REPRESENTATION('',(#3755),#3759);
#3755 = LINE('',#3756,#3757);
#3756 = CARTESIAN_POINT('',(40.,0.));
#3757 = VECTOR('',#3758,1.);
#3758 = DIRECTION('',(0.,1.));
#3759 = ( GEOMETRIC_REPRESENTATION_CONTEXT(2) 
PARAMETRIC_REPRESENTATION_CONTEXT() REPRESENTATION_CONTEXT('2D SPACE',''
  ) );
#3760 = ADVANCED_FACE('',(#3761),#481,.T.);
#3761 = FACE_BOUND('',#3762,.T.);
#3762 = EDGE_LOOP('',(#3763,#3764,#3765,#3766));
#3763 = ORIENTED_EDGE('',*,*,#467,.T.);
#3764 = ORIENTED_EDGE('',*,*,#3721,.T.);
#3765 = ORIENTED_EDGE('',*,*,#2501,.F.);
#3766 = ORIENTED_EDGE('',*,*,#3767,.F.);
#3767 = EDGE_CURVE('',#468,#2481,#3768,.T.);
#3768 = SURFACE_CURVE('',#3769,(#3792,#3799),.PCURVE_S1.);
#3769 = ( BOUNDED_CURVE() B_SPLINE_CURVE(3,(#3770,#3771,#3772,#3773,
    #3774,#3775,#3776,#3777,#3778,#3779,#3780,#3781,#3782,#3783,#3784,
    #3785,#3786,#3787,#3788,#3789,#3790,#3791),.UNSPECIFIED.,.F.,.F.) 
B_SPLINE_CURVE_WITH_KNOTS((4,1,1,1,1,1,1,1,1,1,1,1,1,1,1,1,1,1,1,4),(0.,
    5.24163189288E-02,0.104832637858,0.157248956786,0.209665275715,
    0.262081594644,0.314497913573,0.366914232502,0.41933055143,
    0.471746870359,0.524163189288,0.576579508217,0.628995827146,
    0.681412146074,0.733828465003,0.786244783932,0.838661102861,
0.89107742179,0.943493740718,1.),.UNSPECIFIED.) CURVE() 
GEOMETRIC_REPRESENTATION_ITEM() RATIONAL_B_SPLINE_CURVE((1.,
    0.999999999991,1.000000000004,0.999999999999,1.,1.,1.,1.,1.,1.,1.,1.
    ,1.,1.,1.,1.,1.,0.999999999999,1.000000000003,0.99999999999,
1.000000000024,1.)) REPRESENTATION_ITEM('') );
#3770 = CARTESIAN_POINT('',(17.21084311321,7.44776075969,4.624623756946)
  );
#3771 = CARTESIAN_POINT('',(17.45142468061,7.447760759821,3.687416379251
    ));
#3772 = CARTESIAN_POINT('',(17.908920156539,7.44776075963,1.806983123822
    ));
#3773 = CARTESIAN_POINT('',(18.523702391491,7.447760759706,
    -1.030145397244));
#3774 = CARTESIAN_POINT('',(19.066636870147,7.447760759686,
    -3.881883003675));
#3775 = CARTESIAN_POINT('',(19.53737578139,7.447760759691,
    -6.746426433029));
#3776 = CARTESIAN_POINT('',(19.935619207228,7.44776075969,-9.62194399223
    ));
#3777 = CARTESIAN_POINT('',(20.261112999537,7.44776075969,
    -12.50660242248));
#3778 = CARTESIAN_POINT('',(20.513649495545,7.44776075969,
    -15.39856115444));
#3779 = CARTESIAN_POINT('',(20.693067751496,7.44776075969,-18.2959754433
    ));
#3780 = CARTESIAN_POINT('',(20.799252687214,7.44776075969,
    -21.19699661635));
#3781 = CARTESIAN_POINT('',(20.832138890763,7.44776075969,
    -24.09977500852));
#3782 = CARTESIAN_POINT('',(20.791696693308,7.44776075969,
    -27.00245504675));
#3783 = CARTESIAN_POINT('',(20.677984324257,7.44776075969,-29.9031990602
    ));
#3784 = CARTESIAN_POINT('',(20.490953296142,7.44776075969,
    -32.80010404203));
#3785 = CARTESIAN_POINT('',(20.231174611201,7.447760759691,
    -35.6915178794));
#3786 = CARTESIAN_POINT('',(19.897128272502,7.447760759689,
    -38.57486475384));
#3787 = CARTESIAN_POINT('',(19.495318576394,7.447760759696,
    -41.45103438278));
#3788 = CARTESIAN_POINT('',(19.002522796634,7.447760759667,
    -44.30800671241));
#3789 = CARTESIAN_POINT('',(18.493783811279,7.447760759779,
    -47.25672083611));
#3790 = CARTESIAN_POINT('',(17.913003515623,7.447760759483,
    -49.15625842058));
#3791 = CARTESIAN_POINT('',(16.620548055718,7.44776075969,
    -49.71471811328));
#3792 = PCURVE('',#481,#3793);
#3793 = DEFINITIONAL_REPRESENTATION('',(#3794),#3798);
#3794 = LINE('',#3795,#3796);
#3795 = CARTESIAN_POINT('',(39.,0.));
#3796 = VECTOR('',#3797,1.);
#3797 = DIRECTION('',(0.,1.));
#3798 = ( GEOMETRIC_REPRESENTATION_CONTEXT(2) 
PARAMETRIC_REPRESENTATION_CONTEXT() REPRESENTATION_CONTEXT('2D SPACE',''
  ) );
#3799 = PCURVE('',#547,#3800);
#3800 = DEFINITIONAL_REPRESENTATION('',(#3801),#3805);
#3801 = LINE('',#3802,#3803);
#3802 = CARTESIAN_POINT('',(39.,0.));
#3803 = VECTOR('',#3804,1.);
#3804 = DIRECTION('',(0.,1.));
#3805 = ( GEOMETRIC_REPRESENTATION_CONTEXT(2) 
PARAMETRIC_REPRESENTATION_CONTEXT() REPRESENTATION_CONTEXT('2D SPACE',''
  ) );
#3806 = ADVANCED_FACE('',(#3807),#547,.T.);
#3807 = FACE_BOUND('',#3808,.T.);
#3808 = EDGE_LOOP('',(#3809,#3810,#3811,#3812));
#3809 = ORIENTED_EDGE('',*,*,#533,.T.);
#3810 = ORIENTED_EDGE('',*,*,#3767,.T.);
#3811 = ORIENTED_EDGE('',*,*,#2480,.F.);
#3812 = ORIENTED_EDGE('',*,*,#3813,.F.);
#3813 = EDGE_CURVE('',#534,#2460,#3814,.T.);
#3814 = SURFACE_CURVE('',#3815,(#3838,#3845),.PCURVE_S1.);
#3815 = ( BOUNDED_CURVE() B_SPLINE_CURVE(3,(#3816,#3817,#3818,#3819,
    #3820,#3821,#3822,#3823,#3824,#3825,#3826,#3827,#3828,#3829,#3830,
    #3831,#3832,#3833,#3834,#3835,#3836,#3837),.UNSPECIFIED.,.F.,.F.) 
B_SPLINE_CURVE_WITH_KNOTS((4,1,1,1,1,1,1,1,1,1,1,1,1,1,1,1,1,1,1,4),(0.,
    5.24163189288E-02,0.104832637858,0.157248956786,0.209665275715,
    0.262081594644,0.314497913573,0.366914232502,0.41933055143,
    0.471746870359,0.524163189288,0.576579508217,0.628995827146,
    0.681412146074,0.733828465003,0.786244783932,0.838661102861,
0.89107742179,0.943493740718,1.),.UNSPECIFIED.) CURVE() 
GEOMETRIC_REPRESENTATION_ITEM() RATIONAL_B_SPLINE_CURVE((1.,
    0.999999999991,1.000000000004,0.999999999999,1.,1.,1.,1.,1.,1.,1.,1.
    ,1.,1.,1.,1.,1.,0.999999999999,1.000000000003,0.99999999999,
1.000000000024,1.)) REPRESENTATION_ITEM('') );
#3816 = CARTESIAN_POINT('',(17.175004392491,7.556761420481,
    4.615423716266));
#3817 = CARTESIAN_POINT('',(17.4155085014,7.556761420629,3.678518084564)
  );
#3818 = CARTESIAN_POINT('',(17.872856681329,7.556761420413,
    1.798690257495));
#3819 = CARTESIAN_POINT('',(18.487440979325,7.5567614205,-1.037524814436
    ));
#3820 = CARTESIAN_POINT('',(19.030200653495,7.556761420476,
    -3.888344268448));
#3821 = CARTESIAN_POINT('',(19.500788004466,7.556761420483,
    -6.751965422309));
#3822 = CARTESIAN_POINT('',(19.898903210869,7.556761420481,
    -9.626557172781));
#3823 = CARTESIAN_POINT('',(20.224292206395,7.556761420481,
    -12.51028685128));
#3824 = CARTESIAN_POINT('',(20.47674739512,7.556761420481,
    -15.40131448106));
#3825 = CARTESIAN_POINT('',(20.656107885161,7.556761420481,
    -18.29779591128));
#3826 = CARTESIAN_POINT('',(20.762258633185,7.556761420481,
    -21.19788306435));
#3827 = CARTESIAN_POINT('',(20.795134249097,7.556761420481,
    -24.09972687094));
#3828 = CARTESIAN_POINT('',(20.754705070694,7.556761420481,
    -27.00147235471));
#3829 = CARTESIAN_POINT('',(20.641029319542,7.556761420481,
    -29.90128243904));
#3830 = CARTESIAN_POINT('',(20.45405848308,7.556761420481,
    -32.79725472029));
#3831 = CARTESIAN_POINT('',(20.194363531616,7.556761420481,
    -35.68773765291));
#3832 = CARTESIAN_POINT('',(19.860424390659,7.556761420482,
    -38.57015611581));
#3833 = CARTESIAN_POINT('',(19.458745378272,7.55676142048,
    -41.44540003232));
#3834 = CARTESIAN_POINT('',(18.966103348583,7.556761420485,
    -44.30145138117));
#3835 = CARTESIAN_POINT('',(18.457546965478,7.556761420468,
    -47.24922050597));
#3836 = CARTESIAN_POINT('',(17.876903928644,7.556761420513,
    -49.14813493858));
#3837 = CARTESIAN_POINT('',(16.58451011028,7.556761420481,
    -49.70633234319));
#3838 = PCURVE('',#547,#3839);
#3839 = DEFINITIONAL_REPRESENTATION('',(#3840),#3844);
#3840 = LINE('',#3841,#3842);
#3841 = CARTESIAN_POINT('',(38.,0.));
#3842 = VECTOR('',#3843,1.);
#3843 = DIRECTION('',(0.,1.));
#3844 = ( GEOMETRIC_REPRESENTATION_CONTEXT(2) 
PARAMETRIC_REPRESENTATION_CONTEXT() REPRESENTATION_CONTEXT('2D SPACE',''
  ) );
#3845 = PCURVE('',#613,#3846);
#3846 = DEFINITIONAL_REPRESENTATION('',(#3847),#3851);
#3847 = LINE('',#3848,#3849);
#3848 = CARTESIAN_POINT('',(38.,0.));
#3849 = VECTOR('',#3850,1.);
#3850 = DIRECTION('',(0.,1.));
#3851 = ( GEOMETRIC_REPRESENTATION_CONTEXT(2) 
PARAMETRIC_REPRESENTATION_CONTEXT() REPRESENTATION_CONTEXT('2D SPACE',''
  ) );
#3852 = ADVANCED_FACE('',(#3853),#613,.T.);
#3853 = FACE_BOUND('',#3854,.T.);
#3854 = EDGE_LOOP('',(#3855,#3856,#3857,#3858));
#3855 = ORIENTED_EDGE('',*,*,#599,.T.);
#3856 = ORIENTED_EDGE('',*,*,#3813,.T.);
#3857 = ORIENTED_EDGE('',*,*,#2459,.F.);
#3858 = ORIENTED_EDGE('',*,*,#3859,.F.);
#3859 = EDGE_CURVE('',#600,#2439,#3860,.T.);
#3860 = SURFACE_CURVE('',#3861,(#3884,#3891),.PCURVE_S1.);
#3861 = ( BOUNDED_CURVE() B_SPLINE_CURVE(3,(#3862,#3863,#3864,#3865,
    #3866,#3867,#3868,#3869,#3870,#3871,#3872,#3873,#3874,#3875,#3876,
    #3877,#3878,#3879,#3880,#3881,#3882,#3883),.UNSPECIFIED.,.F.,.F.) 
B_SPLINE_CURVE_WITH_KNOTS((4,1,1,1,1,1,1,1,1,1,1,1,1,1,1,1,1,1,1,4),(0.,
    5.24163189288E-02,0.104832637858,0.157248956786,0.209665275715,
    0.262081594644,0.314497913573,0.366914232502,0.41933055143,
    0.471746870359,0.524163189288,0.576579508217,0.628995827146,
    0.681412146074,0.733828465003,0.786244783932,0.838661102861,
0.89107742179,0.943493740718,1.),.UNSPECIFIED.) CURVE() 
GEOMETRIC_REPRESENTATION_ITEM() RATIONAL_B_SPLINE_CURVE((1.,
    0.999999999991,1.000000000004,0.999999999999,1.,1.,1.,1.,1.,1.,1.,1.
    ,1.,1.,1.,1.,1.,0.999999999999,1.000000000003,0.99999999999,
1.000000000024,1.)) REPRESENTATION_ITEM('') );
#3862 = CARTESIAN_POINT('',(17.125691652279,7.66,4.602764804148));
#3863 = CARTESIAN_POINT('',(17.366089181197,7.659999999977,
    3.666274363113));
#3864 = CARTESIAN_POINT('',(17.82323468734,7.660000000011,1.787279583633
    ));
#3865 = CARTESIAN_POINT('',(18.43754663148,7.659999999997,
    -1.047678616748));
#3866 = CARTESIAN_POINT('',(18.980065781213,7.660000000001,
    -3.897234727262));
#3867 = CARTESIAN_POINT('',(19.450444590913,7.66,-6.75958686454));
#3868 = CARTESIAN_POINT('',(19.848383372166,7.66,-9.632904736797));
#3869 = CARTESIAN_POINT('',(20.173628171235,7.66,-12.5153564876));
#3870 = CARTESIAN_POINT('',(20.425971484178,7.66,-15.40510295559));
#3871 = CARTESIAN_POINT('',(20.605252490486,7.66,-18.30030080716));
#3872 = CARTESIAN_POINT('',(20.71135619752,7.66,-21.19910278367));
#3873 = CARTESIAN_POINT('',(20.74421724524,7.66,-24.09966063543));
#3874 = CARTESIAN_POINT('',(20.703805980567,7.66,-27.00012020719));
#3875 = CARTESIAN_POINT('',(20.590180614275,7.66,-29.89864523995));
#3876 = CARTESIAN_POINT('',(20.403292599277,7.66,-32.79333416008));
#3877 = CARTESIAN_POINT('',(20.143712861954,7.66,-35.68253620255));
#3878 = CARTESIAN_POINT('',(19.809921221059,7.659999999999,
    -38.56367720586));
#3879 = CARTESIAN_POINT('',(19.408422024678,7.660000000003,
    -41.43764737673));
#3880 = CARTESIAN_POINT('',(18.915991549005,7.65999999999,-44.2924314902
    ));
#3881 = CARTESIAN_POINT('',(18.40768642105,7.660000000038,
    -47.23890033275));
#3882 = CARTESIAN_POINT('',(17.827232243843,7.659999999912,
    -49.13695732925));
#3883 = CARTESIAN_POINT('',(16.534923244302,7.66,-49.69479383697));
#3884 = PCURVE('',#613,#3885);
#3885 = DEFINITIONAL_REPRESENTATION('',(#3886),#3890);
#3886 = LINE('',#3887,#3888);
#3887 = CARTESIAN_POINT('',(37.,0.));
#3888 = VECTOR('',#3889,1.);
#3889 = DIRECTION('',(0.,1.));
#3890 = ( GEOMETRIC_REPRESENTATION_CONTEXT(2) 
PARAMETRIC_REPRESENTATION_CONTEXT() REPRESENTATION_CONTEXT('2D SPACE',''
  ) );
#3891 = PCURVE('',#679,#3892);
#3892 = DEFINITIONAL_REPRESENTATION('',(#3893),#3897);
#3893 = LINE('',#3894,#3895);
#3894 = CARTESIAN_POINT('',(37.,0.));
#3895 = VECTOR('',#3896,1.);
#3896 = DIRECTION('',(0.,1.));
#3897 = ( GEOMETRIC_REPRESENTATION_CONTEXT(2) 
PARAMETRIC_REPRESENTATION_CONTEXT() REPRESENTATION_CONTEXT('2D SPACE',''
  ) );
#3898 = ADVANCED_FACE('',(#3899),#679,.T.);
#3899 = FACE_BOUND('',#3900,.T.);
#3900 = EDGE_LOOP('',(#3901,#3902,#3903,#3904));
#3901 = ORIENTED_EDGE('',*,*,#665,.T.);
#3902 = ORIENTED_EDGE('',*,*,#3859,.T.);
#3903 = ORIENTED_EDGE('',*,*,#2438,.F.);
#3904 = ORIENTED_EDGE('',*,*,#3905,.F.);
#3905 = EDGE_CURVE('',#666,#2418,#3906,.T.);
#3906 = SURFACE_CURVE('',#3907,(#3930,#3937),.PCURVE_S1.);
#3907 = ( BOUNDED_CURVE() B_SPLINE_CURVE(3,(#3908,#3909,#3910,#3911,
    #3912,#3913,#3914,#3915,#3916,#3917,#3918,#3919,#3920,#3921,#3922,
    #3923,#3924,#3925,#3926,#3927,#3928,#3929),.UNSPECIFIED.,.F.,.F.) 
B_SPLINE_CURVE_WITH_KNOTS((4,1,1,1,1,1,1,1,1,1,1,1,1,1,1,1,1,1,1,4),(0.,
    5.24163189288E-02,0.104832637858,0.157248956786,0.209665275715,
    0.262081594644,0.314497913573,0.366914232502,0.41933055143,
    0.471746870359,0.524163189288,0.576579508217,0.628995827146,
    0.681412146074,0.733828465003,0.786244783932,0.838661102861,
0.89107742179,0.943493740718,1.),.UNSPECIFIED.) CURVE() 
GEOMETRIC_REPRESENTATION_ITEM() RATIONAL_B_SPLINE_CURVE((1.,
    0.999999999991,1.000000000004,0.999999999999,1.,1.,1.,1.,1.,1.,1.,1.
    ,1.,1.,1.,1.,1.,0.999999999999,1.000000000003,0.99999999999,
1.000000000024,1.)) REPRESENTATION_ITEM('') );
#3908 = CARTESIAN_POINT('',(17.063748647232,7.755710057528,
    4.586863618088));
#3909 = CARTESIAN_POINT('',(17.304012298935,7.755710057473,
    3.650894708458));
#3910 = CARTESIAN_POINT('',(17.760903220341,7.755710057553,
    1.772946341987));
#3911 = CARTESIAN_POINT('',(18.374873054165,7.755710057521,
    -1.060433069797));
#3912 = CARTESIAN_POINT('',(18.917090074843,7.755710057529,
    -3.908402261906));
#3913 = CARTESIAN_POINT('',(19.387206930501,7.755710057527,
    -6.76916035473));
#3914 = CARTESIAN_POINT('',(19.784924099566,7.755710057528,
    -9.640878075698));
#3915 = CARTESIAN_POINT('',(20.109987769747,7.755710057528,
    -12.52172458856));
#3916 = CARTESIAN_POINT('',(20.362190552633,7.755710057528,
    -15.40986175617));
#3917 = CARTESIAN_POINT('',(20.541371717374,7.755710057528,
    -18.30344727151));
#3918 = CARTESIAN_POINT('',(20.647416335007,7.755710057528,
    -21.20063490457));
#3919 = CARTESIAN_POINT('',(20.680259083246,7.755710057528,
    -24.09957743529));
#3920 = CARTESIAN_POINT('',(20.639870320469,7.755710057528,
    -26.99842173981));
#3921 = CARTESIAN_POINT('',(20.526308243902,7.755710057528,
    -29.89533258614));
#3922 = CARTESIAN_POINT('',(20.339524263081,7.755710057528,
    -32.78840944326));
#3923 = CARTESIAN_POINT('',(20.080089249208,7.755710057527,
    -35.67600252658));
#3924 = CARTESIAN_POINT('',(19.746482886962,7.755710057529,
    -38.55553887996));
#3925 = CARTESIAN_POINT('',(19.345209562041,7.755710057524,-41.427909066
    ));
#3926 = CARTESIAN_POINT('',(18.853044825064,7.755710057541,
    -44.28110137269));
#3927 = CARTESIAN_POINT('',(18.345055304273,7.755710057477,
    -47.22593689611));
#3928 = CARTESIAN_POINT('',(17.764838360925,7.755710057645,
    -49.12291684779));
#3929 = CARTESIAN_POINT('',(16.47263590281,7.755710057528,
    -49.68030002167));
#3930 = PCURVE('',#679,#3931);
#3931 = DEFINITIONAL_REPRESENTATION('',(#3932),#3936);
#3932 = LINE('',#3933,#3934);
#3933 = CARTESIAN_POINT('',(36.,0.));
#3934 = VECTOR('',#3935,1.);
#3935 = DIRECTION('',(0.,1.));
#3936 = ( GEOMETRIC_REPRESENTATION_CONTEXT(2) 
PARAMETRIC_REPRESENTATION_CONTEXT() REPRESENTATION_CONTEXT('2D SPACE',''
  ) );
#3937 = PCURVE('',#745,#3938);
#3938 = DEFINITIONAL_REPRESENTATION('',(#3939),#3943);
#3939 = LINE('',#3940,#3941);
#3940 = CARTESIAN_POINT('',(36.,0.));
#3941 = VECTOR('',#3942,1.);
#3942 = DIRECTION('',(0.,1.));
#3943 = ( GEOMETRIC_REPRESENTATION_CONTEXT(2) 
PARAMETRIC_REPRESENTATION_CONTEXT() REPRESENTATION_CONTEXT('2D SPACE',''
  ) );
#3944 = ADVANCED_FACE('',(#3945),#745,.T.);
#3945 = FACE_BOUND('',#3946,.T.);
#3946 = EDGE_LOOP('',(#3947,#3948,#3949,#3950));
#3947 = ORIENTED_EDGE('',*,*,#731,.T.);
#3948 = ORIENTED_EDGE('',*,*,#3905,.T.);
#3949 = ORIENTED_EDGE('',*,*,#2417,.F.);
#3950 = ORIENTED_EDGE('',*,*,#3951,.F.);
#3951 = EDGE_CURVE('',#732,#2397,#3952,.T.);
#3952 = SURFACE_CURVE('',#3953,(#3976,#3983),.PCURVE_S1.);
#3953 = ( BOUNDED_CURVE() B_SPLINE_CURVE(3,(#3954,#3955,#3956,#3957,
    #3958,#3959,#3960,#3961,#3962,#3963,#3964,#3965,#3966,#3967,#3968,
    #3969,#3970,#3971,#3972,#3973,#3974,#3975),.UNSPECIFIED.,.F.,.F.) 
B_SPLINE_CURVE_WITH_KNOTS((4,1,1,1,1,1,1,1,1,1,1,1,1,1,1,1,1,1,1,4),(0.,
    5.24163189288E-02,0.104832637858,0.157248956786,0.209665275715,
    0.262081594644,0.314497913573,0.366914232502,0.41933055143,
    0.471746870359,0.524163189288,0.576579508217,0.628995827146,
    0.681412146074,0.733828465003,0.786244783932,0.838661102861,
0.89107742179,0.943493740718,1.),.UNSPECIFIED.) CURVE() 
GEOMETRIC_REPRESENTATION_ITEM() RATIONAL_B_SPLINE_CURVE((1.,
    0.999999999991,1.000000000004,0.999999999999,1.,1.,1.,1.,1.,1.,1.,1.
    ,1.,1.,1.,1.,1.,0.999999999999,1.000000000003,0.99999999999,
1.000000000024,1.)) REPRESENTATION_ITEM('') );
#3954 = CARTESIAN_POINT('',(16.990235239341,7.842253967444,
    4.567992231789));
#3955 = CARTESIAN_POINT('',(17.230340006578,7.842253967417,
    3.632642271838));
#3956 = CARTESIAN_POINT('',(17.686928789338,7.842253967457,
    1.755935777792));
#3957 = CARTESIAN_POINT('',(18.300492609577,7.842253967441,
    -1.075569941219));
#3958 = CARTESIAN_POINT('',(18.842351066205,7.842253967445,
    -3.921655792802));
#3959 = CARTESIAN_POINT('',(19.312157037127,7.842253967444,-6.7805220878
    ));
#3960 = CARTESIAN_POINT('',(19.709611198817,7.842253967444,
    -9.650340763446));
#3961 = CARTESIAN_POINT('',(20.034459906845,7.842253967444,
    -12.52928219418));
#3962 = CARTESIAN_POINT('',(20.286495909908,7.842253967444,
    -15.4155094584));
#3963 = CARTESIAN_POINT('',(20.465558583565,7.842253967444,
    -18.30718146742));
#3964 = CARTESIAN_POINT('',(20.571533074422,7.842253967444,
    -21.20245321204));
#3965 = CARTESIAN_POINT('',(20.604354104999,7.842253967444,
    -24.0994786941));
#3966 = CARTESIAN_POINT('',(20.563992047273,7.842253967444,
    -26.99640601383));
#3967 = CARTESIAN_POINT('',(20.450505082387,7.842253967444,
    -29.89140115805));
#3968 = CARTESIAN_POINT('',(20.263844568403,7.842253967444,
    -32.7825648331));
#3969 = CARTESIAN_POINT('',(20.004581311036,7.842253967444,-35.668248418
    ));
#3970 = CARTESIAN_POINT('',(19.671194835845,7.842253967446,
    -38.54588038712));
#3971 = CARTESIAN_POINT('',(19.270189573164,7.842253967438,
    -41.41635172535));
#3972 = CARTESIAN_POINT('',(18.77834021251,7.842253967468,-44.26765489)
  );
#3973 = CARTESIAN_POINT('',(18.27072525149,7.842253967352,
    -47.21055200444));
#3974 = CARTESIAN_POINT('',(17.690789855195,7.842253967659,
    -49.10625372983));
#3975 = CARTESIAN_POINT('',(16.398713839485,7.842253967444,
    -49.66309889047));
#3976 = PCURVE('',#745,#3977);
#3977 = DEFINITIONAL_REPRESENTATION('',(#3978),#3982);
#3978 = LINE('',#3979,#3980);
#3979 = CARTESIAN_POINT('',(35.,0.));
#3980 = VECTOR('',#3981,1.);
#3981 = DIRECTION('',(0.,1.));
#3982 = ( GEOMETRIC_REPRESENTATION_CONTEXT(2) 
PARAMETRIC_REPRESENTATION_CONTEXT() REPRESENTATION_CONTEXT('2D SPACE',''
  ) );
#3983 = PCURVE('',#811,#3984);
#3984 = DEFINITIONAL_REPRESENTATION('',(#3985),#3989);
#3985 = LINE('',#3986,#3987);
#3986 = CARTESIAN_POINT('',(35.,0.));
#3987 = VECTOR('',#3988,1.);
#3988 = DIRECTION('',(0.,1.));
#3989 = ( GEOMETRIC_REPRESENTATION_CONTEXT(2) 
PARAMETRIC_REPRESENTATION_CONTEXT() REPRESENTATION_CONTEXT('2D SPACE',''
  ) );
#3990 = ADVANCED_FACE('',(#3991),#811,.T.);
#3991 = FACE_BOUND('',#3992,.T.);
#3992 = EDGE_LOOP('',(#3993,#3994,#3995,#3996));
#3993 = ORIENTED_EDGE('',*,*,#797,.T.);
#3994 = ORIENTED_EDGE('',*,*,#3951,.T.);
#3995 = ORIENTED_EDGE('',*,*,#2396,.F.);
#3996 = ORIENTED_EDGE('',*,*,#3997,.F.);
#3997 = EDGE_CURVE('',#798,#2376,#3998,.T.);
#3998 = SURFACE_CURVE('',#3999,(#4022,#4029),.PCURVE_S1.);
#3999 = ( BOUNDED_CURVE() B_SPLINE_CURVE(3,(#4000,#4001,#4002,#4003,
    #4004,#4005,#4006,#4007,#4008,#4009,#4010,#4011,#4012,#4013,#4014,
    #4015,#4016,#4017,#4018,#4019,#4020,#4021),.UNSPECIFIED.,.F.,.F.) 
B_SPLINE_CURVE_WITH_KNOTS((4,1,1,1,1,1,1,1,1,1,1,1,1,1,1,1,1,1,1,4),(0.,
    5.24163189288E-02,0.104832637858,0.157248956786,0.209665275715,
    0.262081594644,0.314497913573,0.366914232502,0.41933055143,
    0.471746870359,0.524163189288,0.576579508217,0.628995827146,
    0.681412146074,0.733828465003,0.786244783932,0.838661102861,
0.89107742179,0.943493740718,1.),.UNSPECIFIED.) CURVE() 
GEOMETRIC_REPRESENTATION_ITEM() RATIONAL_B_SPLINE_CURVE((1.,
    0.999999999991,1.000000000004,0.999999999999,1.,1.,1.,1.,1.,1.,1.,1.
    ,1.,1.,1.,1.,1.,0.999999999999,1.000000000003,0.99999999999,
1.000000000024,1.)) REPRESENTATION_ITEM('') );
#4000 = CARTESIAN_POINT('',(16.906409263396,7.918150939456,
    4.546473539903));
#4001 = CARTESIAN_POINT('',(17.146332856811,7.918150939541,
    3.611829355884));
#4002 = CARTESIAN_POINT('',(17.602577117664,7.918150939417,
    1.736538947269));
#4003 = CARTESIAN_POINT('',(18.215677967662,7.918150939467,
    -1.09283023515));
#4004 = CARTESIAN_POINT('',(18.757127560481,7.918150939453,
    -3.936768548307));
#4005 = CARTESIAN_POINT('',(19.226579035268,7.918150939457,
    -6.793477661359));
#4006 = CARTESIAN_POINT('',(19.623733294535,7.918150939456,
    -9.661130890829));
#4007 = CARTESIAN_POINT('',(19.948336885201,7.918150939456,
    -12.53789999174));
#4008 = CARTESIAN_POINT('',(20.200182712326,7.918150939456,
    -15.42194942854));
#4009 = CARTESIAN_POINT('',(20.379110272796,7.918150939456,
    -18.31143950179));
#4010 = CARTESIAN_POINT('',(20.48500479939,7.918150939456,
    -21.20452659433));
#4011 = CARTESIAN_POINT('',(20.51780106572,7.918150939456,
    -24.09936610136));
#4012 = CARTESIAN_POINT('',(20.47746945927,7.918150939456,
    -26.99410751886));
#4013 = CARTESIAN_POINT('',(20.364068142841,7.918150939456,
    -29.88691822349));
#4014 = CARTESIAN_POINT('',(20.177548415802,7.918150939456,
    -32.77590033251));
#4015 = CARTESIAN_POINT('',(19.918481009194,7.918150939456,
    -35.65940655176));
#4016 = CARTESIAN_POINT('',(19.585345267128,7.918150939456,
    -38.5348669868));
#4017 = CARTESIAN_POINT('',(19.184645670874,7.918150939458,
    -41.40317310413));
#4018 = CARTESIAN_POINT('',(18.693155927904,7.91815093945,
    -44.25232211498));
#4019 = CARTESIAN_POINT('',(18.185968070794,7.918150939481,
    -47.19300889821));
#4020 = CARTESIAN_POINT('',(17.606353716462,7.918150939398,
    -49.08725308426));
#4021 = CARTESIAN_POINT('',(16.314421881326,7.918150939456,
    -49.64348475951));
#4022 = PCURVE('',#811,#4023);
#4023 = DEFINITIONAL_REPRESENTATION('',(#4024),#4028);
#4024 = LINE('',#4025,#4026);
#4025 = CARTESIAN_POINT('',(34.,0.));
#4026 = VECTOR('',#4027,1.);
#4027 = DIRECTION('',(0.,1.));
#4028 = ( GEOMETRIC_REPRESENTATION_CONTEXT(2) 
PARAMETRIC_REPRESENTATION_CONTEXT() REPRESENTATION_CONTEXT('2D SPACE',''
  ) );
#4029 = PCURVE('',#877,#4030);
#4030 = DEFINITIONAL_REPRESENTATION('',(#4031),#4035);
#4031 = LINE('',#4032,#4033);
#4032 = CARTESIAN_POINT('',(34.,0.));
#4033 = VECTOR('',#4034,1.);
#4034 = DIRECTION('',(0.,1.));
#4035 = ( GEOMETRIC_REPRESENTATION_CONTEXT(2) 
PARAMETRIC_REPRESENTATION_CONTEXT() REPRESENTATION_CONTEXT('2D SPACE',''
  ) );
#4036 = ADVANCED_FACE('',(#4037),#877,.T.);
#4037 = FACE_BOUND('',#4038,.T.);
#4038 = EDGE_LOOP('',(#4039,#4040,#4041,#4042));
#4039 = ORIENTED_EDGE('',*,*,#863,.T.);
#4040 = ORIENTED_EDGE('',*,*,#3997,.T.);
#4041 = ORIENTED_EDGE('',*,*,#2375,.F.);
#4042 = ORIENTED_EDGE('',*,*,#4043,.F.);
#4043 = EDGE_CURVE('',#864,#2355,#4044,.T.);
#4044 = SURFACE_CURVE('',#4045,(#4068,#4075),.PCURVE_S1.);
#4045 = ( BOUNDED_CURVE() B_SPLINE_CURVE(3,(#4046,#4047,#4048,#4049,
    #4050,#4051,#4052,#4053,#4054,#4055,#4056,#4057,#4058,#4059,#4060,
    #4061,#4062,#4063,#4064,#4065,#4066,#4067),.UNSPECIFIED.,.F.,.F.) 
B_SPLINE_CURVE_WITH_KNOTS((4,1,1,1,1,1,1,1,1,1,1,1,1,1,1,1,1,1,1,4),(0.,
    5.24163189288E-02,0.104832637858,0.157248956786,0.209665275715,
    0.262081594644,0.314497913573,0.366914232502,0.41933055143,
    0.471746870359,0.524163189288,0.576579508217,0.628995827146,
    0.681412146074,0.733828465003,0.786244783932,0.838661102861,
0.89107742179,0.943493740718,1.),.UNSPECIFIED.) CURVE() 
GEOMETRIC_REPRESENTATION_ITEM() RATIONAL_B_SPLINE_CURVE((1.,
    0.999999999991,1.000000000004,0.999999999999,1.,1.,1.,1.,1.,1.,1.,1.
    ,1.,1.,1.,1.,1.,0.999999999999,1.000000000003,0.99999999999,
1.000000000024,1.)) REPRESENTATION_ITEM('') );
#4046 = CARTESIAN_POINT('',(16.813705005087,7.98210235533,4.522675733213
    ));
#4047 = CARTESIAN_POINT('',(17.053428237352,7.98210235554,3.588812076597
    ));
#4048 = CARTESIAN_POINT('',(17.509291484835,7.982102355233,
    1.715087734993));
#4049 = CARTESIAN_POINT('',(18.121880330718,7.982102355356,
    -1.111918623021));
#4050 = CARTESIAN_POINT('',(18.662877755411,7.982102355323,
    -3.953481945027));
#4051 = CARTESIAN_POINT('',(19.131937188281,7.982102355332,
    -6.807805401943));
#4052 = CARTESIAN_POINT('',(19.528759781466,7.98210235533,
    -9.673063835776));
#4053 = CARTESIAN_POINT('',(19.853092293596,7.98210235533,
    -12.54743052833));
#4054 = CARTESIAN_POINT('',(20.104727802628,7.98210235533,
    -15.42907147691));
#4055 = CARTESIAN_POINT('',(20.283505939634,7.98210235533,
    -18.31614851846));
#4056 = CARTESIAN_POINT('',(20.38931203269,7.98210235533,-21.2068195753)
  );
#4057 = CARTESIAN_POINT('',(20.42208091191,7.98210235533,-24.09924158355
    ));
#4058 = CARTESIAN_POINT('',(20.381782981928,7.98210235533,-26.9915655828
    ));
#4059 = CARTESIAN_POINT('',(20.268476385265,7.98210235533,
    -29.88196048672));
#4060 = CARTESIAN_POINT('',(20.082112356376,7.98210235533,
    -32.76852997293));
#4061 = CARTESIAN_POINT('',(19.823261543716,7.982102355331,
    -35.64962821465));
#4062 = CARTESIAN_POINT('',(19.49040309075,7.982102355329,
    -38.52268712136));
#4063 = CARTESIAN_POINT('',(19.090041535007,7.982102355334,
    -41.38859869217));
#4064 = CARTESIAN_POINT('',(18.598949498163,7.982102355318,
    -44.23536539585));
#4065 = CARTESIAN_POINT('',(18.092233980309,7.982102355378,
    -47.17360774415));
#4066 = CARTESIAN_POINT('',(17.512974672183,7.982102355218,-49.066240019
    ));
#4067 = CARTESIAN_POINT('',(16.221202287108,7.98210235533,-49.621793232)
  );
#4068 = PCURVE('',#877,#4069);
#4069 = DEFINITIONAL_REPRESENTATION('',(#4070),#4074);
#4070 = LINE('',#4071,#4072);
#4071 = CARTESIAN_POINT('',(33.,0.));
#4072 = VECTOR('',#4073,1.);
#4073 = DIRECTION('',(0.,1.));
#4074 = ( GEOMETRIC_REPRESENTATION_CONTEXT(2) 
PARAMETRIC_REPRESENTATION_CONTEXT() REPRESENTATION_CONTEXT('2D SPACE',''
  ) );
#4075 = PCURVE('',#943,#4076);
#4076 = DEFINITIONAL_REPRESENTATION('',(#4077),#4081);
#4077 = LINE('',#4078,#4079);
#4078 = CARTESIAN_POINT('',(33.,0.));
#4079 = VECTOR('',#4080,1.);
#4080 = DIRECTION('',(0.,1.));
#4081 = ( GEOMETRIC_REPRESENTATION_CONTEXT(2) 
PARAMETRIC_REPRESENTATION_CONTEXT() REPRESENTATION_CONTEXT('2D SPACE',''
  ) );
#4082 = ADVANCED_FACE('',(#4083),#943,.T.);
#4083 = FACE_BOUND('',#4084,.T.);
#4084 = EDGE_LOOP('',(#4085,#4086,#4087,#4088));
#4085 = ORIENTED_EDGE('',*,*,#929,.T.);
#4086 = ORIENTED_EDGE('',*,*,#4043,.T.);
#4087 = ORIENTED_EDGE('',*,*,#2354,.F.);
#4088 = ORIENTED_EDGE('',*,*,#4089,.F.);
#4089 = EDGE_CURVE('',#930,#2334,#4090,.T.);
#4090 = SURFACE_CURVE('',#4091,(#4114,#4121),.PCURVE_S1.);
#4091 = ( BOUNDED_CURVE() B_SPLINE_CURVE(3,(#4092,#4093,#4094,#4095,
    #4096,#4097,#4098,#4099,#4100,#4101,#4102,#4103,#4104,#4105,#4106,
    #4107,#4108,#4109,#4110,#4111,#4112,#4113),.UNSPECIFIED.,.F.,.F.) 
B_SPLINE_CURVE_WITH_KNOTS((4,1,1,1,1,1,1,1,1,1,1,1,1,1,1,1,1,1,1,4),(0.,
    5.24163189288E-02,0.104832637858,0.157248956786,0.209665275715,
    0.262081594644,0.314497913573,0.366914232502,0.41933055143,
    0.471746870359,0.524163189288,0.576579508217,0.628995827146,
    0.681412146074,0.733828465003,0.786244783932,0.838661102861,
0.89107742179,0.943493740718,1.),.UNSPECIFIED.) CURVE() 
GEOMETRIC_REPRESENTATION_ITEM() RATIONAL_B_SPLINE_CURVE((1.,
    0.999999999991,1.000000000004,0.999999999999,1.,1.,1.,1.,1.,1.,1.,1.
    ,1.,1.,1.,1.,1.,0.999999999999,1.000000000003,0.99999999999,
1.000000000024,1.)) REPRESENTATION_ITEM('') );
#4092 = CARTESIAN_POINT('',(16.713708659975,8.03301398861,4.49700599879)
  );
#4093 = CARTESIAN_POINT('',(16.953215770436,8.033013988829,
    3.563984265257));
#4094 = CARTESIAN_POINT('',(17.408668034618,8.033013988508,1.6919491775)
  );
#4095 = CARTESIAN_POINT('',(18.020704602126,8.033013988637,
    -1.132508497315));
#4096 = CARTESIAN_POINT('',(18.561214291345,8.033013988603,
    -3.971510012084));
#4097 = CARTESIAN_POINT('',(19.029850844393,8.033013988612,
    -6.823260157943));
#4098 = CARTESIAN_POINT('',(19.426315682754,8.033013988609,
    -9.68593542229));
#4099 = CARTESIAN_POINT('',(19.750355793398,8.03301398861,
    -12.55771073382));
#4100 = CARTESIAN_POINT('',(20.001764440784,8.03301398861,
    -15.43675374329));
#4101 = CARTESIAN_POINT('',(20.180381400724,8.03301398861,
    -18.32122794484));
#4102 = CARTESIAN_POINT('',(20.286092104089,8.03301398861,-21.2092929214
    ));
#4103 = CARTESIAN_POINT('',(20.318831441939,8.03301398861,
    -24.09910727121));
#4104 = CARTESIAN_POINT('',(20.278569837406,8.03301398861,
    -26.98882369887));
#4105 = CARTESIAN_POINT('',(20.165365411133,8.03301398861,
    -29.87661277598));
#4106 = CARTESIAN_POINT('',(19.979169327559,8.03301398861,
    -32.76057986327));
#4107 = CARTESIAN_POINT('',(19.72055214606,8.03301398861,-35.63908071672
    ));
#4108 = CARTESIAN_POINT('',(19.387992793657,8.033013988609,
    -38.50954919167));
#4109 = CARTESIAN_POINT('',(18.987995868606,8.033013988615,
    -41.37287786169));
#4110 = CARTESIAN_POINT('',(18.49733282123,8.03301398859,-44.21707486673
    ));
#4111 = CARTESIAN_POINT('',(17.991126797038,8.033013988686,
    -47.15268050155));
#4112 = CARTESIAN_POINT('',(17.412250462005,8.033013988433,
    -49.04357407303));
#4113 = CARTESIAN_POINT('',(16.120650069932,8.03301398861,
    -49.59839545599));
#4114 = PCURVE('',#943,#4115);
#4115 = DEFINITIONAL_REPRESENTATION('',(#4116),#4120);
#4116 = LINE('',#4117,#4118);
#4117 = CARTESIAN_POINT('',(32.,0.));
#4118 = VECTOR('',#4119,1.);
#4119 = DIRECTION('',(0.,1.));
#4120 = ( GEOMETRIC_REPRESENTATION_CONTEXT(2) 
PARAMETRIC_REPRESENTATION_CONTEXT() REPRESENTATION_CONTEXT('2D SPACE',''
  ) );
#4121 = PCURVE('',#1009,#4122);
#4122 = DEFINITIONAL_REPRESENTATION('',(#4123),#4127);
#4123 = LINE('',#4124,#4125);
#4124 = CARTESIAN_POINT('',(32.,0.));
#4125 = VECTOR('',#4126,1.);
#4126 = DIRECTION('',(0.,1.));
#4127 = ( GEOMETRIC_REPRESENTATION_CONTEXT(2) 
PARAMETRIC_REPRESENTATION_CONTEXT() REPRESENTATION_CONTEXT('2D SPACE',''
  ) );
#4128 = ADVANCED_FACE('',(#4129),#1009,.T.);
#4129 = FACE_BOUND('',#4130,.T.);
#4130 = EDGE_LOOP('',(#4131,#4132,#4133,#4134));
#4131 = ORIENTED_EDGE('',*,*,#995,.T.);
#4132 = ORIENTED_EDGE('',*,*,#4089,.T.);
#4133 = ORIENTED_EDGE('',*,*,#2333,.F.);
#4134 = ORIENTED_EDGE('',*,*,#4135,.F.);
#4135 = EDGE_CURVE('',#996,#2313,#4136,.T.);
#4136 = SURFACE_CURVE('',#4137,(#4160,#4167),.PCURVE_S1.);
#4137 = ( BOUNDED_CURVE() B_SPLINE_CURVE(3,(#4138,#4139,#4140,#4141,
    #4142,#4143,#4144,#4145,#4146,#4147,#4148,#4149,#4150,#4151,#4152,
    #4153,#4154,#4155,#4156,#4157,#4158,#4159),.UNSPECIFIED.,.F.,.F.) 
B_SPLINE_CURVE_WITH_KNOTS((4,1,1,1,1,1,1,1,1,1,1,1,1,1,1,1,1,1,1,4),(0.,
    5.24163189288E-02,0.104832637858,0.157248956786,0.209665275715,
    0.262081594644,0.314497913573,0.366914232502,0.41933055143,
    0.471746870359,0.524163189288,0.576579508217,0.628995827146,
    0.681412146074,0.733828465003,0.786244783932,0.838661102861,
0.89107742179,0.943493740718,1.),.UNSPECIFIED.) CURVE() 
GEOMETRIC_REPRESENTATION_ITEM() RATIONAL_B_SPLINE_CURVE((1.,
    0.999999999991,1.000000000004,0.999999999999,1.,1.,1.,1.,1.,1.,1.,1.
    ,1.,1.,1.,1.,1.,0.999999999999,1.000000000003,0.99999999999,
1.000000000024,1.)) REPRESENTATION_ITEM('') );
#4138 = CARTESIAN_POINT('',(16.60813119325,8.070014727134,4.469903552908
    ));
#4139 = CARTESIAN_POINT('',(16.847410118887,8.070014727374,
    3.537770733845));
#4140 = CARTESIAN_POINT('',(17.302428462269,8.070014727023,
    1.667519181346));
#4141 = CARTESIAN_POINT('',(17.913881926619,8.070014727164,
    -1.154247559422));
#4142 = CARTESIAN_POINT('',(18.453876658346,8.070014727126,
    -3.990544284294));
#4143 = CARTESIAN_POINT('',(18.922066729251,8.070014727137,
    -6.839577494189));
#4144 = CARTESIAN_POINT('',(19.318153845332,8.070014727134,
    -9.699525413961));
#4145 = CARTESIAN_POINT('',(19.641885234609,8.070014727135,
    -12.56856471106));
#4146 = CARTESIAN_POINT('',(19.893054358463,8.070014727134,
    -15.44486478197));
#4147 = CARTESIAN_POINT('',(20.07150114552,8.070014727134,
    -18.32659087055));
#4148 = CARTESIAN_POINT('',(20.177111135185,8.070014727134,
    -21.21190431301));
#4149 = CARTESIAN_POINT('',(20.209819282864,8.070014727134,
    -24.09896546246));
#4150 = CARTESIAN_POINT('',(20.169596031221,8.070014727134,
    -26.98592878148));
#4151 = CARTESIAN_POINT('',(20.056499477801,8.070014727134,
    -29.8709665921));
#4152 = CARTESIAN_POINT('',(19.870480713118,8.070014727134,
    -32.7521860321));
#4153 = CARTESIAN_POINT('',(19.612110202494,8.070014727135,
    -35.62794452859));
#4154 = CARTESIAN_POINT('',(19.279866644429,8.070014727134,
    -38.49567799133));
#4155 = CARTESIAN_POINT('',(18.8802547013,8.070014727137,-41.35627960054
    ));
#4156 = CARTESIAN_POINT('',(18.390044586682,8.070014727124,
    -44.1977634834));
#4157 = CARTESIAN_POINT('',(17.884376492691,8.070014727173,
    -47.13058524226));
#4158 = CARTESIAN_POINT('',(17.305904505622,8.070014727045,
    -49.01964306483));
#4159 = CARTESIAN_POINT('',(16.014485706113,8.070014727134,
    -49.57369177392));
#4160 = PCURVE('',#1009,#4161);
#4161 = DEFINITIONAL_REPRESENTATION('',(#4162),#4166);
#4162 = LINE('',#4163,#4164);
#4163 = CARTESIAN_POINT('',(31.,0.));
#4164 = VECTOR('',#4165,1.);
#4165 = DIRECTION('',(0.,1.));
#4166 = ( GEOMETRIC_REPRESENTATION_CONTEXT(2) 
PARAMETRIC_REPRESENTATION_CONTEXT() REPRESENTATION_CONTEXT('2D SPACE',''
  ) );
#4167 = PCURVE('',#1075,#4168);
#4168 = DEFINITIONAL_REPRESENTATION('',(#4169),#4173);
#4169 = LINE('',#4170,#4171);
#4170 = CARTESIAN_POINT('',(31.,0.));
#4171 = VECTOR('',#4172,1.);
#4172 = DIRECTION('',(0.,1.));
#4173 = ( GEOMETRIC_REPRESENTATION_CONTEXT(2) 
PARAMETRIC_REPRESENTATION_CONTEXT() REPRESENTATION_CONTEXT('2D SPACE',''
  ) );
#4174 = ADVANCED_FACE('',(#4175),#1075,.T.);
#4175 = FACE_BOUND('',#4176,.T.);
#4176 = EDGE_LOOP('',(#4177,#4178,#4179,#4180));
#4177 = ORIENTED_EDGE('',*,*,#1061,.T.);
#4178 = ORIENTED_EDGE('',*,*,#4135,.T.);
#4179 = ORIENTED_EDGE('',*,*,#2312,.F.);
#4180 = ORIENTED_EDGE('',*,*,#4181,.F.);
#4181 = EDGE_CURVE('',#1062,#2292,#4182,.T.);
#4182 = SURFACE_CURVE('',#4183,(#4206,#4213),.PCURVE_S1.);
#4183 = ( BOUNDED_CURVE() B_SPLINE_CURVE(3,(#4184,#4185,#4186,#4187,
    #4188,#4189,#4190,#4191,#4192,#4193,#4194,#4195,#4196,#4197,#4198,
    #4199,#4200,#4201,#4202,#4203,#4204,#4205),.UNSPECIFIED.,.F.,.F.) 
B_SPLINE_CURVE_WITH_KNOTS((4,1,1,1,1,1,1,1,1,1,1,1,1,1,1,1,1,1,1,4),(0.,
    5.24163189288E-02,0.104832637858,0.157248956786,0.209665275715,
    0.262081594644,0.314497913573,0.366914232502,0.41933055143,
    0.471746870359,0.524163189288,0.576579508217,0.628995827146,
    0.681412146074,0.733828465003,0.786244783932,0.838661102861,
0.89107742179,0.943493740718,1.),.UNSPECIFIED.) CURVE() 
GEOMETRIC_REPRESENTATION_ITEM() RATIONAL_B_SPLINE_CURVE((1.,
    0.999999999991,1.000000000004,0.999999999999,1.,1.,1.,1.,1.,1.,1.,1.
    ,1.,1.,1.,1.,1.,0.999999999999,1.000000000003,0.99999999999,
1.000000000024,1.)) REPRESENTATION_ITEM('') );
#4184 = CARTESIAN_POINT('',(16.498779064639,8.092471478009,
    4.441832125928));
#4185 = CARTESIAN_POINT('',(16.737821647769,8.092471478294,
    3.510620001403));
#4186 = CARTESIAN_POINT('',(17.192390555848,8.092471477877,
    1.642215751351));
#4187 = CARTESIAN_POINT('',(17.80324006992,8.092471478044,
    -1.176763848177));
#4188 = CARTESIAN_POINT('',(18.342701433042,8.092471477999,
    -4.010259079924));
#4189 = CARTESIAN_POINT('',(18.810429058956,8.092471478012,
    -6.856478216549));
#4190 = CARTESIAN_POINT('',(19.206124948223,8.092471478008,
    -9.713601282258));
#4191 = CARTESIAN_POINT('',(19.529536578564,8.092471478009,
    -12.57980674548));
#4192 = CARTESIAN_POINT('',(19.780457615312,8.092471478009,
    -15.45326581083));
#4193 = CARTESIAN_POINT('',(19.958728145375,8.092471478009,
    -18.33214553444));
#4194 = CARTESIAN_POINT('',(20.064233820569,8.092471478009,
    -21.21460906848));
#4195 = CARTESIAN_POINT('',(20.096909662951,8.092471478009,
    -24.09881858369));
#4196 = CARTESIAN_POINT('',(20.056726135411,8.092471478009,
    -26.98293036345));
#4197 = CARTESIAN_POINT('',(19.943741311572,8.092471478009,
    -29.86511854284));
#4198 = CARTESIAN_POINT('',(19.757906205378,8.092471478009,
    -32.74349210021));
#4199 = CARTESIAN_POINT('',(19.499791184738,8.092471478009,
    -35.61641019352));
#4200 = CARTESIAN_POINT('',(19.167874711461,8.092471478007,
    -38.48131086046));
#4201 = CARTESIAN_POINT('',(18.768661514328,8.092471478015,
    -41.33908790941));
#4202 = CARTESIAN_POINT('',(18.278920525977,8.092471477987,
    -44.17776166956));
#4203 = CARTESIAN_POINT('',(17.773809594496,8.092471478093,
    -47.10770002008));
#4204 = CARTESIAN_POINT('',(17.195756412007,8.092471477813,
    -48.99485646571));
#4205 = CARTESIAN_POINT('',(15.90452569735,8.092471478009,
    -49.54810487264));
#4206 = PCURVE('',#1075,#4207);
#4207 = DEFINITIONAL_REPRESENTATION('',(#4208),#4212);
#4208 = LINE('',#4209,#4210);
#4209 = CARTESIAN_POINT('',(30.,0.));
#4210 = VECTOR('',#4211,1.);
#4211 = DIRECTION('',(0.,1.));
#4212 = ( GEOMETRIC_REPRESENTATION_CONTEXT(2) 
PARAMETRIC_REPRESENTATION_CONTEXT() REPRESENTATION_CONTEXT('2D SPACE',''
  ) );
#4213 = PCURVE('',#1141,#4214);
#4214 = DEFINITIONAL_REPRESENTATION('',(#4215),#4219);
#4215 = LINE('',#4216,#4217);
#4216 = CARTESIAN_POINT('',(30.,0.));
#4217 = VECTOR('',#4218,1.);
#4218 = DIRECTION('',(0.,1.));
#4219 = ( GEOMETRIC_REPRESENTATION_CONTEXT(2) 
PARAMETRIC_REPRESENTATION_CONTEXT() REPRESENTATION_CONTEXT('2D SPACE',''
  ) );
#4220 = ADVANCED_FACE('',(#4221),#1141,.T.);
#4221 = FACE_BOUND('',#4222,.T.);
#4222 = EDGE_LOOP('',(#4223,#4224,#4225,#4226));
#4223 = ORIENTED_EDGE('',*,*,#1127,.T.);
#4224 = ORIENTED_EDGE('',*,*,#4181,.T.);
#4225 = ORIENTED_EDGE('',*,*,#2291,.F.);
#4226 = ORIENTED_EDGE('',*,*,#4227,.F.);
#4227 = EDGE_CURVE('',#1128,#2269,#4228,.T.);
#4228 = SURFACE_CURVE('',#4229,(#4252,#4259),.PCURVE_S1.);
#4229 = ( BOUNDED_CURVE() B_SPLINE_CURVE(3,(#4230,#4231,#4232,#4233,
    #4234,#4235,#4236,#4237,#4238,#4239,#4240,#4241,#4242,#4243,#4244,
    #4245,#4246,#4247,#4248,#4249,#4250,#4251),.UNSPECIFIED.,.F.,.F.) 
B_SPLINE_CURVE_WITH_KNOTS((4,1,1,1,1,1,1,1,1,1,1,1,1,1,1,1,1,1,1,4),(0.,
    5.24163189288E-02,0.104832637858,0.157248956786,0.209665275715,
    0.262081594644,0.314497913573,0.366914232502,0.41933055143,
    0.471746870359,0.524163189288,0.576579508217,0.628995827146,
    0.681412146074,0.733828465003,0.786244783932,0.838661102861,
0.89107742179,0.943493740718,1.),.UNSPECIFIED.) CURVE() 
GEOMETRIC_REPRESENTATION_ITEM() RATIONAL_B_SPLINE_CURVE((1.,
    0.999999999991,1.000000000004,0.999999999999,1.,1.,1.,1.,1.,1.,1.,1.
    ,1.,1.,1.,1.,1.,0.999999999999,1.000000000003,0.99999999999,
1.000000000024,1.)) REPRESENTATION_ITEM('') );
#4230 = CARTESIAN_POINT('',(16.387523319381,8.1,4.413272027751));
#4231 = CARTESIAN_POINT('',(16.626325445224,8.100000000091,
    3.482996625534));
#4232 = CARTESIAN_POINT('',(17.080437094897,8.099999999958,
    1.616471835733));
#4233 = CARTESIAN_POINT('',(17.690672144751,8.100000000011,
    -1.199672103509));
#4234 = CARTESIAN_POINT('',(18.229590854392,8.099999999997,
    -4.03031707339));
#4235 = CARTESIAN_POINT('',(18.696847984991,8.100000000001,
    -6.873673148968));
#4236 = CARTESIAN_POINT('',(19.092145836921,8.1,-9.727922185175));
#4237 = CARTESIAN_POINT('',(19.415232141917,8.1,-12.59124448276));
#4238 = CARTESIAN_POINT('',(19.665900772826,8.1,-15.46181308593));
#4239 = CARTESIAN_POINT('',(19.843991977589,8.1,-18.33779689467));
#4240 = CARTESIAN_POINT('',(19.949391522392,8.1,-21.2173609087));
#4241 = CARTESIAN_POINT('',(19.9820344971,8.1,-24.09866914803));
#4242 = CARTESIAN_POINT('',(19.941891385186,8.1,-26.97987974856));
#4243 = CARTESIAN_POINT('',(19.829020235931,8.1,-29.85916868995));
#4244 = CARTESIAN_POINT('',(19.643371985379,8.1,-32.73464682317));
#4245 = CARTESIAN_POINT('',(19.385516902328,8.1,-35.60467506719));
#4246 = CARTESIAN_POINT('',(19.053933207777,8.1,-38.46669362461));
#4247 = CARTESIAN_POINT('',(18.655125698054,8.099999999999,
    -41.32159694306));
#4248 = CARTESIAN_POINT('',(18.165862002618,8.100000000003,
    -44.15741166115));
#4249 = CARTESIAN_POINT('',(17.661317932673,8.09999999999,
    -47.08441640996));
#4250 = CARTESIAN_POINT('',(17.083690845728,8.100000000024,
    -48.96963837555));
#4251 = CARTESIAN_POINT('',(15.79265148988,8.1,-49.52207255112));
#4252 = PCURVE('',#1141,#4253);
#4253 = DEFINITIONAL_REPRESENTATION('',(#4254),#4258);
#4254 = LINE('',#4255,#4256);
#4255 = CARTESIAN_POINT('',(29.,0.));
#4256 = VECTOR('',#4257,1.);
#4257 = DIRECTION('',(0.,1.));
#4258 = ( GEOMETRIC_REPRESENTATION_CONTEXT(2) 
PARAMETRIC_REPRESENTATION_CONTEXT() REPRESENTATION_CONTEXT('2D SPACE',''
  ) );
#4259 = PCURVE('',#1209,#4260);
#4260 = DEFINITIONAL_REPRESENTATION('',(#4261),#4284);
#4261 = ( BOUNDED_CURVE() B_SPLINE_CURVE(3,(#4262,#4263,#4264,#4265,
    #4266,#4267,#4268,#4269,#4270,#4271,#4272,#4273,#4274,#4275,#4276,
    #4277,#4278,#4279,#4280,#4281,#4282,#4283),.UNSPECIFIED.,.F.,.F.) 
B_SPLINE_CURVE_WITH_KNOTS((4,1,1,1,1,1,1,1,1,1,1,1,1,1,1,1,1,1,1,4),(0.,
    5.24163189288E-02,0.104832637858,0.157248956786,0.209665275715,
    0.262081594644,0.314497913573,0.366914232502,0.41933055143,
    0.471746870359,0.524163189288,0.576579508217,0.628995827146,
    0.681412146074,0.733828465003,0.786244783932,0.838661102861,
0.89107742179,0.943493740718,1.),.UNSPECIFIED.) CURVE() 
GEOMETRIC_REPRESENTATION_ITEM() RATIONAL_B_SPLINE_CURVE((1.,
    0.999999999991,1.000000000004,0.999999999999,1.,1.,1.,1.,1.,1.,1.,1.
    ,1.,1.,1.,1.,1.,0.999999999999,1.000000000003,0.99999999999,
1.000000000024,1.)) REPRESENTATION_ITEM('') );
#4262 = CARTESIAN_POINT('',(13.19243548419,-27.17660924702));
#4263 = CARTESIAN_POINT('',(13.418429436459,-26.24313963701));
#4264 = CARTESIAN_POINT('',(13.846844852008,-24.370549876));
#4265 = CARTESIAN_POINT('',(14.418317444676,-21.5462849135));
#4266 = CARTESIAN_POINT('',(14.918281132287,-18.70850045512));
#4267 = CARTESIAN_POINT('',(15.346415309181,-15.85899100169));
#4268 = CARTESIAN_POINT('',(15.702447292266,-12.9995786181));
#4269 = CARTESIAN_POINT('',(15.986149846882,-10.13208629887));
#4270 = CARTESIAN_POINT('',(16.197341974854,-7.258343660234));
#4271 = CARTESIAN_POINT('',(16.33588910568,-4.38018382487));
#4272 = CARTESIAN_POINT('',(16.401702236406,-1.499443189769));
#4273 = CARTESIAN_POINT('',(16.394741696568,1.382041546397));
#4274 = CARTESIAN_POINT('',(16.315003286834,4.262428287797));
#4275 = CARTESIAN_POINT('',(16.162570120167,7.13989398421));
#4276 = CARTESIAN_POINT('',(15.937419101534,10.012548990712));
#4277 = CARTESIAN_POINT('',(15.640142973245,12.878762218798));
#4278 = CARTESIAN_POINT('',(15.269255281651,15.735953197674));
#4279 = CARTESIAN_POINT('',(14.831247915487,18.585105691785));
#4280 = CARTESIAN_POINT('',(14.303055259311,21.413928167118));
#4281 = CARTESIAN_POINT('',(13.758330364623,24.333722048057));
#4282 = CARTESIAN_POINT('',(13.154847521047,26.210827098024));
#4283 = CARTESIAN_POINT('',(11.856337502661,26.745465170779));
#4284 = ( GEOMETRIC_REPRESENTATION_CONTEXT(2) 
PARAMETRIC_REPRESENTATION_CONTEXT() REPRESENTATION_CONTEXT('2D SPACE',''
  ) );
#4285 = ADVANCED_FACE('',(#4286),#1209,.T.);
#4286 = FACE_BOUND('',#4287,.T.);
#4287 = EDGE_LOOP('',(#4288,#4289,#4290,#4291));
#4288 = ORIENTED_EDGE('',*,*,#1193,.T.);
#4289 = ORIENTED_EDGE('',*,*,#4227,.T.);
#4290 = ORIENTED_EDGE('',*,*,#2268,.T.);
#4291 = ORIENTED_EDGE('',*,*,#4292,.F.);
#4292 = EDGE_CURVE('',#1194,#2248,#4293,.T.);
#4293 = SURFACE_CURVE('',#4294,(#4317,#4343),.PCURVE_S1.);
#4294 = ( BOUNDED_CURVE() B_SPLINE_CURVE(3,(#4295,#4296,#4297,#4298,
    #4299,#4300,#4301,#4302,#4303,#4304,#4305,#4306,#4307,#4308,#4309,
    #4310,#4311,#4312,#4313,#4314,#4315,#4316),.UNSPECIFIED.,.F.,.F.) 
B_SPLINE_CURVE_WITH_KNOTS((4,1,1,1,1,1,1,1,1,1,1,1,1,1,1,1,1,1,1,4),(0.,
    5.24163189288E-02,0.104832637858,0.157248956786,0.209665275715,
    0.262081594644,0.314497913573,0.366914232502,0.41933055143,
    0.471746870359,0.524163189288,0.576579508217,0.628995827146,
    0.681412146074,0.733828465003,0.786244783932,0.838661102861,
0.89107742179,0.943493740718,1.),.UNSPECIFIED.) CURVE() 
GEOMETRIC_REPRESENTATION_ITEM() RATIONAL_B_SPLINE_CURVE((1.,
    0.999999999991,1.000000000004,0.999999999999,1.,1.,1.,1.,1.,1.,1.,1.
    ,1.,1.,1.,1.,1.,0.999999999999,1.000000000003,0.99999999999,
1.000000000024,1.)) REPRESENTATION_ITEM('') );
#4295 = CARTESIAN_POINT('',(0.948123159942,8.1,0.449874152603));
#4296 = CARTESIAN_POINT('',(1.15355610642,8.100000000091,-0.350408577182
    ));
#4297 = CARTESIAN_POINT('',(1.544212153042,8.099999999958,
    -1.956113242797));
#4298 = CARTESIAN_POINT('',(2.069175588691,8.100000000011,
    -4.378741373703));
#4299 = CARTESIAN_POINT('',(2.532788122453,8.099999999997,-6.81384422377
    ));
#4300 = CARTESIAN_POINT('',(2.934752755794,8.100000000001,-9.25988198416
    ));
#4301 = CARTESIAN_POINT('',(3.274813394657,8.1,-11.71529057098));
#4302 = CARTESIAN_POINT('',(3.552752998317,8.1,-14.17850455649));
#4303 = CARTESIAN_POINT('',(3.768394329988,8.1,-16.64795229607));
#4304 = CARTESIAN_POINT('',(3.921599635823,8.1,-19.12205848413));
#4305 = CARTESIAN_POINT('',(4.01227185691,8.1,-21.59924481751));
#4306 = CARTESIAN_POINT('',(4.04035062878,8.1,-24.07793081534));
#4307 = CARTESIAN_POINT('',(4.005827445446,8.1,-26.5565359169));
#4308 = CARTESIAN_POINT('',(3.908689225112,8.1,-29.03347631839));
#4309 = CARTESIAN_POINT('',(3.749128951866,8.1,-31.50718157983));
#4310 = CARTESIAN_POINT('',(3.526759458891,8.1,-33.9760374125));
#4311 = CARTESIAN_POINT('',(3.243547416807,8.1,-36.43860396974));
#4312 = CARTESIAN_POINT('',(2.892863207333,8.099999999999,
    -38.89280593598));
#4313 = CARTESIAN_POINT('',(2.500346898098,8.100000000003,
    -41.33895990779));
#4314 = CARTESIAN_POINT('',(1.957636058005,8.09999999999,-43.83167100861
    ));
#4315 = CARTESIAN_POINT('',(1.748068979521,8.100000000024,
    -45.52032327142));
#4316 = CARTESIAN_POINT('',(2.685579849911,8.1,-46.47215147579));
#4317 = PCURVE('',#1209,#4318);
#4318 = DEFINITIONAL_REPRESENTATION('',(#4319),#4342);
#4319 = ( BOUNDED_CURVE() B_SPLINE_CURVE(3,(#4320,#4321,#4322,#4323,
    #4324,#4325,#4326,#4327,#4328,#4329,#4330,#4331,#4332,#4333,#4334,
    #4335,#4336,#4337,#4338,#4339,#4340,#4341),.UNSPECIFIED.,.F.,.F.) 
B_SPLINE_CURVE_WITH_KNOTS((4,1,1,1,1,1,1,1,1,1,1,1,1,1,1,1,1,1,1,4),(0.,
    5.24163189288E-02,0.104832637858,0.157248956786,0.209665275715,
    0.262081594644,0.314497913573,0.366914232502,0.41933055143,
    0.471746870359,0.524163189288,0.576579508217,0.628995827146,
    0.681412146074,0.733828465003,0.786244783932,0.838661102861,
0.89107742179,0.943493740718,1.),.UNSPECIFIED.) CURVE() 
GEOMETRIC_REPRESENTATION_ITEM() RATIONAL_B_SPLINE_CURVE((1.,
    0.999999999991,1.000000000004,0.999999999999,1.,1.,1.,1.,1.,1.,1.,1.
    ,1.,1.,1.,1.,1.,0.999999999999,1.000000000003,0.99999999999,
1.000000000024,1.)) REPRESENTATION_ITEM('') );
#4320 = CARTESIAN_POINT('',(-2.299978964125,-23.4257833964));
#4321 = CARTESIAN_POINT('',(-2.105564432288,-22.62275280365));
#4322 = CARTESIAN_POINT('',(-1.737013938855,-21.01183065974));
#4323 = CARTESIAN_POINT('',(-1.245396461804,-18.58221630234));
#4324 = CARTESIAN_POINT('',(-0.815295543303,-16.14097160511));
#4325 = CARTESIAN_POINT('',(-0.446986990844,-13.68964031336));
#4326 = CARTESIAN_POINT('',(-0.140705377676,-11.229789883));
#4327 = CARTESIAN_POINT('',(0.103353791073,-8.762988576884));
#4328 = CARTESIAN_POINT('',(0.285034895892,-6.290810327126));
#4329 = CARTESIAN_POINT('',(0.404221846798,-3.814832183791));
#4330 = CARTESIAN_POINT('',(0.460839286097,-1.336633634932));
#4331 = CARTESIAN_POINT('',(0.454848577004,1.142204158203));
#4332 = CARTESIAN_POINT('',(0.386262937415,3.620100667275));
#4333 = CARTESIAN_POINT('',(0.25509105442,6.095472058302));
#4334 = CARTESIAN_POINT('',(6.154747785993E-02,8.566750691976));
#4335 = CARTESIAN_POINT('',(-0.194732735879,11.032317110863));
#4336 = CARTESIAN_POINT('',(-0.511763312817,13.490758634048));
#4337 = CARTESIAN_POINT('',(-0.896144722109,15.939909025107));
#4338 = CARTESIAN_POINT('',(-1.322243669156,18.380437245425));
#4339 = CARTESIAN_POINT('',(-1.899162837728,20.865453937734));
#4340 = CARTESIAN_POINT('',(-2.13191880119,22.551066433691));
#4341 = CARTESIAN_POINT('',(-1.207578318474,23.515689797888));
#4342 = ( GEOMETRIC_REPRESENTATION_CONTEXT(2) 
PARAMETRIC_REPRESENTATION_CONTEXT() REPRESENTATION_CONTEXT('2D SPACE',''
  ) );
#4343 = PCURVE('',#1235,#4344);
#4344 = DEFINITIONAL_REPRESENTATION('',(#4345),#4349);
#4345 = LINE('',#4346,#4347);
#4346 = CARTESIAN_POINT('',(13.,0.));
#4347 = VECTOR('',#4348,1.);
#4348 = DIRECTION('',(0.,1.));
#4349 = ( GEOMETRIC_REPRESENTATION_CONTEXT(2) 
PARAMETRIC_REPRESENTATION_CONTEXT() REPRESENTATION_CONTEXT('2D SPACE',''
  ) );
#4350 = ADVANCED_FACE('',(#4351),#1235,.T.);
#4351 = FACE_BOUND('',#4352,.T.);
#4352 = EDGE_LOOP('',(#4353,#4354,#4355,#4356));
#4353 = ORIENTED_EDGE('',*,*,#1221,.T.);
#4354 = ORIENTED_EDGE('',*,*,#4292,.T.);
#4355 = ORIENTED_EDGE('',*,*,#2247,.F.);
#4356 = ORIENTED_EDGE('',*,*,#4357,.F.);
#4357 = EDGE_CURVE('',#1222,#2227,#4358,.T.);
#4358 = SURFACE_CURVE('',#4359,(#4382,#4389),.PCURVE_S1.);
#4359 = ( BOUNDED_CURVE() B_SPLINE_CURVE(3,(#4360,#4361,#4362,#4363,
    #4364,#4365,#4366,#4367,#4368,#4369,#4370,#4371,#4372,#4373,#4374,
    #4375,#4376,#4377,#4378,#4379,#4380,#4381),.UNSPECIFIED.,.F.,.F.) 
B_SPLINE_CURVE_WITH_KNOTS((4,1,1,1,1,1,1,1,1,1,1,1,1,1,1,1,1,1,1,4),(0.,
    5.24163189288E-02,0.104832637858,0.157248956786,0.209665275715,
    0.262081594644,0.314497913573,0.366914232502,0.41933055143,
    0.471746870359,0.524163189288,0.576579508217,0.628995827146,
    0.681412146074,0.733828465003,0.786244783932,0.838661102861,
0.89107742179,0.943493740718,1.),.UNSPECIFIED.) CURVE() 
GEOMETRIC_REPRESENTATION_ITEM() RATIONAL_B_SPLINE_CURVE((1.,
    0.999999999991,1.000000000004,0.999999999999,1.,1.,1.,1.,1.,1.,1.,1.
    ,1.,1.,1.,1.,1.,0.999999999999,1.000000000003,0.99999999999,
1.000000000024,1.)) REPRESENTATION_ITEM('') );
#4360 = CARTESIAN_POINT('',(0.836867414684,8.092471478009,0.421314054426
    ));
#4361 = CARTESIAN_POINT('',(1.042059903982,8.092471478294,
    -0.378031952947));
#4362 = CARTESIAN_POINT('',(1.432258692042,8.092471477877,
    -1.981857158463));
#4363 = CARTESIAN_POINT('',(1.956607663535,8.092471478044,
    -4.401649629022));
#4364 = CARTESIAN_POINT('',(2.419677543801,8.092471477999,-6.83390221724
    ));
#4365 = CARTESIAN_POINT('',(2.82117168183,8.092471478012,-9.277076916578
    ));
#4366 = CARTESIAN_POINT('',(3.160834283354,8.092471478008,
    -11.72961147389));
#4367 = CARTESIAN_POINT('',(3.43844856167,8.092471478009,-14.18994229377
    ));
#4368 = CARTESIAN_POINT('',(3.653837487502,8.092471478009,
    -16.65649957117));
#4369 = CARTESIAN_POINT('',(3.806863468037,8.092471478009,
    -19.12770984436));
#4370 = CARTESIAN_POINT('',(3.897429558733,8.092471478009,
    -21.60199665773));
#4371 = CARTESIAN_POINT('',(3.925475462929,8.092471478009,
    -24.07778137969));
#4372 = CARTESIAN_POINT('',(3.890992695221,8.092471478009,-26.553485302)
  );
#4373 = CARTESIAN_POINT('',(3.793968149472,8.092471478009,-29.0275264655
    ));
#4374 = CARTESIAN_POINT('',(3.634594731867,8.092471478009,
    -31.49833630279));
#4375 = CARTESIAN_POINT('',(3.412485176481,8.092471478009,
    -33.96430228617));
#4376 = CARTESIAN_POINT('',(3.129605913121,8.092471478007,-36.4239867339
    ));
#4377 = CARTESIAN_POINT('',(2.779327391064,8.092471478015,
    -38.87531496963));
#4378 = CARTESIAN_POINT('',(2.387288374722,8.092471477987,
    -41.31860989941));
#4379 = CARTESIAN_POINT('',(1.84514439625,8.092471478093,-43.8083873984)
  );
#4380 = CARTESIAN_POINT('',(1.636003413084,8.092471477813,
    -45.49510518147));
#4381 = CARTESIAN_POINT('',(2.573705642441,8.092471478009,
    -46.44611915427));
#4382 = PCURVE('',#1235,#4383);
#4383 = DEFINITIONAL_REPRESENTATION('',(#4384),#4388);
#4384 = LINE('',#4385,#4386);
#4385 = CARTESIAN_POINT('',(12.,0.));
#4386 = VECTOR('',#4387,1.);
#4387 = DIRECTION('',(0.,1.));
#4388 = ( GEOMETRIC_REPRESENTATION_CONTEXT(2) 
PARAMETRIC_REPRESENTATION_CONTEXT() REPRESENTATION_CONTEXT('2D SPACE',''
  ) );
#4389 = PCURVE('',#1301,#4390);
#4390 = DEFINITIONAL_REPRESENTATION('',(#4391),#4395);
#4391 = LINE('',#4392,#4393);
#4392 = CARTESIAN_POINT('',(12.,0.));
#4393 = VECTOR('',#4394,1.);
#4394 = DIRECTION('',(0.,1.));
#4395 = ( GEOMETRIC_REPRESENTATION_CONTEXT(2) 
PARAMETRIC_REPRESENTATION_CONTEXT() REPRESENTATION_CONTEXT('2D SPACE',''
  ) );
#4396 = ADVANCED_FACE('',(#4397),#1301,.T.);
#4397 = FACE_BOUND('',#4398,.T.);
#4398 = EDGE_LOOP('',(#4399,#4400,#4401,#4402));
#4399 = ORIENTED_EDGE('',*,*,#1287,.T.);
#4400 = ORIENTED_EDGE('',*,*,#4357,.T.);
#4401 = ORIENTED_EDGE('',*,*,#2226,.F.);
#4402 = ORIENTED_EDGE('',*,*,#4403,.F.);
#4403 = EDGE_CURVE('',#1288,#2206,#4404,.T.);
#4404 = SURFACE_CURVE('',#4405,(#4428,#4435),.PCURVE_S1.);
#4405 = ( BOUNDED_CURVE() B_SPLINE_CURVE(3,(#4406,#4407,#4408,#4409,
    #4410,#4411,#4412,#4413,#4414,#4415,#4416,#4417,#4418,#4419,#4420,
    #4421,#4422,#4423,#4424,#4425,#4426,#4427),.UNSPECIFIED.,.F.,.F.) 
B_SPLINE_CURVE_WITH_KNOTS((4,1,1,1,1,1,1,1,1,1,1,1,1,1,1,1,1,1,1,4),(0.,
    5.24163189288E-02,0.104832637858,0.157248956786,0.209665275715,
    0.262081594644,0.314497913573,0.366914232502,0.41933055143,
    0.471746870359,0.524163189288,0.576579508217,0.628995827146,
    0.681412146074,0.733828465003,0.786244783932,0.838661102861,
0.89107742179,0.943493740718,1.),.UNSPECIFIED.) CURVE() 
GEOMETRIC_REPRESENTATION_ITEM() RATIONAL_B_SPLINE_CURVE((1.,
    0.999999999991,1.000000000004,0.999999999999,1.,1.,1.,1.,1.,1.,1.,1.
    ,1.,1.,1.,1.,1.,0.999999999999,1.000000000003,0.99999999999,
1.000000000024,1.)) REPRESENTATION_ITEM('') );
#4406 = CARTESIAN_POINT('',(0.727515286073,8.070014727134,0.393242627447
    ));
#4407 = CARTESIAN_POINT('',(0.932471432582,8.070014727374,
    -0.405182684893));
#4408 = CARTESIAN_POINT('',(1.322220785751,8.070014727023,
    -2.007160588688));
#4409 = CARTESIAN_POINT('',(1.845965806801,8.070014727164,
    -4.424165917716));
#4410 = CARTESIAN_POINT('',(2.308502318506,8.070014727126,
    -6.853617012887));
#4411 = CARTESIAN_POINT('',(2.709534011533,8.070014727137,
    -9.293977638933));
#4412 = CARTESIAN_POINT('',(3.048805386246,8.070014727134,
    -11.74368734219));
#4413 = CARTESIAN_POINT('',(3.326099905625,8.070014727135,
    -14.20118432819));
#4414 = CARTESIAN_POINT('',(3.541240744351,8.070014727134,
    -16.66490060003));
#4415 = CARTESIAN_POINT('',(3.694090467892,8.070014727134,
    -19.13326450825));
#4416 = CARTESIAN_POINT('',(3.784552244118,8.070014727134,-21.6047014132
    ));
#4417 = CARTESIAN_POINT('',(3.812565843016,8.070014727134,
    -24.07763450092));
#4418 = CARTESIAN_POINT('',(3.778122799411,8.070014727134,
    -26.55048688398));
#4419 = CARTESIAN_POINT('',(3.681209983242,8.070014727134,
    -29.02167841624));
#4420 = CARTESIAN_POINT('',(3.522020224127,8.070014727134,-31.4896423709
    ));
#4421 = CARTESIAN_POINT('',(3.300166158725,8.070014727135,-33.9527679511
    ));
#4422 = CARTESIAN_POINT('',(3.017613980153,8.070014727134,
    -36.40961960303));
#4423 = CARTESIAN_POINT('',(2.667734204094,8.070014727137,
    -38.85812327851));
#4424 = CARTESIAN_POINT('',(2.276164314009,8.070014727124,
    -41.29860808551));
#4425 = CARTESIAN_POINT('',(1.734577498082,8.070014727173,
    -43.78550217642));
#4426 = CARTESIAN_POINT('',(1.525855319406,8.070014727045,
    -45.47031858188));
#4427 = CARTESIAN_POINT('',(2.463745633678,8.070014727134,
    -46.42053225298));
#4428 = PCURVE('',#1301,#4429);
#4429 = DEFINITIONAL_REPRESENTATION('',(#4430),#4434);
#4430 = LINE('',#4431,#4432);
#4431 = CARTESIAN_POINT('',(11.,0.));
#4432 = VECTOR('',#4433,1.);
#4433 = DIRECTION('',(0.,1.));
#4434 = ( GEOMETRIC_REPRESENTATION_CONTEXT(2) 
PARAMETRIC_REPRESENTATION_CONTEXT() REPRESENTATION_CONTEXT('2D SPACE',''
  ) );
#4435 = PCURVE('',#1367,#4436);
#4436 = DEFINITIONAL_REPRESENTATION('',(#4437),#4441);
#4437 = LINE('',#4438,#4439);
#4438 = CARTESIAN_POINT('',(11.,0.));
#4439 = VECTOR('',#4440,1.);
#4440 = DIRECTION('',(0.,1.));
#4441 = ( GEOMETRIC_REPRESENTATION_CONTEXT(2) 
PARAMETRIC_REPRESENTATION_CONTEXT() REPRESENTATION_CONTEXT('2D SPACE',''
  ) );
#4442 = ADVANCED_FACE('',(#4443),#1367,.T.);
#4443 = FACE_BOUND('',#4444,.T.);
#4444 = EDGE_LOOP('',(#4445,#4446,#4447,#4448));
#4445 = ORIENTED_EDGE('',*,*,#1353,.T.);
#4446 = ORIENTED_EDGE('',*,*,#4403,.T.);
#4447 = ORIENTED_EDGE('',*,*,#2205,.F.);
#4448 = ORIENTED_EDGE('',*,*,#4449,.F.);
#4449 = EDGE_CURVE('',#1354,#2185,#4450,.T.);
#4450 = SURFACE_CURVE('',#4451,(#4474,#4481),.PCURVE_S1.);
#4451 = ( BOUNDED_CURVE() B_SPLINE_CURVE(3,(#4452,#4453,#4454,#4455,
    #4456,#4457,#4458,#4459,#4460,#4461,#4462,#4463,#4464,#4465,#4466,
    #4467,#4468,#4469,#4470,#4471,#4472,#4473),.UNSPECIFIED.,.F.,.F.) 
B_SPLINE_CURVE_WITH_KNOTS((4,1,1,1,1,1,1,1,1,1,1,1,1,1,1,1,1,1,1,4),(0.,
    5.24163189288E-02,0.104832637858,0.157248956786,0.209665275715,
    0.262081594644,0.314497913573,0.366914232502,0.41933055143,
    0.471746870359,0.524163189288,0.576579508217,0.628995827146,
    0.681412146074,0.733828465003,0.786244783932,0.838661102861,
0.89107742179,0.943493740718,1.),.UNSPECIFIED.) CURVE() 
GEOMETRIC_REPRESENTATION_ITEM() RATIONAL_B_SPLINE_CURVE((1.,
    0.999999999991,1.000000000004,0.999999999999,1.,1.,1.,1.,1.,1.,1.,1.
    ,1.,1.,1.,1.,1.,0.999999999999,1.000000000003,0.99999999999,
1.000000000024,1.)) REPRESENTATION_ITEM('') );
#4452 = CARTESIAN_POINT('',(0.621937819348,8.03301398861,0.366140181564)
  );
#4453 = CARTESIAN_POINT('',(0.826665781295,8.033013988829,
    -0.431396217136));
#4454 = CARTESIAN_POINT('',(1.215981213281,8.033013988508,
    -2.031590584457));
#4455 = CARTESIAN_POINT('',(1.739143131327,8.033013988637,
    -4.445904979925));
#4456 = CARTESIAN_POINT('',(2.201164685498,8.033013988603,
    -6.872651285069));
#4457 = CARTESIAN_POINT('',(2.601749896393,8.033013988612,
    -9.310294975187));
#4458 = CARTESIAN_POINT('',(2.940643548823,8.033013988609,
    -11.75727733386));
#4459 = CARTESIAN_POINT('',(3.217629346836,8.03301398861,-14.21203830543
    ));
#4460 = CARTESIAN_POINT('',(3.43253066203,8.03301398861,-16.67301163871)
  );
#4461 = CARTESIAN_POINT('',(3.585210212688,8.03301398861,-19.13862743396
    ));
#4462 = CARTESIAN_POINT('',(3.675571275213,8.03301398861,-21.60731280481
    ));
#4463 = CARTESIAN_POINT('',(3.703553683941,8.03301398861,-24.07749269217
    ));
#4464 = CARTESIAN_POINT('',(3.669148993226,8.03301398861,-26.54759196658
    ));
#4465 = CARTESIAN_POINT('',(3.57234404991,8.03301398861,-29.01603223236)
  );
#4466 = CARTESIAN_POINT('',(3.413331609685,8.03301398861,-31.48124853973
    ));
#4467 = CARTESIAN_POINT('',(3.191724215159,8.03301398861,-33.94163176297
    ));
#4468 = CARTESIAN_POINT('',(2.909487830926,8.033013988609,
    -36.39574840269));
#4469 = CARTESIAN_POINT('',(2.559993036786,8.033013988615,
    -38.84152501735));
#4470 = CARTESIAN_POINT('',(2.168876079468,8.03301398859,-41.27929670219
    ));
#4471 = CARTESIAN_POINT('',(1.627827193707,8.033013988686,
    -43.76340691709));
#4472 = CARTESIAN_POINT('',(1.419509363086,8.033013988433,
    -45.44638757375));
#4473 = CARTESIAN_POINT('',(2.357581269859,8.03301398861,-46.39582857091
    ));
#4474 = PCURVE('',#1367,#4475);
#4475 = DEFINITIONAL_REPRESENTATION('',(#4476),#4480);
#4476 = LINE('',#4477,#4478);
#4477 = CARTESIAN_POINT('',(10.,0.));
#4478 = VECTOR('',#4479,1.);
#4479 = DIRECTION('',(0.,1.));
#4480 = ( GEOMETRIC_REPRESENTATION_CONTEXT(2) 
PARAMETRIC_REPRESENTATION_CONTEXT() REPRESENTATION_CONTEXT('2D SPACE',''
  ) );
#4481 = PCURVE('',#1433,#4482);
#4482 = DEFINITIONAL_REPRESENTATION('',(#4483),#4487);
#4483 = LINE('',#4484,#4485);
#4484 = CARTESIAN_POINT('',(10.,0.));
#4485 = VECTOR('',#4486,1.);
#4486 = DIRECTION('',(0.,1.));
#4487 = ( GEOMETRIC_REPRESENTATION_CONTEXT(2) 
PARAMETRIC_REPRESENTATION_CONTEXT() REPRESENTATION_CONTEXT('2D SPACE',''
  ) );
#4488 = ADVANCED_FACE('',(#4489),#1433,.T.);
#4489 = FACE_BOUND('',#4490,.T.);
#4490 = EDGE_LOOP('',(#4491,#4492,#4493,#4494));
#4491 = ORIENTED_EDGE('',*,*,#1419,.T.);
#4492 = ORIENTED_EDGE('',*,*,#4449,.T.);
#4493 = ORIENTED_EDGE('',*,*,#2184,.F.);
#4494 = ORIENTED_EDGE('',*,*,#4495,.F.);
#4495 = EDGE_CURVE('',#1420,#2164,#4496,.T.);
#4496 = SURFACE_CURVE('',#4497,(#4520,#4527),.PCURVE_S1.);
#4497 = ( BOUNDED_CURVE() B_SPLINE_CURVE(3,(#4498,#4499,#4500,#4501,
    #4502,#4503,#4504,#4505,#4506,#4507,#4508,#4509,#4510,#4511,#4512,
    #4513,#4514,#4515,#4516,#4517,#4518,#4519),.UNSPECIFIED.,.F.,.F.) 
B_SPLINE_CURVE_WITH_KNOTS((4,1,1,1,1,1,1,1,1,1,1,1,1,1,1,1,1,1,1,4),(0.,
    5.24163189288E-02,0.104832637858,0.157248956786,0.209665275715,
    0.262081594644,0.314497913573,0.366914232502,0.41933055143,
    0.471746870359,0.524163189288,0.576579508217,0.628995827146,
    0.681412146074,0.733828465003,0.786244783932,0.838661102861,
0.89107742179,0.943493740718,1.),.UNSPECIFIED.) CURVE() 
GEOMETRIC_REPRESENTATION_ITEM() RATIONAL_B_SPLINE_CURVE((1.,
    0.999999999991,1.000000000004,0.999999999999,1.,1.,1.,1.,1.,1.,1.,1.
    ,1.,1.,1.,1.,1.,0.999999999999,1.000000000003,0.99999999999,
1.000000000024,1.)) REPRESENTATION_ITEM('') );
#4498 = CARTESIAN_POINT('',(0.521941474236,7.98210235533,0.340470447141)
  );
#4499 = CARTESIAN_POINT('',(0.726453314076,7.98210235554,-0.456224028326
    ));
#4500 = CARTESIAN_POINT('',(1.115357763205,7.982102355233,
    -2.054729142019));
#4501 = CARTESIAN_POINT('',(1.637967402697,7.982102355356,
    -4.466494854201));
#4502 = CARTESIAN_POINT('',(2.099501221442,7.982102355323,
    -6.890679352131));
#4503 = CARTESIAN_POINT('',(2.499663552503,7.982102355332,
    -9.325749731186));
#4504 = CARTESIAN_POINT('',(2.838199450112,7.98210235533,-11.77014892037
    ));
#4505 = CARTESIAN_POINT('',(3.114892846637,7.98210235533,-14.22231851092
    ));
#4506 = CARTESIAN_POINT('',(3.329567300186,7.98210235533,-16.68069390508
    ));
#4507 = CARTESIAN_POINT('',(3.482085673779,7.98210235533,-19.14370686034
    ));
#4508 = CARTESIAN_POINT('',(3.572351346612,7.98210235533,-21.60978615092
    ));
#4509 = CARTESIAN_POINT('',(3.60030421397,7.98210235533,-24.07735837983)
  );
#4510 = CARTESIAN_POINT('',(3.565935848703,7.98210235533,-26.54485008266
    ));
#4511 = CARTESIAN_POINT('',(3.469233075778,7.98210235533,-29.01068452162
    ));
#4512 = CARTESIAN_POINT('',(3.310388580869,7.98210235533,-31.47329843007
    ));
#4513 = CARTESIAN_POINT('',(3.089014817503,7.982102355331,
    -33.93108426504));
#4514 = CARTESIAN_POINT('',(2.807077533833,7.982102355329,-36.382610473)
  );
#4515 = CARTESIAN_POINT('',(2.457947370385,7.982102355334,
    -38.82580418685));
#4516 = CARTESIAN_POINT('',(2.067259402535,7.982102355318,
    -41.26100617317));
#4517 = CARTESIAN_POINT('',(1.526720010438,7.982102355378,
    -43.74247967412));
#4518 = CARTESIAN_POINT('',(1.318785152904,7.982102355218,
    -45.42372162865));
#4519 = CARTESIAN_POINT('',(2.257029052683,7.98210235533,-46.37243079491
    ));
#4520 = PCURVE('',#1433,#4521);
#4521 = DEFINITIONAL_REPRESENTATION('',(#4522),#4526);
#4522 = LINE('',#4523,#4524);
#4523 = CARTESIAN_POINT('',(9.,0.));
#4524 = VECTOR('',#4525,1.);
#4525 = DIRECTION('',(0.,1.));
#4526 = ( GEOMETRIC_REPRESENTATION_CONTEXT(2) 
PARAMETRIC_REPRESENTATION_CONTEXT() REPRESENTATION_CONTEXT('2D SPACE',''
  ) );
#4527 = PCURVE('',#1499,#4528);
#4528 = DEFINITIONAL_REPRESENTATION('',(#4529),#4533);
#4529 = LINE('',#4530,#4531);
#4530 = CARTESIAN_POINT('',(9.,0.));
#4531 = VECTOR('',#4532,1.);
#4532 = DIRECTION('',(0.,1.));
#4533 = ( GEOMETRIC_REPRESENTATION_CONTEXT(2) 
PARAMETRIC_REPRESENTATION_CONTEXT() REPRESENTATION_CONTEXT('2D SPACE',''
  ) );
#4534 = ADVANCED_FACE('',(#4535),#1499,.T.);
#4535 = FACE_BOUND('',#4536,.T.);
#4536 = EDGE_LOOP('',(#4537,#4538,#4539,#4540));
#4537 = ORIENTED_EDGE('',*,*,#1485,.T.);
#4538 = ORIENTED_EDGE('',*,*,#4495,.T.);
#4539 = ORIENTED_EDGE('',*,*,#2163,.F.);
#4540 = ORIENTED_EDGE('',*,*,#4541,.F.);
#4541 = EDGE_CURVE('',#1486,#2143,#4542,.T.);
#4542 = SURFACE_CURVE('',#4543,(#4566,#4573),.PCURVE_S1.);
#4543 = ( BOUNDED_CURVE() B_SPLINE_CURVE(3,(#4544,#4545,#4546,#4547,
    #4548,#4549,#4550,#4551,#4552,#4553,#4554,#4555,#4556,#4557,#4558,
    #4559,#4560,#4561,#4562,#4563,#4564,#4565),.UNSPECIFIED.,.F.,.F.) 
B_SPLINE_CURVE_WITH_KNOTS((4,1,1,1,1,1,1,1,1,1,1,1,1,1,1,1,1,1,1,4),(0.,
    5.24163189288E-02,0.104832637858,0.157248956786,0.209665275715,
    0.262081594644,0.314497913573,0.366914232502,0.41933055143,
    0.471746870359,0.524163189288,0.576579508217,0.628995827146,
    0.681412146074,0.733828465003,0.786244783932,0.838661102861,
0.89107742179,0.943493740718,1.),.UNSPECIFIED.) CURVE() 
GEOMETRIC_REPRESENTATION_ITEM() RATIONAL_B_SPLINE_CURVE((1.,
    0.999999999991,1.000000000004,0.999999999999,1.,1.,1.,1.,1.,1.,1.,1.
    ,1.,1.,1.,1.,1.,0.999999999999,1.000000000003,0.99999999999,
1.000000000024,1.)) REPRESENTATION_ITEM('') );
#4544 = CARTESIAN_POINT('',(0.429237215927,7.918150939456,0.316672640451
    ));
#4545 = CARTESIAN_POINT('',(0.633548694081,7.918150939541,
    -0.479241307154));
#4546 = CARTESIAN_POINT('',(1.022072130625,7.918150939417,
    -2.076180354508));
#4547 = CARTESIAN_POINT('',(1.544169765686,7.918150939467,
    -4.485583242015));
#4548 = CARTESIAN_POINT('',(2.00525141639,7.918150939453,-6.907392748866
    ));
#4549 = CARTESIAN_POINT('',(2.405021705511,7.918150939457,
    -9.340077471765));
#4550 = CARTESIAN_POINT('',(2.743225937044,7.918150939456,
    -11.78208186532));
#4551 = CARTESIAN_POINT('',(3.019648255032,7.918150939456,
    -14.23184904751));
#4552 = CARTESIAN_POINT('',(3.234112390488,7.918150939456,
    -16.68781595345));
#4553 = CARTESIAN_POINT('',(3.386481340616,7.918150939456,
    -19.14841587701));
#4554 = CARTESIAN_POINT('',(3.476658579912,7.918150939456,
    -21.61207913188));
#4555 = CARTESIAN_POINT('',(3.50458406016,7.918150939456,-24.07723386202
    ));
#4556 = CARTESIAN_POINT('',(3.470249371362,7.918150939456,-26.5423081466
    ));
#4557 = CARTESIAN_POINT('',(3.373641318202,7.918150939456,
    -29.00572678485));
#4558 = CARTESIAN_POINT('',(3.214952521442,7.918150939456,-31.4659280705
    ));
#4559 = CARTESIAN_POINT('',(2.993795352027,7.918150939456,
    -33.92130592792));
#4560 = CARTESIAN_POINT('',(2.712135357448,7.918150939456,
    -36.37043060756));
#4561 = CARTESIAN_POINT('',(2.36334323454,7.918150939458,-38.8112297749)
  );
#4562 = CARTESIAN_POINT('',(1.97305297271,7.91815093945,-41.24404945396)
  );
#4563 = CARTESIAN_POINT('',(1.432985920279,7.918150939481,
    -43.72307852034));
#4564 = CARTESIAN_POINT('',(1.225406107867,7.918150939398,
    -45.40270856274));
#4565 = CARTESIAN_POINT('',(2.163809458464,7.918150939456,-46.3507392674
    ));
#4566 = PCURVE('',#1499,#4567);
#4567 = DEFINITIONAL_REPRESENTATION('',(#4568),#4572);
#4568 = LINE('',#4569,#4570);
#4569 = CARTESIAN_POINT('',(8.,0.));
#4570 = VECTOR('',#4571,1.);
#4571 = DIRECTION('',(0.,1.));
#4572 = ( GEOMETRIC_REPRESENTATION_CONTEXT(2) 
PARAMETRIC_REPRESENTATION_CONTEXT() REPRESENTATION_CONTEXT('2D SPACE',''
  ) );
#4573 = PCURVE('',#1565,#4574);
#4574 = DEFINITIONAL_REPRESENTATION('',(#4575),#4579);
#4575 = LINE('',#4576,#4577);
#4576 = CARTESIAN_POINT('',(8.,0.));
#4577 = VECTOR('',#4578,1.);
#4578 = DIRECTION('',(0.,1.));
#4579 = ( GEOMETRIC_REPRESENTATION_CONTEXT(2) 
PARAMETRIC_REPRESENTATION_CONTEXT() REPRESENTATION_CONTEXT('2D SPACE',''
  ) );
#4580 = ADVANCED_FACE('',(#4581),#1565,.T.);
#4581 = FACE_BOUND('',#4582,.T.);
#4582 = EDGE_LOOP('',(#4583,#4584,#4585,#4586));
#4583 = ORIENTED_EDGE('',*,*,#1551,.T.);
#4584 = ORIENTED_EDGE('',*,*,#4541,.T.);
#4585 = ORIENTED_EDGE('',*,*,#2142,.F.);
#4586 = ORIENTED_EDGE('',*,*,#4587,.F.);
#4587 = EDGE_CURVE('',#1552,#2122,#4588,.T.);
#4588 = SURFACE_CURVE('',#4589,(#4612,#4619),.PCURVE_S1.);
#4589 = ( BOUNDED_CURVE() B_SPLINE_CURVE(3,(#4590,#4591,#4592,#4593,
    #4594,#4595,#4596,#4597,#4598,#4599,#4600,#4601,#4602,#4603,#4604,
    #4605,#4606,#4607,#4608,#4609,#4610,#4611),.UNSPECIFIED.,.F.,.F.) 
B_SPLINE_CURVE_WITH_KNOTS((4,1,1,1,1,1,1,1,1,1,1,1,1,1,1,1,1,1,1,4),(0.,
    5.24163189288E-02,0.104832637858,0.157248956786,0.209665275715,
    0.262081594644,0.314497913573,0.366914232502,0.41933055143,
    0.471746870359,0.524163189288,0.576579508217,0.628995827146,
    0.681412146074,0.733828465003,0.786244783932,0.838661102861,
0.89107742179,0.943493740718,1.),.UNSPECIFIED.) CURVE() 
GEOMETRIC_REPRESENTATION_ITEM() RATIONAL_B_SPLINE_CURVE((1.,
    0.999999999991,1.000000000004,0.999999999999,1.,1.,1.,1.,1.,1.,1.,1.
    ,1.,1.,1.,1.,1.,0.999999999999,1.000000000003,0.99999999999,
1.000000000024,1.)) REPRESENTATION_ITEM('') );
#4590 = CARTESIAN_POINT('',(0.345411239982,7.842253967444,0.295153948565
    ));
#4591 = CARTESIAN_POINT('',(0.549541544879,7.842253967417,
    -0.500054222851));
#4592 = CARTESIAN_POINT('',(0.937720458688,7.842253967457,-2.09557718515
    ));
#4593 = CARTESIAN_POINT('',(1.459355123842,7.842253967441,
    -4.502843535914));
#4594 = CARTESIAN_POINT('',(1.920027910647,7.842253967445,-6.92250550438
    ));
#4595 = CARTESIAN_POINT('',(2.319443703657,7.842253967444,
    -9.353033045323));
#4596 = CARTESIAN_POINT('',(2.657348032761,7.842253967444,
    -11.79287199271));
#4597 = CARTESIAN_POINT('',(2.933525233389,7.842253967444,
    -14.24046684507));
#4598 = CARTESIAN_POINT('',(3.147799192906,7.842253967444,
    -16.69425592359));
#4599 = CARTESIAN_POINT('',(3.300033029847,7.842253967444,
    -19.15267391138));
#4600 = CARTESIAN_POINT('',(3.390130304881,7.842253967444,
    -21.61415251418));
#4601 = CARTESIAN_POINT('',(3.418031020882,7.842253967444,
    -24.07712126928));
#4602 = CARTESIAN_POINT('',(3.383726783359,7.842253967444,
    -26.54000965163));
#4603 = CARTESIAN_POINT('',(3.287204378656,7.842253967444,
    -29.00124385029));
#4604 = CARTESIAN_POINT('',(3.128656368841,7.842253967444,-31.4592635699
    ));
#4605 = CARTESIAN_POINT('',(2.907695050184,7.842253967444,
    -33.91246406169));
#4606 = CARTESIAN_POINT('',(2.626285788737,7.842253967446,
    -36.35941720725));
#4607 = CARTESIAN_POINT('',(2.27779933223,7.842253967438,-38.79805115367
    ));
#4608 = CARTESIAN_POINT('',(1.88786868818,7.842253967468,-41.22871667902
    ));
#4609 = CARTESIAN_POINT('',(1.348228739286,7.842253967352,
    -43.70553541382));
#4610 = CARTESIAN_POINT('',(1.140969969825,7.842253967659,
    -45.38370791786));
#4611 = CARTESIAN_POINT('',(2.079517500306,7.842253967444,
    -46.33112513644));
#4612 = PCURVE('',#1565,#4613);
#4613 = DEFINITIONAL_REPRESENTATION('',(#4614),#4618);
#4614 = LINE('',#4615,#4616);
#4615 = CARTESIAN_POINT('',(7.,0.));
#4616 = VECTOR('',#4617,1.);
#4617 = DIRECTION('',(0.,1.));
#4618 = ( GEOMETRIC_REPRESENTATION_CONTEXT(2) 
PARAMETRIC_REPRESENTATION_CONTEXT() REPRESENTATION_CONTEXT('2D SPACE',''
  ) );
#4619 = PCURVE('',#1631,#4620);
#4620 = DEFINITIONAL_REPRESENTATION('',(#4621),#4625);
#4621 = LINE('',#4622,#4623);
#4622 = CARTESIAN_POINT('',(7.,0.));
#4623 = VECTOR('',#4624,1.);
#4624 = DIRECTION('',(0.,1.));
#4625 = ( GEOMETRIC_REPRESENTATION_CONTEXT(2) 
PARAMETRIC_REPRESENTATION_CONTEXT() REPRESENTATION_CONTEXT('2D SPACE',''
  ) );
#4626 = ADVANCED_FACE('',(#4627),#1631,.T.);
#4627 = FACE_BOUND('',#4628,.T.);
#4628 = EDGE_LOOP('',(#4629,#4630,#4631,#4632));
#4629 = ORIENTED_EDGE('',*,*,#1617,.T.);
#4630 = ORIENTED_EDGE('',*,*,#4587,.T.);
#4631 = ORIENTED_EDGE('',*,*,#2121,.F.);
#4632 = ORIENTED_EDGE('',*,*,#4633,.F.);
#4633 = EDGE_CURVE('',#1618,#2101,#4634,.T.);
#4634 = SURFACE_CURVE('',#4635,(#4658,#4665),.PCURVE_S1.);
#4635 = ( BOUNDED_CURVE() B_SPLINE_CURVE(3,(#4636,#4637,#4638,#4639,
    #4640,#4641,#4642,#4643,#4644,#4645,#4646,#4647,#4648,#4649,#4650,
    #4651,#4652,#4653,#4654,#4655,#4656,#4657),.UNSPECIFIED.,.F.,.F.) 
B_SPLINE_CURVE_WITH_KNOTS((4,1,1,1,1,1,1,1,1,1,1,1,1,1,1,1,1,1,1,4),(0.,
    5.24163189288E-02,0.104832637858,0.157248956786,0.209665275715,
    0.262081594644,0.314497913573,0.366914232502,0.41933055143,
    0.471746870359,0.524163189288,0.576579508217,0.628995827146,
    0.681412146074,0.733828465003,0.786244783932,0.838661102861,
0.89107742179,0.943493740718,1.),.UNSPECIFIED.) CURVE() 
GEOMETRIC_REPRESENTATION_ITEM() RATIONAL_B_SPLINE_CURVE((1.,
    0.999999999991,1.000000000004,0.999999999999,1.,1.,1.,1.,1.,1.,1.,1.
    ,1.,1.,1.,1.,1.,0.999999999999,1.000000000003,0.99999999999,
1.000000000024,1.)) REPRESENTATION_ITEM('') );
#4636 = CARTESIAN_POINT('',(0.271897832091,7.755710057528,0.276282562266
    ));
#4637 = CARTESIAN_POINT('',(0.47586925256,7.755710057473,-0.518306659657
    ));
#4638 = CARTESIAN_POINT('',(0.863746027668,7.755710057553,
    -2.112587749259));
#4639 = CARTESIAN_POINT('',(1.384974679258,7.755710057521,
    -4.517980407359));
#4640 = CARTESIAN_POINT('',(1.845288902008,7.755710057529,-6.93575903527
    ));
#4641 = CARTESIAN_POINT('',(2.244393810283,7.755710057527,
    -9.364394778394));
#4642 = CARTESIAN_POINT('',(2.582035132012,7.755710057528,
    -11.80233468045));
#4643 = CARTESIAN_POINT('',(2.857997370486,7.755710057528,
    -14.24802445069));
#4644 = CARTESIAN_POINT('',(3.072104550181,7.755710057528,
    -16.69990362583));
#4645 = CARTESIAN_POINT('',(3.224219896038,7.755710057528,
    -19.15640810729));
#4646 = CARTESIAN_POINT('',(3.314247044295,7.755710057528,
    -21.61597082164));
#4647 = CARTESIAN_POINT('',(3.342126042634,7.755710057528,
    -24.07702252809));
#4648 = CARTESIAN_POINT('',(3.307848510162,7.755710057528,
    -26.53799392564));
#4649 = CARTESIAN_POINT('',(3.211401217141,7.755710057528,
    -28.99731242219));
#4650 = CARTESIAN_POINT('',(3.052976674164,7.755710057528,
    -31.45341895975));
#4651 = CARTESIAN_POINT('',(2.832187112012,7.755710057527,
    -33.90470995311));
#4652 = CARTESIAN_POINT('',(2.550997737617,7.755710057529,-36.3497587144
    ));
#4653 = CARTESIAN_POINT('',(2.202779343361,7.755710057524,
    -38.78649381302));
#4654 = CARTESIAN_POINT('',(1.813164075595,7.755710057541,
    -41.21527019634));
#4655 = CARTESIAN_POINT('',(1.273898686623,7.755710057477,
    -43.69015052213));
#4656 = CARTESIAN_POINT('',(1.066921463814,7.755710057645,
    -45.36704479993));
#4657 = CARTESIAN_POINT('',(2.005595436981,7.755710057528,
    -46.31392400524));
#4658 = PCURVE('',#1631,#4659);
#4659 = DEFINITIONAL_REPRESENTATION('',(#4660),#4664);
#4660 = LINE('',#4661,#4662);
#4661 = CARTESIAN_POINT('',(6.,0.));
#4662 = VECTOR('',#4663,1.);
#4663 = DIRECTION('',(0.,1.));
#4664 = ( GEOMETRIC_REPRESENTATION_CONTEXT(2) 
PARAMETRIC_REPRESENTATION_CONTEXT() REPRESENTATION_CONTEXT('2D SPACE',''
  ) );
#4665 = PCURVE('',#1697,#4666);
#4666 = DEFINITIONAL_REPRESENTATION('',(#4667),#4671);
#4667 = LINE('',#4668,#4669);
#4668 = CARTESIAN_POINT('',(6.,0.));
#4669 = VECTOR('',#4670,1.);
#4670 = DIRECTION('',(0.,1.));
#4671 = ( GEOMETRIC_REPRESENTATION_CONTEXT(2) 
PARAMETRIC_REPRESENTATION_CONTEXT() REPRESENTATION_CONTEXT('2D SPACE',''
  ) );
#4672 = ADVANCED_FACE('',(#4673),#1697,.T.);
#4673 = FACE_BOUND('',#4674,.T.);
#4674 = EDGE_LOOP('',(#4675,#4676,#4677,#4678));
#4675 = ORIENTED_EDGE('',*,*,#1683,.T.);
#4676 = ORIENTED_EDGE('',*,*,#4633,.T.);
#4677 = ORIENTED_EDGE('',*,*,#2100,.F.);
#4678 = ORIENTED_EDGE('',*,*,#4679,.F.);
#4679 = EDGE_CURVE('',#1684,#2080,#4680,.T.);
#4680 = SURFACE_CURVE('',#4681,(#4704,#4711),.PCURVE_S1.);
#4681 = ( BOUNDED_CURVE() B_SPLINE_CURVE(3,(#4682,#4683,#4684,#4685,
    #4686,#4687,#4688,#4689,#4690,#4691,#4692,#4693,#4694,#4695,#4696,
    #4697,#4698,#4699,#4700,#4701,#4702,#4703),.UNSPECIFIED.,.F.,.F.) 
B_SPLINE_CURVE_WITH_KNOTS((4,1,1,1,1,1,1,1,1,1,1,1,1,1,1,1,1,1,1,4),(0.,
    5.24163189288E-02,0.104832637858,0.157248956786,0.209665275715,
    0.262081594644,0.314497913573,0.366914232502,0.41933055143,
    0.471746870359,0.524163189288,0.576579508217,0.628995827146,
    0.681412146074,0.733828465003,0.786244783932,0.838661102861,
0.89107742179,0.943493740718,1.),.UNSPECIFIED.) CURVE() 
GEOMETRIC_REPRESENTATION_ITEM() RATIONAL_B_SPLINE_CURVE((1.,
    0.999999999991,1.000000000004,0.999999999999,1.,1.,1.,1.,1.,1.,1.,1.
    ,1.,1.,1.,1.,1.,0.999999999999,1.000000000003,0.99999999999,
1.000000000024,1.)) REPRESENTATION_ITEM('') );
#4682 = CARTESIAN_POINT('',(0.209954827044,7.66,0.260381376207));
#4683 = CARTESIAN_POINT('',(0.413792370064,7.659999999977,-0.53368631431
    ));
#4684 = CARTESIAN_POINT('',(0.801414560777,7.660000000011,
    -2.126920990906));
#4685 = CARTESIAN_POINT('',(1.322301101914,7.659999999997,
    -4.530734860408));
#4686 = CARTESIAN_POINT('',(1.782313195646,7.660000000001,
    -6.946926569914));
#4687 = CARTESIAN_POINT('',(2.181156149869,7.66,-9.373968268584));
#4688 = CARTESIAN_POINT('',(2.518575859412,7.66,-11.81030801935));
#4689 = CARTESIAN_POINT('',(2.794356968998,7.66,-14.25439255165));
#4690 = CARTESIAN_POINT('',(3.008323618636,7.66,-16.70466242641));
#4691 = CARTESIAN_POINT('',(3.160339122926,7.66,-19.15955457164));
#4692 = CARTESIAN_POINT('',(3.250307181782,7.66,-21.61750294254));
#4693 = CARTESIAN_POINT('',(3.27816788064,7.66,-24.07693932795));
#4694 = CARTESIAN_POINT('',(3.243912850065,7.66,-26.53629545827));
#4695 = CARTESIAN_POINT('',(3.147528846768,7.66,-28.99399976839));
#4696 = CARTESIAN_POINT('',(2.989208337968,7.66,-31.44849424293));
#4697 = CARTESIAN_POINT('',(2.768563499266,7.66,-33.89817627713));
#4698 = CARTESIAN_POINT('',(2.487559403522,7.659999999999,
    -36.34162038849));
#4699 = CARTESIAN_POINT('',(2.139566880722,7.660000000003,
    -38.77675550231));
#4700 = CARTESIAN_POINT('',(1.750217351663,7.65999999999,-41.20394007874
    ));
#4701 = CARTESIAN_POINT('',(1.211267569811,7.660000000038,
    -43.67718708585));
#4702 = CARTESIAN_POINT('',(1.004527580979,7.659999999912,
    -45.35300431764));
#4703 = CARTESIAN_POINT('',(1.943308095488,7.66,-46.29943018994));
#4704 = PCURVE('',#1697,#4705);
#4705 = DEFINITIONAL_REPRESENTATION('',(#4706),#4710);
#4706 = LINE('',#4707,#4708);
#4707 = CARTESIAN_POINT('',(5.,0.));
#4708 = VECTOR('',#4709,1.);
#4709 = DIRECTION('',(0.,1.));
#4710 = ( GEOMETRIC_REPRESENTATION_CONTEXT(2) 
PARAMETRIC_REPRESENTATION_CONTEXT() REPRESENTATION_CONTEXT('2D SPACE',''
  ) );
#4711 = PCURVE('',#1763,#4712);
#4712 = DEFINITIONAL_REPRESENTATION('',(#4713),#4717);
#4713 = LINE('',#4714,#4715);
#4714 = CARTESIAN_POINT('',(5.,0.));
#4715 = VECTOR('',#4716,1.);
#4716 = DIRECTION('',(0.,1.));
#4717 = ( GEOMETRIC_REPRESENTATION_CONTEXT(2) 
PARAMETRIC_REPRESENTATION_CONTEXT() REPRESENTATION_CONTEXT('2D SPACE',''
  ) );
#4718 = ADVANCED_FACE('',(#4719),#1763,.T.);
#4719 = FACE_BOUND('',#4720,.T.);
#4720 = EDGE_LOOP('',(#4721,#4722,#4723,#4724));
#4721 = ORIENTED_EDGE('',*,*,#1749,.T.);
#4722 = ORIENTED_EDGE('',*,*,#4679,.T.);
#4723 = ORIENTED_EDGE('',*,*,#2079,.F.);
#4724 = ORIENTED_EDGE('',*,*,#4725,.F.);
#4725 = EDGE_CURVE('',#1750,#2059,#4726,.T.);
#4726 = SURFACE_CURVE('',#4727,(#4750,#4757),.PCURVE_S1.);
#4727 = ( BOUNDED_CURVE() B_SPLINE_CURVE(3,(#4728,#4729,#4730,#4731,
    #4732,#4733,#4734,#4735,#4736,#4737,#4738,#4739,#4740,#4741,#4742,
    #4743,#4744,#4745,#4746,#4747,#4748,#4749),.UNSPECIFIED.,.F.,.F.) 
B_SPLINE_CURVE_WITH_KNOTS((4,1,1,1,1,1,1,1,1,1,1,1,1,1,1,1,1,1,1,4),(0.,
    5.24163189288E-02,0.104832637858,0.157248956786,0.209665275715,
    0.262081594644,0.314497913573,0.366914232502,0.41933055143,
    0.471746870359,0.524163189288,0.576579508217,0.628995827146,
    0.681412146074,0.733828465003,0.786244783932,0.838661102861,
0.89107742179,0.943493740718,1.),.UNSPECIFIED.) CURVE() 
GEOMETRIC_REPRESENTATION_ITEM() RATIONAL_B_SPLINE_CURVE((1.,
    0.999999999991,1.000000000004,0.999999999999,1.,1.,1.,1.,1.,1.,1.,1.
    ,1.,1.,1.,1.,1.,0.999999999999,1.000000000003,0.99999999999,
1.000000000024,1.)) REPRESENTATION_ITEM('') );
#4728 = CARTESIAN_POINT('',(0.160642086832,7.556761420481,0.247722464089
    ));
#4729 = CARTESIAN_POINT('',(0.364373050163,7.556761420629,
    -0.545930036061));
#4730 = CARTESIAN_POINT('',(0.751792566648,7.556761420413,
    -2.138331664629));
#4731 = CARTESIAN_POINT('',(1.272406754107,7.5567614205,-4.540888662757)
  );
#4732 = CARTESIAN_POINT('',(1.732178323354,7.556761420476,
    -6.955817028718));
#4733 = CARTESIAN_POINT('',(2.130812736319,7.556761420483,
    -9.381589710818));
#4734 = CARTESIAN_POINT('',(2.468056020709,7.556761420481,
    -11.81665558337));
#4735 = CARTESIAN_POINT('',(2.743692933839,7.556761420481,
    -14.25946218797));
#4736 = CARTESIAN_POINT('',(2.957547707694,7.556761420481,
    -16.70845090093));
#4737 = CARTESIAN_POINT('',(3.109483728251,7.556761420481,
    -19.16205946752));
#4738 = CARTESIAN_POINT('',(3.199404746118,7.556761420481,
    -21.61872266186));
#4739 = CARTESIAN_POINT('',(3.227250876783,7.556761420481,
    -24.07687309244));
#4740 = CARTESIAN_POINT('',(3.193013759938,7.556761420481,
    -26.53494331075));
#4741 = CARTESIAN_POINT('',(3.096680141501,7.556761420481,-28.9913625693
    ));
#4742 = CARTESIAN_POINT('',(2.938442454165,7.556761420481,
    -31.44457368271));
#4743 = CARTESIAN_POINT('',(2.717912829601,7.556761420481,
    -33.89297482677));
#4744 = CARTESIAN_POINT('',(2.43705623393,7.556761420482,-36.33514147855
    ));
#4745 = CARTESIAN_POINT('',(2.089243527095,7.55676142048,-38.76900284667
    ));
#4746 = CARTESIAN_POINT('',(1.700105552206,7.556761420485,
    -41.19492018793));
#4747 = CARTESIAN_POINT('',(1.161407024917,7.556761420468,
    -43.66686691201));
#4748 = CARTESIAN_POINT('',(0.954855897264,7.556761420513,
    -45.34182670976));
#4749 = CARTESIAN_POINT('',(1.893721229511,7.556761420481,
    -46.28789168372));
#4750 = PCURVE('',#1763,#4751);
#4751 = DEFINITIONAL_REPRESENTATION('',(#4752),#4756);
#4752 = LINE('',#4753,#4754);
#4753 = CARTESIAN_POINT('',(4.,0.));
#4754 = VECTOR('',#4755,1.);
#4755 = DIRECTION('',(0.,1.));
#4756 = ( GEOMETRIC_REPRESENTATION_CONTEXT(2) 
PARAMETRIC_REPRESENTATION_CONTEXT() REPRESENTATION_CONTEXT('2D SPACE',''
  ) );
#4757 = PCURVE('',#1829,#4758);
#4758 = DEFINITIONAL_REPRESENTATION('',(#4759),#4763);
#4759 = LINE('',#4760,#4761);
#4760 = CARTESIAN_POINT('',(4.,0.));
#4761 = VECTOR('',#4762,1.);
#4762 = DIRECTION('',(0.,1.));
#4763 = ( GEOMETRIC_REPRESENTATION_CONTEXT(2) 
PARAMETRIC_REPRESENTATION_CONTEXT() REPRESENTATION_CONTEXT('2D SPACE',''
  ) );
#4764 = ADVANCED_FACE('',(#4765),#1829,.T.);
#4765 = FACE_BOUND('',#4766,.T.);
#4766 = EDGE_LOOP('',(#4767,#4768,#4769,#4770));
#4767 = ORIENTED_EDGE('',*,*,#1815,.T.);
#4768 = ORIENTED_EDGE('',*,*,#4725,.T.);
#4769 = ORIENTED_EDGE('',*,*,#2058,.F.);
#4770 = ORIENTED_EDGE('',*,*,#4771,.F.);
#4771 = EDGE_CURVE('',#1816,#2038,#4772,.T.);
#4772 = SURFACE_CURVE('',#4773,(#4796,#4803),.PCURVE_S1.);
#4773 = ( BOUNDED_CURVE() B_SPLINE_CURVE(3,(#4774,#4775,#4776,#4777,
    #4778,#4779,#4780,#4781,#4782,#4783,#4784,#4785,#4786,#4787,#4788,
    #4789,#4790,#4791,#4792,#4793,#4794,#4795),.UNSPECIFIED.,.F.,.F.) 
B_SPLINE_CURVE_WITH_KNOTS((4,1,1,1,1,1,1,1,1,1,1,1,1,1,1,1,1,1,1,4),(0.,
    5.24163189288E-02,0.104832637858,0.157248956786,0.209665275715,
    0.262081594644,0.314497913573,0.366914232502,0.41933055143,
    0.471746870359,0.524163189288,0.576579508217,0.628995827146,
    0.681412146074,0.733828465003,0.786244783932,0.838661102861,
0.89107742179,0.943493740718,1.),.UNSPECIFIED.) CURVE() 
GEOMETRIC_REPRESENTATION_ITEM() RATIONAL_B_SPLINE_CURVE((1.,
    0.999999999991,1.000000000004,0.999999999999,1.,1.,1.,1.,1.,1.,1.,1.
    ,1.,1.,1.,1.,1.,0.999999999999,1.000000000003,0.99999999999,
1.000000000024,1.)) REPRESENTATION_ITEM('') );
#4774 = CARTESIAN_POINT('',(0.124803366113,7.44776075969,0.238522423408)
  );
#4775 = CARTESIAN_POINT('',(0.328456871222,7.447760759821,
    -0.554828331048));
#4776 = CARTESIAN_POINT('',(0.715729091314,7.44776075963,-2.146624530817
    ));
#4777 = CARTESIAN_POINT('',(1.236145341974,7.447760759706,
    -4.548268079987));
#4778 = CARTESIAN_POINT('',(1.695742106693,7.447760759686,-6.96227829348
    ));
#4779 = CARTESIAN_POINT('',(2.094224959397,7.447760759691,
    -9.387128700101));
#4780 = CARTESIAN_POINT('',(2.431340024349,7.44776075969,-11.82126876392
    ));
#4781 = CARTESIAN_POINT('',(2.706872140697,7.44776075969,-14.26314661677
    ));
#4782 = CARTESIAN_POINT('',(2.920645607269,7.44776075969,-16.71120422756
    ));
#4783 = CARTESIAN_POINT('',(3.072523861916,7.44776075969,-19.1638799355)
  );
#4784 = CARTESIAN_POINT('',(3.162410692088,7.44776075969,-21.61960910987
    ));
#4785 = CARTESIAN_POINT('',(3.190246235117,7.44776075969,-24.07682495485
    ));
#4786 = CARTESIAN_POINT('',(3.156022137323,7.44776075969,-26.53396061871
    ));
#4787 = CARTESIAN_POINT('',(3.059725136786,7.44776075969,-28.98944594814
    ));
#4788 = CARTESIAN_POINT('',(2.901547641103,7.44776075969,-31.44172436097
    ));
#4789 = CARTESIAN_POINT('',(2.681101750018,7.447760759691,
    -33.88919460029));
#4790 = CARTESIAN_POINT('',(2.400352352082,7.447760759689,
    -36.33043284053));
#4791 = CARTESIAN_POINT('',(2.052670328994,7.447760759696,
    -38.76336849622));
#4792 = CARTESIAN_POINT('',(1.663686104081,7.447760759667,
    -41.18836485666));
#4793 = CARTESIAN_POINT('',(1.1251701794,7.447760759779,-43.65936658194)
  );
#4794 = CARTESIAN_POINT('',(0.918756309622,7.447760759483,
    -45.33370322758));
#4795 = CARTESIAN_POINT('',(1.857683284073,7.44776075969,-46.27950591363
    ));
#4796 = PCURVE('',#1829,#4797);
#4797 = DEFINITIONAL_REPRESENTATION('',(#4798),#4802);
#4798 = LINE('',#4799,#4800);
#4799 = CARTESIAN_POINT('',(3.,0.));
#4800 = VECTOR('',#4801,1.);
#4801 = DIRECTION('',(0.,1.));
#4802 = ( GEOMETRIC_REPRESENTATION_CONTEXT(2) 
PARAMETRIC_REPRESENTATION_CONTEXT() REPRESENTATION_CONTEXT('2D SPACE',''
  ) );
#4803 = PCURVE('',#1895,#4804);
#4804 = DEFINITIONAL_REPRESENTATION('',(#4805),#4809);
#4805 = LINE('',#4806,#4807);
#4806 = CARTESIAN_POINT('',(3.,0.));
#4807 = VECTOR('',#4808,1.);
#4808 = DIRECTION('',(0.,1.));
#4809 = ( GEOMETRIC_REPRESENTATION_CONTEXT(2) 
PARAMETRIC_REPRESENTATION_CONTEXT() REPRESENTATION_CONTEXT('2D SPACE',''
  ) );
#4810 = ADVANCED_FACE('',(#4811),#1895,.T.);
#4811 = FACE_BOUND('',#4812,.T.);
#4812 = EDGE_LOOP('',(#4813,#4814,#4815,#4816));
#4813 = ORIENTED_EDGE('',*,*,#1881,.T.);
#4814 = ORIENTED_EDGE('',*,*,#4771,.T.);
#4815 = ORIENTED_EDGE('',*,*,#2037,.F.);
#4816 = ORIENTED_EDGE('',*,*,#1970,.F.);
#4817 = ADVANCED_FACE('',(#4818),#2873,.T.);
#4818 = FACE_BOUND('',#4819,.T.);
#4819 = EDGE_LOOP('',(#4820,#4821,#4844,#4871));
#4820 = ORIENTED_EDGE('',*,*,#2631,.F.);
#4821 = ORIENTED_EDGE('',*,*,#4822,.F.);
#4822 = EDGE_CURVE('',#4823,#2632,#4825,.T.);
#4823 = VERTEX_POINT('',#4824);
#4824 = CARTESIAN_POINT('',(16.194524276204,4.05,-7.988254330734));
#4825 = SEAM_CURVE('',#4826,(#4830,#4837),.PCURVE_S1.);
#4826 = LINE('',#4827,#4828);
#4827 = CARTESIAN_POINT('',(16.194524276204,4.05,-7.988254330734));
#4828 = VECTOR('',#4829,1.);
#4829 = DIRECTION('',(0.,1.,0.));
#4830 = PCURVE('',#2873,#4831);
#4831 = DEFINITIONAL_REPRESENTATION('',(#4832),#4836);
#4832 = LINE('',#4833,#4834);
#4833 = CARTESIAN_POINT('',(0.,-0.));
#4834 = VECTOR('',#4835,1.);
#4835 = DIRECTION('',(0.,1.));
#4836 = ( GEOMETRIC_REPRESENTATION_CONTEXT(2) 
PARAMETRIC_REPRESENTATION_CONTEXT() REPRESENTATION_CONTEXT('2D SPACE',''
  ) );
#4837 = PCURVE('',#2873,#4838);
#4838 = DEFINITIONAL_REPRESENTATION('',(#4839),#4843);
#4839 = LINE('',#4840,#4841);
#4840 = CARTESIAN_POINT('',(6.28318530718,-0.));
#4841 = VECTOR('',#4842,1.);
#4842 = DIRECTION('',(0.,1.));
#4843 = ( GEOMETRIC_REPRESENTATION_CONTEXT(2) 
PARAMETRIC_REPRESENTATION_CONTEXT() REPRESENTATION_CONTEXT('2D SPACE',''
  ) );
#4844 = ORIENTED_EDGE('',*,*,#4845,.T.);
#4845 = EDGE_CURVE('',#4823,#4823,#4846,.T.);
#4846 = SURFACE_CURVE('',#4847,(#4852,#4859),.PCURVE_S1.);
#4847 = CIRCLE('',#4848,1.8);
#4848 = AXIS2_PLACEMENT_3D('',#4849,#4850,#4851);
#4849 = CARTESIAN_POINT('',(16.194524276204,4.05,-9.788254330734));
#4850 = DIRECTION('',(0.,1.,0.));
#4851 = DIRECTION('',(0.,-0.,1.));
#4852 = PCURVE('',#2873,#4853);
#4853 = DEFINITIONAL_REPRESENTATION('',(#4854),#4858);
#4854 = LINE('',#4855,#4856);
#4855 = CARTESIAN_POINT('',(0.,0.));
#4856 = VECTOR('',#4857,1.);
#4857 = DIRECTION('',(1.,0.));
#4858 = ( GEOMETRIC_REPRESENTATION_CONTEXT(2) 
PARAMETRIC_REPRESENTATION_CONTEXT() REPRESENTATION_CONTEXT('2D SPACE',''
  ) );
#4859 = PCURVE('',#4860,#4865);
#4860 = PLANE('',#4861);
#4861 = AXIS2_PLACEMENT_3D('',#4862,#4863,#4864);
#4862 = CARTESIAN_POINT('',(16.194524276204,4.05,-9.788254330734));
#4863 = DIRECTION('',(0.,1.,0.));
#4864 = DIRECTION('',(0.,-0.,1.));
#4865 = DEFINITIONAL_REPRESENTATION('',(#4866),#4870);
#4866 = CIRCLE('',#4867,1.8);
#4867 = AXIS2_PLACEMENT_2D('',#4868,#4869);
#4868 = CARTESIAN_POINT('',(0.,0.));
#4869 = DIRECTION('',(1.,0.));
#4870 = ( GEOMETRIC_REPRESENTATION_CONTEXT(2) 
PARAMETRIC_REPRESENTATION_CONTEXT() REPRESENTATION_CONTEXT('2D SPACE',''
  ) );
#4871 = ORIENTED_EDGE('',*,*,#4822,.T.);
#4872 = ADVANCED_FACE('',(#4873),#3041,.F.);
#4873 = FACE_BOUND('',#4874,.F.);
#4874 = EDGE_LOOP('',(#4875,#4898,#4927,#4955,#4984,#5012,#5041,#5062));
#4875 = ORIENTED_EDGE('',*,*,#4876,.F.);
#4876 = EDGE_CURVE('',#4877,#3020,#4879,.T.);
#4877 = VERTEX_POINT('',#4878);
#4878 = CARTESIAN_POINT('',(5.855046988076,6.75,-0.147633915706));
#4879 = SURFACE_CURVE('',#4880,(#4884,#4891),.PCURVE_S1.);
#4880 = LINE('',#4881,#4882);
#4881 = CARTESIAN_POINT('',(5.855046988076,6.95,-0.147633915707));
#4882 = VECTOR('',#4883,1.);
#4883 = DIRECTION('',(0.,1.,0.));
#4884 = PCURVE('',#3041,#4885);
#4885 = DEFINITIONAL_REPRESENTATION('',(#4886),#4890);
#4886 = LINE('',#4887,#4888);
#4887 = CARTESIAN_POINT('',(0.,0.));
#4888 = VECTOR('',#4889,1.);
#4889 = DIRECTION('',(0.,1.));
#4890 = ( GEOMETRIC_REPRESENTATION_CONTEXT(2) 
PARAMETRIC_REPRESENTATION_CONTEXT() REPRESENTATION_CONTEXT('2D SPACE',''
  ) );
#4891 = PCURVE('',#3075,#4892);
#4892 = DEFINITIONAL_REPRESENTATION('',(#4893),#4897);
#4893 = LINE('',#4894,#4895);
#4894 = CARTESIAN_POINT('',(-3.35,0.));
#4895 = VECTOR('',#4896,1.);
#4896 = DIRECTION('',(0.,1.));
#4897 = ( GEOMETRIC_REPRESENTATION_CONTEXT(2) 
PARAMETRIC_REPRESENTATION_CONTEXT() REPRESENTATION_CONTEXT('2D SPACE',''
  ) );
#4898 = ORIENTED_EDGE('',*,*,#4899,.F.);
#4899 = EDGE_CURVE('',#4900,#4877,#4902,.T.);
#4900 = VERTEX_POINT('',#4901);
#4901 = CARTESIAN_POINT('',(5.751158158933,6.75,0.284491090618));
#4902 = SURFACE_CURVE('',#4903,(#4908,#4915),.PCURVE_S1.);
#4903 = CIRCLE('',#4904,102.75250594613);
#4904 = AXIS2_PLACEMENT_3D('',#4905,#4906,#4907);
#4905 = CARTESIAN_POINT('',(-94.10250594613,6.75,-23.95026170372));
#4906 = DIRECTION('',(0.,1.,0.));
#4907 = DIRECTION('',(0.971788115391,-0.,0.235855588836));
#4908 = PCURVE('',#3041,#4909);
#4909 = DEFINITIONAL_REPRESENTATION('',(#4910),#4914);
#4910 = LINE('',#4911,#4912);
#4911 = CARTESIAN_POINT('',(-4.32532606556E-03,-0.2));
#4912 = VECTOR('',#4913,1.);
#4913 = DIRECTION('',(1.,0.));
#4914 = ( GEOMETRIC_REPRESENTATION_CONTEXT(2) 
PARAMETRIC_REPRESENTATION_CONTEXT() REPRESENTATION_CONTEXT('2D SPACE',''
  ) );
#4915 = PCURVE('',#4916,#4921);
#4916 = PLANE('',#4917);
#4917 = AXIS2_PLACEMENT_3D('',#4918,#4919,#4920);
#4918 = CARTESIAN_POINT('',(-94.10250594613,6.75,-23.95026170372));
#4919 = DIRECTION('',(0.,1.,0.));
#4920 = DIRECTION('',(0.971788115391,-0.,0.235855588836));
#4921 = DEFINITIONAL_REPRESENTATION('',(#4922),#4926);
#4922 = CIRCLE('',#4923,102.75250594613);
#4923 = AXIS2_PLACEMENT_2D('',#4924,#4925);
#4924 = CARTESIAN_POINT('',(0.,0.));
#4925 = DIRECTION('',(1.,-1.080482674756E-17));
#4926 = ( GEOMETRIC_REPRESENTATION_CONTEXT(2) 
PARAMETRIC_REPRESENTATION_CONTEXT() REPRESENTATION_CONTEXT('2D SPACE',''
  ) );
#4927 = ORIENTED_EDGE('',*,*,#4928,.F.);
#4928 = EDGE_CURVE('',#4929,#4900,#4931,.T.);
#4929 = VERTEX_POINT('',#4930);
#4930 = CARTESIAN_POINT('',(5.751158158933,6.4,0.284491090618));
#4931 = SURFACE_CURVE('',#4932,(#4936,#4943),.PCURVE_S1.);
#4932 = LINE('',#4933,#4934);
#4933 = CARTESIAN_POINT('',(5.751158158933,6.575,0.284491090618));
#4934 = VECTOR('',#4935,1.);
#4935 = DIRECTION('',(0.,1.,0.));
#4936 = PCURVE('',#3041,#4937);
#4937 = DEFINITIONAL_REPRESENTATION('',(#4938),#4942);
#4938 = LINE('',#4939,#4940);
#4939 = CARTESIAN_POINT('',(-4.32532606556E-03,-0.375));
#4940 = VECTOR('',#4941,1.);
#4941 = DIRECTION('',(0.,1.));
#4942 = ( GEOMETRIC_REPRESENTATION_CONTEXT(2) 
PARAMETRIC_REPRESENTATION_CONTEXT() REPRESENTATION_CONTEXT('2D SPACE',''
  ) );
#4943 = PCURVE('',#4944,#4949);
#4944 = PLANE('',#4945);
#4945 = AXIS2_PLACEMENT_3D('',#4946,#4947,#4948);
#4946 = CARTESIAN_POINT('',(9.006648345492,6.575,1.07460731322));
#4947 = DIRECTION('',(-0.235855588836,0.,0.971788115391));
#4948 = DIRECTION('',(0.971788115391,0.,0.235855588836));
#4949 = DEFINITIONAL_REPRESENTATION('',(#4950),#4954);
#4950 = LINE('',#4951,#4952);
#4951 = CARTESIAN_POINT('',(-3.35,0.));
#4952 = VECTOR('',#4953,1.);
#4953 = DIRECTION('',(0.,1.));
#4954 = ( GEOMETRIC_REPRESENTATION_CONTEXT(2) 
PARAMETRIC_REPRESENTATION_CONTEXT() REPRESENTATION_CONTEXT('2D SPACE',''
  ) );
#4955 = ORIENTED_EDGE('',*,*,#4956,.T.);
#4956 = EDGE_CURVE('',#4929,#4957,#4959,.T.);
#4957 = VERTEX_POINT('',#4958);
#4958 = CARTESIAN_POINT('',(5.859947445251,6.4,-0.168222468503));
#4959 = SURFACE_CURVE('',#4960,(#4965,#4972),.PCURVE_S1.);
#4960 = CIRCLE('',#4961,102.75250594613);
#4961 = AXIS2_PLACEMENT_3D('',#4962,#4963,#4964);
#4962 = CARTESIAN_POINT('',(-94.10250594613,6.4,-23.95026170372));
#4963 = DIRECTION('',(0.,1.,0.));
#4964 = DIRECTION('',(0.971788115391,-0.,0.235855588836));
#4965 = PCURVE('',#3041,#4966);
#4966 = DEFINITIONAL_REPRESENTATION('',(#4967),#4971);
#4967 = LINE('',#4968,#4969);
#4968 = CARTESIAN_POINT('',(-4.32532606556E-03,-0.55));
#4969 = VECTOR('',#4970,1.);
#4970 = DIRECTION('',(1.,0.));
#4971 = ( GEOMETRIC_REPRESENTATION_CONTEXT(2) 
PARAMETRIC_REPRESENTATION_CONTEXT() REPRESENTATION_CONTEXT('2D SPACE',''
  ) );
#4972 = PCURVE('',#4973,#4978);
#4973 = PLANE('',#4974);
#4974 = AXIS2_PLACEMENT_3D('',#4975,#4976,#4977);
#4975 = CARTESIAN_POINT('',(-94.10250594613,6.4,-23.95026170372));
#4976 = DIRECTION('',(0.,1.,0.));
#4977 = DIRECTION('',(0.971788115391,-0.,0.235855588836));
#4978 = DEFINITIONAL_REPRESENTATION('',(#4979),#4983);
#4979 = CIRCLE('',#4980,102.75250594613);
#4980 = AXIS2_PLACEMENT_2D('',#4981,#4982);
#4981 = CARTESIAN_POINT('',(0.,0.));
#4982 = DIRECTION('',(1.,-1.080482674756E-17));
#4983 = ( GEOMETRIC_REPRESENTATION_CONTEXT(2) 
PARAMETRIC_REPRESENTATION_CONTEXT() REPRESENTATION_CONTEXT('2D SPACE',''
  ) );
#4984 = ORIENTED_EDGE('',*,*,#4985,.T.);
#4985 = EDGE_CURVE('',#4957,#4986,#4988,.T.);
#4986 = VERTEX_POINT('',#4987);
#4987 = CARTESIAN_POINT('',(5.859947445251,6.72,-0.168222468505));
#4988 = SURFACE_CURVE('',#4989,(#4993,#5000),.PCURVE_S1.);
#4989 = LINE('',#4990,#4991);
#4990 = CARTESIAN_POINT('',(5.859947445251,6.575,-0.168222468503));
#4991 = VECTOR('',#4992,1.);
#4992 = DIRECTION('',(0.,1.,0.));
#4993 = PCURVE('',#3041,#4994);
#4994 = DEFINITIONAL_REPRESENTATION('',(#4995),#4999);
#4995 = LINE('',#4996,#4997);
#4996 = CARTESIAN_POINT('',(2.059679078838E-04,-0.375));
#4997 = VECTOR('',#4998,1.);
#4998 = DIRECTION('',(0.,1.));
#4999 = ( GEOMETRIC_REPRESENTATION_CONTEXT(2) 
PARAMETRIC_REPRESENTATION_CONTEXT() REPRESENTATION_CONTEXT('2D SPACE',''
  ) );
#5000 = PCURVE('',#5001,#5006);
#5001 = PLANE('',#5002);
#5002 = AXIS2_PLACEMENT_3D('',#5003,#5004,#5005);
#5003 = CARTESIAN_POINT('',(9.118984446613,6.575,0.607134109951));
#5004 = DIRECTION('',(-0.231449724912,0.,0.972846866078));
#5005 = DIRECTION('',(0.972846866078,0.,0.231449724912));
#5006 = DEFINITIONAL_REPRESENTATION('',(#5007),#5011);
#5007 = LINE('',#5008,#5009);
#5008 = CARTESIAN_POINT('',(-3.35,0.));
#5009 = VECTOR('',#5010,1.);
#5010 = DIRECTION('',(0.,1.));
#5011 = ( GEOMETRIC_REPRESENTATION_CONTEXT(2) 
PARAMETRIC_REPRESENTATION_CONTEXT() REPRESENTATION_CONTEXT('2D SPACE',''
  ) );
#5012 = ORIENTED_EDGE('',*,*,#5013,.T.);
#5013 = EDGE_CURVE('',#4986,#5014,#5016,.T.);
#5014 = VERTEX_POINT('',#5015);
#5015 = CARTESIAN_POINT('',(5.952250165484,6.72,-0.559595666711));
#5016 = SURFACE_CURVE('',#5017,(#5022,#5029),.PCURVE_S1.);
#5017 = CIRCLE('',#5018,102.75250594613);
#5018 = AXIS2_PLACEMENT_3D('',#5019,#5020,#5021);
#5019 = CARTESIAN_POINT('',(-94.10250594613,6.72,-23.95026170372));
#5020 = DIRECTION('',(0.,1.,0.));
#5021 = DIRECTION('',(0.972799174228,-0.,0.231650095235));
#5022 = PCURVE('',#3041,#5023);
#5023 = DEFINITIONAL_REPRESENTATION('',(#5024),#5028);
#5024 = LINE('',#5025,#5026);
#5025 = CARTESIAN_POINT('',(0.,-0.23));
#5026 = VECTOR('',#5027,1.);
#5027 = DIRECTION('',(1.,0.));
#5028 = ( GEOMETRIC_REPRESENTATION_CONTEXT(2) 
PARAMETRIC_REPRESENTATION_CONTEXT() REPRESENTATION_CONTEXT('2D SPACE',''
  ) );
#5029 = PCURVE('',#5030,#5035);
#5030 = PLANE('',#5031);
#5031 = AXIS2_PLACEMENT_3D('',#5032,#5033,#5034);
#5032 = CARTESIAN_POINT('',(-94.10250594613,6.72,-23.95026170372));
#5033 = DIRECTION('',(0.,1.,0.));
#5034 = DIRECTION('',(0.972799174228,-0.,0.231650095235));
#5035 = DEFINITIONAL_REPRESENTATION('',(#5036),#5040);
#5036 = CIRCLE('',#5037,102.75250594613);
#5037 = AXIS2_PLACEMENT_2D('',#5038,#5039);
#5038 = CARTESIAN_POINT('',(0.,0.));
#5039 = DIRECTION('',(1.,-2.160965349511E-18));
#5040 = ( GEOMETRIC_REPRESENTATION_CONTEXT(2) 
PARAMETRIC_REPRESENTATION_CONTEXT() REPRESENTATION_CONTEXT('2D SPACE',''
  ) );
#5041 = ORIENTED_EDGE('',*,*,#5042,.T.);
#5042 = EDGE_CURVE('',#5014,#3022,#5043,.T.);
#5043 = SURFACE_CURVE('',#5044,(#5048,#5055),.PCURVE_S1.);
#5044 = LINE('',#5045,#5046);
#5045 = CARTESIAN_POINT('',(5.952250165484,6.95,-0.559595666711));
#5046 = VECTOR('',#5047,1.);
#5047 = DIRECTION('',(0.,1.,0.));
#5048 = PCURVE('',#3041,#5049);
#5049 = DEFINITIONAL_REPRESENTATION('',(#5050),#5054);
#5050 = LINE('',#5051,#5052);
#5051 = CARTESIAN_POINT('',(4.119358157676E-03,0.));
#5052 = VECTOR('',#5053,1.);
#5053 = DIRECTION('',(0.,1.));
#5054 = ( GEOMETRIC_REPRESENTATION_CONTEXT(2) 
PARAMETRIC_REPRESENTATION_CONTEXT() REPRESENTATION_CONTEXT('2D SPACE',''
  ) );
#5055 = PCURVE('',#3141,#5056);
#5056 = DEFINITIONAL_REPRESENTATION('',(#5057),#5061);
#5057 = LINE('',#5058,#5059);
#5058 = CARTESIAN_POINT('',(-3.35,0.));
#5059 = VECTOR('',#5060,1.);
#5060 = DIRECTION('',(0.,1.));
#5061 = ( GEOMETRIC_REPRESENTATION_CONTEXT(2) 
PARAMETRIC_REPRESENTATION_CONTEXT() REPRESENTATION_CONTEXT('2D SPACE',''
  ) );
#5062 = ORIENTED_EDGE('',*,*,#3019,.F.);
#5063 = ADVANCED_FACE('',(#5064),#3075,.T.);
#5064 = FACE_BOUND('',#5065,.T.);
#5065 = EDGE_LOOP('',(#5066,#5067,#5088,#5109));
#5066 = ORIENTED_EDGE('',*,*,#4876,.F.);
#5067 = ORIENTED_EDGE('',*,*,#5068,.F.);
#5068 = EDGE_CURVE('',#5069,#4877,#5071,.T.);
#5069 = VERTEX_POINT('',#5070);
#5070 = CARTESIAN_POINT('',(12.372801455401,6.75,1.404421722366));
#5071 = SURFACE_CURVE('',#5072,(#5076,#5082),.PCURVE_S1.);
#5072 = LINE('',#5073,#5074);
#5073 = CARTESIAN_POINT('',(-42.49429086219,6.75,-11.66093390019));
#5074 = VECTOR('',#5075,1.);
#5075 = DIRECTION('',(-0.972799174228,0.,-0.231650095235));
#5076 = PCURVE('',#3075,#5077);
#5077 = DEFINITIONAL_REPRESENTATION('',(#5078),#5081);
#5078 = B_SPLINE_CURVE_WITH_KNOTS('',1,(#5079,#5080),.UNSPECIFIED.,.F.,
  .F.,(2,2),(-56.40125297306,-49.70125297306),.PIECEWISE_BEZIER_KNOTS.);
#5079 = CARTESIAN_POINT('',(3.35,-0.2));
#5080 = CARTESIAN_POINT('',(-3.35,-0.2));
#5081 = ( GEOMETRIC_REPRESENTATION_CONTEXT(2) 
PARAMETRIC_REPRESENTATION_CONTEXT() REPRESENTATION_CONTEXT('2D SPACE',''
  ) );
#5082 = PCURVE('',#4916,#5083);
#5083 = DEFINITIONAL_REPRESENTATION('',(#5084),#5087);
#5084 = B_SPLINE_CURVE_WITH_KNOTS('',1,(#5085,#5086),.UNSPECIFIED.,.F.,
  .F.,(2,2),(-56.40125297306,-49.70125297306),.PIECEWISE_BEZIER_KNOTS.);
#5085 = CARTESIAN_POINT('',(109.4514821046,0.473416300759));
#5086 = CARTESIAN_POINT('',(102.7515447778,0.444436706481));
#5087 = ( GEOMETRIC_REPRESENTATION_CONTEXT(2) 
PARAMETRIC_REPRESENTATION_CONTEXT() REPRESENTATION_CONTEXT('2D SPACE',''
  ) );
#5088 = ORIENTED_EDGE('',*,*,#5089,.T.);
#5089 = EDGE_CURVE('',#5069,#3056,#5090,.T.);
#5090 = SURFACE_CURVE('',#5091,(#5095,#5102),.PCURVE_S1.);
#5091 = LINE('',#5092,#5093);
#5092 = CARTESIAN_POINT('',(12.372801455401,6.95,1.404421722365));
#5093 = VECTOR('',#5094,1.);
#5094 = DIRECTION('',(0.,1.,0.));
#5095 = PCURVE('',#3075,#5096);
#5096 = DEFINITIONAL_REPRESENTATION('',(#5097),#5101);
#5097 = LINE('',#5098,#5099);
#5098 = CARTESIAN_POINT('',(3.35,0.));
#5099 = VECTOR('',#5100,1.);
#5100 = DIRECTION('',(0.,1.));
#5101 = ( GEOMETRIC_REPRESENTATION_CONTEXT(2) 
PARAMETRIC_REPRESENTATION_CONTEXT() REPRESENTATION_CONTEXT('2D SPACE',''
  ) );
#5102 = PCURVE('',#3109,#5103);
#5103 = DEFINITIONAL_REPRESENTATION('',(#5104),#5108);
#5104 = LINE('',#5105,#5106);
#5105 = CARTESIAN_POINT('',(0.,0.));
#5106 = VECTOR('',#5107,1.);
#5107 = DIRECTION('',(0.,1.));
#5108 = ( GEOMETRIC_REPRESENTATION_CONTEXT(2) 
PARAMETRIC_REPRESENTATION_CONTEXT() REPRESENTATION_CONTEXT('2D SPACE',''
  ) );
#5109 = ORIENTED_EDGE('',*,*,#3055,.F.);
#5110 = ADVANCED_FACE('',(#5111),#3109,.T.);
#5111 = FACE_BOUND('',#5112,.T.);
#5112 = EDGE_LOOP('',(#5113,#5114,#5138,#5161,#5185,#5208,#5232,#5253));
#5113 = ORIENTED_EDGE('',*,*,#5089,.F.);
#5114 = ORIENTED_EDGE('',*,*,#5115,.F.);
#5115 = EDGE_CURVE('',#5116,#5069,#5118,.T.);
#5116 = VERTEX_POINT('',#5117);
#5117 = CARTESIAN_POINT('',(12.262138532051,6.75,1.864723535822));
#5118 = SURFACE_CURVE('',#5119,(#5124,#5131),.PCURVE_S1.);
#5119 = CIRCLE('',#5120,109.45250594613);
#5120 = AXIS2_PLACEMENT_3D('',#5121,#5122,#5123);
#5121 = CARTESIAN_POINT('',(-94.10250594613,6.75,-23.95026170372));
#5122 = DIRECTION('',(0.,1.,0.));
#5123 = DIRECTION('',(0.971788115391,-0.,0.235855588836));
#5124 = PCURVE('',#3109,#5125);
#5125 = DEFINITIONAL_REPRESENTATION('',(#5126),#5130);
#5126 = LINE('',#5127,#5128);
#5127 = CARTESIAN_POINT('',(-4.32532606556E-03,-0.2));
#5128 = VECTOR('',#5129,1.);
#5129 = DIRECTION('',(1.,0.));
#5130 = ( GEOMETRIC_REPRESENTATION_CONTEXT(2) 
PARAMETRIC_REPRESENTATION_CONTEXT() REPRESENTATION_CONTEXT('2D SPACE',''
  ) );
#5131 = PCURVE('',#4916,#5132);
#5132 = DEFINITIONAL_REPRESENTATION('',(#5133),#5137);
#5133 = CIRCLE('',#5134,109.45250594613);
#5134 = AXIS2_PLACEMENT_2D('',#5135,#5136);
#5135 = CARTESIAN_POINT('',(0.,0.));
#5136 = DIRECTION('',(1.,-1.217210714395E-17));
#5137 = ( GEOMETRIC_REPRESENTATION_CONTEXT(2) 
PARAMETRIC_REPRESENTATION_CONTEXT() REPRESENTATION_CONTEXT('2D SPACE',''
  ) );
#5138 = ORIENTED_EDGE('',*,*,#5139,.F.);
#5139 = EDGE_CURVE('',#5140,#5116,#5142,.T.);
#5140 = VERTEX_POINT('',#5141);
#5141 = CARTESIAN_POINT('',(12.262138532051,6.4,1.864723535822));
#5142 = SURFACE_CURVE('',#5143,(#5147,#5154),.PCURVE_S1.);
#5143 = LINE('',#5144,#5145);
#5144 = CARTESIAN_POINT('',(12.262138532051,6.575,1.864723535822));
#5145 = VECTOR('',#5146,1.);
#5146 = DIRECTION('',(0.,1.,0.));
#5147 = PCURVE('',#3109,#5148);
#5148 = DEFINITIONAL_REPRESENTATION('',(#5149),#5153);
#5149 = LINE('',#5150,#5151);
#5150 = CARTESIAN_POINT('',(-4.32532606556E-03,-0.375));
#5151 = VECTOR('',#5152,1.);
#5152 = DIRECTION('',(0.,1.));
#5153 = ( GEOMETRIC_REPRESENTATION_CONTEXT(2) 
PARAMETRIC_REPRESENTATION_CONTEXT() REPRESENTATION_CONTEXT('2D SPACE',''
  ) );
#5154 = PCURVE('',#4944,#5155);
#5155 = DEFINITIONAL_REPRESENTATION('',(#5156),#5160);
#5156 = LINE('',#5157,#5158);
#5157 = CARTESIAN_POINT('',(3.35,0.));
#5158 = VECTOR('',#5159,1.);
#5159 = DIRECTION('',(0.,1.));
#5160 = ( GEOMETRIC_REPRESENTATION_CONTEXT(2) 
PARAMETRIC_REPRESENTATION_CONTEXT() REPRESENTATION_CONTEXT('2D SPACE',''
  ) );
#5161 = ORIENTED_EDGE('',*,*,#5162,.T.);
#5162 = EDGE_CURVE('',#5140,#5163,#5165,.T.);
#5163 = VERTEX_POINT('',#5164);
#5164 = CARTESIAN_POINT('',(12.378021447975,6.4,1.382490688405));
#5165 = SURFACE_CURVE('',#5166,(#5171,#5178),.PCURVE_S1.);
#5166 = CIRCLE('',#5167,109.45250594613);
#5167 = AXIS2_PLACEMENT_3D('',#5168,#5169,#5170);
#5168 = CARTESIAN_POINT('',(-94.10250594613,6.4,-23.95026170372));
#5169 = DIRECTION('',(0.,1.,0.));
#5170 = DIRECTION('',(0.971788115391,-0.,0.235855588836));
#5171 = PCURVE('',#3109,#5172);
#5172 = DEFINITIONAL_REPRESENTATION('',(#5173),#5177);
#5173 = LINE('',#5174,#5175);
#5174 = CARTESIAN_POINT('',(-4.32532606556E-03,-0.55));
#5175 = VECTOR('',#5176,1.);
#5176 = DIRECTION('',(1.,0.));
#5177 = ( GEOMETRIC_REPRESENTATION_CONTEXT(2) 
PARAMETRIC_REPRESENTATION_CONTEXT() REPRESENTATION_CONTEXT('2D SPACE',''
  ) );
#5178 = PCURVE('',#4973,#5179);
#5179 = DEFINITIONAL_REPRESENTATION('',(#5180),#5184);
#5180 = CIRCLE('',#5181,109.45250594613);
#5181 = AXIS2_PLACEMENT_2D('',#5182,#5183);
#5182 = CARTESIAN_POINT('',(0.,0.));
#5183 = DIRECTION('',(1.,-1.217210714395E-17));
#5184 = ( GEOMETRIC_REPRESENTATION_CONTEXT(2) 
PARAMETRIC_REPRESENTATION_CONTEXT() REPRESENTATION_CONTEXT('2D SPACE',''
  ) );
#5185 = ORIENTED_EDGE('',*,*,#5186,.T.);
#5186 = EDGE_CURVE('',#5163,#5187,#5189,.T.);
#5187 = VERTEX_POINT('',#5188);
#5188 = CARTESIAN_POINT('',(12.378021447975,6.72,1.382490688405));
#5189 = SURFACE_CURVE('',#5190,(#5194,#5201),.PCURVE_S1.);
#5190 = LINE('',#5191,#5192);
#5191 = CARTESIAN_POINT('',(12.378021447975,6.575,1.382490688405));
#5192 = VECTOR('',#5193,1.);
#5193 = DIRECTION('',(0.,1.,0.));
#5194 = PCURVE('',#3109,#5195);
#5195 = DEFINITIONAL_REPRESENTATION('',(#5196),#5200);
#5196 = LINE('',#5197,#5198);
#5197 = CARTESIAN_POINT('',(2.059679078839E-04,-0.375));
#5198 = VECTOR('',#5199,1.);
#5199 = DIRECTION('',(0.,1.));
#5200 = ( GEOMETRIC_REPRESENTATION_CONTEXT(2) 
PARAMETRIC_REPRESENTATION_CONTEXT() REPRESENTATION_CONTEXT('2D SPACE',''
  ) );
#5201 = PCURVE('',#5001,#5202);
#5202 = DEFINITIONAL_REPRESENTATION('',(#5203),#5207);
#5203 = LINE('',#5204,#5205);
#5204 = CARTESIAN_POINT('',(3.35,0.));
#5205 = VECTOR('',#5206,1.);
#5206 = DIRECTION('',(0.,1.));
#5207 = ( GEOMETRIC_REPRESENTATION_CONTEXT(2) 
PARAMETRIC_REPRESENTATION_CONTEXT() REPRESENTATION_CONTEXT('2D SPACE',''
  ) );
#5208 = ORIENTED_EDGE('',*,*,#5209,.T.);
#5209 = EDGE_CURVE('',#5187,#5210,#5212,.T.);
#5210 = VERTEX_POINT('',#5211);
#5211 = CARTESIAN_POINT('',(12.476342787607,6.72,0.965597913776));
#5212 = SURFACE_CURVE('',#5213,(#5218,#5225),.PCURVE_S1.);
#5213 = CIRCLE('',#5214,109.45250594613);
#5214 = AXIS2_PLACEMENT_3D('',#5215,#5216,#5217);
#5215 = CARTESIAN_POINT('',(-94.10250594613,6.72,-23.95026170372));
#5216 = DIRECTION('',(0.,1.,0.));
#5217 = DIRECTION('',(0.972799174228,-0.,0.231650095235));
#5218 = PCURVE('',#3109,#5219);
#5219 = DEFINITIONAL_REPRESENTATION('',(#5220),#5224);
#5220 = LINE('',#5221,#5222);
#5221 = CARTESIAN_POINT('',(0.,-0.23));
#5222 = VECTOR('',#5223,1.);
#5223 = DIRECTION('',(1.,0.));
#5224 = ( GEOMETRIC_REPRESENTATION_CONTEXT(2) 
PARAMETRIC_REPRESENTATION_CONTEXT() REPRESENTATION_CONTEXT('2D SPACE',''
  ) );
#5225 = PCURVE('',#5030,#5226);
#5226 = DEFINITIONAL_REPRESENTATION('',(#5227),#5231);
#5227 = CIRCLE('',#5228,109.45250594613);
#5228 = AXIS2_PLACEMENT_2D('',#5229,#5230);
#5229 = CARTESIAN_POINT('',(0.,0.));
#5230 = DIRECTION('',(1.,4.057369047983E-18));
#5231 = ( GEOMETRIC_REPRESENTATION_CONTEXT(2) 
PARAMETRIC_REPRESENTATION_CONTEXT() REPRESENTATION_CONTEXT('2D SPACE',''
  ) );
#5232 = ORIENTED_EDGE('',*,*,#5233,.T.);
#5233 = EDGE_CURVE('',#5210,#3090,#5234,.T.);
#5234 = SURFACE_CURVE('',#5235,(#5239,#5246),.PCURVE_S1.);
#5235 = LINE('',#5236,#5237);
#5236 = CARTESIAN_POINT('',(12.476342787607,6.95,0.965597913776));
#5237 = VECTOR('',#5238,1.);
#5238 = DIRECTION('',(0.,1.,0.));
#5239 = PCURVE('',#3109,#5240);
#5240 = DEFINITIONAL_REPRESENTATION('',(#5241),#5245);
#5241 = LINE('',#5242,#5243);
#5242 = CARTESIAN_POINT('',(4.119358157676E-03,0.));
#5243 = VECTOR('',#5244,1.);
#5244 = DIRECTION('',(0.,1.));
#5245 = ( GEOMETRIC_REPRESENTATION_CONTEXT(2) 
PARAMETRIC_REPRESENTATION_CONTEXT() REPRESENTATION_CONTEXT('2D SPACE',''
  ) );
#5246 = PCURVE('',#3141,#5247);
#5247 = DEFINITIONAL_REPRESENTATION('',(#5248),#5252);
#5248 = LINE('',#5249,#5250);
#5249 = CARTESIAN_POINT('',(3.35,0.));
#5250 = VECTOR('',#5251,1.);
#5251 = DIRECTION('',(0.,1.));
#5252 = ( GEOMETRIC_REPRESENTATION_CONTEXT(2) 
PARAMETRIC_REPRESENTATION_CONTEXT() REPRESENTATION_CONTEXT('2D SPACE',''
  ) );
#5253 = ORIENTED_EDGE('',*,*,#3089,.F.);
#5254 = ADVANCED_FACE('',(#5255),#3141,.F.);
#5255 = FACE_BOUND('',#5256,.F.);
#5256 = EDGE_LOOP('',(#5257,#5258,#5279,#5280));
#5257 = ORIENTED_EDGE('',*,*,#5042,.F.);
#5258 = ORIENTED_EDGE('',*,*,#5259,.T.);
#5259 = EDGE_CURVE('',#5014,#5210,#5260,.T.);
#5260 = SURFACE_CURVE('',#5261,(#5265,#5272),.PCURVE_S1.);
#5261 = LINE('',#5262,#5263);
#5262 = CARTESIAN_POINT('',(9.214296476545,6.72,0.203001123532));
#5263 = VECTOR('',#5264,1.);
#5264 = DIRECTION('',(0.973745167481,0.,0.227640832908));
#5265 = PCURVE('',#3141,#5266);
#5266 = DEFINITIONAL_REPRESENTATION('',(#5267),#5271);
#5267 = LINE('',#5268,#5269);
#5268 = CARTESIAN_POINT('',(0.,-0.23));
#5269 = VECTOR('',#5270,1.);
#5270 = DIRECTION('',(1.,0.));
#5271 = ( GEOMETRIC_REPRESENTATION_CONTEXT(2) 
PARAMETRIC_REPRESENTATION_CONTEXT() REPRESENTATION_CONTEXT('2D SPACE',''
  ) );
#5272 = PCURVE('',#5030,#5273);
#5273 = DEFINITIONAL_REPRESENTATION('',(#5274),#5278);
#5274 = LINE('',#5275,#5276);
#5275 = CARTESIAN_POINT('',(106.10160571477,0.437072987293));
#5276 = VECTOR('',#5277,1.);
#5277 = DIRECTION('',(0.999991515456,4.119346507378E-03));
#5278 = ( GEOMETRIC_REPRESENTATION_CONTEXT(2) 
PARAMETRIC_REPRESENTATION_CONTEXT() REPRESENTATION_CONTEXT('2D SPACE',''
  ) );
#5279 = ORIENTED_EDGE('',*,*,#5233,.T.);
#5280 = ORIENTED_EDGE('',*,*,#3123,.F.);
#5281 = ADVANCED_FACE('',(#5282),#3310,.T.);
#5282 = FACE_BOUND('',#5283,.T.);
#5283 = EDGE_LOOP('',(#5284,#5307,#5308,#5309,#5338,#5364,#5393,#5414));
#5284 = ORIENTED_EDGE('',*,*,#5285,.T.);
#5285 = EDGE_CURVE('',#5286,#3158,#5288,.T.);
#5286 = VERTEX_POINT('',#5287);
#5287 = CARTESIAN_POINT('',(8.892134725503,5.12,-21.67738146438));
#5288 = SEAM_CURVE('',#5289,(#5293,#5300),.PCURVE_S1.);
#5289 = LINE('',#5290,#5291);
#5290 = CARTESIAN_POINT('',(8.892134725503,5.12,-21.67738146438));
#5291 = VECTOR('',#5292,1.);
#5292 = DIRECTION('',(0.,1.,0.));
#5293 = PCURVE('',#3310,#5294);
#5294 = DEFINITIONAL_REPRESENTATION('',(#5295),#5299);
#5295 = LINE('',#5296,#5297);
#5296 = CARTESIAN_POINT('',(6.28318530718,-0.));
#5297 = VECTOR('',#5298,1.);
#5298 = DIRECTION('',(0.,1.));
#5299 = ( GEOMETRIC_REPRESENTATION_CONTEXT(2) 
PARAMETRIC_REPRESENTATION_CONTEXT() REPRESENTATION_CONTEXT('2D SPACE',''
  ) );
#5300 = PCURVE('',#3310,#5301);
#5301 = DEFINITIONAL_REPRESENTATION('',(#5302),#5306);
#5302 = LINE('',#5303,#5304);
#5303 = CARTESIAN_POINT('',(0.,-0.));
#5304 = VECTOR('',#5305,1.);
#5305 = DIRECTION('',(0.,1.));
#5306 = ( GEOMETRIC_REPRESENTATION_CONTEXT(2) 
PARAMETRIC_REPRESENTATION_CONTEXT() REPRESENTATION_CONTEXT('2D SPACE',''
  ) );
#5307 = ORIENTED_EDGE('',*,*,#3157,.F.);
#5308 = ORIENTED_EDGE('',*,*,#5285,.F.);
#5309 = ORIENTED_EDGE('',*,*,#5310,.T.);
#5310 = EDGE_CURVE('',#5286,#5311,#5313,.T.);
#5311 = VERTEX_POINT('',#5312);
#5312 = CARTESIAN_POINT('',(9.858755449206,5.12,-22.42116987895));
#5313 = SURFACE_CURVE('',#5314,(#5319,#5326),.PCURVE_S1.);
#5314 = CIRCLE('',#5315,1.);
#5315 = AXIS2_PLACEMENT_3D('',#5316,#5317,#5318);
#5316 = CARTESIAN_POINT('',(8.892134725503,5.12,-22.67738146438));
#5317 = DIRECTION('',(0.,1.,0.));
#5318 = DIRECTION('',(0.,-0.,1.));
#5319 = PCURVE('',#3310,#5320);
#5320 = DEFINITIONAL_REPRESENTATION('',(#5321),#5325);
#5321 = LINE('',#5322,#5323);
#5322 = CARTESIAN_POINT('',(0.,0.));
#5323 = VECTOR('',#5324,1.);
#5324 = DIRECTION('',(1.,0.));
#5325 = ( GEOMETRIC_REPRESENTATION_CONTEXT(2) 
PARAMETRIC_REPRESENTATION_CONTEXT() REPRESENTATION_CONTEXT('2D SPACE',''
  ) );
#5326 = PCURVE('',#5327,#5332);
#5327 = PLANE('',#5328);
#5328 = AXIS2_PLACEMENT_3D('',#5329,#5330,#5331);
#5329 = CARTESIAN_POINT('',(8.892134725503,5.12,-22.67738146438));
#5330 = DIRECTION('',(0.,1.,0.));
#5331 = DIRECTION('',(0.,-0.,1.));
#5332 = DEFINITIONAL_REPRESENTATION('',(#5333),#5337);
#5333 = CIRCLE('',#5334,1.);
#5334 = AXIS2_PLACEMENT_2D('',#5335,#5336);
#5335 = CARTESIAN_POINT('',(0.,0.));
#5336 = DIRECTION('',(1.,0.));
#5337 = ( GEOMETRIC_REPRESENTATION_CONTEXT(2) 
PARAMETRIC_REPRESENTATION_CONTEXT() REPRESENTATION_CONTEXT('2D SPACE',''
  ) );
#5338 = ORIENTED_EDGE('',*,*,#5339,.T.);
#5339 = EDGE_CURVE('',#5311,#5340,#5342,.T.);
#5340 = VERTEX_POINT('',#5341);
#5341 = CARTESIAN_POINT('',(9.858755449206,6.14,-22.42116987895));
#5342 = SURFACE_CURVE('',#5343,(#5347,#5353),.PCURVE_S1.);
#5343 = LINE('',#5344,#5345);
#5344 = CARTESIAN_POINT('',(9.858755449206,5.12,-22.42116987895));
#5345 = VECTOR('',#5346,1.);
#5346 = DIRECTION('',(0.,1.,0.));
#5347 = PCURVE('',#3310,#5348);
#5348 = DEFINITIONAL_REPRESENTATION('',(#5349),#5352);
#5349 = B_SPLINE_CURVE_WITH_KNOTS('',1,(#5350,#5351),.UNSPECIFIED.,.F.,
  .F.,(2,2),(-5.999999999062E-07,1.0200006),.PIECEWISE_BEZIER_KNOTS.);
#5350 = CARTESIAN_POINT('',(1.311695407596,-5.999999999062E-07));
#5351 = CARTESIAN_POINT('',(1.311695407596,1.0200006));
#5352 = ( GEOMETRIC_REPRESENTATION_CONTEXT(2) 
PARAMETRIC_REPRESENTATION_CONTEXT() REPRESENTATION_CONTEXT('2D SPACE',''
  ) );
#5353 = PCURVE('',#5354,#5359);
#5354 = CYLINDRICAL_SURFACE('',#5355,103.97250594613);
#5355 = AXIS2_PLACEMENT_3D('',#5356,#5357,#5358);
#5356 = CARTESIAN_POINT('',(-94.10250594613,5.42,-23.95026170372));
#5357 = DIRECTION('',(0.,1.,0.));
#5358 = DIRECTION('',(0.99956324156,-0.,2.95520916544E-02));
#5359 = DEFINITIONAL_REPRESENTATION('',(#5360),#5363);
#5360 = B_SPLINE_CURVE_WITH_KNOTS('',1,(#5361,#5362),.UNSPECIFIED.,.F.,
  .F.,(2,2),(-5.999999999062E-07,1.0200006),.PIECEWISE_BEZIER_KNOTS.);
#5361 = CARTESIAN_POINT('',(1.484917062981E-02,-0.3000006));
#5362 = CARTESIAN_POINT('',(1.484917062981E-02,0.7200006));
#5363 = ( GEOMETRIC_REPRESENTATION_CONTEXT(2) 
PARAMETRIC_REPRESENTATION_CONTEXT() REPRESENTATION_CONTEXT('2D SPACE',''
  ) );
#5364 = ORIENTED_EDGE('',*,*,#5365,.T.);
#5365 = EDGE_CURVE('',#5340,#5366,#5368,.T.);
#5366 = VERTEX_POINT('',#5367);
#5367 = CARTESIAN_POINT('',(9.864792134706,6.14,-22.90962608611));
#5368 = SURFACE_CURVE('',#5369,(#5374,#5381),.PCURVE_S1.);
#5369 = CIRCLE('',#5370,1.);
#5370 = AXIS2_PLACEMENT_3D('',#5371,#5372,#5373);
#5371 = CARTESIAN_POINT('',(8.892134725503,6.14,-22.67738146438));
#5372 = DIRECTION('',(0.,1.,0.));
#5373 = DIRECTION('',(0.,-0.,1.));
#5374 = PCURVE('',#3310,#5375);
#5375 = DEFINITIONAL_REPRESENTATION('',(#5376),#5380);
#5376 = LINE('',#5377,#5378);
#5377 = CARTESIAN_POINT('',(0.,1.02));
#5378 = VECTOR('',#5379,1.);
#5379 = DIRECTION('',(1.,0.));
#5380 = ( GEOMETRIC_REPRESENTATION_CONTEXT(2) 
PARAMETRIC_REPRESENTATION_CONTEXT() REPRESENTATION_CONTEXT('2D SPACE',''
  ) );
#5381 = PCURVE('',#5382,#5387);
#5382 = PLANE('',#5383);
#5383 = AXIS2_PLACEMENT_3D('',#5384,#5385,#5386);
#5384 = CARTESIAN_POINT('',(-94.10250594613,6.14,-23.95026170372));
#5385 = DIRECTION('',(0.,1.,0.));
#5386 = DIRECTION('',(0.99956324156,-0.,2.95520916544E-02));
#5387 = DEFINITIONAL_REPRESENTATION('',(#5388),#5392);
#5388 = CIRCLE('',#5389,1.);
#5389 = AXIS2_PLACEMENT_2D('',#5390,#5391);
#5390 = CARTESIAN_POINT('',(102.98727316659,1.771382762884));
#5391 = DIRECTION('',(2.95520916544E-02,-0.99956324156));
#5392 = ( GEOMETRIC_REPRESENTATION_CONTEXT(2) 
PARAMETRIC_REPRESENTATION_CONTEXT() REPRESENTATION_CONTEXT('2D SPACE',''
  ) );
#5393 = ORIENTED_EDGE('',*,*,#5394,.F.);
#5394 = EDGE_CURVE('',#5395,#5366,#5397,.T.);
#5395 = VERTEX_POINT('',#5396);
#5396 = CARTESIAN_POINT('',(9.864792134706,5.12,-22.90962608611));
#5397 = SURFACE_CURVE('',#5398,(#5402,#5408),.PCURVE_S1.);
#5398 = LINE('',#5399,#5400);
#5399 = CARTESIAN_POINT('',(9.864792134706,5.12,-22.90962608611));
#5400 = VECTOR('',#5401,1.);
#5401 = DIRECTION('',(0.,1.,0.));
#5402 = PCURVE('',#3310,#5403);
#5403 = DEFINITIONAL_REPRESENTATION('',(#5404),#5407);
#5404 = B_SPLINE_CURVE_WITH_KNOTS('',1,(#5405,#5406),.UNSPECIFIED.,.F.,
  .F.,(2,2),(-5.999999999062E-07,1.0200006),.PIECEWISE_BEZIER_KNOTS.);
#5405 = CARTESIAN_POINT('',(1.805181097047,-5.999999999062E-07));
#5406 = CARTESIAN_POINT('',(1.805181097047,1.0200006));
#5407 = ( GEOMETRIC_REPRESENTATION_CONTEXT(2) 
PARAMETRIC_REPRESENTATION_CONTEXT() REPRESENTATION_CONTEXT('2D SPACE',''
  ) );
#5408 = PCURVE('',#5354,#5409);
#5409 = DEFINITIONAL_REPRESENTATION('',(#5410),#5413);
#5410 = B_SPLINE_CURVE_WITH_KNOTS('',1,(#5411,#5412),.UNSPECIFIED.,.F.,
  .F.,(2,2),(-5.999999999062E-07,1.0200006),.PIECEWISE_BEZIER_KNOTS.);
#5411 = CARTESIAN_POINT('',(1.954746998679E-02,-0.3000006));
#5412 = CARTESIAN_POINT('',(1.954746998679E-02,0.7200006));
#5413 = ( GEOMETRIC_REPRESENTATION_CONTEXT(2) 
PARAMETRIC_REPRESENTATION_CONTEXT() REPRESENTATION_CONTEXT('2D SPACE',''
  ) );
#5414 = ORIENTED_EDGE('',*,*,#5415,.T.);
#5415 = EDGE_CURVE('',#5395,#5286,#5416,.T.);
#5416 = SURFACE_CURVE('',#5417,(#5422,#5429),.PCURVE_S1.);
#5417 = CIRCLE('',#5418,1.);
#5418 = AXIS2_PLACEMENT_3D('',#5419,#5420,#5421);
#5419 = CARTESIAN_POINT('',(8.892134725503,5.12,-22.67738146438));
#5420 = DIRECTION('',(0.,1.,0.));
#5421 = DIRECTION('',(0.,-0.,1.));
#5422 = PCURVE('',#3310,#5423);
#5423 = DEFINITIONAL_REPRESENTATION('',(#5424),#5428);
#5424 = LINE('',#5425,#5426);
#5425 = CARTESIAN_POINT('',(0.,0.));
#5426 = VECTOR('',#5427,1.);
#5427 = DIRECTION('',(1.,0.));
#5428 = ( GEOMETRIC_REPRESENTATION_CONTEXT(2) 
PARAMETRIC_REPRESENTATION_CONTEXT() REPRESENTATION_CONTEXT('2D SPACE',''
  ) );
#5429 = PCURVE('',#5327,#5430);
#5430 = DEFINITIONAL_REPRESENTATION('',(#5431),#5435);
#5431 = CIRCLE('',#5432,1.);
#5432 = AXIS2_PLACEMENT_2D('',#5433,#5434);
#5433 = CARTESIAN_POINT('',(0.,0.));
#5434 = DIRECTION('',(1.,0.));
#5435 = ( GEOMETRIC_REPRESENTATION_CONTEXT(2) 
PARAMETRIC_REPRESENTATION_CONTEXT() REPRESENTATION_CONTEXT('2D SPACE',''
  ) );
#5436 = ADVANCED_FACE('',(#5437),#3569,.T.);
#5437 = FACE_BOUND('',#5438,.T.);
#5438 = EDGE_LOOP('',(#5439,#5440,#5463,#5490));
#5439 = ORIENTED_EDGE('',*,*,#3412,.F.);
#5440 = ORIENTED_EDGE('',*,*,#5441,.F.);
#5441 = EDGE_CURVE('',#5442,#3413,#5444,.T.);
#5442 = VERTEX_POINT('',#5443);
#5443 = CARTESIAN_POINT('',(12.047723579968,6.12,-31.60546501515));
#5444 = SEAM_CURVE('',#5445,(#5449,#5456),.PCURVE_S1.);
#5445 = LINE('',#5446,#5447);
#5446 = CARTESIAN_POINT('',(12.047723579968,6.12,-31.60546501515));
#5447 = VECTOR('',#5448,1.);
#5448 = DIRECTION('',(0.,1.,0.));
#5449 = PCURVE('',#3569,#5450);
#5450 = DEFINITIONAL_REPRESENTATION('',(#5451),#5455);
#5451 = LINE('',#5452,#5453);
#5452 = CARTESIAN_POINT('',(0.,-0.));
#5453 = VECTOR('',#5454,1.);
#5454 = DIRECTION('',(0.,1.));
#5455 = ( GEOMETRIC_REPRESENTATION_CONTEXT(2) 
PARAMETRIC_REPRESENTATION_CONTEXT() REPRESENTATION_CONTEXT('2D SPACE',''
  ) );
#5456 = PCURVE('',#3569,#5457);
#5457 = DEFINITIONAL_REPRESENTATION('',(#5458),#5462);
#5458 = LINE('',#5459,#5460);
#5459 = CARTESIAN_POINT('',(6.28318530718,-0.));
#5460 = VECTOR('',#5461,1.);
#5461 = DIRECTION('',(0.,1.));
#5462 = ( GEOMETRIC_REPRESENTATION_CONTEXT(2) 
PARAMETRIC_REPRESENTATION_CONTEXT() REPRESENTATION_CONTEXT('2D SPACE',''
  ) );
#5463 = ORIENTED_EDGE('',*,*,#5464,.T.);
#5464 = EDGE_CURVE('',#5442,#5442,#5465,.T.);
#5465 = SURFACE_CURVE('',#5466,(#5471,#5478),.PCURVE_S1.);
#5466 = CIRCLE('',#5467,1.);
#5467 = AXIS2_PLACEMENT_3D('',#5468,#5469,#5470);
#5468 = CARTESIAN_POINT('',(12.047723579968,6.12,-32.60546501515));
#5469 = DIRECTION('',(0.,1.,0.));
#5470 = DIRECTION('',(0.,-0.,1.));
#5471 = PCURVE('',#3569,#5472);
#5472 = DEFINITIONAL_REPRESENTATION('',(#5473),#5477);
#5473 = LINE('',#5474,#5475);
#5474 = CARTESIAN_POINT('',(0.,0.));
#5475 = VECTOR('',#5476,1.);
#5476 = DIRECTION('',(1.,0.));
#5477 = ( GEOMETRIC_REPRESENTATION_CONTEXT(2) 
PARAMETRIC_REPRESENTATION_CONTEXT() REPRESENTATION_CONTEXT('2D SPACE',''
  ) );
#5478 = PCURVE('',#5479,#5484);
#5479 = PLANE('',#5480);
#5480 = AXIS2_PLACEMENT_3D('',#5481,#5482,#5483);
#5481 = CARTESIAN_POINT('',(12.047723579968,6.12,-32.60546501515));
#5482 = DIRECTION('',(0.,1.,0.));
#5483 = DIRECTION('',(0.,-0.,1.));
#5484 = DEFINITIONAL_REPRESENTATION('',(#5485),#5489);
#5485 = CIRCLE('',#5486,1.);
#5486 = AXIS2_PLACEMENT_2D('',#5487,#5488);
#5487 = CARTESIAN_POINT('',(0.,0.));
#5488 = DIRECTION('',(1.,0.));
#5489 = ( GEOMETRIC_REPRESENTATION_CONTEXT(2) 
PARAMETRIC_REPRESENTATION_CONTEXT() REPRESENTATION_CONTEXT('2D SPACE',''
  ) );
#5490 = ORIENTED_EDGE('',*,*,#5441,.T.);
#5491 = ADVANCED_FACE('',(#5492,#5495),#4860,.F.);
#5492 = FACE_BOUND('',#5493,.F.);
#5493 = EDGE_LOOP('',(#5494));
#5494 = ORIENTED_EDGE('',*,*,#4845,.T.);
#5495 = FACE_BOUND('',#5496,.F.);
#5496 = EDGE_LOOP('',(#5497));
#5497 = ORIENTED_EDGE('',*,*,#5498,.F.);
#5498 = EDGE_CURVE('',#5499,#5499,#5501,.T.);
#5499 = VERTEX_POINT('',#5500);
#5500 = CARTESIAN_POINT('',(16.194524276204,4.05,-9.088254330734));
#5501 = SURFACE_CURVE('',#5502,(#5507,#5514),.PCURVE_S1.);
#5502 = CIRCLE('',#5503,0.7);
#5503 = AXIS2_PLACEMENT_3D('',#5504,#5505,#5506);
#5504 = CARTESIAN_POINT('',(16.194524276204,4.05,-9.788254330734));
#5505 = DIRECTION('',(0.,1.,0.));
#5506 = DIRECTION('',(0.,-0.,1.));
#5507 = PCURVE('',#4860,#5508);
#5508 = DEFINITIONAL_REPRESENTATION('',(#5509),#5513);
#5509 = CIRCLE('',#5510,0.7);
#5510 = AXIS2_PLACEMENT_2D('',#5511,#5512);
#5511 = CARTESIAN_POINT('',(0.,0.));
#5512 = DIRECTION('',(1.,0.));
#5513 = ( GEOMETRIC_REPRESENTATION_CONTEXT(2) 
PARAMETRIC_REPRESENTATION_CONTEXT() REPRESENTATION_CONTEXT('2D SPACE',''
  ) );
#5514 = PCURVE('',#5515,#5520);
#5515 = CYLINDRICAL_SURFACE('',#5516,0.7);
#5516 = AXIS2_PLACEMENT_3D('',#5517,#5518,#5519);
#5517 = CARTESIAN_POINT('',(16.194524276204,4.04,-9.788254330734));
#5518 = DIRECTION('',(0.,1.,0.));
#5519 = DIRECTION('',(0.,-0.,1.));
#5520 = DEFINITIONAL_REPRESENTATION('',(#5521),#5525);
#5521 = LINE('',#5522,#5523);
#5522 = CARTESIAN_POINT('',(0.,1.E-02));
#5523 = VECTOR('',#5524,1.);
#5524 = DIRECTION('',(1.,0.));
#5525 = ( GEOMETRIC_REPRESENTATION_CONTEXT(2) 
PARAMETRIC_REPRESENTATION_CONTEXT() REPRESENTATION_CONTEXT('2D SPACE',''
  ) );
#5526 = ADVANCED_FACE('',(#5527),#4916,.T.);
#5527 = FACE_BOUND('',#5528,.F.);
#5528 = EDGE_LOOP('',(#5529,#5550,#5551,#5552));
#5529 = ORIENTED_EDGE('',*,*,#5530,.F.);
#5530 = EDGE_CURVE('',#4900,#5116,#5531,.T.);
#5531 = SURFACE_CURVE('',#5532,(#5536,#5543),.PCURVE_S1.);
#5532 = LINE('',#5533,#5534);
#5533 = CARTESIAN_POINT('',(9.006648345492,6.75,1.07460731322));
#5534 = VECTOR('',#5535,1.);
#5535 = DIRECTION('',(0.971788115391,0.,0.235855588836));
#5536 = PCURVE('',#4916,#5537);
#5537 = DEFINITIONAL_REPRESENTATION('',(#5538),#5542);
#5538 = LINE('',#5539,#5540);
#5539 = CARTESIAN_POINT('',(106.10250594613,-1.110223024625E-15));
#5540 = VECTOR('',#5541,1.);
#5541 = DIRECTION('',(1.,1.958492066229E-17));
#5542 = ( GEOMETRIC_REPRESENTATION_CONTEXT(2) 
PARAMETRIC_REPRESENTATION_CONTEXT() REPRESENTATION_CONTEXT('2D SPACE',''
  ) );
#5543 = PCURVE('',#4944,#5544);
#5544 = DEFINITIONAL_REPRESENTATION('',(#5545),#5549);
#5545 = LINE('',#5546,#5547);
#5546 = CARTESIAN_POINT('',(0.,0.175));
#5547 = VECTOR('',#5548,1.);
#5548 = DIRECTION('',(1.,0.));
#5549 = ( GEOMETRIC_REPRESENTATION_CONTEXT(2) 
PARAMETRIC_REPRESENTATION_CONTEXT() REPRESENTATION_CONTEXT('2D SPACE',''
  ) );
#5550 = ORIENTED_EDGE('',*,*,#4899,.T.);
#5551 = ORIENTED_EDGE('',*,*,#5068,.F.);
#5552 = ORIENTED_EDGE('',*,*,#5115,.F.);
#5553 = ADVANCED_FACE('',(#5554),#4944,.T.);
#5554 = FACE_BOUND('',#5555,.T.);
#5555 = EDGE_LOOP('',(#5556,#5557,#5578,#5579));
#5556 = ORIENTED_EDGE('',*,*,#4928,.F.);
#5557 = ORIENTED_EDGE('',*,*,#5558,.T.);
#5558 = EDGE_CURVE('',#4929,#5140,#5559,.T.);
#5559 = SURFACE_CURVE('',#5560,(#5564,#5571),.PCURVE_S1.);
#5560 = LINE('',#5561,#5562);
#5561 = CARTESIAN_POINT('',(9.006648345492,6.4,1.07460731322));
#5562 = VECTOR('',#5563,1.);
#5563 = DIRECTION('',(0.971788115391,0.,0.235855588836));
#5564 = PCURVE('',#4944,#5565);
#5565 = DEFINITIONAL_REPRESENTATION('',(#5566),#5570);
#5566 = LINE('',#5567,#5568);
#5567 = CARTESIAN_POINT('',(0.,-0.175));
#5568 = VECTOR('',#5569,1.);
#5569 = DIRECTION('',(1.,0.));
#5570 = ( GEOMETRIC_REPRESENTATION_CONTEXT(2) 
PARAMETRIC_REPRESENTATION_CONTEXT() REPRESENTATION_CONTEXT('2D SPACE',''
  ) );
#5571 = PCURVE('',#4973,#5572);
#5572 = DEFINITIONAL_REPRESENTATION('',(#5573),#5577);
#5573 = LINE('',#5574,#5575);
#5574 = CARTESIAN_POINT('',(106.10250594613,-1.110223024625E-15));
#5575 = VECTOR('',#5576,1.);
#5576 = DIRECTION('',(1.,1.958492066229E-17));
#5577 = ( GEOMETRIC_REPRESENTATION_CONTEXT(2) 
PARAMETRIC_REPRESENTATION_CONTEXT() REPRESENTATION_CONTEXT('2D SPACE',''
  ) );
#5578 = ORIENTED_EDGE('',*,*,#5139,.T.);
#5579 = ORIENTED_EDGE('',*,*,#5530,.F.);
#5580 = ADVANCED_FACE('',(#5581),#4973,.F.);
#5581 = FACE_BOUND('',#5582,.T.);
#5582 = EDGE_LOOP('',(#5583,#5584,#5605,#5606));
#5583 = ORIENTED_EDGE('',*,*,#4956,.T.);
#5584 = ORIENTED_EDGE('',*,*,#5585,.T.);
#5585 = EDGE_CURVE('',#4957,#5163,#5586,.T.);
#5586 = SURFACE_CURVE('',#5587,(#5591,#5598),.PCURVE_S1.);
#5587 = LINE('',#5588,#5589);
#5588 = CARTESIAN_POINT('',(9.118984446613,6.4,0.607134109951));
#5589 = VECTOR('',#5590,1.);
#5590 = DIRECTION('',(0.972846866078,0.,0.231449724912));
#5591 = PCURVE('',#4973,#5592);
#5592 = DEFINITIONAL_REPRESENTATION('',(#5593),#5597);
#5593 = LINE('',#5594,#5595);
#5594 = CARTESIAN_POINT('',(106.10141666651,0.480780000478));
#5595 = VECTOR('',#5596,1.);
#5596 = DIRECTION('',(0.999989733705,4.5312784669E-03));
#5597 = ( GEOMETRIC_REPRESENTATION_CONTEXT(2) 
PARAMETRIC_REPRESENTATION_CONTEXT() REPRESENTATION_CONTEXT('2D SPACE',''
  ) );
#5598 = PCURVE('',#5001,#5599);
#5599 = DEFINITIONAL_REPRESENTATION('',(#5600),#5604);
#5600 = LINE('',#5601,#5602);
#5601 = CARTESIAN_POINT('',(0.,-0.175));
#5602 = VECTOR('',#5603,1.);
#5603 = DIRECTION('',(1.,0.));
#5604 = ( GEOMETRIC_REPRESENTATION_CONTEXT(2) 
PARAMETRIC_REPRESENTATION_CONTEXT() REPRESENTATION_CONTEXT('2D SPACE',''
  ) );
#5605 = ORIENTED_EDGE('',*,*,#5162,.F.);
#5606 = ORIENTED_EDGE('',*,*,#5558,.F.);
#5607 = ADVANCED_FACE('',(#5608),#5001,.F.);
#5608 = FACE_BOUND('',#5609,.F.);
#5609 = EDGE_LOOP('',(#5610,#5611,#5612,#5613));
#5610 = ORIENTED_EDGE('',*,*,#4985,.F.);
#5611 = ORIENTED_EDGE('',*,*,#5585,.T.);
#5612 = ORIENTED_EDGE('',*,*,#5186,.T.);
#5613 = ORIENTED_EDGE('',*,*,#5614,.F.);
#5614 = EDGE_CURVE('',#4986,#5187,#5615,.T.);
#5615 = SURFACE_CURVE('',#5616,(#5620,#5626),.PCURVE_S1.);
#5616 = LINE('',#5617,#5618);
#5617 = CARTESIAN_POINT('',(-42.49176074976,6.72,-11.67156379688));
#5618 = VECTOR('',#5619,1.);
#5619 = DIRECTION('',(0.972846866078,-0.,0.231449724912));
#5620 = PCURVE('',#5001,#5621);
#5621 = DEFINITIONAL_REPRESENTATION('',(#5622),#5625);
#5622 = B_SPLINE_CURVE_WITH_KNOTS('',1,(#5623,#5624),.UNSPECIFIED.,.F.,
  .F.,(2,2),(49.701252973068,56.401252973068),.PIECEWISE_BEZIER_KNOTS.);
#5623 = CARTESIAN_POINT('',(-3.35,0.145));
#5624 = CARTESIAN_POINT('',(3.35,0.145));
#5625 = ( GEOMETRIC_REPRESENTATION_CONTEXT(2) 
PARAMETRIC_REPRESENTATION_CONTEXT() REPRESENTATION_CONTEXT('2D SPACE',''
  ) );
#5626 = PCURVE('',#5030,#5627);
#5627 = DEFINITIONAL_REPRESENTATION('',(#5628),#5631);
#5628 = B_SPLINE_CURVE_WITH_KNOTS('',1,(#5629,#5630),.UNSPECIFIED.,.F.,
  .F.,(2,2),(49.701252973068,56.401252973068),.PIECEWISE_BEZIER_KNOTS.);
#5629 = CARTESIAN_POINT('',(102.75250376661,2.116371852991E-02));
#5630 = CARTESIAN_POINT('',(109.45250362449,2.254370350297E-02));
#5631 = ( GEOMETRIC_REPRESENTATION_CONTEXT(2) 
PARAMETRIC_REPRESENTATION_CONTEXT() REPRESENTATION_CONTEXT('2D SPACE',''
  ) );
#5632 = ADVANCED_FACE('',(#5633),#5030,.F.);
#5633 = FACE_BOUND('',#5634,.T.);
#5634 = EDGE_LOOP('',(#5635,#5636,#5637,#5638));
#5635 = ORIENTED_EDGE('',*,*,#5614,.F.);
#5636 = ORIENTED_EDGE('',*,*,#5013,.T.);
#5637 = ORIENTED_EDGE('',*,*,#5259,.T.);
#5638 = ORIENTED_EDGE('',*,*,#5209,.F.);
#5639 = ADVANCED_FACE('',(#5640),#5327,.F.);
#5640 = FACE_BOUND('',#5641,.F.);
#5641 = EDGE_LOOP('',(#5642,#5643,#5644));
#5642 = ORIENTED_EDGE('',*,*,#5415,.T.);
#5643 = ORIENTED_EDGE('',*,*,#5310,.T.);
#5644 = ORIENTED_EDGE('',*,*,#5645,.T.);
#5645 = EDGE_CURVE('',#5311,#5395,#5646,.T.);
#5646 = SURFACE_CURVE('',#5647,(#5652,#5659),.PCURVE_S1.);
#5647 = CIRCLE('',#5648,103.97250594613);
#5648 = AXIS2_PLACEMENT_3D('',#5649,#5650,#5651);
#5649 = CARTESIAN_POINT('',(-94.10250594613,5.12,-23.95026170372));
#5650 = DIRECTION('',(0.,1.,0.));
#5651 = DIRECTION('',(0.99956324156,-0.,2.95520916544E-02));
#5652 = PCURVE('',#5327,#5653);
#5653 = DEFINITIONAL_REPRESENTATION('',(#5654),#5658);
#5654 = CIRCLE('',#5655,103.97250594613);
#5655 = AXIS2_PLACEMENT_2D('',#5656,#5657);
#5656 = CARTESIAN_POINT('',(-1.272880239343,-102.9946406716));
#5657 = DIRECTION('',(2.95520916544E-02,0.99956324156));
#5658 = ( GEOMETRIC_REPRESENTATION_CONTEXT(2) 
PARAMETRIC_REPRESENTATION_CONTEXT() REPRESENTATION_CONTEXT('2D SPACE',''
  ) );
#5659 = PCURVE('',#5354,#5660);
#5660 = DEFINITIONAL_REPRESENTATION('',(#5661),#5665);
#5661 = LINE('',#5662,#5663);
#5662 = CARTESIAN_POINT('',(-6.807593971342E-19,-0.3));
#5663 = VECTOR('',#5664,1.);
#5664 = DIRECTION('',(1.,0.));
#5665 = ( GEOMETRIC_REPRESENTATION_CONTEXT(2) 
PARAMETRIC_REPRESENTATION_CONTEXT() REPRESENTATION_CONTEXT('2D SPACE',''
  ) );
#5666 = ADVANCED_FACE('',(#5667),#5354,.T.);
#5667 = FACE_BOUND('',#5668,.T.);
#5668 = EDGE_LOOP('',(#5669,#5691,#5692,#5693));
#5669 = ORIENTED_EDGE('',*,*,#5670,.F.);
#5670 = EDGE_CURVE('',#5340,#5366,#5671,.T.);
#5671 = SURFACE_CURVE('',#5672,(#5677,#5684),.PCURVE_S1.);
#5672 = CIRCLE('',#5673,103.97250594613);
#5673 = AXIS2_PLACEMENT_3D('',#5674,#5675,#5676);
#5674 = CARTESIAN_POINT('',(-94.10250594613,6.14,-23.95026170372));
#5675 = DIRECTION('',(0.,1.,0.));
#5676 = DIRECTION('',(0.99956324156,-0.,2.95520916544E-02));
#5677 = PCURVE('',#5354,#5678);
#5678 = DEFINITIONAL_REPRESENTATION('',(#5679),#5683);
#5679 = LINE('',#5680,#5681);
#5680 = CARTESIAN_POINT('',(0.,0.72));
#5681 = VECTOR('',#5682,1.);
#5682 = DIRECTION('',(1.,0.));
#5683 = ( GEOMETRIC_REPRESENTATION_CONTEXT(2) 
PARAMETRIC_REPRESENTATION_CONTEXT() REPRESENTATION_CONTEXT('2D SPACE',''
  ) );
#5684 = PCURVE('',#5382,#5685);
#5685 = DEFINITIONAL_REPRESENTATION('',(#5686),#5690);
#5686 = CIRCLE('',#5687,103.97250594613);
#5687 = AXIS2_PLACEMENT_2D('',#5688,#5689);
#5688 = CARTESIAN_POINT('',(0.,0.));
#5689 = DIRECTION('',(1.,-0.));
#5690 = ( GEOMETRIC_REPRESENTATION_CONTEXT(2) 
PARAMETRIC_REPRESENTATION_CONTEXT() REPRESENTATION_CONTEXT('2D SPACE',''
  ) );
#5691 = ORIENTED_EDGE('',*,*,#5339,.F.);
#5692 = ORIENTED_EDGE('',*,*,#5645,.T.);
#5693 = ORIENTED_EDGE('',*,*,#5394,.T.);
#5694 = ADVANCED_FACE('',(#5695),#5382,.F.);
#5695 = FACE_BOUND('',#5696,.T.);
#5696 = EDGE_LOOP('',(#5697,#5698));
#5697 = ORIENTED_EDGE('',*,*,#5365,.F.);
#5698 = ORIENTED_EDGE('',*,*,#5670,.T.);
#5699 = ADVANCED_FACE('',(#5700),#5479,.F.);
#5700 = FACE_BOUND('',#5701,.T.);
#5701 = EDGE_LOOP('',(#5702));
#5702 = ORIENTED_EDGE('',*,*,#5464,.F.);
#5703 = ADVANCED_FACE('',(#5704),#5515,.F.);
#5704 = FACE_BOUND('',#5705,.F.);
#5705 = EDGE_LOOP('',(#5706,#5729,#5756,#5757));
#5706 = ORIENTED_EDGE('',*,*,#5707,.T.);
#5707 = EDGE_CURVE('',#5499,#5708,#5710,.T.);
#5708 = VERTEX_POINT('',#5709);
#5709 = CARTESIAN_POINT('',(16.194524276204,5.77,-9.088254330734));
#5710 = SEAM_CURVE('',#5711,(#5715,#5722),.PCURVE_S1.);
#5711 = LINE('',#5712,#5713);
#5712 = CARTESIAN_POINT('',(16.194524276204,4.04,-9.088254330734));
#5713 = VECTOR('',#5714,1.);
#5714 = DIRECTION('',(0.,1.,0.));
#5715 = PCURVE('',#5515,#5716);
#5716 = DEFINITIONAL_REPRESENTATION('',(#5717),#5721);
#5717 = LINE('',#5718,#5719);
#5718 = CARTESIAN_POINT('',(6.28318530718,-0.));
#5719 = VECTOR('',#5720,1.);
#5720 = DIRECTION('',(0.,1.));
#5721 = ( GEOMETRIC_REPRESENTATION_CONTEXT(2) 
PARAMETRIC_REPRESENTATION_CONTEXT() REPRESENTATION_CONTEXT('2D SPACE',''
  ) );
#5722 = PCURVE('',#5515,#5723);
#5723 = DEFINITIONAL_REPRESENTATION('',(#5724),#5728);
#5724 = LINE('',#5725,#5726);
#5725 = CARTESIAN_POINT('',(0.,-0.));
#5726 = VECTOR('',#5727,1.);
#5727 = DIRECTION('',(0.,1.));
#5728 = ( GEOMETRIC_REPRESENTATION_CONTEXT(2) 
PARAMETRIC_REPRESENTATION_CONTEXT() REPRESENTATION_CONTEXT('2D SPACE',''
  ) );
#5729 = ORIENTED_EDGE('',*,*,#5730,.F.);
#5730 = EDGE_CURVE('',#5708,#5708,#5731,.T.);
#5731 = SURFACE_CURVE('',#5732,(#5737,#5744),.PCURVE_S1.);
#5732 = CIRCLE('',#5733,0.7);
#5733 = AXIS2_PLACEMENT_3D('',#5734,#5735,#5736);
#5734 = CARTESIAN_POINT('',(16.194524276204,5.77,-9.788254330734));
#5735 = DIRECTION('',(0.,1.,0.));
#5736 = DIRECTION('',(0.,-0.,1.));
#5737 = PCURVE('',#5515,#5738);
#5738 = DEFINITIONAL_REPRESENTATION('',(#5739),#5743);
#5739 = LINE('',#5740,#5741);
#5740 = CARTESIAN_POINT('',(0.,1.73));
#5741 = VECTOR('',#5742,1.);
#5742 = DIRECTION('',(1.,0.));
#5743 = ( GEOMETRIC_REPRESENTATION_CONTEXT(2) 
PARAMETRIC_REPRESENTATION_CONTEXT() REPRESENTATION_CONTEXT('2D SPACE',''
  ) );
#5744 = PCURVE('',#5745,#5750);
#5745 = PLANE('',#5746);
#5746 = AXIS2_PLACEMENT_3D('',#5747,#5748,#5749);
#5747 = CARTESIAN_POINT('',(16.194524276204,5.77,-9.788254330734));
#5748 = DIRECTION('',(0.,1.,0.));
#5749 = DIRECTION('',(0.,-0.,1.));
#5750 = DEFINITIONAL_REPRESENTATION('',(#5751),#5755);
#5751 = CIRCLE('',#5752,0.7);
#5752 = AXIS2_PLACEMENT_2D('',#5753,#5754);
#5753 = CARTESIAN_POINT('',(0.,0.));
#5754 = DIRECTION('',(1.,0.));
#5755 = ( GEOMETRIC_REPRESENTATION_CONTEXT(2) 
PARAMETRIC_REPRESENTATION_CONTEXT() REPRESENTATION_CONTEXT('2D SPACE',''
  ) );
#5756 = ORIENTED_EDGE('',*,*,#5707,.F.);
#5757 = ORIENTED_EDGE('',*,*,#5498,.T.);
#5758 = ADVANCED_FACE('',(#5759),#5745,.F.);
#5759 = FACE_BOUND('',#5760,.F.);
#5760 = EDGE_LOOP('',(#5761));
#5761 = ORIENTED_EDGE('',*,*,#5730,.T.);
#5762 = ( GEOMETRIC_REPRESENTATION_CONTEXT(3) 
GLOBAL_UNCERTAINTY_ASSIGNED_CONTEXT((#5766)) 
GLOBAL_UNIT_ASSIGNED_CONTEXT((#5763,#5764,#5765)) REPRESENTATION_CONTEXT
('Context #1','3D Context with UNIT and UNCERTAINTY') );
#5763 = ( LENGTH_UNIT() NAMED_UNIT(*) SI_UNIT(.MILLI.,.METRE.) );
#5764 = ( NAMED_UNIT(*) PLANE_ANGLE_UNIT() SI_UNIT($,.RADIAN.) );
#5765 = ( NAMED_UNIT(*) SI_UNIT($,.STERADIAN.) SOLID_ANGLE_UNIT() );
#5766 = UNCERTAINTY_MEASURE_WITH_UNIT(LENGTH_MEASURE(5.E-07),#5763,
  'distance_accuracy_value','confusion accuracy');
#5767 = CONTEXT_DEPENDENT_SHAPE_REPRESENTATION(#5768,#5770);
#5768 = ( REPRESENTATION_RELATIONSHIP('','',#32,#10) 
REPRESENTATION_RELATIONSHIP_WITH_TRANSFORMATION(#5769) 
SHAPE_REPRESENTATION_RELATIONSHIP() );
#5769 = ITEM_DEFINED_TRANSFORMATION('','',#11,#15);
#5770 = PRODUCT_DEFINITION_SHAPE('Placement','Placement of an item',
  #5771);
#5771 = NEXT_ASSEMBLY_USAGE_OCCURRENCE('1','lid','',#5,#27,$);
#5772 = PRODUCT_RELATED_PRODUCT_CATEGORY('part',$,(#29));
ENDSEC;
END-ISO-10303-21;
