ISO-10303-21;
HEADER;
FILE_DESCRIPTION(('KiCad electronic assembly'),'2;1');
FILE_NAME('elicio-v2.step','2026-09-17T21:07:23',('Pcbnew'),('Kicad'),
  'Open CASCADE STEP processor 7.9','KiCad to STEP converter','Unknown'
  );
FILE_SCHEMA(('AUTOMOTIVE_DESIGN { 1 0 10303 214 1 1 1 1 }'));
ENDSEC;
DATA;
#1 = APPLICATION_PROTOCOL_DEFINITION('international standard',
  'automotive_design',2000,#2);
#2 = APPLICATION_CONTEXT(
  'core data for automotive mechanical design processes');
#3 = SHAPE_DEFINITION_REPRESENTATION(#4,#10);
#4 = PRODUCT_DEFINITION_SHAPE('','',#5);
#5 = PRODUCT_DEFINITION('design','',#6,#9);
#6 = PRODUCT_DEFINITION_FORMATION('','',#7);
#7 = PRODUCT('elicio-v2 1','elicio-v2 1','',(#8));
#8 = PRODUCT_CONTEXT('',#2,'mechanical');
#9 = PRODUCT_DEFINITION_CONTEXT('part definition',#2,'design');
#10 = SHAPE_REPRESENTATION('',(#11,#15),#19);
#11 = AXIS2_PLACEMENT_3D('',#12,#13,#14);
#12 = CARTESIAN_POINT('',(0.,0.,0.));
#13 = DIRECTION('',(0.,0.,1.));
#14 = DIRECTION('',(1.,0.,-0.));
#15 = AXIS2_PLACEMENT_3D('',#16,#17,#18);
#16 = CARTESIAN_POINT('',(0.,0.,0.));
#17 = DIRECTION('',(0.,0.,1.));
#18 = DIRECTION('',(1.,0.,-0.));
#19 = ( GEOMETRIC_REPRESENTATION_CONTEXT(3) 
GLOBAL_UNCERTAINTY_ASSIGNED_CONTEXT((#23)) GLOBAL_UNIT_ASSIGNED_CONTEXT(
(#20,#21,#22)) REPRESENTATION_CONTEXT('Context #1',
  '3D Context with UNIT and UNCERTAINTY') );
#20 = ( LENGTH_UNIT() NAMED_UNIT(*) SI_UNIT(.MILLI.,.METRE.) );
#21 = ( NAMED_UNIT(*) PLANE_ANGLE_UNIT() SI_UNIT($,.RADIAN.) );
#22 = ( NAMED_UNIT(*) SI_UNIT($,.STERADIAN.) SOLID_ANGLE_UNIT() );
#23 = UNCERTAINTY_MEASURE_WITH_UNIT(LENGTH_MEASURE(1.E-07),#20,
  'distance_accuracy_value','confusion accuracy');
#24 = PRODUCT_RELATED_PRODUCT_CATEGORY('part',$,(#7));
#25 = SHAPE_DEFINITION_REPRESENTATION(#26,#32);
#26 = PRODUCT_DEFINITION_SHAPE('','',#27);
#27 = PRODUCT_DEFINITION('design','',#28,#31);
#28 = PRODUCT_DEFINITION_FORMATION('','',#29);
#29 = PRODUCT('elicio-v2_PCB','elicio-v2_PCB','',(#30));
#30 = PRODUCT_CONTEXT('',#2,'mechanical');
#31 = PRODUCT_DEFINITION_CONTEXT('part definition',#2,'design');
#32 = ADVANCED_BREP_SHAPE_REPRESENTATION('',(#11,#33),#3631);
#33 = MANIFOLD_SOLID_BREP('',#34);
#34 = CLOSED_SHELL('',(#35,#75,#106,#137,#1011,#1885,#1902,#1919,#1936,
    #1953,#1970,#1987,#2004,#2021,#2038,#2055,#2072,#2089,#2106,#2123,
    #2140,#2157,#2174,#2191,#2208,#2225,#2242,#2259,#2276,#2293,#2310,
    #2327,#2344,#2361,#2378,#2395,#2412,#2429,#2446,#2463,#2480,#2497,
    #2514,#2531,#2548,#2565,#2582,#2599,#2616,#2633,#2650,#2667,#2684,
    #2701,#2718,#2735,#2752,#2769,#2786,#2803,#2820,#2837,#2854,#2871,
    #2888,#2905,#2922,#2939,#2956,#2973,#2990,#3007,#3024,#3041,#3058,
    #3075,#3092,#3109,#3126,#3143,#3160,#3177,#3194,#3211,#3228,#3245,
    #3257,#3274,#3291,#3308,#3325,#3347,#3364,#3381,#3393,#3415,#3432,
    #3449,#3461,#3478,#3495,#3517,#3534,#3551,#3563,#3585,#3602,#3619));
#35 = ADVANCED_FACE('',(#36),#70,.T.);
#36 = FACE_BOUND('',#37,.T.);
#37 = EDGE_LOOP('',(#38,#48,#56,#64));
#38 = ORIENTED_EDGE('',*,*,#39,.T.);
#39 = EDGE_CURVE('',#40,#42,#44,.T.);
#40 = VERTEX_POINT('',#41);
#41 = CARTESIAN_POINT('',(15.5,-1.5,0.));
#42 = VERTEX_POINT('',#43);
#43 = CARTESIAN_POINT('',(15.5,-1.5,2.E-02));
#44 = LINE('',#45,#46);
#45 = CARTESIAN_POINT('',(15.5,-1.5,0.));
#46 = VECTOR('',#47,1.);
#47 = DIRECTION('',(0.,0.,1.));
#48 = ORIENTED_EDGE('',*,*,#49,.T.);
#49 = EDGE_CURVE('',#42,#50,#52,.T.);
#50 = VERTEX_POINT('',#51);
#51 = CARTESIAN_POINT('',(17.75,-1.5,2.E-02));
#52 = LINE('',#53,#54);
#53 = CARTESIAN_POINT('',(15.5,-1.5,2.E-02));
#54 = VECTOR('',#55,1.);
#55 = DIRECTION('',(1.,0.,0.));
#56 = ORIENTED_EDGE('',*,*,#57,.F.);
#57 = EDGE_CURVE('',#58,#50,#60,.T.);
#58 = VERTEX_POINT('',#59);
#59 = CARTESIAN_POINT('',(17.75,-1.5,0.));
#60 = LINE('',#61,#62);
#61 = CARTESIAN_POINT('',(17.75,-1.5,0.));
#62 = VECTOR('',#63,1.);
#63 = DIRECTION('',(0.,0.,1.));
#64 = ORIENTED_EDGE('',*,*,#65,.F.);
#65 = EDGE_CURVE('',#40,#58,#66,.T.);
#66 = LINE('',#67,#68);
#67 = CARTESIAN_POINT('',(15.5,-1.5,0.));
#68 = VECTOR('',#69,1.);
#69 = DIRECTION('',(1.,0.,0.));
#70 = PLANE('',#71);
#71 = AXIS2_PLACEMENT_3D('',#72,#73,#74);
#72 = CARTESIAN_POINT('',(15.5,-1.5,0.));
#73 = DIRECTION('',(0.,1.,0.));
#74 = DIRECTION('',(1.,0.,0.));
#75 = ADVANCED_FACE('',(#76),#101,.T.);
#76 = FACE_BOUND('',#77,.T.);
#77 = EDGE_LOOP('',(#78,#88,#94,#95));
#78 = ORIENTED_EDGE('',*,*,#79,.T.);
#79 = EDGE_CURVE('',#80,#82,#84,.T.);
#80 = VERTEX_POINT('',#81);
#81 = CARTESIAN_POINT('',(15.5,7.7,0.));
#82 = VERTEX_POINT('',#83);
#83 = CARTESIAN_POINT('',(15.5,7.7,2.E-02));
#84 = LINE('',#85,#86);
#85 = CARTESIAN_POINT('',(15.5,7.7,0.));
#86 = VECTOR('',#87,1.);
#87 = DIRECTION('',(0.,0.,1.));
#88 = ORIENTED_EDGE('',*,*,#89,.T.);
#89 = EDGE_CURVE('',#82,#42,#90,.T.);
#90 = LINE('',#91,#92);
#91 = CARTESIAN_POINT('',(15.5,7.7,2.E-02));
#92 = VECTOR('',#93,1.);
#93 = DIRECTION('',(0.,-1.,0.));
#94 = ORIENTED_EDGE('',*,*,#39,.F.);
#95 = ORIENTED_EDGE('',*,*,#96,.F.);
#96 = EDGE_CURVE('',#80,#40,#97,.T.);
#97 = LINE('',#98,#99);
#98 = CARTESIAN_POINT('',(15.5,7.7,0.));
#99 = VECTOR('',#100,1.);
#100 = DIRECTION('',(0.,-1.,0.));
#101 = PLANE('',#102);
#102 = AXIS2_PLACEMENT_3D('',#103,#104,#105);
#103 = CARTESIAN_POINT('',(15.5,7.7,0.));
#104 = DIRECTION('',(1.,0.,-0.));
#105 = DIRECTION('',(0.,-1.,0.));
#106 = ADVANCED_FACE('',(#107),#132,.T.);
#107 = FACE_BOUND('',#108,.T.);
#108 = EDGE_LOOP('',(#109,#117,#118,#126));
#109 = ORIENTED_EDGE('',*,*,#110,.F.);
#110 = EDGE_CURVE('',#58,#111,#113,.T.);
#111 = VERTEX_POINT('',#112);
#112 = CARTESIAN_POINT('',(17.75,-8.988800959209,0.));
#113 = LINE('',#114,#115);
#114 = CARTESIAN_POINT('',(17.75,-1.5,0.));
#115 = VECTOR('',#116,1.);
#116 = DIRECTION('',(0.,-1.,0.));
#117 = ORIENTED_EDGE('',*,*,#57,.T.);
#118 = ORIENTED_EDGE('',*,*,#119,.T.);
#119 = EDGE_CURVE('',#50,#120,#122,.T.);
#120 = VERTEX_POINT('',#121);
#121 = CARTESIAN_POINT('',(17.75,-8.988800959209,2.E-02));
#122 = LINE('',#123,#124);
#123 = CARTESIAN_POINT('',(17.75,-1.5,2.E-02));
#124 = VECTOR('',#125,1.);
#125 = DIRECTION('',(0.,-1.,0.));
#126 = ORIENTED_EDGE('',*,*,#127,.T.);
#127 = EDGE_CURVE('',#120,#111,#128,.T.);
#128 = LINE('',#129,#130);
#129 = CARTESIAN_POINT('',(17.75,-8.988800959209,-4.6E-02));
#130 = VECTOR('',#131,1.);
#131 = DIRECTION('',(-0.,-0.,-1.));
#132 = PLANE('',#133);
#133 = AXIS2_PLACEMENT_3D('',#134,#135,#136);
#134 = CARTESIAN_POINT('',(17.75,-1.5,0.));
#135 = DIRECTION('',(1.,0.,-0.));
#136 = DIRECTION('',(0.,-1.,0.));
#137 = ADVANCED_FACE('',(#138,#796,#807,#818,#829,#840,#876,#912,#923,
    #934,#970),#1006,.F.);
#138 = FACE_BOUND('',#139,.F.);
#139 = EDGE_LOOP('',(#140,#141,#142,#150,#158,#166,#174,#183,#192,#200,
    #208,#216,#224,#232,#240,#248,#256,#264,#272,#280,#288,#296,#304,
    #312,#320,#328,#336,#344,#352,#360,#368,#376,#384,#392,#400,#408,
    #416,#424,#432,#440,#448,#456,#464,#472,#480,#488,#496,#504,#512,
    #520,#528,#536,#544,#552,#560,#568,#576,#584,#592,#600,#608,#616,
    #624,#632,#640,#648,#656,#664,#672,#680,#688,#696,#704,#712,#720,
    #728,#736,#745,#753,#762,#771,#779,#788,#795));
#140 = ORIENTED_EDGE('',*,*,#65,.F.);
#141 = ORIENTED_EDGE('',*,*,#96,.F.);
#142 = ORIENTED_EDGE('',*,*,#143,.F.);
#143 = EDGE_CURVE('',#144,#80,#146,.T.);
#144 = VERTEX_POINT('',#145);
#145 = CARTESIAN_POINT('',(4.5,7.7,0.));
#146 = LINE('',#147,#148);
#147 = CARTESIAN_POINT('',(4.5,7.7,0.));
#148 = VECTOR('',#149,1.);
#149 = DIRECTION('',(1.,0.,0.));
#150 = ORIENTED_EDGE('',*,*,#151,.F.);
#151 = EDGE_CURVE('',#152,#144,#154,.T.);
#152 = VERTEX_POINT('',#153);
#153 = CARTESIAN_POINT('',(4.5,-1.5,0.));
#154 = LINE('',#155,#156);
#155 = CARTESIAN_POINT('',(4.5,-1.5,0.));
#156 = VECTOR('',#157,1.);
#157 = DIRECTION('',(0.,1.,0.));
#158 = ORIENTED_EDGE('',*,*,#159,.F.);
#159 = EDGE_CURVE('',#160,#152,#162,.T.);
#160 = VERTEX_POINT('',#161);
#161 = CARTESIAN_POINT('',(12.5,-1.5,0.));
#162 = LINE('',#163,#164);
#163 = CARTESIAN_POINT('',(12.5,-1.5,0.));
#164 = VECTOR('',#165,1.);
#165 = DIRECTION('',(-1.,0.,0.));
#166 = ORIENTED_EDGE('',*,*,#167,.F.);
#167 = EDGE_CURVE('',#168,#160,#170,.T.);
#168 = VERTEX_POINT('',#169);
#169 = CARTESIAN_POINT('',(12.5,-10.03125477069,0.));
#170 = LINE('',#171,#172);
#171 = CARTESIAN_POINT('',(12.5,-18.6,0.));
#172 = VECTOR('',#173,1.);
#173 = DIRECTION('',(0.,1.,0.));
#174 = ORIENTED_EDGE('',*,*,#175,.T.);
#175 = EDGE_CURVE('',#168,#176,#178,.T.);
#176 = VERTEX_POINT('',#177);
#177 = CARTESIAN_POINT('',(12.66,-10.9953,0.));
#178 = CIRCLE('',#179,0.4953);
#179 = AXIS2_PLACEMENT_3D('',#180,#181,#182);
#180 = CARTESIAN_POINT('',(12.66,-10.5,0.));
#181 = DIRECTION('',(-0.,0.,-1.));
#182 = DIRECTION('',(-0.,-1.,0.));
#183 = ORIENTED_EDGE('',*,*,#184,.T.);
#184 = EDGE_CURVE('',#176,#185,#187,.T.);
#185 = VERTEX_POINT('',#186);
#186 = CARTESIAN_POINT('',(12.5,-10.9687452293,0.));
#187 = CIRCLE('',#188,0.4953);
#188 = AXIS2_PLACEMENT_3D('',#189,#190,#191);
#189 = CARTESIAN_POINT('',(12.66,-10.5,0.));
#190 = DIRECTION('',(-0.,0.,-1.));
#191 = DIRECTION('',(-0.,-1.,0.));
#192 = ORIENTED_EDGE('',*,*,#193,.F.);
#193 = EDGE_CURVE('',#194,#185,#196,.T.);
#194 = VERTEX_POINT('',#195);
#195 = CARTESIAN_POINT('',(12.5,-18.6,0.));
#196 = LINE('',#197,#198);
#197 = CARTESIAN_POINT('',(12.5,-18.6,0.));
#198 = VECTOR('',#199,1.);
#199 = DIRECTION('',(0.,1.,0.));
#200 = ORIENTED_EDGE('',*,*,#201,.F.);
#201 = EDGE_CURVE('',#202,#194,#204,.T.);
#202 = VERTEX_POINT('',#203);
#203 = CARTESIAN_POINT('',(2.25,-18.6,0.));
#204 = LINE('',#205,#206);
#205 = CARTESIAN_POINT('',(2.25,-18.6,0.));
#206 = VECTOR('',#207,1.);
#207 = DIRECTION('',(1.,0.,0.));
#208 = ORIENTED_EDGE('',*,*,#209,.F.);
#209 = EDGE_CURVE('',#210,#202,#212,.T.);
#210 = VERTEX_POINT('',#211);
#211 = CARTESIAN_POINT('',(2.25,-20.75,0.));
#212 = LINE('',#213,#214);
#213 = CARTESIAN_POINT('',(2.25,-20.75,0.));
#214 = VECTOR('',#215,1.);
#215 = DIRECTION('',(0.,1.,0.));
#216 = ORIENTED_EDGE('',*,*,#217,.F.);
#217 = EDGE_CURVE('',#218,#210,#220,.T.);
#218 = VERTEX_POINT('',#219);
#219 = CARTESIAN_POINT('',(-2.022821,-20.75,0.));
#220 = LINE('',#221,#222);
#221 = CARTESIAN_POINT('',(-2.022821,-20.75,0.));
#222 = VECTOR('',#223,1.);
#223 = DIRECTION('',(1.,0.,0.));
#224 = ORIENTED_EDGE('',*,*,#225,.F.);
#225 = EDGE_CURVE('',#226,#218,#228,.T.);
#226 = VERTEX_POINT('',#227);
#227 = CARTESIAN_POINT('',(-2.516655,-19.996959,0.));
#228 = LINE('',#229,#230);
#229 = CARTESIAN_POINT('',(-2.516655,-19.996959,0.));
#230 = VECTOR('',#231,1.);
#231 = DIRECTION('',(0.548385401579,-0.836225717934,0.));
#232 = ORIENTED_EDGE('',*,*,#233,.F.);
#233 = EDGE_CURVE('',#234,#226,#236,.T.);
#234 = VERTEX_POINT('',#235);
#235 = CARTESIAN_POINT('',(-3.211724,-19.424401,0.));
#236 = LINE('',#237,#238);
#237 = CARTESIAN_POINT('',(-3.211724,-19.424401,0.));
#238 = VECTOR('',#239,1.);
#239 = DIRECTION('',(0.771849451679,-0.635805334944,0.));
#240 = ORIENTED_EDGE('',*,*,#241,.F.);
#241 = EDGE_CURVE('',#242,#234,#244,.T.);
#242 = VERTEX_POINT('',#243);
#243 = CARTESIAN_POINT('',(-4.045398,-19.083917,0.));
#244 = LINE('',#245,#246);
#245 = CARTESIAN_POINT('',(-4.045398,-19.083917,0.));
#246 = VECTOR('',#247,1.);
#247 = DIRECTION('',(0.925766460415,-0.378095835432,0.));
#248 = ORIENTED_EDGE('',*,*,#249,.F.);
#249 = EDGE_CURVE('',#250,#242,#252,.T.);
#250 = VERTEX_POINT('',#251);
#251 = CARTESIAN_POINT('',(-4.942561,-19.006186,0.));
#252 = LINE('',#253,#254);
#253 = CARTESIAN_POINT('',(-4.942561,-19.006186,0.));
#254 = VECTOR('',#255,1.);
#255 = DIRECTION('',(0.99626767798,-8.63175174155E-02,0.));
#256 = ORIENTED_EDGE('',*,*,#257,.F.);
#257 = EDGE_CURVE('',#258,#250,#260,.T.);
#258 = VERTEX_POINT('',#259);
#259 = CARTESIAN_POINT('',(-5.822372,-19.198211,0.));
#260 = LINE('',#261,#262);
#261 = CARTESIAN_POINT('',(-5.822372,-19.198211,0.));
#262 = VECTOR('',#263,1.);
#263 = DIRECTION('',(0.977000440129,0.21323728564,0.));
#264 = ORIENTED_EDGE('',*,*,#265,.F.);
#265 = EDGE_CURVE('',#266,#258,#268,.T.);
#266 = VERTEX_POINT('',#267);
#267 = CARTESIAN_POINT('',(-6.605558,-19.642691,0.));
#268 = LINE('',#269,#270);
#269 = CARTESIAN_POINT('',(-6.605558,-19.642691,0.));
#270 = VECTOR('',#271,1.);
#271 = DIRECTION('',(0.869700679738,0.493579504907,0.));
#272 = ORIENTED_EDGE('',*,*,#273,.F.);
#273 = EDGE_CURVE('',#274,#266,#276,.T.);
#274 = VERTEX_POINT('',#275);
#275 = CARTESIAN_POINT('',(-7.221549,-20.299576,0.));
#276 = LINE('',#277,#278);
#277 = CARTESIAN_POINT('',(-7.221549,-20.299576,0.));
#278 = VECTOR('',#279,1.);
#279 = DIRECTION('',(0.684036461427,0.729447818174,0.));
#280 = ORIENTED_EDGE('',*,*,#281,.F.);
#281 = EDGE_CURVE('',#282,#274,#284,.T.);
#282 = VERTEX_POINT('',#283);
#283 = CARTESIAN_POINT('',(-7.614842,-21.109677,0.));
#284 = LINE('',#285,#286);
#285 = CARTESIAN_POINT('',(-7.614842,-21.109677,0.));
#286 = VECTOR('',#287,1.);
#287 = DIRECTION('',(0.436738067696,0.899588717262,0.));
#288 = ORIENTED_EDGE('',*,*,#289,.F.);
#289 = EDGE_CURVE('',#290,#282,#292,.T.);
#290 = VERTEX_POINT('',#291);
#291 = CARTESIAN_POINT('',(-7.75,-22.,0.));
#292 = LINE('',#293,#294);
#293 = CARTESIAN_POINT('',(-7.75,-22.,0.));
#294 = VECTOR('',#295,1.);
#295 = DIRECTION('',(0.150088239855,0.988672605192,0.));
#296 = ORIENTED_EDGE('',*,*,#297,.F.);
#297 = EDGE_CURVE('',#298,#290,#300,.T.);
#298 = VERTEX_POINT('',#299);
#299 = CARTESIAN_POINT('',(-7.614842,-22.890322,0.));
#300 = LINE('',#301,#302);
#301 = CARTESIAN_POINT('',(-7.614842,-22.890322,0.));
#302 = VECTOR('',#303,1.);
#303 = DIRECTION('',(-0.150088404635,0.988672580177,0.));
#304 = ORIENTED_EDGE('',*,*,#305,.F.);
#305 = EDGE_CURVE('',#306,#298,#308,.T.);
#306 = VERTEX_POINT('',#307);
#307 = CARTESIAN_POINT('',(-7.221549,-23.700423,0.));
#308 = LINE('',#309,#310);
#309 = CARTESIAN_POINT('',(-7.221549,-23.700423,0.));
#310 = VECTOR('',#311,1.);
#311 = DIRECTION('',(-0.436738067696,0.899588717262,0.));
#312 = ORIENTED_EDGE('',*,*,#313,.F.);
#313 = EDGE_CURVE('',#314,#306,#316,.T.);
#314 = VERTEX_POINT('',#315);
#315 = CARTESIAN_POINT('',(-6.605558,-24.357308,0.));
#316 = LINE('',#317,#318);
#317 = CARTESIAN_POINT('',(-6.605558,-24.357308,0.));
#318 = VECTOR('',#319,1.);
#319 = DIRECTION('',(-0.684036461427,0.729447818174,0.));
#320 = ORIENTED_EDGE('',*,*,#321,.F.);
#321 = EDGE_CURVE('',#322,#314,#324,.T.);
#322 = VERTEX_POINT('',#323);
#323 = CARTESIAN_POINT('',(-5.822372,-24.801788,0.));
#324 = LINE('',#325,#326);
#325 = CARTESIAN_POINT('',(-5.822372,-24.801788,0.));
#326 = VECTOR('',#327,1.);
#327 = DIRECTION('',(-0.869700679738,0.493579504907,0.));
#328 = ORIENTED_EDGE('',*,*,#329,.F.);
#329 = EDGE_CURVE('',#330,#322,#332,.T.);
#330 = VERTEX_POINT('',#331);
#331 = CARTESIAN_POINT('',(-4.942561,-24.993813,0.));
#332 = LINE('',#333,#334);
#333 = CARTESIAN_POINT('',(-4.942561,-24.993813,0.));
#334 = VECTOR('',#335,1.);
#335 = DIRECTION('',(-0.977000440129,0.21323728564,0.));
#336 = ORIENTED_EDGE('',*,*,#337,.F.);
#337 = EDGE_CURVE('',#338,#330,#340,.T.);
#338 = VERTEX_POINT('',#339);
#339 = CARTESIAN_POINT('',(-4.045398,-24.916082,0.));
#340 = LINE('',#341,#342);
#341 = CARTESIAN_POINT('',(-4.045398,-24.916082,0.));
#342 = VECTOR('',#343,1.);
#343 = DIRECTION('',(-0.99626767798,-8.63175174155E-02,0.));
#344 = ORIENTED_EDGE('',*,*,#345,.F.);
#345 = EDGE_CURVE('',#346,#338,#348,.T.);
#346 = VERTEX_POINT('',#347);
#347 = CARTESIAN_POINT('',(-3.211724,-24.575598,0.));
#348 = LINE('',#349,#350);
#349 = CARTESIAN_POINT('',(-3.211724,-24.575598,0.));
#350 = VECTOR('',#351,1.);
#351 = DIRECTION('',(-0.925766460415,-0.378095835432,0.));
#352 = ORIENTED_EDGE('',*,*,#353,.F.);
#353 = EDGE_CURVE('',#354,#346,#356,.T.);
#354 = VERTEX_POINT('',#355);
#355 = CARTESIAN_POINT('',(-2.516655,-24.00304,0.));
#356 = LINE('',#357,#358);
#357 = CARTESIAN_POINT('',(-2.516655,-24.00304,0.));
#358 = VECTOR('',#359,1.);
#359 = DIRECTION('',(-0.771849451679,-0.635805334944,0.));
#360 = ORIENTED_EDGE('',*,*,#361,.F.);
#361 = EDGE_CURVE('',#362,#354,#364,.T.);
#362 = VERTEX_POINT('',#363);
#363 = CARTESIAN_POINT('',(-2.022821,-23.25,0.));
#364 = LINE('',#365,#366);
#365 = CARTESIAN_POINT('',(-2.022821,-23.25,0.));
#366 = VECTOR('',#367,1.);
#367 = DIRECTION('',(-0.54838591081,-0.836225383988,0.));
#368 = ORIENTED_EDGE('',*,*,#369,.F.);
#369 = EDGE_CURVE('',#370,#362,#372,.T.);
#370 = VERTEX_POINT('',#371);
#371 = CARTESIAN_POINT('',(2.25,-23.25,0.));
#372 = LINE('',#373,#374);
#373 = CARTESIAN_POINT('',(2.25,-23.25,0.));
#374 = VECTOR('',#375,1.);
#375 = DIRECTION('',(-1.,0.,0.));
#376 = ORIENTED_EDGE('',*,*,#377,.F.);
#377 = EDGE_CURVE('',#378,#370,#380,.T.);
#378 = VERTEX_POINT('',#379);
#379 = CARTESIAN_POINT('',(2.25,-37.6,0.));
#380 = LINE('',#381,#382);
#381 = CARTESIAN_POINT('',(2.25,-37.6,0.));
#382 = VECTOR('',#383,1.);
#383 = DIRECTION('',(0.,1.,0.));
#384 = ORIENTED_EDGE('',*,*,#385,.F.);
#385 = EDGE_CURVE('',#386,#378,#388,.T.);
#386 = VERTEX_POINT('',#387);
#387 = CARTESIAN_POINT('',(7.25,-37.6,0.));
#388 = LINE('',#389,#390);
#389 = CARTESIAN_POINT('',(7.25,-37.6,0.));
#390 = VECTOR('',#391,1.);
#391 = DIRECTION('',(-1.,0.,0.));
#392 = ORIENTED_EDGE('',*,*,#393,.F.);
#393 = EDGE_CURVE('',#394,#386,#396,.T.);
#394 = VERTEX_POINT('',#395);
#395 = CARTESIAN_POINT('',(7.25,-40.272821,0.));
#396 = LINE('',#397,#398);
#397 = CARTESIAN_POINT('',(7.25,-40.272821,0.));
#398 = VECTOR('',#399,1.);
#399 = DIRECTION('',(0.,1.,0.));
#400 = ORIENTED_EDGE('',*,*,#401,.F.);
#401 = EDGE_CURVE('',#402,#394,#404,.T.);
#402 = VERTEX_POINT('',#403);
#403 = CARTESIAN_POINT('',(6.496959,-40.766655,0.));
#404 = LINE('',#405,#406);
#405 = CARTESIAN_POINT('',(6.496959,-40.766655,0.));
#406 = VECTOR('',#407,1.);
#407 = DIRECTION('',(0.836225717934,0.548385401579,0.));
#408 = ORIENTED_EDGE('',*,*,#409,.F.);
#409 = EDGE_CURVE('',#410,#402,#412,.T.);
#410 = VERTEX_POINT('',#411);
#411 = CARTESIAN_POINT('',(5.924401,-41.461724,0.));
#412 = LINE('',#413,#414);
#413 = CARTESIAN_POINT('',(5.924401,-41.461724,0.));
#414 = VECTOR('',#415,1.);
#415 = DIRECTION('',(0.635805334944,0.771849451679,0.));
#416 = ORIENTED_EDGE('',*,*,#417,.F.);
#417 = EDGE_CURVE('',#418,#410,#420,.T.);
#418 = VERTEX_POINT('',#419);
#419 = CARTESIAN_POINT('',(5.583917,-42.295398,0.));
#420 = LINE('',#421,#422);
#421 = CARTESIAN_POINT('',(5.583917,-42.295398,0.));
#422 = VECTOR('',#423,1.);
#423 = DIRECTION('',(0.378095835432,0.925766460415,0.));
#424 = ORIENTED_EDGE('',*,*,#425,.F.);
#425 = EDGE_CURVE('',#426,#418,#428,.T.);
#426 = VERTEX_POINT('',#427);
#427 = CARTESIAN_POINT('',(5.506186,-43.192561,0.));
#428 = LINE('',#429,#430);
#429 = CARTESIAN_POINT('',(5.506186,-43.192561,0.));
#430 = VECTOR('',#431,1.);
#431 = DIRECTION('',(8.63175174155E-02,0.99626767798,0.));
#432 = ORIENTED_EDGE('',*,*,#433,.F.);
#433 = EDGE_CURVE('',#434,#426,#436,.T.);
#434 = VERTEX_POINT('',#435);
#435 = CARTESIAN_POINT('',(5.698211,-44.072372,0.));
#436 = LINE('',#437,#438);
#437 = CARTESIAN_POINT('',(5.698211,-44.072372,0.));
#438 = VECTOR('',#439,1.);
#439 = DIRECTION('',(-0.21323728564,0.977000440129,0.));
#440 = ORIENTED_EDGE('',*,*,#441,.F.);
#441 = EDGE_CURVE('',#442,#434,#444,.T.);
#442 = VERTEX_POINT('',#443);
#443 = CARTESIAN_POINT('',(6.142691,-44.855558,0.));
#444 = LINE('',#445,#446);
#445 = CARTESIAN_POINT('',(6.142691,-44.855558,0.));
#446 = VECTOR('',#447,1.);
#447 = DIRECTION('',(-0.493579504907,0.869700679738,0.));
#448 = ORIENTED_EDGE('',*,*,#449,.F.);
#449 = EDGE_CURVE('',#450,#442,#452,.T.);
#450 = VERTEX_POINT('',#451);
#451 = CARTESIAN_POINT('',(6.799576,-45.471549,0.));
#452 = LINE('',#453,#454);
#453 = CARTESIAN_POINT('',(6.799576,-45.471549,0.));
#454 = VECTOR('',#455,1.);
#455 = DIRECTION('',(-0.729447818174,0.684036461427,0.));
#456 = ORIENTED_EDGE('',*,*,#457,.F.);
#457 = EDGE_CURVE('',#458,#450,#460,.T.);
#458 = VERTEX_POINT('',#459);
#459 = CARTESIAN_POINT('',(7.609677,-45.864842,0.));
#460 = LINE('',#461,#462);
#461 = CARTESIAN_POINT('',(7.609677,-45.864842,0.));
#462 = VECTOR('',#463,1.);
#463 = DIRECTION('',(-0.899588717262,0.436738067696,0.));
#464 = ORIENTED_EDGE('',*,*,#465,.F.);
#465 = EDGE_CURVE('',#466,#458,#468,.T.);
#466 = VERTEX_POINT('',#467);
#467 = CARTESIAN_POINT('',(8.5,-46.,0.));
#468 = LINE('',#469,#470);
#469 = CARTESIAN_POINT('',(8.5,-46.,0.));
#470 = VECTOR('',#471,1.);
#471 = DIRECTION('',(-0.988672605192,0.150088239855,0.));
#472 = ORIENTED_EDGE('',*,*,#473,.F.);
#473 = EDGE_CURVE('',#474,#466,#476,.T.);
#474 = VERTEX_POINT('',#475);
#475 = CARTESIAN_POINT('',(9.390322,-45.864842,0.));
#476 = LINE('',#477,#478);
#477 = CARTESIAN_POINT('',(9.390322,-45.864842,0.));
#478 = VECTOR('',#479,1.);
#479 = DIRECTION('',(-0.988672580177,-0.150088404635,0.));
#480 = ORIENTED_EDGE('',*,*,#481,.F.);
#481 = EDGE_CURVE('',#482,#474,#484,.T.);
#482 = VERTEX_POINT('',#483);
#483 = CARTESIAN_POINT('',(10.200423,-45.471549,0.));
#484 = LINE('',#485,#486);
#485 = CARTESIAN_POINT('',(10.200423,-45.471549,0.));
#486 = VECTOR('',#487,1.);
#487 = DIRECTION('',(-0.899588717262,-0.436738067696,0.));
#488 = ORIENTED_EDGE('',*,*,#489,.F.);
#489 = EDGE_CURVE('',#490,#482,#492,.T.);
#490 = VERTEX_POINT('',#491);
#491 = CARTESIAN_POINT('',(10.857308,-44.855558,0.));
#492 = LINE('',#493,#494);
#493 = CARTESIAN_POINT('',(10.857308,-44.855558,0.));
#494 = VECTOR('',#495,1.);
#495 = DIRECTION('',(-0.729447818174,-0.684036461427,0.));
#496 = ORIENTED_EDGE('',*,*,#497,.F.);
#497 = EDGE_CURVE('',#498,#490,#500,.T.);
#498 = VERTEX_POINT('',#499);
#499 = CARTESIAN_POINT('',(11.301788,-44.072372,0.));
#500 = LINE('',#501,#502);
#501 = CARTESIAN_POINT('',(11.301788,-44.072372,0.));
#502 = VECTOR('',#503,1.);
#503 = DIRECTION('',(-0.493579504907,-0.869700679738,0.));
#504 = ORIENTED_EDGE('',*,*,#505,.F.);
#505 = EDGE_CURVE('',#506,#498,#508,.T.);
#506 = VERTEX_POINT('',#507);
#507 = CARTESIAN_POINT('',(11.493813,-43.192561,0.));
#508 = LINE('',#509,#510);
#509 = CARTESIAN_POINT('',(11.493813,-43.192561,0.));
#510 = VECTOR('',#511,1.);
#511 = DIRECTION('',(-0.21323728564,-0.977000440129,0.));
#512 = ORIENTED_EDGE('',*,*,#513,.F.);
#513 = EDGE_CURVE('',#514,#506,#516,.T.);
#514 = VERTEX_POINT('',#515);
#515 = CARTESIAN_POINT('',(11.416082,-42.295398,0.));
#516 = LINE('',#517,#518);
#517 = CARTESIAN_POINT('',(11.416082,-42.295398,0.));
#518 = VECTOR('',#519,1.);
#519 = DIRECTION('',(8.63175174155E-02,-0.99626767798,0.));
#520 = ORIENTED_EDGE('',*,*,#521,.F.);
#521 = EDGE_CURVE('',#522,#514,#524,.T.);
#522 = VERTEX_POINT('',#523);
#523 = CARTESIAN_POINT('',(11.075598,-41.461724,0.));
#524 = LINE('',#525,#526);
#525 = CARTESIAN_POINT('',(11.075598,-41.461724,0.));
#526 = VECTOR('',#527,1.);
#527 = DIRECTION('',(0.378095835432,-0.925766460415,0.));
#528 = ORIENTED_EDGE('',*,*,#529,.F.);
#529 = EDGE_CURVE('',#530,#522,#532,.T.);
#530 = VERTEX_POINT('',#531);
#531 = CARTESIAN_POINT('',(10.50304,-40.766655,0.));
#532 = LINE('',#533,#534);
#533 = CARTESIAN_POINT('',(10.50304,-40.766655,0.));
#534 = VECTOR('',#535,1.);
#535 = DIRECTION('',(0.635805334944,-0.771849451679,0.));
#536 = ORIENTED_EDGE('',*,*,#537,.F.);
#537 = EDGE_CURVE('',#538,#530,#540,.T.);
#538 = VERTEX_POINT('',#539);
#539 = CARTESIAN_POINT('',(9.75,-40.272821,0.));
#540 = LINE('',#541,#542);
#541 = CARTESIAN_POINT('',(9.75,-40.272821,0.));
#542 = VECTOR('',#543,1.);
#543 = DIRECTION('',(0.836225383988,-0.54838591081,0.));
#544 = ORIENTED_EDGE('',*,*,#545,.F.);
#545 = EDGE_CURVE('',#546,#538,#548,.T.);
#546 = VERTEX_POINT('',#547);
#547 = CARTESIAN_POINT('',(9.75,-37.6,0.));
#548 = LINE('',#549,#550);
#549 = CARTESIAN_POINT('',(9.75,-37.6,0.));
#550 = VECTOR('',#551,1.);
#551 = DIRECTION('',(0.,-1.,0.));
#552 = ORIENTED_EDGE('',*,*,#553,.F.);
#553 = EDGE_CURVE('',#554,#546,#556,.T.);
#554 = VERTEX_POINT('',#555);
#555 = CARTESIAN_POINT('',(17.75,-37.6,0.));
#556 = LINE('',#557,#558);
#557 = CARTESIAN_POINT('',(17.75,-37.6,0.));
#558 = VECTOR('',#559,1.);
#559 = DIRECTION('',(-1.,0.,0.));
#560 = ORIENTED_EDGE('',*,*,#561,.F.);
#561 = EDGE_CURVE('',#562,#554,#564,.T.);
#562 = VERTEX_POINT('',#563);
#563 = CARTESIAN_POINT('',(17.75,-34.35,0.));
#564 = LINE('',#565,#566);
#565 = CARTESIAN_POINT('',(17.75,-34.35,0.));
#566 = VECTOR('',#567,1.);
#567 = DIRECTION('',(0.,-1.,0.));
#568 = ORIENTED_EDGE('',*,*,#569,.F.);
#569 = EDGE_CURVE('',#570,#562,#572,.T.);
#570 = VERTEX_POINT('',#571);
#571 = CARTESIAN_POINT('',(22.022821,-34.35,0.));
#572 = LINE('',#573,#574);
#573 = CARTESIAN_POINT('',(22.022821,-34.35,0.));
#574 = VECTOR('',#575,1.);
#575 = DIRECTION('',(-1.,0.,0.));
#576 = ORIENTED_EDGE('',*,*,#577,.F.);
#577 = EDGE_CURVE('',#578,#570,#580,.T.);
#578 = VERTEX_POINT('',#579);
#579 = CARTESIAN_POINT('',(22.516655,-35.10304,0.));
#580 = LINE('',#581,#582);
#581 = CARTESIAN_POINT('',(22.516655,-35.10304,0.));
#582 = VECTOR('',#583,1.);
#583 = DIRECTION('',(-0.54838591081,0.836225383988,0.));
#584 = ORIENTED_EDGE('',*,*,#585,.F.);
#585 = EDGE_CURVE('',#586,#578,#588,.T.);
#586 = VERTEX_POINT('',#587);
#587 = CARTESIAN_POINT('',(23.211724,-35.675598,0.));
#588 = LINE('',#589,#590);
#589 = CARTESIAN_POINT('',(23.211724,-35.675598,0.));
#590 = VECTOR('',#591,1.);
#591 = DIRECTION('',(-0.771849451679,0.635805334944,0.));
#592 = ORIENTED_EDGE('',*,*,#593,.F.);
#593 = EDGE_CURVE('',#594,#586,#596,.T.);
#594 = VERTEX_POINT('',#595);
#595 = CARTESIAN_POINT('',(24.045398,-36.016082,0.));
#596 = LINE('',#597,#598);
#597 = CARTESIAN_POINT('',(24.045398,-36.016082,0.));
#598 = VECTOR('',#599,1.);
#599 = DIRECTION('',(-0.925766460415,0.378095835432,0.));
#600 = ORIENTED_EDGE('',*,*,#601,.F.);
#601 = EDGE_CURVE('',#602,#594,#604,.T.);
#602 = VERTEX_POINT('',#603);
#603 = CARTESIAN_POINT('',(24.942561,-36.093813,0.));
#604 = LINE('',#605,#606);
#605 = CARTESIAN_POINT('',(24.942561,-36.093813,0.));
#606 = VECTOR('',#607,1.);
#607 = DIRECTION('',(-0.99626767798,8.63175174155E-02,0.));
#608 = ORIENTED_EDGE('',*,*,#609,.F.);
#609 = EDGE_CURVE('',#610,#602,#612,.T.);
#610 = VERTEX_POINT('',#611);
#611 = CARTESIAN_POINT('',(25.822372,-35.901788,0.));
#612 = LINE('',#613,#614);
#613 = CARTESIAN_POINT('',(25.822372,-35.901788,0.));
#614 = VECTOR('',#615,1.);
#615 = DIRECTION('',(-0.977000440129,-0.21323728564,0.));
#616 = ORIENTED_EDGE('',*,*,#617,.F.);
#617 = EDGE_CURVE('',#618,#610,#620,.T.);
#618 = VERTEX_POINT('',#619);
#619 = CARTESIAN_POINT('',(26.605558,-35.457308,0.));
#620 = LINE('',#621,#622);
#621 = CARTESIAN_POINT('',(26.605558,-35.457308,0.));
#622 = VECTOR('',#623,1.);
#623 = DIRECTION('',(-0.869700679738,-0.493579504907,0.));
#624 = ORIENTED_EDGE('',*,*,#625,.F.);
#625 = EDGE_CURVE('',#626,#618,#628,.T.);
#626 = VERTEX_POINT('',#627);
#627 = CARTESIAN_POINT('',(27.221549,-34.800423,0.));
#628 = LINE('',#629,#630);
#629 = CARTESIAN_POINT('',(27.221549,-34.800423,0.));
#630 = VECTOR('',#631,1.);
#631 = DIRECTION('',(-0.684036461427,-0.729447818174,0.));
#632 = ORIENTED_EDGE('',*,*,#633,.F.);
#633 = EDGE_CURVE('',#634,#626,#636,.T.);
#634 = VERTEX_POINT('',#635);
#635 = CARTESIAN_POINT('',(27.614842,-33.990322,0.));
#636 = LINE('',#637,#638);
#637 = CARTESIAN_POINT('',(27.614842,-33.990322,0.));
#638 = VECTOR('',#639,1.);
#639 = DIRECTION('',(-0.436738067696,-0.899588717262,0.));
#640 = ORIENTED_EDGE('',*,*,#641,.F.);
#641 = EDGE_CURVE('',#642,#634,#644,.T.);
#642 = VERTEX_POINT('',#643);
#643 = CARTESIAN_POINT('',(27.75,-33.1,0.));
#644 = LINE('',#645,#646);
#645 = CARTESIAN_POINT('',(27.75,-33.1,0.));
#646 = VECTOR('',#647,1.);
#647 = DIRECTION('',(-0.150088404635,-0.988672580177,0.));
#648 = ORIENTED_EDGE('',*,*,#649,.F.);
#649 = EDGE_CURVE('',#650,#642,#652,.T.);
#650 = VERTEX_POINT('',#651);
#651 = CARTESIAN_POINT('',(27.614842,-32.209677,0.));
#652 = LINE('',#653,#654);
#653 = CARTESIAN_POINT('',(27.614842,-32.209677,0.));
#654 = VECTOR('',#655,1.);
#655 = DIRECTION('',(0.150088239855,-0.988672605192,0.));
#656 = ORIENTED_EDGE('',*,*,#657,.F.);
#657 = EDGE_CURVE('',#658,#650,#660,.T.);
#658 = VERTEX_POINT('',#659);
#659 = CARTESIAN_POINT('',(27.221549,-31.399576,0.));
#660 = LINE('',#661,#662);
#661 = CARTESIAN_POINT('',(27.221549,-31.399576,0.));
#662 = VECTOR('',#663,1.);
#663 = DIRECTION('',(0.436738067696,-0.899588717262,0.));
#664 = ORIENTED_EDGE('',*,*,#665,.F.);
#665 = EDGE_CURVE('',#666,#658,#668,.T.);
#666 = VERTEX_POINT('',#667);
#667 = CARTESIAN_POINT('',(26.605558,-30.742691,0.));
#668 = LINE('',#669,#670);
#669 = CARTESIAN_POINT('',(26.605558,-30.742691,0.));
#670 = VECTOR('',#671,1.);
#671 = DIRECTION('',(0.684036461427,-0.729447818174,0.));
#672 = ORIENTED_EDGE('',*,*,#673,.F.);
#673 = EDGE_CURVE('',#674,#666,#676,.T.);
#674 = VERTEX_POINT('',#675);
#675 = CARTESIAN_POINT('',(25.822372,-30.298211,0.));
#676 = LINE('',#677,#678);
#677 = CARTESIAN_POINT('',(25.822372,-30.298211,0.));
#678 = VECTOR('',#679,1.);
#679 = DIRECTION('',(0.869700679738,-0.493579504907,0.));
#680 = ORIENTED_EDGE('',*,*,#681,.F.);
#681 = EDGE_CURVE('',#682,#674,#684,.T.);
#682 = VERTEX_POINT('',#683);
#683 = CARTESIAN_POINT('',(24.942561,-30.106186,0.));
#684 = LINE('',#685,#686);
#685 = CARTESIAN_POINT('',(24.942561,-30.106186,0.));
#686 = VECTOR('',#687,1.);
#687 = DIRECTION('',(0.977000440129,-0.21323728564,0.));
#688 = ORIENTED_EDGE('',*,*,#689,.F.);
#689 = EDGE_CURVE('',#690,#682,#692,.T.);
#690 = VERTEX_POINT('',#691);
#691 = CARTESIAN_POINT('',(24.045398,-30.183917,0.));
#692 = LINE('',#693,#694);
#693 = CARTESIAN_POINT('',(24.045398,-30.183917,0.));
#694 = VECTOR('',#695,1.);
#695 = DIRECTION('',(0.99626767798,8.63175174155E-02,0.));
#696 = ORIENTED_EDGE('',*,*,#697,.F.);
#697 = EDGE_CURVE('',#698,#690,#700,.T.);
#698 = VERTEX_POINT('',#699);
#699 = CARTESIAN_POINT('',(23.211724,-30.524401,0.));
#700 = LINE('',#701,#702);
#701 = CARTESIAN_POINT('',(23.211724,-30.524401,0.));
#702 = VECTOR('',#703,1.);
#703 = DIRECTION('',(0.925766460415,0.378095835432,0.));
#704 = ORIENTED_EDGE('',*,*,#705,.F.);
#705 = EDGE_CURVE('',#706,#698,#708,.T.);
#706 = VERTEX_POINT('',#707);
#707 = CARTESIAN_POINT('',(22.516655,-31.096959,0.));
#708 = LINE('',#709,#710);
#709 = CARTESIAN_POINT('',(22.516655,-31.096959,0.));
#710 = VECTOR('',#711,1.);
#711 = DIRECTION('',(0.771849451679,0.635805334944,0.));
#712 = ORIENTED_EDGE('',*,*,#713,.F.);
#713 = EDGE_CURVE('',#714,#706,#716,.T.);
#714 = VERTEX_POINT('',#715);
#715 = CARTESIAN_POINT('',(22.022821,-31.85,0.));
#716 = LINE('',#717,#718);
#717 = CARTESIAN_POINT('',(22.022821,-31.85,0.));
#718 = VECTOR('',#719,1.);
#719 = DIRECTION('',(0.548385401579,0.836225717934,0.));
#720 = ORIENTED_EDGE('',*,*,#721,.F.);
#721 = EDGE_CURVE('',#722,#714,#724,.T.);
#722 = VERTEX_POINT('',#723);
#723 = CARTESIAN_POINT('',(17.75,-31.85,0.));
#724 = LINE('',#725,#726);
#725 = CARTESIAN_POINT('',(17.75,-31.85,0.));
#726 = VECTOR('',#727,1.);
#727 = DIRECTION('',(1.,0.,0.));
#728 = ORIENTED_EDGE('',*,*,#729,.F.);
#729 = EDGE_CURVE('',#730,#722,#732,.T.);
#730 = VERTEX_POINT('',#731);
#731 = CARTESIAN_POINT('',(17.75,-23.06249324319,0.));
#732 = LINE('',#733,#734);
#733 = CARTESIAN_POINT('',(17.75,-1.5,0.));
#734 = VECTOR('',#735,1.);
#735 = DIRECTION('',(0.,-1.,0.));
#736 = ORIENTED_EDGE('',*,*,#737,.T.);
#737 = EDGE_CURVE('',#730,#738,#740,.T.);
#738 = VERTEX_POINT('',#739);
#739 = CARTESIAN_POINT('',(17.75,-22.1375067568,0.));
#740 = CIRCLE('',#741,0.5);
#741 = AXIS2_PLACEMENT_3D('',#742,#743,#744);
#742 = CARTESIAN_POINT('',(17.94,-22.6,0.));
#743 = DIRECTION('',(-0.,0.,-1.));
#744 = DIRECTION('',(-0.,-1.,0.));
#745 = ORIENTED_EDGE('',*,*,#746,.F.);
#746 = EDGE_CURVE('',#747,#738,#749,.T.);
#747 = VERTEX_POINT('',#748);
#748 = CARTESIAN_POINT('',(17.75,-12.01119904079,0.));
#749 = LINE('',#750,#751);
#750 = CARTESIAN_POINT('',(17.75,-1.5,0.));
#751 = VECTOR('',#752,1.);
#752 = DIRECTION('',(0.,-1.,0.));
#753 = ORIENTED_EDGE('',*,*,#754,.T.);
#754 = EDGE_CURVE('',#747,#755,#757,.T.);
#755 = VERTEX_POINT('',#756);
#756 = CARTESIAN_POINT('',(17.74,-12.0113,0.));
#757 = CIRCLE('',#758,0.4953);
#758 = AXIS2_PLACEMENT_3D('',#759,#760,#761);
#759 = CARTESIAN_POINT('',(17.74,-11.516,0.));
#760 = DIRECTION('',(-0.,0.,-1.));
#761 = DIRECTION('',(-7.17285216798E-15,-1.,0.));
#762 = ORIENTED_EDGE('',*,*,#763,.T.);
#763 = EDGE_CURVE('',#755,#764,#766,.T.);
#764 = VERTEX_POINT('',#765);
#765 = CARTESIAN_POINT('',(17.75,-11.0208009592,0.));
#766 = CIRCLE('',#767,0.4953);
#767 = AXIS2_PLACEMENT_3D('',#768,#769,#770);
#768 = CARTESIAN_POINT('',(17.74,-11.516,0.));
#769 = DIRECTION('',(-0.,0.,-1.));
#770 = DIRECTION('',(-7.17285216798E-15,-1.,0.));
#771 = ORIENTED_EDGE('',*,*,#772,.F.);
#772 = EDGE_CURVE('',#773,#764,#775,.T.);
#773 = VERTEX_POINT('',#774);
#774 = CARTESIAN_POINT('',(17.75,-9.979199040791,0.));
#775 = LINE('',#776,#777);
#776 = CARTESIAN_POINT('',(17.75,-1.5,0.));
#777 = VECTOR('',#778,1.);
#778 = DIRECTION('',(0.,-1.,0.));
#779 = ORIENTED_EDGE('',*,*,#780,.T.);
#780 = EDGE_CURVE('',#773,#781,#783,.T.);
#781 = VERTEX_POINT('',#782);
#782 = CARTESIAN_POINT('',(17.74,-9.9793,0.));
#783 = CIRCLE('',#784,0.4953);
#784 = AXIS2_PLACEMENT_3D('',#785,#786,#787);
#785 = CARTESIAN_POINT('',(17.74,-9.484,0.));
#786 = DIRECTION('',(-0.,0.,-1.));
#787 = DIRECTION('',(-7.17285216798E-15,-1.,0.));
#788 = ORIENTED_EDGE('',*,*,#789,.T.);
#789 = EDGE_CURVE('',#781,#111,#790,.T.);
#790 = CIRCLE('',#791,0.4953);
#791 = AXIS2_PLACEMENT_3D('',#792,#793,#794);
#792 = CARTESIAN_POINT('',(17.74,-9.484,0.));
#793 = DIRECTION('',(-0.,0.,-1.));
#794 = DIRECTION('',(-7.17285216798E-15,-1.,0.));
#795 = ORIENTED_EDGE('',*,*,#110,.F.);
#796 = FACE_BOUND('',#797,.F.);
#797 = EDGE_LOOP('',(#798));
#798 = ORIENTED_EDGE('',*,*,#799,.T.);
#799 = EDGE_CURVE('',#800,#800,#802,.T.);
#800 = VERTEX_POINT('',#801);
#801 = CARTESIAN_POINT('',(8.5,-44.35,0.));
#802 = CIRCLE('',#803,1.35);
#803 = AXIS2_PLACEMENT_3D('',#804,#805,#806);
#804 = CARTESIAN_POINT('',(8.5,-43.,0.));
#805 = DIRECTION('',(-0.,0.,-1.));
#806 = DIRECTION('',(-0.,-1.,0.));
#807 = FACE_BOUND('',#808,.F.);
#808 = EDGE_LOOP('',(#809));
#809 = ORIENTED_EDGE('',*,*,#810,.T.);
#810 = EDGE_CURVE('',#811,#811,#813,.T.);
#811 = VERTEX_POINT('',#812);
#812 = CARTESIAN_POINT('',(-4.75,-23.35,0.));
#813 = CIRCLE('',#814,1.35);
#814 = AXIS2_PLACEMENT_3D('',#815,#816,#817);
#815 = CARTESIAN_POINT('',(-4.75,-22.,0.));
#816 = DIRECTION('',(-0.,0.,-1.));
#817 = DIRECTION('',(-0.,-1.,0.));
#818 = FACE_BOUND('',#819,.F.);
#819 = EDGE_LOOP('',(#820));
#820 = ORIENTED_EDGE('',*,*,#821,.T.);
#821 = EDGE_CURVE('',#822,#822,#824,.T.);
#822 = VERTEX_POINT('',#823);
#823 = CARTESIAN_POINT('',(24.75,-34.45,0.));
#824 = CIRCLE('',#825,1.35);
#825 = AXIS2_PLACEMENT_3D('',#826,#827,#828);
#826 = CARTESIAN_POINT('',(24.75,-33.1,0.));
#827 = DIRECTION('',(-0.,0.,-1.));
#828 = DIRECTION('',(-0.,-1.,0.));
#829 = FACE_BOUND('',#830,.F.);
#830 = EDGE_LOOP('',(#831));
#831 = ORIENTED_EDGE('',*,*,#832,.T.);
#832 = EDGE_CURVE('',#833,#833,#835,.T.);
#833 = VERTEX_POINT('',#834);
#834 = CARTESIAN_POINT('',(15.4,-23.1,0.));
#835 = CIRCLE('',#836,0.5);
#836 = AXIS2_PLACEMENT_3D('',#837,#838,#839);
#837 = CARTESIAN_POINT('',(15.4,-22.6,0.));
#838 = DIRECTION('',(-0.,0.,-1.));
#839 = DIRECTION('',(-0.,-1.,0.));
#840 = FACE_BOUND('',#841,.F.);
#841 = EDGE_LOOP('',(#842,#853,#861,#870));
#842 = ORIENTED_EDGE('',*,*,#843,.T.);
#843 = EDGE_CURVE('',#844,#846,#848,.T.);
#844 = VERTEX_POINT('',#845);
#845 = CARTESIAN_POINT('',(5.98,0.8,0.));
#846 = VERTEX_POINT('',#847);
#847 = CARTESIAN_POINT('',(5.38,0.8,0.));
#848 = CIRCLE('',#849,0.3);
#849 = AXIS2_PLACEMENT_3D('',#850,#851,#852);
#850 = CARTESIAN_POINT('',(5.68,0.8,0.));
#851 = DIRECTION('',(-0.,0.,-1.));
#852 = DIRECTION('',(-1.,-1.480297366167E-15,0.));
#853 = ORIENTED_EDGE('',*,*,#854,.T.);
#854 = EDGE_CURVE('',#846,#855,#857,.T.);
#855 = VERTEX_POINT('',#856);
#856 = CARTESIAN_POINT('',(5.38,1.4,0.));
#857 = LINE('',#858,#859);
#858 = CARTESIAN_POINT('',(5.38,0.7,0.));
#859 = VECTOR('',#860,1.);
#860 = DIRECTION('',(-0.,1.,0.));
#861 = ORIENTED_EDGE('',*,*,#862,.T.);
#862 = EDGE_CURVE('',#855,#863,#865,.T.);
#863 = VERTEX_POINT('',#864);
#864 = CARTESIAN_POINT('',(5.98,1.4,0.));
#865 = CIRCLE('',#866,0.3);
#866 = AXIS2_PLACEMENT_3D('',#867,#868,#869);
#867 = CARTESIAN_POINT('',(5.68,1.4,0.));
#868 = DIRECTION('',(0.,-0.,-1.));
#869 = DIRECTION('',(1.,1.480297366167E-15,-0.));
#870 = ORIENTED_EDGE('',*,*,#871,.T.);
#871 = EDGE_CURVE('',#863,#844,#872,.T.);
#872 = LINE('',#873,#874);
#873 = CARTESIAN_POINT('',(5.98,0.4,0.));
#874 = VECTOR('',#875,1.);
#875 = DIRECTION('',(0.,-1.,0.));
#876 = FACE_BOUND('',#877,.F.);
#877 = EDGE_LOOP('',(#878,#889,#897,#906));
#878 = ORIENTED_EDGE('',*,*,#879,.T.);
#879 = EDGE_CURVE('',#880,#882,#884,.T.);
#880 = VERTEX_POINT('',#881);
#881 = CARTESIAN_POINT('',(5.98,4.73,0.));
#882 = VERTEX_POINT('',#883);
#883 = CARTESIAN_POINT('',(5.38,4.73,0.));
#884 = CIRCLE('',#885,0.3);
#885 = AXIS2_PLACEMENT_3D('',#886,#887,#888);
#886 = CARTESIAN_POINT('',(5.68,4.73,0.));
#887 = DIRECTION('',(-0.,0.,-1.));
#888 = DIRECTION('',(-1.,0.,0.));
#889 = ORIENTED_EDGE('',*,*,#890,.T.);
#890 = EDGE_CURVE('',#882,#891,#893,.T.);
#891 = VERTEX_POINT('',#892);
#892 = CARTESIAN_POINT('',(5.38,5.83,0.));
#893 = LINE('',#894,#895);
#894 = CARTESIAN_POINT('',(5.38,2.915,0.));
#895 = VECTOR('',#896,1.);
#896 = DIRECTION('',(-0.,1.,0.));
#897 = ORIENTED_EDGE('',*,*,#898,.T.);
#898 = EDGE_CURVE('',#891,#899,#901,.T.);
#899 = VERTEX_POINT('',#900);
#900 = CARTESIAN_POINT('',(5.98,5.83,0.));
#901 = CIRCLE('',#902,0.3);
#902 = AXIS2_PLACEMENT_3D('',#903,#904,#905);
#903 = CARTESIAN_POINT('',(5.68,5.83,0.));
#904 = DIRECTION('',(0.,-0.,-1.));
#905 = DIRECTION('',(1.,0.,-0.));
#906 = ORIENTED_EDGE('',*,*,#907,.T.);
#907 = EDGE_CURVE('',#899,#880,#908,.T.);
#908 = LINE('',#909,#910);
#909 = CARTESIAN_POINT('',(5.98,2.365,0.));
#910 = VECTOR('',#911,1.);
#911 = DIRECTION('',(0.,-1.,0.));
#912 = FACE_BOUND('',#913,.F.);
#913 = EDGE_LOOP('',(#914));
#914 = ORIENTED_EDGE('',*,*,#915,.T.);
#915 = EDGE_CURVE('',#916,#916,#918,.T.);
#916 = VERTEX_POINT('',#917);
#917 = CARTESIAN_POINT('',(7.11,4.425,0.));
#918 = CIRCLE('',#919,0.325);
#919 = AXIS2_PLACEMENT_3D('',#920,#921,#922);
#920 = CARTESIAN_POINT('',(7.11,4.75,0.));
#921 = DIRECTION('',(-0.,0.,-1.));
#922 = DIRECTION('',(2.732856676E-15,-1.,-0.));
#923 = FACE_BOUND('',#924,.F.);
#924 = EDGE_LOOP('',(#925));
#925 = ORIENTED_EDGE('',*,*,#926,.T.);
#926 = EDGE_CURVE('',#927,#927,#929,.T.);
#927 = VERTEX_POINT('',#928);
#928 = CARTESIAN_POINT('',(12.89,4.425,0.));
#929 = CIRCLE('',#930,0.325);
#930 = AXIS2_PLACEMENT_3D('',#931,#932,#933);
#931 = CARTESIAN_POINT('',(12.89,4.75,0.));
#932 = DIRECTION('',(-0.,0.,-1.));
#933 = DIRECTION('',(-0.,-1.,0.));
#934 = FACE_BOUND('',#935,.F.);
#935 = EDGE_LOOP('',(#936,#947,#955,#964));
#936 = ORIENTED_EDGE('',*,*,#937,.T.);
#937 = EDGE_CURVE('',#938,#940,#942,.T.);
#938 = VERTEX_POINT('',#939);
#939 = CARTESIAN_POINT('',(14.62,0.8,0.));
#940 = VERTEX_POINT('',#941);
#941 = CARTESIAN_POINT('',(14.02,0.8,0.));
#942 = CIRCLE('',#943,0.3);
#943 = AXIS2_PLACEMENT_3D('',#944,#945,#946);
#944 = CARTESIAN_POINT('',(14.32,0.8,0.));
#945 = DIRECTION('',(-0.,0.,-1.));
#946 = DIRECTION('',(-1.,2.22044604925E-15,0.));
#947 = ORIENTED_EDGE('',*,*,#948,.T.);
#948 = EDGE_CURVE('',#940,#949,#951,.T.);
#949 = VERTEX_POINT('',#950);
#950 = CARTESIAN_POINT('',(14.02,1.4,0.));
#951 = LINE('',#952,#953);
#952 = CARTESIAN_POINT('',(14.02,0.7,0.));
#953 = VECTOR('',#954,1.);
#954 = DIRECTION('',(-0.,1.,0.));
#955 = ORIENTED_EDGE('',*,*,#956,.T.);
#956 = EDGE_CURVE('',#949,#957,#959,.T.);
#957 = VERTEX_POINT('',#958);
#958 = CARTESIAN_POINT('',(14.62,1.4,0.));
#959 = CIRCLE('',#960,0.3);
#960 = AXIS2_PLACEMENT_3D('',#961,#962,#963);
#961 = CARTESIAN_POINT('',(14.32,1.4,0.));
#962 = DIRECTION('',(0.,-0.,-1.));
#963 = DIRECTION('',(1.,-1.480297366167E-15,0.));
#964 = ORIENTED_EDGE('',*,*,#965,.T.);
#965 = EDGE_CURVE('',#957,#938,#966,.T.);
#966 = LINE('',#967,#968);
#967 = CARTESIAN_POINT('',(14.62,0.4,0.));
#968 = VECTOR('',#969,1.);
#969 = DIRECTION('',(0.,-1.,0.));
#970 = FACE_BOUND('',#971,.F.);
#971 = EDGE_LOOP('',(#972,#983,#991,#1000));
#972 = ORIENTED_EDGE('',*,*,#973,.T.);
#973 = EDGE_CURVE('',#974,#976,#978,.T.);
#974 = VERTEX_POINT('',#975);
#975 = CARTESIAN_POINT('',(14.62,4.73,0.));
#976 = VERTEX_POINT('',#977);
#977 = CARTESIAN_POINT('',(14.02,4.73,0.));
#978 = CIRCLE('',#979,0.3);
#979 = AXIS2_PLACEMENT_3D('',#980,#981,#982);
#980 = CARTESIAN_POINT('',(14.32,4.73,0.));
#981 = DIRECTION('',(-0.,0.,-1.));
#982 = DIRECTION('',(-1.,2.960594732334E-15,0.));
#983 = ORIENTED_EDGE('',*,*,#984,.T.);
#984 = EDGE_CURVE('',#976,#985,#987,.T.);
#985 = VERTEX_POINT('',#986);
#986 = CARTESIAN_POINT('',(14.02,5.83,0.));
#987 = LINE('',#988,#989);
#988 = CARTESIAN_POINT('',(14.02,2.915,0.));
#989 = VECTOR('',#990,1.);
#990 = DIRECTION('',(-0.,1.,0.));
#991 = ORIENTED_EDGE('',*,*,#992,.T.);
#992 = EDGE_CURVE('',#985,#993,#995,.T.);
#993 = VERTEX_POINT('',#994);
#994 = CARTESIAN_POINT('',(14.62,5.83,0.));
#995 = CIRCLE('',#996,0.3);
#996 = AXIS2_PLACEMENT_3D('',#997,#998,#999);
#997 = CARTESIAN_POINT('',(14.32,5.83,0.));
#998 = DIRECTION('',(0.,-0.,-1.));
#999 = DIRECTION('',(1.,-2.960594732334E-15,0.));
#1000 = ORIENTED_EDGE('',*,*,#1001,.T.);
#1001 = EDGE_CURVE('',#993,#974,#1002,.T.);
#1002 = LINE('',#1003,#1004);
#1003 = CARTESIAN_POINT('',(14.62,2.365,0.));
#1004 = VECTOR('',#1005,1.);
#1005 = DIRECTION('',(0.,-1.,0.));
#1006 = PLANE('',#1007);
#1007 = AXIS2_PLACEMENT_3D('',#1008,#1009,#1010);
#1008 = CARTESIAN_POINT('',(0.,0.,0.));
#1009 = DIRECTION('',(0.,0.,1.));
#1010 = DIRECTION('',(1.,0.,-0.));
#1011 = ADVANCED_FACE('',(#1012,#1670,#1681,#1692,#1703,#1714,#1750,
    #1786,#1797,#1808,#1844),#1880,.T.);
#1012 = FACE_BOUND('',#1013,.T.);
#1013 = EDGE_LOOP('',(#1014,#1015,#1016,#1024,#1032,#1040,#1048,#1057,
    #1066,#1074,#1082,#1090,#1098,#1106,#1114,#1122,#1130,#1138,#1146,
    #1154,#1162,#1170,#1178,#1186,#1194,#1202,#1210,#1218,#1226,#1234,
    #1242,#1250,#1258,#1266,#1274,#1282,#1290,#1298,#1306,#1314,#1322,
    #1330,#1338,#1346,#1354,#1362,#1370,#1378,#1386,#1394,#1402,#1410,
    #1418,#1426,#1434,#1442,#1450,#1458,#1466,#1474,#1482,#1490,#1498,
    #1506,#1514,#1522,#1530,#1538,#1546,#1554,#1562,#1570,#1578,#1586,
    #1594,#1602,#1610,#1619,#1627,#1636,#1645,#1653,#1662,#1669));
#1014 = ORIENTED_EDGE('',*,*,#49,.F.);
#1015 = ORIENTED_EDGE('',*,*,#89,.F.);
#1016 = ORIENTED_EDGE('',*,*,#1017,.F.);
#1017 = EDGE_CURVE('',#1018,#82,#1020,.T.);
#1018 = VERTEX_POINT('',#1019);
#1019 = CARTESIAN_POINT('',(4.5,7.7,2.E-02));
#1020 = LINE('',#1021,#1022);
#1021 = CARTESIAN_POINT('',(4.5,7.7,2.E-02));
#1022 = VECTOR('',#1023,1.);
#1023 = DIRECTION('',(1.,0.,0.));
#1024 = ORIENTED_EDGE('',*,*,#1025,.F.);
#1025 = EDGE_CURVE('',#1026,#1018,#1028,.T.);
#1026 = VERTEX_POINT('',#1027);
#1027 = CARTESIAN_POINT('',(4.5,-1.5,2.E-02));
#1028 = LINE('',#1029,#1030);
#1029 = CARTESIAN_POINT('',(4.5,-1.5,2.E-02));
#1030 = VECTOR('',#1031,1.);
#1031 = DIRECTION('',(0.,1.,0.));
#1032 = ORIENTED_EDGE('',*,*,#1033,.F.);
#1033 = EDGE_CURVE('',#1034,#1026,#1036,.T.);
#1034 = VERTEX_POINT('',#1035);
#1035 = CARTESIAN_POINT('',(12.5,-1.5,2.E-02));
#1036 = LINE('',#1037,#1038);
#1037 = CARTESIAN_POINT('',(12.5,-1.5,2.E-02));
#1038 = VECTOR('',#1039,1.);
#1039 = DIRECTION('',(-1.,0.,0.));
#1040 = ORIENTED_EDGE('',*,*,#1041,.F.);
#1041 = EDGE_CURVE('',#1042,#1034,#1044,.T.);
#1042 = VERTEX_POINT('',#1043);
#1043 = CARTESIAN_POINT('',(12.5,-10.03125477069,2.E-02));
#1044 = LINE('',#1045,#1046);
#1045 = CARTESIAN_POINT('',(12.5,-18.6,2.E-02));
#1046 = VECTOR('',#1047,1.);
#1047 = DIRECTION('',(0.,1.,0.));
#1048 = ORIENTED_EDGE('',*,*,#1049,.T.);
#1049 = EDGE_CURVE('',#1042,#1050,#1052,.T.);
#1050 = VERTEX_POINT('',#1051);
#1051 = CARTESIAN_POINT('',(12.66,-10.9953,2.E-02));
#1052 = CIRCLE('',#1053,0.4953);
#1053 = AXIS2_PLACEMENT_3D('',#1054,#1055,#1056);
#1054 = CARTESIAN_POINT('',(12.66,-10.5,2.E-02));
#1055 = DIRECTION('',(-0.,0.,-1.));
#1056 = DIRECTION('',(-0.,-1.,0.));
#1057 = ORIENTED_EDGE('',*,*,#1058,.T.);
#1058 = EDGE_CURVE('',#1050,#1059,#1061,.T.);
#1059 = VERTEX_POINT('',#1060);
#1060 = CARTESIAN_POINT('',(12.5,-10.9687452293,2.E-02));
#1061 = CIRCLE('',#1062,0.4953);
#1062 = AXIS2_PLACEMENT_3D('',#1063,#1064,#1065);
#1063 = CARTESIAN_POINT('',(12.66,-10.5,2.E-02));
#1064 = DIRECTION('',(-0.,0.,-1.));
#1065 = DIRECTION('',(-0.,-1.,0.));
#1066 = ORIENTED_EDGE('',*,*,#1067,.F.);
#1067 = EDGE_CURVE('',#1068,#1059,#1070,.T.);
#1068 = VERTEX_POINT('',#1069);
#1069 = CARTESIAN_POINT('',(12.5,-18.6,2.E-02));
#1070 = LINE('',#1071,#1072);
#1071 = CARTESIAN_POINT('',(12.5,-18.6,2.E-02));
#1072 = VECTOR('',#1073,1.);
#1073 = DIRECTION('',(0.,1.,0.));
#1074 = ORIENTED_EDGE('',*,*,#1075,.F.);
#1075 = EDGE_CURVE('',#1076,#1068,#1078,.T.);
#1076 = VERTEX_POINT('',#1077);
#1077 = CARTESIAN_POINT('',(2.25,-18.6,2.E-02));
#1078 = LINE('',#1079,#1080);
#1079 = CARTESIAN_POINT('',(2.25,-18.6,2.E-02));
#1080 = VECTOR('',#1081,1.);
#1081 = DIRECTION('',(1.,0.,0.));
#1082 = ORIENTED_EDGE('',*,*,#1083,.F.);
#1083 = EDGE_CURVE('',#1084,#1076,#1086,.T.);
#1084 = VERTEX_POINT('',#1085);
#1085 = CARTESIAN_POINT('',(2.25,-20.75,2.E-02));
#1086 = LINE('',#1087,#1088);
#1087 = CARTESIAN_POINT('',(2.25,-20.75,2.E-02));
#1088 = VECTOR('',#1089,1.);
#1089 = DIRECTION('',(0.,1.,0.));
#1090 = ORIENTED_EDGE('',*,*,#1091,.F.);
#1091 = EDGE_CURVE('',#1092,#1084,#1094,.T.);
#1092 = VERTEX_POINT('',#1093);
#1093 = CARTESIAN_POINT('',(-2.022821,-20.75,2.E-02));
#1094 = LINE('',#1095,#1096);
#1095 = CARTESIAN_POINT('',(-2.022821,-20.75,2.E-02));
#1096 = VECTOR('',#1097,1.);
#1097 = DIRECTION('',(1.,0.,0.));
#1098 = ORIENTED_EDGE('',*,*,#1099,.F.);
#1099 = EDGE_CURVE('',#1100,#1092,#1102,.T.);
#1100 = VERTEX_POINT('',#1101);
#1101 = CARTESIAN_POINT('',(-2.516655,-19.996959,2.E-02));
#1102 = LINE('',#1103,#1104);
#1103 = CARTESIAN_POINT('',(-2.516655,-19.996959,2.E-02));
#1104 = VECTOR('',#1105,1.);
#1105 = DIRECTION('',(0.548385401579,-0.836225717934,0.));
#1106 = ORIENTED_EDGE('',*,*,#1107,.F.);
#1107 = EDGE_CURVE('',#1108,#1100,#1110,.T.);
#1108 = VERTEX_POINT('',#1109);
#1109 = CARTESIAN_POINT('',(-3.211724,-19.424401,2.E-02));
#1110 = LINE('',#1111,#1112);
#1111 = CARTESIAN_POINT('',(-3.211724,-19.424401,2.E-02));
#1112 = VECTOR('',#1113,1.);
#1113 = DIRECTION('',(0.771849451679,-0.635805334944,0.));
#1114 = ORIENTED_EDGE('',*,*,#1115,.F.);
#1115 = EDGE_CURVE('',#1116,#1108,#1118,.T.);
#1116 = VERTEX_POINT('',#1117);
#1117 = CARTESIAN_POINT('',(-4.045398,-19.083917,2.E-02));
#1118 = LINE('',#1119,#1120);
#1119 = CARTESIAN_POINT('',(-4.045398,-19.083917,2.E-02));
#1120 = VECTOR('',#1121,1.);
#1121 = DIRECTION('',(0.925766460415,-0.378095835432,0.));
#1122 = ORIENTED_EDGE('',*,*,#1123,.F.);
#1123 = EDGE_CURVE('',#1124,#1116,#1126,.T.);
#1124 = VERTEX_POINT('',#1125);
#1125 = CARTESIAN_POINT('',(-4.942561,-19.006186,2.E-02));
#1126 = LINE('',#1127,#1128);
#1127 = CARTESIAN_POINT('',(-4.942561,-19.006186,2.E-02));
#1128 = VECTOR('',#1129,1.);
#1129 = DIRECTION('',(0.99626767798,-8.63175174155E-02,0.));
#1130 = ORIENTED_EDGE('',*,*,#1131,.F.);
#1131 = EDGE_CURVE('',#1132,#1124,#1134,.T.);
#1132 = VERTEX_POINT('',#1133);
#1133 = CARTESIAN_POINT('',(-5.822372,-19.198211,2.E-02));
#1134 = LINE('',#1135,#1136);
#1135 = CARTESIAN_POINT('',(-5.822372,-19.198211,2.E-02));
#1136 = VECTOR('',#1137,1.);
#1137 = DIRECTION('',(0.977000440129,0.21323728564,0.));
#1138 = ORIENTED_EDGE('',*,*,#1139,.F.);
#1139 = EDGE_CURVE('',#1140,#1132,#1142,.T.);
#1140 = VERTEX_POINT('',#1141);
#1141 = CARTESIAN_POINT('',(-6.605558,-19.642691,2.E-02));
#1142 = LINE('',#1143,#1144);
#1143 = CARTESIAN_POINT('',(-6.605558,-19.642691,2.E-02));
#1144 = VECTOR('',#1145,1.);
#1145 = DIRECTION('',(0.869700679738,0.493579504907,0.));
#1146 = ORIENTED_EDGE('',*,*,#1147,.F.);
#1147 = EDGE_CURVE('',#1148,#1140,#1150,.T.);
#1148 = VERTEX_POINT('',#1149);
#1149 = CARTESIAN_POINT('',(-7.221549,-20.299576,2.E-02));
#1150 = LINE('',#1151,#1152);
#1151 = CARTESIAN_POINT('',(-7.221549,-20.299576,2.E-02));
#1152 = VECTOR('',#1153,1.);
#1153 = DIRECTION('',(0.684036461427,0.729447818174,0.));
#1154 = ORIENTED_EDGE('',*,*,#1155,.F.);
#1155 = EDGE_CURVE('',#1156,#1148,#1158,.T.);
#1156 = VERTEX_POINT('',#1157);
#1157 = CARTESIAN_POINT('',(-7.614842,-21.109677,2.E-02));
#1158 = LINE('',#1159,#1160);
#1159 = CARTESIAN_POINT('',(-7.614842,-21.109677,2.E-02));
#1160 = VECTOR('',#1161,1.);
#1161 = DIRECTION('',(0.436738067696,0.899588717262,0.));
#1162 = ORIENTED_EDGE('',*,*,#1163,.F.);
#1163 = EDGE_CURVE('',#1164,#1156,#1166,.T.);
#1164 = VERTEX_POINT('',#1165);
#1165 = CARTESIAN_POINT('',(-7.75,-22.,2.E-02));
#1166 = LINE('',#1167,#1168);
#1167 = CARTESIAN_POINT('',(-7.75,-22.,2.E-02));
#1168 = VECTOR('',#1169,1.);
#1169 = DIRECTION('',(0.150088239855,0.988672605192,0.));
#1170 = ORIENTED_EDGE('',*,*,#1171,.F.);
#1171 = EDGE_CURVE('',#1172,#1164,#1174,.T.);
#1172 = VERTEX_POINT('',#1173);
#1173 = CARTESIAN_POINT('',(-7.614842,-22.890322,2.E-02));
#1174 = LINE('',#1175,#1176);
#1175 = CARTESIAN_POINT('',(-7.614842,-22.890322,2.E-02));
#1176 = VECTOR('',#1177,1.);
#1177 = DIRECTION('',(-0.150088404635,0.988672580177,0.));
#1178 = ORIENTED_EDGE('',*,*,#1179,.F.);
#1179 = EDGE_CURVE('',#1180,#1172,#1182,.T.);
#1180 = VERTEX_POINT('',#1181);
#1181 = CARTESIAN_POINT('',(-7.221549,-23.700423,2.E-02));
#1182 = LINE('',#1183,#1184);
#1183 = CARTESIAN_POINT('',(-7.221549,-23.700423,2.E-02));
#1184 = VECTOR('',#1185,1.);
#1185 = DIRECTION('',(-0.436738067696,0.899588717262,0.));
#1186 = ORIENTED_EDGE('',*,*,#1187,.F.);
#1187 = EDGE_CURVE('',#1188,#1180,#1190,.T.);
#1188 = VERTEX_POINT('',#1189);
#1189 = CARTESIAN_POINT('',(-6.605558,-24.357308,2.E-02));
#1190 = LINE('',#1191,#1192);
#1191 = CARTESIAN_POINT('',(-6.605558,-24.357308,2.E-02));
#1192 = VECTOR('',#1193,1.);
#1193 = DIRECTION('',(-0.684036461427,0.729447818174,0.));
#1194 = ORIENTED_EDGE('',*,*,#1195,.F.);
#1195 = EDGE_CURVE('',#1196,#1188,#1198,.T.);
#1196 = VERTEX_POINT('',#1197);
#1197 = CARTESIAN_POINT('',(-5.822372,-24.801788,2.E-02));
#1198 = LINE('',#1199,#1200);
#1199 = CARTESIAN_POINT('',(-5.822372,-24.801788,2.E-02));
#1200 = VECTOR('',#1201,1.);
#1201 = DIRECTION('',(-0.869700679738,0.493579504907,0.));
#1202 = ORIENTED_EDGE('',*,*,#1203,.F.);
#1203 = EDGE_CURVE('',#1204,#1196,#1206,.T.);
#1204 = VERTEX_POINT('',#1205);
#1205 = CARTESIAN_POINT('',(-4.942561,-24.993813,2.E-02));
#1206 = LINE('',#1207,#1208);
#1207 = CARTESIAN_POINT('',(-4.942561,-24.993813,2.E-02));
#1208 = VECTOR('',#1209,1.);
#1209 = DIRECTION('',(-0.977000440129,0.21323728564,0.));
#1210 = ORIENTED_EDGE('',*,*,#1211,.F.);
#1211 = EDGE_CURVE('',#1212,#1204,#1214,.T.);
#1212 = VERTEX_POINT('',#1213);
#1213 = CARTESIAN_POINT('',(-4.045398,-24.916082,2.E-02));
#1214 = LINE('',#1215,#1216);
#1215 = CARTESIAN_POINT('',(-4.045398,-24.916082,2.E-02));
#1216 = VECTOR('',#1217,1.);
#1217 = DIRECTION('',(-0.99626767798,-8.63175174155E-02,0.));
#1218 = ORIENTED_EDGE('',*,*,#1219,.F.);
#1219 = EDGE_CURVE('',#1220,#1212,#1222,.T.);
#1220 = VERTEX_POINT('',#1221);
#1221 = CARTESIAN_POINT('',(-3.211724,-24.575598,2.E-02));
#1222 = LINE('',#1223,#1224);
#1223 = CARTESIAN_POINT('',(-3.211724,-24.575598,2.E-02));
#1224 = VECTOR('',#1225,1.);
#1225 = DIRECTION('',(-0.925766460415,-0.378095835432,0.));
#1226 = ORIENTED_EDGE('',*,*,#1227,.F.);
#1227 = EDGE_CURVE('',#1228,#1220,#1230,.T.);
#1228 = VERTEX_POINT('',#1229);
#1229 = CARTESIAN_POINT('',(-2.516655,-24.00304,2.E-02));
#1230 = LINE('',#1231,#1232);
#1231 = CARTESIAN_POINT('',(-2.516655,-24.00304,2.E-02));
#1232 = VECTOR('',#1233,1.);
#1233 = DIRECTION('',(-0.771849451679,-0.635805334944,0.));
#1234 = ORIENTED_EDGE('',*,*,#1235,.F.);
#1235 = EDGE_CURVE('',#1236,#1228,#1238,.T.);
#1236 = VERTEX_POINT('',#1237);
#1237 = CARTESIAN_POINT('',(-2.022821,-23.25,2.E-02));
#1238 = LINE('',#1239,#1240);
#1239 = CARTESIAN_POINT('',(-2.022821,-23.25,2.E-02));
#1240 = VECTOR('',#1241,1.);
#1241 = DIRECTION('',(-0.54838591081,-0.836225383988,0.));
#1242 = ORIENTED_EDGE('',*,*,#1243,.F.);
#1243 = EDGE_CURVE('',#1244,#1236,#1246,.T.);
#1244 = VERTEX_POINT('',#1245);
#1245 = CARTESIAN_POINT('',(2.25,-23.25,2.E-02));
#1246 = LINE('',#1247,#1248);
#1247 = CARTESIAN_POINT('',(2.25,-23.25,2.E-02));
#1248 = VECTOR('',#1249,1.);
#1249 = DIRECTION('',(-1.,0.,0.));
#1250 = ORIENTED_EDGE('',*,*,#1251,.F.);
#1251 = EDGE_CURVE('',#1252,#1244,#1254,.T.);
#1252 = VERTEX_POINT('',#1253);
#1253 = CARTESIAN_POINT('',(2.25,-37.6,2.E-02));
#1254 = LINE('',#1255,#1256);
#1255 = CARTESIAN_POINT('',(2.25,-37.6,2.E-02));
#1256 = VECTOR('',#1257,1.);
#1257 = DIRECTION('',(0.,1.,0.));
#1258 = ORIENTED_EDGE('',*,*,#1259,.F.);
#1259 = EDGE_CURVE('',#1260,#1252,#1262,.T.);
#1260 = VERTEX_POINT('',#1261);
#1261 = CARTESIAN_POINT('',(7.25,-37.6,2.E-02));
#1262 = LINE('',#1263,#1264);
#1263 = CARTESIAN_POINT('',(7.25,-37.6,2.E-02));
#1264 = VECTOR('',#1265,1.);
#1265 = DIRECTION('',(-1.,0.,0.));
#1266 = ORIENTED_EDGE('',*,*,#1267,.F.);
#1267 = EDGE_CURVE('',#1268,#1260,#1270,.T.);
#1268 = VERTEX_POINT('',#1269);
#1269 = CARTESIAN_POINT('',(7.25,-40.272821,2.E-02));
#1270 = LINE('',#1271,#1272);
#1271 = CARTESIAN_POINT('',(7.25,-40.272821,2.E-02));
#1272 = VECTOR('',#1273,1.);
#1273 = DIRECTION('',(0.,1.,0.));
#1274 = ORIENTED_EDGE('',*,*,#1275,.F.);
#1275 = EDGE_CURVE('',#1276,#1268,#1278,.T.);
#1276 = VERTEX_POINT('',#1277);
#1277 = CARTESIAN_POINT('',(6.496959,-40.766655,2.E-02));
#1278 = LINE('',#1279,#1280);
#1279 = CARTESIAN_POINT('',(6.496959,-40.766655,2.E-02));
#1280 = VECTOR('',#1281,1.);
#1281 = DIRECTION('',(0.836225717934,0.548385401579,0.));
#1282 = ORIENTED_EDGE('',*,*,#1283,.F.);
#1283 = EDGE_CURVE('',#1284,#1276,#1286,.T.);
#1284 = VERTEX_POINT('',#1285);
#1285 = CARTESIAN_POINT('',(5.924401,-41.461724,2.E-02));
#1286 = LINE('',#1287,#1288);
#1287 = CARTESIAN_POINT('',(5.924401,-41.461724,2.E-02));
#1288 = VECTOR('',#1289,1.);
#1289 = DIRECTION('',(0.635805334944,0.771849451679,0.));
#1290 = ORIENTED_EDGE('',*,*,#1291,.F.);
#1291 = EDGE_CURVE('',#1292,#1284,#1294,.T.);
#1292 = VERTEX_POINT('',#1293);
#1293 = CARTESIAN_POINT('',(5.583917,-42.295398,2.E-02));
#1294 = LINE('',#1295,#1296);
#1295 = CARTESIAN_POINT('',(5.583917,-42.295398,2.E-02));
#1296 = VECTOR('',#1297,1.);
#1297 = DIRECTION('',(0.378095835432,0.925766460415,0.));
#1298 = ORIENTED_EDGE('',*,*,#1299,.F.);
#1299 = EDGE_CURVE('',#1300,#1292,#1302,.T.);
#1300 = VERTEX_POINT('',#1301);
#1301 = CARTESIAN_POINT('',(5.506186,-43.192561,2.E-02));
#1302 = LINE('',#1303,#1304);
#1303 = CARTESIAN_POINT('',(5.506186,-43.192561,2.E-02));
#1304 = VECTOR('',#1305,1.);
#1305 = DIRECTION('',(8.63175174155E-02,0.99626767798,0.));
#1306 = ORIENTED_EDGE('',*,*,#1307,.F.);
#1307 = EDGE_CURVE('',#1308,#1300,#1310,.T.);
#1308 = VERTEX_POINT('',#1309);
#1309 = CARTESIAN_POINT('',(5.698211,-44.072372,2.E-02));
#1310 = LINE('',#1311,#1312);
#1311 = CARTESIAN_POINT('',(5.698211,-44.072372,2.E-02));
#1312 = VECTOR('',#1313,1.);
#1313 = DIRECTION('',(-0.21323728564,0.977000440129,0.));
#1314 = ORIENTED_EDGE('',*,*,#1315,.F.);
#1315 = EDGE_CURVE('',#1316,#1308,#1318,.T.);
#1316 = VERTEX_POINT('',#1317);
#1317 = CARTESIAN_POINT('',(6.142691,-44.855558,2.E-02));
#1318 = LINE('',#1319,#1320);
#1319 = CARTESIAN_POINT('',(6.142691,-44.855558,2.E-02));
#1320 = VECTOR('',#1321,1.);
#1321 = DIRECTION('',(-0.493579504907,0.869700679738,0.));
#1322 = ORIENTED_EDGE('',*,*,#1323,.F.);
#1323 = EDGE_CURVE('',#1324,#1316,#1326,.T.);
#1324 = VERTEX_POINT('',#1325);
#1325 = CARTESIAN_POINT('',(6.799576,-45.471549,2.E-02));
#1326 = LINE('',#1327,#1328);
#1327 = CARTESIAN_POINT('',(6.799576,-45.471549,2.E-02));
#1328 = VECTOR('',#1329,1.);
#1329 = DIRECTION('',(-0.729447818174,0.684036461427,0.));
#1330 = ORIENTED_EDGE('',*,*,#1331,.F.);
#1331 = EDGE_CURVE('',#1332,#1324,#1334,.T.);
#1332 = VERTEX_POINT('',#1333);
#1333 = CARTESIAN_POINT('',(7.609677,-45.864842,2.E-02));
#1334 = LINE('',#1335,#1336);
#1335 = CARTESIAN_POINT('',(7.609677,-45.864842,2.E-02));
#1336 = VECTOR('',#1337,1.);
#1337 = DIRECTION('',(-0.899588717262,0.436738067696,0.));
#1338 = ORIENTED_EDGE('',*,*,#1339,.F.);
#1339 = EDGE_CURVE('',#1340,#1332,#1342,.T.);
#1340 = VERTEX_POINT('',#1341);
#1341 = CARTESIAN_POINT('',(8.5,-46.,2.E-02));
#1342 = LINE('',#1343,#1344);
#1343 = CARTESIAN_POINT('',(8.5,-46.,2.E-02));
#1344 = VECTOR('',#1345,1.);
#1345 = DIRECTION('',(-0.988672605192,0.150088239855,0.));
#1346 = ORIENTED_EDGE('',*,*,#1347,.F.);
#1347 = EDGE_CURVE('',#1348,#1340,#1350,.T.);
#1348 = VERTEX_POINT('',#1349);
#1349 = CARTESIAN_POINT('',(9.390322,-45.864842,2.E-02));
#1350 = LINE('',#1351,#1352);
#1351 = CARTESIAN_POINT('',(9.390322,-45.864842,2.E-02));
#1352 = VECTOR('',#1353,1.);
#1353 = DIRECTION('',(-0.988672580177,-0.150088404635,0.));
#1354 = ORIENTED_EDGE('',*,*,#1355,.F.);
#1355 = EDGE_CURVE('',#1356,#1348,#1358,.T.);
#1356 = VERTEX_POINT('',#1357);
#1357 = CARTESIAN_POINT('',(10.200423,-45.471549,2.E-02));
#1358 = LINE('',#1359,#1360);
#1359 = CARTESIAN_POINT('',(10.200423,-45.471549,2.E-02));
#1360 = VECTOR('',#1361,1.);
#1361 = DIRECTION('',(-0.899588717262,-0.436738067696,0.));
#1362 = ORIENTED_EDGE('',*,*,#1363,.F.);
#1363 = EDGE_CURVE('',#1364,#1356,#1366,.T.);
#1364 = VERTEX_POINT('',#1365);
#1365 = CARTESIAN_POINT('',(10.857308,-44.855558,2.E-02));
#1366 = LINE('',#1367,#1368);
#1367 = CARTESIAN_POINT('',(10.857308,-44.855558,2.E-02));
#1368 = VECTOR('',#1369,1.);
#1369 = DIRECTION('',(-0.729447818174,-0.684036461427,0.));
#1370 = ORIENTED_EDGE('',*,*,#1371,.F.);
#1371 = EDGE_CURVE('',#1372,#1364,#1374,.T.);
#1372 = VERTEX_POINT('',#1373);
#1373 = CARTESIAN_POINT('',(11.301788,-44.072372,2.E-02));
#1374 = LINE('',#1375,#1376);
#1375 = CARTESIAN_POINT('',(11.301788,-44.072372,2.E-02));
#1376 = VECTOR('',#1377,1.);
#1377 = DIRECTION('',(-0.493579504907,-0.869700679738,0.));
#1378 = ORIENTED_EDGE('',*,*,#1379,.F.);
#1379 = EDGE_CURVE('',#1380,#1372,#1382,.T.);
#1380 = VERTEX_POINT('',#1381);
#1381 = CARTESIAN_POINT('',(11.493813,-43.192561,2.E-02));
#1382 = LINE('',#1383,#1384);
#1383 = CARTESIAN_POINT('',(11.493813,-43.192561,2.E-02));
#1384 = VECTOR('',#1385,1.);
#1385 = DIRECTION('',(-0.21323728564,-0.977000440129,0.));
#1386 = ORIENTED_EDGE('',*,*,#1387,.F.);
#1387 = EDGE_CURVE('',#1388,#1380,#1390,.T.);
#1388 = VERTEX_POINT('',#1389);
#1389 = CARTESIAN_POINT('',(11.416082,-42.295398,2.E-02));
#1390 = LINE('',#1391,#1392);
#1391 = CARTESIAN_POINT('',(11.416082,-42.295398,2.E-02));
#1392 = VECTOR('',#1393,1.);
#1393 = DIRECTION('',(8.63175174155E-02,-0.99626767798,0.));
#1394 = ORIENTED_EDGE('',*,*,#1395,.F.);
#1395 = EDGE_CURVE('',#1396,#1388,#1398,.T.);
#1396 = VERTEX_POINT('',#1397);
#1397 = CARTESIAN_POINT('',(11.075598,-41.461724,2.E-02));
#1398 = LINE('',#1399,#1400);
#1399 = CARTESIAN_POINT('',(11.075598,-41.461724,2.E-02));
#1400 = VECTOR('',#1401,1.);
#1401 = DIRECTION('',(0.378095835432,-0.925766460415,0.));
#1402 = ORIENTED_EDGE('',*,*,#1403,.F.);
#1403 = EDGE_CURVE('',#1404,#1396,#1406,.T.);
#1404 = VERTEX_POINT('',#1405);
#1405 = CARTESIAN_POINT('',(10.50304,-40.766655,2.E-02));
#1406 = LINE('',#1407,#1408);
#1407 = CARTESIAN_POINT('',(10.50304,-40.766655,2.E-02));
#1408 = VECTOR('',#1409,1.);
#1409 = DIRECTION('',(0.635805334944,-0.771849451679,0.));
#1410 = ORIENTED_EDGE('',*,*,#1411,.F.);
#1411 = EDGE_CURVE('',#1412,#1404,#1414,.T.);
#1412 = VERTEX_POINT('',#1413);
#1413 = CARTESIAN_POINT('',(9.75,-40.272821,2.E-02));
#1414 = LINE('',#1415,#1416);
#1415 = CARTESIAN_POINT('',(9.75,-40.272821,2.E-02));
#1416 = VECTOR('',#1417,1.);
#1417 = DIRECTION('',(0.836225383988,-0.54838591081,0.));
#1418 = ORIENTED_EDGE('',*,*,#1419,.F.);
#1419 = EDGE_CURVE('',#1420,#1412,#1422,.T.);
#1420 = VERTEX_POINT('',#1421);
#1421 = CARTESIAN_POINT('',(9.75,-37.6,2.E-02));
#1422 = LINE('',#1423,#1424);
#1423 = CARTESIAN_POINT('',(9.75,-37.6,2.E-02));
#1424 = VECTOR('',#1425,1.);
#1425 = DIRECTION('',(0.,-1.,0.));
#1426 = ORIENTED_EDGE('',*,*,#1427,.F.);
#1427 = EDGE_CURVE('',#1428,#1420,#1430,.T.);
#1428 = VERTEX_POINT('',#1429);
#1429 = CARTESIAN_POINT('',(17.75,-37.6,2.E-02));
#1430 = LINE('',#1431,#1432);
#1431 = CARTESIAN_POINT('',(17.75,-37.6,2.E-02));
#1432 = VECTOR('',#1433,1.);
#1433 = DIRECTION('',(-1.,0.,0.));
#1434 = ORIENTED_EDGE('',*,*,#1435,.F.);
#1435 = EDGE_CURVE('',#1436,#1428,#1438,.T.);
#1436 = VERTEX_POINT('',#1437);
#1437 = CARTESIAN_POINT('',(17.75,-34.35,2.E-02));
#1438 = LINE('',#1439,#1440);
#1439 = CARTESIAN_POINT('',(17.75,-34.35,2.E-02));
#1440 = VECTOR('',#1441,1.);
#1441 = DIRECTION('',(0.,-1.,0.));
#1442 = ORIENTED_EDGE('',*,*,#1443,.F.);
#1443 = EDGE_CURVE('',#1444,#1436,#1446,.T.);
#1444 = VERTEX_POINT('',#1445);
#1445 = CARTESIAN_POINT('',(22.022821,-34.35,2.E-02));
#1446 = LINE('',#1447,#1448);
#1447 = CARTESIAN_POINT('',(22.022821,-34.35,2.E-02));
#1448 = VECTOR('',#1449,1.);
#1449 = DIRECTION('',(-1.,0.,0.));
#1450 = ORIENTED_EDGE('',*,*,#1451,.F.);
#1451 = EDGE_CURVE('',#1452,#1444,#1454,.T.);
#1452 = VERTEX_POINT('',#1453);
#1453 = CARTESIAN_POINT('',(22.516655,-35.10304,2.E-02));
#1454 = LINE('',#1455,#1456);
#1455 = CARTESIAN_POINT('',(22.516655,-35.10304,2.E-02));
#1456 = VECTOR('',#1457,1.);
#1457 = DIRECTION('',(-0.54838591081,0.836225383988,0.));
#1458 = ORIENTED_EDGE('',*,*,#1459,.F.);
#1459 = EDGE_CURVE('',#1460,#1452,#1462,.T.);
#1460 = VERTEX_POINT('',#1461);
#1461 = CARTESIAN_POINT('',(23.211724,-35.675598,2.E-02));
#1462 = LINE('',#1463,#1464);
#1463 = CARTESIAN_POINT('',(23.211724,-35.675598,2.E-02));
#1464 = VECTOR('',#1465,1.);
#1465 = DIRECTION('',(-0.771849451679,0.635805334944,0.));
#1466 = ORIENTED_EDGE('',*,*,#1467,.F.);
#1467 = EDGE_CURVE('',#1468,#1460,#1470,.T.);
#1468 = VERTEX_POINT('',#1469);
#1469 = CARTESIAN_POINT('',(24.045398,-36.016082,2.E-02));
#1470 = LINE('',#1471,#1472);
#1471 = CARTESIAN_POINT('',(24.045398,-36.016082,2.E-02));
#1472 = VECTOR('',#1473,1.);
#1473 = DIRECTION('',(-0.925766460415,0.378095835432,0.));
#1474 = ORIENTED_EDGE('',*,*,#1475,.F.);
#1475 = EDGE_CURVE('',#1476,#1468,#1478,.T.);
#1476 = VERTEX_POINT('',#1477);
#1477 = CARTESIAN_POINT('',(24.942561,-36.093813,2.E-02));
#1478 = LINE('',#1479,#1480);
#1479 = CARTESIAN_POINT('',(24.942561,-36.093813,2.E-02));
#1480 = VECTOR('',#1481,1.);
#1481 = DIRECTION('',(-0.99626767798,8.63175174155E-02,0.));
#1482 = ORIENTED_EDGE('',*,*,#1483,.F.);
#1483 = EDGE_CURVE('',#1484,#1476,#1486,.T.);
#1484 = VERTEX_POINT('',#1485);
#1485 = CARTESIAN_POINT('',(25.822372,-35.901788,2.E-02));
#1486 = LINE('',#1487,#1488);
#1487 = CARTESIAN_POINT('',(25.822372,-35.901788,2.E-02));
#1488 = VECTOR('',#1489,1.);
#1489 = DIRECTION('',(-0.977000440129,-0.21323728564,0.));
#1490 = ORIENTED_EDGE('',*,*,#1491,.F.);
#1491 = EDGE_CURVE('',#1492,#1484,#1494,.T.);
#1492 = VERTEX_POINT('',#1493);
#1493 = CARTESIAN_POINT('',(26.605558,-35.457308,2.E-02));
#1494 = LINE('',#1495,#1496);
#1495 = CARTESIAN_POINT('',(26.605558,-35.457308,2.E-02));
#1496 = VECTOR('',#1497,1.);
#1497 = DIRECTION('',(-0.869700679738,-0.493579504907,0.));
#1498 = ORIENTED_EDGE('',*,*,#1499,.F.);
#1499 = EDGE_CURVE('',#1500,#1492,#1502,.T.);
#1500 = VERTEX_POINT('',#1501);
#1501 = CARTESIAN_POINT('',(27.221549,-34.800423,2.E-02));
#1502 = LINE('',#1503,#1504);
#1503 = CARTESIAN_POINT('',(27.221549,-34.800423,2.E-02));
#1504 = VECTOR('',#1505,1.);
#1505 = DIRECTION('',(-0.684036461427,-0.729447818174,0.));
#1506 = ORIENTED_EDGE('',*,*,#1507,.F.);
#1507 = EDGE_CURVE('',#1508,#1500,#1510,.T.);
#1508 = VERTEX_POINT('',#1509);
#1509 = CARTESIAN_POINT('',(27.614842,-33.990322,2.E-02));
#1510 = LINE('',#1511,#1512);
#1511 = CARTESIAN_POINT('',(27.614842,-33.990322,2.E-02));
#1512 = VECTOR('',#1513,1.);
#1513 = DIRECTION('',(-0.436738067696,-0.899588717262,0.));
#1514 = ORIENTED_EDGE('',*,*,#1515,.F.);
#1515 = EDGE_CURVE('',#1516,#1508,#1518,.T.);
#1516 = VERTEX_POINT('',#1517);
#1517 = CARTESIAN_POINT('',(27.75,-33.1,2.E-02));
#1518 = LINE('',#1519,#1520);
#1519 = CARTESIAN_POINT('',(27.75,-33.1,2.E-02));
#1520 = VECTOR('',#1521,1.);
#1521 = DIRECTION('',(-0.150088404635,-0.988672580177,0.));
#1522 = ORIENTED_EDGE('',*,*,#1523,.F.);
#1523 = EDGE_CURVE('',#1524,#1516,#1526,.T.);
#1524 = VERTEX_POINT('',#1525);
#1525 = CARTESIAN_POINT('',(27.614842,-32.209677,2.E-02));
#1526 = LINE('',#1527,#1528);
#1527 = CARTESIAN_POINT('',(27.614842,-32.209677,2.E-02));
#1528 = VECTOR('',#1529,1.);
#1529 = DIRECTION('',(0.150088239855,-0.988672605192,0.));
#1530 = ORIENTED_EDGE('',*,*,#1531,.F.);
#1531 = EDGE_CURVE('',#1532,#1524,#1534,.T.);
#1532 = VERTEX_POINT('',#1533);
#1533 = CARTESIAN_POINT('',(27.221549,-31.399576,2.E-02));
#1534 = LINE('',#1535,#1536);
#1535 = CARTESIAN_POINT('',(27.221549,-31.399576,2.E-02));
#1536 = VECTOR('',#1537,1.);
#1537 = DIRECTION('',(0.436738067696,-0.899588717262,0.));
#1538 = ORIENTED_EDGE('',*,*,#1539,.F.);
#1539 = EDGE_CURVE('',#1540,#1532,#1542,.T.);
#1540 = VERTEX_POINT('',#1541);
#1541 = CARTESIAN_POINT('',(26.605558,-30.742691,2.E-02));
#1542 = LINE('',#1543,#1544);
#1543 = CARTESIAN_POINT('',(26.605558,-30.742691,2.E-02));
#1544 = VECTOR('',#1545,1.);
#1545 = DIRECTION('',(0.684036461427,-0.729447818174,0.));
#1546 = ORIENTED_EDGE('',*,*,#1547,.F.);
#1547 = EDGE_CURVE('',#1548,#1540,#1550,.T.);
#1548 = VERTEX_POINT('',#1549);
#1549 = CARTESIAN_POINT('',(25.822372,-30.298211,2.E-02));
#1550 = LINE('',#1551,#1552);
#1551 = CARTESIAN_POINT('',(25.822372,-30.298211,2.E-02));
#1552 = VECTOR('',#1553,1.);
#1553 = DIRECTION('',(0.869700679738,-0.493579504907,0.));
#1554 = ORIENTED_EDGE('',*,*,#1555,.F.);
#1555 = EDGE_CURVE('',#1556,#1548,#1558,.T.);
#1556 = VERTEX_POINT('',#1557);
#1557 = CARTESIAN_POINT('',(24.942561,-30.106186,2.E-02));
#1558 = LINE('',#1559,#1560);
#1559 = CARTESIAN_POINT('',(24.942561,-30.106186,2.E-02));
#1560 = VECTOR('',#1561,1.);
#1561 = DIRECTION('',(0.977000440129,-0.21323728564,0.));
#1562 = ORIENTED_EDGE('',*,*,#1563,.F.);
#1563 = EDGE_CURVE('',#1564,#1556,#1566,.T.);
#1564 = VERTEX_POINT('',#1565);
#1565 = CARTESIAN_POINT('',(24.045398,-30.183917,2.E-02));
#1566 = LINE('',#1567,#1568);
#1567 = CARTESIAN_POINT('',(24.045398,-30.183917,2.E-02));
#1568 = VECTOR('',#1569,1.);
#1569 = DIRECTION('',(0.99626767798,8.63175174155E-02,0.));
#1570 = ORIENTED_EDGE('',*,*,#1571,.F.);
#1571 = EDGE_CURVE('',#1572,#1564,#1574,.T.);
#1572 = VERTEX_POINT('',#1573);
#1573 = CARTESIAN_POINT('',(23.211724,-30.524401,2.E-02));
#1574 = LINE('',#1575,#1576);
#1575 = CARTESIAN_POINT('',(23.211724,-30.524401,2.E-02));
#1576 = VECTOR('',#1577,1.);
#1577 = DIRECTION('',(0.925766460415,0.378095835432,0.));
#1578 = ORIENTED_EDGE('',*,*,#1579,.F.);
#1579 = EDGE_CURVE('',#1580,#1572,#1582,.T.);
#1580 = VERTEX_POINT('',#1581);
#1581 = CARTESIAN_POINT('',(22.516655,-31.096959,2.E-02));
#1582 = LINE('',#1583,#1584);
#1583 = CARTESIAN_POINT('',(22.516655,-31.096959,2.E-02));
#1584 = VECTOR('',#1585,1.);
#1585 = DIRECTION('',(0.771849451679,0.635805334944,0.));
#1586 = ORIENTED_EDGE('',*,*,#1587,.F.);
#1587 = EDGE_CURVE('',#1588,#1580,#1590,.T.);
#1588 = VERTEX_POINT('',#1589);
#1589 = CARTESIAN_POINT('',(22.022821,-31.85,2.E-02));
#1590 = LINE('',#1591,#1592);
#1591 = CARTESIAN_POINT('',(22.022821,-31.85,2.E-02));
#1592 = VECTOR('',#1593,1.);
#1593 = DIRECTION('',(0.548385401579,0.836225717934,0.));
#1594 = ORIENTED_EDGE('',*,*,#1595,.F.);
#1595 = EDGE_CURVE('',#1596,#1588,#1598,.T.);
#1596 = VERTEX_POINT('',#1597);
#1597 = CARTESIAN_POINT('',(17.75,-31.85,2.E-02));
#1598 = LINE('',#1599,#1600);
#1599 = CARTESIAN_POINT('',(17.75,-31.85,2.E-02));
#1600 = VECTOR('',#1601,1.);
#1601 = DIRECTION('',(1.,0.,0.));
#1602 = ORIENTED_EDGE('',*,*,#1603,.F.);
#1603 = EDGE_CURVE('',#1604,#1596,#1606,.T.);
#1604 = VERTEX_POINT('',#1605);
#1605 = CARTESIAN_POINT('',(17.75,-23.06249324319,2.E-02));
#1606 = LINE('',#1607,#1608);
#1607 = CARTESIAN_POINT('',(17.75,-1.5,2.E-02));
#1608 = VECTOR('',#1609,1.);
#1609 = DIRECTION('',(0.,-1.,0.));
#1610 = ORIENTED_EDGE('',*,*,#1611,.T.);
#1611 = EDGE_CURVE('',#1604,#1612,#1614,.T.);
#1612 = VERTEX_POINT('',#1613);
#1613 = CARTESIAN_POINT('',(17.75,-22.1375067568,2.E-02));
#1614 = CIRCLE('',#1615,0.5);
#1615 = AXIS2_PLACEMENT_3D('',#1616,#1617,#1618);
#1616 = CARTESIAN_POINT('',(17.94,-22.6,2.E-02));
#1617 = DIRECTION('',(-0.,0.,-1.));
#1618 = DIRECTION('',(-0.,-1.,0.));
#1619 = ORIENTED_EDGE('',*,*,#1620,.F.);
#1620 = EDGE_CURVE('',#1621,#1612,#1623,.T.);
#1621 = VERTEX_POINT('',#1622);
#1622 = CARTESIAN_POINT('',(17.75,-12.01119904079,2.E-02));
#1623 = LINE('',#1624,#1625);
#1624 = CARTESIAN_POINT('',(17.75,-1.5,2.E-02));
#1625 = VECTOR('',#1626,1.);
#1626 = DIRECTION('',(0.,-1.,0.));
#1627 = ORIENTED_EDGE('',*,*,#1628,.T.);
#1628 = EDGE_CURVE('',#1621,#1629,#1631,.T.);
#1629 = VERTEX_POINT('',#1630);
#1630 = CARTESIAN_POINT('',(17.74,-12.0113,2.E-02));
#1631 = CIRCLE('',#1632,0.4953);
#1632 = AXIS2_PLACEMENT_3D('',#1633,#1634,#1635);
#1633 = CARTESIAN_POINT('',(17.74,-11.516,2.E-02));
#1634 = DIRECTION('',(-0.,0.,-1.));
#1635 = DIRECTION('',(-7.17285216798E-15,-1.,0.));
#1636 = ORIENTED_EDGE('',*,*,#1637,.T.);
#1637 = EDGE_CURVE('',#1629,#1638,#1640,.T.);
#1638 = VERTEX_POINT('',#1639);
#1639 = CARTESIAN_POINT('',(17.75,-11.0208009592,2.E-02));
#1640 = CIRCLE('',#1641,0.4953);
#1641 = AXIS2_PLACEMENT_3D('',#1642,#1643,#1644);
#1642 = CARTESIAN_POINT('',(17.74,-11.516,2.E-02));
#1643 = DIRECTION('',(-0.,0.,-1.));
#1644 = DIRECTION('',(-7.17285216798E-15,-1.,0.));
#1645 = ORIENTED_EDGE('',*,*,#1646,.F.);
#1646 = EDGE_CURVE('',#1647,#1638,#1649,.T.);
#1647 = VERTEX_POINT('',#1648);
#1648 = CARTESIAN_POINT('',(17.75,-9.979199040791,2.E-02));
#1649 = LINE('',#1650,#1651);
#1650 = CARTESIAN_POINT('',(17.75,-1.5,2.E-02));
#1651 = VECTOR('',#1652,1.);
#1652 = DIRECTION('',(0.,-1.,0.));
#1653 = ORIENTED_EDGE('',*,*,#1654,.T.);
#1654 = EDGE_CURVE('',#1647,#1655,#1657,.T.);
#1655 = VERTEX_POINT('',#1656);
#1656 = CARTESIAN_POINT('',(17.74,-9.9793,2.E-02));
#1657 = CIRCLE('',#1658,0.4953);
#1658 = AXIS2_PLACEMENT_3D('',#1659,#1660,#1661);
#1659 = CARTESIAN_POINT('',(17.74,-9.484,2.E-02));
#1660 = DIRECTION('',(-0.,0.,-1.));
#1661 = DIRECTION('',(-7.17285216798E-15,-1.,0.));
#1662 = ORIENTED_EDGE('',*,*,#1663,.T.);
#1663 = EDGE_CURVE('',#1655,#120,#1664,.T.);
#1664 = CIRCLE('',#1665,0.4953);
#1665 = AXIS2_PLACEMENT_3D('',#1666,#1667,#1668);
#1666 = CARTESIAN_POINT('',(17.74,-9.484,2.E-02));
#1667 = DIRECTION('',(-0.,0.,-1.));
#1668 = DIRECTION('',(-7.17285216798E-15,-1.,0.));
#1669 = ORIENTED_EDGE('',*,*,#119,.F.);
#1670 = FACE_BOUND('',#1671,.T.);
#1671 = EDGE_LOOP('',(#1672));
#1672 = ORIENTED_EDGE('',*,*,#1673,.T.);
#1673 = EDGE_CURVE('',#1674,#1674,#1676,.T.);
#1674 = VERTEX_POINT('',#1675);
#1675 = CARTESIAN_POINT('',(8.5,-44.35,2.E-02));
#1676 = CIRCLE('',#1677,1.35);
#1677 = AXIS2_PLACEMENT_3D('',#1678,#1679,#1680);
#1678 = CARTESIAN_POINT('',(8.5,-43.,2.E-02));
#1679 = DIRECTION('',(-0.,0.,-1.));
#1680 = DIRECTION('',(-0.,-1.,0.));
#1681 = FACE_BOUND('',#1682,.T.);
#1682 = EDGE_LOOP('',(#1683));
#1683 = ORIENTED_EDGE('',*,*,#1684,.T.);
#1684 = EDGE_CURVE('',#1685,#1685,#1687,.T.);
#1685 = VERTEX_POINT('',#1686);
#1686 = CARTESIAN_POINT('',(-4.75,-23.35,2.E-02));
#1687 = CIRCLE('',#1688,1.35);
#1688 = AXIS2_PLACEMENT_3D('',#1689,#1690,#1691);
#1689 = CARTESIAN_POINT('',(-4.75,-22.,2.E-02));
#1690 = DIRECTION('',(-0.,0.,-1.));
#1691 = DIRECTION('',(-0.,-1.,0.));
#1692 = FACE_BOUND('',#1693,.T.);
#1693 = EDGE_LOOP('',(#1694));
#1694 = ORIENTED_EDGE('',*,*,#1695,.T.);
#1695 = EDGE_CURVE('',#1696,#1696,#1698,.T.);
#1696 = VERTEX_POINT('',#1697);
#1697 = CARTESIAN_POINT('',(24.75,-34.45,2.E-02));
#1698 = CIRCLE('',#1699,1.35);
#1699 = AXIS2_PLACEMENT_3D('',#1700,#1701,#1702);
#1700 = CARTESIAN_POINT('',(24.75,-33.1,2.E-02));
#1701 = DIRECTION('',(-0.,0.,-1.));
#1702 = DIRECTION('',(-0.,-1.,0.));
#1703 = FACE_BOUND('',#1704,.T.);
#1704 = EDGE_LOOP('',(#1705));
#1705 = ORIENTED_EDGE('',*,*,#1706,.T.);
#1706 = EDGE_CURVE('',#1707,#1707,#1709,.T.);
#1707 = VERTEX_POINT('',#1708);
#1708 = CARTESIAN_POINT('',(15.4,-23.1,2.E-02));
#1709 = CIRCLE('',#1710,0.5);
#1710 = AXIS2_PLACEMENT_3D('',#1711,#1712,#1713);
#1711 = CARTESIAN_POINT('',(15.4,-22.6,2.E-02));
#1712 = DIRECTION('',(-0.,0.,-1.));
#1713 = DIRECTION('',(-0.,-1.,0.));
#1714 = FACE_BOUND('',#1715,.T.);
#1715 = EDGE_LOOP('',(#1716,#1727,#1735,#1744));
#1716 = ORIENTED_EDGE('',*,*,#1717,.T.);
#1717 = EDGE_CURVE('',#1718,#1720,#1722,.T.);
#1718 = VERTEX_POINT('',#1719);
#1719 = CARTESIAN_POINT('',(5.98,0.8,2.E-02));
#1720 = VERTEX_POINT('',#1721);
#1721 = CARTESIAN_POINT('',(5.38,0.8,2.E-02));
#1722 = CIRCLE('',#1723,0.3);
#1723 = AXIS2_PLACEMENT_3D('',#1724,#1725,#1726);
#1724 = CARTESIAN_POINT('',(5.68,0.8,2.E-02));
#1725 = DIRECTION('',(-0.,0.,-1.));
#1726 = DIRECTION('',(-1.,-1.480297366167E-15,0.));
#1727 = ORIENTED_EDGE('',*,*,#1728,.T.);
#1728 = EDGE_CURVE('',#1720,#1729,#1731,.T.);
#1729 = VERTEX_POINT('',#1730);
#1730 = CARTESIAN_POINT('',(5.38,1.4,2.E-02));
#1731 = LINE('',#1732,#1733);
#1732 = CARTESIAN_POINT('',(5.38,0.7,2.E-02));
#1733 = VECTOR('',#1734,1.);
#1734 = DIRECTION('',(-0.,1.,0.));
#1735 = ORIENTED_EDGE('',*,*,#1736,.T.);
#1736 = EDGE_CURVE('',#1729,#1737,#1739,.T.);
#1737 = VERTEX_POINT('',#1738);
#1738 = CARTESIAN_POINT('',(5.98,1.4,2.E-02));
#1739 = CIRCLE('',#1740,0.3);
#1740 = AXIS2_PLACEMENT_3D('',#1741,#1742,#1743);
#1741 = CARTESIAN_POINT('',(5.68,1.4,2.E-02));
#1742 = DIRECTION('',(0.,-0.,-1.));
#1743 = DIRECTION('',(1.,1.480297366167E-15,-0.));
#1744 = ORIENTED_EDGE('',*,*,#1745,.T.);
#1745 = EDGE_CURVE('',#1737,#1718,#1746,.T.);
#1746 = LINE('',#1747,#1748);
#1747 = CARTESIAN_POINT('',(5.98,0.4,2.E-02));
#1748 = VECTOR('',#1749,1.);
#1749 = DIRECTION('',(0.,-1.,0.));
#1750 = FACE_BOUND('',#1751,.T.);
#1751 = EDGE_LOOP('',(#1752,#1763,#1771,#1780));
#1752 = ORIENTED_EDGE('',*,*,#1753,.T.);
#1753 = EDGE_CURVE('',#1754,#1756,#1758,.T.);
#1754 = VERTEX_POINT('',#1755);
#1755 = CARTESIAN_POINT('',(5.98,4.73,2.E-02));
#1756 = VERTEX_POINT('',#1757);
#1757 = CARTESIAN_POINT('',(5.38,4.73,2.E-02));
#1758 = CIRCLE('',#1759,0.3);
#1759 = AXIS2_PLACEMENT_3D('',#1760,#1761,#1762);
#1760 = CARTESIAN_POINT('',(5.68,4.73,2.E-02));
#1761 = DIRECTION('',(-0.,0.,-1.));
#1762 = DIRECTION('',(-1.,0.,0.));
#1763 = ORIENTED_EDGE('',*,*,#1764,.T.);
#1764 = EDGE_CURVE('',#1756,#1765,#1767,.T.);
#1765 = VERTEX_POINT('',#1766);
#1766 = CARTESIAN_POINT('',(5.38,5.83,2.E-02));
#1767 = LINE('',#1768,#1769);
#1768 = CARTESIAN_POINT('',(5.38,2.915,2.E-02));
#1769 = VECTOR('',#1770,1.);
#1770 = DIRECTION('',(-0.,1.,0.));
#1771 = ORIENTED_EDGE('',*,*,#1772,.T.);
#1772 = EDGE_CURVE('',#1765,#1773,#1775,.T.);
#1773 = VERTEX_POINT('',#1774);
#1774 = CARTESIAN_POINT('',(5.98,5.83,2.E-02));
#1775 = CIRCLE('',#1776,0.3);
#1776 = AXIS2_PLACEMENT_3D('',#1777,#1778,#1779);
#1777 = CARTESIAN_POINT('',(5.68,5.83,2.E-02));
#1778 = DIRECTION('',(0.,-0.,-1.));
#1779 = DIRECTION('',(1.,0.,-0.));
#1780 = ORIENTED_EDGE('',*,*,#1781,.T.);
#1781 = EDGE_CURVE('',#1773,#1754,#1782,.T.);
#1782 = LINE('',#1783,#1784);
#1783 = CARTESIAN_POINT('',(5.98,2.365,2.E-02));
#1784 = VECTOR('',#1785,1.);
#1785 = DIRECTION('',(0.,-1.,0.));
#1786 = FACE_BOUND('',#1787,.T.);
#1787 = EDGE_LOOP('',(#1788));
#1788 = ORIENTED_EDGE('',*,*,#1789,.T.);
#1789 = EDGE_CURVE('',#1790,#1790,#1792,.T.);
#1790 = VERTEX_POINT('',#1791);
#1791 = CARTESIAN_POINT('',(7.11,4.425,2.E-02));
#1792 = CIRCLE('',#1793,0.325);
#1793 = AXIS2_PLACEMENT_3D('',#1794,#1795,#1796);
#1794 = CARTESIAN_POINT('',(7.11,4.75,2.E-02));
#1795 = DIRECTION('',(-0.,0.,-1.));
#1796 = DIRECTION('',(2.732856676E-15,-1.,-0.));
#1797 = FACE_BOUND('',#1798,.T.);
#1798 = EDGE_LOOP('',(#1799));
#1799 = ORIENTED_EDGE('',*,*,#1800,.T.);
#1800 = EDGE_CURVE('',#1801,#1801,#1803,.T.);
#1801 = VERTEX_POINT('',#1802);
#1802 = CARTESIAN_POINT('',(12.89,4.425,2.E-02));
#1803 = CIRCLE('',#1804,0.325);
#1804 = AXIS2_PLACEMENT_3D('',#1805,#1806,#1807);
#1805 = CARTESIAN_POINT('',(12.89,4.75,2.E-02));
#1806 = DIRECTION('',(-0.,0.,-1.));
#1807 = DIRECTION('',(-0.,-1.,0.));
#1808 = FACE_BOUND('',#1809,.T.);
#1809 = EDGE_LOOP('',(#1810,#1821,#1829,#1838));
#1810 = ORIENTED_EDGE('',*,*,#1811,.T.);
#1811 = EDGE_CURVE('',#1812,#1814,#1816,.T.);
#1812 = VERTEX_POINT('',#1813);
#1813 = CARTESIAN_POINT('',(14.62,0.8,2.E-02));
#1814 = VERTEX_POINT('',#1815);
#1815 = CARTESIAN_POINT('',(14.02,0.8,2.E-02));
#1816 = CIRCLE('',#1817,0.3);
#1817 = AXIS2_PLACEMENT_3D('',#1818,#1819,#1820);
#1818 = CARTESIAN_POINT('',(14.32,0.8,2.E-02));
#1819 = DIRECTION('',(-0.,0.,-1.));
#1820 = DIRECTION('',(-1.,2.22044604925E-15,0.));
#1821 = ORIENTED_EDGE('',*,*,#1822,.T.);
#1822 = EDGE_CURVE('',#1814,#1823,#1825,.T.);
#1823 = VERTEX_POINT('',#1824);
#1824 = CARTESIAN_POINT('',(14.02,1.4,2.E-02));
#1825 = LINE('',#1826,#1827);
#1826 = CARTESIAN_POINT('',(14.02,0.7,2.E-02));
#1827 = VECTOR('',#1828,1.);
#1828 = DIRECTION('',(-0.,1.,0.));
#1829 = ORIENTED_EDGE('',*,*,#1830,.T.);
#1830 = EDGE_CURVE('',#1823,#1831,#1833,.T.);
#1831 = VERTEX_POINT('',#1832);
#1832 = CARTESIAN_POINT('',(14.62,1.4,2.E-02));
#1833 = CIRCLE('',#1834,0.3);
#1834 = AXIS2_PLACEMENT_3D('',#1835,#1836,#1837);
#1835 = CARTESIAN_POINT('',(14.32,1.4,2.E-02));
#1836 = DIRECTION('',(0.,-0.,-1.));
#1837 = DIRECTION('',(1.,-1.480297366167E-15,0.));
#1838 = ORIENTED_EDGE('',*,*,#1839,.T.);
#1839 = EDGE_CURVE('',#1831,#1812,#1840,.T.);
#1840 = LINE('',#1841,#1842);
#1841 = CARTESIAN_POINT('',(14.62,0.4,2.E-02));
#1842 = VECTOR('',#1843,1.);
#1843 = DIRECTION('',(0.,-1.,0.));
#1844 = FACE_BOUND('',#1845,.T.);
#1845 = EDGE_LOOP('',(#1846,#1857,#1865,#1874));
#1846 = ORIENTED_EDGE('',*,*,#1847,.T.);
#1847 = EDGE_CURVE('',#1848,#1850,#1852,.T.);
#1848 = VERTEX_POINT('',#1849);
#1849 = CARTESIAN_POINT('',(14.62,4.73,2.E-02));
#1850 = VERTEX_POINT('',#1851);
#1851 = CARTESIAN_POINT('',(14.02,4.73,2.E-02));
#1852 = CIRCLE('',#1853,0.3);
#1853 = AXIS2_PLACEMENT_3D('',#1854,#1855,#1856);
#1854 = CARTESIAN_POINT('',(14.32,4.73,2.E-02));
#1855 = DIRECTION('',(-0.,0.,-1.));
#1856 = DIRECTION('',(-1.,2.960594732334E-15,0.));
#1857 = ORIENTED_EDGE('',*,*,#1858,.T.);
#1858 = EDGE_CURVE('',#1850,#1859,#1861,.T.);
#1859 = VERTEX_POINT('',#1860);
#1860 = CARTESIAN_POINT('',(14.02,5.83,2.E-02));
#1861 = LINE('',#1862,#1863);
#1862 = CARTESIAN_POINT('',(14.02,2.915,2.E-02));
#1863 = VECTOR('',#1864,1.);
#1864 = DIRECTION('',(-0.,1.,0.));
#1865 = ORIENTED_EDGE('',*,*,#1866,.T.);
#1866 = EDGE_CURVE('',#1859,#1867,#1869,.T.);
#1867 = VERTEX_POINT('',#1868);
#1868 = CARTESIAN_POINT('',(14.62,5.83,2.E-02));
#1869 = CIRCLE('',#1870,0.3);
#1870 = AXIS2_PLACEMENT_3D('',#1871,#1872,#1873);
#1871 = CARTESIAN_POINT('',(14.32,5.83,2.E-02));
#1872 = DIRECTION('',(0.,-0.,-1.));
#1873 = DIRECTION('',(1.,-2.960594732334E-15,0.));
#1874 = ORIENTED_EDGE('',*,*,#1875,.T.);
#1875 = EDGE_CURVE('',#1867,#1848,#1876,.T.);
#1876 = LINE('',#1877,#1878);
#1877 = CARTESIAN_POINT('',(14.62,2.365,2.E-02));
#1878 = VECTOR('',#1879,1.);
#1879 = DIRECTION('',(0.,-1.,0.));
#1880 = PLANE('',#1881);
#1881 = AXIS2_PLACEMENT_3D('',#1882,#1883,#1884);
#1882 = CARTESIAN_POINT('',(0.,0.,2.E-02));
#1883 = DIRECTION('',(0.,0.,1.));
#1884 = DIRECTION('',(1.,0.,-0.));
#1885 = ADVANCED_FACE('',(#1886),#1897,.T.);
#1886 = FACE_BOUND('',#1887,.T.);
#1887 = EDGE_LOOP('',(#1888,#1894,#1895,#1896));
#1888 = ORIENTED_EDGE('',*,*,#1889,.T.);
#1889 = EDGE_CURVE('',#144,#1018,#1890,.T.);
#1890 = LINE('',#1891,#1892);
#1891 = CARTESIAN_POINT('',(4.5,7.7,0.));
#1892 = VECTOR('',#1893,1.);
#1893 = DIRECTION('',(0.,0.,1.));
#1894 = ORIENTED_EDGE('',*,*,#1017,.T.);
#1895 = ORIENTED_EDGE('',*,*,#79,.F.);
#1896 = ORIENTED_EDGE('',*,*,#143,.F.);
#1897 = PLANE('',#1898);
#1898 = AXIS2_PLACEMENT_3D('',#1899,#1900,#1901);
#1899 = CARTESIAN_POINT('',(4.5,7.7,0.));
#1900 = DIRECTION('',(0.,1.,0.));
#1901 = DIRECTION('',(1.,0.,0.));
#1902 = ADVANCED_FACE('',(#1903),#1914,.F.);
#1903 = FACE_BOUND('',#1904,.T.);
#1904 = EDGE_LOOP('',(#1905,#1911,#1912,#1913));
#1905 = ORIENTED_EDGE('',*,*,#1906,.F.);
#1906 = EDGE_CURVE('',#781,#1655,#1907,.T.);
#1907 = LINE('',#1908,#1909);
#1908 = CARTESIAN_POINT('',(17.74,-9.9793,-4.6E-02));
#1909 = VECTOR('',#1910,1.);
#1910 = DIRECTION('',(0.,0.,1.));
#1911 = ORIENTED_EDGE('',*,*,#789,.T.);
#1912 = ORIENTED_EDGE('',*,*,#127,.F.);
#1913 = ORIENTED_EDGE('',*,*,#1663,.F.);
#1914 = CYLINDRICAL_SURFACE('',#1915,0.4953);
#1915 = AXIS2_PLACEMENT_3D('',#1916,#1917,#1918);
#1916 = CARTESIAN_POINT('',(17.74,-9.484,-4.6E-02));
#1917 = DIRECTION('',(-0.,-0.,-1.));
#1918 = DIRECTION('',(-7.17285216798E-15,-1.,0.));
#1919 = ADVANCED_FACE('',(#1920),#1931,.F.);
#1920 = FACE_BOUND('',#1921,.T.);
#1921 = EDGE_LOOP('',(#1922,#1923,#1924,#1925));
#1922 = ORIENTED_EDGE('',*,*,#780,.T.);
#1923 = ORIENTED_EDGE('',*,*,#1906,.T.);
#1924 = ORIENTED_EDGE('',*,*,#1654,.F.);
#1925 = ORIENTED_EDGE('',*,*,#1926,.T.);
#1926 = EDGE_CURVE('',#1647,#773,#1927,.T.);
#1927 = LINE('',#1928,#1929);
#1928 = CARTESIAN_POINT('',(17.75,-9.979199040791,-4.6E-02));
#1929 = VECTOR('',#1930,1.);
#1930 = DIRECTION('',(-0.,-0.,-1.));
#1931 = CYLINDRICAL_SURFACE('',#1932,0.4953);
#1932 = AXIS2_PLACEMENT_3D('',#1933,#1934,#1935);
#1933 = CARTESIAN_POINT('',(17.74,-9.484,-4.6E-02));
#1934 = DIRECTION('',(-0.,-0.,-1.));
#1935 = DIRECTION('',(-7.17285216798E-15,-1.,0.));
#1936 = ADVANCED_FACE('',(#1937),#1948,.T.);
#1937 = FACE_BOUND('',#1938,.T.);
#1938 = EDGE_LOOP('',(#1939,#1940,#1941,#1942));
#1939 = ORIENTED_EDGE('',*,*,#772,.F.);
#1940 = ORIENTED_EDGE('',*,*,#1926,.F.);
#1941 = ORIENTED_EDGE('',*,*,#1646,.T.);
#1942 = ORIENTED_EDGE('',*,*,#1943,.T.);
#1943 = EDGE_CURVE('',#1638,#764,#1944,.T.);
#1944 = LINE('',#1945,#1946);
#1945 = CARTESIAN_POINT('',(17.75,-11.0208009592,-4.6E-02));
#1946 = VECTOR('',#1947,1.);
#1947 = DIRECTION('',(-0.,-0.,-1.));
#1948 = PLANE('',#1949);
#1949 = AXIS2_PLACEMENT_3D('',#1950,#1951,#1952);
#1950 = CARTESIAN_POINT('',(17.75,-1.5,0.));
#1951 = DIRECTION('',(1.,0.,-0.));
#1952 = DIRECTION('',(0.,-1.,0.));
#1953 = ADVANCED_FACE('',(#1954),#1965,.F.);
#1954 = FACE_BOUND('',#1955,.T.);
#1955 = EDGE_LOOP('',(#1956,#1962,#1963,#1964));
#1956 = ORIENTED_EDGE('',*,*,#1957,.F.);
#1957 = EDGE_CURVE('',#755,#1629,#1958,.T.);
#1958 = LINE('',#1959,#1960);
#1959 = CARTESIAN_POINT('',(17.74,-12.0113,-4.6E-02));
#1960 = VECTOR('',#1961,1.);
#1961 = DIRECTION('',(0.,0.,1.));
#1962 = ORIENTED_EDGE('',*,*,#763,.T.);
#1963 = ORIENTED_EDGE('',*,*,#1943,.F.);
#1964 = ORIENTED_EDGE('',*,*,#1637,.F.);
#1965 = CYLINDRICAL_SURFACE('',#1966,0.4953);
#1966 = AXIS2_PLACEMENT_3D('',#1967,#1968,#1969);
#1967 = CARTESIAN_POINT('',(17.74,-11.516,-4.6E-02));
#1968 = DIRECTION('',(-0.,-0.,-1.));
#1969 = DIRECTION('',(-7.17285216798E-15,-1.,0.));
#1970 = ADVANCED_FACE('',(#1971),#1982,.F.);
#1971 = FACE_BOUND('',#1972,.T.);
#1972 = EDGE_LOOP('',(#1973,#1974,#1975,#1976));
#1973 = ORIENTED_EDGE('',*,*,#754,.T.);
#1974 = ORIENTED_EDGE('',*,*,#1957,.T.);
#1975 = ORIENTED_EDGE('',*,*,#1628,.F.);
#1976 = ORIENTED_EDGE('',*,*,#1977,.T.);
#1977 = EDGE_CURVE('',#1621,#747,#1978,.T.);
#1978 = LINE('',#1979,#1980);
#1979 = CARTESIAN_POINT('',(17.75,-12.01119904079,-4.6E-02));
#1980 = VECTOR('',#1981,1.);
#1981 = DIRECTION('',(-0.,-0.,-1.));
#1982 = CYLINDRICAL_SURFACE('',#1983,0.4953);
#1983 = AXIS2_PLACEMENT_3D('',#1984,#1985,#1986);
#1984 = CARTESIAN_POINT('',(17.74,-11.516,-4.6E-02));
#1985 = DIRECTION('',(-0.,-0.,-1.));
#1986 = DIRECTION('',(-7.17285216798E-15,-1.,0.));
#1987 = ADVANCED_FACE('',(#1988),#1999,.T.);
#1988 = FACE_BOUND('',#1989,.T.);
#1989 = EDGE_LOOP('',(#1990,#1991,#1992,#1993));
#1990 = ORIENTED_EDGE('',*,*,#746,.F.);
#1991 = ORIENTED_EDGE('',*,*,#1977,.F.);
#1992 = ORIENTED_EDGE('',*,*,#1620,.T.);
#1993 = ORIENTED_EDGE('',*,*,#1994,.T.);
#1994 = EDGE_CURVE('',#1612,#738,#1995,.T.);
#1995 = LINE('',#1996,#1997);
#1996 = CARTESIAN_POINT('',(17.75,-22.1375067568,-4.6E-02));
#1997 = VECTOR('',#1998,1.);
#1998 = DIRECTION('',(-0.,-0.,-1.));
#1999 = PLANE('',#2000);
#2000 = AXIS2_PLACEMENT_3D('',#2001,#2002,#2003);
#2001 = CARTESIAN_POINT('',(17.75,-1.5,0.));
#2002 = DIRECTION('',(1.,0.,-0.));
#2003 = DIRECTION('',(0.,-1.,0.));
#2004 = ADVANCED_FACE('',(#2005),#2016,.F.);
#2005 = FACE_BOUND('',#2006,.T.);
#2006 = EDGE_LOOP('',(#2007,#2008,#2009,#2015));
#2007 = ORIENTED_EDGE('',*,*,#1994,.F.);
#2008 = ORIENTED_EDGE('',*,*,#1611,.F.);
#2009 = ORIENTED_EDGE('',*,*,#2010,.T.);
#2010 = EDGE_CURVE('',#1604,#730,#2011,.T.);
#2011 = LINE('',#2012,#2013);
#2012 = CARTESIAN_POINT('',(17.75,-23.06249324319,-4.6E-02));
#2013 = VECTOR('',#2014,1.);
#2014 = DIRECTION('',(-0.,-0.,-1.));
#2015 = ORIENTED_EDGE('',*,*,#737,.T.);
#2016 = CYLINDRICAL_SURFACE('',#2017,0.5);
#2017 = AXIS2_PLACEMENT_3D('',#2018,#2019,#2020);
#2018 = CARTESIAN_POINT('',(17.94,-22.6,-4.6E-02));
#2019 = DIRECTION('',(-0.,-0.,-1.));
#2020 = DIRECTION('',(-0.,-1.,0.));
#2021 = ADVANCED_FACE('',(#2022),#2033,.T.);
#2022 = FACE_BOUND('',#2023,.T.);
#2023 = EDGE_LOOP('',(#2024,#2025,#2026,#2027));
#2024 = ORIENTED_EDGE('',*,*,#729,.F.);
#2025 = ORIENTED_EDGE('',*,*,#2010,.F.);
#2026 = ORIENTED_EDGE('',*,*,#1603,.T.);
#2027 = ORIENTED_EDGE('',*,*,#2028,.F.);
#2028 = EDGE_CURVE('',#722,#1596,#2029,.T.);
#2029 = LINE('',#2030,#2031);
#2030 = CARTESIAN_POINT('',(17.75,-31.85,0.));
#2031 = VECTOR('',#2032,1.);
#2032 = DIRECTION('',(0.,0.,1.));
#2033 = PLANE('',#2034);
#2034 = AXIS2_PLACEMENT_3D('',#2035,#2036,#2037);
#2035 = CARTESIAN_POINT('',(17.75,-1.5,0.));
#2036 = DIRECTION('',(1.,0.,-0.));
#2037 = DIRECTION('',(0.,-1.,0.));
#2038 = ADVANCED_FACE('',(#2039),#2050,.T.);
#2039 = FACE_BOUND('',#2040,.T.);
#2040 = EDGE_LOOP('',(#2041,#2042,#2043,#2049));
#2041 = ORIENTED_EDGE('',*,*,#2028,.T.);
#2042 = ORIENTED_EDGE('',*,*,#1595,.T.);
#2043 = ORIENTED_EDGE('',*,*,#2044,.F.);
#2044 = EDGE_CURVE('',#714,#1588,#2045,.T.);
#2045 = LINE('',#2046,#2047);
#2046 = CARTESIAN_POINT('',(22.022821,-31.85,0.));
#2047 = VECTOR('',#2048,1.);
#2048 = DIRECTION('',(0.,0.,1.));
#2049 = ORIENTED_EDGE('',*,*,#721,.F.);
#2050 = PLANE('',#2051);
#2051 = AXIS2_PLACEMENT_3D('',#2052,#2053,#2054);
#2052 = CARTESIAN_POINT('',(17.75,-31.85,0.));
#2053 = DIRECTION('',(0.,1.,0.));
#2054 = DIRECTION('',(1.,0.,0.));
#2055 = ADVANCED_FACE('',(#2056),#2067,.T.);
#2056 = FACE_BOUND('',#2057,.T.);
#2057 = EDGE_LOOP('',(#2058,#2059,#2060,#2066));
#2058 = ORIENTED_EDGE('',*,*,#2044,.T.);
#2059 = ORIENTED_EDGE('',*,*,#1587,.T.);
#2060 = ORIENTED_EDGE('',*,*,#2061,.F.);
#2061 = EDGE_CURVE('',#706,#1580,#2062,.T.);
#2062 = LINE('',#2063,#2064);
#2063 = CARTESIAN_POINT('',(22.516655,-31.096959,0.));
#2064 = VECTOR('',#2065,1.);
#2065 = DIRECTION('',(0.,0.,1.));
#2066 = ORIENTED_EDGE('',*,*,#713,.F.);
#2067 = PLANE('',#2068);
#2068 = AXIS2_PLACEMENT_3D('',#2069,#2070,#2071);
#2069 = CARTESIAN_POINT('',(22.022821,-31.85,0.));
#2070 = DIRECTION('',(-0.836225717934,0.548385401579,0.));
#2071 = DIRECTION('',(0.548385401579,0.836225717934,0.));
#2072 = ADVANCED_FACE('',(#2073),#2084,.T.);
#2073 = FACE_BOUND('',#2074,.T.);
#2074 = EDGE_LOOP('',(#2075,#2076,#2077,#2083));
#2075 = ORIENTED_EDGE('',*,*,#2061,.T.);
#2076 = ORIENTED_EDGE('',*,*,#1579,.T.);
#2077 = ORIENTED_EDGE('',*,*,#2078,.F.);
#2078 = EDGE_CURVE('',#698,#1572,#2079,.T.);
#2079 = LINE('',#2080,#2081);
#2080 = CARTESIAN_POINT('',(23.211724,-30.524401,0.));
#2081 = VECTOR('',#2082,1.);
#2082 = DIRECTION('',(0.,0.,1.));
#2083 = ORIENTED_EDGE('',*,*,#705,.F.);
#2084 = PLANE('',#2085);
#2085 = AXIS2_PLACEMENT_3D('',#2086,#2087,#2088);
#2086 = CARTESIAN_POINT('',(22.516655,-31.096959,0.));
#2087 = DIRECTION('',(-0.635805334944,0.771849451679,0.));
#2088 = DIRECTION('',(0.771849451679,0.635805334944,0.));
#2089 = ADVANCED_FACE('',(#2090),#2101,.T.);
#2090 = FACE_BOUND('',#2091,.T.);
#2091 = EDGE_LOOP('',(#2092,#2093,#2094,#2100));
#2092 = ORIENTED_EDGE('',*,*,#2078,.T.);
#2093 = ORIENTED_EDGE('',*,*,#1571,.T.);
#2094 = ORIENTED_EDGE('',*,*,#2095,.F.);
#2095 = EDGE_CURVE('',#690,#1564,#2096,.T.);
#2096 = LINE('',#2097,#2098);
#2097 = CARTESIAN_POINT('',(24.045398,-30.183917,0.));
#2098 = VECTOR('',#2099,1.);
#2099 = DIRECTION('',(0.,0.,1.));
#2100 = ORIENTED_EDGE('',*,*,#697,.F.);
#2101 = PLANE('',#2102);
#2102 = AXIS2_PLACEMENT_3D('',#2103,#2104,#2105);
#2103 = CARTESIAN_POINT('',(23.211724,-30.524401,0.));
#2104 = DIRECTION('',(-0.378095835432,0.925766460415,0.));
#2105 = DIRECTION('',(0.925766460415,0.378095835432,0.));
#2106 = ADVANCED_FACE('',(#2107),#2118,.T.);
#2107 = FACE_BOUND('',#2108,.T.);
#2108 = EDGE_LOOP('',(#2109,#2110,#2111,#2117));
#2109 = ORIENTED_EDGE('',*,*,#2095,.T.);
#2110 = ORIENTED_EDGE('',*,*,#1563,.T.);
#2111 = ORIENTED_EDGE('',*,*,#2112,.F.);
#2112 = EDGE_CURVE('',#682,#1556,#2113,.T.);
#2113 = LINE('',#2114,#2115);
#2114 = CARTESIAN_POINT('',(24.942561,-30.106186,0.));
#2115 = VECTOR('',#2116,1.);
#2116 = DIRECTION('',(0.,0.,1.));
#2117 = ORIENTED_EDGE('',*,*,#689,.F.);
#2118 = PLANE('',#2119);
#2119 = AXIS2_PLACEMENT_3D('',#2120,#2121,#2122);
#2120 = CARTESIAN_POINT('',(24.045398,-30.183917,0.));
#2121 = DIRECTION('',(-8.63175174155E-02,0.99626767798,0.));
#2122 = DIRECTION('',(0.99626767798,8.63175174155E-02,0.));
#2123 = ADVANCED_FACE('',(#2124),#2135,.T.);
#2124 = FACE_BOUND('',#2125,.T.);
#2125 = EDGE_LOOP('',(#2126,#2127,#2128,#2134));
#2126 = ORIENTED_EDGE('',*,*,#2112,.T.);
#2127 = ORIENTED_EDGE('',*,*,#1555,.T.);
#2128 = ORIENTED_EDGE('',*,*,#2129,.F.);
#2129 = EDGE_CURVE('',#674,#1548,#2130,.T.);
#2130 = LINE('',#2131,#2132);
#2131 = CARTESIAN_POINT('',(25.822372,-30.298211,0.));
#2132 = VECTOR('',#2133,1.);
#2133 = DIRECTION('',(0.,0.,1.));
#2134 = ORIENTED_EDGE('',*,*,#681,.F.);
#2135 = PLANE('',#2136);
#2136 = AXIS2_PLACEMENT_3D('',#2137,#2138,#2139);
#2137 = CARTESIAN_POINT('',(24.942561,-30.106186,0.));
#2138 = DIRECTION('',(0.21323728564,0.977000440129,-0.));
#2139 = DIRECTION('',(0.977000440129,-0.21323728564,0.));
#2140 = ADVANCED_FACE('',(#2141),#2152,.T.);
#2141 = FACE_BOUND('',#2142,.T.);
#2142 = EDGE_LOOP('',(#2143,#2144,#2145,#2151));
#2143 = ORIENTED_EDGE('',*,*,#2129,.T.);
#2144 = ORIENTED_EDGE('',*,*,#1547,.T.);
#2145 = ORIENTED_EDGE('',*,*,#2146,.F.);
#2146 = EDGE_CURVE('',#666,#1540,#2147,.T.);
#2147 = LINE('',#2148,#2149);
#2148 = CARTESIAN_POINT('',(26.605558,-30.742691,0.));
#2149 = VECTOR('',#2150,1.);
#2150 = DIRECTION('',(0.,0.,1.));
#2151 = ORIENTED_EDGE('',*,*,#673,.F.);
#2152 = PLANE('',#2153);
#2153 = AXIS2_PLACEMENT_3D('',#2154,#2155,#2156);
#2154 = CARTESIAN_POINT('',(25.822372,-30.298211,0.));
#2155 = DIRECTION('',(0.493579504907,0.869700679738,-0.));
#2156 = DIRECTION('',(0.869700679738,-0.493579504907,0.));
#2157 = ADVANCED_FACE('',(#2158),#2169,.T.);
#2158 = FACE_BOUND('',#2159,.T.);
#2159 = EDGE_LOOP('',(#2160,#2161,#2162,#2168));
#2160 = ORIENTED_EDGE('',*,*,#2146,.T.);
#2161 = ORIENTED_EDGE('',*,*,#1539,.T.);
#2162 = ORIENTED_EDGE('',*,*,#2163,.F.);
#2163 = EDGE_CURVE('',#658,#1532,#2164,.T.);
#2164 = LINE('',#2165,#2166);
#2165 = CARTESIAN_POINT('',(27.221549,-31.399576,0.));
#2166 = VECTOR('',#2167,1.);
#2167 = DIRECTION('',(0.,0.,1.));
#2168 = ORIENTED_EDGE('',*,*,#665,.F.);
#2169 = PLANE('',#2170);
#2170 = AXIS2_PLACEMENT_3D('',#2171,#2172,#2173);
#2171 = CARTESIAN_POINT('',(26.605558,-30.742691,0.));
#2172 = DIRECTION('',(0.729447818174,0.684036461427,-0.));
#2173 = DIRECTION('',(0.684036461427,-0.729447818174,0.));
#2174 = ADVANCED_FACE('',(#2175),#2186,.T.);
#2175 = FACE_BOUND('',#2176,.T.);
#2176 = EDGE_LOOP('',(#2177,#2178,#2179,#2185));
#2177 = ORIENTED_EDGE('',*,*,#2163,.T.);
#2178 = ORIENTED_EDGE('',*,*,#1531,.T.);
#2179 = ORIENTED_EDGE('',*,*,#2180,.F.);
#2180 = EDGE_CURVE('',#650,#1524,#2181,.T.);
#2181 = LINE('',#2182,#2183);
#2182 = CARTESIAN_POINT('',(27.614842,-32.209677,0.));
#2183 = VECTOR('',#2184,1.);
#2184 = DIRECTION('',(0.,0.,1.));
#2185 = ORIENTED_EDGE('',*,*,#657,.F.);
#2186 = PLANE('',#2187);
#2187 = AXIS2_PLACEMENT_3D('',#2188,#2189,#2190);
#2188 = CARTESIAN_POINT('',(27.221549,-31.399576,0.));
#2189 = DIRECTION('',(0.899588717262,0.436738067696,-0.));
#2190 = DIRECTION('',(0.436738067696,-0.899588717262,0.));
#2191 = ADVANCED_FACE('',(#2192),#2203,.T.);
#2192 = FACE_BOUND('',#2193,.T.);
#2193 = EDGE_LOOP('',(#2194,#2195,#2196,#2202));
#2194 = ORIENTED_EDGE('',*,*,#2180,.T.);
#2195 = ORIENTED_EDGE('',*,*,#1523,.T.);
#2196 = ORIENTED_EDGE('',*,*,#2197,.F.);
#2197 = EDGE_CURVE('',#642,#1516,#2198,.T.);
#2198 = LINE('',#2199,#2200);
#2199 = CARTESIAN_POINT('',(27.75,-33.1,0.));
#2200 = VECTOR('',#2201,1.);
#2201 = DIRECTION('',(0.,0.,1.));
#2202 = ORIENTED_EDGE('',*,*,#649,.F.);
#2203 = PLANE('',#2204);
#2204 = AXIS2_PLACEMENT_3D('',#2205,#2206,#2207);
#2205 = CARTESIAN_POINT('',(27.614842,-32.209677,0.));
#2206 = DIRECTION('',(0.988672605192,0.150088239855,-0.));
#2207 = DIRECTION('',(0.150088239855,-0.988672605192,0.));
#2208 = ADVANCED_FACE('',(#2209),#2220,.T.);
#2209 = FACE_BOUND('',#2210,.T.);
#2210 = EDGE_LOOP('',(#2211,#2212,#2213,#2219));
#2211 = ORIENTED_EDGE('',*,*,#2197,.T.);
#2212 = ORIENTED_EDGE('',*,*,#1515,.T.);
#2213 = ORIENTED_EDGE('',*,*,#2214,.F.);
#2214 = EDGE_CURVE('',#634,#1508,#2215,.T.);
#2215 = LINE('',#2216,#2217);
#2216 = CARTESIAN_POINT('',(27.614842,-33.990322,0.));
#2217 = VECTOR('',#2218,1.);
#2218 = DIRECTION('',(0.,0.,1.));
#2219 = ORIENTED_EDGE('',*,*,#641,.F.);
#2220 = PLANE('',#2221);
#2221 = AXIS2_PLACEMENT_3D('',#2222,#2223,#2224);
#2222 = CARTESIAN_POINT('',(27.75,-33.1,0.));
#2223 = DIRECTION('',(0.988672580177,-0.150088404635,0.));
#2224 = DIRECTION('',(-0.150088404635,-0.988672580177,0.));
#2225 = ADVANCED_FACE('',(#2226),#2237,.T.);
#2226 = FACE_BOUND('',#2227,.T.);
#2227 = EDGE_LOOP('',(#2228,#2229,#2230,#2236));
#2228 = ORIENTED_EDGE('',*,*,#2214,.T.);
#2229 = ORIENTED_EDGE('',*,*,#1507,.T.);
#2230 = ORIENTED_EDGE('',*,*,#2231,.F.);
#2231 = EDGE_CURVE('',#626,#1500,#2232,.T.);
#2232 = LINE('',#2233,#2234);
#2233 = CARTESIAN_POINT('',(27.221549,-34.800423,0.));
#2234 = VECTOR('',#2235,1.);
#2235 = DIRECTION('',(0.,0.,1.));
#2236 = ORIENTED_EDGE('',*,*,#633,.F.);
#2237 = PLANE('',#2238);
#2238 = AXIS2_PLACEMENT_3D('',#2239,#2240,#2241);
#2239 = CARTESIAN_POINT('',(27.614842,-33.990322,0.));
#2240 = DIRECTION('',(0.899588717262,-0.436738067696,0.));
#2241 = DIRECTION('',(-0.436738067696,-0.899588717262,0.));
#2242 = ADVANCED_FACE('',(#2243),#2254,.T.);
#2243 = FACE_BOUND('',#2244,.T.);
#2244 = EDGE_LOOP('',(#2245,#2246,#2247,#2253));
#2245 = ORIENTED_EDGE('',*,*,#2231,.T.);
#2246 = ORIENTED_EDGE('',*,*,#1499,.T.);
#2247 = ORIENTED_EDGE('',*,*,#2248,.F.);
#2248 = EDGE_CURVE('',#618,#1492,#2249,.T.);
#2249 = LINE('',#2250,#2251);
#2250 = CARTESIAN_POINT('',(26.605558,-35.457308,0.));
#2251 = VECTOR('',#2252,1.);
#2252 = DIRECTION('',(0.,0.,1.));
#2253 = ORIENTED_EDGE('',*,*,#625,.F.);
#2254 = PLANE('',#2255);
#2255 = AXIS2_PLACEMENT_3D('',#2256,#2257,#2258);
#2256 = CARTESIAN_POINT('',(27.221549,-34.800423,0.));
#2257 = DIRECTION('',(0.729447818174,-0.684036461427,0.));
#2258 = DIRECTION('',(-0.684036461427,-0.729447818174,0.));
#2259 = ADVANCED_FACE('',(#2260),#2271,.T.);
#2260 = FACE_BOUND('',#2261,.T.);
#2261 = EDGE_LOOP('',(#2262,#2263,#2264,#2270));
#2262 = ORIENTED_EDGE('',*,*,#2248,.T.);
#2263 = ORIENTED_EDGE('',*,*,#1491,.T.);
#2264 = ORIENTED_EDGE('',*,*,#2265,.F.);
#2265 = EDGE_CURVE('',#610,#1484,#2266,.T.);
#2266 = LINE('',#2267,#2268);
#2267 = CARTESIAN_POINT('',(25.822372,-35.901788,0.));
#2268 = VECTOR('',#2269,1.);
#2269 = DIRECTION('',(0.,0.,1.));
#2270 = ORIENTED_EDGE('',*,*,#617,.F.);
#2271 = PLANE('',#2272);
#2272 = AXIS2_PLACEMENT_3D('',#2273,#2274,#2275);
#2273 = CARTESIAN_POINT('',(26.605558,-35.457308,0.));
#2274 = DIRECTION('',(0.493579504907,-0.869700679738,0.));
#2275 = DIRECTION('',(-0.869700679738,-0.493579504907,0.));
#2276 = ADVANCED_FACE('',(#2277),#2288,.T.);
#2277 = FACE_BOUND('',#2278,.T.);
#2278 = EDGE_LOOP('',(#2279,#2280,#2281,#2287));
#2279 = ORIENTED_EDGE('',*,*,#2265,.T.);
#2280 = ORIENTED_EDGE('',*,*,#1483,.T.);
#2281 = ORIENTED_EDGE('',*,*,#2282,.F.);
#2282 = EDGE_CURVE('',#602,#1476,#2283,.T.);
#2283 = LINE('',#2284,#2285);
#2284 = CARTESIAN_POINT('',(24.942561,-36.093813,0.));
#2285 = VECTOR('',#2286,1.);
#2286 = DIRECTION('',(0.,0.,1.));
#2287 = ORIENTED_EDGE('',*,*,#609,.F.);
#2288 = PLANE('',#2289);
#2289 = AXIS2_PLACEMENT_3D('',#2290,#2291,#2292);
#2290 = CARTESIAN_POINT('',(25.822372,-35.901788,0.));
#2291 = DIRECTION('',(0.21323728564,-0.977000440129,0.));
#2292 = DIRECTION('',(-0.977000440129,-0.21323728564,0.));
#2293 = ADVANCED_FACE('',(#2294),#2305,.T.);
#2294 = FACE_BOUND('',#2295,.T.);
#2295 = EDGE_LOOP('',(#2296,#2297,#2298,#2304));
#2296 = ORIENTED_EDGE('',*,*,#2282,.T.);
#2297 = ORIENTED_EDGE('',*,*,#1475,.T.);
#2298 = ORIENTED_EDGE('',*,*,#2299,.F.);
#2299 = EDGE_CURVE('',#594,#1468,#2300,.T.);
#2300 = LINE('',#2301,#2302);
#2301 = CARTESIAN_POINT('',(24.045398,-36.016082,0.));
#2302 = VECTOR('',#2303,1.);
#2303 = DIRECTION('',(0.,0.,1.));
#2304 = ORIENTED_EDGE('',*,*,#601,.F.);
#2305 = PLANE('',#2306);
#2306 = AXIS2_PLACEMENT_3D('',#2307,#2308,#2309);
#2307 = CARTESIAN_POINT('',(24.942561,-36.093813,0.));
#2308 = DIRECTION('',(-8.63175174155E-02,-0.99626767798,0.));
#2309 = DIRECTION('',(-0.99626767798,8.63175174155E-02,0.));
#2310 = ADVANCED_FACE('',(#2311),#2322,.T.);
#2311 = FACE_BOUND('',#2312,.T.);
#2312 = EDGE_LOOP('',(#2313,#2314,#2315,#2321));
#2313 = ORIENTED_EDGE('',*,*,#2299,.T.);
#2314 = ORIENTED_EDGE('',*,*,#1467,.T.);
#2315 = ORIENTED_EDGE('',*,*,#2316,.F.);
#2316 = EDGE_CURVE('',#586,#1460,#2317,.T.);
#2317 = LINE('',#2318,#2319);
#2318 = CARTESIAN_POINT('',(23.211724,-35.675598,0.));
#2319 = VECTOR('',#2320,1.);
#2320 = DIRECTION('',(0.,0.,1.));
#2321 = ORIENTED_EDGE('',*,*,#593,.F.);
#2322 = PLANE('',#2323);
#2323 = AXIS2_PLACEMENT_3D('',#2324,#2325,#2326);
#2324 = CARTESIAN_POINT('',(24.045398,-36.016082,0.));
#2325 = DIRECTION('',(-0.378095835432,-0.925766460415,0.));
#2326 = DIRECTION('',(-0.925766460415,0.378095835432,0.));
#2327 = ADVANCED_FACE('',(#2328),#2339,.T.);
#2328 = FACE_BOUND('',#2329,.T.);
#2329 = EDGE_LOOP('',(#2330,#2331,#2332,#2338));
#2330 = ORIENTED_EDGE('',*,*,#2316,.T.);
#2331 = ORIENTED_EDGE('',*,*,#1459,.T.);
#2332 = ORIENTED_EDGE('',*,*,#2333,.F.);
#2333 = EDGE_CURVE('',#578,#1452,#2334,.T.);
#2334 = LINE('',#2335,#2336);
#2335 = CARTESIAN_POINT('',(22.516655,-35.10304,0.));
#2336 = VECTOR('',#2337,1.);
#2337 = DIRECTION('',(0.,0.,1.));
#2338 = ORIENTED_EDGE('',*,*,#585,.F.);
#2339 = PLANE('',#2340);
#2340 = AXIS2_PLACEMENT_3D('',#2341,#2342,#2343);
#2341 = CARTESIAN_POINT('',(23.211724,-35.675598,0.));
#2342 = DIRECTION('',(-0.635805334944,-0.771849451679,0.));
#2343 = DIRECTION('',(-0.771849451679,0.635805334944,0.));
#2344 = ADVANCED_FACE('',(#2345),#2356,.T.);
#2345 = FACE_BOUND('',#2346,.T.);
#2346 = EDGE_LOOP('',(#2347,#2348,#2349,#2355));
#2347 = ORIENTED_EDGE('',*,*,#2333,.T.);
#2348 = ORIENTED_EDGE('',*,*,#1451,.T.);
#2349 = ORIENTED_EDGE('',*,*,#2350,.F.);
#2350 = EDGE_CURVE('',#570,#1444,#2351,.T.);
#2351 = LINE('',#2352,#2353);
#2352 = CARTESIAN_POINT('',(22.022821,-34.35,0.));
#2353 = VECTOR('',#2354,1.);
#2354 = DIRECTION('',(0.,0.,1.));
#2355 = ORIENTED_EDGE('',*,*,#577,.F.);
#2356 = PLANE('',#2357);
#2357 = AXIS2_PLACEMENT_3D('',#2358,#2359,#2360);
#2358 = CARTESIAN_POINT('',(22.516655,-35.10304,0.));
#2359 = DIRECTION('',(-0.836225383988,-0.54838591081,0.));
#2360 = DIRECTION('',(-0.54838591081,0.836225383988,0.));
#2361 = ADVANCED_FACE('',(#2362),#2373,.T.);
#2362 = FACE_BOUND('',#2363,.T.);
#2363 = EDGE_LOOP('',(#2364,#2365,#2366,#2372));
#2364 = ORIENTED_EDGE('',*,*,#2350,.T.);
#2365 = ORIENTED_EDGE('',*,*,#1443,.T.);
#2366 = ORIENTED_EDGE('',*,*,#2367,.F.);
#2367 = EDGE_CURVE('',#562,#1436,#2368,.T.);
#2368 = LINE('',#2369,#2370);
#2369 = CARTESIAN_POINT('',(17.75,-34.35,0.));
#2370 = VECTOR('',#2371,1.);
#2371 = DIRECTION('',(0.,0.,1.));
#2372 = ORIENTED_EDGE('',*,*,#569,.F.);
#2373 = PLANE('',#2374);
#2374 = AXIS2_PLACEMENT_3D('',#2375,#2376,#2377);
#2375 = CARTESIAN_POINT('',(22.022821,-34.35,0.));
#2376 = DIRECTION('',(0.,-1.,0.));
#2377 = DIRECTION('',(-1.,0.,0.));
#2378 = ADVANCED_FACE('',(#2379),#2390,.T.);
#2379 = FACE_BOUND('',#2380,.T.);
#2380 = EDGE_LOOP('',(#2381,#2382,#2383,#2389));
#2381 = ORIENTED_EDGE('',*,*,#2367,.T.);
#2382 = ORIENTED_EDGE('',*,*,#1435,.T.);
#2383 = ORIENTED_EDGE('',*,*,#2384,.F.);
#2384 = EDGE_CURVE('',#554,#1428,#2385,.T.);
#2385 = LINE('',#2386,#2387);
#2386 = CARTESIAN_POINT('',(17.75,-37.6,0.));
#2387 = VECTOR('',#2388,1.);
#2388 = DIRECTION('',(0.,0.,1.));
#2389 = ORIENTED_EDGE('',*,*,#561,.F.);
#2390 = PLANE('',#2391);
#2391 = AXIS2_PLACEMENT_3D('',#2392,#2393,#2394);
#2392 = CARTESIAN_POINT('',(17.75,-34.35,0.));
#2393 = DIRECTION('',(1.,0.,-0.));
#2394 = DIRECTION('',(0.,-1.,0.));
#2395 = ADVANCED_FACE('',(#2396),#2407,.T.);
#2396 = FACE_BOUND('',#2397,.T.);
#2397 = EDGE_LOOP('',(#2398,#2399,#2400,#2406));
#2398 = ORIENTED_EDGE('',*,*,#2384,.T.);
#2399 = ORIENTED_EDGE('',*,*,#1427,.T.);
#2400 = ORIENTED_EDGE('',*,*,#2401,.F.);
#2401 = EDGE_CURVE('',#546,#1420,#2402,.T.);
#2402 = LINE('',#2403,#2404);
#2403 = CARTESIAN_POINT('',(9.75,-37.6,0.));
#2404 = VECTOR('',#2405,1.);
#2405 = DIRECTION('',(0.,0.,1.));
#2406 = ORIENTED_EDGE('',*,*,#553,.F.);
#2407 = PLANE('',#2408);
#2408 = AXIS2_PLACEMENT_3D('',#2409,#2410,#2411);
#2409 = CARTESIAN_POINT('',(17.75,-37.6,0.));
#2410 = DIRECTION('',(0.,-1.,0.));
#2411 = DIRECTION('',(-1.,0.,0.));
#2412 = ADVANCED_FACE('',(#2413),#2424,.T.);
#2413 = FACE_BOUND('',#2414,.T.);
#2414 = EDGE_LOOP('',(#2415,#2416,#2417,#2423));
#2415 = ORIENTED_EDGE('',*,*,#2401,.T.);
#2416 = ORIENTED_EDGE('',*,*,#1419,.T.);
#2417 = ORIENTED_EDGE('',*,*,#2418,.F.);
#2418 = EDGE_CURVE('',#538,#1412,#2419,.T.);
#2419 = LINE('',#2420,#2421);
#2420 = CARTESIAN_POINT('',(9.75,-40.272821,0.));
#2421 = VECTOR('',#2422,1.);
#2422 = DIRECTION('',(0.,0.,1.));
#2423 = ORIENTED_EDGE('',*,*,#545,.F.);
#2424 = PLANE('',#2425);
#2425 = AXIS2_PLACEMENT_3D('',#2426,#2427,#2428);
#2426 = CARTESIAN_POINT('',(9.75,-37.6,0.));
#2427 = DIRECTION('',(1.,0.,-0.));
#2428 = DIRECTION('',(0.,-1.,0.));
#2429 = ADVANCED_FACE('',(#2430),#2441,.T.);
#2430 = FACE_BOUND('',#2431,.T.);
#2431 = EDGE_LOOP('',(#2432,#2433,#2434,#2440));
#2432 = ORIENTED_EDGE('',*,*,#2418,.T.);
#2433 = ORIENTED_EDGE('',*,*,#1411,.T.);
#2434 = ORIENTED_EDGE('',*,*,#2435,.F.);
#2435 = EDGE_CURVE('',#530,#1404,#2436,.T.);
#2436 = LINE('',#2437,#2438);
#2437 = CARTESIAN_POINT('',(10.50304,-40.766655,0.));
#2438 = VECTOR('',#2439,1.);
#2439 = DIRECTION('',(0.,0.,1.));
#2440 = ORIENTED_EDGE('',*,*,#537,.F.);
#2441 = PLANE('',#2442);
#2442 = AXIS2_PLACEMENT_3D('',#2443,#2444,#2445);
#2443 = CARTESIAN_POINT('',(9.75,-40.272821,0.));
#2444 = DIRECTION('',(0.54838591081,0.836225383988,-0.));
#2445 = DIRECTION('',(0.836225383988,-0.54838591081,0.));
#2446 = ADVANCED_FACE('',(#2447),#2458,.T.);
#2447 = FACE_BOUND('',#2448,.T.);
#2448 = EDGE_LOOP('',(#2449,#2450,#2451,#2457));
#2449 = ORIENTED_EDGE('',*,*,#2435,.T.);
#2450 = ORIENTED_EDGE('',*,*,#1403,.T.);
#2451 = ORIENTED_EDGE('',*,*,#2452,.F.);
#2452 = EDGE_CURVE('',#522,#1396,#2453,.T.);
#2453 = LINE('',#2454,#2455);
#2454 = CARTESIAN_POINT('',(11.075598,-41.461724,0.));
#2455 = VECTOR('',#2456,1.);
#2456 = DIRECTION('',(0.,0.,1.));
#2457 = ORIENTED_EDGE('',*,*,#529,.F.);
#2458 = PLANE('',#2459);
#2459 = AXIS2_PLACEMENT_3D('',#2460,#2461,#2462);
#2460 = CARTESIAN_POINT('',(10.50304,-40.766655,0.));
#2461 = DIRECTION('',(0.771849451679,0.635805334944,-0.));
#2462 = DIRECTION('',(0.635805334944,-0.771849451679,0.));
#2463 = ADVANCED_FACE('',(#2464),#2475,.T.);
#2464 = FACE_BOUND('',#2465,.T.);
#2465 = EDGE_LOOP('',(#2466,#2467,#2468,#2474));
#2466 = ORIENTED_EDGE('',*,*,#2452,.T.);
#2467 = ORIENTED_EDGE('',*,*,#1395,.T.);
#2468 = ORIENTED_EDGE('',*,*,#2469,.F.);
#2469 = EDGE_CURVE('',#514,#1388,#2470,.T.);
#2470 = LINE('',#2471,#2472);
#2471 = CARTESIAN_POINT('',(11.416082,-42.295398,0.));
#2472 = VECTOR('',#2473,1.);
#2473 = DIRECTION('',(0.,0.,1.));
#2474 = ORIENTED_EDGE('',*,*,#521,.F.);
#2475 = PLANE('',#2476);
#2476 = AXIS2_PLACEMENT_3D('',#2477,#2478,#2479);
#2477 = CARTESIAN_POINT('',(11.075598,-41.461724,0.));
#2478 = DIRECTION('',(0.925766460415,0.378095835432,-0.));
#2479 = DIRECTION('',(0.378095835432,-0.925766460415,0.));
#2480 = ADVANCED_FACE('',(#2481),#2492,.T.);
#2481 = FACE_BOUND('',#2482,.T.);
#2482 = EDGE_LOOP('',(#2483,#2484,#2485,#2491));
#2483 = ORIENTED_EDGE('',*,*,#2469,.T.);
#2484 = ORIENTED_EDGE('',*,*,#1387,.T.);
#2485 = ORIENTED_EDGE('',*,*,#2486,.F.);
#2486 = EDGE_CURVE('',#506,#1380,#2487,.T.);
#2487 = LINE('',#2488,#2489);
#2488 = CARTESIAN_POINT('',(11.493813,-43.192561,0.));
#2489 = VECTOR('',#2490,1.);
#2490 = DIRECTION('',(0.,0.,1.));
#2491 = ORIENTED_EDGE('',*,*,#513,.F.);
#2492 = PLANE('',#2493);
#2493 = AXIS2_PLACEMENT_3D('',#2494,#2495,#2496);
#2494 = CARTESIAN_POINT('',(11.416082,-42.295398,0.));
#2495 = DIRECTION('',(0.99626767798,8.63175174155E-02,-0.));
#2496 = DIRECTION('',(8.63175174155E-02,-0.99626767798,0.));
#2497 = ADVANCED_FACE('',(#2498),#2509,.T.);
#2498 = FACE_BOUND('',#2499,.T.);
#2499 = EDGE_LOOP('',(#2500,#2501,#2502,#2508));
#2500 = ORIENTED_EDGE('',*,*,#2486,.T.);
#2501 = ORIENTED_EDGE('',*,*,#1379,.T.);
#2502 = ORIENTED_EDGE('',*,*,#2503,.F.);
#2503 = EDGE_CURVE('',#498,#1372,#2504,.T.);
#2504 = LINE('',#2505,#2506);
#2505 = CARTESIAN_POINT('',(11.301788,-44.072372,0.));
#2506 = VECTOR('',#2507,1.);
#2507 = DIRECTION('',(0.,0.,1.));
#2508 = ORIENTED_EDGE('',*,*,#505,.F.);
#2509 = PLANE('',#2510);
#2510 = AXIS2_PLACEMENT_3D('',#2511,#2512,#2513);
#2511 = CARTESIAN_POINT('',(11.493813,-43.192561,0.));
#2512 = DIRECTION('',(0.977000440129,-0.21323728564,0.));
#2513 = DIRECTION('',(-0.21323728564,-0.977000440129,0.));
#2514 = ADVANCED_FACE('',(#2515),#2526,.T.);
#2515 = FACE_BOUND('',#2516,.T.);
#2516 = EDGE_LOOP('',(#2517,#2518,#2519,#2525));
#2517 = ORIENTED_EDGE('',*,*,#2503,.T.);
#2518 = ORIENTED_EDGE('',*,*,#1371,.T.);
#2519 = ORIENTED_EDGE('',*,*,#2520,.F.);
#2520 = EDGE_CURVE('',#490,#1364,#2521,.T.);
#2521 = LINE('',#2522,#2523);
#2522 = CARTESIAN_POINT('',(10.857308,-44.855558,0.));
#2523 = VECTOR('',#2524,1.);
#2524 = DIRECTION('',(0.,0.,1.));
#2525 = ORIENTED_EDGE('',*,*,#497,.F.);
#2526 = PLANE('',#2527);
#2527 = AXIS2_PLACEMENT_3D('',#2528,#2529,#2530);
#2528 = CARTESIAN_POINT('',(11.301788,-44.072372,0.));
#2529 = DIRECTION('',(0.869700679738,-0.493579504907,0.));
#2530 = DIRECTION('',(-0.493579504907,-0.869700679738,0.));
#2531 = ADVANCED_FACE('',(#2532),#2543,.T.);
#2532 = FACE_BOUND('',#2533,.T.);
#2533 = EDGE_LOOP('',(#2534,#2535,#2536,#2542));
#2534 = ORIENTED_EDGE('',*,*,#2520,.T.);
#2535 = ORIENTED_EDGE('',*,*,#1363,.T.);
#2536 = ORIENTED_EDGE('',*,*,#2537,.F.);
#2537 = EDGE_CURVE('',#482,#1356,#2538,.T.);
#2538 = LINE('',#2539,#2540);
#2539 = CARTESIAN_POINT('',(10.200423,-45.471549,0.));
#2540 = VECTOR('',#2541,1.);
#2541 = DIRECTION('',(0.,0.,1.));
#2542 = ORIENTED_EDGE('',*,*,#489,.F.);
#2543 = PLANE('',#2544);
#2544 = AXIS2_PLACEMENT_3D('',#2545,#2546,#2547);
#2545 = CARTESIAN_POINT('',(10.857308,-44.855558,0.));
#2546 = DIRECTION('',(0.684036461427,-0.729447818174,0.));
#2547 = DIRECTION('',(-0.729447818174,-0.684036461427,0.));
#2548 = ADVANCED_FACE('',(#2549),#2560,.T.);
#2549 = FACE_BOUND('',#2550,.T.);
#2550 = EDGE_LOOP('',(#2551,#2552,#2553,#2559));
#2551 = ORIENTED_EDGE('',*,*,#2537,.T.);
#2552 = ORIENTED_EDGE('',*,*,#1355,.T.);
#2553 = ORIENTED_EDGE('',*,*,#2554,.F.);
#2554 = EDGE_CURVE('',#474,#1348,#2555,.T.);
#2555 = LINE('',#2556,#2557);
#2556 = CARTESIAN_POINT('',(9.390322,-45.864842,0.));
#2557 = VECTOR('',#2558,1.);
#2558 = DIRECTION('',(0.,0.,1.));
#2559 = ORIENTED_EDGE('',*,*,#481,.F.);
#2560 = PLANE('',#2561);
#2561 = AXIS2_PLACEMENT_3D('',#2562,#2563,#2564);
#2562 = CARTESIAN_POINT('',(10.200423,-45.471549,0.));
#2563 = DIRECTION('',(0.436738067696,-0.899588717262,0.));
#2564 = DIRECTION('',(-0.899588717262,-0.436738067696,0.));
#2565 = ADVANCED_FACE('',(#2566),#2577,.T.);
#2566 = FACE_BOUND('',#2567,.T.);
#2567 = EDGE_LOOP('',(#2568,#2569,#2570,#2576));
#2568 = ORIENTED_EDGE('',*,*,#2554,.T.);
#2569 = ORIENTED_EDGE('',*,*,#1347,.T.);
#2570 = ORIENTED_EDGE('',*,*,#2571,.F.);
#2571 = EDGE_CURVE('',#466,#1340,#2572,.T.);
#2572 = LINE('',#2573,#2574);
#2573 = CARTESIAN_POINT('',(8.5,-46.,0.));
#2574 = VECTOR('',#2575,1.);
#2575 = DIRECTION('',(0.,0.,1.));
#2576 = ORIENTED_EDGE('',*,*,#473,.F.);
#2577 = PLANE('',#2578);
#2578 = AXIS2_PLACEMENT_3D('',#2579,#2580,#2581);
#2579 = CARTESIAN_POINT('',(9.390322,-45.864842,0.));
#2580 = DIRECTION('',(0.150088404635,-0.988672580177,0.));
#2581 = DIRECTION('',(-0.988672580177,-0.150088404635,0.));
#2582 = ADVANCED_FACE('',(#2583),#2594,.T.);
#2583 = FACE_BOUND('',#2584,.T.);
#2584 = EDGE_LOOP('',(#2585,#2586,#2587,#2593));
#2585 = ORIENTED_EDGE('',*,*,#2571,.T.);
#2586 = ORIENTED_EDGE('',*,*,#1339,.T.);
#2587 = ORIENTED_EDGE('',*,*,#2588,.F.);
#2588 = EDGE_CURVE('',#458,#1332,#2589,.T.);
#2589 = LINE('',#2590,#2591);
#2590 = CARTESIAN_POINT('',(7.609677,-45.864842,0.));
#2591 = VECTOR('',#2592,1.);
#2592 = DIRECTION('',(0.,0.,1.));
#2593 = ORIENTED_EDGE('',*,*,#465,.F.);
#2594 = PLANE('',#2595);
#2595 = AXIS2_PLACEMENT_3D('',#2596,#2597,#2598);
#2596 = CARTESIAN_POINT('',(8.5,-46.,0.));
#2597 = DIRECTION('',(-0.150088239855,-0.988672605192,0.));
#2598 = DIRECTION('',(-0.988672605192,0.150088239855,0.));
#2599 = ADVANCED_FACE('',(#2600),#2611,.T.);
#2600 = FACE_BOUND('',#2601,.T.);
#2601 = EDGE_LOOP('',(#2602,#2603,#2604,#2610));
#2602 = ORIENTED_EDGE('',*,*,#2588,.T.);
#2603 = ORIENTED_EDGE('',*,*,#1331,.T.);
#2604 = ORIENTED_EDGE('',*,*,#2605,.F.);
#2605 = EDGE_CURVE('',#450,#1324,#2606,.T.);
#2606 = LINE('',#2607,#2608);
#2607 = CARTESIAN_POINT('',(6.799576,-45.471549,0.));
#2608 = VECTOR('',#2609,1.);
#2609 = DIRECTION('',(0.,0.,1.));
#2610 = ORIENTED_EDGE('',*,*,#457,.F.);
#2611 = PLANE('',#2612);
#2612 = AXIS2_PLACEMENT_3D('',#2613,#2614,#2615);
#2613 = CARTESIAN_POINT('',(7.609677,-45.864842,0.));
#2614 = DIRECTION('',(-0.436738067696,-0.899588717262,0.));
#2615 = DIRECTION('',(-0.899588717262,0.436738067696,0.));
#2616 = ADVANCED_FACE('',(#2617),#2628,.T.);
#2617 = FACE_BOUND('',#2618,.T.);
#2618 = EDGE_LOOP('',(#2619,#2620,#2621,#2627));
#2619 = ORIENTED_EDGE('',*,*,#2605,.T.);
#2620 = ORIENTED_EDGE('',*,*,#1323,.T.);
#2621 = ORIENTED_EDGE('',*,*,#2622,.F.);
#2622 = EDGE_CURVE('',#442,#1316,#2623,.T.);
#2623 = LINE('',#2624,#2625);
#2624 = CARTESIAN_POINT('',(6.142691,-44.855558,0.));
#2625 = VECTOR('',#2626,1.);
#2626 = DIRECTION('',(0.,0.,1.));
#2627 = ORIENTED_EDGE('',*,*,#449,.F.);
#2628 = PLANE('',#2629);
#2629 = AXIS2_PLACEMENT_3D('',#2630,#2631,#2632);
#2630 = CARTESIAN_POINT('',(6.799576,-45.471549,0.));
#2631 = DIRECTION('',(-0.684036461427,-0.729447818174,0.));
#2632 = DIRECTION('',(-0.729447818174,0.684036461427,0.));
#2633 = ADVANCED_FACE('',(#2634),#2645,.T.);
#2634 = FACE_BOUND('',#2635,.T.);
#2635 = EDGE_LOOP('',(#2636,#2637,#2638,#2644));
#2636 = ORIENTED_EDGE('',*,*,#2622,.T.);
#2637 = ORIENTED_EDGE('',*,*,#1315,.T.);
#2638 = ORIENTED_EDGE('',*,*,#2639,.F.);
#2639 = EDGE_CURVE('',#434,#1308,#2640,.T.);
#2640 = LINE('',#2641,#2642);
#2641 = CARTESIAN_POINT('',(5.698211,-44.072372,0.));
#2642 = VECTOR('',#2643,1.);
#2643 = DIRECTION('',(0.,0.,1.));
#2644 = ORIENTED_EDGE('',*,*,#441,.F.);
#2645 = PLANE('',#2646);
#2646 = AXIS2_PLACEMENT_3D('',#2647,#2648,#2649);
#2647 = CARTESIAN_POINT('',(6.142691,-44.855558,0.));
#2648 = DIRECTION('',(-0.869700679738,-0.493579504907,0.));
#2649 = DIRECTION('',(-0.493579504907,0.869700679738,0.));
#2650 = ADVANCED_FACE('',(#2651),#2662,.T.);
#2651 = FACE_BOUND('',#2652,.T.);
#2652 = EDGE_LOOP('',(#2653,#2654,#2655,#2661));
#2653 = ORIENTED_EDGE('',*,*,#2639,.T.);
#2654 = ORIENTED_EDGE('',*,*,#1307,.T.);
#2655 = ORIENTED_EDGE('',*,*,#2656,.F.);
#2656 = EDGE_CURVE('',#426,#1300,#2657,.T.);
#2657 = LINE('',#2658,#2659);
#2658 = CARTESIAN_POINT('',(5.506186,-43.192561,0.));
#2659 = VECTOR('',#2660,1.);
#2660 = DIRECTION('',(0.,0.,1.));
#2661 = ORIENTED_EDGE('',*,*,#433,.F.);
#2662 = PLANE('',#2663);
#2663 = AXIS2_PLACEMENT_3D('',#2664,#2665,#2666);
#2664 = CARTESIAN_POINT('',(5.698211,-44.072372,0.));
#2665 = DIRECTION('',(-0.977000440129,-0.21323728564,0.));
#2666 = DIRECTION('',(-0.21323728564,0.977000440129,0.));
#2667 = ADVANCED_FACE('',(#2668),#2679,.T.);
#2668 = FACE_BOUND('',#2669,.T.);
#2669 = EDGE_LOOP('',(#2670,#2671,#2672,#2678));
#2670 = ORIENTED_EDGE('',*,*,#2656,.T.);
#2671 = ORIENTED_EDGE('',*,*,#1299,.T.);
#2672 = ORIENTED_EDGE('',*,*,#2673,.F.);
#2673 = EDGE_CURVE('',#418,#1292,#2674,.T.);
#2674 = LINE('',#2675,#2676);
#2675 = CARTESIAN_POINT('',(5.583917,-42.295398,0.));
#2676 = VECTOR('',#2677,1.);
#2677 = DIRECTION('',(0.,0.,1.));
#2678 = ORIENTED_EDGE('',*,*,#425,.F.);
#2679 = PLANE('',#2680);
#2680 = AXIS2_PLACEMENT_3D('',#2681,#2682,#2683);
#2681 = CARTESIAN_POINT('',(5.506186,-43.192561,0.));
#2682 = DIRECTION('',(-0.99626767798,8.63175174155E-02,0.));
#2683 = DIRECTION('',(8.63175174155E-02,0.99626767798,0.));
#2684 = ADVANCED_FACE('',(#2685),#2696,.T.);
#2685 = FACE_BOUND('',#2686,.T.);
#2686 = EDGE_LOOP('',(#2687,#2688,#2689,#2695));
#2687 = ORIENTED_EDGE('',*,*,#2673,.T.);
#2688 = ORIENTED_EDGE('',*,*,#1291,.T.);
#2689 = ORIENTED_EDGE('',*,*,#2690,.F.);
#2690 = EDGE_CURVE('',#410,#1284,#2691,.T.);
#2691 = LINE('',#2692,#2693);
#2692 = CARTESIAN_POINT('',(5.924401,-41.461724,0.));
#2693 = VECTOR('',#2694,1.);
#2694 = DIRECTION('',(0.,0.,1.));
#2695 = ORIENTED_EDGE('',*,*,#417,.F.);
#2696 = PLANE('',#2697);
#2697 = AXIS2_PLACEMENT_3D('',#2698,#2699,#2700);
#2698 = CARTESIAN_POINT('',(5.583917,-42.295398,0.));
#2699 = DIRECTION('',(-0.925766460415,0.378095835432,0.));
#2700 = DIRECTION('',(0.378095835432,0.925766460415,0.));
#2701 = ADVANCED_FACE('',(#2702),#2713,.T.);
#2702 = FACE_BOUND('',#2703,.T.);
#2703 = EDGE_LOOP('',(#2704,#2705,#2706,#2712));
#2704 = ORIENTED_EDGE('',*,*,#2690,.T.);
#2705 = ORIENTED_EDGE('',*,*,#1283,.T.);
#2706 = ORIENTED_EDGE('',*,*,#2707,.F.);
#2707 = EDGE_CURVE('',#402,#1276,#2708,.T.);
#2708 = LINE('',#2709,#2710);
#2709 = CARTESIAN_POINT('',(6.496959,-40.766655,0.));
#2710 = VECTOR('',#2711,1.);
#2711 = DIRECTION('',(0.,0.,1.));
#2712 = ORIENTED_EDGE('',*,*,#409,.F.);
#2713 = PLANE('',#2714);
#2714 = AXIS2_PLACEMENT_3D('',#2715,#2716,#2717);
#2715 = CARTESIAN_POINT('',(5.924401,-41.461724,0.));
#2716 = DIRECTION('',(-0.771849451679,0.635805334944,0.));
#2717 = DIRECTION('',(0.635805334944,0.771849451679,0.));
#2718 = ADVANCED_FACE('',(#2719),#2730,.T.);
#2719 = FACE_BOUND('',#2720,.T.);
#2720 = EDGE_LOOP('',(#2721,#2722,#2723,#2729));
#2721 = ORIENTED_EDGE('',*,*,#2707,.T.);
#2722 = ORIENTED_EDGE('',*,*,#1275,.T.);
#2723 = ORIENTED_EDGE('',*,*,#2724,.F.);
#2724 = EDGE_CURVE('',#394,#1268,#2725,.T.);
#2725 = LINE('',#2726,#2727);
#2726 = CARTESIAN_POINT('',(7.25,-40.272821,0.));
#2727 = VECTOR('',#2728,1.);
#2728 = DIRECTION('',(0.,0.,1.));
#2729 = ORIENTED_EDGE('',*,*,#401,.F.);
#2730 = PLANE('',#2731);
#2731 = AXIS2_PLACEMENT_3D('',#2732,#2733,#2734);
#2732 = CARTESIAN_POINT('',(6.496959,-40.766655,0.));
#2733 = DIRECTION('',(-0.548385401579,0.836225717934,0.));
#2734 = DIRECTION('',(0.836225717934,0.548385401579,0.));
#2735 = ADVANCED_FACE('',(#2736),#2747,.T.);
#2736 = FACE_BOUND('',#2737,.T.);
#2737 = EDGE_LOOP('',(#2738,#2739,#2740,#2746));
#2738 = ORIENTED_EDGE('',*,*,#2724,.T.);
#2739 = ORIENTED_EDGE('',*,*,#1267,.T.);
#2740 = ORIENTED_EDGE('',*,*,#2741,.F.);
#2741 = EDGE_CURVE('',#386,#1260,#2742,.T.);
#2742 = LINE('',#2743,#2744);
#2743 = CARTESIAN_POINT('',(7.25,-37.6,0.));
#2744 = VECTOR('',#2745,1.);
#2745 = DIRECTION('',(0.,0.,1.));
#2746 = ORIENTED_EDGE('',*,*,#393,.F.);
#2747 = PLANE('',#2748);
#2748 = AXIS2_PLACEMENT_3D('',#2749,#2750,#2751);
#2749 = CARTESIAN_POINT('',(7.25,-40.272821,0.));
#2750 = DIRECTION('',(-1.,0.,0.));
#2751 = DIRECTION('',(0.,1.,0.));
#2752 = ADVANCED_FACE('',(#2753),#2764,.T.);
#2753 = FACE_BOUND('',#2754,.T.);
#2754 = EDGE_LOOP('',(#2755,#2756,#2757,#2763));
#2755 = ORIENTED_EDGE('',*,*,#2741,.T.);
#2756 = ORIENTED_EDGE('',*,*,#1259,.T.);
#2757 = ORIENTED_EDGE('',*,*,#2758,.F.);
#2758 = EDGE_CURVE('',#378,#1252,#2759,.T.);
#2759 = LINE('',#2760,#2761);
#2760 = CARTESIAN_POINT('',(2.25,-37.6,0.));
#2761 = VECTOR('',#2762,1.);
#2762 = DIRECTION('',(0.,0.,1.));
#2763 = ORIENTED_EDGE('',*,*,#385,.F.);
#2764 = PLANE('',#2765);
#2765 = AXIS2_PLACEMENT_3D('',#2766,#2767,#2768);
#2766 = CARTESIAN_POINT('',(7.25,-37.6,0.));
#2767 = DIRECTION('',(0.,-1.,0.));
#2768 = DIRECTION('',(-1.,0.,0.));
#2769 = ADVANCED_FACE('',(#2770),#2781,.T.);
#2770 = FACE_BOUND('',#2771,.T.);
#2771 = EDGE_LOOP('',(#2772,#2773,#2774,#2780));
#2772 = ORIENTED_EDGE('',*,*,#2758,.T.);
#2773 = ORIENTED_EDGE('',*,*,#1251,.T.);
#2774 = ORIENTED_EDGE('',*,*,#2775,.F.);
#2775 = EDGE_CURVE('',#370,#1244,#2776,.T.);
#2776 = LINE('',#2777,#2778);
#2777 = CARTESIAN_POINT('',(2.25,-23.25,0.));
#2778 = VECTOR('',#2779,1.);
#2779 = DIRECTION('',(0.,0.,1.));
#2780 = ORIENTED_EDGE('',*,*,#377,.F.);
#2781 = PLANE('',#2782);
#2782 = AXIS2_PLACEMENT_3D('',#2783,#2784,#2785);
#2783 = CARTESIAN_POINT('',(2.25,-37.6,0.));
#2784 = DIRECTION('',(-1.,0.,0.));
#2785 = DIRECTION('',(0.,1.,0.));
#2786 = ADVANCED_FACE('',(#2787),#2798,.T.);
#2787 = FACE_BOUND('',#2788,.T.);
#2788 = EDGE_LOOP('',(#2789,#2790,#2791,#2797));
#2789 = ORIENTED_EDGE('',*,*,#2775,.T.);
#2790 = ORIENTED_EDGE('',*,*,#1243,.T.);
#2791 = ORIENTED_EDGE('',*,*,#2792,.F.);
#2792 = EDGE_CURVE('',#362,#1236,#2793,.T.);
#2793 = LINE('',#2794,#2795);
#2794 = CARTESIAN_POINT('',(-2.022821,-23.25,0.));
#2795 = VECTOR('',#2796,1.);
#2796 = DIRECTION('',(0.,0.,1.));
#2797 = ORIENTED_EDGE('',*,*,#369,.F.);
#2798 = PLANE('',#2799);
#2799 = AXIS2_PLACEMENT_3D('',#2800,#2801,#2802);
#2800 = CARTESIAN_POINT('',(2.25,-23.25,0.));
#2801 = DIRECTION('',(0.,-1.,0.));
#2802 = DIRECTION('',(-1.,0.,0.));
#2803 = ADVANCED_FACE('',(#2804),#2815,.T.);
#2804 = FACE_BOUND('',#2805,.T.);
#2805 = EDGE_LOOP('',(#2806,#2807,#2808,#2814));
#2806 = ORIENTED_EDGE('',*,*,#2792,.T.);
#2807 = ORIENTED_EDGE('',*,*,#1235,.T.);
#2808 = ORIENTED_EDGE('',*,*,#2809,.F.);
#2809 = EDGE_CURVE('',#354,#1228,#2810,.T.);
#2810 = LINE('',#2811,#2812);
#2811 = CARTESIAN_POINT('',(-2.516655,-24.00304,0.));
#2812 = VECTOR('',#2813,1.);
#2813 = DIRECTION('',(0.,0.,1.));
#2814 = ORIENTED_EDGE('',*,*,#361,.F.);
#2815 = PLANE('',#2816);
#2816 = AXIS2_PLACEMENT_3D('',#2817,#2818,#2819);
#2817 = CARTESIAN_POINT('',(-2.022821,-23.25,0.));
#2818 = DIRECTION('',(0.836225383988,-0.54838591081,0.));
#2819 = DIRECTION('',(-0.54838591081,-0.836225383988,0.));
#2820 = ADVANCED_FACE('',(#2821),#2832,.T.);
#2821 = FACE_BOUND('',#2822,.T.);
#2822 = EDGE_LOOP('',(#2823,#2824,#2825,#2831));
#2823 = ORIENTED_EDGE('',*,*,#2809,.T.);
#2824 = ORIENTED_EDGE('',*,*,#1227,.T.);
#2825 = ORIENTED_EDGE('',*,*,#2826,.F.);
#2826 = EDGE_CURVE('',#346,#1220,#2827,.T.);
#2827 = LINE('',#2828,#2829);
#2828 = CARTESIAN_POINT('',(-3.211724,-24.575598,0.));
#2829 = VECTOR('',#2830,1.);
#2830 = DIRECTION('',(0.,0.,1.));
#2831 = ORIENTED_EDGE('',*,*,#353,.F.);
#2832 = PLANE('',#2833);
#2833 = AXIS2_PLACEMENT_3D('',#2834,#2835,#2836);
#2834 = CARTESIAN_POINT('',(-2.516655,-24.00304,0.));
#2835 = DIRECTION('',(0.635805334944,-0.771849451679,0.));
#2836 = DIRECTION('',(-0.771849451679,-0.635805334944,0.));
#2837 = ADVANCED_FACE('',(#2838),#2849,.T.);
#2838 = FACE_BOUND('',#2839,.T.);
#2839 = EDGE_LOOP('',(#2840,#2841,#2842,#2848));
#2840 = ORIENTED_EDGE('',*,*,#2826,.T.);
#2841 = ORIENTED_EDGE('',*,*,#1219,.T.);
#2842 = ORIENTED_EDGE('',*,*,#2843,.F.);
#2843 = EDGE_CURVE('',#338,#1212,#2844,.T.);
#2844 = LINE('',#2845,#2846);
#2845 = CARTESIAN_POINT('',(-4.045398,-24.916082,0.));
#2846 = VECTOR('',#2847,1.);
#2847 = DIRECTION('',(0.,0.,1.));
#2848 = ORIENTED_EDGE('',*,*,#345,.F.);
#2849 = PLANE('',#2850);
#2850 = AXIS2_PLACEMENT_3D('',#2851,#2852,#2853);
#2851 = CARTESIAN_POINT('',(-3.211724,-24.575598,0.));
#2852 = DIRECTION('',(0.378095835432,-0.925766460415,0.));
#2853 = DIRECTION('',(-0.925766460415,-0.378095835432,0.));
#2854 = ADVANCED_FACE('',(#2855),#2866,.T.);
#2855 = FACE_BOUND('',#2856,.T.);
#2856 = EDGE_LOOP('',(#2857,#2858,#2859,#2865));
#2857 = ORIENTED_EDGE('',*,*,#2843,.T.);
#2858 = ORIENTED_EDGE('',*,*,#1211,.T.);
#2859 = ORIENTED_EDGE('',*,*,#2860,.F.);
#2860 = EDGE_CURVE('',#330,#1204,#2861,.T.);
#2861 = LINE('',#2862,#2863);
#2862 = CARTESIAN_POINT('',(-4.942561,-24.993813,0.));
#2863 = VECTOR('',#2864,1.);
#2864 = DIRECTION('',(0.,0.,1.));
#2865 = ORIENTED_EDGE('',*,*,#337,.F.);
#2866 = PLANE('',#2867);
#2867 = AXIS2_PLACEMENT_3D('',#2868,#2869,#2870);
#2868 = CARTESIAN_POINT('',(-4.045398,-24.916082,0.));
#2869 = DIRECTION('',(8.63175174155E-02,-0.99626767798,0.));
#2870 = DIRECTION('',(-0.99626767798,-8.63175174155E-02,0.));
#2871 = ADVANCED_FACE('',(#2872),#2883,.T.);
#2872 = FACE_BOUND('',#2873,.T.);
#2873 = EDGE_LOOP('',(#2874,#2875,#2876,#2882));
#2874 = ORIENTED_EDGE('',*,*,#2860,.T.);
#2875 = ORIENTED_EDGE('',*,*,#1203,.T.);
#2876 = ORIENTED_EDGE('',*,*,#2877,.F.);
#2877 = EDGE_CURVE('',#322,#1196,#2878,.T.);
#2878 = LINE('',#2879,#2880);
#2879 = CARTESIAN_POINT('',(-5.822372,-24.801788,0.));
#2880 = VECTOR('',#2881,1.);
#2881 = DIRECTION('',(0.,0.,1.));
#2882 = ORIENTED_EDGE('',*,*,#329,.F.);
#2883 = PLANE('',#2884);
#2884 = AXIS2_PLACEMENT_3D('',#2885,#2886,#2887);
#2885 = CARTESIAN_POINT('',(-4.942561,-24.993813,0.));
#2886 = DIRECTION('',(-0.21323728564,-0.977000440129,0.));
#2887 = DIRECTION('',(-0.977000440129,0.21323728564,0.));
#2888 = ADVANCED_FACE('',(#2889),#2900,.T.);
#2889 = FACE_BOUND('',#2890,.T.);
#2890 = EDGE_LOOP('',(#2891,#2892,#2893,#2899));
#2891 = ORIENTED_EDGE('',*,*,#2877,.T.);
#2892 = ORIENTED_EDGE('',*,*,#1195,.T.);
#2893 = ORIENTED_EDGE('',*,*,#2894,.F.);
#2894 = EDGE_CURVE('',#314,#1188,#2895,.T.);
#2895 = LINE('',#2896,#2897);
#2896 = CARTESIAN_POINT('',(-6.605558,-24.357308,0.));
#2897 = VECTOR('',#2898,1.);
#2898 = DIRECTION('',(0.,0.,1.));
#2899 = ORIENTED_EDGE('',*,*,#321,.F.);
#2900 = PLANE('',#2901);
#2901 = AXIS2_PLACEMENT_3D('',#2902,#2903,#2904);
#2902 = CARTESIAN_POINT('',(-5.822372,-24.801788,0.));
#2903 = DIRECTION('',(-0.493579504907,-0.869700679738,0.));
#2904 = DIRECTION('',(-0.869700679738,0.493579504907,0.));
#2905 = ADVANCED_FACE('',(#2906),#2917,.T.);
#2906 = FACE_BOUND('',#2907,.T.);
#2907 = EDGE_LOOP('',(#2908,#2909,#2910,#2916));
#2908 = ORIENTED_EDGE('',*,*,#2894,.T.);
#2909 = ORIENTED_EDGE('',*,*,#1187,.T.);
#2910 = ORIENTED_EDGE('',*,*,#2911,.F.);
#2911 = EDGE_CURVE('',#306,#1180,#2912,.T.);
#2912 = LINE('',#2913,#2914);
#2913 = CARTESIAN_POINT('',(-7.221549,-23.700423,0.));
#2914 = VECTOR('',#2915,1.);
#2915 = DIRECTION('',(0.,0.,1.));
#2916 = ORIENTED_EDGE('',*,*,#313,.F.);
#2917 = PLANE('',#2918);
#2918 = AXIS2_PLACEMENT_3D('',#2919,#2920,#2921);
#2919 = CARTESIAN_POINT('',(-6.605558,-24.357308,0.));
#2920 = DIRECTION('',(-0.729447818174,-0.684036461427,0.));
#2921 = DIRECTION('',(-0.684036461427,0.729447818174,0.));
#2922 = ADVANCED_FACE('',(#2923),#2934,.T.);
#2923 = FACE_BOUND('',#2924,.T.);
#2924 = EDGE_LOOP('',(#2925,#2926,#2927,#2933));
#2925 = ORIENTED_EDGE('',*,*,#2911,.T.);
#2926 = ORIENTED_EDGE('',*,*,#1179,.T.);
#2927 = ORIENTED_EDGE('',*,*,#2928,.F.);
#2928 = EDGE_CURVE('',#298,#1172,#2929,.T.);
#2929 = LINE('',#2930,#2931);
#2930 = CARTESIAN_POINT('',(-7.614842,-22.890322,0.));
#2931 = VECTOR('',#2932,1.);
#2932 = DIRECTION('',(0.,0.,1.));
#2933 = ORIENTED_EDGE('',*,*,#305,.F.);
#2934 = PLANE('',#2935);
#2935 = AXIS2_PLACEMENT_3D('',#2936,#2937,#2938);
#2936 = CARTESIAN_POINT('',(-7.221549,-23.700423,0.));
#2937 = DIRECTION('',(-0.899588717262,-0.436738067696,0.));
#2938 = DIRECTION('',(-0.436738067696,0.899588717262,0.));
#2939 = ADVANCED_FACE('',(#2940),#2951,.T.);
#2940 = FACE_BOUND('',#2941,.T.);
#2941 = EDGE_LOOP('',(#2942,#2943,#2944,#2950));
#2942 = ORIENTED_EDGE('',*,*,#2928,.T.);
#2943 = ORIENTED_EDGE('',*,*,#1171,.T.);
#2944 = ORIENTED_EDGE('',*,*,#2945,.F.);
#2945 = EDGE_CURVE('',#290,#1164,#2946,.T.);
#2946 = LINE('',#2947,#2948);
#2947 = CARTESIAN_POINT('',(-7.75,-22.,0.));
#2948 = VECTOR('',#2949,1.);
#2949 = DIRECTION('',(0.,0.,1.));
#2950 = ORIENTED_EDGE('',*,*,#297,.F.);
#2951 = PLANE('',#2952);
#2952 = AXIS2_PLACEMENT_3D('',#2953,#2954,#2955);
#2953 = CARTESIAN_POINT('',(-7.614842,-22.890322,0.));
#2954 = DIRECTION('',(-0.988672580177,-0.150088404635,0.));
#2955 = DIRECTION('',(-0.150088404635,0.988672580177,0.));
#2956 = ADVANCED_FACE('',(#2957),#2968,.T.);
#2957 = FACE_BOUND('',#2958,.T.);
#2958 = EDGE_LOOP('',(#2959,#2960,#2961,#2967));
#2959 = ORIENTED_EDGE('',*,*,#2945,.T.);
#2960 = ORIENTED_EDGE('',*,*,#1163,.T.);
#2961 = ORIENTED_EDGE('',*,*,#2962,.F.);
#2962 = EDGE_CURVE('',#282,#1156,#2963,.T.);
#2963 = LINE('',#2964,#2965);
#2964 = CARTESIAN_POINT('',(-7.614842,-21.109677,0.));
#2965 = VECTOR('',#2966,1.);
#2966 = DIRECTION('',(0.,0.,1.));
#2967 = ORIENTED_EDGE('',*,*,#289,.F.);
#2968 = PLANE('',#2969);
#2969 = AXIS2_PLACEMENT_3D('',#2970,#2971,#2972);
#2970 = CARTESIAN_POINT('',(-7.75,-22.,0.));
#2971 = DIRECTION('',(-0.988672605192,0.150088239855,0.));
#2972 = DIRECTION('',(0.150088239855,0.988672605192,0.));
#2973 = ADVANCED_FACE('',(#2974),#2985,.T.);
#2974 = FACE_BOUND('',#2975,.T.);
#2975 = EDGE_LOOP('',(#2976,#2977,#2978,#2984));
#2976 = ORIENTED_EDGE('',*,*,#2962,.T.);
#2977 = ORIENTED_EDGE('',*,*,#1155,.T.);
#2978 = ORIENTED_EDGE('',*,*,#2979,.F.);
#2979 = EDGE_CURVE('',#274,#1148,#2980,.T.);
#2980 = LINE('',#2981,#2982);
#2981 = CARTESIAN_POINT('',(-7.221549,-20.299576,0.));
#2982 = VECTOR('',#2983,1.);
#2983 = DIRECTION('',(0.,0.,1.));
#2984 = ORIENTED_EDGE('',*,*,#281,.F.);
#2985 = PLANE('',#2986);
#2986 = AXIS2_PLACEMENT_3D('',#2987,#2988,#2989);
#2987 = CARTESIAN_POINT('',(-7.614842,-21.109677,0.));
#2988 = DIRECTION('',(-0.899588717262,0.436738067696,0.));
#2989 = DIRECTION('',(0.436738067696,0.899588717262,0.));
#2990 = ADVANCED_FACE('',(#2991),#3002,.T.);
#2991 = FACE_BOUND('',#2992,.T.);
#2992 = EDGE_LOOP('',(#2993,#2994,#2995,#3001));
#2993 = ORIENTED_EDGE('',*,*,#2979,.T.);
#2994 = ORIENTED_EDGE('',*,*,#1147,.T.);
#2995 = ORIENTED_EDGE('',*,*,#2996,.F.);
#2996 = EDGE_CURVE('',#266,#1140,#2997,.T.);
#2997 = LINE('',#2998,#2999);
#2998 = CARTESIAN_POINT('',(-6.605558,-19.642691,0.));
#2999 = VECTOR('',#3000,1.);
#3000 = DIRECTION('',(0.,0.,1.));
#3001 = ORIENTED_EDGE('',*,*,#273,.F.);
#3002 = PLANE('',#3003);
#3003 = AXIS2_PLACEMENT_3D('',#3004,#3005,#3006);
#3004 = CARTESIAN_POINT('',(-7.221549,-20.299576,0.));
#3005 = DIRECTION('',(-0.729447818174,0.684036461427,0.));
#3006 = DIRECTION('',(0.684036461427,0.729447818174,0.));
#3007 = ADVANCED_FACE('',(#3008),#3019,.T.);
#3008 = FACE_BOUND('',#3009,.T.);
#3009 = EDGE_LOOP('',(#3010,#3011,#3012,#3018));
#3010 = ORIENTED_EDGE('',*,*,#2996,.T.);
#3011 = ORIENTED_EDGE('',*,*,#1139,.T.);
#3012 = ORIENTED_EDGE('',*,*,#3013,.F.);
#3013 = EDGE_CURVE('',#258,#1132,#3014,.T.);
#3014 = LINE('',#3015,#3016);
#3015 = CARTESIAN_POINT('',(-5.822372,-19.198211,0.));
#3016 = VECTOR('',#3017,1.);
#3017 = DIRECTION('',(0.,0.,1.));
#3018 = ORIENTED_EDGE('',*,*,#265,.F.);
#3019 = PLANE('',#3020);
#3020 = AXIS2_PLACEMENT_3D('',#3021,#3022,#3023);
#3021 = CARTESIAN_POINT('',(-6.605558,-19.642691,0.));
#3022 = DIRECTION('',(-0.493579504907,0.869700679738,0.));
#3023 = DIRECTION('',(0.869700679738,0.493579504907,0.));
#3024 = ADVANCED_FACE('',(#3025),#3036,.T.);
#3025 = FACE_BOUND('',#3026,.T.);
#3026 = EDGE_LOOP('',(#3027,#3028,#3029,#3035));
#3027 = ORIENTED_EDGE('',*,*,#3013,.T.);
#3028 = ORIENTED_EDGE('',*,*,#1131,.T.);
#3029 = ORIENTED_EDGE('',*,*,#3030,.F.);
#3030 = EDGE_CURVE('',#250,#1124,#3031,.T.);
#3031 = LINE('',#3032,#3033);
#3032 = CARTESIAN_POINT('',(-4.942561,-19.006186,0.));
#3033 = VECTOR('',#3034,1.);
#3034 = DIRECTION('',(0.,0.,1.));
#3035 = ORIENTED_EDGE('',*,*,#257,.F.);
#3036 = PLANE('',#3037);
#3037 = AXIS2_PLACEMENT_3D('',#3038,#3039,#3040);
#3038 = CARTESIAN_POINT('',(-5.822372,-19.198211,0.));
#3039 = DIRECTION('',(-0.21323728564,0.977000440129,0.));
#3040 = DIRECTION('',(0.977000440129,0.21323728564,0.));
#3041 = ADVANCED_FACE('',(#3042),#3053,.T.);
#3042 = FACE_BOUND('',#3043,.T.);
#3043 = EDGE_LOOP('',(#3044,#3045,#3046,#3052));
#3044 = ORIENTED_EDGE('',*,*,#3030,.T.);
#3045 = ORIENTED_EDGE('',*,*,#1123,.T.);
#3046 = ORIENTED_EDGE('',*,*,#3047,.F.);
#3047 = EDGE_CURVE('',#242,#1116,#3048,.T.);
#3048 = LINE('',#3049,#3050);
#3049 = CARTESIAN_POINT('',(-4.045398,-19.083917,0.));
#3050 = VECTOR('',#3051,1.);
#3051 = DIRECTION('',(0.,0.,1.));
#3052 = ORIENTED_EDGE('',*,*,#249,.F.);
#3053 = PLANE('',#3054);
#3054 = AXIS2_PLACEMENT_3D('',#3055,#3056,#3057);
#3055 = CARTESIAN_POINT('',(-4.942561,-19.006186,0.));
#3056 = DIRECTION('',(8.63175174155E-02,0.99626767798,-0.));
#3057 = DIRECTION('',(0.99626767798,-8.63175174155E-02,0.));
#3058 = ADVANCED_FACE('',(#3059),#3070,.T.);
#3059 = FACE_BOUND('',#3060,.T.);
#3060 = EDGE_LOOP('',(#3061,#3062,#3063,#3069));
#3061 = ORIENTED_EDGE('',*,*,#3047,.T.);
#3062 = ORIENTED_EDGE('',*,*,#1115,.T.);
#3063 = ORIENTED_EDGE('',*,*,#3064,.F.);
#3064 = EDGE_CURVE('',#234,#1108,#3065,.T.);
#3065 = LINE('',#3066,#3067);
#3066 = CARTESIAN_POINT('',(-3.211724,-19.424401,0.));
#3067 = VECTOR('',#3068,1.);
#3068 = DIRECTION('',(0.,0.,1.));
#3069 = ORIENTED_EDGE('',*,*,#241,.F.);
#3070 = PLANE('',#3071);
#3071 = AXIS2_PLACEMENT_3D('',#3072,#3073,#3074);
#3072 = CARTESIAN_POINT('',(-4.045398,-19.083917,0.));
#3073 = DIRECTION('',(0.378095835432,0.925766460415,-0.));
#3074 = DIRECTION('',(0.925766460415,-0.378095835432,0.));
#3075 = ADVANCED_FACE('',(#3076),#3087,.T.);
#3076 = FACE_BOUND('',#3077,.T.);
#3077 = EDGE_LOOP('',(#3078,#3079,#3080,#3086));
#3078 = ORIENTED_EDGE('',*,*,#3064,.T.);
#3079 = ORIENTED_EDGE('',*,*,#1107,.T.);
#3080 = ORIENTED_EDGE('',*,*,#3081,.F.);
#3081 = EDGE_CURVE('',#226,#1100,#3082,.T.);
#3082 = LINE('',#3083,#3084);
#3083 = CARTESIAN_POINT('',(-2.516655,-19.996959,0.));
#3084 = VECTOR('',#3085,1.);
#3085 = DIRECTION('',(0.,0.,1.));
#3086 = ORIENTED_EDGE('',*,*,#233,.F.);
#3087 = PLANE('',#3088);
#3088 = AXIS2_PLACEMENT_3D('',#3089,#3090,#3091);
#3089 = CARTESIAN_POINT('',(-3.211724,-19.424401,0.));
#3090 = DIRECTION('',(0.635805334944,0.771849451679,-0.));
#3091 = DIRECTION('',(0.771849451679,-0.635805334944,0.));
#3092 = ADVANCED_FACE('',(#3093),#3104,.T.);
#3093 = FACE_BOUND('',#3094,.T.);
#3094 = EDGE_LOOP('',(#3095,#3096,#3097,#3103));
#3095 = ORIENTED_EDGE('',*,*,#3081,.T.);
#3096 = ORIENTED_EDGE('',*,*,#1099,.T.);
#3097 = ORIENTED_EDGE('',*,*,#3098,.F.);
#3098 = EDGE_CURVE('',#218,#1092,#3099,.T.);
#3099 = LINE('',#3100,#3101);
#3100 = CARTESIAN_POINT('',(-2.022821,-20.75,0.));
#3101 = VECTOR('',#3102,1.);
#3102 = DIRECTION('',(0.,0.,1.));
#3103 = ORIENTED_EDGE('',*,*,#225,.F.);
#3104 = PLANE('',#3105);
#3105 = AXIS2_PLACEMENT_3D('',#3106,#3107,#3108);
#3106 = CARTESIAN_POINT('',(-2.516655,-19.996959,0.));
#3107 = DIRECTION('',(0.836225717934,0.548385401579,-0.));
#3108 = DIRECTION('',(0.548385401579,-0.836225717934,0.));
#3109 = ADVANCED_FACE('',(#3110),#3121,.T.);
#3110 = FACE_BOUND('',#3111,.T.);
#3111 = EDGE_LOOP('',(#3112,#3113,#3114,#3120));
#3112 = ORIENTED_EDGE('',*,*,#3098,.T.);
#3113 = ORIENTED_EDGE('',*,*,#1091,.T.);
#3114 = ORIENTED_EDGE('',*,*,#3115,.F.);
#3115 = EDGE_CURVE('',#210,#1084,#3116,.T.);
#3116 = LINE('',#3117,#3118);
#3117 = CARTESIAN_POINT('',(2.25,-20.75,0.));
#3118 = VECTOR('',#3119,1.);
#3119 = DIRECTION('',(0.,0.,1.));
#3120 = ORIENTED_EDGE('',*,*,#217,.F.);
#3121 = PLANE('',#3122);
#3122 = AXIS2_PLACEMENT_3D('',#3123,#3124,#3125);
#3123 = CARTESIAN_POINT('',(-2.022821,-20.75,0.));
#3124 = DIRECTION('',(0.,1.,0.));
#3125 = DIRECTION('',(1.,0.,0.));
#3126 = ADVANCED_FACE('',(#3127),#3138,.T.);
#3127 = FACE_BOUND('',#3128,.T.);
#3128 = EDGE_LOOP('',(#3129,#3130,#3131,#3137));
#3129 = ORIENTED_EDGE('',*,*,#3115,.T.);
#3130 = ORIENTED_EDGE('',*,*,#1083,.T.);
#3131 = ORIENTED_EDGE('',*,*,#3132,.F.);
#3132 = EDGE_CURVE('',#202,#1076,#3133,.T.);
#3133 = LINE('',#3134,#3135);
#3134 = CARTESIAN_POINT('',(2.25,-18.6,0.));
#3135 = VECTOR('',#3136,1.);
#3136 = DIRECTION('',(0.,0.,1.));
#3137 = ORIENTED_EDGE('',*,*,#209,.F.);
#3138 = PLANE('',#3139);
#3139 = AXIS2_PLACEMENT_3D('',#3140,#3141,#3142);
#3140 = CARTESIAN_POINT('',(2.25,-20.75,0.));
#3141 = DIRECTION('',(-1.,0.,0.));
#3142 = DIRECTION('',(0.,1.,0.));
#3143 = ADVANCED_FACE('',(#3144),#3155,.T.);
#3144 = FACE_BOUND('',#3145,.T.);
#3145 = EDGE_LOOP('',(#3146,#3147,#3148,#3154));
#3146 = ORIENTED_EDGE('',*,*,#3132,.T.);
#3147 = ORIENTED_EDGE('',*,*,#1075,.T.);
#3148 = ORIENTED_EDGE('',*,*,#3149,.F.);
#3149 = EDGE_CURVE('',#194,#1068,#3150,.T.);
#3150 = LINE('',#3151,#3152);
#3151 = CARTESIAN_POINT('',(12.5,-18.6,0.));
#3152 = VECTOR('',#3153,1.);
#3153 = DIRECTION('',(0.,0.,1.));
#3154 = ORIENTED_EDGE('',*,*,#201,.F.);
#3155 = PLANE('',#3156);
#3156 = AXIS2_PLACEMENT_3D('',#3157,#3158,#3159);
#3157 = CARTESIAN_POINT('',(2.25,-18.6,0.));
#3158 = DIRECTION('',(0.,1.,0.));
#3159 = DIRECTION('',(1.,0.,0.));
#3160 = ADVANCED_FACE('',(#3161),#3172,.T.);
#3161 = FACE_BOUND('',#3162,.T.);
#3162 = EDGE_LOOP('',(#3163,#3164,#3165,#3166));
#3163 = ORIENTED_EDGE('',*,*,#193,.F.);
#3164 = ORIENTED_EDGE('',*,*,#3149,.T.);
#3165 = ORIENTED_EDGE('',*,*,#1067,.T.);
#3166 = ORIENTED_EDGE('',*,*,#3167,.T.);
#3167 = EDGE_CURVE('',#1059,#185,#3168,.T.);
#3168 = LINE('',#3169,#3170);
#3169 = CARTESIAN_POINT('',(12.5,-10.9687452293,-4.6E-02));
#3170 = VECTOR('',#3171,1.);
#3171 = DIRECTION('',(-0.,-0.,-1.));
#3172 = PLANE('',#3173);
#3173 = AXIS2_PLACEMENT_3D('',#3174,#3175,#3176);
#3174 = CARTESIAN_POINT('',(12.5,-18.6,0.));
#3175 = DIRECTION('',(-1.,0.,0.));
#3176 = DIRECTION('',(0.,1.,0.));
#3177 = ADVANCED_FACE('',(#3178),#3189,.F.);
#3178 = FACE_BOUND('',#3179,.T.);
#3179 = EDGE_LOOP('',(#3180,#3186,#3187,#3188));
#3180 = ORIENTED_EDGE('',*,*,#3181,.F.);
#3181 = EDGE_CURVE('',#176,#1050,#3182,.T.);
#3182 = LINE('',#3183,#3184);
#3183 = CARTESIAN_POINT('',(12.66,-10.9953,-4.6E-02));
#3184 = VECTOR('',#3185,1.);
#3185 = DIRECTION('',(0.,0.,1.));
#3186 = ORIENTED_EDGE('',*,*,#184,.T.);
#3187 = ORIENTED_EDGE('',*,*,#3167,.F.);
#3188 = ORIENTED_EDGE('',*,*,#1058,.F.);
#3189 = CYLINDRICAL_SURFACE('',#3190,0.4953);
#3190 = AXIS2_PLACEMENT_3D('',#3191,#3192,#3193);
#3191 = CARTESIAN_POINT('',(12.66,-10.5,-4.6E-02));
#3192 = DIRECTION('',(-0.,-0.,-1.));
#3193 = DIRECTION('',(-0.,-1.,0.));
#3194 = ADVANCED_FACE('',(#3195),#3206,.F.);
#3195 = FACE_BOUND('',#3196,.T.);
#3196 = EDGE_LOOP('',(#3197,#3198,#3199,#3200));
#3197 = ORIENTED_EDGE('',*,*,#175,.T.);
#3198 = ORIENTED_EDGE('',*,*,#3181,.T.);
#3199 = ORIENTED_EDGE('',*,*,#1049,.F.);
#3200 = ORIENTED_EDGE('',*,*,#3201,.T.);
#3201 = EDGE_CURVE('',#1042,#168,#3202,.T.);
#3202 = LINE('',#3203,#3204);
#3203 = CARTESIAN_POINT('',(12.5,-10.03125477069,-4.6E-02));
#3204 = VECTOR('',#3205,1.);
#3205 = DIRECTION('',(-0.,-0.,-1.));
#3206 = CYLINDRICAL_SURFACE('',#3207,0.4953);
#3207 = AXIS2_PLACEMENT_3D('',#3208,#3209,#3210);
#3208 = CARTESIAN_POINT('',(12.66,-10.5,-4.6E-02));
#3209 = DIRECTION('',(-0.,-0.,-1.));
#3210 = DIRECTION('',(-0.,-1.,0.));
#3211 = ADVANCED_FACE('',(#3212),#3223,.T.);
#3212 = FACE_BOUND('',#3213,.T.);
#3213 = EDGE_LOOP('',(#3214,#3215,#3216,#3217));
#3214 = ORIENTED_EDGE('',*,*,#167,.F.);
#3215 = ORIENTED_EDGE('',*,*,#3201,.F.);
#3216 = ORIENTED_EDGE('',*,*,#1041,.T.);
#3217 = ORIENTED_EDGE('',*,*,#3218,.F.);
#3218 = EDGE_CURVE('',#160,#1034,#3219,.T.);
#3219 = LINE('',#3220,#3221);
#3220 = CARTESIAN_POINT('',(12.5,-1.5,0.));
#3221 = VECTOR('',#3222,1.);
#3222 = DIRECTION('',(0.,0.,1.));
#3223 = PLANE('',#3224);
#3224 = AXIS2_PLACEMENT_3D('',#3225,#3226,#3227);
#3225 = CARTESIAN_POINT('',(12.5,-18.6,0.));
#3226 = DIRECTION('',(-1.,0.,0.));
#3227 = DIRECTION('',(0.,1.,0.));
#3228 = ADVANCED_FACE('',(#3229),#3240,.T.);
#3229 = FACE_BOUND('',#3230,.T.);
#3230 = EDGE_LOOP('',(#3231,#3232,#3233,#3239));
#3231 = ORIENTED_EDGE('',*,*,#3218,.T.);
#3232 = ORIENTED_EDGE('',*,*,#1033,.T.);
#3233 = ORIENTED_EDGE('',*,*,#3234,.F.);
#3234 = EDGE_CURVE('',#152,#1026,#3235,.T.);
#3235 = LINE('',#3236,#3237);
#3236 = CARTESIAN_POINT('',(4.5,-1.5,0.));
#3237 = VECTOR('',#3238,1.);
#3238 = DIRECTION('',(0.,0.,1.));
#3239 = ORIENTED_EDGE('',*,*,#159,.F.);
#3240 = PLANE('',#3241);
#3241 = AXIS2_PLACEMENT_3D('',#3242,#3243,#3244);
#3242 = CARTESIAN_POINT('',(12.5,-1.5,0.));
#3243 = DIRECTION('',(0.,-1.,0.));
#3244 = DIRECTION('',(-1.,0.,0.));
#3245 = ADVANCED_FACE('',(#3246),#3252,.T.);
#3246 = FACE_BOUND('',#3247,.T.);
#3247 = EDGE_LOOP('',(#3248,#3249,#3250,#3251));
#3248 = ORIENTED_EDGE('',*,*,#3234,.T.);
#3249 = ORIENTED_EDGE('',*,*,#1025,.T.);
#3250 = ORIENTED_EDGE('',*,*,#1889,.F.);
#3251 = ORIENTED_EDGE('',*,*,#151,.F.);
#3252 = PLANE('',#3253);
#3253 = AXIS2_PLACEMENT_3D('',#3254,#3255,#3256);
#3254 = CARTESIAN_POINT('',(4.5,-1.5,0.));
#3255 = DIRECTION('',(-1.,0.,0.));
#3256 = DIRECTION('',(0.,1.,0.));
#3257 = ADVANCED_FACE('',(#3258),#3269,.F.);
#3258 = FACE_BOUND('',#3259,.T.);
#3259 = EDGE_LOOP('',(#3260,#3261,#3267,#3268));
#3260 = ORIENTED_EDGE('',*,*,#799,.T.);
#3261 = ORIENTED_EDGE('',*,*,#3262,.T.);
#3262 = EDGE_CURVE('',#800,#1674,#3263,.T.);
#3263 = LINE('',#3264,#3265);
#3264 = CARTESIAN_POINT('',(8.5,-44.35,-4.6E-02));
#3265 = VECTOR('',#3266,1.);
#3266 = DIRECTION('',(0.,0.,1.));
#3267 = ORIENTED_EDGE('',*,*,#1673,.F.);
#3268 = ORIENTED_EDGE('',*,*,#3262,.F.);
#3269 = CYLINDRICAL_SURFACE('',#3270,1.35);
#3270 = AXIS2_PLACEMENT_3D('',#3271,#3272,#3273);
#3271 = CARTESIAN_POINT('',(8.5,-43.,-4.6E-02));
#3272 = DIRECTION('',(-0.,-0.,-1.));
#3273 = DIRECTION('',(-0.,-1.,0.));
#3274 = ADVANCED_FACE('',(#3275),#3286,.F.);
#3275 = FACE_BOUND('',#3276,.T.);
#3276 = EDGE_LOOP('',(#3277,#3278,#3284,#3285));
#3277 = ORIENTED_EDGE('',*,*,#810,.T.);
#3278 = ORIENTED_EDGE('',*,*,#3279,.T.);
#3279 = EDGE_CURVE('',#811,#1685,#3280,.T.);
#3280 = LINE('',#3281,#3282);
#3281 = CARTESIAN_POINT('',(-4.75,-23.35,-4.6E-02));
#3282 = VECTOR('',#3283,1.);
#3283 = DIRECTION('',(0.,0.,1.));
#3284 = ORIENTED_EDGE('',*,*,#1684,.F.);
#3285 = ORIENTED_EDGE('',*,*,#3279,.F.);
#3286 = CYLINDRICAL_SURFACE('',#3287,1.35);
#3287 = AXIS2_PLACEMENT_3D('',#3288,#3289,#3290);
#3288 = CARTESIAN_POINT('',(-4.75,-22.,-4.6E-02));
#3289 = DIRECTION('',(-0.,-0.,-1.));
#3290 = DIRECTION('',(-0.,-1.,0.));
#3291 = ADVANCED_FACE('',(#3292),#3303,.F.);
#3292 = FACE_BOUND('',#3293,.T.);
#3293 = EDGE_LOOP('',(#3294,#3295,#3301,#3302));
#3294 = ORIENTED_EDGE('',*,*,#821,.T.);
#3295 = ORIENTED_EDGE('',*,*,#3296,.T.);
#3296 = EDGE_CURVE('',#822,#1696,#3297,.T.);
#3297 = LINE('',#3298,#3299);
#3298 = CARTESIAN_POINT('',(24.75,-34.45,-4.6E-02));
#3299 = VECTOR('',#3300,1.);
#3300 = DIRECTION('',(0.,0.,1.));
#3301 = ORIENTED_EDGE('',*,*,#1695,.F.);
#3302 = ORIENTED_EDGE('',*,*,#3296,.F.);
#3303 = CYLINDRICAL_SURFACE('',#3304,1.35);
#3304 = AXIS2_PLACEMENT_3D('',#3305,#3306,#3307);
#3305 = CARTESIAN_POINT('',(24.75,-33.1,-4.6E-02));
#3306 = DIRECTION('',(-0.,-0.,-1.));
#3307 = DIRECTION('',(-0.,-1.,0.));
#3308 = ADVANCED_FACE('',(#3309),#3320,.F.);
#3309 = FACE_BOUND('',#3310,.T.);
#3310 = EDGE_LOOP('',(#3311,#3312,#3318,#3319));
#3311 = ORIENTED_EDGE('',*,*,#832,.T.);
#3312 = ORIENTED_EDGE('',*,*,#3313,.T.);
#3313 = EDGE_CURVE('',#833,#1707,#3314,.T.);
#3314 = LINE('',#3315,#3316);
#3315 = CARTESIAN_POINT('',(15.4,-23.1,-4.6E-02));
#3316 = VECTOR('',#3317,1.);
#3317 = DIRECTION('',(0.,0.,1.));
#3318 = ORIENTED_EDGE('',*,*,#1706,.F.);
#3319 = ORIENTED_EDGE('',*,*,#3313,.F.);
#3320 = CYLINDRICAL_SURFACE('',#3321,0.5);
#3321 = AXIS2_PLACEMENT_3D('',#3322,#3323,#3324);
#3322 = CARTESIAN_POINT('',(15.4,-22.6,-4.6E-02));
#3323 = DIRECTION('',(-0.,-0.,-1.));
#3324 = DIRECTION('',(-0.,-1.,0.));
#3325 = ADVANCED_FACE('',(#3326),#3342,.F.);
#3326 = FACE_BOUND('',#3327,.T.);
#3327 = EDGE_LOOP('',(#3328,#3329,#3335,#3336));
#3328 = ORIENTED_EDGE('',*,*,#843,.T.);
#3329 = ORIENTED_EDGE('',*,*,#3330,.T.);
#3330 = EDGE_CURVE('',#846,#1720,#3331,.T.);
#3331 = LINE('',#3332,#3333);
#3332 = CARTESIAN_POINT('',(5.38,0.8,-4.6E-02));
#3333 = VECTOR('',#3334,1.);
#3334 = DIRECTION('',(0.,0.,1.));
#3335 = ORIENTED_EDGE('',*,*,#1717,.F.);
#3336 = ORIENTED_EDGE('',*,*,#3337,.F.);
#3337 = EDGE_CURVE('',#844,#1718,#3338,.T.);
#3338 = LINE('',#3339,#3340);
#3339 = CARTESIAN_POINT('',(5.98,0.8,-4.6E-02));
#3340 = VECTOR('',#3341,1.);
#3341 = DIRECTION('',(0.,0.,1.));
#3342 = CYLINDRICAL_SURFACE('',#3343,0.3);
#3343 = AXIS2_PLACEMENT_3D('',#3344,#3345,#3346);
#3344 = CARTESIAN_POINT('',(5.68,0.8,-4.6E-02));
#3345 = DIRECTION('',(-0.,-0.,-1.));
#3346 = DIRECTION('',(-1.,-1.480297366167E-15,0.));
#3347 = ADVANCED_FACE('',(#3348),#3359,.T.);
#3348 = FACE_BOUND('',#3349,.T.);
#3349 = EDGE_LOOP('',(#3350,#3351,#3352,#3353));
#3350 = ORIENTED_EDGE('',*,*,#871,.T.);
#3351 = ORIENTED_EDGE('',*,*,#3337,.T.);
#3352 = ORIENTED_EDGE('',*,*,#1745,.F.);
#3353 = ORIENTED_EDGE('',*,*,#3354,.F.);
#3354 = EDGE_CURVE('',#863,#1737,#3355,.T.);
#3355 = LINE('',#3356,#3357);
#3356 = CARTESIAN_POINT('',(5.98,1.4,-4.6E-02));
#3357 = VECTOR('',#3358,1.);
#3358 = DIRECTION('',(0.,0.,1.));
#3359 = PLANE('',#3360);
#3360 = AXIS2_PLACEMENT_3D('',#3361,#3362,#3363);
#3361 = CARTESIAN_POINT('',(5.98,0.8,-4.6E-02));
#3362 = DIRECTION('',(-1.,0.,0.));
#3363 = DIRECTION('',(0.,1.,0.));
#3364 = ADVANCED_FACE('',(#3365),#3376,.F.);
#3365 = FACE_BOUND('',#3366,.T.);
#3366 = EDGE_LOOP('',(#3367,#3368,#3369,#3370));
#3367 = ORIENTED_EDGE('',*,*,#862,.T.);
#3368 = ORIENTED_EDGE('',*,*,#3354,.T.);
#3369 = ORIENTED_EDGE('',*,*,#1736,.F.);
#3370 = ORIENTED_EDGE('',*,*,#3371,.F.);
#3371 = EDGE_CURVE('',#855,#1729,#3372,.T.);
#3372 = LINE('',#3373,#3374);
#3373 = CARTESIAN_POINT('',(5.38,1.4,-4.6E-02));
#3374 = VECTOR('',#3375,1.);
#3375 = DIRECTION('',(0.,0.,1.));
#3376 = CYLINDRICAL_SURFACE('',#3377,0.3);
#3377 = AXIS2_PLACEMENT_3D('',#3378,#3379,#3380);
#3378 = CARTESIAN_POINT('',(5.68,1.4,-4.6E-02));
#3379 = DIRECTION('',(-0.,-0.,-1.));
#3380 = DIRECTION('',(1.,1.480297366167E-15,-0.));
#3381 = ADVANCED_FACE('',(#3382),#3388,.T.);
#3382 = FACE_BOUND('',#3383,.T.);
#3383 = EDGE_LOOP('',(#3384,#3385,#3386,#3387));
#3384 = ORIENTED_EDGE('',*,*,#854,.T.);
#3385 = ORIENTED_EDGE('',*,*,#3371,.T.);
#3386 = ORIENTED_EDGE('',*,*,#1728,.F.);
#3387 = ORIENTED_EDGE('',*,*,#3330,.F.);
#3388 = PLANE('',#3389);
#3389 = AXIS2_PLACEMENT_3D('',#3390,#3391,#3392);
#3390 = CARTESIAN_POINT('',(5.38,1.4,-4.6E-02));
#3391 = DIRECTION('',(1.,0.,-0.));
#3392 = DIRECTION('',(0.,-1.,0.));
#3393 = ADVANCED_FACE('',(#3394),#3410,.F.);
#3394 = FACE_BOUND('',#3395,.T.);
#3395 = EDGE_LOOP('',(#3396,#3397,#3403,#3404));
#3396 = ORIENTED_EDGE('',*,*,#879,.T.);
#3397 = ORIENTED_EDGE('',*,*,#3398,.T.);
#3398 = EDGE_CURVE('',#882,#1756,#3399,.T.);
#3399 = LINE('',#3400,#3401);
#3400 = CARTESIAN_POINT('',(5.38,4.73,-4.6E-02));
#3401 = VECTOR('',#3402,1.);
#3402 = DIRECTION('',(0.,0.,1.));
#3403 = ORIENTED_EDGE('',*,*,#1753,.F.);
#3404 = ORIENTED_EDGE('',*,*,#3405,.F.);
#3405 = EDGE_CURVE('',#880,#1754,#3406,.T.);
#3406 = LINE('',#3407,#3408);
#3407 = CARTESIAN_POINT('',(5.98,4.73,-4.6E-02));
#3408 = VECTOR('',#3409,1.);
#3409 = DIRECTION('',(0.,0.,1.));
#3410 = CYLINDRICAL_SURFACE('',#3411,0.3);
#3411 = AXIS2_PLACEMENT_3D('',#3412,#3413,#3414);
#3412 = CARTESIAN_POINT('',(5.68,4.73,-4.6E-02));
#3413 = DIRECTION('',(-0.,-0.,-1.));
#3414 = DIRECTION('',(-1.,0.,-0.));
#3415 = ADVANCED_FACE('',(#3416),#3427,.T.);
#3416 = FACE_BOUND('',#3417,.T.);
#3417 = EDGE_LOOP('',(#3418,#3419,#3420,#3421));
#3418 = ORIENTED_EDGE('',*,*,#907,.T.);
#3419 = ORIENTED_EDGE('',*,*,#3405,.T.);
#3420 = ORIENTED_EDGE('',*,*,#1781,.F.);
#3421 = ORIENTED_EDGE('',*,*,#3422,.F.);
#3422 = EDGE_CURVE('',#899,#1773,#3423,.T.);
#3423 = LINE('',#3424,#3425);
#3424 = CARTESIAN_POINT('',(5.98,5.83,-4.6E-02));
#3425 = VECTOR('',#3426,1.);
#3426 = DIRECTION('',(0.,0.,1.));
#3427 = PLANE('',#3428);
#3428 = AXIS2_PLACEMENT_3D('',#3429,#3430,#3431);
#3429 = CARTESIAN_POINT('',(5.98,4.73,-4.6E-02));
#3430 = DIRECTION('',(-1.,0.,0.));
#3431 = DIRECTION('',(0.,1.,0.));
#3432 = ADVANCED_FACE('',(#3433),#3444,.F.);
#3433 = FACE_BOUND('',#3434,.T.);
#3434 = EDGE_LOOP('',(#3435,#3436,#3437,#3438));
#3435 = ORIENTED_EDGE('',*,*,#898,.T.);
#3436 = ORIENTED_EDGE('',*,*,#3422,.T.);
#3437 = ORIENTED_EDGE('',*,*,#1772,.F.);
#3438 = ORIENTED_EDGE('',*,*,#3439,.F.);
#3439 = EDGE_CURVE('',#891,#1765,#3440,.T.);
#3440 = LINE('',#3441,#3442);
#3441 = CARTESIAN_POINT('',(5.38,5.83,-4.6E-02));
#3442 = VECTOR('',#3443,1.);
#3443 = DIRECTION('',(0.,0.,1.));
#3444 = CYLINDRICAL_SURFACE('',#3445,0.3);
#3445 = AXIS2_PLACEMENT_3D('',#3446,#3447,#3448);
#3446 = CARTESIAN_POINT('',(5.68,5.83,-4.6E-02));
#3447 = DIRECTION('',(-0.,-0.,-1.));
#3448 = DIRECTION('',(1.,0.,-0.));
#3449 = ADVANCED_FACE('',(#3450),#3456,.T.);
#3450 = FACE_BOUND('',#3451,.T.);
#3451 = EDGE_LOOP('',(#3452,#3453,#3454,#3455));
#3452 = ORIENTED_EDGE('',*,*,#890,.T.);
#3453 = ORIENTED_EDGE('',*,*,#3439,.T.);
#3454 = ORIENTED_EDGE('',*,*,#1764,.F.);
#3455 = ORIENTED_EDGE('',*,*,#3398,.F.);
#3456 = PLANE('',#3457);
#3457 = AXIS2_PLACEMENT_3D('',#3458,#3459,#3460);
#3458 = CARTESIAN_POINT('',(5.38,5.83,-4.6E-02));
#3459 = DIRECTION('',(1.,0.,-0.));
#3460 = DIRECTION('',(0.,-1.,0.));
#3461 = ADVANCED_FACE('',(#3462),#3473,.F.);
#3462 = FACE_BOUND('',#3463,.T.);
#3463 = EDGE_LOOP('',(#3464,#3465,#3471,#3472));
#3464 = ORIENTED_EDGE('',*,*,#915,.T.);
#3465 = ORIENTED_EDGE('',*,*,#3466,.T.);
#3466 = EDGE_CURVE('',#916,#1790,#3467,.T.);
#3467 = LINE('',#3468,#3469);
#3468 = CARTESIAN_POINT('',(7.11,4.425,-4.6E-02));
#3469 = VECTOR('',#3470,1.);
#3470 = DIRECTION('',(0.,0.,1.));
#3471 = ORIENTED_EDGE('',*,*,#1789,.F.);
#3472 = ORIENTED_EDGE('',*,*,#3466,.F.);
#3473 = CYLINDRICAL_SURFACE('',#3474,0.325);
#3474 = AXIS2_PLACEMENT_3D('',#3475,#3476,#3477);
#3475 = CARTESIAN_POINT('',(7.11,4.75,-4.6E-02));
#3476 = DIRECTION('',(-0.,0.,-1.));
#3477 = DIRECTION('',(2.732856676E-15,-1.,-0.));
#3478 = ADVANCED_FACE('',(#3479),#3490,.F.);
#3479 = FACE_BOUND('',#3480,.T.);
#3480 = EDGE_LOOP('',(#3481,#3482,#3488,#3489));
#3481 = ORIENTED_EDGE('',*,*,#926,.T.);
#3482 = ORIENTED_EDGE('',*,*,#3483,.T.);
#3483 = EDGE_CURVE('',#927,#1801,#3484,.T.);
#3484 = LINE('',#3485,#3486);
#3485 = CARTESIAN_POINT('',(12.89,4.425,-4.6E-02));
#3486 = VECTOR('',#3487,1.);
#3487 = DIRECTION('',(0.,0.,1.));
#3488 = ORIENTED_EDGE('',*,*,#1800,.F.);
#3489 = ORIENTED_EDGE('',*,*,#3483,.F.);
#3490 = CYLINDRICAL_SURFACE('',#3491,0.325);
#3491 = AXIS2_PLACEMENT_3D('',#3492,#3493,#3494);
#3492 = CARTESIAN_POINT('',(12.89,4.75,-4.6E-02));
#3493 = DIRECTION('',(-0.,-0.,-1.));
#3494 = DIRECTION('',(-0.,-1.,0.));
#3495 = ADVANCED_FACE('',(#3496),#3512,.F.);
#3496 = FACE_BOUND('',#3497,.T.);
#3497 = EDGE_LOOP('',(#3498,#3499,#3505,#3506));
#3498 = ORIENTED_EDGE('',*,*,#937,.T.);
#3499 = ORIENTED_EDGE('',*,*,#3500,.T.);
#3500 = EDGE_CURVE('',#940,#1814,#3501,.T.);
#3501 = LINE('',#3502,#3503);
#3502 = CARTESIAN_POINT('',(14.02,0.8,-4.6E-02));
#3503 = VECTOR('',#3504,1.);
#3504 = DIRECTION('',(0.,0.,1.));
#3505 = ORIENTED_EDGE('',*,*,#1811,.F.);
#3506 = ORIENTED_EDGE('',*,*,#3507,.F.);
#3507 = EDGE_CURVE('',#938,#1812,#3508,.T.);
#3508 = LINE('',#3509,#3510);
#3509 = CARTESIAN_POINT('',(14.62,0.8,-4.6E-02));
#3510 = VECTOR('',#3511,1.);
#3511 = DIRECTION('',(0.,0.,1.));
#3512 = CYLINDRICAL_SURFACE('',#3513,0.3);
#3513 = AXIS2_PLACEMENT_3D('',#3514,#3515,#3516);
#3514 = CARTESIAN_POINT('',(14.32,0.8,-4.6E-02));
#3515 = DIRECTION('',(-0.,-0.,-1.));
#3516 = DIRECTION('',(-1.,2.22044604925E-15,-0.));
#3517 = ADVANCED_FACE('',(#3518),#3529,.T.);
#3518 = FACE_BOUND('',#3519,.T.);
#3519 = EDGE_LOOP('',(#3520,#3521,#3522,#3523));
#3520 = ORIENTED_EDGE('',*,*,#965,.T.);
#3521 = ORIENTED_EDGE('',*,*,#3507,.T.);
#3522 = ORIENTED_EDGE('',*,*,#1839,.F.);
#3523 = ORIENTED_EDGE('',*,*,#3524,.F.);
#3524 = EDGE_CURVE('',#957,#1831,#3525,.T.);
#3525 = LINE('',#3526,#3527);
#3526 = CARTESIAN_POINT('',(14.62,1.4,-4.6E-02));
#3527 = VECTOR('',#3528,1.);
#3528 = DIRECTION('',(0.,0.,1.));
#3529 = PLANE('',#3530);
#3530 = AXIS2_PLACEMENT_3D('',#3531,#3532,#3533);
#3531 = CARTESIAN_POINT('',(14.62,0.8,-4.6E-02));
#3532 = DIRECTION('',(-1.,0.,0.));
#3533 = DIRECTION('',(0.,1.,0.));
#3534 = ADVANCED_FACE('',(#3535),#3546,.F.);
#3535 = FACE_BOUND('',#3536,.T.);
#3536 = EDGE_LOOP('',(#3537,#3538,#3539,#3540));
#3537 = ORIENTED_EDGE('',*,*,#956,.T.);
#3538 = ORIENTED_EDGE('',*,*,#3524,.T.);
#3539 = ORIENTED_EDGE('',*,*,#1830,.F.);
#3540 = ORIENTED_EDGE('',*,*,#3541,.F.);
#3541 = EDGE_CURVE('',#949,#1823,#3542,.T.);
#3542 = LINE('',#3543,#3544);
#3543 = CARTESIAN_POINT('',(14.02,1.4,-4.6E-02));
#3544 = VECTOR('',#3545,1.);
#3545 = DIRECTION('',(0.,0.,1.));
#3546 = CYLINDRICAL_SURFACE('',#3547,0.3);
#3547 = AXIS2_PLACEMENT_3D('',#3548,#3549,#3550);
#3548 = CARTESIAN_POINT('',(14.32,1.4,-4.6E-02));
#3549 = DIRECTION('',(-0.,-0.,-1.));
#3550 = DIRECTION('',(1.,-1.480297366167E-15,0.));
#3551 = ADVANCED_FACE('',(#3552),#3558,.T.);
#3552 = FACE_BOUND('',#3553,.T.);
#3553 = EDGE_LOOP('',(#3554,#3555,#3556,#3557));
#3554 = ORIENTED_EDGE('',*,*,#948,.T.);
#3555 = ORIENTED_EDGE('',*,*,#3541,.T.);
#3556 = ORIENTED_EDGE('',*,*,#1822,.F.);
#3557 = ORIENTED_EDGE('',*,*,#3500,.F.);
#3558 = PLANE('',#3559);
#3559 = AXIS2_PLACEMENT_3D('',#3560,#3561,#3562);
#3560 = CARTESIAN_POINT('',(14.02,1.4,-4.6E-02));
#3561 = DIRECTION('',(1.,0.,-0.));
#3562 = DIRECTION('',(0.,-1.,0.));
#3563 = ADVANCED_FACE('',(#3564),#3580,.F.);
#3564 = FACE_BOUND('',#3565,.T.);
#3565 = EDGE_LOOP('',(#3566,#3567,#3573,#3574));
#3566 = ORIENTED_EDGE('',*,*,#973,.T.);
#3567 = ORIENTED_EDGE('',*,*,#3568,.T.);
#3568 = EDGE_CURVE('',#976,#1850,#3569,.T.);
#3569 = LINE('',#3570,#3571);
#3570 = CARTESIAN_POINT('',(14.02,4.73,-4.6E-02));
#3571 = VECTOR('',#3572,1.);
#3572 = DIRECTION('',(0.,0.,1.));
#3573 = ORIENTED_EDGE('',*,*,#1847,.F.);
#3574 = ORIENTED_EDGE('',*,*,#3575,.F.);
#3575 = EDGE_CURVE('',#974,#1848,#3576,.T.);
#3576 = LINE('',#3577,#3578);
#3577 = CARTESIAN_POINT('',(14.62,4.73,-4.6E-02));
#3578 = VECTOR('',#3579,1.);
#3579 = DIRECTION('',(0.,0.,1.));
#3580 = CYLINDRICAL_SURFACE('',#3581,0.3);
#3581 = AXIS2_PLACEMENT_3D('',#3582,#3583,#3584);
#3582 = CARTESIAN_POINT('',(14.32,4.73,-4.6E-02));
#3583 = DIRECTION('',(-0.,-0.,-1.));
#3584 = DIRECTION('',(-1.,2.960594732334E-15,-0.));
#3585 = ADVANCED_FACE('',(#3586),#3597,.T.);
#3586 = FACE_BOUND('',#3587,.T.);
#3587 = EDGE_LOOP('',(#3588,#3589,#3590,#3591));
#3588 = ORIENTED_EDGE('',*,*,#1001,.T.);
#3589 = ORIENTED_EDGE('',*,*,#3575,.T.);
#3590 = ORIENTED_EDGE('',*,*,#1875,.F.);
#3591 = ORIENTED_EDGE('',*,*,#3592,.F.);
#3592 = EDGE_CURVE('',#993,#1867,#3593,.T.);
#3593 = LINE('',#3594,#3595);
#3594 = CARTESIAN_POINT('',(14.62,5.83,-4.6E-02));
#3595 = VECTOR('',#3596,1.);
#3596 = DIRECTION('',(0.,0.,1.));
#3597 = PLANE('',#3598);
#3598 = AXIS2_PLACEMENT_3D('',#3599,#3600,#3601);
#3599 = CARTESIAN_POINT('',(14.62,4.73,-4.6E-02));
#3600 = DIRECTION('',(-1.,0.,0.));
#3601 = DIRECTION('',(0.,1.,0.));
#3602 = ADVANCED_FACE('',(#3603),#3614,.F.);
#3603 = FACE_BOUND('',#3604,.T.);
#3604 = EDGE_LOOP('',(#3605,#3606,#3607,#3608));
#3605 = ORIENTED_EDGE('',*,*,#992,.T.);
#3606 = ORIENTED_EDGE('',*,*,#3592,.T.);
#3607 = ORIENTED_EDGE('',*,*,#1866,.F.);
#3608 = ORIENTED_EDGE('',*,*,#3609,.F.);
#3609 = EDGE_CURVE('',#985,#1859,#3610,.T.);
#3610 = LINE('',#3611,#3612);
#3611 = CARTESIAN_POINT('',(14.02,5.83,-4.6E-02));
#3612 = VECTOR('',#3613,1.);
#3613 = DIRECTION('',(0.,0.,1.));
#3614 = CYLINDRICAL_SURFACE('',#3615,0.3);
#3615 = AXIS2_PLACEMENT_3D('',#3616,#3617,#3618);
#3616 = CARTESIAN_POINT('',(14.32,5.83,-4.6E-02));
#3617 = DIRECTION('',(-0.,-0.,-1.));
#3618 = DIRECTION('',(1.,-2.960594732334E-15,0.));
#3619 = ADVANCED_FACE('',(#3620),#3626,.T.);
#3620 = FACE_BOUND('',#3621,.T.);
#3621 = EDGE_LOOP('',(#3622,#3623,#3624,#3625));
#3622 = ORIENTED_EDGE('',*,*,#984,.T.);
#3623 = ORIENTED_EDGE('',*,*,#3609,.T.);
#3624 = ORIENTED_EDGE('',*,*,#1858,.F.);
#3625 = ORIENTED_EDGE('',*,*,#3568,.F.);
#3626 = PLANE('',#3627);
#3627 = AXIS2_PLACEMENT_3D('',#3628,#3629,#3630);
#3628 = CARTESIAN_POINT('',(14.02,5.83,-4.6E-02));
#3629 = DIRECTION('',(1.,0.,-0.));
#3630 = DIRECTION('',(0.,-1.,0.));
#3631 = ( GEOMETRIC_REPRESENTATION_CONTEXT(3) 
GLOBAL_UNCERTAINTY_ASSIGNED_CONTEXT((#3635)) 
GLOBAL_UNIT_ASSIGNED_CONTEXT((#3632,#3633,#3634)) REPRESENTATION_CONTEXT
('Context #1','3D Context with UNIT and UNCERTAINTY') );
#3632 = ( LENGTH_UNIT() NAMED_UNIT(*) SI_UNIT(.MILLI.,.METRE.) );
#3633 = ( NAMED_UNIT(*) PLANE_ANGLE_UNIT() SI_UNIT($,.RADIAN.) );
#3634 = ( NAMED_UNIT(*) SI_UNIT($,.STERADIAN.) SOLID_ANGLE_UNIT() );
#3635 = UNCERTAINTY_MEASURE_WITH_UNIT(LENGTH_MEASURE(1.E-07),#3632,
  'distance_accuracy_value','confusion accuracy');
#3636 = CONTEXT_DEPENDENT_SHAPE_REPRESENTATION(#3637,#3639);
#3637 = ( REPRESENTATION_RELATIONSHIP('','',#32,#10) 
REPRESENTATION_RELATIONSHIP_WITH_TRANSFORMATION(#3638) 
SHAPE_REPRESENTATION_RELATIONSHIP() );
#3638 = ITEM_DEFINED_TRANSFORMATION('','',#11,#15);
#3639 = PRODUCT_DEFINITION_SHAPE('Placement','Placement of an item',
  #3640);
#3640 = NEXT_ASSEMBLY_USAGE_OCCURRENCE('1','=>[0:1:1:2]','',#5,#27,$);
#3641 = PRODUCT_RELATED_PRODUCT_CATEGORY('part',$,(#29));
#3642 = MECHANICAL_DESIGN_GEOMETRIC_PRESENTATION_REPRESENTATION('',(
    #3643),#3631);
#3643 = STYLED_ITEM('color',(#3644),#33);
#3644 = PRESENTATION_STYLE_ASSIGNMENT((#3645));
#3645 = SURFACE_STYLE_USAGE(.BOTH.,#3646);
#3646 = SURFACE_SIDE_STYLE('',(#3647));
#3647 = SURFACE_STYLE_FILL_AREA(#3648);
#3648 = FILL_AREA_STYLE('',(#3649));
#3649 = FILL_AREA_STYLE_COLOUR('',#3650);
#3650 = COLOUR_RGB('',0.313304153717,0.484529207832,0.410020903123);
ENDSEC;
END-ISO-10303-21;
